
IIMethod: mesh part 0 is using FIRST order LAGRANGE finite elements.


IIMethod: mesh part 1 is using FIRST order LAGRANGE finite elements.

IBHierarchyIntegrator::initializePatchHierarchy(): tag_buffer = 0
INSStaggeredHierarchyIntegrator::initializeCompositeHierarchyData():
  projecting the interpolated velocity field
INSStaggeredHierarchyIntegrator::regridProjection(): regrid projection solve number of iterations = 6
INSStaggeredHierarchyIntegrator::regridProjection(): regrid projection solve residual norm        = 7.41736e-12
Input database:
input_db {
   Re                             = 50                      // input used
   MU                             = 0.2                     // input used
   RHO                            = 1                       // input used
   L                              = 2                       // input used
   U_MAX                          = 2                       // input not used
   MAX_LEVELS                     = 1                       // input used
   REF_RATIO                      = 1                       // input used
   N                              = 32                      // input used
   NFINEST                        = 32                      // input used
   DX0                            = 0.0625                  // input not used
   DX                             = 0.0625                  // input used
   MFAC                           = 2                       // input used
   ELEM_TYPE                      = "TRI3"                  // input used
   elem_order                     = "FIRST"                 // input not used
   R                              = 0.75                    // input used
   Ro                             = 0.78125                 // input used
   B                              = 0                       // input not used
   OMEGA1                         = 0.000833                // input used
   OMEGA2                         = 0                       // input used
   PK1_DEV_QUAD_ORDER             = "SEVENTH"               // input not used
   PK1_DIL_QUAD_ORDER             = "FIFTH"                 // input not used
   USE_BOUNDARY_MESH              = TRUE                    // input not used
   CREEPING_FLOW                  = FALSE                   // input used
   IB_DELTA_FUNCTION              = "IB_3"                  // input used
   SPLIT_FORCES                   = TRUE                    // input used
   USE_PRESSURE_JUMP_CONDITIONS   = TRUE                    // input used
   USE_VELOCITY_JUMP_CONDITIONS   = TRUE                    // input used
   NORMALIZE_PRESSURE_JUMP        = TRUE                    // input used
   USE_CONSISTENT_MASS_MATRIX     = TRUE                    // input used
   WSS_CALC_WIDTH                 = 1.03                    // input used
   P_CALC_WIDTH                   = 1.2                     // input used
   IB_POINT_DENSITY               = 4                       // input used
   START_TIME                     = 0                       // input used
   GROW_DT                        = 2                       // input used
   NUM_CYCLES                     = 1                       // input used
   CONVECTIVE_TS_TYPE             = "ADAMS_BASHFORTH"       // input used
   CONVECTIVE_OP_TYPE             = "STABILIZED_PPM"        // input used
   CONVECTIVE_FORM                = "ADVECTIVE"             // input used
   NORMALIZE_PRESSURE             = FALSE                   // input used
   CFL_MAX                        = 0.1                     // input used
   DT                             = 0.000625                // input used
   END_TIME                       = 5                       // input used
   ERROR_ON_DT_CHANGE             = TRUE                    // input used
   VORTICITY_TAGGING              = TRUE                    // input used
   TAG_BUFFER                     = 1                       // input used
   REGRID_CFL_INTERVAL            = 0.5                     // input used
   OUTPUT_U                       = TRUE                    // input used
   OUTPUT_P                       = TRUE                    // input used
   OUTPUT_F                       = TRUE                    // input used
   OUTPUT_OMEGA                   = TRUE                    // input used
   OUTPUT_DIV_U                   = TRUE                    // input used
   ENABLE_LOGGING                 = TRUE                    // input used
   e                              = 0.0234375               // input used
   c                              = 0.03125                 // input used
   eps                            = 0.75                    // input used
   SHIFT                          = 0                       // input used
   KAPPA_S                        = 512                     // input used
   ETA_S                          = 0                       // input used
   USE_SECOND_VELOCITY_CORRECTION = FALSE                   // input used
   USE_CURRENT_MESH_CONFIGURATION = TRUE                    // input used
   EXPLICITLY_REMOVE_NULLSPACE    = TRUE                    // input not used
   AA                             = -0.009792               // input used
   BB                             = 0.00597656              // input used
   U                              = "(sqrt(X0*X0 + X1*X1)< R ? -omega1*X1 : (sqrt((X0 - e)*(X0 - e) + X1*X1)> Ro ? 0.0 : -omega1*X1*(1.0 - (sqrt(X0*X0 + X1*X1) - R)/(c + e*X0/sqrt(X0*X0 + X1*X1)) - (3*eps*((sqrt(X0*X0 + X1*X1) - R)/(c + e*X0/sqrt(X0*X0 + X1*X1)) - ((sqrt(X0*X0 + X1*X1) - R)/(c + e*X0/sqrt(X0*X0 + X1*X1)))*((sqrt(X0*X0 + X1*X1) - R)/(c + e*X0/sqrt(X0*X0 + X1*X1))))*(2*X0/sqrt(X0*X0 + X1*X1)+3*eps+eps*eps*X0/sqrt(X0*X0 + X1*X1)))/((2+eps^2)*(1+eps*X0/sqrt(X0*X0 + X1*X1))))))" // input used
   V                              = "(sqrt(X0*X0 + X1*X1)< R ? omega1*X0 :  (sqrt((X0- e)*(X0 - e) + X1*X1)> Ro ? 0.0 : omega1*X0*(1.0 - (sqrt(X0*X0 + X1*X1) - R)/(c + e*X0/sqrt(X0*X0 + X1*X1)) - (3*eps*((sqrt(X0*X0 + X1*X1) - R)/(c + e*X0/sqrt(X0*X0 + X1*X1)) - ((sqrt(X0*X0 + X1*X1) - R)/(c + e*X0/sqrt(X0*X0 + X1*X1)))*((sqrt(X0*X0 + X1*X1) - R)/(c + e*X0/sqrt(X0*X0 + X1*X1))))*(2*X0/sqrt(X0*X0 + X1*X1)+3*eps+eps*eps*X0/sqrt(X0*X0 + X1*X1)))/((2+eps^2)*(1+eps*X0/sqrt(X0*X0 + X1*X1))))))" // input used
   P                              = "(sqrt(X0*X0 + X1*X1)< R ? 0.5*omega1*omega1*(X0*X0 + X1*X1) :  (sqrt((X0- e)*(X0 - e) + X1*X1)> Ro ? 0.0 : 6*MU*eps*omega1*R*R*(2.0 + eps*X0/sqrt(X0*X0 + X1*X1))*(X1/sqrt(X0*X0 + X1*X1))/((2+eps^2)*c*c*(1+eps*X0/sqrt(X0*X0 + X1*X1))*(1+eps*X0/sqrt(X0*X0 + X1*X1))) ))" // input used
   VelocityBcCoefs_0 {
      MU               = 0.2                                // input used
      R                = 0.75                               // input used
      Ro               = 0.78125                            // input used
      omega1           = 0.000833                           // input used
      omega2           = 0                                  // input used
      AA               = -0.009792                          // input used
      BB               = 0.00597656                         // input used
      e                = 0.0234375                          // input used
      c                = 0.03125                            // input used
      acoef_function_0 = "0.0"                              // input used
      acoef_function_1 = "0.0"                              // input used
      acoef_function_2 = "1.0"                              // input used
      acoef_function_3 = "1.0"                              // input used
      bcoef_function_0 = "1.0"                              // input used
      bcoef_function_1 = "1.0"                              // input used
      bcoef_function_2 = "0.0"                              // input used
      bcoef_function_3 = "0.0"                              // input used
      gcoef_function_0 = "0.0"                              // input used
      gcoef_function_1 = "0.0"                              // input used
      gcoef_function_2 = "0.0"                              // input used
      gcoef_function_3 = "0.0"                              // input used
   }
   VelocityBcCoefs_1 {
      R                = 0.75                               // input used
      Ro               = 0.78125                            // input used
      omega1           = 0.000833                           // input used
      omega2           = 0                                  // input used
      MU               = 0.2                                // input used
      AA               = -0.009792                          // input used
      BB               = 0.00597656                         // input used
      c                = 0.03125                            // input used
      eps              = 0.75                               // input used
      e                = 0.0234375                          // input used
      acoef_function_0 = "1.0"                              // input used
      acoef_function_1 = "1.0"                              // input used
      acoef_function_2 = "0.0"                              // input used
      acoef_function_3 = "0.0"                              // input used
      bcoef_function_0 = "0.0"                              // input used
      bcoef_function_1 = "0.0"                              // input used
      bcoef_function_2 = "1.0"                              // input used
      bcoef_function_3 = "1.0"                              // input used
      gcoef_function_0 = "0.0"                              // input used
      gcoef_function_1 = "0.0"                              // input used
      gcoef_function_2 = "0.0"                              // input used
      gcoef_function_3 = "0.0"                              // input used
   }
   VelocityInitialConditions {
      R          = 0.75                                     // input used
      Ro         = 0.78125                                  // input used
      omega1     = 0.000833                                 // input used
      omega2     = 0                                        // input used
      AA         = -0.009792                                // input used
      eps        = 0.75                                     // input used
      BB         = 0.00597656                               // input used
      e          = 0.0234375                                // input used
      c          = 0.03125                                  // input used
      function_0 = "(sqrt(X0*X0 + X1*X1)< R ? -omega1*X1 : (sqrt((X0 - e)*(X0 - e) + X1*X1)> Ro ? 0.0 : -omega1*X1*(1.0 - (sqrt(X0*X0 + X1*X1) - R)/(c + e*X0/sqrt(X0*X0 + X1*X1)) - (3*eps*((sqrt(X0*X0 + X1*X1) - R)/(c + e*X0/sqrt(X0*X0 + X1*X1)) - ((sqrt(X0*X0 + X1*X1) - R)/(c + e*X0/sqrt(X0*X0 + X1*X1)))*((sqrt(X0*X0 + X1*X1) - R)/(c + e*X0/sqrt(X0*X0 + X1*X1))))*(2*X0/sqrt(X0*X0 + X1*X1)+3*eps+eps*eps*X0/sqrt(X0*X0 + X1*X1)))/((2+eps^2)*(1+eps*X0/sqrt(X0*X0 + X1*X1))))))" // input used
      function_1 = "(sqrt(X0*X0 + X1*X1)< R ? omega1*X0 :  (sqrt((X0- e)*(X0 - e) + X1*X1)> Ro ? 0.0 : omega1*X0*(1.0 - (sqrt(X0*X0 + X1*X1) - R)/(c + e*X0/sqrt(X0*X0 + X1*X1)) - (3*eps*((sqrt(X0*X0 + X1*X1) - R)/(c + e*X0/sqrt(X0*X0 + X1*X1)) - ((sqrt(X0*X0 + X1*X1) - R)/(c + e*X0/sqrt(X0*X0 + X1*X1)))*((sqrt(X0*X0 + X1*X1) - R)/(c + e*X0/sqrt(X0*X0 + X1*X1))))*(2*X0/sqrt(X0*X0 + X1*X1)+3*eps+eps*eps*X0/sqrt(X0*X0 + X1*X1)))/((2+eps^2)*(1+eps*X0/sqrt(X0*X0 + X1*X1))))))" // input used
   }
   PressureInitialConditions {
      AA       = -0.009792                                  // input used
      eps      = 0.75                                       // input used
      BB       = 0.00597656                                 // input used
      e        = 0.0234375                                  // input used
      c        = 0.03125                                    // input used
      MU       = 0.2                                        // input used
      R        = 0.75                                       // input used
      Ro       = 0.78125                                    // input used
      omega1   = 0.000833                                   // input used
      omega2   = 0                                          // input used
      function = "(sqrt(X0*X0 + X1*X1)< R ? 0.5*omega1*omega1*(X0*X0 + X1*X1) :  (sqrt((X0- e)*(X0 - e) + X1*X1)> Ro ? 0.0 : 6*MU*eps*omega1*R*R*(2.0 + eps*X0/sqrt(X0*X0 + X1*X1))*(X1/sqrt(X0*X0 + X1*X1))/((2+eps^2)*c*c*(1+eps*X0/sqrt(X0*X0 + X1*X1))*(1+eps*X0/sqrt(X0*X0 + X1*X1))) ))" // input used
   }
   IBHierarchyIntegrator {
      start_time          = 0                               // input used
      end_time            = 5                               // input used
      grow_dt             = 2                               // input used
      num_cycles          = 1                               // input used
      regrid_cfl_interval = 0.5                             // input used
      dt_max              = 0.000625                        // input used
      error_on_dt_change  = TRUE                            // input used
      enable_logging      = TRUE                            // input used
   }
   IIMethod {
      IB_delta_fcn                   = "IB_3"               // input used
      split_forces                   = TRUE                 // input not used
      use_pressure_jump_conditions   = TRUE                 // input used
      use_velocity_jump_conditions   = TRUE                 // input used
      use_consistent_mass_matrix     = TRUE                 // input used
      IB_point_density               = 4                    // input used
      wss_calc_width                 = 1.03                 // input used
      p_calc_width                   = 1.2                  // input not used
      min_ghost_cell_width           = 6                    // input used
      normalize_pressure_jump        = TRUE                 // input not used
      use_second_velocity_correction = FALSE                // input used
      use_current_mesh_configuration = TRUE                 // input used
   }
   INSStaggeredHierarchyIntegrator {
      mu                            = 0.2                   // input used
      rho                           = 1                     // input used
      start_time                    = 0                     // input used
      end_time                      = 5                     // input used
      creeping_flow                 = FALSE                 // input used
      grow_dt                       = 2                     // input used
      convective_time_stepping_type = "ADAMS_BASHFORTH"     // input used
      convective_op_type            = "STABILIZED_PPM"      // input used
      convective_difference_form    = "ADVECTIVE"           // input used
      normalize_pressure            = FALSE                 // input used
      cfl                           = 0.1                   // input used
      dt_max                        = 0.000625              // input used
      using_vorticity_tagging       = TRUE                  // input used
      vorticity_rel_thresh          = 0.01                  // input used
      tag_buffer                    = 1                     // input used
      output_U                      = TRUE                  // input used
      output_P                      = TRUE                  // input used
      output_F                      = TRUE                  // input used
      output_Omega                  = TRUE                  // input used
      output_Div_U                  = TRUE                  // input used
      enable_logging                = TRUE                  // input used
      U_P_bdry_interp_type          = "LINEAR"              // from default
   }
   Main {
      log_file_name               = "IIM_2D_N_32.log"       // input used
      log_all_nodes               = FALSE                   // input used
      viz_writer                  = "VisIt", "ExodusII"     // input used
      viz_dump_interval           = 799                     // input used
      viz_dump_dirname            = "viz_ecc_cyl"           // input used
      visit_number_procs_per_file = 1                       // input used
      restart_dump_interval       = 0                       // input used
      restart_dump_dirname        = "restart_IB2d"          // input used
      data_dump_interval          = 799                     // input used
      data_dump_dirname           = "hier_data_ecc_cyl"     // input used
      timer_dump_interval         = 0                       // input used
   }
   CartesianGeometry {
      domain_boxes       = [(0,0),(31,31)]                  // input used
      x_lo               = -1, -1                           // input used
      x_up               = 1, 1                             // input used
      periodic_dimension = 0, 0                             // input used
   }
   GriddingAlgorithm {
      max_levels                = 1                         // input used
      efficiency_tolerance      = 0.85                      // input used
      combine_efficiency        = 0.85                      // input used
      check_nonrefined_tags     = 'w'                       // from default
      check_overlapping_patches = 'i'                       // from default
      extend_tags_to_bdry       = FALSE                     // from default
      ratio_to_coarser {
         level_1 = 1, 1                                     // input not used
         level_2 = 1, 1                                     // input not used
         level_3 = 1, 1                                     // input not used
         level_4 = 1, 1                                     // input not used
         level_5 = 1, 1                                     // input not used
      }
      largest_patch_size {
         level_0 = 128, 128                                 // input used
      }
      smallest_patch_size {
         level_0 = 8, 8                                     // input used
      }
   }
   StandardTagAndInitialize {
      tagging_method = "GRADIENT_DETECTOR"                  // input used
   }
   LoadBalancer {
      bin_pack_method                      = "SPATIAL"      // input used
      max_workload_factor                  = 1              // input used
      ignore_level_box_union_is_single_box = FALSE          // from default
   }
   TimerManager {
      print_exclusive      = FALSE                          // input used
      print_total          = TRUE                           // input used
      print_threshold      = 0.1                            // input used
      timer_list           = "IBAMR::*::*", "IBTK::*::*", "*::*::*" // input used
      print_processor      = TRUE                           // from default
      print_max            = FALSE                          // from default
      print_summed         = FALSE                          // from default
      print_user           = FALSE                          // from default
      print_sys            = FALSE                          // from default
      print_wall           = TRUE                           // from default
      print_percentage     = TRUE                           // from default
      print_concurrent     = FALSE                          // from default
      print_timer_overhead = FALSE                          // from default
   }
}


Writing visualization files...


+++++++++++++++++++++++++++++++++++++++++++++++++++
At beginning of timestep # 0
Simulation time is 0
IBHierarchyIntegrator::advanceHierarchy(): time interval = [0,0.000625], dt = 0.000625
IBHierarchyIntegrator::advanceHierarchy(): regridding prior to timestep 0
IBHierarchyIntegrator::regridHierarchy(): starting Lagrangian data movement
IBHierarchyIntegrator::regridHierarchy(): regridding the patch hierarchy
IBHierarchyIntegrator::regridHierarchy(): finishing Lagrangian data movement
INSStaggeredHierarchyIntegrator::preprocessIntegrateHierarchy(): initializing convective operator
INSStaggeredHierarchyIntegrator::preprocessIntegrateHierarchy(): initializing velocity subdomain solver
INSStaggeredHierarchyIntegrator::preprocessIntegrateHierarchy(): initializing pressure subdomain solver
INSStaggeredHierarchyIntegrator::preprocessIntegrateHierarchy(): initializing incompressible Stokes solver
IBHierarchyIntegrator::preprocessIntegrateHierarchy(): performing Lagrangian forward Euler step
IBHierarchyIntegrator::advanceHierarchy(): integrating hierarchy
IBHierarchyIntegrator::integrateHierarchy(): computing Lagrangian force
IBHierarchyIntegrator::integrateHierarchy(): spreading Lagrangian force to the Eulerian grid
IBHierarchyIntegrator::integrateHierarchy(): solving the incompressible Navier-Stokes equations
INSStaggeredHierarchyIntegrator::integrateHierarchy(): stokes solve number of iterations = 2
INSStaggeredHierarchyIntegrator::integrateHierarchy(): stokes solve residual norm        = 8.5358e-06
INSStaggeredHierarchyIntegrator::integrateHierarchy(): stokes solve number of iterations = 0
INSStaggeredHierarchyIntegrator::integrateHierarchy(): stokes solve residual norm        = 8.55249e-06
IBHierarchyIntegrator::integrateHierarchy(): interpolating Eulerian velocity to the Lagrangian mesh
IBHierarchyIntegrator::integrateHierarchy(): performing Lagrangian midpoint-rule step
IBHierarchyIntegrator::postprocessIntegrateHierarchy(): interpolating Eulerian velocity to the Lagrangian mesh
IBHierarchyIntegrator::postprocessIntegrateHierarchy(): CFL number = 6.03798e-06
IBHierarchyIntegrator::postprocessIntegrateHierarchy(): Eulerian estimate of upper bound on IB point displacement since last regrid = 6.03798e-06
IBHierarchyIntegrator::advanceHierarchy(): synchronizing updated data
IBHierarchyIntegrator::advanceHierarchy(): resetting time dependent data

At end       of timestep # 0
Simulation time is 0.000625
+++++++++++++++++++++++++++++++++++++++++++++++++++


+++++++++++++++++++++++++++++++++++++++++++++++++++
At beginning of timestep # 1
Simulation time is 0.000625
IBHierarchyIntegrator::advanceHierarchy(): time interval = [0.000625,0.00125], dt = 0.000625
IBHierarchyIntegrator::preprocessIntegrateHierarchy(): performing Lagrangian forward Euler step
IBHierarchyIntegrator::advanceHierarchy(): integrating hierarchy
IBHierarchyIntegrator::integrateHierarchy(): computing Lagrangian force
IBHierarchyIntegrator::integrateHierarchy(): spreading Lagrangian force to the Eulerian grid
IBHierarchyIntegrator::integrateHierarchy(): solving the incompressible Navier-Stokes equations
INSStaggeredHierarchyIntegrator::integrateHierarchy(): stokes solve number of iterations = 2
INSStaggeredHierarchyIntegrator::integrateHierarchy(): stokes solve residual norm        = 7.42333e-06
IBHierarchyIntegrator::integrateHierarchy(): interpolating Eulerian velocity to the Lagrangian mesh
IBHierarchyIntegrator::integrateHierarchy(): performing Lagrangian midpoint-rule step
IBHierarchyIntegrator::postprocessIntegrateHierarchy(): interpolating Eulerian velocity to the Lagrangian mesh
IBHierarchyIntegrator::postprocessIntegrateHierarchy(): CFL number = 5.83042e-06
IBHierarchyIntegrator::postprocessIntegrateHierarchy(): Eulerian estimate of upper bound on IB point displacement since last regrid = 1.18684e-05
IBHierarchyIntegrator::advanceHierarchy(): synchronizing updated data
IBHierarchyIntegrator::advanceHierarchy(): resetting time dependent data

At end       of timestep # 1
Simulation time is 0.00125
+++++++++++++++++++++++++++++++++++++++++++++++++++


+++++++++++++++++++++++++++++++++++++++++++++++++++
At beginning of timestep # 2
Simulation time is 0.00125
IBHierarchyIntegrator::advanceHierarchy(): time interval = [0.00125,0.001875], dt = 0.000625
IBHierarchyIntegrator::preprocessIntegrateHierarchy(): performing Lagrangian forward Euler step
IBHierarchyIntegrator::advanceHierarchy(): integrating hierarchy
IBHierarchyIntegrator::integrateHierarchy(): computing Lagrangian force
IBHierarchyIntegrator::integrateHierarchy(): spreading Lagrangian force to the Eulerian grid
IBHierarchyIntegrator::integrateHierarchy(): solving the incompressible Navier-Stokes equations
INSStaggeredHierarchyIntegrator::integrateHierarchy(): stokes solve number of iterations = 2
INSStaggeredHierarchyIntegrator::integrateHierarchy(): stokes solve residual norm        = 6.45188e-06
IBHierarchyIntegrator::integrateHierarchy(): interpolating Eulerian velocity to the Lagrangian mesh
IBHierarchyIntegrator::integrateHierarchy(): performing Lagrangian midpoint-rule step
IBHierarchyIntegrator::postprocessIntegrateHierarchy(): interpolating Eulerian velocity to the Lagrangian mesh
IBHierarchyIntegrator::postprocessIntegrateHierarchy(): CFL number = 5.6481e-06
IBHierarchyIntegrator::postprocessIntegrateHierarchy(): Eulerian estimate of upper bound on IB point displacement since last regrid = 1.75165e-05
IBHierarchyIntegrator::advanceHierarchy(): synchronizing updated data
IBHierarchyIntegrator::advanceHierarchy(): resetting time dependent data

At end       of timestep # 2
Simulation time is 0.001875
+++++++++++++++++++++++++++++++++++++++++++++++++++


+++++++++++++++++++++++++++++++++++++++++++++++++++
At beginning of timestep # 3
Simulation time is 0.001875
IBHierarchyIntegrator::advanceHierarchy(): time interval = [0.001875,0.0025], dt = 0.000625
IBHierarchyIntegrator::preprocessIntegrateHierarchy(): performing Lagrangian forward Euler step
IBHierarchyIntegrator::advanceHierarchy(): integrating hierarchy
IBHierarchyIntegrator::integrateHierarchy(): computing Lagrangian force
IBHierarchyIntegrator::integrateHierarchy(): spreading Lagrangian force to the Eulerian grid
IBHierarchyIntegrator::integrateHierarchy(): solving the incompressible Navier-Stokes equations
INSStaggeredHierarchyIntegrator::integrateHierarchy(): stokes solve number of iterations = 2
INSStaggeredHierarchyIntegrator::integrateHierarchy(): stokes solve residual norm        = 5.62828e-06
IBHierarchyIntegrator::integrateHierarchy(): interpolating Eulerian velocity to the Lagrangian mesh
IBHierarchyIntegrator::integrateHierarchy(): performing Lagrangian midpoint-rule step
IBHierarchyIntegrator::postprocessIntegrateHierarchy(): interpolating Eulerian velocity to the Lagrangian mesh
IBHierarchyIntegrator::postprocessIntegrateHierarchy(): CFL number = 5.57148e-06
IBHierarchyIntegrator::postprocessIntegrateHierarchy(): Eulerian estimate of upper bound on IB point displacement since last regrid = 2.3088e-05
IBHierarchyIntegrator::advanceHierarchy(): synchronizing updated data
IBHierarchyIntegrator::advanceHierarchy(): resetting time dependent data

At end       of timestep # 3
Simulation time is 0.0025
+++++++++++++++++++++++++++++++++++++++++++++++++++


+++++++++++++++++++++++++++++++++++++++++++++++++++
At beginning of timestep # 4
Simulation time is 0.0025
IBHierarchyIntegrator::advanceHierarchy(): time interval = [0.0025,0.003125], dt = 0.000625
IBHierarchyIntegrator::preprocessIntegrateHierarchy(): performing Lagrangian forward Euler step
IBHierarchyIntegrator::advanceHierarchy(): integrating hierarchy
IBHierarchyIntegrator::integrateHierarchy(): computing Lagrangian force
IBHierarchyIntegrator::integrateHierarchy(): spreading Lagrangian force to the Eulerian grid
IBHierarchyIntegrator::integrateHierarchy(): solving the incompressible Navier-Stokes equations
INSStaggeredHierarchyIntegrator::integrateHierarchy(): stokes solve number of iterations = 2
INSStaggeredHierarchyIntegrator::integrateHierarchy(): stokes solve residual norm        = 4.92924e-06
IBHierarchyIntegrator::integrateHierarchy(): interpolating Eulerian velocity to the Lagrangian mesh
IBHierarchyIntegrator::integrateHierarchy(): performing Lagrangian midpoint-rule step
IBHierarchyIntegrator::postprocessIntegrateHierarchy(): interpolating Eulerian velocity to the Lagrangian mesh
IBHierarchyIntegrator::postprocessIntegrateHierarchy(): CFL number = 5.54625e-06
IBHierarchyIntegrator::postprocessIntegrateHierarchy(): Eulerian estimate of upper bound on IB point displacement since last regrid = 2.86342e-05
IBHierarchyIntegrator::advanceHierarchy(): synchronizing updated data
IBHierarchyIntegrator::advanceHierarchy(): resetting time dependent data

At end       of timestep # 4
Simulation time is 0.003125
+++++++++++++++++++++++++++++++++++++++++++++++++++


+++++++++++++++++++++++++++++++++++++++++++++++++++
At beginning of timestep # 5
Simulation time is 0.003125
IBHierarchyIntegrator::advanceHierarchy(): time interval = [0.003125,0.00375], dt = 0.000625
IBHierarchyIntegrator::preprocessIntegrateHierarchy(): performing Lagrangian forward Euler step
IBHierarchyIntegrator::advanceHierarchy(): integrating hierarchy
IBHierarchyIntegrator::integrateHierarchy(): computing Lagrangian force
IBHierarchyIntegrator::integrateHierarchy(): spreading Lagrangian force to the Eulerian grid
IBHierarchyIntegrator::integrateHierarchy(): solving the incompressible Navier-Stokes equations
INSStaggeredHierarchyIntegrator::integrateHierarchy(): stokes solve number of iterations = 2
INSStaggeredHierarchyIntegrator::integrateHierarchy(): stokes solve residual norm        = 4.33463e-06
IBHierarchyIntegrator::integrateHierarchy(): interpolating Eulerian velocity to the Lagrangian mesh
IBHierarchyIntegrator::integrateHierarchy(): performing Lagrangian midpoint-rule step
IBHierarchyIntegrator::postprocessIntegrateHierarchy(): interpolating Eulerian velocity to the Lagrangian mesh
IBHierarchyIntegrator::postprocessIntegrateHierarchy(): CFL number = 5.518e-06
IBHierarchyIntegrator::postprocessIntegrateHierarchy(): Eulerian estimate of upper bound on IB point displacement since last regrid = 3.41522e-05
IBHierarchyIntegrator::advanceHierarchy(): synchronizing updated data
IBHierarchyIntegrator::advanceHierarchy(): resetting time dependent data

At end       of timestep # 5
Simulation time is 0.00375
+++++++++++++++++++++++++++++++++++++++++++++++++++


+++++++++++++++++++++++++++++++++++++++++++++++++++
At beginning of timestep # 6
Simulation time is 0.00375
IBHierarchyIntegrator::advanceHierarchy(): time interval = [0.00375,0.004375], dt = 0.000625
IBHierarchyIntegrator::preprocessIntegrateHierarchy(): performing Lagrangian forward Euler step
IBHierarchyIntegrator::advanceHierarchy(): integrating hierarchy
IBHierarchyIntegrator::integrateHierarchy(): computing Lagrangian force
IBHierarchyIntegrator::integrateHierarchy(): spreading Lagrangian force to the Eulerian grid
IBHierarchyIntegrator::integrateHierarchy(): solving the incompressible Navier-Stokes equations
INSStaggeredHierarchyIntegrator::integrateHierarchy(): stokes solve number of iterations = 2
INSStaggeredHierarchyIntegrator::integrateHierarchy(): stokes solve residual norm        = 3.82778e-06
IBHierarchyIntegrator::integrateHierarchy(): interpolating Eulerian velocity to the Lagrangian mesh
IBHierarchyIntegrator::integrateHierarchy(): performing Lagrangian midpoint-rule step
IBHierarchyIntegrator::postprocessIntegrateHierarchy(): interpolating Eulerian velocity to the Lagrangian mesh
IBHierarchyIntegrator::postprocessIntegrateHierarchy(): CFL number = 5.48743e-06
IBHierarchyIntegrator::postprocessIntegrateHierarchy(): Eulerian estimate of upper bound on IB point displacement since last regrid = 3.96397e-05
IBHierarchyIntegrator::advanceHierarchy(): synchronizing updated data
IBHierarchyIntegrator::advanceHierarchy(): resetting time dependent data

At end       of timestep # 6
Simulation time is 0.004375
+++++++++++++++++++++++++++++++++++++++++++++++++++


+++++++++++++++++++++++++++++++++++++++++++++++++++
At beginning of timestep # 7
Simulation time is 0.004375
IBHierarchyIntegrator::advanceHierarchy(): time interval = [0.004375,0.005], dt = 0.000625
IBHierarchyIntegrator::preprocessIntegrateHierarchy(): performing Lagrangian forward Euler step
IBHierarchyIntegrator::advanceHierarchy(): integrating hierarchy
IBHierarchyIntegrator::integrateHierarchy(): computing Lagrangian force
IBHierarchyIntegrator::integrateHierarchy(): spreading Lagrangian force to the Eulerian grid
IBHierarchyIntegrator::integrateHierarchy(): solving the incompressible Navier-Stokes equations
INSStaggeredHierarchyIntegrator::integrateHierarchy(): stokes solve number of iterations = 2
INSStaggeredHierarchyIntegrator::integrateHierarchy(): stokes solve residual norm        = 3.39482e-06
IBHierarchyIntegrator::integrateHierarchy(): interpolating Eulerian velocity to the Lagrangian mesh
IBHierarchyIntegrator::integrateHierarchy(): performing Lagrangian midpoint-rule step
IBHierarchyIntegrator::postprocessIntegrateHierarchy(): interpolating Eulerian velocity to the Lagrangian mesh
IBHierarchyIntegrator::postprocessIntegrateHierarchy(): CFL number = 5.45517e-06
IBHierarchyIntegrator::postprocessIntegrateHierarchy(): Eulerian estimate of upper bound on IB point displacement since last regrid = 4.50948e-05
IBHierarchyIntegrator::advanceHierarchy(): synchronizing updated data
IBHierarchyIntegrator::advanceHierarchy(): resetting time dependent data

At end       of timestep # 7
Simulation time is 0.005
+++++++++++++++++++++++++++++++++++++++++++++++++++


+++++++++++++++++++++++++++++++++++++++++++++++++++
At beginning of timestep # 8
Simulation time is 0.005
IBHierarchyIntegrator::advanceHierarchy(): time interval = [0.005,0.005625], dt = 0.000625
IBHierarchyIntegrator::preprocessIntegrateHierarchy(): performing Lagrangian forward Euler step
IBHierarchyIntegrator::advanceHierarchy(): integrating hierarchy
IBHierarchyIntegrator::integrateHierarchy(): computing Lagrangian force
IBHierarchyIntegrator::integrateHierarchy(): spreading Lagrangian force to the Eulerian grid
IBHierarchyIntegrator::integrateHierarchy(): solving the incompressible Navier-Stokes equations
INSStaggeredHierarchyIntegrator::integrateHierarchy(): stokes solve number of iterations = 2
INSStaggeredHierarchyIntegrator::integrateHierarchy(): stokes solve residual norm        = 3.02434e-06
IBHierarchyIntegrator::integrateHierarchy(): interpolating Eulerian velocity to the Lagrangian mesh
IBHierarchyIntegrator::integrateHierarchy(): performing Lagrangian midpoint-rule step
IBHierarchyIntegrator::postprocessIntegrateHierarchy(): interpolating Eulerian velocity to the Lagrangian mesh
IBHierarchyIntegrator::postprocessIntegrateHierarchy(): CFL number = 5.42175e-06
IBHierarchyIntegrator::postprocessIntegrateHierarchy(): Eulerian estimate of upper bound on IB point displacement since last regrid = 5.05166e-05
IBHierarchyIntegrator::advanceHierarchy(): synchronizing updated data
IBHierarchyIntegrator::advanceHierarchy(): resetting time dependent data

At end       of timestep # 8
Simulation time is 0.005625
+++++++++++++++++++++++++++++++++++++++++++++++++++


+++++++++++++++++++++++++++++++++++++++++++++++++++
At beginning of timestep # 9
Simulation time is 0.005625
IBHierarchyIntegrator::advanceHierarchy(): time interval = [0.005625,0.00625], dt = 0.000625
IBHierarchyIntegrator::preprocessIntegrateHierarchy(): performing Lagrangian forward Euler step
IBHierarchyIntegrator::advanceHierarchy(): integrating hierarchy
IBHierarchyIntegrator::integrateHierarchy(): computing Lagrangian force
IBHierarchyIntegrator::integrateHierarchy(): spreading Lagrangian force to the Eulerian grid
IBHierarchyIntegrator::integrateHierarchy(): solving the incompressible Navier-Stokes equations
INSStaggeredHierarchyIntegrator::integrateHierarchy(): stokes solve number of iterations = 2
INSStaggeredHierarchyIntegrator::integrateHierarchy(): stokes solve residual norm        = 2.70692e-06
IBHierarchyIntegrator::integrateHierarchy(): interpolating Eulerian velocity to the Lagrangian mesh
IBHierarchyIntegrator::integrateHierarchy(): performing Lagrangian midpoint-rule step
IBHierarchyIntegrator::postprocessIntegrateHierarchy(): interpolating Eulerian velocity to the Lagrangian mesh
IBHierarchyIntegrator::postprocessIntegrateHierarchy(): CFL number = 5.38764e-06
IBHierarchyIntegrator::postprocessIntegrateHierarchy(): Eulerian estimate of upper bound on IB point displacement since last regrid = 5.59042e-05
IBHierarchyIntegrator::advanceHierarchy(): synchronizing updated data
IBHierarchyIntegrator::advanceHierarchy(): resetting time dependent data

At end       of timestep # 9
Simulation time is 0.00625
+++++++++++++++++++++++++++++++++++++++++++++++++++


+++++++++++++++++++++++++++++++++++++++++++++++++++
At beginning of timestep # 10
Simulation time is 0.00625
IBHierarchyIntegrator::advanceHierarchy(): time interval = [0.00625,0.006875], dt = 0.000625
IBHierarchyIntegrator::preprocessIntegrateHierarchy(): performing Lagrangian forward Euler step
IBHierarchyIntegrator::advanceHierarchy(): integrating hierarchy
IBHierarchyIntegrator::integrateHierarchy(): computing Lagrangian force
IBHierarchyIntegrator::integrateHierarchy(): spreading Lagrangian force to the Eulerian grid
IBHierarchyIntegrator::integrateHierarchy(): solving the incompressible Navier-Stokes equations
INSStaggeredHierarchyIntegrator::integrateHierarchy(): stokes solve number of iterations = 2
INSStaggeredHierarchyIntegrator::integrateHierarchy(): stokes solve residual norm        = 2.43485e-06
IBHierarchyIntegrator::integrateHierarchy(): interpolating Eulerian velocity to the Lagrangian mesh
IBHierarchyIntegrator::integrateHierarchy(): performing Lagrangian midpoint-rule step
IBHierarchyIntegrator::postprocessIntegrateHierarchy(): interpolating Eulerian velocity to the Lagrangian mesh
IBHierarchyIntegrator::postprocessIntegrateHierarchy(): CFL number = 5.35324e-06
IBHierarchyIntegrator::postprocessIntegrateHierarchy(): Eulerian estimate of upper bound on IB point displacement since last regrid = 6.12575e-05
IBHierarchyIntegrator::advanceHierarchy(): synchronizing updated data
IBHierarchyIntegrator::advanceHierarchy(): resetting time dependent data

At end       of timestep # 10
Simulation time is 0.006875
+++++++++++++++++++++++++++++++++++++++++++++++++++


+++++++++++++++++++++++++++++++++++++++++++++++++++
At beginning of timestep # 11
Simulation time is 0.006875
IBHierarchyIntegrator::advanceHierarchy(): time interval = [0.006875,0.0075], dt = 0.000625
IBHierarchyIntegrator::preprocessIntegrateHierarchy(): performing Lagrangian forward Euler step
IBHierarchyIntegrator::advanceHierarchy(): integrating hierarchy
IBHierarchyIntegrator::integrateHierarchy(): computing Lagrangian force
IBHierarchyIntegrator::integrateHierarchy(): spreading Lagrangian force to the Eulerian grid
IBHierarchyIntegrator::integrateHierarchy(): solving the incompressible Navier-Stokes equations
INSStaggeredHierarchyIntegrator::integrateHierarchy(): stokes solve number of iterations = 2
INSStaggeredHierarchyIntegrator::integrateHierarchy(): stokes solve residual norm        = 2.20185e-06
IBHierarchyIntegrator::integrateHierarchy(): interpolating Eulerian velocity to the Lagrangian mesh
IBHierarchyIntegrator::integrateHierarchy(): performing Lagrangian midpoint-rule step
IBHierarchyIntegrator::postprocessIntegrateHierarchy(): interpolating Eulerian velocity to the Lagrangian mesh
IBHierarchyIntegrator::postprocessIntegrateHierarchy(): CFL number = 5.3189e-06
IBHierarchyIntegrator::postprocessIntegrateHierarchy(): Eulerian estimate of upper bound on IB point displacement since last regrid = 6.65764e-05
IBHierarchyIntegrator::advanceHierarchy(): synchronizing updated data
IBHierarchyIntegrator::advanceHierarchy(): resetting time dependent data

At end       of timestep # 11
Simulation time is 0.0075
+++++++++++++++++++++++++++++++++++++++++++++++++++


+++++++++++++++++++++++++++++++++++++++++++++++++++
At beginning of timestep # 12
Simulation time is 0.0075
IBHierarchyIntegrator::advanceHierarchy(): time interval = [0.0075,0.008125], dt = 0.000625
IBHierarchyIntegrator::preprocessIntegrateHierarchy(): performing Lagrangian forward Euler step
IBHierarchyIntegrator::advanceHierarchy(): integrating hierarchy
IBHierarchyIntegrator::integrateHierarchy(): computing Lagrangian force
IBHierarchyIntegrator::integrateHierarchy(): spreading Lagrangian force to the Eulerian grid
IBHierarchyIntegrator::integrateHierarchy(): solving the incompressible Navier-Stokes equations
INSStaggeredHierarchyIntegrator::integrateHierarchy(): stokes solve number of iterations = 2
INSStaggeredHierarchyIntegrator::integrateHierarchy(): stokes solve residual norm        = 2.00278e-06
IBHierarchyIntegrator::integrateHierarchy(): interpolating Eulerian velocity to the Lagrangian mesh
IBHierarchyIntegrator::integrateHierarchy(): performing Lagrangian midpoint-rule step
IBHierarchyIntegrator::postprocessIntegrateHierarchy(): interpolating Eulerian velocity to the Lagrangian mesh
IBHierarchyIntegrator::postprocessIntegrateHierarchy(): CFL number = 5.28492e-06
IBHierarchyIntegrator::postprocessIntegrateHierarchy(): Eulerian estimate of upper bound on IB point displacement since last regrid = 7.18613e-05
IBHierarchyIntegrator::advanceHierarchy(): synchronizing updated data
IBHierarchyIntegrator::advanceHierarchy(): resetting time dependent data

At end       of timestep # 12
Simulation time is 0.008125
+++++++++++++++++++++++++++++++++++++++++++++++++++


+++++++++++++++++++++++++++++++++++++++++++++++++++
At beginning of timestep # 13
Simulation time is 0.008125
IBHierarchyIntegrator::advanceHierarchy(): time interval = [0.008125,0.00875], dt = 0.000625
IBHierarchyIntegrator::preprocessIntegrateHierarchy(): performing Lagrangian forward Euler step
IBHierarchyIntegrator::advanceHierarchy(): integrating hierarchy
IBHierarchyIntegrator::integrateHierarchy(): computing Lagrangian force
IBHierarchyIntegrator::integrateHierarchy(): spreading Lagrangian force to the Eulerian grid
IBHierarchyIntegrator::integrateHierarchy(): solving the incompressible Navier-Stokes equations
INSStaggeredHierarchyIntegrator::integrateHierarchy(): stokes solve number of iterations = 2
INSStaggeredHierarchyIntegrator::integrateHierarchy(): stokes solve residual norm        = 1.83338e-06
IBHierarchyIntegrator::integrateHierarchy(): interpolating Eulerian velocity to the Lagrangian mesh
IBHierarchyIntegrator::integrateHierarchy(): performing Lagrangian midpoint-rule step
IBHierarchyIntegrator::postprocessIntegrateHierarchy(): interpolating Eulerian velocity to the Lagrangian mesh
IBHierarchyIntegrator::postprocessIntegrateHierarchy(): CFL number = 5.25153e-06
IBHierarchyIntegrator::postprocessIntegrateHierarchy(): Eulerian estimate of upper bound on IB point displacement since last regrid = 7.71128e-05
IBHierarchyIntegrator::advanceHierarchy(): synchronizing updated data
IBHierarchyIntegrator::advanceHierarchy(): resetting time dependent data

At end       of timestep # 13
Simulation time is 0.00875
+++++++++++++++++++++++++++++++++++++++++++++++++++


+++++++++++++++++++++++++++++++++++++++++++++++++++
At beginning of timestep # 14
Simulation time is 0.00875
IBHierarchyIntegrator::advanceHierarchy(): time interval = [0.00875,0.009375], dt = 0.000625
IBHierarchyIntegrator::preprocessIntegrateHierarchy(): performing Lagrangian forward Euler step
IBHierarchyIntegrator::advanceHierarchy(): integrating hierarchy
IBHierarchyIntegrator::integrateHierarchy(): computing Lagrangian force
IBHierarchyIntegrator::integrateHierarchy(): spreading Lagrangian force to the Eulerian grid
IBHierarchyIntegrator::integrateHierarchy(): solving the incompressible Navier-Stokes equations
INSStaggeredHierarchyIntegrator::integrateHierarchy(): stokes solve number of iterations = 2
INSStaggeredHierarchyIntegrator::integrateHierarchy(): stokes solve residual norm        = 2.10075e-06
IBHierarchyIntegrator::integrateHierarchy(): interpolating Eulerian velocity to the Lagrangian mesh
IBHierarchyIntegrator::integrateHierarchy(): performing Lagrangian midpoint-rule step
IBHierarchyIntegrator::postprocessIntegrateHierarchy(): interpolating Eulerian velocity to the Lagrangian mesh
IBHierarchyIntegrator::postprocessIntegrateHierarchy(): CFL number = 5.21894e-06
IBHierarchyIntegrator::postprocessIntegrateHierarchy(): Eulerian estimate of upper bound on IB point displacement since last regrid = 8.23318e-05
IBHierarchyIntegrator::advanceHierarchy(): synchronizing updated data
IBHierarchyIntegrator::advanceHierarchy(): resetting time dependent data

At end       of timestep # 14
Simulation time is 0.009375
+++++++++++++++++++++++++++++++++++++++++++++++++++


+++++++++++++++++++++++++++++++++++++++++++++++++++
At beginning of timestep # 15
Simulation time is 0.009375
IBHierarchyIntegrator::advanceHierarchy(): time interval = [0.009375,0.01], dt = 0.000625
IBHierarchyIntegrator::preprocessIntegrateHierarchy(): performing Lagrangian forward Euler step
IBHierarchyIntegrator::advanceHierarchy(): integrating hierarchy
IBHierarchyIntegrator::integrateHierarchy(): computing Lagrangian force
IBHierarchyIntegrator::integrateHierarchy(): spreading Lagrangian force to the Eulerian grid
IBHierarchyIntegrator::integrateHierarchy(): solving the incompressible Navier-Stokes equations
INSStaggeredHierarchyIntegrator::integrateHierarchy(): stokes solve number of iterations = 2
INSStaggeredHierarchyIntegrator::integrateHierarchy(): stokes solve residual norm        = 1.97999e-06
IBHierarchyIntegrator::integrateHierarchy(): interpolating Eulerian velocity to the Lagrangian mesh
IBHierarchyIntegrator::integrateHierarchy(): performing Lagrangian midpoint-rule step
IBHierarchyIntegrator::postprocessIntegrateHierarchy(): interpolating Eulerian velocity to the Lagrangian mesh
IBHierarchyIntegrator::postprocessIntegrateHierarchy(): CFL number = 5.18737e-06
IBHierarchyIntegrator::postprocessIntegrateHierarchy(): Eulerian estimate of upper bound on IB point displacement since last regrid = 8.75191e-05
IBHierarchyIntegrator::advanceHierarchy(): synchronizing updated data
IBHierarchyIntegrator::advanceHierarchy(): resetting time dependent data

At end       of timestep # 15
Simulation time is 0.01
+++++++++++++++++++++++++++++++++++++++++++++++++++


+++++++++++++++++++++++++++++++++++++++++++++++++++
At beginning of timestep # 16
Simulation time is 0.01
IBHierarchyIntegrator::advanceHierarchy(): time interval = [0.01,0.010625], dt = 0.000625
IBHierarchyIntegrator::preprocessIntegrateHierarchy(): performing Lagrangian forward Euler step
IBHierarchyIntegrator::advanceHierarchy(): integrating hierarchy
IBHierarchyIntegrator::integrateHierarchy(): computing Lagrangian force
IBHierarchyIntegrator::integrateHierarchy(): spreading Lagrangian force to the Eulerian grid
IBHierarchyIntegrator::integrateHierarchy(): solving the incompressible Navier-Stokes equations
INSStaggeredHierarchyIntegrator::integrateHierarchy(): stokes solve number of iterations = 2
INSStaggeredHierarchyIntegrator::integrateHierarchy(): stokes solve residual norm        = 1.86556e-06
IBHierarchyIntegrator::integrateHierarchy(): interpolating Eulerian velocity to the Lagrangian mesh
IBHierarchyIntegrator::integrateHierarchy(): performing Lagrangian midpoint-rule step
IBHierarchyIntegrator::postprocessIntegrateHierarchy(): interpolating Eulerian velocity to the Lagrangian mesh
IBHierarchyIntegrator::postprocessIntegrateHierarchy(): CFL number = 5.15693e-06
IBHierarchyIntegrator::postprocessIntegrateHierarchy(): Eulerian estimate of upper bound on IB point displacement since last regrid = 9.2676e-05
IBHierarchyIntegrator::advanceHierarchy(): synchronizing updated data
IBHierarchyIntegrator::advanceHierarchy(): resetting time dependent data

At end       of timestep # 16
Simulation time is 0.010625
+++++++++++++++++++++++++++++++++++++++++++++++++++


+++++++++++++++++++++++++++++++++++++++++++++++++++
At beginning of timestep # 17
Simulation time is 0.010625
IBHierarchyIntegrator::advanceHierarchy(): time interval = [0.010625,0.01125], dt = 0.000625
IBHierarchyIntegrator::preprocessIntegrateHierarchy(): performing Lagrangian forward Euler step
IBHierarchyIntegrator::advanceHierarchy(): integrating hierarchy
IBHierarchyIntegrator::integrateHierarchy(): computing Lagrangian force
IBHierarchyIntegrator::integrateHierarchy(): spreading Lagrangian force to the Eulerian grid
IBHierarchyIntegrator::integrateHierarchy(): solving the incompressible Navier-Stokes equations
INSStaggeredHierarchyIntegrator::integrateHierarchy(): stokes solve number of iterations = 2
INSStaggeredHierarchyIntegrator::integrateHierarchy(): stokes solve residual norm        = 1.38795e-06
IBHierarchyIntegrator::integrateHierarchy(): interpolating Eulerian velocity to the Lagrangian mesh
IBHierarchyIntegrator::integrateHierarchy(): performing Lagrangian midpoint-rule step
IBHierarchyIntegrator::postprocessIntegrateHierarchy(): interpolating Eulerian velocity to the Lagrangian mesh
IBHierarchyIntegrator::postprocessIntegrateHierarchy(): CFL number = 5.12775e-06
IBHierarchyIntegrator::postprocessIntegrateHierarchy(): Eulerian estimate of upper bound on IB point displacement since last regrid = 9.78038e-05
IBHierarchyIntegrator::advanceHierarchy(): synchronizing updated data
IBHierarchyIntegrator::advanceHierarchy(): resetting time dependent data

At end       of timestep # 17
Simulation time is 0.01125
+++++++++++++++++++++++++++++++++++++++++++++++++++


+++++++++++++++++++++++++++++++++++++++++++++++++++
At beginning of timestep # 18
Simulation time is 0.01125
IBHierarchyIntegrator::advanceHierarchy(): time interval = [0.01125,0.011875], dt = 0.000625
IBHierarchyIntegrator::preprocessIntegrateHierarchy(): performing Lagrangian forward Euler step
IBHierarchyIntegrator::advanceHierarchy(): integrating hierarchy
IBHierarchyIntegrator::integrateHierarchy(): computing Lagrangian force
IBHierarchyIntegrator::integrateHierarchy(): spreading Lagrangian force to the Eulerian grid
IBHierarchyIntegrator::integrateHierarchy(): solving the incompressible Navier-Stokes equations
INSStaggeredHierarchyIntegrator::integrateHierarchy(): stokes solve number of iterations = 2
INSStaggeredHierarchyIntegrator::integrateHierarchy(): stokes solve residual norm        = 1.31798e-06
IBHierarchyIntegrator::integrateHierarchy(): interpolating Eulerian velocity to the Lagrangian mesh
IBHierarchyIntegrator::integrateHierarchy(): performing Lagrangian midpoint-rule step
IBHierarchyIntegrator::postprocessIntegrateHierarchy(): interpolating Eulerian velocity to the Lagrangian mesh
IBHierarchyIntegrator::postprocessIntegrateHierarchy(): CFL number = 5.09991e-06
IBHierarchyIntegrator::postprocessIntegrateHierarchy(): Eulerian estimate of upper bound on IB point displacement since last regrid = 0.000102904
IBHierarchyIntegrator::advanceHierarchy(): synchronizing updated data
IBHierarchyIntegrator::advanceHierarchy(): resetting time dependent data

At end       of timestep # 18
Simulation time is 0.011875
+++++++++++++++++++++++++++++++++++++++++++++++++++


+++++++++++++++++++++++++++++++++++++++++++++++++++
At beginning of timestep # 19
Simulation time is 0.011875
IBHierarchyIntegrator::advanceHierarchy(): time interval = [0.011875,0.0125], dt = 0.000625
IBHierarchyIntegrator::preprocessIntegrateHierarchy(): performing Lagrangian forward Euler step
IBHierarchyIntegrator::advanceHierarchy(): integrating hierarchy
IBHierarchyIntegrator::integrateHierarchy(): computing Lagrangian force
IBHierarchyIntegrator::integrateHierarchy(): spreading Lagrangian force to the Eulerian grid
IBHierarchyIntegrator::integrateHierarchy(): solving the incompressible Navier-Stokes equations
INSStaggeredHierarchyIntegrator::integrateHierarchy(): stokes solve number of iterations = 2
INSStaggeredHierarchyIntegrator::integrateHierarchy(): stokes solve residual norm        = 1.26545e-06
IBHierarchyIntegrator::integrateHierarchy(): interpolating Eulerian velocity to the Lagrangian mesh
IBHierarchyIntegrator::integrateHierarchy(): performing Lagrangian midpoint-rule step
IBHierarchyIntegrator::postprocessIntegrateHierarchy(): interpolating Eulerian velocity to the Lagrangian mesh
IBHierarchyIntegrator::postprocessIntegrateHierarchy(): CFL number = 5.07348e-06
IBHierarchyIntegrator::postprocessIntegrateHierarchy(): Eulerian estimate of upper bound on IB point displacement since last regrid = 0.000107977
IBHierarchyIntegrator::advanceHierarchy(): synchronizing updated data
IBHierarchyIntegrator::advanceHierarchy(): resetting time dependent data

At end       of timestep # 19
Simulation time is 0.0125
+++++++++++++++++++++++++++++++++++++++++++++++++++


+++++++++++++++++++++++++++++++++++++++++++++++++++
At beginning of timestep # 20
Simulation time is 0.0125
IBHierarchyIntegrator::advanceHierarchy(): time interval = [0.0125,0.013125], dt = 0.000625
IBHierarchyIntegrator::preprocessIntegrateHierarchy(): performing Lagrangian forward Euler step
IBHierarchyIntegrator::advanceHierarchy(): integrating hierarchy
IBHierarchyIntegrator::integrateHierarchy(): computing Lagrangian force
IBHierarchyIntegrator::integrateHierarchy(): spreading Lagrangian force to the Eulerian grid
IBHierarchyIntegrator::integrateHierarchy(): solving the incompressible Navier-Stokes equations
INSStaggeredHierarchyIntegrator::integrateHierarchy(): stokes solve number of iterations = 2
INSStaggeredHierarchyIntegrator::integrateHierarchy(): stokes solve residual norm        = 1.22152e-06
IBHierarchyIntegrator::integrateHierarchy(): interpolating Eulerian velocity to the Lagrangian mesh
IBHierarchyIntegrator::integrateHierarchy(): performing Lagrangian midpoint-rule step
IBHierarchyIntegrator::postprocessIntegrateHierarchy(): interpolating Eulerian velocity to the Lagrangian mesh
IBHierarchyIntegrator::postprocessIntegrateHierarchy(): CFL number = 5.04852e-06
IBHierarchyIntegrator::postprocessIntegrateHierarchy(): Eulerian estimate of upper bound on IB point displacement since last regrid = 0.000113026
IBHierarchyIntegrator::advanceHierarchy(): synchronizing updated data
IBHierarchyIntegrator::advanceHierarchy(): resetting time dependent data

At end       of timestep # 20
Simulation time is 0.013125
+++++++++++++++++++++++++++++++++++++++++++++++++++


+++++++++++++++++++++++++++++++++++++++++++++++++++
At beginning of timestep # 21
Simulation time is 0.013125
IBHierarchyIntegrator::advanceHierarchy(): time interval = [0.013125,0.01375], dt = 0.000625
IBHierarchyIntegrator::preprocessIntegrateHierarchy(): performing Lagrangian forward Euler step
IBHierarchyIntegrator::advanceHierarchy(): integrating hierarchy
IBHierarchyIntegrator::integrateHierarchy(): computing Lagrangian force
IBHierarchyIntegrator::integrateHierarchy(): spreading Lagrangian force to the Eulerian grid
IBHierarchyIntegrator::integrateHierarchy(): solving the incompressible Navier-Stokes equations
INSStaggeredHierarchyIntegrator::integrateHierarchy(): stokes solve number of iterations = 2
INSStaggeredHierarchyIntegrator::integrateHierarchy(): stokes solve residual norm        = 1.18611e-06
IBHierarchyIntegrator::integrateHierarchy(): interpolating Eulerian velocity to the Lagrangian mesh
IBHierarchyIntegrator::integrateHierarchy(): performing Lagrangian midpoint-rule step
IBHierarchyIntegrator::postprocessIntegrateHierarchy(): interpolating Eulerian velocity to the Lagrangian mesh
IBHierarchyIntegrator::postprocessIntegrateHierarchy(): CFL number = 5.02507e-06
IBHierarchyIntegrator::postprocessIntegrateHierarchy(): Eulerian estimate of upper bound on IB point displacement since last regrid = 0.000118051
IBHierarchyIntegrator::advanceHierarchy(): synchronizing updated data
IBHierarchyIntegrator::advanceHierarchy(): resetting time dependent data

At end       of timestep # 21
Simulation time is 0.01375
+++++++++++++++++++++++++++++++++++++++++++++++++++


+++++++++++++++++++++++++++++++++++++++++++++++++++
At beginning of timestep # 22
Simulation time is 0.01375
IBHierarchyIntegrator::advanceHierarchy(): time interval = [0.01375,0.014375], dt = 0.000625
IBHierarchyIntegrator::preprocessIntegrateHierarchy(): performing Lagrangian forward Euler step
IBHierarchyIntegrator::advanceHierarchy(): integrating hierarchy
IBHierarchyIntegrator::integrateHierarchy(): computing Lagrangian force
IBHierarchyIntegrator::integrateHierarchy(): spreading Lagrangian force to the Eulerian grid
IBHierarchyIntegrator::integrateHierarchy(): solving the incompressible Navier-Stokes equations
INSStaggeredHierarchyIntegrator::integrateHierarchy(): stokes solve number of iterations = 2
INSStaggeredHierarchyIntegrator::integrateHierarchy(): stokes solve residual norm        = 1.15744e-06
IBHierarchyIntegrator::integrateHierarchy(): interpolating Eulerian velocity to the Lagrangian mesh
IBHierarchyIntegrator::integrateHierarchy(): performing Lagrangian midpoint-rule step
IBHierarchyIntegrator::postprocessIntegrateHierarchy(): interpolating Eulerian velocity to the Lagrangian mesh
IBHierarchyIntegrator::postprocessIntegrateHierarchy(): CFL number = 5.00314e-06
IBHierarchyIntegrator::postprocessIntegrateHierarchy(): Eulerian estimate of upper bound on IB point displacement since last regrid = 0.000123054
IBHierarchyIntegrator::advanceHierarchy(): synchronizing updated data
IBHierarchyIntegrator::advanceHierarchy(): resetting time dependent data

At end       of timestep # 22
Simulation time is 0.014375
+++++++++++++++++++++++++++++++++++++++++++++++++++


+++++++++++++++++++++++++++++++++++++++++++++++++++
At beginning of timestep # 23
Simulation time is 0.014375
IBHierarchyIntegrator::advanceHierarchy(): time interval = [0.014375,0.015], dt = 0.000625
IBHierarchyIntegrator::preprocessIntegrateHierarchy(): performing Lagrangian forward Euler step
IBHierarchyIntegrator::advanceHierarchy(): integrating hierarchy
IBHierarchyIntegrator::integrateHierarchy(): computing Lagrangian force
IBHierarchyIntegrator::integrateHierarchy(): spreading Lagrangian force to the Eulerian grid
IBHierarchyIntegrator::integrateHierarchy(): solving the incompressible Navier-Stokes equations
INSStaggeredHierarchyIntegrator::integrateHierarchy(): stokes solve number of iterations = 2
INSStaggeredHierarchyIntegrator::integrateHierarchy(): stokes solve residual norm        = 1.13392e-06
IBHierarchyIntegrator::integrateHierarchy(): interpolating Eulerian velocity to the Lagrangian mesh
IBHierarchyIntegrator::integrateHierarchy(): performing Lagrangian midpoint-rule step
IBHierarchyIntegrator::postprocessIntegrateHierarchy(): interpolating Eulerian velocity to the Lagrangian mesh
IBHierarchyIntegrator::postprocessIntegrateHierarchy(): CFL number = 4.98275e-06
IBHierarchyIntegrator::postprocessIntegrateHierarchy(): Eulerian estimate of upper bound on IB point displacement since last regrid = 0.000128037
IBHierarchyIntegrator::advanceHierarchy(): synchronizing updated data
IBHierarchyIntegrator::advanceHierarchy(): resetting time dependent data

At end       of timestep # 23
Simulation time is 0.015
+++++++++++++++++++++++++++++++++++++++++++++++++++


+++++++++++++++++++++++++++++++++++++++++++++++++++
At beginning of timestep # 24
Simulation time is 0.015
IBHierarchyIntegrator::advanceHierarchy(): time interval = [0.015,0.015625], dt = 0.000625
IBHierarchyIntegrator::preprocessIntegrateHierarchy(): performing Lagrangian forward Euler step
IBHierarchyIntegrator::advanceHierarchy(): integrating hierarchy
IBHierarchyIntegrator::integrateHierarchy(): computing Lagrangian force
IBHierarchyIntegrator::integrateHierarchy(): spreading Lagrangian force to the Eulerian grid
IBHierarchyIntegrator::integrateHierarchy(): solving the incompressible Navier-Stokes equations
INSStaggeredHierarchyIntegrator::integrateHierarchy(): stokes solve number of iterations = 2
INSStaggeredHierarchyIntegrator::integrateHierarchy(): stokes solve residual norm        = 1.11424e-06
IBHierarchyIntegrator::integrateHierarchy(): interpolating Eulerian velocity to the Lagrangian mesh
IBHierarchyIntegrator::integrateHierarchy(): performing Lagrangian midpoint-rule step
IBHierarchyIntegrator::postprocessIntegrateHierarchy(): interpolating Eulerian velocity to the Lagrangian mesh
IBHierarchyIntegrator::postprocessIntegrateHierarchy(): CFL number = 4.96389e-06
IBHierarchyIntegrator::postprocessIntegrateHierarchy(): Eulerian estimate of upper bound on IB point displacement since last regrid = 0.000133001
IBHierarchyIntegrator::advanceHierarchy(): synchronizing updated data
IBHierarchyIntegrator::advanceHierarchy(): resetting time dependent data

At end       of timestep # 24
Simulation time is 0.015625
+++++++++++++++++++++++++++++++++++++++++++++++++++


+++++++++++++++++++++++++++++++++++++++++++++++++++
At beginning of timestep # 25
Simulation time is 0.015625
IBHierarchyIntegrator::advanceHierarchy(): time interval = [0.015625,0.01625], dt = 0.000625
IBHierarchyIntegrator::preprocessIntegrateHierarchy(): performing Lagrangian forward Euler step
IBHierarchyIntegrator::advanceHierarchy(): integrating hierarchy
IBHierarchyIntegrator::integrateHierarchy(): computing Lagrangian force
IBHierarchyIntegrator::integrateHierarchy(): spreading Lagrangian force to the Eulerian grid
IBHierarchyIntegrator::integrateHierarchy(): solving the incompressible Navier-Stokes equations
INSStaggeredHierarchyIntegrator::integrateHierarchy(): stokes solve number of iterations = 2
INSStaggeredHierarchyIntegrator::integrateHierarchy(): stokes solve residual norm        = 1.09732e-06
IBHierarchyIntegrator::integrateHierarchy(): interpolating Eulerian velocity to the Lagrangian mesh
IBHierarchyIntegrator::integrateHierarchy(): performing Lagrangian midpoint-rule step
IBHierarchyIntegrator::postprocessIntegrateHierarchy(): interpolating Eulerian velocity to the Lagrangian mesh
IBHierarchyIntegrator::postprocessIntegrateHierarchy(): CFL number = 4.94656e-06
IBHierarchyIntegrator::postprocessIntegrateHierarchy(): Eulerian estimate of upper bound on IB point displacement since last regrid = 0.000137947
IBHierarchyIntegrator::advanceHierarchy(): synchronizing updated data
IBHierarchyIntegrator::advanceHierarchy(): resetting time dependent data

At end       of timestep # 25
Simulation time is 0.01625
+++++++++++++++++++++++++++++++++++++++++++++++++++


+++++++++++++++++++++++++++++++++++++++++++++++++++
At beginning of timestep # 26
Simulation time is 0.01625
IBHierarchyIntegrator::advanceHierarchy(): time interval = [0.01625,0.016875], dt = 0.000625
IBHierarchyIntegrator::preprocessIntegrateHierarchy(): performing Lagrangian forward Euler step
IBHierarchyIntegrator::advanceHierarchy(): integrating hierarchy
IBHierarchyIntegrator::integrateHierarchy(): computing Lagrangian force
IBHierarchyIntegrator::integrateHierarchy(): spreading Lagrangian force to the Eulerian grid
IBHierarchyIntegrator::integrateHierarchy(): solving the incompressible Navier-Stokes equations
INSStaggeredHierarchyIntegrator::integrateHierarchy(): stokes solve number of iterations = 2
INSStaggeredHierarchyIntegrator::integrateHierarchy(): stokes solve residual norm        = 1.0823e-06
IBHierarchyIntegrator::integrateHierarchy(): interpolating Eulerian velocity to the Lagrangian mesh
IBHierarchyIntegrator::integrateHierarchy(): performing Lagrangian midpoint-rule step
IBHierarchyIntegrator::postprocessIntegrateHierarchy(): interpolating Eulerian velocity to the Lagrangian mesh
IBHierarchyIntegrator::postprocessIntegrateHierarchy(): CFL number = 4.93073e-06
IBHierarchyIntegrator::postprocessIntegrateHierarchy(): Eulerian estimate of upper bound on IB point displacement since last regrid = 0.000142878
IBHierarchyIntegrator::advanceHierarchy(): synchronizing updated data
IBHierarchyIntegrator::advanceHierarchy(): resetting time dependent data

At end       of timestep # 26
Simulation time is 0.016875
+++++++++++++++++++++++++++++++++++++++++++++++++++


+++++++++++++++++++++++++++++++++++++++++++++++++++
At beginning of timestep # 27
Simulation time is 0.016875
IBHierarchyIntegrator::advanceHierarchy(): time interval = [0.016875,0.0175], dt = 0.000625
IBHierarchyIntegrator::preprocessIntegrateHierarchy(): performing Lagrangian forward Euler step
IBHierarchyIntegrator::advanceHierarchy(): integrating hierarchy
IBHierarchyIntegrator::integrateHierarchy(): computing Lagrangian force
IBHierarchyIntegrator::integrateHierarchy(): spreading Lagrangian force to the Eulerian grid
IBHierarchyIntegrator::integrateHierarchy(): solving the incompressible Navier-Stokes equations
INSStaggeredHierarchyIntegrator::integrateHierarchy(): stokes solve number of iterations = 2
INSStaggeredHierarchyIntegrator::integrateHierarchy(): stokes solve residual norm        = 1.0685e-06
IBHierarchyIntegrator::integrateHierarchy(): interpolating Eulerian velocity to the Lagrangian mesh
IBHierarchyIntegrator::integrateHierarchy(): performing Lagrangian midpoint-rule step
IBHierarchyIntegrator::postprocessIntegrateHierarchy(): interpolating Eulerian velocity to the Lagrangian mesh
IBHierarchyIntegrator::postprocessIntegrateHierarchy(): CFL number = 4.91637e-06
IBHierarchyIntegrator::postprocessIntegrateHierarchy(): Eulerian estimate of upper bound on IB point displacement since last regrid = 0.000147794
IBHierarchyIntegrator::advanceHierarchy(): synchronizing updated data
IBHierarchyIntegrator::advanceHierarchy(): resetting time dependent data

At end       of timestep # 27
Simulation time is 0.0175
+++++++++++++++++++++++++++++++++++++++++++++++++++


+++++++++++++++++++++++++++++++++++++++++++++++++++
At beginning of timestep # 28
Simulation time is 0.0175
IBHierarchyIntegrator::advanceHierarchy(): time interval = [0.0175,0.018125], dt = 0.000625
IBHierarchyIntegrator::preprocessIntegrateHierarchy(): performing Lagrangian forward Euler step
IBHierarchyIntegrator::advanceHierarchy(): integrating hierarchy
IBHierarchyIntegrator::integrateHierarchy(): computing Lagrangian force
IBHierarchyIntegrator::integrateHierarchy(): spreading Lagrangian force to the Eulerian grid
IBHierarchyIntegrator::integrateHierarchy(): solving the incompressible Navier-Stokes equations
INSStaggeredHierarchyIntegrator::integrateHierarchy(): stokes solve number of iterations = 2
INSStaggeredHierarchyIntegrator::integrateHierarchy(): stokes solve residual norm        = 1.05542e-06
IBHierarchyIntegrator::integrateHierarchy(): interpolating Eulerian velocity to the Lagrangian mesh
IBHierarchyIntegrator::integrateHierarchy(): performing Lagrangian midpoint-rule step
IBHierarchyIntegrator::postprocessIntegrateHierarchy(): interpolating Eulerian velocity to the Lagrangian mesh
IBHierarchyIntegrator::postprocessIntegrateHierarchy(): CFL number = 4.90346e-06
IBHierarchyIntegrator::postprocessIntegrateHierarchy(): Eulerian estimate of upper bound on IB point displacement since last regrid = 0.000152698
IBHierarchyIntegrator::advanceHierarchy(): synchronizing updated data
IBHierarchyIntegrator::advanceHierarchy(): resetting time dependent data

At end       of timestep # 28
Simulation time is 0.018125
+++++++++++++++++++++++++++++++++++++++++++++++++++


+++++++++++++++++++++++++++++++++++++++++++++++++++
At beginning of timestep # 29
Simulation time is 0.018125
IBHierarchyIntegrator::advanceHierarchy(): time interval = [0.018125,0.01875], dt = 0.000625
IBHierarchyIntegrator::preprocessIntegrateHierarchy(): performing Lagrangian forward Euler step
IBHierarchyIntegrator::advanceHierarchy(): integrating hierarchy
IBHierarchyIntegrator::integrateHierarchy(): computing Lagrangian force
IBHierarchyIntegrator::integrateHierarchy(): spreading Lagrangian force to the Eulerian grid
IBHierarchyIntegrator::integrateHierarchy(): solving the incompressible Navier-Stokes equations
INSStaggeredHierarchyIntegrator::integrateHierarchy(): stokes solve number of iterations = 2
INSStaggeredHierarchyIntegrator::integrateHierarchy(): stokes solve residual norm        = 1.04266e-06
IBHierarchyIntegrator::integrateHierarchy(): interpolating Eulerian velocity to the Lagrangian mesh
IBHierarchyIntegrator::integrateHierarchy(): performing Lagrangian midpoint-rule step
IBHierarchyIntegrator::postprocessIntegrateHierarchy(): interpolating Eulerian velocity to the Lagrangian mesh
IBHierarchyIntegrator::postprocessIntegrateHierarchy(): CFL number = 4.89195e-06
IBHierarchyIntegrator::postprocessIntegrateHierarchy(): Eulerian estimate of upper bound on IB point displacement since last regrid = 0.00015759
IBHierarchyIntegrator::advanceHierarchy(): synchronizing updated data
IBHierarchyIntegrator::advanceHierarchy(): resetting time dependent data

At end       of timestep # 29
Simulation time is 0.01875
+++++++++++++++++++++++++++++++++++++++++++++++++++


+++++++++++++++++++++++++++++++++++++++++++++++++++
At beginning of timestep # 30
Simulation time is 0.01875
IBHierarchyIntegrator::advanceHierarchy(): time interval = [0.01875,0.019375], dt = 0.000625
IBHierarchyIntegrator::preprocessIntegrateHierarchy(): performing Lagrangian forward Euler step
IBHierarchyIntegrator::advanceHierarchy(): integrating hierarchy
IBHierarchyIntegrator::integrateHierarchy(): computing Lagrangian force
IBHierarchyIntegrator::integrateHierarchy(): spreading Lagrangian force to the Eulerian grid
IBHierarchyIntegrator::integrateHierarchy(): solving the incompressible Navier-Stokes equations
INSStaggeredHierarchyIntegrator::integrateHierarchy(): stokes solve number of iterations = 2
INSStaggeredHierarchyIntegrator::integrateHierarchy(): stokes solve residual norm        = 1.02994e-06
IBHierarchyIntegrator::integrateHierarchy(): interpolating Eulerian velocity to the Lagrangian mesh
IBHierarchyIntegrator::integrateHierarchy(): performing Lagrangian midpoint-rule step
IBHierarchyIntegrator::postprocessIntegrateHierarchy(): interpolating Eulerian velocity to the Lagrangian mesh
IBHierarchyIntegrator::postprocessIntegrateHierarchy(): CFL number = 4.88181e-06
IBHierarchyIntegrator::postprocessIntegrateHierarchy(): Eulerian estimate of upper bound on IB point displacement since last regrid = 0.000162471
IBHierarchyIntegrator::advanceHierarchy(): synchronizing updated data
IBHierarchyIntegrator::advanceHierarchy(): resetting time dependent data

At end       of timestep # 30
Simulation time is 0.019375
+++++++++++++++++++++++++++++++++++++++++++++++++++


+++++++++++++++++++++++++++++++++++++++++++++++++++
At beginning of timestep # 31
Simulation time is 0.019375
IBHierarchyIntegrator::advanceHierarchy(): time interval = [0.019375,0.02], dt = 0.000625
IBHierarchyIntegrator::preprocessIntegrateHierarchy(): performing Lagrangian forward Euler step
IBHierarchyIntegrator::advanceHierarchy(): integrating hierarchy
IBHierarchyIntegrator::integrateHierarchy(): computing Lagrangian force
IBHierarchyIntegrator::integrateHierarchy(): spreading Lagrangian force to the Eulerian grid
IBHierarchyIntegrator::integrateHierarchy(): solving the incompressible Navier-Stokes equations
INSStaggeredHierarchyIntegrator::integrateHierarchy(): stokes solve number of iterations = 2
INSStaggeredHierarchyIntegrator::integrateHierarchy(): stokes solve residual norm        = 1.01708e-06
IBHierarchyIntegrator::integrateHierarchy(): interpolating Eulerian velocity to the Lagrangian mesh
IBHierarchyIntegrator::integrateHierarchy(): performing Lagrangian midpoint-rule step
IBHierarchyIntegrator::postprocessIntegrateHierarchy(): interpolating Eulerian velocity to the Lagrangian mesh
IBHierarchyIntegrator::postprocessIntegrateHierarchy(): CFL number = 4.88511e-06
IBHierarchyIntegrator::postprocessIntegrateHierarchy(): Eulerian estimate of upper bound on IB point displacement since last regrid = 0.000167357
IBHierarchyIntegrator::advanceHierarchy(): synchronizing updated data
IBHierarchyIntegrator::advanceHierarchy(): resetting time dependent data

At end       of timestep # 31
Simulation time is 0.02
+++++++++++++++++++++++++++++++++++++++++++++++++++


+++++++++++++++++++++++++++++++++++++++++++++++++++
At beginning of timestep # 32
Simulation time is 0.02
IBHierarchyIntegrator::advanceHierarchy(): time interval = [0.02,0.020625], dt = 0.000625
IBHierarchyIntegrator::preprocessIntegrateHierarchy(): performing Lagrangian forward Euler step
IBHierarchyIntegrator::advanceHierarchy(): integrating hierarchy
IBHierarchyIntegrator::integrateHierarchy(): computing Lagrangian force
IBHierarchyIntegrator::integrateHierarchy(): spreading Lagrangian force to the Eulerian grid
IBHierarchyIntegrator::integrateHierarchy(): solving the incompressible Navier-Stokes equations
INSStaggeredHierarchyIntegrator::integrateHierarchy(): stokes solve number of iterations = 2
INSStaggeredHierarchyIntegrator::integrateHierarchy(): stokes solve residual norm        = 1.00392e-06
IBHierarchyIntegrator::integrateHierarchy(): interpolating Eulerian velocity to the Lagrangian mesh
IBHierarchyIntegrator::integrateHierarchy(): performing Lagrangian midpoint-rule step
IBHierarchyIntegrator::postprocessIntegrateHierarchy(): interpolating Eulerian velocity to the Lagrangian mesh
IBHierarchyIntegrator::postprocessIntegrateHierarchy(): CFL number = 4.91832e-06
IBHierarchyIntegrator::postprocessIntegrateHierarchy(): Eulerian estimate of upper bound on IB point displacement since last regrid = 0.000172275
IBHierarchyIntegrator::advanceHierarchy(): synchronizing updated data
IBHierarchyIntegrator::advanceHierarchy(): resetting time dependent data

At end       of timestep # 32
Simulation time is 0.020625
+++++++++++++++++++++++++++++++++++++++++++++++++++


+++++++++++++++++++++++++++++++++++++++++++++++++++
At beginning of timestep # 33
Simulation time is 0.020625
IBHierarchyIntegrator::advanceHierarchy(): time interval = [0.020625,0.02125], dt = 0.000625
IBHierarchyIntegrator::preprocessIntegrateHierarchy(): performing Lagrangian forward Euler step
IBHierarchyIntegrator::advanceHierarchy(): integrating hierarchy
IBHierarchyIntegrator::integrateHierarchy(): computing Lagrangian force
IBHierarchyIntegrator::integrateHierarchy(): spreading Lagrangian force to the Eulerian grid
IBHierarchyIntegrator::integrateHierarchy(): solving the incompressible Navier-Stokes equations
INSStaggeredHierarchyIntegrator::integrateHierarchy(): stokes solve number of iterations = 2
INSStaggeredHierarchyIntegrator::integrateHierarchy(): stokes solve residual norm        = 9.90391e-07
IBHierarchyIntegrator::integrateHierarchy(): interpolating Eulerian velocity to the Lagrangian mesh
IBHierarchyIntegrator::integrateHierarchy(): performing Lagrangian midpoint-rule step
IBHierarchyIntegrator::postprocessIntegrateHierarchy(): interpolating Eulerian velocity to the Lagrangian mesh
IBHierarchyIntegrator::postprocessIntegrateHierarchy(): CFL number = 4.9519e-06
IBHierarchyIntegrator::postprocessIntegrateHierarchy(): Eulerian estimate of upper bound on IB point displacement since last regrid = 0.000177227
IBHierarchyIntegrator::advanceHierarchy(): synchronizing updated data
IBHierarchyIntegrator::advanceHierarchy(): resetting time dependent data

At end       of timestep # 33
Simulation time is 0.02125
+++++++++++++++++++++++++++++++++++++++++++++++++++


+++++++++++++++++++++++++++++++++++++++++++++++++++
At beginning of timestep # 34
Simulation time is 0.02125
IBHierarchyIntegrator::advanceHierarchy(): time interval = [0.02125,0.021875], dt = 0.000625
IBHierarchyIntegrator::preprocessIntegrateHierarchy(): performing Lagrangian forward Euler step
IBHierarchyIntegrator::advanceHierarchy(): integrating hierarchy
IBHierarchyIntegrator::integrateHierarchy(): computing Lagrangian force
IBHierarchyIntegrator::integrateHierarchy(): spreading Lagrangian force to the Eulerian grid
IBHierarchyIntegrator::integrateHierarchy(): solving the incompressible Navier-Stokes equations
INSStaggeredHierarchyIntegrator::integrateHierarchy(): stokes solve number of iterations = 2
INSStaggeredHierarchyIntegrator::integrateHierarchy(): stokes solve residual norm        = 9.76431e-07
IBHierarchyIntegrator::integrateHierarchy(): interpolating Eulerian velocity to the Lagrangian mesh
IBHierarchyIntegrator::integrateHierarchy(): performing Lagrangian midpoint-rule step
IBHierarchyIntegrator::postprocessIntegrateHierarchy(): interpolating Eulerian velocity to the Lagrangian mesh
IBHierarchyIntegrator::postprocessIntegrateHierarchy(): CFL number = 4.98569e-06
IBHierarchyIntegrator::postprocessIntegrateHierarchy(): Eulerian estimate of upper bound on IB point displacement since last regrid = 0.000182212
IBHierarchyIntegrator::advanceHierarchy(): synchronizing updated data
IBHierarchyIntegrator::advanceHierarchy(): resetting time dependent data

At end       of timestep # 34
Simulation time is 0.021875
+++++++++++++++++++++++++++++++++++++++++++++++++++


+++++++++++++++++++++++++++++++++++++++++++++++++++
At beginning of timestep # 35
Simulation time is 0.021875
IBHierarchyIntegrator::advanceHierarchy(): time interval = [0.021875,0.0225], dt = 0.000625
IBHierarchyIntegrator::preprocessIntegrateHierarchy(): performing Lagrangian forward Euler step
IBHierarchyIntegrator::advanceHierarchy(): integrating hierarchy
IBHierarchyIntegrator::integrateHierarchy(): computing Lagrangian force
IBHierarchyIntegrator::integrateHierarchy(): spreading Lagrangian force to the Eulerian grid
IBHierarchyIntegrator::integrateHierarchy(): solving the incompressible Navier-Stokes equations
INSStaggeredHierarchyIntegrator::integrateHierarchy(): stokes solve number of iterations = 2
INSStaggeredHierarchyIntegrator::integrateHierarchy(): stokes solve residual norm        = 9.6202e-07
IBHierarchyIntegrator::integrateHierarchy(): interpolating Eulerian velocity to the Lagrangian mesh
IBHierarchyIntegrator::integrateHierarchy(): performing Lagrangian midpoint-rule step
IBHierarchyIntegrator::postprocessIntegrateHierarchy(): interpolating Eulerian velocity to the Lagrangian mesh
IBHierarchyIntegrator::postprocessIntegrateHierarchy(): CFL number = 5.01955e-06
IBHierarchyIntegrator::postprocessIntegrateHierarchy(): Eulerian estimate of upper bound on IB point displacement since last regrid = 0.000187232
IBHierarchyIntegrator::advanceHierarchy(): synchronizing updated data
IBHierarchyIntegrator::advanceHierarchy(): resetting time dependent data

At end       of timestep # 35
Simulation time is 0.0225
+++++++++++++++++++++++++++++++++++++++++++++++++++


+++++++++++++++++++++++++++++++++++++++++++++++++++
At beginning of timestep # 36
Simulation time is 0.0225
IBHierarchyIntegrator::advanceHierarchy(): time interval = [0.0225,0.023125], dt = 0.000625
IBHierarchyIntegrator::preprocessIntegrateHierarchy(): performing Lagrangian forward Euler step
IBHierarchyIntegrator::advanceHierarchy(): integrating hierarchy
IBHierarchyIntegrator::integrateHierarchy(): computing Lagrangian force
IBHierarchyIntegrator::integrateHierarchy(): spreading Lagrangian force to the Eulerian grid
IBHierarchyIntegrator::integrateHierarchy(): solving the incompressible Navier-Stokes equations
INSStaggeredHierarchyIntegrator::integrateHierarchy(): stokes solve number of iterations = 2
INSStaggeredHierarchyIntegrator::integrateHierarchy(): stokes solve residual norm        = 9.47152e-07
IBHierarchyIntegrator::integrateHierarchy(): interpolating Eulerian velocity to the Lagrangian mesh
IBHierarchyIntegrator::integrateHierarchy(): performing Lagrangian midpoint-rule step
IBHierarchyIntegrator::postprocessIntegrateHierarchy(): interpolating Eulerian velocity to the Lagrangian mesh
IBHierarchyIntegrator::postprocessIntegrateHierarchy(): CFL number = 5.05336e-06
IBHierarchyIntegrator::postprocessIntegrateHierarchy(): Eulerian estimate of upper bound on IB point displacement since last regrid = 0.000192285
IBHierarchyIntegrator::advanceHierarchy(): synchronizing updated data
IBHierarchyIntegrator::advanceHierarchy(): resetting time dependent data

At end       of timestep # 36
Simulation time is 0.023125
+++++++++++++++++++++++++++++++++++++++++++++++++++


+++++++++++++++++++++++++++++++++++++++++++++++++++
At beginning of timestep # 37
Simulation time is 0.023125
IBHierarchyIntegrator::advanceHierarchy(): time interval = [0.023125,0.02375], dt = 0.000625
IBHierarchyIntegrator::preprocessIntegrateHierarchy(): performing Lagrangian forward Euler step
IBHierarchyIntegrator::advanceHierarchy(): integrating hierarchy
IBHierarchyIntegrator::integrateHierarchy(): computing Lagrangian force
IBHierarchyIntegrator::integrateHierarchy(): spreading Lagrangian force to the Eulerian grid
IBHierarchyIntegrator::integrateHierarchy(): solving the incompressible Navier-Stokes equations
INSStaggeredHierarchyIntegrator::integrateHierarchy(): stokes solve number of iterations = 2
INSStaggeredHierarchyIntegrator::integrateHierarchy(): stokes solve residual norm        = 9.31842e-07
IBHierarchyIntegrator::integrateHierarchy(): interpolating Eulerian velocity to the Lagrangian mesh
IBHierarchyIntegrator::integrateHierarchy(): performing Lagrangian midpoint-rule step
IBHierarchyIntegrator::postprocessIntegrateHierarchy(): interpolating Eulerian velocity to the Lagrangian mesh
IBHierarchyIntegrator::postprocessIntegrateHierarchy(): CFL number = 5.08698e-06
IBHierarchyIntegrator::postprocessIntegrateHierarchy(): Eulerian estimate of upper bound on IB point displacement since last regrid = 0.000197372
IBHierarchyIntegrator::advanceHierarchy(): synchronizing updated data
IBHierarchyIntegrator::advanceHierarchy(): resetting time dependent data

At end       of timestep # 37
Simulation time is 0.02375
+++++++++++++++++++++++++++++++++++++++++++++++++++


+++++++++++++++++++++++++++++++++++++++++++++++++++
At beginning of timestep # 38
Simulation time is 0.02375
IBHierarchyIntegrator::advanceHierarchy(): time interval = [0.02375,0.024375], dt = 0.000625
IBHierarchyIntegrator::preprocessIntegrateHierarchy(): performing Lagrangian forward Euler step
IBHierarchyIntegrator::advanceHierarchy(): integrating hierarchy
IBHierarchyIntegrator::integrateHierarchy(): computing Lagrangian force
IBHierarchyIntegrator::integrateHierarchy(): spreading Lagrangian force to the Eulerian grid
IBHierarchyIntegrator::integrateHierarchy(): solving the incompressible Navier-Stokes equations
INSStaggeredHierarchyIntegrator::integrateHierarchy(): stokes solve number of iterations = 2
INSStaggeredHierarchyIntegrator::integrateHierarchy(): stokes solve residual norm        = 9.16113e-07
IBHierarchyIntegrator::integrateHierarchy(): interpolating Eulerian velocity to the Lagrangian mesh
IBHierarchyIntegrator::integrateHierarchy(): performing Lagrangian midpoint-rule step
IBHierarchyIntegrator::postprocessIntegrateHierarchy(): interpolating Eulerian velocity to the Lagrangian mesh
IBHierarchyIntegrator::postprocessIntegrateHierarchy(): CFL number = 5.12033e-06
IBHierarchyIntegrator::postprocessIntegrateHierarchy(): Eulerian estimate of upper bound on IB point displacement since last regrid = 0.000202493
IBHierarchyIntegrator::advanceHierarchy(): synchronizing updated data
IBHierarchyIntegrator::advanceHierarchy(): resetting time dependent data

At end       of timestep # 38
Simulation time is 0.024375
+++++++++++++++++++++++++++++++++++++++++++++++++++


+++++++++++++++++++++++++++++++++++++++++++++++++++
At beginning of timestep # 39
Simulation time is 0.024375
IBHierarchyIntegrator::advanceHierarchy(): time interval = [0.024375,0.025], dt = 0.000625
IBHierarchyIntegrator::preprocessIntegrateHierarchy(): performing Lagrangian forward Euler step
IBHierarchyIntegrator::advanceHierarchy(): integrating hierarchy
IBHierarchyIntegrator::integrateHierarchy(): computing Lagrangian force
IBHierarchyIntegrator::integrateHierarchy(): spreading Lagrangian force to the Eulerian grid
IBHierarchyIntegrator::integrateHierarchy(): solving the incompressible Navier-Stokes equations
INSStaggeredHierarchyIntegrator::integrateHierarchy(): stokes solve number of iterations = 2
INSStaggeredHierarchyIntegrator::integrateHierarchy(): stokes solve residual norm        = 8.99997e-07
IBHierarchyIntegrator::integrateHierarchy(): interpolating Eulerian velocity to the Lagrangian mesh
IBHierarchyIntegrator::integrateHierarchy(): performing Lagrangian midpoint-rule step
IBHierarchyIntegrator::postprocessIntegrateHierarchy(): interpolating Eulerian velocity to the Lagrangian mesh
IBHierarchyIntegrator::postprocessIntegrateHierarchy(): CFL number = 5.15329e-06
IBHierarchyIntegrator::postprocessIntegrateHierarchy(): Eulerian estimate of upper bound on IB point displacement since last regrid = 0.000207646
IBHierarchyIntegrator::advanceHierarchy(): synchronizing updated data
IBHierarchyIntegrator::advanceHierarchy(): resetting time dependent data

At end       of timestep # 39
Simulation time is 0.025
+++++++++++++++++++++++++++++++++++++++++++++++++++


+++++++++++++++++++++++++++++++++++++++++++++++++++
At beginning of timestep # 40
Simulation time is 0.025
IBHierarchyIntegrator::advanceHierarchy(): time interval = [0.025,0.025625], dt = 0.000625
IBHierarchyIntegrator::preprocessIntegrateHierarchy(): performing Lagrangian forward Euler step
IBHierarchyIntegrator::advanceHierarchy(): integrating hierarchy
IBHierarchyIntegrator::integrateHierarchy(): computing Lagrangian force
IBHierarchyIntegrator::integrateHierarchy(): spreading Lagrangian force to the Eulerian grid
IBHierarchyIntegrator::integrateHierarchy(): solving the incompressible Navier-Stokes equations
INSStaggeredHierarchyIntegrator::integrateHierarchy(): stokes solve number of iterations = 2
INSStaggeredHierarchyIntegrator::integrateHierarchy(): stokes solve residual norm        = 8.83535e-07
IBHierarchyIntegrator::integrateHierarchy(): interpolating Eulerian velocity to the Lagrangian mesh
IBHierarchyIntegrator::integrateHierarchy(): performing Lagrangian midpoint-rule step
IBHierarchyIntegrator::postprocessIntegrateHierarchy(): interpolating Eulerian velocity to the Lagrangian mesh
IBHierarchyIntegrator::postprocessIntegrateHierarchy(): CFL number = 5.18943e-06
IBHierarchyIntegrator::postprocessIntegrateHierarchy(): Eulerian estimate of upper bound on IB point displacement since last regrid = 0.000212835
IBHierarchyIntegrator::advanceHierarchy(): synchronizing updated data
IBHierarchyIntegrator::advanceHierarchy(): resetting time dependent data

At end       of timestep # 40
Simulation time is 0.025625
+++++++++++++++++++++++++++++++++++++++++++++++++++


+++++++++++++++++++++++++++++++++++++++++++++++++++
At beginning of timestep # 41
Simulation time is 0.025625
IBHierarchyIntegrator::advanceHierarchy(): time interval = [0.025625,0.02625], dt = 0.000625
IBHierarchyIntegrator::preprocessIntegrateHierarchy(): performing Lagrangian forward Euler step
IBHierarchyIntegrator::advanceHierarchy(): integrating hierarchy
IBHierarchyIntegrator::integrateHierarchy(): computing Lagrangian force
IBHierarchyIntegrator::integrateHierarchy(): spreading Lagrangian force to the Eulerian grid
IBHierarchyIntegrator::integrateHierarchy(): solving the incompressible Navier-Stokes equations
INSStaggeredHierarchyIntegrator::integrateHierarchy(): stokes solve number of iterations = 2
INSStaggeredHierarchyIntegrator::integrateHierarchy(): stokes solve residual norm        = 8.66774e-07
IBHierarchyIntegrator::integrateHierarchy(): interpolating Eulerian velocity to the Lagrangian mesh
IBHierarchyIntegrator::integrateHierarchy(): performing Lagrangian midpoint-rule step
IBHierarchyIntegrator::postprocessIntegrateHierarchy(): interpolating Eulerian velocity to the Lagrangian mesh
IBHierarchyIntegrator::postprocessIntegrateHierarchy(): CFL number = 5.2257e-06
IBHierarchyIntegrator::postprocessIntegrateHierarchy(): Eulerian estimate of upper bound on IB point displacement since last regrid = 0.000218061
IBHierarchyIntegrator::advanceHierarchy(): synchronizing updated data
IBHierarchyIntegrator::advanceHierarchy(): resetting time dependent data

At end       of timestep # 41
Simulation time is 0.02625
+++++++++++++++++++++++++++++++++++++++++++++++++++


+++++++++++++++++++++++++++++++++++++++++++++++++++
At beginning of timestep # 42
Simulation time is 0.02625
IBHierarchyIntegrator::advanceHierarchy(): time interval = [0.02625,0.026875], dt = 0.000625
IBHierarchyIntegrator::preprocessIntegrateHierarchy(): performing Lagrangian forward Euler step
IBHierarchyIntegrator::advanceHierarchy(): integrating hierarchy
IBHierarchyIntegrator::integrateHierarchy(): computing Lagrangian force
IBHierarchyIntegrator::integrateHierarchy(): spreading Lagrangian force to the Eulerian grid
IBHierarchyIntegrator::integrateHierarchy(): solving the incompressible Navier-Stokes equations
INSStaggeredHierarchyIntegrator::integrateHierarchy(): stokes solve number of iterations = 2
INSStaggeredHierarchyIntegrator::integrateHierarchy(): stokes solve residual norm        = 8.49768e-07
IBHierarchyIntegrator::integrateHierarchy(): interpolating Eulerian velocity to the Lagrangian mesh
IBHierarchyIntegrator::integrateHierarchy(): performing Lagrangian midpoint-rule step
IBHierarchyIntegrator::postprocessIntegrateHierarchy(): interpolating Eulerian velocity to the Lagrangian mesh
IBHierarchyIntegrator::postprocessIntegrateHierarchy(): CFL number = 5.26111e-06
IBHierarchyIntegrator::postprocessIntegrateHierarchy(): Eulerian estimate of upper bound on IB point displacement since last regrid = 0.000223322
IBHierarchyIntegrator::advanceHierarchy(): synchronizing updated data
IBHierarchyIntegrator::advanceHierarchy(): resetting time dependent data

At end       of timestep # 42
Simulation time is 0.026875
+++++++++++++++++++++++++++++++++++++++++++++++++++


+++++++++++++++++++++++++++++++++++++++++++++++++++
At beginning of timestep # 43
Simulation time is 0.026875
IBHierarchyIntegrator::advanceHierarchy(): time interval = [0.026875,0.0275], dt = 0.000625
IBHierarchyIntegrator::preprocessIntegrateHierarchy(): performing Lagrangian forward Euler step
IBHierarchyIntegrator::advanceHierarchy(): integrating hierarchy
IBHierarchyIntegrator::integrateHierarchy(): computing Lagrangian force
IBHierarchyIntegrator::integrateHierarchy(): spreading Lagrangian force to the Eulerian grid
IBHierarchyIntegrator::integrateHierarchy(): solving the incompressible Navier-Stokes equations
INSStaggeredHierarchyIntegrator::integrateHierarchy(): stokes solve number of iterations = 2
INSStaggeredHierarchyIntegrator::integrateHierarchy(): stokes solve residual norm        = 8.32574e-07
IBHierarchyIntegrator::integrateHierarchy(): interpolating Eulerian velocity to the Lagrangian mesh
IBHierarchyIntegrator::integrateHierarchy(): performing Lagrangian midpoint-rule step
IBHierarchyIntegrator::postprocessIntegrateHierarchy(): interpolating Eulerian velocity to the Lagrangian mesh
IBHierarchyIntegrator::postprocessIntegrateHierarchy(): CFL number = 5.2956e-06
IBHierarchyIntegrator::postprocessIntegrateHierarchy(): Eulerian estimate of upper bound on IB point displacement since last regrid = 0.000228618
IBHierarchyIntegrator::advanceHierarchy(): synchronizing updated data
IBHierarchyIntegrator::advanceHierarchy(): resetting time dependent data

At end       of timestep # 43
Simulation time is 0.0275
+++++++++++++++++++++++++++++++++++++++++++++++++++


+++++++++++++++++++++++++++++++++++++++++++++++++++
At beginning of timestep # 44
Simulation time is 0.0275
IBHierarchyIntegrator::advanceHierarchy(): time interval = [0.0275,0.028125], dt = 0.000625
IBHierarchyIntegrator::preprocessIntegrateHierarchy(): performing Lagrangian forward Euler step
IBHierarchyIntegrator::advanceHierarchy(): integrating hierarchy
IBHierarchyIntegrator::integrateHierarchy(): computing Lagrangian force
IBHierarchyIntegrator::integrateHierarchy(): spreading Lagrangian force to the Eulerian grid
IBHierarchyIntegrator::integrateHierarchy(): solving the incompressible Navier-Stokes equations
INSStaggeredHierarchyIntegrator::integrateHierarchy(): stokes solve number of iterations = 2
INSStaggeredHierarchyIntegrator::integrateHierarchy(): stokes solve residual norm        = 8.15258e-07
IBHierarchyIntegrator::integrateHierarchy(): interpolating Eulerian velocity to the Lagrangian mesh
IBHierarchyIntegrator::integrateHierarchy(): performing Lagrangian midpoint-rule step
IBHierarchyIntegrator::postprocessIntegrateHierarchy(): interpolating Eulerian velocity to the Lagrangian mesh
IBHierarchyIntegrator::postprocessIntegrateHierarchy(): CFL number = 5.32911e-06
IBHierarchyIntegrator::postprocessIntegrateHierarchy(): Eulerian estimate of upper bound on IB point displacement since last regrid = 0.000233947
IBHierarchyIntegrator::advanceHierarchy(): synchronizing updated data
IBHierarchyIntegrator::advanceHierarchy(): resetting time dependent data

At end       of timestep # 44
Simulation time is 0.028125
+++++++++++++++++++++++++++++++++++++++++++++++++++


+++++++++++++++++++++++++++++++++++++++++++++++++++
At beginning of timestep # 45
Simulation time is 0.028125
IBHierarchyIntegrator::advanceHierarchy(): time interval = [0.028125,0.02875], dt = 0.000625
IBHierarchyIntegrator::preprocessIntegrateHierarchy(): performing Lagrangian forward Euler step
IBHierarchyIntegrator::advanceHierarchy(): integrating hierarchy
IBHierarchyIntegrator::integrateHierarchy(): computing Lagrangian force
IBHierarchyIntegrator::integrateHierarchy(): spreading Lagrangian force to the Eulerian grid
IBHierarchyIntegrator::integrateHierarchy(): solving the incompressible Navier-Stokes equations
INSStaggeredHierarchyIntegrator::integrateHierarchy(): stokes solve number of iterations = 2
INSStaggeredHierarchyIntegrator::integrateHierarchy(): stokes solve residual norm        = 7.97892e-07
IBHierarchyIntegrator::integrateHierarchy(): interpolating Eulerian velocity to the Lagrangian mesh
IBHierarchyIntegrator::integrateHierarchy(): performing Lagrangian midpoint-rule step
IBHierarchyIntegrator::postprocessIntegrateHierarchy(): interpolating Eulerian velocity to the Lagrangian mesh
IBHierarchyIntegrator::postprocessIntegrateHierarchy(): CFL number = 5.36161e-06
IBHierarchyIntegrator::postprocessIntegrateHierarchy(): Eulerian estimate of upper bound on IB point displacement since last regrid = 0.000239309
IBHierarchyIntegrator::advanceHierarchy(): synchronizing updated data
IBHierarchyIntegrator::advanceHierarchy(): resetting time dependent data

At end       of timestep # 45
Simulation time is 0.02875
+++++++++++++++++++++++++++++++++++++++++++++++++++


+++++++++++++++++++++++++++++++++++++++++++++++++++
At beginning of timestep # 46
Simulation time is 0.02875
IBHierarchyIntegrator::advanceHierarchy(): time interval = [0.02875,0.029375], dt = 0.000625
IBHierarchyIntegrator::preprocessIntegrateHierarchy(): performing Lagrangian forward Euler step
IBHierarchyIntegrator::advanceHierarchy(): integrating hierarchy
IBHierarchyIntegrator::integrateHierarchy(): computing Lagrangian force
IBHierarchyIntegrator::integrateHierarchy(): spreading Lagrangian force to the Eulerian grid
IBHierarchyIntegrator::integrateHierarchy(): solving the incompressible Navier-Stokes equations
INSStaggeredHierarchyIntegrator::integrateHierarchy(): stokes solve number of iterations = 2
INSStaggeredHierarchyIntegrator::integrateHierarchy(): stokes solve residual norm        = 7.80551e-07
IBHierarchyIntegrator::integrateHierarchy(): interpolating Eulerian velocity to the Lagrangian mesh
IBHierarchyIntegrator::integrateHierarchy(): performing Lagrangian midpoint-rule step
IBHierarchyIntegrator::postprocessIntegrateHierarchy(): interpolating Eulerian velocity to the Lagrangian mesh
IBHierarchyIntegrator::postprocessIntegrateHierarchy(): CFL number = 5.39306e-06
IBHierarchyIntegrator::postprocessIntegrateHierarchy(): Eulerian estimate of upper bound on IB point displacement since last regrid = 0.000244702
IBHierarchyIntegrator::advanceHierarchy(): synchronizing updated data
IBHierarchyIntegrator::advanceHierarchy(): resetting time dependent data

At end       of timestep # 46
Simulation time is 0.029375
+++++++++++++++++++++++++++++++++++++++++++++++++++


+++++++++++++++++++++++++++++++++++++++++++++++++++
At beginning of timestep # 47
Simulation time is 0.029375
IBHierarchyIntegrator::advanceHierarchy(): time interval = [0.029375,0.03], dt = 0.000625
IBHierarchyIntegrator::preprocessIntegrateHierarchy(): performing Lagrangian forward Euler step
IBHierarchyIntegrator::advanceHierarchy(): integrating hierarchy
IBHierarchyIntegrator::integrateHierarchy(): computing Lagrangian force
IBHierarchyIntegrator::integrateHierarchy(): spreading Lagrangian force to the Eulerian grid
IBHierarchyIntegrator::integrateHierarchy(): solving the incompressible Navier-Stokes equations
INSStaggeredHierarchyIntegrator::integrateHierarchy(): stokes solve number of iterations = 2
INSStaggeredHierarchyIntegrator::integrateHierarchy(): stokes solve residual norm        = 7.63325e-07
IBHierarchyIntegrator::integrateHierarchy(): interpolating Eulerian velocity to the Lagrangian mesh
IBHierarchyIntegrator::integrateHierarchy(): performing Lagrangian midpoint-rule step
IBHierarchyIntegrator::postprocessIntegrateHierarchy(): interpolating Eulerian velocity to the Lagrangian mesh
IBHierarchyIntegrator::postprocessIntegrateHierarchy(): CFL number = 5.42343e-06
IBHierarchyIntegrator::postprocessIntegrateHierarchy(): Eulerian estimate of upper bound on IB point displacement since last regrid = 0.000250125
IBHierarchyIntegrator::advanceHierarchy(): synchronizing updated data
IBHierarchyIntegrator::advanceHierarchy(): resetting time dependent data

At end       of timestep # 47
Simulation time is 0.03
+++++++++++++++++++++++++++++++++++++++++++++++++++


+++++++++++++++++++++++++++++++++++++++++++++++++++
At beginning of timestep # 48
Simulation time is 0.03
IBHierarchyIntegrator::advanceHierarchy(): time interval = [0.03,0.030625], dt = 0.000625
IBHierarchyIntegrator::preprocessIntegrateHierarchy(): performing Lagrangian forward Euler step
IBHierarchyIntegrator::advanceHierarchy(): integrating hierarchy
IBHierarchyIntegrator::integrateHierarchy(): computing Lagrangian force
IBHierarchyIntegrator::integrateHierarchy(): spreading Lagrangian force to the Eulerian grid
IBHierarchyIntegrator::integrateHierarchy(): solving the incompressible Navier-Stokes equations
INSStaggeredHierarchyIntegrator::integrateHierarchy(): stokes solve number of iterations = 2
INSStaggeredHierarchyIntegrator::integrateHierarchy(): stokes solve residual norm        = 7.46301e-07
IBHierarchyIntegrator::integrateHierarchy(): interpolating Eulerian velocity to the Lagrangian mesh
IBHierarchyIntegrator::integrateHierarchy(): performing Lagrangian midpoint-rule step
IBHierarchyIntegrator::postprocessIntegrateHierarchy(): interpolating Eulerian velocity to the Lagrangian mesh
IBHierarchyIntegrator::postprocessIntegrateHierarchy(): CFL number = 5.4527e-06
IBHierarchyIntegrator::postprocessIntegrateHierarchy(): Eulerian estimate of upper bound on IB point displacement since last regrid = 0.000255578
IBHierarchyIntegrator::advanceHierarchy(): synchronizing updated data
IBHierarchyIntegrator::advanceHierarchy(): resetting time dependent data

At end       of timestep # 48
Simulation time is 0.030625
+++++++++++++++++++++++++++++++++++++++++++++++++++


+++++++++++++++++++++++++++++++++++++++++++++++++++
At beginning of timestep # 49
Simulation time is 0.030625
IBHierarchyIntegrator::advanceHierarchy(): time interval = [0.030625,0.03125], dt = 0.000625
IBHierarchyIntegrator::preprocessIntegrateHierarchy(): performing Lagrangian forward Euler step
IBHierarchyIntegrator::advanceHierarchy(): integrating hierarchy
IBHierarchyIntegrator::integrateHierarchy(): computing Lagrangian force
IBHierarchyIntegrator::integrateHierarchy(): spreading Lagrangian force to the Eulerian grid
IBHierarchyIntegrator::integrateHierarchy(): solving the incompressible Navier-Stokes equations
INSStaggeredHierarchyIntegrator::integrateHierarchy(): stokes solve number of iterations = 2
INSStaggeredHierarchyIntegrator::integrateHierarchy(): stokes solve residual norm        = 7.29578e-07
IBHierarchyIntegrator::integrateHierarchy(): interpolating Eulerian velocity to the Lagrangian mesh
IBHierarchyIntegrator::integrateHierarchy(): performing Lagrangian midpoint-rule step
IBHierarchyIntegrator::postprocessIntegrateHierarchy(): interpolating Eulerian velocity to the Lagrangian mesh
IBHierarchyIntegrator::postprocessIntegrateHierarchy(): CFL number = 5.48085e-06
IBHierarchyIntegrator::postprocessIntegrateHierarchy(): Eulerian estimate of upper bound on IB point displacement since last regrid = 0.000261059
IBHierarchyIntegrator::advanceHierarchy(): synchronizing updated data
IBHierarchyIntegrator::advanceHierarchy(): resetting time dependent data

At end       of timestep # 49
Simulation time is 0.03125
+++++++++++++++++++++++++++++++++++++++++++++++++++


+++++++++++++++++++++++++++++++++++++++++++++++++++
At beginning of timestep # 50
Simulation time is 0.03125
IBHierarchyIntegrator::advanceHierarchy(): time interval = [0.03125,0.031875], dt = 0.000625
IBHierarchyIntegrator::preprocessIntegrateHierarchy(): performing Lagrangian forward Euler step
IBHierarchyIntegrator::advanceHierarchy(): integrating hierarchy
IBHierarchyIntegrator::integrateHierarchy(): computing Lagrangian force
IBHierarchyIntegrator::integrateHierarchy(): spreading Lagrangian force to the Eulerian grid
IBHierarchyIntegrator::integrateHierarchy(): solving the incompressible Navier-Stokes equations
INSStaggeredHierarchyIntegrator::integrateHierarchy(): stokes solve number of iterations = 2
INSStaggeredHierarchyIntegrator::integrateHierarchy(): stokes solve residual norm        = 7.13256e-07
IBHierarchyIntegrator::integrateHierarchy(): interpolating Eulerian velocity to the Lagrangian mesh
IBHierarchyIntegrator::integrateHierarchy(): performing Lagrangian midpoint-rule step
IBHierarchyIntegrator::postprocessIntegrateHierarchy(): interpolating Eulerian velocity to the Lagrangian mesh
IBHierarchyIntegrator::postprocessIntegrateHierarchy(): CFL number = 5.50787e-06
IBHierarchyIntegrator::postprocessIntegrateHierarchy(): Eulerian estimate of upper bound on IB point displacement since last regrid = 0.000266566
IBHierarchyIntegrator::advanceHierarchy(): synchronizing updated data
IBHierarchyIntegrator::advanceHierarchy(): resetting time dependent data

At end       of timestep # 50
Simulation time is 0.031875
+++++++++++++++++++++++++++++++++++++++++++++++++++


+++++++++++++++++++++++++++++++++++++++++++++++++++
At beginning of timestep # 51
Simulation time is 0.031875
IBHierarchyIntegrator::advanceHierarchy(): time interval = [0.031875,0.0325], dt = 0.000625
IBHierarchyIntegrator::preprocessIntegrateHierarchy(): performing Lagrangian forward Euler step
IBHierarchyIntegrator::advanceHierarchy(): integrating hierarchy
IBHierarchyIntegrator::integrateHierarchy(): computing Lagrangian force
IBHierarchyIntegrator::integrateHierarchy(): spreading Lagrangian force to the Eulerian grid
IBHierarchyIntegrator::integrateHierarchy(): solving the incompressible Navier-Stokes equations
INSStaggeredHierarchyIntegrator::integrateHierarchy(): stokes solve number of iterations = 2
INSStaggeredHierarchyIntegrator::integrateHierarchy(): stokes solve residual norm        = 6.97435e-07
IBHierarchyIntegrator::integrateHierarchy(): interpolating Eulerian velocity to the Lagrangian mesh
IBHierarchyIntegrator::integrateHierarchy(): performing Lagrangian midpoint-rule step
IBHierarchyIntegrator::postprocessIntegrateHierarchy(): interpolating Eulerian velocity to the Lagrangian mesh
IBHierarchyIntegrator::postprocessIntegrateHierarchy(): CFL number = 5.53375e-06
IBHierarchyIntegrator::postprocessIntegrateHierarchy(): Eulerian estimate of upper bound on IB point displacement since last regrid = 0.0002721
IBHierarchyIntegrator::advanceHierarchy(): synchronizing updated data
IBHierarchyIntegrator::advanceHierarchy(): resetting time dependent data

At end       of timestep # 51
Simulation time is 0.0325
+++++++++++++++++++++++++++++++++++++++++++++++++++


+++++++++++++++++++++++++++++++++++++++++++++++++++
At beginning of timestep # 52
Simulation time is 0.0325
IBHierarchyIntegrator::advanceHierarchy(): time interval = [0.0325,0.033125], dt = 0.000625
IBHierarchyIntegrator::preprocessIntegrateHierarchy(): performing Lagrangian forward Euler step
IBHierarchyIntegrator::advanceHierarchy(): integrating hierarchy
IBHierarchyIntegrator::integrateHierarchy(): computing Lagrangian force
IBHierarchyIntegrator::integrateHierarchy(): spreading Lagrangian force to the Eulerian grid
IBHierarchyIntegrator::integrateHierarchy(): solving the incompressible Navier-Stokes equations
INSStaggeredHierarchyIntegrator::integrateHierarchy(): stokes solve number of iterations = 2
INSStaggeredHierarchyIntegrator::integrateHierarchy(): stokes solve residual norm        = 6.82216e-07
IBHierarchyIntegrator::integrateHierarchy(): interpolating Eulerian velocity to the Lagrangian mesh
IBHierarchyIntegrator::integrateHierarchy(): performing Lagrangian midpoint-rule step
IBHierarchyIntegrator::postprocessIntegrateHierarchy(): interpolating Eulerian velocity to the Lagrangian mesh
IBHierarchyIntegrator::postprocessIntegrateHierarchy(): CFL number = 5.55849e-06
IBHierarchyIntegrator::postprocessIntegrateHierarchy(): Eulerian estimate of upper bound on IB point displacement since last regrid = 0.000277659
IBHierarchyIntegrator::advanceHierarchy(): synchronizing updated data
IBHierarchyIntegrator::advanceHierarchy(): resetting time dependent data

At end       of timestep # 52
Simulation time is 0.033125
+++++++++++++++++++++++++++++++++++++++++++++++++++


+++++++++++++++++++++++++++++++++++++++++++++++++++
At beginning of timestep # 53
Simulation time is 0.033125
IBHierarchyIntegrator::advanceHierarchy(): time interval = [0.033125,0.03375], dt = 0.000625
IBHierarchyIntegrator::preprocessIntegrateHierarchy(): performing Lagrangian forward Euler step
IBHierarchyIntegrator::advanceHierarchy(): integrating hierarchy
IBHierarchyIntegrator::integrateHierarchy(): computing Lagrangian force
IBHierarchyIntegrator::integrateHierarchy(): spreading Lagrangian force to the Eulerian grid
IBHierarchyIntegrator::integrateHierarchy(): solving the incompressible Navier-Stokes equations
INSStaggeredHierarchyIntegrator::integrateHierarchy(): stokes solve number of iterations = 2
INSStaggeredHierarchyIntegrator::integrateHierarchy(): stokes solve residual norm        = 6.67692e-07
IBHierarchyIntegrator::integrateHierarchy(): interpolating Eulerian velocity to the Lagrangian mesh
IBHierarchyIntegrator::integrateHierarchy(): performing Lagrangian midpoint-rule step
IBHierarchyIntegrator::postprocessIntegrateHierarchy(): interpolating Eulerian velocity to the Lagrangian mesh
IBHierarchyIntegrator::postprocessIntegrateHierarchy(): CFL number = 5.58209e-06
IBHierarchyIntegrator::postprocessIntegrateHierarchy(): Eulerian estimate of upper bound on IB point displacement since last regrid = 0.000283241
IBHierarchyIntegrator::advanceHierarchy(): synchronizing updated data
IBHierarchyIntegrator::advanceHierarchy(): resetting time dependent data

At end       of timestep # 53
Simulation time is 0.03375
+++++++++++++++++++++++++++++++++++++++++++++++++++


+++++++++++++++++++++++++++++++++++++++++++++++++++
At beginning of timestep # 54
Simulation time is 0.03375
IBHierarchyIntegrator::advanceHierarchy(): time interval = [0.03375,0.034375], dt = 0.000625
IBHierarchyIntegrator::preprocessIntegrateHierarchy(): performing Lagrangian forward Euler step
IBHierarchyIntegrator::advanceHierarchy(): integrating hierarchy
IBHierarchyIntegrator::integrateHierarchy(): computing Lagrangian force
IBHierarchyIntegrator::integrateHierarchy(): spreading Lagrangian force to the Eulerian grid
IBHierarchyIntegrator::integrateHierarchy(): solving the incompressible Navier-Stokes equations
INSStaggeredHierarchyIntegrator::integrateHierarchy(): stokes solve number of iterations = 2
INSStaggeredHierarchyIntegrator::integrateHierarchy(): stokes solve residual norm        = 6.53946e-07
IBHierarchyIntegrator::integrateHierarchy(): interpolating Eulerian velocity to the Lagrangian mesh
IBHierarchyIntegrator::integrateHierarchy(): performing Lagrangian midpoint-rule step
IBHierarchyIntegrator::postprocessIntegrateHierarchy(): interpolating Eulerian velocity to the Lagrangian mesh
IBHierarchyIntegrator::postprocessIntegrateHierarchy(): CFL number = 5.60456e-06
IBHierarchyIntegrator::postprocessIntegrateHierarchy(): Eulerian estimate of upper bound on IB point displacement since last regrid = 0.000288845
IBHierarchyIntegrator::advanceHierarchy(): synchronizing updated data
IBHierarchyIntegrator::advanceHierarchy(): resetting time dependent data

At end       of timestep # 54
Simulation time is 0.034375
+++++++++++++++++++++++++++++++++++++++++++++++++++


+++++++++++++++++++++++++++++++++++++++++++++++++++
At beginning of timestep # 55
Simulation time is 0.034375
IBHierarchyIntegrator::advanceHierarchy(): time interval = [0.034375,0.035], dt = 0.000625
IBHierarchyIntegrator::preprocessIntegrateHierarchy(): performing Lagrangian forward Euler step
IBHierarchyIntegrator::advanceHierarchy(): integrating hierarchy
IBHierarchyIntegrator::integrateHierarchy(): computing Lagrangian force
IBHierarchyIntegrator::integrateHierarchy(): spreading Lagrangian force to the Eulerian grid
IBHierarchyIntegrator::integrateHierarchy(): solving the incompressible Navier-Stokes equations
INSStaggeredHierarchyIntegrator::integrateHierarchy(): stokes solve number of iterations = 2
INSStaggeredHierarchyIntegrator::integrateHierarchy(): stokes solve residual norm        = 6.41047e-07
IBHierarchyIntegrator::integrateHierarchy(): interpolating Eulerian velocity to the Lagrangian mesh
IBHierarchyIntegrator::integrateHierarchy(): performing Lagrangian midpoint-rule step
IBHierarchyIntegrator::postprocessIntegrateHierarchy(): interpolating Eulerian velocity to the Lagrangian mesh
IBHierarchyIntegrator::postprocessIntegrateHierarchy(): CFL number = 5.6259e-06
IBHierarchyIntegrator::postprocessIntegrateHierarchy(): Eulerian estimate of upper bound on IB point displacement since last regrid = 0.000294471
IBHierarchyIntegrator::advanceHierarchy(): synchronizing updated data
IBHierarchyIntegrator::advanceHierarchy(): resetting time dependent data

At end       of timestep # 55
Simulation time is 0.035
+++++++++++++++++++++++++++++++++++++++++++++++++++


+++++++++++++++++++++++++++++++++++++++++++++++++++
At beginning of timestep # 56
Simulation time is 0.035
IBHierarchyIntegrator::advanceHierarchy(): time interval = [0.035,0.035625], dt = 0.000625
IBHierarchyIntegrator::preprocessIntegrateHierarchy(): performing Lagrangian forward Euler step
IBHierarchyIntegrator::advanceHierarchy(): integrating hierarchy
IBHierarchyIntegrator::integrateHierarchy(): computing Lagrangian force
IBHierarchyIntegrator::integrateHierarchy(): spreading Lagrangian force to the Eulerian grid
IBHierarchyIntegrator::integrateHierarchy(): solving the incompressible Navier-Stokes equations
INSStaggeredHierarchyIntegrator::integrateHierarchy(): stokes solve number of iterations = 2
INSStaggeredHierarchyIntegrator::integrateHierarchy(): stokes solve residual norm        = 6.29048e-07
IBHierarchyIntegrator::integrateHierarchy(): interpolating Eulerian velocity to the Lagrangian mesh
IBHierarchyIntegrator::integrateHierarchy(): performing Lagrangian midpoint-rule step
IBHierarchyIntegrator::postprocessIntegrateHierarchy(): interpolating Eulerian velocity to the Lagrangian mesh
IBHierarchyIntegrator::postprocessIntegrateHierarchy(): CFL number = 5.64613e-06
IBHierarchyIntegrator::postprocessIntegrateHierarchy(): Eulerian estimate of upper bound on IB point displacement since last regrid = 0.000300117
IBHierarchyIntegrator::advanceHierarchy(): synchronizing updated data
IBHierarchyIntegrator::advanceHierarchy(): resetting time dependent data

At end       of timestep # 56
Simulation time is 0.035625
+++++++++++++++++++++++++++++++++++++++++++++++++++


+++++++++++++++++++++++++++++++++++++++++++++++++++
At beginning of timestep # 57
Simulation time is 0.035625
IBHierarchyIntegrator::advanceHierarchy(): time interval = [0.035625,0.03625], dt = 0.000625
IBHierarchyIntegrator::preprocessIntegrateHierarchy(): performing Lagrangian forward Euler step
IBHierarchyIntegrator::advanceHierarchy(): integrating hierarchy
IBHierarchyIntegrator::integrateHierarchy(): computing Lagrangian force
IBHierarchyIntegrator::integrateHierarchy(): spreading Lagrangian force to the Eulerian grid
IBHierarchyIntegrator::integrateHierarchy(): solving the incompressible Navier-Stokes equations
INSStaggeredHierarchyIntegrator::integrateHierarchy(): stokes solve number of iterations = 2
INSStaggeredHierarchyIntegrator::integrateHierarchy(): stokes solve residual norm        = 6.17977e-07
IBHierarchyIntegrator::integrateHierarchy(): interpolating Eulerian velocity to the Lagrangian mesh
IBHierarchyIntegrator::integrateHierarchy(): performing Lagrangian midpoint-rule step
IBHierarchyIntegrator::postprocessIntegrateHierarchy(): interpolating Eulerian velocity to the Lagrangian mesh
IBHierarchyIntegrator::postprocessIntegrateHierarchy(): CFL number = 5.66525e-06
IBHierarchyIntegrator::postprocessIntegrateHierarchy(): Eulerian estimate of upper bound on IB point displacement since last regrid = 0.000305783
IBHierarchyIntegrator::advanceHierarchy(): synchronizing updated data
IBHierarchyIntegrator::advanceHierarchy(): resetting time dependent data

At end       of timestep # 57
Simulation time is 0.03625
+++++++++++++++++++++++++++++++++++++++++++++++++++


+++++++++++++++++++++++++++++++++++++++++++++++++++
At beginning of timestep # 58
Simulation time is 0.03625
IBHierarchyIntegrator::advanceHierarchy(): time interval = [0.03625,0.036875], dt = 0.000625
IBHierarchyIntegrator::preprocessIntegrateHierarchy(): performing Lagrangian forward Euler step
IBHierarchyIntegrator::advanceHierarchy(): integrating hierarchy
IBHierarchyIntegrator::integrateHierarchy(): computing Lagrangian force
IBHierarchyIntegrator::integrateHierarchy(): spreading Lagrangian force to the Eulerian grid
IBHierarchyIntegrator::integrateHierarchy(): solving the incompressible Navier-Stokes equations
INSStaggeredHierarchyIntegrator::integrateHierarchy(): stokes solve number of iterations = 2
INSStaggeredHierarchyIntegrator::integrateHierarchy(): stokes solve residual norm        = 6.07846e-07
IBHierarchyIntegrator::integrateHierarchy(): interpolating Eulerian velocity to the Lagrangian mesh
IBHierarchyIntegrator::integrateHierarchy(): performing Lagrangian midpoint-rule step
IBHierarchyIntegrator::postprocessIntegrateHierarchy(): interpolating Eulerian velocity to the Lagrangian mesh
IBHierarchyIntegrator::postprocessIntegrateHierarchy(): CFL number = 5.6833e-06
IBHierarchyIntegrator::postprocessIntegrateHierarchy(): Eulerian estimate of upper bound on IB point displacement since last regrid = 0.000311466
IBHierarchyIntegrator::advanceHierarchy(): synchronizing updated data
IBHierarchyIntegrator::advanceHierarchy(): resetting time dependent data

At end       of timestep # 58
Simulation time is 0.036875
+++++++++++++++++++++++++++++++++++++++++++++++++++


+++++++++++++++++++++++++++++++++++++++++++++++++++
At beginning of timestep # 59
Simulation time is 0.036875
IBHierarchyIntegrator::advanceHierarchy(): time interval = [0.036875,0.0375], dt = 0.000625
IBHierarchyIntegrator::preprocessIntegrateHierarchy(): performing Lagrangian forward Euler step
IBHierarchyIntegrator::advanceHierarchy(): integrating hierarchy
IBHierarchyIntegrator::integrateHierarchy(): computing Lagrangian force
IBHierarchyIntegrator::integrateHierarchy(): spreading Lagrangian force to the Eulerian grid
IBHierarchyIntegrator::integrateHierarchy(): solving the incompressible Navier-Stokes equations
INSStaggeredHierarchyIntegrator::integrateHierarchy(): stokes solve number of iterations = 2
INSStaggeredHierarchyIntegrator::integrateHierarchy(): stokes solve residual norm        = 5.98632e-07
IBHierarchyIntegrator::integrateHierarchy(): interpolating Eulerian velocity to the Lagrangian mesh
IBHierarchyIntegrator::integrateHierarchy(): performing Lagrangian midpoint-rule step
IBHierarchyIntegrator::postprocessIntegrateHierarchy(): interpolating Eulerian velocity to the Lagrangian mesh
IBHierarchyIntegrator::postprocessIntegrateHierarchy(): CFL number = 5.70029e-06
IBHierarchyIntegrator::postprocessIntegrateHierarchy(): Eulerian estimate of upper bound on IB point displacement since last regrid = 0.000317166
IBHierarchyIntegrator::advanceHierarchy(): synchronizing updated data
IBHierarchyIntegrator::advanceHierarchy(): resetting time dependent data

At end       of timestep # 59
Simulation time is 0.0375
+++++++++++++++++++++++++++++++++++++++++++++++++++


+++++++++++++++++++++++++++++++++++++++++++++++++++
At beginning of timestep # 60
Simulation time is 0.0375
IBHierarchyIntegrator::advanceHierarchy(): time interval = [0.0375,0.038125], dt = 0.000625
IBHierarchyIntegrator::preprocessIntegrateHierarchy(): performing Lagrangian forward Euler step
IBHierarchyIntegrator::advanceHierarchy(): integrating hierarchy
IBHierarchyIntegrator::integrateHierarchy(): computing Lagrangian force
IBHierarchyIntegrator::integrateHierarchy(): spreading Lagrangian force to the Eulerian grid
IBHierarchyIntegrator::integrateHierarchy(): solving the incompressible Navier-Stokes equations
INSStaggeredHierarchyIntegrator::integrateHierarchy(): stokes solve number of iterations = 2
INSStaggeredHierarchyIntegrator::integrateHierarchy(): stokes solve residual norm        = 5.90305e-07
IBHierarchyIntegrator::integrateHierarchy(): interpolating Eulerian velocity to the Lagrangian mesh
IBHierarchyIntegrator::integrateHierarchy(): performing Lagrangian midpoint-rule step
IBHierarchyIntegrator::postprocessIntegrateHierarchy(): interpolating Eulerian velocity to the Lagrangian mesh
IBHierarchyIntegrator::postprocessIntegrateHierarchy(): CFL number = 5.71624e-06
IBHierarchyIntegrator::postprocessIntegrateHierarchy(): Eulerian estimate of upper bound on IB point displacement since last regrid = 0.000322882
IBHierarchyIntegrator::advanceHierarchy(): synchronizing updated data
IBHierarchyIntegrator::advanceHierarchy(): resetting time dependent data

At end       of timestep # 60
Simulation time is 0.038125
+++++++++++++++++++++++++++++++++++++++++++++++++++


+++++++++++++++++++++++++++++++++++++++++++++++++++
At beginning of timestep # 61
Simulation time is 0.038125
IBHierarchyIntegrator::advanceHierarchy(): time interval = [0.038125,0.03875], dt = 0.000625
IBHierarchyIntegrator::preprocessIntegrateHierarchy(): performing Lagrangian forward Euler step
IBHierarchyIntegrator::advanceHierarchy(): integrating hierarchy
IBHierarchyIntegrator::integrateHierarchy(): computing Lagrangian force
IBHierarchyIntegrator::integrateHierarchy(): spreading Lagrangian force to the Eulerian grid
IBHierarchyIntegrator::integrateHierarchy(): solving the incompressible Navier-Stokes equations
INSStaggeredHierarchyIntegrator::integrateHierarchy(): stokes solve number of iterations = 2
INSStaggeredHierarchyIntegrator::integrateHierarchy(): stokes solve residual norm        = 5.82802e-07
IBHierarchyIntegrator::integrateHierarchy(): interpolating Eulerian velocity to the Lagrangian mesh
IBHierarchyIntegrator::integrateHierarchy(): performing Lagrangian midpoint-rule step
IBHierarchyIntegrator::postprocessIntegrateHierarchy(): interpolating Eulerian velocity to the Lagrangian mesh
IBHierarchyIntegrator::postprocessIntegrateHierarchy(): CFL number = 5.73118e-06
IBHierarchyIntegrator::postprocessIntegrateHierarchy(): Eulerian estimate of upper bound on IB point displacement since last regrid = 0.000328614
IBHierarchyIntegrator::advanceHierarchy(): synchronizing updated data
IBHierarchyIntegrator::advanceHierarchy(): resetting time dependent data

At end       of timestep # 61
Simulation time is 0.03875
+++++++++++++++++++++++++++++++++++++++++++++++++++


+++++++++++++++++++++++++++++++++++++++++++++++++++
At beginning of timestep # 62
Simulation time is 0.03875
IBHierarchyIntegrator::advanceHierarchy(): time interval = [0.03875,0.039375], dt = 0.000625
IBHierarchyIntegrator::preprocessIntegrateHierarchy(): performing Lagrangian forward Euler step
IBHierarchyIntegrator::advanceHierarchy(): integrating hierarchy
IBHierarchyIntegrator::integrateHierarchy(): computing Lagrangian force
IBHierarchyIntegrator::integrateHierarchy(): spreading Lagrangian force to the Eulerian grid
IBHierarchyIntegrator::integrateHierarchy(): solving the incompressible Navier-Stokes equations
INSStaggeredHierarchyIntegrator::integrateHierarchy(): stokes solve number of iterations = 2
INSStaggeredHierarchyIntegrator::integrateHierarchy(): stokes solve residual norm        = 5.76054e-07
IBHierarchyIntegrator::integrateHierarchy(): interpolating Eulerian velocity to the Lagrangian mesh
IBHierarchyIntegrator::integrateHierarchy(): performing Lagrangian midpoint-rule step
IBHierarchyIntegrator::postprocessIntegrateHierarchy(): interpolating Eulerian velocity to the Lagrangian mesh
IBHierarchyIntegrator::postprocessIntegrateHierarchy(): CFL number = 5.74513e-06
IBHierarchyIntegrator::postprocessIntegrateHierarchy(): Eulerian estimate of upper bound on IB point displacement since last regrid = 0.000334359
IBHierarchyIntegrator::advanceHierarchy(): synchronizing updated data
IBHierarchyIntegrator::advanceHierarchy(): resetting time dependent data

At end       of timestep # 62
Simulation time is 0.039375
+++++++++++++++++++++++++++++++++++++++++++++++++++


+++++++++++++++++++++++++++++++++++++++++++++++++++
At beginning of timestep # 63
Simulation time is 0.039375
IBHierarchyIntegrator::advanceHierarchy(): time interval = [0.039375,0.04], dt = 0.000625
IBHierarchyIntegrator::preprocessIntegrateHierarchy(): performing Lagrangian forward Euler step
IBHierarchyIntegrator::advanceHierarchy(): integrating hierarchy
IBHierarchyIntegrator::integrateHierarchy(): computing Lagrangian force
IBHierarchyIntegrator::integrateHierarchy(): spreading Lagrangian force to the Eulerian grid
IBHierarchyIntegrator::integrateHierarchy(): solving the incompressible Navier-Stokes equations
INSStaggeredHierarchyIntegrator::integrateHierarchy(): stokes solve number of iterations = 2
INSStaggeredHierarchyIntegrator::integrateHierarchy(): stokes solve residual norm        = 5.69974e-07
IBHierarchyIntegrator::integrateHierarchy(): interpolating Eulerian velocity to the Lagrangian mesh
IBHierarchyIntegrator::integrateHierarchy(): performing Lagrangian midpoint-rule step
IBHierarchyIntegrator::postprocessIntegrateHierarchy(): interpolating Eulerian velocity to the Lagrangian mesh
IBHierarchyIntegrator::postprocessIntegrateHierarchy(): CFL number = 5.75812e-06
IBHierarchyIntegrator::postprocessIntegrateHierarchy(): Eulerian estimate of upper bound on IB point displacement since last regrid = 0.000340117
IBHierarchyIntegrator::advanceHierarchy(): synchronizing updated data
IBHierarchyIntegrator::advanceHierarchy(): resetting time dependent data

At end       of timestep # 63
Simulation time is 0.04
+++++++++++++++++++++++++++++++++++++++++++++++++++


+++++++++++++++++++++++++++++++++++++++++++++++++++
At beginning of timestep # 64
Simulation time is 0.04
IBHierarchyIntegrator::advanceHierarchy(): time interval = [0.04,0.040625], dt = 0.000625
IBHierarchyIntegrator::preprocessIntegrateHierarchy(): performing Lagrangian forward Euler step
IBHierarchyIntegrator::advanceHierarchy(): integrating hierarchy
IBHierarchyIntegrator::integrateHierarchy(): computing Lagrangian force
IBHierarchyIntegrator::integrateHierarchy(): spreading Lagrangian force to the Eulerian grid
IBHierarchyIntegrator::integrateHierarchy(): solving the incompressible Navier-Stokes equations
INSStaggeredHierarchyIntegrator::integrateHierarchy(): stokes solve number of iterations = 2
INSStaggeredHierarchyIntegrator::integrateHierarchy(): stokes solve residual norm        = 5.64467e-07
IBHierarchyIntegrator::integrateHierarchy(): interpolating Eulerian velocity to the Lagrangian mesh
IBHierarchyIntegrator::integrateHierarchy(): performing Lagrangian midpoint-rule step
IBHierarchyIntegrator::postprocessIntegrateHierarchy(): interpolating Eulerian velocity to the Lagrangian mesh
IBHierarchyIntegrator::postprocessIntegrateHierarchy(): CFL number = 5.77018e-06
IBHierarchyIntegrator::postprocessIntegrateHierarchy(): Eulerian estimate of upper bound on IB point displacement since last regrid = 0.000345887
IBHierarchyIntegrator::advanceHierarchy(): synchronizing updated data
IBHierarchyIntegrator::advanceHierarchy(): resetting time dependent data

At end       of timestep # 64
Simulation time is 0.040625
+++++++++++++++++++++++++++++++++++++++++++++++++++


+++++++++++++++++++++++++++++++++++++++++++++++++++
At beginning of timestep # 65
Simulation time is 0.040625
IBHierarchyIntegrator::advanceHierarchy(): time interval = [0.040625,0.04125], dt = 0.000625
IBHierarchyIntegrator::preprocessIntegrateHierarchy(): performing Lagrangian forward Euler step
IBHierarchyIntegrator::advanceHierarchy(): integrating hierarchy
IBHierarchyIntegrator::integrateHierarchy(): computing Lagrangian force
IBHierarchyIntegrator::integrateHierarchy(): spreading Lagrangian force to the Eulerian grid
IBHierarchyIntegrator::integrateHierarchy(): solving the incompressible Navier-Stokes equations
INSStaggeredHierarchyIntegrator::integrateHierarchy(): stokes solve number of iterations = 2
INSStaggeredHierarchyIntegrator::integrateHierarchy(): stokes solve residual norm        = 5.59443e-07
IBHierarchyIntegrator::integrateHierarchy(): interpolating Eulerian velocity to the Lagrangian mesh
IBHierarchyIntegrator::integrateHierarchy(): performing Lagrangian midpoint-rule step
IBHierarchyIntegrator::postprocessIntegrateHierarchy(): interpolating Eulerian velocity to the Lagrangian mesh
IBHierarchyIntegrator::postprocessIntegrateHierarchy(): CFL number = 5.78134e-06
IBHierarchyIntegrator::postprocessIntegrateHierarchy(): Eulerian estimate of upper bound on IB point displacement since last regrid = 0.000351668
IBHierarchyIntegrator::advanceHierarchy(): synchronizing updated data
IBHierarchyIntegrator::advanceHierarchy(): resetting time dependent data

At end       of timestep # 65
Simulation time is 0.04125
+++++++++++++++++++++++++++++++++++++++++++++++++++


+++++++++++++++++++++++++++++++++++++++++++++++++++
At beginning of timestep # 66
Simulation time is 0.04125
IBHierarchyIntegrator::advanceHierarchy(): time interval = [0.04125,0.041875], dt = 0.000625
IBHierarchyIntegrator::preprocessIntegrateHierarchy(): performing Lagrangian forward Euler step
IBHierarchyIntegrator::advanceHierarchy(): integrating hierarchy
IBHierarchyIntegrator::integrateHierarchy(): computing Lagrangian force
IBHierarchyIntegrator::integrateHierarchy(): spreading Lagrangian force to the Eulerian grid
IBHierarchyIntegrator::integrateHierarchy(): solving the incompressible Navier-Stokes equations
INSStaggeredHierarchyIntegrator::integrateHierarchy(): stokes solve number of iterations = 2
INSStaggeredHierarchyIntegrator::integrateHierarchy(): stokes solve residual norm        = 5.54802e-07
IBHierarchyIntegrator::integrateHierarchy(): interpolating Eulerian velocity to the Lagrangian mesh
IBHierarchyIntegrator::integrateHierarchy(): performing Lagrangian midpoint-rule step
IBHierarchyIntegrator::postprocessIntegrateHierarchy(): interpolating Eulerian velocity to the Lagrangian mesh
IBHierarchyIntegrator::postprocessIntegrateHierarchy(): CFL number = 5.79164e-06
IBHierarchyIntegrator::postprocessIntegrateHierarchy(): Eulerian estimate of upper bound on IB point displacement since last regrid = 0.00035746
IBHierarchyIntegrator::advanceHierarchy(): synchronizing updated data
IBHierarchyIntegrator::advanceHierarchy(): resetting time dependent data

At end       of timestep # 66
Simulation time is 0.041875
+++++++++++++++++++++++++++++++++++++++++++++++++++


+++++++++++++++++++++++++++++++++++++++++++++++++++
At beginning of timestep # 67
Simulation time is 0.041875
IBHierarchyIntegrator::advanceHierarchy(): time interval = [0.041875,0.0425], dt = 0.000625
IBHierarchyIntegrator::preprocessIntegrateHierarchy(): performing Lagrangian forward Euler step
IBHierarchyIntegrator::advanceHierarchy(): integrating hierarchy
IBHierarchyIntegrator::integrateHierarchy(): computing Lagrangian force
IBHierarchyIntegrator::integrateHierarchy(): spreading Lagrangian force to the Eulerian grid
IBHierarchyIntegrator::integrateHierarchy(): solving the incompressible Navier-Stokes equations
INSStaggeredHierarchyIntegrator::integrateHierarchy(): stokes solve number of iterations = 2
INSStaggeredHierarchyIntegrator::integrateHierarchy(): stokes solve residual norm        = 5.50451e-07
IBHierarchyIntegrator::integrateHierarchy(): interpolating Eulerian velocity to the Lagrangian mesh
IBHierarchyIntegrator::integrateHierarchy(): performing Lagrangian midpoint-rule step
IBHierarchyIntegrator::postprocessIntegrateHierarchy(): interpolating Eulerian velocity to the Lagrangian mesh
IBHierarchyIntegrator::postprocessIntegrateHierarchy(): CFL number = 5.8011e-06
IBHierarchyIntegrator::postprocessIntegrateHierarchy(): Eulerian estimate of upper bound on IB point displacement since last regrid = 0.000363261
IBHierarchyIntegrator::advanceHierarchy(): synchronizing updated data
IBHierarchyIntegrator::advanceHierarchy(): resetting time dependent data

At end       of timestep # 67
Simulation time is 0.0425
+++++++++++++++++++++++++++++++++++++++++++++++++++


+++++++++++++++++++++++++++++++++++++++++++++++++++
At beginning of timestep # 68
Simulation time is 0.0425
IBHierarchyIntegrator::advanceHierarchy(): time interval = [0.0425,0.043125], dt = 0.000625
IBHierarchyIntegrator::preprocessIntegrateHierarchy(): performing Lagrangian forward Euler step
IBHierarchyIntegrator::advanceHierarchy(): integrating hierarchy
IBHierarchyIntegrator::integrateHierarchy(): computing Lagrangian force
IBHierarchyIntegrator::integrateHierarchy(): spreading Lagrangian force to the Eulerian grid
IBHierarchyIntegrator::integrateHierarchy(): solving the incompressible Navier-Stokes equations
INSStaggeredHierarchyIntegrator::integrateHierarchy(): stokes solve number of iterations = 2
INSStaggeredHierarchyIntegrator::integrateHierarchy(): stokes solve residual norm        = 5.46313e-07
IBHierarchyIntegrator::integrateHierarchy(): interpolating Eulerian velocity to the Lagrangian mesh
IBHierarchyIntegrator::integrateHierarchy(): performing Lagrangian midpoint-rule step
IBHierarchyIntegrator::postprocessIntegrateHierarchy(): interpolating Eulerian velocity to the Lagrangian mesh
IBHierarchyIntegrator::postprocessIntegrateHierarchy(): CFL number = 5.80976e-06
IBHierarchyIntegrator::postprocessIntegrateHierarchy(): Eulerian estimate of upper bound on IB point displacement since last regrid = 0.000369071
IBHierarchyIntegrator::advanceHierarchy(): synchronizing updated data
IBHierarchyIntegrator::advanceHierarchy(): resetting time dependent data

At end       of timestep # 68
Simulation time is 0.043125
+++++++++++++++++++++++++++++++++++++++++++++++++++


+++++++++++++++++++++++++++++++++++++++++++++++++++
At beginning of timestep # 69
Simulation time is 0.043125
IBHierarchyIntegrator::advanceHierarchy(): time interval = [0.043125,0.04375], dt = 0.000625
IBHierarchyIntegrator::preprocessIntegrateHierarchy(): performing Lagrangian forward Euler step
IBHierarchyIntegrator::advanceHierarchy(): integrating hierarchy
IBHierarchyIntegrator::integrateHierarchy(): computing Lagrangian force
IBHierarchyIntegrator::integrateHierarchy(): spreading Lagrangian force to the Eulerian grid
IBHierarchyIntegrator::integrateHierarchy(): solving the incompressible Navier-Stokes equations
INSStaggeredHierarchyIntegrator::integrateHierarchy(): stokes solve number of iterations = 2
INSStaggeredHierarchyIntegrator::integrateHierarchy(): stokes solve residual norm        = 5.423e-07
IBHierarchyIntegrator::integrateHierarchy(): interpolating Eulerian velocity to the Lagrangian mesh
IBHierarchyIntegrator::integrateHierarchy(): performing Lagrangian midpoint-rule step
IBHierarchyIntegrator::postprocessIntegrateHierarchy(): interpolating Eulerian velocity to the Lagrangian mesh
IBHierarchyIntegrator::postprocessIntegrateHierarchy(): CFL number = 5.81765e-06
IBHierarchyIntegrator::postprocessIntegrateHierarchy(): Eulerian estimate of upper bound on IB point displacement since last regrid = 0.000374889
IBHierarchyIntegrator::advanceHierarchy(): synchronizing updated data
IBHierarchyIntegrator::advanceHierarchy(): resetting time dependent data

At end       of timestep # 69
Simulation time is 0.04375
+++++++++++++++++++++++++++++++++++++++++++++++++++


+++++++++++++++++++++++++++++++++++++++++++++++++++
At beginning of timestep # 70
Simulation time is 0.04375
IBHierarchyIntegrator::advanceHierarchy(): time interval = [0.04375,0.044375], dt = 0.000625
IBHierarchyIntegrator::preprocessIntegrateHierarchy(): performing Lagrangian forward Euler step
IBHierarchyIntegrator::advanceHierarchy(): integrating hierarchy
IBHierarchyIntegrator::integrateHierarchy(): computing Lagrangian force
IBHierarchyIntegrator::integrateHierarchy(): spreading Lagrangian force to the Eulerian grid
IBHierarchyIntegrator::integrateHierarchy(): solving the incompressible Navier-Stokes equations
INSStaggeredHierarchyIntegrator::integrateHierarchy(): stokes solve number of iterations = 2
INSStaggeredHierarchyIntegrator::integrateHierarchy(): stokes solve residual norm        = 5.38357e-07
IBHierarchyIntegrator::integrateHierarchy(): interpolating Eulerian velocity to the Lagrangian mesh
IBHierarchyIntegrator::integrateHierarchy(): performing Lagrangian midpoint-rule step
IBHierarchyIntegrator::postprocessIntegrateHierarchy(): interpolating Eulerian velocity to the Lagrangian mesh
IBHierarchyIntegrator::postprocessIntegrateHierarchy(): CFL number = 5.82481e-06
IBHierarchyIntegrator::postprocessIntegrateHierarchy(): Eulerian estimate of upper bound on IB point displacement since last regrid = 0.000380713
IBHierarchyIntegrator::advanceHierarchy(): synchronizing updated data
IBHierarchyIntegrator::advanceHierarchy(): resetting time dependent data

At end       of timestep # 70
Simulation time is 0.044375
+++++++++++++++++++++++++++++++++++++++++++++++++++


+++++++++++++++++++++++++++++++++++++++++++++++++++
At beginning of timestep # 71
Simulation time is 0.044375
IBHierarchyIntegrator::advanceHierarchy(): time interval = [0.044375,0.045], dt = 0.000625
IBHierarchyIntegrator::preprocessIntegrateHierarchy(): performing Lagrangian forward Euler step
IBHierarchyIntegrator::advanceHierarchy(): integrating hierarchy
IBHierarchyIntegrator::integrateHierarchy(): computing Lagrangian force
IBHierarchyIntegrator::integrateHierarchy(): spreading Lagrangian force to the Eulerian grid
IBHierarchyIntegrator::integrateHierarchy(): solving the incompressible Navier-Stokes equations
INSStaggeredHierarchyIntegrator::integrateHierarchy(): stokes solve number of iterations = 2
INSStaggeredHierarchyIntegrator::integrateHierarchy(): stokes solve residual norm        = 5.34413e-07
IBHierarchyIntegrator::integrateHierarchy(): interpolating Eulerian velocity to the Lagrangian mesh
IBHierarchyIntegrator::integrateHierarchy(): performing Lagrangian midpoint-rule step
IBHierarchyIntegrator::postprocessIntegrateHierarchy(): interpolating Eulerian velocity to the Lagrangian mesh
IBHierarchyIntegrator::postprocessIntegrateHierarchy(): CFL number = 5.83126e-06
IBHierarchyIntegrator::postprocessIntegrateHierarchy(): Eulerian estimate of upper bound on IB point displacement since last regrid = 0.000386545
IBHierarchyIntegrator::advanceHierarchy(): synchronizing updated data
IBHierarchyIntegrator::advanceHierarchy(): resetting time dependent data

At end       of timestep # 71
Simulation time is 0.045
+++++++++++++++++++++++++++++++++++++++++++++++++++


+++++++++++++++++++++++++++++++++++++++++++++++++++
At beginning of timestep # 72
Simulation time is 0.045
IBHierarchyIntegrator::advanceHierarchy(): time interval = [0.045,0.045625], dt = 0.000625
IBHierarchyIntegrator::preprocessIntegrateHierarchy(): performing Lagrangian forward Euler step
IBHierarchyIntegrator::advanceHierarchy(): integrating hierarchy
IBHierarchyIntegrator::integrateHierarchy(): computing Lagrangian force
IBHierarchyIntegrator::integrateHierarchy(): spreading Lagrangian force to the Eulerian grid
IBHierarchyIntegrator::integrateHierarchy(): solving the incompressible Navier-Stokes equations
INSStaggeredHierarchyIntegrator::integrateHierarchy(): stokes solve number of iterations = 2
INSStaggeredHierarchyIntegrator::integrateHierarchy(): stokes solve residual norm        = 5.30425e-07
IBHierarchyIntegrator::integrateHierarchy(): interpolating Eulerian velocity to the Lagrangian mesh
IBHierarchyIntegrator::integrateHierarchy(): performing Lagrangian midpoint-rule step
IBHierarchyIntegrator::postprocessIntegrateHierarchy(): interpolating Eulerian velocity to the Lagrangian mesh
IBHierarchyIntegrator::postprocessIntegrateHierarchy(): CFL number = 5.83705e-06
IBHierarchyIntegrator::postprocessIntegrateHierarchy(): Eulerian estimate of upper bound on IB point displacement since last regrid = 0.000392382
IBHierarchyIntegrator::advanceHierarchy(): synchronizing updated data
IBHierarchyIntegrator::advanceHierarchy(): resetting time dependent data

At end       of timestep # 72
Simulation time is 0.045625
+++++++++++++++++++++++++++++++++++++++++++++++++++


+++++++++++++++++++++++++++++++++++++++++++++++++++
At beginning of timestep # 73
Simulation time is 0.045625
IBHierarchyIntegrator::advanceHierarchy(): time interval = [0.045625,0.04625], dt = 0.000625
IBHierarchyIntegrator::preprocessIntegrateHierarchy(): performing Lagrangian forward Euler step
IBHierarchyIntegrator::advanceHierarchy(): integrating hierarchy
IBHierarchyIntegrator::integrateHierarchy(): computing Lagrangian force
IBHierarchyIntegrator::integrateHierarchy(): spreading Lagrangian force to the Eulerian grid
IBHierarchyIntegrator::integrateHierarchy(): solving the incompressible Navier-Stokes equations
INSStaggeredHierarchyIntegrator::integrateHierarchy(): stokes solve number of iterations = 2
INSStaggeredHierarchyIntegrator::integrateHierarchy(): stokes solve residual norm        = 5.26354e-07
IBHierarchyIntegrator::integrateHierarchy(): interpolating Eulerian velocity to the Lagrangian mesh
IBHierarchyIntegrator::integrateHierarchy(): performing Lagrangian midpoint-rule step
IBHierarchyIntegrator::postprocessIntegrateHierarchy(): interpolating Eulerian velocity to the Lagrangian mesh
IBHierarchyIntegrator::postprocessIntegrateHierarchy(): CFL number = 5.84222e-06
IBHierarchyIntegrator::postprocessIntegrateHierarchy(): Eulerian estimate of upper bound on IB point displacement since last regrid = 0.000398224
IBHierarchyIntegrator::advanceHierarchy(): synchronizing updated data
IBHierarchyIntegrator::advanceHierarchy(): resetting time dependent data

At end       of timestep # 73
Simulation time is 0.04625
+++++++++++++++++++++++++++++++++++++++++++++++++++


+++++++++++++++++++++++++++++++++++++++++++++++++++
At beginning of timestep # 74
Simulation time is 0.04625
IBHierarchyIntegrator::advanceHierarchy(): time interval = [0.04625,0.046875], dt = 0.000625
IBHierarchyIntegrator::preprocessIntegrateHierarchy(): performing Lagrangian forward Euler step
IBHierarchyIntegrator::advanceHierarchy(): integrating hierarchy
IBHierarchyIntegrator::integrateHierarchy(): computing Lagrangian force
IBHierarchyIntegrator::integrateHierarchy(): spreading Lagrangian force to the Eulerian grid
IBHierarchyIntegrator::integrateHierarchy(): solving the incompressible Navier-Stokes equations
INSStaggeredHierarchyIntegrator::integrateHierarchy(): stokes solve number of iterations = 2
INSStaggeredHierarchyIntegrator::integrateHierarchy(): stokes solve residual norm        = 5.22164e-07
IBHierarchyIntegrator::integrateHierarchy(): interpolating Eulerian velocity to the Lagrangian mesh
IBHierarchyIntegrator::integrateHierarchy(): performing Lagrangian midpoint-rule step
IBHierarchyIntegrator::postprocessIntegrateHierarchy(): interpolating Eulerian velocity to the Lagrangian mesh
IBHierarchyIntegrator::postprocessIntegrateHierarchy(): CFL number = 5.84678e-06
IBHierarchyIntegrator::postprocessIntegrateHierarchy(): Eulerian estimate of upper bound on IB point displacement since last regrid = 0.000404071
IBHierarchyIntegrator::advanceHierarchy(): synchronizing updated data
IBHierarchyIntegrator::advanceHierarchy(): resetting time dependent data

At end       of timestep # 74
Simulation time is 0.046875
+++++++++++++++++++++++++++++++++++++++++++++++++++


+++++++++++++++++++++++++++++++++++++++++++++++++++
At beginning of timestep # 75
Simulation time is 0.046875
IBHierarchyIntegrator::advanceHierarchy(): time interval = [0.046875,0.0475], dt = 0.000625
IBHierarchyIntegrator::preprocessIntegrateHierarchy(): performing Lagrangian forward Euler step
IBHierarchyIntegrator::advanceHierarchy(): integrating hierarchy
IBHierarchyIntegrator::integrateHierarchy(): computing Lagrangian force
IBHierarchyIntegrator::integrateHierarchy(): spreading Lagrangian force to the Eulerian grid
IBHierarchyIntegrator::integrateHierarchy(): solving the incompressible Navier-Stokes equations
INSStaggeredHierarchyIntegrator::integrateHierarchy(): stokes solve number of iterations = 2
INSStaggeredHierarchyIntegrator::integrateHierarchy(): stokes solve residual norm        = 5.17835e-07
IBHierarchyIntegrator::integrateHierarchy(): interpolating Eulerian velocity to the Lagrangian mesh
IBHierarchyIntegrator::integrateHierarchy(): performing Lagrangian midpoint-rule step
IBHierarchyIntegrator::postprocessIntegrateHierarchy(): interpolating Eulerian velocity to the Lagrangian mesh
IBHierarchyIntegrator::postprocessIntegrateHierarchy(): CFL number = 5.85079e-06
IBHierarchyIntegrator::postprocessIntegrateHierarchy(): Eulerian estimate of upper bound on IB point displacement since last regrid = 0.000409921
IBHierarchyIntegrator::advanceHierarchy(): synchronizing updated data
IBHierarchyIntegrator::advanceHierarchy(): resetting time dependent data

At end       of timestep # 75
Simulation time is 0.0475
+++++++++++++++++++++++++++++++++++++++++++++++++++


+++++++++++++++++++++++++++++++++++++++++++++++++++
At beginning of timestep # 76
Simulation time is 0.0475
IBHierarchyIntegrator::advanceHierarchy(): time interval = [0.0475,0.048125], dt = 0.000625
IBHierarchyIntegrator::preprocessIntegrateHierarchy(): performing Lagrangian forward Euler step
IBHierarchyIntegrator::advanceHierarchy(): integrating hierarchy
IBHierarchyIntegrator::integrateHierarchy(): computing Lagrangian force
IBHierarchyIntegrator::integrateHierarchy(): spreading Lagrangian force to the Eulerian grid
IBHierarchyIntegrator::integrateHierarchy(): solving the incompressible Navier-Stokes equations
INSStaggeredHierarchyIntegrator::integrateHierarchy(): stokes solve number of iterations = 2
INSStaggeredHierarchyIntegrator::integrateHierarchy(): stokes solve residual norm        = 5.13349e-07
IBHierarchyIntegrator::integrateHierarchy(): interpolating Eulerian velocity to the Lagrangian mesh
IBHierarchyIntegrator::integrateHierarchy(): performing Lagrangian midpoint-rule step
IBHierarchyIntegrator::postprocessIntegrateHierarchy(): interpolating Eulerian velocity to the Lagrangian mesh
IBHierarchyIntegrator::postprocessIntegrateHierarchy(): CFL number = 5.85427e-06
IBHierarchyIntegrator::postprocessIntegrateHierarchy(): Eulerian estimate of upper bound on IB point displacement since last regrid = 0.000415776
IBHierarchyIntegrator::advanceHierarchy(): synchronizing updated data
IBHierarchyIntegrator::advanceHierarchy(): resetting time dependent data

At end       of timestep # 76
Simulation time is 0.048125
+++++++++++++++++++++++++++++++++++++++++++++++++++


+++++++++++++++++++++++++++++++++++++++++++++++++++
At beginning of timestep # 77
Simulation time is 0.048125
IBHierarchyIntegrator::advanceHierarchy(): time interval = [0.048125,0.04875], dt = 0.000625
IBHierarchyIntegrator::preprocessIntegrateHierarchy(): performing Lagrangian forward Euler step
IBHierarchyIntegrator::advanceHierarchy(): integrating hierarchy
IBHierarchyIntegrator::integrateHierarchy(): computing Lagrangian force
IBHierarchyIntegrator::integrateHierarchy(): spreading Lagrangian force to the Eulerian grid
IBHierarchyIntegrator::integrateHierarchy(): solving the incompressible Navier-Stokes equations
INSStaggeredHierarchyIntegrator::integrateHierarchy(): stokes solve number of iterations = 2
INSStaggeredHierarchyIntegrator::integrateHierarchy(): stokes solve residual norm        = 5.08691e-07
IBHierarchyIntegrator::integrateHierarchy(): interpolating Eulerian velocity to the Lagrangian mesh
IBHierarchyIntegrator::integrateHierarchy(): performing Lagrangian midpoint-rule step
IBHierarchyIntegrator::postprocessIntegrateHierarchy(): interpolating Eulerian velocity to the Lagrangian mesh
IBHierarchyIntegrator::postprocessIntegrateHierarchy(): CFL number = 5.85725e-06
IBHierarchyIntegrator::postprocessIntegrateHierarchy(): Eulerian estimate of upper bound on IB point displacement since last regrid = 0.000421633
IBHierarchyIntegrator::advanceHierarchy(): synchronizing updated data
IBHierarchyIntegrator::advanceHierarchy(): resetting time dependent data

At end       of timestep # 77
Simulation time is 0.04875
+++++++++++++++++++++++++++++++++++++++++++++++++++


+++++++++++++++++++++++++++++++++++++++++++++++++++
At beginning of timestep # 78
Simulation time is 0.04875
IBHierarchyIntegrator::advanceHierarchy(): time interval = [0.04875,0.049375], dt = 0.000625
IBHierarchyIntegrator::preprocessIntegrateHierarchy(): performing Lagrangian forward Euler step
IBHierarchyIntegrator::advanceHierarchy(): integrating hierarchy
IBHierarchyIntegrator::integrateHierarchy(): computing Lagrangian force
IBHierarchyIntegrator::integrateHierarchy(): spreading Lagrangian force to the Eulerian grid
IBHierarchyIntegrator::integrateHierarchy(): solving the incompressible Navier-Stokes equations
INSStaggeredHierarchyIntegrator::integrateHierarchy(): stokes solve number of iterations = 2
INSStaggeredHierarchyIntegrator::integrateHierarchy(): stokes solve residual norm        = 5.03863e-07
IBHierarchyIntegrator::integrateHierarchy(): interpolating Eulerian velocity to the Lagrangian mesh
IBHierarchyIntegrator::integrateHierarchy(): performing Lagrangian midpoint-rule step
IBHierarchyIntegrator::postprocessIntegrateHierarchy(): interpolating Eulerian velocity to the Lagrangian mesh
IBHierarchyIntegrator::postprocessIntegrateHierarchy(): CFL number = 5.85978e-06
IBHierarchyIntegrator::postprocessIntegrateHierarchy(): Eulerian estimate of upper bound on IB point displacement since last regrid = 0.000427493
IBHierarchyIntegrator::advanceHierarchy(): synchronizing updated data
IBHierarchyIntegrator::advanceHierarchy(): resetting time dependent data

At end       of timestep # 78
Simulation time is 0.049375
+++++++++++++++++++++++++++++++++++++++++++++++++++


+++++++++++++++++++++++++++++++++++++++++++++++++++
At beginning of timestep # 79
Simulation time is 0.049375
IBHierarchyIntegrator::advanceHierarchy(): time interval = [0.049375,0.05], dt = 0.000625
IBHierarchyIntegrator::preprocessIntegrateHierarchy(): performing Lagrangian forward Euler step
IBHierarchyIntegrator::advanceHierarchy(): integrating hierarchy
IBHierarchyIntegrator::integrateHierarchy(): computing Lagrangian force
IBHierarchyIntegrator::integrateHierarchy(): spreading Lagrangian force to the Eulerian grid
IBHierarchyIntegrator::integrateHierarchy(): solving the incompressible Navier-Stokes equations
INSStaggeredHierarchyIntegrator::integrateHierarchy(): stokes solve number of iterations = 2
INSStaggeredHierarchyIntegrator::integrateHierarchy(): stokes solve residual norm        = 4.98858e-07
IBHierarchyIntegrator::integrateHierarchy(): interpolating Eulerian velocity to the Lagrangian mesh
IBHierarchyIntegrator::integrateHierarchy(): performing Lagrangian midpoint-rule step
IBHierarchyIntegrator::postprocessIntegrateHierarchy(): interpolating Eulerian velocity to the Lagrangian mesh
IBHierarchyIntegrator::postprocessIntegrateHierarchy(): CFL number = 5.86188e-06
IBHierarchyIntegrator::postprocessIntegrateHierarchy(): Eulerian estimate of upper bound on IB point displacement since last regrid = 0.000433355
IBHierarchyIntegrator::advanceHierarchy(): synchronizing updated data
IBHierarchyIntegrator::advanceHierarchy(): resetting time dependent data

At end       of timestep # 79
Simulation time is 0.05
+++++++++++++++++++++++++++++++++++++++++++++++++++


+++++++++++++++++++++++++++++++++++++++++++++++++++
At beginning of timestep # 80
Simulation time is 0.05
IBHierarchyIntegrator::advanceHierarchy(): time interval = [0.05,0.050625], dt = 0.000625
IBHierarchyIntegrator::preprocessIntegrateHierarchy(): performing Lagrangian forward Euler step
IBHierarchyIntegrator::advanceHierarchy(): integrating hierarchy
IBHierarchyIntegrator::integrateHierarchy(): computing Lagrangian force
IBHierarchyIntegrator::integrateHierarchy(): spreading Lagrangian force to the Eulerian grid
IBHierarchyIntegrator::integrateHierarchy(): solving the incompressible Navier-Stokes equations
INSStaggeredHierarchyIntegrator::integrateHierarchy(): stokes solve number of iterations = 2
INSStaggeredHierarchyIntegrator::integrateHierarchy(): stokes solve residual norm        = 4.93683e-07
IBHierarchyIntegrator::integrateHierarchy(): interpolating Eulerian velocity to the Lagrangian mesh
IBHierarchyIntegrator::integrateHierarchy(): performing Lagrangian midpoint-rule step
IBHierarchyIntegrator::postprocessIntegrateHierarchy(): interpolating Eulerian velocity to the Lagrangian mesh
IBHierarchyIntegrator::postprocessIntegrateHierarchy(): CFL number = 5.86358e-06
IBHierarchyIntegrator::postprocessIntegrateHierarchy(): Eulerian estimate of upper bound on IB point displacement since last regrid = 0.000439218
IBHierarchyIntegrator::advanceHierarchy(): synchronizing updated data
IBHierarchyIntegrator::advanceHierarchy(): resetting time dependent data

At end       of timestep # 80
Simulation time is 0.050625
+++++++++++++++++++++++++++++++++++++++++++++++++++


+++++++++++++++++++++++++++++++++++++++++++++++++++
At beginning of timestep # 81
Simulation time is 0.050625
IBHierarchyIntegrator::advanceHierarchy(): time interval = [0.050625,0.05125], dt = 0.000625
IBHierarchyIntegrator::preprocessIntegrateHierarchy(): performing Lagrangian forward Euler step
IBHierarchyIntegrator::advanceHierarchy(): integrating hierarchy
IBHierarchyIntegrator::integrateHierarchy(): computing Lagrangian force
IBHierarchyIntegrator::integrateHierarchy(): spreading Lagrangian force to the Eulerian grid
IBHierarchyIntegrator::integrateHierarchy(): solving the incompressible Navier-Stokes equations
INSStaggeredHierarchyIntegrator::integrateHierarchy(): stokes solve number of iterations = 2
INSStaggeredHierarchyIntegrator::integrateHierarchy(): stokes solve residual norm        = 4.8834e-07
IBHierarchyIntegrator::integrateHierarchy(): interpolating Eulerian velocity to the Lagrangian mesh
IBHierarchyIntegrator::integrateHierarchy(): performing Lagrangian midpoint-rule step
IBHierarchyIntegrator::postprocessIntegrateHierarchy(): interpolating Eulerian velocity to the Lagrangian mesh
IBHierarchyIntegrator::postprocessIntegrateHierarchy(): CFL number = 5.86492e-06
IBHierarchyIntegrator::postprocessIntegrateHierarchy(): Eulerian estimate of upper bound on IB point displacement since last regrid = 0.000445083
IBHierarchyIntegrator::advanceHierarchy(): synchronizing updated data
IBHierarchyIntegrator::advanceHierarchy(): resetting time dependent data

At end       of timestep # 81
Simulation time is 0.05125
+++++++++++++++++++++++++++++++++++++++++++++++++++


+++++++++++++++++++++++++++++++++++++++++++++++++++
At beginning of timestep # 82
Simulation time is 0.05125
IBHierarchyIntegrator::advanceHierarchy(): time interval = [0.05125,0.051875], dt = 0.000625
IBHierarchyIntegrator::preprocessIntegrateHierarchy(): performing Lagrangian forward Euler step
IBHierarchyIntegrator::advanceHierarchy(): integrating hierarchy
IBHierarchyIntegrator::integrateHierarchy(): computing Lagrangian force
IBHierarchyIntegrator::integrateHierarchy(): spreading Lagrangian force to the Eulerian grid
IBHierarchyIntegrator::integrateHierarchy(): solving the incompressible Navier-Stokes equations
INSStaggeredHierarchyIntegrator::integrateHierarchy(): stokes solve number of iterations = 2
INSStaggeredHierarchyIntegrator::integrateHierarchy(): stokes solve residual norm        = 4.8284e-07
IBHierarchyIntegrator::integrateHierarchy(): interpolating Eulerian velocity to the Lagrangian mesh
IBHierarchyIntegrator::integrateHierarchy(): performing Lagrangian midpoint-rule step
IBHierarchyIntegrator::postprocessIntegrateHierarchy(): interpolating Eulerian velocity to the Lagrangian mesh
IBHierarchyIntegrator::postprocessIntegrateHierarchy(): CFL number = 5.86593e-06
IBHierarchyIntegrator::postprocessIntegrateHierarchy(): Eulerian estimate of upper bound on IB point displacement since last regrid = 0.000450949
IBHierarchyIntegrator::advanceHierarchy(): synchronizing updated data
IBHierarchyIntegrator::advanceHierarchy(): resetting time dependent data

At end       of timestep # 82
Simulation time is 0.051875
+++++++++++++++++++++++++++++++++++++++++++++++++++


+++++++++++++++++++++++++++++++++++++++++++++++++++
At beginning of timestep # 83
Simulation time is 0.051875
IBHierarchyIntegrator::advanceHierarchy(): time interval = [0.051875,0.0525], dt = 0.000625
IBHierarchyIntegrator::preprocessIntegrateHierarchy(): performing Lagrangian forward Euler step
IBHierarchyIntegrator::advanceHierarchy(): integrating hierarchy
IBHierarchyIntegrator::integrateHierarchy(): computing Lagrangian force
IBHierarchyIntegrator::integrateHierarchy(): spreading Lagrangian force to the Eulerian grid
IBHierarchyIntegrator::integrateHierarchy(): solving the incompressible Navier-Stokes equations
INSStaggeredHierarchyIntegrator::integrateHierarchy(): stokes solve number of iterations = 2
INSStaggeredHierarchyIntegrator::integrateHierarchy(): stokes solve residual norm        = 4.77193e-07
IBHierarchyIntegrator::integrateHierarchy(): interpolating Eulerian velocity to the Lagrangian mesh
IBHierarchyIntegrator::integrateHierarchy(): performing Lagrangian midpoint-rule step
IBHierarchyIntegrator::postprocessIntegrateHierarchy(): interpolating Eulerian velocity to the Lagrangian mesh
IBHierarchyIntegrator::postprocessIntegrateHierarchy(): CFL number = 5.86664e-06
IBHierarchyIntegrator::postprocessIntegrateHierarchy(): Eulerian estimate of upper bound on IB point displacement since last regrid = 0.000456816
IBHierarchyIntegrator::advanceHierarchy(): synchronizing updated data
IBHierarchyIntegrator::advanceHierarchy(): resetting time dependent data

At end       of timestep # 83
Simulation time is 0.0525
+++++++++++++++++++++++++++++++++++++++++++++++++++


+++++++++++++++++++++++++++++++++++++++++++++++++++
At beginning of timestep # 84
Simulation time is 0.0525
IBHierarchyIntegrator::advanceHierarchy(): time interval = [0.0525,0.053125], dt = 0.000625
IBHierarchyIntegrator::preprocessIntegrateHierarchy(): performing Lagrangian forward Euler step
IBHierarchyIntegrator::advanceHierarchy(): integrating hierarchy
IBHierarchyIntegrator::integrateHierarchy(): computing Lagrangian force
IBHierarchyIntegrator::integrateHierarchy(): spreading Lagrangian force to the Eulerian grid
IBHierarchyIntegrator::integrateHierarchy(): solving the incompressible Navier-Stokes equations
INSStaggeredHierarchyIntegrator::integrateHierarchy(): stokes solve number of iterations = 2
INSStaggeredHierarchyIntegrator::integrateHierarchy(): stokes solve residual norm        = 4.71416e-07
IBHierarchyIntegrator::integrateHierarchy(): interpolating Eulerian velocity to the Lagrangian mesh
IBHierarchyIntegrator::integrateHierarchy(): performing Lagrangian midpoint-rule step
IBHierarchyIntegrator::postprocessIntegrateHierarchy(): interpolating Eulerian velocity to the Lagrangian mesh
IBHierarchyIntegrator::postprocessIntegrateHierarchy(): CFL number = 5.86708e-06
IBHierarchyIntegrator::postprocessIntegrateHierarchy(): Eulerian estimate of upper bound on IB point displacement since last regrid = 0.000462683
IBHierarchyIntegrator::advanceHierarchy(): synchronizing updated data
IBHierarchyIntegrator::advanceHierarchy(): resetting time dependent data

At end       of timestep # 84
Simulation time is 0.053125
+++++++++++++++++++++++++++++++++++++++++++++++++++


+++++++++++++++++++++++++++++++++++++++++++++++++++
At beginning of timestep # 85
Simulation time is 0.053125
IBHierarchyIntegrator::advanceHierarchy(): time interval = [0.053125,0.05375], dt = 0.000625
IBHierarchyIntegrator::preprocessIntegrateHierarchy(): performing Lagrangian forward Euler step
IBHierarchyIntegrator::advanceHierarchy(): integrating hierarchy
IBHierarchyIntegrator::integrateHierarchy(): computing Lagrangian force
IBHierarchyIntegrator::integrateHierarchy(): spreading Lagrangian force to the Eulerian grid
IBHierarchyIntegrator::integrateHierarchy(): solving the incompressible Navier-Stokes equations
INSStaggeredHierarchyIntegrator::integrateHierarchy(): stokes solve number of iterations = 2
INSStaggeredHierarchyIntegrator::integrateHierarchy(): stokes solve residual norm        = 4.65516e-07
IBHierarchyIntegrator::integrateHierarchy(): interpolating Eulerian velocity to the Lagrangian mesh
IBHierarchyIntegrator::integrateHierarchy(): performing Lagrangian midpoint-rule step
IBHierarchyIntegrator::postprocessIntegrateHierarchy(): interpolating Eulerian velocity to the Lagrangian mesh
IBHierarchyIntegrator::postprocessIntegrateHierarchy(): CFL number = 5.86727e-06
IBHierarchyIntegrator::postprocessIntegrateHierarchy(): Eulerian estimate of upper bound on IB point displacement since last regrid = 0.00046855
IBHierarchyIntegrator::advanceHierarchy(): synchronizing updated data
IBHierarchyIntegrator::advanceHierarchy(): resetting time dependent data

At end       of timestep # 85
Simulation time is 0.05375
+++++++++++++++++++++++++++++++++++++++++++++++++++


+++++++++++++++++++++++++++++++++++++++++++++++++++
At beginning of timestep # 86
Simulation time is 0.05375
IBHierarchyIntegrator::advanceHierarchy(): time interval = [0.05375,0.054375], dt = 0.000625
IBHierarchyIntegrator::preprocessIntegrateHierarchy(): performing Lagrangian forward Euler step
IBHierarchyIntegrator::advanceHierarchy(): integrating hierarchy
IBHierarchyIntegrator::integrateHierarchy(): computing Lagrangian force
IBHierarchyIntegrator::integrateHierarchy(): spreading Lagrangian force to the Eulerian grid
IBHierarchyIntegrator::integrateHierarchy(): solving the incompressible Navier-Stokes equations
INSStaggeredHierarchyIntegrator::integrateHierarchy(): stokes solve number of iterations = 2
INSStaggeredHierarchyIntegrator::integrateHierarchy(): stokes solve residual norm        = 4.59515e-07
IBHierarchyIntegrator::integrateHierarchy(): interpolating Eulerian velocity to the Lagrangian mesh
IBHierarchyIntegrator::integrateHierarchy(): performing Lagrangian midpoint-rule step
IBHierarchyIntegrator::postprocessIntegrateHierarchy(): interpolating Eulerian velocity to the Lagrangian mesh
IBHierarchyIntegrator::postprocessIntegrateHierarchy(): CFL number = 5.86724e-06
IBHierarchyIntegrator::postprocessIntegrateHierarchy(): Eulerian estimate of upper bound on IB point displacement since last regrid = 0.000474417
IBHierarchyIntegrator::advanceHierarchy(): synchronizing updated data
IBHierarchyIntegrator::advanceHierarchy(): resetting time dependent data

At end       of timestep # 86
Simulation time is 0.054375
+++++++++++++++++++++++++++++++++++++++++++++++++++


+++++++++++++++++++++++++++++++++++++++++++++++++++
At beginning of timestep # 87
Simulation time is 0.054375
IBHierarchyIntegrator::advanceHierarchy(): time interval = [0.054375,0.055], dt = 0.000625
IBHierarchyIntegrator::preprocessIntegrateHierarchy(): performing Lagrangian forward Euler step
IBHierarchyIntegrator::advanceHierarchy(): integrating hierarchy
IBHierarchyIntegrator::integrateHierarchy(): computing Lagrangian force
IBHierarchyIntegrator::integrateHierarchy(): spreading Lagrangian force to the Eulerian grid
IBHierarchyIntegrator::integrateHierarchy(): solving the incompressible Navier-Stokes equations
INSStaggeredHierarchyIntegrator::integrateHierarchy(): stokes solve number of iterations = 2
INSStaggeredHierarchyIntegrator::integrateHierarchy(): stokes solve residual norm        = 4.53425e-07
IBHierarchyIntegrator::integrateHierarchy(): interpolating Eulerian velocity to the Lagrangian mesh
IBHierarchyIntegrator::integrateHierarchy(): performing Lagrangian midpoint-rule step
IBHierarchyIntegrator::postprocessIntegrateHierarchy(): interpolating Eulerian velocity to the Lagrangian mesh
IBHierarchyIntegrator::postprocessIntegrateHierarchy(): CFL number = 5.86702e-06
IBHierarchyIntegrator::postprocessIntegrateHierarchy(): Eulerian estimate of upper bound on IB point displacement since last regrid = 0.000480284
IBHierarchyIntegrator::advanceHierarchy(): synchronizing updated data
IBHierarchyIntegrator::advanceHierarchy(): resetting time dependent data

At end       of timestep # 87
Simulation time is 0.055
+++++++++++++++++++++++++++++++++++++++++++++++++++


+++++++++++++++++++++++++++++++++++++++++++++++++++
At beginning of timestep # 88
Simulation time is 0.055
IBHierarchyIntegrator::advanceHierarchy(): time interval = [0.055,0.055625], dt = 0.000625
IBHierarchyIntegrator::preprocessIntegrateHierarchy(): performing Lagrangian forward Euler step
IBHierarchyIntegrator::advanceHierarchy(): integrating hierarchy
IBHierarchyIntegrator::integrateHierarchy(): computing Lagrangian force
IBHierarchyIntegrator::integrateHierarchy(): spreading Lagrangian force to the Eulerian grid
IBHierarchyIntegrator::integrateHierarchy(): solving the incompressible Navier-Stokes equations
INSStaggeredHierarchyIntegrator::integrateHierarchy(): stokes solve number of iterations = 2
INSStaggeredHierarchyIntegrator::integrateHierarchy(): stokes solve residual norm        = 4.47263e-07
IBHierarchyIntegrator::integrateHierarchy(): interpolating Eulerian velocity to the Lagrangian mesh
IBHierarchyIntegrator::integrateHierarchy(): performing Lagrangian midpoint-rule step
IBHierarchyIntegrator::postprocessIntegrateHierarchy(): interpolating Eulerian velocity to the Lagrangian mesh
IBHierarchyIntegrator::postprocessIntegrateHierarchy(): CFL number = 5.86664e-06
IBHierarchyIntegrator::postprocessIntegrateHierarchy(): Eulerian estimate of upper bound on IB point displacement since last regrid = 0.000486151
IBHierarchyIntegrator::advanceHierarchy(): synchronizing updated data
IBHierarchyIntegrator::advanceHierarchy(): resetting time dependent data

At end       of timestep # 88
Simulation time is 0.055625
+++++++++++++++++++++++++++++++++++++++++++++++++++


+++++++++++++++++++++++++++++++++++++++++++++++++++
At beginning of timestep # 89
Simulation time is 0.055625
IBHierarchyIntegrator::advanceHierarchy(): time interval = [0.055625,0.05625], dt = 0.000625
IBHierarchyIntegrator::preprocessIntegrateHierarchy(): performing Lagrangian forward Euler step
IBHierarchyIntegrator::advanceHierarchy(): integrating hierarchy
IBHierarchyIntegrator::integrateHierarchy(): computing Lagrangian force
IBHierarchyIntegrator::integrateHierarchy(): spreading Lagrangian force to the Eulerian grid
IBHierarchyIntegrator::integrateHierarchy(): solving the incompressible Navier-Stokes equations
INSStaggeredHierarchyIntegrator::integrateHierarchy(): stokes solve number of iterations = 2
INSStaggeredHierarchyIntegrator::integrateHierarchy(): stokes solve residual norm        = 4.41048e-07
IBHierarchyIntegrator::integrateHierarchy(): interpolating Eulerian velocity to the Lagrangian mesh
IBHierarchyIntegrator::integrateHierarchy(): performing Lagrangian midpoint-rule step
IBHierarchyIntegrator::postprocessIntegrateHierarchy(): interpolating Eulerian velocity to the Lagrangian mesh
IBHierarchyIntegrator::postprocessIntegrateHierarchy(): CFL number = 5.86611e-06
IBHierarchyIntegrator::postprocessIntegrateHierarchy(): Eulerian estimate of upper bound on IB point displacement since last regrid = 0.000492017
IBHierarchyIntegrator::advanceHierarchy(): synchronizing updated data
IBHierarchyIntegrator::advanceHierarchy(): resetting time dependent data

At end       of timestep # 89
Simulation time is 0.05625
+++++++++++++++++++++++++++++++++++++++++++++++++++


+++++++++++++++++++++++++++++++++++++++++++++++++++
At beginning of timestep # 90
Simulation time is 0.05625
IBHierarchyIntegrator::advanceHierarchy(): time interval = [0.05625,0.056875], dt = 0.000625
IBHierarchyIntegrator::preprocessIntegrateHierarchy(): performing Lagrangian forward Euler step
IBHierarchyIntegrator::advanceHierarchy(): integrating hierarchy
IBHierarchyIntegrator::integrateHierarchy(): computing Lagrangian force
IBHierarchyIntegrator::integrateHierarchy(): spreading Lagrangian force to the Eulerian grid
IBHierarchyIntegrator::integrateHierarchy(): solving the incompressible Navier-Stokes equations
INSStaggeredHierarchyIntegrator::integrateHierarchy(): stokes solve number of iterations = 2
INSStaggeredHierarchyIntegrator::integrateHierarchy(): stokes solve residual norm        = 4.34794e-07
IBHierarchyIntegrator::integrateHierarchy(): interpolating Eulerian velocity to the Lagrangian mesh
IBHierarchyIntegrator::integrateHierarchy(): performing Lagrangian midpoint-rule step
IBHierarchyIntegrator::postprocessIntegrateHierarchy(): interpolating Eulerian velocity to the Lagrangian mesh
IBHierarchyIntegrator::postprocessIntegrateHierarchy(): CFL number = 5.86547e-06
IBHierarchyIntegrator::postprocessIntegrateHierarchy(): Eulerian estimate of upper bound on IB point displacement since last regrid = 0.000497883
IBHierarchyIntegrator::advanceHierarchy(): synchronizing updated data
IBHierarchyIntegrator::advanceHierarchy(): resetting time dependent data

At end       of timestep # 90
Simulation time is 0.056875
+++++++++++++++++++++++++++++++++++++++++++++++++++


+++++++++++++++++++++++++++++++++++++++++++++++++++
At beginning of timestep # 91
Simulation time is 0.056875
IBHierarchyIntegrator::advanceHierarchy(): time interval = [0.056875,0.0575], dt = 0.000625
IBHierarchyIntegrator::preprocessIntegrateHierarchy(): performing Lagrangian forward Euler step
IBHierarchyIntegrator::advanceHierarchy(): integrating hierarchy
IBHierarchyIntegrator::integrateHierarchy(): computing Lagrangian force
IBHierarchyIntegrator::integrateHierarchy(): spreading Lagrangian force to the Eulerian grid
IBHierarchyIntegrator::integrateHierarchy(): solving the incompressible Navier-Stokes equations
INSStaggeredHierarchyIntegrator::integrateHierarchy(): stokes solve number of iterations = 2
INSStaggeredHierarchyIntegrator::integrateHierarchy(): stokes solve residual norm        = 4.28519e-07
IBHierarchyIntegrator::integrateHierarchy(): interpolating Eulerian velocity to the Lagrangian mesh
IBHierarchyIntegrator::integrateHierarchy(): performing Lagrangian midpoint-rule step
IBHierarchyIntegrator::postprocessIntegrateHierarchy(): interpolating Eulerian velocity to the Lagrangian mesh
IBHierarchyIntegrator::postprocessIntegrateHierarchy(): CFL number = 5.86474e-06
IBHierarchyIntegrator::postprocessIntegrateHierarchy(): Eulerian estimate of upper bound on IB point displacement since last regrid = 0.000503747
IBHierarchyIntegrator::advanceHierarchy(): synchronizing updated data
IBHierarchyIntegrator::advanceHierarchy(): resetting time dependent data

At end       of timestep # 91
Simulation time is 0.0575
+++++++++++++++++++++++++++++++++++++++++++++++++++


+++++++++++++++++++++++++++++++++++++++++++++++++++
At beginning of timestep # 92
Simulation time is 0.0575
IBHierarchyIntegrator::advanceHierarchy(): time interval = [0.0575,0.058125], dt = 0.000625
IBHierarchyIntegrator::preprocessIntegrateHierarchy(): performing Lagrangian forward Euler step
IBHierarchyIntegrator::advanceHierarchy(): integrating hierarchy
IBHierarchyIntegrator::integrateHierarchy(): computing Lagrangian force
IBHierarchyIntegrator::integrateHierarchy(): spreading Lagrangian force to the Eulerian grid
IBHierarchyIntegrator::integrateHierarchy(): solving the incompressible Navier-Stokes equations
INSStaggeredHierarchyIntegrator::integrateHierarchy(): stokes solve number of iterations = 2
INSStaggeredHierarchyIntegrator::integrateHierarchy(): stokes solve residual norm        = 4.22242e-07
IBHierarchyIntegrator::integrateHierarchy(): interpolating Eulerian velocity to the Lagrangian mesh
IBHierarchyIntegrator::integrateHierarchy(): performing Lagrangian midpoint-rule step
IBHierarchyIntegrator::postprocessIntegrateHierarchy(): interpolating Eulerian velocity to the Lagrangian mesh
IBHierarchyIntegrator::postprocessIntegrateHierarchy(): CFL number = 5.86393e-06
IBHierarchyIntegrator::postprocessIntegrateHierarchy(): Eulerian estimate of upper bound on IB point displacement since last regrid = 0.000509611
IBHierarchyIntegrator::advanceHierarchy(): synchronizing updated data
IBHierarchyIntegrator::advanceHierarchy(): resetting time dependent data

At end       of timestep # 92
Simulation time is 0.058125
+++++++++++++++++++++++++++++++++++++++++++++++++++


+++++++++++++++++++++++++++++++++++++++++++++++++++
At beginning of timestep # 93
Simulation time is 0.058125
IBHierarchyIntegrator::advanceHierarchy(): time interval = [0.058125,0.05875], dt = 0.000625
IBHierarchyIntegrator::preprocessIntegrateHierarchy(): performing Lagrangian forward Euler step
IBHierarchyIntegrator::advanceHierarchy(): integrating hierarchy
IBHierarchyIntegrator::integrateHierarchy(): computing Lagrangian force
IBHierarchyIntegrator::integrateHierarchy(): spreading Lagrangian force to the Eulerian grid
IBHierarchyIntegrator::integrateHierarchy(): solving the incompressible Navier-Stokes equations
INSStaggeredHierarchyIntegrator::integrateHierarchy(): stokes solve number of iterations = 2
INSStaggeredHierarchyIntegrator::integrateHierarchy(): stokes solve residual norm        = 4.15975e-07
IBHierarchyIntegrator::integrateHierarchy(): interpolating Eulerian velocity to the Lagrangian mesh
IBHierarchyIntegrator::integrateHierarchy(): performing Lagrangian midpoint-rule step
IBHierarchyIntegrator::postprocessIntegrateHierarchy(): interpolating Eulerian velocity to the Lagrangian mesh
IBHierarchyIntegrator::postprocessIntegrateHierarchy(): CFL number = 5.86307e-06
IBHierarchyIntegrator::postprocessIntegrateHierarchy(): Eulerian estimate of upper bound on IB point displacement since last regrid = 0.000515474
IBHierarchyIntegrator::advanceHierarchy(): synchronizing updated data
IBHierarchyIntegrator::advanceHierarchy(): resetting time dependent data

At end       of timestep # 93
Simulation time is 0.05875
+++++++++++++++++++++++++++++++++++++++++++++++++++


+++++++++++++++++++++++++++++++++++++++++++++++++++
At beginning of timestep # 94
Simulation time is 0.05875
IBHierarchyIntegrator::advanceHierarchy(): time interval = [0.05875,0.059375], dt = 0.000625
IBHierarchyIntegrator::preprocessIntegrateHierarchy(): performing Lagrangian forward Euler step
IBHierarchyIntegrator::advanceHierarchy(): integrating hierarchy
IBHierarchyIntegrator::integrateHierarchy(): computing Lagrangian force
IBHierarchyIntegrator::integrateHierarchy(): spreading Lagrangian force to the Eulerian grid
IBHierarchyIntegrator::integrateHierarchy(): solving the incompressible Navier-Stokes equations
INSStaggeredHierarchyIntegrator::integrateHierarchy(): stokes solve number of iterations = 2
INSStaggeredHierarchyIntegrator::integrateHierarchy(): stokes solve residual norm        = 4.09739e-07
IBHierarchyIntegrator::integrateHierarchy(): interpolating Eulerian velocity to the Lagrangian mesh
IBHierarchyIntegrator::integrateHierarchy(): performing Lagrangian midpoint-rule step
IBHierarchyIntegrator::postprocessIntegrateHierarchy(): interpolating Eulerian velocity to the Lagrangian mesh
IBHierarchyIntegrator::postprocessIntegrateHierarchy(): CFL number = 5.86217e-06
IBHierarchyIntegrator::postprocessIntegrateHierarchy(): Eulerian estimate of upper bound on IB point displacement since last regrid = 0.000521336
IBHierarchyIntegrator::advanceHierarchy(): synchronizing updated data
IBHierarchyIntegrator::advanceHierarchy(): resetting time dependent data

At end       of timestep # 94
Simulation time is 0.059375
+++++++++++++++++++++++++++++++++++++++++++++++++++


+++++++++++++++++++++++++++++++++++++++++++++++++++
At beginning of timestep # 95
Simulation time is 0.059375
IBHierarchyIntegrator::advanceHierarchy(): time interval = [0.059375,0.06], dt = 0.000625
IBHierarchyIntegrator::preprocessIntegrateHierarchy(): performing Lagrangian forward Euler step
IBHierarchyIntegrator::advanceHierarchy(): integrating hierarchy
IBHierarchyIntegrator::integrateHierarchy(): computing Lagrangian force
IBHierarchyIntegrator::integrateHierarchy(): spreading Lagrangian force to the Eulerian grid
IBHierarchyIntegrator::integrateHierarchy(): solving the incompressible Navier-Stokes equations
INSStaggeredHierarchyIntegrator::integrateHierarchy(): stokes solve number of iterations = 2
INSStaggeredHierarchyIntegrator::integrateHierarchy(): stokes solve residual norm        = 4.03542e-07
IBHierarchyIntegrator::integrateHierarchy(): interpolating Eulerian velocity to the Lagrangian mesh
IBHierarchyIntegrator::integrateHierarchy(): performing Lagrangian midpoint-rule step
IBHierarchyIntegrator::postprocessIntegrateHierarchy(): interpolating Eulerian velocity to the Lagrangian mesh
IBHierarchyIntegrator::postprocessIntegrateHierarchy(): CFL number = 5.86126e-06
IBHierarchyIntegrator::postprocessIntegrateHierarchy(): Eulerian estimate of upper bound on IB point displacement since last regrid = 0.000527198
IBHierarchyIntegrator::advanceHierarchy(): synchronizing updated data
IBHierarchyIntegrator::advanceHierarchy(): resetting time dependent data

At end       of timestep # 95
Simulation time is 0.06
+++++++++++++++++++++++++++++++++++++++++++++++++++


+++++++++++++++++++++++++++++++++++++++++++++++++++
At beginning of timestep # 96
Simulation time is 0.06
IBHierarchyIntegrator::advanceHierarchy(): time interval = [0.06,0.060625], dt = 0.000625
IBHierarchyIntegrator::preprocessIntegrateHierarchy(): performing Lagrangian forward Euler step
IBHierarchyIntegrator::advanceHierarchy(): integrating hierarchy
IBHierarchyIntegrator::integrateHierarchy(): computing Lagrangian force
IBHierarchyIntegrator::integrateHierarchy(): spreading Lagrangian force to the Eulerian grid
IBHierarchyIntegrator::integrateHierarchy(): solving the incompressible Navier-Stokes equations
INSStaggeredHierarchyIntegrator::integrateHierarchy(): stokes solve number of iterations = 2
INSStaggeredHierarchyIntegrator::integrateHierarchy(): stokes solve residual norm        = 3.97407e-07
IBHierarchyIntegrator::integrateHierarchy(): interpolating Eulerian velocity to the Lagrangian mesh
IBHierarchyIntegrator::integrateHierarchy(): performing Lagrangian midpoint-rule step
IBHierarchyIntegrator::postprocessIntegrateHierarchy(): interpolating Eulerian velocity to the Lagrangian mesh
IBHierarchyIntegrator::postprocessIntegrateHierarchy(): CFL number = 5.86036e-06
IBHierarchyIntegrator::postprocessIntegrateHierarchy(): Eulerian estimate of upper bound on IB point displacement since last regrid = 0.000533058
IBHierarchyIntegrator::advanceHierarchy(): synchronizing updated data
IBHierarchyIntegrator::advanceHierarchy(): resetting time dependent data

At end       of timestep # 96
Simulation time is 0.060625
+++++++++++++++++++++++++++++++++++++++++++++++++++


+++++++++++++++++++++++++++++++++++++++++++++++++++
At beginning of timestep # 97
Simulation time is 0.060625
IBHierarchyIntegrator::advanceHierarchy(): time interval = [0.060625,0.06125], dt = 0.000625
IBHierarchyIntegrator::preprocessIntegrateHierarchy(): performing Lagrangian forward Euler step
IBHierarchyIntegrator::advanceHierarchy(): integrating hierarchy
IBHierarchyIntegrator::integrateHierarchy(): computing Lagrangian force
IBHierarchyIntegrator::integrateHierarchy(): spreading Lagrangian force to the Eulerian grid
IBHierarchyIntegrator::integrateHierarchy(): solving the incompressible Navier-Stokes equations
INSStaggeredHierarchyIntegrator::integrateHierarchy(): stokes solve number of iterations = 2
INSStaggeredHierarchyIntegrator::integrateHierarchy(): stokes solve residual norm        = 3.9134e-07
IBHierarchyIntegrator::integrateHierarchy(): interpolating Eulerian velocity to the Lagrangian mesh
IBHierarchyIntegrator::integrateHierarchy(): performing Lagrangian midpoint-rule step
IBHierarchyIntegrator::postprocessIntegrateHierarchy(): interpolating Eulerian velocity to the Lagrangian mesh
IBHierarchyIntegrator::postprocessIntegrateHierarchy(): CFL number = 5.85946e-06
IBHierarchyIntegrator::postprocessIntegrateHierarchy(): Eulerian estimate of upper bound on IB point displacement since last regrid = 0.000538918
IBHierarchyIntegrator::advanceHierarchy(): synchronizing updated data
IBHierarchyIntegrator::advanceHierarchy(): resetting time dependent data

At end       of timestep # 97
Simulation time is 0.06125
+++++++++++++++++++++++++++++++++++++++++++++++++++


+++++++++++++++++++++++++++++++++++++++++++++++++++
At beginning of timestep # 98
Simulation time is 0.06125
IBHierarchyIntegrator::advanceHierarchy(): time interval = [0.06125,0.061875], dt = 0.000625
IBHierarchyIntegrator::preprocessIntegrateHierarchy(): performing Lagrangian forward Euler step
IBHierarchyIntegrator::advanceHierarchy(): integrating hierarchy
IBHierarchyIntegrator::integrateHierarchy(): computing Lagrangian force
IBHierarchyIntegrator::integrateHierarchy(): spreading Lagrangian force to the Eulerian grid
IBHierarchyIntegrator::integrateHierarchy(): solving the incompressible Navier-Stokes equations
INSStaggeredHierarchyIntegrator::integrateHierarchy(): stokes solve number of iterations = 2
INSStaggeredHierarchyIntegrator::integrateHierarchy(): stokes solve residual norm        = 3.85359e-07
IBHierarchyIntegrator::integrateHierarchy(): interpolating Eulerian velocity to the Lagrangian mesh
IBHierarchyIntegrator::integrateHierarchy(): performing Lagrangian midpoint-rule step
IBHierarchyIntegrator::postprocessIntegrateHierarchy(): interpolating Eulerian velocity to the Lagrangian mesh
IBHierarchyIntegrator::postprocessIntegrateHierarchy(): CFL number = 5.85861e-06
IBHierarchyIntegrator::postprocessIntegrateHierarchy(): Eulerian estimate of upper bound on IB point displacement since last regrid = 0.000544776
IBHierarchyIntegrator::advanceHierarchy(): synchronizing updated data
IBHierarchyIntegrator::advanceHierarchy(): resetting time dependent data

At end       of timestep # 98
Simulation time is 0.061875
+++++++++++++++++++++++++++++++++++++++++++++++++++


+++++++++++++++++++++++++++++++++++++++++++++++++++
At beginning of timestep # 99
Simulation time is 0.061875
IBHierarchyIntegrator::advanceHierarchy(): time interval = [0.061875,0.0625], dt = 0.000625
IBHierarchyIntegrator::preprocessIntegrateHierarchy(): performing Lagrangian forward Euler step
IBHierarchyIntegrator::advanceHierarchy(): integrating hierarchy
IBHierarchyIntegrator::integrateHierarchy(): computing Lagrangian force
IBHierarchyIntegrator::integrateHierarchy(): spreading Lagrangian force to the Eulerian grid
IBHierarchyIntegrator::integrateHierarchy(): solving the incompressible Navier-Stokes equations
INSStaggeredHierarchyIntegrator::integrateHierarchy(): stokes solve number of iterations = 2
INSStaggeredHierarchyIntegrator::integrateHierarchy(): stokes solve residual norm        = 3.79475e-07
IBHierarchyIntegrator::integrateHierarchy(): interpolating Eulerian velocity to the Lagrangian mesh
IBHierarchyIntegrator::integrateHierarchy(): performing Lagrangian midpoint-rule step
IBHierarchyIntegrator::postprocessIntegrateHierarchy(): interpolating Eulerian velocity to the Lagrangian mesh
IBHierarchyIntegrator::postprocessIntegrateHierarchy(): CFL number = 5.85779e-06
IBHierarchyIntegrator::postprocessIntegrateHierarchy(): Eulerian estimate of upper bound on IB point displacement since last regrid = 0.000550634
IBHierarchyIntegrator::advanceHierarchy(): synchronizing updated data
IBHierarchyIntegrator::advanceHierarchy(): resetting time dependent data

At end       of timestep # 99
Simulation time is 0.0625
+++++++++++++++++++++++++++++++++++++++++++++++++++


+++++++++++++++++++++++++++++++++++++++++++++++++++
At beginning of timestep # 100
Simulation time is 0.0625
IBHierarchyIntegrator::advanceHierarchy(): time interval = [0.0625,0.063125], dt = 0.000625
IBHierarchyIntegrator::preprocessIntegrateHierarchy(): performing Lagrangian forward Euler step
IBHierarchyIntegrator::advanceHierarchy(): integrating hierarchy
IBHierarchyIntegrator::integrateHierarchy(): computing Lagrangian force
IBHierarchyIntegrator::integrateHierarchy(): spreading Lagrangian force to the Eulerian grid
IBHierarchyIntegrator::integrateHierarchy(): solving the incompressible Navier-Stokes equations
INSStaggeredHierarchyIntegrator::integrateHierarchy(): stokes solve number of iterations = 2
INSStaggeredHierarchyIntegrator::integrateHierarchy(): stokes solve residual norm        = 3.73695e-07
IBHierarchyIntegrator::integrateHierarchy(): interpolating Eulerian velocity to the Lagrangian mesh
IBHierarchyIntegrator::integrateHierarchy(): performing Lagrangian midpoint-rule step
IBHierarchyIntegrator::postprocessIntegrateHierarchy(): interpolating Eulerian velocity to the Lagrangian mesh
IBHierarchyIntegrator::postprocessIntegrateHierarchy(): CFL number = 5.85704e-06
IBHierarchyIntegrator::postprocessIntegrateHierarchy(): Eulerian estimate of upper bound on IB point displacement since last regrid = 0.000556491
IBHierarchyIntegrator::advanceHierarchy(): synchronizing updated data
IBHierarchyIntegrator::advanceHierarchy(): resetting time dependent data

At end       of timestep # 100
Simulation time is 0.063125
+++++++++++++++++++++++++++++++++++++++++++++++++++


+++++++++++++++++++++++++++++++++++++++++++++++++++
At beginning of timestep # 101
Simulation time is 0.063125
IBHierarchyIntegrator::advanceHierarchy(): time interval = [0.063125,0.06375], dt = 0.000625
IBHierarchyIntegrator::preprocessIntegrateHierarchy(): performing Lagrangian forward Euler step
IBHierarchyIntegrator::advanceHierarchy(): integrating hierarchy
IBHierarchyIntegrator::integrateHierarchy(): computing Lagrangian force
IBHierarchyIntegrator::integrateHierarchy(): spreading Lagrangian force to the Eulerian grid
IBHierarchyIntegrator::integrateHierarchy(): solving the incompressible Navier-Stokes equations
INSStaggeredHierarchyIntegrator::integrateHierarchy(): stokes solve number of iterations = 2
INSStaggeredHierarchyIntegrator::integrateHierarchy(): stokes solve residual norm        = 3.68037e-07
IBHierarchyIntegrator::integrateHierarchy(): interpolating Eulerian velocity to the Lagrangian mesh
IBHierarchyIntegrator::integrateHierarchy(): performing Lagrangian midpoint-rule step
IBHierarchyIntegrator::postprocessIntegrateHierarchy(): interpolating Eulerian velocity to the Lagrangian mesh
IBHierarchyIntegrator::postprocessIntegrateHierarchy(): CFL number = 5.85636e-06
IBHierarchyIntegrator::postprocessIntegrateHierarchy(): Eulerian estimate of upper bound on IB point displacement since last regrid = 0.000562347
IBHierarchyIntegrator::advanceHierarchy(): synchronizing updated data
IBHierarchyIntegrator::advanceHierarchy(): resetting time dependent data

At end       of timestep # 101
Simulation time is 0.06375
+++++++++++++++++++++++++++++++++++++++++++++++++++


+++++++++++++++++++++++++++++++++++++++++++++++++++
At beginning of timestep # 102
Simulation time is 0.06375
IBHierarchyIntegrator::advanceHierarchy(): time interval = [0.06375,0.064375], dt = 0.000625
IBHierarchyIntegrator::preprocessIntegrateHierarchy(): performing Lagrangian forward Euler step
IBHierarchyIntegrator::advanceHierarchy(): integrating hierarchy
IBHierarchyIntegrator::integrateHierarchy(): computing Lagrangian force
IBHierarchyIntegrator::integrateHierarchy(): spreading Lagrangian force to the Eulerian grid
IBHierarchyIntegrator::integrateHierarchy(): solving the incompressible Navier-Stokes equations
INSStaggeredHierarchyIntegrator::integrateHierarchy(): stokes solve number of iterations = 2
INSStaggeredHierarchyIntegrator::integrateHierarchy(): stokes solve residual norm        = 3.62502e-07
IBHierarchyIntegrator::integrateHierarchy(): interpolating Eulerian velocity to the Lagrangian mesh
IBHierarchyIntegrator::integrateHierarchy(): performing Lagrangian midpoint-rule step
IBHierarchyIntegrator::postprocessIntegrateHierarchy(): interpolating Eulerian velocity to the Lagrangian mesh
IBHierarchyIntegrator::postprocessIntegrateHierarchy(): CFL number = 5.85576e-06
IBHierarchyIntegrator::postprocessIntegrateHierarchy(): Eulerian estimate of upper bound on IB point displacement since last regrid = 0.000568203
IBHierarchyIntegrator::advanceHierarchy(): synchronizing updated data
IBHierarchyIntegrator::advanceHierarchy(): resetting time dependent data

At end       of timestep # 102
Simulation time is 0.064375
+++++++++++++++++++++++++++++++++++++++++++++++++++


+++++++++++++++++++++++++++++++++++++++++++++++++++
At beginning of timestep # 103
Simulation time is 0.064375
IBHierarchyIntegrator::advanceHierarchy(): time interval = [0.064375,0.065], dt = 0.000625
IBHierarchyIntegrator::preprocessIntegrateHierarchy(): performing Lagrangian forward Euler step
IBHierarchyIntegrator::advanceHierarchy(): integrating hierarchy
IBHierarchyIntegrator::integrateHierarchy(): computing Lagrangian force
IBHierarchyIntegrator::integrateHierarchy(): spreading Lagrangian force to the Eulerian grid
IBHierarchyIntegrator::integrateHierarchy(): solving the incompressible Navier-Stokes equations
INSStaggeredHierarchyIntegrator::integrateHierarchy(): stokes solve number of iterations = 2
INSStaggeredHierarchyIntegrator::integrateHierarchy(): stokes solve residual norm        = 3.57098e-07
IBHierarchyIntegrator::integrateHierarchy(): interpolating Eulerian velocity to the Lagrangian mesh
IBHierarchyIntegrator::integrateHierarchy(): performing Lagrangian midpoint-rule step
IBHierarchyIntegrator::postprocessIntegrateHierarchy(): interpolating Eulerian velocity to the Lagrangian mesh
IBHierarchyIntegrator::postprocessIntegrateHierarchy(): CFL number = 5.85525e-06
IBHierarchyIntegrator::postprocessIntegrateHierarchy(): Eulerian estimate of upper bound on IB point displacement since last regrid = 0.000574058
IBHierarchyIntegrator::advanceHierarchy(): synchronizing updated data
IBHierarchyIntegrator::advanceHierarchy(): resetting time dependent data

At end       of timestep # 103
Simulation time is 0.065
+++++++++++++++++++++++++++++++++++++++++++++++++++


+++++++++++++++++++++++++++++++++++++++++++++++++++
At beginning of timestep # 104
Simulation time is 0.065
IBHierarchyIntegrator::advanceHierarchy(): time interval = [0.065,0.065625], dt = 0.000625
IBHierarchyIntegrator::preprocessIntegrateHierarchy(): performing Lagrangian forward Euler step
IBHierarchyIntegrator::advanceHierarchy(): integrating hierarchy
IBHierarchyIntegrator::integrateHierarchy(): computing Lagrangian force
IBHierarchyIntegrator::integrateHierarchy(): spreading Lagrangian force to the Eulerian grid
IBHierarchyIntegrator::integrateHierarchy(): solving the incompressible Navier-Stokes equations
INSStaggeredHierarchyIntegrator::integrateHierarchy(): stokes solve number of iterations = 2
INSStaggeredHierarchyIntegrator::integrateHierarchy(): stokes solve residual norm        = 3.51839e-07
IBHierarchyIntegrator::integrateHierarchy(): interpolating Eulerian velocity to the Lagrangian mesh
IBHierarchyIntegrator::integrateHierarchy(): performing Lagrangian midpoint-rule step
IBHierarchyIntegrator::postprocessIntegrateHierarchy(): interpolating Eulerian velocity to the Lagrangian mesh
IBHierarchyIntegrator::postprocessIntegrateHierarchy(): CFL number = 5.85485e-06
IBHierarchyIntegrator::postprocessIntegrateHierarchy(): Eulerian estimate of upper bound on IB point displacement since last regrid = 0.000579913
IBHierarchyIntegrator::advanceHierarchy(): synchronizing updated data
IBHierarchyIntegrator::advanceHierarchy(): resetting time dependent data

At end       of timestep # 104
Simulation time is 0.065625
+++++++++++++++++++++++++++++++++++++++++++++++++++


+++++++++++++++++++++++++++++++++++++++++++++++++++
At beginning of timestep # 105
Simulation time is 0.065625
IBHierarchyIntegrator::advanceHierarchy(): time interval = [0.065625,0.06625], dt = 0.000625
IBHierarchyIntegrator::preprocessIntegrateHierarchy(): performing Lagrangian forward Euler step
IBHierarchyIntegrator::advanceHierarchy(): integrating hierarchy
IBHierarchyIntegrator::integrateHierarchy(): computing Lagrangian force
IBHierarchyIntegrator::integrateHierarchy(): spreading Lagrangian force to the Eulerian grid
IBHierarchyIntegrator::integrateHierarchy(): solving the incompressible Navier-Stokes equations
INSStaggeredHierarchyIntegrator::integrateHierarchy(): stokes solve number of iterations = 2
INSStaggeredHierarchyIntegrator::integrateHierarchy(): stokes solve residual norm        = 3.46721e-07
IBHierarchyIntegrator::integrateHierarchy(): interpolating Eulerian velocity to the Lagrangian mesh
IBHierarchyIntegrator::integrateHierarchy(): performing Lagrangian midpoint-rule step
IBHierarchyIntegrator::postprocessIntegrateHierarchy(): interpolating Eulerian velocity to the Lagrangian mesh
IBHierarchyIntegrator::postprocessIntegrateHierarchy(): CFL number = 5.85455e-06
IBHierarchyIntegrator::postprocessIntegrateHierarchy(): Eulerian estimate of upper bound on IB point displacement since last regrid = 0.000585768
IBHierarchyIntegrator::advanceHierarchy(): synchronizing updated data
IBHierarchyIntegrator::advanceHierarchy(): resetting time dependent data

At end       of timestep # 105
Simulation time is 0.06625
+++++++++++++++++++++++++++++++++++++++++++++++++++


+++++++++++++++++++++++++++++++++++++++++++++++++++
At beginning of timestep # 106
Simulation time is 0.06625
IBHierarchyIntegrator::advanceHierarchy(): time interval = [0.06625,0.066875], dt = 0.000625
IBHierarchyIntegrator::preprocessIntegrateHierarchy(): performing Lagrangian forward Euler step
IBHierarchyIntegrator::advanceHierarchy(): integrating hierarchy
IBHierarchyIntegrator::integrateHierarchy(): computing Lagrangian force
IBHierarchyIntegrator::integrateHierarchy(): spreading Lagrangian force to the Eulerian grid
IBHierarchyIntegrator::integrateHierarchy(): solving the incompressible Navier-Stokes equations
INSStaggeredHierarchyIntegrator::integrateHierarchy(): stokes solve number of iterations = 2
INSStaggeredHierarchyIntegrator::integrateHierarchy(): stokes solve residual norm        = 3.41756e-07
IBHierarchyIntegrator::integrateHierarchy(): interpolating Eulerian velocity to the Lagrangian mesh
IBHierarchyIntegrator::integrateHierarchy(): performing Lagrangian midpoint-rule step
IBHierarchyIntegrator::postprocessIntegrateHierarchy(): interpolating Eulerian velocity to the Lagrangian mesh
IBHierarchyIntegrator::postprocessIntegrateHierarchy(): CFL number = 5.85436e-06
IBHierarchyIntegrator::postprocessIntegrateHierarchy(): Eulerian estimate of upper bound on IB point displacement since last regrid = 0.000591622
IBHierarchyIntegrator::advanceHierarchy(): synchronizing updated data
IBHierarchyIntegrator::advanceHierarchy(): resetting time dependent data

At end       of timestep # 106
Simulation time is 0.066875
+++++++++++++++++++++++++++++++++++++++++++++++++++


+++++++++++++++++++++++++++++++++++++++++++++++++++
At beginning of timestep # 107
Simulation time is 0.066875
IBHierarchyIntegrator::advanceHierarchy(): time interval = [0.066875,0.0675], dt = 0.000625
IBHierarchyIntegrator::preprocessIntegrateHierarchy(): performing Lagrangian forward Euler step
IBHierarchyIntegrator::advanceHierarchy(): integrating hierarchy
IBHierarchyIntegrator::integrateHierarchy(): computing Lagrangian force
IBHierarchyIntegrator::integrateHierarchy(): spreading Lagrangian force to the Eulerian grid
IBHierarchyIntegrator::integrateHierarchy(): solving the incompressible Navier-Stokes equations
INSStaggeredHierarchyIntegrator::integrateHierarchy(): stokes solve number of iterations = 2
INSStaggeredHierarchyIntegrator::integrateHierarchy(): stokes solve residual norm        = 3.36942e-07
IBHierarchyIntegrator::integrateHierarchy(): interpolating Eulerian velocity to the Lagrangian mesh
IBHierarchyIntegrator::integrateHierarchy(): performing Lagrangian midpoint-rule step
IBHierarchyIntegrator::postprocessIntegrateHierarchy(): interpolating Eulerian velocity to the Lagrangian mesh
IBHierarchyIntegrator::postprocessIntegrateHierarchy(): CFL number = 5.8543e-06
IBHierarchyIntegrator::postprocessIntegrateHierarchy(): Eulerian estimate of upper bound on IB point displacement since last regrid = 0.000597476
IBHierarchyIntegrator::advanceHierarchy(): synchronizing updated data
IBHierarchyIntegrator::advanceHierarchy(): resetting time dependent data

At end       of timestep # 107
Simulation time is 0.0675
+++++++++++++++++++++++++++++++++++++++++++++++++++


+++++++++++++++++++++++++++++++++++++++++++++++++++
At beginning of timestep # 108
Simulation time is 0.0675
IBHierarchyIntegrator::advanceHierarchy(): time interval = [0.0675,0.068125], dt = 0.000625
IBHierarchyIntegrator::preprocessIntegrateHierarchy(): performing Lagrangian forward Euler step
IBHierarchyIntegrator::advanceHierarchy(): integrating hierarchy
IBHierarchyIntegrator::integrateHierarchy(): computing Lagrangian force
IBHierarchyIntegrator::integrateHierarchy(): spreading Lagrangian force to the Eulerian grid
IBHierarchyIntegrator::integrateHierarchy(): solving the incompressible Navier-Stokes equations
INSStaggeredHierarchyIntegrator::integrateHierarchy(): stokes solve number of iterations = 2
INSStaggeredHierarchyIntegrator::integrateHierarchy(): stokes solve residual norm        = 3.32281e-07
IBHierarchyIntegrator::integrateHierarchy(): interpolating Eulerian velocity to the Lagrangian mesh
IBHierarchyIntegrator::integrateHierarchy(): performing Lagrangian midpoint-rule step
IBHierarchyIntegrator::postprocessIntegrateHierarchy(): interpolating Eulerian velocity to the Lagrangian mesh
IBHierarchyIntegrator::postprocessIntegrateHierarchy(): CFL number = 5.85436e-06
IBHierarchyIntegrator::postprocessIntegrateHierarchy(): Eulerian estimate of upper bound on IB point displacement since last regrid = 0.000603331
IBHierarchyIntegrator::advanceHierarchy(): synchronizing updated data
IBHierarchyIntegrator::advanceHierarchy(): resetting time dependent data

At end       of timestep # 108
Simulation time is 0.068125
+++++++++++++++++++++++++++++++++++++++++++++++++++


+++++++++++++++++++++++++++++++++++++++++++++++++++
At beginning of timestep # 109
Simulation time is 0.068125
IBHierarchyIntegrator::advanceHierarchy(): time interval = [0.068125,0.06875], dt = 0.000625
IBHierarchyIntegrator::preprocessIntegrateHierarchy(): performing Lagrangian forward Euler step
IBHierarchyIntegrator::advanceHierarchy(): integrating hierarchy
IBHierarchyIntegrator::integrateHierarchy(): computing Lagrangian force
IBHierarchyIntegrator::integrateHierarchy(): spreading Lagrangian force to the Eulerian grid
IBHierarchyIntegrator::integrateHierarchy(): solving the incompressible Navier-Stokes equations
INSStaggeredHierarchyIntegrator::integrateHierarchy(): stokes solve number of iterations = 2
INSStaggeredHierarchyIntegrator::integrateHierarchy(): stokes solve residual norm        = 3.27779e-07
IBHierarchyIntegrator::integrateHierarchy(): interpolating Eulerian velocity to the Lagrangian mesh
IBHierarchyIntegrator::integrateHierarchy(): performing Lagrangian midpoint-rule step
IBHierarchyIntegrator::postprocessIntegrateHierarchy(): interpolating Eulerian velocity to the Lagrangian mesh
IBHierarchyIntegrator::postprocessIntegrateHierarchy(): CFL number = 5.85456e-06
IBHierarchyIntegrator::postprocessIntegrateHierarchy(): Eulerian estimate of upper bound on IB point displacement since last regrid = 0.000609185
IBHierarchyIntegrator::advanceHierarchy(): synchronizing updated data
IBHierarchyIntegrator::advanceHierarchy(): resetting time dependent data

At end       of timestep # 109
Simulation time is 0.06875
+++++++++++++++++++++++++++++++++++++++++++++++++++


+++++++++++++++++++++++++++++++++++++++++++++++++++
At beginning of timestep # 110
Simulation time is 0.06875
IBHierarchyIntegrator::advanceHierarchy(): time interval = [0.06875,0.069375], dt = 0.000625
IBHierarchyIntegrator::preprocessIntegrateHierarchy(): performing Lagrangian forward Euler step
IBHierarchyIntegrator::advanceHierarchy(): integrating hierarchy
IBHierarchyIntegrator::integrateHierarchy(): computing Lagrangian force
IBHierarchyIntegrator::integrateHierarchy(): spreading Lagrangian force to the Eulerian grid
IBHierarchyIntegrator::integrateHierarchy(): solving the incompressible Navier-Stokes equations
INSStaggeredHierarchyIntegrator::integrateHierarchy(): stokes solve number of iterations = 2
INSStaggeredHierarchyIntegrator::integrateHierarchy(): stokes solve residual norm        = 3.2343e-07
IBHierarchyIntegrator::integrateHierarchy(): interpolating Eulerian velocity to the Lagrangian mesh
IBHierarchyIntegrator::integrateHierarchy(): performing Lagrangian midpoint-rule step
IBHierarchyIntegrator::postprocessIntegrateHierarchy(): interpolating Eulerian velocity to the Lagrangian mesh
IBHierarchyIntegrator::postprocessIntegrateHierarchy(): CFL number = 5.85489e-06
IBHierarchyIntegrator::postprocessIntegrateHierarchy(): Eulerian estimate of upper bound on IB point displacement since last regrid = 0.00061504
IBHierarchyIntegrator::advanceHierarchy(): synchronizing updated data
IBHierarchyIntegrator::advanceHierarchy(): resetting time dependent data

At end       of timestep # 110
Simulation time is 0.069375
+++++++++++++++++++++++++++++++++++++++++++++++++++


+++++++++++++++++++++++++++++++++++++++++++++++++++
At beginning of timestep # 111
Simulation time is 0.069375
IBHierarchyIntegrator::advanceHierarchy(): time interval = [0.069375,0.07], dt = 0.000625
IBHierarchyIntegrator::preprocessIntegrateHierarchy(): performing Lagrangian forward Euler step
IBHierarchyIntegrator::advanceHierarchy(): integrating hierarchy
IBHierarchyIntegrator::integrateHierarchy(): computing Lagrangian force
IBHierarchyIntegrator::integrateHierarchy(): spreading Lagrangian force to the Eulerian grid
IBHierarchyIntegrator::integrateHierarchy(): solving the incompressible Navier-Stokes equations
INSStaggeredHierarchyIntegrator::integrateHierarchy(): stokes solve number of iterations = 2
INSStaggeredHierarchyIntegrator::integrateHierarchy(): stokes solve residual norm        = 3.19237e-07
IBHierarchyIntegrator::integrateHierarchy(): interpolating Eulerian velocity to the Lagrangian mesh
IBHierarchyIntegrator::integrateHierarchy(): performing Lagrangian midpoint-rule step
IBHierarchyIntegrator::postprocessIntegrateHierarchy(): interpolating Eulerian velocity to the Lagrangian mesh
IBHierarchyIntegrator::postprocessIntegrateHierarchy(): CFL number = 5.85536e-06
IBHierarchyIntegrator::postprocessIntegrateHierarchy(): Eulerian estimate of upper bound on IB point displacement since last regrid = 0.000620896
IBHierarchyIntegrator::advanceHierarchy(): synchronizing updated data
IBHierarchyIntegrator::advanceHierarchy(): resetting time dependent data

At end       of timestep # 111
Simulation time is 0.07
+++++++++++++++++++++++++++++++++++++++++++++++++++


+++++++++++++++++++++++++++++++++++++++++++++++++++
At beginning of timestep # 112
Simulation time is 0.07
IBHierarchyIntegrator::advanceHierarchy(): time interval = [0.07,0.070625], dt = 0.000625
IBHierarchyIntegrator::preprocessIntegrateHierarchy(): performing Lagrangian forward Euler step
IBHierarchyIntegrator::advanceHierarchy(): integrating hierarchy
IBHierarchyIntegrator::integrateHierarchy(): computing Lagrangian force
IBHierarchyIntegrator::integrateHierarchy(): spreading Lagrangian force to the Eulerian grid
IBHierarchyIntegrator::integrateHierarchy(): solving the incompressible Navier-Stokes equations
INSStaggeredHierarchyIntegrator::integrateHierarchy(): stokes solve number of iterations = 2
INSStaggeredHierarchyIntegrator::integrateHierarchy(): stokes solve residual norm        = 3.15194e-07
IBHierarchyIntegrator::integrateHierarchy(): interpolating Eulerian velocity to the Lagrangian mesh
IBHierarchyIntegrator::integrateHierarchy(): performing Lagrangian midpoint-rule step
IBHierarchyIntegrator::postprocessIntegrateHierarchy(): interpolating Eulerian velocity to the Lagrangian mesh
IBHierarchyIntegrator::postprocessIntegrateHierarchy(): CFL number = 5.85596e-06
IBHierarchyIntegrator::postprocessIntegrateHierarchy(): Eulerian estimate of upper bound on IB point displacement since last regrid = 0.000626752
IBHierarchyIntegrator::advanceHierarchy(): synchronizing updated data
IBHierarchyIntegrator::advanceHierarchy(): resetting time dependent data

At end       of timestep # 112
Simulation time is 0.070625
+++++++++++++++++++++++++++++++++++++++++++++++++++


+++++++++++++++++++++++++++++++++++++++++++++++++++
At beginning of timestep # 113
Simulation time is 0.070625
IBHierarchyIntegrator::advanceHierarchy(): time interval = [0.070625,0.07125], dt = 0.000625
IBHierarchyIntegrator::preprocessIntegrateHierarchy(): performing Lagrangian forward Euler step
IBHierarchyIntegrator::advanceHierarchy(): integrating hierarchy
IBHierarchyIntegrator::integrateHierarchy(): computing Lagrangian force
IBHierarchyIntegrator::integrateHierarchy(): spreading Lagrangian force to the Eulerian grid
IBHierarchyIntegrator::integrateHierarchy(): solving the incompressible Navier-Stokes equations
INSStaggeredHierarchyIntegrator::integrateHierarchy(): stokes solve number of iterations = 2
INSStaggeredHierarchyIntegrator::integrateHierarchy(): stokes solve residual norm        = 3.11302e-07
IBHierarchyIntegrator::integrateHierarchy(): interpolating Eulerian velocity to the Lagrangian mesh
IBHierarchyIntegrator::integrateHierarchy(): performing Lagrangian midpoint-rule step
IBHierarchyIntegrator::postprocessIntegrateHierarchy(): interpolating Eulerian velocity to the Lagrangian mesh
IBHierarchyIntegrator::postprocessIntegrateHierarchy(): CFL number = 5.85671e-06
IBHierarchyIntegrator::postprocessIntegrateHierarchy(): Eulerian estimate of upper bound on IB point displacement since last regrid = 0.000632608
IBHierarchyIntegrator::advanceHierarchy(): synchronizing updated data
IBHierarchyIntegrator::advanceHierarchy(): resetting time dependent data

At end       of timestep # 113
Simulation time is 0.07125
+++++++++++++++++++++++++++++++++++++++++++++++++++


+++++++++++++++++++++++++++++++++++++++++++++++++++
At beginning of timestep # 114
Simulation time is 0.07125
IBHierarchyIntegrator::advanceHierarchy(): time interval = [0.07125,0.071875], dt = 0.000625
IBHierarchyIntegrator::preprocessIntegrateHierarchy(): performing Lagrangian forward Euler step
IBHierarchyIntegrator::advanceHierarchy(): integrating hierarchy
IBHierarchyIntegrator::integrateHierarchy(): computing Lagrangian force
IBHierarchyIntegrator::integrateHierarchy(): spreading Lagrangian force to the Eulerian grid
IBHierarchyIntegrator::integrateHierarchy(): solving the incompressible Navier-Stokes equations
INSStaggeredHierarchyIntegrator::integrateHierarchy(): stokes solve number of iterations = 2
INSStaggeredHierarchyIntegrator::integrateHierarchy(): stokes solve residual norm        = 3.07556e-07
IBHierarchyIntegrator::integrateHierarchy(): interpolating Eulerian velocity to the Lagrangian mesh
IBHierarchyIntegrator::integrateHierarchy(): performing Lagrangian midpoint-rule step
IBHierarchyIntegrator::postprocessIntegrateHierarchy(): interpolating Eulerian velocity to the Lagrangian mesh
IBHierarchyIntegrator::postprocessIntegrateHierarchy(): CFL number = 5.8576e-06
IBHierarchyIntegrator::postprocessIntegrateHierarchy(): Eulerian estimate of upper bound on IB point displacement since last regrid = 0.000638466
IBHierarchyIntegrator::advanceHierarchy(): synchronizing updated data
IBHierarchyIntegrator::advanceHierarchy(): resetting time dependent data

At end       of timestep # 114
Simulation time is 0.071875
+++++++++++++++++++++++++++++++++++++++++++++++++++


+++++++++++++++++++++++++++++++++++++++++++++++++++
At beginning of timestep # 115
Simulation time is 0.071875
IBHierarchyIntegrator::advanceHierarchy(): time interval = [0.071875,0.0725], dt = 0.000625
IBHierarchyIntegrator::preprocessIntegrateHierarchy(): performing Lagrangian forward Euler step
IBHierarchyIntegrator::advanceHierarchy(): integrating hierarchy
IBHierarchyIntegrator::integrateHierarchy(): computing Lagrangian force
IBHierarchyIntegrator::integrateHierarchy(): spreading Lagrangian force to the Eulerian grid
IBHierarchyIntegrator::integrateHierarchy(): solving the incompressible Navier-Stokes equations
INSStaggeredHierarchyIntegrator::integrateHierarchy(): stokes solve number of iterations = 2
INSStaggeredHierarchyIntegrator::integrateHierarchy(): stokes solve residual norm        = 3.0395e-07
IBHierarchyIntegrator::integrateHierarchy(): interpolating Eulerian velocity to the Lagrangian mesh
IBHierarchyIntegrator::integrateHierarchy(): performing Lagrangian midpoint-rule step
IBHierarchyIntegrator::postprocessIntegrateHierarchy(): interpolating Eulerian velocity to the Lagrangian mesh
IBHierarchyIntegrator::postprocessIntegrateHierarchy(): CFL number = 5.85862e-06
IBHierarchyIntegrator::postprocessIntegrateHierarchy(): Eulerian estimate of upper bound on IB point displacement since last regrid = 0.000644324
IBHierarchyIntegrator::advanceHierarchy(): synchronizing updated data
IBHierarchyIntegrator::advanceHierarchy(): resetting time dependent data

At end       of timestep # 115
Simulation time is 0.0725
+++++++++++++++++++++++++++++++++++++++++++++++++++


+++++++++++++++++++++++++++++++++++++++++++++++++++
At beginning of timestep # 116
Simulation time is 0.0725
IBHierarchyIntegrator::advanceHierarchy(): time interval = [0.0725,0.073125], dt = 0.000625
IBHierarchyIntegrator::preprocessIntegrateHierarchy(): performing Lagrangian forward Euler step
IBHierarchyIntegrator::advanceHierarchy(): integrating hierarchy
IBHierarchyIntegrator::integrateHierarchy(): computing Lagrangian force
IBHierarchyIntegrator::integrateHierarchy(): spreading Lagrangian force to the Eulerian grid
IBHierarchyIntegrator::integrateHierarchy(): solving the incompressible Navier-Stokes equations
INSStaggeredHierarchyIntegrator::integrateHierarchy(): stokes solve number of iterations = 2
INSStaggeredHierarchyIntegrator::integrateHierarchy(): stokes solve residual norm        = 3.00479e-07
IBHierarchyIntegrator::integrateHierarchy(): interpolating Eulerian velocity to the Lagrangian mesh
IBHierarchyIntegrator::integrateHierarchy(): performing Lagrangian midpoint-rule step
IBHierarchyIntegrator::postprocessIntegrateHierarchy(): interpolating Eulerian velocity to the Lagrangian mesh
IBHierarchyIntegrator::postprocessIntegrateHierarchy(): CFL number = 5.85979e-06
IBHierarchyIntegrator::postprocessIntegrateHierarchy(): Eulerian estimate of upper bound on IB point displacement since last regrid = 0.000650184
IBHierarchyIntegrator::advanceHierarchy(): synchronizing updated data
IBHierarchyIntegrator::advanceHierarchy(): resetting time dependent data

At end       of timestep # 116
Simulation time is 0.073125
+++++++++++++++++++++++++++++++++++++++++++++++++++


+++++++++++++++++++++++++++++++++++++++++++++++++++
At beginning of timestep # 117
Simulation time is 0.073125
IBHierarchyIntegrator::advanceHierarchy(): time interval = [0.073125,0.07375], dt = 0.000625
IBHierarchyIntegrator::preprocessIntegrateHierarchy(): performing Lagrangian forward Euler step
IBHierarchyIntegrator::advanceHierarchy(): integrating hierarchy
IBHierarchyIntegrator::integrateHierarchy(): computing Lagrangian force
IBHierarchyIntegrator::integrateHierarchy(): spreading Lagrangian force to the Eulerian grid
IBHierarchyIntegrator::integrateHierarchy(): solving the incompressible Navier-Stokes equations
INSStaggeredHierarchyIntegrator::integrateHierarchy(): stokes solve number of iterations = 2
INSStaggeredHierarchyIntegrator::integrateHierarchy(): stokes solve residual norm        = 2.97138e-07
IBHierarchyIntegrator::integrateHierarchy(): interpolating Eulerian velocity to the Lagrangian mesh
IBHierarchyIntegrator::integrateHierarchy(): performing Lagrangian midpoint-rule step
IBHierarchyIntegrator::postprocessIntegrateHierarchy(): interpolating Eulerian velocity to the Lagrangian mesh
IBHierarchyIntegrator::postprocessIntegrateHierarchy(): CFL number = 5.8611e-06
IBHierarchyIntegrator::postprocessIntegrateHierarchy(): Eulerian estimate of upper bound on IB point displacement since last regrid = 0.000656045
IBHierarchyIntegrator::advanceHierarchy(): synchronizing updated data
IBHierarchyIntegrator::advanceHierarchy(): resetting time dependent data

At end       of timestep # 117
Simulation time is 0.07375
+++++++++++++++++++++++++++++++++++++++++++++++++++


+++++++++++++++++++++++++++++++++++++++++++++++++++
At beginning of timestep # 118
Simulation time is 0.07375
IBHierarchyIntegrator::advanceHierarchy(): time interval = [0.07375,0.074375], dt = 0.000625
IBHierarchyIntegrator::preprocessIntegrateHierarchy(): performing Lagrangian forward Euler step
IBHierarchyIntegrator::advanceHierarchy(): integrating hierarchy
IBHierarchyIntegrator::integrateHierarchy(): computing Lagrangian force
IBHierarchyIntegrator::integrateHierarchy(): spreading Lagrangian force to the Eulerian grid
IBHierarchyIntegrator::integrateHierarchy(): solving the incompressible Navier-Stokes equations
INSStaggeredHierarchyIntegrator::integrateHierarchy(): stokes solve number of iterations = 2
INSStaggeredHierarchyIntegrator::integrateHierarchy(): stokes solve residual norm        = 2.93922e-07
IBHierarchyIntegrator::integrateHierarchy(): interpolating Eulerian velocity to the Lagrangian mesh
IBHierarchyIntegrator::integrateHierarchy(): performing Lagrangian midpoint-rule step
IBHierarchyIntegrator::postprocessIntegrateHierarchy(): interpolating Eulerian velocity to the Lagrangian mesh
IBHierarchyIntegrator::postprocessIntegrateHierarchy(): CFL number = 5.86255e-06
IBHierarchyIntegrator::postprocessIntegrateHierarchy(): Eulerian estimate of upper bound on IB point displacement since last regrid = 0.000661908
IBHierarchyIntegrator::advanceHierarchy(): synchronizing updated data
IBHierarchyIntegrator::advanceHierarchy(): resetting time dependent data

At end       of timestep # 118
Simulation time is 0.074375
+++++++++++++++++++++++++++++++++++++++++++++++++++


+++++++++++++++++++++++++++++++++++++++++++++++++++
At beginning of timestep # 119
Simulation time is 0.074375
IBHierarchyIntegrator::advanceHierarchy(): time interval = [0.074375,0.075], dt = 0.000625
IBHierarchyIntegrator::preprocessIntegrateHierarchy(): performing Lagrangian forward Euler step
IBHierarchyIntegrator::advanceHierarchy(): integrating hierarchy
IBHierarchyIntegrator::integrateHierarchy(): computing Lagrangian force
IBHierarchyIntegrator::integrateHierarchy(): spreading Lagrangian force to the Eulerian grid
IBHierarchyIntegrator::integrateHierarchy(): solving the incompressible Navier-Stokes equations
INSStaggeredHierarchyIntegrator::integrateHierarchy(): stokes solve number of iterations = 2
INSStaggeredHierarchyIntegrator::integrateHierarchy(): stokes solve residual norm        = 2.90823e-07
IBHierarchyIntegrator::integrateHierarchy(): interpolating Eulerian velocity to the Lagrangian mesh
IBHierarchyIntegrator::integrateHierarchy(): performing Lagrangian midpoint-rule step
IBHierarchyIntegrator::postprocessIntegrateHierarchy(): interpolating Eulerian velocity to the Lagrangian mesh
IBHierarchyIntegrator::postprocessIntegrateHierarchy(): CFL number = 5.86413e-06
IBHierarchyIntegrator::postprocessIntegrateHierarchy(): Eulerian estimate of upper bound on IB point displacement since last regrid = 0.000667772
IBHierarchyIntegrator::advanceHierarchy(): synchronizing updated data
IBHierarchyIntegrator::advanceHierarchy(): resetting time dependent data

At end       of timestep # 119
Simulation time is 0.075
+++++++++++++++++++++++++++++++++++++++++++++++++++


+++++++++++++++++++++++++++++++++++++++++++++++++++
At beginning of timestep # 120
Simulation time is 0.075
IBHierarchyIntegrator::advanceHierarchy(): time interval = [0.075,0.075625], dt = 0.000625
IBHierarchyIntegrator::preprocessIntegrateHierarchy(): performing Lagrangian forward Euler step
IBHierarchyIntegrator::advanceHierarchy(): integrating hierarchy
IBHierarchyIntegrator::integrateHierarchy(): computing Lagrangian force
IBHierarchyIntegrator::integrateHierarchy(): spreading Lagrangian force to the Eulerian grid
IBHierarchyIntegrator::integrateHierarchy(): solving the incompressible Navier-Stokes equations
INSStaggeredHierarchyIntegrator::integrateHierarchy(): stokes solve number of iterations = 2
INSStaggeredHierarchyIntegrator::integrateHierarchy(): stokes solve residual norm        = 2.87823e-07
IBHierarchyIntegrator::integrateHierarchy(): interpolating Eulerian velocity to the Lagrangian mesh
IBHierarchyIntegrator::integrateHierarchy(): performing Lagrangian midpoint-rule step
IBHierarchyIntegrator::postprocessIntegrateHierarchy(): interpolating Eulerian velocity to the Lagrangian mesh
IBHierarchyIntegrator::postprocessIntegrateHierarchy(): CFL number = 5.86584e-06
IBHierarchyIntegrator::postprocessIntegrateHierarchy(): Eulerian estimate of upper bound on IB point displacement since last regrid = 0.000673638
IBHierarchyIntegrator::advanceHierarchy(): synchronizing updated data
IBHierarchyIntegrator::advanceHierarchy(): resetting time dependent data

At end       of timestep # 120
Simulation time is 0.075625
+++++++++++++++++++++++++++++++++++++++++++++++++++


+++++++++++++++++++++++++++++++++++++++++++++++++++
At beginning of timestep # 121
Simulation time is 0.075625
IBHierarchyIntegrator::advanceHierarchy(): time interval = [0.075625,0.07625], dt = 0.000625
IBHierarchyIntegrator::preprocessIntegrateHierarchy(): performing Lagrangian forward Euler step
IBHierarchyIntegrator::advanceHierarchy(): integrating hierarchy
IBHierarchyIntegrator::integrateHierarchy(): computing Lagrangian force
IBHierarchyIntegrator::integrateHierarchy(): spreading Lagrangian force to the Eulerian grid
IBHierarchyIntegrator::integrateHierarchy(): solving the incompressible Navier-Stokes equations
INSStaggeredHierarchyIntegrator::integrateHierarchy(): stokes solve number of iterations = 2
INSStaggeredHierarchyIntegrator::integrateHierarchy(): stokes solve residual norm        = 2.84936e-07
IBHierarchyIntegrator::integrateHierarchy(): interpolating Eulerian velocity to the Lagrangian mesh
IBHierarchyIntegrator::integrateHierarchy(): performing Lagrangian midpoint-rule step
IBHierarchyIntegrator::postprocessIntegrateHierarchy(): interpolating Eulerian velocity to the Lagrangian mesh
IBHierarchyIntegrator::postprocessIntegrateHierarchy(): CFL number = 5.86768e-06
IBHierarchyIntegrator::postprocessIntegrateHierarchy(): Eulerian estimate of upper bound on IB point displacement since last regrid = 0.000679506
IBHierarchyIntegrator::advanceHierarchy(): synchronizing updated data
IBHierarchyIntegrator::advanceHierarchy(): resetting time dependent data

At end       of timestep # 121
Simulation time is 0.07625
+++++++++++++++++++++++++++++++++++++++++++++++++++


+++++++++++++++++++++++++++++++++++++++++++++++++++
At beginning of timestep # 122
Simulation time is 0.07625
IBHierarchyIntegrator::advanceHierarchy(): time interval = [0.07625,0.076875], dt = 0.000625
IBHierarchyIntegrator::preprocessIntegrateHierarchy(): performing Lagrangian forward Euler step
IBHierarchyIntegrator::advanceHierarchy(): integrating hierarchy
IBHierarchyIntegrator::integrateHierarchy(): computing Lagrangian force
IBHierarchyIntegrator::integrateHierarchy(): spreading Lagrangian force to the Eulerian grid
IBHierarchyIntegrator::integrateHierarchy(): solving the incompressible Navier-Stokes equations
INSStaggeredHierarchyIntegrator::integrateHierarchy(): stokes solve number of iterations = 2
INSStaggeredHierarchyIntegrator::integrateHierarchy(): stokes solve residual norm        = 2.82149e-07
IBHierarchyIntegrator::integrateHierarchy(): interpolating Eulerian velocity to the Lagrangian mesh
IBHierarchyIntegrator::integrateHierarchy(): performing Lagrangian midpoint-rule step
IBHierarchyIntegrator::postprocessIntegrateHierarchy(): interpolating Eulerian velocity to the Lagrangian mesh
IBHierarchyIntegrator::postprocessIntegrateHierarchy(): CFL number = 5.86964e-06
IBHierarchyIntegrator::postprocessIntegrateHierarchy(): Eulerian estimate of upper bound on IB point displacement since last regrid = 0.000685375
IBHierarchyIntegrator::advanceHierarchy(): synchronizing updated data
IBHierarchyIntegrator::advanceHierarchy(): resetting time dependent data

At end       of timestep # 122
Simulation time is 0.076875
+++++++++++++++++++++++++++++++++++++++++++++++++++


+++++++++++++++++++++++++++++++++++++++++++++++++++
At beginning of timestep # 123
Simulation time is 0.076875
IBHierarchyIntegrator::advanceHierarchy(): time interval = [0.076875,0.0775], dt = 0.000625
IBHierarchyIntegrator::preprocessIntegrateHierarchy(): performing Lagrangian forward Euler step
IBHierarchyIntegrator::advanceHierarchy(): integrating hierarchy
IBHierarchyIntegrator::integrateHierarchy(): computing Lagrangian force
IBHierarchyIntegrator::integrateHierarchy(): spreading Lagrangian force to the Eulerian grid
IBHierarchyIntegrator::integrateHierarchy(): solving the incompressible Navier-Stokes equations
INSStaggeredHierarchyIntegrator::integrateHierarchy(): stokes solve number of iterations = 2
INSStaggeredHierarchyIntegrator::integrateHierarchy(): stokes solve residual norm        = 2.79451e-07
IBHierarchyIntegrator::integrateHierarchy(): interpolating Eulerian velocity to the Lagrangian mesh
IBHierarchyIntegrator::integrateHierarchy(): performing Lagrangian midpoint-rule step
IBHierarchyIntegrator::postprocessIntegrateHierarchy(): interpolating Eulerian velocity to the Lagrangian mesh
IBHierarchyIntegrator::postprocessIntegrateHierarchy(): CFL number = 5.87173e-06
IBHierarchyIntegrator::postprocessIntegrateHierarchy(): Eulerian estimate of upper bound on IB point displacement since last regrid = 0.000691247
IBHierarchyIntegrator::advanceHierarchy(): synchronizing updated data
IBHierarchyIntegrator::advanceHierarchy(): resetting time dependent data

At end       of timestep # 123
Simulation time is 0.0775
+++++++++++++++++++++++++++++++++++++++++++++++++++


+++++++++++++++++++++++++++++++++++++++++++++++++++
At beginning of timestep # 124
Simulation time is 0.0775
IBHierarchyIntegrator::advanceHierarchy(): time interval = [0.0775,0.078125], dt = 0.000625
IBHierarchyIntegrator::preprocessIntegrateHierarchy(): performing Lagrangian forward Euler step
IBHierarchyIntegrator::advanceHierarchy(): integrating hierarchy
IBHierarchyIntegrator::integrateHierarchy(): computing Lagrangian force
IBHierarchyIntegrator::integrateHierarchy(): spreading Lagrangian force to the Eulerian grid
IBHierarchyIntegrator::integrateHierarchy(): solving the incompressible Navier-Stokes equations
INSStaggeredHierarchyIntegrator::integrateHierarchy(): stokes solve number of iterations = 2
INSStaggeredHierarchyIntegrator::integrateHierarchy(): stokes solve residual norm        = 2.76832e-07
IBHierarchyIntegrator::integrateHierarchy(): interpolating Eulerian velocity to the Lagrangian mesh
IBHierarchyIntegrator::integrateHierarchy(): performing Lagrangian midpoint-rule step
IBHierarchyIntegrator::postprocessIntegrateHierarchy(): interpolating Eulerian velocity to the Lagrangian mesh
IBHierarchyIntegrator::postprocessIntegrateHierarchy(): CFL number = 5.87393e-06
IBHierarchyIntegrator::postprocessIntegrateHierarchy(): Eulerian estimate of upper bound on IB point displacement since last regrid = 0.000697121
IBHierarchyIntegrator::advanceHierarchy(): synchronizing updated data
IBHierarchyIntegrator::advanceHierarchy(): resetting time dependent data

At end       of timestep # 124
Simulation time is 0.078125
+++++++++++++++++++++++++++++++++++++++++++++++++++


+++++++++++++++++++++++++++++++++++++++++++++++++++
At beginning of timestep # 125
Simulation time is 0.078125
IBHierarchyIntegrator::advanceHierarchy(): time interval = [0.078125,0.07875], dt = 0.000625
IBHierarchyIntegrator::preprocessIntegrateHierarchy(): performing Lagrangian forward Euler step
IBHierarchyIntegrator::advanceHierarchy(): integrating hierarchy
IBHierarchyIntegrator::integrateHierarchy(): computing Lagrangian force
IBHierarchyIntegrator::integrateHierarchy(): spreading Lagrangian force to the Eulerian grid
IBHierarchyIntegrator::integrateHierarchy(): solving the incompressible Navier-Stokes equations
INSStaggeredHierarchyIntegrator::integrateHierarchy(): stokes solve number of iterations = 2
INSStaggeredHierarchyIntegrator::integrateHierarchy(): stokes solve residual norm        = 2.74289e-07
IBHierarchyIntegrator::integrateHierarchy(): interpolating Eulerian velocity to the Lagrangian mesh
IBHierarchyIntegrator::integrateHierarchy(): performing Lagrangian midpoint-rule step
IBHierarchyIntegrator::postprocessIntegrateHierarchy(): interpolating Eulerian velocity to the Lagrangian mesh
IBHierarchyIntegrator::postprocessIntegrateHierarchy(): CFL number = 5.87624e-06
IBHierarchyIntegrator::postprocessIntegrateHierarchy(): Eulerian estimate of upper bound on IB point displacement since last regrid = 0.000702997
IBHierarchyIntegrator::advanceHierarchy(): synchronizing updated data
IBHierarchyIntegrator::advanceHierarchy(): resetting time dependent data

At end       of timestep # 125
Simulation time is 0.07875
+++++++++++++++++++++++++++++++++++++++++++++++++++


+++++++++++++++++++++++++++++++++++++++++++++++++++
At beginning of timestep # 126
Simulation time is 0.07875
IBHierarchyIntegrator::advanceHierarchy(): time interval = [0.07875,0.079375], dt = 0.000625
IBHierarchyIntegrator::preprocessIntegrateHierarchy(): performing Lagrangian forward Euler step
IBHierarchyIntegrator::advanceHierarchy(): integrating hierarchy
IBHierarchyIntegrator::integrateHierarchy(): computing Lagrangian force
IBHierarchyIntegrator::integrateHierarchy(): spreading Lagrangian force to the Eulerian grid
IBHierarchyIntegrator::integrateHierarchy(): solving the incompressible Navier-Stokes equations
INSStaggeredHierarchyIntegrator::integrateHierarchy(): stokes solve number of iterations = 2
INSStaggeredHierarchyIntegrator::integrateHierarchy(): stokes solve residual norm        = 2.71811e-07
IBHierarchyIntegrator::integrateHierarchy(): interpolating Eulerian velocity to the Lagrangian mesh
IBHierarchyIntegrator::integrateHierarchy(): performing Lagrangian midpoint-rule step
IBHierarchyIntegrator::postprocessIntegrateHierarchy(): interpolating Eulerian velocity to the Lagrangian mesh
IBHierarchyIntegrator::postprocessIntegrateHierarchy(): CFL number = 5.87866e-06
IBHierarchyIntegrator::postprocessIntegrateHierarchy(): Eulerian estimate of upper bound on IB point displacement since last regrid = 0.000708876
IBHierarchyIntegrator::advanceHierarchy(): synchronizing updated data
IBHierarchyIntegrator::advanceHierarchy(): resetting time dependent data

At end       of timestep # 126
Simulation time is 0.079375
+++++++++++++++++++++++++++++++++++++++++++++++++++


+++++++++++++++++++++++++++++++++++++++++++++++++++
At beginning of timestep # 127
Simulation time is 0.079375
IBHierarchyIntegrator::advanceHierarchy(): time interval = [0.079375,0.08], dt = 0.000625
IBHierarchyIntegrator::preprocessIntegrateHierarchy(): performing Lagrangian forward Euler step
IBHierarchyIntegrator::advanceHierarchy(): integrating hierarchy
IBHierarchyIntegrator::integrateHierarchy(): computing Lagrangian force
IBHierarchyIntegrator::integrateHierarchy(): spreading Lagrangian force to the Eulerian grid
IBHierarchyIntegrator::integrateHierarchy(): solving the incompressible Navier-Stokes equations
INSStaggeredHierarchyIntegrator::integrateHierarchy(): stokes solve number of iterations = 2
INSStaggeredHierarchyIntegrator::integrateHierarchy(): stokes solve residual norm        = 2.69396e-07
IBHierarchyIntegrator::integrateHierarchy(): interpolating Eulerian velocity to the Lagrangian mesh
IBHierarchyIntegrator::integrateHierarchy(): performing Lagrangian midpoint-rule step
IBHierarchyIntegrator::postprocessIntegrateHierarchy(): interpolating Eulerian velocity to the Lagrangian mesh
IBHierarchyIntegrator::postprocessIntegrateHierarchy(): CFL number = 5.88118e-06
IBHierarchyIntegrator::postprocessIntegrateHierarchy(): Eulerian estimate of upper bound on IB point displacement since last regrid = 0.000714757
IBHierarchyIntegrator::advanceHierarchy(): synchronizing updated data
IBHierarchyIntegrator::advanceHierarchy(): resetting time dependent data

At end       of timestep # 127
Simulation time is 0.08
+++++++++++++++++++++++++++++++++++++++++++++++++++


+++++++++++++++++++++++++++++++++++++++++++++++++++
At beginning of timestep # 128
Simulation time is 0.08
IBHierarchyIntegrator::advanceHierarchy(): time interval = [0.08,0.080625], dt = 0.000625
IBHierarchyIntegrator::preprocessIntegrateHierarchy(): performing Lagrangian forward Euler step
IBHierarchyIntegrator::advanceHierarchy(): integrating hierarchy
IBHierarchyIntegrator::integrateHierarchy(): computing Lagrangian force
IBHierarchyIntegrator::integrateHierarchy(): spreading Lagrangian force to the Eulerian grid
IBHierarchyIntegrator::integrateHierarchy(): solving the incompressible Navier-Stokes equations
INSStaggeredHierarchyIntegrator::integrateHierarchy(): stokes solve number of iterations = 2
INSStaggeredHierarchyIntegrator::integrateHierarchy(): stokes solve residual norm        = 2.67035e-07
IBHierarchyIntegrator::integrateHierarchy(): interpolating Eulerian velocity to the Lagrangian mesh
IBHierarchyIntegrator::integrateHierarchy(): performing Lagrangian midpoint-rule step
IBHierarchyIntegrator::postprocessIntegrateHierarchy(): interpolating Eulerian velocity to the Lagrangian mesh
IBHierarchyIntegrator::postprocessIntegrateHierarchy(): CFL number = 5.8838e-06
IBHierarchyIntegrator::postprocessIntegrateHierarchy(): Eulerian estimate of upper bound on IB point displacement since last regrid = 0.000720641
IBHierarchyIntegrator::advanceHierarchy(): synchronizing updated data
IBHierarchyIntegrator::advanceHierarchy(): resetting time dependent data

At end       of timestep # 128
Simulation time is 0.080625
+++++++++++++++++++++++++++++++++++++++++++++++++++


+++++++++++++++++++++++++++++++++++++++++++++++++++
At beginning of timestep # 129
Simulation time is 0.080625
IBHierarchyIntegrator::advanceHierarchy(): time interval = [0.080625,0.08125], dt = 0.000625
IBHierarchyIntegrator::preprocessIntegrateHierarchy(): performing Lagrangian forward Euler step
IBHierarchyIntegrator::advanceHierarchy(): integrating hierarchy
IBHierarchyIntegrator::integrateHierarchy(): computing Lagrangian force
IBHierarchyIntegrator::integrateHierarchy(): spreading Lagrangian force to the Eulerian grid
IBHierarchyIntegrator::integrateHierarchy(): solving the incompressible Navier-Stokes equations
INSStaggeredHierarchyIntegrator::integrateHierarchy(): stokes solve number of iterations = 2
INSStaggeredHierarchyIntegrator::integrateHierarchy(): stokes solve residual norm        = 2.64718e-07
IBHierarchyIntegrator::integrateHierarchy(): interpolating Eulerian velocity to the Lagrangian mesh
IBHierarchyIntegrator::integrateHierarchy(): performing Lagrangian midpoint-rule step
IBHierarchyIntegrator::postprocessIntegrateHierarchy(): interpolating Eulerian velocity to the Lagrangian mesh
IBHierarchyIntegrator::postprocessIntegrateHierarchy(): CFL number = 5.8865e-06
IBHierarchyIntegrator::postprocessIntegrateHierarchy(): Eulerian estimate of upper bound on IB point displacement since last regrid = 0.000726527
IBHierarchyIntegrator::advanceHierarchy(): synchronizing updated data
IBHierarchyIntegrator::advanceHierarchy(): resetting time dependent data

At end       of timestep # 129
Simulation time is 0.08125
+++++++++++++++++++++++++++++++++++++++++++++++++++


+++++++++++++++++++++++++++++++++++++++++++++++++++
At beginning of timestep # 130
Simulation time is 0.08125
IBHierarchyIntegrator::advanceHierarchy(): time interval = [0.08125,0.081875], dt = 0.000625
IBHierarchyIntegrator::preprocessIntegrateHierarchy(): performing Lagrangian forward Euler step
IBHierarchyIntegrator::advanceHierarchy(): integrating hierarchy
IBHierarchyIntegrator::integrateHierarchy(): computing Lagrangian force
IBHierarchyIntegrator::integrateHierarchy(): spreading Lagrangian force to the Eulerian grid
IBHierarchyIntegrator::integrateHierarchy(): solving the incompressible Navier-Stokes equations
INSStaggeredHierarchyIntegrator::integrateHierarchy(): stokes solve number of iterations = 2
INSStaggeredHierarchyIntegrator::integrateHierarchy(): stokes solve residual norm        = 2.62445e-07
IBHierarchyIntegrator::integrateHierarchy(): interpolating Eulerian velocity to the Lagrangian mesh
IBHierarchyIntegrator::integrateHierarchy(): performing Lagrangian midpoint-rule step
IBHierarchyIntegrator::postprocessIntegrateHierarchy(): interpolating Eulerian velocity to the Lagrangian mesh
IBHierarchyIntegrator::postprocessIntegrateHierarchy(): CFL number = 5.88929e-06
IBHierarchyIntegrator::postprocessIntegrateHierarchy(): Eulerian estimate of upper bound on IB point displacement since last regrid = 0.000732417
IBHierarchyIntegrator::advanceHierarchy(): synchronizing updated data
IBHierarchyIntegrator::advanceHierarchy(): resetting time dependent data

At end       of timestep # 130
Simulation time is 0.081875
+++++++++++++++++++++++++++++++++++++++++++++++++++


+++++++++++++++++++++++++++++++++++++++++++++++++++
At beginning of timestep # 131
Simulation time is 0.081875
IBHierarchyIntegrator::advanceHierarchy(): time interval = [0.081875,0.0825], dt = 0.000625
IBHierarchyIntegrator::preprocessIntegrateHierarchy(): performing Lagrangian forward Euler step
IBHierarchyIntegrator::advanceHierarchy(): integrating hierarchy
IBHierarchyIntegrator::integrateHierarchy(): computing Lagrangian force
IBHierarchyIntegrator::integrateHierarchy(): spreading Lagrangian force to the Eulerian grid
IBHierarchyIntegrator::integrateHierarchy(): solving the incompressible Navier-Stokes equations
INSStaggeredHierarchyIntegrator::integrateHierarchy(): stokes solve number of iterations = 2
INSStaggeredHierarchyIntegrator::integrateHierarchy(): stokes solve residual norm        = 2.60208e-07
IBHierarchyIntegrator::integrateHierarchy(): interpolating Eulerian velocity to the Lagrangian mesh
IBHierarchyIntegrator::integrateHierarchy(): performing Lagrangian midpoint-rule step
IBHierarchyIntegrator::postprocessIntegrateHierarchy(): interpolating Eulerian velocity to the Lagrangian mesh
IBHierarchyIntegrator::postprocessIntegrateHierarchy(): CFL number = 5.89216e-06
IBHierarchyIntegrator::postprocessIntegrateHierarchy(): Eulerian estimate of upper bound on IB point displacement since last regrid = 0.000738309
IBHierarchyIntegrator::advanceHierarchy(): synchronizing updated data
IBHierarchyIntegrator::advanceHierarchy(): resetting time dependent data

At end       of timestep # 131
Simulation time is 0.0825
+++++++++++++++++++++++++++++++++++++++++++++++++++


+++++++++++++++++++++++++++++++++++++++++++++++++++
At beginning of timestep # 132
Simulation time is 0.0825
IBHierarchyIntegrator::advanceHierarchy(): time interval = [0.0825,0.083125], dt = 0.000625
IBHierarchyIntegrator::preprocessIntegrateHierarchy(): performing Lagrangian forward Euler step
IBHierarchyIntegrator::advanceHierarchy(): integrating hierarchy
IBHierarchyIntegrator::integrateHierarchy(): computing Lagrangian force
IBHierarchyIntegrator::integrateHierarchy(): spreading Lagrangian force to the Eulerian grid
IBHierarchyIntegrator::integrateHierarchy(): solving the incompressible Navier-Stokes equations
INSStaggeredHierarchyIntegrator::integrateHierarchy(): stokes solve number of iterations = 2
INSStaggeredHierarchyIntegrator::integrateHierarchy(): stokes solve residual norm        = 2.58001e-07
IBHierarchyIntegrator::integrateHierarchy(): interpolating Eulerian velocity to the Lagrangian mesh
IBHierarchyIntegrator::integrateHierarchy(): performing Lagrangian midpoint-rule step
IBHierarchyIntegrator::postprocessIntegrateHierarchy(): interpolating Eulerian velocity to the Lagrangian mesh
IBHierarchyIntegrator::postprocessIntegrateHierarchy(): CFL number = 5.8951e-06
IBHierarchyIntegrator::postprocessIntegrateHierarchy(): Eulerian estimate of upper bound on IB point displacement since last regrid = 0.000744204
IBHierarchyIntegrator::advanceHierarchy(): synchronizing updated data
IBHierarchyIntegrator::advanceHierarchy(): resetting time dependent data

At end       of timestep # 132
Simulation time is 0.083125
+++++++++++++++++++++++++++++++++++++++++++++++++++


+++++++++++++++++++++++++++++++++++++++++++++++++++
At beginning of timestep # 133
Simulation time is 0.083125
IBHierarchyIntegrator::advanceHierarchy(): time interval = [0.083125,0.08375], dt = 0.000625
IBHierarchyIntegrator::preprocessIntegrateHierarchy(): performing Lagrangian forward Euler step
IBHierarchyIntegrator::advanceHierarchy(): integrating hierarchy
IBHierarchyIntegrator::integrateHierarchy(): computing Lagrangian force
IBHierarchyIntegrator::integrateHierarchy(): spreading Lagrangian force to the Eulerian grid
IBHierarchyIntegrator::integrateHierarchy(): solving the incompressible Navier-Stokes equations
INSStaggeredHierarchyIntegrator::integrateHierarchy(): stokes solve number of iterations = 2
INSStaggeredHierarchyIntegrator::integrateHierarchy(): stokes solve residual norm        = 2.55822e-07
IBHierarchyIntegrator::integrateHierarchy(): interpolating Eulerian velocity to the Lagrangian mesh
IBHierarchyIntegrator::integrateHierarchy(): performing Lagrangian midpoint-rule step
IBHierarchyIntegrator::postprocessIntegrateHierarchy(): interpolating Eulerian velocity to the Lagrangian mesh
IBHierarchyIntegrator::postprocessIntegrateHierarchy(): CFL number = 5.8981e-06
IBHierarchyIntegrator::postprocessIntegrateHierarchy(): Eulerian estimate of upper bound on IB point displacement since last regrid = 0.000750102
IBHierarchyIntegrator::advanceHierarchy(): synchronizing updated data
IBHierarchyIntegrator::advanceHierarchy(): resetting time dependent data

At end       of timestep # 133
Simulation time is 0.08375
+++++++++++++++++++++++++++++++++++++++++++++++++++


+++++++++++++++++++++++++++++++++++++++++++++++++++
At beginning of timestep # 134
Simulation time is 0.08375
IBHierarchyIntegrator::advanceHierarchy(): time interval = [0.08375,0.084375], dt = 0.000625
IBHierarchyIntegrator::preprocessIntegrateHierarchy(): performing Lagrangian forward Euler step
IBHierarchyIntegrator::advanceHierarchy(): integrating hierarchy
IBHierarchyIntegrator::integrateHierarchy(): computing Lagrangian force
IBHierarchyIntegrator::integrateHierarchy(): spreading Lagrangian force to the Eulerian grid
IBHierarchyIntegrator::integrateHierarchy(): solving the incompressible Navier-Stokes equations
INSStaggeredHierarchyIntegrator::integrateHierarchy(): stokes solve number of iterations = 2
INSStaggeredHierarchyIntegrator::integrateHierarchy(): stokes solve residual norm        = 2.53661e-07
IBHierarchyIntegrator::integrateHierarchy(): interpolating Eulerian velocity to the Lagrangian mesh
IBHierarchyIntegrator::integrateHierarchy(): performing Lagrangian midpoint-rule step
IBHierarchyIntegrator::postprocessIntegrateHierarchy(): interpolating Eulerian velocity to the Lagrangian mesh
IBHierarchyIntegrator::postprocessIntegrateHierarchy(): CFL number = 5.90116e-06
IBHierarchyIntegrator::postprocessIntegrateHierarchy(): Eulerian estimate of upper bound on IB point displacement since last regrid = 0.000756003
IBHierarchyIntegrator::advanceHierarchy(): synchronizing updated data
IBHierarchyIntegrator::advanceHierarchy(): resetting time dependent data

At end       of timestep # 134
Simulation time is 0.084375
+++++++++++++++++++++++++++++++++++++++++++++++++++


+++++++++++++++++++++++++++++++++++++++++++++++++++
At beginning of timestep # 135
Simulation time is 0.084375
IBHierarchyIntegrator::advanceHierarchy(): time interval = [0.084375,0.085], dt = 0.000625
IBHierarchyIntegrator::preprocessIntegrateHierarchy(): performing Lagrangian forward Euler step
IBHierarchyIntegrator::advanceHierarchy(): integrating hierarchy
IBHierarchyIntegrator::integrateHierarchy(): computing Lagrangian force
IBHierarchyIntegrator::integrateHierarchy(): spreading Lagrangian force to the Eulerian grid
IBHierarchyIntegrator::integrateHierarchy(): solving the incompressible Navier-Stokes equations
INSStaggeredHierarchyIntegrator::integrateHierarchy(): stokes solve number of iterations = 2
INSStaggeredHierarchyIntegrator::integrateHierarchy(): stokes solve residual norm        = 2.51519e-07
IBHierarchyIntegrator::integrateHierarchy(): interpolating Eulerian velocity to the Lagrangian mesh
IBHierarchyIntegrator::integrateHierarchy(): performing Lagrangian midpoint-rule step
IBHierarchyIntegrator::postprocessIntegrateHierarchy(): interpolating Eulerian velocity to the Lagrangian mesh
IBHierarchyIntegrator::postprocessIntegrateHierarchy(): CFL number = 5.90428e-06
IBHierarchyIntegrator::postprocessIntegrateHierarchy(): Eulerian estimate of upper bound on IB point displacement since last regrid = 0.000761907
IBHierarchyIntegrator::advanceHierarchy(): synchronizing updated data
IBHierarchyIntegrator::advanceHierarchy(): resetting time dependent data

At end       of timestep # 135
Simulation time is 0.085
+++++++++++++++++++++++++++++++++++++++++++++++++++


+++++++++++++++++++++++++++++++++++++++++++++++++++
At beginning of timestep # 136
Simulation time is 0.085
IBHierarchyIntegrator::advanceHierarchy(): time interval = [0.085,0.085625], dt = 0.000625
IBHierarchyIntegrator::preprocessIntegrateHierarchy(): performing Lagrangian forward Euler step
IBHierarchyIntegrator::advanceHierarchy(): integrating hierarchy
IBHierarchyIntegrator::integrateHierarchy(): computing Lagrangian force
IBHierarchyIntegrator::integrateHierarchy(): spreading Lagrangian force to the Eulerian grid
IBHierarchyIntegrator::integrateHierarchy(): solving the incompressible Navier-Stokes equations
INSStaggeredHierarchyIntegrator::integrateHierarchy(): stokes solve number of iterations = 2
INSStaggeredHierarchyIntegrator::integrateHierarchy(): stokes solve residual norm        = 2.49391e-07
IBHierarchyIntegrator::integrateHierarchy(): interpolating Eulerian velocity to the Lagrangian mesh
IBHierarchyIntegrator::integrateHierarchy(): performing Lagrangian midpoint-rule step
IBHierarchyIntegrator::postprocessIntegrateHierarchy(): interpolating Eulerian velocity to the Lagrangian mesh
IBHierarchyIntegrator::postprocessIntegrateHierarchy(): CFL number = 5.90744e-06
IBHierarchyIntegrator::postprocessIntegrateHierarchy(): Eulerian estimate of upper bound on IB point displacement since last regrid = 0.000767815
IBHierarchyIntegrator::advanceHierarchy(): synchronizing updated data
IBHierarchyIntegrator::advanceHierarchy(): resetting time dependent data

At end       of timestep # 136
Simulation time is 0.085625
+++++++++++++++++++++++++++++++++++++++++++++++++++


+++++++++++++++++++++++++++++++++++++++++++++++++++
At beginning of timestep # 137
Simulation time is 0.085625
IBHierarchyIntegrator::advanceHierarchy(): time interval = [0.085625,0.08625], dt = 0.000625
IBHierarchyIntegrator::preprocessIntegrateHierarchy(): performing Lagrangian forward Euler step
IBHierarchyIntegrator::advanceHierarchy(): integrating hierarchy
IBHierarchyIntegrator::integrateHierarchy(): computing Lagrangian force
IBHierarchyIntegrator::integrateHierarchy(): spreading Lagrangian force to the Eulerian grid
IBHierarchyIntegrator::integrateHierarchy(): solving the incompressible Navier-Stokes equations
INSStaggeredHierarchyIntegrator::integrateHierarchy(): stokes solve number of iterations = 2
INSStaggeredHierarchyIntegrator::integrateHierarchy(): stokes solve residual norm        = 2.47272e-07
IBHierarchyIntegrator::integrateHierarchy(): interpolating Eulerian velocity to the Lagrangian mesh
IBHierarchyIntegrator::integrateHierarchy(): performing Lagrangian midpoint-rule step
IBHierarchyIntegrator::postprocessIntegrateHierarchy(): interpolating Eulerian velocity to the Lagrangian mesh
IBHierarchyIntegrator::postprocessIntegrateHierarchy(): CFL number = 5.91064e-06
IBHierarchyIntegrator::postprocessIntegrateHierarchy(): Eulerian estimate of upper bound on IB point displacement since last regrid = 0.000773725
IBHierarchyIntegrator::advanceHierarchy(): synchronizing updated data
IBHierarchyIntegrator::advanceHierarchy(): resetting time dependent data

At end       of timestep # 137
Simulation time is 0.08625
+++++++++++++++++++++++++++++++++++++++++++++++++++


+++++++++++++++++++++++++++++++++++++++++++++++++++
At beginning of timestep # 138
Simulation time is 0.08625
IBHierarchyIntegrator::advanceHierarchy(): time interval = [0.08625,0.086875], dt = 0.000625
IBHierarchyIntegrator::preprocessIntegrateHierarchy(): performing Lagrangian forward Euler step
IBHierarchyIntegrator::advanceHierarchy(): integrating hierarchy
IBHierarchyIntegrator::integrateHierarchy(): computing Lagrangian force
IBHierarchyIntegrator::integrateHierarchy(): spreading Lagrangian force to the Eulerian grid
IBHierarchyIntegrator::integrateHierarchy(): solving the incompressible Navier-Stokes equations
INSStaggeredHierarchyIntegrator::integrateHierarchy(): stokes solve number of iterations = 2
INSStaggeredHierarchyIntegrator::integrateHierarchy(): stokes solve residual norm        = 2.45164e-07
IBHierarchyIntegrator::integrateHierarchy(): interpolating Eulerian velocity to the Lagrangian mesh
IBHierarchyIntegrator::integrateHierarchy(): performing Lagrangian midpoint-rule step
IBHierarchyIntegrator::postprocessIntegrateHierarchy(): interpolating Eulerian velocity to the Lagrangian mesh
IBHierarchyIntegrator::postprocessIntegrateHierarchy(): CFL number = 5.91387e-06
IBHierarchyIntegrator::postprocessIntegrateHierarchy(): Eulerian estimate of upper bound on IB point displacement since last regrid = 0.000779639
IBHierarchyIntegrator::advanceHierarchy(): synchronizing updated data
IBHierarchyIntegrator::advanceHierarchy(): resetting time dependent data

At end       of timestep # 138
Simulation time is 0.086875
+++++++++++++++++++++++++++++++++++++++++++++++++++


+++++++++++++++++++++++++++++++++++++++++++++++++++
At beginning of timestep # 139
Simulation time is 0.086875
IBHierarchyIntegrator::advanceHierarchy(): time interval = [0.086875,0.0875], dt = 0.000625
IBHierarchyIntegrator::preprocessIntegrateHierarchy(): performing Lagrangian forward Euler step
IBHierarchyIntegrator::advanceHierarchy(): integrating hierarchy
IBHierarchyIntegrator::integrateHierarchy(): computing Lagrangian force
IBHierarchyIntegrator::integrateHierarchy(): spreading Lagrangian force to the Eulerian grid
IBHierarchyIntegrator::integrateHierarchy(): solving the incompressible Navier-Stokes equations
INSStaggeredHierarchyIntegrator::integrateHierarchy(): stokes solve number of iterations = 2
INSStaggeredHierarchyIntegrator::integrateHierarchy(): stokes solve residual norm        = 2.4306e-07
IBHierarchyIntegrator::integrateHierarchy(): interpolating Eulerian velocity to the Lagrangian mesh
IBHierarchyIntegrator::integrateHierarchy(): performing Lagrangian midpoint-rule step
IBHierarchyIntegrator::postprocessIntegrateHierarchy(): interpolating Eulerian velocity to the Lagrangian mesh
IBHierarchyIntegrator::postprocessIntegrateHierarchy(): CFL number = 5.91713e-06
IBHierarchyIntegrator::postprocessIntegrateHierarchy(): Eulerian estimate of upper bound on IB point displacement since last regrid = 0.000785556
IBHierarchyIntegrator::advanceHierarchy(): synchronizing updated data
IBHierarchyIntegrator::advanceHierarchy(): resetting time dependent data

At end       of timestep # 139
Simulation time is 0.0875
+++++++++++++++++++++++++++++++++++++++++++++++++++


+++++++++++++++++++++++++++++++++++++++++++++++++++
At beginning of timestep # 140
Simulation time is 0.0875
IBHierarchyIntegrator::advanceHierarchy(): time interval = [0.0875,0.088125], dt = 0.000625
IBHierarchyIntegrator::preprocessIntegrateHierarchy(): performing Lagrangian forward Euler step
IBHierarchyIntegrator::advanceHierarchy(): integrating hierarchy
IBHierarchyIntegrator::integrateHierarchy(): computing Lagrangian force
IBHierarchyIntegrator::integrateHierarchy(): spreading Lagrangian force to the Eulerian grid
IBHierarchyIntegrator::integrateHierarchy(): solving the incompressible Navier-Stokes equations
INSStaggeredHierarchyIntegrator::integrateHierarchy(): stokes solve number of iterations = 2
INSStaggeredHierarchyIntegrator::integrateHierarchy(): stokes solve residual norm        = 2.40957e-07
IBHierarchyIntegrator::integrateHierarchy(): interpolating Eulerian velocity to the Lagrangian mesh
IBHierarchyIntegrator::integrateHierarchy(): performing Lagrangian midpoint-rule step
IBHierarchyIntegrator::postprocessIntegrateHierarchy(): interpolating Eulerian velocity to the Lagrangian mesh
IBHierarchyIntegrator::postprocessIntegrateHierarchy(): CFL number = 5.92041e-06
IBHierarchyIntegrator::postprocessIntegrateHierarchy(): Eulerian estimate of upper bound on IB point displacement since last regrid = 0.000791477
IBHierarchyIntegrator::advanceHierarchy(): synchronizing updated data
IBHierarchyIntegrator::advanceHierarchy(): resetting time dependent data

At end       of timestep # 140
Simulation time is 0.088125
+++++++++++++++++++++++++++++++++++++++++++++++++++


+++++++++++++++++++++++++++++++++++++++++++++++++++
At beginning of timestep # 141
Simulation time is 0.088125
IBHierarchyIntegrator::advanceHierarchy(): time interval = [0.088125,0.08875], dt = 0.000625
IBHierarchyIntegrator::preprocessIntegrateHierarchy(): performing Lagrangian forward Euler step
IBHierarchyIntegrator::advanceHierarchy(): integrating hierarchy
IBHierarchyIntegrator::integrateHierarchy(): computing Lagrangian force
IBHierarchyIntegrator::integrateHierarchy(): spreading Lagrangian force to the Eulerian grid
IBHierarchyIntegrator::integrateHierarchy(): solving the incompressible Navier-Stokes equations
INSStaggeredHierarchyIntegrator::integrateHierarchy(): stokes solve number of iterations = 2
INSStaggeredHierarchyIntegrator::integrateHierarchy(): stokes solve residual norm        = 2.38859e-07
IBHierarchyIntegrator::integrateHierarchy(): interpolating Eulerian velocity to the Lagrangian mesh
IBHierarchyIntegrator::integrateHierarchy(): performing Lagrangian midpoint-rule step
IBHierarchyIntegrator::postprocessIntegrateHierarchy(): interpolating Eulerian velocity to the Lagrangian mesh
IBHierarchyIntegrator::postprocessIntegrateHierarchy(): CFL number = 5.92371e-06
IBHierarchyIntegrator::postprocessIntegrateHierarchy(): Eulerian estimate of upper bound on IB point displacement since last regrid = 0.000797401
IBHierarchyIntegrator::advanceHierarchy(): synchronizing updated data
IBHierarchyIntegrator::advanceHierarchy(): resetting time dependent data

At end       of timestep # 141
Simulation time is 0.08875
+++++++++++++++++++++++++++++++++++++++++++++++++++


+++++++++++++++++++++++++++++++++++++++++++++++++++
At beginning of timestep # 142
Simulation time is 0.08875
IBHierarchyIntegrator::advanceHierarchy(): time interval = [0.08875,0.089375], dt = 0.000625
IBHierarchyIntegrator::preprocessIntegrateHierarchy(): performing Lagrangian forward Euler step
IBHierarchyIntegrator::advanceHierarchy(): integrating hierarchy
IBHierarchyIntegrator::integrateHierarchy(): computing Lagrangian force
IBHierarchyIntegrator::integrateHierarchy(): spreading Lagrangian force to the Eulerian grid
IBHierarchyIntegrator::integrateHierarchy(): solving the incompressible Navier-Stokes equations
INSStaggeredHierarchyIntegrator::integrateHierarchy(): stokes solve number of iterations = 2
INSStaggeredHierarchyIntegrator::integrateHierarchy(): stokes solve residual norm        = 2.3676e-07
IBHierarchyIntegrator::integrateHierarchy(): interpolating Eulerian velocity to the Lagrangian mesh
IBHierarchyIntegrator::integrateHierarchy(): performing Lagrangian midpoint-rule step
IBHierarchyIntegrator::postprocessIntegrateHierarchy(): interpolating Eulerian velocity to the Lagrangian mesh
IBHierarchyIntegrator::postprocessIntegrateHierarchy(): CFL number = 5.92701e-06
IBHierarchyIntegrator::postprocessIntegrateHierarchy(): Eulerian estimate of upper bound on IB point displacement since last regrid = 0.000803328
IBHierarchyIntegrator::advanceHierarchy(): synchronizing updated data
IBHierarchyIntegrator::advanceHierarchy(): resetting time dependent data

At end       of timestep # 142
Simulation time is 0.089375
+++++++++++++++++++++++++++++++++++++++++++++++++++


+++++++++++++++++++++++++++++++++++++++++++++++++++
At beginning of timestep # 143
Simulation time is 0.089375
IBHierarchyIntegrator::advanceHierarchy(): time interval = [0.089375,0.09], dt = 0.000625
IBHierarchyIntegrator::preprocessIntegrateHierarchy(): performing Lagrangian forward Euler step
IBHierarchyIntegrator::advanceHierarchy(): integrating hierarchy
IBHierarchyIntegrator::integrateHierarchy(): computing Lagrangian force
IBHierarchyIntegrator::integrateHierarchy(): spreading Lagrangian force to the Eulerian grid
IBHierarchyIntegrator::integrateHierarchy(): solving the incompressible Navier-Stokes equations
INSStaggeredHierarchyIntegrator::integrateHierarchy(): stokes solve number of iterations = 2
INSStaggeredHierarchyIntegrator::integrateHierarchy(): stokes solve residual norm        = 2.3466e-07
IBHierarchyIntegrator::integrateHierarchy(): interpolating Eulerian velocity to the Lagrangian mesh
IBHierarchyIntegrator::integrateHierarchy(): performing Lagrangian midpoint-rule step
IBHierarchyIntegrator::postprocessIntegrateHierarchy(): interpolating Eulerian velocity to the Lagrangian mesh
IBHierarchyIntegrator::postprocessIntegrateHierarchy(): CFL number = 5.93032e-06
IBHierarchyIntegrator::postprocessIntegrateHierarchy(): Eulerian estimate of upper bound on IB point displacement since last regrid = 0.000809258
IBHierarchyIntegrator::advanceHierarchy(): synchronizing updated data
IBHierarchyIntegrator::advanceHierarchy(): resetting time dependent data

At end       of timestep # 143
Simulation time is 0.09
+++++++++++++++++++++++++++++++++++++++++++++++++++


+++++++++++++++++++++++++++++++++++++++++++++++++++
At beginning of timestep # 144
Simulation time is 0.09
IBHierarchyIntegrator::advanceHierarchy(): time interval = [0.09,0.090625], dt = 0.000625
IBHierarchyIntegrator::preprocessIntegrateHierarchy(): performing Lagrangian forward Euler step
IBHierarchyIntegrator::advanceHierarchy(): integrating hierarchy
IBHierarchyIntegrator::integrateHierarchy(): computing Lagrangian force
IBHierarchyIntegrator::integrateHierarchy(): spreading Lagrangian force to the Eulerian grid
IBHierarchyIntegrator::integrateHierarchy(): solving the incompressible Navier-Stokes equations
INSStaggeredHierarchyIntegrator::integrateHierarchy(): stokes solve number of iterations = 2
INSStaggeredHierarchyIntegrator::integrateHierarchy(): stokes solve residual norm        = 2.32559e-07
IBHierarchyIntegrator::integrateHierarchy(): interpolating Eulerian velocity to the Lagrangian mesh
IBHierarchyIntegrator::integrateHierarchy(): performing Lagrangian midpoint-rule step
IBHierarchyIntegrator::postprocessIntegrateHierarchy(): interpolating Eulerian velocity to the Lagrangian mesh
IBHierarchyIntegrator::postprocessIntegrateHierarchy(): CFL number = 5.93362e-06
IBHierarchyIntegrator::postprocessIntegrateHierarchy(): Eulerian estimate of upper bound on IB point displacement since last regrid = 0.000815191
IBHierarchyIntegrator::advanceHierarchy(): synchronizing updated data
IBHierarchyIntegrator::advanceHierarchy(): resetting time dependent data

At end       of timestep # 144
Simulation time is 0.090625
+++++++++++++++++++++++++++++++++++++++++++++++++++


+++++++++++++++++++++++++++++++++++++++++++++++++++
At beginning of timestep # 145
Simulation time is 0.090625
IBHierarchyIntegrator::advanceHierarchy(): time interval = [0.090625,0.09125], dt = 0.000625
IBHierarchyIntegrator::preprocessIntegrateHierarchy(): performing Lagrangian forward Euler step
IBHierarchyIntegrator::advanceHierarchy(): integrating hierarchy
IBHierarchyIntegrator::integrateHierarchy(): computing Lagrangian force
IBHierarchyIntegrator::integrateHierarchy(): spreading Lagrangian force to the Eulerian grid
IBHierarchyIntegrator::integrateHierarchy(): solving the incompressible Navier-Stokes equations
INSStaggeredHierarchyIntegrator::integrateHierarchy(): stokes solve number of iterations = 2
INSStaggeredHierarchyIntegrator::integrateHierarchy(): stokes solve residual norm        = 2.30456e-07
IBHierarchyIntegrator::integrateHierarchy(): interpolating Eulerian velocity to the Lagrangian mesh
IBHierarchyIntegrator::integrateHierarchy(): performing Lagrangian midpoint-rule step
IBHierarchyIntegrator::postprocessIntegrateHierarchy(): interpolating Eulerian velocity to the Lagrangian mesh
IBHierarchyIntegrator::postprocessIntegrateHierarchy(): CFL number = 5.93691e-06
IBHierarchyIntegrator::postprocessIntegrateHierarchy(): Eulerian estimate of upper bound on IB point displacement since last regrid = 0.000821128
IBHierarchyIntegrator::advanceHierarchy(): synchronizing updated data
IBHierarchyIntegrator::advanceHierarchy(): resetting time dependent data

At end       of timestep # 145
Simulation time is 0.09125
+++++++++++++++++++++++++++++++++++++++++++++++++++


+++++++++++++++++++++++++++++++++++++++++++++++++++
At beginning of timestep # 146
Simulation time is 0.09125
IBHierarchyIntegrator::advanceHierarchy(): time interval = [0.09125,0.091875], dt = 0.000625
IBHierarchyIntegrator::preprocessIntegrateHierarchy(): performing Lagrangian forward Euler step
IBHierarchyIntegrator::advanceHierarchy(): integrating hierarchy
IBHierarchyIntegrator::integrateHierarchy(): computing Lagrangian force
IBHierarchyIntegrator::integrateHierarchy(): spreading Lagrangian force to the Eulerian grid
IBHierarchyIntegrator::integrateHierarchy(): solving the incompressible Navier-Stokes equations
INSStaggeredHierarchyIntegrator::integrateHierarchy(): stokes solve number of iterations = 2
INSStaggeredHierarchyIntegrator::integrateHierarchy(): stokes solve residual norm        = 2.28347e-07
IBHierarchyIntegrator::integrateHierarchy(): interpolating Eulerian velocity to the Lagrangian mesh
IBHierarchyIntegrator::integrateHierarchy(): performing Lagrangian midpoint-rule step
IBHierarchyIntegrator::postprocessIntegrateHierarchy(): interpolating Eulerian velocity to the Lagrangian mesh
IBHierarchyIntegrator::postprocessIntegrateHierarchy(): CFL number = 5.94019e-06
IBHierarchyIntegrator::postprocessIntegrateHierarchy(): Eulerian estimate of upper bound on IB point displacement since last regrid = 0.000827069
IBHierarchyIntegrator::advanceHierarchy(): synchronizing updated data
IBHierarchyIntegrator::advanceHierarchy(): resetting time dependent data

At end       of timestep # 146
Simulation time is 0.091875
+++++++++++++++++++++++++++++++++++++++++++++++++++


+++++++++++++++++++++++++++++++++++++++++++++++++++
At beginning of timestep # 147
Simulation time is 0.091875
IBHierarchyIntegrator::advanceHierarchy(): time interval = [0.091875,0.0925], dt = 0.000625
IBHierarchyIntegrator::preprocessIntegrateHierarchy(): performing Lagrangian forward Euler step
IBHierarchyIntegrator::advanceHierarchy(): integrating hierarchy
IBHierarchyIntegrator::integrateHierarchy(): computing Lagrangian force
IBHierarchyIntegrator::integrateHierarchy(): spreading Lagrangian force to the Eulerian grid
IBHierarchyIntegrator::integrateHierarchy(): solving the incompressible Navier-Stokes equations
INSStaggeredHierarchyIntegrator::integrateHierarchy(): stokes solve number of iterations = 2
INSStaggeredHierarchyIntegrator::integrateHierarchy(): stokes solve residual norm        = 2.26239e-07
IBHierarchyIntegrator::integrateHierarchy(): interpolating Eulerian velocity to the Lagrangian mesh
IBHierarchyIntegrator::integrateHierarchy(): performing Lagrangian midpoint-rule step
IBHierarchyIntegrator::postprocessIntegrateHierarchy(): interpolating Eulerian velocity to the Lagrangian mesh
IBHierarchyIntegrator::postprocessIntegrateHierarchy(): CFL number = 5.94345e-06
IBHierarchyIntegrator::postprocessIntegrateHierarchy(): Eulerian estimate of upper bound on IB point displacement since last regrid = 0.000833012
IBHierarchyIntegrator::advanceHierarchy(): synchronizing updated data
IBHierarchyIntegrator::advanceHierarchy(): resetting time dependent data

At end       of timestep # 147
Simulation time is 0.0925
+++++++++++++++++++++++++++++++++++++++++++++++++++


+++++++++++++++++++++++++++++++++++++++++++++++++++
At beginning of timestep # 148
Simulation time is 0.0925
IBHierarchyIntegrator::advanceHierarchy(): time interval = [0.0925,0.093125], dt = 0.000625
IBHierarchyIntegrator::preprocessIntegrateHierarchy(): performing Lagrangian forward Euler step
IBHierarchyIntegrator::advanceHierarchy(): integrating hierarchy
IBHierarchyIntegrator::integrateHierarchy(): computing Lagrangian force
IBHierarchyIntegrator::integrateHierarchy(): spreading Lagrangian force to the Eulerian grid
IBHierarchyIntegrator::integrateHierarchy(): solving the incompressible Navier-Stokes equations
INSStaggeredHierarchyIntegrator::integrateHierarchy(): stokes solve number of iterations = 2
INSStaggeredHierarchyIntegrator::integrateHierarchy(): stokes solve residual norm        = 2.24127e-07
IBHierarchyIntegrator::integrateHierarchy(): interpolating Eulerian velocity to the Lagrangian mesh
IBHierarchyIntegrator::integrateHierarchy(): performing Lagrangian midpoint-rule step
IBHierarchyIntegrator::postprocessIntegrateHierarchy(): interpolating Eulerian velocity to the Lagrangian mesh
IBHierarchyIntegrator::postprocessIntegrateHierarchy(): CFL number = 5.94668e-06
IBHierarchyIntegrator::postprocessIntegrateHierarchy(): Eulerian estimate of upper bound on IB point displacement since last regrid = 0.000838959
IBHierarchyIntegrator::advanceHierarchy(): synchronizing updated data
IBHierarchyIntegrator::advanceHierarchy(): resetting time dependent data

At end       of timestep # 148
Simulation time is 0.093125
+++++++++++++++++++++++++++++++++++++++++++++++++++


+++++++++++++++++++++++++++++++++++++++++++++++++++
At beginning of timestep # 149
Simulation time is 0.093125
IBHierarchyIntegrator::advanceHierarchy(): time interval = [0.093125,0.09375], dt = 0.000625
IBHierarchyIntegrator::preprocessIntegrateHierarchy(): performing Lagrangian forward Euler step
IBHierarchyIntegrator::advanceHierarchy(): integrating hierarchy
IBHierarchyIntegrator::integrateHierarchy(): computing Lagrangian force
IBHierarchyIntegrator::integrateHierarchy(): spreading Lagrangian force to the Eulerian grid
IBHierarchyIntegrator::integrateHierarchy(): solving the incompressible Navier-Stokes equations
INSStaggeredHierarchyIntegrator::integrateHierarchy(): stokes solve number of iterations = 2
INSStaggeredHierarchyIntegrator::integrateHierarchy(): stokes solve residual norm        = 2.22013e-07
IBHierarchyIntegrator::integrateHierarchy(): interpolating Eulerian velocity to the Lagrangian mesh
IBHierarchyIntegrator::integrateHierarchy(): performing Lagrangian midpoint-rule step
IBHierarchyIntegrator::postprocessIntegrateHierarchy(): interpolating Eulerian velocity to the Lagrangian mesh
IBHierarchyIntegrator::postprocessIntegrateHierarchy(): CFL number = 5.94988e-06
IBHierarchyIntegrator::postprocessIntegrateHierarchy(): Eulerian estimate of upper bound on IB point displacement since last regrid = 0.000844909
IBHierarchyIntegrator::advanceHierarchy(): synchronizing updated data
IBHierarchyIntegrator::advanceHierarchy(): resetting time dependent data

At end       of timestep # 149
Simulation time is 0.09375
+++++++++++++++++++++++++++++++++++++++++++++++++++


+++++++++++++++++++++++++++++++++++++++++++++++++++
At beginning of timestep # 150
Simulation time is 0.09375
IBHierarchyIntegrator::advanceHierarchy(): time interval = [0.09375,0.094375], dt = 0.000625
IBHierarchyIntegrator::preprocessIntegrateHierarchy(): performing Lagrangian forward Euler step
IBHierarchyIntegrator::advanceHierarchy(): integrating hierarchy
IBHierarchyIntegrator::integrateHierarchy(): computing Lagrangian force
IBHierarchyIntegrator::integrateHierarchy(): spreading Lagrangian force to the Eulerian grid
IBHierarchyIntegrator::integrateHierarchy(): solving the incompressible Navier-Stokes equations
INSStaggeredHierarchyIntegrator::integrateHierarchy(): stokes solve number of iterations = 2
INSStaggeredHierarchyIntegrator::integrateHierarchy(): stokes solve residual norm        = 2.19896e-07
IBHierarchyIntegrator::integrateHierarchy(): interpolating Eulerian velocity to the Lagrangian mesh
IBHierarchyIntegrator::integrateHierarchy(): performing Lagrangian midpoint-rule step
IBHierarchyIntegrator::postprocessIntegrateHierarchy(): interpolating Eulerian velocity to the Lagrangian mesh
IBHierarchyIntegrator::postprocessIntegrateHierarchy(): CFL number = 5.95305e-06
IBHierarchyIntegrator::postprocessIntegrateHierarchy(): Eulerian estimate of upper bound on IB point displacement since last regrid = 0.000850862
IBHierarchyIntegrator::advanceHierarchy(): synchronizing updated data
IBHierarchyIntegrator::advanceHierarchy(): resetting time dependent data

At end       of timestep # 150
Simulation time is 0.094375
+++++++++++++++++++++++++++++++++++++++++++++++++++


+++++++++++++++++++++++++++++++++++++++++++++++++++
At beginning of timestep # 151
Simulation time is 0.094375
IBHierarchyIntegrator::advanceHierarchy(): time interval = [0.094375,0.095], dt = 0.000625
IBHierarchyIntegrator::preprocessIntegrateHierarchy(): performing Lagrangian forward Euler step
IBHierarchyIntegrator::advanceHierarchy(): integrating hierarchy
IBHierarchyIntegrator::integrateHierarchy(): computing Lagrangian force
IBHierarchyIntegrator::integrateHierarchy(): spreading Lagrangian force to the Eulerian grid
IBHierarchyIntegrator::integrateHierarchy(): solving the incompressible Navier-Stokes equations
INSStaggeredHierarchyIntegrator::integrateHierarchy(): stokes solve number of iterations = 2
INSStaggeredHierarchyIntegrator::integrateHierarchy(): stokes solve residual norm        = 2.17779e-07
IBHierarchyIntegrator::integrateHierarchy(): interpolating Eulerian velocity to the Lagrangian mesh
IBHierarchyIntegrator::integrateHierarchy(): performing Lagrangian midpoint-rule step
IBHierarchyIntegrator::postprocessIntegrateHierarchy(): interpolating Eulerian velocity to the Lagrangian mesh
IBHierarchyIntegrator::postprocessIntegrateHierarchy(): CFL number = 5.95618e-06
IBHierarchyIntegrator::postprocessIntegrateHierarchy(): Eulerian estimate of upper bound on IB point displacement since last regrid = 0.000856818
IBHierarchyIntegrator::advanceHierarchy(): synchronizing updated data
IBHierarchyIntegrator::advanceHierarchy(): resetting time dependent data

At end       of timestep # 151
Simulation time is 0.095
+++++++++++++++++++++++++++++++++++++++++++++++++++


+++++++++++++++++++++++++++++++++++++++++++++++++++
At beginning of timestep # 152
Simulation time is 0.095
IBHierarchyIntegrator::advanceHierarchy(): time interval = [0.095,0.095625], dt = 0.000625
IBHierarchyIntegrator::preprocessIntegrateHierarchy(): performing Lagrangian forward Euler step
IBHierarchyIntegrator::advanceHierarchy(): integrating hierarchy
IBHierarchyIntegrator::integrateHierarchy(): computing Lagrangian force
IBHierarchyIntegrator::integrateHierarchy(): spreading Lagrangian force to the Eulerian grid
IBHierarchyIntegrator::integrateHierarchy(): solving the incompressible Navier-Stokes equations
INSStaggeredHierarchyIntegrator::integrateHierarchy(): stokes solve number of iterations = 2
INSStaggeredHierarchyIntegrator::integrateHierarchy(): stokes solve residual norm        = 2.15659e-07
IBHierarchyIntegrator::integrateHierarchy(): interpolating Eulerian velocity to the Lagrangian mesh
IBHierarchyIntegrator::integrateHierarchy(): performing Lagrangian midpoint-rule step
IBHierarchyIntegrator::postprocessIntegrateHierarchy(): interpolating Eulerian velocity to the Lagrangian mesh
IBHierarchyIntegrator::postprocessIntegrateHierarchy(): CFL number = 5.95926e-06
IBHierarchyIntegrator::postprocessIntegrateHierarchy(): Eulerian estimate of upper bound on IB point displacement since last regrid = 0.000862777
IBHierarchyIntegrator::advanceHierarchy(): synchronizing updated data
IBHierarchyIntegrator::advanceHierarchy(): resetting time dependent data

At end       of timestep # 152
Simulation time is 0.095625
+++++++++++++++++++++++++++++++++++++++++++++++++++


+++++++++++++++++++++++++++++++++++++++++++++++++++
At beginning of timestep # 153
Simulation time is 0.095625
IBHierarchyIntegrator::advanceHierarchy(): time interval = [0.095625,0.09625], dt = 0.000625
IBHierarchyIntegrator::preprocessIntegrateHierarchy(): performing Lagrangian forward Euler step
IBHierarchyIntegrator::advanceHierarchy(): integrating hierarchy
IBHierarchyIntegrator::integrateHierarchy(): computing Lagrangian force
IBHierarchyIntegrator::integrateHierarchy(): spreading Lagrangian force to the Eulerian grid
IBHierarchyIntegrator::integrateHierarchy(): solving the incompressible Navier-Stokes equations
INSStaggeredHierarchyIntegrator::integrateHierarchy(): stokes solve number of iterations = 2
INSStaggeredHierarchyIntegrator::integrateHierarchy(): stokes solve residual norm        = 2.13539e-07
IBHierarchyIntegrator::integrateHierarchy(): interpolating Eulerian velocity to the Lagrangian mesh
IBHierarchyIntegrator::integrateHierarchy(): performing Lagrangian midpoint-rule step
IBHierarchyIntegrator::postprocessIntegrateHierarchy(): interpolating Eulerian velocity to the Lagrangian mesh
IBHierarchyIntegrator::postprocessIntegrateHierarchy(): CFL number = 5.96229e-06
IBHierarchyIntegrator::postprocessIntegrateHierarchy(): Eulerian estimate of upper bound on IB point displacement since last regrid = 0.000868739
IBHierarchyIntegrator::advanceHierarchy(): synchronizing updated data
IBHierarchyIntegrator::advanceHierarchy(): resetting time dependent data

At end       of timestep # 153
Simulation time is 0.09625
+++++++++++++++++++++++++++++++++++++++++++++++++++


+++++++++++++++++++++++++++++++++++++++++++++++++++
At beginning of timestep # 154
Simulation time is 0.09625
IBHierarchyIntegrator::advanceHierarchy(): time interval = [0.09625,0.096875], dt = 0.000625
IBHierarchyIntegrator::preprocessIntegrateHierarchy(): performing Lagrangian forward Euler step
IBHierarchyIntegrator::advanceHierarchy(): integrating hierarchy
IBHierarchyIntegrator::integrateHierarchy(): computing Lagrangian force
IBHierarchyIntegrator::integrateHierarchy(): spreading Lagrangian force to the Eulerian grid
IBHierarchyIntegrator::integrateHierarchy(): solving the incompressible Navier-Stokes equations
INSStaggeredHierarchyIntegrator::integrateHierarchy(): stokes solve number of iterations = 2
INSStaggeredHierarchyIntegrator::integrateHierarchy(): stokes solve residual norm        = 2.11418e-07
IBHierarchyIntegrator::integrateHierarchy(): interpolating Eulerian velocity to the Lagrangian mesh
IBHierarchyIntegrator::integrateHierarchy(): performing Lagrangian midpoint-rule step
IBHierarchyIntegrator::postprocessIntegrateHierarchy(): interpolating Eulerian velocity to the Lagrangian mesh
IBHierarchyIntegrator::postprocessIntegrateHierarchy(): CFL number = 5.96528e-06
IBHierarchyIntegrator::postprocessIntegrateHierarchy(): Eulerian estimate of upper bound on IB point displacement since last regrid = 0.000874705
IBHierarchyIntegrator::advanceHierarchy(): synchronizing updated data
IBHierarchyIntegrator::advanceHierarchy(): resetting time dependent data

At end       of timestep # 154
Simulation time is 0.096875
+++++++++++++++++++++++++++++++++++++++++++++++++++


+++++++++++++++++++++++++++++++++++++++++++++++++++
At beginning of timestep # 155
Simulation time is 0.096875
IBHierarchyIntegrator::advanceHierarchy(): time interval = [0.096875,0.0975], dt = 0.000625
IBHierarchyIntegrator::preprocessIntegrateHierarchy(): performing Lagrangian forward Euler step
IBHierarchyIntegrator::advanceHierarchy(): integrating hierarchy
IBHierarchyIntegrator::integrateHierarchy(): computing Lagrangian force
IBHierarchyIntegrator::integrateHierarchy(): spreading Lagrangian force to the Eulerian grid
IBHierarchyIntegrator::integrateHierarchy(): solving the incompressible Navier-Stokes equations
INSStaggeredHierarchyIntegrator::integrateHierarchy(): stokes solve number of iterations = 2
INSStaggeredHierarchyIntegrator::integrateHierarchy(): stokes solve residual norm        = 2.09297e-07
IBHierarchyIntegrator::integrateHierarchy(): interpolating Eulerian velocity to the Lagrangian mesh
IBHierarchyIntegrator::integrateHierarchy(): performing Lagrangian midpoint-rule step
IBHierarchyIntegrator::postprocessIntegrateHierarchy(): interpolating Eulerian velocity to the Lagrangian mesh
IBHierarchyIntegrator::postprocessIntegrateHierarchy(): CFL number = 5.9682e-06
IBHierarchyIntegrator::postprocessIntegrateHierarchy(): Eulerian estimate of upper bound on IB point displacement since last regrid = 0.000880673
IBHierarchyIntegrator::advanceHierarchy(): synchronizing updated data
IBHierarchyIntegrator::advanceHierarchy(): resetting time dependent data

At end       of timestep # 155
Simulation time is 0.0975
+++++++++++++++++++++++++++++++++++++++++++++++++++


+++++++++++++++++++++++++++++++++++++++++++++++++++
At beginning of timestep # 156
Simulation time is 0.0975
IBHierarchyIntegrator::advanceHierarchy(): time interval = [0.0975,0.098125], dt = 0.000625
IBHierarchyIntegrator::preprocessIntegrateHierarchy(): performing Lagrangian forward Euler step
IBHierarchyIntegrator::advanceHierarchy(): integrating hierarchy
IBHierarchyIntegrator::integrateHierarchy(): computing Lagrangian force
IBHierarchyIntegrator::integrateHierarchy(): spreading Lagrangian force to the Eulerian grid
IBHierarchyIntegrator::integrateHierarchy(): solving the incompressible Navier-Stokes equations
INSStaggeredHierarchyIntegrator::integrateHierarchy(): stokes solve number of iterations = 2
INSStaggeredHierarchyIntegrator::integrateHierarchy(): stokes solve residual norm        = 2.07177e-07
IBHierarchyIntegrator::integrateHierarchy(): interpolating Eulerian velocity to the Lagrangian mesh
IBHierarchyIntegrator::integrateHierarchy(): performing Lagrangian midpoint-rule step
IBHierarchyIntegrator::postprocessIntegrateHierarchy(): interpolating Eulerian velocity to the Lagrangian mesh
IBHierarchyIntegrator::postprocessIntegrateHierarchy(): CFL number = 5.97107e-06
IBHierarchyIntegrator::postprocessIntegrateHierarchy(): Eulerian estimate of upper bound on IB point displacement since last regrid = 0.000886644
IBHierarchyIntegrator::advanceHierarchy(): synchronizing updated data
IBHierarchyIntegrator::advanceHierarchy(): resetting time dependent data

At end       of timestep # 156
Simulation time is 0.098125
+++++++++++++++++++++++++++++++++++++++++++++++++++


+++++++++++++++++++++++++++++++++++++++++++++++++++
At beginning of timestep # 157
Simulation time is 0.098125
IBHierarchyIntegrator::advanceHierarchy(): time interval = [0.098125,0.09875], dt = 0.000625
IBHierarchyIntegrator::preprocessIntegrateHierarchy(): performing Lagrangian forward Euler step
IBHierarchyIntegrator::advanceHierarchy(): integrating hierarchy
IBHierarchyIntegrator::integrateHierarchy(): computing Lagrangian force
IBHierarchyIntegrator::integrateHierarchy(): spreading Lagrangian force to the Eulerian grid
IBHierarchyIntegrator::integrateHierarchy(): solving the incompressible Navier-Stokes equations
INSStaggeredHierarchyIntegrator::integrateHierarchy(): stokes solve number of iterations = 2
INSStaggeredHierarchyIntegrator::integrateHierarchy(): stokes solve residual norm        = 2.05058e-07
IBHierarchyIntegrator::integrateHierarchy(): interpolating Eulerian velocity to the Lagrangian mesh
IBHierarchyIntegrator::integrateHierarchy(): performing Lagrangian midpoint-rule step
IBHierarchyIntegrator::postprocessIntegrateHierarchy(): interpolating Eulerian velocity to the Lagrangian mesh
IBHierarchyIntegrator::postprocessIntegrateHierarchy(): CFL number = 5.97388e-06
IBHierarchyIntegrator::postprocessIntegrateHierarchy(): Eulerian estimate of upper bound on IB point displacement since last regrid = 0.000892618
IBHierarchyIntegrator::advanceHierarchy(): synchronizing updated data
IBHierarchyIntegrator::advanceHierarchy(): resetting time dependent data

At end       of timestep # 157
Simulation time is 0.09875
+++++++++++++++++++++++++++++++++++++++++++++++++++


+++++++++++++++++++++++++++++++++++++++++++++++++++
At beginning of timestep # 158
Simulation time is 0.09875
IBHierarchyIntegrator::advanceHierarchy(): time interval = [0.09875,0.099375], dt = 0.000625
IBHierarchyIntegrator::preprocessIntegrateHierarchy(): performing Lagrangian forward Euler step
IBHierarchyIntegrator::advanceHierarchy(): integrating hierarchy
IBHierarchyIntegrator::integrateHierarchy(): computing Lagrangian force
IBHierarchyIntegrator::integrateHierarchy(): spreading Lagrangian force to the Eulerian grid
IBHierarchyIntegrator::integrateHierarchy(): solving the incompressible Navier-Stokes equations
INSStaggeredHierarchyIntegrator::integrateHierarchy(): stokes solve number of iterations = 2
INSStaggeredHierarchyIntegrator::integrateHierarchy(): stokes solve residual norm        = 2.0294e-07
IBHierarchyIntegrator::integrateHierarchy(): interpolating Eulerian velocity to the Lagrangian mesh
IBHierarchyIntegrator::integrateHierarchy(): performing Lagrangian midpoint-rule step
IBHierarchyIntegrator::postprocessIntegrateHierarchy(): interpolating Eulerian velocity to the Lagrangian mesh
IBHierarchyIntegrator::postprocessIntegrateHierarchy(): CFL number = 5.97662e-06
IBHierarchyIntegrator::postprocessIntegrateHierarchy(): Eulerian estimate of upper bound on IB point displacement since last regrid = 0.000898594
IBHierarchyIntegrator::advanceHierarchy(): synchronizing updated data
IBHierarchyIntegrator::advanceHierarchy(): resetting time dependent data

At end       of timestep # 158
Simulation time is 0.099375
+++++++++++++++++++++++++++++++++++++++++++++++++++


+++++++++++++++++++++++++++++++++++++++++++++++++++
At beginning of timestep # 159
Simulation time is 0.099375
IBHierarchyIntegrator::advanceHierarchy(): time interval = [0.099375,0.1], dt = 0.000625
IBHierarchyIntegrator::preprocessIntegrateHierarchy(): performing Lagrangian forward Euler step
IBHierarchyIntegrator::advanceHierarchy(): integrating hierarchy
IBHierarchyIntegrator::integrateHierarchy(): computing Lagrangian force
IBHierarchyIntegrator::integrateHierarchy(): spreading Lagrangian force to the Eulerian grid
IBHierarchyIntegrator::integrateHierarchy(): solving the incompressible Navier-Stokes equations
INSStaggeredHierarchyIntegrator::integrateHierarchy(): stokes solve number of iterations = 2
INSStaggeredHierarchyIntegrator::integrateHierarchy(): stokes solve residual norm        = 2.00827e-07
IBHierarchyIntegrator::integrateHierarchy(): interpolating Eulerian velocity to the Lagrangian mesh
IBHierarchyIntegrator::integrateHierarchy(): performing Lagrangian midpoint-rule step
IBHierarchyIntegrator::postprocessIntegrateHierarchy(): interpolating Eulerian velocity to the Lagrangian mesh
IBHierarchyIntegrator::postprocessIntegrateHierarchy(): CFL number = 5.97929e-06
IBHierarchyIntegrator::postprocessIntegrateHierarchy(): Eulerian estimate of upper bound on IB point displacement since last regrid = 0.000904574
IBHierarchyIntegrator::advanceHierarchy(): synchronizing updated data
IBHierarchyIntegrator::advanceHierarchy(): resetting time dependent data

At end       of timestep # 159
Simulation time is 0.1
+++++++++++++++++++++++++++++++++++++++++++++++++++


+++++++++++++++++++++++++++++++++++++++++++++++++++
At beginning of timestep # 160
Simulation time is 0.1
IBHierarchyIntegrator::advanceHierarchy(): time interval = [0.1,0.100625], dt = 0.000625
IBHierarchyIntegrator::preprocessIntegrateHierarchy(): performing Lagrangian forward Euler step
IBHierarchyIntegrator::advanceHierarchy(): integrating hierarchy
IBHierarchyIntegrator::integrateHierarchy(): computing Lagrangian force
IBHierarchyIntegrator::integrateHierarchy(): spreading Lagrangian force to the Eulerian grid
IBHierarchyIntegrator::integrateHierarchy(): solving the incompressible Navier-Stokes equations
INSStaggeredHierarchyIntegrator::integrateHierarchy(): stokes solve number of iterations = 2
INSStaggeredHierarchyIntegrator::integrateHierarchy(): stokes solve residual norm        = 1.98714e-07
IBHierarchyIntegrator::integrateHierarchy(): interpolating Eulerian velocity to the Lagrangian mesh
IBHierarchyIntegrator::integrateHierarchy(): performing Lagrangian midpoint-rule step
IBHierarchyIntegrator::postprocessIntegrateHierarchy(): interpolating Eulerian velocity to the Lagrangian mesh
IBHierarchyIntegrator::postprocessIntegrateHierarchy(): CFL number = 5.98189e-06
IBHierarchyIntegrator::postprocessIntegrateHierarchy(): Eulerian estimate of upper bound on IB point displacement since last regrid = 0.000910556
IBHierarchyIntegrator::advanceHierarchy(): synchronizing updated data
IBHierarchyIntegrator::advanceHierarchy(): resetting time dependent data

At end       of timestep # 160
Simulation time is 0.100625
+++++++++++++++++++++++++++++++++++++++++++++++++++


+++++++++++++++++++++++++++++++++++++++++++++++++++
At beginning of timestep # 161
Simulation time is 0.100625
IBHierarchyIntegrator::advanceHierarchy(): time interval = [0.100625,0.10125], dt = 0.000625
IBHierarchyIntegrator::preprocessIntegrateHierarchy(): performing Lagrangian forward Euler step
IBHierarchyIntegrator::advanceHierarchy(): integrating hierarchy
IBHierarchyIntegrator::integrateHierarchy(): computing Lagrangian force
IBHierarchyIntegrator::integrateHierarchy(): spreading Lagrangian force to the Eulerian grid
IBHierarchyIntegrator::integrateHierarchy(): solving the incompressible Navier-Stokes equations
INSStaggeredHierarchyIntegrator::integrateHierarchy(): stokes solve number of iterations = 2
INSStaggeredHierarchyIntegrator::integrateHierarchy(): stokes solve residual norm        = 1.96607e-07
IBHierarchyIntegrator::integrateHierarchy(): interpolating Eulerian velocity to the Lagrangian mesh
IBHierarchyIntegrator::integrateHierarchy(): performing Lagrangian midpoint-rule step
IBHierarchyIntegrator::postprocessIntegrateHierarchy(): interpolating Eulerian velocity to the Lagrangian mesh
IBHierarchyIntegrator::postprocessIntegrateHierarchy(): CFL number = 5.98442e-06
IBHierarchyIntegrator::postprocessIntegrateHierarchy(): Eulerian estimate of upper bound on IB point displacement since last regrid = 0.00091654
IBHierarchyIntegrator::advanceHierarchy(): synchronizing updated data
IBHierarchyIntegrator::advanceHierarchy(): resetting time dependent data

At end       of timestep # 161
Simulation time is 0.10125
+++++++++++++++++++++++++++++++++++++++++++++++++++


+++++++++++++++++++++++++++++++++++++++++++++++++++
At beginning of timestep # 162
Simulation time is 0.10125
IBHierarchyIntegrator::advanceHierarchy(): time interval = [0.10125,0.101875], dt = 0.000625
IBHierarchyIntegrator::preprocessIntegrateHierarchy(): performing Lagrangian forward Euler step
IBHierarchyIntegrator::advanceHierarchy(): integrating hierarchy
IBHierarchyIntegrator::integrateHierarchy(): computing Lagrangian force
IBHierarchyIntegrator::integrateHierarchy(): spreading Lagrangian force to the Eulerian grid
IBHierarchyIntegrator::integrateHierarchy(): solving the incompressible Navier-Stokes equations
INSStaggeredHierarchyIntegrator::integrateHierarchy(): stokes solve number of iterations = 2
INSStaggeredHierarchyIntegrator::integrateHierarchy(): stokes solve residual norm        = 1.94501e-07
IBHierarchyIntegrator::integrateHierarchy(): interpolating Eulerian velocity to the Lagrangian mesh
IBHierarchyIntegrator::integrateHierarchy(): performing Lagrangian midpoint-rule step
IBHierarchyIntegrator::postprocessIntegrateHierarchy(): interpolating Eulerian velocity to the Lagrangian mesh
IBHierarchyIntegrator::postprocessIntegrateHierarchy(): CFL number = 5.98687e-06
IBHierarchyIntegrator::postprocessIntegrateHierarchy(): Eulerian estimate of upper bound on IB point displacement since last regrid = 0.000922527
IBHierarchyIntegrator::advanceHierarchy(): synchronizing updated data
IBHierarchyIntegrator::advanceHierarchy(): resetting time dependent data

At end       of timestep # 162
Simulation time is 0.101875
+++++++++++++++++++++++++++++++++++++++++++++++++++


+++++++++++++++++++++++++++++++++++++++++++++++++++
At beginning of timestep # 163
Simulation time is 0.101875
IBHierarchyIntegrator::advanceHierarchy(): time interval = [0.101875,0.1025], dt = 0.000625
IBHierarchyIntegrator::preprocessIntegrateHierarchy(): performing Lagrangian forward Euler step
IBHierarchyIntegrator::advanceHierarchy(): integrating hierarchy
IBHierarchyIntegrator::integrateHierarchy(): computing Lagrangian force
IBHierarchyIntegrator::integrateHierarchy(): spreading Lagrangian force to the Eulerian grid
IBHierarchyIntegrator::integrateHierarchy(): solving the incompressible Navier-Stokes equations
INSStaggeredHierarchyIntegrator::integrateHierarchy(): stokes solve number of iterations = 2
INSStaggeredHierarchyIntegrator::integrateHierarchy(): stokes solve residual norm        = 1.92399e-07
IBHierarchyIntegrator::integrateHierarchy(): interpolating Eulerian velocity to the Lagrangian mesh
IBHierarchyIntegrator::integrateHierarchy(): performing Lagrangian midpoint-rule step
IBHierarchyIntegrator::postprocessIntegrateHierarchy(): interpolating Eulerian velocity to the Lagrangian mesh
IBHierarchyIntegrator::postprocessIntegrateHierarchy(): CFL number = 5.98925e-06
IBHierarchyIntegrator::postprocessIntegrateHierarchy(): Eulerian estimate of upper bound on IB point displacement since last regrid = 0.000928516
IBHierarchyIntegrator::advanceHierarchy(): synchronizing updated data
IBHierarchyIntegrator::advanceHierarchy(): resetting time dependent data

At end       of timestep # 163
Simulation time is 0.1025
+++++++++++++++++++++++++++++++++++++++++++++++++++


+++++++++++++++++++++++++++++++++++++++++++++++++++
At beginning of timestep # 164
Simulation time is 0.1025
IBHierarchyIntegrator::advanceHierarchy(): time interval = [0.1025,0.103125], dt = 0.000625
IBHierarchyIntegrator::preprocessIntegrateHierarchy(): performing Lagrangian forward Euler step
IBHierarchyIntegrator::advanceHierarchy(): integrating hierarchy
IBHierarchyIntegrator::integrateHierarchy(): computing Lagrangian force
IBHierarchyIntegrator::integrateHierarchy(): spreading Lagrangian force to the Eulerian grid
IBHierarchyIntegrator::integrateHierarchy(): solving the incompressible Navier-Stokes equations
INSStaggeredHierarchyIntegrator::integrateHierarchy(): stokes solve number of iterations = 2
INSStaggeredHierarchyIntegrator::integrateHierarchy(): stokes solve residual norm        = 1.90298e-07
IBHierarchyIntegrator::integrateHierarchy(): interpolating Eulerian velocity to the Lagrangian mesh
IBHierarchyIntegrator::integrateHierarchy(): performing Lagrangian midpoint-rule step
IBHierarchyIntegrator::postprocessIntegrateHierarchy(): interpolating Eulerian velocity to the Lagrangian mesh
IBHierarchyIntegrator::postprocessIntegrateHierarchy(): CFL number = 5.99155e-06
IBHierarchyIntegrator::postprocessIntegrateHierarchy(): Eulerian estimate of upper bound on IB point displacement since last regrid = 0.000934508
IBHierarchyIntegrator::advanceHierarchy(): synchronizing updated data
IBHierarchyIntegrator::advanceHierarchy(): resetting time dependent data

At end       of timestep # 164
Simulation time is 0.103125
+++++++++++++++++++++++++++++++++++++++++++++++++++


+++++++++++++++++++++++++++++++++++++++++++++++++++
At beginning of timestep # 165
Simulation time is 0.103125
IBHierarchyIntegrator::advanceHierarchy(): time interval = [0.103125,0.10375], dt = 0.000625
IBHierarchyIntegrator::preprocessIntegrateHierarchy(): performing Lagrangian forward Euler step
IBHierarchyIntegrator::advanceHierarchy(): integrating hierarchy
IBHierarchyIntegrator::integrateHierarchy(): computing Lagrangian force
IBHierarchyIntegrator::integrateHierarchy(): spreading Lagrangian force to the Eulerian grid
IBHierarchyIntegrator::integrateHierarchy(): solving the incompressible Navier-Stokes equations
INSStaggeredHierarchyIntegrator::integrateHierarchy(): stokes solve number of iterations = 2
INSStaggeredHierarchyIntegrator::integrateHierarchy(): stokes solve residual norm        = 1.88205e-07
IBHierarchyIntegrator::integrateHierarchy(): interpolating Eulerian velocity to the Lagrangian mesh
IBHierarchyIntegrator::integrateHierarchy(): performing Lagrangian midpoint-rule step
IBHierarchyIntegrator::postprocessIntegrateHierarchy(): interpolating Eulerian velocity to the Lagrangian mesh
IBHierarchyIntegrator::postprocessIntegrateHierarchy(): CFL number = 5.99377e-06
IBHierarchyIntegrator::postprocessIntegrateHierarchy(): Eulerian estimate of upper bound on IB point displacement since last regrid = 0.000940501
IBHierarchyIntegrator::advanceHierarchy(): synchronizing updated data
IBHierarchyIntegrator::advanceHierarchy(): resetting time dependent data

At end       of timestep # 165
Simulation time is 0.10375
+++++++++++++++++++++++++++++++++++++++++++++++++++


+++++++++++++++++++++++++++++++++++++++++++++++++++
At beginning of timestep # 166
Simulation time is 0.10375
IBHierarchyIntegrator::advanceHierarchy(): time interval = [0.10375,0.104375], dt = 0.000625
IBHierarchyIntegrator::preprocessIntegrateHierarchy(): performing Lagrangian forward Euler step
IBHierarchyIntegrator::advanceHierarchy(): integrating hierarchy
IBHierarchyIntegrator::integrateHierarchy(): computing Lagrangian force
IBHierarchyIntegrator::integrateHierarchy(): spreading Lagrangian force to the Eulerian grid
IBHierarchyIntegrator::integrateHierarchy(): solving the incompressible Navier-Stokes equations
INSStaggeredHierarchyIntegrator::integrateHierarchy(): stokes solve number of iterations = 2
INSStaggeredHierarchyIntegrator::integrateHierarchy(): stokes solve residual norm        = 1.86111e-07
IBHierarchyIntegrator::integrateHierarchy(): interpolating Eulerian velocity to the Lagrangian mesh
IBHierarchyIntegrator::integrateHierarchy(): performing Lagrangian midpoint-rule step
IBHierarchyIntegrator::postprocessIntegrateHierarchy(): interpolating Eulerian velocity to the Lagrangian mesh
IBHierarchyIntegrator::postprocessIntegrateHierarchy(): CFL number = 5.9959e-06
IBHierarchyIntegrator::postprocessIntegrateHierarchy(): Eulerian estimate of upper bound on IB point displacement since last regrid = 0.000946497
IBHierarchyIntegrator::advanceHierarchy(): synchronizing updated data
IBHierarchyIntegrator::advanceHierarchy(): resetting time dependent data

At end       of timestep # 166
Simulation time is 0.104375
+++++++++++++++++++++++++++++++++++++++++++++++++++


+++++++++++++++++++++++++++++++++++++++++++++++++++
At beginning of timestep # 167
Simulation time is 0.104375
IBHierarchyIntegrator::advanceHierarchy(): time interval = [0.104375,0.105], dt = 0.000625
IBHierarchyIntegrator::preprocessIntegrateHierarchy(): performing Lagrangian forward Euler step
IBHierarchyIntegrator::advanceHierarchy(): integrating hierarchy
IBHierarchyIntegrator::integrateHierarchy(): computing Lagrangian force
IBHierarchyIntegrator::integrateHierarchy(): spreading Lagrangian force to the Eulerian grid
IBHierarchyIntegrator::integrateHierarchy(): solving the incompressible Navier-Stokes equations
INSStaggeredHierarchyIntegrator::integrateHierarchy(): stokes solve number of iterations = 2
INSStaggeredHierarchyIntegrator::integrateHierarchy(): stokes solve residual norm        = 1.84024e-07
IBHierarchyIntegrator::integrateHierarchy(): interpolating Eulerian velocity to the Lagrangian mesh
IBHierarchyIntegrator::integrateHierarchy(): performing Lagrangian midpoint-rule step
IBHierarchyIntegrator::postprocessIntegrateHierarchy(): interpolating Eulerian velocity to the Lagrangian mesh
IBHierarchyIntegrator::postprocessIntegrateHierarchy(): CFL number = 5.99796e-06
IBHierarchyIntegrator::postprocessIntegrateHierarchy(): Eulerian estimate of upper bound on IB point displacement since last regrid = 0.000952495
IBHierarchyIntegrator::advanceHierarchy(): synchronizing updated data
IBHierarchyIntegrator::advanceHierarchy(): resetting time dependent data

At end       of timestep # 167
Simulation time is 0.105
+++++++++++++++++++++++++++++++++++++++++++++++++++


+++++++++++++++++++++++++++++++++++++++++++++++++++
At beginning of timestep # 168
Simulation time is 0.105
IBHierarchyIntegrator::advanceHierarchy(): time interval = [0.105,0.105625], dt = 0.000625
IBHierarchyIntegrator::preprocessIntegrateHierarchy(): performing Lagrangian forward Euler step
IBHierarchyIntegrator::advanceHierarchy(): integrating hierarchy
IBHierarchyIntegrator::integrateHierarchy(): computing Lagrangian force
IBHierarchyIntegrator::integrateHierarchy(): spreading Lagrangian force to the Eulerian grid
IBHierarchyIntegrator::integrateHierarchy(): solving the incompressible Navier-Stokes equations
INSStaggeredHierarchyIntegrator::integrateHierarchy(): stokes solve number of iterations = 2
INSStaggeredHierarchyIntegrator::integrateHierarchy(): stokes solve residual norm        = 1.81938e-07
IBHierarchyIntegrator::integrateHierarchy(): interpolating Eulerian velocity to the Lagrangian mesh
IBHierarchyIntegrator::integrateHierarchy(): performing Lagrangian midpoint-rule step
IBHierarchyIntegrator::postprocessIntegrateHierarchy(): interpolating Eulerian velocity to the Lagrangian mesh
IBHierarchyIntegrator::postprocessIntegrateHierarchy(): CFL number = 5.99993e-06
IBHierarchyIntegrator::postprocessIntegrateHierarchy(): Eulerian estimate of upper bound on IB point displacement since last regrid = 0.000958495
IBHierarchyIntegrator::advanceHierarchy(): synchronizing updated data
IBHierarchyIntegrator::advanceHierarchy(): resetting time dependent data

At end       of timestep # 168
Simulation time is 0.105625
+++++++++++++++++++++++++++++++++++++++++++++++++++


+++++++++++++++++++++++++++++++++++++++++++++++++++
At beginning of timestep # 169
Simulation time is 0.105625
IBHierarchyIntegrator::advanceHierarchy(): time interval = [0.105625,0.10625], dt = 0.000625
IBHierarchyIntegrator::preprocessIntegrateHierarchy(): performing Lagrangian forward Euler step
IBHierarchyIntegrator::advanceHierarchy(): integrating hierarchy
IBHierarchyIntegrator::integrateHierarchy(): computing Lagrangian force
IBHierarchyIntegrator::integrateHierarchy(): spreading Lagrangian force to the Eulerian grid
IBHierarchyIntegrator::integrateHierarchy(): solving the incompressible Navier-Stokes equations
INSStaggeredHierarchyIntegrator::integrateHierarchy(): stokes solve number of iterations = 2
INSStaggeredHierarchyIntegrator::integrateHierarchy(): stokes solve residual norm        = 1.79857e-07
IBHierarchyIntegrator::integrateHierarchy(): interpolating Eulerian velocity to the Lagrangian mesh
IBHierarchyIntegrator::integrateHierarchy(): performing Lagrangian midpoint-rule step
IBHierarchyIntegrator::postprocessIntegrateHierarchy(): interpolating Eulerian velocity to the Lagrangian mesh
IBHierarchyIntegrator::postprocessIntegrateHierarchy(): CFL number = 6.00182e-06
IBHierarchyIntegrator::postprocessIntegrateHierarchy(): Eulerian estimate of upper bound on IB point displacement since last regrid = 0.000964497
IBHierarchyIntegrator::advanceHierarchy(): synchronizing updated data
IBHierarchyIntegrator::advanceHierarchy(): resetting time dependent data

At end       of timestep # 169
Simulation time is 0.10625
+++++++++++++++++++++++++++++++++++++++++++++++++++


+++++++++++++++++++++++++++++++++++++++++++++++++++
At beginning of timestep # 170
Simulation time is 0.10625
IBHierarchyIntegrator::advanceHierarchy(): time interval = [0.10625,0.106875], dt = 0.000625
IBHierarchyIntegrator::preprocessIntegrateHierarchy(): performing Lagrangian forward Euler step
IBHierarchyIntegrator::advanceHierarchy(): integrating hierarchy
IBHierarchyIntegrator::integrateHierarchy(): computing Lagrangian force
IBHierarchyIntegrator::integrateHierarchy(): spreading Lagrangian force to the Eulerian grid
IBHierarchyIntegrator::integrateHierarchy(): solving the incompressible Navier-Stokes equations
INSStaggeredHierarchyIntegrator::integrateHierarchy(): stokes solve number of iterations = 2
INSStaggeredHierarchyIntegrator::integrateHierarchy(): stokes solve residual norm        = 1.77778e-07
IBHierarchyIntegrator::integrateHierarchy(): interpolating Eulerian velocity to the Lagrangian mesh
IBHierarchyIntegrator::integrateHierarchy(): performing Lagrangian midpoint-rule step
IBHierarchyIntegrator::postprocessIntegrateHierarchy(): interpolating Eulerian velocity to the Lagrangian mesh
IBHierarchyIntegrator::postprocessIntegrateHierarchy(): CFL number = 6.00363e-06
IBHierarchyIntegrator::postprocessIntegrateHierarchy(): Eulerian estimate of upper bound on IB point displacement since last regrid = 0.000970501
IBHierarchyIntegrator::advanceHierarchy(): synchronizing updated data
IBHierarchyIntegrator::advanceHierarchy(): resetting time dependent data

At end       of timestep # 170
Simulation time is 0.106875
+++++++++++++++++++++++++++++++++++++++++++++++++++


+++++++++++++++++++++++++++++++++++++++++++++++++++
At beginning of timestep # 171
Simulation time is 0.106875
IBHierarchyIntegrator::advanceHierarchy(): time interval = [0.106875,0.1075], dt = 0.000625
IBHierarchyIntegrator::preprocessIntegrateHierarchy(): performing Lagrangian forward Euler step
IBHierarchyIntegrator::advanceHierarchy(): integrating hierarchy
IBHierarchyIntegrator::integrateHierarchy(): computing Lagrangian force
IBHierarchyIntegrator::integrateHierarchy(): spreading Lagrangian force to the Eulerian grid
IBHierarchyIntegrator::integrateHierarchy(): solving the incompressible Navier-Stokes equations
INSStaggeredHierarchyIntegrator::integrateHierarchy(): stokes solve number of iterations = 2
INSStaggeredHierarchyIntegrator::integrateHierarchy(): stokes solve residual norm        = 1.75699e-07
IBHierarchyIntegrator::integrateHierarchy(): interpolating Eulerian velocity to the Lagrangian mesh
IBHierarchyIntegrator::integrateHierarchy(): performing Lagrangian midpoint-rule step
IBHierarchyIntegrator::postprocessIntegrateHierarchy(): interpolating Eulerian velocity to the Lagrangian mesh
IBHierarchyIntegrator::postprocessIntegrateHierarchy(): CFL number = 6.00536e-06
IBHierarchyIntegrator::postprocessIntegrateHierarchy(): Eulerian estimate of upper bound on IB point displacement since last regrid = 0.000976506
IBHierarchyIntegrator::advanceHierarchy(): synchronizing updated data
IBHierarchyIntegrator::advanceHierarchy(): resetting time dependent data

At end       of timestep # 171
Simulation time is 0.1075
+++++++++++++++++++++++++++++++++++++++++++++++++++


+++++++++++++++++++++++++++++++++++++++++++++++++++
At beginning of timestep # 172
Simulation time is 0.1075
IBHierarchyIntegrator::advanceHierarchy(): time interval = [0.1075,0.108125], dt = 0.000625
IBHierarchyIntegrator::preprocessIntegrateHierarchy(): performing Lagrangian forward Euler step
IBHierarchyIntegrator::advanceHierarchy(): integrating hierarchy
IBHierarchyIntegrator::integrateHierarchy(): computing Lagrangian force
IBHierarchyIntegrator::integrateHierarchy(): spreading Lagrangian force to the Eulerian grid
IBHierarchyIntegrator::integrateHierarchy(): solving the incompressible Navier-Stokes equations
INSStaggeredHierarchyIntegrator::integrateHierarchy(): stokes solve number of iterations = 2
INSStaggeredHierarchyIntegrator::integrateHierarchy(): stokes solve residual norm        = 1.73625e-07
IBHierarchyIntegrator::integrateHierarchy(): interpolating Eulerian velocity to the Lagrangian mesh
IBHierarchyIntegrator::integrateHierarchy(): performing Lagrangian midpoint-rule step
IBHierarchyIntegrator::postprocessIntegrateHierarchy(): interpolating Eulerian velocity to the Lagrangian mesh
IBHierarchyIntegrator::postprocessIntegrateHierarchy(): CFL number = 6.007e-06
IBHierarchyIntegrator::postprocessIntegrateHierarchy(): Eulerian estimate of upper bound on IB point displacement since last regrid = 0.000982513
IBHierarchyIntegrator::advanceHierarchy(): synchronizing updated data
IBHierarchyIntegrator::advanceHierarchy(): resetting time dependent data

At end       of timestep # 172
Simulation time is 0.108125
+++++++++++++++++++++++++++++++++++++++++++++++++++


+++++++++++++++++++++++++++++++++++++++++++++++++++
At beginning of timestep # 173
Simulation time is 0.108125
IBHierarchyIntegrator::advanceHierarchy(): time interval = [0.108125,0.10875], dt = 0.000625
IBHierarchyIntegrator::preprocessIntegrateHierarchy(): performing Lagrangian forward Euler step
IBHierarchyIntegrator::advanceHierarchy(): integrating hierarchy
IBHierarchyIntegrator::integrateHierarchy(): computing Lagrangian force
IBHierarchyIntegrator::integrateHierarchy(): spreading Lagrangian force to the Eulerian grid
IBHierarchyIntegrator::integrateHierarchy(): solving the incompressible Navier-Stokes equations
INSStaggeredHierarchyIntegrator::integrateHierarchy(): stokes solve number of iterations = 2
INSStaggeredHierarchyIntegrator::integrateHierarchy(): stokes solve residual norm        = 1.71552e-07
IBHierarchyIntegrator::integrateHierarchy(): interpolating Eulerian velocity to the Lagrangian mesh
IBHierarchyIntegrator::integrateHierarchy(): performing Lagrangian midpoint-rule step
IBHierarchyIntegrator::postprocessIntegrateHierarchy(): interpolating Eulerian velocity to the Lagrangian mesh
IBHierarchyIntegrator::postprocessIntegrateHierarchy(): CFL number = 6.00856e-06
IBHierarchyIntegrator::postprocessIntegrateHierarchy(): Eulerian estimate of upper bound on IB point displacement since last regrid = 0.000988522
IBHierarchyIntegrator::advanceHierarchy(): synchronizing updated data
IBHierarchyIntegrator::advanceHierarchy(): resetting time dependent data

At end       of timestep # 173
Simulation time is 0.10875
+++++++++++++++++++++++++++++++++++++++++++++++++++


+++++++++++++++++++++++++++++++++++++++++++++++++++
At beginning of timestep # 174
Simulation time is 0.10875
IBHierarchyIntegrator::advanceHierarchy(): time interval = [0.10875,0.109375], dt = 0.000625
IBHierarchyIntegrator::preprocessIntegrateHierarchy(): performing Lagrangian forward Euler step
IBHierarchyIntegrator::advanceHierarchy(): integrating hierarchy
IBHierarchyIntegrator::integrateHierarchy(): computing Lagrangian force
IBHierarchyIntegrator::integrateHierarchy(): spreading Lagrangian force to the Eulerian grid
IBHierarchyIntegrator::integrateHierarchy(): solving the incompressible Navier-Stokes equations
INSStaggeredHierarchyIntegrator::integrateHierarchy(): stokes solve number of iterations = 2
INSStaggeredHierarchyIntegrator::integrateHierarchy(): stokes solve residual norm        = 1.6948e-07
IBHierarchyIntegrator::integrateHierarchy(): interpolating Eulerian velocity to the Lagrangian mesh
IBHierarchyIntegrator::integrateHierarchy(): performing Lagrangian midpoint-rule step
IBHierarchyIntegrator::postprocessIntegrateHierarchy(): interpolating Eulerian velocity to the Lagrangian mesh
IBHierarchyIntegrator::postprocessIntegrateHierarchy(): CFL number = 6.01003e-06
IBHierarchyIntegrator::postprocessIntegrateHierarchy(): Eulerian estimate of upper bound on IB point displacement since last regrid = 0.000994532
IBHierarchyIntegrator::advanceHierarchy(): synchronizing updated data
IBHierarchyIntegrator::advanceHierarchy(): resetting time dependent data

At end       of timestep # 174
Simulation time is 0.109375
+++++++++++++++++++++++++++++++++++++++++++++++++++


+++++++++++++++++++++++++++++++++++++++++++++++++++
At beginning of timestep # 175
Simulation time is 0.109375
IBHierarchyIntegrator::advanceHierarchy(): time interval = [0.109375,0.11], dt = 0.000625
IBHierarchyIntegrator::preprocessIntegrateHierarchy(): performing Lagrangian forward Euler step
IBHierarchyIntegrator::advanceHierarchy(): integrating hierarchy
IBHierarchyIntegrator::integrateHierarchy(): computing Lagrangian force
IBHierarchyIntegrator::integrateHierarchy(): spreading Lagrangian force to the Eulerian grid
IBHierarchyIntegrator::integrateHierarchy(): solving the incompressible Navier-Stokes equations
INSStaggeredHierarchyIntegrator::integrateHierarchy(): stokes solve number of iterations = 2
INSStaggeredHierarchyIntegrator::integrateHierarchy(): stokes solve residual norm        = 1.67408e-07
IBHierarchyIntegrator::integrateHierarchy(): interpolating Eulerian velocity to the Lagrangian mesh
IBHierarchyIntegrator::integrateHierarchy(): performing Lagrangian midpoint-rule step
IBHierarchyIntegrator::postprocessIntegrateHierarchy(): interpolating Eulerian velocity to the Lagrangian mesh
IBHierarchyIntegrator::postprocessIntegrateHierarchy(): CFL number = 6.01143e-06
IBHierarchyIntegrator::postprocessIntegrateHierarchy(): Eulerian estimate of upper bound on IB point displacement since last regrid = 0.00100054
IBHierarchyIntegrator::advanceHierarchy(): synchronizing updated data
IBHierarchyIntegrator::advanceHierarchy(): resetting time dependent data

At end       of timestep # 175
Simulation time is 0.11
+++++++++++++++++++++++++++++++++++++++++++++++++++


+++++++++++++++++++++++++++++++++++++++++++++++++++
At beginning of timestep # 176
Simulation time is 0.11
IBHierarchyIntegrator::advanceHierarchy(): time interval = [0.11,0.110625], dt = 0.000625
IBHierarchyIntegrator::preprocessIntegrateHierarchy(): performing Lagrangian forward Euler step
IBHierarchyIntegrator::advanceHierarchy(): integrating hierarchy
IBHierarchyIntegrator::integrateHierarchy(): computing Lagrangian force
IBHierarchyIntegrator::integrateHierarchy(): spreading Lagrangian force to the Eulerian grid
IBHierarchyIntegrator::integrateHierarchy(): solving the incompressible Navier-Stokes equations
INSStaggeredHierarchyIntegrator::integrateHierarchy(): stokes solve number of iterations = 2
INSStaggeredHierarchyIntegrator::integrateHierarchy(): stokes solve residual norm        = 1.65336e-07
IBHierarchyIntegrator::integrateHierarchy(): interpolating Eulerian velocity to the Lagrangian mesh
IBHierarchyIntegrator::integrateHierarchy(): performing Lagrangian midpoint-rule step
IBHierarchyIntegrator::postprocessIntegrateHierarchy(): interpolating Eulerian velocity to the Lagrangian mesh
IBHierarchyIntegrator::postprocessIntegrateHierarchy(): CFL number = 6.01274e-06
IBHierarchyIntegrator::postprocessIntegrateHierarchy(): Eulerian estimate of upper bound on IB point displacement since last regrid = 0.00100656
IBHierarchyIntegrator::advanceHierarchy(): synchronizing updated data
IBHierarchyIntegrator::advanceHierarchy(): resetting time dependent data

At end       of timestep # 176
Simulation time is 0.110625
+++++++++++++++++++++++++++++++++++++++++++++++++++


+++++++++++++++++++++++++++++++++++++++++++++++++++
At beginning of timestep # 177
Simulation time is 0.110625
IBHierarchyIntegrator::advanceHierarchy(): time interval = [0.110625,0.11125], dt = 0.000625
IBHierarchyIntegrator::preprocessIntegrateHierarchy(): performing Lagrangian forward Euler step
IBHierarchyIntegrator::advanceHierarchy(): integrating hierarchy
IBHierarchyIntegrator::integrateHierarchy(): computing Lagrangian force
IBHierarchyIntegrator::integrateHierarchy(): spreading Lagrangian force to the Eulerian grid
IBHierarchyIntegrator::integrateHierarchy(): solving the incompressible Navier-Stokes equations
INSStaggeredHierarchyIntegrator::integrateHierarchy(): stokes solve number of iterations = 2
INSStaggeredHierarchyIntegrator::integrateHierarchy(): stokes solve residual norm        = 1.63266e-07
IBHierarchyIntegrator::integrateHierarchy(): interpolating Eulerian velocity to the Lagrangian mesh
IBHierarchyIntegrator::integrateHierarchy(): performing Lagrangian midpoint-rule step
IBHierarchyIntegrator::postprocessIntegrateHierarchy(): interpolating Eulerian velocity to the Lagrangian mesh
IBHierarchyIntegrator::postprocessIntegrateHierarchy(): CFL number = 6.01398e-06
IBHierarchyIntegrator::postprocessIntegrateHierarchy(): Eulerian estimate of upper bound on IB point displacement since last regrid = 0.00101257
IBHierarchyIntegrator::advanceHierarchy(): synchronizing updated data
IBHierarchyIntegrator::advanceHierarchy(): resetting time dependent data

At end       of timestep # 177
Simulation time is 0.11125
+++++++++++++++++++++++++++++++++++++++++++++++++++


+++++++++++++++++++++++++++++++++++++++++++++++++++
At beginning of timestep # 178
Simulation time is 0.11125
IBHierarchyIntegrator::advanceHierarchy(): time interval = [0.11125,0.111875], dt = 0.000625
IBHierarchyIntegrator::preprocessIntegrateHierarchy(): performing Lagrangian forward Euler step
IBHierarchyIntegrator::advanceHierarchy(): integrating hierarchy
IBHierarchyIntegrator::integrateHierarchy(): computing Lagrangian force
IBHierarchyIntegrator::integrateHierarchy(): spreading Lagrangian force to the Eulerian grid
IBHierarchyIntegrator::integrateHierarchy(): solving the incompressible Navier-Stokes equations
INSStaggeredHierarchyIntegrator::integrateHierarchy(): stokes solve number of iterations = 2
INSStaggeredHierarchyIntegrator::integrateHierarchy(): stokes solve residual norm        = 1.61192e-07
IBHierarchyIntegrator::integrateHierarchy(): interpolating Eulerian velocity to the Lagrangian mesh
IBHierarchyIntegrator::integrateHierarchy(): performing Lagrangian midpoint-rule step
IBHierarchyIntegrator::postprocessIntegrateHierarchy(): interpolating Eulerian velocity to the Lagrangian mesh
IBHierarchyIntegrator::postprocessIntegrateHierarchy(): CFL number = 6.01513e-06
IBHierarchyIntegrator::postprocessIntegrateHierarchy(): Eulerian estimate of upper bound on IB point displacement since last regrid = 0.00101858
IBHierarchyIntegrator::advanceHierarchy(): synchronizing updated data
IBHierarchyIntegrator::advanceHierarchy(): resetting time dependent data

At end       of timestep # 178
Simulation time is 0.111875
+++++++++++++++++++++++++++++++++++++++++++++++++++


+++++++++++++++++++++++++++++++++++++++++++++++++++
At beginning of timestep # 179
Simulation time is 0.111875
IBHierarchyIntegrator::advanceHierarchy(): time interval = [0.111875,0.1125], dt = 0.000625
IBHierarchyIntegrator::preprocessIntegrateHierarchy(): performing Lagrangian forward Euler step
IBHierarchyIntegrator::advanceHierarchy(): integrating hierarchy
IBHierarchyIntegrator::integrateHierarchy(): computing Lagrangian force
IBHierarchyIntegrator::integrateHierarchy(): spreading Lagrangian force to the Eulerian grid
IBHierarchyIntegrator::integrateHierarchy(): solving the incompressible Navier-Stokes equations
INSStaggeredHierarchyIntegrator::integrateHierarchy(): stokes solve number of iterations = 2
INSStaggeredHierarchyIntegrator::integrateHierarchy(): stokes solve residual norm        = 1.5912e-07
IBHierarchyIntegrator::integrateHierarchy(): interpolating Eulerian velocity to the Lagrangian mesh
IBHierarchyIntegrator::integrateHierarchy(): performing Lagrangian midpoint-rule step
IBHierarchyIntegrator::postprocessIntegrateHierarchy(): interpolating Eulerian velocity to the Lagrangian mesh
IBHierarchyIntegrator::postprocessIntegrateHierarchy(): CFL number = 6.01621e-06
IBHierarchyIntegrator::postprocessIntegrateHierarchy(): Eulerian estimate of upper bound on IB point displacement since last regrid = 0.0010246
IBHierarchyIntegrator::advanceHierarchy(): synchronizing updated data
IBHierarchyIntegrator::advanceHierarchy(): resetting time dependent data

At end       of timestep # 179
Simulation time is 0.1125
+++++++++++++++++++++++++++++++++++++++++++++++++++


+++++++++++++++++++++++++++++++++++++++++++++++++++
At beginning of timestep # 180
Simulation time is 0.1125
IBHierarchyIntegrator::advanceHierarchy(): time interval = [0.1125,0.113125], dt = 0.000625
IBHierarchyIntegrator::preprocessIntegrateHierarchy(): performing Lagrangian forward Euler step
IBHierarchyIntegrator::advanceHierarchy(): integrating hierarchy
IBHierarchyIntegrator::integrateHierarchy(): computing Lagrangian force
IBHierarchyIntegrator::integrateHierarchy(): spreading Lagrangian force to the Eulerian grid
IBHierarchyIntegrator::integrateHierarchy(): solving the incompressible Navier-Stokes equations
INSStaggeredHierarchyIntegrator::integrateHierarchy(): stokes solve number of iterations = 2
INSStaggeredHierarchyIntegrator::integrateHierarchy(): stokes solve residual norm        = 1.57046e-07
IBHierarchyIntegrator::integrateHierarchy(): interpolating Eulerian velocity to the Lagrangian mesh
IBHierarchyIntegrator::integrateHierarchy(): performing Lagrangian midpoint-rule step
IBHierarchyIntegrator::postprocessIntegrateHierarchy(): interpolating Eulerian velocity to the Lagrangian mesh
IBHierarchyIntegrator::postprocessIntegrateHierarchy(): CFL number = 6.01722e-06
IBHierarchyIntegrator::postprocessIntegrateHierarchy(): Eulerian estimate of upper bound on IB point displacement since last regrid = 0.00103062
IBHierarchyIntegrator::advanceHierarchy(): synchronizing updated data
IBHierarchyIntegrator::advanceHierarchy(): resetting time dependent data

At end       of timestep # 180
Simulation time is 0.113125
+++++++++++++++++++++++++++++++++++++++++++++++++++


+++++++++++++++++++++++++++++++++++++++++++++++++++
At beginning of timestep # 181
Simulation time is 0.113125
IBHierarchyIntegrator::advanceHierarchy(): time interval = [0.113125,0.11375], dt = 0.000625
IBHierarchyIntegrator::preprocessIntegrateHierarchy(): performing Lagrangian forward Euler step
IBHierarchyIntegrator::advanceHierarchy(): integrating hierarchy
IBHierarchyIntegrator::integrateHierarchy(): computing Lagrangian force
IBHierarchyIntegrator::integrateHierarchy(): spreading Lagrangian force to the Eulerian grid
IBHierarchyIntegrator::integrateHierarchy(): solving the incompressible Navier-Stokes equations
INSStaggeredHierarchyIntegrator::integrateHierarchy(): stokes solve number of iterations = 2
INSStaggeredHierarchyIntegrator::integrateHierarchy(): stokes solve residual norm        = 1.54971e-07
IBHierarchyIntegrator::integrateHierarchy(): interpolating Eulerian velocity to the Lagrangian mesh
IBHierarchyIntegrator::integrateHierarchy(): performing Lagrangian midpoint-rule step
IBHierarchyIntegrator::postprocessIntegrateHierarchy(): interpolating Eulerian velocity to the Lagrangian mesh
IBHierarchyIntegrator::postprocessIntegrateHierarchy(): CFL number = 6.01815e-06
IBHierarchyIntegrator::postprocessIntegrateHierarchy(): Eulerian estimate of upper bound on IB point displacement since last regrid = 0.00103664
IBHierarchyIntegrator::advanceHierarchy(): synchronizing updated data
IBHierarchyIntegrator::advanceHierarchy(): resetting time dependent data

At end       of timestep # 181
Simulation time is 0.11375
+++++++++++++++++++++++++++++++++++++++++++++++++++


+++++++++++++++++++++++++++++++++++++++++++++++++++
At beginning of timestep # 182
Simulation time is 0.11375
IBHierarchyIntegrator::advanceHierarchy(): time interval = [0.11375,0.114375], dt = 0.000625
IBHierarchyIntegrator::preprocessIntegrateHierarchy(): performing Lagrangian forward Euler step
IBHierarchyIntegrator::advanceHierarchy(): integrating hierarchy
IBHierarchyIntegrator::integrateHierarchy(): computing Lagrangian force
IBHierarchyIntegrator::integrateHierarchy(): spreading Lagrangian force to the Eulerian grid
IBHierarchyIntegrator::integrateHierarchy(): solving the incompressible Navier-Stokes equations
INSStaggeredHierarchyIntegrator::integrateHierarchy(): stokes solve number of iterations = 2
INSStaggeredHierarchyIntegrator::integrateHierarchy(): stokes solve residual norm        = 1.5289e-07
IBHierarchyIntegrator::integrateHierarchy(): interpolating Eulerian velocity to the Lagrangian mesh
IBHierarchyIntegrator::integrateHierarchy(): performing Lagrangian midpoint-rule step
IBHierarchyIntegrator::postprocessIntegrateHierarchy(): interpolating Eulerian velocity to the Lagrangian mesh
IBHierarchyIntegrator::postprocessIntegrateHierarchy(): CFL number = 6.019e-06
IBHierarchyIntegrator::postprocessIntegrateHierarchy(): Eulerian estimate of upper bound on IB point displacement since last regrid = 0.00104266
IBHierarchyIntegrator::advanceHierarchy(): synchronizing updated data
IBHierarchyIntegrator::advanceHierarchy(): resetting time dependent data

At end       of timestep # 182
Simulation time is 0.114375
+++++++++++++++++++++++++++++++++++++++++++++++++++


+++++++++++++++++++++++++++++++++++++++++++++++++++
At beginning of timestep # 183
Simulation time is 0.114375
IBHierarchyIntegrator::advanceHierarchy(): time interval = [0.114375,0.115], dt = 0.000625
IBHierarchyIntegrator::preprocessIntegrateHierarchy(): performing Lagrangian forward Euler step
IBHierarchyIntegrator::advanceHierarchy(): integrating hierarchy
IBHierarchyIntegrator::integrateHierarchy(): computing Lagrangian force
IBHierarchyIntegrator::integrateHierarchy(): spreading Lagrangian force to the Eulerian grid
IBHierarchyIntegrator::integrateHierarchy(): solving the incompressible Navier-Stokes equations
INSStaggeredHierarchyIntegrator::integrateHierarchy(): stokes solve number of iterations = 2
INSStaggeredHierarchyIntegrator::integrateHierarchy(): stokes solve residual norm        = 1.50813e-07
IBHierarchyIntegrator::integrateHierarchy(): interpolating Eulerian velocity to the Lagrangian mesh
IBHierarchyIntegrator::integrateHierarchy(): performing Lagrangian midpoint-rule step
IBHierarchyIntegrator::postprocessIntegrateHierarchy(): interpolating Eulerian velocity to the Lagrangian mesh
IBHierarchyIntegrator::postprocessIntegrateHierarchy(): CFL number = 6.01979e-06
IBHierarchyIntegrator::postprocessIntegrateHierarchy(): Eulerian estimate of upper bound on IB point displacement since last regrid = 0.00104868
IBHierarchyIntegrator::advanceHierarchy(): synchronizing updated data
IBHierarchyIntegrator::advanceHierarchy(): resetting time dependent data

At end       of timestep # 183
Simulation time is 0.115
+++++++++++++++++++++++++++++++++++++++++++++++++++


+++++++++++++++++++++++++++++++++++++++++++++++++++
At beginning of timestep # 184
Simulation time is 0.115
IBHierarchyIntegrator::advanceHierarchy(): time interval = [0.115,0.115625], dt = 0.000625
IBHierarchyIntegrator::preprocessIntegrateHierarchy(): performing Lagrangian forward Euler step
IBHierarchyIntegrator::advanceHierarchy(): integrating hierarchy
IBHierarchyIntegrator::integrateHierarchy(): computing Lagrangian force
IBHierarchyIntegrator::integrateHierarchy(): spreading Lagrangian force to the Eulerian grid
IBHierarchyIntegrator::integrateHierarchy(): solving the incompressible Navier-Stokes equations
INSStaggeredHierarchyIntegrator::integrateHierarchy(): stokes solve number of iterations = 2
INSStaggeredHierarchyIntegrator::integrateHierarchy(): stokes solve residual norm        = 1.48732e-07
IBHierarchyIntegrator::integrateHierarchy(): interpolating Eulerian velocity to the Lagrangian mesh
IBHierarchyIntegrator::integrateHierarchy(): performing Lagrangian midpoint-rule step
IBHierarchyIntegrator::postprocessIntegrateHierarchy(): interpolating Eulerian velocity to the Lagrangian mesh
IBHierarchyIntegrator::postprocessIntegrateHierarchy(): CFL number = 6.0205e-06
IBHierarchyIntegrator::postprocessIntegrateHierarchy(): Eulerian estimate of upper bound on IB point displacement since last regrid = 0.0010547
IBHierarchyIntegrator::advanceHierarchy(): synchronizing updated data
IBHierarchyIntegrator::advanceHierarchy(): resetting time dependent data

At end       of timestep # 184
Simulation time is 0.115625
+++++++++++++++++++++++++++++++++++++++++++++++++++


+++++++++++++++++++++++++++++++++++++++++++++++++++
At beginning of timestep # 185
Simulation time is 0.115625
IBHierarchyIntegrator::advanceHierarchy(): time interval = [0.115625,0.11625], dt = 0.000625
IBHierarchyIntegrator::preprocessIntegrateHierarchy(): performing Lagrangian forward Euler step
IBHierarchyIntegrator::advanceHierarchy(): integrating hierarchy
IBHierarchyIntegrator::integrateHierarchy(): computing Lagrangian force
IBHierarchyIntegrator::integrateHierarchy(): spreading Lagrangian force to the Eulerian grid
IBHierarchyIntegrator::integrateHierarchy(): solving the incompressible Navier-Stokes equations
INSStaggeredHierarchyIntegrator::integrateHierarchy(): stokes solve number of iterations = 2
INSStaggeredHierarchyIntegrator::integrateHierarchy(): stokes solve residual norm        = 1.46649e-07
IBHierarchyIntegrator::integrateHierarchy(): interpolating Eulerian velocity to the Lagrangian mesh
IBHierarchyIntegrator::integrateHierarchy(): performing Lagrangian midpoint-rule step
IBHierarchyIntegrator::postprocessIntegrateHierarchy(): interpolating Eulerian velocity to the Lagrangian mesh
IBHierarchyIntegrator::postprocessIntegrateHierarchy(): CFL number = 6.02115e-06
IBHierarchyIntegrator::postprocessIntegrateHierarchy(): Eulerian estimate of upper bound on IB point displacement since last regrid = 0.00106072
IBHierarchyIntegrator::advanceHierarchy(): synchronizing updated data
IBHierarchyIntegrator::advanceHierarchy(): resetting time dependent data

At end       of timestep # 185
Simulation time is 0.11625
+++++++++++++++++++++++++++++++++++++++++++++++++++


+++++++++++++++++++++++++++++++++++++++++++++++++++
At beginning of timestep # 186
Simulation time is 0.11625
IBHierarchyIntegrator::advanceHierarchy(): time interval = [0.11625,0.116875], dt = 0.000625
IBHierarchyIntegrator::preprocessIntegrateHierarchy(): performing Lagrangian forward Euler step
IBHierarchyIntegrator::advanceHierarchy(): integrating hierarchy
IBHierarchyIntegrator::integrateHierarchy(): computing Lagrangian force
IBHierarchyIntegrator::integrateHierarchy(): spreading Lagrangian force to the Eulerian grid
IBHierarchyIntegrator::integrateHierarchy(): solving the incompressible Navier-Stokes equations
INSStaggeredHierarchyIntegrator::integrateHierarchy(): stokes solve number of iterations = 2
INSStaggeredHierarchyIntegrator::integrateHierarchy(): stokes solve residual norm        = 1.44567e-07
IBHierarchyIntegrator::integrateHierarchy(): interpolating Eulerian velocity to the Lagrangian mesh
IBHierarchyIntegrator::integrateHierarchy(): performing Lagrangian midpoint-rule step
IBHierarchyIntegrator::postprocessIntegrateHierarchy(): interpolating Eulerian velocity to the Lagrangian mesh
IBHierarchyIntegrator::postprocessIntegrateHierarchy(): CFL number = 6.02174e-06
IBHierarchyIntegrator::postprocessIntegrateHierarchy(): Eulerian estimate of upper bound on IB point displacement since last regrid = 0.00106674
IBHierarchyIntegrator::advanceHierarchy(): synchronizing updated data
IBHierarchyIntegrator::advanceHierarchy(): resetting time dependent data

At end       of timestep # 186
Simulation time is 0.116875
+++++++++++++++++++++++++++++++++++++++++++++++++++


+++++++++++++++++++++++++++++++++++++++++++++++++++
At beginning of timestep # 187
Simulation time is 0.116875
IBHierarchyIntegrator::advanceHierarchy(): time interval = [0.116875,0.1175], dt = 0.000625
IBHierarchyIntegrator::preprocessIntegrateHierarchy(): performing Lagrangian forward Euler step
IBHierarchyIntegrator::advanceHierarchy(): integrating hierarchy
IBHierarchyIntegrator::integrateHierarchy(): computing Lagrangian force
IBHierarchyIntegrator::integrateHierarchy(): spreading Lagrangian force to the Eulerian grid
IBHierarchyIntegrator::integrateHierarchy(): solving the incompressible Navier-Stokes equations
INSStaggeredHierarchyIntegrator::integrateHierarchy(): stokes solve number of iterations = 2
INSStaggeredHierarchyIntegrator::integrateHierarchy(): stokes solve residual norm        = 1.42482e-07
IBHierarchyIntegrator::integrateHierarchy(): interpolating Eulerian velocity to the Lagrangian mesh
IBHierarchyIntegrator::integrateHierarchy(): performing Lagrangian midpoint-rule step
IBHierarchyIntegrator::postprocessIntegrateHierarchy(): interpolating Eulerian velocity to the Lagrangian mesh
IBHierarchyIntegrator::postprocessIntegrateHierarchy(): CFL number = 6.02226e-06
IBHierarchyIntegrator::postprocessIntegrateHierarchy(): Eulerian estimate of upper bound on IB point displacement since last regrid = 0.00107276
IBHierarchyIntegrator::advanceHierarchy(): synchronizing updated data
IBHierarchyIntegrator::advanceHierarchy(): resetting time dependent data

At end       of timestep # 187
Simulation time is 0.1175
+++++++++++++++++++++++++++++++++++++++++++++++++++


+++++++++++++++++++++++++++++++++++++++++++++++++++
At beginning of timestep # 188
Simulation time is 0.1175
IBHierarchyIntegrator::advanceHierarchy(): time interval = [0.1175,0.118125], dt = 0.000625
IBHierarchyIntegrator::preprocessIntegrateHierarchy(): performing Lagrangian forward Euler step
IBHierarchyIntegrator::advanceHierarchy(): integrating hierarchy
IBHierarchyIntegrator::integrateHierarchy(): computing Lagrangian force
IBHierarchyIntegrator::integrateHierarchy(): spreading Lagrangian force to the Eulerian grid
IBHierarchyIntegrator::integrateHierarchy(): solving the incompressible Navier-Stokes equations
INSStaggeredHierarchyIntegrator::integrateHierarchy(): stokes solve number of iterations = 2
INSStaggeredHierarchyIntegrator::integrateHierarchy(): stokes solve residual norm        = 1.40398e-07
IBHierarchyIntegrator::integrateHierarchy(): interpolating Eulerian velocity to the Lagrangian mesh
IBHierarchyIntegrator::integrateHierarchy(): performing Lagrangian midpoint-rule step
IBHierarchyIntegrator::postprocessIntegrateHierarchy(): interpolating Eulerian velocity to the Lagrangian mesh
IBHierarchyIntegrator::postprocessIntegrateHierarchy(): CFL number = 6.02272e-06
IBHierarchyIntegrator::postprocessIntegrateHierarchy(): Eulerian estimate of upper bound on IB point displacement since last regrid = 0.00107878
IBHierarchyIntegrator::advanceHierarchy(): synchronizing updated data
IBHierarchyIntegrator::advanceHierarchy(): resetting time dependent data

At end       of timestep # 188
Simulation time is 0.118125
+++++++++++++++++++++++++++++++++++++++++++++++++++


+++++++++++++++++++++++++++++++++++++++++++++++++++
At beginning of timestep # 189
Simulation time is 0.118125
IBHierarchyIntegrator::advanceHierarchy(): time interval = [0.118125,0.11875], dt = 0.000625
IBHierarchyIntegrator::preprocessIntegrateHierarchy(): performing Lagrangian forward Euler step
IBHierarchyIntegrator::advanceHierarchy(): integrating hierarchy
IBHierarchyIntegrator::integrateHierarchy(): computing Lagrangian force
IBHierarchyIntegrator::integrateHierarchy(): spreading Lagrangian force to the Eulerian grid
IBHierarchyIntegrator::integrateHierarchy(): solving the incompressible Navier-Stokes equations
INSStaggeredHierarchyIntegrator::integrateHierarchy(): stokes solve number of iterations = 2
INSStaggeredHierarchyIntegrator::integrateHierarchy(): stokes solve residual norm        = 1.38311e-07
IBHierarchyIntegrator::integrateHierarchy(): interpolating Eulerian velocity to the Lagrangian mesh
IBHierarchyIntegrator::integrateHierarchy(): performing Lagrangian midpoint-rule step
IBHierarchyIntegrator::postprocessIntegrateHierarchy(): interpolating Eulerian velocity to the Lagrangian mesh
IBHierarchyIntegrator::postprocessIntegrateHierarchy(): CFL number = 6.02312e-06
IBHierarchyIntegrator::postprocessIntegrateHierarchy(): Eulerian estimate of upper bound on IB point displacement since last regrid = 0.00108481
IBHierarchyIntegrator::advanceHierarchy(): synchronizing updated data
IBHierarchyIntegrator::advanceHierarchy(): resetting time dependent data

At end       of timestep # 189
Simulation time is 0.11875
+++++++++++++++++++++++++++++++++++++++++++++++++++


+++++++++++++++++++++++++++++++++++++++++++++++++++
At beginning of timestep # 190
Simulation time is 0.11875
IBHierarchyIntegrator::advanceHierarchy(): time interval = [0.11875,0.119375], dt = 0.000625
IBHierarchyIntegrator::preprocessIntegrateHierarchy(): performing Lagrangian forward Euler step
IBHierarchyIntegrator::advanceHierarchy(): integrating hierarchy
IBHierarchyIntegrator::integrateHierarchy(): computing Lagrangian force
IBHierarchyIntegrator::integrateHierarchy(): spreading Lagrangian force to the Eulerian grid
IBHierarchyIntegrator::integrateHierarchy(): solving the incompressible Navier-Stokes equations
INSStaggeredHierarchyIntegrator::integrateHierarchy(): stokes solve number of iterations = 2
INSStaggeredHierarchyIntegrator::integrateHierarchy(): stokes solve residual norm        = 1.36227e-07
IBHierarchyIntegrator::integrateHierarchy(): interpolating Eulerian velocity to the Lagrangian mesh
IBHierarchyIntegrator::integrateHierarchy(): performing Lagrangian midpoint-rule step
IBHierarchyIntegrator::postprocessIntegrateHierarchy(): interpolating Eulerian velocity to the Lagrangian mesh
IBHierarchyIntegrator::postprocessIntegrateHierarchy(): CFL number = 6.02347e-06
IBHierarchyIntegrator::postprocessIntegrateHierarchy(): Eulerian estimate of upper bound on IB point displacement since last regrid = 0.00109083
IBHierarchyIntegrator::advanceHierarchy(): synchronizing updated data
IBHierarchyIntegrator::advanceHierarchy(): resetting time dependent data

At end       of timestep # 190
Simulation time is 0.119375
+++++++++++++++++++++++++++++++++++++++++++++++++++


+++++++++++++++++++++++++++++++++++++++++++++++++++
At beginning of timestep # 191
Simulation time is 0.119375
IBHierarchyIntegrator::advanceHierarchy(): time interval = [0.119375,0.12], dt = 0.000625
IBHierarchyIntegrator::preprocessIntegrateHierarchy(): performing Lagrangian forward Euler step
IBHierarchyIntegrator::advanceHierarchy(): integrating hierarchy
IBHierarchyIntegrator::integrateHierarchy(): computing Lagrangian force
IBHierarchyIntegrator::integrateHierarchy(): spreading Lagrangian force to the Eulerian grid
IBHierarchyIntegrator::integrateHierarchy(): solving the incompressible Navier-Stokes equations
INSStaggeredHierarchyIntegrator::integrateHierarchy(): stokes solve number of iterations = 1
INSStaggeredHierarchyIntegrator::integrateHierarchy(): stokes solve residual norm        = 8.8515e-06
IBHierarchyIntegrator::integrateHierarchy(): interpolating Eulerian velocity to the Lagrangian mesh
IBHierarchyIntegrator::integrateHierarchy(): performing Lagrangian midpoint-rule step
IBHierarchyIntegrator::postprocessIntegrateHierarchy(): interpolating Eulerian velocity to the Lagrangian mesh
IBHierarchyIntegrator::postprocessIntegrateHierarchy(): CFL number = 6.02375e-06
IBHierarchyIntegrator::postprocessIntegrateHierarchy(): Eulerian estimate of upper bound on IB point displacement since last regrid = 0.00109685
IBHierarchyIntegrator::advanceHierarchy(): synchronizing updated data
IBHierarchyIntegrator::advanceHierarchy(): resetting time dependent data

At end       of timestep # 191
Simulation time is 0.12
+++++++++++++++++++++++++++++++++++++++++++++++++++


+++++++++++++++++++++++++++++++++++++++++++++++++++
At beginning of timestep # 192
Simulation time is 0.12
IBHierarchyIntegrator::advanceHierarchy(): time interval = [0.12,0.120625], dt = 0.000625
IBHierarchyIntegrator::preprocessIntegrateHierarchy(): performing Lagrangian forward Euler step
IBHierarchyIntegrator::advanceHierarchy(): integrating hierarchy
IBHierarchyIntegrator::integrateHierarchy(): computing Lagrangian force
IBHierarchyIntegrator::integrateHierarchy(): spreading Lagrangian force to the Eulerian grid
IBHierarchyIntegrator::integrateHierarchy(): solving the incompressible Navier-Stokes equations
INSStaggeredHierarchyIntegrator::integrateHierarchy(): stokes solve number of iterations = 1
INSStaggeredHierarchyIntegrator::integrateHierarchy(): stokes solve residual norm        = 8.53116e-06
IBHierarchyIntegrator::integrateHierarchy(): interpolating Eulerian velocity to the Lagrangian mesh
IBHierarchyIntegrator::integrateHierarchy(): performing Lagrangian midpoint-rule step
IBHierarchyIntegrator::postprocessIntegrateHierarchy(): interpolating Eulerian velocity to the Lagrangian mesh
IBHierarchyIntegrator::postprocessIntegrateHierarchy(): CFL number = 6.02399e-06
IBHierarchyIntegrator::postprocessIntegrateHierarchy(): Eulerian estimate of upper bound on IB point displacement since last regrid = 0.00110288
IBHierarchyIntegrator::advanceHierarchy(): synchronizing updated data
IBHierarchyIntegrator::advanceHierarchy(): resetting time dependent data

At end       of timestep # 192
Simulation time is 0.120625
+++++++++++++++++++++++++++++++++++++++++++++++++++


+++++++++++++++++++++++++++++++++++++++++++++++++++
At beginning of timestep # 193
Simulation time is 0.120625
IBHierarchyIntegrator::advanceHierarchy(): time interval = [0.120625,0.12125], dt = 0.000625
IBHierarchyIntegrator::preprocessIntegrateHierarchy(): performing Lagrangian forward Euler step
IBHierarchyIntegrator::advanceHierarchy(): integrating hierarchy
IBHierarchyIntegrator::integrateHierarchy(): computing Lagrangian force
IBHierarchyIntegrator::integrateHierarchy(): spreading Lagrangian force to the Eulerian grid
IBHierarchyIntegrator::integrateHierarchy(): solving the incompressible Navier-Stokes equations
INSStaggeredHierarchyIntegrator::integrateHierarchy(): stokes solve number of iterations = 1
INSStaggeredHierarchyIntegrator::integrateHierarchy(): stokes solve residual norm        = 8.35214e-06
IBHierarchyIntegrator::integrateHierarchy(): interpolating Eulerian velocity to the Lagrangian mesh
IBHierarchyIntegrator::integrateHierarchy(): performing Lagrangian midpoint-rule step
IBHierarchyIntegrator::postprocessIntegrateHierarchy(): interpolating Eulerian velocity to the Lagrangian mesh
IBHierarchyIntegrator::postprocessIntegrateHierarchy(): CFL number = 6.02418e-06
IBHierarchyIntegrator::postprocessIntegrateHierarchy(): Eulerian estimate of upper bound on IB point displacement since last regrid = 0.0011089
IBHierarchyIntegrator::advanceHierarchy(): synchronizing updated data
IBHierarchyIntegrator::advanceHierarchy(): resetting time dependent data

At end       of timestep # 193
Simulation time is 0.12125
+++++++++++++++++++++++++++++++++++++++++++++++++++


+++++++++++++++++++++++++++++++++++++++++++++++++++
At beginning of timestep # 194
Simulation time is 0.12125
IBHierarchyIntegrator::advanceHierarchy(): time interval = [0.12125,0.121875], dt = 0.000625
IBHierarchyIntegrator::preprocessIntegrateHierarchy(): performing Lagrangian forward Euler step
IBHierarchyIntegrator::advanceHierarchy(): integrating hierarchy
IBHierarchyIntegrator::integrateHierarchy(): computing Lagrangian force
IBHierarchyIntegrator::integrateHierarchy(): spreading Lagrangian force to the Eulerian grid
IBHierarchyIntegrator::integrateHierarchy(): solving the incompressible Navier-Stokes equations
INSStaggeredHierarchyIntegrator::integrateHierarchy(): stokes solve number of iterations = 1
INSStaggeredHierarchyIntegrator::integrateHierarchy(): stokes solve residual norm        = 8.19154e-06
IBHierarchyIntegrator::integrateHierarchy(): interpolating Eulerian velocity to the Lagrangian mesh
IBHierarchyIntegrator::integrateHierarchy(): performing Lagrangian midpoint-rule step
IBHierarchyIntegrator::postprocessIntegrateHierarchy(): interpolating Eulerian velocity to the Lagrangian mesh
IBHierarchyIntegrator::postprocessIntegrateHierarchy(): CFL number = 6.02432e-06
IBHierarchyIntegrator::postprocessIntegrateHierarchy(): Eulerian estimate of upper bound on IB point displacement since last regrid = 0.00111493
IBHierarchyIntegrator::advanceHierarchy(): synchronizing updated data
IBHierarchyIntegrator::advanceHierarchy(): resetting time dependent data

At end       of timestep # 194
Simulation time is 0.121875
+++++++++++++++++++++++++++++++++++++++++++++++++++


+++++++++++++++++++++++++++++++++++++++++++++++++++
At beginning of timestep # 195
Simulation time is 0.121875
IBHierarchyIntegrator::advanceHierarchy(): time interval = [0.121875,0.1225], dt = 0.000625
IBHierarchyIntegrator::preprocessIntegrateHierarchy(): performing Lagrangian forward Euler step
IBHierarchyIntegrator::advanceHierarchy(): integrating hierarchy
IBHierarchyIntegrator::integrateHierarchy(): computing Lagrangian force
IBHierarchyIntegrator::integrateHierarchy(): spreading Lagrangian force to the Eulerian grid
IBHierarchyIntegrator::integrateHierarchy(): solving the incompressible Navier-Stokes equations
INSStaggeredHierarchyIntegrator::integrateHierarchy(): stokes solve number of iterations = 1
INSStaggeredHierarchyIntegrator::integrateHierarchy(): stokes solve residual norm        = 8.03339e-06
IBHierarchyIntegrator::integrateHierarchy(): interpolating Eulerian velocity to the Lagrangian mesh
IBHierarchyIntegrator::integrateHierarchy(): performing Lagrangian midpoint-rule step
IBHierarchyIntegrator::postprocessIntegrateHierarchy(): interpolating Eulerian velocity to the Lagrangian mesh
IBHierarchyIntegrator::postprocessIntegrateHierarchy(): CFL number = 6.02442e-06
IBHierarchyIntegrator::postprocessIntegrateHierarchy(): Eulerian estimate of upper bound on IB point displacement since last regrid = 0.00112095
IBHierarchyIntegrator::advanceHierarchy(): synchronizing updated data
IBHierarchyIntegrator::advanceHierarchy(): resetting time dependent data

At end       of timestep # 195
Simulation time is 0.1225
+++++++++++++++++++++++++++++++++++++++++++++++++++


+++++++++++++++++++++++++++++++++++++++++++++++++++
At beginning of timestep # 196
Simulation time is 0.1225
IBHierarchyIntegrator::advanceHierarchy(): time interval = [0.1225,0.123125], dt = 0.000625
IBHierarchyIntegrator::preprocessIntegrateHierarchy(): performing Lagrangian forward Euler step
IBHierarchyIntegrator::advanceHierarchy(): integrating hierarchy
IBHierarchyIntegrator::integrateHierarchy(): computing Lagrangian force
IBHierarchyIntegrator::integrateHierarchy(): spreading Lagrangian force to the Eulerian grid
IBHierarchyIntegrator::integrateHierarchy(): solving the incompressible Navier-Stokes equations
INSStaggeredHierarchyIntegrator::integrateHierarchy(): stokes solve number of iterations = 1
INSStaggeredHierarchyIntegrator::integrateHierarchy(): stokes solve residual norm        = 7.87739e-06
IBHierarchyIntegrator::integrateHierarchy(): interpolating Eulerian velocity to the Lagrangian mesh
IBHierarchyIntegrator::integrateHierarchy(): performing Lagrangian midpoint-rule step
IBHierarchyIntegrator::postprocessIntegrateHierarchy(): interpolating Eulerian velocity to the Lagrangian mesh
IBHierarchyIntegrator::postprocessIntegrateHierarchy(): CFL number = 6.02448e-06
IBHierarchyIntegrator::postprocessIntegrateHierarchy(): Eulerian estimate of upper bound on IB point displacement since last regrid = 0.00112698
IBHierarchyIntegrator::advanceHierarchy(): synchronizing updated data
IBHierarchyIntegrator::advanceHierarchy(): resetting time dependent data

At end       of timestep # 196
Simulation time is 0.123125
+++++++++++++++++++++++++++++++++++++++++++++++++++


+++++++++++++++++++++++++++++++++++++++++++++++++++
At beginning of timestep # 197
Simulation time is 0.123125
IBHierarchyIntegrator::advanceHierarchy(): time interval = [0.123125,0.12375], dt = 0.000625
IBHierarchyIntegrator::preprocessIntegrateHierarchy(): performing Lagrangian forward Euler step
IBHierarchyIntegrator::advanceHierarchy(): integrating hierarchy
IBHierarchyIntegrator::integrateHierarchy(): computing Lagrangian force
IBHierarchyIntegrator::integrateHierarchy(): spreading Lagrangian force to the Eulerian grid
IBHierarchyIntegrator::integrateHierarchy(): solving the incompressible Navier-Stokes equations
INSStaggeredHierarchyIntegrator::integrateHierarchy(): stokes solve number of iterations = 1
INSStaggeredHierarchyIntegrator::integrateHierarchy(): stokes solve residual norm        = 7.72433e-06
IBHierarchyIntegrator::integrateHierarchy(): interpolating Eulerian velocity to the Lagrangian mesh
IBHierarchyIntegrator::integrateHierarchy(): performing Lagrangian midpoint-rule step
IBHierarchyIntegrator::postprocessIntegrateHierarchy(): interpolating Eulerian velocity to the Lagrangian mesh
IBHierarchyIntegrator::postprocessIntegrateHierarchy(): CFL number = 6.0245e-06
IBHierarchyIntegrator::postprocessIntegrateHierarchy(): Eulerian estimate of upper bound on IB point displacement since last regrid = 0.001133
IBHierarchyIntegrator::advanceHierarchy(): synchronizing updated data
IBHierarchyIntegrator::advanceHierarchy(): resetting time dependent data

At end       of timestep # 197
Simulation time is 0.12375
+++++++++++++++++++++++++++++++++++++++++++++++++++


+++++++++++++++++++++++++++++++++++++++++++++++++++
At beginning of timestep # 198
Simulation time is 0.12375
IBHierarchyIntegrator::advanceHierarchy(): time interval = [0.12375,0.124375], dt = 0.000625
IBHierarchyIntegrator::preprocessIntegrateHierarchy(): performing Lagrangian forward Euler step
IBHierarchyIntegrator::advanceHierarchy(): integrating hierarchy
IBHierarchyIntegrator::integrateHierarchy(): computing Lagrangian force
IBHierarchyIntegrator::integrateHierarchy(): spreading Lagrangian force to the Eulerian grid
IBHierarchyIntegrator::integrateHierarchy(): solving the incompressible Navier-Stokes equations
INSStaggeredHierarchyIntegrator::integrateHierarchy(): stokes solve number of iterations = 1
INSStaggeredHierarchyIntegrator::integrateHierarchy(): stokes solve residual norm        = 7.5742e-06
IBHierarchyIntegrator::integrateHierarchy(): interpolating Eulerian velocity to the Lagrangian mesh
IBHierarchyIntegrator::integrateHierarchy(): performing Lagrangian midpoint-rule step
IBHierarchyIntegrator::postprocessIntegrateHierarchy(): interpolating Eulerian velocity to the Lagrangian mesh
IBHierarchyIntegrator::postprocessIntegrateHierarchy(): CFL number = 6.02449e-06
IBHierarchyIntegrator::postprocessIntegrateHierarchy(): Eulerian estimate of upper bound on IB point displacement since last regrid = 0.00113902
IBHierarchyIntegrator::advanceHierarchy(): synchronizing updated data
IBHierarchyIntegrator::advanceHierarchy(): resetting time dependent data

At end       of timestep # 198
Simulation time is 0.124375
+++++++++++++++++++++++++++++++++++++++++++++++++++


+++++++++++++++++++++++++++++++++++++++++++++++++++
At beginning of timestep # 199
Simulation time is 0.124375
IBHierarchyIntegrator::advanceHierarchy(): time interval = [0.124375,0.125], dt = 0.000625
IBHierarchyIntegrator::preprocessIntegrateHierarchy(): performing Lagrangian forward Euler step
IBHierarchyIntegrator::advanceHierarchy(): integrating hierarchy
IBHierarchyIntegrator::integrateHierarchy(): computing Lagrangian force
IBHierarchyIntegrator::integrateHierarchy(): spreading Lagrangian force to the Eulerian grid
IBHierarchyIntegrator::integrateHierarchy(): solving the incompressible Navier-Stokes equations
INSStaggeredHierarchyIntegrator::integrateHierarchy(): stokes solve number of iterations = 1
INSStaggeredHierarchyIntegrator::integrateHierarchy(): stokes solve residual norm        = 7.42684e-06
IBHierarchyIntegrator::integrateHierarchy(): interpolating Eulerian velocity to the Lagrangian mesh
IBHierarchyIntegrator::integrateHierarchy(): performing Lagrangian midpoint-rule step
IBHierarchyIntegrator::postprocessIntegrateHierarchy(): interpolating Eulerian velocity to the Lagrangian mesh
IBHierarchyIntegrator::postprocessIntegrateHierarchy(): CFL number = 6.02444e-06
IBHierarchyIntegrator::postprocessIntegrateHierarchy(): Eulerian estimate of upper bound on IB point displacement since last regrid = 0.00114505
IBHierarchyIntegrator::advanceHierarchy(): synchronizing updated data
IBHierarchyIntegrator::advanceHierarchy(): resetting time dependent data

At end       of timestep # 199
Simulation time is 0.125
+++++++++++++++++++++++++++++++++++++++++++++++++++


+++++++++++++++++++++++++++++++++++++++++++++++++++
At beginning of timestep # 200
Simulation time is 0.125
IBHierarchyIntegrator::advanceHierarchy(): time interval = [0.125,0.125625], dt = 0.000625
IBHierarchyIntegrator::preprocessIntegrateHierarchy(): performing Lagrangian forward Euler step
IBHierarchyIntegrator::advanceHierarchy(): integrating hierarchy
IBHierarchyIntegrator::integrateHierarchy(): computing Lagrangian force
IBHierarchyIntegrator::integrateHierarchy(): spreading Lagrangian force to the Eulerian grid
IBHierarchyIntegrator::integrateHierarchy(): solving the incompressible Navier-Stokes equations
INSStaggeredHierarchyIntegrator::integrateHierarchy(): stokes solve number of iterations = 1
INSStaggeredHierarchyIntegrator::integrateHierarchy(): stokes solve residual norm        = 7.28214e-06
IBHierarchyIntegrator::integrateHierarchy(): interpolating Eulerian velocity to the Lagrangian mesh
IBHierarchyIntegrator::integrateHierarchy(): performing Lagrangian midpoint-rule step
IBHierarchyIntegrator::postprocessIntegrateHierarchy(): interpolating Eulerian velocity to the Lagrangian mesh
IBHierarchyIntegrator::postprocessIntegrateHierarchy(): CFL number = 6.02436e-06
IBHierarchyIntegrator::postprocessIntegrateHierarchy(): Eulerian estimate of upper bound on IB point displacement since last regrid = 0.00115107
IBHierarchyIntegrator::advanceHierarchy(): synchronizing updated data
IBHierarchyIntegrator::advanceHierarchy(): resetting time dependent data

At end       of timestep # 200
Simulation time is 0.125625
+++++++++++++++++++++++++++++++++++++++++++++++++++


+++++++++++++++++++++++++++++++++++++++++++++++++++
At beginning of timestep # 201
Simulation time is 0.125625
IBHierarchyIntegrator::advanceHierarchy(): time interval = [0.125625,0.12625], dt = 0.000625
IBHierarchyIntegrator::preprocessIntegrateHierarchy(): performing Lagrangian forward Euler step
IBHierarchyIntegrator::advanceHierarchy(): integrating hierarchy
IBHierarchyIntegrator::integrateHierarchy(): computing Lagrangian force
IBHierarchyIntegrator::integrateHierarchy(): spreading Lagrangian force to the Eulerian grid
IBHierarchyIntegrator::integrateHierarchy(): solving the incompressible Navier-Stokes equations
INSStaggeredHierarchyIntegrator::integrateHierarchy(): stokes solve number of iterations = 1
INSStaggeredHierarchyIntegrator::integrateHierarchy(): stokes solve residual norm        = 7.14009e-06
IBHierarchyIntegrator::integrateHierarchy(): interpolating Eulerian velocity to the Lagrangian mesh
IBHierarchyIntegrator::integrateHierarchy(): performing Lagrangian midpoint-rule step
IBHierarchyIntegrator::postprocessIntegrateHierarchy(): interpolating Eulerian velocity to the Lagrangian mesh
IBHierarchyIntegrator::postprocessIntegrateHierarchy(): CFL number = 6.02425e-06
IBHierarchyIntegrator::postprocessIntegrateHierarchy(): Eulerian estimate of upper bound on IB point displacement since last regrid = 0.0011571
IBHierarchyIntegrator::advanceHierarchy(): synchronizing updated data
IBHierarchyIntegrator::advanceHierarchy(): resetting time dependent data

At end       of timestep # 201
Simulation time is 0.12625
+++++++++++++++++++++++++++++++++++++++++++++++++++


+++++++++++++++++++++++++++++++++++++++++++++++++++
At beginning of timestep # 202
Simulation time is 0.12625
IBHierarchyIntegrator::advanceHierarchy(): time interval = [0.12625,0.126875], dt = 0.000625
IBHierarchyIntegrator::preprocessIntegrateHierarchy(): performing Lagrangian forward Euler step
IBHierarchyIntegrator::advanceHierarchy(): integrating hierarchy
IBHierarchyIntegrator::integrateHierarchy(): computing Lagrangian force
IBHierarchyIntegrator::integrateHierarchy(): spreading Lagrangian force to the Eulerian grid
IBHierarchyIntegrator::integrateHierarchy(): solving the incompressible Navier-Stokes equations
INSStaggeredHierarchyIntegrator::integrateHierarchy(): stokes solve number of iterations = 1
INSStaggeredHierarchyIntegrator::integrateHierarchy(): stokes solve residual norm        = 7.00072e-06
IBHierarchyIntegrator::integrateHierarchy(): interpolating Eulerian velocity to the Lagrangian mesh
IBHierarchyIntegrator::integrateHierarchy(): performing Lagrangian midpoint-rule step
IBHierarchyIntegrator::postprocessIntegrateHierarchy(): interpolating Eulerian velocity to the Lagrangian mesh
IBHierarchyIntegrator::postprocessIntegrateHierarchy(): CFL number = 6.02412e-06
IBHierarchyIntegrator::postprocessIntegrateHierarchy(): Eulerian estimate of upper bound on IB point displacement since last regrid = 0.00116312
IBHierarchyIntegrator::advanceHierarchy(): synchronizing updated data
IBHierarchyIntegrator::advanceHierarchy(): resetting time dependent data

At end       of timestep # 202
Simulation time is 0.126875
+++++++++++++++++++++++++++++++++++++++++++++++++++


+++++++++++++++++++++++++++++++++++++++++++++++++++
At beginning of timestep # 203
Simulation time is 0.126875
IBHierarchyIntegrator::advanceHierarchy(): time interval = [0.126875,0.1275], dt = 0.000625
IBHierarchyIntegrator::preprocessIntegrateHierarchy(): performing Lagrangian forward Euler step
IBHierarchyIntegrator::advanceHierarchy(): integrating hierarchy
IBHierarchyIntegrator::integrateHierarchy(): computing Lagrangian force
IBHierarchyIntegrator::integrateHierarchy(): spreading Lagrangian force to the Eulerian grid
IBHierarchyIntegrator::integrateHierarchy(): solving the incompressible Navier-Stokes equations
INSStaggeredHierarchyIntegrator::integrateHierarchy(): stokes solve number of iterations = 1
INSStaggeredHierarchyIntegrator::integrateHierarchy(): stokes solve residual norm        = 6.86407e-06
IBHierarchyIntegrator::integrateHierarchy(): interpolating Eulerian velocity to the Lagrangian mesh
IBHierarchyIntegrator::integrateHierarchy(): performing Lagrangian midpoint-rule step
IBHierarchyIntegrator::postprocessIntegrateHierarchy(): interpolating Eulerian velocity to the Lagrangian mesh
IBHierarchyIntegrator::postprocessIntegrateHierarchy(): CFL number = 6.02396e-06
IBHierarchyIntegrator::postprocessIntegrateHierarchy(): Eulerian estimate of upper bound on IB point displacement since last regrid = 0.00116915
IBHierarchyIntegrator::advanceHierarchy(): synchronizing updated data
IBHierarchyIntegrator::advanceHierarchy(): resetting time dependent data

At end       of timestep # 203
Simulation time is 0.1275
+++++++++++++++++++++++++++++++++++++++++++++++++++


+++++++++++++++++++++++++++++++++++++++++++++++++++
At beginning of timestep # 204
Simulation time is 0.1275
IBHierarchyIntegrator::advanceHierarchy(): time interval = [0.1275,0.128125], dt = 0.000625
IBHierarchyIntegrator::preprocessIntegrateHierarchy(): performing Lagrangian forward Euler step
IBHierarchyIntegrator::advanceHierarchy(): integrating hierarchy
IBHierarchyIntegrator::integrateHierarchy(): computing Lagrangian force
IBHierarchyIntegrator::integrateHierarchy(): spreading Lagrangian force to the Eulerian grid
IBHierarchyIntegrator::integrateHierarchy(): solving the incompressible Navier-Stokes equations
INSStaggeredHierarchyIntegrator::integrateHierarchy(): stokes solve number of iterations = 1
INSStaggeredHierarchyIntegrator::integrateHierarchy(): stokes solve residual norm        = 6.7302e-06
IBHierarchyIntegrator::integrateHierarchy(): interpolating Eulerian velocity to the Lagrangian mesh
IBHierarchyIntegrator::integrateHierarchy(): performing Lagrangian midpoint-rule step
IBHierarchyIntegrator::postprocessIntegrateHierarchy(): interpolating Eulerian velocity to the Lagrangian mesh
IBHierarchyIntegrator::postprocessIntegrateHierarchy(): CFL number = 6.02378e-06
IBHierarchyIntegrator::postprocessIntegrateHierarchy(): Eulerian estimate of upper bound on IB point displacement since last regrid = 0.00117517
IBHierarchyIntegrator::advanceHierarchy(): synchronizing updated data
IBHierarchyIntegrator::advanceHierarchy(): resetting time dependent data

At end       of timestep # 204
Simulation time is 0.128125
+++++++++++++++++++++++++++++++++++++++++++++++++++


+++++++++++++++++++++++++++++++++++++++++++++++++++
At beginning of timestep # 205
Simulation time is 0.128125
IBHierarchyIntegrator::advanceHierarchy(): time interval = [0.128125,0.12875], dt = 0.000625
IBHierarchyIntegrator::preprocessIntegrateHierarchy(): performing Lagrangian forward Euler step
IBHierarchyIntegrator::advanceHierarchy(): integrating hierarchy
IBHierarchyIntegrator::integrateHierarchy(): computing Lagrangian force
IBHierarchyIntegrator::integrateHierarchy(): spreading Lagrangian force to the Eulerian grid
IBHierarchyIntegrator::integrateHierarchy(): solving the incompressible Navier-Stokes equations
INSStaggeredHierarchyIntegrator::integrateHierarchy(): stokes solve number of iterations = 1
INSStaggeredHierarchyIntegrator::integrateHierarchy(): stokes solve residual norm        = 6.59937e-06
IBHierarchyIntegrator::integrateHierarchy(): interpolating Eulerian velocity to the Lagrangian mesh
IBHierarchyIntegrator::integrateHierarchy(): performing Lagrangian midpoint-rule step
IBHierarchyIntegrator::postprocessIntegrateHierarchy(): interpolating Eulerian velocity to the Lagrangian mesh
IBHierarchyIntegrator::postprocessIntegrateHierarchy(): CFL number = 6.02358e-06
IBHierarchyIntegrator::postprocessIntegrateHierarchy(): Eulerian estimate of upper bound on IB point displacement since last regrid = 0.00118119
IBHierarchyIntegrator::advanceHierarchy(): synchronizing updated data
IBHierarchyIntegrator::advanceHierarchy(): resetting time dependent data

At end       of timestep # 205
Simulation time is 0.12875
+++++++++++++++++++++++++++++++++++++++++++++++++++


+++++++++++++++++++++++++++++++++++++++++++++++++++
At beginning of timestep # 206
Simulation time is 0.12875
IBHierarchyIntegrator::advanceHierarchy(): time interval = [0.12875,0.129375], dt = 0.000625
IBHierarchyIntegrator::preprocessIntegrateHierarchy(): performing Lagrangian forward Euler step
IBHierarchyIntegrator::advanceHierarchy(): integrating hierarchy
IBHierarchyIntegrator::integrateHierarchy(): computing Lagrangian force
IBHierarchyIntegrator::integrateHierarchy(): spreading Lagrangian force to the Eulerian grid
IBHierarchyIntegrator::integrateHierarchy(): solving the incompressible Navier-Stokes equations
INSStaggeredHierarchyIntegrator::integrateHierarchy(): stokes solve number of iterations = 1
INSStaggeredHierarchyIntegrator::integrateHierarchy(): stokes solve residual norm        = 6.47167e-06
IBHierarchyIntegrator::integrateHierarchy(): interpolating Eulerian velocity to the Lagrangian mesh
IBHierarchyIntegrator::integrateHierarchy(): performing Lagrangian midpoint-rule step
IBHierarchyIntegrator::postprocessIntegrateHierarchy(): interpolating Eulerian velocity to the Lagrangian mesh
IBHierarchyIntegrator::postprocessIntegrateHierarchy(): CFL number = 6.02337e-06
IBHierarchyIntegrator::postprocessIntegrateHierarchy(): Eulerian estimate of upper bound on IB point displacement since last regrid = 0.00118722
IBHierarchyIntegrator::advanceHierarchy(): synchronizing updated data
IBHierarchyIntegrator::advanceHierarchy(): resetting time dependent data

At end       of timestep # 206
Simulation time is 0.129375
+++++++++++++++++++++++++++++++++++++++++++++++++++


+++++++++++++++++++++++++++++++++++++++++++++++++++
At beginning of timestep # 207
Simulation time is 0.129375
IBHierarchyIntegrator::advanceHierarchy(): time interval = [0.129375,0.13], dt = 0.000625
IBHierarchyIntegrator::preprocessIntegrateHierarchy(): performing Lagrangian forward Euler step
IBHierarchyIntegrator::advanceHierarchy(): integrating hierarchy
IBHierarchyIntegrator::integrateHierarchy(): computing Lagrangian force
IBHierarchyIntegrator::integrateHierarchy(): spreading Lagrangian force to the Eulerian grid
IBHierarchyIntegrator::integrateHierarchy(): solving the incompressible Navier-Stokes equations
INSStaggeredHierarchyIntegrator::integrateHierarchy(): stokes solve number of iterations = 1
INSStaggeredHierarchyIntegrator::integrateHierarchy(): stokes solve residual norm        = 6.34731e-06
IBHierarchyIntegrator::integrateHierarchy(): interpolating Eulerian velocity to the Lagrangian mesh
IBHierarchyIntegrator::integrateHierarchy(): performing Lagrangian midpoint-rule step
IBHierarchyIntegrator::postprocessIntegrateHierarchy(): interpolating Eulerian velocity to the Lagrangian mesh
IBHierarchyIntegrator::postprocessIntegrateHierarchy(): CFL number = 6.02314e-06
IBHierarchyIntegrator::postprocessIntegrateHierarchy(): Eulerian estimate of upper bound on IB point displacement since last regrid = 0.00119324
IBHierarchyIntegrator::advanceHierarchy(): synchronizing updated data
IBHierarchyIntegrator::advanceHierarchy(): resetting time dependent data

At end       of timestep # 207
Simulation time is 0.13
+++++++++++++++++++++++++++++++++++++++++++++++++++


+++++++++++++++++++++++++++++++++++++++++++++++++++
At beginning of timestep # 208
Simulation time is 0.13
IBHierarchyIntegrator::advanceHierarchy(): time interval = [0.13,0.130625], dt = 0.000625
IBHierarchyIntegrator::preprocessIntegrateHierarchy(): performing Lagrangian forward Euler step
IBHierarchyIntegrator::advanceHierarchy(): integrating hierarchy
IBHierarchyIntegrator::integrateHierarchy(): computing Lagrangian force
IBHierarchyIntegrator::integrateHierarchy(): spreading Lagrangian force to the Eulerian grid
IBHierarchyIntegrator::integrateHierarchy(): solving the incompressible Navier-Stokes equations
INSStaggeredHierarchyIntegrator::integrateHierarchy(): stokes solve number of iterations = 1
INSStaggeredHierarchyIntegrator::integrateHierarchy(): stokes solve residual norm        = 6.22644e-06
IBHierarchyIntegrator::integrateHierarchy(): interpolating Eulerian velocity to the Lagrangian mesh
IBHierarchyIntegrator::integrateHierarchy(): performing Lagrangian midpoint-rule step
IBHierarchyIntegrator::postprocessIntegrateHierarchy(): interpolating Eulerian velocity to the Lagrangian mesh
IBHierarchyIntegrator::postprocessIntegrateHierarchy(): CFL number = 6.02289e-06
IBHierarchyIntegrator::postprocessIntegrateHierarchy(): Eulerian estimate of upper bound on IB point displacement since last regrid = 0.00119926
IBHierarchyIntegrator::advanceHierarchy(): synchronizing updated data
IBHierarchyIntegrator::advanceHierarchy(): resetting time dependent data

At end       of timestep # 208
Simulation time is 0.130625
+++++++++++++++++++++++++++++++++++++++++++++++++++


+++++++++++++++++++++++++++++++++++++++++++++++++++
At beginning of timestep # 209
Simulation time is 0.130625
IBHierarchyIntegrator::advanceHierarchy(): time interval = [0.130625,0.13125], dt = 0.000625
IBHierarchyIntegrator::preprocessIntegrateHierarchy(): performing Lagrangian forward Euler step
IBHierarchyIntegrator::advanceHierarchy(): integrating hierarchy
IBHierarchyIntegrator::integrateHierarchy(): computing Lagrangian force
IBHierarchyIntegrator::integrateHierarchy(): spreading Lagrangian force to the Eulerian grid
IBHierarchyIntegrator::integrateHierarchy(): solving the incompressible Navier-Stokes equations
INSStaggeredHierarchyIntegrator::integrateHierarchy(): stokes solve number of iterations = 1
INSStaggeredHierarchyIntegrator::integrateHierarchy(): stokes solve residual norm        = 6.10957e-06
IBHierarchyIntegrator::integrateHierarchy(): interpolating Eulerian velocity to the Lagrangian mesh
IBHierarchyIntegrator::integrateHierarchy(): performing Lagrangian midpoint-rule step
IBHierarchyIntegrator::postprocessIntegrateHierarchy(): interpolating Eulerian velocity to the Lagrangian mesh
IBHierarchyIntegrator::postprocessIntegrateHierarchy(): CFL number = 6.02264e-06
IBHierarchyIntegrator::postprocessIntegrateHierarchy(): Eulerian estimate of upper bound on IB point displacement since last regrid = 0.00120528
IBHierarchyIntegrator::advanceHierarchy(): synchronizing updated data
IBHierarchyIntegrator::advanceHierarchy(): resetting time dependent data

At end       of timestep # 209
Simulation time is 0.13125
+++++++++++++++++++++++++++++++++++++++++++++++++++


+++++++++++++++++++++++++++++++++++++++++++++++++++
At beginning of timestep # 210
Simulation time is 0.13125
IBHierarchyIntegrator::advanceHierarchy(): time interval = [0.13125,0.131875], dt = 0.000625
IBHierarchyIntegrator::preprocessIntegrateHierarchy(): performing Lagrangian forward Euler step
IBHierarchyIntegrator::advanceHierarchy(): integrating hierarchy
IBHierarchyIntegrator::integrateHierarchy(): computing Lagrangian force
IBHierarchyIntegrator::integrateHierarchy(): spreading Lagrangian force to the Eulerian grid
IBHierarchyIntegrator::integrateHierarchy(): solving the incompressible Navier-Stokes equations
INSStaggeredHierarchyIntegrator::integrateHierarchy(): stokes solve number of iterations = 1
INSStaggeredHierarchyIntegrator::integrateHierarchy(): stokes solve residual norm        = 5.99667e-06
IBHierarchyIntegrator::integrateHierarchy(): interpolating Eulerian velocity to the Lagrangian mesh
IBHierarchyIntegrator::integrateHierarchy(): performing Lagrangian midpoint-rule step
IBHierarchyIntegrator::postprocessIntegrateHierarchy(): interpolating Eulerian velocity to the Lagrangian mesh
IBHierarchyIntegrator::postprocessIntegrateHierarchy(): CFL number = 6.02238e-06
IBHierarchyIntegrator::postprocessIntegrateHierarchy(): Eulerian estimate of upper bound on IB point displacement since last regrid = 0.00121131
IBHierarchyIntegrator::advanceHierarchy(): synchronizing updated data
IBHierarchyIntegrator::advanceHierarchy(): resetting time dependent data

At end       of timestep # 210
Simulation time is 0.131875
+++++++++++++++++++++++++++++++++++++++++++++++++++


+++++++++++++++++++++++++++++++++++++++++++++++++++
At beginning of timestep # 211
Simulation time is 0.131875
IBHierarchyIntegrator::advanceHierarchy(): time interval = [0.131875,0.1325], dt = 0.000625
IBHierarchyIntegrator::preprocessIntegrateHierarchy(): performing Lagrangian forward Euler step
IBHierarchyIntegrator::advanceHierarchy(): integrating hierarchy
IBHierarchyIntegrator::integrateHierarchy(): computing Lagrangian force
IBHierarchyIntegrator::integrateHierarchy(): spreading Lagrangian force to the Eulerian grid
IBHierarchyIntegrator::integrateHierarchy(): solving the incompressible Navier-Stokes equations
INSStaggeredHierarchyIntegrator::integrateHierarchy(): stokes solve number of iterations = 1
INSStaggeredHierarchyIntegrator::integrateHierarchy(): stokes solve residual norm        = 5.88815e-06
IBHierarchyIntegrator::integrateHierarchy(): interpolating Eulerian velocity to the Lagrangian mesh
IBHierarchyIntegrator::integrateHierarchy(): performing Lagrangian midpoint-rule step
IBHierarchyIntegrator::postprocessIntegrateHierarchy(): interpolating Eulerian velocity to the Lagrangian mesh
IBHierarchyIntegrator::postprocessIntegrateHierarchy(): CFL number = 6.02211e-06
IBHierarchyIntegrator::postprocessIntegrateHierarchy(): Eulerian estimate of upper bound on IB point displacement since last regrid = 0.00121733
IBHierarchyIntegrator::advanceHierarchy(): synchronizing updated data
IBHierarchyIntegrator::advanceHierarchy(): resetting time dependent data

At end       of timestep # 211
Simulation time is 0.1325
+++++++++++++++++++++++++++++++++++++++++++++++++++


+++++++++++++++++++++++++++++++++++++++++++++++++++
At beginning of timestep # 212
Simulation time is 0.1325
IBHierarchyIntegrator::advanceHierarchy(): time interval = [0.1325,0.133125], dt = 0.000625
IBHierarchyIntegrator::preprocessIntegrateHierarchy(): performing Lagrangian forward Euler step
IBHierarchyIntegrator::advanceHierarchy(): integrating hierarchy
IBHierarchyIntegrator::integrateHierarchy(): computing Lagrangian force
IBHierarchyIntegrator::integrateHierarchy(): spreading Lagrangian force to the Eulerian grid
IBHierarchyIntegrator::integrateHierarchy(): solving the incompressible Navier-Stokes equations
INSStaggeredHierarchyIntegrator::integrateHierarchy(): stokes solve number of iterations = 1
INSStaggeredHierarchyIntegrator::integrateHierarchy(): stokes solve residual norm        = 5.78437e-06
IBHierarchyIntegrator::integrateHierarchy(): interpolating Eulerian velocity to the Lagrangian mesh
IBHierarchyIntegrator::integrateHierarchy(): performing Lagrangian midpoint-rule step
IBHierarchyIntegrator::postprocessIntegrateHierarchy(): interpolating Eulerian velocity to the Lagrangian mesh
IBHierarchyIntegrator::postprocessIntegrateHierarchy(): CFL number = 6.02183e-06
IBHierarchyIntegrator::postprocessIntegrateHierarchy(): Eulerian estimate of upper bound on IB point displacement since last regrid = 0.00122335
IBHierarchyIntegrator::advanceHierarchy(): synchronizing updated data
IBHierarchyIntegrator::advanceHierarchy(): resetting time dependent data

At end       of timestep # 212
Simulation time is 0.133125
+++++++++++++++++++++++++++++++++++++++++++++++++++


+++++++++++++++++++++++++++++++++++++++++++++++++++
At beginning of timestep # 213
Simulation time is 0.133125
IBHierarchyIntegrator::advanceHierarchy(): time interval = [0.133125,0.13375], dt = 0.000625
IBHierarchyIntegrator::preprocessIntegrateHierarchy(): performing Lagrangian forward Euler step
IBHierarchyIntegrator::advanceHierarchy(): integrating hierarchy
IBHierarchyIntegrator::integrateHierarchy(): computing Lagrangian force
IBHierarchyIntegrator::integrateHierarchy(): spreading Lagrangian force to the Eulerian grid
IBHierarchyIntegrator::integrateHierarchy(): solving the incompressible Navier-Stokes equations
INSStaggeredHierarchyIntegrator::integrateHierarchy(): stokes solve number of iterations = 1
INSStaggeredHierarchyIntegrator::integrateHierarchy(): stokes solve residual norm        = 5.6855e-06
IBHierarchyIntegrator::integrateHierarchy(): interpolating Eulerian velocity to the Lagrangian mesh
IBHierarchyIntegrator::integrateHierarchy(): performing Lagrangian midpoint-rule step
IBHierarchyIntegrator::postprocessIntegrateHierarchy(): interpolating Eulerian velocity to the Lagrangian mesh
IBHierarchyIntegrator::postprocessIntegrateHierarchy(): CFL number = 6.02155e-06
IBHierarchyIntegrator::postprocessIntegrateHierarchy(): Eulerian estimate of upper bound on IB point displacement since last regrid = 0.00122937
IBHierarchyIntegrator::advanceHierarchy(): synchronizing updated data
IBHierarchyIntegrator::advanceHierarchy(): resetting time dependent data

At end       of timestep # 213
Simulation time is 0.13375
+++++++++++++++++++++++++++++++++++++++++++++++++++


+++++++++++++++++++++++++++++++++++++++++++++++++++
At beginning of timestep # 214
Simulation time is 0.13375
IBHierarchyIntegrator::advanceHierarchy(): time interval = [0.13375,0.134375], dt = 0.000625
IBHierarchyIntegrator::preprocessIntegrateHierarchy(): performing Lagrangian forward Euler step
IBHierarchyIntegrator::advanceHierarchy(): integrating hierarchy
IBHierarchyIntegrator::integrateHierarchy(): computing Lagrangian force
IBHierarchyIntegrator::integrateHierarchy(): spreading Lagrangian force to the Eulerian grid
IBHierarchyIntegrator::integrateHierarchy(): solving the incompressible Navier-Stokes equations
INSStaggeredHierarchyIntegrator::integrateHierarchy(): stokes solve number of iterations = 1
INSStaggeredHierarchyIntegrator::integrateHierarchy(): stokes solve residual norm        = 5.59192e-06
IBHierarchyIntegrator::integrateHierarchy(): interpolating Eulerian velocity to the Lagrangian mesh
IBHierarchyIntegrator::integrateHierarchy(): performing Lagrangian midpoint-rule step
IBHierarchyIntegrator::postprocessIntegrateHierarchy(): interpolating Eulerian velocity to the Lagrangian mesh
IBHierarchyIntegrator::postprocessIntegrateHierarchy(): CFL number = 6.02128e-06
IBHierarchyIntegrator::postprocessIntegrateHierarchy(): Eulerian estimate of upper bound on IB point displacement since last regrid = 0.00123539
IBHierarchyIntegrator::advanceHierarchy(): synchronizing updated data
IBHierarchyIntegrator::advanceHierarchy(): resetting time dependent data

At end       of timestep # 214
Simulation time is 0.134375
+++++++++++++++++++++++++++++++++++++++++++++++++++


+++++++++++++++++++++++++++++++++++++++++++++++++++
At beginning of timestep # 215
Simulation time is 0.134375
IBHierarchyIntegrator::advanceHierarchy(): time interval = [0.134375,0.135], dt = 0.000625
IBHierarchyIntegrator::preprocessIntegrateHierarchy(): performing Lagrangian forward Euler step
IBHierarchyIntegrator::advanceHierarchy(): integrating hierarchy
IBHierarchyIntegrator::integrateHierarchy(): computing Lagrangian force
IBHierarchyIntegrator::integrateHierarchy(): spreading Lagrangian force to the Eulerian grid
IBHierarchyIntegrator::integrateHierarchy(): solving the incompressible Navier-Stokes equations
INSStaggeredHierarchyIntegrator::integrateHierarchy(): stokes solve number of iterations = 1
INSStaggeredHierarchyIntegrator::integrateHierarchy(): stokes solve residual norm        = 5.50405e-06
IBHierarchyIntegrator::integrateHierarchy(): interpolating Eulerian velocity to the Lagrangian mesh
IBHierarchyIntegrator::integrateHierarchy(): performing Lagrangian midpoint-rule step
IBHierarchyIntegrator::postprocessIntegrateHierarchy(): interpolating Eulerian velocity to the Lagrangian mesh
IBHierarchyIntegrator::postprocessIntegrateHierarchy(): CFL number = 6.021e-06
IBHierarchyIntegrator::postprocessIntegrateHierarchy(): Eulerian estimate of upper bound on IB point displacement since last regrid = 0.00124142
IBHierarchyIntegrator::advanceHierarchy(): synchronizing updated data
IBHierarchyIntegrator::advanceHierarchy(): resetting time dependent data

At end       of timestep # 215
Simulation time is 0.135
+++++++++++++++++++++++++++++++++++++++++++++++++++


+++++++++++++++++++++++++++++++++++++++++++++++++++
At beginning of timestep # 216
Simulation time is 0.135
IBHierarchyIntegrator::advanceHierarchy(): time interval = [0.135,0.135625], dt = 0.000625
IBHierarchyIntegrator::preprocessIntegrateHierarchy(): performing Lagrangian forward Euler step
IBHierarchyIntegrator::advanceHierarchy(): integrating hierarchy
IBHierarchyIntegrator::integrateHierarchy(): computing Lagrangian force
IBHierarchyIntegrator::integrateHierarchy(): spreading Lagrangian force to the Eulerian grid
IBHierarchyIntegrator::integrateHierarchy(): solving the incompressible Navier-Stokes equations
INSStaggeredHierarchyIntegrator::integrateHierarchy(): stokes solve number of iterations = 1
INSStaggeredHierarchyIntegrator::integrateHierarchy(): stokes solve residual norm        = 5.42209e-06
IBHierarchyIntegrator::integrateHierarchy(): interpolating Eulerian velocity to the Lagrangian mesh
IBHierarchyIntegrator::integrateHierarchy(): performing Lagrangian midpoint-rule step
IBHierarchyIntegrator::postprocessIntegrateHierarchy(): interpolating Eulerian velocity to the Lagrangian mesh
IBHierarchyIntegrator::postprocessIntegrateHierarchy(): CFL number = 6.02072e-06
IBHierarchyIntegrator::postprocessIntegrateHierarchy(): Eulerian estimate of upper bound on IB point displacement since last regrid = 0.00124744
IBHierarchyIntegrator::advanceHierarchy(): synchronizing updated data
IBHierarchyIntegrator::advanceHierarchy(): resetting time dependent data

At end       of timestep # 216
Simulation time is 0.135625
+++++++++++++++++++++++++++++++++++++++++++++++++++


+++++++++++++++++++++++++++++++++++++++++++++++++++
At beginning of timestep # 217
Simulation time is 0.135625
IBHierarchyIntegrator::advanceHierarchy(): time interval = [0.135625,0.13625], dt = 0.000625
IBHierarchyIntegrator::preprocessIntegrateHierarchy(): performing Lagrangian forward Euler step
IBHierarchyIntegrator::advanceHierarchy(): integrating hierarchy
IBHierarchyIntegrator::integrateHierarchy(): computing Lagrangian force
IBHierarchyIntegrator::integrateHierarchy(): spreading Lagrangian force to the Eulerian grid
IBHierarchyIntegrator::integrateHierarchy(): solving the incompressible Navier-Stokes equations
INSStaggeredHierarchyIntegrator::integrateHierarchy(): stokes solve number of iterations = 1
INSStaggeredHierarchyIntegrator::integrateHierarchy(): stokes solve residual norm        = 5.34652e-06
IBHierarchyIntegrator::integrateHierarchy(): interpolating Eulerian velocity to the Lagrangian mesh
IBHierarchyIntegrator::integrateHierarchy(): performing Lagrangian midpoint-rule step
IBHierarchyIntegrator::postprocessIntegrateHierarchy(): interpolating Eulerian velocity to the Lagrangian mesh
IBHierarchyIntegrator::postprocessIntegrateHierarchy(): CFL number = 6.02045e-06
IBHierarchyIntegrator::postprocessIntegrateHierarchy(): Eulerian estimate of upper bound on IB point displacement since last regrid = 0.00125346
IBHierarchyIntegrator::advanceHierarchy(): synchronizing updated data
IBHierarchyIntegrator::advanceHierarchy(): resetting time dependent data

At end       of timestep # 217
Simulation time is 0.13625
+++++++++++++++++++++++++++++++++++++++++++++++++++


+++++++++++++++++++++++++++++++++++++++++++++++++++
At beginning of timestep # 218
Simulation time is 0.13625
IBHierarchyIntegrator::advanceHierarchy(): time interval = [0.13625,0.136875], dt = 0.000625
IBHierarchyIntegrator::preprocessIntegrateHierarchy(): performing Lagrangian forward Euler step
IBHierarchyIntegrator::advanceHierarchy(): integrating hierarchy
IBHierarchyIntegrator::integrateHierarchy(): computing Lagrangian force
IBHierarchyIntegrator::integrateHierarchy(): spreading Lagrangian force to the Eulerian grid
IBHierarchyIntegrator::integrateHierarchy(): solving the incompressible Navier-Stokes equations
INSStaggeredHierarchyIntegrator::integrateHierarchy(): stokes solve number of iterations = 1
INSStaggeredHierarchyIntegrator::integrateHierarchy(): stokes solve residual norm        = 5.27748e-06
IBHierarchyIntegrator::integrateHierarchy(): interpolating Eulerian velocity to the Lagrangian mesh
IBHierarchyIntegrator::integrateHierarchy(): performing Lagrangian midpoint-rule step
IBHierarchyIntegrator::postprocessIntegrateHierarchy(): interpolating Eulerian velocity to the Lagrangian mesh
IBHierarchyIntegrator::postprocessIntegrateHierarchy(): CFL number = 6.02019e-06
IBHierarchyIntegrator::postprocessIntegrateHierarchy(): Eulerian estimate of upper bound on IB point displacement since last regrid = 0.00125948
IBHierarchyIntegrator::advanceHierarchy(): synchronizing updated data
IBHierarchyIntegrator::advanceHierarchy(): resetting time dependent data

At end       of timestep # 218
Simulation time is 0.136875
+++++++++++++++++++++++++++++++++++++++++++++++++++


+++++++++++++++++++++++++++++++++++++++++++++++++++
At beginning of timestep # 219
Simulation time is 0.136875
IBHierarchyIntegrator::advanceHierarchy(): time interval = [0.136875,0.1375], dt = 0.000625
IBHierarchyIntegrator::preprocessIntegrateHierarchy(): performing Lagrangian forward Euler step
IBHierarchyIntegrator::advanceHierarchy(): integrating hierarchy
IBHierarchyIntegrator::integrateHierarchy(): computing Lagrangian force
IBHierarchyIntegrator::integrateHierarchy(): spreading Lagrangian force to the Eulerian grid
IBHierarchyIntegrator::integrateHierarchy(): solving the incompressible Navier-Stokes equations
INSStaggeredHierarchyIntegrator::integrateHierarchy(): stokes solve number of iterations = 1
INSStaggeredHierarchyIntegrator::integrateHierarchy(): stokes solve residual norm        = 5.21539e-06
IBHierarchyIntegrator::integrateHierarchy(): interpolating Eulerian velocity to the Lagrangian mesh
IBHierarchyIntegrator::integrateHierarchy(): performing Lagrangian midpoint-rule step
IBHierarchyIntegrator::postprocessIntegrateHierarchy(): interpolating Eulerian velocity to the Lagrangian mesh
IBHierarchyIntegrator::postprocessIntegrateHierarchy(): CFL number = 6.01993e-06
IBHierarchyIntegrator::postprocessIntegrateHierarchy(): Eulerian estimate of upper bound on IB point displacement since last regrid = 0.0012655
IBHierarchyIntegrator::advanceHierarchy(): synchronizing updated data
IBHierarchyIntegrator::advanceHierarchy(): resetting time dependent data

At end       of timestep # 219
Simulation time is 0.1375
+++++++++++++++++++++++++++++++++++++++++++++++++++


+++++++++++++++++++++++++++++++++++++++++++++++++++
At beginning of timestep # 220
Simulation time is 0.1375
IBHierarchyIntegrator::advanceHierarchy(): time interval = [0.1375,0.138125], dt = 0.000625
IBHierarchyIntegrator::preprocessIntegrateHierarchy(): performing Lagrangian forward Euler step
IBHierarchyIntegrator::advanceHierarchy(): integrating hierarchy
IBHierarchyIntegrator::integrateHierarchy(): computing Lagrangian force
IBHierarchyIntegrator::integrateHierarchy(): spreading Lagrangian force to the Eulerian grid
IBHierarchyIntegrator::integrateHierarchy(): solving the incompressible Navier-Stokes equations
INSStaggeredHierarchyIntegrator::integrateHierarchy(): stokes solve number of iterations = 1
INSStaggeredHierarchyIntegrator::integrateHierarchy(): stokes solve residual norm        = 5.1606e-06
IBHierarchyIntegrator::integrateHierarchy(): interpolating Eulerian velocity to the Lagrangian mesh
IBHierarchyIntegrator::integrateHierarchy(): performing Lagrangian midpoint-rule step
IBHierarchyIntegrator::postprocessIntegrateHierarchy(): interpolating Eulerian velocity to the Lagrangian mesh
IBHierarchyIntegrator::postprocessIntegrateHierarchy(): CFL number = 6.01968e-06
IBHierarchyIntegrator::postprocessIntegrateHierarchy(): Eulerian estimate of upper bound on IB point displacement since last regrid = 0.00127152
IBHierarchyIntegrator::advanceHierarchy(): synchronizing updated data
IBHierarchyIntegrator::advanceHierarchy(): resetting time dependent data

At end       of timestep # 220
Simulation time is 0.138125
+++++++++++++++++++++++++++++++++++++++++++++++++++


+++++++++++++++++++++++++++++++++++++++++++++++++++
At beginning of timestep # 221
Simulation time is 0.138125
IBHierarchyIntegrator::advanceHierarchy(): time interval = [0.138125,0.13875], dt = 0.000625
IBHierarchyIntegrator::preprocessIntegrateHierarchy(): performing Lagrangian forward Euler step
IBHierarchyIntegrator::advanceHierarchy(): integrating hierarchy
IBHierarchyIntegrator::integrateHierarchy(): computing Lagrangian force
IBHierarchyIntegrator::integrateHierarchy(): spreading Lagrangian force to the Eulerian grid
IBHierarchyIntegrator::integrateHierarchy(): solving the incompressible Navier-Stokes equations
INSStaggeredHierarchyIntegrator::integrateHierarchy(): stokes solve number of iterations = 1
INSStaggeredHierarchyIntegrator::integrateHierarchy(): stokes solve residual norm        = 5.11304e-06
IBHierarchyIntegrator::integrateHierarchy(): interpolating Eulerian velocity to the Lagrangian mesh
IBHierarchyIntegrator::integrateHierarchy(): performing Lagrangian midpoint-rule step
IBHierarchyIntegrator::postprocessIntegrateHierarchy(): interpolating Eulerian velocity to the Lagrangian mesh
IBHierarchyIntegrator::postprocessIntegrateHierarchy(): CFL number = 6.01944e-06
IBHierarchyIntegrator::postprocessIntegrateHierarchy(): Eulerian estimate of upper bound on IB point displacement since last regrid = 0.00127754
IBHierarchyIntegrator::advanceHierarchy(): synchronizing updated data
IBHierarchyIntegrator::advanceHierarchy(): resetting time dependent data

At end       of timestep # 221
Simulation time is 0.13875
+++++++++++++++++++++++++++++++++++++++++++++++++++


+++++++++++++++++++++++++++++++++++++++++++++++++++
At beginning of timestep # 222
Simulation time is 0.13875
IBHierarchyIntegrator::advanceHierarchy(): time interval = [0.13875,0.139375], dt = 0.000625
IBHierarchyIntegrator::preprocessIntegrateHierarchy(): performing Lagrangian forward Euler step
IBHierarchyIntegrator::advanceHierarchy(): integrating hierarchy
IBHierarchyIntegrator::integrateHierarchy(): computing Lagrangian force
IBHierarchyIntegrator::integrateHierarchy(): spreading Lagrangian force to the Eulerian grid
IBHierarchyIntegrator::integrateHierarchy(): solving the incompressible Navier-Stokes equations
INSStaggeredHierarchyIntegrator::integrateHierarchy(): stokes solve number of iterations = 1
INSStaggeredHierarchyIntegrator::integrateHierarchy(): stokes solve residual norm        = 5.07338e-06
IBHierarchyIntegrator::integrateHierarchy(): interpolating Eulerian velocity to the Lagrangian mesh
IBHierarchyIntegrator::integrateHierarchy(): performing Lagrangian midpoint-rule step
IBHierarchyIntegrator::postprocessIntegrateHierarchy(): interpolating Eulerian velocity to the Lagrangian mesh
IBHierarchyIntegrator::postprocessIntegrateHierarchy(): CFL number = 6.01921e-06
IBHierarchyIntegrator::postprocessIntegrateHierarchy(): Eulerian estimate of upper bound on IB point displacement since last regrid = 0.00128355
IBHierarchyIntegrator::advanceHierarchy(): synchronizing updated data
IBHierarchyIntegrator::advanceHierarchy(): resetting time dependent data

At end       of timestep # 222
Simulation time is 0.139375
+++++++++++++++++++++++++++++++++++++++++++++++++++


+++++++++++++++++++++++++++++++++++++++++++++++++++
At beginning of timestep # 223
Simulation time is 0.139375
IBHierarchyIntegrator::advanceHierarchy(): time interval = [0.139375,0.14], dt = 0.000625
IBHierarchyIntegrator::preprocessIntegrateHierarchy(): performing Lagrangian forward Euler step
IBHierarchyIntegrator::advanceHierarchy(): integrating hierarchy
IBHierarchyIntegrator::integrateHierarchy(): computing Lagrangian force
IBHierarchyIntegrator::integrateHierarchy(): spreading Lagrangian force to the Eulerian grid
IBHierarchyIntegrator::integrateHierarchy(): solving the incompressible Navier-Stokes equations
INSStaggeredHierarchyIntegrator::integrateHierarchy(): stokes solve number of iterations = 1
INSStaggeredHierarchyIntegrator::integrateHierarchy(): stokes solve residual norm        = 5.04131e-06
IBHierarchyIntegrator::integrateHierarchy(): interpolating Eulerian velocity to the Lagrangian mesh
IBHierarchyIntegrator::integrateHierarchy(): performing Lagrangian midpoint-rule step
IBHierarchyIntegrator::postprocessIntegrateHierarchy(): interpolating Eulerian velocity to the Lagrangian mesh
IBHierarchyIntegrator::postprocessIntegrateHierarchy(): CFL number = 6.01899e-06
IBHierarchyIntegrator::postprocessIntegrateHierarchy(): Eulerian estimate of upper bound on IB point displacement since last regrid = 0.00128957
IBHierarchyIntegrator::advanceHierarchy(): synchronizing updated data
IBHierarchyIntegrator::advanceHierarchy(): resetting time dependent data

At end       of timestep # 223
Simulation time is 0.14
+++++++++++++++++++++++++++++++++++++++++++++++++++


+++++++++++++++++++++++++++++++++++++++++++++++++++
At beginning of timestep # 224
Simulation time is 0.14
IBHierarchyIntegrator::advanceHierarchy(): time interval = [0.14,0.140625], dt = 0.000625
IBHierarchyIntegrator::preprocessIntegrateHierarchy(): performing Lagrangian forward Euler step
IBHierarchyIntegrator::advanceHierarchy(): integrating hierarchy
IBHierarchyIntegrator::integrateHierarchy(): computing Lagrangian force
IBHierarchyIntegrator::integrateHierarchy(): spreading Lagrangian force to the Eulerian grid
IBHierarchyIntegrator::integrateHierarchy(): solving the incompressible Navier-Stokes equations
INSStaggeredHierarchyIntegrator::integrateHierarchy(): stokes solve number of iterations = 1
INSStaggeredHierarchyIntegrator::integrateHierarchy(): stokes solve residual norm        = 5.01732e-06
IBHierarchyIntegrator::integrateHierarchy(): interpolating Eulerian velocity to the Lagrangian mesh
IBHierarchyIntegrator::integrateHierarchy(): performing Lagrangian midpoint-rule step
IBHierarchyIntegrator::postprocessIntegrateHierarchy(): interpolating Eulerian velocity to the Lagrangian mesh
IBHierarchyIntegrator::postprocessIntegrateHierarchy(): CFL number = 6.01879e-06
IBHierarchyIntegrator::postprocessIntegrateHierarchy(): Eulerian estimate of upper bound on IB point displacement since last regrid = 0.00129559
IBHierarchyIntegrator::advanceHierarchy(): synchronizing updated data
IBHierarchyIntegrator::advanceHierarchy(): resetting time dependent data

At end       of timestep # 224
Simulation time is 0.140625
+++++++++++++++++++++++++++++++++++++++++++++++++++


+++++++++++++++++++++++++++++++++++++++++++++++++++
At beginning of timestep # 225
Simulation time is 0.140625
IBHierarchyIntegrator::advanceHierarchy(): time interval = [0.140625,0.14125], dt = 0.000625
IBHierarchyIntegrator::preprocessIntegrateHierarchy(): performing Lagrangian forward Euler step
IBHierarchyIntegrator::advanceHierarchy(): integrating hierarchy
IBHierarchyIntegrator::integrateHierarchy(): computing Lagrangian force
IBHierarchyIntegrator::integrateHierarchy(): spreading Lagrangian force to the Eulerian grid
IBHierarchyIntegrator::integrateHierarchy(): solving the incompressible Navier-Stokes equations
INSStaggeredHierarchyIntegrator::integrateHierarchy(): stokes solve number of iterations = 1
INSStaggeredHierarchyIntegrator::integrateHierarchy(): stokes solve residual norm        = 5.00143e-06
IBHierarchyIntegrator::integrateHierarchy(): interpolating Eulerian velocity to the Lagrangian mesh
IBHierarchyIntegrator::integrateHierarchy(): performing Lagrangian midpoint-rule step
IBHierarchyIntegrator::postprocessIntegrateHierarchy(): interpolating Eulerian velocity to the Lagrangian mesh
IBHierarchyIntegrator::postprocessIntegrateHierarchy(): CFL number = 6.0186e-06
IBHierarchyIntegrator::postprocessIntegrateHierarchy(): Eulerian estimate of upper bound on IB point displacement since last regrid = 0.00130161
IBHierarchyIntegrator::advanceHierarchy(): synchronizing updated data
IBHierarchyIntegrator::advanceHierarchy(): resetting time dependent data

At end       of timestep # 225
Simulation time is 0.14125
+++++++++++++++++++++++++++++++++++++++++++++++++++


+++++++++++++++++++++++++++++++++++++++++++++++++++
At beginning of timestep # 226
Simulation time is 0.14125
IBHierarchyIntegrator::advanceHierarchy(): time interval = [0.14125,0.141875], dt = 0.000625
IBHierarchyIntegrator::preprocessIntegrateHierarchy(): performing Lagrangian forward Euler step
IBHierarchyIntegrator::advanceHierarchy(): integrating hierarchy
IBHierarchyIntegrator::integrateHierarchy(): computing Lagrangian force
IBHierarchyIntegrator::integrateHierarchy(): spreading Lagrangian force to the Eulerian grid
IBHierarchyIntegrator::integrateHierarchy(): solving the incompressible Navier-Stokes equations
INSStaggeredHierarchyIntegrator::integrateHierarchy(): stokes solve number of iterations = 1
INSStaggeredHierarchyIntegrator::integrateHierarchy(): stokes solve residual norm        = 4.9935e-06
IBHierarchyIntegrator::integrateHierarchy(): interpolating Eulerian velocity to the Lagrangian mesh
IBHierarchyIntegrator::integrateHierarchy(): performing Lagrangian midpoint-rule step
IBHierarchyIntegrator::postprocessIntegrateHierarchy(): interpolating Eulerian velocity to the Lagrangian mesh
IBHierarchyIntegrator::postprocessIntegrateHierarchy(): CFL number = 6.01842e-06
IBHierarchyIntegrator::postprocessIntegrateHierarchy(): Eulerian estimate of upper bound on IB point displacement since last regrid = 0.00130763
IBHierarchyIntegrator::advanceHierarchy(): synchronizing updated data
IBHierarchyIntegrator::advanceHierarchy(): resetting time dependent data

At end       of timestep # 226
Simulation time is 0.141875
+++++++++++++++++++++++++++++++++++++++++++++++++++


+++++++++++++++++++++++++++++++++++++++++++++++++++
At beginning of timestep # 227
Simulation time is 0.141875
IBHierarchyIntegrator::advanceHierarchy(): time interval = [0.141875,0.1425], dt = 0.000625
IBHierarchyIntegrator::preprocessIntegrateHierarchy(): performing Lagrangian forward Euler step
IBHierarchyIntegrator::advanceHierarchy(): integrating hierarchy
IBHierarchyIntegrator::integrateHierarchy(): computing Lagrangian force
IBHierarchyIntegrator::integrateHierarchy(): spreading Lagrangian force to the Eulerian grid
IBHierarchyIntegrator::integrateHierarchy(): solving the incompressible Navier-Stokes equations
INSStaggeredHierarchyIntegrator::integrateHierarchy(): stokes solve number of iterations = 1
INSStaggeredHierarchyIntegrator::integrateHierarchy(): stokes solve residual norm        = 4.9938e-06
IBHierarchyIntegrator::integrateHierarchy(): interpolating Eulerian velocity to the Lagrangian mesh
IBHierarchyIntegrator::integrateHierarchy(): performing Lagrangian midpoint-rule step
IBHierarchyIntegrator::postprocessIntegrateHierarchy(): interpolating Eulerian velocity to the Lagrangian mesh
IBHierarchyIntegrator::postprocessIntegrateHierarchy(): CFL number = 6.01826e-06
IBHierarchyIntegrator::postprocessIntegrateHierarchy(): Eulerian estimate of upper bound on IB point displacement since last regrid = 0.00131365
IBHierarchyIntegrator::advanceHierarchy(): synchronizing updated data
IBHierarchyIntegrator::advanceHierarchy(): resetting time dependent data

At end       of timestep # 227
Simulation time is 0.1425
+++++++++++++++++++++++++++++++++++++++++++++++++++


+++++++++++++++++++++++++++++++++++++++++++++++++++
At beginning of timestep # 228
Simulation time is 0.1425
IBHierarchyIntegrator::advanceHierarchy(): time interval = [0.1425,0.143125], dt = 0.000625
IBHierarchyIntegrator::preprocessIntegrateHierarchy(): performing Lagrangian forward Euler step
IBHierarchyIntegrator::advanceHierarchy(): integrating hierarchy
IBHierarchyIntegrator::integrateHierarchy(): computing Lagrangian force
IBHierarchyIntegrator::integrateHierarchy(): spreading Lagrangian force to the Eulerian grid
IBHierarchyIntegrator::integrateHierarchy(): solving the incompressible Navier-Stokes equations
INSStaggeredHierarchyIntegrator::integrateHierarchy(): stokes solve number of iterations = 1
INSStaggeredHierarchyIntegrator::integrateHierarchy(): stokes solve residual norm        = 5.00188e-06
IBHierarchyIntegrator::integrateHierarchy(): interpolating Eulerian velocity to the Lagrangian mesh
IBHierarchyIntegrator::integrateHierarchy(): performing Lagrangian midpoint-rule step
IBHierarchyIntegrator::postprocessIntegrateHierarchy(): interpolating Eulerian velocity to the Lagrangian mesh
IBHierarchyIntegrator::postprocessIntegrateHierarchy(): CFL number = 6.01812e-06
IBHierarchyIntegrator::postprocessIntegrateHierarchy(): Eulerian estimate of upper bound on IB point displacement since last regrid = 0.00131967
IBHierarchyIntegrator::advanceHierarchy(): synchronizing updated data
IBHierarchyIntegrator::advanceHierarchy(): resetting time dependent data

At end       of timestep # 228
Simulation time is 0.143125
+++++++++++++++++++++++++++++++++++++++++++++++++++


+++++++++++++++++++++++++++++++++++++++++++++++++++
At beginning of timestep # 229
Simulation time is 0.143125
IBHierarchyIntegrator::advanceHierarchy(): time interval = [0.143125,0.14375], dt = 0.000625
IBHierarchyIntegrator::preprocessIntegrateHierarchy(): performing Lagrangian forward Euler step
IBHierarchyIntegrator::advanceHierarchy(): integrating hierarchy
IBHierarchyIntegrator::integrateHierarchy(): computing Lagrangian force
IBHierarchyIntegrator::integrateHierarchy(): spreading Lagrangian force to the Eulerian grid
IBHierarchyIntegrator::integrateHierarchy(): solving the incompressible Navier-Stokes equations
INSStaggeredHierarchyIntegrator::integrateHierarchy(): stokes solve number of iterations = 1
INSStaggeredHierarchyIntegrator::integrateHierarchy(): stokes solve residual norm        = 5.01808e-06
IBHierarchyIntegrator::integrateHierarchy(): interpolating Eulerian velocity to the Lagrangian mesh
IBHierarchyIntegrator::integrateHierarchy(): performing Lagrangian midpoint-rule step
IBHierarchyIntegrator::postprocessIntegrateHierarchy(): interpolating Eulerian velocity to the Lagrangian mesh
IBHierarchyIntegrator::postprocessIntegrateHierarchy(): CFL number = 6.01799e-06
IBHierarchyIntegrator::postprocessIntegrateHierarchy(): Eulerian estimate of upper bound on IB point displacement since last regrid = 0.00132568
IBHierarchyIntegrator::advanceHierarchy(): synchronizing updated data
IBHierarchyIntegrator::advanceHierarchy(): resetting time dependent data

At end       of timestep # 229
Simulation time is 0.14375
+++++++++++++++++++++++++++++++++++++++++++++++++++


+++++++++++++++++++++++++++++++++++++++++++++++++++
At beginning of timestep # 230
Simulation time is 0.14375
IBHierarchyIntegrator::advanceHierarchy(): time interval = [0.14375,0.144375], dt = 0.000625
IBHierarchyIntegrator::preprocessIntegrateHierarchy(): performing Lagrangian forward Euler step
IBHierarchyIntegrator::advanceHierarchy(): integrating hierarchy
IBHierarchyIntegrator::integrateHierarchy(): computing Lagrangian force
IBHierarchyIntegrator::integrateHierarchy(): spreading Lagrangian force to the Eulerian grid
IBHierarchyIntegrator::integrateHierarchy(): solving the incompressible Navier-Stokes equations
INSStaggeredHierarchyIntegrator::integrateHierarchy(): stokes solve number of iterations = 1
INSStaggeredHierarchyIntegrator::integrateHierarchy(): stokes solve residual norm        = 5.04172e-06
IBHierarchyIntegrator::integrateHierarchy(): interpolating Eulerian velocity to the Lagrangian mesh
IBHierarchyIntegrator::integrateHierarchy(): performing Lagrangian midpoint-rule step
IBHierarchyIntegrator::postprocessIntegrateHierarchy(): interpolating Eulerian velocity to the Lagrangian mesh
IBHierarchyIntegrator::postprocessIntegrateHierarchy(): CFL number = 6.01789e-06
IBHierarchyIntegrator::postprocessIntegrateHierarchy(): Eulerian estimate of upper bound on IB point displacement since last regrid = 0.0013317
IBHierarchyIntegrator::advanceHierarchy(): synchronizing updated data
IBHierarchyIntegrator::advanceHierarchy(): resetting time dependent data

At end       of timestep # 230
Simulation time is 0.144375
+++++++++++++++++++++++++++++++++++++++++++++++++++


+++++++++++++++++++++++++++++++++++++++++++++++++++
At beginning of timestep # 231
Simulation time is 0.144375
IBHierarchyIntegrator::advanceHierarchy(): time interval = [0.144375,0.145], dt = 0.000625
IBHierarchyIntegrator::preprocessIntegrateHierarchy(): performing Lagrangian forward Euler step
IBHierarchyIntegrator::advanceHierarchy(): integrating hierarchy
IBHierarchyIntegrator::integrateHierarchy(): computing Lagrangian force
IBHierarchyIntegrator::integrateHierarchy(): spreading Lagrangian force to the Eulerian grid
IBHierarchyIntegrator::integrateHierarchy(): solving the incompressible Navier-Stokes equations
INSStaggeredHierarchyIntegrator::integrateHierarchy(): stokes solve number of iterations = 1
INSStaggeredHierarchyIntegrator::integrateHierarchy(): stokes solve residual norm        = 5.07282e-06
IBHierarchyIntegrator::integrateHierarchy(): interpolating Eulerian velocity to the Lagrangian mesh
IBHierarchyIntegrator::integrateHierarchy(): performing Lagrangian midpoint-rule step
IBHierarchyIntegrator::postprocessIntegrateHierarchy(): interpolating Eulerian velocity to the Lagrangian mesh
IBHierarchyIntegrator::postprocessIntegrateHierarchy(): CFL number = 6.0178e-06
IBHierarchyIntegrator::postprocessIntegrateHierarchy(): Eulerian estimate of upper bound on IB point displacement since last regrid = 0.00133772
IBHierarchyIntegrator::advanceHierarchy(): synchronizing updated data
IBHierarchyIntegrator::advanceHierarchy(): resetting time dependent data

At end       of timestep # 231
Simulation time is 0.145
+++++++++++++++++++++++++++++++++++++++++++++++++++


+++++++++++++++++++++++++++++++++++++++++++++++++++
At beginning of timestep # 232
Simulation time is 0.145
IBHierarchyIntegrator::advanceHierarchy(): time interval = [0.145,0.145625], dt = 0.000625
IBHierarchyIntegrator::preprocessIntegrateHierarchy(): performing Lagrangian forward Euler step
IBHierarchyIntegrator::advanceHierarchy(): integrating hierarchy
IBHierarchyIntegrator::integrateHierarchy(): computing Lagrangian force
IBHierarchyIntegrator::integrateHierarchy(): spreading Lagrangian force to the Eulerian grid
IBHierarchyIntegrator::integrateHierarchy(): solving the incompressible Navier-Stokes equations
INSStaggeredHierarchyIntegrator::integrateHierarchy(): stokes solve number of iterations = 1
INSStaggeredHierarchyIntegrator::integrateHierarchy(): stokes solve residual norm        = 5.11127e-06
IBHierarchyIntegrator::integrateHierarchy(): interpolating Eulerian velocity to the Lagrangian mesh
IBHierarchyIntegrator::integrateHierarchy(): performing Lagrangian midpoint-rule step
IBHierarchyIntegrator::postprocessIntegrateHierarchy(): interpolating Eulerian velocity to the Lagrangian mesh
IBHierarchyIntegrator::postprocessIntegrateHierarchy(): CFL number = 6.01773e-06
IBHierarchyIntegrator::postprocessIntegrateHierarchy(): Eulerian estimate of upper bound on IB point displacement since last regrid = 0.00134374
IBHierarchyIntegrator::advanceHierarchy(): synchronizing updated data
IBHierarchyIntegrator::advanceHierarchy(): resetting time dependent data

At end       of timestep # 232
Simulation time is 0.145625
+++++++++++++++++++++++++++++++++++++++++++++++++++


+++++++++++++++++++++++++++++++++++++++++++++++++++
At beginning of timestep # 233
Simulation time is 0.145625
IBHierarchyIntegrator::advanceHierarchy(): time interval = [0.145625,0.14625], dt = 0.000625
IBHierarchyIntegrator::preprocessIntegrateHierarchy(): performing Lagrangian forward Euler step
IBHierarchyIntegrator::advanceHierarchy(): integrating hierarchy
IBHierarchyIntegrator::integrateHierarchy(): computing Lagrangian force
IBHierarchyIntegrator::integrateHierarchy(): spreading Lagrangian force to the Eulerian grid
IBHierarchyIntegrator::integrateHierarchy(): solving the incompressible Navier-Stokes equations
INSStaggeredHierarchyIntegrator::integrateHierarchy(): stokes solve number of iterations = 1
INSStaggeredHierarchyIntegrator::integrateHierarchy(): stokes solve residual norm        = 5.15654e-06
IBHierarchyIntegrator::integrateHierarchy(): interpolating Eulerian velocity to the Lagrangian mesh
IBHierarchyIntegrator::integrateHierarchy(): performing Lagrangian midpoint-rule step
IBHierarchyIntegrator::postprocessIntegrateHierarchy(): interpolating Eulerian velocity to the Lagrangian mesh
IBHierarchyIntegrator::postprocessIntegrateHierarchy(): CFL number = 6.01767e-06
IBHierarchyIntegrator::postprocessIntegrateHierarchy(): Eulerian estimate of upper bound on IB point displacement since last regrid = 0.00134975
IBHierarchyIntegrator::advanceHierarchy(): synchronizing updated data
IBHierarchyIntegrator::advanceHierarchy(): resetting time dependent data

At end       of timestep # 233
Simulation time is 0.14625
+++++++++++++++++++++++++++++++++++++++++++++++++++


+++++++++++++++++++++++++++++++++++++++++++++++++++
At beginning of timestep # 234
Simulation time is 0.14625
IBHierarchyIntegrator::advanceHierarchy(): time interval = [0.14625,0.146875], dt = 0.000625
IBHierarchyIntegrator::preprocessIntegrateHierarchy(): performing Lagrangian forward Euler step
IBHierarchyIntegrator::advanceHierarchy(): integrating hierarchy
IBHierarchyIntegrator::integrateHierarchy(): computing Lagrangian force
IBHierarchyIntegrator::integrateHierarchy(): spreading Lagrangian force to the Eulerian grid
IBHierarchyIntegrator::integrateHierarchy(): solving the incompressible Navier-Stokes equations
INSStaggeredHierarchyIntegrator::integrateHierarchy(): stokes solve number of iterations = 1
INSStaggeredHierarchyIntegrator::integrateHierarchy(): stokes solve residual norm        = 5.20826e-06
IBHierarchyIntegrator::integrateHierarchy(): interpolating Eulerian velocity to the Lagrangian mesh
IBHierarchyIntegrator::integrateHierarchy(): performing Lagrangian midpoint-rule step
IBHierarchyIntegrator::postprocessIntegrateHierarchy(): interpolating Eulerian velocity to the Lagrangian mesh
IBHierarchyIntegrator::postprocessIntegrateHierarchy(): CFL number = 6.01764e-06
IBHierarchyIntegrator::postprocessIntegrateHierarchy(): Eulerian estimate of upper bound on IB point displacement since last regrid = 0.00135577
IBHierarchyIntegrator::advanceHierarchy(): synchronizing updated data
IBHierarchyIntegrator::advanceHierarchy(): resetting time dependent data

At end       of timestep # 234
Simulation time is 0.146875
+++++++++++++++++++++++++++++++++++++++++++++++++++


+++++++++++++++++++++++++++++++++++++++++++++++++++
At beginning of timestep # 235
Simulation time is 0.146875
IBHierarchyIntegrator::advanceHierarchy(): time interval = [0.146875,0.1475], dt = 0.000625
IBHierarchyIntegrator::preprocessIntegrateHierarchy(): performing Lagrangian forward Euler step
IBHierarchyIntegrator::advanceHierarchy(): integrating hierarchy
IBHierarchyIntegrator::integrateHierarchy(): computing Lagrangian force
IBHierarchyIntegrator::integrateHierarchy(): spreading Lagrangian force to the Eulerian grid
IBHierarchyIntegrator::integrateHierarchy(): solving the incompressible Navier-Stokes equations
INSStaggeredHierarchyIntegrator::integrateHierarchy(): stokes solve number of iterations = 1
INSStaggeredHierarchyIntegrator::integrateHierarchy(): stokes solve residual norm        = 5.26633e-06
IBHierarchyIntegrator::integrateHierarchy(): interpolating Eulerian velocity to the Lagrangian mesh
IBHierarchyIntegrator::integrateHierarchy(): performing Lagrangian midpoint-rule step
IBHierarchyIntegrator::postprocessIntegrateHierarchy(): interpolating Eulerian velocity to the Lagrangian mesh
IBHierarchyIntegrator::postprocessIntegrateHierarchy(): CFL number = 6.01763e-06
IBHierarchyIntegrator::postprocessIntegrateHierarchy(): Eulerian estimate of upper bound on IB point displacement since last regrid = 0.00136179
IBHierarchyIntegrator::advanceHierarchy(): synchronizing updated data
IBHierarchyIntegrator::advanceHierarchy(): resetting time dependent data

At end       of timestep # 235
Simulation time is 0.1475
+++++++++++++++++++++++++++++++++++++++++++++++++++


+++++++++++++++++++++++++++++++++++++++++++++++++++
At beginning of timestep # 236
Simulation time is 0.1475
IBHierarchyIntegrator::advanceHierarchy(): time interval = [0.1475,0.148125], dt = 0.000625
IBHierarchyIntegrator::preprocessIntegrateHierarchy(): performing Lagrangian forward Euler step
IBHierarchyIntegrator::advanceHierarchy(): integrating hierarchy
IBHierarchyIntegrator::integrateHierarchy(): computing Lagrangian force
IBHierarchyIntegrator::integrateHierarchy(): spreading Lagrangian force to the Eulerian grid
IBHierarchyIntegrator::integrateHierarchy(): solving the incompressible Navier-Stokes equations
INSStaggeredHierarchyIntegrator::integrateHierarchy(): stokes solve number of iterations = 1
INSStaggeredHierarchyIntegrator::integrateHierarchy(): stokes solve residual norm        = 5.33025e-06
IBHierarchyIntegrator::integrateHierarchy(): interpolating Eulerian velocity to the Lagrangian mesh
IBHierarchyIntegrator::integrateHierarchy(): performing Lagrangian midpoint-rule step
IBHierarchyIntegrator::postprocessIntegrateHierarchy(): interpolating Eulerian velocity to the Lagrangian mesh
IBHierarchyIntegrator::postprocessIntegrateHierarchy(): CFL number = 6.01764e-06
IBHierarchyIntegrator::postprocessIntegrateHierarchy(): Eulerian estimate of upper bound on IB point displacement since last regrid = 0.00136781
IBHierarchyIntegrator::advanceHierarchy(): synchronizing updated data
IBHierarchyIntegrator::advanceHierarchy(): resetting time dependent data

At end       of timestep # 236
Simulation time is 0.148125
+++++++++++++++++++++++++++++++++++++++++++++++++++


+++++++++++++++++++++++++++++++++++++++++++++++++++
At beginning of timestep # 237
Simulation time is 0.148125
IBHierarchyIntegrator::advanceHierarchy(): time interval = [0.148125,0.14875], dt = 0.000625
IBHierarchyIntegrator::preprocessIntegrateHierarchy(): performing Lagrangian forward Euler step
IBHierarchyIntegrator::advanceHierarchy(): integrating hierarchy
IBHierarchyIntegrator::integrateHierarchy(): computing Lagrangian force
IBHierarchyIntegrator::integrateHierarchy(): spreading Lagrangian force to the Eulerian grid
IBHierarchyIntegrator::integrateHierarchy(): solving the incompressible Navier-Stokes equations
INSStaggeredHierarchyIntegrator::integrateHierarchy(): stokes solve number of iterations = 1
INSStaggeredHierarchyIntegrator::integrateHierarchy(): stokes solve residual norm        = 5.39961e-06
IBHierarchyIntegrator::integrateHierarchy(): interpolating Eulerian velocity to the Lagrangian mesh
IBHierarchyIntegrator::integrateHierarchy(): performing Lagrangian midpoint-rule step
IBHierarchyIntegrator::postprocessIntegrateHierarchy(): interpolating Eulerian velocity to the Lagrangian mesh
IBHierarchyIntegrator::postprocessIntegrateHierarchy(): CFL number = 6.01767e-06
IBHierarchyIntegrator::postprocessIntegrateHierarchy(): Eulerian estimate of upper bound on IB point displacement since last regrid = 0.00137383
IBHierarchyIntegrator::advanceHierarchy(): synchronizing updated data
IBHierarchyIntegrator::advanceHierarchy(): resetting time dependent data

At end       of timestep # 237
Simulation time is 0.14875
+++++++++++++++++++++++++++++++++++++++++++++++++++


+++++++++++++++++++++++++++++++++++++++++++++++++++
At beginning of timestep # 238
Simulation time is 0.14875
IBHierarchyIntegrator::advanceHierarchy(): time interval = [0.14875,0.149375], dt = 0.000625
IBHierarchyIntegrator::preprocessIntegrateHierarchy(): performing Lagrangian forward Euler step
IBHierarchyIntegrator::advanceHierarchy(): integrating hierarchy
IBHierarchyIntegrator::integrateHierarchy(): computing Lagrangian force
IBHierarchyIntegrator::integrateHierarchy(): spreading Lagrangian force to the Eulerian grid
IBHierarchyIntegrator::integrateHierarchy(): solving the incompressible Navier-Stokes equations
INSStaggeredHierarchyIntegrator::integrateHierarchy(): stokes solve number of iterations = 1
INSStaggeredHierarchyIntegrator::integrateHierarchy(): stokes solve residual norm        = 5.47404e-06
IBHierarchyIntegrator::integrateHierarchy(): interpolating Eulerian velocity to the Lagrangian mesh
IBHierarchyIntegrator::integrateHierarchy(): performing Lagrangian midpoint-rule step
IBHierarchyIntegrator::postprocessIntegrateHierarchy(): interpolating Eulerian velocity to the Lagrangian mesh
IBHierarchyIntegrator::postprocessIntegrateHierarchy(): CFL number = 6.01772e-06
IBHierarchyIntegrator::postprocessIntegrateHierarchy(): Eulerian estimate of upper bound on IB point displacement since last regrid = 0.00137984
IBHierarchyIntegrator::advanceHierarchy(): synchronizing updated data
IBHierarchyIntegrator::advanceHierarchy(): resetting time dependent data

At end       of timestep # 238
Simulation time is 0.149375
+++++++++++++++++++++++++++++++++++++++++++++++++++


+++++++++++++++++++++++++++++++++++++++++++++++++++
At beginning of timestep # 239
Simulation time is 0.149375
IBHierarchyIntegrator::advanceHierarchy(): time interval = [0.149375,0.15], dt = 0.000625
IBHierarchyIntegrator::preprocessIntegrateHierarchy(): performing Lagrangian forward Euler step
IBHierarchyIntegrator::advanceHierarchy(): integrating hierarchy
IBHierarchyIntegrator::integrateHierarchy(): computing Lagrangian force
IBHierarchyIntegrator::integrateHierarchy(): spreading Lagrangian force to the Eulerian grid
IBHierarchyIntegrator::integrateHierarchy(): solving the incompressible Navier-Stokes equations
INSStaggeredHierarchyIntegrator::integrateHierarchy(): stokes solve number of iterations = 1
INSStaggeredHierarchyIntegrator::integrateHierarchy(): stokes solve residual norm        = 5.55316e-06
IBHierarchyIntegrator::integrateHierarchy(): interpolating Eulerian velocity to the Lagrangian mesh
IBHierarchyIntegrator::integrateHierarchy(): performing Lagrangian midpoint-rule step
IBHierarchyIntegrator::postprocessIntegrateHierarchy(): interpolating Eulerian velocity to the Lagrangian mesh
IBHierarchyIntegrator::postprocessIntegrateHierarchy(): CFL number = 6.01779e-06
IBHierarchyIntegrator::postprocessIntegrateHierarchy(): Eulerian estimate of upper bound on IB point displacement since last regrid = 0.00138586
IBHierarchyIntegrator::advanceHierarchy(): synchronizing updated data
IBHierarchyIntegrator::advanceHierarchy(): resetting time dependent data

At end       of timestep # 239
Simulation time is 0.15
+++++++++++++++++++++++++++++++++++++++++++++++++++


+++++++++++++++++++++++++++++++++++++++++++++++++++
At beginning of timestep # 240
Simulation time is 0.15
IBHierarchyIntegrator::advanceHierarchy(): time interval = [0.15,0.150625], dt = 0.000625
IBHierarchyIntegrator::preprocessIntegrateHierarchy(): performing Lagrangian forward Euler step
IBHierarchyIntegrator::advanceHierarchy(): integrating hierarchy
IBHierarchyIntegrator::integrateHierarchy(): computing Lagrangian force
IBHierarchyIntegrator::integrateHierarchy(): spreading Lagrangian force to the Eulerian grid
IBHierarchyIntegrator::integrateHierarchy(): solving the incompressible Navier-Stokes equations
INSStaggeredHierarchyIntegrator::integrateHierarchy(): stokes solve number of iterations = 1
INSStaggeredHierarchyIntegrator::integrateHierarchy(): stokes solve residual norm        = 5.63655e-06
IBHierarchyIntegrator::integrateHierarchy(): interpolating Eulerian velocity to the Lagrangian mesh
IBHierarchyIntegrator::integrateHierarchy(): performing Lagrangian midpoint-rule step
IBHierarchyIntegrator::postprocessIntegrateHierarchy(): interpolating Eulerian velocity to the Lagrangian mesh
IBHierarchyIntegrator::postprocessIntegrateHierarchy(): CFL number = 6.01788e-06
IBHierarchyIntegrator::postprocessIntegrateHierarchy(): Eulerian estimate of upper bound on IB point displacement since last regrid = 0.00139188
IBHierarchyIntegrator::advanceHierarchy(): synchronizing updated data
IBHierarchyIntegrator::advanceHierarchy(): resetting time dependent data

At end       of timestep # 240
Simulation time is 0.150625
+++++++++++++++++++++++++++++++++++++++++++++++++++


+++++++++++++++++++++++++++++++++++++++++++++++++++
At beginning of timestep # 241
Simulation time is 0.150625
IBHierarchyIntegrator::advanceHierarchy(): time interval = [0.150625,0.15125], dt = 0.000625
IBHierarchyIntegrator::preprocessIntegrateHierarchy(): performing Lagrangian forward Euler step
IBHierarchyIntegrator::advanceHierarchy(): integrating hierarchy
IBHierarchyIntegrator::integrateHierarchy(): computing Lagrangian force
IBHierarchyIntegrator::integrateHierarchy(): spreading Lagrangian force to the Eulerian grid
IBHierarchyIntegrator::integrateHierarchy(): solving the incompressible Navier-Stokes equations
INSStaggeredHierarchyIntegrator::integrateHierarchy(): stokes solve number of iterations = 1
INSStaggeredHierarchyIntegrator::integrateHierarchy(): stokes solve residual norm        = 5.7239e-06
IBHierarchyIntegrator::integrateHierarchy(): interpolating Eulerian velocity to the Lagrangian mesh
IBHierarchyIntegrator::integrateHierarchy(): performing Lagrangian midpoint-rule step
IBHierarchyIntegrator::postprocessIntegrateHierarchy(): interpolating Eulerian velocity to the Lagrangian mesh
IBHierarchyIntegrator::postprocessIntegrateHierarchy(): CFL number = 6.01799e-06
IBHierarchyIntegrator::postprocessIntegrateHierarchy(): Eulerian estimate of upper bound on IB point displacement since last regrid = 0.0013979
IBHierarchyIntegrator::advanceHierarchy(): synchronizing updated data
IBHierarchyIntegrator::advanceHierarchy(): resetting time dependent data

At end       of timestep # 241
Simulation time is 0.15125
+++++++++++++++++++++++++++++++++++++++++++++++++++


+++++++++++++++++++++++++++++++++++++++++++++++++++
At beginning of timestep # 242
Simulation time is 0.15125
IBHierarchyIntegrator::advanceHierarchy(): time interval = [0.15125,0.151875], dt = 0.000625
IBHierarchyIntegrator::preprocessIntegrateHierarchy(): performing Lagrangian forward Euler step
IBHierarchyIntegrator::advanceHierarchy(): integrating hierarchy
IBHierarchyIntegrator::integrateHierarchy(): computing Lagrangian force
IBHierarchyIntegrator::integrateHierarchy(): spreading Lagrangian force to the Eulerian grid
IBHierarchyIntegrator::integrateHierarchy(): solving the incompressible Navier-Stokes equations
INSStaggeredHierarchyIntegrator::integrateHierarchy(): stokes solve number of iterations = 1
INSStaggeredHierarchyIntegrator::integrateHierarchy(): stokes solve residual norm        = 5.81479e-06
IBHierarchyIntegrator::integrateHierarchy(): interpolating Eulerian velocity to the Lagrangian mesh
IBHierarchyIntegrator::integrateHierarchy(): performing Lagrangian midpoint-rule step
IBHierarchyIntegrator::postprocessIntegrateHierarchy(): interpolating Eulerian velocity to the Lagrangian mesh
IBHierarchyIntegrator::postprocessIntegrateHierarchy(): CFL number = 6.01812e-06
IBHierarchyIntegrator::postprocessIntegrateHierarchy(): Eulerian estimate of upper bound on IB point displacement since last regrid = 0.00140392
IBHierarchyIntegrator::advanceHierarchy(): synchronizing updated data
IBHierarchyIntegrator::advanceHierarchy(): resetting time dependent data

At end       of timestep # 242
Simulation time is 0.151875
+++++++++++++++++++++++++++++++++++++++++++++++++++


+++++++++++++++++++++++++++++++++++++++++++++++++++
At beginning of timestep # 243
Simulation time is 0.151875
IBHierarchyIntegrator::advanceHierarchy(): time interval = [0.151875,0.1525], dt = 0.000625
IBHierarchyIntegrator::preprocessIntegrateHierarchy(): performing Lagrangian forward Euler step
IBHierarchyIntegrator::advanceHierarchy(): integrating hierarchy
IBHierarchyIntegrator::integrateHierarchy(): computing Lagrangian force
IBHierarchyIntegrator::integrateHierarchy(): spreading Lagrangian force to the Eulerian grid
IBHierarchyIntegrator::integrateHierarchy(): solving the incompressible Navier-Stokes equations
INSStaggeredHierarchyIntegrator::integrateHierarchy(): stokes solve number of iterations = 1
INSStaggeredHierarchyIntegrator::integrateHierarchy(): stokes solve residual norm        = 5.90876e-06
IBHierarchyIntegrator::integrateHierarchy(): interpolating Eulerian velocity to the Lagrangian mesh
IBHierarchyIntegrator::integrateHierarchy(): performing Lagrangian midpoint-rule step
IBHierarchyIntegrator::postprocessIntegrateHierarchy(): interpolating Eulerian velocity to the Lagrangian mesh
IBHierarchyIntegrator::postprocessIntegrateHierarchy(): CFL number = 6.01827e-06
IBHierarchyIntegrator::postprocessIntegrateHierarchy(): Eulerian estimate of upper bound on IB point displacement since last regrid = 0.00140993
IBHierarchyIntegrator::advanceHierarchy(): synchronizing updated data
IBHierarchyIntegrator::advanceHierarchy(): resetting time dependent data

At end       of timestep # 243
Simulation time is 0.1525
+++++++++++++++++++++++++++++++++++++++++++++++++++


+++++++++++++++++++++++++++++++++++++++++++++++++++
At beginning of timestep # 244
Simulation time is 0.1525
IBHierarchyIntegrator::advanceHierarchy(): time interval = [0.1525,0.153125], dt = 0.000625
IBHierarchyIntegrator::preprocessIntegrateHierarchy(): performing Lagrangian forward Euler step
IBHierarchyIntegrator::advanceHierarchy(): integrating hierarchy
IBHierarchyIntegrator::integrateHierarchy(): computing Lagrangian force
IBHierarchyIntegrator::integrateHierarchy(): spreading Lagrangian force to the Eulerian grid
IBHierarchyIntegrator::integrateHierarchy(): solving the incompressible Navier-Stokes equations
INSStaggeredHierarchyIntegrator::integrateHierarchy(): stokes solve number of iterations = 1
INSStaggeredHierarchyIntegrator::integrateHierarchy(): stokes solve residual norm        = 6.00573e-06
IBHierarchyIntegrator::integrateHierarchy(): interpolating Eulerian velocity to the Lagrangian mesh
IBHierarchyIntegrator::integrateHierarchy(): performing Lagrangian midpoint-rule step
IBHierarchyIntegrator::postprocessIntegrateHierarchy(): interpolating Eulerian velocity to the Lagrangian mesh
IBHierarchyIntegrator::postprocessIntegrateHierarchy(): CFL number = 6.01845e-06
IBHierarchyIntegrator::postprocessIntegrateHierarchy(): Eulerian estimate of upper bound on IB point displacement since last regrid = 0.00141595
IBHierarchyIntegrator::advanceHierarchy(): synchronizing updated data
IBHierarchyIntegrator::advanceHierarchy(): resetting time dependent data

At end       of timestep # 244
Simulation time is 0.153125
+++++++++++++++++++++++++++++++++++++++++++++++++++


+++++++++++++++++++++++++++++++++++++++++++++++++++
At beginning of timestep # 245
Simulation time is 0.153125
IBHierarchyIntegrator::advanceHierarchy(): time interval = [0.153125,0.15375], dt = 0.000625
IBHierarchyIntegrator::preprocessIntegrateHierarchy(): performing Lagrangian forward Euler step
IBHierarchyIntegrator::advanceHierarchy(): integrating hierarchy
IBHierarchyIntegrator::integrateHierarchy(): computing Lagrangian force
IBHierarchyIntegrator::integrateHierarchy(): spreading Lagrangian force to the Eulerian grid
IBHierarchyIntegrator::integrateHierarchy(): solving the incompressible Navier-Stokes equations
INSStaggeredHierarchyIntegrator::integrateHierarchy(): stokes solve number of iterations = 1
INSStaggeredHierarchyIntegrator::integrateHierarchy(): stokes solve residual norm        = 6.10503e-06
IBHierarchyIntegrator::integrateHierarchy(): interpolating Eulerian velocity to the Lagrangian mesh
IBHierarchyIntegrator::integrateHierarchy(): performing Lagrangian midpoint-rule step
IBHierarchyIntegrator::postprocessIntegrateHierarchy(): interpolating Eulerian velocity to the Lagrangian mesh
IBHierarchyIntegrator::postprocessIntegrateHierarchy(): CFL number = 6.01864e-06
IBHierarchyIntegrator::postprocessIntegrateHierarchy(): Eulerian estimate of upper bound on IB point displacement since last regrid = 0.00142197
IBHierarchyIntegrator::advanceHierarchy(): synchronizing updated data
IBHierarchyIntegrator::advanceHierarchy(): resetting time dependent data

At end       of timestep # 245
Simulation time is 0.15375
+++++++++++++++++++++++++++++++++++++++++++++++++++


+++++++++++++++++++++++++++++++++++++++++++++++++++
At beginning of timestep # 246
Simulation time is 0.15375
IBHierarchyIntegrator::advanceHierarchy(): time interval = [0.15375,0.154375], dt = 0.000625
IBHierarchyIntegrator::preprocessIntegrateHierarchy(): performing Lagrangian forward Euler step
IBHierarchyIntegrator::advanceHierarchy(): integrating hierarchy
IBHierarchyIntegrator::integrateHierarchy(): computing Lagrangian force
IBHierarchyIntegrator::integrateHierarchy(): spreading Lagrangian force to the Eulerian grid
IBHierarchyIntegrator::integrateHierarchy(): solving the incompressible Navier-Stokes equations
INSStaggeredHierarchyIntegrator::integrateHierarchy(): stokes solve number of iterations = 1
INSStaggeredHierarchyIntegrator::integrateHierarchy(): stokes solve residual norm        = 6.20649e-06
IBHierarchyIntegrator::integrateHierarchy(): interpolating Eulerian velocity to the Lagrangian mesh
IBHierarchyIntegrator::integrateHierarchy(): performing Lagrangian midpoint-rule step
IBHierarchyIntegrator::postprocessIntegrateHierarchy(): interpolating Eulerian velocity to the Lagrangian mesh
IBHierarchyIntegrator::postprocessIntegrateHierarchy(): CFL number = 6.01885e-06
IBHierarchyIntegrator::postprocessIntegrateHierarchy(): Eulerian estimate of upper bound on IB point displacement since last regrid = 0.00142799
IBHierarchyIntegrator::advanceHierarchy(): synchronizing updated data
IBHierarchyIntegrator::advanceHierarchy(): resetting time dependent data

At end       of timestep # 246
Simulation time is 0.154375
+++++++++++++++++++++++++++++++++++++++++++++++++++


+++++++++++++++++++++++++++++++++++++++++++++++++++
At beginning of timestep # 247
Simulation time is 0.154375
IBHierarchyIntegrator::advanceHierarchy(): time interval = [0.154375,0.155], dt = 0.000625
IBHierarchyIntegrator::preprocessIntegrateHierarchy(): performing Lagrangian forward Euler step
IBHierarchyIntegrator::advanceHierarchy(): integrating hierarchy
IBHierarchyIntegrator::integrateHierarchy(): computing Lagrangian force
IBHierarchyIntegrator::integrateHierarchy(): spreading Lagrangian force to the Eulerian grid
IBHierarchyIntegrator::integrateHierarchy(): solving the incompressible Navier-Stokes equations
INSStaggeredHierarchyIntegrator::integrateHierarchy(): stokes solve number of iterations = 1
INSStaggeredHierarchyIntegrator::integrateHierarchy(): stokes solve residual norm        = 6.3097e-06
IBHierarchyIntegrator::integrateHierarchy(): interpolating Eulerian velocity to the Lagrangian mesh
IBHierarchyIntegrator::integrateHierarchy(): performing Lagrangian midpoint-rule step
IBHierarchyIntegrator::postprocessIntegrateHierarchy(): interpolating Eulerian velocity to the Lagrangian mesh
IBHierarchyIntegrator::postprocessIntegrateHierarchy(): CFL number = 6.01908e-06
IBHierarchyIntegrator::postprocessIntegrateHierarchy(): Eulerian estimate of upper bound on IB point displacement since last regrid = 0.00143401
IBHierarchyIntegrator::advanceHierarchy(): synchronizing updated data
IBHierarchyIntegrator::advanceHierarchy(): resetting time dependent data

At end       of timestep # 247
Simulation time is 0.155
+++++++++++++++++++++++++++++++++++++++++++++++++++


+++++++++++++++++++++++++++++++++++++++++++++++++++
At beginning of timestep # 248
Simulation time is 0.155
IBHierarchyIntegrator::advanceHierarchy(): time interval = [0.155,0.155625], dt = 0.000625
IBHierarchyIntegrator::preprocessIntegrateHierarchy(): performing Lagrangian forward Euler step
IBHierarchyIntegrator::advanceHierarchy(): integrating hierarchy
IBHierarchyIntegrator::integrateHierarchy(): computing Lagrangian force
IBHierarchyIntegrator::integrateHierarchy(): spreading Lagrangian force to the Eulerian grid
IBHierarchyIntegrator::integrateHierarchy(): solving the incompressible Navier-Stokes equations
INSStaggeredHierarchyIntegrator::integrateHierarchy(): stokes solve number of iterations = 1
INSStaggeredHierarchyIntegrator::integrateHierarchy(): stokes solve residual norm        = 6.41474e-06
IBHierarchyIntegrator::integrateHierarchy(): interpolating Eulerian velocity to the Lagrangian mesh
IBHierarchyIntegrator::integrateHierarchy(): performing Lagrangian midpoint-rule step
IBHierarchyIntegrator::postprocessIntegrateHierarchy(): interpolating Eulerian velocity to the Lagrangian mesh
IBHierarchyIntegrator::postprocessIntegrateHierarchy(): CFL number = 6.01933e-06
IBHierarchyIntegrator::postprocessIntegrateHierarchy(): Eulerian estimate of upper bound on IB point displacement since last regrid = 0.00144003
IBHierarchyIntegrator::advanceHierarchy(): synchronizing updated data
IBHierarchyIntegrator::advanceHierarchy(): resetting time dependent data

At end       of timestep # 248
Simulation time is 0.155625
+++++++++++++++++++++++++++++++++++++++++++++++++++


+++++++++++++++++++++++++++++++++++++++++++++++++++
At beginning of timestep # 249
Simulation time is 0.155625
IBHierarchyIntegrator::advanceHierarchy(): time interval = [0.155625,0.15625], dt = 0.000625
IBHierarchyIntegrator::preprocessIntegrateHierarchy(): performing Lagrangian forward Euler step
IBHierarchyIntegrator::advanceHierarchy(): integrating hierarchy
IBHierarchyIntegrator::integrateHierarchy(): computing Lagrangian force
IBHierarchyIntegrator::integrateHierarchy(): spreading Lagrangian force to the Eulerian grid
IBHierarchyIntegrator::integrateHierarchy(): solving the incompressible Navier-Stokes equations
INSStaggeredHierarchyIntegrator::integrateHierarchy(): stokes solve number of iterations = 1
INSStaggeredHierarchyIntegrator::integrateHierarchy(): stokes solve residual norm        = 6.52064e-06
IBHierarchyIntegrator::integrateHierarchy(): interpolating Eulerian velocity to the Lagrangian mesh
IBHierarchyIntegrator::integrateHierarchy(): performing Lagrangian midpoint-rule step
IBHierarchyIntegrator::postprocessIntegrateHierarchy(): interpolating Eulerian velocity to the Lagrangian mesh
IBHierarchyIntegrator::postprocessIntegrateHierarchy(): CFL number = 6.01959e-06
IBHierarchyIntegrator::postprocessIntegrateHierarchy(): Eulerian estimate of upper bound on IB point displacement since last regrid = 0.00144605
IBHierarchyIntegrator::advanceHierarchy(): synchronizing updated data
IBHierarchyIntegrator::advanceHierarchy(): resetting time dependent data

At end       of timestep # 249
Simulation time is 0.15625
+++++++++++++++++++++++++++++++++++++++++++++++++++


+++++++++++++++++++++++++++++++++++++++++++++++++++
At beginning of timestep # 250
Simulation time is 0.15625
IBHierarchyIntegrator::advanceHierarchy(): time interval = [0.15625,0.156875], dt = 0.000625
IBHierarchyIntegrator::preprocessIntegrateHierarchy(): performing Lagrangian forward Euler step
IBHierarchyIntegrator::advanceHierarchy(): integrating hierarchy
IBHierarchyIntegrator::integrateHierarchy(): computing Lagrangian force
IBHierarchyIntegrator::integrateHierarchy(): spreading Lagrangian force to the Eulerian grid
IBHierarchyIntegrator::integrateHierarchy(): solving the incompressible Navier-Stokes equations
INSStaggeredHierarchyIntegrator::integrateHierarchy(): stokes solve number of iterations = 1
INSStaggeredHierarchyIntegrator::integrateHierarchy(): stokes solve residual norm        = 6.62775e-06
IBHierarchyIntegrator::integrateHierarchy(): interpolating Eulerian velocity to the Lagrangian mesh
IBHierarchyIntegrator::integrateHierarchy(): performing Lagrangian midpoint-rule step
IBHierarchyIntegrator::postprocessIntegrateHierarchy(): interpolating Eulerian velocity to the Lagrangian mesh
IBHierarchyIntegrator::postprocessIntegrateHierarchy(): CFL number = 6.01988e-06
IBHierarchyIntegrator::postprocessIntegrateHierarchy(): Eulerian estimate of upper bound on IB point displacement since last regrid = 0.00145207
IBHierarchyIntegrator::advanceHierarchy(): synchronizing updated data
IBHierarchyIntegrator::advanceHierarchy(): resetting time dependent data

At end       of timestep # 250
Simulation time is 0.156875
+++++++++++++++++++++++++++++++++++++++++++++++++++


+++++++++++++++++++++++++++++++++++++++++++++++++++
At beginning of timestep # 251
Simulation time is 0.156875
IBHierarchyIntegrator::advanceHierarchy(): time interval = [0.156875,0.1575], dt = 0.000625
IBHierarchyIntegrator::preprocessIntegrateHierarchy(): performing Lagrangian forward Euler step
IBHierarchyIntegrator::advanceHierarchy(): integrating hierarchy
IBHierarchyIntegrator::integrateHierarchy(): computing Lagrangian force
IBHierarchyIntegrator::integrateHierarchy(): spreading Lagrangian force to the Eulerian grid
IBHierarchyIntegrator::integrateHierarchy(): solving the incompressible Navier-Stokes equations
INSStaggeredHierarchyIntegrator::integrateHierarchy(): stokes solve number of iterations = 1
INSStaggeredHierarchyIntegrator::integrateHierarchy(): stokes solve residual norm        = 6.73553e-06
IBHierarchyIntegrator::integrateHierarchy(): interpolating Eulerian velocity to the Lagrangian mesh
IBHierarchyIntegrator::integrateHierarchy(): performing Lagrangian midpoint-rule step
IBHierarchyIntegrator::postprocessIntegrateHierarchy(): interpolating Eulerian velocity to the Lagrangian mesh
IBHierarchyIntegrator::postprocessIntegrateHierarchy(): CFL number = 6.02018e-06
IBHierarchyIntegrator::postprocessIntegrateHierarchy(): Eulerian estimate of upper bound on IB point displacement since last regrid = 0.00145809
IBHierarchyIntegrator::advanceHierarchy(): synchronizing updated data
IBHierarchyIntegrator::advanceHierarchy(): resetting time dependent data

At end       of timestep # 251
Simulation time is 0.1575
+++++++++++++++++++++++++++++++++++++++++++++++++++


+++++++++++++++++++++++++++++++++++++++++++++++++++
At beginning of timestep # 252
Simulation time is 0.1575
IBHierarchyIntegrator::advanceHierarchy(): time interval = [0.1575,0.158125], dt = 0.000625
IBHierarchyIntegrator::preprocessIntegrateHierarchy(): performing Lagrangian forward Euler step
IBHierarchyIntegrator::advanceHierarchy(): integrating hierarchy
IBHierarchyIntegrator::integrateHierarchy(): computing Lagrangian force
IBHierarchyIntegrator::integrateHierarchy(): spreading Lagrangian force to the Eulerian grid
IBHierarchyIntegrator::integrateHierarchy(): solving the incompressible Navier-Stokes equations
INSStaggeredHierarchyIntegrator::integrateHierarchy(): stokes solve number of iterations = 1
INSStaggeredHierarchyIntegrator::integrateHierarchy(): stokes solve residual norm        = 6.84375e-06
IBHierarchyIntegrator::integrateHierarchy(): interpolating Eulerian velocity to the Lagrangian mesh
IBHierarchyIntegrator::integrateHierarchy(): performing Lagrangian midpoint-rule step
IBHierarchyIntegrator::postprocessIntegrateHierarchy(): interpolating Eulerian velocity to the Lagrangian mesh
IBHierarchyIntegrator::postprocessIntegrateHierarchy(): CFL number = 6.0205e-06
IBHierarchyIntegrator::postprocessIntegrateHierarchy(): Eulerian estimate of upper bound on IB point displacement since last regrid = 0.00146411
IBHierarchyIntegrator::advanceHierarchy(): synchronizing updated data
IBHierarchyIntegrator::advanceHierarchy(): resetting time dependent data

At end       of timestep # 252
Simulation time is 0.158125
+++++++++++++++++++++++++++++++++++++++++++++++++++


+++++++++++++++++++++++++++++++++++++++++++++++++++
At beginning of timestep # 253
Simulation time is 0.158125
IBHierarchyIntegrator::advanceHierarchy(): time interval = [0.158125,0.15875], dt = 0.000625
IBHierarchyIntegrator::preprocessIntegrateHierarchy(): performing Lagrangian forward Euler step
IBHierarchyIntegrator::advanceHierarchy(): integrating hierarchy
IBHierarchyIntegrator::integrateHierarchy(): computing Lagrangian force
IBHierarchyIntegrator::integrateHierarchy(): spreading Lagrangian force to the Eulerian grid
IBHierarchyIntegrator::integrateHierarchy(): solving the incompressible Navier-Stokes equations
INSStaggeredHierarchyIntegrator::integrateHierarchy(): stokes solve number of iterations = 1
INSStaggeredHierarchyIntegrator::integrateHierarchy(): stokes solve residual norm        = 6.95214e-06
IBHierarchyIntegrator::integrateHierarchy(): interpolating Eulerian velocity to the Lagrangian mesh
IBHierarchyIntegrator::integrateHierarchy(): performing Lagrangian midpoint-rule step
IBHierarchyIntegrator::postprocessIntegrateHierarchy(): interpolating Eulerian velocity to the Lagrangian mesh
IBHierarchyIntegrator::postprocessIntegrateHierarchy(): CFL number = 6.02083e-06
IBHierarchyIntegrator::postprocessIntegrateHierarchy(): Eulerian estimate of upper bound on IB point displacement since last regrid = 0.00147013
IBHierarchyIntegrator::advanceHierarchy(): synchronizing updated data
IBHierarchyIntegrator::advanceHierarchy(): resetting time dependent data

At end       of timestep # 253
Simulation time is 0.15875
+++++++++++++++++++++++++++++++++++++++++++++++++++


+++++++++++++++++++++++++++++++++++++++++++++++++++
At beginning of timestep # 254
Simulation time is 0.15875
IBHierarchyIntegrator::advanceHierarchy(): time interval = [0.15875,0.159375], dt = 0.000625
IBHierarchyIntegrator::preprocessIntegrateHierarchy(): performing Lagrangian forward Euler step
IBHierarchyIntegrator::advanceHierarchy(): integrating hierarchy
IBHierarchyIntegrator::integrateHierarchy(): computing Lagrangian force
IBHierarchyIntegrator::integrateHierarchy(): spreading Lagrangian force to the Eulerian grid
IBHierarchyIntegrator::integrateHierarchy(): solving the incompressible Navier-Stokes equations
INSStaggeredHierarchyIntegrator::integrateHierarchy(): stokes solve number of iterations = 1
INSStaggeredHierarchyIntegrator::integrateHierarchy(): stokes solve residual norm        = 7.06072e-06
IBHierarchyIntegrator::integrateHierarchy(): interpolating Eulerian velocity to the Lagrangian mesh
IBHierarchyIntegrator::integrateHierarchy(): performing Lagrangian midpoint-rule step
IBHierarchyIntegrator::postprocessIntegrateHierarchy(): interpolating Eulerian velocity to the Lagrangian mesh
IBHierarchyIntegrator::postprocessIntegrateHierarchy(): CFL number = 6.02118e-06
IBHierarchyIntegrator::postprocessIntegrateHierarchy(): Eulerian estimate of upper bound on IB point displacement since last regrid = 0.00147615
IBHierarchyIntegrator::advanceHierarchy(): synchronizing updated data
IBHierarchyIntegrator::advanceHierarchy(): resetting time dependent data

At end       of timestep # 254
Simulation time is 0.159375
+++++++++++++++++++++++++++++++++++++++++++++++++++


+++++++++++++++++++++++++++++++++++++++++++++++++++
At beginning of timestep # 255
Simulation time is 0.159375
IBHierarchyIntegrator::advanceHierarchy(): time interval = [0.159375,0.16], dt = 0.000625
IBHierarchyIntegrator::preprocessIntegrateHierarchy(): performing Lagrangian forward Euler step
IBHierarchyIntegrator::advanceHierarchy(): integrating hierarchy
IBHierarchyIntegrator::integrateHierarchy(): computing Lagrangian force
IBHierarchyIntegrator::integrateHierarchy(): spreading Lagrangian force to the Eulerian grid
IBHierarchyIntegrator::integrateHierarchy(): solving the incompressible Navier-Stokes equations
INSStaggeredHierarchyIntegrator::integrateHierarchy(): stokes solve number of iterations = 1
INSStaggeredHierarchyIntegrator::integrateHierarchy(): stokes solve residual norm        = 7.16896e-06
IBHierarchyIntegrator::integrateHierarchy(): interpolating Eulerian velocity to the Lagrangian mesh
IBHierarchyIntegrator::integrateHierarchy(): performing Lagrangian midpoint-rule step
IBHierarchyIntegrator::postprocessIntegrateHierarchy(): interpolating Eulerian velocity to the Lagrangian mesh
IBHierarchyIntegrator::postprocessIntegrateHierarchy(): CFL number = 6.02155e-06
IBHierarchyIntegrator::postprocessIntegrateHierarchy(): Eulerian estimate of upper bound on IB point displacement since last regrid = 0.00148217
IBHierarchyIntegrator::advanceHierarchy(): synchronizing updated data
IBHierarchyIntegrator::advanceHierarchy(): resetting time dependent data

At end       of timestep # 255
Simulation time is 0.16
+++++++++++++++++++++++++++++++++++++++++++++++++++


+++++++++++++++++++++++++++++++++++++++++++++++++++
At beginning of timestep # 256
Simulation time is 0.16
IBHierarchyIntegrator::advanceHierarchy(): time interval = [0.16,0.160625], dt = 0.000625
IBHierarchyIntegrator::preprocessIntegrateHierarchy(): performing Lagrangian forward Euler step
IBHierarchyIntegrator::advanceHierarchy(): integrating hierarchy
IBHierarchyIntegrator::integrateHierarchy(): computing Lagrangian force
IBHierarchyIntegrator::integrateHierarchy(): spreading Lagrangian force to the Eulerian grid
IBHierarchyIntegrator::integrateHierarchy(): solving the incompressible Navier-Stokes equations
INSStaggeredHierarchyIntegrator::integrateHierarchy(): stokes solve number of iterations = 1
INSStaggeredHierarchyIntegrator::integrateHierarchy(): stokes solve residual norm        = 7.27685e-06
IBHierarchyIntegrator::integrateHierarchy(): interpolating Eulerian velocity to the Lagrangian mesh
IBHierarchyIntegrator::integrateHierarchy(): performing Lagrangian midpoint-rule step
IBHierarchyIntegrator::postprocessIntegrateHierarchy(): interpolating Eulerian velocity to the Lagrangian mesh
IBHierarchyIntegrator::postprocessIntegrateHierarchy(): CFL number = 6.02193e-06
IBHierarchyIntegrator::postprocessIntegrateHierarchy(): Eulerian estimate of upper bound on IB point displacement since last regrid = 0.00148819
IBHierarchyIntegrator::advanceHierarchy(): synchronizing updated data
IBHierarchyIntegrator::advanceHierarchy(): resetting time dependent data

At end       of timestep # 256
Simulation time is 0.160625
+++++++++++++++++++++++++++++++++++++++++++++++++++


+++++++++++++++++++++++++++++++++++++++++++++++++++
At beginning of timestep # 257
Simulation time is 0.160625
IBHierarchyIntegrator::advanceHierarchy(): time interval = [0.160625,0.16125], dt = 0.000625
IBHierarchyIntegrator::preprocessIntegrateHierarchy(): performing Lagrangian forward Euler step
IBHierarchyIntegrator::advanceHierarchy(): integrating hierarchy
IBHierarchyIntegrator::integrateHierarchy(): computing Lagrangian force
IBHierarchyIntegrator::integrateHierarchy(): spreading Lagrangian force to the Eulerian grid
IBHierarchyIntegrator::integrateHierarchy(): solving the incompressible Navier-Stokes equations
INSStaggeredHierarchyIntegrator::integrateHierarchy(): stokes solve number of iterations = 1
INSStaggeredHierarchyIntegrator::integrateHierarchy(): stokes solve residual norm        = 7.38421e-06
IBHierarchyIntegrator::integrateHierarchy(): interpolating Eulerian velocity to the Lagrangian mesh
IBHierarchyIntegrator::integrateHierarchy(): performing Lagrangian midpoint-rule step
IBHierarchyIntegrator::postprocessIntegrateHierarchy(): interpolating Eulerian velocity to the Lagrangian mesh
IBHierarchyIntegrator::postprocessIntegrateHierarchy(): CFL number = 6.02232e-06
IBHierarchyIntegrator::postprocessIntegrateHierarchy(): Eulerian estimate of upper bound on IB point displacement since last regrid = 0.00149422
IBHierarchyIntegrator::advanceHierarchy(): synchronizing updated data
IBHierarchyIntegrator::advanceHierarchy(): resetting time dependent data

At end       of timestep # 257
Simulation time is 0.16125
+++++++++++++++++++++++++++++++++++++++++++++++++++


+++++++++++++++++++++++++++++++++++++++++++++++++++
At beginning of timestep # 258
Simulation time is 0.16125
IBHierarchyIntegrator::advanceHierarchy(): time interval = [0.16125,0.161875], dt = 0.000625
IBHierarchyIntegrator::preprocessIntegrateHierarchy(): performing Lagrangian forward Euler step
IBHierarchyIntegrator::advanceHierarchy(): integrating hierarchy
IBHierarchyIntegrator::integrateHierarchy(): computing Lagrangian force
IBHierarchyIntegrator::integrateHierarchy(): spreading Lagrangian force to the Eulerian grid
IBHierarchyIntegrator::integrateHierarchy(): solving the incompressible Navier-Stokes equations
INSStaggeredHierarchyIntegrator::integrateHierarchy(): stokes solve number of iterations = 1
INSStaggeredHierarchyIntegrator::integrateHierarchy(): stokes solve residual norm        = 7.49076e-06
IBHierarchyIntegrator::integrateHierarchy(): interpolating Eulerian velocity to the Lagrangian mesh
IBHierarchyIntegrator::integrateHierarchy(): performing Lagrangian midpoint-rule step
IBHierarchyIntegrator::postprocessIntegrateHierarchy(): interpolating Eulerian velocity to the Lagrangian mesh
IBHierarchyIntegrator::postprocessIntegrateHierarchy(): CFL number = 6.02273e-06
IBHierarchyIntegrator::postprocessIntegrateHierarchy(): Eulerian estimate of upper bound on IB point displacement since last regrid = 0.00150024
IBHierarchyIntegrator::advanceHierarchy(): synchronizing updated data
IBHierarchyIntegrator::advanceHierarchy(): resetting time dependent data

At end       of timestep # 258
Simulation time is 0.161875
+++++++++++++++++++++++++++++++++++++++++++++++++++


+++++++++++++++++++++++++++++++++++++++++++++++++++
At beginning of timestep # 259
Simulation time is 0.161875
IBHierarchyIntegrator::advanceHierarchy(): time interval = [0.161875,0.1625], dt = 0.000625
IBHierarchyIntegrator::preprocessIntegrateHierarchy(): performing Lagrangian forward Euler step
IBHierarchyIntegrator::advanceHierarchy(): integrating hierarchy
IBHierarchyIntegrator::integrateHierarchy(): computing Lagrangian force
IBHierarchyIntegrator::integrateHierarchy(): spreading Lagrangian force to the Eulerian grid
IBHierarchyIntegrator::integrateHierarchy(): solving the incompressible Navier-Stokes equations
INSStaggeredHierarchyIntegrator::integrateHierarchy(): stokes solve number of iterations = 1
INSStaggeredHierarchyIntegrator::integrateHierarchy(): stokes solve residual norm        = 7.59647e-06
IBHierarchyIntegrator::integrateHierarchy(): interpolating Eulerian velocity to the Lagrangian mesh
IBHierarchyIntegrator::integrateHierarchy(): performing Lagrangian midpoint-rule step
IBHierarchyIntegrator::postprocessIntegrateHierarchy(): interpolating Eulerian velocity to the Lagrangian mesh
IBHierarchyIntegrator::postprocessIntegrateHierarchy(): CFL number = 6.02315e-06
IBHierarchyIntegrator::postprocessIntegrateHierarchy(): Eulerian estimate of upper bound on IB point displacement since last regrid = 0.00150626
IBHierarchyIntegrator::advanceHierarchy(): synchronizing updated data
IBHierarchyIntegrator::advanceHierarchy(): resetting time dependent data

At end       of timestep # 259
Simulation time is 0.1625
+++++++++++++++++++++++++++++++++++++++++++++++++++


+++++++++++++++++++++++++++++++++++++++++++++++++++
At beginning of timestep # 260
Simulation time is 0.1625
IBHierarchyIntegrator::advanceHierarchy(): time interval = [0.1625,0.163125], dt = 0.000625
IBHierarchyIntegrator::preprocessIntegrateHierarchy(): performing Lagrangian forward Euler step
IBHierarchyIntegrator::advanceHierarchy(): integrating hierarchy
IBHierarchyIntegrator::integrateHierarchy(): computing Lagrangian force
IBHierarchyIntegrator::integrateHierarchy(): spreading Lagrangian force to the Eulerian grid
IBHierarchyIntegrator::integrateHierarchy(): solving the incompressible Navier-Stokes equations
INSStaggeredHierarchyIntegrator::integrateHierarchy(): stokes solve number of iterations = 1
INSStaggeredHierarchyIntegrator::integrateHierarchy(): stokes solve residual norm        = 7.7011e-06
IBHierarchyIntegrator::integrateHierarchy(): interpolating Eulerian velocity to the Lagrangian mesh
IBHierarchyIntegrator::integrateHierarchy(): performing Lagrangian midpoint-rule step
IBHierarchyIntegrator::postprocessIntegrateHierarchy(): interpolating Eulerian velocity to the Lagrangian mesh
IBHierarchyIntegrator::postprocessIntegrateHierarchy(): CFL number = 6.02358e-06
IBHierarchyIntegrator::postprocessIntegrateHierarchy(): Eulerian estimate of upper bound on IB point displacement since last regrid = 0.00151229
IBHierarchyIntegrator::advanceHierarchy(): synchronizing updated data
IBHierarchyIntegrator::advanceHierarchy(): resetting time dependent data

At end       of timestep # 260
Simulation time is 0.163125
+++++++++++++++++++++++++++++++++++++++++++++++++++


+++++++++++++++++++++++++++++++++++++++++++++++++++
At beginning of timestep # 261
Simulation time is 0.163125
IBHierarchyIntegrator::advanceHierarchy(): time interval = [0.163125,0.16375], dt = 0.000625
IBHierarchyIntegrator::preprocessIntegrateHierarchy(): performing Lagrangian forward Euler step
IBHierarchyIntegrator::advanceHierarchy(): integrating hierarchy
IBHierarchyIntegrator::integrateHierarchy(): computing Lagrangian force
IBHierarchyIntegrator::integrateHierarchy(): spreading Lagrangian force to the Eulerian grid
IBHierarchyIntegrator::integrateHierarchy(): solving the incompressible Navier-Stokes equations
INSStaggeredHierarchyIntegrator::integrateHierarchy(): stokes solve number of iterations = 1
INSStaggeredHierarchyIntegrator::integrateHierarchy(): stokes solve residual norm        = 7.80454e-06
IBHierarchyIntegrator::integrateHierarchy(): interpolating Eulerian velocity to the Lagrangian mesh
IBHierarchyIntegrator::integrateHierarchy(): performing Lagrangian midpoint-rule step
IBHierarchyIntegrator::postprocessIntegrateHierarchy(): interpolating Eulerian velocity to the Lagrangian mesh
IBHierarchyIntegrator::postprocessIntegrateHierarchy(): CFL number = 6.02402e-06
IBHierarchyIntegrator::postprocessIntegrateHierarchy(): Eulerian estimate of upper bound on IB point displacement since last regrid = 0.00151831
IBHierarchyIntegrator::advanceHierarchy(): synchronizing updated data
IBHierarchyIntegrator::advanceHierarchy(): resetting time dependent data

At end       of timestep # 261
Simulation time is 0.16375
+++++++++++++++++++++++++++++++++++++++++++++++++++


+++++++++++++++++++++++++++++++++++++++++++++++++++
At beginning of timestep # 262
Simulation time is 0.16375
IBHierarchyIntegrator::advanceHierarchy(): time interval = [0.16375,0.164375], dt = 0.000625
IBHierarchyIntegrator::preprocessIntegrateHierarchy(): performing Lagrangian forward Euler step
IBHierarchyIntegrator::advanceHierarchy(): integrating hierarchy
IBHierarchyIntegrator::integrateHierarchy(): computing Lagrangian force
IBHierarchyIntegrator::integrateHierarchy(): spreading Lagrangian force to the Eulerian grid
IBHierarchyIntegrator::integrateHierarchy(): solving the incompressible Navier-Stokes equations
INSStaggeredHierarchyIntegrator::integrateHierarchy(): stokes solve number of iterations = 1
INSStaggeredHierarchyIntegrator::integrateHierarchy(): stokes solve residual norm        = 7.90665e-06
IBHierarchyIntegrator::integrateHierarchy(): interpolating Eulerian velocity to the Lagrangian mesh
IBHierarchyIntegrator::integrateHierarchy(): performing Lagrangian midpoint-rule step
IBHierarchyIntegrator::postprocessIntegrateHierarchy(): interpolating Eulerian velocity to the Lagrangian mesh
IBHierarchyIntegrator::postprocessIntegrateHierarchy(): CFL number = 6.02447e-06
IBHierarchyIntegrator::postprocessIntegrateHierarchy(): Eulerian estimate of upper bound on IB point displacement since last regrid = 0.00152433
IBHierarchyIntegrator::advanceHierarchy(): synchronizing updated data
IBHierarchyIntegrator::advanceHierarchy(): resetting time dependent data

At end       of timestep # 262
Simulation time is 0.164375
+++++++++++++++++++++++++++++++++++++++++++++++++++


+++++++++++++++++++++++++++++++++++++++++++++++++++
At beginning of timestep # 263
Simulation time is 0.164375
IBHierarchyIntegrator::advanceHierarchy(): time interval = [0.164375,0.165], dt = 0.000625
IBHierarchyIntegrator::preprocessIntegrateHierarchy(): performing Lagrangian forward Euler step
IBHierarchyIntegrator::advanceHierarchy(): integrating hierarchy
IBHierarchyIntegrator::integrateHierarchy(): computing Lagrangian force
IBHierarchyIntegrator::integrateHierarchy(): spreading Lagrangian force to the Eulerian grid
IBHierarchyIntegrator::integrateHierarchy(): solving the incompressible Navier-Stokes equations
INSStaggeredHierarchyIntegrator::integrateHierarchy(): stokes solve number of iterations = 1
INSStaggeredHierarchyIntegrator::integrateHierarchy(): stokes solve residual norm        = 8.00718e-06
IBHierarchyIntegrator::integrateHierarchy(): interpolating Eulerian velocity to the Lagrangian mesh
IBHierarchyIntegrator::integrateHierarchy(): performing Lagrangian midpoint-rule step
IBHierarchyIntegrator::postprocessIntegrateHierarchy(): interpolating Eulerian velocity to the Lagrangian mesh
IBHierarchyIntegrator::postprocessIntegrateHierarchy(): CFL number = 6.02494e-06
IBHierarchyIntegrator::postprocessIntegrateHierarchy(): Eulerian estimate of upper bound on IB point displacement since last regrid = 0.00153036
IBHierarchyIntegrator::advanceHierarchy(): synchronizing updated data
IBHierarchyIntegrator::advanceHierarchy(): resetting time dependent data

At end       of timestep # 263
Simulation time is 0.165
+++++++++++++++++++++++++++++++++++++++++++++++++++


+++++++++++++++++++++++++++++++++++++++++++++++++++
At beginning of timestep # 264
Simulation time is 0.165
IBHierarchyIntegrator::advanceHierarchy(): time interval = [0.165,0.165625], dt = 0.000625
IBHierarchyIntegrator::preprocessIntegrateHierarchy(): performing Lagrangian forward Euler step
IBHierarchyIntegrator::advanceHierarchy(): integrating hierarchy
IBHierarchyIntegrator::integrateHierarchy(): computing Lagrangian force
IBHierarchyIntegrator::integrateHierarchy(): spreading Lagrangian force to the Eulerian grid
IBHierarchyIntegrator::integrateHierarchy(): solving the incompressible Navier-Stokes equations
INSStaggeredHierarchyIntegrator::integrateHierarchy(): stokes solve number of iterations = 1
INSStaggeredHierarchyIntegrator::integrateHierarchy(): stokes solve residual norm        = 8.10624e-06
IBHierarchyIntegrator::integrateHierarchy(): interpolating Eulerian velocity to the Lagrangian mesh
IBHierarchyIntegrator::integrateHierarchy(): performing Lagrangian midpoint-rule step
IBHierarchyIntegrator::postprocessIntegrateHierarchy(): interpolating Eulerian velocity to the Lagrangian mesh
IBHierarchyIntegrator::postprocessIntegrateHierarchy(): CFL number = 6.02541e-06
IBHierarchyIntegrator::postprocessIntegrateHierarchy(): Eulerian estimate of upper bound on IB point displacement since last regrid = 0.00153638
IBHierarchyIntegrator::advanceHierarchy(): synchronizing updated data
IBHierarchyIntegrator::advanceHierarchy(): resetting time dependent data

At end       of timestep # 264
Simulation time is 0.165625
+++++++++++++++++++++++++++++++++++++++++++++++++++


+++++++++++++++++++++++++++++++++++++++++++++++++++
At beginning of timestep # 265
Simulation time is 0.165625
IBHierarchyIntegrator::advanceHierarchy(): time interval = [0.165625,0.16625], dt = 0.000625
IBHierarchyIntegrator::preprocessIntegrateHierarchy(): performing Lagrangian forward Euler step
IBHierarchyIntegrator::advanceHierarchy(): integrating hierarchy
IBHierarchyIntegrator::integrateHierarchy(): computing Lagrangian force
IBHierarchyIntegrator::integrateHierarchy(): spreading Lagrangian force to the Eulerian grid
IBHierarchyIntegrator::integrateHierarchy(): solving the incompressible Navier-Stokes equations
INSStaggeredHierarchyIntegrator::integrateHierarchy(): stokes solve number of iterations = 1
INSStaggeredHierarchyIntegrator::integrateHierarchy(): stokes solve residual norm        = 8.20355e-06
IBHierarchyIntegrator::integrateHierarchy(): interpolating Eulerian velocity to the Lagrangian mesh
IBHierarchyIntegrator::integrateHierarchy(): performing Lagrangian midpoint-rule step
IBHierarchyIntegrator::postprocessIntegrateHierarchy(): interpolating Eulerian velocity to the Lagrangian mesh
IBHierarchyIntegrator::postprocessIntegrateHierarchy(): CFL number = 6.02589e-06
IBHierarchyIntegrator::postprocessIntegrateHierarchy(): Eulerian estimate of upper bound on IB point displacement since last regrid = 0.00154241
IBHierarchyIntegrator::advanceHierarchy(): synchronizing updated data
IBHierarchyIntegrator::advanceHierarchy(): resetting time dependent data

At end       of timestep # 265
Simulation time is 0.16625
+++++++++++++++++++++++++++++++++++++++++++++++++++


+++++++++++++++++++++++++++++++++++++++++++++++++++
At beginning of timestep # 266
Simulation time is 0.16625
IBHierarchyIntegrator::advanceHierarchy(): time interval = [0.16625,0.166875], dt = 0.000625
IBHierarchyIntegrator::preprocessIntegrateHierarchy(): performing Lagrangian forward Euler step
IBHierarchyIntegrator::advanceHierarchy(): integrating hierarchy
IBHierarchyIntegrator::integrateHierarchy(): computing Lagrangian force
IBHierarchyIntegrator::integrateHierarchy(): spreading Lagrangian force to the Eulerian grid
IBHierarchyIntegrator::integrateHierarchy(): solving the incompressible Navier-Stokes equations
INSStaggeredHierarchyIntegrator::integrateHierarchy(): stokes solve number of iterations = 1
INSStaggeredHierarchyIntegrator::integrateHierarchy(): stokes solve residual norm        = 8.29897e-06
IBHierarchyIntegrator::integrateHierarchy(): interpolating Eulerian velocity to the Lagrangian mesh
IBHierarchyIntegrator::integrateHierarchy(): performing Lagrangian midpoint-rule step
IBHierarchyIntegrator::postprocessIntegrateHierarchy(): interpolating Eulerian velocity to the Lagrangian mesh
IBHierarchyIntegrator::postprocessIntegrateHierarchy(): CFL number = 6.02637e-06
IBHierarchyIntegrator::postprocessIntegrateHierarchy(): Eulerian estimate of upper bound on IB point displacement since last regrid = 0.00154844
IBHierarchyIntegrator::advanceHierarchy(): synchronizing updated data
IBHierarchyIntegrator::advanceHierarchy(): resetting time dependent data

At end       of timestep # 266
Simulation time is 0.166875
+++++++++++++++++++++++++++++++++++++++++++++++++++


+++++++++++++++++++++++++++++++++++++++++++++++++++
At beginning of timestep # 267
Simulation time is 0.166875
IBHierarchyIntegrator::advanceHierarchy(): time interval = [0.166875,0.1675], dt = 0.000625
IBHierarchyIntegrator::preprocessIntegrateHierarchy(): performing Lagrangian forward Euler step
IBHierarchyIntegrator::advanceHierarchy(): integrating hierarchy
IBHierarchyIntegrator::integrateHierarchy(): computing Lagrangian force
IBHierarchyIntegrator::integrateHierarchy(): spreading Lagrangian force to the Eulerian grid
IBHierarchyIntegrator::integrateHierarchy(): solving the incompressible Navier-Stokes equations
INSStaggeredHierarchyIntegrator::integrateHierarchy(): stokes solve number of iterations = 1
INSStaggeredHierarchyIntegrator::integrateHierarchy(): stokes solve residual norm        = 8.39262e-06
IBHierarchyIntegrator::integrateHierarchy(): interpolating Eulerian velocity to the Lagrangian mesh
IBHierarchyIntegrator::integrateHierarchy(): performing Lagrangian midpoint-rule step
IBHierarchyIntegrator::postprocessIntegrateHierarchy(): interpolating Eulerian velocity to the Lagrangian mesh
IBHierarchyIntegrator::postprocessIntegrateHierarchy(): CFL number = 6.02687e-06
IBHierarchyIntegrator::postprocessIntegrateHierarchy(): Eulerian estimate of upper bound on IB point displacement since last regrid = 0.00155446
IBHierarchyIntegrator::advanceHierarchy(): synchronizing updated data
IBHierarchyIntegrator::advanceHierarchy(): resetting time dependent data

At end       of timestep # 267
Simulation time is 0.1675
+++++++++++++++++++++++++++++++++++++++++++++++++++


+++++++++++++++++++++++++++++++++++++++++++++++++++
At beginning of timestep # 268
Simulation time is 0.1675
IBHierarchyIntegrator::advanceHierarchy(): time interval = [0.1675,0.168125], dt = 0.000625
IBHierarchyIntegrator::preprocessIntegrateHierarchy(): performing Lagrangian forward Euler step
IBHierarchyIntegrator::advanceHierarchy(): integrating hierarchy
IBHierarchyIntegrator::integrateHierarchy(): computing Lagrangian force
IBHierarchyIntegrator::integrateHierarchy(): spreading Lagrangian force to the Eulerian grid
IBHierarchyIntegrator::integrateHierarchy(): solving the incompressible Navier-Stokes equations
INSStaggeredHierarchyIntegrator::integrateHierarchy(): stokes solve number of iterations = 1
INSStaggeredHierarchyIntegrator::integrateHierarchy(): stokes solve residual norm        = 8.48402e-06
IBHierarchyIntegrator::integrateHierarchy(): interpolating Eulerian velocity to the Lagrangian mesh
IBHierarchyIntegrator::integrateHierarchy(): performing Lagrangian midpoint-rule step
IBHierarchyIntegrator::postprocessIntegrateHierarchy(): interpolating Eulerian velocity to the Lagrangian mesh
IBHierarchyIntegrator::postprocessIntegrateHierarchy(): CFL number = 6.02737e-06
IBHierarchyIntegrator::postprocessIntegrateHierarchy(): Eulerian estimate of upper bound on IB point displacement since last regrid = 0.00156049
IBHierarchyIntegrator::advanceHierarchy(): synchronizing updated data
IBHierarchyIntegrator::advanceHierarchy(): resetting time dependent data

At end       of timestep # 268
Simulation time is 0.168125
+++++++++++++++++++++++++++++++++++++++++++++++++++


+++++++++++++++++++++++++++++++++++++++++++++++++++
At beginning of timestep # 269
Simulation time is 0.168125
IBHierarchyIntegrator::advanceHierarchy(): time interval = [0.168125,0.16875], dt = 0.000625
IBHierarchyIntegrator::preprocessIntegrateHierarchy(): performing Lagrangian forward Euler step
IBHierarchyIntegrator::advanceHierarchy(): integrating hierarchy
IBHierarchyIntegrator::integrateHierarchy(): computing Lagrangian force
IBHierarchyIntegrator::integrateHierarchy(): spreading Lagrangian force to the Eulerian grid
IBHierarchyIntegrator::integrateHierarchy(): solving the incompressible Navier-Stokes equations
INSStaggeredHierarchyIntegrator::integrateHierarchy(): stokes solve number of iterations = 1
INSStaggeredHierarchyIntegrator::integrateHierarchy(): stokes solve residual norm        = 8.57357e-06
IBHierarchyIntegrator::integrateHierarchy(): interpolating Eulerian velocity to the Lagrangian mesh
IBHierarchyIntegrator::integrateHierarchy(): performing Lagrangian midpoint-rule step
IBHierarchyIntegrator::postprocessIntegrateHierarchy(): interpolating Eulerian velocity to the Lagrangian mesh
IBHierarchyIntegrator::postprocessIntegrateHierarchy(): CFL number = 6.02788e-06
IBHierarchyIntegrator::postprocessIntegrateHierarchy(): Eulerian estimate of upper bound on IB point displacement since last regrid = 0.00156652
IBHierarchyIntegrator::advanceHierarchy(): synchronizing updated data
IBHierarchyIntegrator::advanceHierarchy(): resetting time dependent data

At end       of timestep # 269
Simulation time is 0.16875
+++++++++++++++++++++++++++++++++++++++++++++++++++


+++++++++++++++++++++++++++++++++++++++++++++++++++
At beginning of timestep # 270
Simulation time is 0.16875
IBHierarchyIntegrator::advanceHierarchy(): time interval = [0.16875,0.169375], dt = 0.000625
IBHierarchyIntegrator::preprocessIntegrateHierarchy(): performing Lagrangian forward Euler step
IBHierarchyIntegrator::advanceHierarchy(): integrating hierarchy
IBHierarchyIntegrator::integrateHierarchy(): computing Lagrangian force
IBHierarchyIntegrator::integrateHierarchy(): spreading Lagrangian force to the Eulerian grid
IBHierarchyIntegrator::integrateHierarchy(): solving the incompressible Navier-Stokes equations
INSStaggeredHierarchyIntegrator::integrateHierarchy(): stokes solve number of iterations = 1
INSStaggeredHierarchyIntegrator::integrateHierarchy(): stokes solve residual norm        = 8.66063e-06
IBHierarchyIntegrator::integrateHierarchy(): interpolating Eulerian velocity to the Lagrangian mesh
IBHierarchyIntegrator::integrateHierarchy(): performing Lagrangian midpoint-rule step
IBHierarchyIntegrator::postprocessIntegrateHierarchy(): interpolating Eulerian velocity to the Lagrangian mesh
IBHierarchyIntegrator::postprocessIntegrateHierarchy(): CFL number = 6.02839e-06
IBHierarchyIntegrator::postprocessIntegrateHierarchy(): Eulerian estimate of upper bound on IB point displacement since last regrid = 0.00157255
IBHierarchyIntegrator::advanceHierarchy(): synchronizing updated data
IBHierarchyIntegrator::advanceHierarchy(): resetting time dependent data

At end       of timestep # 270
Simulation time is 0.169375
+++++++++++++++++++++++++++++++++++++++++++++++++++


+++++++++++++++++++++++++++++++++++++++++++++++++++
At beginning of timestep # 271
Simulation time is 0.169375
IBHierarchyIntegrator::advanceHierarchy(): time interval = [0.169375,0.17], dt = 0.000625
IBHierarchyIntegrator::preprocessIntegrateHierarchy(): performing Lagrangian forward Euler step
IBHierarchyIntegrator::advanceHierarchy(): integrating hierarchy
IBHierarchyIntegrator::integrateHierarchy(): computing Lagrangian force
IBHierarchyIntegrator::integrateHierarchy(): spreading Lagrangian force to the Eulerian grid
IBHierarchyIntegrator::integrateHierarchy(): solving the incompressible Navier-Stokes equations
INSStaggeredHierarchyIntegrator::integrateHierarchy(): stokes solve number of iterations = 1
INSStaggeredHierarchyIntegrator::integrateHierarchy(): stokes solve residual norm        = 8.74585e-06
IBHierarchyIntegrator::integrateHierarchy(): interpolating Eulerian velocity to the Lagrangian mesh
IBHierarchyIntegrator::integrateHierarchy(): performing Lagrangian midpoint-rule step
IBHierarchyIntegrator::postprocessIntegrateHierarchy(): interpolating Eulerian velocity to the Lagrangian mesh
IBHierarchyIntegrator::postprocessIntegrateHierarchy(): CFL number = 6.0289e-06
IBHierarchyIntegrator::postprocessIntegrateHierarchy(): Eulerian estimate of upper bound on IB point displacement since last regrid = 0.00157858
IBHierarchyIntegrator::advanceHierarchy(): synchronizing updated data
IBHierarchyIntegrator::advanceHierarchy(): resetting time dependent data

At end       of timestep # 271
Simulation time is 0.17
+++++++++++++++++++++++++++++++++++++++++++++++++++


+++++++++++++++++++++++++++++++++++++++++++++++++++
At beginning of timestep # 272
Simulation time is 0.17
IBHierarchyIntegrator::advanceHierarchy(): time interval = [0.17,0.170625], dt = 0.000625
IBHierarchyIntegrator::preprocessIntegrateHierarchy(): performing Lagrangian forward Euler step
IBHierarchyIntegrator::advanceHierarchy(): integrating hierarchy
IBHierarchyIntegrator::integrateHierarchy(): computing Lagrangian force
IBHierarchyIntegrator::integrateHierarchy(): spreading Lagrangian force to the Eulerian grid
IBHierarchyIntegrator::integrateHierarchy(): solving the incompressible Navier-Stokes equations
INSStaggeredHierarchyIntegrator::integrateHierarchy(): stokes solve number of iterations = 1
INSStaggeredHierarchyIntegrator::integrateHierarchy(): stokes solve residual norm        = 8.82832e-06
IBHierarchyIntegrator::integrateHierarchy(): interpolating Eulerian velocity to the Lagrangian mesh
IBHierarchyIntegrator::integrateHierarchy(): performing Lagrangian midpoint-rule step
IBHierarchyIntegrator::postprocessIntegrateHierarchy(): interpolating Eulerian velocity to the Lagrangian mesh
IBHierarchyIntegrator::postprocessIntegrateHierarchy(): CFL number = 6.02942e-06
IBHierarchyIntegrator::postprocessIntegrateHierarchy(): Eulerian estimate of upper bound on IB point displacement since last regrid = 0.00158461
IBHierarchyIntegrator::advanceHierarchy(): synchronizing updated data
IBHierarchyIntegrator::advanceHierarchy(): resetting time dependent data

At end       of timestep # 272
Simulation time is 0.170625
+++++++++++++++++++++++++++++++++++++++++++++++++++


+++++++++++++++++++++++++++++++++++++++++++++++++++
At beginning of timestep # 273
Simulation time is 0.170625
IBHierarchyIntegrator::advanceHierarchy(): time interval = [0.170625,0.17125], dt = 0.000625
IBHierarchyIntegrator::preprocessIntegrateHierarchy(): performing Lagrangian forward Euler step
IBHierarchyIntegrator::advanceHierarchy(): integrating hierarchy
IBHierarchyIntegrator::integrateHierarchy(): computing Lagrangian force
IBHierarchyIntegrator::integrateHierarchy(): spreading Lagrangian force to the Eulerian grid
IBHierarchyIntegrator::integrateHierarchy(): solving the incompressible Navier-Stokes equations
INSStaggeredHierarchyIntegrator::integrateHierarchy(): stokes solve number of iterations = 2
INSStaggeredHierarchyIntegrator::integrateHierarchy(): stokes solve residual norm        = 1.34208e-07
IBHierarchyIntegrator::integrateHierarchy(): interpolating Eulerian velocity to the Lagrangian mesh
IBHierarchyIntegrator::integrateHierarchy(): performing Lagrangian midpoint-rule step
IBHierarchyIntegrator::postprocessIntegrateHierarchy(): interpolating Eulerian velocity to the Lagrangian mesh
IBHierarchyIntegrator::postprocessIntegrateHierarchy(): CFL number = 6.02995e-06
IBHierarchyIntegrator::postprocessIntegrateHierarchy(): Eulerian estimate of upper bound on IB point displacement since last regrid = 0.00159063
IBHierarchyIntegrator::advanceHierarchy(): synchronizing updated data
IBHierarchyIntegrator::advanceHierarchy(): resetting time dependent data

At end       of timestep # 273
Simulation time is 0.17125
+++++++++++++++++++++++++++++++++++++++++++++++++++


+++++++++++++++++++++++++++++++++++++++++++++++++++
At beginning of timestep # 274
Simulation time is 0.17125
IBHierarchyIntegrator::advanceHierarchy(): time interval = [0.17125,0.171875], dt = 0.000625
IBHierarchyIntegrator::preprocessIntegrateHierarchy(): performing Lagrangian forward Euler step
IBHierarchyIntegrator::advanceHierarchy(): integrating hierarchy
IBHierarchyIntegrator::integrateHierarchy(): computing Lagrangian force
IBHierarchyIntegrator::integrateHierarchy(): spreading Lagrangian force to the Eulerian grid
IBHierarchyIntegrator::integrateHierarchy(): solving the incompressible Navier-Stokes equations
INSStaggeredHierarchyIntegrator::integrateHierarchy(): stokes solve number of iterations = 2
INSStaggeredHierarchyIntegrator::integrateHierarchy(): stokes solve residual norm        = 1.37259e-07
IBHierarchyIntegrator::integrateHierarchy(): interpolating Eulerian velocity to the Lagrangian mesh
IBHierarchyIntegrator::integrateHierarchy(): performing Lagrangian midpoint-rule step
IBHierarchyIntegrator::postprocessIntegrateHierarchy(): interpolating Eulerian velocity to the Lagrangian mesh
IBHierarchyIntegrator::postprocessIntegrateHierarchy(): CFL number = 6.03048e-06
IBHierarchyIntegrator::postprocessIntegrateHierarchy(): Eulerian estimate of upper bound on IB point displacement since last regrid = 0.00159667
IBHierarchyIntegrator::advanceHierarchy(): synchronizing updated data
IBHierarchyIntegrator::advanceHierarchy(): resetting time dependent data

At end       of timestep # 274
Simulation time is 0.171875
+++++++++++++++++++++++++++++++++++++++++++++++++++


+++++++++++++++++++++++++++++++++++++++++++++++++++
At beginning of timestep # 275
Simulation time is 0.171875
IBHierarchyIntegrator::advanceHierarchy(): time interval = [0.171875,0.1725], dt = 0.000625
IBHierarchyIntegrator::preprocessIntegrateHierarchy(): performing Lagrangian forward Euler step
IBHierarchyIntegrator::advanceHierarchy(): integrating hierarchy
IBHierarchyIntegrator::integrateHierarchy(): computing Lagrangian force
IBHierarchyIntegrator::integrateHierarchy(): spreading Lagrangian force to the Eulerian grid
IBHierarchyIntegrator::integrateHierarchy(): solving the incompressible Navier-Stokes equations
INSStaggeredHierarchyIntegrator::integrateHierarchy(): stokes solve number of iterations = 2
INSStaggeredHierarchyIntegrator::integrateHierarchy(): stokes solve residual norm        = 1.39298e-07
IBHierarchyIntegrator::integrateHierarchy(): interpolating Eulerian velocity to the Lagrangian mesh
IBHierarchyIntegrator::integrateHierarchy(): performing Lagrangian midpoint-rule step
IBHierarchyIntegrator::postprocessIntegrateHierarchy(): interpolating Eulerian velocity to the Lagrangian mesh
IBHierarchyIntegrator::postprocessIntegrateHierarchy(): CFL number = 6.03101e-06
IBHierarchyIntegrator::postprocessIntegrateHierarchy(): Eulerian estimate of upper bound on IB point displacement since last regrid = 0.0016027
IBHierarchyIntegrator::advanceHierarchy(): synchronizing updated data
IBHierarchyIntegrator::advanceHierarchy(): resetting time dependent data

At end       of timestep # 275
Simulation time is 0.1725
+++++++++++++++++++++++++++++++++++++++++++++++++++


+++++++++++++++++++++++++++++++++++++++++++++++++++
At beginning of timestep # 276
Simulation time is 0.1725
IBHierarchyIntegrator::advanceHierarchy(): time interval = [0.1725,0.173125], dt = 0.000625
IBHierarchyIntegrator::preprocessIntegrateHierarchy(): performing Lagrangian forward Euler step
IBHierarchyIntegrator::advanceHierarchy(): integrating hierarchy
IBHierarchyIntegrator::integrateHierarchy(): computing Lagrangian force
IBHierarchyIntegrator::integrateHierarchy(): spreading Lagrangian force to the Eulerian grid
IBHierarchyIntegrator::integrateHierarchy(): solving the incompressible Navier-Stokes equations
INSStaggeredHierarchyIntegrator::integrateHierarchy(): stokes solve number of iterations = 2
INSStaggeredHierarchyIntegrator::integrateHierarchy(): stokes solve residual norm        = 1.40832e-07
IBHierarchyIntegrator::integrateHierarchy(): interpolating Eulerian velocity to the Lagrangian mesh
IBHierarchyIntegrator::integrateHierarchy(): performing Lagrangian midpoint-rule step
IBHierarchyIntegrator::postprocessIntegrateHierarchy(): interpolating Eulerian velocity to the Lagrangian mesh
IBHierarchyIntegrator::postprocessIntegrateHierarchy(): CFL number = 6.03154e-06
IBHierarchyIntegrator::postprocessIntegrateHierarchy(): Eulerian estimate of upper bound on IB point displacement since last regrid = 0.00160873
IBHierarchyIntegrator::advanceHierarchy(): synchronizing updated data
IBHierarchyIntegrator::advanceHierarchy(): resetting time dependent data

At end       of timestep # 276
Simulation time is 0.173125
+++++++++++++++++++++++++++++++++++++++++++++++++++


+++++++++++++++++++++++++++++++++++++++++++++++++++
At beginning of timestep # 277
Simulation time is 0.173125
IBHierarchyIntegrator::advanceHierarchy(): time interval = [0.173125,0.17375], dt = 0.000625
IBHierarchyIntegrator::preprocessIntegrateHierarchy(): performing Lagrangian forward Euler step
IBHierarchyIntegrator::advanceHierarchy(): integrating hierarchy
IBHierarchyIntegrator::integrateHierarchy(): computing Lagrangian force
IBHierarchyIntegrator::integrateHierarchy(): spreading Lagrangian force to the Eulerian grid
IBHierarchyIntegrator::integrateHierarchy(): solving the incompressible Navier-Stokes equations
INSStaggeredHierarchyIntegrator::integrateHierarchy(): stokes solve number of iterations = 2
INSStaggeredHierarchyIntegrator::integrateHierarchy(): stokes solve residual norm        = 1.42201e-07
IBHierarchyIntegrator::integrateHierarchy(): interpolating Eulerian velocity to the Lagrangian mesh
IBHierarchyIntegrator::integrateHierarchy(): performing Lagrangian midpoint-rule step
IBHierarchyIntegrator::postprocessIntegrateHierarchy(): interpolating Eulerian velocity to the Lagrangian mesh
IBHierarchyIntegrator::postprocessIntegrateHierarchy(): CFL number = 6.03207e-06
IBHierarchyIntegrator::postprocessIntegrateHierarchy(): Eulerian estimate of upper bound on IB point displacement since last regrid = 0.00161476
IBHierarchyIntegrator::advanceHierarchy(): synchronizing updated data
IBHierarchyIntegrator::advanceHierarchy(): resetting time dependent data

At end       of timestep # 277
Simulation time is 0.17375
+++++++++++++++++++++++++++++++++++++++++++++++++++


+++++++++++++++++++++++++++++++++++++++++++++++++++
At beginning of timestep # 278
Simulation time is 0.17375
IBHierarchyIntegrator::advanceHierarchy(): time interval = [0.17375,0.174375], dt = 0.000625
IBHierarchyIntegrator::preprocessIntegrateHierarchy(): performing Lagrangian forward Euler step
IBHierarchyIntegrator::advanceHierarchy(): integrating hierarchy
IBHierarchyIntegrator::integrateHierarchy(): computing Lagrangian force
IBHierarchyIntegrator::integrateHierarchy(): spreading Lagrangian force to the Eulerian grid
IBHierarchyIntegrator::integrateHierarchy(): solving the incompressible Navier-Stokes equations
INSStaggeredHierarchyIntegrator::integrateHierarchy(): stokes solve number of iterations = 2
INSStaggeredHierarchyIntegrator::integrateHierarchy(): stokes solve residual norm        = 1.43449e-07
IBHierarchyIntegrator::integrateHierarchy(): interpolating Eulerian velocity to the Lagrangian mesh
IBHierarchyIntegrator::integrateHierarchy(): performing Lagrangian midpoint-rule step
IBHierarchyIntegrator::postprocessIntegrateHierarchy(): interpolating Eulerian velocity to the Lagrangian mesh
IBHierarchyIntegrator::postprocessIntegrateHierarchy(): CFL number = 6.0326e-06
IBHierarchyIntegrator::postprocessIntegrateHierarchy(): Eulerian estimate of upper bound on IB point displacement since last regrid = 0.00162079
IBHierarchyIntegrator::advanceHierarchy(): synchronizing updated data
IBHierarchyIntegrator::advanceHierarchy(): resetting time dependent data

At end       of timestep # 278
Simulation time is 0.174375
+++++++++++++++++++++++++++++++++++++++++++++++++++


+++++++++++++++++++++++++++++++++++++++++++++++++++
At beginning of timestep # 279
Simulation time is 0.174375
IBHierarchyIntegrator::advanceHierarchy(): time interval = [0.174375,0.175], dt = 0.000625
IBHierarchyIntegrator::preprocessIntegrateHierarchy(): performing Lagrangian forward Euler step
IBHierarchyIntegrator::advanceHierarchy(): integrating hierarchy
IBHierarchyIntegrator::integrateHierarchy(): computing Lagrangian force
IBHierarchyIntegrator::integrateHierarchy(): spreading Lagrangian force to the Eulerian grid
IBHierarchyIntegrator::integrateHierarchy(): solving the incompressible Navier-Stokes equations
INSStaggeredHierarchyIntegrator::integrateHierarchy(): stokes solve number of iterations = 2
INSStaggeredHierarchyIntegrator::integrateHierarchy(): stokes solve residual norm        = 1.44595e-07
IBHierarchyIntegrator::integrateHierarchy(): interpolating Eulerian velocity to the Lagrangian mesh
IBHierarchyIntegrator::integrateHierarchy(): performing Lagrangian midpoint-rule step
IBHierarchyIntegrator::postprocessIntegrateHierarchy(): interpolating Eulerian velocity to the Lagrangian mesh
IBHierarchyIntegrator::postprocessIntegrateHierarchy(): CFL number = 6.03313e-06
IBHierarchyIntegrator::postprocessIntegrateHierarchy(): Eulerian estimate of upper bound on IB point displacement since last regrid = 0.00162683
IBHierarchyIntegrator::advanceHierarchy(): synchronizing updated data
IBHierarchyIntegrator::advanceHierarchy(): resetting time dependent data

At end       of timestep # 279
Simulation time is 0.175
+++++++++++++++++++++++++++++++++++++++++++++++++++


+++++++++++++++++++++++++++++++++++++++++++++++++++
At beginning of timestep # 280
Simulation time is 0.175
IBHierarchyIntegrator::advanceHierarchy(): time interval = [0.175,0.175625], dt = 0.000625
IBHierarchyIntegrator::preprocessIntegrateHierarchy(): performing Lagrangian forward Euler step
IBHierarchyIntegrator::advanceHierarchy(): integrating hierarchy
IBHierarchyIntegrator::integrateHierarchy(): computing Lagrangian force
IBHierarchyIntegrator::integrateHierarchy(): spreading Lagrangian force to the Eulerian grid
IBHierarchyIntegrator::integrateHierarchy(): solving the incompressible Navier-Stokes equations
INSStaggeredHierarchyIntegrator::integrateHierarchy(): stokes solve number of iterations = 2
INSStaggeredHierarchyIntegrator::integrateHierarchy(): stokes solve residual norm        = 1.45652e-07
IBHierarchyIntegrator::integrateHierarchy(): interpolating Eulerian velocity to the Lagrangian mesh
IBHierarchyIntegrator::integrateHierarchy(): performing Lagrangian midpoint-rule step
IBHierarchyIntegrator::postprocessIntegrateHierarchy(): interpolating Eulerian velocity to the Lagrangian mesh
IBHierarchyIntegrator::postprocessIntegrateHierarchy(): CFL number = 6.03366e-06
IBHierarchyIntegrator::postprocessIntegrateHierarchy(): Eulerian estimate of upper bound on IB point displacement since last regrid = 0.00163286
IBHierarchyIntegrator::advanceHierarchy(): synchronizing updated data
IBHierarchyIntegrator::advanceHierarchy(): resetting time dependent data

At end       of timestep # 280
Simulation time is 0.175625
+++++++++++++++++++++++++++++++++++++++++++++++++++


+++++++++++++++++++++++++++++++++++++++++++++++++++
At beginning of timestep # 281
Simulation time is 0.175625
IBHierarchyIntegrator::advanceHierarchy(): time interval = [0.175625,0.17625], dt = 0.000625
IBHierarchyIntegrator::preprocessIntegrateHierarchy(): performing Lagrangian forward Euler step
IBHierarchyIntegrator::advanceHierarchy(): integrating hierarchy
IBHierarchyIntegrator::integrateHierarchy(): computing Lagrangian force
IBHierarchyIntegrator::integrateHierarchy(): spreading Lagrangian force to the Eulerian grid
IBHierarchyIntegrator::integrateHierarchy(): solving the incompressible Navier-Stokes equations
INSStaggeredHierarchyIntegrator::integrateHierarchy(): stokes solve number of iterations = 2
INSStaggeredHierarchyIntegrator::integrateHierarchy(): stokes solve residual norm        = 1.46635e-07
IBHierarchyIntegrator::integrateHierarchy(): interpolating Eulerian velocity to the Lagrangian mesh
IBHierarchyIntegrator::integrateHierarchy(): performing Lagrangian midpoint-rule step
IBHierarchyIntegrator::postprocessIntegrateHierarchy(): interpolating Eulerian velocity to the Lagrangian mesh
IBHierarchyIntegrator::postprocessIntegrateHierarchy(): CFL number = 6.03418e-06
IBHierarchyIntegrator::postprocessIntegrateHierarchy(): Eulerian estimate of upper bound on IB point displacement since last regrid = 0.00163889
IBHierarchyIntegrator::advanceHierarchy(): synchronizing updated data
IBHierarchyIntegrator::advanceHierarchy(): resetting time dependent data

At end       of timestep # 281
Simulation time is 0.17625
+++++++++++++++++++++++++++++++++++++++++++++++++++


+++++++++++++++++++++++++++++++++++++++++++++++++++
At beginning of timestep # 282
Simulation time is 0.17625
IBHierarchyIntegrator::advanceHierarchy(): time interval = [0.17625,0.176875], dt = 0.000625
IBHierarchyIntegrator::preprocessIntegrateHierarchy(): performing Lagrangian forward Euler step
IBHierarchyIntegrator::advanceHierarchy(): integrating hierarchy
IBHierarchyIntegrator::integrateHierarchy(): computing Lagrangian force
IBHierarchyIntegrator::integrateHierarchy(): spreading Lagrangian force to the Eulerian grid
IBHierarchyIntegrator::integrateHierarchy(): solving the incompressible Navier-Stokes equations
INSStaggeredHierarchyIntegrator::integrateHierarchy(): stokes solve number of iterations = 2
INSStaggeredHierarchyIntegrator::integrateHierarchy(): stokes solve residual norm        = 1.47546e-07
IBHierarchyIntegrator::integrateHierarchy(): interpolating Eulerian velocity to the Lagrangian mesh
IBHierarchyIntegrator::integrateHierarchy(): performing Lagrangian midpoint-rule step
IBHierarchyIntegrator::postprocessIntegrateHierarchy(): interpolating Eulerian velocity to the Lagrangian mesh
IBHierarchyIntegrator::postprocessIntegrateHierarchy(): CFL number = 6.0347e-06
IBHierarchyIntegrator::postprocessIntegrateHierarchy(): Eulerian estimate of upper bound on IB point displacement since last regrid = 0.00164493
IBHierarchyIntegrator::advanceHierarchy(): synchronizing updated data
IBHierarchyIntegrator::advanceHierarchy(): resetting time dependent data

At end       of timestep # 282
Simulation time is 0.176875
+++++++++++++++++++++++++++++++++++++++++++++++++++


+++++++++++++++++++++++++++++++++++++++++++++++++++
At beginning of timestep # 283
Simulation time is 0.176875
IBHierarchyIntegrator::advanceHierarchy(): time interval = [0.176875,0.1775], dt = 0.000625
IBHierarchyIntegrator::preprocessIntegrateHierarchy(): performing Lagrangian forward Euler step
IBHierarchyIntegrator::advanceHierarchy(): integrating hierarchy
IBHierarchyIntegrator::integrateHierarchy(): computing Lagrangian force
IBHierarchyIntegrator::integrateHierarchy(): spreading Lagrangian force to the Eulerian grid
IBHierarchyIntegrator::integrateHierarchy(): solving the incompressible Navier-Stokes equations
INSStaggeredHierarchyIntegrator::integrateHierarchy(): stokes solve number of iterations = 2
INSStaggeredHierarchyIntegrator::integrateHierarchy(): stokes solve residual norm        = 1.48396e-07
IBHierarchyIntegrator::integrateHierarchy(): interpolating Eulerian velocity to the Lagrangian mesh
IBHierarchyIntegrator::integrateHierarchy(): performing Lagrangian midpoint-rule step
IBHierarchyIntegrator::postprocessIntegrateHierarchy(): interpolating Eulerian velocity to the Lagrangian mesh
IBHierarchyIntegrator::postprocessIntegrateHierarchy(): CFL number = 6.03522e-06
IBHierarchyIntegrator::postprocessIntegrateHierarchy(): Eulerian estimate of upper bound on IB point displacement since last regrid = 0.00165096
IBHierarchyIntegrator::advanceHierarchy(): synchronizing updated data
IBHierarchyIntegrator::advanceHierarchy(): resetting time dependent data

At end       of timestep # 283
Simulation time is 0.1775
+++++++++++++++++++++++++++++++++++++++++++++++++++


+++++++++++++++++++++++++++++++++++++++++++++++++++
At beginning of timestep # 284
Simulation time is 0.1775
IBHierarchyIntegrator::advanceHierarchy(): time interval = [0.1775,0.178125], dt = 0.000625
IBHierarchyIntegrator::preprocessIntegrateHierarchy(): performing Lagrangian forward Euler step
IBHierarchyIntegrator::advanceHierarchy(): integrating hierarchy
IBHierarchyIntegrator::integrateHierarchy(): computing Lagrangian force
IBHierarchyIntegrator::integrateHierarchy(): spreading Lagrangian force to the Eulerian grid
IBHierarchyIntegrator::integrateHierarchy(): solving the incompressible Navier-Stokes equations
INSStaggeredHierarchyIntegrator::integrateHierarchy(): stokes solve number of iterations = 2
INSStaggeredHierarchyIntegrator::integrateHierarchy(): stokes solve residual norm        = 1.49182e-07
IBHierarchyIntegrator::integrateHierarchy(): interpolating Eulerian velocity to the Lagrangian mesh
IBHierarchyIntegrator::integrateHierarchy(): performing Lagrangian midpoint-rule step
IBHierarchyIntegrator::postprocessIntegrateHierarchy(): interpolating Eulerian velocity to the Lagrangian mesh
IBHierarchyIntegrator::postprocessIntegrateHierarchy(): CFL number = 6.03573e-06
IBHierarchyIntegrator::postprocessIntegrateHierarchy(): Eulerian estimate of upper bound on IB point displacement since last regrid = 0.001657
IBHierarchyIntegrator::advanceHierarchy(): synchronizing updated data
IBHierarchyIntegrator::advanceHierarchy(): resetting time dependent data

At end       of timestep # 284
Simulation time is 0.178125
+++++++++++++++++++++++++++++++++++++++++++++++++++


+++++++++++++++++++++++++++++++++++++++++++++++++++
At beginning of timestep # 285
Simulation time is 0.178125
IBHierarchyIntegrator::advanceHierarchy(): time interval = [0.178125,0.17875], dt = 0.000625
IBHierarchyIntegrator::preprocessIntegrateHierarchy(): performing Lagrangian forward Euler step
IBHierarchyIntegrator::advanceHierarchy(): integrating hierarchy
IBHierarchyIntegrator::integrateHierarchy(): computing Lagrangian force
IBHierarchyIntegrator::integrateHierarchy(): spreading Lagrangian force to the Eulerian grid
IBHierarchyIntegrator::integrateHierarchy(): solving the incompressible Navier-Stokes equations
INSStaggeredHierarchyIntegrator::integrateHierarchy(): stokes solve number of iterations = 2
INSStaggeredHierarchyIntegrator::integrateHierarchy(): stokes solve residual norm        = 1.49911e-07
IBHierarchyIntegrator::integrateHierarchy(): interpolating Eulerian velocity to the Lagrangian mesh
IBHierarchyIntegrator::integrateHierarchy(): performing Lagrangian midpoint-rule step
IBHierarchyIntegrator::postprocessIntegrateHierarchy(): interpolating Eulerian velocity to the Lagrangian mesh
IBHierarchyIntegrator::postprocessIntegrateHierarchy(): CFL number = 6.03624e-06
IBHierarchyIntegrator::postprocessIntegrateHierarchy(): Eulerian estimate of upper bound on IB point displacement since last regrid = 0.00166304
IBHierarchyIntegrator::advanceHierarchy(): synchronizing updated data
IBHierarchyIntegrator::advanceHierarchy(): resetting time dependent data

At end       of timestep # 285
Simulation time is 0.17875
+++++++++++++++++++++++++++++++++++++++++++++++++++


+++++++++++++++++++++++++++++++++++++++++++++++++++
At beginning of timestep # 286
Simulation time is 0.17875
IBHierarchyIntegrator::advanceHierarchy(): time interval = [0.17875,0.179375], dt = 0.000625
IBHierarchyIntegrator::preprocessIntegrateHierarchy(): performing Lagrangian forward Euler step
IBHierarchyIntegrator::advanceHierarchy(): integrating hierarchy
IBHierarchyIntegrator::integrateHierarchy(): computing Lagrangian force
IBHierarchyIntegrator::integrateHierarchy(): spreading Lagrangian force to the Eulerian grid
IBHierarchyIntegrator::integrateHierarchy(): solving the incompressible Navier-Stokes equations
INSStaggeredHierarchyIntegrator::integrateHierarchy(): stokes solve number of iterations = 2
INSStaggeredHierarchyIntegrator::integrateHierarchy(): stokes solve residual norm        = 1.50588e-07
IBHierarchyIntegrator::integrateHierarchy(): interpolating Eulerian velocity to the Lagrangian mesh
IBHierarchyIntegrator::integrateHierarchy(): performing Lagrangian midpoint-rule step
IBHierarchyIntegrator::postprocessIntegrateHierarchy(): interpolating Eulerian velocity to the Lagrangian mesh
IBHierarchyIntegrator::postprocessIntegrateHierarchy(): CFL number = 6.03675e-06
IBHierarchyIntegrator::postprocessIntegrateHierarchy(): Eulerian estimate of upper bound on IB point displacement since last regrid = 0.00166907
IBHierarchyIntegrator::advanceHierarchy(): synchronizing updated data
IBHierarchyIntegrator::advanceHierarchy(): resetting time dependent data

At end       of timestep # 286
Simulation time is 0.179375
+++++++++++++++++++++++++++++++++++++++++++++++++++


+++++++++++++++++++++++++++++++++++++++++++++++++++
At beginning of timestep # 287
Simulation time is 0.179375
IBHierarchyIntegrator::advanceHierarchy(): time interval = [0.179375,0.18], dt = 0.000625
IBHierarchyIntegrator::preprocessIntegrateHierarchy(): performing Lagrangian forward Euler step
IBHierarchyIntegrator::advanceHierarchy(): integrating hierarchy
IBHierarchyIntegrator::integrateHierarchy(): computing Lagrangian force
IBHierarchyIntegrator::integrateHierarchy(): spreading Lagrangian force to the Eulerian grid
IBHierarchyIntegrator::integrateHierarchy(): solving the incompressible Navier-Stokes equations
INSStaggeredHierarchyIntegrator::integrateHierarchy(): stokes solve number of iterations = 2
INSStaggeredHierarchyIntegrator::integrateHierarchy(): stokes solve residual norm        = 1.51209e-07
IBHierarchyIntegrator::integrateHierarchy(): interpolating Eulerian velocity to the Lagrangian mesh
IBHierarchyIntegrator::integrateHierarchy(): performing Lagrangian midpoint-rule step
IBHierarchyIntegrator::postprocessIntegrateHierarchy(): interpolating Eulerian velocity to the Lagrangian mesh
IBHierarchyIntegrator::postprocessIntegrateHierarchy(): CFL number = 6.03724e-06
IBHierarchyIntegrator::postprocessIntegrateHierarchy(): Eulerian estimate of upper bound on IB point displacement since last regrid = 0.00167511
IBHierarchyIntegrator::advanceHierarchy(): synchronizing updated data
IBHierarchyIntegrator::advanceHierarchy(): resetting time dependent data

At end       of timestep # 287
Simulation time is 0.18
+++++++++++++++++++++++++++++++++++++++++++++++++++


+++++++++++++++++++++++++++++++++++++++++++++++++++
At beginning of timestep # 288
Simulation time is 0.18
IBHierarchyIntegrator::advanceHierarchy(): time interval = [0.18,0.180625], dt = 0.000625
IBHierarchyIntegrator::preprocessIntegrateHierarchy(): performing Lagrangian forward Euler step
IBHierarchyIntegrator::advanceHierarchy(): integrating hierarchy
IBHierarchyIntegrator::integrateHierarchy(): computing Lagrangian force
IBHierarchyIntegrator::integrateHierarchy(): spreading Lagrangian force to the Eulerian grid
IBHierarchyIntegrator::integrateHierarchy(): solving the incompressible Navier-Stokes equations
INSStaggeredHierarchyIntegrator::integrateHierarchy(): stokes solve number of iterations = 2
INSStaggeredHierarchyIntegrator::integrateHierarchy(): stokes solve residual norm        = 1.51777e-07
IBHierarchyIntegrator::integrateHierarchy(): interpolating Eulerian velocity to the Lagrangian mesh
IBHierarchyIntegrator::integrateHierarchy(): performing Lagrangian midpoint-rule step
IBHierarchyIntegrator::postprocessIntegrateHierarchy(): interpolating Eulerian velocity to the Lagrangian mesh
IBHierarchyIntegrator::postprocessIntegrateHierarchy(): CFL number = 6.03774e-06
IBHierarchyIntegrator::postprocessIntegrateHierarchy(): Eulerian estimate of upper bound on IB point displacement since last regrid = 0.00168115
IBHierarchyIntegrator::advanceHierarchy(): synchronizing updated data
IBHierarchyIntegrator::advanceHierarchy(): resetting time dependent data

At end       of timestep # 288
Simulation time is 0.180625
+++++++++++++++++++++++++++++++++++++++++++++++++++


+++++++++++++++++++++++++++++++++++++++++++++++++++
At beginning of timestep # 289
Simulation time is 0.180625
IBHierarchyIntegrator::advanceHierarchy(): time interval = [0.180625,0.18125], dt = 0.000625
IBHierarchyIntegrator::preprocessIntegrateHierarchy(): performing Lagrangian forward Euler step
IBHierarchyIntegrator::advanceHierarchy(): integrating hierarchy
IBHierarchyIntegrator::integrateHierarchy(): computing Lagrangian force
IBHierarchyIntegrator::integrateHierarchy(): spreading Lagrangian force to the Eulerian grid
IBHierarchyIntegrator::integrateHierarchy(): solving the incompressible Navier-Stokes equations
INSStaggeredHierarchyIntegrator::integrateHierarchy(): stokes solve number of iterations = 2
INSStaggeredHierarchyIntegrator::integrateHierarchy(): stokes solve residual norm        = 1.52294e-07
IBHierarchyIntegrator::integrateHierarchy(): interpolating Eulerian velocity to the Lagrangian mesh
IBHierarchyIntegrator::integrateHierarchy(): performing Lagrangian midpoint-rule step
IBHierarchyIntegrator::postprocessIntegrateHierarchy(): interpolating Eulerian velocity to the Lagrangian mesh
IBHierarchyIntegrator::postprocessIntegrateHierarchy(): CFL number = 6.03822e-06
IBHierarchyIntegrator::postprocessIntegrateHierarchy(): Eulerian estimate of upper bound on IB point displacement since last regrid = 0.00168719
IBHierarchyIntegrator::advanceHierarchy(): synchronizing updated data
IBHierarchyIntegrator::advanceHierarchy(): resetting time dependent data

At end       of timestep # 289
Simulation time is 0.18125
+++++++++++++++++++++++++++++++++++++++++++++++++++


+++++++++++++++++++++++++++++++++++++++++++++++++++
At beginning of timestep # 290
Simulation time is 0.18125
IBHierarchyIntegrator::advanceHierarchy(): time interval = [0.18125,0.181875], dt = 0.000625
IBHierarchyIntegrator::preprocessIntegrateHierarchy(): performing Lagrangian forward Euler step
IBHierarchyIntegrator::advanceHierarchy(): integrating hierarchy
IBHierarchyIntegrator::integrateHierarchy(): computing Lagrangian force
IBHierarchyIntegrator::integrateHierarchy(): spreading Lagrangian force to the Eulerian grid
IBHierarchyIntegrator::integrateHierarchy(): solving the incompressible Navier-Stokes equations
INSStaggeredHierarchyIntegrator::integrateHierarchy(): stokes solve number of iterations = 2
INSStaggeredHierarchyIntegrator::integrateHierarchy(): stokes solve residual norm        = 1.52761e-07
IBHierarchyIntegrator::integrateHierarchy(): interpolating Eulerian velocity to the Lagrangian mesh
IBHierarchyIntegrator::integrateHierarchy(): performing Lagrangian midpoint-rule step
IBHierarchyIntegrator::postprocessIntegrateHierarchy(): interpolating Eulerian velocity to the Lagrangian mesh
IBHierarchyIntegrator::postprocessIntegrateHierarchy(): CFL number = 6.0387e-06
IBHierarchyIntegrator::postprocessIntegrateHierarchy(): Eulerian estimate of upper bound on IB point displacement since last regrid = 0.00169322
IBHierarchyIntegrator::advanceHierarchy(): synchronizing updated data
IBHierarchyIntegrator::advanceHierarchy(): resetting time dependent data

At end       of timestep # 290
Simulation time is 0.181875
+++++++++++++++++++++++++++++++++++++++++++++++++++


+++++++++++++++++++++++++++++++++++++++++++++++++++
At beginning of timestep # 291
Simulation time is 0.181875
IBHierarchyIntegrator::advanceHierarchy(): time interval = [0.181875,0.1825], dt = 0.000625
IBHierarchyIntegrator::preprocessIntegrateHierarchy(): performing Lagrangian forward Euler step
IBHierarchyIntegrator::advanceHierarchy(): integrating hierarchy
IBHierarchyIntegrator::integrateHierarchy(): computing Lagrangian force
IBHierarchyIntegrator::integrateHierarchy(): spreading Lagrangian force to the Eulerian grid
IBHierarchyIntegrator::integrateHierarchy(): solving the incompressible Navier-Stokes equations
INSStaggeredHierarchyIntegrator::integrateHierarchy(): stokes solve number of iterations = 2
INSStaggeredHierarchyIntegrator::integrateHierarchy(): stokes solve residual norm        = 1.53176e-07
IBHierarchyIntegrator::integrateHierarchy(): interpolating Eulerian velocity to the Lagrangian mesh
IBHierarchyIntegrator::integrateHierarchy(): performing Lagrangian midpoint-rule step
IBHierarchyIntegrator::postprocessIntegrateHierarchy(): interpolating Eulerian velocity to the Lagrangian mesh
IBHierarchyIntegrator::postprocessIntegrateHierarchy(): CFL number = 6.03918e-06
IBHierarchyIntegrator::postprocessIntegrateHierarchy(): Eulerian estimate of upper bound on IB point displacement since last regrid = 0.00169926
IBHierarchyIntegrator::advanceHierarchy(): synchronizing updated data
IBHierarchyIntegrator::advanceHierarchy(): resetting time dependent data

At end       of timestep # 291
Simulation time is 0.1825
+++++++++++++++++++++++++++++++++++++++++++++++++++


+++++++++++++++++++++++++++++++++++++++++++++++++++
At beginning of timestep # 292
Simulation time is 0.1825
IBHierarchyIntegrator::advanceHierarchy(): time interval = [0.1825,0.183125], dt = 0.000625
IBHierarchyIntegrator::preprocessIntegrateHierarchy(): performing Lagrangian forward Euler step
IBHierarchyIntegrator::advanceHierarchy(): integrating hierarchy
IBHierarchyIntegrator::integrateHierarchy(): computing Lagrangian force
IBHierarchyIntegrator::integrateHierarchy(): spreading Lagrangian force to the Eulerian grid
IBHierarchyIntegrator::integrateHierarchy(): solving the incompressible Navier-Stokes equations
INSStaggeredHierarchyIntegrator::integrateHierarchy(): stokes solve number of iterations = 2
INSStaggeredHierarchyIntegrator::integrateHierarchy(): stokes solve residual norm        = 1.53538e-07
IBHierarchyIntegrator::integrateHierarchy(): interpolating Eulerian velocity to the Lagrangian mesh
IBHierarchyIntegrator::integrateHierarchy(): performing Lagrangian midpoint-rule step
IBHierarchyIntegrator::postprocessIntegrateHierarchy(): interpolating Eulerian velocity to the Lagrangian mesh
IBHierarchyIntegrator::postprocessIntegrateHierarchy(): CFL number = 6.03964e-06
IBHierarchyIntegrator::postprocessIntegrateHierarchy(): Eulerian estimate of upper bound on IB point displacement since last regrid = 0.0017053
IBHierarchyIntegrator::advanceHierarchy(): synchronizing updated data
IBHierarchyIntegrator::advanceHierarchy(): resetting time dependent data

At end       of timestep # 292
Simulation time is 0.183125
+++++++++++++++++++++++++++++++++++++++++++++++++++


+++++++++++++++++++++++++++++++++++++++++++++++++++
At beginning of timestep # 293
Simulation time is 0.183125
IBHierarchyIntegrator::advanceHierarchy(): time interval = [0.183125,0.18375], dt = 0.000625
IBHierarchyIntegrator::preprocessIntegrateHierarchy(): performing Lagrangian forward Euler step
IBHierarchyIntegrator::advanceHierarchy(): integrating hierarchy
IBHierarchyIntegrator::integrateHierarchy(): computing Lagrangian force
IBHierarchyIntegrator::integrateHierarchy(): spreading Lagrangian force to the Eulerian grid
IBHierarchyIntegrator::integrateHierarchy(): solving the incompressible Navier-Stokes equations
INSStaggeredHierarchyIntegrator::integrateHierarchy(): stokes solve number of iterations = 2
INSStaggeredHierarchyIntegrator::integrateHierarchy(): stokes solve residual norm        = 1.53855e-07
IBHierarchyIntegrator::integrateHierarchy(): interpolating Eulerian velocity to the Lagrangian mesh
IBHierarchyIntegrator::integrateHierarchy(): performing Lagrangian midpoint-rule step
IBHierarchyIntegrator::postprocessIntegrateHierarchy(): interpolating Eulerian velocity to the Lagrangian mesh
IBHierarchyIntegrator::postprocessIntegrateHierarchy(): CFL number = 6.0401e-06
IBHierarchyIntegrator::postprocessIntegrateHierarchy(): Eulerian estimate of upper bound on IB point displacement since last regrid = 0.00171134
IBHierarchyIntegrator::advanceHierarchy(): synchronizing updated data
IBHierarchyIntegrator::advanceHierarchy(): resetting time dependent data

At end       of timestep # 293
Simulation time is 0.18375
+++++++++++++++++++++++++++++++++++++++++++++++++++


+++++++++++++++++++++++++++++++++++++++++++++++++++
At beginning of timestep # 294
Simulation time is 0.18375
IBHierarchyIntegrator::advanceHierarchy(): time interval = [0.18375,0.184375], dt = 0.000625
IBHierarchyIntegrator::preprocessIntegrateHierarchy(): performing Lagrangian forward Euler step
IBHierarchyIntegrator::advanceHierarchy(): integrating hierarchy
IBHierarchyIntegrator::integrateHierarchy(): computing Lagrangian force
IBHierarchyIntegrator::integrateHierarchy(): spreading Lagrangian force to the Eulerian grid
IBHierarchyIntegrator::integrateHierarchy(): solving the incompressible Navier-Stokes equations
INSStaggeredHierarchyIntegrator::integrateHierarchy(): stokes solve number of iterations = 2
INSStaggeredHierarchyIntegrator::integrateHierarchy(): stokes solve residual norm        = 1.54119e-07
IBHierarchyIntegrator::integrateHierarchy(): interpolating Eulerian velocity to the Lagrangian mesh
IBHierarchyIntegrator::integrateHierarchy(): performing Lagrangian midpoint-rule step
IBHierarchyIntegrator::postprocessIntegrateHierarchy(): interpolating Eulerian velocity to the Lagrangian mesh
IBHierarchyIntegrator::postprocessIntegrateHierarchy(): CFL number = 6.04055e-06
IBHierarchyIntegrator::postprocessIntegrateHierarchy(): Eulerian estimate of upper bound on IB point displacement since last regrid = 0.00171738
IBHierarchyIntegrator::advanceHierarchy(): synchronizing updated data
IBHierarchyIntegrator::advanceHierarchy(): resetting time dependent data

At end       of timestep # 294
Simulation time is 0.184375
+++++++++++++++++++++++++++++++++++++++++++++++++++


+++++++++++++++++++++++++++++++++++++++++++++++++++
At beginning of timestep # 295
Simulation time is 0.184375
IBHierarchyIntegrator::advanceHierarchy(): time interval = [0.184375,0.185], dt = 0.000625
IBHierarchyIntegrator::preprocessIntegrateHierarchy(): performing Lagrangian forward Euler step
IBHierarchyIntegrator::advanceHierarchy(): integrating hierarchy
IBHierarchyIntegrator::integrateHierarchy(): computing Lagrangian force
IBHierarchyIntegrator::integrateHierarchy(): spreading Lagrangian force to the Eulerian grid
IBHierarchyIntegrator::integrateHierarchy(): solving the incompressible Navier-Stokes equations
INSStaggeredHierarchyIntegrator::integrateHierarchy(): stokes solve number of iterations = 2
INSStaggeredHierarchyIntegrator::integrateHierarchy(): stokes solve residual norm        = 1.54336e-07
IBHierarchyIntegrator::integrateHierarchy(): interpolating Eulerian velocity to the Lagrangian mesh
IBHierarchyIntegrator::integrateHierarchy(): performing Lagrangian midpoint-rule step
IBHierarchyIntegrator::postprocessIntegrateHierarchy(): interpolating Eulerian velocity to the Lagrangian mesh
IBHierarchyIntegrator::postprocessIntegrateHierarchy(): CFL number = 6.04099e-06
IBHierarchyIntegrator::postprocessIntegrateHierarchy(): Eulerian estimate of upper bound on IB point displacement since last regrid = 0.00172342
IBHierarchyIntegrator::advanceHierarchy(): synchronizing updated data
IBHierarchyIntegrator::advanceHierarchy(): resetting time dependent data

At end       of timestep # 295
Simulation time is 0.185
+++++++++++++++++++++++++++++++++++++++++++++++++++


+++++++++++++++++++++++++++++++++++++++++++++++++++
At beginning of timestep # 296
Simulation time is 0.185
IBHierarchyIntegrator::advanceHierarchy(): time interval = [0.185,0.185625], dt = 0.000625
IBHierarchyIntegrator::preprocessIntegrateHierarchy(): performing Lagrangian forward Euler step
IBHierarchyIntegrator::advanceHierarchy(): integrating hierarchy
IBHierarchyIntegrator::integrateHierarchy(): computing Lagrangian force
IBHierarchyIntegrator::integrateHierarchy(): spreading Lagrangian force to the Eulerian grid
IBHierarchyIntegrator::integrateHierarchy(): solving the incompressible Navier-Stokes equations
INSStaggeredHierarchyIntegrator::integrateHierarchy(): stokes solve number of iterations = 2
INSStaggeredHierarchyIntegrator::integrateHierarchy(): stokes solve residual norm        = 1.545e-07
IBHierarchyIntegrator::integrateHierarchy(): interpolating Eulerian velocity to the Lagrangian mesh
IBHierarchyIntegrator::integrateHierarchy(): performing Lagrangian midpoint-rule step
IBHierarchyIntegrator::postprocessIntegrateHierarchy(): interpolating Eulerian velocity to the Lagrangian mesh
IBHierarchyIntegrator::postprocessIntegrateHierarchy(): CFL number = 6.04142e-06
IBHierarchyIntegrator::postprocessIntegrateHierarchy(): Eulerian estimate of upper bound on IB point displacement since last regrid = 0.00172947
IBHierarchyIntegrator::advanceHierarchy(): synchronizing updated data
IBHierarchyIntegrator::advanceHierarchy(): resetting time dependent data

At end       of timestep # 296
Simulation time is 0.185625
+++++++++++++++++++++++++++++++++++++++++++++++++++


+++++++++++++++++++++++++++++++++++++++++++++++++++
At beginning of timestep # 297
Simulation time is 0.185625
IBHierarchyIntegrator::advanceHierarchy(): time interval = [0.185625,0.18625], dt = 0.000625
IBHierarchyIntegrator::preprocessIntegrateHierarchy(): performing Lagrangian forward Euler step
IBHierarchyIntegrator::advanceHierarchy(): integrating hierarchy
IBHierarchyIntegrator::integrateHierarchy(): computing Lagrangian force
IBHierarchyIntegrator::integrateHierarchy(): spreading Lagrangian force to the Eulerian grid
IBHierarchyIntegrator::integrateHierarchy(): solving the incompressible Navier-Stokes equations
INSStaggeredHierarchyIntegrator::integrateHierarchy(): stokes solve number of iterations = 2
INSStaggeredHierarchyIntegrator::integrateHierarchy(): stokes solve residual norm        = 1.54619e-07
IBHierarchyIntegrator::integrateHierarchy(): interpolating Eulerian velocity to the Lagrangian mesh
IBHierarchyIntegrator::integrateHierarchy(): performing Lagrangian midpoint-rule step
IBHierarchyIntegrator::postprocessIntegrateHierarchy(): interpolating Eulerian velocity to the Lagrangian mesh
IBHierarchyIntegrator::postprocessIntegrateHierarchy(): CFL number = 6.04184e-06
IBHierarchyIntegrator::postprocessIntegrateHierarchy(): Eulerian estimate of upper bound on IB point displacement since last regrid = 0.00173551
IBHierarchyIntegrator::advanceHierarchy(): synchronizing updated data
IBHierarchyIntegrator::advanceHierarchy(): resetting time dependent data

At end       of timestep # 297
Simulation time is 0.18625
+++++++++++++++++++++++++++++++++++++++++++++++++++


+++++++++++++++++++++++++++++++++++++++++++++++++++
At beginning of timestep # 298
Simulation time is 0.18625
IBHierarchyIntegrator::advanceHierarchy(): time interval = [0.18625,0.186875], dt = 0.000625
IBHierarchyIntegrator::preprocessIntegrateHierarchy(): performing Lagrangian forward Euler step
IBHierarchyIntegrator::advanceHierarchy(): integrating hierarchy
IBHierarchyIntegrator::integrateHierarchy(): computing Lagrangian force
IBHierarchyIntegrator::integrateHierarchy(): spreading Lagrangian force to the Eulerian grid
IBHierarchyIntegrator::integrateHierarchy(): solving the incompressible Navier-Stokes equations
INSStaggeredHierarchyIntegrator::integrateHierarchy(): stokes solve number of iterations = 2
INSStaggeredHierarchyIntegrator::integrateHierarchy(): stokes solve residual norm        = 1.54689e-07
IBHierarchyIntegrator::integrateHierarchy(): interpolating Eulerian velocity to the Lagrangian mesh
IBHierarchyIntegrator::integrateHierarchy(): performing Lagrangian midpoint-rule step
IBHierarchyIntegrator::postprocessIntegrateHierarchy(): interpolating Eulerian velocity to the Lagrangian mesh
IBHierarchyIntegrator::postprocessIntegrateHierarchy(): CFL number = 6.04226e-06
IBHierarchyIntegrator::postprocessIntegrateHierarchy(): Eulerian estimate of upper bound on IB point displacement since last regrid = 0.00174155
IBHierarchyIntegrator::advanceHierarchy(): synchronizing updated data
IBHierarchyIntegrator::advanceHierarchy(): resetting time dependent data

At end       of timestep # 298
Simulation time is 0.186875
+++++++++++++++++++++++++++++++++++++++++++++++++++


+++++++++++++++++++++++++++++++++++++++++++++++++++
At beginning of timestep # 299
Simulation time is 0.186875
IBHierarchyIntegrator::advanceHierarchy(): time interval = [0.186875,0.1875], dt = 0.000625
IBHierarchyIntegrator::preprocessIntegrateHierarchy(): performing Lagrangian forward Euler step
IBHierarchyIntegrator::advanceHierarchy(): integrating hierarchy
IBHierarchyIntegrator::integrateHierarchy(): computing Lagrangian force
IBHierarchyIntegrator::integrateHierarchy(): spreading Lagrangian force to the Eulerian grid
IBHierarchyIntegrator::integrateHierarchy(): solving the incompressible Navier-Stokes equations
INSStaggeredHierarchyIntegrator::integrateHierarchy(): stokes solve number of iterations = 2
INSStaggeredHierarchyIntegrator::integrateHierarchy(): stokes solve residual norm        = 1.54705e-07
IBHierarchyIntegrator::integrateHierarchy(): interpolating Eulerian velocity to the Lagrangian mesh
IBHierarchyIntegrator::integrateHierarchy(): performing Lagrangian midpoint-rule step
IBHierarchyIntegrator::postprocessIntegrateHierarchy(): interpolating Eulerian velocity to the Lagrangian mesh
IBHierarchyIntegrator::postprocessIntegrateHierarchy(): CFL number = 6.04266e-06
IBHierarchyIntegrator::postprocessIntegrateHierarchy(): Eulerian estimate of upper bound on IB point displacement since last regrid = 0.00174759
IBHierarchyIntegrator::advanceHierarchy(): synchronizing updated data
IBHierarchyIntegrator::advanceHierarchy(): resetting time dependent data

At end       of timestep # 299
Simulation time is 0.1875
+++++++++++++++++++++++++++++++++++++++++++++++++++


+++++++++++++++++++++++++++++++++++++++++++++++++++
At beginning of timestep # 300
Simulation time is 0.1875
IBHierarchyIntegrator::advanceHierarchy(): time interval = [0.1875,0.188125], dt = 0.000625
IBHierarchyIntegrator::preprocessIntegrateHierarchy(): performing Lagrangian forward Euler step
IBHierarchyIntegrator::advanceHierarchy(): integrating hierarchy
IBHierarchyIntegrator::integrateHierarchy(): computing Lagrangian force
IBHierarchyIntegrator::integrateHierarchy(): spreading Lagrangian force to the Eulerian grid
IBHierarchyIntegrator::integrateHierarchy(): solving the incompressible Navier-Stokes equations
INSStaggeredHierarchyIntegrator::integrateHierarchy(): stokes solve number of iterations = 2
INSStaggeredHierarchyIntegrator::integrateHierarchy(): stokes solve residual norm        = 1.54679e-07
IBHierarchyIntegrator::integrateHierarchy(): interpolating Eulerian velocity to the Lagrangian mesh
IBHierarchyIntegrator::integrateHierarchy(): performing Lagrangian midpoint-rule step
IBHierarchyIntegrator::postprocessIntegrateHierarchy(): interpolating Eulerian velocity to the Lagrangian mesh
IBHierarchyIntegrator::postprocessIntegrateHierarchy(): CFL number = 6.04306e-06
IBHierarchyIntegrator::postprocessIntegrateHierarchy(): Eulerian estimate of upper bound on IB point displacement since last regrid = 0.00175364
IBHierarchyIntegrator::advanceHierarchy(): synchronizing updated data
IBHierarchyIntegrator::advanceHierarchy(): resetting time dependent data

At end       of timestep # 300
Simulation time is 0.188125
+++++++++++++++++++++++++++++++++++++++++++++++++++


+++++++++++++++++++++++++++++++++++++++++++++++++++
At beginning of timestep # 301
Simulation time is 0.188125
IBHierarchyIntegrator::advanceHierarchy(): time interval = [0.188125,0.18875], dt = 0.000625
IBHierarchyIntegrator::preprocessIntegrateHierarchy(): performing Lagrangian forward Euler step
IBHierarchyIntegrator::advanceHierarchy(): integrating hierarchy
IBHierarchyIntegrator::integrateHierarchy(): computing Lagrangian force
IBHierarchyIntegrator::integrateHierarchy(): spreading Lagrangian force to the Eulerian grid
IBHierarchyIntegrator::integrateHierarchy(): solving the incompressible Navier-Stokes equations
INSStaggeredHierarchyIntegrator::integrateHierarchy(): stokes solve number of iterations = 2
INSStaggeredHierarchyIntegrator::integrateHierarchy(): stokes solve residual norm        = 1.546e-07
IBHierarchyIntegrator::integrateHierarchy(): interpolating Eulerian velocity to the Lagrangian mesh
IBHierarchyIntegrator::integrateHierarchy(): performing Lagrangian midpoint-rule step
IBHierarchyIntegrator::postprocessIntegrateHierarchy(): interpolating Eulerian velocity to the Lagrangian mesh
IBHierarchyIntegrator::postprocessIntegrateHierarchy(): CFL number = 6.04344e-06
IBHierarchyIntegrator::postprocessIntegrateHierarchy(): Eulerian estimate of upper bound on IB point displacement since last regrid = 0.00175968
IBHierarchyIntegrator::advanceHierarchy(): synchronizing updated data
IBHierarchyIntegrator::advanceHierarchy(): resetting time dependent data

At end       of timestep # 301
Simulation time is 0.18875
+++++++++++++++++++++++++++++++++++++++++++++++++++


+++++++++++++++++++++++++++++++++++++++++++++++++++
At beginning of timestep # 302
Simulation time is 0.18875
IBHierarchyIntegrator::advanceHierarchy(): time interval = [0.18875,0.189375], dt = 0.000625
IBHierarchyIntegrator::preprocessIntegrateHierarchy(): performing Lagrangian forward Euler step
IBHierarchyIntegrator::advanceHierarchy(): integrating hierarchy
IBHierarchyIntegrator::integrateHierarchy(): computing Lagrangian force
IBHierarchyIntegrator::integrateHierarchy(): spreading Lagrangian force to the Eulerian grid
IBHierarchyIntegrator::integrateHierarchy(): solving the incompressible Navier-Stokes equations
INSStaggeredHierarchyIntegrator::integrateHierarchy(): stokes solve number of iterations = 2
INSStaggeredHierarchyIntegrator::integrateHierarchy(): stokes solve residual norm        = 1.54475e-07
IBHierarchyIntegrator::integrateHierarchy(): interpolating Eulerian velocity to the Lagrangian mesh
IBHierarchyIntegrator::integrateHierarchy(): performing Lagrangian midpoint-rule step
IBHierarchyIntegrator::postprocessIntegrateHierarchy(): interpolating Eulerian velocity to the Lagrangian mesh
IBHierarchyIntegrator::postprocessIntegrateHierarchy(): CFL number = 6.04381e-06
IBHierarchyIntegrator::postprocessIntegrateHierarchy(): Eulerian estimate of upper bound on IB point displacement since last regrid = 0.00176572
IBHierarchyIntegrator::advanceHierarchy(): synchronizing updated data
IBHierarchyIntegrator::advanceHierarchy(): resetting time dependent data

At end       of timestep # 302
Simulation time is 0.189375
+++++++++++++++++++++++++++++++++++++++++++++++++++


+++++++++++++++++++++++++++++++++++++++++++++++++++
At beginning of timestep # 303
Simulation time is 0.189375
IBHierarchyIntegrator::advanceHierarchy(): time interval = [0.189375,0.19], dt = 0.000625
IBHierarchyIntegrator::preprocessIntegrateHierarchy(): performing Lagrangian forward Euler step
IBHierarchyIntegrator::advanceHierarchy(): integrating hierarchy
IBHierarchyIntegrator::integrateHierarchy(): computing Lagrangian force
IBHierarchyIntegrator::integrateHierarchy(): spreading Lagrangian force to the Eulerian grid
IBHierarchyIntegrator::integrateHierarchy(): solving the incompressible Navier-Stokes equations
INSStaggeredHierarchyIntegrator::integrateHierarchy(): stokes solve number of iterations = 2
INSStaggeredHierarchyIntegrator::integrateHierarchy(): stokes solve residual norm        = 1.54299e-07
IBHierarchyIntegrator::integrateHierarchy(): interpolating Eulerian velocity to the Lagrangian mesh
IBHierarchyIntegrator::integrateHierarchy(): performing Lagrangian midpoint-rule step
IBHierarchyIntegrator::postprocessIntegrateHierarchy(): interpolating Eulerian velocity to the Lagrangian mesh
IBHierarchyIntegrator::postprocessIntegrateHierarchy(): CFL number = 6.04418e-06
IBHierarchyIntegrator::postprocessIntegrateHierarchy(): Eulerian estimate of upper bound on IB point displacement since last regrid = 0.00177177
IBHierarchyIntegrator::advanceHierarchy(): synchronizing updated data
IBHierarchyIntegrator::advanceHierarchy(): resetting time dependent data

At end       of timestep # 303
Simulation time is 0.19
+++++++++++++++++++++++++++++++++++++++++++++++++++


+++++++++++++++++++++++++++++++++++++++++++++++++++
At beginning of timestep # 304
Simulation time is 0.19
IBHierarchyIntegrator::advanceHierarchy(): time interval = [0.19,0.190625], dt = 0.000625
IBHierarchyIntegrator::preprocessIntegrateHierarchy(): performing Lagrangian forward Euler step
IBHierarchyIntegrator::advanceHierarchy(): integrating hierarchy
IBHierarchyIntegrator::integrateHierarchy(): computing Lagrangian force
IBHierarchyIntegrator::integrateHierarchy(): spreading Lagrangian force to the Eulerian grid
IBHierarchyIntegrator::integrateHierarchy(): solving the incompressible Navier-Stokes equations
INSStaggeredHierarchyIntegrator::integrateHierarchy(): stokes solve number of iterations = 2
INSStaggeredHierarchyIntegrator::integrateHierarchy(): stokes solve residual norm        = 1.54078e-07
IBHierarchyIntegrator::integrateHierarchy(): interpolating Eulerian velocity to the Lagrangian mesh
IBHierarchyIntegrator::integrateHierarchy(): performing Lagrangian midpoint-rule step
IBHierarchyIntegrator::postprocessIntegrateHierarchy(): interpolating Eulerian velocity to the Lagrangian mesh
IBHierarchyIntegrator::postprocessIntegrateHierarchy(): CFL number = 6.04453e-06
IBHierarchyIntegrator::postprocessIntegrateHierarchy(): Eulerian estimate of upper bound on IB point displacement since last regrid = 0.00177781
IBHierarchyIntegrator::advanceHierarchy(): synchronizing updated data
IBHierarchyIntegrator::advanceHierarchy(): resetting time dependent data

At end       of timestep # 304
Simulation time is 0.190625
+++++++++++++++++++++++++++++++++++++++++++++++++++


+++++++++++++++++++++++++++++++++++++++++++++++++++
At beginning of timestep # 305
Simulation time is 0.190625
IBHierarchyIntegrator::advanceHierarchy(): time interval = [0.190625,0.19125], dt = 0.000625
IBHierarchyIntegrator::preprocessIntegrateHierarchy(): performing Lagrangian forward Euler step
IBHierarchyIntegrator::advanceHierarchy(): integrating hierarchy
IBHierarchyIntegrator::integrateHierarchy(): computing Lagrangian force
IBHierarchyIntegrator::integrateHierarchy(): spreading Lagrangian force to the Eulerian grid
IBHierarchyIntegrator::integrateHierarchy(): solving the incompressible Navier-Stokes equations
INSStaggeredHierarchyIntegrator::integrateHierarchy(): stokes solve number of iterations = 2
INSStaggeredHierarchyIntegrator::integrateHierarchy(): stokes solve residual norm        = 1.53811e-07
IBHierarchyIntegrator::integrateHierarchy(): interpolating Eulerian velocity to the Lagrangian mesh
IBHierarchyIntegrator::integrateHierarchy(): performing Lagrangian midpoint-rule step
IBHierarchyIntegrator::postprocessIntegrateHierarchy(): interpolating Eulerian velocity to the Lagrangian mesh
IBHierarchyIntegrator::postprocessIntegrateHierarchy(): CFL number = 6.04487e-06
IBHierarchyIntegrator::postprocessIntegrateHierarchy(): Eulerian estimate of upper bound on IB point displacement since last regrid = 0.00178386
IBHierarchyIntegrator::advanceHierarchy(): synchronizing updated data
IBHierarchyIntegrator::advanceHierarchy(): resetting time dependent data

At end       of timestep # 305
Simulation time is 0.19125
+++++++++++++++++++++++++++++++++++++++++++++++++++


+++++++++++++++++++++++++++++++++++++++++++++++++++
At beginning of timestep # 306
Simulation time is 0.19125
IBHierarchyIntegrator::advanceHierarchy(): time interval = [0.19125,0.191875], dt = 0.000625
IBHierarchyIntegrator::preprocessIntegrateHierarchy(): performing Lagrangian forward Euler step
IBHierarchyIntegrator::advanceHierarchy(): integrating hierarchy
IBHierarchyIntegrator::integrateHierarchy(): computing Lagrangian force
IBHierarchyIntegrator::integrateHierarchy(): spreading Lagrangian force to the Eulerian grid
IBHierarchyIntegrator::integrateHierarchy(): solving the incompressible Navier-Stokes equations
INSStaggeredHierarchyIntegrator::integrateHierarchy(): stokes solve number of iterations = 2
INSStaggeredHierarchyIntegrator::integrateHierarchy(): stokes solve residual norm        = 1.53493e-07
IBHierarchyIntegrator::integrateHierarchy(): interpolating Eulerian velocity to the Lagrangian mesh
IBHierarchyIntegrator::integrateHierarchy(): performing Lagrangian midpoint-rule step
IBHierarchyIntegrator::postprocessIntegrateHierarchy(): interpolating Eulerian velocity to the Lagrangian mesh
IBHierarchyIntegrator::postprocessIntegrateHierarchy(): CFL number = 6.04521e-06
IBHierarchyIntegrator::postprocessIntegrateHierarchy(): Eulerian estimate of upper bound on IB point displacement since last regrid = 0.0017899
IBHierarchyIntegrator::advanceHierarchy(): synchronizing updated data
IBHierarchyIntegrator::advanceHierarchy(): resetting time dependent data

At end       of timestep # 306
Simulation time is 0.191875
+++++++++++++++++++++++++++++++++++++++++++++++++++


+++++++++++++++++++++++++++++++++++++++++++++++++++
At beginning of timestep # 307
Simulation time is 0.191875
IBHierarchyIntegrator::advanceHierarchy(): time interval = [0.191875,0.1925], dt = 0.000625
IBHierarchyIntegrator::preprocessIntegrateHierarchy(): performing Lagrangian forward Euler step
IBHierarchyIntegrator::advanceHierarchy(): integrating hierarchy
IBHierarchyIntegrator::integrateHierarchy(): computing Lagrangian force
IBHierarchyIntegrator::integrateHierarchy(): spreading Lagrangian force to the Eulerian grid
IBHierarchyIntegrator::integrateHierarchy(): solving the incompressible Navier-Stokes equations
INSStaggeredHierarchyIntegrator::integrateHierarchy(): stokes solve number of iterations = 2
INSStaggeredHierarchyIntegrator::integrateHierarchy(): stokes solve residual norm        = 1.53131e-07
IBHierarchyIntegrator::integrateHierarchy(): interpolating Eulerian velocity to the Lagrangian mesh
IBHierarchyIntegrator::integrateHierarchy(): performing Lagrangian midpoint-rule step
IBHierarchyIntegrator::postprocessIntegrateHierarchy(): interpolating Eulerian velocity to the Lagrangian mesh
IBHierarchyIntegrator::postprocessIntegrateHierarchy(): CFL number = 6.04553e-06
IBHierarchyIntegrator::postprocessIntegrateHierarchy(): Eulerian estimate of upper bound on IB point displacement since last regrid = 0.00179595
IBHierarchyIntegrator::advanceHierarchy(): synchronizing updated data
IBHierarchyIntegrator::advanceHierarchy(): resetting time dependent data

At end       of timestep # 307
Simulation time is 0.1925
+++++++++++++++++++++++++++++++++++++++++++++++++++


+++++++++++++++++++++++++++++++++++++++++++++++++++
At beginning of timestep # 308
Simulation time is 0.1925
IBHierarchyIntegrator::advanceHierarchy(): time interval = [0.1925,0.193125], dt = 0.000625
IBHierarchyIntegrator::preprocessIntegrateHierarchy(): performing Lagrangian forward Euler step
IBHierarchyIntegrator::advanceHierarchy(): integrating hierarchy
IBHierarchyIntegrator::integrateHierarchy(): computing Lagrangian force
IBHierarchyIntegrator::integrateHierarchy(): spreading Lagrangian force to the Eulerian grid
IBHierarchyIntegrator::integrateHierarchy(): solving the incompressible Navier-Stokes equations
INSStaggeredHierarchyIntegrator::integrateHierarchy(): stokes solve number of iterations = 2
INSStaggeredHierarchyIntegrator::integrateHierarchy(): stokes solve residual norm        = 1.52717e-07
IBHierarchyIntegrator::integrateHierarchy(): interpolating Eulerian velocity to the Lagrangian mesh
IBHierarchyIntegrator::integrateHierarchy(): performing Lagrangian midpoint-rule step
IBHierarchyIntegrator::postprocessIntegrateHierarchy(): interpolating Eulerian velocity to the Lagrangian mesh
IBHierarchyIntegrator::postprocessIntegrateHierarchy(): CFL number = 6.04584e-06
IBHierarchyIntegrator::postprocessIntegrateHierarchy(): Eulerian estimate of upper bound on IB point displacement since last regrid = 0.00180199
IBHierarchyIntegrator::advanceHierarchy(): synchronizing updated data
IBHierarchyIntegrator::advanceHierarchy(): resetting time dependent data

At end       of timestep # 308
Simulation time is 0.193125
+++++++++++++++++++++++++++++++++++++++++++++++++++


+++++++++++++++++++++++++++++++++++++++++++++++++++
At beginning of timestep # 309
Simulation time is 0.193125
IBHierarchyIntegrator::advanceHierarchy(): time interval = [0.193125,0.19375], dt = 0.000625
IBHierarchyIntegrator::preprocessIntegrateHierarchy(): performing Lagrangian forward Euler step
IBHierarchyIntegrator::advanceHierarchy(): integrating hierarchy
IBHierarchyIntegrator::integrateHierarchy(): computing Lagrangian force
IBHierarchyIntegrator::integrateHierarchy(): spreading Lagrangian force to the Eulerian grid
IBHierarchyIntegrator::integrateHierarchy(): solving the incompressible Navier-Stokes equations
INSStaggeredHierarchyIntegrator::integrateHierarchy(): stokes solve number of iterations = 2
INSStaggeredHierarchyIntegrator::integrateHierarchy(): stokes solve residual norm        = 1.52264e-07
IBHierarchyIntegrator::integrateHierarchy(): interpolating Eulerian velocity to the Lagrangian mesh
IBHierarchyIntegrator::integrateHierarchy(): performing Lagrangian midpoint-rule step
IBHierarchyIntegrator::postprocessIntegrateHierarchy(): interpolating Eulerian velocity to the Lagrangian mesh
IBHierarchyIntegrator::postprocessIntegrateHierarchy(): CFL number = 6.04614e-06
IBHierarchyIntegrator::postprocessIntegrateHierarchy(): Eulerian estimate of upper bound on IB point displacement since last regrid = 0.00180804
IBHierarchyIntegrator::advanceHierarchy(): synchronizing updated data
IBHierarchyIntegrator::advanceHierarchy(): resetting time dependent data

At end       of timestep # 309
Simulation time is 0.19375
+++++++++++++++++++++++++++++++++++++++++++++++++++


+++++++++++++++++++++++++++++++++++++++++++++++++++
At beginning of timestep # 310
Simulation time is 0.19375
IBHierarchyIntegrator::advanceHierarchy(): time interval = [0.19375,0.194375], dt = 0.000625
IBHierarchyIntegrator::preprocessIntegrateHierarchy(): performing Lagrangian forward Euler step
IBHierarchyIntegrator::advanceHierarchy(): integrating hierarchy
IBHierarchyIntegrator::integrateHierarchy(): computing Lagrangian force
IBHierarchyIntegrator::integrateHierarchy(): spreading Lagrangian force to the Eulerian grid
IBHierarchyIntegrator::integrateHierarchy(): solving the incompressible Navier-Stokes equations
INSStaggeredHierarchyIntegrator::integrateHierarchy(): stokes solve number of iterations = 2
INSStaggeredHierarchyIntegrator::integrateHierarchy(): stokes solve residual norm        = 1.5176e-07
IBHierarchyIntegrator::integrateHierarchy(): interpolating Eulerian velocity to the Lagrangian mesh
IBHierarchyIntegrator::integrateHierarchy(): performing Lagrangian midpoint-rule step
IBHierarchyIntegrator::postprocessIntegrateHierarchy(): interpolating Eulerian velocity to the Lagrangian mesh
IBHierarchyIntegrator::postprocessIntegrateHierarchy(): CFL number = 6.04642e-06
IBHierarchyIntegrator::postprocessIntegrateHierarchy(): Eulerian estimate of upper bound on IB point displacement since last regrid = 0.00181409
IBHierarchyIntegrator::advanceHierarchy(): synchronizing updated data
IBHierarchyIntegrator::advanceHierarchy(): resetting time dependent data

At end       of timestep # 310
Simulation time is 0.194375
+++++++++++++++++++++++++++++++++++++++++++++++++++


+++++++++++++++++++++++++++++++++++++++++++++++++++
At beginning of timestep # 311
Simulation time is 0.194375
IBHierarchyIntegrator::advanceHierarchy(): time interval = [0.194375,0.195], dt = 0.000625
IBHierarchyIntegrator::preprocessIntegrateHierarchy(): performing Lagrangian forward Euler step
IBHierarchyIntegrator::advanceHierarchy(): integrating hierarchy
IBHierarchyIntegrator::integrateHierarchy(): computing Lagrangian force
IBHierarchyIntegrator::integrateHierarchy(): spreading Lagrangian force to the Eulerian grid
IBHierarchyIntegrator::integrateHierarchy(): solving the incompressible Navier-Stokes equations
INSStaggeredHierarchyIntegrator::integrateHierarchy(): stokes solve number of iterations = 2
INSStaggeredHierarchyIntegrator::integrateHierarchy(): stokes solve residual norm        = 1.51211e-07
IBHierarchyIntegrator::integrateHierarchy(): interpolating Eulerian velocity to the Lagrangian mesh
IBHierarchyIntegrator::integrateHierarchy(): performing Lagrangian midpoint-rule step
IBHierarchyIntegrator::postprocessIntegrateHierarchy(): interpolating Eulerian velocity to the Lagrangian mesh
IBHierarchyIntegrator::postprocessIntegrateHierarchy(): CFL number = 6.0467e-06
IBHierarchyIntegrator::postprocessIntegrateHierarchy(): Eulerian estimate of upper bound on IB point displacement since last regrid = 0.00182013
IBHierarchyIntegrator::advanceHierarchy(): synchronizing updated data
IBHierarchyIntegrator::advanceHierarchy(): resetting time dependent data

At end       of timestep # 311
Simulation time is 0.195
+++++++++++++++++++++++++++++++++++++++++++++++++++


+++++++++++++++++++++++++++++++++++++++++++++++++++
At beginning of timestep # 312
Simulation time is 0.195
IBHierarchyIntegrator::advanceHierarchy(): time interval = [0.195,0.195625], dt = 0.000625
IBHierarchyIntegrator::preprocessIntegrateHierarchy(): performing Lagrangian forward Euler step
IBHierarchyIntegrator::advanceHierarchy(): integrating hierarchy
IBHierarchyIntegrator::integrateHierarchy(): computing Lagrangian force
IBHierarchyIntegrator::integrateHierarchy(): spreading Lagrangian force to the Eulerian grid
IBHierarchyIntegrator::integrateHierarchy(): solving the incompressible Navier-Stokes equations
INSStaggeredHierarchyIntegrator::integrateHierarchy(): stokes solve number of iterations = 2
INSStaggeredHierarchyIntegrator::integrateHierarchy(): stokes solve residual norm        = 1.50616e-07
IBHierarchyIntegrator::integrateHierarchy(): interpolating Eulerian velocity to the Lagrangian mesh
IBHierarchyIntegrator::integrateHierarchy(): performing Lagrangian midpoint-rule step
IBHierarchyIntegrator::postprocessIntegrateHierarchy(): interpolating Eulerian velocity to the Lagrangian mesh
IBHierarchyIntegrator::postprocessIntegrateHierarchy(): CFL number = 6.04697e-06
IBHierarchyIntegrator::postprocessIntegrateHierarchy(): Eulerian estimate of upper bound on IB point displacement since last regrid = 0.00182618
IBHierarchyIntegrator::advanceHierarchy(): synchronizing updated data
IBHierarchyIntegrator::advanceHierarchy(): resetting time dependent data

At end       of timestep # 312
Simulation time is 0.195625
+++++++++++++++++++++++++++++++++++++++++++++++++++


+++++++++++++++++++++++++++++++++++++++++++++++++++
At beginning of timestep # 313
Simulation time is 0.195625
IBHierarchyIntegrator::advanceHierarchy(): time interval = [0.195625,0.19625], dt = 0.000625
IBHierarchyIntegrator::preprocessIntegrateHierarchy(): performing Lagrangian forward Euler step
IBHierarchyIntegrator::advanceHierarchy(): integrating hierarchy
IBHierarchyIntegrator::integrateHierarchy(): computing Lagrangian force
IBHierarchyIntegrator::integrateHierarchy(): spreading Lagrangian force to the Eulerian grid
IBHierarchyIntegrator::integrateHierarchy(): solving the incompressible Navier-Stokes equations
INSStaggeredHierarchyIntegrator::integrateHierarchy(): stokes solve number of iterations = 2
INSStaggeredHierarchyIntegrator::integrateHierarchy(): stokes solve residual norm        = 1.49975e-07
IBHierarchyIntegrator::integrateHierarchy(): interpolating Eulerian velocity to the Lagrangian mesh
IBHierarchyIntegrator::integrateHierarchy(): performing Lagrangian midpoint-rule step
IBHierarchyIntegrator::postprocessIntegrateHierarchy(): interpolating Eulerian velocity to the Lagrangian mesh
IBHierarchyIntegrator::postprocessIntegrateHierarchy(): CFL number = 6.04722e-06
IBHierarchyIntegrator::postprocessIntegrateHierarchy(): Eulerian estimate of upper bound on IB point displacement since last regrid = 0.00183223
IBHierarchyIntegrator::advanceHierarchy(): synchronizing updated data
IBHierarchyIntegrator::advanceHierarchy(): resetting time dependent data

At end       of timestep # 313
Simulation time is 0.19625
+++++++++++++++++++++++++++++++++++++++++++++++++++


+++++++++++++++++++++++++++++++++++++++++++++++++++
At beginning of timestep # 314
Simulation time is 0.19625
IBHierarchyIntegrator::advanceHierarchy(): time interval = [0.19625,0.196875], dt = 0.000625
IBHierarchyIntegrator::preprocessIntegrateHierarchy(): performing Lagrangian forward Euler step
IBHierarchyIntegrator::advanceHierarchy(): integrating hierarchy
IBHierarchyIntegrator::integrateHierarchy(): computing Lagrangian force
IBHierarchyIntegrator::integrateHierarchy(): spreading Lagrangian force to the Eulerian grid
IBHierarchyIntegrator::integrateHierarchy(): solving the incompressible Navier-Stokes equations
INSStaggeredHierarchyIntegrator::integrateHierarchy(): stokes solve number of iterations = 2
INSStaggeredHierarchyIntegrator::integrateHierarchy(): stokes solve residual norm        = 1.49292e-07
IBHierarchyIntegrator::integrateHierarchy(): interpolating Eulerian velocity to the Lagrangian mesh
IBHierarchyIntegrator::integrateHierarchy(): performing Lagrangian midpoint-rule step
IBHierarchyIntegrator::postprocessIntegrateHierarchy(): interpolating Eulerian velocity to the Lagrangian mesh
IBHierarchyIntegrator::postprocessIntegrateHierarchy(): CFL number = 6.04746e-06
IBHierarchyIntegrator::postprocessIntegrateHierarchy(): Eulerian estimate of upper bound on IB point displacement since last regrid = 0.00183827
IBHierarchyIntegrator::advanceHierarchy(): synchronizing updated data
IBHierarchyIntegrator::advanceHierarchy(): resetting time dependent data

At end       of timestep # 314
Simulation time is 0.196875
+++++++++++++++++++++++++++++++++++++++++++++++++++


+++++++++++++++++++++++++++++++++++++++++++++++++++
At beginning of timestep # 315
Simulation time is 0.196875
IBHierarchyIntegrator::advanceHierarchy(): time interval = [0.196875,0.1975], dt = 0.000625
IBHierarchyIntegrator::preprocessIntegrateHierarchy(): performing Lagrangian forward Euler step
IBHierarchyIntegrator::advanceHierarchy(): integrating hierarchy
IBHierarchyIntegrator::integrateHierarchy(): computing Lagrangian force
IBHierarchyIntegrator::integrateHierarchy(): spreading Lagrangian force to the Eulerian grid
IBHierarchyIntegrator::integrateHierarchy(): solving the incompressible Navier-Stokes equations
INSStaggeredHierarchyIntegrator::integrateHierarchy(): stokes solve number of iterations = 2
INSStaggeredHierarchyIntegrator::integrateHierarchy(): stokes solve residual norm        = 1.4856e-07
IBHierarchyIntegrator::integrateHierarchy(): interpolating Eulerian velocity to the Lagrangian mesh
IBHierarchyIntegrator::integrateHierarchy(): performing Lagrangian midpoint-rule step
IBHierarchyIntegrator::postprocessIntegrateHierarchy(): interpolating Eulerian velocity to the Lagrangian mesh
IBHierarchyIntegrator::postprocessIntegrateHierarchy(): CFL number = 6.04769e-06
IBHierarchyIntegrator::postprocessIntegrateHierarchy(): Eulerian estimate of upper bound on IB point displacement since last regrid = 0.00184432
IBHierarchyIntegrator::advanceHierarchy(): synchronizing updated data
IBHierarchyIntegrator::advanceHierarchy(): resetting time dependent data

At end       of timestep # 315
Simulation time is 0.1975
+++++++++++++++++++++++++++++++++++++++++++++++++++


+++++++++++++++++++++++++++++++++++++++++++++++++++
At beginning of timestep # 316
Simulation time is 0.1975
IBHierarchyIntegrator::advanceHierarchy(): time interval = [0.1975,0.198125], dt = 0.000625
IBHierarchyIntegrator::preprocessIntegrateHierarchy(): performing Lagrangian forward Euler step
IBHierarchyIntegrator::advanceHierarchy(): integrating hierarchy
IBHierarchyIntegrator::integrateHierarchy(): computing Lagrangian force
IBHierarchyIntegrator::integrateHierarchy(): spreading Lagrangian force to the Eulerian grid
IBHierarchyIntegrator::integrateHierarchy(): solving the incompressible Navier-Stokes equations
INSStaggeredHierarchyIntegrator::integrateHierarchy(): stokes solve number of iterations = 2
INSStaggeredHierarchyIntegrator::integrateHierarchy(): stokes solve residual norm        = 1.47789e-07
IBHierarchyIntegrator::integrateHierarchy(): interpolating Eulerian velocity to the Lagrangian mesh
IBHierarchyIntegrator::integrateHierarchy(): performing Lagrangian midpoint-rule step
IBHierarchyIntegrator::postprocessIntegrateHierarchy(): interpolating Eulerian velocity to the Lagrangian mesh
IBHierarchyIntegrator::postprocessIntegrateHierarchy(): CFL number = 6.04791e-06
IBHierarchyIntegrator::postprocessIntegrateHierarchy(): Eulerian estimate of upper bound on IB point displacement since last regrid = 0.00185037
IBHierarchyIntegrator::advanceHierarchy(): synchronizing updated data
IBHierarchyIntegrator::advanceHierarchy(): resetting time dependent data

At end       of timestep # 316
Simulation time is 0.198125
+++++++++++++++++++++++++++++++++++++++++++++++++++


+++++++++++++++++++++++++++++++++++++++++++++++++++
At beginning of timestep # 317
Simulation time is 0.198125
IBHierarchyIntegrator::advanceHierarchy(): time interval = [0.198125,0.19875], dt = 0.000625
IBHierarchyIntegrator::preprocessIntegrateHierarchy(): performing Lagrangian forward Euler step
IBHierarchyIntegrator::advanceHierarchy(): integrating hierarchy
IBHierarchyIntegrator::integrateHierarchy(): computing Lagrangian force
IBHierarchyIntegrator::integrateHierarchy(): spreading Lagrangian force to the Eulerian grid
IBHierarchyIntegrator::integrateHierarchy(): solving the incompressible Navier-Stokes equations
INSStaggeredHierarchyIntegrator::integrateHierarchy(): stokes solve number of iterations = 2
INSStaggeredHierarchyIntegrator::integrateHierarchy(): stokes solve residual norm        = 1.46972e-07
IBHierarchyIntegrator::integrateHierarchy(): interpolating Eulerian velocity to the Lagrangian mesh
IBHierarchyIntegrator::integrateHierarchy(): performing Lagrangian midpoint-rule step
IBHierarchyIntegrator::postprocessIntegrateHierarchy(): interpolating Eulerian velocity to the Lagrangian mesh
IBHierarchyIntegrator::postprocessIntegrateHierarchy(): CFL number = 6.04812e-06
IBHierarchyIntegrator::postprocessIntegrateHierarchy(): Eulerian estimate of upper bound on IB point displacement since last regrid = 0.00185642
IBHierarchyIntegrator::advanceHierarchy(): synchronizing updated data
IBHierarchyIntegrator::advanceHierarchy(): resetting time dependent data

At end       of timestep # 317
Simulation time is 0.19875
+++++++++++++++++++++++++++++++++++++++++++++++++++


+++++++++++++++++++++++++++++++++++++++++++++++++++
At beginning of timestep # 318
Simulation time is 0.19875
IBHierarchyIntegrator::advanceHierarchy(): time interval = [0.19875,0.199375], dt = 0.000625
IBHierarchyIntegrator::preprocessIntegrateHierarchy(): performing Lagrangian forward Euler step
IBHierarchyIntegrator::advanceHierarchy(): integrating hierarchy
IBHierarchyIntegrator::integrateHierarchy(): computing Lagrangian force
IBHierarchyIntegrator::integrateHierarchy(): spreading Lagrangian force to the Eulerian grid
IBHierarchyIntegrator::integrateHierarchy(): solving the incompressible Navier-Stokes equations
INSStaggeredHierarchyIntegrator::integrateHierarchy(): stokes solve number of iterations = 2
INSStaggeredHierarchyIntegrator::integrateHierarchy(): stokes solve residual norm        = 1.46114e-07
IBHierarchyIntegrator::integrateHierarchy(): interpolating Eulerian velocity to the Lagrangian mesh
IBHierarchyIntegrator::integrateHierarchy(): performing Lagrangian midpoint-rule step
IBHierarchyIntegrator::postprocessIntegrateHierarchy(): interpolating Eulerian velocity to the Lagrangian mesh
IBHierarchyIntegrator::postprocessIntegrateHierarchy(): CFL number = 6.04832e-06
IBHierarchyIntegrator::postprocessIntegrateHierarchy(): Eulerian estimate of upper bound on IB point displacement since last regrid = 0.00186247
IBHierarchyIntegrator::advanceHierarchy(): synchronizing updated data
IBHierarchyIntegrator::advanceHierarchy(): resetting time dependent data

At end       of timestep # 318
Simulation time is 0.199375
+++++++++++++++++++++++++++++++++++++++++++++++++++


+++++++++++++++++++++++++++++++++++++++++++++++++++
At beginning of timestep # 319
Simulation time is 0.199375
IBHierarchyIntegrator::advanceHierarchy(): time interval = [0.199375,0.2], dt = 0.000625
IBHierarchyIntegrator::preprocessIntegrateHierarchy(): performing Lagrangian forward Euler step
IBHierarchyIntegrator::advanceHierarchy(): integrating hierarchy
IBHierarchyIntegrator::integrateHierarchy(): computing Lagrangian force
IBHierarchyIntegrator::integrateHierarchy(): spreading Lagrangian force to the Eulerian grid
IBHierarchyIntegrator::integrateHierarchy(): solving the incompressible Navier-Stokes equations
INSStaggeredHierarchyIntegrator::integrateHierarchy(): stokes solve number of iterations = 2
INSStaggeredHierarchyIntegrator::integrateHierarchy(): stokes solve residual norm        = 1.45213e-07
IBHierarchyIntegrator::integrateHierarchy(): interpolating Eulerian velocity to the Lagrangian mesh
IBHierarchyIntegrator::integrateHierarchy(): performing Lagrangian midpoint-rule step
IBHierarchyIntegrator::postprocessIntegrateHierarchy(): interpolating Eulerian velocity to the Lagrangian mesh
IBHierarchyIntegrator::postprocessIntegrateHierarchy(): CFL number = 6.04851e-06
IBHierarchyIntegrator::postprocessIntegrateHierarchy(): Eulerian estimate of upper bound on IB point displacement since last regrid = 0.00186851
IBHierarchyIntegrator::advanceHierarchy(): synchronizing updated data
IBHierarchyIntegrator::advanceHierarchy(): resetting time dependent data

At end       of timestep # 319
Simulation time is 0.2
+++++++++++++++++++++++++++++++++++++++++++++++++++


+++++++++++++++++++++++++++++++++++++++++++++++++++
At beginning of timestep # 320
Simulation time is 0.2
IBHierarchyIntegrator::advanceHierarchy(): time interval = [0.2,0.200625], dt = 0.000625
IBHierarchyIntegrator::preprocessIntegrateHierarchy(): performing Lagrangian forward Euler step
IBHierarchyIntegrator::advanceHierarchy(): integrating hierarchy
IBHierarchyIntegrator::integrateHierarchy(): computing Lagrangian force
IBHierarchyIntegrator::integrateHierarchy(): spreading Lagrangian force to the Eulerian grid
IBHierarchyIntegrator::integrateHierarchy(): solving the incompressible Navier-Stokes equations
INSStaggeredHierarchyIntegrator::integrateHierarchy(): stokes solve number of iterations = 2
INSStaggeredHierarchyIntegrator::integrateHierarchy(): stokes solve residual norm        = 1.44264e-07
IBHierarchyIntegrator::integrateHierarchy(): interpolating Eulerian velocity to the Lagrangian mesh
IBHierarchyIntegrator::integrateHierarchy(): performing Lagrangian midpoint-rule step
IBHierarchyIntegrator::postprocessIntegrateHierarchy(): interpolating Eulerian velocity to the Lagrangian mesh
IBHierarchyIntegrator::postprocessIntegrateHierarchy(): CFL number = 6.04868e-06
IBHierarchyIntegrator::postprocessIntegrateHierarchy(): Eulerian estimate of upper bound on IB point displacement since last regrid = 0.00187456
IBHierarchyIntegrator::advanceHierarchy(): synchronizing updated data
IBHierarchyIntegrator::advanceHierarchy(): resetting time dependent data

At end       of timestep # 320
Simulation time is 0.200625
+++++++++++++++++++++++++++++++++++++++++++++++++++


+++++++++++++++++++++++++++++++++++++++++++++++++++
At beginning of timestep # 321
Simulation time is 0.200625
IBHierarchyIntegrator::advanceHierarchy(): time interval = [0.200625,0.20125], dt = 0.000625
IBHierarchyIntegrator::preprocessIntegrateHierarchy(): performing Lagrangian forward Euler step
IBHierarchyIntegrator::advanceHierarchy(): integrating hierarchy
IBHierarchyIntegrator::integrateHierarchy(): computing Lagrangian force
IBHierarchyIntegrator::integrateHierarchy(): spreading Lagrangian force to the Eulerian grid
IBHierarchyIntegrator::integrateHierarchy(): solving the incompressible Navier-Stokes equations
INSStaggeredHierarchyIntegrator::integrateHierarchy(): stokes solve number of iterations = 2
INSStaggeredHierarchyIntegrator::integrateHierarchy(): stokes solve residual norm        = 1.4328e-07
IBHierarchyIntegrator::integrateHierarchy(): interpolating Eulerian velocity to the Lagrangian mesh
IBHierarchyIntegrator::integrateHierarchy(): performing Lagrangian midpoint-rule step
IBHierarchyIntegrator::postprocessIntegrateHierarchy(): interpolating Eulerian velocity to the Lagrangian mesh
IBHierarchyIntegrator::postprocessIntegrateHierarchy(): CFL number = 6.04884e-06
IBHierarchyIntegrator::postprocessIntegrateHierarchy(): Eulerian estimate of upper bound on IB point displacement since last regrid = 0.00188061
IBHierarchyIntegrator::advanceHierarchy(): synchronizing updated data
IBHierarchyIntegrator::advanceHierarchy(): resetting time dependent data

At end       of timestep # 321
Simulation time is 0.20125
+++++++++++++++++++++++++++++++++++++++++++++++++++


+++++++++++++++++++++++++++++++++++++++++++++++++++
At beginning of timestep # 322
Simulation time is 0.20125
IBHierarchyIntegrator::advanceHierarchy(): time interval = [0.20125,0.201875], dt = 0.000625
IBHierarchyIntegrator::preprocessIntegrateHierarchy(): performing Lagrangian forward Euler step
IBHierarchyIntegrator::advanceHierarchy(): integrating hierarchy
IBHierarchyIntegrator::integrateHierarchy(): computing Lagrangian force
IBHierarchyIntegrator::integrateHierarchy(): spreading Lagrangian force to the Eulerian grid
IBHierarchyIntegrator::integrateHierarchy(): solving the incompressible Navier-Stokes equations
INSStaggeredHierarchyIntegrator::integrateHierarchy(): stokes solve number of iterations = 2
INSStaggeredHierarchyIntegrator::integrateHierarchy(): stokes solve residual norm        = 1.42249e-07
IBHierarchyIntegrator::integrateHierarchy(): interpolating Eulerian velocity to the Lagrangian mesh
IBHierarchyIntegrator::integrateHierarchy(): performing Lagrangian midpoint-rule step
IBHierarchyIntegrator::postprocessIntegrateHierarchy(): interpolating Eulerian velocity to the Lagrangian mesh
IBHierarchyIntegrator::postprocessIntegrateHierarchy(): CFL number = 6.04899e-06
IBHierarchyIntegrator::postprocessIntegrateHierarchy(): Eulerian estimate of upper bound on IB point displacement since last regrid = 0.00188666
IBHierarchyIntegrator::advanceHierarchy(): synchronizing updated data
IBHierarchyIntegrator::advanceHierarchy(): resetting time dependent data

At end       of timestep # 322
Simulation time is 0.201875
+++++++++++++++++++++++++++++++++++++++++++++++++++


+++++++++++++++++++++++++++++++++++++++++++++++++++
At beginning of timestep # 323
Simulation time is 0.201875
IBHierarchyIntegrator::advanceHierarchy(): time interval = [0.201875,0.2025], dt = 0.000625
IBHierarchyIntegrator::preprocessIntegrateHierarchy(): performing Lagrangian forward Euler step
IBHierarchyIntegrator::advanceHierarchy(): integrating hierarchy
IBHierarchyIntegrator::integrateHierarchy(): computing Lagrangian force
IBHierarchyIntegrator::integrateHierarchy(): spreading Lagrangian force to the Eulerian grid
IBHierarchyIntegrator::integrateHierarchy(): solving the incompressible Navier-Stokes equations
INSStaggeredHierarchyIntegrator::integrateHierarchy(): stokes solve number of iterations = 2
INSStaggeredHierarchyIntegrator::integrateHierarchy(): stokes solve residual norm        = 1.41185e-07
IBHierarchyIntegrator::integrateHierarchy(): interpolating Eulerian velocity to the Lagrangian mesh
IBHierarchyIntegrator::integrateHierarchy(): performing Lagrangian midpoint-rule step
IBHierarchyIntegrator::postprocessIntegrateHierarchy(): interpolating Eulerian velocity to the Lagrangian mesh
IBHierarchyIntegrator::postprocessIntegrateHierarchy(): CFL number = 6.04913e-06
IBHierarchyIntegrator::postprocessIntegrateHierarchy(): Eulerian estimate of upper bound on IB point displacement since last regrid = 0.00189271
IBHierarchyIntegrator::advanceHierarchy(): synchronizing updated data
IBHierarchyIntegrator::advanceHierarchy(): resetting time dependent data

At end       of timestep # 323
Simulation time is 0.2025
+++++++++++++++++++++++++++++++++++++++++++++++++++


+++++++++++++++++++++++++++++++++++++++++++++++++++
At beginning of timestep # 324
Simulation time is 0.2025
IBHierarchyIntegrator::advanceHierarchy(): time interval = [0.2025,0.203125], dt = 0.000625
IBHierarchyIntegrator::preprocessIntegrateHierarchy(): performing Lagrangian forward Euler step
IBHierarchyIntegrator::advanceHierarchy(): integrating hierarchy
IBHierarchyIntegrator::integrateHierarchy(): computing Lagrangian force
IBHierarchyIntegrator::integrateHierarchy(): spreading Lagrangian force to the Eulerian grid
IBHierarchyIntegrator::integrateHierarchy(): solving the incompressible Navier-Stokes equations
INSStaggeredHierarchyIntegrator::integrateHierarchy(): stokes solve number of iterations = 2
INSStaggeredHierarchyIntegrator::integrateHierarchy(): stokes solve residual norm        = 1.40076e-07
IBHierarchyIntegrator::integrateHierarchy(): interpolating Eulerian velocity to the Lagrangian mesh
IBHierarchyIntegrator::integrateHierarchy(): performing Lagrangian midpoint-rule step
IBHierarchyIntegrator::postprocessIntegrateHierarchy(): interpolating Eulerian velocity to the Lagrangian mesh
IBHierarchyIntegrator::postprocessIntegrateHierarchy(): CFL number = 6.04926e-06
IBHierarchyIntegrator::postprocessIntegrateHierarchy(): Eulerian estimate of upper bound on IB point displacement since last regrid = 0.00189876
IBHierarchyIntegrator::advanceHierarchy(): synchronizing updated data
IBHierarchyIntegrator::advanceHierarchy(): resetting time dependent data

At end       of timestep # 324
Simulation time is 0.203125
+++++++++++++++++++++++++++++++++++++++++++++++++++


+++++++++++++++++++++++++++++++++++++++++++++++++++
At beginning of timestep # 325
Simulation time is 0.203125
IBHierarchyIntegrator::advanceHierarchy(): time interval = [0.203125,0.20375], dt = 0.000625
IBHierarchyIntegrator::preprocessIntegrateHierarchy(): performing Lagrangian forward Euler step
IBHierarchyIntegrator::advanceHierarchy(): integrating hierarchy
IBHierarchyIntegrator::integrateHierarchy(): computing Lagrangian force
IBHierarchyIntegrator::integrateHierarchy(): spreading Lagrangian force to the Eulerian grid
IBHierarchyIntegrator::integrateHierarchy(): solving the incompressible Navier-Stokes equations
INSStaggeredHierarchyIntegrator::integrateHierarchy(): stokes solve number of iterations = 2
INSStaggeredHierarchyIntegrator::integrateHierarchy(): stokes solve residual norm        = 1.38927e-07
IBHierarchyIntegrator::integrateHierarchy(): interpolating Eulerian velocity to the Lagrangian mesh
IBHierarchyIntegrator::integrateHierarchy(): performing Lagrangian midpoint-rule step
IBHierarchyIntegrator::postprocessIntegrateHierarchy(): interpolating Eulerian velocity to the Lagrangian mesh
IBHierarchyIntegrator::postprocessIntegrateHierarchy(): CFL number = 6.04941e-06
IBHierarchyIntegrator::postprocessIntegrateHierarchy(): Eulerian estimate of upper bound on IB point displacement since last regrid = 0.00190481
IBHierarchyIntegrator::advanceHierarchy(): synchronizing updated data
IBHierarchyIntegrator::advanceHierarchy(): resetting time dependent data

At end       of timestep # 325
Simulation time is 0.20375
+++++++++++++++++++++++++++++++++++++++++++++++++++


+++++++++++++++++++++++++++++++++++++++++++++++++++
At beginning of timestep # 326
Simulation time is 0.20375
IBHierarchyIntegrator::advanceHierarchy(): time interval = [0.20375,0.204375], dt = 0.000625
IBHierarchyIntegrator::preprocessIntegrateHierarchy(): performing Lagrangian forward Euler step
IBHierarchyIntegrator::advanceHierarchy(): integrating hierarchy
IBHierarchyIntegrator::integrateHierarchy(): computing Lagrangian force
IBHierarchyIntegrator::integrateHierarchy(): spreading Lagrangian force to the Eulerian grid
IBHierarchyIntegrator::integrateHierarchy(): solving the incompressible Navier-Stokes equations
INSStaggeredHierarchyIntegrator::integrateHierarchy(): stokes solve number of iterations = 2
INSStaggeredHierarchyIntegrator::integrateHierarchy(): stokes solve residual norm        = 1.37746e-07
IBHierarchyIntegrator::integrateHierarchy(): interpolating Eulerian velocity to the Lagrangian mesh
IBHierarchyIntegrator::integrateHierarchy(): performing Lagrangian midpoint-rule step
IBHierarchyIntegrator::postprocessIntegrateHierarchy(): interpolating Eulerian velocity to the Lagrangian mesh
IBHierarchyIntegrator::postprocessIntegrateHierarchy(): CFL number = 6.04963e-06
IBHierarchyIntegrator::postprocessIntegrateHierarchy(): Eulerian estimate of upper bound on IB point displacement since last regrid = 0.00191086
IBHierarchyIntegrator::advanceHierarchy(): synchronizing updated data
IBHierarchyIntegrator::advanceHierarchy(): resetting time dependent data

At end       of timestep # 326
Simulation time is 0.204375
+++++++++++++++++++++++++++++++++++++++++++++++++++


+++++++++++++++++++++++++++++++++++++++++++++++++++
At beginning of timestep # 327
Simulation time is 0.204375
IBHierarchyIntegrator::advanceHierarchy(): time interval = [0.204375,0.205], dt = 0.000625
IBHierarchyIntegrator::preprocessIntegrateHierarchy(): performing Lagrangian forward Euler step
IBHierarchyIntegrator::advanceHierarchy(): integrating hierarchy
IBHierarchyIntegrator::integrateHierarchy(): computing Lagrangian force
IBHierarchyIntegrator::integrateHierarchy(): spreading Lagrangian force to the Eulerian grid
IBHierarchyIntegrator::integrateHierarchy(): solving the incompressible Navier-Stokes equations
INSStaggeredHierarchyIntegrator::integrateHierarchy(): stokes solve number of iterations = 2
INSStaggeredHierarchyIntegrator::integrateHierarchy(): stokes solve residual norm        = 1.36519e-07
IBHierarchyIntegrator::integrateHierarchy(): interpolating Eulerian velocity to the Lagrangian mesh
IBHierarchyIntegrator::integrateHierarchy(): performing Lagrangian midpoint-rule step
IBHierarchyIntegrator::postprocessIntegrateHierarchy(): interpolating Eulerian velocity to the Lagrangian mesh
IBHierarchyIntegrator::postprocessIntegrateHierarchy(): CFL number = 6.04983e-06
IBHierarchyIntegrator::postprocessIntegrateHierarchy(): Eulerian estimate of upper bound on IB point displacement since last regrid = 0.00191691
IBHierarchyIntegrator::advanceHierarchy(): synchronizing updated data
IBHierarchyIntegrator::advanceHierarchy(): resetting time dependent data

At end       of timestep # 327
Simulation time is 0.205
+++++++++++++++++++++++++++++++++++++++++++++++++++


+++++++++++++++++++++++++++++++++++++++++++++++++++
At beginning of timestep # 328
Simulation time is 0.205
IBHierarchyIntegrator::advanceHierarchy(): time interval = [0.205,0.205625], dt = 0.000625
IBHierarchyIntegrator::preprocessIntegrateHierarchy(): performing Lagrangian forward Euler step
IBHierarchyIntegrator::advanceHierarchy(): integrating hierarchy
IBHierarchyIntegrator::integrateHierarchy(): computing Lagrangian force
IBHierarchyIntegrator::integrateHierarchy(): spreading Lagrangian force to the Eulerian grid
IBHierarchyIntegrator::integrateHierarchy(): solving the incompressible Navier-Stokes equations
INSStaggeredHierarchyIntegrator::integrateHierarchy(): stokes solve number of iterations = 2
INSStaggeredHierarchyIntegrator::integrateHierarchy(): stokes solve residual norm        = 1.35261e-07
IBHierarchyIntegrator::integrateHierarchy(): interpolating Eulerian velocity to the Lagrangian mesh
IBHierarchyIntegrator::integrateHierarchy(): performing Lagrangian midpoint-rule step
IBHierarchyIntegrator::postprocessIntegrateHierarchy(): interpolating Eulerian velocity to the Lagrangian mesh
IBHierarchyIntegrator::postprocessIntegrateHierarchy(): CFL number = 6.05002e-06
IBHierarchyIntegrator::postprocessIntegrateHierarchy(): Eulerian estimate of upper bound on IB point displacement since last regrid = 0.00192296
IBHierarchyIntegrator::advanceHierarchy(): synchronizing updated data
IBHierarchyIntegrator::advanceHierarchy(): resetting time dependent data

At end       of timestep # 328
Simulation time is 0.205625
+++++++++++++++++++++++++++++++++++++++++++++++++++


+++++++++++++++++++++++++++++++++++++++++++++++++++
At beginning of timestep # 329
Simulation time is 0.205625
IBHierarchyIntegrator::advanceHierarchy(): time interval = [0.205625,0.20625], dt = 0.000625
IBHierarchyIntegrator::preprocessIntegrateHierarchy(): performing Lagrangian forward Euler step
IBHierarchyIntegrator::advanceHierarchy(): integrating hierarchy
IBHierarchyIntegrator::integrateHierarchy(): computing Lagrangian force
IBHierarchyIntegrator::integrateHierarchy(): spreading Lagrangian force to the Eulerian grid
IBHierarchyIntegrator::integrateHierarchy(): solving the incompressible Navier-Stokes equations
INSStaggeredHierarchyIntegrator::integrateHierarchy(): stokes solve number of iterations = 2
INSStaggeredHierarchyIntegrator::integrateHierarchy(): stokes solve residual norm        = 1.33963e-07
IBHierarchyIntegrator::integrateHierarchy(): interpolating Eulerian velocity to the Lagrangian mesh
IBHierarchyIntegrator::integrateHierarchy(): performing Lagrangian midpoint-rule step
IBHierarchyIntegrator::postprocessIntegrateHierarchy(): interpolating Eulerian velocity to the Lagrangian mesh
IBHierarchyIntegrator::postprocessIntegrateHierarchy(): CFL number = 6.0502e-06
IBHierarchyIntegrator::postprocessIntegrateHierarchy(): Eulerian estimate of upper bound on IB point displacement since last regrid = 0.00192901
IBHierarchyIntegrator::advanceHierarchy(): synchronizing updated data
IBHierarchyIntegrator::advanceHierarchy(): resetting time dependent data

At end       of timestep # 329
Simulation time is 0.20625
+++++++++++++++++++++++++++++++++++++++++++++++++++


+++++++++++++++++++++++++++++++++++++++++++++++++++
At beginning of timestep # 330
Simulation time is 0.20625
IBHierarchyIntegrator::advanceHierarchy(): time interval = [0.20625,0.206875], dt = 0.000625
IBHierarchyIntegrator::preprocessIntegrateHierarchy(): performing Lagrangian forward Euler step
IBHierarchyIntegrator::advanceHierarchy(): integrating hierarchy
IBHierarchyIntegrator::integrateHierarchy(): computing Lagrangian force
IBHierarchyIntegrator::integrateHierarchy(): spreading Lagrangian force to the Eulerian grid
IBHierarchyIntegrator::integrateHierarchy(): solving the incompressible Navier-Stokes equations
INSStaggeredHierarchyIntegrator::integrateHierarchy(): stokes solve number of iterations = 1
INSStaggeredHierarchyIntegrator::integrateHierarchy(): stokes solve residual norm        = 8.78782e-06
IBHierarchyIntegrator::integrateHierarchy(): interpolating Eulerian velocity to the Lagrangian mesh
IBHierarchyIntegrator::integrateHierarchy(): performing Lagrangian midpoint-rule step
IBHierarchyIntegrator::postprocessIntegrateHierarchy(): interpolating Eulerian velocity to the Lagrangian mesh
IBHierarchyIntegrator::postprocessIntegrateHierarchy(): CFL number = 6.05036e-06
IBHierarchyIntegrator::postprocessIntegrateHierarchy(): Eulerian estimate of upper bound on IB point displacement since last regrid = 0.00193506
IBHierarchyIntegrator::advanceHierarchy(): synchronizing updated data
IBHierarchyIntegrator::advanceHierarchy(): resetting time dependent data

At end       of timestep # 330
Simulation time is 0.206875
+++++++++++++++++++++++++++++++++++++++++++++++++++


+++++++++++++++++++++++++++++++++++++++++++++++++++
At beginning of timestep # 331
Simulation time is 0.206875
IBHierarchyIntegrator::advanceHierarchy(): time interval = [0.206875,0.2075], dt = 0.000625
IBHierarchyIntegrator::preprocessIntegrateHierarchy(): performing Lagrangian forward Euler step
IBHierarchyIntegrator::advanceHierarchy(): integrating hierarchy
IBHierarchyIntegrator::integrateHierarchy(): computing Lagrangian force
IBHierarchyIntegrator::integrateHierarchy(): spreading Lagrangian force to the Eulerian grid
IBHierarchyIntegrator::integrateHierarchy(): solving the incompressible Navier-Stokes equations
INSStaggeredHierarchyIntegrator::integrateHierarchy(): stokes solve number of iterations = 1
INSStaggeredHierarchyIntegrator::integrateHierarchy(): stokes solve residual norm        = 8.5108e-06
IBHierarchyIntegrator::integrateHierarchy(): interpolating Eulerian velocity to the Lagrangian mesh
IBHierarchyIntegrator::integrateHierarchy(): performing Lagrangian midpoint-rule step
IBHierarchyIntegrator::postprocessIntegrateHierarchy(): interpolating Eulerian velocity to the Lagrangian mesh
IBHierarchyIntegrator::postprocessIntegrateHierarchy(): CFL number = 6.05051e-06
IBHierarchyIntegrator::postprocessIntegrateHierarchy(): Eulerian estimate of upper bound on IB point displacement since last regrid = 0.00194111
IBHierarchyIntegrator::advanceHierarchy(): synchronizing updated data
IBHierarchyIntegrator::advanceHierarchy(): resetting time dependent data

At end       of timestep # 331
Simulation time is 0.2075
+++++++++++++++++++++++++++++++++++++++++++++++++++


+++++++++++++++++++++++++++++++++++++++++++++++++++
At beginning of timestep # 332
Simulation time is 0.2075
IBHierarchyIntegrator::advanceHierarchy(): time interval = [0.2075,0.208125], dt = 0.000625
IBHierarchyIntegrator::preprocessIntegrateHierarchy(): performing Lagrangian forward Euler step
IBHierarchyIntegrator::advanceHierarchy(): integrating hierarchy
IBHierarchyIntegrator::integrateHierarchy(): computing Lagrangian force
IBHierarchyIntegrator::integrateHierarchy(): spreading Lagrangian force to the Eulerian grid
IBHierarchyIntegrator::integrateHierarchy(): solving the incompressible Navier-Stokes equations
INSStaggeredHierarchyIntegrator::integrateHierarchy(): stokes solve number of iterations = 1
INSStaggeredHierarchyIntegrator::integrateHierarchy(): stokes solve residual norm        = 8.38074e-06
IBHierarchyIntegrator::integrateHierarchy(): interpolating Eulerian velocity to the Lagrangian mesh
IBHierarchyIntegrator::integrateHierarchy(): performing Lagrangian midpoint-rule step
IBHierarchyIntegrator::postprocessIntegrateHierarchy(): interpolating Eulerian velocity to the Lagrangian mesh
IBHierarchyIntegrator::postprocessIntegrateHierarchy(): CFL number = 6.05064e-06
IBHierarchyIntegrator::postprocessIntegrateHierarchy(): Eulerian estimate of upper bound on IB point displacement since last regrid = 0.00194716
IBHierarchyIntegrator::advanceHierarchy(): synchronizing updated data
IBHierarchyIntegrator::advanceHierarchy(): resetting time dependent data

At end       of timestep # 332
Simulation time is 0.208125
+++++++++++++++++++++++++++++++++++++++++++++++++++


+++++++++++++++++++++++++++++++++++++++++++++++++++
At beginning of timestep # 333
Simulation time is 0.208125
IBHierarchyIntegrator::advanceHierarchy(): time interval = [0.208125,0.20875], dt = 0.000625
IBHierarchyIntegrator::preprocessIntegrateHierarchy(): performing Lagrangian forward Euler step
IBHierarchyIntegrator::advanceHierarchy(): integrating hierarchy
IBHierarchyIntegrator::integrateHierarchy(): computing Lagrangian force
IBHierarchyIntegrator::integrateHierarchy(): spreading Lagrangian force to the Eulerian grid
IBHierarchyIntegrator::integrateHierarchy(): solving the incompressible Navier-Stokes equations
INSStaggeredHierarchyIntegrator::integrateHierarchy(): stokes solve number of iterations = 1
INSStaggeredHierarchyIntegrator::integrateHierarchy(): stokes solve residual norm        = 8.26677e-06
IBHierarchyIntegrator::integrateHierarchy(): interpolating Eulerian velocity to the Lagrangian mesh
IBHierarchyIntegrator::integrateHierarchy(): performing Lagrangian midpoint-rule step
IBHierarchyIntegrator::postprocessIntegrateHierarchy(): interpolating Eulerian velocity to the Lagrangian mesh
IBHierarchyIntegrator::postprocessIntegrateHierarchy(): CFL number = 6.05077e-06
IBHierarchyIntegrator::postprocessIntegrateHierarchy(): Eulerian estimate of upper bound on IB point displacement since last regrid = 0.00195321
IBHierarchyIntegrator::advanceHierarchy(): synchronizing updated data
IBHierarchyIntegrator::advanceHierarchy(): resetting time dependent data

At end       of timestep # 333
Simulation time is 0.20875
+++++++++++++++++++++++++++++++++++++++++++++++++++


+++++++++++++++++++++++++++++++++++++++++++++++++++
At beginning of timestep # 334
Simulation time is 0.20875
IBHierarchyIntegrator::advanceHierarchy(): time interval = [0.20875,0.209375], dt = 0.000625
IBHierarchyIntegrator::preprocessIntegrateHierarchy(): performing Lagrangian forward Euler step
IBHierarchyIntegrator::advanceHierarchy(): integrating hierarchy
IBHierarchyIntegrator::integrateHierarchy(): computing Lagrangian force
IBHierarchyIntegrator::integrateHierarchy(): spreading Lagrangian force to the Eulerian grid
IBHierarchyIntegrator::integrateHierarchy(): solving the incompressible Navier-Stokes equations
INSStaggeredHierarchyIntegrator::integrateHierarchy(): stokes solve number of iterations = 1
INSStaggeredHierarchyIntegrator::integrateHierarchy(): stokes solve residual norm        = 8.15163e-06
IBHierarchyIntegrator::integrateHierarchy(): interpolating Eulerian velocity to the Lagrangian mesh
IBHierarchyIntegrator::integrateHierarchy(): performing Lagrangian midpoint-rule step
IBHierarchyIntegrator::postprocessIntegrateHierarchy(): interpolating Eulerian velocity to the Lagrangian mesh
IBHierarchyIntegrator::postprocessIntegrateHierarchy(): CFL number = 6.05088e-06
IBHierarchyIntegrator::postprocessIntegrateHierarchy(): Eulerian estimate of upper bound on IB point displacement since last regrid = 0.00195926
IBHierarchyIntegrator::advanceHierarchy(): synchronizing updated data
IBHierarchyIntegrator::advanceHierarchy(): resetting time dependent data

At end       of timestep # 334
Simulation time is 0.209375
+++++++++++++++++++++++++++++++++++++++++++++++++++


+++++++++++++++++++++++++++++++++++++++++++++++++++
At beginning of timestep # 335
Simulation time is 0.209375
IBHierarchyIntegrator::advanceHierarchy(): time interval = [0.209375,0.21], dt = 0.000625
IBHierarchyIntegrator::preprocessIntegrateHierarchy(): performing Lagrangian forward Euler step
IBHierarchyIntegrator::advanceHierarchy(): integrating hierarchy
IBHierarchyIntegrator::integrateHierarchy(): computing Lagrangian force
IBHierarchyIntegrator::integrateHierarchy(): spreading Lagrangian force to the Eulerian grid
IBHierarchyIntegrator::integrateHierarchy(): solving the incompressible Navier-Stokes equations
INSStaggeredHierarchyIntegrator::integrateHierarchy(): stokes solve number of iterations = 1
INSStaggeredHierarchyIntegrator::integrateHierarchy(): stokes solve residual norm        = 8.03453e-06
IBHierarchyIntegrator::integrateHierarchy(): interpolating Eulerian velocity to the Lagrangian mesh
IBHierarchyIntegrator::integrateHierarchy(): performing Lagrangian midpoint-rule step
IBHierarchyIntegrator::postprocessIntegrateHierarchy(): interpolating Eulerian velocity to the Lagrangian mesh
IBHierarchyIntegrator::postprocessIntegrateHierarchy(): CFL number = 6.05097e-06
IBHierarchyIntegrator::postprocessIntegrateHierarchy(): Eulerian estimate of upper bound on IB point displacement since last regrid = 0.00196531
IBHierarchyIntegrator::advanceHierarchy(): synchronizing updated data
IBHierarchyIntegrator::advanceHierarchy(): resetting time dependent data

At end       of timestep # 335
Simulation time is 0.21
+++++++++++++++++++++++++++++++++++++++++++++++++++


+++++++++++++++++++++++++++++++++++++++++++++++++++
At beginning of timestep # 336
Simulation time is 0.21
IBHierarchyIntegrator::advanceHierarchy(): time interval = [0.21,0.210625], dt = 0.000625
IBHierarchyIntegrator::preprocessIntegrateHierarchy(): performing Lagrangian forward Euler step
IBHierarchyIntegrator::advanceHierarchy(): integrating hierarchy
IBHierarchyIntegrator::integrateHierarchy(): computing Lagrangian force
IBHierarchyIntegrator::integrateHierarchy(): spreading Lagrangian force to the Eulerian grid
IBHierarchyIntegrator::integrateHierarchy(): solving the incompressible Navier-Stokes equations
INSStaggeredHierarchyIntegrator::integrateHierarchy(): stokes solve number of iterations = 1
INSStaggeredHierarchyIntegrator::integrateHierarchy(): stokes solve residual norm        = 7.91682e-06
IBHierarchyIntegrator::integrateHierarchy(): interpolating Eulerian velocity to the Lagrangian mesh
IBHierarchyIntegrator::integrateHierarchy(): performing Lagrangian midpoint-rule step
IBHierarchyIntegrator::postprocessIntegrateHierarchy(): interpolating Eulerian velocity to the Lagrangian mesh
IBHierarchyIntegrator::postprocessIntegrateHierarchy(): CFL number = 6.05106e-06
IBHierarchyIntegrator::postprocessIntegrateHierarchy(): Eulerian estimate of upper bound on IB point displacement since last regrid = 0.00197136
IBHierarchyIntegrator::advanceHierarchy(): synchronizing updated data
IBHierarchyIntegrator::advanceHierarchy(): resetting time dependent data

At end       of timestep # 336
Simulation time is 0.210625
+++++++++++++++++++++++++++++++++++++++++++++++++++


+++++++++++++++++++++++++++++++++++++++++++++++++++
At beginning of timestep # 337
Simulation time is 0.210625
IBHierarchyIntegrator::advanceHierarchy(): time interval = [0.210625,0.21125], dt = 0.000625
IBHierarchyIntegrator::preprocessIntegrateHierarchy(): performing Lagrangian forward Euler step
IBHierarchyIntegrator::advanceHierarchy(): integrating hierarchy
IBHierarchyIntegrator::integrateHierarchy(): computing Lagrangian force
IBHierarchyIntegrator::integrateHierarchy(): spreading Lagrangian force to the Eulerian grid
IBHierarchyIntegrator::integrateHierarchy(): solving the incompressible Navier-Stokes equations
INSStaggeredHierarchyIntegrator::integrateHierarchy(): stokes solve number of iterations = 1
INSStaggeredHierarchyIntegrator::integrateHierarchy(): stokes solve residual norm        = 7.79861e-06
IBHierarchyIntegrator::integrateHierarchy(): interpolating Eulerian velocity to the Lagrangian mesh
IBHierarchyIntegrator::integrateHierarchy(): performing Lagrangian midpoint-rule step
IBHierarchyIntegrator::postprocessIntegrateHierarchy(): interpolating Eulerian velocity to the Lagrangian mesh
IBHierarchyIntegrator::postprocessIntegrateHierarchy(): CFL number = 6.05113e-06
IBHierarchyIntegrator::postprocessIntegrateHierarchy(): Eulerian estimate of upper bound on IB point displacement since last regrid = 0.00197742
IBHierarchyIntegrator::advanceHierarchy(): synchronizing updated data
IBHierarchyIntegrator::advanceHierarchy(): resetting time dependent data

At end       of timestep # 337
Simulation time is 0.21125
+++++++++++++++++++++++++++++++++++++++++++++++++++


+++++++++++++++++++++++++++++++++++++++++++++++++++
At beginning of timestep # 338
Simulation time is 0.21125
IBHierarchyIntegrator::advanceHierarchy(): time interval = [0.21125,0.211875], dt = 0.000625
IBHierarchyIntegrator::preprocessIntegrateHierarchy(): performing Lagrangian forward Euler step
IBHierarchyIntegrator::advanceHierarchy(): integrating hierarchy
IBHierarchyIntegrator::integrateHierarchy(): computing Lagrangian force
IBHierarchyIntegrator::integrateHierarchy(): spreading Lagrangian force to the Eulerian grid
IBHierarchyIntegrator::integrateHierarchy(): solving the incompressible Navier-Stokes equations
INSStaggeredHierarchyIntegrator::integrateHierarchy(): stokes solve number of iterations = 1
INSStaggeredHierarchyIntegrator::integrateHierarchy(): stokes solve residual norm        = 7.6794e-06
IBHierarchyIntegrator::integrateHierarchy(): interpolating Eulerian velocity to the Lagrangian mesh
IBHierarchyIntegrator::integrateHierarchy(): performing Lagrangian midpoint-rule step
IBHierarchyIntegrator::postprocessIntegrateHierarchy(): interpolating Eulerian velocity to the Lagrangian mesh
IBHierarchyIntegrator::postprocessIntegrateHierarchy(): CFL number = 6.0512e-06
IBHierarchyIntegrator::postprocessIntegrateHierarchy(): Eulerian estimate of upper bound on IB point displacement since last regrid = 0.00198347
IBHierarchyIntegrator::advanceHierarchy(): synchronizing updated data
IBHierarchyIntegrator::advanceHierarchy(): resetting time dependent data

At end       of timestep # 338
Simulation time is 0.211875
+++++++++++++++++++++++++++++++++++++++++++++++++++


+++++++++++++++++++++++++++++++++++++++++++++++++++
At beginning of timestep # 339
Simulation time is 0.211875
IBHierarchyIntegrator::advanceHierarchy(): time interval = [0.211875,0.2125], dt = 0.000625
IBHierarchyIntegrator::preprocessIntegrateHierarchy(): performing Lagrangian forward Euler step
IBHierarchyIntegrator::advanceHierarchy(): integrating hierarchy
IBHierarchyIntegrator::integrateHierarchy(): computing Lagrangian force
IBHierarchyIntegrator::integrateHierarchy(): spreading Lagrangian force to the Eulerian grid
IBHierarchyIntegrator::integrateHierarchy(): solving the incompressible Navier-Stokes equations
INSStaggeredHierarchyIntegrator::integrateHierarchy(): stokes solve number of iterations = 1
INSStaggeredHierarchyIntegrator::integrateHierarchy(): stokes solve residual norm        = 7.5591e-06
IBHierarchyIntegrator::integrateHierarchy(): interpolating Eulerian velocity to the Lagrangian mesh
IBHierarchyIntegrator::integrateHierarchy(): performing Lagrangian midpoint-rule step
IBHierarchyIntegrator::postprocessIntegrateHierarchy(): interpolating Eulerian velocity to the Lagrangian mesh
IBHierarchyIntegrator::postprocessIntegrateHierarchy(): CFL number = 6.05124e-06
IBHierarchyIntegrator::postprocessIntegrateHierarchy(): Eulerian estimate of upper bound on IB point displacement since last regrid = 0.00198952
IBHierarchyIntegrator::advanceHierarchy(): synchronizing updated data
IBHierarchyIntegrator::advanceHierarchy(): resetting time dependent data

At end       of timestep # 339
Simulation time is 0.2125
+++++++++++++++++++++++++++++++++++++++++++++++++++


+++++++++++++++++++++++++++++++++++++++++++++++++++
At beginning of timestep # 340
Simulation time is 0.2125
IBHierarchyIntegrator::advanceHierarchy(): time interval = [0.2125,0.213125], dt = 0.000625
IBHierarchyIntegrator::preprocessIntegrateHierarchy(): performing Lagrangian forward Euler step
IBHierarchyIntegrator::advanceHierarchy(): integrating hierarchy
IBHierarchyIntegrator::integrateHierarchy(): computing Lagrangian force
IBHierarchyIntegrator::integrateHierarchy(): spreading Lagrangian force to the Eulerian grid
IBHierarchyIntegrator::integrateHierarchy(): solving the incompressible Navier-Stokes equations
INSStaggeredHierarchyIntegrator::integrateHierarchy(): stokes solve number of iterations = 1
INSStaggeredHierarchyIntegrator::integrateHierarchy(): stokes solve residual norm        = 7.43763e-06
IBHierarchyIntegrator::integrateHierarchy(): interpolating Eulerian velocity to the Lagrangian mesh
IBHierarchyIntegrator::integrateHierarchy(): performing Lagrangian midpoint-rule step
IBHierarchyIntegrator::postprocessIntegrateHierarchy(): interpolating Eulerian velocity to the Lagrangian mesh
IBHierarchyIntegrator::postprocessIntegrateHierarchy(): CFL number = 6.05128e-06
IBHierarchyIntegrator::postprocessIntegrateHierarchy(): Eulerian estimate of upper bound on IB point displacement since last regrid = 0.00199557
IBHierarchyIntegrator::advanceHierarchy(): synchronizing updated data
IBHierarchyIntegrator::advanceHierarchy(): resetting time dependent data

At end       of timestep # 340
Simulation time is 0.213125
+++++++++++++++++++++++++++++++++++++++++++++++++++


+++++++++++++++++++++++++++++++++++++++++++++++++++
At beginning of timestep # 341
Simulation time is 0.213125
IBHierarchyIntegrator::advanceHierarchy(): time interval = [0.213125,0.21375], dt = 0.000625
IBHierarchyIntegrator::preprocessIntegrateHierarchy(): performing Lagrangian forward Euler step
IBHierarchyIntegrator::advanceHierarchy(): integrating hierarchy
IBHierarchyIntegrator::integrateHierarchy(): computing Lagrangian force
IBHierarchyIntegrator::integrateHierarchy(): spreading Lagrangian force to the Eulerian grid
IBHierarchyIntegrator::integrateHierarchy(): solving the incompressible Navier-Stokes equations
INSStaggeredHierarchyIntegrator::integrateHierarchy(): stokes solve number of iterations = 1
INSStaggeredHierarchyIntegrator::integrateHierarchy(): stokes solve residual norm        = 7.31489e-06
IBHierarchyIntegrator::integrateHierarchy(): interpolating Eulerian velocity to the Lagrangian mesh
IBHierarchyIntegrator::integrateHierarchy(): performing Lagrangian midpoint-rule step
IBHierarchyIntegrator::postprocessIntegrateHierarchy(): interpolating Eulerian velocity to the Lagrangian mesh
IBHierarchyIntegrator::postprocessIntegrateHierarchy(): CFL number = 6.05131e-06
IBHierarchyIntegrator::postprocessIntegrateHierarchy(): Eulerian estimate of upper bound on IB point displacement since last regrid = 0.00200162
IBHierarchyIntegrator::advanceHierarchy(): synchronizing updated data
IBHierarchyIntegrator::advanceHierarchy(): resetting time dependent data

At end       of timestep # 341
Simulation time is 0.21375
+++++++++++++++++++++++++++++++++++++++++++++++++++


+++++++++++++++++++++++++++++++++++++++++++++++++++
At beginning of timestep # 342
Simulation time is 0.21375
IBHierarchyIntegrator::advanceHierarchy(): time interval = [0.21375,0.214375], dt = 0.000625
IBHierarchyIntegrator::preprocessIntegrateHierarchy(): performing Lagrangian forward Euler step
IBHierarchyIntegrator::advanceHierarchy(): integrating hierarchy
IBHierarchyIntegrator::integrateHierarchy(): computing Lagrangian force
IBHierarchyIntegrator::integrateHierarchy(): spreading Lagrangian force to the Eulerian grid
IBHierarchyIntegrator::integrateHierarchy(): solving the incompressible Navier-Stokes equations
INSStaggeredHierarchyIntegrator::integrateHierarchy(): stokes solve number of iterations = 1
INSStaggeredHierarchyIntegrator::integrateHierarchy(): stokes solve residual norm        = 7.19083e-06
IBHierarchyIntegrator::integrateHierarchy(): interpolating Eulerian velocity to the Lagrangian mesh
IBHierarchyIntegrator::integrateHierarchy(): performing Lagrangian midpoint-rule step
IBHierarchyIntegrator::postprocessIntegrateHierarchy(): interpolating Eulerian velocity to the Lagrangian mesh
IBHierarchyIntegrator::postprocessIntegrateHierarchy(): CFL number = 6.05132e-06
IBHierarchyIntegrator::postprocessIntegrateHierarchy(): Eulerian estimate of upper bound on IB point displacement since last regrid = 0.00200767
IBHierarchyIntegrator::advanceHierarchy(): synchronizing updated data
IBHierarchyIntegrator::advanceHierarchy(): resetting time dependent data

At end       of timestep # 342
Simulation time is 0.214375
+++++++++++++++++++++++++++++++++++++++++++++++++++


+++++++++++++++++++++++++++++++++++++++++++++++++++
At beginning of timestep # 343
Simulation time is 0.214375
IBHierarchyIntegrator::advanceHierarchy(): time interval = [0.214375,0.215], dt = 0.000625
IBHierarchyIntegrator::preprocessIntegrateHierarchy(): performing Lagrangian forward Euler step
IBHierarchyIntegrator::advanceHierarchy(): integrating hierarchy
IBHierarchyIntegrator::integrateHierarchy(): computing Lagrangian force
IBHierarchyIntegrator::integrateHierarchy(): spreading Lagrangian force to the Eulerian grid
IBHierarchyIntegrator::integrateHierarchy(): solving the incompressible Navier-Stokes equations
INSStaggeredHierarchyIntegrator::integrateHierarchy(): stokes solve number of iterations = 1
INSStaggeredHierarchyIntegrator::integrateHierarchy(): stokes solve residual norm        = 7.06545e-06
IBHierarchyIntegrator::integrateHierarchy(): interpolating Eulerian velocity to the Lagrangian mesh
IBHierarchyIntegrator::integrateHierarchy(): performing Lagrangian midpoint-rule step
IBHierarchyIntegrator::postprocessIntegrateHierarchy(): interpolating Eulerian velocity to the Lagrangian mesh
IBHierarchyIntegrator::postprocessIntegrateHierarchy(): CFL number = 6.05132e-06
IBHierarchyIntegrator::postprocessIntegrateHierarchy(): Eulerian estimate of upper bound on IB point displacement since last regrid = 0.00201372
IBHierarchyIntegrator::advanceHierarchy(): synchronizing updated data
IBHierarchyIntegrator::advanceHierarchy(): resetting time dependent data

At end       of timestep # 343
Simulation time is 0.215
+++++++++++++++++++++++++++++++++++++++++++++++++++


+++++++++++++++++++++++++++++++++++++++++++++++++++
At beginning of timestep # 344
Simulation time is 0.215
IBHierarchyIntegrator::advanceHierarchy(): time interval = [0.215,0.215625], dt = 0.000625
IBHierarchyIntegrator::preprocessIntegrateHierarchy(): performing Lagrangian forward Euler step
IBHierarchyIntegrator::advanceHierarchy(): integrating hierarchy
IBHierarchyIntegrator::integrateHierarchy(): computing Lagrangian force
IBHierarchyIntegrator::integrateHierarchy(): spreading Lagrangian force to the Eulerian grid
IBHierarchyIntegrator::integrateHierarchy(): solving the incompressible Navier-Stokes equations
INSStaggeredHierarchyIntegrator::integrateHierarchy(): stokes solve number of iterations = 1
INSStaggeredHierarchyIntegrator::integrateHierarchy(): stokes solve residual norm        = 6.93866e-06
IBHierarchyIntegrator::integrateHierarchy(): interpolating Eulerian velocity to the Lagrangian mesh
IBHierarchyIntegrator::integrateHierarchy(): performing Lagrangian midpoint-rule step
IBHierarchyIntegrator::postprocessIntegrateHierarchy(): interpolating Eulerian velocity to the Lagrangian mesh
IBHierarchyIntegrator::postprocessIntegrateHierarchy(): CFL number = 6.05131e-06
IBHierarchyIntegrator::postprocessIntegrateHierarchy(): Eulerian estimate of upper bound on IB point displacement since last regrid = 0.00201977
IBHierarchyIntegrator::advanceHierarchy(): synchronizing updated data
IBHierarchyIntegrator::advanceHierarchy(): resetting time dependent data

At end       of timestep # 344
Simulation time is 0.215625
+++++++++++++++++++++++++++++++++++++++++++++++++++


+++++++++++++++++++++++++++++++++++++++++++++++++++
At beginning of timestep # 345
Simulation time is 0.215625
IBHierarchyIntegrator::advanceHierarchy(): time interval = [0.215625,0.21625], dt = 0.000625
IBHierarchyIntegrator::preprocessIntegrateHierarchy(): performing Lagrangian forward Euler step
IBHierarchyIntegrator::advanceHierarchy(): integrating hierarchy
IBHierarchyIntegrator::integrateHierarchy(): computing Lagrangian force
IBHierarchyIntegrator::integrateHierarchy(): spreading Lagrangian force to the Eulerian grid
IBHierarchyIntegrator::integrateHierarchy(): solving the incompressible Navier-Stokes equations
INSStaggeredHierarchyIntegrator::integrateHierarchy(): stokes solve number of iterations = 1
INSStaggeredHierarchyIntegrator::integrateHierarchy(): stokes solve residual norm        = 6.81051e-06
IBHierarchyIntegrator::integrateHierarchy(): interpolating Eulerian velocity to the Lagrangian mesh
IBHierarchyIntegrator::integrateHierarchy(): performing Lagrangian midpoint-rule step
IBHierarchyIntegrator::postprocessIntegrateHierarchy(): interpolating Eulerian velocity to the Lagrangian mesh
IBHierarchyIntegrator::postprocessIntegrateHierarchy(): CFL number = 6.05129e-06
IBHierarchyIntegrator::postprocessIntegrateHierarchy(): Eulerian estimate of upper bound on IB point displacement since last regrid = 0.00202583
IBHierarchyIntegrator::advanceHierarchy(): synchronizing updated data
IBHierarchyIntegrator::advanceHierarchy(): resetting time dependent data

At end       of timestep # 345
Simulation time is 0.21625
+++++++++++++++++++++++++++++++++++++++++++++++++++


+++++++++++++++++++++++++++++++++++++++++++++++++++
At beginning of timestep # 346
Simulation time is 0.21625
IBHierarchyIntegrator::advanceHierarchy(): time interval = [0.21625,0.216875], dt = 0.000625
IBHierarchyIntegrator::preprocessIntegrateHierarchy(): performing Lagrangian forward Euler step
IBHierarchyIntegrator::advanceHierarchy(): integrating hierarchy
IBHierarchyIntegrator::integrateHierarchy(): computing Lagrangian force
IBHierarchyIntegrator::integrateHierarchy(): spreading Lagrangian force to the Eulerian grid
IBHierarchyIntegrator::integrateHierarchy(): solving the incompressible Navier-Stokes equations
INSStaggeredHierarchyIntegrator::integrateHierarchy(): stokes solve number of iterations = 1
INSStaggeredHierarchyIntegrator::integrateHierarchy(): stokes solve residual norm        = 6.68109e-06
IBHierarchyIntegrator::integrateHierarchy(): interpolating Eulerian velocity to the Lagrangian mesh
IBHierarchyIntegrator::integrateHierarchy(): performing Lagrangian midpoint-rule step
IBHierarchyIntegrator::postprocessIntegrateHierarchy(): interpolating Eulerian velocity to the Lagrangian mesh
IBHierarchyIntegrator::postprocessIntegrateHierarchy(): CFL number = 6.05125e-06
IBHierarchyIntegrator::postprocessIntegrateHierarchy(): Eulerian estimate of upper bound on IB point displacement since last regrid = 0.00203188
IBHierarchyIntegrator::advanceHierarchy(): synchronizing updated data
IBHierarchyIntegrator::advanceHierarchy(): resetting time dependent data

At end       of timestep # 346
Simulation time is 0.216875
+++++++++++++++++++++++++++++++++++++++++++++++++++


+++++++++++++++++++++++++++++++++++++++++++++++++++
At beginning of timestep # 347
Simulation time is 0.216875
IBHierarchyIntegrator::advanceHierarchy(): time interval = [0.216875,0.2175], dt = 0.000625
IBHierarchyIntegrator::preprocessIntegrateHierarchy(): performing Lagrangian forward Euler step
IBHierarchyIntegrator::advanceHierarchy(): integrating hierarchy
IBHierarchyIntegrator::integrateHierarchy(): computing Lagrangian force
IBHierarchyIntegrator::integrateHierarchy(): spreading Lagrangian force to the Eulerian grid
IBHierarchyIntegrator::integrateHierarchy(): solving the incompressible Navier-Stokes equations
INSStaggeredHierarchyIntegrator::integrateHierarchy(): stokes solve number of iterations = 1
INSStaggeredHierarchyIntegrator::integrateHierarchy(): stokes solve residual norm        = 6.5504e-06
IBHierarchyIntegrator::integrateHierarchy(): interpolating Eulerian velocity to the Lagrangian mesh
IBHierarchyIntegrator::integrateHierarchy(): performing Lagrangian midpoint-rule step
IBHierarchyIntegrator::postprocessIntegrateHierarchy(): interpolating Eulerian velocity to the Lagrangian mesh
IBHierarchyIntegrator::postprocessIntegrateHierarchy(): CFL number = 6.05121e-06
IBHierarchyIntegrator::postprocessIntegrateHierarchy(): Eulerian estimate of upper bound on IB point displacement since last regrid = 0.00203793
IBHierarchyIntegrator::advanceHierarchy(): synchronizing updated data
IBHierarchyIntegrator::advanceHierarchy(): resetting time dependent data

At end       of timestep # 347
Simulation time is 0.2175
+++++++++++++++++++++++++++++++++++++++++++++++++++


+++++++++++++++++++++++++++++++++++++++++++++++++++
At beginning of timestep # 348
Simulation time is 0.2175
IBHierarchyIntegrator::advanceHierarchy(): time interval = [0.2175,0.218125], dt = 0.000625
IBHierarchyIntegrator::preprocessIntegrateHierarchy(): performing Lagrangian forward Euler step
IBHierarchyIntegrator::advanceHierarchy(): integrating hierarchy
IBHierarchyIntegrator::integrateHierarchy(): computing Lagrangian force
IBHierarchyIntegrator::integrateHierarchy(): spreading Lagrangian force to the Eulerian grid
IBHierarchyIntegrator::integrateHierarchy(): solving the incompressible Navier-Stokes equations
INSStaggeredHierarchyIntegrator::integrateHierarchy(): stokes solve number of iterations = 1
INSStaggeredHierarchyIntegrator::integrateHierarchy(): stokes solve residual norm        = 6.41847e-06
IBHierarchyIntegrator::integrateHierarchy(): interpolating Eulerian velocity to the Lagrangian mesh
IBHierarchyIntegrator::integrateHierarchy(): performing Lagrangian midpoint-rule step
IBHierarchyIntegrator::postprocessIntegrateHierarchy(): interpolating Eulerian velocity to the Lagrangian mesh
IBHierarchyIntegrator::postprocessIntegrateHierarchy(): CFL number = 6.05115e-06
IBHierarchyIntegrator::postprocessIntegrateHierarchy(): Eulerian estimate of upper bound on IB point displacement since last regrid = 0.00204398
IBHierarchyIntegrator::advanceHierarchy(): synchronizing updated data
IBHierarchyIntegrator::advanceHierarchy(): resetting time dependent data

At end       of timestep # 348
Simulation time is 0.218125
+++++++++++++++++++++++++++++++++++++++++++++++++++


+++++++++++++++++++++++++++++++++++++++++++++++++++
At beginning of timestep # 349
Simulation time is 0.218125
IBHierarchyIntegrator::advanceHierarchy(): time interval = [0.218125,0.21875], dt = 0.000625
IBHierarchyIntegrator::preprocessIntegrateHierarchy(): performing Lagrangian forward Euler step
IBHierarchyIntegrator::advanceHierarchy(): integrating hierarchy
IBHierarchyIntegrator::integrateHierarchy(): computing Lagrangian force
IBHierarchyIntegrator::integrateHierarchy(): spreading Lagrangian force to the Eulerian grid
IBHierarchyIntegrator::integrateHierarchy(): solving the incompressible Navier-Stokes equations
INSStaggeredHierarchyIntegrator::integrateHierarchy(): stokes solve number of iterations = 1
INSStaggeredHierarchyIntegrator::integrateHierarchy(): stokes solve residual norm        = 6.28533e-06
IBHierarchyIntegrator::integrateHierarchy(): interpolating Eulerian velocity to the Lagrangian mesh
IBHierarchyIntegrator::integrateHierarchy(): performing Lagrangian midpoint-rule step
IBHierarchyIntegrator::postprocessIntegrateHierarchy(): interpolating Eulerian velocity to the Lagrangian mesh
IBHierarchyIntegrator::postprocessIntegrateHierarchy(): CFL number = 6.05108e-06
IBHierarchyIntegrator::postprocessIntegrateHierarchy(): Eulerian estimate of upper bound on IB point displacement since last regrid = 0.00205003
IBHierarchyIntegrator::advanceHierarchy(): synchronizing updated data
IBHierarchyIntegrator::advanceHierarchy(): resetting time dependent data

At end       of timestep # 349
Simulation time is 0.21875
+++++++++++++++++++++++++++++++++++++++++++++++++++


+++++++++++++++++++++++++++++++++++++++++++++++++++
At beginning of timestep # 350
Simulation time is 0.21875
IBHierarchyIntegrator::advanceHierarchy(): time interval = [0.21875,0.219375], dt = 0.000625
IBHierarchyIntegrator::preprocessIntegrateHierarchy(): performing Lagrangian forward Euler step
IBHierarchyIntegrator::advanceHierarchy(): integrating hierarchy
IBHierarchyIntegrator::integrateHierarchy(): computing Lagrangian force
IBHierarchyIntegrator::integrateHierarchy(): spreading Lagrangian force to the Eulerian grid
IBHierarchyIntegrator::integrateHierarchy(): solving the incompressible Navier-Stokes equations
INSStaggeredHierarchyIntegrator::integrateHierarchy(): stokes solve number of iterations = 1
INSStaggeredHierarchyIntegrator::integrateHierarchy(): stokes solve residual norm        = 6.15108e-06
IBHierarchyIntegrator::integrateHierarchy(): interpolating Eulerian velocity to the Lagrangian mesh
IBHierarchyIntegrator::integrateHierarchy(): performing Lagrangian midpoint-rule step
IBHierarchyIntegrator::postprocessIntegrateHierarchy(): interpolating Eulerian velocity to the Lagrangian mesh
IBHierarchyIntegrator::postprocessIntegrateHierarchy(): CFL number = 6.051e-06
IBHierarchyIntegrator::postprocessIntegrateHierarchy(): Eulerian estimate of upper bound on IB point displacement since last regrid = 0.00205608
IBHierarchyIntegrator::advanceHierarchy(): synchronizing updated data
IBHierarchyIntegrator::advanceHierarchy(): resetting time dependent data

At end       of timestep # 350
Simulation time is 0.219375
+++++++++++++++++++++++++++++++++++++++++++++++++++


+++++++++++++++++++++++++++++++++++++++++++++++++++
At beginning of timestep # 351
Simulation time is 0.219375
IBHierarchyIntegrator::advanceHierarchy(): time interval = [0.219375,0.22], dt = 0.000625
IBHierarchyIntegrator::preprocessIntegrateHierarchy(): performing Lagrangian forward Euler step
IBHierarchyIntegrator::advanceHierarchy(): integrating hierarchy
IBHierarchyIntegrator::integrateHierarchy(): computing Lagrangian force
IBHierarchyIntegrator::integrateHierarchy(): spreading Lagrangian force to the Eulerian grid
IBHierarchyIntegrator::integrateHierarchy(): solving the incompressible Navier-Stokes equations
INSStaggeredHierarchyIntegrator::integrateHierarchy(): stokes solve number of iterations = 1
INSStaggeredHierarchyIntegrator::integrateHierarchy(): stokes solve residual norm        = 6.01575e-06
IBHierarchyIntegrator::integrateHierarchy(): interpolating Eulerian velocity to the Lagrangian mesh
IBHierarchyIntegrator::integrateHierarchy(): performing Lagrangian midpoint-rule step
IBHierarchyIntegrator::postprocessIntegrateHierarchy(): interpolating Eulerian velocity to the Lagrangian mesh
IBHierarchyIntegrator::postprocessIntegrateHierarchy(): CFL number = 6.0509e-06
IBHierarchyIntegrator::postprocessIntegrateHierarchy(): Eulerian estimate of upper bound on IB point displacement since last regrid = 0.00206213
IBHierarchyIntegrator::advanceHierarchy(): synchronizing updated data
IBHierarchyIntegrator::advanceHierarchy(): resetting time dependent data

At end       of timestep # 351
Simulation time is 0.22
+++++++++++++++++++++++++++++++++++++++++++++++++++


+++++++++++++++++++++++++++++++++++++++++++++++++++
At beginning of timestep # 352
Simulation time is 0.22
IBHierarchyIntegrator::advanceHierarchy(): time interval = [0.22,0.220625], dt = 0.000625
IBHierarchyIntegrator::preprocessIntegrateHierarchy(): performing Lagrangian forward Euler step
IBHierarchyIntegrator::advanceHierarchy(): integrating hierarchy
IBHierarchyIntegrator::integrateHierarchy(): computing Lagrangian force
IBHierarchyIntegrator::integrateHierarchy(): spreading Lagrangian force to the Eulerian grid
IBHierarchyIntegrator::integrateHierarchy(): solving the incompressible Navier-Stokes equations
INSStaggeredHierarchyIntegrator::integrateHierarchy(): stokes solve number of iterations = 1
INSStaggeredHierarchyIntegrator::integrateHierarchy(): stokes solve residual norm        = 5.8794e-06
IBHierarchyIntegrator::integrateHierarchy(): interpolating Eulerian velocity to the Lagrangian mesh
IBHierarchyIntegrator::integrateHierarchy(): performing Lagrangian midpoint-rule step
IBHierarchyIntegrator::postprocessIntegrateHierarchy(): interpolating Eulerian velocity to the Lagrangian mesh
IBHierarchyIntegrator::postprocessIntegrateHierarchy(): CFL number = 6.0508e-06
IBHierarchyIntegrator::postprocessIntegrateHierarchy(): Eulerian estimate of upper bound on IB point displacement since last regrid = 0.00206818
IBHierarchyIntegrator::advanceHierarchy(): synchronizing updated data
IBHierarchyIntegrator::advanceHierarchy(): resetting time dependent data

At end       of timestep # 352
Simulation time is 0.220625
+++++++++++++++++++++++++++++++++++++++++++++++++++


+++++++++++++++++++++++++++++++++++++++++++++++++++
At beginning of timestep # 353
Simulation time is 0.220625
IBHierarchyIntegrator::advanceHierarchy(): time interval = [0.220625,0.22125], dt = 0.000625
IBHierarchyIntegrator::preprocessIntegrateHierarchy(): performing Lagrangian forward Euler step
IBHierarchyIntegrator::advanceHierarchy(): integrating hierarchy
IBHierarchyIntegrator::integrateHierarchy(): computing Lagrangian force
IBHierarchyIntegrator::integrateHierarchy(): spreading Lagrangian force to the Eulerian grid
IBHierarchyIntegrator::integrateHierarchy(): solving the incompressible Navier-Stokes equations
INSStaggeredHierarchyIntegrator::integrateHierarchy(): stokes solve number of iterations = 1
INSStaggeredHierarchyIntegrator::integrateHierarchy(): stokes solve residual norm        = 5.74207e-06
IBHierarchyIntegrator::integrateHierarchy(): interpolating Eulerian velocity to the Lagrangian mesh
IBHierarchyIntegrator::integrateHierarchy(): performing Lagrangian midpoint-rule step
IBHierarchyIntegrator::postprocessIntegrateHierarchy(): interpolating Eulerian velocity to the Lagrangian mesh
IBHierarchyIntegrator::postprocessIntegrateHierarchy(): CFL number = 6.05068e-06
IBHierarchyIntegrator::postprocessIntegrateHierarchy(): Eulerian estimate of upper bound on IB point displacement since last regrid = 0.00207423
IBHierarchyIntegrator::advanceHierarchy(): synchronizing updated data
IBHierarchyIntegrator::advanceHierarchy(): resetting time dependent data

At end       of timestep # 353
Simulation time is 0.22125
+++++++++++++++++++++++++++++++++++++++++++++++++++


+++++++++++++++++++++++++++++++++++++++++++++++++++
At beginning of timestep # 354
Simulation time is 0.22125
IBHierarchyIntegrator::advanceHierarchy(): time interval = [0.22125,0.221875], dt = 0.000625
IBHierarchyIntegrator::preprocessIntegrateHierarchy(): performing Lagrangian forward Euler step
IBHierarchyIntegrator::advanceHierarchy(): integrating hierarchy
IBHierarchyIntegrator::integrateHierarchy(): computing Lagrangian force
IBHierarchyIntegrator::integrateHierarchy(): spreading Lagrangian force to the Eulerian grid
IBHierarchyIntegrator::integrateHierarchy(): solving the incompressible Navier-Stokes equations
INSStaggeredHierarchyIntegrator::integrateHierarchy(): stokes solve number of iterations = 1
INSStaggeredHierarchyIntegrator::integrateHierarchy(): stokes solve residual norm        = 5.60402e-06
IBHierarchyIntegrator::integrateHierarchy(): interpolating Eulerian velocity to the Lagrangian mesh
IBHierarchyIntegrator::integrateHierarchy(): performing Lagrangian midpoint-rule step
IBHierarchyIntegrator::postprocessIntegrateHierarchy(): interpolating Eulerian velocity to the Lagrangian mesh
IBHierarchyIntegrator::postprocessIntegrateHierarchy(): CFL number = 6.05056e-06
IBHierarchyIntegrator::postprocessIntegrateHierarchy(): Eulerian estimate of upper bound on IB point displacement since last regrid = 0.00208028
IBHierarchyIntegrator::advanceHierarchy(): synchronizing updated data
IBHierarchyIntegrator::advanceHierarchy(): resetting time dependent data

At end       of timestep # 354
Simulation time is 0.221875
+++++++++++++++++++++++++++++++++++++++++++++++++++


+++++++++++++++++++++++++++++++++++++++++++++++++++
At beginning of timestep # 355
Simulation time is 0.221875
IBHierarchyIntegrator::advanceHierarchy(): time interval = [0.221875,0.2225], dt = 0.000625
IBHierarchyIntegrator::preprocessIntegrateHierarchy(): performing Lagrangian forward Euler step
IBHierarchyIntegrator::advanceHierarchy(): integrating hierarchy
IBHierarchyIntegrator::integrateHierarchy(): computing Lagrangian force
IBHierarchyIntegrator::integrateHierarchy(): spreading Lagrangian force to the Eulerian grid
IBHierarchyIntegrator::integrateHierarchy(): solving the incompressible Navier-Stokes equations
INSStaggeredHierarchyIntegrator::integrateHierarchy(): stokes solve number of iterations = 1
INSStaggeredHierarchyIntegrator::integrateHierarchy(): stokes solve residual norm        = 5.46526e-06
IBHierarchyIntegrator::integrateHierarchy(): interpolating Eulerian velocity to the Lagrangian mesh
IBHierarchyIntegrator::integrateHierarchy(): performing Lagrangian midpoint-rule step
IBHierarchyIntegrator::postprocessIntegrateHierarchy(): interpolating Eulerian velocity to the Lagrangian mesh
IBHierarchyIntegrator::postprocessIntegrateHierarchy(): CFL number = 6.05042e-06
IBHierarchyIntegrator::postprocessIntegrateHierarchy(): Eulerian estimate of upper bound on IB point displacement since last regrid = 0.00208633
IBHierarchyIntegrator::advanceHierarchy(): synchronizing updated data
IBHierarchyIntegrator::advanceHierarchy(): resetting time dependent data

At end       of timestep # 355
Simulation time is 0.2225
+++++++++++++++++++++++++++++++++++++++++++++++++++


+++++++++++++++++++++++++++++++++++++++++++++++++++
At beginning of timestep # 356
Simulation time is 0.2225
IBHierarchyIntegrator::advanceHierarchy(): time interval = [0.2225,0.223125], dt = 0.000625
IBHierarchyIntegrator::preprocessIntegrateHierarchy(): performing Lagrangian forward Euler step
IBHierarchyIntegrator::advanceHierarchy(): integrating hierarchy
IBHierarchyIntegrator::integrateHierarchy(): computing Lagrangian force
IBHierarchyIntegrator::integrateHierarchy(): spreading Lagrangian force to the Eulerian grid
IBHierarchyIntegrator::integrateHierarchy(): solving the incompressible Navier-Stokes equations
INSStaggeredHierarchyIntegrator::integrateHierarchy(): stokes solve number of iterations = 1
INSStaggeredHierarchyIntegrator::integrateHierarchy(): stokes solve residual norm        = 5.32593e-06
IBHierarchyIntegrator::integrateHierarchy(): interpolating Eulerian velocity to the Lagrangian mesh
IBHierarchyIntegrator::integrateHierarchy(): performing Lagrangian midpoint-rule step
IBHierarchyIntegrator::postprocessIntegrateHierarchy(): interpolating Eulerian velocity to the Lagrangian mesh
IBHierarchyIntegrator::postprocessIntegrateHierarchy(): CFL number = 6.05027e-06
IBHierarchyIntegrator::postprocessIntegrateHierarchy(): Eulerian estimate of upper bound on IB point displacement since last regrid = 0.00209238
IBHierarchyIntegrator::advanceHierarchy(): synchronizing updated data
IBHierarchyIntegrator::advanceHierarchy(): resetting time dependent data

At end       of timestep # 356
Simulation time is 0.223125
+++++++++++++++++++++++++++++++++++++++++++++++++++


+++++++++++++++++++++++++++++++++++++++++++++++++++
At beginning of timestep # 357
Simulation time is 0.223125
IBHierarchyIntegrator::advanceHierarchy(): time interval = [0.223125,0.22375], dt = 0.000625
IBHierarchyIntegrator::preprocessIntegrateHierarchy(): performing Lagrangian forward Euler step
IBHierarchyIntegrator::advanceHierarchy(): integrating hierarchy
IBHierarchyIntegrator::integrateHierarchy(): computing Lagrangian force
IBHierarchyIntegrator::integrateHierarchy(): spreading Lagrangian force to the Eulerian grid
IBHierarchyIntegrator::integrateHierarchy(): solving the incompressible Navier-Stokes equations
INSStaggeredHierarchyIntegrator::integrateHierarchy(): stokes solve number of iterations = 1
INSStaggeredHierarchyIntegrator::integrateHierarchy(): stokes solve residual norm        = 5.18611e-06
IBHierarchyIntegrator::integrateHierarchy(): interpolating Eulerian velocity to the Lagrangian mesh
IBHierarchyIntegrator::integrateHierarchy(): performing Lagrangian midpoint-rule step
IBHierarchyIntegrator::postprocessIntegrateHierarchy(): interpolating Eulerian velocity to the Lagrangian mesh
IBHierarchyIntegrator::postprocessIntegrateHierarchy(): CFL number = 6.05011e-06
IBHierarchyIntegrator::postprocessIntegrateHierarchy(): Eulerian estimate of upper bound on IB point displacement since last regrid = 0.00209843
IBHierarchyIntegrator::advanceHierarchy(): synchronizing updated data
IBHierarchyIntegrator::advanceHierarchy(): resetting time dependent data

At end       of timestep # 357
Simulation time is 0.22375
+++++++++++++++++++++++++++++++++++++++++++++++++++


+++++++++++++++++++++++++++++++++++++++++++++++++++
At beginning of timestep # 358
Simulation time is 0.22375
IBHierarchyIntegrator::advanceHierarchy(): time interval = [0.22375,0.224375], dt = 0.000625
IBHierarchyIntegrator::preprocessIntegrateHierarchy(): performing Lagrangian forward Euler step
IBHierarchyIntegrator::advanceHierarchy(): integrating hierarchy
IBHierarchyIntegrator::integrateHierarchy(): computing Lagrangian force
IBHierarchyIntegrator::integrateHierarchy(): spreading Lagrangian force to the Eulerian grid
IBHierarchyIntegrator::integrateHierarchy(): solving the incompressible Navier-Stokes equations
INSStaggeredHierarchyIntegrator::integrateHierarchy(): stokes solve number of iterations = 1
INSStaggeredHierarchyIntegrator::integrateHierarchy(): stokes solve residual norm        = 5.04595e-06
IBHierarchyIntegrator::integrateHierarchy(): interpolating Eulerian velocity to the Lagrangian mesh
IBHierarchyIntegrator::integrateHierarchy(): performing Lagrangian midpoint-rule step
IBHierarchyIntegrator::postprocessIntegrateHierarchy(): interpolating Eulerian velocity to the Lagrangian mesh
IBHierarchyIntegrator::postprocessIntegrateHierarchy(): CFL number = 6.04994e-06
IBHierarchyIntegrator::postprocessIntegrateHierarchy(): Eulerian estimate of upper bound on IB point displacement since last regrid = 0.00210448
IBHierarchyIntegrator::advanceHierarchy(): synchronizing updated data
IBHierarchyIntegrator::advanceHierarchy(): resetting time dependent data

At end       of timestep # 358
Simulation time is 0.224375
+++++++++++++++++++++++++++++++++++++++++++++++++++


+++++++++++++++++++++++++++++++++++++++++++++++++++
At beginning of timestep # 359
Simulation time is 0.224375
IBHierarchyIntegrator::advanceHierarchy(): time interval = [0.224375,0.225], dt = 0.000625
IBHierarchyIntegrator::preprocessIntegrateHierarchy(): performing Lagrangian forward Euler step
IBHierarchyIntegrator::advanceHierarchy(): integrating hierarchy
IBHierarchyIntegrator::integrateHierarchy(): computing Lagrangian force
IBHierarchyIntegrator::integrateHierarchy(): spreading Lagrangian force to the Eulerian grid
IBHierarchyIntegrator::integrateHierarchy(): solving the incompressible Navier-Stokes equations
INSStaggeredHierarchyIntegrator::integrateHierarchy(): stokes solve number of iterations = 1
INSStaggeredHierarchyIntegrator::integrateHierarchy(): stokes solve residual norm        = 4.90547e-06
IBHierarchyIntegrator::integrateHierarchy(): interpolating Eulerian velocity to the Lagrangian mesh
IBHierarchyIntegrator::integrateHierarchy(): performing Lagrangian midpoint-rule step
IBHierarchyIntegrator::postprocessIntegrateHierarchy(): interpolating Eulerian velocity to the Lagrangian mesh
IBHierarchyIntegrator::postprocessIntegrateHierarchy(): CFL number = 6.04976e-06
IBHierarchyIntegrator::postprocessIntegrateHierarchy(): Eulerian estimate of upper bound on IB point displacement since last regrid = 0.00211053
IBHierarchyIntegrator::advanceHierarchy(): synchronizing updated data
IBHierarchyIntegrator::advanceHierarchy(): resetting time dependent data

At end       of timestep # 359
Simulation time is 0.225
+++++++++++++++++++++++++++++++++++++++++++++++++++


+++++++++++++++++++++++++++++++++++++++++++++++++++
At beginning of timestep # 360
Simulation time is 0.225
IBHierarchyIntegrator::advanceHierarchy(): time interval = [0.225,0.225625], dt = 0.000625
IBHierarchyIntegrator::preprocessIntegrateHierarchy(): performing Lagrangian forward Euler step
IBHierarchyIntegrator::advanceHierarchy(): integrating hierarchy
IBHierarchyIntegrator::integrateHierarchy(): computing Lagrangian force
IBHierarchyIntegrator::integrateHierarchy(): spreading Lagrangian force to the Eulerian grid
IBHierarchyIntegrator::integrateHierarchy(): solving the incompressible Navier-Stokes equations
INSStaggeredHierarchyIntegrator::integrateHierarchy(): stokes solve number of iterations = 1
INSStaggeredHierarchyIntegrator::integrateHierarchy(): stokes solve residual norm        = 4.76493e-06
IBHierarchyIntegrator::integrateHierarchy(): interpolating Eulerian velocity to the Lagrangian mesh
IBHierarchyIntegrator::integrateHierarchy(): performing Lagrangian midpoint-rule step
IBHierarchyIntegrator::postprocessIntegrateHierarchy(): interpolating Eulerian velocity to the Lagrangian mesh
IBHierarchyIntegrator::postprocessIntegrateHierarchy(): CFL number = 6.04956e-06
IBHierarchyIntegrator::postprocessIntegrateHierarchy(): Eulerian estimate of upper bound on IB point displacement since last regrid = 0.00211658
IBHierarchyIntegrator::advanceHierarchy(): synchronizing updated data
IBHierarchyIntegrator::advanceHierarchy(): resetting time dependent data

At end       of timestep # 360
Simulation time is 0.225625
+++++++++++++++++++++++++++++++++++++++++++++++++++


+++++++++++++++++++++++++++++++++++++++++++++++++++
At beginning of timestep # 361
Simulation time is 0.225625
IBHierarchyIntegrator::advanceHierarchy(): time interval = [0.225625,0.22625], dt = 0.000625
IBHierarchyIntegrator::preprocessIntegrateHierarchy(): performing Lagrangian forward Euler step
IBHierarchyIntegrator::advanceHierarchy(): integrating hierarchy
IBHierarchyIntegrator::integrateHierarchy(): computing Lagrangian force
IBHierarchyIntegrator::integrateHierarchy(): spreading Lagrangian force to the Eulerian grid
IBHierarchyIntegrator::integrateHierarchy(): solving the incompressible Navier-Stokes equations
INSStaggeredHierarchyIntegrator::integrateHierarchy(): stokes solve number of iterations = 1
INSStaggeredHierarchyIntegrator::integrateHierarchy(): stokes solve residual norm        = 4.62449e-06
IBHierarchyIntegrator::integrateHierarchy(): interpolating Eulerian velocity to the Lagrangian mesh
IBHierarchyIntegrator::integrateHierarchy(): performing Lagrangian midpoint-rule step
IBHierarchyIntegrator::postprocessIntegrateHierarchy(): interpolating Eulerian velocity to the Lagrangian mesh
IBHierarchyIntegrator::postprocessIntegrateHierarchy(): CFL number = 6.04936e-06
IBHierarchyIntegrator::postprocessIntegrateHierarchy(): Eulerian estimate of upper bound on IB point displacement since last regrid = 0.00212263
IBHierarchyIntegrator::advanceHierarchy(): synchronizing updated data
IBHierarchyIntegrator::advanceHierarchy(): resetting time dependent data

At end       of timestep # 361
Simulation time is 0.22625
+++++++++++++++++++++++++++++++++++++++++++++++++++


+++++++++++++++++++++++++++++++++++++++++++++++++++
At beginning of timestep # 362
Simulation time is 0.22625
IBHierarchyIntegrator::advanceHierarchy(): time interval = [0.22625,0.226875], dt = 0.000625
IBHierarchyIntegrator::preprocessIntegrateHierarchy(): performing Lagrangian forward Euler step
IBHierarchyIntegrator::advanceHierarchy(): integrating hierarchy
IBHierarchyIntegrator::integrateHierarchy(): computing Lagrangian force
IBHierarchyIntegrator::integrateHierarchy(): spreading Lagrangian force to the Eulerian grid
IBHierarchyIntegrator::integrateHierarchy(): solving the incompressible Navier-Stokes equations
INSStaggeredHierarchyIntegrator::integrateHierarchy(): stokes solve number of iterations = 1
INSStaggeredHierarchyIntegrator::integrateHierarchy(): stokes solve residual norm        = 4.48432e-06
IBHierarchyIntegrator::integrateHierarchy(): interpolating Eulerian velocity to the Lagrangian mesh
IBHierarchyIntegrator::integrateHierarchy(): performing Lagrangian midpoint-rule step
IBHierarchyIntegrator::postprocessIntegrateHierarchy(): interpolating Eulerian velocity to the Lagrangian mesh
IBHierarchyIntegrator::postprocessIntegrateHierarchy(): CFL number = 6.04915e-06
IBHierarchyIntegrator::postprocessIntegrateHierarchy(): Eulerian estimate of upper bound on IB point displacement since last regrid = 0.00212868
IBHierarchyIntegrator::advanceHierarchy(): synchronizing updated data
IBHierarchyIntegrator::advanceHierarchy(): resetting time dependent data

At end       of timestep # 362
Simulation time is 0.226875
+++++++++++++++++++++++++++++++++++++++++++++++++++


+++++++++++++++++++++++++++++++++++++++++++++++++++
At beginning of timestep # 363
Simulation time is 0.226875
IBHierarchyIntegrator::advanceHierarchy(): time interval = [0.226875,0.2275], dt = 0.000625
IBHierarchyIntegrator::preprocessIntegrateHierarchy(): performing Lagrangian forward Euler step
IBHierarchyIntegrator::advanceHierarchy(): integrating hierarchy
IBHierarchyIntegrator::integrateHierarchy(): computing Lagrangian force
IBHierarchyIntegrator::integrateHierarchy(): spreading Lagrangian force to the Eulerian grid
IBHierarchyIntegrator::integrateHierarchy(): solving the incompressible Navier-Stokes equations
INSStaggeredHierarchyIntegrator::integrateHierarchy(): stokes solve number of iterations = 1
INSStaggeredHierarchyIntegrator::integrateHierarchy(): stokes solve residual norm        = 4.34461e-06
IBHierarchyIntegrator::integrateHierarchy(): interpolating Eulerian velocity to the Lagrangian mesh
IBHierarchyIntegrator::integrateHierarchy(): performing Lagrangian midpoint-rule step
IBHierarchyIntegrator::postprocessIntegrateHierarchy(): interpolating Eulerian velocity to the Lagrangian mesh
IBHierarchyIntegrator::postprocessIntegrateHierarchy(): CFL number = 6.04892e-06
IBHierarchyIntegrator::postprocessIntegrateHierarchy(): Eulerian estimate of upper bound on IB point displacement since last regrid = 0.00213473
IBHierarchyIntegrator::advanceHierarchy(): synchronizing updated data
IBHierarchyIntegrator::advanceHierarchy(): resetting time dependent data

At end       of timestep # 363
Simulation time is 0.2275
+++++++++++++++++++++++++++++++++++++++++++++++++++


+++++++++++++++++++++++++++++++++++++++++++++++++++
At beginning of timestep # 364
Simulation time is 0.2275
IBHierarchyIntegrator::advanceHierarchy(): time interval = [0.2275,0.228125], dt = 0.000625
IBHierarchyIntegrator::preprocessIntegrateHierarchy(): performing Lagrangian forward Euler step
IBHierarchyIntegrator::advanceHierarchy(): integrating hierarchy
IBHierarchyIntegrator::integrateHierarchy(): computing Lagrangian force
IBHierarchyIntegrator::integrateHierarchy(): spreading Lagrangian force to the Eulerian grid
IBHierarchyIntegrator::integrateHierarchy(): solving the incompressible Navier-Stokes equations
INSStaggeredHierarchyIntegrator::integrateHierarchy(): stokes solve number of iterations = 1
INSStaggeredHierarchyIntegrator::integrateHierarchy(): stokes solve residual norm        = 4.20552e-06
IBHierarchyIntegrator::integrateHierarchy(): interpolating Eulerian velocity to the Lagrangian mesh
IBHierarchyIntegrator::integrateHierarchy(): performing Lagrangian midpoint-rule step
IBHierarchyIntegrator::postprocessIntegrateHierarchy(): interpolating Eulerian velocity to the Lagrangian mesh
IBHierarchyIntegrator::postprocessIntegrateHierarchy(): CFL number = 6.04869e-06
IBHierarchyIntegrator::postprocessIntegrateHierarchy(): Eulerian estimate of upper bound on IB point displacement since last regrid = 0.00214078
IBHierarchyIntegrator::advanceHierarchy(): synchronizing updated data
IBHierarchyIntegrator::advanceHierarchy(): resetting time dependent data

At end       of timestep # 364
Simulation time is 0.228125
+++++++++++++++++++++++++++++++++++++++++++++++++++


+++++++++++++++++++++++++++++++++++++++++++++++++++
At beginning of timestep # 365
Simulation time is 0.228125
IBHierarchyIntegrator::advanceHierarchy(): time interval = [0.228125,0.22875], dt = 0.000625
IBHierarchyIntegrator::preprocessIntegrateHierarchy(): performing Lagrangian forward Euler step
IBHierarchyIntegrator::advanceHierarchy(): integrating hierarchy
IBHierarchyIntegrator::integrateHierarchy(): computing Lagrangian force
IBHierarchyIntegrator::integrateHierarchy(): spreading Lagrangian force to the Eulerian grid
IBHierarchyIntegrator::integrateHierarchy(): solving the incompressible Navier-Stokes equations
INSStaggeredHierarchyIntegrator::integrateHierarchy(): stokes solve number of iterations = 1
INSStaggeredHierarchyIntegrator::integrateHierarchy(): stokes solve residual norm        = 4.06732e-06
IBHierarchyIntegrator::integrateHierarchy(): interpolating Eulerian velocity to the Lagrangian mesh
IBHierarchyIntegrator::integrateHierarchy(): performing Lagrangian midpoint-rule step
IBHierarchyIntegrator::postprocessIntegrateHierarchy(): interpolating Eulerian velocity to the Lagrangian mesh
IBHierarchyIntegrator::postprocessIntegrateHierarchy(): CFL number = 6.04845e-06
IBHierarchyIntegrator::postprocessIntegrateHierarchy(): Eulerian estimate of upper bound on IB point displacement since last regrid = 0.00214683
IBHierarchyIntegrator::advanceHierarchy(): synchronizing updated data
IBHierarchyIntegrator::advanceHierarchy(): resetting time dependent data

At end       of timestep # 365
Simulation time is 0.22875
+++++++++++++++++++++++++++++++++++++++++++++++++++


+++++++++++++++++++++++++++++++++++++++++++++++++++
At beginning of timestep # 366
Simulation time is 0.22875
IBHierarchyIntegrator::advanceHierarchy(): time interval = [0.22875,0.229375], dt = 0.000625
IBHierarchyIntegrator::preprocessIntegrateHierarchy(): performing Lagrangian forward Euler step
IBHierarchyIntegrator::advanceHierarchy(): integrating hierarchy
IBHierarchyIntegrator::integrateHierarchy(): computing Lagrangian force
IBHierarchyIntegrator::integrateHierarchy(): spreading Lagrangian force to the Eulerian grid
IBHierarchyIntegrator::integrateHierarchy(): solving the incompressible Navier-Stokes equations
INSStaggeredHierarchyIntegrator::integrateHierarchy(): stokes solve number of iterations = 1
INSStaggeredHierarchyIntegrator::integrateHierarchy(): stokes solve residual norm        = 3.93016e-06
IBHierarchyIntegrator::integrateHierarchy(): interpolating Eulerian velocity to the Lagrangian mesh
IBHierarchyIntegrator::integrateHierarchy(): performing Lagrangian midpoint-rule step
IBHierarchyIntegrator::postprocessIntegrateHierarchy(): interpolating Eulerian velocity to the Lagrangian mesh
IBHierarchyIntegrator::postprocessIntegrateHierarchy(): CFL number = 6.04819e-06
IBHierarchyIntegrator::postprocessIntegrateHierarchy(): Eulerian estimate of upper bound on IB point displacement since last regrid = 0.00215288
IBHierarchyIntegrator::advanceHierarchy(): synchronizing updated data
IBHierarchyIntegrator::advanceHierarchy(): resetting time dependent data

At end       of timestep # 366
Simulation time is 0.229375
+++++++++++++++++++++++++++++++++++++++++++++++++++


+++++++++++++++++++++++++++++++++++++++++++++++++++
At beginning of timestep # 367
Simulation time is 0.229375
IBHierarchyIntegrator::advanceHierarchy(): time interval = [0.229375,0.23], dt = 0.000625
IBHierarchyIntegrator::preprocessIntegrateHierarchy(): performing Lagrangian forward Euler step
IBHierarchyIntegrator::advanceHierarchy(): integrating hierarchy
IBHierarchyIntegrator::integrateHierarchy(): computing Lagrangian force
IBHierarchyIntegrator::integrateHierarchy(): spreading Lagrangian force to the Eulerian grid
IBHierarchyIntegrator::integrateHierarchy(): solving the incompressible Navier-Stokes equations
INSStaggeredHierarchyIntegrator::integrateHierarchy(): stokes solve number of iterations = 1
INSStaggeredHierarchyIntegrator::integrateHierarchy(): stokes solve residual norm        = 3.79454e-06
IBHierarchyIntegrator::integrateHierarchy(): interpolating Eulerian velocity to the Lagrangian mesh
IBHierarchyIntegrator::integrateHierarchy(): performing Lagrangian midpoint-rule step
IBHierarchyIntegrator::postprocessIntegrateHierarchy(): interpolating Eulerian velocity to the Lagrangian mesh
IBHierarchyIntegrator::postprocessIntegrateHierarchy(): CFL number = 6.04793e-06
IBHierarchyIntegrator::postprocessIntegrateHierarchy(): Eulerian estimate of upper bound on IB point displacement since last regrid = 0.00215892
IBHierarchyIntegrator::advanceHierarchy(): synchronizing updated data
IBHierarchyIntegrator::advanceHierarchy(): resetting time dependent data

At end       of timestep # 367
Simulation time is 0.23
+++++++++++++++++++++++++++++++++++++++++++++++++++


+++++++++++++++++++++++++++++++++++++++++++++++++++
At beginning of timestep # 368
Simulation time is 0.23
IBHierarchyIntegrator::advanceHierarchy(): time interval = [0.23,0.230625], dt = 0.000625
IBHierarchyIntegrator::preprocessIntegrateHierarchy(): performing Lagrangian forward Euler step
IBHierarchyIntegrator::advanceHierarchy(): integrating hierarchy
IBHierarchyIntegrator::integrateHierarchy(): computing Lagrangian force
IBHierarchyIntegrator::integrateHierarchy(): spreading Lagrangian force to the Eulerian grid
IBHierarchyIntegrator::integrateHierarchy(): solving the incompressible Navier-Stokes equations
INSStaggeredHierarchyIntegrator::integrateHierarchy(): stokes solve number of iterations = 1
INSStaggeredHierarchyIntegrator::integrateHierarchy(): stokes solve residual norm        = 3.66057e-06
IBHierarchyIntegrator::integrateHierarchy(): interpolating Eulerian velocity to the Lagrangian mesh
IBHierarchyIntegrator::integrateHierarchy(): performing Lagrangian midpoint-rule step
IBHierarchyIntegrator::postprocessIntegrateHierarchy(): interpolating Eulerian velocity to the Lagrangian mesh
IBHierarchyIntegrator::postprocessIntegrateHierarchy(): CFL number = 6.04765e-06
IBHierarchyIntegrator::postprocessIntegrateHierarchy(): Eulerian estimate of upper bound on IB point displacement since last regrid = 0.00216497
IBHierarchyIntegrator::advanceHierarchy(): synchronizing updated data
IBHierarchyIntegrator::advanceHierarchy(): resetting time dependent data

At end       of timestep # 368
Simulation time is 0.230625
+++++++++++++++++++++++++++++++++++++++++++++++++++


+++++++++++++++++++++++++++++++++++++++++++++++++++
At beginning of timestep # 369
Simulation time is 0.230625
IBHierarchyIntegrator::advanceHierarchy(): time interval = [0.230625,0.23125], dt = 0.000625
IBHierarchyIntegrator::preprocessIntegrateHierarchy(): performing Lagrangian forward Euler step
IBHierarchyIntegrator::advanceHierarchy(): integrating hierarchy
IBHierarchyIntegrator::integrateHierarchy(): computing Lagrangian force
IBHierarchyIntegrator::integrateHierarchy(): spreading Lagrangian force to the Eulerian grid
IBHierarchyIntegrator::integrateHierarchy(): solving the incompressible Navier-Stokes equations
INSStaggeredHierarchyIntegrator::integrateHierarchy(): stokes solve number of iterations = 1
INSStaggeredHierarchyIntegrator::integrateHierarchy(): stokes solve residual norm        = 3.52848e-06
IBHierarchyIntegrator::integrateHierarchy(): interpolating Eulerian velocity to the Lagrangian mesh
IBHierarchyIntegrator::integrateHierarchy(): performing Lagrangian midpoint-rule step
IBHierarchyIntegrator::postprocessIntegrateHierarchy(): interpolating Eulerian velocity to the Lagrangian mesh
IBHierarchyIntegrator::postprocessIntegrateHierarchy(): CFL number = 6.04737e-06
IBHierarchyIntegrator::postprocessIntegrateHierarchy(): Eulerian estimate of upper bound on IB point displacement since last regrid = 0.00217102
IBHierarchyIntegrator::advanceHierarchy(): synchronizing updated data
IBHierarchyIntegrator::advanceHierarchy(): resetting time dependent data

At end       of timestep # 369
Simulation time is 0.23125
+++++++++++++++++++++++++++++++++++++++++++++++++++


+++++++++++++++++++++++++++++++++++++++++++++++++++
At beginning of timestep # 370
Simulation time is 0.23125
IBHierarchyIntegrator::advanceHierarchy(): time interval = [0.23125,0.231875], dt = 0.000625
IBHierarchyIntegrator::preprocessIntegrateHierarchy(): performing Lagrangian forward Euler step
IBHierarchyIntegrator::advanceHierarchy(): integrating hierarchy
IBHierarchyIntegrator::integrateHierarchy(): computing Lagrangian force
IBHierarchyIntegrator::integrateHierarchy(): spreading Lagrangian force to the Eulerian grid
IBHierarchyIntegrator::integrateHierarchy(): solving the incompressible Navier-Stokes equations
INSStaggeredHierarchyIntegrator::integrateHierarchy(): stokes solve number of iterations = 1
INSStaggeredHierarchyIntegrator::integrateHierarchy(): stokes solve residual norm        = 3.39912e-06
IBHierarchyIntegrator::integrateHierarchy(): interpolating Eulerian velocity to the Lagrangian mesh
IBHierarchyIntegrator::integrateHierarchy(): performing Lagrangian midpoint-rule step
IBHierarchyIntegrator::postprocessIntegrateHierarchy(): interpolating Eulerian velocity to the Lagrangian mesh
IBHierarchyIntegrator::postprocessIntegrateHierarchy(): CFL number = 6.04708e-06
IBHierarchyIntegrator::postprocessIntegrateHierarchy(): Eulerian estimate of upper bound on IB point displacement since last regrid = 0.00217707
IBHierarchyIntegrator::advanceHierarchy(): synchronizing updated data
IBHierarchyIntegrator::advanceHierarchy(): resetting time dependent data

At end       of timestep # 370
Simulation time is 0.231875
+++++++++++++++++++++++++++++++++++++++++++++++++++


+++++++++++++++++++++++++++++++++++++++++++++++++++
At beginning of timestep # 371
Simulation time is 0.231875
IBHierarchyIntegrator::advanceHierarchy(): time interval = [0.231875,0.2325], dt = 0.000625
IBHierarchyIntegrator::preprocessIntegrateHierarchy(): performing Lagrangian forward Euler step
IBHierarchyIntegrator::advanceHierarchy(): integrating hierarchy
IBHierarchyIntegrator::integrateHierarchy(): computing Lagrangian force
IBHierarchyIntegrator::integrateHierarchy(): spreading Lagrangian force to the Eulerian grid
IBHierarchyIntegrator::integrateHierarchy(): solving the incompressible Navier-Stokes equations
INSStaggeredHierarchyIntegrator::integrateHierarchy(): stokes solve number of iterations = 1
INSStaggeredHierarchyIntegrator::integrateHierarchy(): stokes solve residual norm        = 3.27234e-06
IBHierarchyIntegrator::integrateHierarchy(): interpolating Eulerian velocity to the Lagrangian mesh
IBHierarchyIntegrator::integrateHierarchy(): performing Lagrangian midpoint-rule step
IBHierarchyIntegrator::postprocessIntegrateHierarchy(): interpolating Eulerian velocity to the Lagrangian mesh
IBHierarchyIntegrator::postprocessIntegrateHierarchy(): CFL number = 6.04678e-06
IBHierarchyIntegrator::postprocessIntegrateHierarchy(): Eulerian estimate of upper bound on IB point displacement since last regrid = 0.00218311
IBHierarchyIntegrator::advanceHierarchy(): synchronizing updated data
IBHierarchyIntegrator::advanceHierarchy(): resetting time dependent data

At end       of timestep # 371
Simulation time is 0.2325
+++++++++++++++++++++++++++++++++++++++++++++++++++


+++++++++++++++++++++++++++++++++++++++++++++++++++
At beginning of timestep # 372
Simulation time is 0.2325
IBHierarchyIntegrator::advanceHierarchy(): time interval = [0.2325,0.233125], dt = 0.000625
IBHierarchyIntegrator::preprocessIntegrateHierarchy(): performing Lagrangian forward Euler step
IBHierarchyIntegrator::advanceHierarchy(): integrating hierarchy
IBHierarchyIntegrator::integrateHierarchy(): computing Lagrangian force
IBHierarchyIntegrator::integrateHierarchy(): spreading Lagrangian force to the Eulerian grid
IBHierarchyIntegrator::integrateHierarchy(): solving the incompressible Navier-Stokes equations
INSStaggeredHierarchyIntegrator::integrateHierarchy(): stokes solve number of iterations = 1
INSStaggeredHierarchyIntegrator::integrateHierarchy(): stokes solve residual norm        = 3.14889e-06
IBHierarchyIntegrator::integrateHierarchy(): interpolating Eulerian velocity to the Lagrangian mesh
IBHierarchyIntegrator::integrateHierarchy(): performing Lagrangian midpoint-rule step
IBHierarchyIntegrator::postprocessIntegrateHierarchy(): interpolating Eulerian velocity to the Lagrangian mesh
IBHierarchyIntegrator::postprocessIntegrateHierarchy(): CFL number = 6.04646e-06
IBHierarchyIntegrator::postprocessIntegrateHierarchy(): Eulerian estimate of upper bound on IB point displacement since last regrid = 0.00218916
IBHierarchyIntegrator::advanceHierarchy(): synchronizing updated data
IBHierarchyIntegrator::advanceHierarchy(): resetting time dependent data

At end       of timestep # 372
Simulation time is 0.233125
+++++++++++++++++++++++++++++++++++++++++++++++++++


+++++++++++++++++++++++++++++++++++++++++++++++++++
At beginning of timestep # 373
Simulation time is 0.233125
IBHierarchyIntegrator::advanceHierarchy(): time interval = [0.233125,0.23375], dt = 0.000625
IBHierarchyIntegrator::preprocessIntegrateHierarchy(): performing Lagrangian forward Euler step
IBHierarchyIntegrator::advanceHierarchy(): integrating hierarchy
IBHierarchyIntegrator::integrateHierarchy(): computing Lagrangian force
IBHierarchyIntegrator::integrateHierarchy(): spreading Lagrangian force to the Eulerian grid
IBHierarchyIntegrator::integrateHierarchy(): solving the incompressible Navier-Stokes equations
INSStaggeredHierarchyIntegrator::integrateHierarchy(): stokes solve number of iterations = 1
INSStaggeredHierarchyIntegrator::integrateHierarchy(): stokes solve residual norm        = 3.02944e-06
IBHierarchyIntegrator::integrateHierarchy(): interpolating Eulerian velocity to the Lagrangian mesh
IBHierarchyIntegrator::integrateHierarchy(): performing Lagrangian midpoint-rule step
IBHierarchyIntegrator::postprocessIntegrateHierarchy(): interpolating Eulerian velocity to the Lagrangian mesh
IBHierarchyIntegrator::postprocessIntegrateHierarchy(): CFL number = 6.04614e-06
IBHierarchyIntegrator::postprocessIntegrateHierarchy(): Eulerian estimate of upper bound on IB point displacement since last regrid = 0.00219521
IBHierarchyIntegrator::advanceHierarchy(): synchronizing updated data
IBHierarchyIntegrator::advanceHierarchy(): resetting time dependent data

At end       of timestep # 373
Simulation time is 0.23375
+++++++++++++++++++++++++++++++++++++++++++++++++++


+++++++++++++++++++++++++++++++++++++++++++++++++++
At beginning of timestep # 374
Simulation time is 0.23375
IBHierarchyIntegrator::advanceHierarchy(): time interval = [0.23375,0.234375], dt = 0.000625
IBHierarchyIntegrator::preprocessIntegrateHierarchy(): performing Lagrangian forward Euler step
IBHierarchyIntegrator::advanceHierarchy(): integrating hierarchy
IBHierarchyIntegrator::integrateHierarchy(): computing Lagrangian force
IBHierarchyIntegrator::integrateHierarchy(): spreading Lagrangian force to the Eulerian grid
IBHierarchyIntegrator::integrateHierarchy(): solving the incompressible Navier-Stokes equations
INSStaggeredHierarchyIntegrator::integrateHierarchy(): stokes solve number of iterations = 1
INSStaggeredHierarchyIntegrator::integrateHierarchy(): stokes solve residual norm        = 2.91425e-06
IBHierarchyIntegrator::integrateHierarchy(): interpolating Eulerian velocity to the Lagrangian mesh
IBHierarchyIntegrator::integrateHierarchy(): performing Lagrangian midpoint-rule step
IBHierarchyIntegrator::postprocessIntegrateHierarchy(): interpolating Eulerian velocity to the Lagrangian mesh
IBHierarchyIntegrator::postprocessIntegrateHierarchy(): CFL number = 6.04581e-06
IBHierarchyIntegrator::postprocessIntegrateHierarchy(): Eulerian estimate of upper bound on IB point displacement since last regrid = 0.00220125
IBHierarchyIntegrator::advanceHierarchy(): synchronizing updated data
IBHierarchyIntegrator::advanceHierarchy(): resetting time dependent data

At end       of timestep # 374
Simulation time is 0.234375
+++++++++++++++++++++++++++++++++++++++++++++++++++


+++++++++++++++++++++++++++++++++++++++++++++++++++
At beginning of timestep # 375
Simulation time is 0.234375
IBHierarchyIntegrator::advanceHierarchy(): time interval = [0.234375,0.235], dt = 0.000625
IBHierarchyIntegrator::preprocessIntegrateHierarchy(): performing Lagrangian forward Euler step
IBHierarchyIntegrator::advanceHierarchy(): integrating hierarchy
IBHierarchyIntegrator::integrateHierarchy(): computing Lagrangian force
IBHierarchyIntegrator::integrateHierarchy(): spreading Lagrangian force to the Eulerian grid
IBHierarchyIntegrator::integrateHierarchy(): solving the incompressible Navier-Stokes equations
INSStaggeredHierarchyIntegrator::integrateHierarchy(): stokes solve number of iterations = 1
INSStaggeredHierarchyIntegrator::integrateHierarchy(): stokes solve residual norm        = 2.80405e-06
IBHierarchyIntegrator::integrateHierarchy(): interpolating Eulerian velocity to the Lagrangian mesh
IBHierarchyIntegrator::integrateHierarchy(): performing Lagrangian midpoint-rule step
IBHierarchyIntegrator::postprocessIntegrateHierarchy(): interpolating Eulerian velocity to the Lagrangian mesh
IBHierarchyIntegrator::postprocessIntegrateHierarchy(): CFL number = 6.04547e-06
IBHierarchyIntegrator::postprocessIntegrateHierarchy(): Eulerian estimate of upper bound on IB point displacement since last regrid = 0.0022073
IBHierarchyIntegrator::advanceHierarchy(): synchronizing updated data
IBHierarchyIntegrator::advanceHierarchy(): resetting time dependent data

At end       of timestep # 375
Simulation time is 0.235
+++++++++++++++++++++++++++++++++++++++++++++++++++


+++++++++++++++++++++++++++++++++++++++++++++++++++
At beginning of timestep # 376
Simulation time is 0.235
IBHierarchyIntegrator::advanceHierarchy(): time interval = [0.235,0.235625], dt = 0.000625
IBHierarchyIntegrator::preprocessIntegrateHierarchy(): performing Lagrangian forward Euler step
IBHierarchyIntegrator::advanceHierarchy(): integrating hierarchy
IBHierarchyIntegrator::integrateHierarchy(): computing Lagrangian force
IBHierarchyIntegrator::integrateHierarchy(): spreading Lagrangian force to the Eulerian grid
IBHierarchyIntegrator::integrateHierarchy(): solving the incompressible Navier-Stokes equations
INSStaggeredHierarchyIntegrator::integrateHierarchy(): stokes solve number of iterations = 1
INSStaggeredHierarchyIntegrator::integrateHierarchy(): stokes solve residual norm        = 2.69977e-06
IBHierarchyIntegrator::integrateHierarchy(): interpolating Eulerian velocity to the Lagrangian mesh
IBHierarchyIntegrator::integrateHierarchy(): performing Lagrangian midpoint-rule step
IBHierarchyIntegrator::postprocessIntegrateHierarchy(): interpolating Eulerian velocity to the Lagrangian mesh
IBHierarchyIntegrator::postprocessIntegrateHierarchy(): CFL number = 6.04512e-06
IBHierarchyIntegrator::postprocessIntegrateHierarchy(): Eulerian estimate of upper bound on IB point displacement since last regrid = 0.00221334
IBHierarchyIntegrator::advanceHierarchy(): synchronizing updated data
IBHierarchyIntegrator::advanceHierarchy(): resetting time dependent data

At end       of timestep # 376
Simulation time is 0.235625
+++++++++++++++++++++++++++++++++++++++++++++++++++


+++++++++++++++++++++++++++++++++++++++++++++++++++
At beginning of timestep # 377
Simulation time is 0.235625
IBHierarchyIntegrator::advanceHierarchy(): time interval = [0.235625,0.23625], dt = 0.000625
IBHierarchyIntegrator::preprocessIntegrateHierarchy(): performing Lagrangian forward Euler step
IBHierarchyIntegrator::advanceHierarchy(): integrating hierarchy
IBHierarchyIntegrator::integrateHierarchy(): computing Lagrangian force
IBHierarchyIntegrator::integrateHierarchy(): spreading Lagrangian force to the Eulerian grid
IBHierarchyIntegrator::integrateHierarchy(): solving the incompressible Navier-Stokes equations
INSStaggeredHierarchyIntegrator::integrateHierarchy(): stokes solve number of iterations = 1
INSStaggeredHierarchyIntegrator::integrateHierarchy(): stokes solve residual norm        = 2.60226e-06
IBHierarchyIntegrator::integrateHierarchy(): interpolating Eulerian velocity to the Lagrangian mesh
IBHierarchyIntegrator::integrateHierarchy(): performing Lagrangian midpoint-rule step
IBHierarchyIntegrator::postprocessIntegrateHierarchy(): interpolating Eulerian velocity to the Lagrangian mesh
IBHierarchyIntegrator::postprocessIntegrateHierarchy(): CFL number = 6.04477e-06
IBHierarchyIntegrator::postprocessIntegrateHierarchy(): Eulerian estimate of upper bound on IB point displacement since last regrid = 0.00221939
IBHierarchyIntegrator::advanceHierarchy(): synchronizing updated data
IBHierarchyIntegrator::advanceHierarchy(): resetting time dependent data

At end       of timestep # 377
Simulation time is 0.23625
+++++++++++++++++++++++++++++++++++++++++++++++++++


+++++++++++++++++++++++++++++++++++++++++++++++++++
At beginning of timestep # 378
Simulation time is 0.23625
IBHierarchyIntegrator::advanceHierarchy(): time interval = [0.23625,0.236875], dt = 0.000625
IBHierarchyIntegrator::preprocessIntegrateHierarchy(): performing Lagrangian forward Euler step
IBHierarchyIntegrator::advanceHierarchy(): integrating hierarchy
IBHierarchyIntegrator::integrateHierarchy(): computing Lagrangian force
IBHierarchyIntegrator::integrateHierarchy(): spreading Lagrangian force to the Eulerian grid
IBHierarchyIntegrator::integrateHierarchy(): solving the incompressible Navier-Stokes equations
INSStaggeredHierarchyIntegrator::integrateHierarchy(): stokes solve number of iterations = 1
INSStaggeredHierarchyIntegrator::integrateHierarchy(): stokes solve residual norm        = 2.51219e-06
IBHierarchyIntegrator::integrateHierarchy(): interpolating Eulerian velocity to the Lagrangian mesh
IBHierarchyIntegrator::integrateHierarchy(): performing Lagrangian midpoint-rule step
IBHierarchyIntegrator::postprocessIntegrateHierarchy(): interpolating Eulerian velocity to the Lagrangian mesh
IBHierarchyIntegrator::postprocessIntegrateHierarchy(): CFL number = 6.0444e-06
IBHierarchyIntegrator::postprocessIntegrateHierarchy(): Eulerian estimate of upper bound on IB point displacement since last regrid = 0.00222543
IBHierarchyIntegrator::advanceHierarchy(): synchronizing updated data
IBHierarchyIntegrator::advanceHierarchy(): resetting time dependent data

At end       of timestep # 378
Simulation time is 0.236875
+++++++++++++++++++++++++++++++++++++++++++++++++++


+++++++++++++++++++++++++++++++++++++++++++++++++++
At beginning of timestep # 379
Simulation time is 0.236875
IBHierarchyIntegrator::advanceHierarchy(): time interval = [0.236875,0.2375], dt = 0.000625
IBHierarchyIntegrator::preprocessIntegrateHierarchy(): performing Lagrangian forward Euler step
IBHierarchyIntegrator::advanceHierarchy(): integrating hierarchy
IBHierarchyIntegrator::integrateHierarchy(): computing Lagrangian force
IBHierarchyIntegrator::integrateHierarchy(): spreading Lagrangian force to the Eulerian grid
IBHierarchyIntegrator::integrateHierarchy(): solving the incompressible Navier-Stokes equations
INSStaggeredHierarchyIntegrator::integrateHierarchy(): stokes solve number of iterations = 1
INSStaggeredHierarchyIntegrator::integrateHierarchy(): stokes solve residual norm        = 2.43069e-06
IBHierarchyIntegrator::integrateHierarchy(): interpolating Eulerian velocity to the Lagrangian mesh
IBHierarchyIntegrator::integrateHierarchy(): performing Lagrangian midpoint-rule step
IBHierarchyIntegrator::postprocessIntegrateHierarchy(): interpolating Eulerian velocity to the Lagrangian mesh
IBHierarchyIntegrator::postprocessIntegrateHierarchy(): CFL number = 6.04403e-06
IBHierarchyIntegrator::postprocessIntegrateHierarchy(): Eulerian estimate of upper bound on IB point displacement since last regrid = 0.00223148
IBHierarchyIntegrator::advanceHierarchy(): synchronizing updated data
IBHierarchyIntegrator::advanceHierarchy(): resetting time dependent data

At end       of timestep # 379
Simulation time is 0.2375
+++++++++++++++++++++++++++++++++++++++++++++++++++


+++++++++++++++++++++++++++++++++++++++++++++++++++
At beginning of timestep # 380
Simulation time is 0.2375
IBHierarchyIntegrator::advanceHierarchy(): time interval = [0.2375,0.238125], dt = 0.000625
IBHierarchyIntegrator::preprocessIntegrateHierarchy(): performing Lagrangian forward Euler step
IBHierarchyIntegrator::advanceHierarchy(): integrating hierarchy
IBHierarchyIntegrator::integrateHierarchy(): computing Lagrangian force
IBHierarchyIntegrator::integrateHierarchy(): spreading Lagrangian force to the Eulerian grid
IBHierarchyIntegrator::integrateHierarchy(): solving the incompressible Navier-Stokes equations
INSStaggeredHierarchyIntegrator::integrateHierarchy(): stokes solve number of iterations = 1
INSStaggeredHierarchyIntegrator::integrateHierarchy(): stokes solve residual norm        = 2.35861e-06
IBHierarchyIntegrator::integrateHierarchy(): interpolating Eulerian velocity to the Lagrangian mesh
IBHierarchyIntegrator::integrateHierarchy(): performing Lagrangian midpoint-rule step
IBHierarchyIntegrator::postprocessIntegrateHierarchy(): interpolating Eulerian velocity to the Lagrangian mesh
IBHierarchyIntegrator::postprocessIntegrateHierarchy(): CFL number = 6.04365e-06
IBHierarchyIntegrator::postprocessIntegrateHierarchy(): Eulerian estimate of upper bound on IB point displacement since last regrid = 0.00223752
IBHierarchyIntegrator::advanceHierarchy(): synchronizing updated data
IBHierarchyIntegrator::advanceHierarchy(): resetting time dependent data

At end       of timestep # 380
Simulation time is 0.238125
+++++++++++++++++++++++++++++++++++++++++++++++++++


+++++++++++++++++++++++++++++++++++++++++++++++++++
At beginning of timestep # 381
Simulation time is 0.238125
IBHierarchyIntegrator::advanceHierarchy(): time interval = [0.238125,0.23875], dt = 0.000625
IBHierarchyIntegrator::preprocessIntegrateHierarchy(): performing Lagrangian forward Euler step
IBHierarchyIntegrator::advanceHierarchy(): integrating hierarchy
IBHierarchyIntegrator::integrateHierarchy(): computing Lagrangian force
IBHierarchyIntegrator::integrateHierarchy(): spreading Lagrangian force to the Eulerian grid
IBHierarchyIntegrator::integrateHierarchy(): solving the incompressible Navier-Stokes equations
INSStaggeredHierarchyIntegrator::integrateHierarchy(): stokes solve number of iterations = 1
INSStaggeredHierarchyIntegrator::integrateHierarchy(): stokes solve residual norm        = 2.29739e-06
IBHierarchyIntegrator::integrateHierarchy(): interpolating Eulerian velocity to the Lagrangian mesh
IBHierarchyIntegrator::integrateHierarchy(): performing Lagrangian midpoint-rule step
IBHierarchyIntegrator::postprocessIntegrateHierarchy(): interpolating Eulerian velocity to the Lagrangian mesh
IBHierarchyIntegrator::postprocessIntegrateHierarchy(): CFL number = 6.04325e-06
IBHierarchyIntegrator::postprocessIntegrateHierarchy(): Eulerian estimate of upper bound on IB point displacement since last regrid = 0.00224356
IBHierarchyIntegrator::advanceHierarchy(): synchronizing updated data
IBHierarchyIntegrator::advanceHierarchy(): resetting time dependent data

At end       of timestep # 381
Simulation time is 0.23875
+++++++++++++++++++++++++++++++++++++++++++++++++++


+++++++++++++++++++++++++++++++++++++++++++++++++++
At beginning of timestep # 382
Simulation time is 0.23875
IBHierarchyIntegrator::advanceHierarchy(): time interval = [0.23875,0.239375], dt = 0.000625
IBHierarchyIntegrator::preprocessIntegrateHierarchy(): performing Lagrangian forward Euler step
IBHierarchyIntegrator::advanceHierarchy(): integrating hierarchy
IBHierarchyIntegrator::integrateHierarchy(): computing Lagrangian force
IBHierarchyIntegrator::integrateHierarchy(): spreading Lagrangian force to the Eulerian grid
IBHierarchyIntegrator::integrateHierarchy(): solving the incompressible Navier-Stokes equations
INSStaggeredHierarchyIntegrator::integrateHierarchy(): stokes solve number of iterations = 1
INSStaggeredHierarchyIntegrator::integrateHierarchy(): stokes solve residual norm        = 2.24741e-06
IBHierarchyIntegrator::integrateHierarchy(): interpolating Eulerian velocity to the Lagrangian mesh
IBHierarchyIntegrator::integrateHierarchy(): performing Lagrangian midpoint-rule step
IBHierarchyIntegrator::postprocessIntegrateHierarchy(): interpolating Eulerian velocity to the Lagrangian mesh
IBHierarchyIntegrator::postprocessIntegrateHierarchy(): CFL number = 6.04286e-06
IBHierarchyIntegrator::postprocessIntegrateHierarchy(): Eulerian estimate of upper bound on IB point displacement since last regrid = 0.00224961
IBHierarchyIntegrator::advanceHierarchy(): synchronizing updated data
IBHierarchyIntegrator::advanceHierarchy(): resetting time dependent data

At end       of timestep # 382
Simulation time is 0.239375
+++++++++++++++++++++++++++++++++++++++++++++++++++


+++++++++++++++++++++++++++++++++++++++++++++++++++
At beginning of timestep # 383
Simulation time is 0.239375
IBHierarchyIntegrator::advanceHierarchy(): time interval = [0.239375,0.24], dt = 0.000625
IBHierarchyIntegrator::preprocessIntegrateHierarchy(): performing Lagrangian forward Euler step
IBHierarchyIntegrator::advanceHierarchy(): integrating hierarchy
IBHierarchyIntegrator::integrateHierarchy(): computing Lagrangian force
IBHierarchyIntegrator::integrateHierarchy(): spreading Lagrangian force to the Eulerian grid
IBHierarchyIntegrator::integrateHierarchy(): solving the incompressible Navier-Stokes equations
INSStaggeredHierarchyIntegrator::integrateHierarchy(): stokes solve number of iterations = 1
INSStaggeredHierarchyIntegrator::integrateHierarchy(): stokes solve residual norm        = 2.21051e-06
IBHierarchyIntegrator::integrateHierarchy(): interpolating Eulerian velocity to the Lagrangian mesh
IBHierarchyIntegrator::integrateHierarchy(): performing Lagrangian midpoint-rule step
IBHierarchyIntegrator::postprocessIntegrateHierarchy(): interpolating Eulerian velocity to the Lagrangian mesh
IBHierarchyIntegrator::postprocessIntegrateHierarchy(): CFL number = 6.04245e-06
IBHierarchyIntegrator::postprocessIntegrateHierarchy(): Eulerian estimate of upper bound on IB point displacement since last regrid = 0.00225565
IBHierarchyIntegrator::advanceHierarchy(): synchronizing updated data
IBHierarchyIntegrator::advanceHierarchy(): resetting time dependent data

At end       of timestep # 383
Simulation time is 0.24
+++++++++++++++++++++++++++++++++++++++++++++++++++


+++++++++++++++++++++++++++++++++++++++++++++++++++
At beginning of timestep # 384
Simulation time is 0.24
IBHierarchyIntegrator::advanceHierarchy(): time interval = [0.24,0.240625], dt = 0.000625
IBHierarchyIntegrator::preprocessIntegrateHierarchy(): performing Lagrangian forward Euler step
IBHierarchyIntegrator::advanceHierarchy(): integrating hierarchy
IBHierarchyIntegrator::integrateHierarchy(): computing Lagrangian force
IBHierarchyIntegrator::integrateHierarchy(): spreading Lagrangian force to the Eulerian grid
IBHierarchyIntegrator::integrateHierarchy(): solving the incompressible Navier-Stokes equations
INSStaggeredHierarchyIntegrator::integrateHierarchy(): stokes solve number of iterations = 1
INSStaggeredHierarchyIntegrator::integrateHierarchy(): stokes solve residual norm        = 2.18636e-06
IBHierarchyIntegrator::integrateHierarchy(): interpolating Eulerian velocity to the Lagrangian mesh
IBHierarchyIntegrator::integrateHierarchy(): performing Lagrangian midpoint-rule step
IBHierarchyIntegrator::postprocessIntegrateHierarchy(): interpolating Eulerian velocity to the Lagrangian mesh
IBHierarchyIntegrator::postprocessIntegrateHierarchy(): CFL number = 6.04203e-06
IBHierarchyIntegrator::postprocessIntegrateHierarchy(): Eulerian estimate of upper bound on IB point displacement since last regrid = 0.00226169
IBHierarchyIntegrator::advanceHierarchy(): synchronizing updated data
IBHierarchyIntegrator::advanceHierarchy(): resetting time dependent data

At end       of timestep # 384
Simulation time is 0.240625
+++++++++++++++++++++++++++++++++++++++++++++++++++


+++++++++++++++++++++++++++++++++++++++++++++++++++
At beginning of timestep # 385
Simulation time is 0.240625
IBHierarchyIntegrator::advanceHierarchy(): time interval = [0.240625,0.24125], dt = 0.000625
IBHierarchyIntegrator::preprocessIntegrateHierarchy(): performing Lagrangian forward Euler step
IBHierarchyIntegrator::advanceHierarchy(): integrating hierarchy
IBHierarchyIntegrator::integrateHierarchy(): computing Lagrangian force
IBHierarchyIntegrator::integrateHierarchy(): spreading Lagrangian force to the Eulerian grid
IBHierarchyIntegrator::integrateHierarchy(): solving the incompressible Navier-Stokes equations
INSStaggeredHierarchyIntegrator::integrateHierarchy(): stokes solve number of iterations = 1
INSStaggeredHierarchyIntegrator::integrateHierarchy(): stokes solve residual norm        = 2.17619e-06
IBHierarchyIntegrator::integrateHierarchy(): interpolating Eulerian velocity to the Lagrangian mesh
IBHierarchyIntegrator::integrateHierarchy(): performing Lagrangian midpoint-rule step
IBHierarchyIntegrator::postprocessIntegrateHierarchy(): interpolating Eulerian velocity to the Lagrangian mesh
IBHierarchyIntegrator::postprocessIntegrateHierarchy(): CFL number = 6.04161e-06
IBHierarchyIntegrator::postprocessIntegrateHierarchy(): Eulerian estimate of upper bound on IB point displacement since last regrid = 0.00226773
IBHierarchyIntegrator::advanceHierarchy(): synchronizing updated data
IBHierarchyIntegrator::advanceHierarchy(): resetting time dependent data

At end       of timestep # 385
Simulation time is 0.24125
+++++++++++++++++++++++++++++++++++++++++++++++++++


+++++++++++++++++++++++++++++++++++++++++++++++++++
At beginning of timestep # 386
Simulation time is 0.24125
IBHierarchyIntegrator::advanceHierarchy(): time interval = [0.24125,0.241875], dt = 0.000625
IBHierarchyIntegrator::preprocessIntegrateHierarchy(): performing Lagrangian forward Euler step
IBHierarchyIntegrator::advanceHierarchy(): integrating hierarchy
IBHierarchyIntegrator::integrateHierarchy(): computing Lagrangian force
IBHierarchyIntegrator::integrateHierarchy(): spreading Lagrangian force to the Eulerian grid
IBHierarchyIntegrator::integrateHierarchy(): solving the incompressible Navier-Stokes equations
INSStaggeredHierarchyIntegrator::integrateHierarchy(): stokes solve number of iterations = 1
INSStaggeredHierarchyIntegrator::integrateHierarchy(): stokes solve residual norm        = 2.17998e-06
IBHierarchyIntegrator::integrateHierarchy(): interpolating Eulerian velocity to the Lagrangian mesh
IBHierarchyIntegrator::integrateHierarchy(): performing Lagrangian midpoint-rule step
IBHierarchyIntegrator::postprocessIntegrateHierarchy(): interpolating Eulerian velocity to the Lagrangian mesh
IBHierarchyIntegrator::postprocessIntegrateHierarchy(): CFL number = 6.04118e-06
IBHierarchyIntegrator::postprocessIntegrateHierarchy(): Eulerian estimate of upper bound on IB point displacement since last regrid = 0.00227377
IBHierarchyIntegrator::advanceHierarchy(): synchronizing updated data
IBHierarchyIntegrator::advanceHierarchy(): resetting time dependent data

At end       of timestep # 386
Simulation time is 0.241875
+++++++++++++++++++++++++++++++++++++++++++++++++++


+++++++++++++++++++++++++++++++++++++++++++++++++++
At beginning of timestep # 387
Simulation time is 0.241875
IBHierarchyIntegrator::advanceHierarchy(): time interval = [0.241875,0.2425], dt = 0.000625
IBHierarchyIntegrator::preprocessIntegrateHierarchy(): performing Lagrangian forward Euler step
IBHierarchyIntegrator::advanceHierarchy(): integrating hierarchy
IBHierarchyIntegrator::integrateHierarchy(): computing Lagrangian force
IBHierarchyIntegrator::integrateHierarchy(): spreading Lagrangian force to the Eulerian grid
IBHierarchyIntegrator::integrateHierarchy(): solving the incompressible Navier-Stokes equations
INSStaggeredHierarchyIntegrator::integrateHierarchy(): stokes solve number of iterations = 1
INSStaggeredHierarchyIntegrator::integrateHierarchy(): stokes solve residual norm        = 2.19734e-06
IBHierarchyIntegrator::integrateHierarchy(): interpolating Eulerian velocity to the Lagrangian mesh
IBHierarchyIntegrator::integrateHierarchy(): performing Lagrangian midpoint-rule step
IBHierarchyIntegrator::postprocessIntegrateHierarchy(): interpolating Eulerian velocity to the Lagrangian mesh
IBHierarchyIntegrator::postprocessIntegrateHierarchy(): CFL number = 6.04074e-06
IBHierarchyIntegrator::postprocessIntegrateHierarchy(): Eulerian estimate of upper bound on IB point displacement since last regrid = 0.00227981
IBHierarchyIntegrator::advanceHierarchy(): synchronizing updated data
IBHierarchyIntegrator::advanceHierarchy(): resetting time dependent data

At end       of timestep # 387
Simulation time is 0.2425
+++++++++++++++++++++++++++++++++++++++++++++++++++


+++++++++++++++++++++++++++++++++++++++++++++++++++
At beginning of timestep # 388
Simulation time is 0.2425
IBHierarchyIntegrator::advanceHierarchy(): time interval = [0.2425,0.243125], dt = 0.000625
IBHierarchyIntegrator::preprocessIntegrateHierarchy(): performing Lagrangian forward Euler step
IBHierarchyIntegrator::advanceHierarchy(): integrating hierarchy
IBHierarchyIntegrator::integrateHierarchy(): computing Lagrangian force
IBHierarchyIntegrator::integrateHierarchy(): spreading Lagrangian force to the Eulerian grid
IBHierarchyIntegrator::integrateHierarchy(): solving the incompressible Navier-Stokes equations
INSStaggeredHierarchyIntegrator::integrateHierarchy(): stokes solve number of iterations = 1
INSStaggeredHierarchyIntegrator::integrateHierarchy(): stokes solve residual norm        = 2.22806e-06
IBHierarchyIntegrator::integrateHierarchy(): interpolating Eulerian velocity to the Lagrangian mesh
IBHierarchyIntegrator::integrateHierarchy(): performing Lagrangian midpoint-rule step
IBHierarchyIntegrator::postprocessIntegrateHierarchy(): interpolating Eulerian velocity to the Lagrangian mesh
IBHierarchyIntegrator::postprocessIntegrateHierarchy(): CFL number = 6.0403e-06
IBHierarchyIntegrator::postprocessIntegrateHierarchy(): Eulerian estimate of upper bound on IB point displacement since last regrid = 0.00228585
IBHierarchyIntegrator::advanceHierarchy(): synchronizing updated data
IBHierarchyIntegrator::advanceHierarchy(): resetting time dependent data

At end       of timestep # 388
Simulation time is 0.243125
+++++++++++++++++++++++++++++++++++++++++++++++++++


+++++++++++++++++++++++++++++++++++++++++++++++++++
At beginning of timestep # 389
Simulation time is 0.243125
IBHierarchyIntegrator::advanceHierarchy(): time interval = [0.243125,0.24375], dt = 0.000625
IBHierarchyIntegrator::preprocessIntegrateHierarchy(): performing Lagrangian forward Euler step
IBHierarchyIntegrator::advanceHierarchy(): integrating hierarchy
IBHierarchyIntegrator::integrateHierarchy(): computing Lagrangian force
IBHierarchyIntegrator::integrateHierarchy(): spreading Lagrangian force to the Eulerian grid
IBHierarchyIntegrator::integrateHierarchy(): solving the incompressible Navier-Stokes equations
INSStaggeredHierarchyIntegrator::integrateHierarchy(): stokes solve number of iterations = 1
INSStaggeredHierarchyIntegrator::integrateHierarchy(): stokes solve residual norm        = 2.27105e-06
IBHierarchyIntegrator::integrateHierarchy(): interpolating Eulerian velocity to the Lagrangian mesh
IBHierarchyIntegrator::integrateHierarchy(): performing Lagrangian midpoint-rule step
IBHierarchyIntegrator::postprocessIntegrateHierarchy(): interpolating Eulerian velocity to the Lagrangian mesh
IBHierarchyIntegrator::postprocessIntegrateHierarchy(): CFL number = 6.03984e-06
IBHierarchyIntegrator::postprocessIntegrateHierarchy(): Eulerian estimate of upper bound on IB point displacement since last regrid = 0.00229189
IBHierarchyIntegrator::advanceHierarchy(): synchronizing updated data
IBHierarchyIntegrator::advanceHierarchy(): resetting time dependent data

At end       of timestep # 389
Simulation time is 0.24375
+++++++++++++++++++++++++++++++++++++++++++++++++++


+++++++++++++++++++++++++++++++++++++++++++++++++++
At beginning of timestep # 390
Simulation time is 0.24375
IBHierarchyIntegrator::advanceHierarchy(): time interval = [0.24375,0.244375], dt = 0.000625
IBHierarchyIntegrator::preprocessIntegrateHierarchy(): performing Lagrangian forward Euler step
IBHierarchyIntegrator::advanceHierarchy(): integrating hierarchy
IBHierarchyIntegrator::integrateHierarchy(): computing Lagrangian force
IBHierarchyIntegrator::integrateHierarchy(): spreading Lagrangian force to the Eulerian grid
IBHierarchyIntegrator::integrateHierarchy(): solving the incompressible Navier-Stokes equations
INSStaggeredHierarchyIntegrator::integrateHierarchy(): stokes solve number of iterations = 1
INSStaggeredHierarchyIntegrator::integrateHierarchy(): stokes solve residual norm        = 2.32555e-06
IBHierarchyIntegrator::integrateHierarchy(): interpolating Eulerian velocity to the Lagrangian mesh
IBHierarchyIntegrator::integrateHierarchy(): performing Lagrangian midpoint-rule step
IBHierarchyIntegrator::postprocessIntegrateHierarchy(): interpolating Eulerian velocity to the Lagrangian mesh
IBHierarchyIntegrator::postprocessIntegrateHierarchy(): CFL number = 6.03938e-06
IBHierarchyIntegrator::postprocessIntegrateHierarchy(): Eulerian estimate of upper bound on IB point displacement since last regrid = 0.00229793
IBHierarchyIntegrator::advanceHierarchy(): synchronizing updated data
IBHierarchyIntegrator::advanceHierarchy(): resetting time dependent data

At end       of timestep # 390
Simulation time is 0.244375
+++++++++++++++++++++++++++++++++++++++++++++++++++


+++++++++++++++++++++++++++++++++++++++++++++++++++
At beginning of timestep # 391
Simulation time is 0.244375
IBHierarchyIntegrator::advanceHierarchy(): time interval = [0.244375,0.245], dt = 0.000625
IBHierarchyIntegrator::preprocessIntegrateHierarchy(): performing Lagrangian forward Euler step
IBHierarchyIntegrator::advanceHierarchy(): integrating hierarchy
IBHierarchyIntegrator::integrateHierarchy(): computing Lagrangian force
IBHierarchyIntegrator::integrateHierarchy(): spreading Lagrangian force to the Eulerian grid
IBHierarchyIntegrator::integrateHierarchy(): solving the incompressible Navier-Stokes equations
INSStaggeredHierarchyIntegrator::integrateHierarchy(): stokes solve number of iterations = 1
INSStaggeredHierarchyIntegrator::integrateHierarchy(): stokes solve residual norm        = 2.39054e-06
IBHierarchyIntegrator::integrateHierarchy(): interpolating Eulerian velocity to the Lagrangian mesh
IBHierarchyIntegrator::integrateHierarchy(): performing Lagrangian midpoint-rule step
IBHierarchyIntegrator::postprocessIntegrateHierarchy(): interpolating Eulerian velocity to the Lagrangian mesh
IBHierarchyIntegrator::postprocessIntegrateHierarchy(): CFL number = 6.03892e-06
IBHierarchyIntegrator::postprocessIntegrateHierarchy(): Eulerian estimate of upper bound on IB point displacement since last regrid = 0.00230397
IBHierarchyIntegrator::advanceHierarchy(): synchronizing updated data
IBHierarchyIntegrator::advanceHierarchy(): resetting time dependent data

At end       of timestep # 391
Simulation time is 0.245
+++++++++++++++++++++++++++++++++++++++++++++++++++


+++++++++++++++++++++++++++++++++++++++++++++++++++
At beginning of timestep # 392
Simulation time is 0.245
IBHierarchyIntegrator::advanceHierarchy(): time interval = [0.245,0.245625], dt = 0.000625
IBHierarchyIntegrator::preprocessIntegrateHierarchy(): performing Lagrangian forward Euler step
IBHierarchyIntegrator::advanceHierarchy(): integrating hierarchy
IBHierarchyIntegrator::integrateHierarchy(): computing Lagrangian force
IBHierarchyIntegrator::integrateHierarchy(): spreading Lagrangian force to the Eulerian grid
IBHierarchyIntegrator::integrateHierarchy(): solving the incompressible Navier-Stokes equations
INSStaggeredHierarchyIntegrator::integrateHierarchy(): stokes solve number of iterations = 1
INSStaggeredHierarchyIntegrator::integrateHierarchy(): stokes solve residual norm        = 2.46504e-06
IBHierarchyIntegrator::integrateHierarchy(): interpolating Eulerian velocity to the Lagrangian mesh
IBHierarchyIntegrator::integrateHierarchy(): performing Lagrangian midpoint-rule step
IBHierarchyIntegrator::postprocessIntegrateHierarchy(): interpolating Eulerian velocity to the Lagrangian mesh
IBHierarchyIntegrator::postprocessIntegrateHierarchy(): CFL number = 6.03844e-06
IBHierarchyIntegrator::postprocessIntegrateHierarchy(): Eulerian estimate of upper bound on IB point displacement since last regrid = 0.00231001
IBHierarchyIntegrator::advanceHierarchy(): synchronizing updated data
IBHierarchyIntegrator::advanceHierarchy(): resetting time dependent data

At end       of timestep # 392
Simulation time is 0.245625
+++++++++++++++++++++++++++++++++++++++++++++++++++


+++++++++++++++++++++++++++++++++++++++++++++++++++
At beginning of timestep # 393
Simulation time is 0.245625
IBHierarchyIntegrator::advanceHierarchy(): time interval = [0.245625,0.24625], dt = 0.000625
IBHierarchyIntegrator::preprocessIntegrateHierarchy(): performing Lagrangian forward Euler step
IBHierarchyIntegrator::advanceHierarchy(): integrating hierarchy
IBHierarchyIntegrator::integrateHierarchy(): computing Lagrangian force
IBHierarchyIntegrator::integrateHierarchy(): spreading Lagrangian force to the Eulerian grid
IBHierarchyIntegrator::integrateHierarchy(): solving the incompressible Navier-Stokes equations
INSStaggeredHierarchyIntegrator::integrateHierarchy(): stokes solve number of iterations = 1
INSStaggeredHierarchyIntegrator::integrateHierarchy(): stokes solve residual norm        = 2.54762e-06
IBHierarchyIntegrator::integrateHierarchy(): interpolating Eulerian velocity to the Lagrangian mesh
IBHierarchyIntegrator::integrateHierarchy(): performing Lagrangian midpoint-rule step
IBHierarchyIntegrator::postprocessIntegrateHierarchy(): interpolating Eulerian velocity to the Lagrangian mesh
IBHierarchyIntegrator::postprocessIntegrateHierarchy(): CFL number = 6.03796e-06
IBHierarchyIntegrator::postprocessIntegrateHierarchy(): Eulerian estimate of upper bound on IB point displacement since last regrid = 0.00231605
IBHierarchyIntegrator::advanceHierarchy(): synchronizing updated data
IBHierarchyIntegrator::advanceHierarchy(): resetting time dependent data

At end       of timestep # 393
Simulation time is 0.24625
+++++++++++++++++++++++++++++++++++++++++++++++++++


+++++++++++++++++++++++++++++++++++++++++++++++++++
At beginning of timestep # 394
Simulation time is 0.24625
IBHierarchyIntegrator::advanceHierarchy(): time interval = [0.24625,0.246875], dt = 0.000625
IBHierarchyIntegrator::preprocessIntegrateHierarchy(): performing Lagrangian forward Euler step
IBHierarchyIntegrator::advanceHierarchy(): integrating hierarchy
IBHierarchyIntegrator::integrateHierarchy(): computing Lagrangian force
IBHierarchyIntegrator::integrateHierarchy(): spreading Lagrangian force to the Eulerian grid
IBHierarchyIntegrator::integrateHierarchy(): solving the incompressible Navier-Stokes equations
INSStaggeredHierarchyIntegrator::integrateHierarchy(): stokes solve number of iterations = 1
INSStaggeredHierarchyIntegrator::integrateHierarchy(): stokes solve residual norm        = 2.6372e-06
IBHierarchyIntegrator::integrateHierarchy(): interpolating Eulerian velocity to the Lagrangian mesh
IBHierarchyIntegrator::integrateHierarchy(): performing Lagrangian midpoint-rule step
IBHierarchyIntegrator::postprocessIntegrateHierarchy(): interpolating Eulerian velocity to the Lagrangian mesh
IBHierarchyIntegrator::postprocessIntegrateHierarchy(): CFL number = 6.03747e-06
IBHierarchyIntegrator::postprocessIntegrateHierarchy(): Eulerian estimate of upper bound on IB point displacement since last regrid = 0.00232209
IBHierarchyIntegrator::advanceHierarchy(): synchronizing updated data
IBHierarchyIntegrator::advanceHierarchy(): resetting time dependent data

At end       of timestep # 394
Simulation time is 0.246875
+++++++++++++++++++++++++++++++++++++++++++++++++++


+++++++++++++++++++++++++++++++++++++++++++++++++++
At beginning of timestep # 395
Simulation time is 0.246875
IBHierarchyIntegrator::advanceHierarchy(): time interval = [0.246875,0.2475], dt = 0.000625
IBHierarchyIntegrator::preprocessIntegrateHierarchy(): performing Lagrangian forward Euler step
IBHierarchyIntegrator::advanceHierarchy(): integrating hierarchy
IBHierarchyIntegrator::integrateHierarchy(): computing Lagrangian force
IBHierarchyIntegrator::integrateHierarchy(): spreading Lagrangian force to the Eulerian grid
IBHierarchyIntegrator::integrateHierarchy(): solving the incompressible Navier-Stokes equations
INSStaggeredHierarchyIntegrator::integrateHierarchy(): stokes solve number of iterations = 1
INSStaggeredHierarchyIntegrator::integrateHierarchy(): stokes solve residual norm        = 2.73324e-06
IBHierarchyIntegrator::integrateHierarchy(): interpolating Eulerian velocity to the Lagrangian mesh
IBHierarchyIntegrator::integrateHierarchy(): performing Lagrangian midpoint-rule step
IBHierarchyIntegrator::postprocessIntegrateHierarchy(): interpolating Eulerian velocity to the Lagrangian mesh
IBHierarchyIntegrator::postprocessIntegrateHierarchy(): CFL number = 6.03698e-06
IBHierarchyIntegrator::postprocessIntegrateHierarchy(): Eulerian estimate of upper bound on IB point displacement since last regrid = 0.00232812
IBHierarchyIntegrator::advanceHierarchy(): synchronizing updated data
IBHierarchyIntegrator::advanceHierarchy(): resetting time dependent data

At end       of timestep # 395
Simulation time is 0.2475
+++++++++++++++++++++++++++++++++++++++++++++++++++


+++++++++++++++++++++++++++++++++++++++++++++++++++
At beginning of timestep # 396
Simulation time is 0.2475
IBHierarchyIntegrator::advanceHierarchy(): time interval = [0.2475,0.248125], dt = 0.000625
IBHierarchyIntegrator::preprocessIntegrateHierarchy(): performing Lagrangian forward Euler step
IBHierarchyIntegrator::advanceHierarchy(): integrating hierarchy
IBHierarchyIntegrator::integrateHierarchy(): computing Lagrangian force
IBHierarchyIntegrator::integrateHierarchy(): spreading Lagrangian force to the Eulerian grid
IBHierarchyIntegrator::integrateHierarchy(): solving the incompressible Navier-Stokes equations
INSStaggeredHierarchyIntegrator::integrateHierarchy(): stokes solve number of iterations = 1
INSStaggeredHierarchyIntegrator::integrateHierarchy(): stokes solve residual norm        = 2.83448e-06
IBHierarchyIntegrator::integrateHierarchy(): interpolating Eulerian velocity to the Lagrangian mesh
IBHierarchyIntegrator::integrateHierarchy(): performing Lagrangian midpoint-rule step
IBHierarchyIntegrator::postprocessIntegrateHierarchy(): interpolating Eulerian velocity to the Lagrangian mesh
IBHierarchyIntegrator::postprocessIntegrateHierarchy(): CFL number = 6.03648e-06
IBHierarchyIntegrator::postprocessIntegrateHierarchy(): Eulerian estimate of upper bound on IB point displacement since last regrid = 0.00233416
IBHierarchyIntegrator::advanceHierarchy(): synchronizing updated data
IBHierarchyIntegrator::advanceHierarchy(): resetting time dependent data

At end       of timestep # 396
Simulation time is 0.248125
+++++++++++++++++++++++++++++++++++++++++++++++++++


+++++++++++++++++++++++++++++++++++++++++++++++++++
At beginning of timestep # 397
Simulation time is 0.248125
IBHierarchyIntegrator::advanceHierarchy(): time interval = [0.248125,0.24875], dt = 0.000625
IBHierarchyIntegrator::preprocessIntegrateHierarchy(): performing Lagrangian forward Euler step
IBHierarchyIntegrator::advanceHierarchy(): integrating hierarchy
IBHierarchyIntegrator::integrateHierarchy(): computing Lagrangian force
IBHierarchyIntegrator::integrateHierarchy(): spreading Lagrangian force to the Eulerian grid
IBHierarchyIntegrator::integrateHierarchy(): solving the incompressible Navier-Stokes equations
INSStaggeredHierarchyIntegrator::integrateHierarchy(): stokes solve number of iterations = 1
INSStaggeredHierarchyIntegrator::integrateHierarchy(): stokes solve residual norm        = 2.94057e-06
IBHierarchyIntegrator::integrateHierarchy(): interpolating Eulerian velocity to the Lagrangian mesh
IBHierarchyIntegrator::integrateHierarchy(): performing Lagrangian midpoint-rule step
IBHierarchyIntegrator::postprocessIntegrateHierarchy(): interpolating Eulerian velocity to the Lagrangian mesh
IBHierarchyIntegrator::postprocessIntegrateHierarchy(): CFL number = 6.03597e-06
IBHierarchyIntegrator::postprocessIntegrateHierarchy(): Eulerian estimate of upper bound on IB point displacement since last regrid = 0.0023402
IBHierarchyIntegrator::advanceHierarchy(): synchronizing updated data
IBHierarchyIntegrator::advanceHierarchy(): resetting time dependent data

At end       of timestep # 397
Simulation time is 0.24875
+++++++++++++++++++++++++++++++++++++++++++++++++++


+++++++++++++++++++++++++++++++++++++++++++++++++++
At beginning of timestep # 398
Simulation time is 0.24875
IBHierarchyIntegrator::advanceHierarchy(): time interval = [0.24875,0.249375], dt = 0.000625
IBHierarchyIntegrator::preprocessIntegrateHierarchy(): performing Lagrangian forward Euler step
IBHierarchyIntegrator::advanceHierarchy(): integrating hierarchy
IBHierarchyIntegrator::integrateHierarchy(): computing Lagrangian force
IBHierarchyIntegrator::integrateHierarchy(): spreading Lagrangian force to the Eulerian grid
IBHierarchyIntegrator::integrateHierarchy(): solving the incompressible Navier-Stokes equations
INSStaggeredHierarchyIntegrator::integrateHierarchy(): stokes solve number of iterations = 1
INSStaggeredHierarchyIntegrator::integrateHierarchy(): stokes solve residual norm        = 3.05012e-06
IBHierarchyIntegrator::integrateHierarchy(): interpolating Eulerian velocity to the Lagrangian mesh
IBHierarchyIntegrator::integrateHierarchy(): performing Lagrangian midpoint-rule step
IBHierarchyIntegrator::postprocessIntegrateHierarchy(): interpolating Eulerian velocity to the Lagrangian mesh
IBHierarchyIntegrator::postprocessIntegrateHierarchy(): CFL number = 6.03546e-06
IBHierarchyIntegrator::postprocessIntegrateHierarchy(): Eulerian estimate of upper bound on IB point displacement since last regrid = 0.00234623
IBHierarchyIntegrator::advanceHierarchy(): synchronizing updated data
IBHierarchyIntegrator::advanceHierarchy(): resetting time dependent data

At end       of timestep # 398
Simulation time is 0.249375
+++++++++++++++++++++++++++++++++++++++++++++++++++


+++++++++++++++++++++++++++++++++++++++++++++++++++
At beginning of timestep # 399
Simulation time is 0.249375
IBHierarchyIntegrator::advanceHierarchy(): time interval = [0.249375,0.25], dt = 0.000625
IBHierarchyIntegrator::preprocessIntegrateHierarchy(): performing Lagrangian forward Euler step
IBHierarchyIntegrator::advanceHierarchy(): integrating hierarchy
IBHierarchyIntegrator::integrateHierarchy(): computing Lagrangian force
IBHierarchyIntegrator::integrateHierarchy(): spreading Lagrangian force to the Eulerian grid
IBHierarchyIntegrator::integrateHierarchy(): solving the incompressible Navier-Stokes equations
INSStaggeredHierarchyIntegrator::integrateHierarchy(): stokes solve number of iterations = 1
INSStaggeredHierarchyIntegrator::integrateHierarchy(): stokes solve residual norm        = 3.16338e-06
IBHierarchyIntegrator::integrateHierarchy(): interpolating Eulerian velocity to the Lagrangian mesh
IBHierarchyIntegrator::integrateHierarchy(): performing Lagrangian midpoint-rule step
IBHierarchyIntegrator::postprocessIntegrateHierarchy(): interpolating Eulerian velocity to the Lagrangian mesh
IBHierarchyIntegrator::postprocessIntegrateHierarchy(): CFL number = 6.03494e-06
IBHierarchyIntegrator::postprocessIntegrateHierarchy(): Eulerian estimate of upper bound on IB point displacement since last regrid = 0.00235227
IBHierarchyIntegrator::advanceHierarchy(): synchronizing updated data
IBHierarchyIntegrator::advanceHierarchy(): resetting time dependent data

At end       of timestep # 399
Simulation time is 0.25
+++++++++++++++++++++++++++++++++++++++++++++++++++


+++++++++++++++++++++++++++++++++++++++++++++++++++
At beginning of timestep # 400
Simulation time is 0.25
IBHierarchyIntegrator::advanceHierarchy(): time interval = [0.25,0.250625], dt = 0.000625
IBHierarchyIntegrator::preprocessIntegrateHierarchy(): performing Lagrangian forward Euler step
IBHierarchyIntegrator::advanceHierarchy(): integrating hierarchy
IBHierarchyIntegrator::integrateHierarchy(): computing Lagrangian force
IBHierarchyIntegrator::integrateHierarchy(): spreading Lagrangian force to the Eulerian grid
IBHierarchyIntegrator::integrateHierarchy(): solving the incompressible Navier-Stokes equations
INSStaggeredHierarchyIntegrator::integrateHierarchy(): stokes solve number of iterations = 1
INSStaggeredHierarchyIntegrator::integrateHierarchy(): stokes solve residual norm        = 3.27936e-06
IBHierarchyIntegrator::integrateHierarchy(): interpolating Eulerian velocity to the Lagrangian mesh
IBHierarchyIntegrator::integrateHierarchy(): performing Lagrangian midpoint-rule step
IBHierarchyIntegrator::postprocessIntegrateHierarchy(): interpolating Eulerian velocity to the Lagrangian mesh
IBHierarchyIntegrator::postprocessIntegrateHierarchy(): CFL number = 6.03442e-06
IBHierarchyIntegrator::postprocessIntegrateHierarchy(): Eulerian estimate of upper bound on IB point displacement since last regrid = 0.0023583
IBHierarchyIntegrator::advanceHierarchy(): synchronizing updated data
IBHierarchyIntegrator::advanceHierarchy(): resetting time dependent data

At end       of timestep # 400
Simulation time is 0.250625
+++++++++++++++++++++++++++++++++++++++++++++++++++


+++++++++++++++++++++++++++++++++++++++++++++++++++
At beginning of timestep # 401
Simulation time is 0.250625
IBHierarchyIntegrator::advanceHierarchy(): time interval = [0.250625,0.25125], dt = 0.000625
IBHierarchyIntegrator::preprocessIntegrateHierarchy(): performing Lagrangian forward Euler step
IBHierarchyIntegrator::advanceHierarchy(): integrating hierarchy
IBHierarchyIntegrator::integrateHierarchy(): computing Lagrangian force
IBHierarchyIntegrator::integrateHierarchy(): spreading Lagrangian force to the Eulerian grid
IBHierarchyIntegrator::integrateHierarchy(): solving the incompressible Navier-Stokes equations
INSStaggeredHierarchyIntegrator::integrateHierarchy(): stokes solve number of iterations = 1
INSStaggeredHierarchyIntegrator::integrateHierarchy(): stokes solve residual norm        = 3.39741e-06
IBHierarchyIntegrator::integrateHierarchy(): interpolating Eulerian velocity to the Lagrangian mesh
IBHierarchyIntegrator::integrateHierarchy(): performing Lagrangian midpoint-rule step
IBHierarchyIntegrator::postprocessIntegrateHierarchy(): interpolating Eulerian velocity to the Lagrangian mesh
IBHierarchyIntegrator::postprocessIntegrateHierarchy(): CFL number = 6.03389e-06
IBHierarchyIntegrator::postprocessIntegrateHierarchy(): Eulerian estimate of upper bound on IB point displacement since last regrid = 0.00236433
IBHierarchyIntegrator::advanceHierarchy(): synchronizing updated data
IBHierarchyIntegrator::advanceHierarchy(): resetting time dependent data

At end       of timestep # 401
Simulation time is 0.25125
+++++++++++++++++++++++++++++++++++++++++++++++++++


+++++++++++++++++++++++++++++++++++++++++++++++++++
At beginning of timestep # 402
Simulation time is 0.25125
IBHierarchyIntegrator::advanceHierarchy(): time interval = [0.25125,0.251875], dt = 0.000625
IBHierarchyIntegrator::preprocessIntegrateHierarchy(): performing Lagrangian forward Euler step
IBHierarchyIntegrator::advanceHierarchy(): integrating hierarchy
IBHierarchyIntegrator::integrateHierarchy(): computing Lagrangian force
IBHierarchyIntegrator::integrateHierarchy(): spreading Lagrangian force to the Eulerian grid
IBHierarchyIntegrator::integrateHierarchy(): solving the incompressible Navier-Stokes equations
INSStaggeredHierarchyIntegrator::integrateHierarchy(): stokes solve number of iterations = 1
INSStaggeredHierarchyIntegrator::integrateHierarchy(): stokes solve residual norm        = 3.51761e-06
IBHierarchyIntegrator::integrateHierarchy(): interpolating Eulerian velocity to the Lagrangian mesh
IBHierarchyIntegrator::integrateHierarchy(): performing Lagrangian midpoint-rule step
IBHierarchyIntegrator::postprocessIntegrateHierarchy(): interpolating Eulerian velocity to the Lagrangian mesh
IBHierarchyIntegrator::postprocessIntegrateHierarchy(): CFL number = 6.03336e-06
IBHierarchyIntegrator::postprocessIntegrateHierarchy(): Eulerian estimate of upper bound on IB point displacement since last regrid = 0.00237037
IBHierarchyIntegrator::advanceHierarchy(): synchronizing updated data
IBHierarchyIntegrator::advanceHierarchy(): resetting time dependent data

At end       of timestep # 402
Simulation time is 0.251875
+++++++++++++++++++++++++++++++++++++++++++++++++++


+++++++++++++++++++++++++++++++++++++++++++++++++++
At beginning of timestep # 403
Simulation time is 0.251875
IBHierarchyIntegrator::advanceHierarchy(): time interval = [0.251875,0.2525], dt = 0.000625
IBHierarchyIntegrator::preprocessIntegrateHierarchy(): performing Lagrangian forward Euler step
IBHierarchyIntegrator::advanceHierarchy(): integrating hierarchy
IBHierarchyIntegrator::integrateHierarchy(): computing Lagrangian force
IBHierarchyIntegrator::integrateHierarchy(): spreading Lagrangian force to the Eulerian grid
IBHierarchyIntegrator::integrateHierarchy(): solving the incompressible Navier-Stokes equations
INSStaggeredHierarchyIntegrator::integrateHierarchy(): stokes solve number of iterations = 1
INSStaggeredHierarchyIntegrator::integrateHierarchy(): stokes solve residual norm        = 3.63893e-06
IBHierarchyIntegrator::integrateHierarchy(): interpolating Eulerian velocity to the Lagrangian mesh
IBHierarchyIntegrator::integrateHierarchy(): performing Lagrangian midpoint-rule step
IBHierarchyIntegrator::postprocessIntegrateHierarchy(): interpolating Eulerian velocity to the Lagrangian mesh
IBHierarchyIntegrator::postprocessIntegrateHierarchy(): CFL number = 6.03282e-06
IBHierarchyIntegrator::postprocessIntegrateHierarchy(): Eulerian estimate of upper bound on IB point displacement since last regrid = 0.0023764
IBHierarchyIntegrator::advanceHierarchy(): synchronizing updated data
IBHierarchyIntegrator::advanceHierarchy(): resetting time dependent data

At end       of timestep # 403
Simulation time is 0.2525
+++++++++++++++++++++++++++++++++++++++++++++++++++


+++++++++++++++++++++++++++++++++++++++++++++++++++
At beginning of timestep # 404
Simulation time is 0.2525
IBHierarchyIntegrator::advanceHierarchy(): time interval = [0.2525,0.253125], dt = 0.000625
IBHierarchyIntegrator::preprocessIntegrateHierarchy(): performing Lagrangian forward Euler step
IBHierarchyIntegrator::advanceHierarchy(): integrating hierarchy
IBHierarchyIntegrator::integrateHierarchy(): computing Lagrangian force
IBHierarchyIntegrator::integrateHierarchy(): spreading Lagrangian force to the Eulerian grid
IBHierarchyIntegrator::integrateHierarchy(): solving the incompressible Navier-Stokes equations
INSStaggeredHierarchyIntegrator::integrateHierarchy(): stokes solve number of iterations = 1
INSStaggeredHierarchyIntegrator::integrateHierarchy(): stokes solve residual norm        = 3.76163e-06
IBHierarchyIntegrator::integrateHierarchy(): interpolating Eulerian velocity to the Lagrangian mesh
IBHierarchyIntegrator::integrateHierarchy(): performing Lagrangian midpoint-rule step
IBHierarchyIntegrator::postprocessIntegrateHierarchy(): interpolating Eulerian velocity to the Lagrangian mesh
IBHierarchyIntegrator::postprocessIntegrateHierarchy(): CFL number = 6.03227e-06
IBHierarchyIntegrator::postprocessIntegrateHierarchy(): Eulerian estimate of upper bound on IB point displacement since last regrid = 0.00238243
IBHierarchyIntegrator::advanceHierarchy(): synchronizing updated data
IBHierarchyIntegrator::advanceHierarchy(): resetting time dependent data

At end       of timestep # 404
Simulation time is 0.253125
+++++++++++++++++++++++++++++++++++++++++++++++++++


+++++++++++++++++++++++++++++++++++++++++++++++++++
At beginning of timestep # 405
Simulation time is 0.253125
IBHierarchyIntegrator::advanceHierarchy(): time interval = [0.253125,0.25375], dt = 0.000625
IBHierarchyIntegrator::preprocessIntegrateHierarchy(): performing Lagrangian forward Euler step
IBHierarchyIntegrator::advanceHierarchy(): integrating hierarchy
IBHierarchyIntegrator::integrateHierarchy(): computing Lagrangian force
IBHierarchyIntegrator::integrateHierarchy(): spreading Lagrangian force to the Eulerian grid
IBHierarchyIntegrator::integrateHierarchy(): solving the incompressible Navier-Stokes equations
INSStaggeredHierarchyIntegrator::integrateHierarchy(): stokes solve number of iterations = 1
INSStaggeredHierarchyIntegrator::integrateHierarchy(): stokes solve residual norm        = 3.88493e-06
IBHierarchyIntegrator::integrateHierarchy(): interpolating Eulerian velocity to the Lagrangian mesh
IBHierarchyIntegrator::integrateHierarchy(): performing Lagrangian midpoint-rule step
IBHierarchyIntegrator::postprocessIntegrateHierarchy(): interpolating Eulerian velocity to the Lagrangian mesh
IBHierarchyIntegrator::postprocessIntegrateHierarchy(): CFL number = 6.03172e-06
IBHierarchyIntegrator::postprocessIntegrateHierarchy(): Eulerian estimate of upper bound on IB point displacement since last regrid = 0.00238846
IBHierarchyIntegrator::advanceHierarchy(): synchronizing updated data
IBHierarchyIntegrator::advanceHierarchy(): resetting time dependent data

At end       of timestep # 405
Simulation time is 0.25375
+++++++++++++++++++++++++++++++++++++++++++++++++++


+++++++++++++++++++++++++++++++++++++++++++++++++++
At beginning of timestep # 406
Simulation time is 0.25375
IBHierarchyIntegrator::advanceHierarchy(): time interval = [0.25375,0.254375], dt = 0.000625
IBHierarchyIntegrator::preprocessIntegrateHierarchy(): performing Lagrangian forward Euler step
IBHierarchyIntegrator::advanceHierarchy(): integrating hierarchy
IBHierarchyIntegrator::integrateHierarchy(): computing Lagrangian force
IBHierarchyIntegrator::integrateHierarchy(): spreading Lagrangian force to the Eulerian grid
IBHierarchyIntegrator::integrateHierarchy(): solving the incompressible Navier-Stokes equations
INSStaggeredHierarchyIntegrator::integrateHierarchy(): stokes solve number of iterations = 1
INSStaggeredHierarchyIntegrator::integrateHierarchy(): stokes solve residual norm        = 4.00894e-06
IBHierarchyIntegrator::integrateHierarchy(): interpolating Eulerian velocity to the Lagrangian mesh
IBHierarchyIntegrator::integrateHierarchy(): performing Lagrangian midpoint-rule step
IBHierarchyIntegrator::postprocessIntegrateHierarchy(): interpolating Eulerian velocity to the Lagrangian mesh
IBHierarchyIntegrator::postprocessIntegrateHierarchy(): CFL number = 6.03117e-06
IBHierarchyIntegrator::postprocessIntegrateHierarchy(): Eulerian estimate of upper bound on IB point displacement since last regrid = 0.0023945
IBHierarchyIntegrator::advanceHierarchy(): synchronizing updated data
IBHierarchyIntegrator::advanceHierarchy(): resetting time dependent data

At end       of timestep # 406
Simulation time is 0.254375
+++++++++++++++++++++++++++++++++++++++++++++++++++


+++++++++++++++++++++++++++++++++++++++++++++++++++
At beginning of timestep # 407
Simulation time is 0.254375
IBHierarchyIntegrator::advanceHierarchy(): time interval = [0.254375,0.255], dt = 0.000625
IBHierarchyIntegrator::preprocessIntegrateHierarchy(): performing Lagrangian forward Euler step
IBHierarchyIntegrator::advanceHierarchy(): integrating hierarchy
IBHierarchyIntegrator::integrateHierarchy(): computing Lagrangian force
IBHierarchyIntegrator::integrateHierarchy(): spreading Lagrangian force to the Eulerian grid
IBHierarchyIntegrator::integrateHierarchy(): solving the incompressible Navier-Stokes equations
INSStaggeredHierarchyIntegrator::integrateHierarchy(): stokes solve number of iterations = 1
INSStaggeredHierarchyIntegrator::integrateHierarchy(): stokes solve residual norm        = 4.13323e-06
IBHierarchyIntegrator::integrateHierarchy(): interpolating Eulerian velocity to the Lagrangian mesh
IBHierarchyIntegrator::integrateHierarchy(): performing Lagrangian midpoint-rule step
IBHierarchyIntegrator::postprocessIntegrateHierarchy(): interpolating Eulerian velocity to the Lagrangian mesh
IBHierarchyIntegrator::postprocessIntegrateHierarchy(): CFL number = 6.03061e-06
IBHierarchyIntegrator::postprocessIntegrateHierarchy(): Eulerian estimate of upper bound on IB point displacement since last regrid = 0.00240053
IBHierarchyIntegrator::advanceHierarchy(): synchronizing updated data
IBHierarchyIntegrator::advanceHierarchy(): resetting time dependent data

At end       of timestep # 407
Simulation time is 0.255
+++++++++++++++++++++++++++++++++++++++++++++++++++


+++++++++++++++++++++++++++++++++++++++++++++++++++
At beginning of timestep # 408
Simulation time is 0.255
IBHierarchyIntegrator::advanceHierarchy(): time interval = [0.255,0.255625], dt = 0.000625
IBHierarchyIntegrator::preprocessIntegrateHierarchy(): performing Lagrangian forward Euler step
IBHierarchyIntegrator::advanceHierarchy(): integrating hierarchy
IBHierarchyIntegrator::integrateHierarchy(): computing Lagrangian force
IBHierarchyIntegrator::integrateHierarchy(): spreading Lagrangian force to the Eulerian grid
