0.002 1.745686181e-06
0.004 3.504948743e-06
0.006 5.1843138e-06
0.008 6.801973735e-06
0.01 8.329904445e-06
0.012 9.773190379e-06
0.014 1.112533289e-05
0.016 1.238889487e-05
0.018 1.379690212e-05
0.02 1.53976626e-05
0.022 1.702239579e-05
0.024 1.867513752e-05
0.026 2.03591618e-05
0.028 2.207765648e-05
0.03 2.383339682e-05
0.032 2.562878933e-05
0.034 2.746591035e-05
0.036 2.9346399e-05
0.038 3.127157801e-05
0.04 3.32423388e-05
0.042 3.525926233e-05
0.044 3.73225325e-05
0.046 3.94320369e-05
0.048 4.158731093e-05
0.05 4.378761786e-05
0.052 4.603191815e-05
0.054 4.831893082e-05
0.056 5.064712152e-05
0.058 5.301475237e-05
0.06 5.541987884e-05
0.062 5.786039209e-05
0.064 6.033402469e-05
0.066 6.283837696e-05
0.068 6.537093472e-05
0.07 6.792909266e-05
0.072 7.051016501e-05
0.074 7.311141204e-05
0.076 7.573004877e-05
0.078 7.836326573e-05
0.08 8.100824007e-05
0.082 8.366215375e-05
0.084 8.632220039e-05
0.086 8.898560266e-05
0.088 9.164961721e-05
0.09 9.43115518e-05
0.092 9.696876976e-05
0.094 9.96186996e-05
0.096 0.0001022588419
0.098 0.0001048867797
0.1 0.0001075001776
0.102 0.0001100967916
0.104 0.0001126744716
0.106 0.00011523117
0.108 0.0001177649274
0.11 0.0001202739009
0.112 0.0001227563443
0.114 0.0001252106214
0.116 0.0001276352067
0.118 0.0001300286693
0.12 0.0001323897164
0.122 0.0001347171043
0.124 0.0001370096922
0.126 0.0001392665155
0.128 0.0001414866524
0.13 0.0001436692824
0.132 0.000145813679
0.134 0.0001479192088
0.136 0.0001499853261
0.138 0.000152011572
0.14 0.0001539975612
0.142 0.0001559429887
0.144 0.000157847608
0.146 0.0001597112494
0.148 0.000161533799
0.15 0.0001633152134
0.152 0.0001650555025
0.154 0.0001667547227
0.156 0.0001684129641
0.158 0.0001700303917
0.16 0.0001716071844
0.162 0.000173143556
0.164 0.0001746397808
0.166 0.000176096097
0.168 0.0001775127986
0.17 0.0001788901944
0.172 0.0001802286178
0.174 0.000181528383
0.176 0.0001827898324
0.178 0.0001840133108
0.18 0.0001851991529
0.182 0.0001863477084
0.184 0.0001874582134
0.186 0.0001885323435
0.188 0.0001895701714
0.19 0.0001905719832
0.192 0.0001915380807
0.194 0.0001924687595
0.196 0.0001933643037
0.198 0.0001942249742
0.2 0.0001950510239
0.202 0.0001958426885
0.204 0.0001966001902
0.206 0.000197323736
0.208 0.0001980135224
0.21 0.0001986697323
0.212 0.0001992925369
0.214 0.0001998820944
0.216 0.0002004385882
0.218 0.0002009621088
0.22 0.0002014528253
0.222 0.0002019108672
0.224 0.0002023363626
0.226 0.0002027294393
0.228 0.000203090223
0.23 0.0002034188411
0.232 0.0002037154293
0.234 0.0002039801287
0.236 0.0002042130881
0.238 0.0002044144664
0.24 0.0002045847136
0.242 0.0002047236662
0.244 0.0002048315927
0.246 0.0002049087155
0.248 0.0002049552636
0.25 0.0002049714926
0.252 0.0002049576721
0.254 0.0002049140724
0.256 0.0002048410397
0.258 0.0002047389048
0.26 0.0002046080303
0.262 0.000204448795
0.264 0.0002042616222
0.266 0.000204046947
0.268 0.0002038052318
0.27 0.0002035369615
0.272 0.0002032426495
0.274 0.0002029228524
0.276 0.0002025781188
0.278 0.0002022090382
0.28 0.0002018162225
0.282 0.0002014003067
0.284 0.0002009619504
0.286 0.0002005018727
0.288 0.0002000207126
0.29 0.0001995192025
0.292 0.0001989980755
0.294 0.0001984581026
0.296 0.0001979000373
0.298 0.000197324667
0.3 0.000196732742
0.302 0.000196125142
0.304 0.0001955026678
0.306 0.0001948662583
0.308 0.0001942166176
0.31 0.0001935546305
0.312 0.0001928811465
0.314 0.0001921970176
0.316 0.0001915031109
0.318 0.0001908002848
0.32 0.0001900894087
0.322 0.0001893713289
0.324 0.0001886469042
0.326 0.0001879169929
0.328 0.0001871824452
0.33 0.0001864441026
0.332 0.0001857028045
0.334 0.0001849593821
0.336 0.0001842146508
0.338 0.0001834694177
0.34 0.0001827244785
0.342 0.0001819806182
0.344 0.0001812386076
0.346 0.000180499201
0.348 0.0001797631402
0.35 0.000179031151
0.352 0.0001783409321
0.354 0.0001776586874
0.356 0.0001769822183
0.358 0.000176312169
0.36 0.0001756491678
0.362 0.0001749938265
0.364 0.0001743467419
0.366 0.0001737084938
0.368 0.0001730796458
0.37 0.0001724607443
0.372 0.0001718523481
0.374 0.0001712549316
0.376 0.0001706689997
0.378 0.0001700950305
0.38 0.0001695334851
0.382 0.0001689848092
0.384 0.0001684494252
0.386 0.0001679277437
0.388 0.0001674201565
0.39 0.0001669270388
0.392 0.0001664487735
0.394 0.0001659856697
0.396 0.0001655380801
0.398 0.0001651063024
0.4 0.0001646906271
0.402 0.0001642913289
0.404 0.0001639086694
0.406 0.0001635428836
0.408 0.0001631941979
0.41 0.0001628628216
0.412 0.000162548948
0.414 0.0001622527539
0.416 0.0001619743969
0.418 0.000161714032
0.42 0.0001614717855
0.422 0.000161247772
0.424 0.0001610420915
0.426 0.0001608548291
0.428 0.0001606860537
0.43 0.0001605358194
0.432 0.0001604041648
0.434 0.0001602911136
0.436 0.0001601966742
0.438 0.0001601208411
0.44 0.0001600635893
0.442 0.0001600248822
0.444 0.0001600046666
0.446 0.0001600028745
0.448 0.0001600194222
0.45 0.0001600542106
0.452 0.0001601071255
0.454 0.0001601780374
0.456 0.0001602668003
0.458 0.0001603732526
0.46 0.000160497217
0.462 0.0001606385002
0.464 0.0001607968931
0.466 0.0001609721704
0.468 0.0001611640915
0.47 0.0001613723989
0.472 0.0001615968205
0.474 0.0001618370677
0.476 0.0001620928355
0.478 0.0001623638039
0.48 0.0001626496367
0.482 0.0001629499821
0.484 0.000163264472
0.486 0.0001635927219
0.488 0.0001639343343
0.49 0.0001642888952
0.492 0.0001646559749
0.494 0.0001650351294
0.496 0.0001654259003
0.498 0.0001658278144
0.5 0.0001662403848
0.502 0.0001666631108
0.504 0.0001670954784
0.506 0.0001675369603
0.508 0.0001679870172
0.51 0.0001684451019
0.512 0.0001689106523
0.514 0.0001693830924
0.516 0.0001698618365
0.518 0.0001703462889
0.52 0.0001708358446
0.522 0.0001713298894
0.524 0.0001718278009
0.526 0.000172328949
0.528 0.0001728326967
0.53 0.0001733384007
0.532 0.0001738454118
0.534 0.0001743530765
0.536 0.0001748607367
0.538 0.0001753677315
0.54 0.0001758733972
0.542 0.0001763770686
0.544 0.0001768780793
0.546 0.0001773757634
0.548 0.0001778694551
0.55 0.0001783584903
0.552 0.0001788422074
0.554 0.0001793199482
0.556 0.000179791057
0.558 0.0001802548867
0.56 0.0001807107935
0.562 0.0001811581415
0.564 0.0001815963021
0.566 0.0001820246552
0.568 0.0001824428343
0.57 0.0001828498978
0.572 0.000183245358
0.574 0.0001836286273
0.576 0.0001839991446
0.578 0.0001843563541
0.58 0.0001846997236
0.582 0.0001850287215
0.584 0.0001853428379
0.586 0.0001856415811
0.588 0.0001859244759
0.59 0.0001861910636
0.592 0.0001864409203
0.594 0.0001866736034
0.596 0.0001868887126
0.598 0.0001870858677
0.6 0.0001872647014
0.602 0.0001874248746
0.604 0.0001875660626
0.606 0.0001876879639
0.608 0.0001877902978
0.61 0.0001878728063
0.612 0.000187935268
0.614 0.0001879774649
0.616 0.0001879992024
0.618 0.0001880003175
0.62 0.0001879806609
0.622 0.0001879401091
0.624 0.0001878785605
0.626 0.0001877959367
0.628 0.0001876921816
0.63 0.000187567262
0.632 0.0001874211664
0.634 0.0001872539067
0.636 0.0001870655159
0.638 0.0001868560498
0.64 0.0001866255844
0.642 0.0001863742179
0.644 0.0001861020694
0.646 0.0001858092787
0.648 0.0001854960038
0.65 0.0001851624407
0.652 0.0001848087985
0.654 0.0001844352901
0.656 0.0001840421513
0.658 0.0001836296187
0.66 0.0001831979666
0.662 0.0001827474845
0.664 0.0001823376347
0.666 0.0001818909427
0.668 0.0001814251312
0.67 0.0001809413049
0.672 0.0001804392286
0.674 0.0001799193942
0.676 0.000179381995
0.678 0.0001788274393
0.68 0.0001782560735
0.682 0.0001776683071
0.684 0.0001770645057
0.686 0.0001764453838
0.688 0.0001758106639
0.69 0.0001752075492
0.692 0.0001745737436
0.694 0.0001739256089
0.696 0.0001732639592
0.698 0.0001725891154
0.7 0.0001719018054
0.702 0.000171202455
0.704 0.0001704916748
0.706 0.0001697699504
0.708 0.0001690378466
0.71 0.0001682958813
0.712 0.0001675445947
0.714 0.0001667845122
0.716 0.0001660161688
0.718 0.0001652401212
0.72 0.0001644568579
0.722 0.0001636669683
0.724 0.0001628709013
0.726 0.0001620691915
0.728 0.0001612619738
0.73 0.0001604502601
0.732 0.0001596344271
0.734 0.0001588149815
0.736 0.0001579924025
0.738 0.0001571671778
0.74 0.0001563397702
0.742 0.0001555106531
0.744 0.000154680276
0.746 0.0001538490831
0.748 0.0001530175106
0.75 0.0001521859926
0.752 0.0001513549228
0.754 0.0001505247147
0.756 0.0001496957601
0.758 0.0001488684477
0.76 0.0001480431394
0.762 0.0001472201896
0.764 0.0001463999398
0.766 0.0001455827184
0.768 0.0001447688409
0.77 0.0001439586103
0.772 0.000143152316
0.774 0.0001423502348
0.776 0.0001415526302
0.778 0.0001407597524
0.78 0.000139971844
0.782 0.0001391891232
0.784 0.0001384142884
0.786 0.0001376889971
0.788 0.0001369694262
0.79 0.0001362555823
0.792 0.0001355476418
0.794 0.0001348457111
0.796 0.0001341499164
0.798 0.000133460352
0.8 0.0001327771792
0.802 0.0001321003807
0.804 0.0001314300489
0.806 0.00013076624
0.808 0.000130108998
0.81 0.0001294583576
0.812 0.0001288143437
0.814 0.0001281769719
0.816 0.0001275462483
0.818 0.0001269221712
0.82 0.0001263047303
0.822 0.0001256939078
0.824 0.0001250896784
0.826 0.0001244920101
0.828 0.0001239008663
0.83 0.0001233162013
0.832 0.0001227379646
0.834 0.0001221661008
0.836 0.0001216005495
0.838 0.000121041245
0.84 0.0001204881183
0.842 0.0001199410966
0.844 0.0001194000935
0.846 0.0001188650276
0.848 0.0001183358183
0.85 0.0001178123834
0.852 0.0001172946385
0.854 0.0001167824983
0.856 0.0001162758766
0.858 0.000115774687
0.86 0.0001152788427
0.862 0.0001147882574
0.864 0.0001143028452
0.866 0.0001138225192
0.868 0.0001133471989
0.87 0.000112876802
0.872 0.0001124112483
0.874 0.0001119504606
0.876 0.0001114943632
0.878 0.0001110428857
0.88 0.000110595956
0.882 0.0001101535084
0.884 0.0001097154804
0.886 0.0001092818126
0.888 0.0001088524498
0.89 0.0001084273408
0.892 0.0001080064348
0.894 0.0001075896939
0.896 0.0001071773044
0.898 0.0001067689218
0.9 0.0001063646069
0.902 0.0001059643287
0.904 0.0001055680717
0.906 0.0001051758199
0.908 0.0001047875649
0.91 0.0001044033023
0.912 0.0001040230338
0.914 0.0001036467648
0.916 0.000103274507
0.918 0.0001029062764
0.92 0.0001025420969
0.922 0.0001021819684
0.924 0.00010182597
0.926 0.0001014736425
0.928 0.0001011256889
0.93 0.0001007819551
0.932 0.0001004426052
0.934 0.0001001075508
0.936 0.0001003691741
0.938 0.0001010936207
0.94 0.0001018178101
0.942 0.0001025415092
0.944 0.0001032642313
0.946 0.000103985765
0.948 0.0001047057858
0.95 0.0001054240273
0.952 0.0001061402002
0.954 0.0001068537777
0.956 0.000107564823
0.958 0.000108273035
0.96 0.0001089781464
0.962 0.0001096799334
0.964 0.0001103781581
0.966 0.0001110726033
0.968 0.0001117630519
0.97 0.0001124492994
0.972 0.0001131311458
0.974 0.0001138084013
0.976 0.000114480886
0.978 0.0001151484209
0.98 0.0001158108402
0.982 0.0001164679853
0.984 0.0001171197055
0.986 0.0001177658579
0.988 0.0001184063077
0.99 0.000119040928
0.992 0.0001196695999
0.994 0.0001202922123
0.996 0.0001209086624
0.998 0.0001215188551
1 0.0001221227034
1.002 0.0001227200842
1.004 0.0001233109839
1.006 0.0001238953251
1.008 0.0001244730523
1.01 0.0001250441179
1.012 0.0001256084822
1.014 0.0001261661133
1.016 0.0001267169868
1.018 0.0001272610863
1.02 0.0001277984023
1.022 0.0001283289348
1.024 0.0001288526911
1.026 0.0001293696831
1.028 0.000129879935
1.03 0.0001303834725
1.032 0.0001308803328
1.034 0.0001313705588
1.036 0.000131854201
1.038 0.0001323313163
1.04 0.0001328019693
1.042 0.0001332662305
1.044 0.0001337241779
1.046 0.0001341758954
1.048 0.0001346214737
1.05 0.0001350610094
1.052 0.0001354946055
1.054 0.0001359223708
1.056 0.0001363444199
1.058 0.0001367608732
1.06 0.0001371718561
1.062 0.0001375774995
1.064 0.0001379779392
1.066 0.0001383733163
1.068 0.0001387637757
1.07 0.0001391494675
1.072 0.0001395305459
1.074 0.0001399071688
1.076 0.0001402964462
1.078 0.0001406845008
1.08 0.0001410695585
1.082 0.0001414517903
1.084 0.0001418313681
1.086 0.0001422084649
1.088 0.0001425832557
1.09 0.0001429559133
1.092 0.0001433266123
1.094 0.0001436955274
1.096 0.0001440628326
1.098 0.0001444287004
1.1 0.0001447933036
1.102 0.0001451568135
1.104 0.0001455194016
1.106 0.0001458812369
1.108 0.0001462424873
1.11 0.0001466033174
1.112 0.0001469638905
1.114 0.0001473243672
1.116 0.0001476849057
1.118 0.0001480456613
1.12 0.000148406786
1.122 0.0001487684289
1.124 0.0001491307353
1.126 0.0001494938469
1.128 0.0001498579017
1.13 0.0001502230334
1.132 0.0001505893718
1.134 0.000150957042
1.136 0.0001513261648
1.138 0.0001516968564
1.14 0.0001520692283
1.142 0.000152443387
1.144 0.0001528194342
1.146 0.0001531974665
1.148 0.0001535775756
1.15 0.0001539598477
1.152 0.0001543443642
1.154 0.0001547312008
1.156 0.0001551204282
1.158 0.0001555121099
1.16 0.000155906306
1.162 0.0001563030708
1.164 0.0001567024547
1.166 0.0001571045016
1.168 0.0001575092499
1.17 0.0001579167343
1.172 0.0001583269835
1.174 0.0001587400212
1.176 0.0001591558665
1.178 0.0001595745333
1.18 0.0001599960311
1.182 0.0001604203649
1.184 0.0001608475365
1.186 0.00016127754
1.188 0.0001617103672
1.19 0.0001621460087
1.192 0.0001625844899
1.194 0.0001630257365
1.196 0.0001634697387
1.198 0.0001639164694
1.2 0.0001643658986
1.202 0.0001648179904
1.204 0.00016527271
1.206 0.000165729617
1.208 0.0001661892112
1.21 0.0001666513174
1.212 0.0001671158819
1.214 0.0001675828605
1.216 0.0001680522024
1.218 0.000168523858
1.22 0.0001689977744
1.222 0.0001694738876
1.224 0.0001699521689
1.226 0.0001704325568
1.228 0.0001709149948
1.23 0.0001713994264
1.232 0.0001718857951
1.234 0.0001723740438
1.236 0.000172864148
1.238 0.0001733560072
1.24 0.0001738495752
1.242 0.0001743447958
1.244 0.0001748416129
1.246 0.0001753399714
1.248 0.0001758398169
1.25 0.0001763410948
1.252 0.0001768437524
1.254 0.0001773477402
1.256 0.0001778530065
1.258 0.0001783595011
1.26 0.0001788671751
1.262 0.0001793759813
1.264 0.0001798858734
1.266 0.0001803968065
1.268 0.0001809087371
1.27 0.000181421623
1.272 0.0001819354234
1.274 0.0001824500989
1.276 0.0001829656118
1.278 0.0001834819252
1.28 0.0001839990043
1.282 0.0001845168152
1.284 0.0001850353255
1.286 0.0001855545042
1.288 0.0001860743216
1.29 0.0001865947494
1.292 0.0001871157592
1.294 0.0001876373267
1.296 0.0001881594265
1.298 0.0001886820351
1.3 0.0001892051215
1.302 0.0001897286754
1.304 0.0001903960183
1.306 0.0001914002392
1.308 0.0001923958526
1.31 0.0001933826237
1.312 0.0001943603252
1.314 0.0001953287376
1.316 0.0001962876497
1.318 0.000197236859
1.32 0.0001981761644
1.322 0.0001991053866
1.324 0.0002000243461
1.326 0.0002009328735
1.328 0.0002018308084
1.33 0.0002027179992
1.332 0.0002035943033
1.334 0.0002044595868
1.336 0.0002053137258
1.338 0.0002061566027
1.34 0.0002069881131
1.342 0.0002078081588
1.344 0.0002086166456
1.346 0.0002094135025
1.348 0.0002101986582
1.35 0.0002109720525
1.352 0.0002117336339
1.354 0.0002124833604
1.356 0.000213221199
1.358 0.0002139471259
1.36 0.0002146611261
1.362 0.0002153631938
1.364 0.0002160533319
1.366 0.0002167315521
1.368 0.0002173978747
1.37 0.0002180523296
1.372 0.0002186949533
1.374 0.0002193257919
1.376 0.0002199448998
1.378 0.000220552339
1.38 0.00022114818
1.382 0.0002217325009
1.384 0.0002223053874
1.386 0.000222866933
1.388 0.0002234172384
1.39 0.0002239564117
1.392 0.0002244845678
1.394 0.0002250018286
1.396 0.0002255083231
1.398 0.0002260041858
1.4 0.0002264895581
1.402 0.0002269645874
1.404 0.0002274294272
1.406 0.0002278842363
1.408 0.0002283291792
1.41 0.0002287644256
1.412 0.0002291901504
1.414 0.0002296065331
1.416 0.0002300137584
1.418 0.0002304120159
1.42 0.0002308014978
1.422 0.0002311824006
1.424 0.0002315549245
1.426 0.000231919273
1.428 0.0002322756529
1.43 0.0002326242741
1.432 0.0002329653491
1.434 0.000233299093
1.436 0.0002336257231
1.438 0.0002339454588
1.44 0.0002342585212
1.442 0.0002345651329
1.444 0.0002348655179
1.446 0.0002351599014
1.448 0.0002354485091
1.45 0.0002357315677
1.452 0.0002360093039
1.454 0.0002362819448
1.456 0.0002365497174
1.458 0.0002368128483
1.46 0.0002370715634
1.462 0.0002373260881
1.464 0.0002375766467
1.466 0.0002378234624
1.468 0.000238066757
1.47 0.0002383067506
1.472 0.0002385436615
1.474 0.0002387777064
1.476 0.0002390090992
1.478 0.0002392380515
1.48 0.0002394647726
1.482 0.0002396894685
1.484 0.0002399123426
1.486 0.0002401335949
1.488 0.0002403534223
1.49 0.0002405720179
1.492 0.0002407895717
1.494 0.0002410062694
1.496 0.0002412222929
1.498 0.0002414378208
1.5 0.0002416530257
1.502 0.0002418680766
1.504 0.0002420831382
1.506 0.0002422983703
1.508 0.0002425139276
1.51 0.0002427299603
1.512 0.0002429466132
1.514 0.0002431640263
1.516 0.0002433823343
1.518 0.0002437743849
1.52 0.0002441890973
1.522 0.000244600054
1.524 0.0002450072361
1.526 0.0002454102833
1.528 0.0002458096494
1.53 0.0002462051763
1.532 0.000246596868
1.534 0.0002469846993
1.536 0.0002473686673
1.538 0.0002477487579
1.54 0.0002481249676
1.542 0.000248497289
1.544 0.000248865721
1.546 0.0002492302615
1.548 0.0002495909128
1.55 0.0002499476776
1.552 0.000250300562
1.554 0.0002506495734
1.556 0.0002509947222
1.558 0.0002513360202
1.56 0.0002516734821
1.562 0.000252007124
1.564 0.0002523369653
1.566 0.0002526630272
1.568 0.0002529853333
1.57 0.0002533039148
1.572 0.0002536187927
1.574 0.0002539285674
1.576 0.0002542342492
1.578 0.0002545362901
1.58 0.0002548347313
1.582 0.000255129633
1.584 0.0002554210436
1.586 0.0002557090163
1.588 0.0002559936014
1.59 0.0002562748512
1.592 0.0002565528211
1.594 0.0002568275644
1.596 0.000257099137
1.598 0.000257367597
1.6 0.0002576329898
1.602 0.0002578954006
1.604 0.0002581553309
1.606 0.0002584122014
1.608 0.0002586662704
1.61 0.0002589175799
1.612 0.0002591662092
1.614 0.0002594122164
1.616 0.0002596554686
1.618 0.0002598962803
1.62 0.0002601346876
1.622 0.0002603707418
1.624 0.0002606045249
1.626 0.0002608361016
1.628 0.0002610656104
1.63 0.0002612930451
1.632 0.0002615184903
1.634 0.0002617420236
1.636 0.0002619637162
1.638 0.0002621836441
1.64 0.0002624018813
1.642 0.0002626185036
1.644 0.0002628335865
1.646 0.000263047206
1.648 0.0002632594382
1.65 0.0002634703591
1.652 0.000263680045
1.654 0.0002638885721
1.656 0.0002640960167
1.658 0.0002643149351
1.66 0.0002646300964
1.662 0.0002649429588
1.664 0.0002652533937
1.666 0.0002655612742
1.668 0.0002658664751
1.67 0.0002661688731
1.672 0.0002664683469
1.674 0.0002667647884
1.676 0.0002670580659
1.678 0.0002673480693
1.68 0.0002676346867
1.682 0.0002679178093
1.684 0.0002681973311
1.686 0.000268473149
1.688 0.000268745163
1.69 0.000269013277
1.692 0.000269277398
1.694 0.0002695374358
1.696 0.0002697933054
1.698 0.0002700449246
1.7 0.0002702922151
1.702 0.0002705351027
1.704 0.0002707735177
1.706 0.0002710073944
1.708 0.0002712366635
1.71 0.0002714612776
1.712 0.0002716811827
1.714 0.0002718963302
1.716 0.0002721066768
1.718 0.0002723121836
1.72 0.000272512817
1.722 0.000272708548
1.724 0.0002728993528
1.726 0.0002730852128
1.728 0.0002732661144
1.73 0.0002734420491
1.732 0.0002736130137
1.734 0.0002737790102
1.736 0.0002739400456
1.738 0.000274096132
1.74 0.0002742472884
1.742 0.0002743935364
1.744 0.0002745349037
1.746 0.0002746714233
1.748 0.0002748031348
1.75 0.000274930083
1.752 0.000275052318
1.754 0.0002751698951
1.756 0.0002752828754
1.758 0.0002753913251
1.76 0.0002754953158
1.762 0.0002755949245
1.764 0.0002757066034
1.766 0.0002759632431
1.768 0.0002762224175
1.77 0.000276484173
1.772 0.0002767485496
1.774 0.0002770155874
1.776 0.0002772853259
1.778 0.0002775578033
1.78 0.0002778330581
1.782 0.0002781111279
1.784 0.0002783920498
1.786 0.0002786758602
1.788 0.0002789625949
1.79 0.0002792522893
1.792 0.0002795449777
1.794 0.0002798406944
1.796 0.0002801394725
1.798 0.0002804413451
1.8 0.0002807463425
1.802 0.0002810544987
1.804 0.0002813658441
1.806 0.0002816818287
1.808 0.0002820005472
1.81 0.0002823225266
1.812 0.0002826477752
1.814 0.0002829763775
1.816 0.0002833083092
1.818 0.0002836436457
1.82 0.0002839823511
1.822 0.0002843244669
1.824 0.0002846700142
1.826 0.0002850190192
1.828 0.000285371504
1.83 0.0002857274955
1.832 0.0002860870144
1.834 0.0002864500855
1.836 0.0002868167295
1.838 0.0002871869694
1.84 0.0002875608254
1.842 0.0002879383308
1.844 0.0002883194809
1.846 0.0002887043056
1.848 0.0002890928239
1.85 0.000289485053
1.852 0.00028988101
1.854 0.0002902806524
1.856 0.0002906840532
1.858 0.0002910912388
1.86 0.0002915022092
1.862 0.0002919169871
1.864 0.0002923355812
1.866 0.0002927580059
1.868 0.0002931842904
1.87 0.0002936144196
1.872 0.0002940484101
1.874 0.0002944862701
1.876 0.0002949280052
1.878 0.0002953736262
1.88 0.0002958231397
1.882 0.0002962765515
1.884 0.0002967338677
1.886 0.0002971950924
1.888 0.0002976602297
1.89 0.0002981292832
1.892 0.0002986022556
1.894 0.000299079149
1.896 0.0002995599651
1.898 0.0003000447048
1.9 0.0003005333684
1.902 0.0003010259556
1.904 0.0003015224658
1.906 0.0003020228976
1.908 0.000302527249
1.91 0.0003030355173
1.912 0.0003035477002
1.914 0.0003040637941
1.916 0.0003045837956
1.918 0.0003051077001
1.92 0.000305635503
1.922 0.0003061671994
1.924 0.0003067027838
1.926 0.0003072422505
1.928 0.0003077855934
1.93 0.000308332806
1.932 0.0003088838812
1.934 0.000309438707
1.936 0.0003099974061
1.938 0.0003105599533
1.94 0.0003111263327
1.942 0.0003116965423
1.944 0.0003122705712
1.946 0.0003128484135
1.948 0.0003134300598
1.95 0.0003140155025
1.952 0.0003146047327
1.954 0.0003151977421
1.956 0.0003157945219
1.958 0.0003163950627
1.96 0.0003169993547
1.962 0.0003176073898
1.964 0.0003182191595
1.966 0.0003188346549
1.968 0.0003194538678
1.97 0.0003200767896
1.972 0.000320703412
1.974 0.0003213337266
1.976 0.0003219677252
1.978 0.0003226053997
1.98 0.0003232467422
1.982 0.0003238917471
1.984 0.0003245404088
1.986 0.0003251927187
1.988 0.000325848669
1.99 0.0003265082531
1.992 0.0003271714638
1.994 0.0003278382944
1.996 0.0003285087381
1.998 0.0003291827887
2 0.0003298604397
2.002 0.0003305416852
2.004 0.0003312265192
2.006 0.0003319149361
2.008 0.0003326069304
2.01 0.0003333024967
2.012 0.0003340016301
2.014 0.0003347043256
2.016 0.0003354105785
2.018 0.0003361203841
2.02 0.0003368337382
2.022 0.0003375506364
2.024 0.000338271075
2.026 0.0003389950498
2.028 0.0003397225571
2.03 0.0003404535933
2.032 0.000341188155
2.034 0.0003419262386
2.036 0.0003426678409
2.038 0.0003434129587
2.04 0.000344161589
2.042 0.0003449137286
2.044 0.0003456693747
2.046 0.0003464285241
2.048 0.000347191174
2.05 0.0003479573214
2.052 0.0003487269634
2.054 0.0003495000969
2.056 0.0003502767189
2.058 0.0003510568264
2.06 0.0003518404162
2.062 0.0003526274849
2.064 0.0003534180291
2.066 0.0003542120454
2.068 0.00035500953
2.07 0.000355810479
2.072 0.0003566148885
2.074 0.000357422754
2.076 0.0003582340712
2.078 0.0003590488351
2.08 0.0003598670408
2.082 0.0003606886831
2.084 0.0003615137561
2.086 0.0003623422541
2.088 0.0003631741706
2.09 0.0003640094991
2.092 0.0003648482326
2.094 0.0003656903635
2.096 0.000366535884
2.098 0.0003673847859
2.1 0.0003682370604
2.102 0.0003690926984
2.104 0.0003699516902
2.106 0.0003708140254
2.108 0.0003716796939
2.11 0.0003725486841
2.112 0.0003734209844
2.114 0.0003742965828
2.116 0.0003751754662
2.118 0.0003760576215
2.12 0.0003769430346
2.122 0.0003778316911
2.124 0.0003787235759
2.126 0.0003796188318
2.128 0.0003805172482
2.13 0.0003814188343
2.132 0.0003823235853
2.134 0.0003832314742
2.136 0.0003841424863
2.138 0.0003850565993
2.14 0.0003859737945
2.142 0.0003868940501
2.144 0.0003878173457
2.146 0.0003887436588
2.148 0.0003896729673
2.15 0.0003906052478
2.152 0.0003915404765
2.154 0.0003924786289
2.156 0.0003934196799
2.158 0.0003943636037
2.16 0.0003953103742
2.162 0.0003962599646
2.164 0.0003972123476
2.166 0.0003981674954
2.168 0.0003991253795
2.17 0.0004000859708
2.172 0.00040104924
2.174 0.0004020151568
2.176 0.0004029836905
2.178 0.00040395481
2.18 0.0004049284834
2.182 0.0004059046784
2.184 0.0004068833623
2.186 0.0004078645016
2.188 0.0004088480626
2.19 0.0004098340108
2.192 0.0004108223115
2.194 0.0004118129295
2.196 0.0004128058291
2.198 0.0004138009742
2.2 0.0004147983291
2.202 0.0004157978561
2.204 0.0004167995183
2.206 0.0004178032781
2.208 0.0004188090976
2.21 0.0004198169385
2.212 0.0004208267624
2.214 0.0004218385307
2.216 0.0004228522041
2.218 0.0004238677435
2.22 0.0004248851091
2.222 0.0004259089978
2.224 0.0004269381915
2.226 0.0004279689682
2.228 0.0004290012828
2.23 0.0004300350902
2.232 0.0004310703449
2.234 0.0004321069994
2.236 0.0004331450071
2.238 0.0004341843221
2.24 0.0004352248978
2.242 0.0004362666876
2.244 0.0004373096444
2.246 0.0004383537213
2.248 0.0004393988711
2.25 0.0004404450467
2.252 0.0004414921999
2.254 0.0004425402832
2.256 0.0004435892187
2.258 0.0004446389985
2.26 0.0004456903895
2.262 0.0004467422085
2.264 0.0004477947132
2.266 0.0004488478562
2.268 0.0004499015889
2.27 0.0004509558683
2.272 0.0004520106442
2.274 0.0004530658717
2.276 0.0004541215019
2.278 0.0004551774887
2.28 0.0004562337842
2.282 0.0004572903424
2.284 0.0004583471167
2.286 0.0004594040614
2.288 0.0004604611307
2.29 0.0004615182795
2.292 0.0004625754625
2.294 0.0004636326355
2.296 0.0004646897539
2.298 0.0004657467738
2.3 0.0004668036512
2.302 0.0004678603425
2.304 0.0004689168048
2.306 0.0004699729958
2.308 0.0004710288731
2.31 0.0004720843945
2.312 0.0004731395182
2.314 0.0004741942031
2.316 0.0004752484083
2.318 0.0004763020933
2.32 0.0004773552182
2.322 0.0004784077437
2.324 0.0004794596312
2.326 0.0004805107912
2.328 0.0004815613349
2.33 0.0004826110825
2.332 0.0004836600375
2.334 0.0004847081507
2.336 0.000485755408
2.338 0.0004868017729
2.34 0.0004878472096
2.342 0.000488891686
2.344 0.0004899351612
2.346 0.0004909776286
2.348 0.0004920190314
2.35 0.0004930593446
2.352 0.0004940985427
2.354 0.0004951365923
2.356 0.0004961734674
2.358 0.0004972210291
2.36 0.0004982693028
2.362 0.000499316824
2.364 0.0005003635692
2.366 0.000501409514
2.368 0.0005024546355
2.37 0.0005034989102
2.372 0.0005045423159
2.374 0.0005055848303
2.376 0.0005066264319
2.378 0.0005076670995
2.38 0.0005087068122
2.382 0.0005097455329
2.384 0.0005107832626
2.386 0.0005118199789
2.388 0.0005128556624
2.39 0.0005138902943
2.392 0.0005149238571
2.394 0.0005159563334
2.396 0.0005169877064
2.398 0.0005180179596
2.4 0.0005190470774
2.402 0.0005200750442
2.404 0.0005211018453
2.406 0.0005221274661
2.408 0.000523151893
2.41 0.0005241751126
2.412 0.0005251971118
2.414 0.0005262178787
2.416 0.000527237401
2.418 0.0005282556678
2.42 0.000529272668
2.422 0.0005302835615
2.424 0.0005312950631
2.426 0.0005323051651
2.428 0.0005333140728
2.43 0.0005343216355
2.432 0.0005353279314
2.434 0.0005363329052
2.436 0.0005373365849
2.438 0.0005383389499
2.44 0.0005393400092
2.442 0.0005403397544
2.444 0.0005413381866
2.446 0.0005423353048
2.448 0.0005433311096
2.45 0.0005443255989
2.452 0.0005454397649
2.454 0.0005465656653
2.456 0.000547688772
2.458 0.0005488090498
2.46 0.000549926466
2.462 0.0005510409895
2.464 0.0005521525914
2.466 0.0005532612448
2.468 0.0005543669249
2.47 0.000555469609
2.472 0.0005565692764
2.474 0.0005576659087
2.476 0.0005587594895
2.478 0.0005598500049
2.48 0.0005609374429
2.482 0.0005620217938
2.484 0.0005631030502
2.486 0.0005641812068
2.488 0.0005652567933
2.49 0.000566329155
2.492 0.0005673983818
2.494 0.0005684645202
2.496 0.0005695275461
2.498 0.0005705874819
2.5 0.000571644328
2.502 0.0005726981022
2.504 0.000573748816
2.506 0.0005747964884
2.508 0.0005758411378
2.51 0.0005768827867
2.512 0.0005779214586
2.514 0.0005789571797
2.516 0.0005799899787
2.518 0.0005810198854
2.52 0.0005820469329
2.522 0.0005830711557
2.524 0.0005840925905
2.526 0.0005851112759
2.528 0.0005861272527
2.53 0.0005871405633
2.532 0.0005881512523
2.534 0.000589159366
2.536 0.0005901649525
2.538 0.0005911680615
2.54 0.0005921687378
2.542 0.0005931670439
2.544 0.0005941630325
2.546 0.000595156723
2.548 0.0005961482167
2.55 0.0005971375641
2.552 0.0005981248285
2.554 0.0005991100696
2.556 0.0006000933541
2.558 0.0006010747444
2.56 0.000602054309
2.562 0.0006030321097
2.564 0.0006040082217
2.566 0.0006049827118
2.568 0.0006059556517
2.57 0.0006069271121
2.572 0.0006078971663
2.574 0.0006088658869
2.576 0.0006098333487
2.578 0.0006107996262
2.58 0.0006117647951
2.582 0.0006127289315
2.584 0.0006136921123
2.586 0.0006146544147
2.588 0.0006156159165
2.59 0.0006165766961
2.592 0.0006175368314
2.594 0.0006184964012
2.596 0.0006194554844
2.598 0.0006204141599
2.6 0.0006213725068
2.602 0.0006223306044
2.604 0.0006232885316
2.606 0.0006242463676
2.608 0.0006252041911
2.61 0.000626162081
2.612 0.0006271201157
2.614 0.0006280783733
2.616 0.0006290369317
2.618 0.0006299958683
2.62 0.0006309552603
2.622 0.000631915184
2.624 0.0006328757155
2.626 0.0006338369023
2.628 0.0006347988813
2.63 0.0006357616611
2.632 0.0006367253777
2.634 0.0006376900429
2.636 0.0006386557889
2.638 0.0006396226273
2.64 0.0006405906877
2.642 0.0006415599804
2.644 0.0006425302805
2.646 0.0006435023928
2.648 0.0006444759022
2.65 0.0006454509073
2.652 0.0006464271753
2.654 0.0006474055265
2.656 0.0006483855264
2.658 0.0006493669113
2.66 0.000650350622
2.662 0.0006513361078
2.664 0.0006523232046
2.666 0.0006533127807
2.668 0.0006543042628
2.67 0.0006552975674
2.672 0.0006562935065
2.674 0.0006572915716
2.676 0.0006582914748
2.678 0.000659294259
2.68 0.0006602993103
2.682 0.00066130639
2.684 0.0006623164424
2.686 0.000663328877
2.688 0.0006643505913
2.69 0.0006653612389
2.692 0.0006663814986
2.694 0.0006678965417
2.696 0.0006684297577
2.698 0.0006694581775
2.7 0.0006714173337
2.702 0.000671534205
2.704 0.0006725600122
2.706 0.0006749152667
2.708 0.0006750107941
2.71 0.0006757317678
2.712 0.0006783922818
2.714 0.0006784668942
2.716 0.0006791755985
2.718 0.0006818500957
2.72 0.0006819041626
2.722 0.000684553766
2.724 0.0006845981784
2.726 0.0006852657311
2.728 0.0006879613167
2.73 0.0006879672109
2.732 0.0006886371884
2.734 0.0006913425439
2.736 0.0006913342631
2.738 0.0006940163452
2.74 0.0006939993633
2.742 0.0006946289675
2.744 0.0006973616024
2.746 0.0006973072032
2.748 0.000700012357
2.75 0.000699953615
2.752 0.00070055918
2.754 0.000703315204
2.756 0.0007032220732
2.758 0.0007038344216
2.76 0.0007066059299
2.762 0.0007065027162
2.764 0.0007092528431
2.766 0.0007091439052
2.768 0.0007097221428
2.77 0.0007125309756
2.772 0.0007123878236
2.774 0.0007151711113
2.776 0.0007150270941
2.778 0.0007155891448
2.78 0.0007184317619
2.782 0.0007182571829
2.784 0.0007210756282
2.786 0.000720901697
2.788 0.0007214506394
2.79 0.0007243321601
2.792 0.0007241295711
2.794 0.0007269879091
2.796 0.0007267876529
2.798 0.0007273273038
2.8 0.0007302523923
2.802 0.0007300252877
2.804 0.0007329281112
2.806 0.0007327049666
2.808 0.0007332390416
2.81 0.0007362120976
2.812 0.0007359638166
2.814 0.0007377164633
2.816 0.0007378945191
2.818 0.0007408752759
2.82 0.0007406396717
2.822 0.0007436217286
2.824 0.0007433771377
2.826 0.000743907514
2.828 0.0007469826664
2.83 0.0007467048012
2.832 0.0007472658337
2.834 0.0007503712835
2.836 0.0007501001555
2.838 0.0007506676441
2.84 0.0007538177595
2.842 0.0007535451397
2.844 0.0007554001598
2.846 0.0007555809857
2.848 0.0007587484891
2.85 0.0007584887748
2.852 0.0007590602342
2.854 0.0007623126955
2.856 0.0007620270405
2.858 0.0007626252759
2.86 0.0007659130106
2.862 0.0007656325231
2.864 0.0007662666051
2.866 0.000769572786
2.868 0.0007692908147
2.87 0.0007702290983
2.872 0.0007732870829
2.874 0.0007730043202
2.876 0.000774227424
2.878 0.0007770564652
2.88 0.0007769130613
2.882 0.0007782622531
2.884 0.0007796155758
2.886 0.0007815803279
2.888 0.0007823357896
2.89 0.0007837022846
2.892 0.0007855365273
2.894 0.0007864267377
2.896 0.0007877926285
2.898 0.0007891627302
2.9 0.0007905381057
2.902 0.000791933146
2.904 0.0007933024272
2.906 0.0007946920305
2.908 0.0007960865543
2.91 0.0007974852806
2.912 0.0007988897681
2.914 0.0008002989792
2.916 0.0008017131614
2.918 0.0008031316371
2.92 0.0008045559454
2.922 0.0008059850636
2.924 0.0008074192172
2.926 0.0008088577382
2.928 0.0008103021779
2.93 0.0008117515121
2.932 0.001790129115
2.934 0.001272503251
2.936 0.0008161311088
2.938 0.0008176013749
2.94 0.0008190769125
2.942 0.001850742936
2.944 0.001770937632
2.946 0.001332352616
2.948 0.000825030674
2.95 0.0008265323291
2.952 0.0008280397387
2.954 0.001725777973
2.956 0.001835420565
2.958 0.001365854165
2.96 0.0008341231946
2.962 0.00181283035
2.964 0.001458569778
2.966 0.0008387545966
2.968 0.002018687982
2.97 0.001446956256
2.972 0.0008434907393
2.974 0.001504528731
2.976 0.001898181914
2.978 0.001530403392
2.98 0.001521014118
2.982 0.001702658549
2.984 0.001505926478
2.986 0.0008546844978
2.988 0.001734599191
2.99 0.00164535729
2.992 0.001988665232
2.994 0.001818264519
2.996 0.002060153173
2.998 0.000864392177
3 0.001602538576
3.002 0.001618869895
3.004 0.002244983155
3.006 0.001902905023
3.008 0.002184234658
3.01 0.002000933622
3.012 0.00234817014
3.014 0.002202646945
3.016 0.002395293154
3.018 0.002128134844
3.02 0.00240540766
3.022 0.002297007631
3.024 0.002446552211
3.026 0.001090057045
3.028 0.001554655896
3.03 0.002084576704
3.032 0.002133587033
3.034 0.002348119648
3.036 0.001090700244
3.038 0.001687776021
3.04 0.001986288082
3.042 0.002259614273
3.044 0.001828280682
3.046 0.002012919458
3.048 0.001061078215
3.05 0.001064176931
3.052 0.002289093359
3.054 0.002153756991
3.056 0.00102932128
3.058 0.001046212788
3.06 0.001023503829
3.062 0.002352487441
3.064 0.002103723784
3.066 0.0009962612346
3.068 0.00101223739
3.07 0.0009878181838
3.072 0.000986190675
3.074 0.0009743227446
3.076 0.0009674187936
3.078 0.002697016941
3.08 0.002197347401
3.082 0.0009383402121
3.084 0.0009407444907
3.086 0.0009421693019
3.088 0.0009440926872
3.09 0.0009460219433
3.092 0.0009479822201
3.094 0.0009499469208
3.096 0.000951913553
3.098 0.0009538867637
3.1 0.0009558630724
3.102 0.0009578437996
3.104 0.0009598277967
3.106 0.0009618153969
3.108 0.0009638062227
3.11 0.0009658003268
3.112 0.000967797601
3.114 0.0009697980299
3.116 0.0009718016257
3.118 0.0009738083916
3.12 0.000975818367
3.122 0.0009778315819
3.124 0.008645926281
3.126 0.004310435328
3.128 0.0009838959072
3.13 0.001007709362
3.132 0.008295406058
3.134 0.00418294021
3.136 0.0009920247261
3.138 0.0009940670406
3.14 0.0009961126959
3.142 0.0009981628098
3.144 0.001000216958
3.146 0.001002275601
3.148 0.008002766237
3.15 0.004071558743
3.152 0.001008482779
3.154 0.007664888183
3.156 0.003933555633
3.158 0.00108028479
3.16 0.001089420112
3.162 0.001067021708
3.164 0.001075383896
3.166 0.001071116429
3.168 0.001071794315
3.17 0.007435254322
3.172 0.003867379568
3.174 0.007017670179
3.176 0.003706503467
3.178 0.001292515237
3.18 0.001297305354
3.182 0.001288417811
3.184 0.001294140434
3.186 0.001293668088
3.188 0.01473489026
3.19 0.003666534857
3.192 0.001495584938
3.194 0.001494998231
3.196 0.001514271601
3.198 0.001513477003
3.2 0.001520945225
3.202 0.006375924332
3.204 0.00352725881
3.206 0.005935294262
3.208 0.00333453847
3.21 0.001735343061
3.212 0.001734342834
3.214 0.005849229626
3.216 0.003395270955
3.218 0.001833102013
3.22 0.005616525077
3.222 0.003250723124
3.224 0.005301747353
3.226 0.003173810539
3.228 0.002022127468
3.23 0.002033173564
3.232 0.005227070663
3.234 0.004759846731
3.236 0.002944632781
3.238 0.002221731296
3.24 0.002218911346
3.242 0.01162568421
3.244 0.003189949342
3.246 0.002370845608
3.248 0.002368836062
3.25 0.004449707952
3.252 0.004429385921
3.254 0.002678509059
3.256 0.002570429027
3.258 0.004136439185
3.26 0.004269968004
3.262 0.002808500576
3.264 0.003640088032
3.266 0.00285081506
3.268 0.003495102298
3.27 0.003946735187
3.272 0.003029678448
3.274 0.002937996782
3.276 0.009328408349
3.278 0.003082526934
3.28 0.00307082761
3.282 0.008787746082
3.284 0.003229322265
3.286 0.003204998639
3.288 0.008358252665
3.29 0.003362731223
3.292 0.003340123464
3.294 0.008019488465
3.296 0.003491849076
3.298 0.002990519861
3.3 0.003830633043
3.302 0.003035780664
3.304 0.003758938882
3.306 0.007014520605
3.308 0.00380738228
3.31 0.006473715779
3.312 0.003900407655
3.314 0.002924560214
3.316 0.003497220913
3.318 0.001169905542
3.32 0.002586167121
3.322 0.005225475402
3.324 0.004224346857
3.326 0.005237664876
3.328 0.002982839954
3.33 0.004401263156
3.332 0.005007747889
3.334 0.003734292016
3.336 0.004532830171
3.338 0.004305904159
3.34 0.003150742989
3.342 0.004706956836
3.344 0.003792380425
3.346 0.01389536852
3.348 0.01324866792
3.35 0.01273316402
3.352 0.01225546924
3.354 0.01176961611
3.356 0.01130440313
3.358 0.01085386838
3.36 0.01042564036
3.362 0.01001905874
3.364 0.009637401943
3.366 0.009280142645
3.368 0.008948770769
3.37 0.008642351485
3.372 0.008361173378
3.374 0.00810232715
3.376 0.007866943308
3.378 0.007652683602
3.38 0.007454464498
3.382 0.00727498033
3.384 0.007112993428
3.386 0.006966483156
3.388 0.006833844403
3.39 0.006713210194
3.392 0.006603000672
3.394 0.006501599461
3.396 0.006407549143
3.398 0.006319672614
3.4 0.006236859912
3.402 0.006046649812
3.404 0.006003958802
3.406 0.005916647481
3.408 0.005855939443
3.41 0.005781109865
3.412 0.005716578539
3.414 0.005648400924
3.416 0.00558495578
3.418 0.005521686447
3.42 0.005471511575
3.422 0.005428438371
3.424 0.01392624386
3.426 0.01328455948
3.428 0.01277260332
3.43 0.01229963322
3.432 0.01181886929
3.434 0.01135916817
3.436 0.01091453285
3.438 0.01049249198
3.44 0.01009232816
3.442 0.009717235387
3.444 0.009366552446
3.446 0.009041727502
3.448 0.008741756469
3.45 0.008466834017
3.452 0.008213942784
3.454 0.007984197097
3.456 0.00777480869
3.458 0.0075813182
3.46 0.007406155299
3.462 0.007248041512
3.464 0.00710497768
3.466 0.006975381249
3.468 0.006857431926
3.47 0.006749565059
3.472 0.006650205451
3.474 0.006557940831
3.476 0.006471641565
3.478 0.006390238003
3.48 0.006200666328
3.482 0.006159368964
3.484 0.006073070855
3.486 0.006013533299
3.488 0.005939753799
3.49 0.005876362328
3.492 0.005809321608
3.494 0.005747086126
3.496 0.005685073882
3.498 0.005633756917
3.5 0.005591981879
3.502 0.005551953956
3.504 0.005513536662
3.506 0.005476987096
3.508 0.005442312303
3.51 0.005409635742
3.512 0.005378971168
3.514 0.005350350948
3.516 0.005323746012
3.518 0.005298963887
3.52 0.005276106465
3.522 0.005255004269
3.524 0.005235507213
3.526 0.005217437858
3.528 0.00520059672
3.53 0.00518476501
3.532 0.005169709039
3.534 0.005155189489
3.536 0.005140961776
3.538 0.005126776108
3.54 0.005112388393
3.542 0.005097561148
3.544 0.005082068308
3.546 0.00506572246
3.548 0.005048314717
3.55 0.00502964885
3.552 0.00500956883
3.554 0.004987922658
3.556 0.00496458173
3.558 0.004939435732
3.56 0.004912396848
3.562 0.004883405074
3.564 0.004863055541
3.566 0.004840856106
3.568 0.004816286828
3.57 0.004789327904
3.572 0.004759932453
3.574 0.004728084486
3.576 0.004693790496
3.578 0.004657078544
3.58 0.00461799736
3.582 0.004576611491
3.584 0.004532999006
3.586 0.004487262197
3.588 0.004439516152
3.59 0.004389919106
3.592 0.004338544245
3.594 0.004285597648
3.596 0.004231215368
3.598 0.004175581432
3.6 0.004118861062
3.602 0.004061238416
3.604 0.004002892319
3.606 0.003944007094
3.608 0.003884764897
3.61 0.003825350171
3.612 0.003765938161
3.614 0.003706706538
3.616 0.003647606242
3.618 0.00358912474
3.62 0.003531301723
3.622 0.003474319945
3.624 0.003418304281
3.626 0.003363404113
3.628 0.003309739528
3.63 0.003257433597
3.632 0.003206591996
3.634 0.003157315051
3.636 0.003109689479
3.638 0.003063793859
3.64 0.003019694563
3.642 0.002977451311
3.644 0.002937107453
3.646 0.002899127637
3.648 0.002862992651
3.65 0.002828855354
3.652 0.002796714883
3.654 0.002766574758
3.656 0.002738429892
3.658 0.002712264771
3.66 0.002690545734
3.662 0.002672370718
3.664 0.002655804082
3.666 0.002640792651
3.668 0.002627278941
3.67 0.002615201396
3.672 0.002604496013
3.674 0.00259509531
3.676 0.002586929385
3.678 0.002579926433
3.68 0.002574012355
3.682 0.002569111218
3.684 0.002565145903
3.686 0.002562037992
3.688 0.00255970846
3.69 0.002558077713
3.692 0.002557066828
3.694 0.002556595696
3.696 0.002556585864
3.698 0.002556960477
3.7 0.002557642753
3.702 0.002558552033
3.704 0.002559616689
3.706 0.002560766612
3.708 0.002562040758
3.71 0.002563129503
3.712 0.002564253148
3.714 0.002565180907
3.716 0.002565893197
3.718 0.002566328665
3.72 0.00256737834
3.722 0.002569964948
3.724 0.00257214638
3.726 0.002573875268
3.728 0.002575110119
3.73 0.002575815466
3.732 0.002575961734
3.734 0.002575528689
3.736 0.002574493591
3.738 0.00257284541
3.74 0.002570577566
3.742 0.002567681372
3.744 0.002564171203
3.746 0.002560054924
3.748 0.002555345458
3.75 0.002550060971
3.752 0.002544224091
3.754 0.002537968992
3.756 0.002531174463
3.758 0.002523923755
3.76 0.002516242332
3.762 0.002508175218
3.764 0.002499755176
3.766 0.002491027274
3.768 0.002482028731
3.77 0.002472902342
3.772 0.002463551218
3.774 0.002454054682
3.776 0.002444456594
3.778 0.002434798155
3.78 0.002425122143
3.782 0.002415467781
3.784 0.002405875684
3.786 0.002396383799
3.788 0.002387028917
3.79 0.00237784612
3.792 0.002368874072
3.794 0.002360137913
3.796 0.002351668447
3.798 0.002343491173
3.8 0.002335632739
3.802 0.002328115952
3.804 0.002320961912
3.806 0.002314188878
3.808 0.002307813154
3.81 0.002301848451
3.812 0.00229630632
3.814 0.002291195844
3.816 0.002286523969
3.818 0.002282295301
3.82 0.002278512295
3.822 0.002275175247
3.824 0.002272282382
3.826 0.002269829951
3.828 0.002267812279
3.83 0.002266221933
3.832 0.002265049688
3.834 0.002264284727
3.836 0.002263914888
3.838 0.002263926426
3.84 0.002264304279
3.842 0.002265032332
3.844 0.002266093411
3.846 0.002267469448
3.848 0.002269141597
3.85 0.002271090375
3.852 0.002270355338
3.854 0.002276687068
3.856 0.002282251144
3.858 0.002287101765
3.86 0.002291307409
3.862 0.002294922508
3.864 0.002298009829
3.866 0.002300621795
3.868 0.002302815284
3.87 0.002304639221
3.872 0.002306143793
3.874 0.002307374555
3.876 0.002308376101
3.878 0.002309188242
3.88 0.002309850036
3.882 0.002310396391
3.884 0.002310860711
3.886 0.002311272937
3.888 0.002311662057
3.89 0.002312052671
3.892 0.002312468197
3.894 0.002312929685
3.896 0.002321232407
3.898 0.002337445607
3.9 0.002352606572
3.902 0.002366732834
3.904 0.00237989698
3.906 0.00239213184
3.908 0.002403506046
3.91 0.002414061258
3.912 0.002423861473
3.914 0.002432953494
3.916 0.002441397381
3.918 0.002449240223
3.92 0.002456537728
3.922 0.002463335964
3.924 0.002469685838
3.926 0.002475630994
3.928 0.002481217434
3.93 0.002486485507
3.932 0.002491476323
3.934 0.002496226465
3.936 0.002500772277
3.938 0.002505146375
3.94 0.002509380555
3.942 0.00251350347
3.944 0.002517542639
3.946 0.00252152284
3.948 0.002525467574
3.95 0.002529398048
3.952 0.002533334084
3.954 0.002537293505
3.956 0.002541292823
3.958 0.002545346795
3.96 0.002549468888
3.962 0.002553671082
3.964 0.002557964156
3.966 0.002562357568
3.968 0.002566859694
3.97 0.002571477745
3.972 0.002576103067
3.974 0.002580870776
3.976 0.002585786024
3.978 0.002590835275
3.98 0.002596033153
3.982 0.002601377508
3.984 0.002606872335
3.986 0.002612516587
3.988 0.00261831123
3.99 0.002624254693
3.992 0.002630345684
3.994 0.002636581721
3.996 0.002642959982
3.998 0.002649476903
4 0.002656128463
4.002 0.002662909964
4.004 0.002669816251
4.006 0.002676841655
4.008 0.002683979999
4.01 0.002691224646
4.012 0.002698568489
4.014 0.002706003983
4.016 0.002713523151
4.018 0.002721117622
4.02 0.002728778629
4.022 0.002736497049
4.024 0.002744263411
4.026 0.002752067943
4.028 0.002759900561
4.03 0.002767750941
4.032 0.002775608521
4.034 0.002783462546
4.036 0.002791301874
4.038 0.002799115521
4.04 0.002806892385
4.042 0.0028146213
4.044 0.002822291106
4.046 0.002829890679
4.048 0.002837408987
4.05 0.002844835101
4.052 0.002852157891
4.054 0.002859366761
4.056 0.002866451508
4.058 0.002873402051
4.06 0.002880198189
4.062 0.002886843848
4.064 0.002893327556
4.066 0.002899641482
4.068 0.002905777247
4.07 0.002911728255
4.072 0.002917487242
4.074 0.002923048469
4.076 0.002928406217
4.078 0.002933555914
4.08 0.01618510397
4.082 0.003646294949
4.084 0.003228976079
4.086 0.003261058881
4.088 0.003246610227
4.09 0.01526735902
4.092 0.004429961185
4.094 0.003946668696
4.096 0.003950793915
4.098 0.003907668673
4.1 0.0145696718
4.102 0.005106663696
4.104 0.004570720396
4.106 0.00454251446
4.108 0.01393402434
4.11 0.01585502818
4.112 0.005131889785
4.114 0.005075076158
4.116 0.0134553515
4.118 0.006209914175
4.12 0.01497137973
4.122 0.01287348271
4.124 0.006721572833
4.126 0.006078069527
4.128 0.01418790251
4.13 0.007168120275
4.132 0.006491496034
4.134 0.01204467542
4.136 0.01357560054
4.138 0.006839187083
4.14 0.01176689559
4.142 0.007847639709
4.144 0.01313170702
4.146 0.00833052209
4.148 0.007564207229
4.15 0.01257617299
4.152 0.008500917991
4.154 0.01068295855
4.156 0.01214311815
4.158 0.01028475172
4.16 0.009269387621
4.162 0.01180360588
4.164 0.0103375718
4.166 0.0112537488
4.168 0.01005571561
4.17 0.009583511059
4.172 0.01105333559
4.174 0.00985294504
4.176 0.01061762396
4.178 0.01009156502
4.18 0.01019929036
4.182 0.01030222492
4.184 0.009832036114
4.186 0.009721876014
4.188 0.01097289385
4.19 0.009936186034
4.192 0.01113731677
4.194 0.009690749259
4.196 0.01124106037
4.198 0.009447478518
4.2 0.01021905221
4.202 0.01176124214
4.204 0.007799577743
4.206 0.01182902534
4.208 0.008394588885
4.21 0.01112043043
4.212 0.01225364189
4.214 0.01124289791
4.216 0.008273210557
4.218 0.01265508003
4.22 0.01178511562
4.222 0.00764368972
4.224 0.01299141734
4.226 0.007703177522
4.228 0.006379249694
4.23 0.01327365918
4.232 0.007213267488
4.234 0.005942779914
4.236 0.01350744565
4.238 0.006830242876
4.24 0.005588400099
4.242 0.01303885809
4.244 0.01406790792
4.246 0.005623040548
4.248 0.01331430449
4.25 0.006301380328
4.252 0.01451988267
4.254 0.01353725946
4.256 0.006136210476
4.258 0.004943889248
4.26 0.01488573369
4.262 0.01407907908
4.264 0.005618201297
4.266 0.004460196903
4.268 0.004104234213
4.27 0.01545633494
4.272 0.00522812187
4.274 0.004095654669
4.276 0.003765308469
4.278 0.01485157965
4.28 0.01590763011
4.282 0.004037094527
4.284 0.003521419048
4.286 0.003177925821
4.288 0.01539438279
4.29 0.00443984262
4.292 0.00336029835
4.294 0.01670790884
4.296 0.003331809186
4.298 0.01582169219
4.3 0.004101662461
4.302 0.003037124041
4.304 0.002780972856
4.306 0.002486393652
4.308 0.002217771195
4.31 0.001958285232
4.312 0.01659847204
4.314 0.003405942374
4.316 0.002382429124
4.318 0.002172545681
4.32 0.001915584144
4.322 0.01839259816
4.324 0.001918476253
4.326 0.001494528841
4.328 0.001496485476
4.33 0.01751081489
4.332 0.002662360983
4.334 0.001696409629
4.336 0.001544433495
4.338 0.001505988626
4.34 0.001507842024
4.342 0.001509676744
4.344 0.001511497336
4.346 0.001513300639
4.348 0.001515090103
4.35 0.001516863703
4.352 0.001518624362
4.354 0.00152037083
4.356 0.001522112054
4.358 0.00152383883
4.36 0.001525555444
4.362 0.001527261709
4.364 0.001528959787
4.366 0.001530648665
4.368 0.001532331731
4.37 0.001535123643
4.372 0.001538289517
4.374 0.001541422862
4.376 0.001544530554
4.378 0.001547606117
4.38 0.00155065325
4.382 0.001553667027
4.384 0.001556650294
4.386 0.001559599385
4.388 0.001562516534
4.39 0.001565399053
4.392 0.001568247629
4.394 0.001569867953
4.396 0.001573125154
4.398 0.001575920236
4.4 0.001578679047
4.402 0.001581407562
4.404 0.001584098008
4.406 0.001586756982
4.408 0.00158937904
4.41 0.001591969456
4.412 0.001594524256
4.414 0.00159704781
4.416 0.001599537348
4.418 0.001601996369
4.42 0.001604423012
4.422 0.001605560436
4.424 0.001608431402
4.426 0.001610821579
4.428 0.001613179649
4.43 0.001615514723
4.432 0.001617817015
4.434 0.001620095797
4.436 0.001622343989
4.438 0.001624568948
4.44 0.001626765553
4.442 0.001628939674
4.444 0.001631087599
4.446 0.001633214035
4.448 0.001635316331
4.45 0.001637398281
4.452 0.001639458036
4.454 0.001640156561
4.456 0.001642716928
4.458 0.001644775583
4.46 0.00164681185
4.462 0.001648835612
4.464 0.001650835875
4.466 0.001652823036
4.468 0.001654788651
4.47 0.00165674026
4.472 0.001658672491
4.474 0.001660591479
4.476 0.001662492756
4.478 0.001664381261
4.48 0.00166625368
4.482 0.001668113909
4.484 0.001669959493
4.486 0.001671793521
4.488 0.001673616283
4.49 0.001675430851
4.492 0.001677235146
4.494 0.001679030922
4.496 0.001680817057
4.498 0.001682594949
4.5 0.001684363776
4.502 0.00168612459
4.504 0.001687876892
4.506 0.001689621548
4.508 0.001691358137
4.51 0.001693087384
4.512 0.001694808867
4.514 0.00169652222
4.516 0.001698227747
4.518 0.001699926017
4.52 0.001701616993
4.522 0.001703301153
4.524 0.001704978508
4.526 0.001706649372
4.528 0.001708313832
4.53 0.001709972243
4.532 0.001711624692
4.534 0.00171327148
4.536 0.001714912712
4.538 0.001716548685
4.54 0.001718179533
4.542 0.001719805527
4.544 0.001721426818
4.546 0.001723043666
4.548 0.001724656237
4.55 0.001726264781
4.552 0.001727869476
4.554 0.001729470565
4.556 0.001731068235
4.558 0.001732662719
4.56 0.001734254206
4.562 0.001735842923
4.564 0.001737429057
4.566 0.001739012821
4.568 0.001740594401
4.57 0.001742173993
4.572 0.001743751772
4.574 0.001745327901
4.576 0.001746902881
4.578 0.001748476686
4.58 0.001755001651
4.582 0.001772021975
4.584 0.001788613347
4.586 0.001804527293
4.588 0.001819900865
4.59 0.001834661186
4.592 0.001848871067
4.594 0.001862519107
4.596 0.00187564342
4.598 0.001888254793
4.6 0.001900382884
4.602 0.001911966652
4.604 0.001923143412
4.606 0.001933902833
4.608 0.0019442699
4.61 0.00195426616
4.612 0.001963913586
4.614 0.001973232645
4.616 0.001982243439
4.618 0.001990964767
4.62 0.001999414684
4.622 0.002007610005
4.624 0.002015566569
4.626 0.002023299024
4.628 0.002030820989
4.63 0.002038144888
4.632 0.002045282221
4.634 0.002052243164
4.636 0.002059037528
4.638 0.002065672517
4.64 0.00207215553
4.642 0.002078492751
4.644 0.002084689442
4.646 0.002090750023
4.648 0.002096678092
4.65 0.002102476564
4.652 0.002108147651
4.654 0.002113692833
4.656 0.002119113314
4.658 0.002124409669
4.66 0.002129582028
4.662 0.002134630188
4.664 0.002139553648
4.666 0.002144351971
4.668 0.002149024208
4.67 0.002153569347
4.672 0.002157986323
4.674 0.002162274097
4.676 0.002166431657
4.678 0.002170458106
4.68 0.002174352666
4.682 0.002178114765
4.684 0.002181744031
4.686 0.002185240343
4.688 0.002188603931
4.69 0.00219183568
4.692 0.002194935148
4.694 0.002197904974
4.696 0.002200745004
4.698 0.002203458265
4.7 0.002206046508
4.702 0.002209912771
4.704 0.002214215814
4.706 0.002218374422
4.708 0.002222385892
4.71 0.002226247978
4.712 0.002229958965
4.714 0.002233517546
4.716 0.002236923113
4.718 0.002240175634
4.72 0.002243275617
4.722 0.002246224147
4.724 0.002249022716
4.726 0.00225167363
4.728 0.002254162144
4.73 0.002256513892
4.732 0.002258728752
4.734 0.002260809608
4.736 0.002262761811
4.738 0.00226458973
4.74 0.00226629886
4.742 0.002267882735
4.744 0.002269352948
4.746 0.002270716081
4.748 0.002271979349
4.75 0.002273149
4.752 0.002274231766
4.754 0.002275243317
4.756 0.002276170052
4.758 0.002277040593
4.76 0.002277849483
4.762 0.002278594664
4.764 0.002279304624
4.766 0.002127829868
4.768 0.002179625287
4.77 0.002035484862
4.772 0.001939506678
4.774 0.002004771732
4.776 0.001889607727
4.778 0.001891505462
4.78 0.001893401369
4.782 0.001895305454
4.784 0.001897194231
4.786 0.001899084385
4.788 0.001900972595
4.79 0.001902859235
4.792 0.001904744072
4.794 0.001906627587
4.796 0.001908509706
4.798 0.001910390873
4.8 0.001912271127
4.802 0.001914150858
4.804 0.001916030299
4.806 0.001917909918
4.808 0.001919789942
4.81 0.001921670866
4.812 0.001923553008
4.814 0.001925437027
4.816 0.001927323983
4.818 0.001929459496
4.82 0.001932139084
4.822 0.001935021748
4.824 0.001938072219
4.826 0.001941240095
4.828 0.001944487545
4.83 0.001947783783
4.832 0.001951103623
4.834 0.00195442826
4.836 0.001957741809
4.838 0.001961033207
4.84 0.001964293178
4.842 0.001967515909
4.844 0.00197073738
4.846 0.02040811932
4.848 0.004334210482
4.85 0.02042162694
4.852 0.004317247013
4.854 0.00329479698
4.856 0.003268257065
4.858 0.003129226084
4.86 0.003080607204
4.862 0.002970912103
4.864 0.002931539648
4.866 0.002843979351
4.868 0.002810457212
4.87 0.002740489318
4.872 0.00271088182
4.874 0.01972229966
4.876 0.004978543638
4.878 0.01975195115
4.88 0.004966838714
4.882 0.00396853551
4.884 0.003825031087
4.886 0.003752871123
4.888 0.003571898269
4.89 0.01917918468
4.892 0.005625709356
4.894 0.0192012628
4.896 0.005619028482
4.898 0.005051542452
4.9 0.004520193385
4.902 0.0047134139
4.904 0.01878087819
4.906 0.006087720525
4.908 0.01879677506
4.91 0.006085952584
4.912 0.004942169547
4.914 0.004782102044
4.916 0.01843375349
4.918 0.006554667588
4.92 0.018444857
4.922 0.006557163935
4.924 0.005591371745
4.926 0.0179853217
4.928 0.007003856842
4.93 0.01799277563
4.932 0.007009978284
4.934 0.005795424231
4.936 0.01774251336
4.938 0.01744431399
4.94 0.007566692834
4.942 0.006466824097
4.944 0.01728876418
4.946 0.007837967496
4.948 0.01738650374
4.95 0.00773903463
4.952 0.01698537413
4.954 0.008205560371
4.956 0.01704586754
4.958 0.008146834357
4.96 0.01678425325
4.962 0.01637008043
4.964 0.008878984829
4.966 0.0161522163
4.968 0.008954432001
4.97 0.01636485379
4.972 0.008867821024
4.974 0.01622976372
4.976 0.01586541707
4.978 0.009297860593
4.98 0.01578601884
4.982 0.01552114236
4.984 0.009668102328
4.986 0.01546819587
4.988 0.0152449786
4.99 0.009956911959
4.992 0.01522704953
4.994 0.01505113016
4.996 0.01020878403
4.998 0.01505361176
5 0.01489907275
5.002 0.01437107751
5.004 0.01423411213
5.006 0.01103875371
5.008 0.01434394438
5.01 0.01422964494
5.012 0.01378332965
5.014 0.01368111504
5.016 0.01159990909
5.018 0.01391902402
5.02 0.013829745
5.022 0.01343154088
5.024 0.01335225327
5.026 0.01298992515
5.028 0.01291989198
5.03 0.01242531432
5.032 0.01331472133
5.034 0.01278142976
5.036 0.01333250035
5.038 0.01297815962
5.04 0.01252863083
5.042 0.01295310602
5.044 0.01280064072
5.046 0.01332273861
5.048 0.01312301635
5.05 0.01377984353
5.052 0.01375110865
5.054 0.0146674845
5.056 0.01426696258
5.058 0.01539232035
5.06 0.01469198435
5.062 0.01429968329
5.064 0.01498264612
5.066 0.01486763249
5.068 0.01508000518
5.07 0.01498522198
5.072 0.01513911318
5.074 0.01506154251
5.076 0.01520434086
5.078 0.01514144567
5.08 0.0107768211
5.082 0.01595493866
5.084 0.01590597425
5.086 0.01594289434
5.088 0.01590453665
5.09 0.00981852741
5.092 0.0165738568
5.094 0.01654868977
5.096 0.009153858359
5.098 0.01711772453
5.1 0.01710100586
5.102 0.008675665256
5.104 0.01754598625
5.106 0.01753817875
5.108 0.008311108752
5.11 0.01790245932
5.112 0.01790021068
5.114 0.008042596109
5.116 0.01819719807
5.118 0.01819950624
5.12 0.007838051273
5.122 0.006451933832
5.124 0.01902703386
5.126 0.01903241653
5.128 0.007119578325
5.13 0.006787157197
5.132 0.01963685505
5.134 0.01964219408
5.136 0.007633600756
5.138 0.007103844543
5.14 0.02010504266
5.142 0.02010905239
5.144 0.008055591327
5.146 0.007322116995
5.148 0.006304211581
5.15 0.02086422952
5.152 0.02086469653
5.154 0.005581045416
5.156 0.003854641972
5.158 0.003650117496
5.16 0.003389973519
5.162 0.003124939672
5.164 0.02213804235
5.166 0.004838718532
5.168 0.004104362889
5.17 0.00366626794
5.172 0.003488285322
5.174 0.002920473122
5.176 0.002802761761
5.178 0.002656458687
5.18 0.002661053065
5.182 0.02325134965
5.184 0.02366031285
5.186 0.004747219625
5.188 0.003474088037
5.19 0.003327341859
5.192 0.00278019554
5.194 0.002691591487
5.196 0.002695755239
5.198 0.002699870906
5.2 0.002703935744
5.202 0.002708057606
5.204 0.00271209364
5.206 0.002716078087
5.208 0.002720013849
5.21 0.002723901225
5.212 0.002727743291
5.214 0.002731540464
5.216 0.002735294942
5.218 0.01325398988
5.22 0.01300672681
5.222 0.0132527745
5.224 0.01300534133
5.226 0.01283893771
5.228 0.01267687592
5.23 0.01253696883
5.232 0.01240658615
5.234 0.01228886811
5.236 0.01217837884
5.238 0.01207421861
5.24 0.01197308425
5.242 0.01187313333
5.244 0.01177197972
5.246 0.01166783264
5.248 0.01155894237
5.25 0.01144391047
5.252 0.01132158309
5.254 0.01119099995
5.256 0.01105144573
5.258 0.01090241667
5.26 0.01074364135
5.262 0.01057502412
5.264 0.0103966285
5.266 0.01020864976
5.268 0.01001139982
5.27 0.009805299921
5.272 0.009590869857
5.274 0.009368689046
5.276 0.009139404122
5.278 0.008903723841
5.28 0.008662376118
5.282 0.00841611537
5.284 0.008165713974
5.286 0.007911950926
5.288 0.007655606815
5.29 0.007397456389
5.292 0.007138264994
5.294 0.006878782112
5.296 0.006619741003
5.298 0.006361851171
5.3 0.006105798323
5.302 0.00585224434
5.304 0.005601819809
5.306 0.005355125893
5.308 0.005112732388
5.31 0.004875177539
5.312 0.004642965247
5.314 0.004416559685
5.316 0.004196391051
5.318 0.003982858839
5.32 0.003776321113
5.322 0.003577095589
5.324 0.00338546215
5.326 0.003201659259
5.328 0.003025886298
5.33 0.002858298636
5.332 0.002699011467
5.334 0.002548102261
5.336 0.002476038938
5.338 0.002482372049
5.34 0.002488356569
5.342 0.00249397897
5.344 0.00249922892
5.346 0.002504099324
5.348 0.002508586655
5.35 0.002512690672
5.352 0.002516414288
5.354 0.002519763776
5.356 0.002522748301
5.358 0.002525380077
5.36 0.002527673593
5.362 0.002529646378
5.364 0.002531317863
5.366 0.002532709552
5.368 0.002533844466
5.37 0.002534747089
5.372 0.002535443026
5.374 0.00253595851
5.376 0.002536319831
5.378 0.00253655356
5.38 0.002536685818
5.382 0.002536742405
5.384 0.002536748274
5.386 0.002536727464
5.388 0.002536702698
5.39 0.002536695341
5.392 0.00253672477
5.394 0.002535017086
5.396 0.002534257932
5.398 0.002533708379
5.4 0.002533384813
5.402 0.002533621813
5.404 0.002534049072
5.406 0.002534618098
5.408 0.002535331203
5.41 0.002536172651
5.412 0.002537141603
5.414 0.002538223975
5.416 0.002539416545
5.418 0.002540705682
5.42 0.002542086195
5.422 0.002543545043
5.424 0.002563220182
5.426 0.002607458251
5.428 0.002649319593
5.43 0.002688729237
5.432 0.002725629989
5.434 0.002759981609
5.436 0.002791759082
5.438 0.002820954889
5.44 0.002847574986
5.442 0.002871639864
5.444 0.002893183147
5.446 0.002912251164
5.448 0.002928901854
5.45 0.002943204079
5.452 0.002955236626
5.454 0.00296508679
5.456 0.002974740398
5.458 0.002984657024
5.46 0.002992486447
5.462 0.002998331768
5.464 0.003002302482
5.466 0.003004513564
5.468 0.003005084527
5.47 0.003004138606
5.472 0.003001801847
5.474 0.002998202012
5.476 0.002993467605
5.478 0.002987727912
5.48 0.002981111194
5.482 0.002973746012
5.484 0.002965758717
5.486 0.002957269621
5.488 0.002948400147
5.49 0.002939267876
5.492 0.002929985134
5.494 0.002920660163
5.496 0.002911396228
5.498 0.002902289871
5.5 0.002893438187
5.502 0.00288493111
5.504 0.00287684451
5.506 0.002869249479
5.508 0.002862210829
5.51 0.002855786233
5.512 0.002850026529
5.514 0.00284497558
5.516 0.00284067035
5.518 0.002837130737
5.52 0.002834417409
5.522 0.002832528182
5.524 0.002831473073
5.526 0.002831256786
5.528 0.002831875685
5.53 0.002833321446
5.532 0.00283557965
5.534 0.002838631623
5.536 0.002842453659
5.538 0.002847017784
5.54 0.002852291871
5.542 0.002858240241
5.544 0.002864823844
5.546 0.002872000883
5.548 0.002879726966
5.55 0.002887955637
5.552 0.002896638685
5.554 0.002905726575
5.556 0.002915168787
5.558 0.002924914203
5.56 0.002934911414
5.562 0.002945109098
5.564 0.002955456308
5.566 0.002965910675
5.568 0.002976399241
5.57 0.002986897619
5.572 0.002997351361
5.574 0.003007715592
5.576 0.003017946872
5.578 0.003028005039
5.58 0.003037851809
5.582 0.003047450326
5.584 0.003056767054
5.586 0.003065770907
5.588 0.003074786191
5.59 0.003083300966
5.592 0.003091406838
5.594 0.003099087817
5.596 0.003106327128
5.598 0.003113070972
5.6 0.0031193052
5.602 0.003125022646
5.604 0.003130215888
5.606 0.003134880163
5.608 0.003139013538
5.61 0.003142616855
5.612 0.003145693728
5.614 0.003148230408
5.616 0.003150241036
5.618 0.003151742273
5.62 0.003152746409
5.622 0.003153273458
5.624 0.00315333533
5.626 0.003152952208
5.628 0.003152145128
5.63 0.003150936105
5.632 0.003149348608
5.634 0.003147407017
5.636 0.00314513671
5.638 0.003142563643
5.64 0.003139714366
5.642 0.003136616627
5.644 0.003133296813
5.646 0.003129782508
5.648 0.0031261011
5.65 0.00312226428
5.652 0.003118323382
5.654 0.003114303564
5.656 0.003110226657
5.658 0.003105601574
5.66 0.003101782258
5.662 0.003097754345
5.664 0.003093775131
5.666 0.003089870358
5.668 0.003086057818
5.67 0.00308235211
5.672 0.003078774671
5.674 0.003075339384
5.676 0.003072043878
5.678 0.00306892707
5.68 0.003065984796
5.682 0.003063242624
5.684 0.003060697638
5.686 0.003058350503
5.688 0.003056243392
5.69 0.003054348145
5.692 0.003052670265
5.694 0.00306021004
5.696 0.003050030458
5.698 0.00304905099
5.7 0.003048287241
5.702 0.003047747268
5.704 0.003047422896
5.706 0.003047311515
5.708 0.003047405621
5.71 0.003047699024
5.712 0.003048183035
5.714 0.0030488902
5.716 0.003049798297
5.718 0.003050922215
5.72 0.03664377096
5.722 0.007091259708
5.724 0.00598587772
5.726 0.005375852846
5.728 0.005416463491
5.73 0.004534578316
5.732 0.004885192948
5.734 0.004091147056
5.736 0.004471481195
5.738 0.003812091795
5.74 0.004129590944
5.742 0.00358156856
5.744 0.00381043444
5.746 0.003342884925
5.748 0.0351798512
5.75 0.008865841292
5.752 0.008076395856
5.754 0.0070565831
5.756 0.007238167988
5.758 0.006045347023
5.76 0.006404279773
5.762 0.005339683347
5.764 0.005653456125
5.766 0.03437794871
5.768 0.007347763009
5.77 0.00708148013
5.772 0.006433640009
5.774 0.006715914324
5.776 0.005921528735
5.778 0.00617660219
5.78 0.03377094441
5.782 0.03418381795
5.784 0.01032019
5.786 0.009738498992
5.788 0.00841190451
5.79 0.008655508765
5.792 0.007226680684
5.794 0.03404097839
5.796 0.01245268819
5.798 0.01177114281
5.8 0.01005414713
5.802 0.01028804537
5.804 0.008516662337
5.806 0.03387550836
5.808 0.01364311791
5.81 0.01293715228
5.812 0.0110081931
5.814 0.0112254287
5.816 0.03297266371
5.818 0.03384290498
5.82 0.01430509364
5.822 0.01356719395
5.824 0.01152181456
5.826 0.0324357015
5.828 0.03305176972
5.83 0.0107258033
5.832 0.009645664871
5.834 0.009892345165
5.836 0.03219182338
5.838 0.03252752572
5.84 0.01149725228
5.842 0.0112528735
5.844 0.01001464638
5.846 0.03260596265
5.848 0.01456769745
5.85 0.01414281284
5.852 0.01219437214
5.854 0.03224870353
5.856 0.03212935596
5.858 0.01389267848
5.86 0.01206067121
5.862 0.03262581676
5.864 0.03175874356
5.866 0.01606449355
5.868 0.01372281061
5.87 0.03293044789
5.872 0.03219669167
5.874 0.01753248346
5.876 0.01564203598
5.878 0.03316030905
5.88 0.03268784504
5.882 0.018486389
5.884 0.03187990802
5.886 0.03168128013
5.888 0.0133919103
5.89 0.01287403185
5.892 0.03030844778
5.894 0.03044604935
5.896 0.01433548048
5.898 0.02990828276
5.9 0.0300377347
5.902 0.01432524506
5.904 0.01404483605
5.906 0.0303194978
5.908 0.03033739049
5.91 0.01635761327
5.912 0.03003156956
5.914 0.03004158666
5.916 0.0146651045
5.918 0.02945792962
5.92 0.02946793164
5.922 0.01613137197
5.924 0.02923798425
5.926 0.02923047839
5.928 0.01572958
5.93 0.02889635942
5.932 0.02888290553
5.934 0.0165973905
5.936 0.02873992051
5.938 0.02871874796
5.94 0.01659461628
5.942 0.02857847026
5.944 0.02855740799
5.946 0.01707460529
5.948 0.02854256995
5.95 0.02852425942
5.952 0.02854410275
5.954 0.028534673
5.956 0.02003644416
5.958 0.02823352062
5.96 0.02822910287
5.962 0.01792646613
5.964 0.02786188401
5.966 0.02786556066
5.968 0.02857280746
5.97 0.02858404053
5.972 0.02214926855
5.974 0.02806890267
5.976 0.02808673348
5.978 0.02673983911
5.98 0.02676088064
5.982 0.02028583387
5.984 0.02683813342
5.986 0.02686480709
5.988 0.02685796647
5.99 0.026886896
5.992 0.02196019432
5.994 0.02689223296
5.996 0.02692364026
5.998 0.02638651506
6 0.02641695381
6.002 0.02753133307
6.004 0.02755981726
6.006 0.02462954445
6.008 0.0270150075
6.01 0.02704312635
6.012 0.02570940081
6.014 0.02573465182
6.016 0.02662237378
6.018 0.0266442789
6.02 0.02838134726
6.022 0.0284004916
6.024 0.03023707447
6.026 0.03025421646
6.028 0.03005846037
6.03 0.02961794491
6.032 0.02783872797
6.034 0.02478914595
6.036 0.0247995097
6.038 0.02505927993
6.04 0.02506691974
6.042 0.02684679921
6.044 0.02747493708
6.046 0.02898944965
6.048 0.03004120174
6.05 0.03099096475
6.052 0.03229090851
6.054 0.03269667115
6.056 0.03417278673
6.058 0.0341919591
6.06 0.03571315521
6.062 0.03573333325
6.064 0.03696031085
6.066 0.03698123769
6.068 0.03796432485
6.07 0.03798588963
6.072 0.03877069305
6.074 0.0387925333
6.076 0.03738769785
6.078 0.03554726603
6.08 0.03422175631
6.082 0.02895514624
6.084 0.02897502378
6.086 0.02792685564
6.088 0.02794452307
6.09 0.02922341013
6.092 0.02924007293
6.094 0.02422576742
6.096 0.03009130779
6.098 0.03010943983
6.1 0.02950650855
6.102 0.02952464815
6.104 0.03081547857
6.106 0.03083405108
6.108 0.02390454637
6.11 0.03143394428
6.112 0.03145443317
6.114 0.03052568486
6.116 0.03054590981
6.118 0.02044437902
6.12 0.03151909408
6.122 0.03154140793
6.124 0.01880241842
6.126 0.0323909781
6.128 0.03241519032
6.13 0.03319156679
6.132 0.03321658049
6.134 0.02169556985
6.136 0.03383252419
6.138 0.03386016418
6.14 0.01745009218
6.142 0.03397222251
6.144 0.03400135469
6.146 0.01856655581
6.148 0.03481614821
6.15 0.03484725252
6.152 0.01642266465
6.154 0.03527343074
6.156 0.03530581279
6.158 0.01691904277
6.16 0.03594239952
6.162 0.03597604768
6.164 0.01580937608
6.166 0.03633692546
6.168 0.03637139306
6.17 0.01602590471
6.172 0.01550815595
6.174 0.03814252287
6.176 0.03817782769
6.178 0.01801982671
6.18 0.03859466622
6.182 0.03863039627
6.184 0.01385456541
6.186 0.01324952924
6.188 0.03923092217
6.19 0.0392667548
6.192 0.0155213975
6.194 0.01479973563
6.196 0.04098417858
6.198 0.04102001405
6.2 0.01806527472
6.202 0.01685231305
6.204 0.01449412179
6.206 0.04231879484
6.208 0.04235427813
6.21 0.01083897861
6.212 0.01026350153
6.214 0.04287302543
6.216 0.01390816091
6.218 0.04361772211
6.22 0.0122304147
6.222 0.01126686821
6.224 0.009884432707
6.226 0.04525972379
6.228 0.04494727445
6.23 0.01385999795
6.232 0.01194628827
6.234 0.01136196472
6.236 0.009372993279
6.238 0.04719015341
6.24 0.01634710361
6.242 0.04709015706
6.244 0.01232812478
6.246 0.01152563039
6.248 0.009506256701
6.25 0.009275758034
6.252 0.009333575292
6.254 0.009364711378
6.256 0.04959265794
6.258 0.009392121791
6.26 0.04995101642
6.262 0.009332141375
6.264 0.009284869455
6.266 0.009218239881
6.268 0.009135452174
6.27 0.009045176456
6.272 0.008941649102
6.274 0.008828528205
6.276 0.008708611014
6.278 0.008583864442
6.28 0.008456562689
6.282 0.008327581978
6.284 0.008198570175
6.286 0.008070841688
6.288 0.007945725888
6.29 0.007818856301
6.292 0.007695439424
6.294 0.007578792725
6.296 0.007466982441
6.298 0.007361698713
6.3 0.007263783204
6.302 0.007173243951
6.304 0.007090182046
6.306 0.00701458685
6.308 0.006946423372
6.31 0.006885397251
6.312 0.006812669349
6.314 0.006710669446
6.316 0.00660959191
6.318 0.006512776573
6.32 0.006419838178
6.322 0.00633033221
6.324 0.006244046478
6.326 0.006160848293
6.328 0.006080601621
6.33 0.006003199845
6.332 0.005928560858
6.334 0.005856626884
6.336 0.005787374672
6.338 0.005720860966
6.34 0.005657795445
6.342 0.005597233081
6.344 0.005539620306
6.346 0.005484895494
6.348 0.005433145632
6.35 0.005384316152
6.352 0.00533861548
6.354 0.00529616036
6.356 0.00525711542
6.358 0.005221625275
6.36 0.005189885749
6.362 0.005162047097
6.364 0.005137946462
6.366 0.005116137392
6.368 0.005097113735
6.37 0.00508158973
6.372 0.005070180328
6.374 0.005063284115
6.376 0.005062377252
6.378 0.005064840989
6.38 0.005030522014
6.382 0.005024746668
6.384 0.005030770979
6.386 0.005053737228
6.388 0.005085987011
6.39 0.00512890226
6.392 0.005178864603
6.394 0.005235827552
6.396 0.005299070046
6.398 0.005367830842
6.4 0.005441199803
6.402 0.005518445801
6.404 0.005598923797
6.406 0.005681986396
6.408 0.005767007699
6.41 0.005853402485
6.412 0.005940625018
6.414 0.006028160486
6.416 0.006115533693
6.418 0.006202301447
6.42 0.00628805856
6.422 0.006372428494
6.424 0.00645507603
6.426 0.006536998875
6.428 0.006615560625
6.43 0.006691265079
6.432 0.006763931103
6.434 0.006833454052
6.436 0.006899734023
6.438 0.006962657597
6.44 0.007022236826
6.442 0.007078367213
6.444 0.007138758324
6.446 0.007193402983
6.448 0.007244115211
6.45 0.007291203724
6.452 0.007337389219
6.454 0.007380315432
6.456 0.007419630203
6.458 0.007455406782
6.46 0.007487615927
6.462 0.007516312476
6.464 0.007541572571
6.466 0.007563476567
6.468 0.007582117017
6.47 0.007597594702
6.472 0.007610020512
6.474 0.00761951249
6.476 0.007626198314
6.478 0.007630193348
6.48 0.00763225577
6.482 0.007632796164
6.484 0.007631002574
6.486 0.007627024871
6.488 0.007621014522
6.49 0.007613126337
6.492 0.007603516293
6.494 0.007592342384
6.496 0.007579761843
6.498 0.007569076129
6.5 0.007556003405
6.502 0.007541765368
6.504 0.007526539403
6.506 0.007505393722
6.508 0.007485631864
6.51 0.007466220576
6.512 0.007446921947
6.514 0.007428005942
6.516 0.007409504096
6.518 0.007391530845
6.52 0.007374152307
6.522 0.007357443521
6.524 0.007341458354
6.526 0.007326257052
6.528 0.00731178548
6.53 0.1681964481
6.532 0.1445030569
6.534 0.1303212628
6.536 0.1150039278
6.538 0.1071906207
6.54 0.09347257887
6.542 0.08554095923
6.544 0.07857061706
6.546 0.07297666132
6.548 0.06864873228
6.55 0.06519064273
6.552 0.062220552
6.554 0.05927638387
6.556 0.05659629933
6.558 0.05397794458
6.56 0.05133817033
6.562 0.04860327359
6.564 0.04576527798
6.566 0.04282515699
6.568 0.03981921299
6.57 0.03678628951
6.572 0.03377399493
6.574 0.03084776991
6.576 0.02272121462
6.578 0.02023647971
6.58 0.01889657667
6.582 0.01954937752
6.584 0.02001408503
6.586 0.02030638936
6.588 0.02042718836
6.59 0.02039504055
6.592 0.02020700967
6.594 0.01986025327
6.596 0.01936692361
6.598 0.01874360549
6.6 0.01800085135
6.602 0.01715747846
6.604 0.01622705588
6.606 0.0152246065
6.608 0.01416721357
6.61 0.01306610016
6.612 0.01194066411
6.614 0.01079571786
6.616 0.009642922811
6.618 0.008492733473
6.62 0.007355062992
6.622 0.006238650582
6.624 0.005151598468
6.626 0.00410126411
6.628 0.003574568647
6.63 0.003582251056
6.632 0.003589490149
6.634 0.003599252203
6.636 0.003607215003
6.638 0.003614800307
6.64 0.003621899062
6.642 0.00362867776
6.644 0.003635064622
6.646 0.003648994878
6.648 0.004085705701
6.65 0.004463102884
6.652 0.004782650661
6.654 0.005046222548
6.656 0.005255918584
6.658 0.005414120698
6.66 0.005523375321
6.662 0.005586419369
6.664 0.005606102545
6.666 0.005585381745
6.668 0.005527304117
6.67 0.005434989699
6.672 0.005311556455
6.674 0.005160090445
6.676 0.004983724913
6.678 0.004785560574
6.68 0.0045686419
6.682 0.0043359601
6.684 0.004090407736
6.686 0.004046887345
6.688 0.004144472654
6.69 0.004233575304
6.692 0.004314152067
6.694 0.004386230964
6.696 0.004449842843
6.698 0.004505129732
6.7 0.004552241302
6.702 0.004591390111
6.704 0.004622827693
6.706 0.004646854691
6.708 0.004663831627
6.71 0.004674118868
6.712 0.004678155459
6.714 0.004666120644
6.716 0.004656481163
6.718 0.004650379027
6.72 0.004637985662
6.722 0.00462125953
6.724 0.004600579445
6.726 0.004576675046
6.728 0.004549881452
6.73 0.004520811337
6.732 0.00448986779
6.734 0.00445760207
6.736 0.004425732449
6.738 0.004395561964
6.74 0.004365008877
6.742 0.00433380272
6.744 0.004302621157
6.746 0.004271870919
6.748 0.004241940081
6.75 0.00421318103
6.752 0.004185904634
6.754 0.004160438931
6.756 0.004137074743
6.758 0.004115976708
6.76 0.004097286838
6.762 0.004081089703
6.764 0.004067456886
6.766 0.004058130467
6.768 0.004052043978
6.77 0.004048479677
6.772 0.004049911596
6.774 0.004058577845
6.776 0.004067016491
6.778 0.004075264563
6.78 0.004083396834
6.782 0.004091437945
6.784 0.00409942208
6.786 0.004297156304
6.788 0.004119457222
6.79 0.004129681934
6.792 0.004139278337
6.794 0.004151102575
6.796 0.004166143501
6.798 0.004181606427
6.8 0.004197335225
6.802 0.00421321123
6.804 0.004228923519
6.806 0.004244402796
6.808 0.004259508234
6.81 0.004274134834
6.812 0.004288193326
6.814 0.004301394238
6.816 0.004314212804
6.818 0.004326414412
6.82 0.004337944549
6.822 0.004348740807
6.824 0.004358775241
6.826 0.004368016668
6.828 0.004376455286
6.83 0.004384080816
6.832 0.004390900552
6.834 0.0043969219
6.836 0.004402167655
6.838 0.004406658598
6.84 0.004400560249
6.842 0.004392384002
6.844 0.004395839889
6.846 0.004408519025
6.848 0.004419765799
6.85 0.004429651233
6.852 0.004438249536
6.854 0.004445636594
6.856 0.004452069279
6.858 0.004457380646
6.86 0.004461687459
6.862 0.004465076083
6.864 0.004769645671
6.866 0.004800900432
6.868 0.004822438246
6.87 0.004807346489
6.872 0.004806972066
6.874 0.00479989515
6.876 0.00479078402
6.878 0.004776737992
6.88 0.004759098833
6.882 0.004737650515
6.884 0.004713309597
6.886 0.00468658861
6.888 0.004658305425
6.89 0.004629839601
6.892 0.00460470977
6.894 0.004579623034
6.896 0.004555027033
6.898 0.004530343037
6.9 0.004506504799
6.902 0.004484551586
6.904 0.004464388814
6.906 0.004445973828
6.908 0.004429270021
6.91 0.004414202382
6.912 0.004428860378
6.914 0.004448239775
6.916 0.004467972998
6.918 0.004485852164
6.92 0.0045035882
6.922 0.004519752153
6.924 0.004535534128
6.926 0.004550008068
6.928 0.004564040015
6.93 0.004577019717
6.932 0.004589777235
6.934 0.00460237011
6.936 0.004614107548
6.938 0.004625398997
6.94 0.004635995753
6.942 0.004646409056
6.944 0.004656150551
6.946 0.004665526706
6.948 0.004678739273
6.95 0.004692170082
6.952 0.004705129728
6.954 0.004717304584
6.956 0.004727893124
6.958 0.004738071496
6.96 0.004746430275
6.962 0.004754786385
6.964 0.004762603631
6.966 0.004770031247
6.968 0.004777035485
6.97 0.004783717138
6.972 0.004790119446
6.974 0.004796262244
6.976 0.004802173549
6.978 0.004807903454
6.98 0.004813473671
6.982 0.004818945761
6.984 0.004824349345
6.986 0.004829722461
6.988 0.004835086363
6.99 0.004840472263
6.992 0.004845900624
6.994 0.004850107925
6.996 0.004854220423
6.998 0.004858385601
7 0.004860316419
7.002 0.004863589535
7.004 0.004867184961
7.006 0.004871177838
7.008 0.004875536104
7.01 0.004880254735
7.012 0.004885334736
7.014 0.004890823907
7.016 0.004897143302
7.018 0.004902506689
7.02 0.004908504149
7.022 0.004914829515
7.024 0.004921324626
7.026 0.004928150398
7.028 0.004935214364
7.03 0.004942540843
7.032 0.004950083386
7.034 0.004957854429
7.036 0.00496350734
7.038 0.004971307255
7.04 0.00497926607
7.042 0.004987683805
7.044 0.004996304351
7.046 0.005005191954
7.048 0.005014173735
7.05 0.005023269085
7.052 0.005032326378
7.054 0.005041331325
7.056 0.005050220398
7.058 0.005058996514
7.06 0.005067609541
7.062 0.00507407489
7.064 0.00508131678
7.066 0.1201562537
7.068 0.02430551451
7.07 0.01430615961
7.072 0.01422261015
7.074 0.01216489785
7.076 0.01171543694
7.078 0.01023550118
7.08 0.009722124228
7.082 0.008609659609
7.084 0.1165855405
7.086 0.02902653364
7.088 0.01861634444
7.09 0.0173887651
7.092 0.01524566572
7.094 0.01387985519
7.096 0.012263545
7.098 0.1149097848
7.1 0.03205090282
7.102 0.02134235673
7.104 0.01934017554
7.106 0.01708108333
7.108 0.01527383836
7.11 0.114067091
7.112 0.03467854689
7.114 0.02347815407
7.116 0.02118094351
7.118 0.01856613275
7.12 0.01657643362
7.122 0.114708536
7.124 0.03584750276
7.126 0.02449824138
7.128 0.02202313691
7.13 0.01923867469
7.132 0.01712821193
7.134 0.1159188213
7.136 0.03648962763
7.138 0.02505928479
7.14 0.02245928866
7.142 0.01960204094
7.144 0.0174252293
7.146 0.1172164266
7.148 0.0369753907
7.15 0.02545530412
7.152 0.02275899203
7.154 0.01988785587
7.156 0.1159545491
7.158 0.03906154651
7.16 0.02766117408
7.162 0.02450215232
7.164 0.02154203352
7.166 0.1157564689
7.168 0.04054663096
7.17 0.02880754299
7.172 0.02551251867
7.174 0.0224615652
7.176 0.116029252
7.178 0.04129047225
7.18 0.02942559978
7.182 0.02603273652
7.184 0.1137831269
7.186 0.04453655095
7.188 0.03205077595
7.19 0.02838016143
7.192 0.1127095171
7.194 0.04645255693
7.196 0.03363184044
7.198 0.02963834407
7.2 0.112340882
7.202 0.04734546933
7.204 0.03437416927
7.206 0.1083300469
7.208 0.0510049322
7.21 0.03817426171
7.212 0.0334775006
7.214 0.3686338466
7.216 0.3688482512
7.218 0.3633046713
7.22 0.3650374984
7.222 0.3682552747
7.224 0.3683732208
7.226 0.3667114598
7.228 0.3668134813
7.23 0.3621393531
7.232 0.3544888929
7.234 0.3443076412
7.236 0.3327058393
7.238 0.3181886905
7.24 0.3028996406
7.242 0.2883106152
7.244 0.2749453717
7.246 0.2629575897
7.248 0.2521741404
7.25 0.2421438497
7.252 0.2322037797
7.254 0.2218194441
7.256 0.2126277152
7.258 0.2489990504
7.26 0.2502332885
7.262 0.3145017837
7.264 0.3157227634
7.266 0.131659384
7.268 0.08340884784
7.27 0.1116103417
7.272 0.07695717811
7.274 0.07400514128
7.276 0.1108744367
7.278 0.06596264911
7.28 0.06026285713
7.282 0.1103282359
7.284 0.06021250279
7.286 0.04580512532
7.288 0.1101356005
7.29 0.06116494156
7.292 0.04659131858
7.294 0.1101218066
7.296 0.061866044
7.298 0.04718632218
7.3 0.1102918349
7.302 0.06241047047
7.304 0.04762679827
7.306 0.1105762052
7.308 0.06282805443
7.31 0.04796154366
7.312 0.1109590275
7.314 0.06315771409
7.316 0.04821176336
7.318 0.1114188731
7.32 0.06342019955
7.322 0.048402223
7.324 0.1119421365
7.326 0.06363764
7.328 0.04855199727
7.33 0.1124845874
7.332 0.0638225111
7.334 0.1068532653
7.336 0.06981837554
7.338 0.05381211354
7.34 0.1090328576
7.342 0.06792466983
7.344 0.05233924134
7.346 0.1112710379
7.348 0.06690765029
7.35 0.1062302681
7.352 0.07228241126
7.354 0.05590300703
7.356 0.1091609989
7.358 0.06975314203
7.36 0.1048076515
7.362 0.07453163123
7.364 0.05801091792
7.366 0.108677878
7.368 0.07150850396
7.37 0.1046312676
7.372 0.07600532051
7.374 0.05923180849
7.376 0.1089139887
7.378 0.07260885608
7.38 0.3988064728
7.382 0.3991317536
7.384 0.08633417498
7.386 0.109526669
7.388 0.08167776928
7.39 0.1056432162
7.392 0.07778920614
7.394 0.06911474886
7.396 0.3314380891
7.398 0.3316940904
7.4 0.1063590029
7.402 0.09557709226
7.404 0.103039574
7.406 0.3098691788
7.408 0.3101493799
7.41 0.1088273354
7.412 0.1059989778
7.414 0.2874862182
7.416 0.2877402358
7.418 0.118796944
7.42 0.1189043413
7.422 0.2748463197
7.424 0.2750640218
7.426 0.1217707091
7.428 0.1218351149
7.43 0.2772361393
7.432 0.2774341991
7.434 0.1180288841
7.436 0.2676565093
7.438 0.2678496368
7.44 0.1290004151
7.442 0.129103989
7.444 0.2705842691
7.446 0.2707541794
7.448 0.122048177
7.45 0.2658955465
7.452 0.2660695969
7.454 0.1296506058
7.456 0.2535421079
7.458 0.2537135967
7.46 0.1379649327
7.462 0.2425312046
7.464 0.2427037421
7.466 0.142509599
7.468 0.2375093165
7.47 0.2376895458
7.472 0.1430167719
7.474 0.2389681297
7.476 0.2391580447
7.478 0.219183443
7.48 0.2193539132
7.482 0.1588329612
7.484 0.2168833002
7.486 0.2170323581
7.488 0.199871093
7.49 0.2000025119
7.492 0.1670029681
7.494 0.2076828584
7.496 0.2078129708
7.498 0.1985004594
7.5 0.1986296033
7.502 0.1864444785
7.504 0.1865613948
7.506 0.174297111
7.508 0.200721088
7.51 0.20084278
7.512 0.1968889629
7.514 0.1970155025
7.516 0.1891829574
7.518 0.1893010287
7.52 0.1773968146
7.522 0.1775313007
7.524 0.1731928823
7.526 0.1798857451
7.528 0.1799542477
7.53 0.1836300203
7.532 0.1836991098
7.534 0.1843181418
7.536 0.1843791066
7.538 0.1825004101
7.54 0.1825476032
7.542 0.179096612
7.544 0.1791287688
7.546 0.1760860031
7.548 0.2041254958
7.55 0.2041983879
7.552 0.2026821646
7.554 0.2027544508
7.556 0.1976327925
7.558 0.1977100446
7.56 0.1532462295
7.562 0.2119472019
7.564 0.211958465
7.566 0.2041691316
7.568 0.2042390916
7.57 0.145543326
7.572 0.2149629454
7.574 0.2150591112
7.576 0.1301527456
7.578 0.2263394663
7.58 0.2264171357
7.582 0.1138982802
7.584 0.2341274025
7.586 0.2341891168
7.588 0.1045680654
7.59 0.2354387283
7.592 0.2355004748
7.594 0.1120291914
7.596 0.2316003905
7.598 0.2316334735
7.6 0.1140482602
7.602 0.1141378274
7.604 0.240567763
7.606 0.2405713367
7.608 0.116521786
7.61 0.2395460204
7.612 0.2395467078
7.614 0.1232866533
7.616 0.103370552
7.618 0.2438304181
7.62 0.2438589846
7.622 0.09396081442
7.624 0.1257912139
7.626 0.250433508
7.628 0.2504965047
7.63 0.130360066
7.632 0.08883076747
7.634 0.2520805969
7.636 0.2521533164
7.638 0.1187255302
7.64 0.08644848793
7.642 0.1359400785
7.644 0.2619465294
7.646 0.2620105571
7.648 0.1377141251
7.65 0.08607102264
7.652 0.06341595036
7.654 0.2665943499
7.656 0.2666437853
7.658 0.06878569298
7.66 0.140346185
7.662 0.08654960504
7.664 0.06376912289
7.666 0.2726784345
7.668 0.2727278585
7.67 0.08077405132
7.672 0.1187903866
7.674 0.147607576
7.676 0.08341459642
7.678 0.06104136293
7.68 0.2816727543
7.682 0.2817247306
7.684 0.07946695857
7.686 0.1186183985
7.688 0.05203755096
7.69 0.1586379305
7.692 0.07744499
7.694 0.05597950777
7.696 0.04986650235
7.698 0.161925361
7.7 0.1206542086
7.702 0.0551834265
7.704 0.04916595519
7.706 0.1644856648
7.708 0.07634101227
7.71 0.0549365567
7.712 0.1202655621
7.714 0.05521461758
7.716 0.172181471
7.718 0.07167684068
7.72 0.05056027877
7.722 0.04480753787
7.724 0.1214157452
7.726 0.05642162507
7.728 0.1815512691
7.73 0.06509316356
7.732 0.04465152859
7.734 0.1186310803
7.736 0.0572683411
7.738 0.03065181787
7.74 0.02773518201
7.742 0.02517084838
7.744 0.1933565423
7.746 0.05870707842
7.748 0.03745211643
7.75 0.03328347349
7.752 0.02955067044
7.754 0.1195328323
7.756 0.05972037397
7.758 0.03236313549
7.76 0.02951323394
7.762 0.1169366849
7.764 0.06296611112
7.766 0.03534619489
7.768 0.03173134073
7.77 0.02922462
7.772 0.1200307619
7.774 0.06183299489
7.776 0.03429219492
7.778 0.03127419976
7.78 0.1188451706
7.782 0.06484642536
7.784 0.0366905032
7.786 0.03287482664
7.788 0.1182618314
7.79 0.0662491723
7.792 0.03824087274
7.794 0.03396225322
7.796 0.1186002968
7.798 0.06729214178
7.8 0.03925065822
7.802 0.03469533742
7.804 0.1202253072
7.806 0.07046537472
7.808 0.03973034749
7.81 0.03515375391
7.812 0.1215742699
7.814 0.07131783688
7.816 0.03999975265
7.818 0.03539052755
7.82 0.1230807326
7.822 0.0719482886
7.824 0.04022764086
7.826 0.03553077808
7.828 0.1245244835
7.83 0.07250270355
7.832 0.04042939993
7.834 0.1133345437
7.836 0.07149286025
7.838 0.04137521679
7.84 0.03843855797
7.842 0.1229281844
7.844 0.0736363099
7.846 0.04202312043
7.848 0.03865396656
7.85 0.1242943961
7.852 0.07387955402
7.854 0.04146573774
7.856 0.1155528436
7.858 0.07350082409
7.86 0.04269775379
7.862 0.04073380677
7.864 0.1240465057
7.866 0.07496459312
7.868 0.04251542108
7.87 0.1161540071
7.872 0.07492468338
7.874 0.04403160959
7.876 0.04167016529
7.878 0.1252986385
7.88 0.07613309246
7.882 0.04688009945
7.884 0.1161139519
7.886 0.07554573326
7.888 0.0441872754
7.89 0.1156125305
7.892 0.07760902405
7.894 0.04653612338
7.896 0.04343410628
7.898 0.12618273
7.9 0.07802339373
7.902 0.04861696263
7.904 0.117440199
7.906 0.07703266192
7.908 0.04831013412
7.91 0.1158619025
7.912 0.07866294586
7.914 0.05007084974
7.916 0.1150008415
7.918 0.07921037207
7.92 0.05069678806
7.922 0.1147030322
7.924 0.07995858383
7.926 0.05159186474
7.928 0.1147351197
7.93 0.08043559833
7.932 0.05203560617
7.934 0.1150189883
7.936 0.08091843965
7.938 0.05244386762
7.94 0.11546304
7.942 0.08128279974
7.944 0.05266483689
7.946 0.1160093177
7.948 0.08160674892
7.95 0.05283085127
7.952 0.1166048649
7.954 0.0818664867
7.956 0.05291932195
7.958 0.1172141094
7.96 0.08208961611
7.962 0.05297747339
7.964 0.1178096935
7.966 0.08227562996
7.968 0.05300761259
7.97 0.1183736316
7.972 0.08243704314
7.974 0.05302876065
7.976 0.1266109842
7.978 0.07850214924
7.98 0.04775246585
7.982 0.1212468604
7.984 0.07925451377
7.986 0.04907057301
7.988 0.1193824561
7.99 0.08010913115
7.992 0.0502723357
7.994 0.04388521316
7.996 0.1328372274
7.998 0.08106003295
8 0.04876287273
8.002 0.1231224154
8.004 0.07912970236
8.006 0.04852636452
8.008 0.1211735439
8.01 0.08056204931
8.012 0.05033353784
8.014 0.1197777124
8.016 0.08083425276
8.018 0.05088478438
8.02 0.1190381931
8.022 0.08139850693
8.024 0.05166288209
8.026 0.1186504314
8.028 0.0816570594
8.03 0.05196496331
8.032 0.1185510613
8.034 0.08194230015
8.036 0.05223069773
8.038 0.1186168078
8.04 0.08210271264
8.042 0.05230186168
8.044 0.118795543
8.046 0.08223465203
8.048 0.05232150565
8.05 0.1190267843
8.052 0.08230422855
8.054 0.05226454057
8.056 0.1192776286
8.058 0.08234397461
8.06 0.05218256594
8.062 0.119519683
8.064 0.08234952798
8.066 0.05207737747
8.068 0.1197372476
8.07 0.08233328541
8.072 0.05337653947
8.074 0.1199200079
8.076 0.08229687422
8.078 0.05185828254
8.08 0.1200628803
8.082 0.08224637281
8.084 0.05175400049
8.086 0.1201645421
8.088 0.08218403115
8.09 0.05165602594
8.092 0.1202263185
8.094 0.08211283061
8.096 0.05156508202
8.098 0.1202510614
8.1 0.08203469785
8.102 0.05148019882
8.104 0.1202427359
8.106 0.08195103945
8.108 0.05139996624
8.11 0.1202056641
8.112 0.0818630677
8.114 0.05132291629
8.116 0.1201440297
8.118 0.08177185138
8.12 0.05124776376
8.122 0.1200620184
8.124 0.08167797781
8.126 0.05117326323
8.128 0.1199631847
8.13 0.08158245088
8.132 0.05109770428
8.134 0.1198522958
8.136 0.08148546775
8.138 0.05102191483
8.14 0.119730611
8.142 0.08138703798
8.144 0.05094481167
8.146 0.1196008083
8.148 0.0812878224
8.15 0.05086851785
8.152 0.119464496
8.154 0.08118930433
8.156 0.05079321358
8.158 0.1193233315
8.16 0.08109154592
8.162 0.05071910024
8.164 0.1191790729
8.166 0.0809950388
8.168 0.05743624451
8.17 0.1226522074
8.172 0.08784607525
8.174 0.05637214326
8.176 0.1163199572
8.178 0.08429361023
8.18 0.1210354709
8.182 0.09421725864
8.184 0.05968102929
8.186 0.1115941193
8.188 0.08470054309
8.19 0.1177093829
8.192 0.09438053192
8.194 0.06056541721
8.196 0.1095293893
8.198 0.08527812256
8.2 0.05662598317
8.202 0.1148042819
8.204 0.0845099648
8.206 0.1197399847
8.208 0.09426605896
8.21 0.05996596713
8.212 0.1105239613
8.214 0.08459005713
8.216 0.1168691701
8.218 0.09421417072
8.22 0.06035181977
8.222 0.1089605461
8.224 0.08511944962
8.226 0.115801638
8.228 0.1143716224
8.23 0.08429505609
8.232 0.1193620248
8.234 0.09402523017
8.236 0.05966969544
8.238 0.1139208598
8.24 0.08440166044
8.242 0.1190533932
8.244 0.09408221168
8.246 0.06020034496
8.248 0.1100343274
8.25 0.0848732435
8.252 0.1164792175
8.254 0.1140842947
8.256 0.08407857321
8.258 0.1190774977
8.26 0.09379541283
8.262 0.05957025827
8.264 0.1141051749
8.266 0.08416632259
8.268 0.1191024096
8.27 0.09375999759
8.272 0.06007028454
8.274 0.1100005325
8.276 0.08474422343
8.278 0.1162929034
8.28 0.1138588042
8.282 0.08396302108
8.284 0.11880889
8.286 0.09366998907
8.288 0.0595667423
8.29 0.1138157017
8.292 0.08410991931
8.294 0.1187953389
8.296 0.114679012
8.298 0.08369419618
8.3 0.1193994482
8.302 0.09351590113
8.304 0.05924960821
8.306 0.1146484415
8.308 0.08389170715
8.31 0.119364796
8.312 0.1148006227
8.314 0.08358024592
8.316 0.119412168
8.318 0.09337593385
8.32 0.05917571846
8.322 0.1147493898
8.324 0.08377367869
8.326 0.1193572635
8.328 0.1146793189
8.33 0.0834873037
8.332 0.1192661897
8.334 0.09327367991
8.336 0.05917672957
8.338 0.1145854099
8.34 0.08370187971
8.342 0.1191693251
8.344 0.1145081482
8.346 0.0834165335
8.348 0.1191021298
8.35 0.09318952199
8.352 0.05916586651
8.354 0.1143725692
8.356 0.08363056234
8.358 0.1189652655
8.36 0.1143485123
8.362 0.08333801974
8.364 0.118954087
8.366 0.09309852469
8.368 0.05911525645
8.37 0.1141789964
8.372 0.08353809548
8.374 0.1187857971
8.376 0.1141984077
8.378 0.08323553013
8.38 0.1188117182
8.382 0.09298481225
8.384 0.0590236235
8.386 0.1140043748
8.388 0.08341458972
8.39 0.1186212073
8.392 0.114039032
8.394 0.08310122596
8.396 0.1186561538
8.398 0.09283936376
8.4 0.05889638107
8.402 0.1138268742
8.404 0.08325587224
8.406 0.1184489138
8.408 0.1138534131
8.41 0.08293182051
8.412 0.1184726605
8.414 0.09265823811
8.416 0.05873735764
8.418 0.1136259962
8.42 0.0830605276
8.422 0.1182506809
8.424 0.1136314468
8.426 0.08272602728
8.428 0.1182531063
8.43 0.09243969104
8.432 0.05854779956
8.434 0.1133883854
8.436 0.08282909183
8.438 0.1180157545
8.44 0.1133676126
8.442 0.08248610963
8.444 0.1179924639
8.446 0.09218669732
8.448 0.05833136793
8.45 0.1131073951
8.452 0.0825660836
8.454 0.1177376059
8.456 0.1130601124
8.458 0.082217013
8.46 0.117687865
8.462 0.0919040647
8.464 0.05809181905
8.466 0.1127838365
8.468 0.08227755367
8.47 0.1174171871
8.472 0.1127104316
8.474 0.08189257548
8.476 0.1173312344
8.478 0.09158760678
8.48 0.05782671889
8.482 0.1124007187
8.484 0.0819657273
8.486 0.117045516
8.488 0.1123065005
8.49 0.08161117163
8.492 0.1169510044
8.494 0.09126712669
8.496 0.05756658056
8.498 0.1120201454
8.5 0.08164431295
8.502 0.1166705065
8.504 0.1119066504
8.506 0.08129318355
8.508 0.1165547249
8.51 0.09093469739
8.512 0.05730681157
8.514 0.1116130853
8.516 0.08133044626
8.518 0.116263071
8.52 0.1114778115
8.522 0.08098854808
8.524 0.1161259304
8.526 0.090615643
8.528 0.05707198188
8.53 0.1111765162
8.532 0.08103908905
8.534 0.1158289508
8.536 0.111023838
8.538 0.08070847372
8.54 0.1156758419
8.542 0.09032110843
8.544 0.05687037717
8.546 0.1107318091
8.548 0.08077799894
8.55 0.1153943371
8.552 0.1105690792
8.554 0.0804592295
8.556 0.1152328844
8.558 0.09005707787
8.56 0.05670231801
8.562 0.1103088151
8.564 0.08054945996
8.566 0.1149864971
8.568 0.1101439245
8.57 0.08024269712
8.572 0.1148239937
8.574 0.0898266838
8.576 0.05656692163
8.578 0.1099318958
8.58 0.08035640834
8.582 0.1146266383
8.584 0.1097722072
8.586 0.08006420813
8.588 0.1144688573
8.59 0.08963673628
8.592 0.056468264
8.594 0.1096150657
8.596 0.08020700991
8.598 0.114324441
8.6 0.1094668178
8.602 0.07992903894
8.604 0.1141790912
8.606 0.08949275588
8.608 0.05640891329
8.61 0.1093667827
8.612 0.08010605618
8.614 0.1140886039
8.616 0.1092324952
8.618 0.07984474328
8.62 0.1139564049
8.622 0.08940239919
8.624 0.05639899254
8.626 0.1091856767
8.628 0.08006139946
8.63 0.1139173923
8.632 0.1090672577
8.634 0.07981617867
8.636 0.1138000719
8.638 0.08937001473
8.64 0.05644751212
8.642 0.1090665394
8.644 0.08007785102
8.646 0.113806395
8.648 0.1089636899
8.65 0.07985167418
8.652 0.1137061343
8.654 0.0894034723
8.656 0.05654797585
8.658 0.1090187476
8.66 0.0801553622
8.662 0.1137702968
8.664 0.1089391273
8.666 0.07994258625
8.668 0.1136938564
8.67 0.0894935703
8.672 0.05669068509
8.674 0.1090540724
8.676 0.08028288931
8.678 0.1138188903
8.68 0.1090007142
8.682 0.08007832448
8.684 0.113768051
8.686 0.08963008517
8.688 0.05686275921
8.69 0.1091715637
8.692 0.08044890346
8.694 0.1139436486
8.696 0.1091431269
8.698 0.08025269983
8.7 0.1139166852
8.702 0.08980746632
8.704 0.05706007614
8.706 0.109356463
8.708 0.08064911997
8.71 0.1141320259
8.712 0.1093499662
8.714 0.08045701185
8.716 0.1049555621
8.718 0.1116988163
8.72 0.07952402509
8.722 0.1157284058
8.724 0.08942910074
8.726 0.05611286363
8.728 0.1119618671
8.73 0.08057104612
8.732 0.1159891618
8.734 0.1103018175
8.736 0.08037772298
8.738 0.1063835412
8.74 0.1123678828
8.742 0.07959505937
8.744 0.1162090761
8.746 0.08954478356
8.748 0.05625039012
8.75 0.1126505079
8.752 0.0807268031
8.754 0.1164868916
8.756 0.1105615068
8.758 0.08057798268
8.76 0.1067284846
8.762 0.1125890211
8.764 0.07981349414
8.766 0.1108379907
8.768 0.1139945802
8.77 0.07957219491
8.772 0.1174462397
8.774 0.08963872712
8.776 0.05610947605
8.778 0.1142669486
8.78 0.08070809416
8.782 0.1177074527
8.784 0.1111379078
8.786 0.08067793344
8.788 0.1075204936
8.79 0.1129935424
8.792 0.07992288654
8.794 0.1113700601
8.796 0.1142668537
8.798 0.07969160117
8.8 0.1176764743
8.802 0.0897916994
8.804 0.05627543989
8.806 0.1145222971
8.808 0.08083257906
8.81 0.1178920123
8.812 0.1113233524
8.814 0.08080253372
8.816 0.1076076983
8.818 0.1131654834
8.82 0.08005431219
8.822 0.1114673989
8.824 0.114446668
8.826 0.0798152667
8.828 0.117833836
8.83 0.0898590453
8.832 0.05629295043
8.834 0.1145480735
8.836 0.08085859151
8.838 0.1178896824
8.84 0.1113654427
8.842 0.08078122786
8.844 0.1076137046
8.846 0.1131877889
8.848 0.07995138796
8.85 0.1114105074
8.852 0.1144469513
8.854 0.07967292415
8.856 0.1178521697
8.858 0.08975797204
8.86 0.05609908419
8.862 0.1144730149
8.864 0.08067686076
8.866 0.1178604274
8.868 0.1113237456
8.87 0.08055389186
8.872 0.1075203861
8.874 0.1130996286
8.876 0.07967658901
8.878 0.1168101326
8.88 0.08963869144
8.882 0.05621909509
8.884 0.1130213951
8.886 0.08065679275
8.888 0.1167284542
8.89 0.110806798
8.892 0.08038017666
8.894 0.1067257299
8.896 0.1127091847
8.898 0.07946445984
8.9 0.1165163082
8.902 0.0893885524
8.904 0.05594120682
8.906 0.1125383341
8.908 0.08031555758
8.91 0.1163428678
8.912 0.110513256
8.914 0.08000403761
8.916 0.1063635054
8.918 0.1123851642
8.92 0.07905046771
8.922 0.1161869119
8.924 0.08895790306
8.926 0.05549279871
8.928 0.1121339034
8.93 0.07983819716
8.932 0.1159376689
8.934 0.1100735386
8.936 0.07951388439
8.938 0.1059267262
8.94 0.1118792415
8.942 0.0785440443
8.944 0.115670625
8.946 0.08842709546
8.948 0.05503546075
8.95 0.111572907
8.952 0.07929289307
8.954 0.115372033
8.956 0.109456489
8.958 0.07896484998
8.96 0.1053363867
8.962 0.1112130421
8.964 0.07799290825
8.966 0.1150087772
8.968 0.08784693355
8.97 0.05458823227
8.972 0.1108803736
8.974 0.0787224597
8.976 0.114686838
8.978 0.1087427208
8.98 0.07839709389
8.982 0.1046541297
8.984 0.1104703671
8.986 0.077425301
8.988 0.1142824875
8.99 0.08724121648
8.992 0.05413931416
8.994 0.1101345816
8.996 0.07813918104
8.998 0.1139507875
9 0.1079931035
9.002 0.0778187916
9.004 0.1039348903
9.006 0.1096915463
9.008 0.07685946682
9.01 0.113508579
9.012 0.08663783309
9.014 0.05025323055
9.016 0.1093468306
9.018 0.07798563067
9.02 0.1131687853
9.022 0.1069106979
9.024 0.07720013107
9.026 0.1046973039
9.028 0.1086801768
9.03 0.07636062612
9.032 0.1125861039
9.034 0.08608561605
9.036 0.04995528961
9.038 0.1083413923
9.04 0.07748094679
9.042 0.1122533816
9.044 0.1061219549
9.046 0.0900110808
9.048 0.1038864459
9.05 0.1079214061
9.052 0.09118851445
9.054 0.1118506363
9.056 0.08693188321
9.058 0.0850329686
9.06 0.1075859992
9.062 0.08100837522
9.064 0.07901664784
9.066 0.1087461188
9.068 0.1026677973
9.07 0.1123055351
9.072 0.1071488185
9.074 0.09514652127
9.076 0.1035686203
9.078 0.1082994389
9.08 0.08565879373
9.082 0.1118579798
9.084 0.08471668624
9.086 0.07386703909
9.088 0.1064385416
9.09 0.07610721575
9.092 0.06442637695
9.094 0.1075600094
9.096 0.07587907003
9.098 0.05708681506
9.1 0.1082253148
9.102 0.07464197853
9.104 0.05177650993
9.106 0.1085758614
9.108 0.07439953827
9.11 0.04813807747
9.112 0.1086604241
9.114 0.2480058088
9.116 0.2477006494
9.118 0.1085579422
9.12 0.07364223924
9.122 0.04574004362
9.124 0.2451487382
9.126 0.2448614083
9.128 0.08715355857
9.13 0.1081363755
9.132 0.07313126677
9.134 0.2386847628
9.136 0.2384099924
9.138 0.08728631174
9.14 0.0459075466
9.142 0.2296895698
9.144 0.2294225246
9.146 0.0953636742
9.148 0.1087985145
9.15 0.2211243196
9.152 0.220862298
9.154 0.1081768677
9.156 0.2110156721
9.158 0.2107485168
9.16 0.1076648127
9.162 0.2006562194
9.164 0.2003876127
9.166 0.107252433
9.168 0.1907316949
9.17 0.1904565655
9.172 0.1069466285
9.174 0.07274746205
9.176 0.1852956384
9.178 0.1850231713
9.18 0.1008367475
9.182 0.1767987737
9.184 0.1765296948
9.186 0.09196049538
9.188 0.169683839
9.19 0.1694169448
9.192 0.09587180018
9.194 0.164958111
9.196 0.1646949263
9.198 0.09647565264
9.2 0.16103616
9.202 0.1607741549
9.204 0.09735424214
9.206 0.05917674169
9.208 0.1628401153
9.21 0.1625586267
9.212 0.1053443548
9.214 0.1600706257
9.216 0.1598286481
9.218 0.09674920978
9.22 0.1058583838
9.222 0.1635658487
9.224 0.1633166549
9.226 0.1057501383
9.228 0.07182765173
9.23 0.1668279943
9.232 0.1665443738
9.234 0.1061779212
9.236 0.05677001264
9.238 0.1698455853
9.24 0.1050388469
9.242 0.1740900054
9.244 0.1051950763
9.246 0.07154642118
9.248 0.05450768478
9.25 0.1803686464
9.252 0.1796319471
9.254 0.09760985468
9.256 0.1048558456
9.258 0.07135907295
9.26 0.05158154352
9.262 0.1898839385
9.264 0.1889713306
9.266 0.09887447947
9.268 0.1045278688
9.27 0.07116717251
9.272 0.04790456302
9.274 0.1979172296
9.276 0.1968005038
9.278 0.09777709055
9.28 0.1042154094
9.282 0.07096819608
9.284 0.04437309034
9.286 0.2035781086
9.288 0.09685858331
9.29 0.2062389804
9.292 0.1039171601
9.294 0.07075863892
9.296 0.04148884935
9.298 0.1037695377
9.3 0.2093868311
9.302 0.09201053257
9.304 0.2117656492
9.306 0.09170503732
9.308 0.04138325553
9.31 0.1032861117
9.312 0.06824454156
9.314 0.2133703896
9.316 0.1029475629
9.318 0.2153186926
9.32 0.0916971555
9.322 0.1026741743
9.324 0.06803868382
9.326 0.04160335742
9.328 0.1024675552
9.33 0.2181099621
9.332 0.09211088532
9.334 0.2192736755
9.336 0.09111451243
9.338 0.04144807889
9.34 0.1021874522
9.342 0.06766327786
9.344 0.04133280418
9.346 0.220661797
9.348 0.09072220216
9.35 0.2213640325
9.352 0.101954095
9.354 0.06736742097
9.356 0.04107864945
9.358 0.1018225023
9.36 0.2195188042
9.362 0.09038379485
9.364 0.2199041238
9.366 0.09027918877
9.368 0.04082803252
9.37 0.1015024986
9.372 0.06691863495
9.374 0.2180101168
9.376 0.1013126515
9.378 0.2181635339
9.38 0.09028803964
9.382 0.1011059279
9.384 0.06663008933
9.386 0.2153222758
9.388 0.1008851922
9.39 0.2153236755
9.392 0.09466844354
9.394 0.1006548799
9.396 0.06635120585
9.398 0.2120165836
9.4 0.1004195755
9.402 0.2118675675
9.404 0.09495598131
9.406 0.1001820116
9.408 0.2065733201
9.41 0.09229350209
9.412 0.2065184902
9.414 0.09220579188
9.416 0.04005367644
9.418 0.09971388418
9.42 0.204863942
9.422 0.09556716602
9.424 0.204704033
9.426 0.09549792491
9.428 0.03988069246
9.43 0.2006643945
9.432 0.09300413132
9.434 0.2000992822
9.436 0.09904029455
9.438 0.06540648362
9.44 0.03971974275
9.442 0.1994330642
9.444 0.09621753667
9.446 0.1985217704
9.448 0.09861426464
9.45 0.06516053728
9.452 0.04660909989
9.454 0.1983235008
9.456 0.09638593817
9.458 0.03948653283
9.46 0.2001424053
9.462 0.09421751728
9.464 0.03941329343
9.466 0.09800795689
9.468 0.2002768277
9.47 0.09419600704
9.472 0.1992312753
9.474 0.09626418029
9.476 0.04369063445
9.478 0.09762952782
9.48 0.06459329433
9.482 0.2022604081
9.484 0.09384145478
9.486 0.1087720852
9.488 0.203781465
9.49 0.2750453251
9.492 0.1015359795
9.494 0.0625759003
9.496 0.04532305701
9.498 0.2066467306
9.5 0.2749960954
9.502 0.05100180647
9.504 0.09861814511
9.506 0.0632829427
9.508 0.05812462789
9.51 0.06025264456
9.512 0.1086707385
9.514 0.06317679135
9.516 0.2236709767
9.518 0.2672377961
9.52 0.06177049586
9.522 0.0558568104
9.524 0.2601115359
9.526 0.06828747659
9.528 0.06981442922
9.53 0.06697102754
9.532 0.1084646672
9.534 0.06260467884
9.536 0.2535232945
9.538 0.1005822621
9.54 0.06121972169
9.542 0.3490882256
9.544 0.06649714556
9.546 0.1090613709
9.548 0.0729731021
9.55 0.07184402739
9.552 0.247362201
9.554 0.2424515283
9.556 0.05706493966
9.558 0.05930125871
9.56 0.1088455828
9.562 0.07487951248
9.564 0.08188184791
9.566 0.2408555001
9.568 0.08184259891
9.57 0.07430870085
9.572 0.06725742083
9.574 0.1082945167
9.576 0.06225179931
9.578 0.2334604017
9.58 0.2395893957
9.582 0.110277339
9.584 0.08322622199
9.586 0.08794846503
9.588 0.1009355866
9.59 0.2304969332
9.592 0.07216171054
9.594 0.2736112555
9.596 0.238022194
9.598 0.07727367833
9.6 0.0910083048
9.602 0.0945828254
9.604 0.233341849
9.606 0.2248814063
9.608 0.09011234459
9.61 0.08134706911
9.612 0.1102991758
9.614 0.07303566732
9.616 0.07704338295
9.618 0.2241556921
9.62 0.357172535
9.622 0.09982308131
9.624 0.1019842482
9.626 0.102964688
9.628 0.110317985
9.63 0.2259897874
9.632 0.2248556718
9.634 0.08123164821
9.636 0.1100071164
9.638 0.102950272
9.64 0.2750913506
9.642 0.2257588595
9.644 0.2263101238
9.646 0.1043914059
9.648 0.09569263839
9.65 0.09079114
9.652 0.1091443408
9.654 0.2689830794
9.656 0.2258324012
9.658 0.1017223244
9.66 0.1096540646
9.662 0.1148682375
9.664 0.3401545648
9.666 0.217429858
9.668 0.108331698
9.67 0.09283880034
9.672 0.08925159233
9.674 0.2173141126
9.676 0.3355114197
9.678 0.1177675407
9.68 0.123860535
9.682 0.1251927452
9.684 0.2176617043
9.686 0.1084378086
9.688 0.1036960133
9.69 0.09804019604
9.692 0.2118516636
9.694 0.3347945452
9.696 0.1075559166
9.698 0.1165921431
9.7 0.2114004834
9.702 0.2160686135
9.704 0.1280057248
9.706 0.1198733059
9.708 0.1080831731
9.71 0.2160417023
9.712 0.09843061713
9.714 0.1119729833
9.716 0.1217114288
9.718 0.214255836
9.72 0.1369027102
9.722 0.1340549713
9.724 0.122305729
9.726 0.2126588711
9.728 0.1109577863
9.73 0.1051460997
9.732 0.1059716188
9.734 0.2121557371
9.736 0.1230337751
9.738 0.1343474176
9.74 0.1425957642
9.742 0.2118168325
9.744 0.1362676115
9.746 0.1241613778
9.748 0.2055310621
9.75 0.2090312283
9.752 0.108400155
9.754 0.1249878648
9.756 0.2073692389
9.758 0.1454402994
9.76 0.1476975437
9.762 0.2022238109
9.764 0.2040128478
9.766 0.1234803468
9.768 0.1985746822
9.77 0.1988338845
9.772 0.112178814
9.774 0.1957320227
9.776 0.1952178681
9.778 0.1490516119
9.78 0.1936108254
9.782 0.1925182087
9.784 0.1411617663
9.786 0.1920328424
9.788 0.1905856355
9.79 0.1144358747
9.792 0.1908680072
9.794 0.1892257104
9.796 0.1518609036
9.798 0.1900038674
9.8 0.1882913381
9.802 0.1443924412
9.804 0.1893528211
9.806 0.1876546274
9.808 0.1225027729
9.81 0.1888438211
9.812 0.1872145216
9.814 0.1357648081
9.816 0.1884212092
9.818 0.1868936542
9.82 0.1678690949
9.822 0.1880672892
9.824 0.1866345769
9.826 0.1290460659
9.828 0.1877401076
9.83 0.1864248046
9.832 0.1377198422
9.834 0.1874403178
9.836 0.1862297066
9.838 0.1714530599
9.84 0.1871829794
9.842 0.1860561471
9.844 0.1390390031
9.846 0.1869641766
9.848 0.1859291792
9.85 0.124698379
9.852 0.186800834
9.854 0.1858432148
9.856 0.162408
9.858 0.1867116906
9.86 0.1858176361
9.862 0.1646381516
9.864 0.1867086149
9.866 0.1858713804
9.868 0.1271839025
9.87 0.1868004124
9.872 0.1860136293
9.874 0.1648360906
9.876 0.1869935887
9.878 0.1862592025
9.88 0.1690687386
9.882 0.1872779298
9.884 0.1865895
9.886 0.1366777678
9.888 0.1876339059
9.89 0.1870113433
9.892 0.1446172362
9.894 0.1880684328
9.896 0.1875146944
9.898 0.1850621641
9.9 0.1829745362
9.902 0.1653599938
9.904 0.1827210698
9.906 0.1823058623
9.908 0.1333530529
9.91 0.184727688
9.912 0.1606484345
9.914 0.178525441
9.916 0.1883538817
9.918 0.187157915
9.92 0.181144823
9.922 0.1543725309
9.924 0.1756838959
9.926 0.178003111
9.928 0.1377059124
9.93 0.1791606343
9.932 0.1534975007
9.934 0.1741193045
9.936 0.1871768037
9.938 0.1953287492
9.94 0.1897837391
9.942 0.1684759893
9.944 0.173286635
9.946 0.1377445589
9.948 0.1689504381
9.95 0.1740123945
9.952 0.1685544305
9.954 0.186406687
9.956 0.1952926206
9.958 0.1908966288
9.96 0.1700812671
9.962 0.1594297008
9.964 0.1746316914
9.966 0.1469474726
9.968 0.1701573634
9.97 0.1513735769
9.972 0.1661544872
9.974 0.1804862042
9.976 0.1980671804
9.978 0.2043443124
9.98 0.1947869141
9.982 0.1708562993
9.984 0.1520291002
9.986 0.1435050051
9.988 0.1725924949
9.99 0.1617637616
9.992 0.1796543289
9.994 0.1976438796
9.996 0.2046985703
9.998 0.196242823
10 0.1725267822
10.002 0.1701508246
10.004 0.1579611868
10.006 0.1663738887
10.008 0.1483794486
10.01 0.1628941132
10.012 0.1715642629
10.014 0.1910312398
10.016 0.2081169929
10.018 0.2120988571
10.02 0.1984234975
10.022 0.1721457138
10.024 0.1621225126
10.026 0.1489734977
10.028 0.1590994804
10.03 0.1707982819
10.032 0.1902710812
10.034 0.2080386685
10.036 0.2130526495
10.038 0.2006667079
10.04 0.1744745616
10.042 0.1681775519
10.044 0.1619396079
10.046 0.1581363435
10.048 0.1537037966
10.05 0.164728879
10.052 0.1806589447
10.054 0.2012167608
10.056 0.217472256
10.058 0.2189502949
10.06 0.2013129625
10.062 0.1733244294
10.064 0.1594860485
10.066 0.1545795341
10.068 0.1647565542
10.07 0.1801420883
10.072 0.200968653
10.074 0.2181938745
10.076 0.2208999528
10.078 0.2045524523
10.08 0.1773013392
10.082 0.1723469657
10.084 0.1661427879
10.086 0.1600531393
10.088 0.1638968298
10.09 0.1697266411
10.092 0.1875254847
10.094 0.2105692417
10.096 0.2257453936
10.098 0.2260999229
10.1 0.2054823197
10.102 0.1763447539
10.104 0.1618758809
10.106 0.1652807428
10.108 0.1702043201
10.11 0.1875665039
10.112 0.2110576171
10.114 0.2274190016
10.116 0.2290839915
10.118 0.2096218426
10.12 0.1818275081
10.122 0.1766918844
10.124 0.1704108795
10.126 0.1645943503
10.128 0.1689609538
10.13 0.1765863385
10.132 0.1963616952
10.134 0.2205806114
10.136 0.2351263976
10.138 0.2335530659
10.14 0.2098796254
10.142 0.1792798213
10.144 0.1667560056
10.146 0.1705515985
10.148 0.1770391666
10.15 0.1963632015
10.152 0.2212577683
10.154 0.2373547349
10.156 0.2373913325
10.158 0.2149737456
10.16 0.1863317502
10.162 0.1811432279
10.164 0.1748639923
10.166 0.1694005007
10.168 0.1742754771
10.17 0.1835350343
10.172 0.2050200977
10.174 0.2300684568
10.176 0.2439812306
10.178 0.2400397827
10.18 0.2142731065
10.182 0.1823228368
10.184 0.1718832473
10.186 0.1760547467
10.188 0.1838893727
10.19 0.2048582844
10.192 0.2308241194
10.194 0.2467168177
10.196 0.2453378939
10.198 0.2202830363
10.2 0.2073137067
10.202 0.1854576706
10.204 0.1792253004
10.206 0.2044061667
10.208 0.1793165353
10.21 0.18985486
10.212 0.2127711085
10.214 0.2386464433
10.216 0.2522524842
10.218 0.2463475805
10.22 0.2190305506
10.222 0.1929156016
10.224 0.1768980433
10.226 0.1812975084
10.228 0.1900542661
10.23 0.2123378366
10.232 0.2393766392
10.234 0.2554566228
10.236 0.2529623759
10.238 0.2261782527
10.24 0.1947452272
10.242 0.1896200353
10.244 0.1834809159
10.246 0.1784738645
10.248 0.1839040025
10.25 0.195083357
10.252 0.2190106499
10.254 0.245779496
10.256 0.2596415653
10.258 0.2527674986
10.26 0.2242976792
10.262 0.1899343092
10.264 0.1817061929
10.266 0.1861134897
10.268 0.1949873527
10.27 0.2181796349
10.272 0.2463646877
10.274 0.2632592125
10.276 0.2605825559
10.278 0.232770782
10.28 0.1982794278
10.282 0.193254933
10.284 0.187221935
10.286 0.1824361291
10.288 0.1876308092
10.29 0.1986296604
10.292 0.2230531293
10.294 0.2508089711
10.296 0.2656299892
10.298 0.259036482
10.3 0.2299207681
10.302 0.194371403
10.304 0.1860523168
10.306 0.1900753794
10.308 0.1982143587
10.31 0.2216114946
10.312 0.2508856693
10.314 0.2692854037
10.316 0.2678412529
10.318 0.2397050799
10.32 0.2027281162
10.322 0.1963797785
10.324 0.1904709244
10.326 0.1854652165
10.328 0.1901660439
10.33 0.1999343949
10.332 0.2240902187
10.334 0.2527952047
10.336 0.2693599045
10.338 0.2647217158
10.34 0.2357271985
10.342 0.1991505833
10.344 0.1921360173
10.346 0.1931970406
10.348 0.1998865577
10.35 0.2222504601
10.352 0.2524116997
10.354 0.2730659799
10.356 0.2742544069
10.358 0.247344947
10.36 0.2091966734
10.362 0.1984818408
10.364 0.1943223184
10.366 0.187367638
10.368 0.1921830249
10.37 0.1991335917
10.372 0.2219565654
10.374 0.2513771314
10.376 0.2704336902
10.378 0.2695917607
10.38 0.2418419372
10.382 0.2044799797
10.384 0.1924788932
10.386 0.1910774822
10.388 0.2018407394
10.39 0.2233598123
10.392 0.2525435945
10.394 0.2759975001
10.396 0.2791168011
10.398 0.2542556778
10.4 0.2150982552
10.402 0.1997809316
10.404 0.1943035623
10.406 0.1885635747
10.408 0.187461091
10.41 0.1989297391
10.412 0.2202555667
10.414 0.2483661338
10.416 0.2703168755
10.418 0.272338122
10.42 0.2470576597
10.422 0.2090433448
10.424 0.1943532757
10.426 0.1917539093
10.428 0.2007713159
10.43 0.2194358065
10.432 0.2482310448
10.434 0.2740791418
10.436 0.2811037726
10.438 0.2604839458
10.44 0.2216492603
10.442 0.1999407292
10.444 0.1946903803
10.446 0.188718393
10.448 0.1867592213
10.45 0.1953394115
10.452 0.2133611251
10.454 0.2407865792
10.456 0.2650340726
10.458 0.2713311722
10.46 0.2511266798
10.462 0.2140462143
10.464 0.1950812522
10.466 0.1911455939
10.468 0.1980169035
10.47 0.2124501005
10.472 0.2397368415
10.474 0.2678255368
10.476 0.2799468607
10.478 0.2661041916
10.48 0.2331715421
10.482 0.199205599
10.484 0.1977624241
10.486 0.1944935236
10.488 0.1838256871
10.49 0.1905778409
10.492 0.2040199584
10.494 0.2293768434
10.496 0.255848159
10.498 0.2673413797
10.5 0.2546240513
10.502 0.2206895794
10.504 0.1990758601
10.506 0.198799742
10.508 0.1923545513
10.51 0.2018537306
10.512 0.225764916
10.514 0.2545982086
10.516 0.2713102295
10.518 0.2657955227
10.52 0.2368639732
10.522 0.1995484463
10.524 0.1982173015
10.526 0.1868418821
10.528 0.2035506979
10.53 0.1824112819
10.532 0.1968534167
10.534 0.2194135067
10.536 0.2450125017
10.538 0.2616892391
10.54 0.256259798
10.542 0.2288777053
10.544 0.1932450099
10.546 0.1996334589
10.548 0.1821571844
10.55 0.2032415891
10.552 0.2132930767
10.554 0.239669394
10.556 0.2604331294
10.558 0.2624028129
10.56 0.2383390896
10.562 0.204088671
10.564 0.1885303193
10.566 0.1827327538
10.568 0.1766677698
10.57 0.2037847039
10.572 0.1852168065
10.574 0.2040682393
10.576 0.2277782443
10.578 0.2477400126
10.58 0.2508055829
10.582 0.2292180364
10.584 0.20762398
10.586 0.1794250355
10.588 0.207432796
10.59 0.1835612014
10.592 0.1979834016
10.594 0.2220106531
10.596 0.2452075446
10.598 0.253601476
10.6 0.2383985162
10.602 0.2081396562
10.604 0.1837106754
10.606 0.1781125334
10.608 0.1716609936
10.61 0.1676901813
10.612 0.1746438401
10.614 0.21085433
10.616 0.2093677822
10.618 0.2313737508
10.62 0.2402554023
10.622 0.2277039239
10.624 0.1981281048
10.626 0.1750409705
10.628 0.1697513221
10.63 0.1710396957
10.632 0.2130803316
10.634 0.2064087332
10.636 0.2288707291
10.638 0.2427476774
10.64 0.2358150252
10.642 0.2087029308
10.644 0.1831112345
10.646 0.173503002
10.648 0.167098397
10.65 0.1615785645
10.652 0.2147015386
10.654 0.1753763672
10.656 0.1941683106
10.658 0.2150769177
10.66 0.2288517289
10.662 0.2240578618
10.664 0.1998754553
10.666 0.1762444813
10.668 0.1652631632
10.67 0.1634284803
10.672 0.1735767255
10.674 0.215657876
10.676 0.2116595813
10.678 0.2293100091
10.68 0.231466031
10.682 0.2153689595
10.684 0.1814706334
10.686 0.169333245
10.688 0.1633300102
10.69 0.1570455268
10.692 0.1546812139
10.694 0.1638875999
10.696 0.1782728273
10.698 0.2163280281
10.7 0.215182748
10.702 0.2187721932
10.704 0.2020673955
10.706 0.1741674848
10.708 0.2167493691
10.71 0.1540402591
10.712 0.1580564185
10.714 0.1750922875
10.716 0.1948016994
10.718 0.2123487277
10.72 0.2201766286
10.722 0.2074234969
10.724 0.1813081232
10.726 0.1622370789
10.728 0.156514258
10.73 0.1499661324
10.732 0.1455657474
10.734 0.1513586653
10.736 0.1638942521
10.738 0.1816904955
10.74 0.1981970341
10.742 0.2065791958
10.744 0.1965255107
10.746 0.1734409394
10.748 0.1535126033
10.75 0.1471857267
10.752 0.1476780059
10.754 0.160414358
10.756 0.1768099453
10.758 0.19455116
10.76 0.206224012
10.762 0.2014300679
10.764 0.1805912465
10.766 0.1602734115
10.768 0.1508131851
10.77 0.1444656253
10.772 0.1388711301
10.774 0.1411955311
10.776 0.1498835837
10.778 0.1642481311
10.78 0.1805758986
10.782 0.1922965597
10.784 0.1897420241
10.786 0.1719310052
10.788 0.1536481475
10.79 0.1411541724
10.792 0.138687067
10.794 0.1449488946
10.796 0.1629419979
10.798 0.1800627546
10.8 0.1927381726
10.802 0.1953328524
10.804 0.1792762839
10.806 0.1613129348
10.808 0.1452007769
10.81 0.1393437895
10.812 0.1331269689
10.814 0.1325975091
10.816 0.1399224052
10.818 0.1507183706
10.82 0.1661733252
10.822 0.1784514566
10.824 0.1827655567
10.826 0.1697791867
10.828 0.1543093567
10.83 0.1370327905
10.832 0.1326473402
10.834 0.1349175644
10.836 0.1488045732
10.838 0.1638661898
10.84 0.177974174
10.842 0.1855967044
10.844 0.176724429
10.846 0.1624750209
10.848 0.1440759288
10.85 0.1355092165
10.852 0.129188059
10.854 0.124988996
10.856 0.1309891858
10.858 0.1383402918
10.86 0.1543154073
10.862 0.1677487729
10.864 0.1740708812
10.866 0.1678015529
10.868 0.1549026461
10.87 0.1379209309
10.872 0.1277909628
10.874 0.1265326228
10.876 0.1338854469
10.878 0.1516103607
10.88 0.166233126
10.882 0.1755570578
10.884 0.1742741251
10.886 0.1639426611
10.888 0.1468300199
10.89 0.1325339391
10.892 0.1265553152
10.894 0.1208462935
10.896 0.123401942
10.898 0.1306075469
10.9 0.1395626071
10.902 0.1588497434
10.904 0.167882556
10.906 0.1656457457
10.908 0.1569671914
10.91 0.140785597
10.912 0.1251639127
10.914 0.1215268573
10.916 0.1246630057
10.918 0.1368277869
10.92 0.1564151255
10.922 0.168025705
10.924 0.1709140933
10.926 0.1604764822
10.928 0.1462029301
10.93 0.1308554994
10.932 0.1253815818
10.934 0.1192769196
10.936 0.1155016545
10.938 0.1216040931
10.94 0.1290122303
10.942 0.1473496626
10.944 0.1582669089
10.946 0.1614097424
10.948 0.1572468651
10.95 0.1434386904
10.952 0.1268570132
10.954 0.1157175698
10.956 0.1155929445
10.958 0.12365002
10.96 0.1396109474
10.962 0.1575135604
10.964 0.1641964958
10.966 0.162753837
10.968 0.1512568014
10.97 0.1337048899
10.972 0.123581324
10.974 0.1175512051
10.976 0.1124143751
10.978 0.1164922011
10.98 0.1237757375
10.982 0.1336533331
10.984 0.1509974191
10.986 0.1578634713
10.988 0.1573077611
10.99 0.1470908979
10.992 0.1304441111
10.994 0.1159237477
10.996 0.1131605391
10.998 0.1176941407
11 0.1303578449
11.002 0.1484543562
11.004 0.1576602881
11.006 0.1616696774
11.008 0.1540963146
11.01 0.1378690752
11.012 0.1230509996
11.014 0.1174795264
11.016 0.1116993962
11.018 0.1119000205
11.02 0.1183165365
11.022 0.1250011721
11.024 0.1403981921
11.026 0.1546827826
11.028 0.1591094424
11.03 0.1509068395
11.032 0.135677297
11.034 0.1195416879
11.036 0.1106645297
11.038 0.1117457939
11.04 0.1207298079
11.042 0.1366530844
11.044 0.1527878116
11.046 0.1618282456
11.048 0.1569126981
11.05 0.142845957
11.052 0.1260453244
11.054 0.1187058716
11.056 0.1127905386
11.058 0.1086207683
11.06 0.1139789675
11.062 0.121065737
11.064 0.1319416388
11.066 0.1476405936
11.068 0.1569167246
11.07 0.1528827501
11.072 0.1397802493
11.074 0.1235979572
11.076 0.1107007809
11.078 0.1091218225
11.08 0.1147215935
11.082 0.1279398895
11.084 0.1445795605
11.086 0.1569965519
11.088 0.1573046018
11.09 0.146550235
11.092 0.1303959595
11.094 0.1189241287
11.096 0.1131719979
11.098 0.1076875051
11.1 0.1095426831
11.102 0.1162500804
11.104 0.122661123
11.106 0.1386955929
11.108 0.1511405994
11.11 0.1523780877
11.112 0.1428189544
11.114 0.1276192441
11.116 0.1127863239
11.118 0.1067400711
11.12 0.1090211903
11.122 0.1188655513
11.124 0.1347173855
11.126 0.1492007073
11.128 0.154954416
11.13 0.1483852891
11.132 0.1342937793
11.134 0.1183470419
11.136 0.1130526332
11.138 0.1071290207
11.14 0.1050687408
11.142 0.1108116937
11.144 0.117571451
11.146 0.128628873
11.148 0.1428160188
11.15 0.1491645188
11.152 0.1437474252
11.154 0.130706052
11.156 0.1154818851
11.158 0.1049798108
11.16 0.1043469183
11.162 0.1108774787
11.164 0.1243520422
11.166 0.1397353075
11.168 0.1501082986
11.17 0.1479647584
11.172 0.1366698337
11.174 0.121359869
11.176 0.1122548019
11.178 0.1064684218
11.18 0.1013476332
11.182 0.105157224
11.184 0.111866858
11.186 0.1183593064
11.188 0.1331553919
11.19 0.1436741712
11.192 0.1424839312
11.194 0.1324110059
11.196 0.1180708712
11.198 0.1048253449
11.2 0.1007244416
11.202 0.1040489926
11.204 0.114420412
11.206 0.1295308433
11.208 0.1421871388
11.21 0.1451667806
11.212 0.1376651368
11.214 0.1240656819
11.216 0.1108089134
11.218 0.1053907205
11.22 0.09973337183
11.222 0.09990393058
11.224 0.1058032786
11.226 0.1120864436
11.228 0.1229866132
11.23 0.1353652367
11.232 0.1389330978
11.234 0.1325657227
11.236 0.1201536956
11.238 0.1062742403
11.24 0.09783684584
11.242 0.09832266013
11.244 0.1056873332
11.246 0.1190308634
11.248 0.1327935011
11.25 0.1401474586
11.252 0.1366420758
11.254 0.1253980616
11.256 0.1113787567
11.258 0.1038878862
11.26 0.09815570045
11.262 0.09487061307
11.264 0.09945287144
11.266 0.1059538427
11.268 0.1125974026
11.27 0.1258055371
11.272 0.1333190869
11.274 0.1307688444
11.276 0.1207254738
11.278 0.1076274724
11.28 0.09611926955
11.282 0.09356260392
11.284 0.09790107384
11.286 0.108613436
11.288 0.1224305907
11.29 0.1330702862
11.292 0.1334392665
11.294 0.1254192762
11.296 0.1127554998
11.298 0.1017952503
11.3 0.09636031443
11.302 0.09119010572
11.304 0.09347709092
11.306 0.09931029019
11.308 0.104974637
11.31 0.1154417543
11.312 0.1257891505
11.314 0.1268225056
11.316 0.1199533134
11.318 0.1084322272
11.32 0.09621343575
11.322 0.08965604746
11.324 0.09121468564
11.326 0.09904070562
11.328 0.1117286589
11.33 0.1235828407
11.332 0.1280075038
11.334 0.1235875185
11.336 0.1129644872
11.338 0.1004329284
11.34 0.09414259176
11.342 0.08873303988
11.344 0.08756781797
11.346 0.09222838899
11.348 0.09817607751
11.35 0.1046208003
11.352 0.1159611572
11.354 0.1206344618
11.356 0.1172380999
11.358 0.1077577649
11.36 0.09619083871
11.362 0.08640970384
11.364 0.08530741076
11.366 0.09025366219
11.368 0.100659827
11.37 0.1127665515
11.372 0.1203544501
11.374 0.1195151549
11.376 0.1117464884
11.378 0.1004200394
11.38 0.09124245191
11.382 0.08607370083
11.384 0.08193288786
11.386 0.08518962143
11.388 0.09071634292
11.39 0.09574844524
11.392 0.1049870265
11.394 0.1123897613
11.396 0.1123292106
11.398 0.1057772489
11.4 0.09560093848
11.402 0.08513683579
11.404 0.08019569831
11.406 0.08236405802
11.408 0.08992964251
11.41 0.1013053682
11.412 0.110869803
11.414 0.1131830541
11.416 0.1086295407
11.418 0.09921817748
11.42 0.08840635877
11.422 0.0830298084
11.424 0.07811304238
11.426 0.07831898088
11.428 0.08277311558
11.43 0.08811938776
11.432 0.09358050304
11.434 0.1025523193
11.436 0.1053266544
11.438 0.1018541458
11.44 0.09354635709
11.442 0.08371648045
11.444 0.07568348968
11.446 0.07539116938
11.448 0.08024451859
11.45 0.08958261759
11.452 0.09973946154
11.454 0.104723658
11.456 0.1033954015
11.458 0.09654233551
11.46 0.08696318473
11.462 0.07964150588
11.464 0.07466891874
11.466 0.07175455124
11.468 0.07482124407
11.47 0.07985617375
11.472 0.08430513096
11.474 0.09147492025
11.476 0.09640928457
11.478 0.09589872559
11.48 0.09025949442
11.482 0.08182966753
11.484 0.07311830393
11.486 0.06936209769
11.488 0.07158854723
11.49 0.07833403829
11.492 0.08789747488
11.494 0.0947279018
11.496 0.09624275012
11.498 0.09232340053
11.5 0.08450131643
11.502 0.07571811663
11.504 0.07092870849
11.506 0.06650583121
11.508 0.06737792106
11.51 0.07138038847
11.512 0.07609511466
11.514 0.08001259101
11.516 0.08632768986
11.518 0.08828169621
11.52 0.08537283966
11.522 0.07860677785
11.524 0.07070004419
11.526 0.06414788724
11.528 0.06412945622
11.53 0.06845325033
11.532 0.07633891033
11.534 0.08383578252
11.536 0.08745229718
11.538 0.08626359143
11.54 0.08070324603
11.542 0.07308768236
11.544 0.06710188507
11.546 0.06245086501
11.548 0.06058223514
11.55 0.06325005306
11.552 0.06762377559
11.554 0.07146972591
11.556 0.07569169644
11.558 0.0793883048
11.56 0.07891443582
11.562 0.07441029775
11.564 0.06772453574
11.566 0.0608103072
11.568 0.05775872494
11.57 0.05983771923
11.572 0.0655722251
11.574 0.07277657003
11.576 0.07769093
11.578 0.07875781668
11.58 0.07563745255
11.582 0.06946612902
11.584 0.0627109402
11.586 0.05848204499
11.588 0.05462640513
11.59 0.05582338002
11.592 0.05921489905
11.594 0.06320988922
11.596 0.06617941517
11.598 0.0699504589
11.6 0.07138974128
11.602 0.06909764299
11.604 0.06383445222
11.606 0.05776735589
11.608 0.05237495139
11.61 0.05249327732
11.612 0.05622311451
11.614 0.06217063741
11.616 0.06761290966
11.618 0.07030714407
11.62 0.06935210357
11.622 0.06505103835
11.624 0.05918162925
11.626 0.05435340363
11.628 0.05039996281
11.63 0.0492464979
11.632 0.05141016476
11.634 0.05502923515
11.636 0.05825583944
11.638 0.06059226286
11.64 0.06340327589
11.642 0.06302499392
11.644 0.05957925698
11.646 0.05444007
11.648 0.04914300932
11.65 0.04632275497
11.652 0.04817921475
11.654 0.05259607015
11.656 0.05796376295
11.658 0.06168633508
11.66 0.06249369123
11.662 0.06013085603
11.664 0.05543460956
11.666 0.05024273369
11.668 0.0466603362
11.67 0.04384112596
11.672 0.04471980526
11.674 0.04743396573
11.676 0.05068424165
11.678 0.05320532555
11.68 0.05535226472
11.682 0.05650557834
11.684 0.05482740564
11.686 0.05084661541
11.688 0.04622375526
11.69 0.04201468541
11.692 0.04162707206
11.694 0.04450372021
11.696 0.04908302378
11.698 0.0532616011
11.7 0.05536491858
11.702 0.05472376663
11.704 0.05153014537
11.706 0.04706594668
11.708 0.04321011491
11.71 0.03993718532
11.712 0.03912821596
11.714 0.04076817839
11.716 0.0436573821
11.718 0.04639729702
11.72 0.04806426785
11.722 0.04980131755
11.724 0.04965021393
11.726 0.04715662264
11.728 0.04327310813
11.73 0.03925176129
11.732 0.03646530489
11.734 0.03784505572
11.736 0.04119330667
11.738 0.04531202827
11.74 0.04822205517
11.742 0.04896871587
11.744 0.04732667767
11.746 0.04383138773
11.748 0.03990582601
11.75 0.03695742075
11.752 0.03469407538
11.754 0.03521907727
11.756 0.03728856521
11.758 0.03999088852
11.76 0.04212222711
11.762 0.04317651804
11.764 0.04421936023
11.766 0.04313056117
11.768 0.0402242886
11.77 0.03671530669
11.772 0.03345315854
11.774 0.03254929564
11.776 0.03466223139
11.778 0.0381152804
11.78 0.04136667179
11.782 0.04311213485
11.784 0.04281689362
11.786 0.04056534314
11.788 0.03722247651
11.79 0.03421876298
11.792 0.03154281494
11.794 0.03073106061
11.796 0.03187711434
11.798 0.03412981029
11.8 0.03646134909
11.802 0.03790429618
11.804 0.03873583176
11.806 0.03883309559
11.808 0.03713536091
11.81 0.0342547449
11.812 0.03115761629
11.814 0.028711042
11.816 0.0293941088
11.818 0.03183975165
11.82 0.03501359
11.822 0.0373606284
11.824 0.03812856153
11.826 0.03709498891
11.828 0.03455891247
11.83 0.03159582769
11.832 0.02919598336
11.834 0.02728812092
11.836 0.02746500616
11.838 0.02894311124
11.84 0.03118813906
11.842 0.03298744243
11.844 0.03378730763
11.846 0.03438374944
11.848 0.03378552301
11.85 0.03175370891
11.852 0.02910257163
11.854 0.02651666287
11.856 0.0252707767
11.858 0.02674900326
11.86 0.02931618756
11.862 0.03188751544
11.864 0.03340059003
11.866 0.0334046054
11.868 0.03189954649
11.87 0.02943182682
11.872 0.02698840705
11.874 0.02483474709
11.876 0.02399424508
11.878 0.02468509461
11.88 0.02640773459
11.882 0.02830727186
11.884 0.02956606637
11.886 0.02991564917
11.888 0.03022544137
11.89 0.02915904636
11.892 0.02706853538
11.894 0.0247060792
11.896 0.02267504596
11.898 0.02264199673
11.9 0.0244026466
11.902 0.02682155469
11.904 0.02875766233
11.906 0.02956307146
11.908 0.02901316938
11.91 0.02725971533
11.912 0.02500501001
11.914 0.02292483456
11.916 0.02139929112
11.918 0.02125902313
11.92 0.02224218837
11.922 0.0239575818
11.924 0.02545147785
11.926 0.02621375461
11.928 0.02652531118
11.93 0.02631520173
11.932 0.02497527224
11.934 0.02301108883
11.936 0.02097829605
11.938 0.0194928199
11.94 0.02039435888
11.942 0.02226066205
11.944 0.02431158408
11.946 0.02565542739
11.948 0.02590121855
11.95 0.02498729834
11.952 0.02321663044
11.954 0.02121056155
11.956 0.01947902465
11.958 0.01863719762
11.96 0.01891657582
11.962 0.02008177565
11.964 0.02157406206
11.966 0.02266133719
11.968 0.02299772173
11.97 0.02328671983
11.972 0.02272105792
11.974 0.0212715769
11.976 0.01951996808
11.978 0.01785410397
11.98 0.01716762017
11.982 0.01838720497
11.984 0.02019068816
11.986 0.02180609632
11.988 0.02264409945
11.99 0.02247999047
11.992 0.02136386899
11.994 0.01971712009
11.996 0.01799276178
11.998 0.01670876056
12 0.0163143789
12.002 0.01684253451
12.004 0.01804428416
12.006 0.01924625449
12.008 0.01995861576
12.01 0.02017859361
12.012 0.02027423962
12.014 0.01949093782
12.016 0.01810498521
12.018 0.01655420447
12.02 0.01525126601
12.022 0.0152412682
12.024 0.01654601075
12.026 0.01816848714
12.028 0.01937483911
12.03 0.01980927509
12.032 0.01936792658
12.034 0.01817925776
12.036 0.01671420787
12.038 0.01529276475
12.04 0.0144012606
12.042 0.01432883895
12.044 0.01499402008
12.046 0.01609541272
12.048 0.0170010376
12.05 0.01738985235
12.052 0.01767895828
12.054 0.01750481696
12.056 0.01661478019
12.058 0.01535520493
12.06 0.01403730884
12.062 0.01306823923
12.064 0.01354160023
12.066 0.01484143163
12.068 0.01619012754
12.07 0.01703879397
12.072 0.01716838124
12.074 0.01655945383
12.076 0.01543134245
12.078 0.01413690479
12.08 0.01301390216
12.082 0.01244828825
12.084 0.01258946318
12.086 0.01332687116
12.088 0.01423739849
12.09 0.01487008482
12.092 0.01503567681
12.094 0.01535050568
12.096 0.01499939367
12.098 0.01409928043
12.1 0.0129824224
12.102 0.01190101911
12.104 0.01121772393
12.106 0.01201240915
12.108 0.01322121795
12.11 0.0142871327
12.112 0.01483936954
12.114 0.01475031297
12.116 0.01405784527
12.118 0.01303353898
12.12 0.01192967192
12.122 0.01107809436
12.124 0.0107653711
12.126 0.01103095439
12.128 0.01175986799
12.13 0.01247494189
12.132 0.01287483833
12.134 0.0131148919
12.136 0.01321663519
12.138 0.01276032687
12.14 0.01191888051
12.142 0.01093935427
12.144 0.01007983023
12.146 0.00972218559
12.148 0.01062124012
12.15 0.01168430867
12.152 0.01249112773
12.154 0.012807312
12.156 0.01257112854
12.158 0.01186516742
12.16 0.01095692566
12.162 0.01004454808
12.164 0.009427185807
12.166 0.009300329484
12.168 0.009655051964
12.17 0.01029652476
12.172 0.01083122406
12.174 0.01104352281
12.176 0.01133409944
12.178 0.01128400482
12.18 0.01077852924
12.182 0.01002034164
12.184 0.009186837815
12.186 0.008526428743
12.188 0.008501831925
12.19 0.009344516252
12.192 0.01023916045
12.194 0.01082349034
12.196 0.01096114509
12.198 0.01063587385
12.2 0.009973472343
12.202 0.009175177968
12.204 0.008442800676
12.206 0.008017854404
12.208 0.008018048419
12.21 0.008413031266
12.212 0.008942996639
12.214 0.009320211256
12.216 0.009456774742
12.218 0.009719279776
12.22 0.009567405436
12.222 0.00906055624
12.224 0.008388917322
12.226 0.007697282414
12.228 0.00720630273
12.23 0.007427137641
12.232 0.00819528716
12.234 0.008907253598
12.236 0.009310257974
12.238 0.009320196088
12.24 0.008950556618
12.242 0.00835117111
12.244 0.00766755681
12.246 0.007094656471
12.248 0.006818764856
12.25 0.006896243557
12.252 0.007288482515
12.254 0.007707023327
12.256 0.007952007367
12.258 0.008137845
12.26 0.008272096403
12.262 0.008059494474
12.264 0.007587826833
12.266 0.006999242158
12.268 0.006439557367
12.27 0.006088297832
12.272 0.006466308057
12.274 0.007138611802
12.276 0.007691192983
12.278 0.007953289261
12.28 0.007878020502
12.282 0.01616352582
12.284 0.0132759821
12.286 0.01281396199
12.288 0.012152217
12.29 0.01216587573
12.292 0.01153075513
12.294 0.01609813928
12.296 0.01320124669
12.298 0.01273923668
12.3 0.01207639628
12.302 0.01208924091
12.304 0.01145425352
12.306 0.02466454213
12.308 0.02047937245
12.31 0.01913272892
12.312 0.01750492319
12.314 0.01698911554
12.316 0.01643163212
12.318 0.02462649633
12.32 0.02044392681
12.322 0.0190984864
12.324 0.01746868261
12.326 0.01689216
12.328 0.01633471177
12.33 0.01563779142
12.332 0.01485194176
12.334 0.01397452404
12.336 0.01302438195
12.338 0.01200888564
12.34 0.01094023626
12.342 0.009826880517
12.344 0.008679121256
12.346 0.007505996857
12.348 0.006317017897
12.35 0.00592855137
12.352 0.0061282013
12.354 0.006291345714
12.356 0.006416197372
12.358 0.006501315546
12.36 0.006544820022
12.362 0.007087815523
12.364 0.007746650512
12.366 0.008332094947
12.368 0.008844185084
12.37 0.009279107256
12.372 0.009636912507
12.374 0.009917259301
12.376 0.0101208169
12.378 0.01024861198
12.38 0.01028027701
12.382 0.01026587151
12.384 0.01017952755
12.386 0.01002748784
12.388 0.01018281233
12.39 0.01030977353
12.392 0.01034038194
12.394 0.01032503259
12.396 0.01023784349
12.398 0.01008490245
12.4 0.009868814035
12.402 0.009593412258
12.404 0.009262373945
12.406 0.008879828066
12.408 0.008450080946
12.41 0.007977604218
12.412 0.007467027107
12.414 0.006923069591
12.416 0.006350698884
12.418 0.005754416189
12.42 0.005291820941
12.422 0.005286428216
12.424 0.005280135962
12.426 0.00527296062
12.428 0.005264974969
12.43 0.005256237561
12.432 0.02956793084
12.434 0.02164133599
12.436 0.01898358969
12.438 0.01599978216
12.44 0.01370894781
12.442 0.01162148935
12.444 0.009848059919
12.446 0.008577154682
12.448 0.007407655489
12.45 0.01616921307
12.452 0.01372393526
12.454 0.01224039513
12.456 0.0107357617
12.458 0.009223294866
12.46 0.007724268901
12.462 0.006225863632
12.464 0.005884370028
12.466 0.006117430259
12.468 0.006333558032
12.47 0.006500304139
12.472 0.006616045268
12.474 0.006678669359
12.476 0.006688552806
12.478 0.00664610887
12.48 0.006552165982
12.482 0.006837887518
12.484 0.007640425257
12.486 0.00835133199
12.488 0.008969244058
12.49 0.009494872364
12.492 0.009929465872
12.494 0.0102743039
12.496 0.01053147391
12.498 0.02162645051
12.5 0.02041962746
12.502 0.02063246739
12.504 0.02019680962
12.506 0.01965242887
12.508 0.01899713669
12.51 0.02964634972
12.512 0.0292481005
12.514 0.02874211765
12.516 0.02822974895
12.518 0.02745735008
12.52 0.02655448691
12.522 0.07376647324
12.524 0.02432201012
12.526 0.02301118972
12.528 0.07388659559
12.53 0.02013297957
12.532 0.01858413331
12.534 0.01703503206
12.536 0.01538110643
12.538 0.01368125194
12.54 0.01205564898
12.542 0.01041265744
12.544 0.009104446858
12.546 0.009453675917
12.548 0.009803552159
12.55 0.01018058598
12.552 0.010495616
12.554 0.01074733278
12.556 0.01093480233
12.558 0.07077769012
12.56 0.01573997785
12.562 0.01210224133
12.564 0.01140080579
12.566 0.07103449695
12.568 0.01457986722
12.57 0.01104376079
12.572 0.01055216604
12.574 0.01126977724
12.576 0.01190293935
12.578 0.01243597688
12.58 0.01286888911
12.582 0.01320285652
12.584 0.0693586173
12.586 0.01427431814
12.588 0.01362835809
12.59 0.01358610117
12.592 0.01345702699
12.594 0.06991150903
12.596 0.01638764205
12.598 0.01272202336
12.6 0.01210694044
12.602 0.01159185258
12.604 0.01101981296
12.606 0.0683428502
12.608 0.01450549659
12.61 0.01173605562
12.612 0.01116084584
12.614 0.01032949354
12.616 0.009315293058
12.618 0.06908101454
12.62 0.0171013685
12.622 0.01364833411
12.624 0.01252143742
12.626 0.06761630309
12.628 0.01779607143
12.63 0.01462268236
12.632 0.01333511229
12.634 0.01235915076
12.636 0.01076053771
12.638 0.01038717101
12.64 0.06824570422
12.642 0.01388635526
12.644 0.0112811514
12.646 0.0672385275
12.648 0.01849185477
12.65 0.01523504965
12.652 0.01384216708
12.654 0.01276432129
12.656 0.01112318342
12.658 0.01063753287
12.66 0.009300027357
12.662 0.06775794877
12.664 0.06642130673
12.666 0.01396910832
12.668 0.01189308578
12.67 0.01133596623
12.672 0.01070970229
12.674 0.009820253752
12.676 0.009483078696
12.678 0.008694758469
12.68 0.06570278793
12.682 0.06711507286
12.684 0.01804189997
12.686 0.01452383119
12.688 0.01364250413
12.69 0.01223768972
12.692 0.01143764543
12.694 0.01032877118
12.696 0.06491600136
12.698 0.0205332069
12.7 0.06585177083
12.702 0.01582328204
12.704 0.01455430392
12.706 0.01302090891
12.708 0.01232069847
12.71 0.06347113928
12.712 0.01475051614
12.714 0.01327473502
12.716 0.06478706532
12.718 0.01917203871
12.72 0.01590594283
12.722 0.01493229245
12.724 0.06243804655
12.726 0.01696029242
12.728 0.01496613927
12.73 0.01426157309
12.732 0.06395093159
12.734 0.02074267094
12.736 0.06173417265
12.738 0.02164815231
12.74 0.01874614309
12.742 0.01728619191
12.744 0.01621513732
12.746 0.06259242049
12.748 0.06116891493
12.75 0.02373618009
12.752 0.02060123183
12.754 0.01876523118
12.756 0.01758099418
12.758 0.06147847632
12.76 0.02064512588
12.762 0.01793085797
12.764 0.01667819637
12.766 0.01570432181
12.768 0.01426364876
12.77 0.06077590149
12.772 0.02334909671
12.774 0.02035107662
12.776 0.01858787016
12.778 0.017494266
12.78 0.05804284094
12.782 0.06013262542
12.784 0.02453765343
12.786 0.02147572024
12.788 0.05703866764
12.79 0.02349809286
12.792 0.05854521092
12.794 0.01962173324
12.796 0.01888254941
12.798 0.05626643294
12.8 0.01891616473
12.802 0.05719140365
12.804 0.02010993797
12.806 0.05541435004
12.808 0.02408463579
12.81 0.05660927454
12.812 0.0252990298
12.814 0.05546857116
12.816 0.02785000961
12.818 0.02531391213
12.82 0.05551867623
12.822 0.05547869773
12.824 0.03009095207
12.826 0.02729915
12.828 0.0544942412
12.83 0.0553714149
12.832 0.03136384763
12.834 0.02844515885
12.836 0.05459396871
12.838 0.05523888057
12.84 0.03204931154
12.842 0.02905653237
12.844 0.0547005444
12.846 0.03008955072
12.848 0.02742448483
12.85 0.0530010514
12.852 0.05115208106
12.854 0.02408189462
12.856 0.02296377138
12.858 0.05096658064
12.86 0.02446825572
12.862 0.0233810082
12.864 0.05010519265
12.866 0.02483878626
12.868 0.02393046444
12.87 0.02245097515
12.872 0.05024781611
12.874 0.02810030793
12.876 0.02643185562
12.878 0.04968726203
12.88 0.02370363053
12.882 0.02305634528
12.884 0.04849022341
12.886 0.02627629433
12.888 0.02516270446
12.89 0.0481606822
12.892 0.02527272892
12.894 0.02455321932
12.896 0.04753523188
12.898 0.02642948248
12.9 0.02559308029
12.902 0.04726781051
12.904 0.02625172608
12.906 0.02548561937
12.908 0.04691560446
12.91 0.02676572854
12.912 0.02594381433
12.914 0.04674281258
12.916 0.02671234756
12.918 0.02589482478
12.92 0.04657687191
12.922 0.0268718274
12.924 0.04562083164
12.926 0.04651173118
12.928 0.03021754853
12.93 0.04533920398
12.932 0.04647522756
12.934 0.02625917475
12.936 0.04631982504
12.938 0.03111569184
12.94 0.04522524185
12.942 0.04613422245
12.944 0.03221679198
12.946 0.04473820149
12.948 0.04538432892
12.95 0.02825314216
12.952 0.04385212258
12.954 0.04557673266
12.956 0.04484273875
12.958 0.0346346564
12.96 0.04549675549
12.962 0.04439611126
12.964 0.0457683959
12.966 0.04227113226
12.968 0.0305747979
12.97 0.04560367201
12.972 0.0426505097
12.974 0.02877728102
12.976 0.04488863971
12.978 0.03261102975
12.98 0.03139235509
12.982 0.04520063756
12.984 0.02873532943
12.986 0.0446182602
12.988 0.031900025
12.99 0.03081865123
12.992 0.04475931222
12.994 0.02895593293
12.996 0.04162298187
12.998 0.04442010679
13 0.03119730778
13.002 0.04504643502
13.004 0.03297637686
13.006 0.04144337844
13.008 0.04477180198
13.01 0.03099052653
13.012 0.04201609616
13.014 0.04400178172
13.016 0.04144839381
13.018 0.0449352097
13.02 0.04300659103
13.022 0.03639765711
13.024 0.04448903395
13.026 0.04252173792
13.028 0.02942156804
13.03 0.04360871538
13.032 0.03127196062
13.034 0.04466185265
13.036 0.04102626647
13.038 0.0324995792
13.04 0.04417792608
13.042 0.03306039522
13.044 0.04293156894
13.046 0.03727841032
13.048 0.03559455923
13.05 0.04227738027
13.052 0.02977056781
13.054 0.04197950148
13.056 0.03221711997
13.058 0.04078049614
13.06 0.04211713961
13.062 0.03394597585
13.064 0.04105536327
13.066 0.03165072051
13.068 0.03946763559
13.07 0.04137782078
13.072 0.04086426057
13.074 0.04077715143
13.076 0.03481881269
13.078 0.04072844597
13.08 0.04111487415
13.082 0.0390536964
13.084 0.0403883969
13.086 0.04038022789
13.088 0.04187799407
13.09 0.03647486365
13.092 0.04038951417
13.094 0.04125737301
13.096 0.03887239606
13.098 0.03908983935
13.1 0.04028341416
13.102 0.04012426196
13.104 0.04261316291
13.106 0.03981847626
13.108 0.04001070951
13.11 0.04116005089
13.112 0.03849055061
13.114 0.03816743679
13.116 0.03986911158
13.118 0.03901637412
13.12 0.04216398426
13.122 0.04129288769
13.124 0.03902643239
13.126 0.04052592865
13.128 0.04029813232
13.13 0.03744888797
13.132 0.0377577357
13.134 0.03829765832
13.136 0.03884810406
13.138 0.04061829692
13.14 0.04122864899
13.142 0.04310203352
13.144 0.04369501762
13.146 0.04255143135
13.148 0.04061222403
13.15 0.0411261161
13.152 0.03675572614
13.154 0.03726277237
13.156 0.03739104369
13.158 0.03781575422
13.16 0.03977908433
13.162 0.0401325011
13.164 0.0424240438
13.166 0.04272073369
13.168 0.04476115911
13.17 0.04501087065
13.172 0.04665105461
13.174 0.04705234696
13.176 0.04811284103
13.178 0.04870578561
13.18 0.04921456802
13.182 0.04997336963
13.184 0.04733076323
13.186 0.04296270358
13.188 0.03941233981
13.19 0.03813576783
13.192 0.04209436839
13.194 0.0414601754
13.196 0.04450434184
13.198 0.04422961013
13.2 0.04646746809
13.202 0.0464345806
13.204 0.0479908867
13.206 0.048152623
13.208 0.04567316287
13.21 0.0457587603
13.212 0.0459181969
13.214 0.04749060696
13.216 0.04767768188
13.218 0.04881127337
13.22 0.04903480349
13.222 0.04980089361
13.224 0.05007299352
13.226 0.05053086733
13.228 0.05085646971
13.23 0.05106613552
13.232 0.05145056003
13.234 0.05145080869
13.236 0.05189353223
13.238 0.05172788938
13.24 0.05222659606
13.242 0.05192203233
13.244 0.05247155969
13.246 0.05205709892
13.248 0.0526478571
13.25 0.052152803
13.252 0.05277563028
13.254 0.05221671532
13.256 0.05286260239
13.258 0.052260208
13.26 0.05291880528
13.262 0.0522895338
13.264 0.05294926343
13.266 0.05230783086
13.268 0.05296851562
13.27 0.05231963207
13.272 0.0529702124
13.274 0.05232771253
13.276 0.05296074761
13.278 0.05233084077
13.28 0.05294448057
13.282 0.05233476365
13.284 0.05292060123
13.286 0.05233342047
13.288 0.05289512075
13.29 0.0523354223
13.292 0.05286492997
13.294 0.05233042113
13.296 0.05283743027
13.298 0.05231894846
13.3 0.05280897251
13.302 0.05230726272
13.304 0.05278576837
13.306 0.05229206883
13.308 0.05276371468
13.31 0.0522743655
13.312 0.05274409012
13.314 0.05225404553
13.316 0.0527270683
13.318 0.05223110537
13.32 0.05271245463
13.322 0.05220560155
13.324 0.05270013992
13.326 0.05217779862
13.328 0.05268986247
13.33 0.05214803729
13.332 0.05268105519
13.334 0.05211679157
13.336 0.0526733024
13.338 0.05208437248
13.34 0.05266614424
13.342 0.05205140436
13.344 0.05265901376
13.346 0.05201845574
13.348 0.05265140028
13.35 0.05198596611
13.352 0.0526429274
13.354 0.05195408533
13.356 0.05263326683
13.358 0.05192342336
13.36 0.05262183035
13.362 0.05189458618
13.364 0.05260844927
13.366 0.0518677848
13.368 0.0525928026
13.37 0.05184328737
13.372 0.05257476049
13.374 0.05182149793
13.376 0.05255413985
13.378 0.05180209097
13.38 0.05253109127
13.382 0.0517853779
13.384 0.05250562569
13.386 0.0517713978
13.388 0.05247745071
13.39 0.0517603269
13.392 0.05244981357
13.394 0.05174785634
13.396 0.05241972458
13.398 0.05173945863
13.4 0.05238713885
13.402 0.05173378727
13.404 0.05235228744
13.406 0.05173547242
13.408 0.0523155221
13.41 0.05173580142
13.412 0.05227722496
13.414 0.05173744638
13.416 0.05223266476
13.418 0.05174009403
13.42 0.05219028685
13.422 0.05174327984
13.424 0.05214762195
13.426 0.05174711766
13.428 0.05210527776
13.43 0.05175138928
13.432 0.05206306856
13.434 0.0517554503
13.436 0.05202131401
13.438 0.05175958118
13.44 0.05197998928
13.442 0.05176290745
13.444 0.05193937994
13.446 0.05176580069
13.448 0.05189980543
13.45 0.05176810379
13.452 0.05186089442
13.454 0.0517692145
13.456 0.05182272721
13.458 0.05176948212
13.46 0.05178578346
13.462 0.0490102957
13.464 0.04378113514
13.466 0.03952825013
13.468 0.03633018629
13.47 0.03510397212
13.472 0.03887684237
13.474 0.03172635678
13.476 0.03696196131
13.478 0.0347495928
13.48 0.03976524776
13.482 0.0380196423
13.484 0.04246362526
13.486 0.04090389052
13.488 0.04473402396
13.49 0.04326701279
13.492 0.04653051565
13.494 0.04514141878
13.496 0.04292997377
13.498 0.04182877694
13.5 0.03264820558
13.502 0.03651585864
13.504 0.03843660234
13.506 0.03628486564
13.508 0.03756102918
13.51 0.03836825454
13.512 0.0391850226
13.514 0.04099119818
13.516 0.03841850584
13.518 0.03920414414
13.52 0.03943427206
13.522 0.03775996351
13.524 0.0365305557
13.526 0.03911318455
13.528 0.03741756317
13.53 0.03239280935
13.532 0.03974886251
13.534 0.03600111299
13.536 0.03794116744
13.538 0.03905222505
13.54 0.039314707
13.542 0.03690549813
13.544 0.03178816268
13.546 0.03932349858
13.548 0.03253988263
13.55 0.03792587087
13.552 0.03849385791
13.554 0.02822039032
13.556 0.03874119228
13.558 0.02943299042
13.56 0.03916412709
13.562 0.03308733912
13.564 0.04076080135
13.566 0.03921636734
13.568 0.03269114936
13.57 0.04020389943
13.572 0.02877888242
13.574 0.03915283075
13.576 0.03244773485
13.578 0.03152682913
13.58 0.03925062327
13.582 0.02699047193
13.584 0.03922487496
13.586 0.02989665434
13.588 0.03928883348
13.59 0.0397201604
13.592 0.03158023707
13.594 0.03926236236
13.596 0.02840143695
13.598 0.03786187371
13.6 0.03968101933
13.602 0.02806990389
13.604 0.03945242485
13.606 0.02869133681
13.608 0.03880288074
13.61 0.04001957483
13.612 0.02899324105
13.614 0.03950919069
13.616 0.02823382352
13.618 0.03884019021
13.62 0.0400680919
13.622 0.04038855269
13.624 0.03964198199
13.626 0.03154280438
13.628 0.04006948737
13.63 0.04013275468
13.632 0.03829889674
13.634 0.03962260367
13.636 0.02814453204
13.638 0.03896899881
13.64 0.04008014657
13.642 0.039154475
13.644 0.02948479471
13.646 0.04032550874
13.648 0.03960629112
13.65 0.04126441821
13.652 0.03892170746
13.654 0.02886714136
13.656 0.04128584729
13.658 0.03953333693
13.66 0.02556662834
13.662 0.0410339198
13.664 0.02854779867
13.666 0.04222258127
13.668 0.03978845013
13.67 0.02909680875
13.672 0.0419866561
13.674 0.02817325704
13.676 0.02750533744
13.678 0.04146597312
13.68 0.02576342902
13.682 0.04265670559
13.684 0.04015409022
13.686 0.02906550322
13.688 0.04226320797
13.69 0.02976908088
13.692 0.02877724927
13.694 0.04158826164
13.696 0.02571013153
13.698 0.03982429108
13.7 0.04200777449
13.702 0.02597260724
13.704 0.04146551844
13.706 0.02645033959
13.708 0.02570141987
13.71 0.04169383822
13.712 0.02489666792
13.714 0.04135804411
13.716 0.04158794905
13.718 0.02806477174
13.72 0.04138681
13.722 0.04195999069
13.724 0.02312587935
13.726 0.0411114339
13.728 0.0421478822
13.73 0.02483013063
13.732 0.04164547978
13.734 0.04249764472
13.736 0.04133949705
13.738 0.02675298838
13.74 0.04272708404
13.742 0.04160595349
13.744 0.02332888144
13.746 0.04298692135
13.748 0.04151620247
13.75 0.0244544267
13.752 0.04315487491
13.754 0.04193805881
13.756 0.02290031101
13.758 0.04329771067
13.76 0.04214646697
13.762 0.02325539134
13.764 0.04336692386
13.766 0.04251995456
13.768 0.02243769101
13.77 0.04339622392
13.772 0.0266299125
13.774 0.02573814576
13.776 0.04337177302
13.778 0.02253136028
13.78 0.02185324039
13.782 0.04331474517
13.784 0.02417851521
13.786 0.02364794648
13.788 0.04322633913
13.79 0.02253446816
13.792 0.02198234131
13.794 0.04312168564
13.796 0.02321855167
13.798 0.02269683258
13.8 0.04300640666
13.802 0.02245232742
13.804 0.02191940942
13.806 0.04288731182
13.808 0.02267244627
13.81 0.02214824416
13.812 0.04277309343
13.814 0.02228408111
13.816 0.0217596689
13.818 0.04267014426
13.82 0.02232956271
13.822 0.02181179211
13.824 0.04274117124
13.826 0.02229215937
13.828 0.02184835483
13.83 0.04278014249
13.832 0.02232297942
13.834 0.02187941407
13.836 0.0428063485
13.838 0.02234124956
13.84 0.02189666557
13.842 0.04279592024
13.844 0.02234805774
13.846 0.02190196592
13.848 0.0427682889
13.85 0.02234731203
13.852 0.02189921084
13.854 0.04271702631
13.856 0.0223409139
13.858 0.02189080091
13.86 0.04265396113
13.862 0.02233159402
13.864 0.02187961176
13.866 0.04257531076
13.868 0.02232119539
13.87 0.0218675513
13.872 0.04249591599
13.874 0.02231161042
13.876 0.02185657541
13.878 0.0424174812
13.88 0.02230377358
13.882 0.02184755225
13.884 0.0423437489
13.886 0.02229833206
13.888 0.0218411035
13.89 0.04227636776
13.892 0.02231491442
13.894 0.02186015831
13.896 0.04221722018
13.898 0.02233403877
13.9 0.02187934242
13.902 0.0421756414
13.904 0.02234639496
13.906 0.02189126658
13.908 0.04214489643
13.91 0.02235111621
13.912 0.02189522761
13.914 0.04211316714
13.916 0.02235029107
13.918 0.02189347664
13.92 0.04208122118
13.922 0.02234468788
13.924 0.021886982
13.926 0.04204972743
13.928 0.02233628033
13.93 0.02187770569
13.932 0.04201932793
13.934 0.02232603198
13.936 0.02186675764
13.938 0.04199114682
13.94 0.0223153692
13.942 0.02185563935
13.944 0.0419699978
13.946 0.02230523357
13.948 0.02184526707
13.95 0.04194772211
13.952 0.02229654511
13.954 0.02183645926
13.956 0.04192365302
13.958 0.02228962304
13.96 0.02182952986
13.962 0.04189742906
13.964 0.02228460815
13.966 0.02182454742
13.968 0.04186952524
13.97 0.02228137331
13.972 0.0218213856
13.974 0.04184868102
13.976 0.02227960088
13.978 0.02181963227
13.98 0.04180952737
13.982 0.02227870402
13.984 0.02181867017
13.986 0.04177390989
13.988 0.02227819894
13.99 0.02181803983
13.992 0.0417416196
13.994 0.02227735417
13.996 0.02182391704
13.998 0.0417147372
14 0.02230568138
14.002 0.02184342199
14.004 0.04169151167
14.006 0.02231987287
14.008 0.02185584447
14.01 0.04167471826
14.012 0.0223300596
14.014 0.02186440232
14.016 0.04166318402
14.018 0.02233333977
14.02 0.02186609659
14.022 0.04165384436
14.024 0.02233156213
14.026 0.02186286577
14.028 0.04164615807
14.03 0.02232388629
14.032 0.02185392256
14.034 0.04163967586
14.036 0.02231155749
14.038 0.02184052914
14.04 0.04163396428
14.042 0.02229474577
14.044 0.02182284041
14.046 0.04162856667
14.048 0.02227460006
14.05 0.02180203006
14.052 0.04162320262
14.054 0.02225178512
14.056 0.0217786922
14.058 0.04161760204
14.06 0.02222727303
14.062 0.02175381312
14.064 0.04161173925
14.066 0.02220163369
14.068 0.02172790183
14.07 0.04160562109
14.072 0.02217550273
14.074 0.02169874094
14.076 0.0415992823
14.078 0.02214878913
14.08 0.02166645338
14.082 0.04158689836
14.084 0.02212234395
14.086 0.02163472276
14.088 0.04157887888
14.09 0.02209656551
14.092 0.02160395474
14.094 0.0415744432
14.096 0.02207126504
14.098 0.0215738473
14.1 0.04157242694
14.102 0.02204639733
14.104 0.02154939078
14.106 0.04157179056
14.108 0.02202855617
14.11 0.02152676504
14.112 0.04157166199
14.114 0.02200912334
14.116 0.02150288823
14.118 0.04157150152
14.12 0.02198711981
14.122 0.02147525341
14.124 0.04156986775
14.126 0.02196312112
14.128 0.04138386605
14.13 0.04156611842
14.132 0.02551166306
14.134 0.04108200572
14.136 0.04155999772
14.138 0.02181365034
14.14 0.04041932644
14.142 0.04155285633
14.144 0.02362861401
14.146 0.04050363814
14.148 0.04154327195
14.15 0.02194197433
14.152 0.04041905459
14.154 0.04153188849
14.156 0.02268729938
14.158 0.04062950314
14.16 0.04151889029
14.162 0.02182544751
14.164 0.04075318421
14.166 0.04150450178
14.168 0.04091292293
14.17 0.02677867846
14.172 0.04148921599
14.174 0.04072484813
14.176 0.02244713592
14.178 0.04147325566
14.18 0.04020506429
14.182 0.0241122654
14.184 0.04145645702
14.186 0.0404359639
14.188 0.02230347992
14.19 0.04143881425
14.192 0.04046128068
14.194 0.02295145173
14.196 0.0414201449
14.198 0.04075709144
14.2 0.02203916571
14.202 0.04140058151
14.204 0.04092275491
14.206 0.02220412922
14.208 0.04137984144
14.21 0.0411716003
14.212 0.02170639353
14.214 0.0413578988
14.216 0.02588913438
14.218 0.02506540984
14.22 0.04133482522
14.222 0.02194455615
14.224 0.0212349432
14.226 0.04131061322
14.228 0.02359109228
14.23 0.02307470503
14.232 0.04128578994
14.234 0.02199522495
14.236 0.02141482132
14.238 0.04126033263
14.24 0.02267636072
14.242 0.02214174881
14.244 0.04123413327
14.246 0.02190759585
14.248 0.0213411388
14.25 0.0412071499
14.252 0.02211128661
14.254 0.02155610306
14.256 0.04117936688
14.258 0.02169593876
14.26 0.02113057519
14.262 0.04115079542
14.264 0.02171496001
14.266 0.02115557836
14.268 0.04121090376
14.27 0.021571319
14.272 0.02106564157
14.274 0.04128241113
14.276 0.02156944209
14.278 0.02106564537
14.28 0.04134064222
14.282 0.02156858455
14.284 0.0210666131
14.286 0.04135816949
14.288 0.02156862965
14.29 0.02106817357
14.292 0.04135464917
14.294 0.0215685159
14.296 0.02106932262
14.298 0.04132287235
14.3 0.02156816777
14.302 0.02106997773
14.304 0.04127517965
14.306 0.02156752992
14.308 0.02107008752
14.31 0.04121304456
14.312 0.02156651744
14.314 0.02106963448
14.316 0.04114505969
14.318 0.0215649576
14.32 0.02106849759
14.322 0.04107413515
14.324 0.0215628749
14.326 0.02106672316
14.328 0.04100586454
14.33 0.02155963821
14.332 0.02106383239
14.334 0.04094190695
14.336 0.02155590257
14.338 0.02106031354
14.34 0.04088484095
14.342 0.02155159767
14.344 0.02105623998
14.346 0.04083527392
14.348 0.02154659483
14.35 0.02105141857
14.352 0.04079354103
14.354 0.02154086109
14.356 0.02104847467
14.358 0.04075884648
14.36 0.02153546604
14.362 0.02104746639
14.364 0.04073014239
14.366 0.02152960706
14.368 0.02104133539
14.37 0.04070579926
14.372 0.02152060061
14.374 0.02103219467
14.376 0.04068438008
14.378 0.02150958221
14.38 0.0210210178
14.382 0.04066451945
14.384 0.02149893938
14.386 0.02100916228
14.388 0.04064513388
14.39 0.02148774381
14.392 0.02099751306
14.394 0.04062559531
14.396 0.02147564564
14.398 0.02098659167
14.4 0.04060498063
14.402 0.02146553375
14.404 0.0209767845
14.406 0.04058317098
14.408 0.02145699799
14.41 0.02096819447
14.412 0.04056028834
14.414 0.02144946539
14.416 0.02096054598
14.418 0.04053657372
14.42 0.02144265602
14.422 0.02095359256
14.424 0.04051245599
14.426 0.0214361245
14.428 0.02094676683
14.43 0.04048846983
14.432 0.0214293273
14.434 0.02093962626
14.436 0.04046515253
14.438 0.02142181793
14.44 0.0209317234
14.442 0.04044299098
14.444 0.02141320899
14.446 0.02092265945
14.448 0.04042239361
14.45 0.02140323099
14.452 0.02091214208
14.454 0.04040363088
14.456 0.02139166864
14.458 0.02090009184
14.46 0.04038683634
14.462 0.02137847729
14.464 0.02088645824
14.466 0.04037203666
14.468 0.02136372461
14.47 0.02087132291
14.472 0.04035910625
14.474 0.02134758128
14.476 0.02085490466
14.478 0.04034781817
14.48 0.02133030074
14.482 0.02083746919
14.484 0.04033790162
14.486 0.02131218197
14.488 0.02081915034
14.49 0.04032918784
14.492 0.02129342936
14.494 0.02080033665
14.496 0.04032117918
14.498 0.0212743119
14.5 0.0207813954
14.502 0.04031355803
14.504 0.02125518448
14.506 0.02076265113
14.508 0.04030605047
14.51 0.02123626468
14.512 0.02074427628
14.514 0.04029845278
14.516 0.02121750104
14.518 0.02072630881
14.52 0.04029072655
14.522 0.02119944815
14.524 0.0207090639
14.526 0.04028258779
14.528 0.02118206718
14.53 0.02069254996
14.532 0.04027398651
14.534 0.02116539025
14.536 0.02067678718
14.538 0.04026493414
14.54 0.02114938878
14.542 0.02066172634
14.544 0.04025480852
14.546 0.02113505567
14.548 0.02064863697
14.55 0.04024382811
14.552 0.02112126122
14.554 0.02063568622
14.556 0.04023288739
14.558 0.02110761697
14.56 0.02062284561
14.562 0.04022210856
14.564 0.02109809118
14.566 0.02061281667
14.568 0.04020900605
14.57 0.02108722357
14.572 0.02060223991
14.574 0.04019750383
14.576 0.02107486973
14.578 0.0205906236
14.58 0.04018217713
14.582 0.02106545112
14.584 0.02058171513
14.586 0.04016996575
14.588 0.02105499944
14.59 0.02057166765
14.592 0.04015880506
14.594 0.02104415571
14.596 0.02056628164
14.598 0.04014575179
14.6 0.02103527351
14.602 0.02055767136
14.604 0.04013387847
14.606 0.02102609876
14.608 0.0205488028
14.61 0.04012285669
14.612 0.0210162156
14.614 0.02053929519
14.616 0.04011226647
14.618 0.02100622813
14.62 0.02052983218
14.622 0.04010176027
14.624 0.02099619638
14.626 0.02052053851
14.628 0.04009093403
14.63 0.02098650307
14.632 0.02051164359
14.634 0.0400796171
14.636 0.04160925459
14.638 0.0228795334
14.64 0.04006757069
14.642 0.04166344789
14.644 0.02049575882
14.646 0.04005467564
14.648 0.04121768042
14.65 0.02083664929
14.652 0.04004094417
14.654 0.04126316846
14.656 0.02048286574
14.658 0.04002633081
14.66 0.04097533072
14.662 0.0204775382
14.664 0.04001082962
14.666 0.04085061772
14.668 0.02047295463
14.67 0.03999450624
14.672 0.02093590711
14.674 0.04198026317
14.676 0.03997741331
14.678 0.02148825931
14.68 0.04188095346
14.682 0.0399597427
14.684 0.02092726896
14.686 0.04128092858
14.688 0.03994164914
14.69 0.02092347756
14.692 0.0411595814
14.694 0.03992326006
14.696 0.02091990072
14.698 0.02045764285
14.7 0.04204742239
14.702 0.02171850912
14.704 0.02102484064
14.706 0.04194175271
14.708 0.02091320919
14.71 0.02045290444
14.712 0.04134549503
14.714 0.02090987287
14.716 0.0204504575
14.718 0.04117817432
14.72 0.02090651207
14.722 0.02044793235
14.724 0.03982995621
14.726 0.04204356397
14.728 0.02171376251
14.73 0.03981154123
14.732 0.04190172271
14.734 0.0204426706
14.736 0.03979326564
14.738 0.04127734122
14.74 0.02043988844
14.742 0.03977514069
14.744 0.04109327248
14.746 0.02043703725
14.748 0.03975716351
14.75 0.02088930743
14.752 0.04194510839
14.754 0.03973930484
14.756 0.02104953842
14.758 0.04179822985
14.76 0.03972162978
14.762 0.0208822371
14.764 0.04118003789
14.766 0.03970412127
14.768 0.02087873134
14.77 0.02042513782
14.772 0.04263683602
14.774 0.02286297248
14.776 0.02200073574
14.778 0.04232238566
14.78 0.02087174456
14.782 0.02041890289
14.784 0.04145080344
14.786 0.02086821501
14.788 0.02041568928
14.79 0.04124298089
14.792 0.02086462601
14.794 0.02041236415
14.796 0.03961911389
14.798 0.04190399146
14.8 0.02139242779
14.802 0.03959890801
14.804 0.04173665174
14.806 0.02041838026
14.808 0.03957569799
14.81 0.04110797786
14.812 0.02042434305
14.814 0.03955230077
14.816 0.0209279844
14.818 0.04250146763
14.82 0.03952965107
14.822 0.02195777734
14.824 0.04217261875
14.826 0.03950956204
14.828 0.02093084987
14.83 0.04129175771
14.832 0.03949260717
14.834 0.02092817695
14.836 0.04108147229
14.838 0.03947942356
14.84 0.02092167093
14.842 0.02041629035
14.844 0.04175579105
14.846 0.02144433371
14.848 0.02077107758
14.85 0.04160426358
14.852 0.02090022524
14.854 0.02039306327
14.856 0.04099776667
14.858 0.02088614255
14.86 0.02043251262
14.862 0.03945781275
14.864 0.0424124288
14.866 0.02278715016
14.868 0.03945148789
14.87 0.04210431353
14.872 0.02041717313
14.874 0.03944312938
14.876 0.04124562209
14.878 0.02061411268
14.88 0.03943454169
14.882 0.0409838262
14.884 0.02040352075
14.886 0.03942591072
14.888 0.02084904355
14.89 0.04172872354
14.892 0.03941813798
14.894 0.02084026294
14.896 0.04157949036
14.898 0.03941135083
14.9 0.02083120167
14.902 0.0409084274
14.904 0.03934217289
14.906 0.02082037848
14.908 0.02036928989
14.91 0.04238597041
14.912 0.02270217064
14.914 0.02186087325
14.916 0.04201388266
14.918 0.02081334252
14.92 0.02036252198
14.922 0.04115038516
14.924 0.02081005717
14.926 0.02035913233
14.928 0.04094870624
14.93 0.02080327839
14.932 0.02035208484
14.934 0.03929168149
14.936 0.04162569358
14.938 0.02127070914
14.94 0.03928561627
14.942 0.04147508418
14.944 0.02033448364
14.946 0.03928157063
14.948 0.04086700049
14.95 0.02032327174
14.952 0.03927940078
14.954 0.02076218769
14.956 0.04227364176
14.958 0.03927837324
14.96 0.02178655414
14.962 0.04196232925
14.964 0.03927788937
14.966 0.02073529903
14.968 0.04110122706
14.97 0.0392770946
14.972 0.02072250213
14.974 0.04089849579
14.976 0.039275396
14.978 0.02071084122
14.98 0.02026152369
14.982 0.04157361373
14.984 0.02120204216
14.986 0.02058744881
14.988 0.04142073226
14.99 0.02069284112
14.992 0.0202454448
14.994 0.04081122605
14.996 0.02068689147
14.998 0.02024048117
15 0.03925080486
15.002 0.04220883268
15.004 0.02256150947
15.006 0.0392395074
15.008 0.04189070426
15.01 0.02023672111
15.012 0.03922630077
15.014 0.04102450965
15.016 0.02041313721
15.018 0.03921169628
15.02 0.02068193437
15.022 0.04247418734
15.024 0.03919586577
15.026 0.02194542392
15.028 0.04207355997
15.03 0.03917951395
15.032 0.02068632734
15.034 0.04110123264
15.036 0.03916300762
15.038 0.02068880699
15.04 0.02024696738
15.042 0.04252349835
15.044 0.02288732646
15.046 0.02199387059
15.048 0.04207545024
15.05 0.02069289337
15.052 0.02025114071
15.054 0.0410617839
15.056 0.02069409002
15.058 0.02025225362
15.06 0.03910124129
15.062 0.04246160106
15.064 0.02291757561
15.066 0.03908738268
15.068 0.04199459189
15.07 0.02025250597
15.072 0.03907455401
15.074 0.0409718804
15.076 0.0205080884
15.078 0.03906253113
15.08 0.02069284312
15.082 0.04237271155
15.084 0.0390511174
15.086 0.02206368502
15.088 0.04190712982
15.09 0.03904021335
15.092 0.02068916441
15.094 0.04089226143
15.096 0.03902961483
15.098 0.02068702254
15.1 0.02024399372
15.102 0.04230549503
15.104 0.02294341154
15.106 0.02206800855
15.108 0.04184867364
15.11 0.02068284475
15.112 0.02023958012
15.114 0.04084297488
15.116 0.02068099076
15.118 0.02023762336
15.12 0.03898714934
15.122 0.04226410177
15.124 0.0229294367
15.126 0.03897607465
15.128 0.04181298952
15.13 0.02023455722
15.132 0.03896466921
15.134 0.04080955346
15.136 0.02050514681
15.138 0.03895156657
15.14 0.02067839873
15.142 0.04222908151
15.144 0.03893726299
15.146 0.02203724383
15.148 0.04177786932
15.15 0.03892272608
15.152 0.02067955049
15.154 0.04077040523
15.156 0.03890935858
15.158 0.02067622134
15.16 0.02023180028
15.162 0.04218313646
15.164 0.02291022739
15.166 0.02203283233
15.168 0.04172924673
15.17 0.02066781075
15.172 0.02022472845
15.174 0.04071730573
15.176 0.02066323832
15.178 0.02022046655
15.18 0.03886222814
15.182 0.04212564556
15.184 0.02291384315
15.186 0.03885054114
15.188 0.04167199178
15.19 0.02021256309
15.192 0.03883837608
15.194 0.04065809122
15.196 0.02051230345
15.198 0.0388256286
15.2 0.02065011315
15.202 0.04206585919
15.204 0.03881223978
15.206 0.02203957695
15.208 0.04161441771
15.21 0.03879834311
15.212 0.02064770128
15.214 0.04060077108
15.216 0.03878408582
15.218 0.02064714893
15.22 0.02020284471
15.222 0.04200919368
15.224 0.02291865273
15.226 0.02203873288
15.228 0.04156158146
15.23 0.02064649155
15.232 0.02020093282
15.234 0.04054813674
15.236 0.02064598254
15.238 0.02019973265
15.24 0.04029227617
15.242 0.02064528228
15.244 0.0201987688
15.246 0.03871224162
15.248 0.0408500488
15.25 0.02109835543
15.252 0.03869882948
15.254 0.04068233788
15.256 0.02019408069
15.258 0.03868615759
15.26 0.04007146397
15.262 0.02019050082
15.264 0.03867424607
15.266 0.0398613667
15.268 0.02018598446
15.27 0.03866303364
15.272 0.0206315856
15.274 0.04070664917
15.276 0.03865235956
15.278 0.02088237386
15.28 0.04057353699
15.282 0.03864220623
15.284 0.02062072104
15.286 0.03997360239
15.288 0.02471050051
15.29 0.02404997863
15.292 0.03981989476
15.294 0.02106467254
15.296 0.02043552788
15.298 0.03941201515
15.3 0.02273005528
15.302 0.02234376437
15.304 0.03918646133
15.306 0.02125603971
15.308 0.02074951928
15.31 0.03751416391
15.312 0.04025734267
15.314 0.02205199697
15.316 0.0377169584
15.318 0.04016539513
15.32 0.03755115444
15.322 0.02484841818
15.324 0.03961776626
15.326 0.03746365652
15.328 0.0215113953
15.33 0.03956155095
15.332 0.03708825519
15.334 0.02282405787
15.336 0.03923172367
15.338 0.03734151464
15.34 0.02133937944
15.342 0.03909094768
15.344 0.02471698373
15.346 0.02417189731
15.348 0.03883950154
15.35 0.02178204133
15.352 0.02114292951
15.354 0.03868279409
15.356 0.02287428594
15.358 0.02244189975
15.36 0.03850155983
15.362 0.02149050817
15.364 0.03682627093
15.366 0.03838409417
15.368 0.02428608564
15.37 0.03689568031
15.372 0.03827923925
15.374 0.02113511205
15.376 0.03669866239
15.378 0.03822144953
15.38 0.03739517527
15.382 0.026874784
15.384 0.0381850921
15.386 0.03708060813
15.388 0.02212454579
15.39 0.03818011331
15.392 0.03653459025
15.394 0.02363190295
15.396 0.03819076866
15.398 0.02767408505
15.4 0.02685717187
15.402 0.0382169738
15.404 0.02235156163
15.406 0.02139039297
15.408 0.03824827416
15.41 0.023911543
15.412 0.03748286286
15.414 0.03828193149
15.416 0.0270711292
15.418 0.03702081299
15.42 0.03831165525
15.422 0.02138500529
15.424 0.0363811418
15.426 0.03833566575
15.428 0.03749883225
15.43 0.02793943814
15.432 0.03835143154
15.434 0.03706027314
15.436 0.02229607231
15.438 0.03835880464
15.44 0.03642486292
15.442 0.0238515092
15.444 0.03835788058
15.446 0.02785584911
15.448 0.02694360259
15.45 0.0383516483
15.452 0.02216213717
15.454 0.03520135707
15.456 0.0383403879
15.458 0.02325686984
15.46 0.03548211858
15.462 0.03832600732
15.464 0.02208338509
15.466 0.03574622311
15.468 0.03830923361
15.47 0.03621026512
15.472 0.02628275192
15.474 0.03829170999
15.476 0.03623855352
15.478 0.02218822121
15.48 0.03827463392
15.482 0.03601834063
15.484 0.0233304819
15.486 0.03825901555
15.488 0.02721557153
15.49 0.02636615728
15.492 0.03824536165
15.494 0.02200911136
15.496 0.03508998322
15.498 0.03823388685
15.5 0.0232717143
15.502 0.03541380009
15.504 0.03822414493
15.506 0.02185763041
15.508 0.03567975633
15.51 0.0382156215
15.512 0.03619395251
15.514 0.02616738296
15.516 0.03820783723
15.518 0.03622947195
15.52 0.02196970414
15.522 0.03820013078
15.524 0.03599708096
15.526 0.02313556968
15.528 0.03819192057
15.53 0.02702559315
15.532 0.02615830992
15.534 0.03818269934
15.536 0.02177962479
15.538 0.03505816192
15.54 0.03817358591
15.542 0.02303478255
15.544 0.03536891102
15.546 0.03816266829
15.548 0.02164686132
15.55 0.03561974876
15.552 0.03814977778
15.554 0.03611534514
15.556 0.02596014368
15.558 0.03813493576
15.56 0.03614189814
15.562 0.02177549566
15.564 0.03811827525
15.566 0.03589714759
15.568 0.02295069934
15.57 0.03810001245
15.572 0.02683361428
15.574 0.02596923557
15.576 0.03808051748
15.578 0.02159909119
15.58 0.02064715965
15.582 0.0380600547
15.584 0.02305437608
15.586 0.03718914954
15.588 0.03803908472
15.59 0.02609258169
15.592 0.03685134107
15.594 0.03801766045
15.596 0.02045634591
15.598 0.03623592457
15.6 0.03799610061
15.602 0.03729595213
15.604 0.02700656964
15.606 0.03797466392
15.608 0.0368948121
15.61 0.02133500336
15.612 0.03795338573
15.614 0.03622057633
15.616 0.02296003177
15.618 0.03793228739
15.62 0.03663236745
15.622 0.02040640408
15.624 0.03605413255
15.626 0.03938011622
15.628 0.02272474883
15.63 0.03630044009
15.632 0.03948926851
15.634 0.02007671107
15.636 0.03625035708
15.638 0.03905737931
15.64 0.02104488296
15.642 0.03665166645
15.644 0.03911611648
15.646 0.01966257236
15.648 0.03687695627
15.65 0.02041290255
15.652 0.04008005629
15.654 0.02425863794
15.656 0.02340733124
15.658 0.04016679901
15.66 0.0199395456
15.662 0.0191888071
15.664 0.03965706217
15.666 0.02147322462
15.668 0.0209292437
15.67 0.03707682475
15.672 0.04099896401
15.674 0.02098175923
15.676 0.03708444918
15.678 0.04075766915
15.68 0.01970404372
15.682 0.03736428703
15.684 0.01931649138
15.686 0.04063387753
15.688 0.03746786718
15.69 0.01952571855
15.692 0.04050699908
15.694 0.03765449753
15.696 0.01904680582
15.698 0.01851670744
15.7 0.04093341589
15.702 0.01909568995
15.704 0.01857942885
15.706 0.03781271703
15.708 0.04224539337
15.71 0.02124318792
15.712 0.03782401779
15.714 0.04175570008
15.716 0.01839217765
15.718 0.03782063357
15.72 0.01878918028
15.722 0.0411103375
15.724 0.03777436221
15.726 0.01881419239
15.728 0.01835269479
15.73 0.04216140764
15.732 0.03912936938
15.734 0.02077237501
15.736 0.01998803973
15.738 0.04326389529
15.74 0.02198353619
15.742 0.02052968756
15.744 0.03871390084
15.746 0.04409176922
15.748 0.0231263656
15.75 0.02145450567
15.752 0.04027435937
15.754 0.04464275158
15.756 0.0237684839
15.758 0.04014200153
15.76 0.01870122043
15.762 0.04497250206
15.764 0.02413020402
15.766 0.04015655052
15.768 0.01891509835
15.77 0.01841882183
15.772 0.04395622662
15.774 0.01584205291
15.776 0.01536417998
15.778 0.01435727988
15.78 0.04317925571
15.782 0.0182966178
15.784 0.0175267955
15.786 0.01544639158
15.788 0.04200189901
15.79 0.04377820808
15.792 0.01945104362
15.794 0.04152296473
15.796 0.01481853841
15.798 0.01425712896
15.8 0.044244588
15.802 0.0408429761
15.804 0.01663271713
15.806 0.01604801142
15.808 0.01436669901
15.81 0.04465651911
15.812 0.01954367775
15.814 0.01848059768
15.816 0.01603007291
15.818 0.04282686344
15.82 0.04485862004
15.822 0.02013440424
15.824 0.0172433597
15.826 0.0435787182
15.828 0.02271564074
15.83 0.02110148313
15.832 0.04577400794
15.834 0.01760323765
15.836 0.04307434745
15.838 0.01264038232
15.84 0.01210146192
15.842 0.04566115652
15.844 0.04261214702
15.846 0.01511286574
15.848 0.01434225032
15.85 0.01271585532
15.852 0.01256054209
15.854 0.04590009549
15.856 0.0140875429
15.858 0.01292450592
15.86 0.01133117554
15.862 0.04352359162
15.864 0.01629669107
15.866 0.01523197848
15.868 0.04656754136
15.87 0.0131435801
15.872 0.04371097303
15.874 0.01171159103
15.876 0.01131150479
15.878 0.01052338763
15.88 0.01026564356
15.882 0.04721865271
15.884 0.01313579048
15.886 0.01245983332
15.888 0.01114927164
15.89 0.01104284314
15.892 0.009588382405
15.894 0.04495952681
15.896 0.04762130764
15.898 0.01431413077
15.9 0.01240613061
15.902 0.01212664288
15.904 0.04497347589
15.906 0.01028334697
15.908 0.009884082956
15.91 0.009219029261
15.912 0.009006897361
15.914 0.0485208578
15.916 0.0453522582
15.918 0.01376376347
15.92 0.0126166951
15.922 0.0110436286
15.924 0.01086269748
15.926 0.009139310195
15.928 0.009080999379
15.93 0.04613214136
15.932 0.009857293044
15.934 0.04959499653
15.936 0.01237997429
15.938 0.01036414299
15.94 0.009203010693
15.942 0.008661187111
15.944 0.04678939754
15.946 0.01042837766
15.948 0.009427795575
15.95 0.008433514016
15.952 0.008273030947
15.954 0.007059004453
15.956 0.006994238535
15.958 0.05053388686
15.96 0.04778554296
15.962 0.0132249934
15.964 0.01146123138
15.966 0.01004044973
15.968 0.00961984891
15.97 0.007972366533
15.972 0.007870547365
15.974 0.006416825015
15.976 0.006319869397
15.978 0.04835253132
15.98 0.008478007505
15.982 0.007429765558
15.984 0.006773372695
15.986 0.006629191971
15.988 0.005692332174
15.99 0.005690244071
15.992 0.004802362492
15.994 0.004744360029
15.996 0.05228735764
15.998 0.00929450444
16 0.04927610676
16.002 0.009474970121
16.004 0.007856170845
16.006 0.007117343851
16.008 0.006790338153
16.01 0.005699109292
16.012 0.005678961117
16.014 0.004668401736
16.016 0.004660552882
16.018 0.003796964565
16.02 0.003732680783
16.022 0.003005041837
16.024 0.002878464492
16.026 0.002268704262
16.028 0.002092004791
16.03 0.05074125301
16.032 0.009203265491
16.034 0.007149329425
16.036 0.006615525746
16.038 0.006077614473
16.04 0.005104907996
16.042 0.005008323079
16.044 0.004089611181
16.046 0.004087007797
16.048 0.003308794939
16.05 0.003297853307
16.052 0.002652501009
16.054 0.00260519849
16.056 0.00207049143
16.058 0.001984342132
16.06 0.001543238812
16.062 0.001425500216
16.064 0.001120587842
16.066 0.001164521503
16.068 0.00117342883
16.07 0.001194391552
16.072 0.001187589676
16.074 0.001188434639
16.076 0.001167536338
16.078 0.001151448804
16.08 0.001118681054
16.082 0.001089043677
16.084 0.001046983556
16.086 0.001027676393
16.088 0.00114870395
16.09 0.001184572785
16.092 0.001269788724
16.094 0.001288505643
16.096 0.001340885151
16.098 0.001341324133
16.1 0.001364700713
16.102 0.00134763556
16.104 0.001346276415
16.106 0.001313698076
16.108 0.001292059728
16.11 0.001246728278
16.112 0.001209333404
16.114 0.001154412933
16.116 0.001105532332
16.118 0.001044236161
16.12 0.0009881637861
16.122 0.0009239294216
16.124 0.0008644827559
16.126 0.0008003616186
16.128 0.0007408924014
16.13 0.0007183179807
16.132 0.0007143596604
16.134 0.000709939011
16.136 0.0007045945041
16.138 0.0006985856985
16.14 0.0006919460754
16.142 0.0006847991574
16.144 0.0006925732554
16.146 0.0006996435301
16.148 0.0007053265316
16.15 0.0007095181678
16.152 0.0007123849823
16.154 0.0007138863235
16.156 0.0007141965075
16.158 0.0007133206691
16.16 0.0007114091664
16.162 0.0007084917175
16.164 0.0007047174845
16.166 0.0007001001296
16.168 0.0006948021902
16.17 0.0006888740168
16.172 0.0006824496495
16.174 0.0006755888209
16.176 0.0006684209681
16.178 0.000660999074
16.18 0.0006534302247
16.182 0.0006457623649
16.184 0.0006380955429
16.186 0.0006304632947
16.188 0.0006229376876
16.19 0.0006155480585
16.192 0.0006083651126
16.194 0.0006013992977
16.196 0.0005946978106
16.198 0.000588261897
16.2 0.0005821338854
16.202 0.0005762995771
16.204 0.0005707745295
16.206 0.0005655387373
16.208 0.000560602905
16.21 0.0005559305653
16.212 0.000551519941
16.214 0.0005473340766
16.216 0.0005433722843
16.218 0.0005395933084
16.22 0.0005359862758
16.222 0.0005322373512
16.224 0.000528726346
16.226 0.0005253010341
16.228 0.0005219468922
16.23 0.0005186285608
16.232 0.0005151751935
16.234 0.0005117554091
16.236 0.0005082886879
16.238 0.0005047275471
16.24 0.0005010662167
16.242 0.0004973004938
16.244 0.0004934123355
16.246 0.0004893340847
16.248 0.0004850738355
16.25 0.0004819583373
16.252 0.0004780716309
16.254 0.0004739923673
16.256 0.0004696653755
16.258 0.0004650660725
16.26 0.0004602022182
16.262 0.0004550899134
16.264 0.000449742115
16.266 0.0004441342809
16.268 0.0004382861295
16.27 0.0004321985354
16.272 0.0004257412864
16.274 0.0004191919029
16.276 0.0004199511454
16.278 0.0004055809967
16.28 0.0004207459378
16.282 0.0004210281435
16.284 0.0004180047889
16.286 0.000399503752
16.288 0.0004182998845
16.29 0.0004225186748
16.292 0.0004154202867
16.294 0.000398414551
16.296 0.00041595336
16.298 0.0003959966172
16.3 0.0004123896324
16.302 0.0003985366038
16.304 0.0004133683292
16.306 0.0003933082287
16.308 0.0004136008403
16.31 0.0004139316232
16.312 0.0004104402505
16.314 0.0003905658503
16.316 0.0004105938427
16.318 0.0003904915827
16.32 0.0004059463941
16.322 0.0003903704657
16.324 0.0004070283681
16.326 0.0003867377452
16.328 0.0004067019656
16.33 0.0004028925089
16.332 0.0004030092547
16.334 0.0003824834245
16.336 0.0004023617807
16.338 0.0003819439244
16.34 0.0003970059916
16.342 0.0003802605478
16.344 0.000397713312
16.346 0.0003773115124
16.348 0.0003970461959
16.35 0.0003930747932
16.352 0.00039309097
16.354 0.0003724976676
16.356 0.0003921969462
16.358 0.0003717410393
16.36 0.0003866713487
16.362 0.000370587536
16.364 0.0003872097479
16.366 0.0003667940235
16.368 0.0003863984459
16.37 0.0003832773441
16.372 0.0003823289231
16.374 0.0003617476502
16.376 0.0003813398375
16.378 0.00036090057
16.38 0.0003757463442
16.382 0.0003604332758
16.384 0.0003762027059
16.386 0.0003556436968
16.388 0.0003749835094
16.39 0.0003727821161
16.392 0.0003705731083
16.394 0.0003500153038
16.396 0.0003692717635
16.398 0.00034876065
16.4 0.0003680999838
16.402 0.0003636608605
16.404 0.0003636318931
16.406 0.0003429374753
16.408 0.0003622231423
16.41 0.0003416802479
16.412 0.0003567531948
16.414 0.0003421263884
16.416 0.0003563461884
16.418 0.0003358897709
16.42 0.0003551481348
16.422 0.0003549696873
16.424 0.0003507859829
16.426 0.0003324336625
16.428 0.0003495191303
16.43 0.0003291195193
16.432 0.0003483698557
16.434 0.0003462549356
16.436 0.000343926149
16.438 0.000324282172
16.44 0.0003425014797
16.442 0.0003220362794
16.444 0.000339436168
16.446 0.0003248024748
16.448 0.0003365520504
16.45 0.0003161598727
16.452 0.0003352931688
16.454 0.00031486358
16.456 0.0003312683231
16.458 0.0003168663941
16.46 0.0003291996666
16.462 0.000308777335
16.464 0.0003278049882
16.466 0.0003303399765
16.468 0.0003232634601
16.47 0.000308127457
16.472 0.000321815232
16.474 0.000301472808
16.476 0.0003205384786
16.478 0.0003222565533
16.48 0.0003160558864
16.482 0.0003004659222
16.484 0.0003146380023
16.486 0.0002947478144
16.488 0.0003133803656
16.49 0.0003153145172
16.492 0.0003089129033
16.494 0.0002939200368
16.496 0.0003075209053
16.498 0.0002945400123
16.5 0.0003096849827
16.502 0.0002952583598
16.504 0.0003020346209
16.506 0.0002894857871
16.508 0.0003011849888
16.51 0.0002969559141
16.512 0.0003026521788
16.514 0.0002884305647
16.516 0.0002963471739
16.518 0.000290635403
16.52 0.0002957522504
16.522 0.0003026001678
16.524 0.0002921572953
16.526 0.0002848815831
16.528 0.0002917146808
16.53 0.000294401351
16.532 0.0002915313715
16.534 0.0002959208771
16.536 0.0002882458653
16.538 0.0002869284537
16.54 0.0002880533406
16.542 0.0002960215075
16.544 0.0002909070703
16.546 0.0002931701878
16.548 0.0002954274872
16.55 0.0002976697097
16.552 0.00029989634
16.554 0.0003021071447
16.556 0.0003043030109
16.558 0.0003064759223
16.56 0.0003086395682
16.562 0.0003107832588
16.564 0.0003129099033
16.566 0.0003150183882
16.568 0.0003171083451
16.57 0.0003191727804
16.572 0.0003212272702
16.574 0.0003232594701
16.576 0.000325272028
16.578 0.0003272647555
16.58 0.0003292377941
16.582 0.000331184569
16.584 0.0003331208606
16.586 0.0003350338817
16.588 0.0003369255432
16.59 0.0003387958241
16.592 0.0003406441179
16.594 0.0003424661892
16.596 0.0003442732829
16.598 0.0003460539624
16.6 0.0003478120781
16.602 0.0003495461997
16.604 0.0003512551934
16.606 0.0003529344125
16.608 0.0003545979057
16.61 0.0003562348292
16.612 0.00035784692
16.614 0.0003598571059
16.616 0.0003616448099
16.618 0.0003633966231
16.62 0.0003651047795
16.622 0.0003667755327
16.624 0.0003684059262
16.626 0.0003699969277
16.628 0.0003715472807
16.63 0.0003730538561
16.632 0.0003745284762
16.634 0.0003759640226
16.636 0.0003773602467
16.638 0.0003787156023
16.64 0.0003800348867
16.642 0.0003813170244
16.644 0.0003825544619
16.646 0.0003837653479
16.648 0.0003849375983
16.65 0.0003861022037
16.652 0.0003872099984
16.654 0.0003882786554
16.656 0.0003893011506
16.658 0.0003902963826
16.66 0.0003912506499
16.662 0.0003921702685
16.664 0.0003930525549
16.666 0.0003939049231
16.668 0.0003947204118
16.67 0.0003954973913
16.672 0.0003962481143
16.674 0.0003969644277
16.676 0.0003976470302
16.678 0.0003982989775
16.68 0.0003989207493
16.682 0.0003995052851
16.684 0.0004000653482
16.686 0.0004005928335
16.688 0.0004010894926
16.69 0.0004015572
16.692 0.0004019984921
16.694 0.0004024093047
16.696 0.0004027891801
16.698 0.0004031345665
16.7 0.0004034579973
16.702 0.0004037508484
16.704 0.0004040134361
16.706 0.0004042488794
16.708 0.0004044551385
16.71 0.0004046292367
16.712 0.0004047822468
16.714 0.0004049071132
16.716 0.0004136664016
16.718 0.0004172705447
16.72 0.0004203008001
16.722 0.000422402256
16.724 0.0004238283271
16.726 0.0004245385542
16.728 0.0004247226834
16.73 0.0004243790469
16.732 0.0004236454536
16.734 0.0004225346581
16.736 0.0004211548084
16.738 0.0004195169838
16.74 0.0004177005586
16.742 0.0004161882351
16.744 0.0004143536645
16.746 0.0004123824449
16.748 0.0004103332241
16.75 0.0004082055806
16.752 0.0004060427739
16.754 0.0004038395958
16.756 0.0004016601215
16.758 0.0003994674356
16.76 0.0003972962742
16.762 0.0003951416628
16.764 0.0003930260265
16.766 0.0003909423054
16.768 0.0003889019881
16.77 0.0003869104389
16.772 0.0003879765375
16.774 0.0003891498175
16.776 0.0003903050524
16.778 0.0003926677748
16.78 0.0003937357492
16.782 0.000401318817
16.784 0.0003974440247
16.786 0.00039605523
16.788 0.0004001194321
16.79 0.0003997126714
16.792 0.0004052693699
16.794 0.0004091776352
16.796 0.0004105878998
16.798 0.000418028356
16.8 0.0004129455128
16.802 0.0004080924782
16.804 0.0004184892376
16.806 0.0004289174624
16.808 0.0004146270328
16.81 0.000433152056
16.812 0.0004244802735
16.814 0.0004333610344
16.816 0.0004235100721
16.818 0.0004385915461
16.82 0.0004273405394
16.822 0.0004441927046
16.824 0.0004324906412
16.826 0.0004497895466
16.828 0.0004378250952
16.83 0.000455467294
16.832 0.0004727736956
16.834 0.0004589661208
16.836 0.0004686272047
16.838 0.0004613603011
16.84 0.0004732768911
16.842 0.0004628610092
16.844 0.0004781946169
16.846 0.0004646994074
16.848 0.0004832613797
16.85 0.0004963411309
16.852 0.0004853299222
16.854 0.0004824302306
16.856 0.0004905717581
16.858 0.0004806265509
16.86 0.0004961694549
16.862 0.0004802365566
16.864 0.000501845934
16.866 0.0005119751758
16.868 0.0005068051466
16.87 0.000512655289
16.872 0.0004955475867
16.874 0.0005161951146
16.876 0.0004992921675
16.878 0.0005199468991
16.88 0.0005030124626
16.882 0.0005235544485
16.884 0.0005065065707
16.886 0.0005268620554
16.888 0.0005174580957
16.89 0.0005268635883
16.892 0.0005356222459
16.894 0.0005176501023
16.896 0.0005369796246
16.898 0.0005189080127
16.9 0.0005382579121
16.902 0.0005201585197
16.904 0.0005394189993
16.906 0.000530772093
16.908 0.0005374867216
16.91 0.0005192960845
16.912 0.0005386097049
16.914 0.0005206615922
16.916 0.0005400470025
16.918 0.0005221529035
16.92 0.0005415039329
16.922 0.0005235675563
16.924 0.000542476093
16.926 0.0005478919921
16.928 0.0005291301309
16.93 0.0005476344193
16.932 0.0005290347231
16.934 0.0005476919512
16.936 0.0005291866102
16.938 0.0005478473483
16.94 0.0005293401433
16.942 0.0005509291438
16.944 0.0005394122874
16.946 0.0005450368024
16.948 0.0005356437594
16.95 0.0005454599631
16.952 0.0005323644139
16.954 0.0005459459949
16.956 0.0005307795697
16.958 0.0005463400193
16.96 0.0005565558834
16.962 0.0005436627555
16.964 0.0005509775201
16.966 0.0005348760939
16.968 0.0005497352654
16.97 0.0005306458975
16.972 0.0005484453257
16.974 0.0005373793705
16.976 0.0005470164601
16.978 0.0005519309179
16.98 0.0005425050715
16.982 0.0005335063727
16.984 0.0005408885653
16.986 0.000537719604
16.988 0.0005394767137
16.99 0.0005434696559
16.992 0.0005379438043
16.994 0.0005459580104
16.996 0.0005333563989
16.998 0.0005337309287
17 0.0005316282176
17.002 0.0005418530498
17.004 0.0005300667876
17.006 0.0005471398685
17.008 0.0005283375347
17.01 0.0005345339431
17.012 0.0005300015987
17.014 0.0005279047393
17.016 0.0005341012732
17.018 0.0005239797547
17.02 0.0005433202724
17.022 0.0005237065864
17.024 0.0005491315592
17.026 0.000528380146
17.028 0.0005170448492
17.03 0.0005101198598
17.032 0.0005385205164
17.034 0.0005196964776
17.036 0.000546058797
17.038 0.0005258390225
17.04 0.0005506767207
17.042 0.0005295366378
17.044 0.0005532998201
17.046 0.0004956685121
17.048 0.0005038930539
17.05 0.0005331071398
17.052 0.0005158190745
17.054 0.0005425954875
17.056 0.0005234101731
17.058 0.0005483572854
17.06 0.0005279092262
17.062 0.0005088092352
17.064 0.000512146322
17.066 0.0005408572922
17.068 0.000522943385
17.07 0.0005493857309
17.072 0.0005301000868
17.074 0.000555048013
17.076 0.0005345444858
17.078 0.0005582584104
17.08 0.0004913561346
17.082 0.0005094901831
17.084 0.0005384560426
17.086 0.0005214224854
17.088 0.0005479225382
17.09 0.0005289618499
17.092 0.0005536394051
17.094 0.0005333964269
17.096 0.0005568304394
17.098 0.0004899941361
17.1 0.0005378127718
17.102 0.0005200345844
17.104 0.0005169304772
17.106 0.0005437286219
17.108 0.0005254897614
17.11 0.0005503395714
17.112 0.0005306004551
17.114 0.0005541080069
17.116 0.000487583427
17.118 0.0005354611115
17.12 0.0005179863435
17.122 0.0005441826202
17.124 0.0005250699763
17.126 0.0005206289653
17.128 0.0005458935341
17.13 0.0005269156185
17.132 0.0005506495241
17.134 0.0004845546467
17.136 0.0005325436119
17.138 0.0005154408565
17.14 0.0005416338106
17.142 0.0005228082046
17.144 0.0005184915683
17.146 0.0005437038021
17.148 0.0005249060488
17.15 0.0005485690838
17.152 0.0005285200831
17.154 0.0005063282489
17.156 0.0005091242717
17.158 0.0005071393427
17.16 0.0005344018828
17.162 0.0005171671313
17.164 0.0005422081561
17.166 0.0005231791356
17.168 0.0005466892124
17.17 0.0005264603527
17.172 0.0004746122123
17.174 0.0005235433983
17.176 0.0005078422088
17.178 0.0005345245891
17.18 0.000516591351
17.182 0.0005128158945
17.184 0.0005379940247
17.186 0.0005195794558
17.188 0.0005431551301
17.19 0.0005232572923
17.192 0.0005011058593
17.194 0.0005038359331
17.196 0.0005017810966
17.198 0.0005289257379
17.2 0.0005116078153
17.202 0.0005364835212
17.204 0.0005173075699
17.206 0.0005123698047
17.208 0.0005365333608
17.21 0.0005173808419
17.212 0.000495686287
17.214 0.0004988328644
17.216 0.0004970999938
17.218 0.0005243371305
17.22 0.0005071818708
17.222 0.0005038612234
17.224 0.0005293257044
17.226 0.0005111258233
17.228 0.0005348497092
17.23 0.0005149751185
17.232 0.0005943394726
17.234 0.0005124285324
17.236 0.0004967057798
17.238 0.0004947277593
17.24 0.0005216369943
17.242 0.0005041954947
17.244 0.0005288909757
17.246 0.000509459664
17.248 0.0005042695676
17.25 0.0004840059509
17.252 0.000487995143
17.254 0.0004869144358
17.256 0.0005148197554
17.258 0.0004978585315
17.26 0.0004947451954
17.262 0.0005205830412
17.264 0.0005023022047
17.266 0.0005262605165
17.268 0.000506201127
17.27 0.0004550843973
17.272 0.0005039215607
17.274 0.0004878067762
17.276 0.0004855894183
17.278 0.0005126114543
17.28 0.0004947454072
17.282 0.0004909249083
17.284 0.0005162653803
17.286 0.0004974381594
17.288 0.0004668646787
17.29 0.0004969370339
17.292 0.0004813579805
17.294 0.0004795916569
17.296 0.0005070081889
17.298 0.0004893829184
17.3 0.0004857264851
17.302 0.0005113265394
17.304 0.0004925280601
17.306 0.0004787608099
17.308 0.0004922958681
17.31 0.0004811429831
17.312 0.0004818076799
17.314 0.0004980564474
17.316 0.0004836928012
17.318 0.0004846956855
17.32 0.0004994900545
17.322 0.0004867641126
17.324 0.0004878307802
17.326 0.0004889037421
17.328 0.0004899889777
17.33 0.0005859034821
17.332 0.0004921574722
17.334 0.000493249743
17.336 0.0004734338717
17.338 0.000464136507
17.34 0.0004892688707
17.342 0.0004470045884
17.344 0.0004442721504
17.346 0.001102234283
17.348 0.0008576486495
17.35 0.0007636682464
17.352 0.0006903041781
17.354 0.0006383372408
17.356 0.0006010256752
17.358 0.0005721167743
17.36 0.0005468305111
17.362 0.0005224618275
17.364 0.0004971240878
17.366 0.0004695316445
17.368 0.0004744577271
17.37 0.0004562586164
17.372 0.0004521704169
17.374 0.0004288407387
17.376 0.0004556154413
17.378 0.0004406086498
17.38 0.0004393775946
17.382 0.0004386974662
17.384 0.0004670465864
17.386 0.0004496279985
17.388 0.0004461461474
17.39 0.0004478493282
17.392 0.0004500152122
17.394 0.0004521259492
17.396 0.0004541805705
17.398 0.0004617120051
17.4 0.0004581194512
17.402 0.0004600045898
17.404 0.0004618260309
17.406 0.0004636012468
17.408 0.000465315043
17.41 0.0004669781522
17.412 0.0004685958521
17.414 0.0004564006422
17.416 0.0004612359084
17.418 0.0004618081013
17.42 0.0004644494815
17.422 0.0004670389588
17.424 0.0004695921511
17.426 0.0004720937769
17.428 0.0004745544787
17.43 0.0004769672414
17.432 0.0004796100192
17.434 0.0004820588655
17.436 0.0004844247998
17.438 0.000486717949
17.44 0.0004889468398
17.442 0.000491125871
17.444 0.0004932274229
17.446 0.0004952762235
17.448 0.001101813241
17.45 0.0008609555864
17.452 0.0007688146517
17.454 0.0006971679138
17.456 0.0006464969881
17.458 0.0006100316894
17.46 0.0005815726664
17.462 0.0005564252967
17.464 0.0005315403211
17.466 0.0005056964595
17.468 0.0004776839433
17.47 0.0004674403072
17.472 0.0004635757877
17.474 0.0004605168403
17.476 0.0004581547341
17.478 0.0004564059894
17.48 0.0004554762793
17.482 0.0004577401013
17.484 0.0004599956617
17.486 0.000462220106
17.488 0.000464422156
17.49 0.0004665976216
17.492 0.0004709215971
17.494 0.0004708587181
17.496 0.0004729509142
17.498 0.000475010879
17.5 0.0004770398862
17.502 0.0004790374482
17.504 0.0004809950931
17.506 0.0004829324495
17.508 0.0004848315242
17.51 0.000486696323
17.512 0.0004885259184
17.514 0.0004903196338
17.516 0.0004920715861
17.518 0.0004938653813
17.52 0.0004956202042
17.522 0.0004973199542
17.524 0.0004989861805
17.526 0.0005005958262
17.528 0.0005021666903
17.53 0.0005036804017
17.532 0.000505149096
17.534 0.0005065628437
17.536 0.0005079234993
17.538 0.0005093256151
17.54 0.000511788687
17.542 0.0005142291189
17.544 0.0005166354384
17.546 0.0005190169542
17.548 0.0005213624317
17.55 0.0005236774817
17.552 0.0005260351721
17.554 0.0005283600196
17.556 0.0005306370651
17.558 0.0005328831255
17.56 0.0005350817019
17.562 0.0005372452996
17.564 0.0005393670176
17.566 0.0005414515667
17.568 0.0005434872877
17.57 0.0005454821501
17.572 0.0005476182997
17.574 0.0005496358833
17.576 0.0005516032099
17.578 0.0005535406879
17.58 0.0005554356854
17.582 0.000557277545
17.584 0.0005590708248
17.586 0.0005607992202
17.588 0.0005627233694
17.59 0.0005645391921
17.592 0.0005662931812
17.594 0.0005679663429
17.596 0.0005695636536
17.598 0.000571093064
17.6 0.0005725384914
17.602 0.0005738976317
17.604 0.0005751794308
17.606 0.0005763716035
17.608 0.0005774733073
17.61 0.0005785479907
17.612 0.0005796013072
17.614 0.000580612345
17.616 0.000581586093
17.618 0.0005825087403
17.62 0.000583365496
17.622 0.00058417701
17.624 0.0005849167214
17.626 0.0005856092087
17.628 0.0005861920969
17.63 0.0005867390815
17.632 0.0005872106966
17.634 0.0005876343412
17.636 0.0005879749061
17.638 0.0005882661885
17.64 0.0005883351174
17.642 0.0005885555022
17.644 0.0005886491357
17.646 0.0005885510396
17.648 0.0005885581589
17.65 0.0005884742026
17.652 0.0005883006935
17.654 0.0005879472609
17.656 0.0005877005215
17.658 0.0005873519559
17.66 0.0005868232578
17.662 0.0005863951373
17.664 0.0005858648234
17.666 0.0005851793282
17.668 0.0005844294975
17.67 0.0005836425611
17.672 0.0005828042679
17.674 0.0005819013082
17.676 0.0005808664176
17.678 0.0005799129947
17.68 0.000578934608
17.682 0.0005778927609
17.684 0.0005768109655
17.686 0.0005756170081
17.688 0.0005744850519
17.69 0.0005733062453
17.692 0.0005720854628
17.694 0.0005707673317
17.696 0.0005694941612
17.698 0.0005681846564
17.7 0.0005667783432
17.702 0.0005654060616
17.704 0.000563997161
17.706 0.0005625059748
17.708 0.0005610296255
17.71 0.0005595283929
17.712 0.000557944505
17.714 0.0005563812428
17.716 0.0005547857353
17.718 0.0005531184169
17.72 0.0005514603275
17.722 0.0005497408131
17.724 0.0005480090651
17.726 0.0005462396701
17.728 0.0005444407977
17.73 0.0005426119551
17.732 0.0005407492808
17.734 0.0005388644321
17.736 0.0005369311697
17.738 0.0005349967869
17.74 0.0005329912455
17.742 0.0005309955492
17.744 0.0005289390504
17.746 0.0005268922879
17.748 0.0005247680739
17.75 0.0005226750088
17.752 0.0005204883287
17.754 0.000518330543
17.756 0.0005161062295
17.758 0.0005138470686
17.76 0.0005115999481
17.762 0.0005093059251
17.764 0.0005069395788
17.766 0.0005046236844
17.768 0.0005022363265
17.77 0.0004997887051
17.772 0.0004997574284
17.774 0.0004949307451
17.776 0.0004929400701
17.778 0.0005015801869
17.78 0.0004873933897
17.782 0.0004946129801
17.784 0.0004816677398
17.786 0.0004907576975
17.788 0.0005005126317
17.79 0.0004734365039
17.792 0.0004952355658
17.794 0.0005044277496
17.796 0.0004688871963
17.798 0.0004982674218
17.8 0.0005071641057
17.802 0.0004925408644
17.804 0.0005011018083
17.806 0.0005083065046
17.808 0.0005142878154
17.81 0.0005191860674
17.812 0.000523103201
17.814 0.0005261317628
17.816 0.0005283650759
17.818 0.0005298953582
17.82 0.0005307759099
17.822 0.0005310788138
17.824 0.0005308539267
17.826 0.0005301602705
17.828 0.000529047357
17.83 0.0005275424639
17.832 0.0005257008979
17.834 0.0005235321569
17.836 0.000521090056
17.838 0.0005183887384
17.84 0.0005154464468
17.842 0.0005122905249
17.844 0.0005089366076
17.846 0.0005141337558
17.848 0.0005017096286
17.85 0.0005089139745
17.852 0.0005182415111
17.854 0.0004897580543
17.856 0.0005116510296
17.858 0.0004811863494
17.86 0.000507692421
17.862 0.0005175543651
17.864 0.000481493719
17.866 0.0005116373233
17.868 0.0004769210209
17.87 0.0005080665607
17.872 0.0005180299959
17.874 0.0004819653135
17.876 0.000512211363
17.878 0.0004774595778
17.88 0.0005086628061
17.882 0.0005186561951
17.884 0.0004824978449
17.886 0.000512729479
17.888 0.0004778762834
17.89 0.00050906635
17.892 0.0005190477863
17.894 0.000482812709
17.896 0.0005130823495
17.898 0.0004781219164
17.9 0.0005093247519
17.902 0.0005192686396
17.904 0.000482915104
17.906 0.000513166202
17.908 0.0004780707493
17.91 0.0005092544014
17.912 0.0005191308808
17.914 0.0004826445971
17.916 0.0005128607226
17.918 0.0004776362013
17.92 0.0005087816324
17.922 0.0005185995365
17.924 0.0004819852079
17.926 0.0005121669573
17.928 0.0004768229223
17.93 0.0005079432231
17.932 0.0005171241797
17.934 0.0004801686592
17.936 0.0005101915175
17.938 0.0004745420116
17.94 0.0005055698923
17.942 0.0005152078397
17.944 0.000478245402
17.946 0.0005083673069
17.948 0.000472705593
17.95 0.000503793921
17.952 0.0005134400569
17.954 0.0004764270391
17.956 0.0005065580968
17.958 0.0004708393341
17.96 0.00050190989
17.962 0.0005115271669
17.964 0.0004744606497
17.966 0.0005045380926
17.968 0.0004687654405
17.97 0.0004997679627
17.972 0.0005093002792
17.974 0.0004721824168
17.976 0.0005021697733
17.978 0.0004663538261
17.98 0.0004972374146
17.982 0.0005066758591
17.984 0.0004695173503
17.986 0.0004993888626
17.988 0.0004635467319
17.99 0.000494327827
17.992 0.0005036828139
17.994 0.000466540537
17.996 0.0004963100704
17.998 0.0004604738803
18 0.0004911427531
18.002 0.0005004286597
18.004 0.00046326419
18.006 0.000492901805
18.008 0.0004570720001
18.01 0.0004876118026
18.012 0.0004527702167
18.014 0.0004838968129
18.016 0.0004936223211
18.018 0.0004570249028
18.02 0.0004868459516
18.022 0.0004514026494
18.024 0.0004819952868
18.026 0.0004912714862
18.028 0.0004543686593
18.03 0.0004838308827
18.032 0.0004482214262
18.034 0.0004785149215
18.036 0.0004438663063
18.038 0.0004747180424
18.04 0.0004842983044
18.042 0.0004478748787
18.044 0.0004774158469
18.046 0.0004421674704
18.048 0.0004724651901
18.05 0.0004381157331
18.052 0.0004689211881
18.054 0.0004785358111
18.056 0.0004423441371
18.058 0.0004718046264
18.06 0.000436771939
18.062 0.0004669712573
18.064 0.0004328107174
18.066 0.000463498448
18.068 0.0004299386091
18.07 0.000460936608
18.072 0.0004277859481
18.074 0.0004589718555
18.076 0.0004690748167
18.078 0.0004336299476
18.08 0.0004632470564
18.082 0.0004287786531
18.084 0.0004590256257
18.086 0.0004253090193
18.088 0.0004559703121
18.09 0.0004227552856
18.092 0.0004536917055
18.094 0.0004208192066
18.096 0.0004519313792
18.098 0.0004192815026
18.1 0.0004505105062
18.102 0.0004180155611
18.104 0.0004493179613
18.106 0.0004169170652
18.108 0.0004482708086
18.11 0.0004159357219
18.112 0.0004473235326
18.114 0.0004150292454
18.116 0.0004464530729
18.118 0.0004141846786
18.12 0.0004456255434
18.122 0.0004133525389
18.124 0.0004448135226
18.126 0.0004125387361
18.128 0.0004440156363
18.13 0.000411723774
18.132 0.000443443284
18.134 0.0004112191633
18.136 0.0004427846772
18.138 0.0004105268709
18.14 0.0004420944205
18.142 0.000409802631
18.144 0.0004413832306
18.146 0.0004090623823
18.148 0.0004406644277
18.15 0.0004083120191
18.152 0.000439994164
18.154 0.0004075849955
18.156 0.0004392282093
18.158 0.0004068218097
18.16 0.0004384879336
18.162 0.0004060688847
18.164 0.0004377628975
18.166 0.0004053275234
18.168 0.000437140621
18.17 0.0004046270056
18.172 0.0004364330309
18.174 0.0004039252497
18.176 0.0004358331117
18.178 0.0004033114179
18.18 0.0004352822317
18.182 0.0004027174239
18.184 0.0004348136658
18.186 0.0004021848958
18.188 0.0004342613114
18.19 0.000401632191
18.192 0.0004337624155
18.194 0.0004010899019
18.196 0.0004332420551
18.198 0.0004006064182
18.2 0.0004327548514
18.202 0.0003999060225
18.204 0.000432082033
18.206 0.0003993203507
18.208 0.0003882221621
18.21 0.0004227512637
18.212 0.000392090542
18.214 0.0004258524209
18.216 0.0003945263262
18.218 0.0004277854608
18.22 0.0003959368536
18.222 0.0004289675931
18.224 0.0003967276979
18.226 0.0004294628356
18.228 0.0003970326934
18.23 0.000429655925
18.232 0.0003970502756
18.234 0.0004296198248
18.236 0.0003968853708
18.238 0.000429338174
18.24 0.0003965645487
18.242 0.0003855264395
18.244 0.0004201884296
18.246 0.0003895215666
18.248 0.0004233998216
18.25 0.000392046352
18.252 0.0004253641661
18.254 0.0003936061645
18.256 0.0004265437567
18.258 0.0003943823638
18.26 0.0004271204831
18.262 0.0003948537489
18.264 0.0004274191323
18.266 0.0003949305277
18.268 0.0004274207347
18.27 0.0003948818728
18.272 0.0003840813868
18.274 0.0004186550152
18.276 0.000388215198
18.278 0.0004220509471
18.28 0.0003909075156
18.282 0.0004242529469
18.284 0.0003925908847
18.286 0.0004254927162
18.288 0.0003935448577
18.29 0.0004262645144
18.292 0.0003940640757
18.294 0.0004265372366
18.296 0.0003942375538
18.298 0.0004266457564
18.3 0.000394233213
18.302 0.0003834380855
18.304 0.0004178444017
18.306 0.0003876450544
18.308 0.0004212355204
18.31 0.0003902602245
18.312 0.0004233047565
18.314 0.0003919207962
18.316 0.0004245429398
18.318 0.0003927578503
18.32 0.000425197486
18.322 0.0003931318138
18.324 0.0003826136534
18.326 0.0004168404578
18.328 0.0003868216476
18.33 0.0004203262106
18.332 0.0003895302981
18.334 0.0004223538888
18.336 0.0003910836451
18.338 0.000423577024
18.34 0.0003920031617
18.342 0.0003816389623
18.344 0.0004158266053
18.346 0.0003861477946
18.348 0.0004194476886
18.35 0.0003888997164
18.352 0.0004215985362
18.354 0.0003905757637
18.356 0.0004228870006
18.358 0.0003913940345
18.36 0.0003811798647
18.362 0.0004151578066
18.364 0.0003855306552
18.366 0.0004186907829
18.368 0.0003883353294
18.37 0.0004208937293
18.372 0.0003898814673
18.374 0.0003799953037
18.376 0.0004140246821
18.378 0.0003847009877
18.38 0.0004178355457
18.382 0.0003877634355
18.384 0.0004201723656
18.386 0.0003892908127
18.388 0.0003797714962
18.39 0.0004133155372
18.392 0.0003840839407
18.394 0.0004171602456
18.396 0.0003870593339
18.398 0.0003782556567
18.4 0.0004118514942
18.402 0.0003831133253
18.404 0.0004162504058
18.406 0.0003864756074
18.408 0.0003773301849
18.41 0.0004115284055
18.412 0.0003828652948
18.414 0.0004160442231
18.416 0.0003864240874
18.418 0.0003795495226
18.42 0.0004114088295
18.422 0.0003870163953
18.424 0.0004159351722
18.426 0.0003956639875
18.428 0.0004003027861
18.43 0.0004112199961
18.432 0.0004095399857
18.434 0.0004156900541
18.436 0.0004188853563
18.438 0.0004237237448
18.44 0.0004285499702
18.442 0.0004333867691
18.444 0.0004381088349
18.446 0.0004430608281
18.448 0.0004479339168
18.45 0.0004528288334
18.452 0.0004577066903
18.454 0.0004624611366
18.456 0.000467419156
18.458 0.0004722677053
18.46 0.0004771719705
18.462 0.0004819043622
18.464 0.0004868084588
18.466 0.000491712874
18.468 0.0004965051229
18.47 0.0005013290353
18.472 0.0005059927939
18.474 0.0005108832702
18.476 0.0005156299537
18.478 0.0005204172408
18.48 0.0005250732419
18.482 0.0005298553021
18.484 0.000534602771
18.486 0.0005393192142
18.488 0.0005439087176
18.49 0.0005486406023
18.492 0.0005528031053
18.494 0.0005572485597
18.496 0.0005615893344
18.498 0.0005661670005
18.5 0.0005706514383
18.502 0.0005751477217
18.504 0.000579544848
18.506 0.0005840852186
18.508 0.000588559266
18.51 0.0005930216895
18.512 0.0005973798343
18.514 0.0006018589676
18.516 0.0006062614538
18.518 0.0006106689207
18.52 0.0006149172311
18.522 0.0006193462617
18.524 0.0006237082622
18.526 0.0006280331553
18.528 0.0006322407421
18.53 0.0006366176237
18.532 0.000640876258
18.534 0.0006451274547
18.536 0.0006492493965
18.538 0.0006534875517
18.54 0.0006576419631
18.542 0.0006617883771
18.544 0.0006657600112
18.546 0.0006698726196
18.548 0.0006738914052
18.55 0.0006778495443
18.552 0.0006816707241
18.554 0.0006856145402
18.556 0.0006894735029
18.558 0.0006931698736
18.56 0.0006970071762
18.562 0.0007007500109
18.564 0.0007044308205
18.566 0.0007079608378
18.568 0.0007116291858
18.57 0.0007151637073
18.572 0.000718660622
18.574 0.0007220226754
18.576 0.0007254647803
18.578 0.0007287999812
18.58 0.0007321152529
18.582 0.0007352542964
18.584 0.0007385091427
18.586 0.0007416730933
18.588 0.0007446761424
18.59 0.0007477693971
18.592 0.000750766932
18.594 0.0007536853277
18.596 0.0007564747867
18.598 0.0007593651035
18.6 0.0007621174699
18.602 0.0007648158234
18.604 0.0007673784674
18.606 0.0007700092236
18.608 0.0007725319519
18.61 0.0007749151517
18.612 0.0007774105411
18.614 0.0007797664615
18.616 0.0007820828882
18.618 0.0007842681349
18.62 0.0007860947201
18.622 0.0007879911792
18.624 0.0007898795523
18.626 0.0007916042749
18.628 0.0007934577317
18.63 0.000795232806
18.632 0.0007968329805
18.634 0.0007986780427
18.636 0.0008003887604
18.638 0.0008020178744
18.64 0.0008035032925
18.642 0.0008050939717
18.644 0.0008065478585
18.646 0.0008079491575
18.648 0.0008092131787
18.65 0.0008105374334
18.652 0.0008117460652
18.654 0.0008128279528
18.656 0.0008139608062
18.658 0.0008149811796
18.66 0.0008164179743
18.662 0.0008174687358
18.664 0.0008185827608
18.666 0.0008195614132
18.668 0.0008203443299
18.67 0.000821182698
18.672 0.0008218886841
18.674 0.0008224846788
18.676 0.0008229062305
18.678 0.0008233993341
18.68 0.0008237228916
18.682 0.0008238861639
18.684 0.0008241175544
18.686 0.0008241894785
18.688 0.0008241846936
18.69 0.0008240252434
18.692 0.0008238951725
18.694 0.0008236585023
18.696 0.0008232296942
18.698 0.0008228618549
18.7 0.0008223771192
18.702 0.0008217897069
18.704 0.0008210440563
18.706 0.0008203657219
18.708 0.0008195288168
18.71 0.0008185481747
18.712 0.0008176246016
18.714 0.0008165484827
18.716 0.0008154003313
18.718 0.000814112925
18.72 0.0008128389274
18.722 0.0008114497214
18.724 0.0008099224167
18.726 0.0008084140843
18.728 0.000806789288
18.73 0.0008051072034
18.732 0.0008032360017
18.734 0.0008014371302
18.736 0.0007994923551
18.738 0.0007973988884
18.74 0.0007953607273
18.742 0.0007931832097
18.744 0.0007909326069
18.746 0.0007885670313
18.748 0.0007862357627
18.75 0.0007838044484
18.752 0.0007812560235
18.754 0.0007787327284
18.756 0.0007761029362
18.758 0.0007734268201
18.76 0.0007705744355
18.762 0.0007677801731
18.764 0.0007648843223
18.766 0.000761819501
18.768 0.0007588336975
18.77 0.0007556992043
18.772 0.0007525040237
18.774 0.0007491710595
18.776 0.0007458630599
18.778 0.0007424406199
18.78 0.0007388978283
18.782 0.0007353714046
18.784 0.0007317343395
18.786 0.0007280461529
18.788 0.0007241883912
18.79 0.0007203850117
18.792 0.0007164811596
18.794 0.0007124207249
18.796 0.0007084233646
18.798 0.0007042937634
18.8 0.0007001074443
18.802 0.0006957936867
18.804 0.0006915140481
18.806 0.0006871251006
18.808 0.0006826255262
18.81 0.0006781500708
18.812 0.0006735809723
18.814 0.0006689652668
18.816 0.0006642021699
18.818 0.0006594974196
18.82 0.0006547079642
18.822 0.0006497762864
18.824 0.0006449163813
18.826 0.0006399410418
18.828 0.0006349207238
18.83 0.0006297964854
18.832 0.0006247108745
18.834 0.0006195349403
18.836 0.0006142627726
18.838 0.000609008163
18.84 0.0006036638887
18.842 0.0005982812359
18.844 0.0005927584109
18.846 0.000587296973
18.848 0.0005817595741
18.85 0.0005760917968
18.852 0.0005704866036
18.854 0.0005648130802
18.856 0.0005590769002
18.858 0.0005532523942
18.86 0.0005475030689
18.862 0.0005416559626
18.864 0.000535720647
18.866 0.0005298643675
18.868 0.0005239169105
18.87 0.0005179624752
18.872 0.000511892381
18.874 0.0005058998655
18.876 0.0004998574645
18.878 0.000493706734
18.88 0.0004876319226
18.882 0.000481513722
18.884 0.0004752929482
18.886 0.0004691543841
18.888 0.0004629731455
18.89 0.000456756897
18.892 0.0004505825339
18.894 0.0004445659699
18.896 0.0004384955209
18.898 0.0004323518302
18.9 0.0006093992554
18.902 0.000420193364
18.904 0.000414078522
18.906 0.0004079138285
18.908 0.0004017964245
18.91 0.0003956572596
18.912 0.0003894624457
18.914 0.0003833334188
18.916 0.0003771972727
18.918 0.0003710809172
18.92 0.0003649051759
18.922 0.0003588274621
18.924 0.0003742981365
18.926 0.0003466342032
18.928 0.0003405995747
18.93 0.0003345528463
18.932 0.0003292603545
18.934 0.0003255519869
18.936 0.0003226458519
18.938 0.0003204394023
18.94 0.0003629584908
18.942 0.0003369200486
18.944 0.0003315016726
18.946 0.0003270996381
18.948 0.0003235768654
18.95 0.0003208600114
18.952 0.0003188220944
18.954 0.0003172721624
18.956 0.0003592085752
18.958 0.0003341702188
18.96 0.0003291666919
18.962 0.000325009396
18.964 0.000321806885
18.966 0.0003192099013
18.968 0.0003172319638
18.97 0.0003156075646
18.972 0.0003570763357
18.974 0.0003321480995
18.976 0.0003269750616
18.978 0.0003227864556
18.98 0.0003194171365
18.982 0.0003166455223
18.984 0.0003144436603
18.986 0.0003127900937
18.988 0.0003115485807
18.99 0.0003536617689
18.992 0.0003289135256
18.994 0.0003239975229
18.996 0.0003198880095
18.998 0.0003165882597
19 0.0003140517149
19.002 0.0003120166119
19.004 0.0003103663057
19.006 0.0003090998915
19.008 0.0003503890507
19.01 0.0003260277641
19.012 0.0003210854414
19.014 0.000317144557
19.016 0.0003140988445
19.018 0.000311599583
19.02 0.0003096676906
19.022 0.0003082599331
19.024 0.0003071745825
19.026 0.0003063133073
19.028 0.0003057227319
19.03 0.0003462752341
19.032 0.0003230684356
19.034 0.0003186528092
19.036 0.0003152563652
19.038 0.0003124872691
19.04 0.0003104541939
19.042 0.0003088257818
19.044 0.0003076382772
19.046 0.0003066564398
19.048 0.0003060081287
19.05 0.0003055382367
19.052 0.0003051694097
19.054 0.00034532896
19.056 0.0003226220718
19.058 0.0003184631351
19.06 0.000315130723
19.062 0.0003125024418
19.064 0.0003105606149
19.066 0.0003090548759
19.068 0.0003078828653
19.07 0.0003070529673
19.072 0.0003065497176
19.074 0.0003062289765
19.076 0.0003060119703
19.078 0.0003060247142
19.08 0.000306060339
19.082 0.0003062125212
19.084 0.0003065056721
19.086 0.0003473624788
19.088 0.0003249216016
19.09 0.0003210757238
19.092 0.0003181960878
19.094 0.0003157838624
19.096 0.0003139943598
19.098 0.0003126380855
19.1 0.0003117241131
19.102 0.0003110728687
19.104 0.0003105860236
19.106 0.0003103267457
19.108 0.000310284926
19.11 0.000310285337
19.112 0.0003104722609
19.114 0.0003107132591
19.116 0.0003109600919
19.118 0.0003112834316
19.12 0.000311658943
19.122 0.0003121944632
19.124 0.000312572984
19.126 0.0003130431342
19.128 0.0003135260854
19.13 0.0003140868973
19.132 0.0003146262121
19.134 0.0003151103461
19.136 0.0003156852871
19.138 0.0003161831835
19.14 0.0003167057382
19.142 0.0003173013302
19.144 0.0003178621104
19.146 0.0003183619326
19.148 0.0003188843258
19.15 0.000319414712
19.152 0.0003200638894
19.154 0.0003205356336
19.156 0.000321047782
19.158 0.0003215714129
19.16 0.0003221520826
19.162 0.0003227068246
19.164 0.0003231883291
19.166 0.0003236955645
19.168 0.0003242709149
19.17 0.0003247525261
19.172 0.0003252604941
19.174 0.0003258359872
19.176 0.0003263775221
19.178 0.0003268519534
19.18 0.0003273533591
19.182 0.0003278624294
19.184 0.0003284912456
19.186 0.0003289390443
19.188 0.0003294334287
19.19 0.0003299408124
19.192 0.0003305054563
19.194 0.0003312133813
19.196 0.0003318799741
19.198 0.0003324521145
19.2 0.0003330896581
19.202 0.0003336373167
19.204 0.0003341924272
19.206 0.0003347480977
19.208 0.0003354200055
19.21 0.0003359065844
19.212 0.0003364332525
19.214 0.0003369655103
19.216 0.000337555597
19.218 0.0003380544163
19.22 0.0003386403066
19.222 0.0003391384655
19.224 0.0003397196502
19.226 0.0003402150637
19.228 0.0003407313284
19.23 0.0003412550172
19.232 0.0003418412227
19.234 0.0003424019636
19.236 0.0003428975764
19.238 0.0003434201577
19.24 0.0003439237181
19.242 0.0003445314673
19.244 0.0003450141199
19.246 0.0003456224655
19.248 0.0003461115099
19.25 0.0003467256053
19.252 0.000347222279
19.254 0.0003477821157
19.256 0.0003483135434
19.258 0.0003488864343
19.26 0.0003495507107
19.262 0.0003500746088
19.264 0.000350621053
19.266 0.0003512080123
19.268 0.0003517616786
19.27 0.000352421314
19.272 0.0003529558021
19.274 0.0003536133442
19.276 0.0003541501333
19.278 0.0003547495732
19.28 0.0003553809923
19.282 0.0003559252978
19.284 0.0003565298658
19.286 0.0003571066842
19.288 0.0003577225465
19.29 0.0003584373107
19.292 0.0003589788675
19.294 0.0003595978368
19.296 0.0003601863616
19.298 0.0003607886619
19.3 0.0003614615559
19.302 0.0003620712725
19.304 0.0003626690962
19.306 0.0003633474808
19.308 0.0003639613487
19.31 0.0003633510247
19.312 0.0003634273606
19.314 0.000363683849
19.316 0.0003640941749
19.318 0.0003645686206
19.32 0.0003651293856
19.322 0.000365815633
19.324 0.000366516867
19.326 0.000367187117
19.328 0.000367934415
19.33 0.0003686372305
19.332 0.0003694029539
19.334 0.0003702057464
19.336 0.0003709570943
19.338 0.0003716975989
19.34 0.0003724819572
19.342 0.000373227148
19.344 0.0003740704563
19.346 0.0003749001292
19.348 0.0003756409003
19.35 0.0003763993336
19.352 0.0003771537234
19.354 0.0003779017584
19.356 0.0003786510148
19.358 0.0003793912411
19.36 0.0003801871008
19.362 0.0003808840327
19.364 0.0003815976057
19.366 0.0003823746958
19.368 0.0003830500918
19.37 0.000383746288
19.372 0.0003844418852
19.374 0.0003851949103
19.376 0.000385855328
19.378 0.0003870318748
19.38 0.0003879830925
19.382 0.0003888663255
19.384 0.0003897226478
19.386 0.0003905384547
19.388 0.0003913911049
19.39 0.0003921208846
19.392 0.0003928541893
19.394 0.0003936310542
19.396 0.0003942947949
19.398 0.0003949718197
19.4 0.000395639398
19.402 0.0003962957122
19.404 0.0003970069966
19.406 0.000397616842
19.408 0.0003982411359
19.41 0.0003988605191
19.412 0.0003994725583
19.414 0.0004000762146
19.416 0.0004006874253
19.418 0.0004013669133
19.42 0.0004020217329
19.422 0.0004027508744
19.424 0.0004033733774
19.426 0.00040407364
19.428 0.0004046769021
19.43 0.0004052916643
19.432 0.0004059021469
19.434 0.0004065033425
19.436 0.0004070977717
19.438 0.0004076852039
19.44 0.0004083334472
19.442 0.0004088784803
19.444 0.0004094408133
19.446 0.0004100022896
19.448 0.00041055916
19.45 0.0004111134982
19.452 0.0004116651987
19.454 0.0004110215644
19.456 0.0004110198543
19.458 0.0004111841919
19.46 0.0004115100617
19.462 0.0004118415824
19.464 0.0004122648599
19.466 0.0004127526736
19.468 0.0004132839128
19.47 0.0004139122554
19.472 0.0004144771833
19.474 0.000415085766
19.476 0.0004157127432
19.478 0.0004163486224
19.48 0.0004169884408
19.482 0.0004176966352
19.484 0.0004183115467
19.486 0.0004189494026
19.488 0.0004195896296
19.49 0.0004202260166
19.492 0.0004208616091
19.494 0.000421491436
19.496 0.0004221160274
19.498 0.0004227361807
19.5 0.0004233492491
19.502 0.0004227633715
19.504 0.0004226785488
19.506 0.0004227437735
19.508 0.0004228783621
19.51 0.0004230907505
19.512 0.0004232119764
19.514 0.0004234500955
19.516 0.0004237365477
19.518 0.0004240675637
19.52 0.0004244254597
19.522 0.0004248061163
19.524 0.0004252037072
19.526 0.0004256077727
19.528 0.0004260171124
19.53 0.0004264281395
19.532 0.0004268415931
19.534 0.0004272499791
19.536 0.0004276506921
19.538 0.0004280417093
19.54 0.0004284277922
19.542 0.0004288036025
19.544 0.0004291751222
19.546 0.0004295409505
19.548 0.0004299098066
19.55 0.0004302556063
19.552 0.0004306111254
19.554 0.0004309453521
19.556 0.0004312871754
19.558 0.0004316097062
19.56 0.0004319357273
19.562 0.0004322440646
19.564 0.0004325570364
19.566 0.0004328605566
19.568 0.0004331486751
19.57 0.0004334412418
19.572 0.0004337237512
19.574 0.0004339934791
19.576 0.000434266004
19.578 0.0004345362999
19.58 0.0008552240005
19.582 0.0004264725632
19.584 0.0004289419658
19.586 0.0004198776606
19.588 0.0004200326577
19.59 0.0004167953311
19.592 0.0004165670247
19.594 0.0004156035734
19.596 0.0004156282486
19.598 0.0004155977005
19.6 0.0004159466104
19.602 0.0004182989592
19.604 0.0004206169892
19.606 0.0004228881603
19.608 0.0004251557059
19.61 0.0004273754684
19.612 0.0004296041198
19.614 0.0004317380288
19.616 0.0004337689694
19.618 0.0004356930297
19.62 0.0004374994457
19.622 0.0004391919336
19.624 0.000440767099
19.626 0.0004422230221
19.628 0.0004435637292
19.63 0.0004447858988
19.632 0.0004458954922
19.634 0.0004468984965
19.636 0.0004477982051
19.638 0.0004485917476
19.64 0.0004493006631
19.642 0.0004499204626
19.644 0.0004504616783
19.646 0.0004509365369
19.648 0.0004513475809
19.65 0.0004516985835
19.652 0.0004520104711
19.654 0.000452288994
19.656 0.0004524838084
19.658 0.0004526723791
19.66 0.0004528875944
19.662 0.000453094474
19.664 0.0004532547613
19.666 0.0004534373953
19.668 0.0004536742669
19.67 0.0004539293417
19.672 0.0004542133747
19.674 0.0004545106449
19.676 0.0004548673423
19.678 0.000455250678
19.68 0.000455659637
19.682 0.000456079368
19.684 0.0004565514223
19.686 0.0004570332598
19.688 0.0004575079276
19.69 0.0004580280021
19.692 0.0004585476593
19.694 0.0004590477904
19.696 0.0004595801516
19.698 0.0004600925617
19.7 0.0004605709232
19.702 0.0004610507782
19.704 0.0004615031898
19.706 0.0004619560432
19.708 0.0004623705329
19.71 0.0004627178772
19.712 0.0004630906673
19.714 0.0004633905868
19.716 0.0004636710581
19.718 0.0004639310988
19.72 0.0004641261939
19.722 0.0004642992836
19.724 0.0004644333818
19.726 0.0004645569581
19.728 0.0004646858493
19.73 0.0004651495304
19.732 0.0004655825861
19.734 0.0004659944161
19.736 0.0004663823885
19.738 0.0004667458492
19.74 0.000467086994
19.742 0.0004674060191
19.744 0.000467702393
19.746 0.0004679811107
19.748 0.000468232798
19.75 0.0004684666114
19.752 0.0004685926605
19.754 0.0004688413089
19.756 0.0004690178174
19.758 0.0004691805288
19.76 0.0004693373254
19.762 0.0004693465099
19.764 0.0004695109477
19.766 0.0004695989015
19.768 0.0004696370839
19.77 0.0004697309251
19.772 0.0004696189849
19.774 0.0004697220503
19.776 0.0004696891856
19.778 0.0004697151526
19.78 0.0004696360688
19.782 0.0004695023848
19.784 0.0004694619568
19.786 0.000469398942
19.788 0.0004692857079
19.79 0.0004691826384
19.792 0.0004689160043
19.794 0.0004688555976
19.796 0.0004686860933
19.798 0.0004685324924
19.8 0.0004683140261
19.802 0.0004680393925
19.804 0.0004678773469
19.806 0.0004676702308
19.808 0.0004674085456
19.81 0.0004670492102
19.812 0.0004668985696
19.814 0.000466592263
19.816 0.0004663098411
19.818 0.000466047843
19.82 0.0004656332779
19.822 0.0004653667706
19.824 0.0004650732019
19.826 0.000464717838
19.828 0.0004642862751
19.83 0.0004639835091
19.832 0.0004636529637
19.834 0.0004632839235
19.836 0.0004628054698
19.838 0.0004624880462
19.84 0.0004621131664
19.842 0.0004617856189
19.844 0.000461272938
19.846 0.0004609384506
19.848 0.0004605582244
19.85 0.0004601561792
19.852 0.000459649863
19.854 0.000459319266
19.856 0.0004589298362
19.858 0.0004583973362
19.86 0.0004580293472
19.862 0.0005463413928
19.864 0.0004571749942
19.866 0.0004566309254
19.868 0.0004562616824
19.87 0.000455798756
19.872 0.0004554121582
19.874 0.0004551401164
19.876 0.0005490463216
19.878 0.0004546916198
19.88 0.0005184576675
19.882 0.0004564229851
19.884 0.0004572783402
19.886 0.0004580415498
19.888 0.0004589054434
19.89 0.0004597532743
19.892 0.0004987370281
19.894 0.0005220050483
19.896 0.0004619197807
19.898 0.0004627326416
19.9 0.0004634338535
19.902 0.0004640854425
19.904 0.0004648100622
19.906 0.0005024944396
19.908 0.0004654265158
19.91 0.0004659725336
19.912 0.0004665227141
19.914 0.0004670286614
19.916 0.0004676194469
19.918 0.0004680881691
19.92 0.0004687533903
19.922 0.0004692902329
19.924 0.0004722458838
19.926 0.0004703712811
19.928 0.0004708109488
19.93 0.0004714346254
19.932 0.0004719205112
19.934 0.0004723523112
19.936 0.0004728852261
19.938 0.0004732453516
19.94 0.0004737907261
19.942 0.0004741914796
19.944 0.0004745372243
19.946 0.0004749760217
19.948 0.0004752442628
19.95 0.0004756946165
19.952 0.0004833463721
19.954 0.0004762955248
19.956 0.0004766425706
19.958 0.0004768217283
19.96 0.0004771591585
19.962 0.0004773411429
19.964 0.0004776192873
19.966 0.0004777904291
19.968 0.0004780487681
19.97 0.0004782157132
19.972 0.0004811437875
19.974 0.0004787904836
19.976 0.0004893828911
19.978 0.0004793056726
19.98 0.0004967030109
19.982 0.0004798281498
19.984 0.0004800582371
19.986 0.0004803698299
19.988 0.0004805810192
19.99 0.0005308233297
19.992 0.0004810696872
19.994 0.0004814196056
19.996 0.0004815534863
19.998 0.000481857391
20 0.0004820106355
20.002 0.0004822632217
20.004 0.0005906497173
20.006 0.0004825933938
20.008 0.0004828142354
20.01 0.0004828733854
20.012 0.0005235740818
20.014 0.0004831378543
20.016 0.0004833027338
20.018 0.0004833272129
20.02 0.0004834440903
20.022 0.0004834314494
20.024 0.0005566529258
20.026 0.000483503864
20.028 0.0004835457685
20.03 0.0004834673418
20.032 0.0004834344977
20.034 0.0004832383955
20.036 0.0004831708873
20.038 0.000482997987
20.04 0.0004828878344
20.042 0.0004826470042
20.044 0.0004825430799
20.046 0.0004822933078
20.048 0.0004821465036
20.05 0.0004818393539
20.052 0.0004817024437
20.054 0.000481350599
20.056 0.0004811544808
20.058 0.0004807855919
20.06 0.0004805864442
20.062 0.0004801741549
20.064 0.0004799175094
20.066 0.0004795146695
20.068 0.0004792142717
20.07 0.0004787558784
20.072 0.0004783554078
20.074 0.0004780032298
20.076 0.0004775560357
20.078 0.0004771646801
20.08 0.0004766589517
20.082 0.0004762530088
20.084 0.0004757451009
20.086 0.0004752146396
20.088 0.0004747870041
20.09 0.0004742235113
20.092 0.0004737596001
20.094 0.0004731404236
20.096 0.0004726660849
20.098 0.0004720482067
20.1 0.0004714520006
20.102 0.0004709180012
20.104 0.0004702650554
20.106 0.0004697117781
20.108 0.0004690609884
20.11 0.0004683908584
20.112 0.0004678285598
20.114 0.0004671081445
20.116 0.0004665352371
20.118 0.0004640737439
20.12 0.0004628511333
20.122 0.0004610666489
20.124 0.0004599576103
20.126 0.0004600468156
20.128 0.0004600414596
20.13 0.0004592440472
20.132 0.0004588046011
20.134 0.0004586228666
20.136 0.0004578429253
20.138 0.0004571870052
20.14 0.0004569652014
20.142 0.0004560897797
20.144 0.0004553537073
20.146 0.000455057021
20.148 0.0004541681357
20.15 0.0004520109541
20.152 0.0004517388912
20.154 0.0004497871429
20.156 0.0004495252841
20.158 0.0004494022978
20.16 0.0004483916172
20.162 0.0004480866441
20.164 0.0004471651561
20.166 0.0004450076943
20.168 0.000444770196
20.17 0.000444545462
20.172 0.0004435148274
20.174 0.0004414111651
20.176 0.0004416498055
20.178 0.0004406315982
20.18 0.0004385463712
20.182 0.0004387640716
20.184 0.0004377583581
20.186 0.0004356775553
20.188 0.000435914146
20.19 0.0004349410366
20.192 0.0004328498239
20.194 0.0004331147547
20.196 0.0004321097689
20.198 0.0004300579037
20.2 0.0004302527529
20.202 0.0004297998293
20.204 0.0004287363174
20.206 0.0004266405953
20.208 0.0004251192788
20.21 0.000425299791
20.212 0.0004247775258
20.214 0.0004225177053
20.216 0.0004226426878
20.218 0.0004220707844
20.22 0.0004193449549
20.222 0.0004180989229
20.224 0.0004182994252
20.226 0.0004160935309
20.228 0.0004163736655
20.23 0.0004159933747
20.232 0.000413660439
20.234 0.000412134902
20.236 0.0004125284625
20.238 0.0004120074872
20.24 0.0004095951204
20.242 0.000407978075
20.244 0.0004082462563
20.246 0.0004060853135
20.248 0.0004062795014
20.25 0.0004040789883
20.252 0.0004027002516
20.254 0.0004029922903
20.256 0.0004026172225
20.258 0.0004004106416
20.26 0.0003989952166
20.262 0.000397669907
20.264 0.000398047355
20.266 0.0003977578441
20.268 0.0003955943465
20.27 0.0003942844903
20.272 0.0003929124239
20.274 0.0003916214172
20.276 0.0003921326413
20.278 0.0003901370758
20.28 0.0003889975982
20.282 0.0003894580264
20.284 0.0003875051793
20.286 0.0003862836843
20.288 0.0003868961171
20.29 0.0003849309914
20.292 0.0003836726047
20.294 0.0003824893523
20.296 0.0003831056078
20.298 0.0003813144544
20.3 0.000380074326
20.302 0.0003789629265
20.304 0.0003778295186
20.306 0.0003785335359
20.308 0.0003767245489
20.31 0.0003756948275
20.312 0.0003745752271
20.314 0.0003735460178
20.316 0.0003725339478
20.318 0.0003733136934
20.32 0.0003716681636
20.322 0.0003704806894
20.324 0.0003694229359
20.326 0.0003683416137
20.328 0.0003673240487
20.33 0.0003663367195
20.332 0.0003653598348
20.334 0.0003645095048
20.336 0.000363541633
20.338 0.0003643838041
20.34 0.0003627269976
20.342 0.000361714576
20.344 0.0003607729942
20.346 0.0003599673764
20.348 0.0003589882097
20.35 0.0003581398604
20.352 0.0003573372701
20.354 0.0003565191794
20.356 0.0003557739818
20.358 0.0003549913665
20.36 0.0003543514332
20.362 0.0003535525816
20.364 0.0003528417545
20.366 0.0003521172477
20.368 0.0003514197332
20.37 0.0003507453746
20.372 0.0003500726555
20.374 0.0003494358005
20.376 0.0003488550567
20.378 0.0003481915979
20.38 0.0003475488969
20.382 0.0003469476788
20.384 0.0003463089826
20.386 0.0003457107241
20.388 0.0003451412171
20.39 0.0003445341285
20.392 0.0003439916192
20.394 0.000343514327
20.396 0.0003429084776
20.398 0.0003423555999
20.4 0.0003418290436
20.402 0.0003412680915
20.404 0.0003407701635
20.406 0.0003402414885
20.408 0.0003397392281
20.41 0.0003392275957
20.412 0.0003387639915
20.414 0.0003382475535
20.416 0.0003379066656
20.418 0.000337362465
20.42 0.0003369246848
20.422 0.0003364285127
20.424 0.0003360091187
20.426 0.0003355471395
20.428 0.0003351211217
20.43 0.0003347063181
20.432 0.0003342679075
20.434 0.0003338604267
20.436 0.0003334344585
20.438 0.0003330544812
20.44 0.0003326367924
20.442 0.0003322527358
20.444 0.000331978837
20.446 0.0003315249209
20.448 0.000331148107
20.45 0.0003307823837
20.452 0.0003303959144
20.454 0.0003300466753
20.456 0.000329654582
20.458 0.0003293222815
20.46 0.0003289765439
20.462 0.0003285923158
20.464 0.0003282733717
20.466 0.0003279426565
20.468 0.0003275846087
20.47 0.000327257013
20.472 0.0003269125941
20.474 0.0003266085087
20.476 0.0003262717766
20.478 0.0003259394113
20.48 0.0003256432508
20.482 0.0003253320775
20.484 0.0003250128578
20.486 0.0003248624663
20.488 0.0003246616378
20.49 0.0003244422933
20.492 0.0003239159277
20.494 0.0003235121938
20.496 0.0003231239995
20.498 0.0003227447421
20.5 0.0003223767254
20.502 0.000322033665
20.504 0.000321694337
20.506 0.0003213809857
20.508 0.0003210636105
20.51 0.0003207550271
20.512 0.0003204508777
20.514 0.0003201503486
20.516 0.0003198531954
20.518 0.0003195591589
20.52 0.0003192678551
20.522 0.0003189737837
20.524 0.0003186852087
20.526 0.0003184005173
20.528 0.000318120168
20.53 0.0003178430861
20.532 0.0003175709028
20.534 0.0003172998673
20.536 0.0003170308804
20.538 0.0003167637932
20.54 0.0003164965822
20.542 0.0003162313812
20.544 0.0003159677911
20.546 0.0003157059623
20.548 0.0003154467298
20.55 0.0003151940253
20.552 0.0003149451139
20.554 0.0003146939811
20.556 0.0003144449659
20.558 0.0003141983499
20.56 0.0003139614013
20.562 0.0003137240664
20.564 0.0003134917073
20.566 0.0003132613689
20.568 0.0003130336995
20.57 0.0003128085159
20.572 0.00031258581
20.574 0.0003123394769
20.576 0.0003121112297
20.578 0.0003118849622
20.58 0.0003116628903
20.582 0.0003114445246
20.584 0.0003112295942
20.586 0.0003110172222
20.588 0.0003108075378
20.59 0.0003105996737
20.592 0.000310394322
20.594 0.0003101932813
20.596 0.0003099925039
20.598 0.0003097973933
20.6 0.0003096065904
20.602 0.0003094194866
20.604 0.0003092349912
20.606 0.0003090537948
20.608 0.0003088761803
20.61 0.0003087010212
20.612 0.00030855291
20.614 0.0003083911565
20.616 0.0003082297226
20.618 0.0003082508581
20.62 0.0003082916612
20.622 0.0003083301671
20.624 0.0003083703009
20.626 0.0003084180143
20.628 0.0003084645156
20.63 0.0003085109525
20.632 0.000308558381
20.634 0.000308603784
20.636 0.00030865661
20.638 0.0003087007615
20.64 0.0003087550672
20.642 0.0003088007525
20.644 0.0003088485968
20.646 0.0003088990551
20.648 0.0003089546263
20.65 0.000308994306
20.652 0.000309042148
20.654 0.0003090896206
20.656 0.0003091305622
20.658 0.0003091866791
20.66 0.0003092251035
20.662 0.0003092773085
20.664 0.0003093266068
20.666 0.0003093609083
20.668 0.0003094127062
20.67 0.0003094472163
20.672 0.0003095611095
20.674 0.0003096258043
20.676 0.0003096776123
20.678 0.0003097326686
20.68 0.0003097859843
20.682 0.0003098868188
20.684 0.000309971589
20.686 0.0003100230565
20.688 0.0003100883704
20.69 0.0003101381019
20.692 0.0003101603742
20.694 0.0003102007907
20.696 0.0003102280773
20.698 0.0003102168405
20.7 0.000310257432
20.702 0.0003102568689
20.704 0.0003103031148
20.706 0.0003103223818
20.708 0.0003103125285
20.71 0.0003103299224
20.712 0.000310315811
20.714 0.0003102873391
20.716 0.0003102354586
20.718 0.0003101991092
20.72 0.0003101304686
20.722 0.0003100754529
20.724 0.0003099891152
20.726 0.0003099145167
20.728 0.0003098107803
20.73 0.0003097197633
20.732 0.0003095878823
20.734 0.0003094734432
20.736 0.00030931673
20.738 0.0003091722731
20.74 0.0003089863254
20.742 0.000308812274
20.744 0.0003085950454
20.746 0.0003083892552
20.748 0.0003081425136
20.75 0.0003078971834
20.752 0.0003076165655
20.754 0.0003073209838
20.756 0.0003070213928
20.758 0.0003066839807
20.76 0.0003063274945
20.762 0.0003059569514
20.764 0.0003055805921
20.766 0.0003051550375
20.768 0.0003047197717
20.77 0.0003042594446
20.772 0.0003037812721
20.774 0.0003032924247
20.776 0.0003027636205
20.778 0.0003022121624
20.78 0.0003016436278
20.782 0.0003010472509
20.784 0.0003004340164
20.786 0.0002997935708
20.788 0.0002991355993
20.79 0.0002985352712
20.792 0.0002985433904
20.794 0.0002985527702
20.796 0.0002985776619
20.798 0.0002985981756
20.8 0.0002986310327
20.802 0.0002986598797
20.804 0.0002986934643
20.806 0.0002987397674
20.808 0.0002987809341
20.81 0.00029882886
20.812 0.0002988894146
20.814 0.0002989469764
20.816 0.0002990111739
20.818 0.0002990823332
20.82 0.0002991665646
20.822 0.0002992492398
20.824 0.0002993397595
20.826 0.0002994384895
20.828 0.0002995439201
20.83 0.0002996574257
20.832 0.0002997775026
20.834 0.0002999067452
20.836 0.0003000431686
20.838 0.000300184161
20.84 0.0003003808728
20.842 0.0003005660878
20.844 0.0003007562952
20.846 0.0003009514684
20.848 0.0003011521968
20.85 0.0003013573666
20.852 0.0003015665061
20.854 0.0003017785663
20.856 0.0003019942784
20.858 0.0003022140726
20.86 0.0003024364375
20.862 0.0003026625542
20.864 0.0003028913175
20.866 0.0003000038605
20.868 0.0002985948373
20.87 0.0002974243581
20.872 0.0002964518739
20.874 0.0002956526978
20.876 0.0002949984001
20.878 0.0002944685231
20.88 0.0002940452118
20.882 0.0002937127174
20.884 0.0002934899567
20.886 0.0002934027066
20.888 0.0002933629845
20.89 0.0002933644266
20.892 0.0002934027526
20.894 0.0002934696962
20.896 0.0002973768821
20.898 0.0002997292156
20.9 0.0003018915666
20.902 0.0003038479823
20.904 0.0003056396731
20.906 0.0003072466277
20.908 0.0003087013239
20.91 0.0003093724848
20.912 0.0003101880718
20.914 0.0003109023667
20.916 0.000311528129
20.918 0.0003120552605
20.92 0.0003124941698
20.922 0.0003128462511
20.924 0.0003131205548
20.926 0.0003133212528
20.928 0.0003134547541
20.93 0.0003135220972
20.932 0.0003135437576
20.934 0.0003135198998
20.936 0.0003134494813
20.938 0.0003133430284
20.94 0.0003132077458
20.942 0.0003130513451
20.944 0.0003128750256
20.946 0.0003126833886
20.948 0.0003124823919
20.95 0.0003122823918
20.952 0.0003120724372
20.954 0.0003118668766
20.956 0.0003116705774
20.958 0.0003114788395
20.96 0.0003112999026
20.962 0.0003111330286
20.964 0.0003109880422
20.966 0.0003108548442
20.968 0.0003107422897
20.97 0.0003106522193
20.972 0.0003105883756
20.974 0.0003105444443
20.976 0.00031057323
20.978 0.0003106827268
20.98 0.0003108224325
20.982 0.0003109807587
20.984 0.0003111667528
20.986 0.0003113787193
20.988 0.0003115910082
20.99 0.0003118658778
20.992 0.0003121283289
20.994 0.0003124312799
20.996 0.0003127569813
20.998 0.0003131083251
21 0.0003134821545
21.002 0.0003138806323
21.004 0.0003143006263
21.006 0.0003147413955
21.008 0.0003152028941
21.01 0.0003156839002
21.012 0.0003161830613
21.014 0.0003166992635
21.016 0.0003172323235
21.018 0.0003177792511
21.02 0.0003183403378
21.022 0.0003189142479
21.024 0.0003194993538
21.026 0.0003200956464
21.028 0.0003207012268
21.03 0.0003213146722
21.032 0.0003219340037
21.034 0.0003225600531
21.036 0.0003231911649
21.038 0.0003238252759
21.04 0.0003244623826
21.042 0.0003251012506
21.044 0.0003257411658
21.046 0.0003263809968
21.048 0.0003270202744
21.05 0.0003276133116
21.052 0.0003282216675
21.054 0.0003288247893
21.056 0.0003294245119
21.058 0.0003300191963
21.06 0.0003306079111
21.062 0.000331193103
21.064 0.0003317714076
21.066 0.0003323446307
21.068 0.0003329103368
21.07 0.000333469727
21.072 0.0003340253126
21.074 0.0003345708184
21.076 0.0003351118475
21.078 0.0003356477044
21.08 0.0003361763989
21.082 0.0003366975128
21.084 0.0003372165183
21.086 0.0003377270107
21.088 0.0003382363326
21.09 0.000338735834
21.092 0.0003392331313
21.094 0.0003397282624
21.096 0.0003402163453
21.098 0.0003407014913
21.1 0.000341183855
21.102 0.0003416623884
21.104 0.0003421406487
21.106 0.0003426158757
21.108 0.0003430886265
21.11 0.0003435617175
21.112 0.0003440307615
21.114 0.0003445005344
21.116 0.0003449715485
21.118 0.0003454404456
21.12 0.0003459100956
21.122 0.0003463792775
21.124 0.0003468504132
21.126 0.0003473206292
21.128 0.0003477923151
21.13 0.0003482660504
21.132 0.0003487386223
21.134 0.0003492962632
21.136 0.000349839538
21.138 0.0003503728838
21.14 0.0003509090258
21.142 0.000351435733
21.144 0.0003519856401
21.146 0.0003524986824
21.148 0.0003530205444
21.15 0.000353555054
21.152 0.0003540620577
21.154 0.0003545894776
21.156 0.0003550852821
21.158 0.0003556093175
21.16 0.0003560977033
21.162 0.0003566119777
21.164 0.0003570922098
21.166 0.0003576002451
21.168 0.0003584623747
21.17 0.0003591915627
21.172 0.0003598663215
21.174 0.0003605523841
21.176 0.0003611866951
21.178 0.0003618334152
21.18 0.0003624525393
21.182 0.0003630331259
21.184 0.0003636290095
21.186 0.0003642016599
21.188 0.0003647577047
21.19 0.0003652807228
21.192 0.0003658195807
21.194 0.0003663346374
21.196 0.0003668375104
21.198 0.0003673057686
21.2 0.0003677908286
21.202 0.0003682542617
21.204 0.0003687068488
21.206 0.0003691278439
21.208 0.0003695646231
21.21 0.0003699809425
21.212 0.0003703860747
21.214 0.0003707799471
21.216 0.0003711414326
21.218 0.0003715222759
21.22 0.0003718819995
21.222 0.0003722318932
21.224 0.0003725700986
21.226 0.0003728774674
21.228 0.0003732054147
21.23 0.0003735128528
21.232 0.0003738109532
21.234 0.0003740989538
21.236 0.0003743564533
21.238 0.0003746325895
21.24 0.0003748929434
21.242 0.000375142853
21.244 0.0003760021101
21.246 0.0003769989859
21.248 0.0003779936028
21.25 0.0003789885568
21.252 0.000379985713
21.254 0.000380978301
21.256 0.0003819697054
21.258 0.0003829602178
21.26 0.0003839527599
21.262 0.0003849410938
21.264 0.0003859199552
21.266 0.0003868950499
21.268 0.0003878586031
21.27 0.0003888137618
21.272 0.0003897650133
21.274 0.0003907034693
21.276 0.0003916423387
21.278 0.0003925678762
21.28 0.0003934896443
21.282 0.0003944094397
21.284 0.0003953304296
21.286 0.0003962268554
21.288 0.0003970735901
21.29 0.000397950437
21.292 0.0003987849477
21.294 0.000399626843
21.296 0.0004004616704
21.298 0.0004012799866
21.3 0.0004020889552
21.302 0.0004028932067
21.304 0.0004036970395
21.306 0.0004044807742
21.308 0.0004052547032
21.31 0.0004060275077
21.312 0.0004067859424
21.314 0.0004075548479
21.316 0.0004082986233
21.318 0.0004090355608
21.32 0.0004097690977
21.322 0.0004104973714
21.324 0.0004112174656
21.326 0.0004119338861
21.328 0.0004126475626
21.33 0.0004133532822
21.332 0.000414064768
21.334 0.0004147591094
21.336 0.0004154506085
21.338 0.0004161361818
21.34 0.0004168152944
21.342 0.0004174938947
21.344 0.0004181676254
21.346 0.0004188339119
21.348 0.0004195001397
21.35 0.0004201583886
21.352 0.0004208147485
21.354 0.0004214642404
21.356 0.0004221090967
21.358 0.0004227500906
21.36 0.0004233878584
21.362 0.000424018315
21.364 0.0004246366556
21.366 0.0004252255024
21.368 0.0004257888613
21.37 0.0004263354768
21.372 0.0004268616896
21.374 0.0004273695005
21.376 0.0004278623028
21.378 0.0004283404577
21.38 0.0004288010878
21.382 0.0004292507568
21.384 0.0004296855528
21.386 0.0004301089645
21.388 0.0004305172836
21.39 0.0004309164221
21.392 0.0004313024876
21.394 0.0004316780223
21.396 0.0004320448429
21.398 0.0004324026806
21.4 0.0004327464523
21.402 0.0004330753439
21.404 0.0004333679702
21.406 0.0004298875096
21.408 0.0004282874127
21.41 0.0004267812205
21.412 0.0004256240147
21.414 0.000424568093
21.416 0.0004237029397
21.418 0.0004229550003
21.42 0.0004223515819
21.422 0.0004218468909
21.424 0.0004214098953
21.426 0.0004211199847
21.428 0.0004208595553
21.43 0.0004206426642
21.432 0.0004205250337
21.434 0.0004204658302
21.436 0.0004203866531
21.438 0.0004204001376
21.44 0.0004204294144
21.442 0.0004204783985
21.444 0.0004205631187
21.446 0.0004206676814
21.448 0.0004207561908
21.45 0.0004209052475
21.452 0.0004210216079
21.454 0.0004211947702
21.456 0.0004213767834
21.458 0.0004215067768
21.46 0.0004216917486
21.462 0.0004218672346
21.464 0.0004220099325
21.466 0.0004221982668
21.468 0.0004223403419
21.47 0.0004225236326
21.472 0.0004226598084
21.474 0.0004228345506
21.476 0.000422987697
21.478 0.0004231045971
21.48 0.0004232580838
21.482 0.0004233575147
21.484 0.0004234952603
21.486 0.0004235788862
21.488 0.0004236967369
21.49 0.0004237566204
21.492 0.0004238574599
21.494 0.0004238966738
21.496 0.000423970301
21.498 0.0004241412368
21.5 0.0004242760154
21.502 0.0004243474257
21.504 0.0004244436024
21.506 0.0004244749284
21.508 0.0004245329129
21.51 0.0004245282707
21.512 0.0004245500638
21.514 0.0004245073262
21.516 0.0004244934449
21.518 0.000424414876
21.52 0.0004243656089
21.522 0.0004242456429
21.524 0.0004241595283
21.526 0.0004240084443
21.528 0.0004238871017
21.53 0.0004237056436
21.532 0.0004235572388
21.534 0.0004233422748
21.536 0.0004231583696
21.538 0.0004229089224
21.54 0.0004226624381
21.542 0.0004224245734
21.544 0.0004221263419
21.546 0.0004218561745
21.548 0.0004215225404
21.55 0.0004211910193
21.552 0.0004208672465
21.554 0.0004204857504
21.556 0.0004201363482
21.558 0.0004197209978
21.56 0.0004193089774
21.562 0.0004189042685
21.564 0.0004184404753
21.566 0.0004180077893
21.568 0.0004175130739
21.57 0.000417016173
21.572 0.0004165334311
21.574 0.0004159925498
21.576 0.0004154514771
21.578 0.0004149301053
21.58 0.0004143426244
21.582 0.0004137586621
21.584 0.0004131901037
21.586 0.0004125629379
21.588 0.0004119399343
21.59 0.0004113298061
21.592 0.0004106613398
21.594 0.0004099960877
21.596 0.0004093519144
21.598 0.0004086438011
21.6 0.0004079409975
21.602 0.0004072565135
21.604 0.0004065175735
21.606 0.0004057764009
21.608 0.0004050594889
21.61 0.0004042814038
21.612 0.000403508262
21.614 0.0004027277741
21.616 0.0004019628366
21.618 0.0004011419851
21.62 0.0004003255894
21.622 0.0003995334729
21.624 0.0003986783658
21.626 0.000397830859
21.628 0.0003969729564
21.63 0.0003961407382
21.632 0.0003952457661
21.634 0.0003943589321
21.636 0.000393464581
21.638 0.0003925925368
21.64 0.0003916610784
21.642 0.0003907378286
21.644 0.0003898074361
21.646 0.0003888955086
21.648 0.0003879283731
21.65 0.0003869674735
21.652 0.0003860015342
21.654 0.0003850522948
21.656 0.0003840498205
21.658 0.000383055581
21.66 0.0003820461034
21.662 0.0003810311585
21.664 0.0003800385104
21.666 0.0003789929722
21.668 0.0003779488863
21.67 0.0003768977833
21.672 0.0003758426809
21.674 0.0003748071006
21.676 0.0003737167742
21.678 0.0003726388435
21.68 0.0003715483756
21.682 0.0003704526751
21.684 0.0003693814718
21.686 0.0003682589899
21.688 0.0003671407031
21.69 0.0003660161065
21.692 0.0003648901261
21.694 0.0003637531657
21.696 0.0003626439023
21.698 0.0003614840563
21.7 0.000360330749
21.702 0.0003591718873
21.704 0.000358013424
21.706 0.0003568433303
21.708 0.0003557043698
21.71 0.0003545130947
21.712 0.0003533297713
21.714 0.0003521420728
21.716 0.0003509554133
21.718 0.0003497597124
21.72 0.0003485628017
21.722 0.0003473669774
21.724 0.0003461939956
21.726 0.0003449715998
21.728 0.0003437648962
21.73 0.0003425508741
21.732 0.0003413361396
21.734 0.0003401231694
21.736 0.0003389034123
21.738 0.0003376832491
21.74 0.0003365006577
21.742 0.0003352581892
21.744 0.0003340332367
21.746 0.0003328091251
21.748 0.000331581222
21.75 0.000330352687
21.752 0.0003291274384
21.754 0.0003278976577
21.756 0.0003266686968
21.758 0.0003254428898
21.76 0.0003242131201
21.762 0.0003230210495
21.764 0.000321771316
21.766 0.0003205412825
21.768 0.0003193297039
21.77 0.0003181268112
21.772 0.0003169197394
21.774 0.000315715056
21.776 0.000314513806
21.778 0.0003133114254
21.78 0.0003121095695
21.782 0.0003109123935
21.784 0.0003097115171
21.786 0.0003085134599
21.788 0.0003073201988
21.79 0.0003061148583
21.792 0.0003049167802
21.794 0.0003037244818
21.796 0.000302529893
21.798 0.0003013393158
21.8 0.0003001552415
21.802 0.0002989993649
21.804 0.0002978015123
21.806 0.0002966238746
21.808 0.0002954447459
21.81 0.0002942680707
21.812 0.000293104143
21.814 0.0002919359399
21.816 0.0002907737226
21.818 0.0002896169629
21.82 0.0002884621181
21.822 0.0002873152418
21.824 0.000286165243
21.826 0.0002850250831
21.828 0.0002838910252
21.83 0.0002827565545
21.832 0.0002816272265
21.834 0.000280509314
21.836 0.0002793903659
21.838 0.0002782787003
21.84 0.0002771708189
21.842 0.0002760684992
21.844 0.0002749728592
21.846 0.000273883402
21.848 0.0002728095255
21.85 0.0002717320889
21.852 0.0002702616565
21.854 0.0002689707963
21.856 0.0002677013456
21.858 0.0002664618792
21.86 0.0002652447677
21.862 0.000264046561
21.864 0.0002628709785
21.866 0.0002617049756
21.868 0.000260563907
21.87 0.0002594295786
21.872 0.0002583147521
21.874 0.0002572134286
21.876 0.0002561236503
21.878 0.0002550504516
21.88 0.0002539855067
21.882 0.0002529311836
21.884 0.0002518956009
21.886 0.0002508620262
21.888 0.0002498487345
21.89 0.0002488375564
21.892 0.0002478421389
21.894 0.0002468577057
21.896 0.0002458820685
21.898 0.000244918831
21.9 0.0002441044424
21.902 0.0002439353771
21.904 0.0002433271618
21.906 0.0002433199152
21.908 0.0002431522953
21.91 0.000242989438
21.912 0.0002423565237
21.914 0.0002423581791
21.916 0.0002421673878
21.918 0.0002419825877
21.92 0.0002417817103
21.922 0.0002411501038
21.924 0.0002411292182
21.926 0.0002409208803
21.928 0.0002407182132
21.93 0.0002400709624
21.932 0.0002400280814
21.934 0.0002398147548
21.936 0.0002396163902
21.938 0.0002389533932
21.94 0.0002389142367
21.942 0.0002387050175
21.944 0.0002384585941
21.946 0.000237821772
21.948 0.0002377465998
21.95 0.0002375209132
21.952 0.0002372823179
21.954 0.0002366331368
21.956 0.000236556374
21.958 0.0002363148812
21.96 0.0002360662882
21.962 0.0002354091979
21.964 0.0002353121971
21.966 0.000235065316
21.968 0.0002343874578
21.97 0.000234321035
21.972 0.0002340738986
21.974 0.0002337945035
21.976 0.0002331315279
21.978 0.0002330208005
21.98 0.0002327748368
21.982 0.0002320785438
21.984 0.0002319901298
21.986 0.0002317184306
21.988 0.00023146598
21.99 0.0002307658567
21.992 0.0002306539419
21.994 0.0002303863788
21.996 0.0002297079543
21.998 0.0002295818687
22 0.0002293238124
22.002 0.0002290358374
22.004 0.0002283481181
22.006 0.0002282136177
22.008 0.0002279463866
22.01 0.0002272392425
22.012 0.0002271270599
22.014 0.0002268435352
22.016 0.0002261571737
22.018 0.0002260049304
22.02 0.0002257385094
22.022 0.0002254470973
22.024 0.0002247515408
22.026 0.0002246025354
22.028 0.000224321285
22.03 0.0002236153968
22.032 0.0002234832722
22.034 0.0002231764139
22.036 0.0002224852073
22.038 0.0002223389464
22.04 0.000222051627
22.042 0.0002213336663
22.044 0.0002211953632
22.046 0.0002208845695
22.048 0.0002201901652
22.05 0.00022003
22.052 0.0002197495872
22.054 0.0002190254723
22.056 0.000218887041
22.058 0.0002185799764
22.06 0.000217879078
22.062 0.0002177131518
22.064 0.0002174270898
22.066 0.0002166986982
22.068 0.0002165614041
22.07 0.0002162351451
22.072 0.0002155141951
22.074 0.000215372618
22.076 0.0002150428746
22.078 0.0002143365991
22.08 0.0002141645991
22.082 0.0002138559587
22.084 0.0002131288594
22.086 0.0002130342345
22.088 0.0002126786262
22.09 0.0002120302602
22.092 0.0002118780337
22.094 0.0002115928218
22.096 0.0002109085221
22.098 0.0002107578277
22.1 0.0002104665734
22.102 0.0002101538929
22.104 0.0002094498848
22.106 0.0002092749296
22.108 0.0002089459456
22.11 0.000208246181
22.112 0.0002080503208
22.114 0.0002077436529
22.116 0.0002069993765
22.118 0.0002068316532
22.12 0.0002064799055
22.122 0.0002057469463
22.124 0.0002055592109
22.126 0.0002052120207
22.128 0.0002048681786
22.13 0.0002041137259
22.132 0.0002038920149
22.134 0.000203551078
22.136 0.0002027803925
22.138 0.0002025832728
22.14 0.0002022040993
22.142 0.000201835455
22.144 0.0002016882387
22.146 0.0002019214248
22.148 0.0002021588039
22.15 0.0002023985212
22.152 0.0002026528521
22.154 0.0002029096063
22.156 0.0002031773282
22.158 0.0002034517799
22.16 0.0002037310432
22.162 0.0002040218687
22.164 0.0002043179142
22.166 0.0002046196967
22.168 0.0002049317722
22.17 0.0002052452926
22.172 0.0002055740981
22.174 0.0002059052015
22.176 0.0002062398139
22.178 0.0002065862947
22.18 0.0002069386744
22.182 0.0002072919691
22.184 0.0002076588999
22.186 0.000208032755
22.188 0.0002084083104
22.19 0.0002087974655
22.192 0.0002091890723
22.194 0.0002095843193
22.196 0.0002099934224
22.198 0.0002104063562
22.2 0.0002108225919
22.202 0.0002112500898
22.204 0.0002116817671
22.206 0.00021212239
22.208 0.0002125629024
22.21 0.0002121890549
22.212 0.0002122339159
22.214 0.0002123094379
22.216 0.0002124594574
22.218 0.0002126447408
22.22 0.0002128905102
22.222 0.0002131423877
22.224 0.0002134451137
22.226 0.0002137688104
22.228 0.000214124634
22.23 0.0002145131486
22.232 0.0002149091004
22.234 0.0002153292937
22.236 0.0002157846516
22.238 0.000216230525
22.24 0.0002167085084
22.242 0.0002171978351
22.244 0.0002177166592
22.246 0.0002182263103
22.248 0.000218749771
22.25 0.0002193064462
22.252 0.0002198490785
22.254 0.0002204241417
22.256 0.0002209861789
22.258 0.0002215620272
22.26 0.000222160316
22.262 0.0002227496248
22.264 0.0002233671065
22.266 0.0002239685952
22.268 0.0002246010914
22.27 0.0002252157918
22.272 0.0002258410787
22.274 0.0002264940038
22.276 0.0002271288198
22.278 0.0002277944991
22.28 0.0002284398061
22.282 0.0002291153297
22.284 0.0002297715697
22.286 0.0002304531254
22.288 0.0002311214388
22.29 0.0002318172234
22.292 0.000232493322
22.294 0.0002331956613
22.296 0.0002338809241
22.298 0.0002345912592
22.3 0.0002352838909
22.302 0.0002360045231
22.304 0.0002367041627
22.306 0.0002374323901
22.308 0.0002381399706
22.31 0.000238880042
22.312 0.0002396099257
22.314 0.0002403323867
22.316 0.0002410746474
22.318 0.000241804077
22.32 0.0002425583007
22.322 0.0002433113446
22.324 0.0002440465397
22.326 0.0002448085741
22.328 0.0002455495862
22.33 0.0002463199413
22.332 0.0002470863712
22.334 0.0002478148936
22.336 0.0002485742793
22.338 0.0002493264037
22.34 0.0002500696784
22.342 0.0002508364809
22.344 0.000251602514
22.346 0.0002523488364
22.348 0.000253124953
22.35 0.000253894118
22.352 0.0002546528162
22.354 0.0002554314599
22.356 0.0002562068269
22.358 0.0002569673049
22.36 0.0002577534985
22.362 0.0002585369149
22.364 0.000259319261
22.366 0.0002600851988
22.368 0.0002608785513
22.37 0.0002616684853
22.372 0.0002624551206
22.374 0.0002632264177
22.376 0.0002639847841
22.378 0.0002647541693
22.38 0.000265522948
22.382 0.0002662753641
22.384 0.0002670538518
22.386 0.0002678296553
22.388 0.0002686024033
22.39 0.0002693770635
22.392 0.0002701358248
22.394 0.0002709267275
22.396 0.0002717050939
22.398 0.0002724836355
22.4 0.0002732653925
22.402 0.0002740248188
22.404 0.0002748097124
22.406 0.0002755905191
22.408 0.0002763669101
22.41 0.0002771436031
22.412 0.0002779226911
22.414 0.000278701077
22.416 0.0002794578916
22.418 0.000280239117
22.42 0.0002810161201
22.422 0.0002817876253
22.424 0.0002825591617
22.426 0.0002833325017
22.428 0.0002841014351
22.43 0.0002848684836
22.432 0.000285619912
22.434 0.0002863890065
22.436 0.0002871519311
22.438 0.0002879164881
22.44 0.0002886733789
22.442 0.0002894292829
22.444 0.0002901883729
22.446 0.0002909381206
22.448 0.0002919466687
22.45 0.0002927494242
22.452 0.0002935059823
22.454 0.000294255641
22.456 0.000294971114
22.458 0.0002956739101
22.46 0.000296361574
22.462 0.0002970590958
22.464 0.0002977544524
22.466 0.0002984418799
22.468 0.0002991328277
22.47 0.0002998195036
22.472 0.0003005082629
22.474 0.0003012007686
22.476 0.0003018910789
22.478 0.0003025848193
22.48 0.0003032560568
22.482 0.0003039568285
22.484 0.0003046453224
22.486 0.0003053379687
22.488 0.0003060224953
22.49 0.0003067097336
22.492 0.0003073907749
22.494 0.0003080715577
22.496 0.0003087431965
22.498 0.0003094143188
22.5 0.0003100753901
22.502 0.0003107358083
22.504 0.000311384647
22.506 0.0003120343634
22.508 0.0003126699107
22.51 0.0003133007011
22.512 0.0003139211797
22.514 0.0003145398309
22.516 0.0003151449957
22.518 0.000315749128
22.52 0.0003163200517
22.522 0.0003169201868
22.524 0.0003174967204
22.526 0.0003180695973
22.528 0.0003186312516
22.53 0.0003191889096
22.532 0.000319733369
22.534 0.0003202692371
22.536 0.0003208005252
22.538 0.0003213197557
22.54 0.0003218326707
22.542 0.0003223382648
22.544 0.0003228292725
22.546 0.0003233203513
22.548 0.0003237944367
22.55 0.0003242692043
22.552 0.0003247329219
22.554 0.0003251867068
22.556 0.000325634996
22.558 0.0003260726862
22.56 0.0003265042525
22.562 0.0003269078785
22.564 0.0003273283146
22.566 0.0003277431873
22.568 0.0003281437175
22.57 0.0003285356563
22.572 0.0003289256614
22.574 0.0003293072583
22.576 0.0003296842746
22.578 0.0003300486378
22.58 0.0003304122501
22.582 0.0003307704694
22.584 0.0003311187826
22.586 0.0003314665884
22.588 0.0003318083232
22.59 0.0003321498116
22.592 0.0003324857811
22.594 0.0003328137938
22.596 0.0003331381751
22.598 0.0003334529646
22.6 0.000333765351
22.602 0.0003340711416
22.604 0.0003343513238
22.606 0.0003346551064
22.608 0.0003349402812
22.61 0.0003352302025
22.612 0.0003355128039
22.614 0.0003357883331
22.616 0.0003360624973
22.618 0.0003363338057
22.62 0.0003365943844
22.622 0.0003368564907
22.624 0.0003371164973
22.626 0.0003373671649
22.628 0.0003376143132
22.63 0.0003378590381
22.632 0.0003380964992
22.634 0.0003383142225
22.636 0.0003386094401
22.638 0.0003388067894
22.64 0.0003390267901
22.642 0.0003392383492
22.644 0.0003394488427
22.646 0.0003397164786
22.648 0.0003398860333
22.65 0.0003400764861
22.652 0.000340266843
22.654 0.000340448387
22.656 0.0003406932351
22.658 0.000340833394
22.66 0.0003410010043
22.662 0.0003411584001
22.664 0.0003413805331
22.666 0.0003414992733
22.668 0.0003416441988
22.67 0.0003417795307
22.672 0.0003419773661
22.674 0.0003420711877
22.676 0.0003421924204
22.678 0.0003423682279
22.68 0.0003424486747
22.682 0.0003425473542
22.684 0.0003427054461
22.686 0.0003427554795
22.688 0.0003428347511
22.69 0.0003429678295
22.692 0.0003430034166
22.694 0.0003430643235
22.696 0.0003431779427
22.698 0.0003431955595
22.7 0.000343297761
22.702 0.0003433007582
22.704 0.0003433282468
22.706 0.0003434096671
22.708 0.0003433988756
22.71 0.0003434705089
22.712 0.0003434728416
22.714 0.0003435487212
22.716 0.000343520968
22.718 0.0003435854587
22.72 0.0003435469364
22.722 0.0003435980796
22.724 0.0003435477911
22.726 0.0003435875691
22.728 0.0003435226575
22.73 0.0003435514726
22.732 0.0003440984311
22.734 0.0003444891701
22.736 0.0003448314527
22.738 0.0003451402421
22.74 0.0003454066467
22.742 0.0003456579209
22.744 0.0003458794336
22.746 0.0003433661713
22.748 0.0003421055454
22.75 0.0003410019383
22.752 0.0003400997582
22.754 0.0003393255678
22.756 0.000338658349
22.758 0.0003381063236
22.76 0.0003376410353
22.762 0.0003372630161
22.764 0.0003369486167
22.766 0.0003366929983
22.768 0.0003364870123
22.77 0.0003367632241
22.772 0.000337415055
22.774 0.0003380591032
22.776 0.0003386989348
22.778 0.0003393341195
22.78 0.0003399620069
22.782 0.0003405820839
22.784 0.0003411981829
22.786 0.0003418075824
22.788 0.0003424097967
22.79 0.0003430032687
22.792 0.0003435953259
22.794 0.0003441842417
22.796 0.0003447692334
22.798 0.0003453427403
22.8 0.0003459148383
22.802 0.000346475329
22.804 0.0003470291483
22.806 0.0003475718612
22.808 0.0003480969119
22.81 0.0003486075287
22.812 0.0003491053288
22.814 0.000349589146
22.816 0.0003500640123
22.818 0.0003505292843
22.82 0.0003509856157
22.822 0.0003514295508
22.824 0.0003518711515
22.826 0.0003523112441
22.828 0.0003527462636
22.83 0.0003531772554
22.832 0.0003536032057
22.834 0.0003540222205
22.836 0.0003544358098
22.838 0.0003548399264
22.84 0.0003552393065
22.842 0.0003556308816
22.844 0.0003560153731
22.846 0.0003563907524
22.848 0.0003567608613
22.85 0.0003571317866
22.852 0.0003575026236
22.854 0.000357852661
22.856 0.0003581955842
22.858 0.0003585300034
22.86 0.0003588534374
22.862 0.0003591665888
22.864 0.0003594740787
22.866 0.000359771142
22.868 0.0003600622865
22.87 0.0003603424867
22.872 0.0003606175494
22.874 0.0003608850365
22.876 0.0003611450901
22.878 0.0003613963596
22.88 0.0003616429646
22.882 0.0003618823436
22.884 0.000362114801
22.886 0.0003623431149
22.888 0.0003625630631
22.89 0.0003627780853
22.892 0.0003629886277
22.894 0.000363191111
22.896 0.0003633900789
22.898 0.0003635829584
22.9 0.0003637701752
22.902 0.0003639506103
22.904 0.00036514436
22.906 0.0003660816973
22.908 0.0003669585452
22.91 0.0003678078618
22.912 0.0003681604291
22.914 0.0003686954967
22.916 0.0003666076821
22.918 0.0003657240651
22.92 0.0003649875478
22.922 0.0003643969511
22.924 0.0003639143919
22.926 0.0003635337634
22.928 0.0003632353934
22.93 0.0003630217526
22.932 0.0003628659758
22.934 0.0003627615249
22.936 0.0003626994572
22.938 0.0003626706935
22.94 0.000362677972
22.942 0.0003627098346
22.944 0.0003627640914
22.946 0.0003628386298
22.948 0.0003629284795
22.95 0.000363033012
22.952 0.0003631456022
22.954 0.0003632726059
22.956 0.0003634064851
22.958 0.0003635469445
22.96 0.0003636957546
22.962 0.0003638486054
22.964 0.0003640025522
22.966 0.0003641669968
22.968 0.0003643306266
22.97 0.0003644987183
22.972 0.0003646654879
22.974 0.0003648385862
22.976 0.0003650100467
22.978 0.0003651844683
22.98 0.0003653565873
22.982 0.0003655345923
22.984 0.0003657097713
22.986 0.0003658849471
22.988 0.0003660566173
22.99 0.0003662301988
22.992 0.0003664060314
22.994 0.0003763484736
22.996 0.0003866760925
22.998 0.0003956177634
23 0.0004034710006
23.002 0.0004102107576
23.004 0.000416037273
23.006 0.0004209950874
23.008 0.0004252100953
23.01 0.0004286997328
23.012 0.0004315807443
23.014 0.0004338902533
23.016 0.0004356930004
23.018 0.0004370375482
23.02 0.0004379755829
23.022 0.000438509608
23.024 0.0004387203161
23.026 0.0004415192263
23.028 0.0004528626215
23.03 0.0004627845765
23.032 0.0004715691455
23.034 0.0004792414306
23.036 0.0004859606631
23.038 0.0004917913271
23.04 0.000496840279
23.042 0.0005011627471
23.044 0.0005048490294
23.046 0.0005079474329
23.048 0.0005105237751
23.05 0.0005126289798
23.052 0.0005143095455
23.054 0.0005156065319
23.056 0.0005169164263
23.058 0.0005176090834
23.06 0.0005180584941
23.062 0.0005175439661
23.064 0.0005170805505
23.066 0.0005164107776
23.068 0.0005155841753
23.07 0.0005146048996
23.072 0.0005135024901
23.074 0.0005122880277
23.076 0.0005109786348
23.078 0.0005095845376
23.08 0.0005081220097
23.082 0.0005066030587
23.084 0.0005050312423
23.086 0.0005034166736
23.088 0.0005017696466
23.09 0.0005000898099
23.092 0.0004983839596
23.094 0.0004966652581
23.096 0.0004949345821
23.098 0.0004931983929
23.1 0.0004914567866
23.102 0.0004897190289
23.104 0.0004879850414
23.106 0.0004862601117
23.108 0.0004845449916
23.11 0.0004828448152
23.112 0.0004811532973
23.114 0.0004794805446
23.116 0.000477824111
23.118 0.0004769560385
23.12 0.0004757345471
23.122 0.0004744978743
23.124 0.0004732328814
23.126 0.0004719542865
23.128 0.0004706604861
23.13 0.0004693603722
23.132 0.0004680440029
23.134 0.0004667244859
23.136 0.000465399312
23.138 0.0004640728601
23.14 0.0004627498419
23.142 0.0004614096008
23.144 0.0004600782779
23.146 0.0004587554632
23.148 0.0004574349756
23.15 0.0004561283119
23.152 0.0004548273384
23.154 0.0004535441146
23.156 0.0004522694659
23.158 0.0004510070489
23.16 0.0004497576094
23.162 0.0004491187753
23.164 0.0004482865197
23.166 0.0004474133643
23.168 0.0004465332367
23.17 0.0004456530599
23.172 0.0004447665032
23.174 0.0004438824438
23.176 0.0004429928065
23.178 0.0004421060421
23.18 0.0004412171877
23.182 0.0004403557101
23.184 0.0004393604203
23.186 0.000438355173
23.188 0.0004373590175
23.19 0.0004363661735
23.192 0.0004353817135
23.194 0.0004344101143
23.196 0.0004334482923
23.198 0.0004325101924
23.2 0.0004315787425
23.202 0.0004306645268
23.204 0.0004297649643
23.206 0.0004288780269
23.208 0.0004280078657
23.21 0.0004271509409
23.212 0.000426309322
23.214 0.0004254805424
23.216 0.0004246701917
23.218 0.0004238689234
23.22 0.0004230869409
23.222 0.0004223125508
23.224 0.0004215504041
23.226 0.0004208041941
23.228 0.0004200663049
23.23 0.0004193424639
23.232 0.0004185295244
23.234 0.0004177110509
23.236 0.0004169206159
23.238 0.000416124332
23.24 0.000415371782
23.242 0.0004146235002
23.244 0.0004138943778
23.246 0.0004131552172
23.248 0.0004124654875
23.25 0.0004117682552
23.252 0.0004110960006
23.254 0.000410402196
23.256 0.0004097600071
23.258 0.0004091161482
23.26 0.0004084591889
23.262 0.0004078475407
23.264 0.0004072349028
23.266 0.0004066054448
23.268 0.0004060216638
23.27 0.0004054296447
23.272 0.0004048385484
23.274 0.0004042791583
23.276 0.0004037142957
23.278 0.0004031493654
23.28 0.0004026205655
23.282 0.0004020597095
23.284 0.0004015495043
23.286 0.0004010360397
23.288 0.0004005017322
23.29 0.0004000154032
23.292 0.0003995053258
23.294 0.0003990322873
23.296 0.0003985282625
23.298 0.000398078703
23.3 0.0003976044757
23.302 0.0003971509699
23.304 0.0003966912439
23.306 0.0003962753663
23.308 0.0003958247672
23.31 0.0003954160706
23.312 0.0003949831521
23.314 0.0003945806789
23.316 0.0003941456448
23.318 0.0003937527848
23.32 0.0003933385272
23.322 0.0003929240826
23.324 0.0003918882662
23.326 0.0003911403168
23.328 0.00039044607
23.33 0.00038976438
23.332 0.0003891280839
23.334 0.0003885245771
23.336 0.0003879632378
23.338 0.0003873932632
23.34 0.0003868643882
23.342 0.0003863702554
23.344 0.000385867001
23.346 0.0003853878623
23.348 0.0003849120867
23.35 0.0003844691199
23.352 0.0003840458383
23.354 0.0003835969581
23.356 0.0003831547246
23.358 0.0003827093944
23.36 0.0003822733641
23.362 0.0003818374028
23.364 0.0003814201895
23.366 0.00038097944
23.368 0.0003805368206
23.37 0.00038010785
23.372 0.0003796756944
23.374 0.0003792458487
23.376 0.0003788179243
23.378 0.0003783915343
23.38 0.0003779569431
23.382 0.0003775357825
23.384 0.0003771132221
23.386 0.0003766937599
23.388 0.000376274753
23.39 0.0003758592015
23.392 0.0003754192891
23.394 0.0003749610351
23.396 0.0003744968554
23.398 0.0003740220268
23.4 0.000373507378
23.402 0.0003729976867
23.404 0.000372486046
23.406 0.0003719723237
23.408 0.0003714560294
23.41 0.0003709369146
23.412 0.0003704106711
23.414 0.0003698951323
23.416 0.0003694775808
23.418 0.0003690140606
23.42 0.0003685421576
23.422 0.0003680665277
23.424 0.000367593379
23.426 0.0003671142877
23.428 0.0003666351613
23.43 0.0003661553088
23.432 0.0003656750902
23.434 0.0003651976571
23.436 0.000364719936
23.438 0.0003642361418
23.44 0.0003637664139
23.442 0.0003632963905
23.444 0.0003628308467
23.446 0.0003623670432
23.448 0.0003619047726
23.45 0.0003614381578
23.452 0.0003609767246
23.454 0.0003605211589
23.456 0.0003600724997
23.458 0.0003596260818
23.46 0.0003591861859
23.462 0.0003587741265
23.464 0.0003583699694
23.466 0.0003579670801
23.468 0.0003575668033
23.47 0.0003571726777
23.472 0.0003562556473
23.474 0.0003555879864
23.476 0.0003549418618
23.478 0.000354328997
23.48 0.0003537335199
23.482 0.0003531594045
23.484 0.0003526066627
23.486 0.000352070363
23.488 0.0003515519707
23.49 0.000351044842
23.492 0.0003505493475
23.494 0.0003500629074
23.496 0.0003495866199
23.498 0.0003491155969
23.5 0.0003486566065
23.502 0.0003482047566
23.504 0.0003477572808
23.506 0.0003473147398
23.508 0.0003468779798
23.51 0.0003464446756
23.512 0.0003460171188
23.514 0.0003455891993
23.516 0.0003451674304
23.518 0.0003447525069
23.52 0.0003443405331
23.522 0.0003439277582
23.524 0.0003435283747
23.526 0.0003431312402
23.528 0.0003427400772
23.53 0.000342354903
23.532 0.0003419741265
23.534 0.0003415985429
23.536 0.000341228672
23.538 0.0003409754456
23.54 0.0003406739129
23.542 0.0003403718839
23.544 0.0003400629903
23.546 0.0003397480822
23.548 0.0003394312912
23.55 0.0003391150449
23.552 0.000338789253
23.554 0.0003384726932
23.556 0.0003381571332
23.558 0.0003378430676
23.56 0.0003375308123
23.562 0.0003372233974
23.564 0.0003369231503
23.566 0.0003366283926
23.568 0.0003363358361
23.57 0.0003360228353
23.572 0.0003357181554
23.574 0.0003354278863
23.576 0.0003351416327
23.578 0.0003348607758
23.58 0.000334587787
23.582 0.0003343235768
23.584 0.000334043891
23.586 0.0003337727075
23.588 0.0003335161998
23.59 0.0003332653192
23.592 0.0003330205397
23.594 0.0003327830253
23.596 0.000332552392
23.598 0.0003323307367
23.6 0.0003321064565
23.602 0.0003318984034
23.604 0.0003316945291
23.606 0.0003314961524
23.608 0.0003313036709
23.61 0.0003311084687
23.612 0.0003309283411
23.614 0.0003307507311
23.616 0.0003305762269
23.618 0.0003304065249
23.62 0.0003302327116
23.622 0.0003300729272
23.624 0.000329913901
23.626 0.0003297585006
23.628 0.0003295979755
23.63 0.0003294485565
23.632 0.0003293020434
23.634 0.0003291533842
23.636 0.0003290048924
23.638 0.0003288625318
23.64 0.0003287230316
23.642 0.0003285834913
23.644 0.0003284401259
23.646 0.0003283100019
23.648 0.0003281742861
23.65 0.0003280408319
23.652 0.0003279157154
23.654 0.0003277795649
23.656 0.0003276506076
23.658 0.0003275272227
23.66 0.0003273961014
23.662 0.0003272780105
23.664 0.0003271490943
23.666 0.0003270262012
23.668 0.0003268961879
23.67 0.0003267756509
23.672 0.0003266447353
23.674 0.0003265240607
23.676 0.0003263960912
23.678 0.0003262759764
23.68 0.0003261471593
23.682 0.0003260278249
23.684 0.0003258998193
23.686 0.0003257796823
23.688 0.0003256511497
23.69 0.0003255248311
23.692 0.0003254067652
23.694 0.0003252780257
23.696 0.0003251512585
23.698 0.0003250314023
23.7 0.0003249023109
23.702 0.0003247739253
23.704 0.0003246523125
23.706 0.0003245234879
23.708 0.0003243941762
23.71 0.0003242649095
23.712 0.0003241337034
23.714 0.0003240093913
23.716 0.0003238753832
23.718 0.000323742879
23.72 0.0003236083415
23.722 0.0003234760072
23.724 0.0003233411785
23.726 0.0003232119434
23.728 0.0003230730039
23.73 0.0003229350594
23.732 0.0003227966103
23.734 0.000322656707
23.736 0.0003225180607
23.738 0.0003229072855
23.74 0.0003230213265
23.742 0.0003231048677
23.744 0.0003231509467
23.746 0.0003231767999
23.748 0.0003231725994
23.75 0.000323154043
23.752 0.0003231195953
23.754 0.0003230720215
23.756 0.0003230163556
23.758 0.0003229521855
23.76 0.0003228825123
23.762 0.0003228058287
23.764 0.0003227144079
23.766 0.0003226193018
23.768 0.0003225294643
23.77 0.0003224300229
23.772 0.0003223288816
23.774 0.0003222271472
23.776 0.0003221222362
23.778 0.000322017506
23.78 0.0003219072961
23.782 0.0003217957203
23.784 0.0003216815187
23.786 0.0003215623044
23.788 0.0003214392345
23.79 0.0003213136425
23.792 0.0003211859852
23.794 0.000321065259
23.796 0.0003209315616
23.798 0.0003207925742
23.8 0.000320648394
23.802 0.0003204988016
23.804 0.0003203433687
23.806 0.0003201852336
23.808 0.0003200202331
23.81 0.0003198492351
23.812 0.0003196732245
23.814 0.000319490275
23.816 0.0003193027645
23.818 0.0003191088977
23.82 0.0003189118175
23.822 0.0003187058506
23.824 0.0003184950595
23.826 0.0003182776444
23.828 0.000318054704
23.83 0.0003178244867
23.832 0.0003175895134
23.834 0.0003173503156
23.836 0.0003171038639
23.838 0.0003168506484
23.84 0.0003165923882
23.842 0.0003163284773
23.844 0.0003160587784
23.846 0.0003157826155
23.848 0.0003155034771
23.85 0.0003152171548
23.852 0.0003149259064
23.854 0.0003146280335
23.856 0.0003143256477
23.858 0.0003140174546
23.86 0.0003137045465
23.862 0.0003126078726
23.864 0.0003117389875
23.866 0.0003109123477
23.868 0.0003101020236
23.87 0.0003093229137
23.872 0.0003085726826
23.874 0.0003078551176
23.876 0.0003071716148
23.878 0.0003065175375
23.88 0.0003058963018
23.882 0.0003053048231
23.884 0.0003047425158
23.886 0.0003042059492
23.888 0.0003036978129
23.89 0.0003032105921
23.892 0.0003027462534
23.894 0.0003022998146
23.896 0.0003018712511
23.898 0.0003014578667
23.9 0.0003010575772
23.902 0.0003006701234
23.904 0.0003002913036
23.906 0.0002999207257
23.908 0.0002995571766
23.91 0.0002996808619
23.912 0.0002997794374
23.914 0.0002998635473
23.916 0.0002999498015
23.918 0.0003000011967
23.92 0.00030001657
23.922 0.0002999836273
23.924 0.0002998980442
23.926 0.000299757537
23.928 0.0002995605536
23.93 0.0002993085141
23.932 0.000299000966
23.934 0.000298640126
23.936 0.0002982297616
23.938 0.0002977726227
23.94 0.0002972739222
23.942 0.0002967330727
23.944 0.0002961565011
23.946 0.0002955472287
23.948 0.0002949083164
23.95 0.0002942429131
23.952 0.0002935556433
23.954 0.0002928509566
23.956 0.0002921284045
23.958 0.0002913916987
23.96 0.0002906449013
23.962 0.0002898902594
23.964 0.0002891293206
23.966 0.0002883660466
23.968 0.0002875988732
23.97 0.0002868325198
23.972 0.0002860676306
23.974 0.000285304962
23.976 0.0002845464647
23.978 0.0002837958446
23.98 0.0002830504888
23.982 0.0002823132957
23.984 0.0002815863497
23.986 0.0002808690152
23.988 0.0002801622256
23.99 0.000279467851
23.992 0.0002787811994
23.994 0.0002780998201
23.996 0.0002774301562
23.998 0.0002767699034
24 0.0002761227554
24.002 0.0002754890698
24.004 0.0002748674877
24.006 0.0002742563355
24.008 0.0002736586127
24.01 0.0002730730834
24.012 0.0002724998584
24.014 0.0002719400077
24.016 0.0002713907833
24.018 0.0002708533816
24.02 0.0002703269806
24.022 0.00026981275
24.024 0.0002692914514
24.026 0.0002687830539
24.028 0.0002682858879
24.03 0.0002677933807
24.032 0.000267314409
24.034 0.0002668398468
24.036 0.0002663773549
24.038 0.0002659199862
24.04 0.0002654707297
24.042 0.0002650263965
24.044 0.0002645877269
24.046 0.0002641553134
24.048 0.000263732453
24.05 0.00026331347
24.052 0.0002629053725
24.054 0.0002624907978
24.056 0.0002620939567
24.058 0.0002616857583
24.06 0.0002612884697
24.062 0.0002608905175
24.064 0.0002605013425
24.066 0.0002601016922
24.068 0.0002597098892
24.07 0.0002593290286
24.072 0.0002589338857
24.074 0.0002584953908
24.076 0.0002581370541
24.078 0.0002577535874
24.08 0.0002573103574
24.082 0.0002569550173
24.084 0.0002565716636
24.086 0.0002561353512
24.088 0.0002557780377
24.09 0.0002553421424
24.092 0.0002549514132
24.094 0.0002545389669
24.096 0.0002540884369
24.098 0.0002537091651
24.1 0.0002533122923
24.102 0.0002528515513
24.104 0.0002524796803
24.106 0.0002520795399
24.108 0.0002516305292
24.11 0.0002512556152
24.112 0.0002508025157
24.114 0.0002504064409
24.116 0.0002500042401
24.118 0.0002495385253
24.12 0.0002491542046
24.122 0.000248684558
24.124 0.0002483014334
24.126 0.0002478261877
24.128 0.0002474461815
24.13 0.0002469747706
24.132 0.0002466025877
24.134 0.0002461371943
24.136 0.000245755992
24.138 0.0002452965913
24.14 0.0002449216322
24.142 0.0002444525955
24.144 0.0002440851147
24.146 0.0002436262076
24.148 0.0002432539824
24.15 0.0002427875064
24.152 0.0002424212975
24.154 0.000241966435
24.156 0.0002415863264
24.158 0.0002411310935
24.16 0.0002407024284
24.162 0.0002403289599
24.164 0.0002398800497
24.166 0.0002395050734
24.168 0.0002390589554
24.17 0.0002386328134
24.172 0.0002382764077
24.174 0.0002378299611
24.176 0.0002373969987
24.178 0.0002369903551
24.18 0.0002366262873
24.182 0.0002361900052
24.184 0.0002357692879
24.186 0.0002354214264
24.188 0.0002349838262
24.19 0.0002345610043
24.192 0.0002341491013
24.194 0.0002338070391
24.196 0.0002333728119
24.198 0.0002329561145
24.2 0.0002325543234
24.202 0.0002322051365
24.204 0.0002317750532
24.206 0.0002313580224
24.208 0.0002309576338
24.21 0.0002306217718
24.212 0.0002301903143
24.214 0.0002297753127
24.216 0.000229370814
24.218 0.0002290315106
24.22 0.0002286002202
24.222 0.0002281949695
24.224 0.000227838078
24.226 0.0002274072803
24.228 0.0002269977979
24.23 0.0002265909798
24.232 0.0002262297602
24.234 0.0002257973625
24.236 0.0002253783574
24.238 0.0002249713184
24.24 0.0002245574277
24.242 0.0002242076813
24.244 0.0002237625204
24.246 0.0002233321563
24.248 0.0002229174546
24.25 0.0002224991234
24.252 0.0002221404157
24.254 0.0002216904992
24.256 0.0002212681223
24.258 0.000220890642
24.26 0.0002289114206
24.262 0.0002351471356
24.264 0.0002411293377
24.266 0.0002468224096
24.268 0.0002520830559
24.27 0.0002567283584
24.272 0.0002608344163
24.274 0.0002643757681
24.276 0.000267492207
24.278 0.0002700652551
24.28 0.0002722089692
24.282 0.0002738396315
24.284 0.0002750925837
24.286 0.0002759697582
24.288 0.0002764440694
24.29 0.0002765978766
24.292 0.0002764823329
24.294 0.0002761454497
24.296 0.0002755147989
24.298 0.0002746892327
24.3 0.0002736942421
24.302 0.0002725976218
24.304 0.0002713916851
24.306 0.0002700986587
24.308 0.0002687116969
24.31 0.0002673035521
24.312 0.0002657469724
24.314 0.0002641610183
24.316 0.0002625311207
24.318 0.0002609273852
24.32 0.0002592145892
24.322 0.0002575140439
24.324 0.0002558603874
24.326 0.000254121225
24.328 0.0002524090789
24.33 0.0002507052212
24.332 0.0002490737173
24.334 0.0002473736501
24.336 0.0002457200534
24.338 0.000244142161
24.34 0.000242508041
24.342 0.0002409238425
24.344 0.0002394241425
24.346 0.0002378684065
24.348 0.0002363670586
24.35 0.0002349498877
24.352 0.0002334784733
24.354 0.0002320661306
24.356 0.0002307385046
24.358 0.0002293547476
24.36 0.0002280262641
24.362 0.0002267822199
24.364 0.0002254827775
24.366 0.0002242892172
24.368 0.0002230390316
24.37 0.000221836726
24.372 0.0002216716532
24.374 0.0002217825547
24.376 0.0002219363106
24.378 0.0002220122008
24.38 0.0002221052548
24.382 0.000222199425
24.384 0.0002222886236
24.386 0.0002223702491
24.388 0.0002224600913
24.39 0.0002225347435
24.392 0.0002226701772
24.394 0.0002227148159
24.396 0.0002227937446
24.398 0.0002228558338
24.4 0.0002229294551
24.402 0.0002229911815
24.404 0.0002231134386
24.406 0.0002231436575
24.408 0.0002232028122
24.41 0.0002232539218
24.412 0.000223310208
24.414 0.0002234080174
24.416 0.0002234321225
24.418 0.000223471708
24.42 0.0002235014297
24.422 0.0002235815982
24.424 0.0002235772985
24.426 0.0002235937635
24.428 0.0002236126462
24.43 0.000223674334
24.432 0.0002236659252
24.434 0.0002236662465
24.436 0.000223674703
24.438 0.0002237219969
24.44 0.0002236981893
24.442 0.0002236827083
24.444 0.0002236735658
24.446 0.0002237051243
24.448 0.0002236601432
24.45 0.0002236385432
24.452 0.0002236552093
24.454 0.0002236035149
24.456 0.0002235594094
24.458 0.0002235653562
24.46 0.0002234963654
24.462 0.000223439865
24.464 0.0002234359367
24.466 0.0002233441555
24.468 0.0002232720649
24.47 0.0002232542415
24.472 0.0002231461114
24.474 0.0002230640276
24.476 0.0002230227543
24.478 0.0002229009071
24.48 0.0002228020311
24.482 0.000222742136
24.484 0.0002226116919
24.486 0.0002225441115
24.488 0.0002223986993
24.49 0.0002222645653
24.492 0.0002221825669
24.494 0.000222022891
24.496 0.0002218747178
24.498 0.0002217781725
24.5 0.0002216041789
24.502 0.0002214958194
24.504 0.0002213090373
24.506 0.0002211382283
24.508 0.0002210133952
24.51 0.0002208160469
24.512 0.0002206830206
24.514 0.0002204750683
24.516 0.0002203291975
24.518 0.0002201057448
24.52 0.0002305337807
24.522 0.0002379580516
24.524 0.0002448729772
24.526 0.0002513587688
24.528 0.0002571509937
24.53 0.0002623394537
24.532 0.0002668146668
24.534 0.0002707184779
24.536 0.0002739676999
24.538 0.000276671193
24.54 0.0002789058704
24.542 0.0002806097677
24.544 0.000281951649
24.546 0.000282841049
24.548 0.0002834480662
24.55 0.0002836783758
24.552 0.0002836939253
24.554 0.0002834005127
24.556 0.0002829516179
24.558 0.0002822463026
24.56 0.0002814352589
24.562 0.000280409213
24.564 0.0002793249271
24.566 0.000278063214
24.568 0.0002767781749
24.57 0.0002753485881
24.572 0.000273924418
24.574 0.0002723792789
24.576 0.0002708659613
24.578 0.000269248523
24.58 0.0002676862382
24.582 0.0002660452681
24.584 0.0002644579678
24.586 0.0002628087268
24.588 0.0002612374662
24.59 0.0002595986156
24.592 0.0002580459153
24.594 0.0002564489863
24.596 0.0002549496185
24.598 0.0002533957802
24.6 0.0002519394608
24.602 0.0002504532558
24.604 0.0002490945987
24.606 0.0002476809831
24.608 0.0002463742598
24.61 0.0002450679023
24.612 0.0002437460084
24.614 0.000242519563
24.616 0.000241262868
24.618 0.0002400950963
24.62 0.0002389385851
24.622 0.0002377720896
24.624 0.0002366830796
24.626 0.0002355622848
24.628 0.0002345443345
24.63 0.0002335201642
24.632 0.0002324806531
24.634 0.0002315293658
24.636 0.0002305883212
24.638 0.0002296086584
24.64 0.0002287262302
24.642 0.0002277968406
24.644 0.0002269530257
24.646 0.0002261030594
24.648 0.0002252328686
24.65 0.0002244295404
24.652 0.0002236338737
24.654 0.0002228058925
24.656 0.0002220512876
24.658 0.0002212932934
24.66 0.0002205043414
24.662 0.0002197958883
24.664 0.0002190702188
24.666 0.0002186454363
24.668 0.0002180315614
24.67 0.0002175055392
24.672 0.0002169340826
24.674 0.0002163294925
24.676 0.000215760642
24.678 0.0002151646554
24.68 0.0002145682916
24.682 0.00021389427
24.684 0.0002132807163
24.686 0.0002126378426
24.688 0.0002119793837
24.69 0.000211306751
24.692 0.0002105850976
24.694 0.0002099095027
24.696 0.000209207552
24.698 0.0002085012419
24.7 0.0002077395118
24.702 0.0002070364275
24.704 0.0002063209742
24.706 0.0002055912387
24.708 0.0002048580345
24.71 0.0002041393054
24.712 0.0002033520262
24.714 0.0002026433476
24.716 0.0002019251136
24.718 0.0002011924819
24.72 0.0002004715586
24.722 0.0001997598441
24.724 0.0001990403368
24.726 0.000198287282
24.728 0.0001976068657
24.73 0.0001969012995
24.732 0.000196210763
24.734 0.0001955317908
24.736 0.0001948435596
24.738 0.000194177769
24.74 0.0001935115897
24.742 0.0001928440827
24.744 0.0001922036054
24.746 0.0001915588091
24.748 0.0001909220553
24.75 0.0001902647053
24.752 0.0001896714459
24.754 0.0001890704186
24.756 0.0001884836866
24.758 0.0001879057107
24.76 0.0001873446502
24.762 0.000186785915
24.764 0.0001862345726
24.766 0.0001857127352
24.768 0.0001851825044
24.77 0.0001846699031
24.772 0.0001841761979
24.774 0.0001836772537
24.776 0.0001832050592
24.778 0.0001827313839
24.78 0.000182274991
24.782 0.0001818340819
24.784 0.0001813876105
24.786 0.0001809726092
24.788 0.0001805519507
24.79 0.0001801442381
24.792 0.0001797521665
24.794 0.0001793624659
24.796 0.0001789878456
24.798 0.0001786079117
24.8 0.0001782482698
24.802 0.0001778986763
24.804 0.0001775475643
24.806 0.0001772103627
24.808 0.0001768739485
24.81 0.000176543771
24.812 0.0001762263156
24.814 0.00017590641
24.816 0.0001755960275
24.818 0.0001752765901
24.82 0.000174969898
24.822 0.0001746738146
24.824 0.0001743693651
24.826 0.0001740771311
24.828 0.0001737821123
24.83 0.0001734948724
24.832 0.0001732020324
24.834 0.0001729118872
24.836 0.0001726333626
24.838 0.0001723439296
24.84 0.0001720671593
24.842 0.0001717839602
24.844 0.0001715088441
24.846 0.0001712246397
24.848 0.000170944111
24.85 0.0001706735348
24.852 0.0001703921567
24.854 0.0001701204921
24.856 0.0001698436234
24.858 0.000169574736
24.86 0.0001692969104
24.862 0.0001690303528
24.864 0.0001687799382
24.866 0.0001685239561
24.868 0.0001682713215
24.87 0.0001680231223
24.872 0.0001677746956
24.874 0.0001675295219
24.876 0.0001672846291
24.878 0.0001670450288
24.88 0.0001668056863
24.882 0.0001665682202
24.884 0.0001663366469
24.886 0.0001661056126
24.888 0.000165879533
24.89 0.0001656608526
24.892 0.0001654456845
24.894 0.0001652311731
24.896 0.0001650207269
24.898 0.0001648147327
24.9 0.0001646110476
24.902 0.0001644131968
24.904 0.0001642188078
24.906 0.0001640307864
24.908 0.0001638446611
24.91 0.0001636632215
24.912 0.0001634889572
24.914 0.000163317969
24.916 0.0001631529948
24.918 0.000162992452
24.92 0.0001628387193
24.922 0.0001626886442
24.924 0.0001625450106
24.926 0.0001624076744
24.928 0.0001622717581
24.93 0.0001621428229
24.932 0.0001620172441
24.934 0.0001618993556
24.936 0.0001617827729
24.938 0.0001616708365
24.94 0.0001615664298
24.942 0.0001614615624
24.944 0.0001613616881
24.946 0.0001612642349
24.948 0.0001611721893
24.95 0.0001610804406
24.952 0.0001609926282
24.954 0.0001609072476
24.956 0.0001608221039
24.958 0.0001607399796
24.96 0.0001606598396
24.962 0.0001605844375
24.964 0.0001605072881
24.966 0.0001604333245
24.968 0.0001603623919
24.97 0.0001602901631
24.972 0.0001602207489
24.974 0.0001601526226
24.976 0.0001600879917
24.978 0.0001600212896
24.98 0.00015995613
24.982 0.0001598935194
24.984 0.0001598293736
24.986 0.000159765178
24.988 0.0001597024183
24.99 0.0001596424087
24.992 0.0001595801828
24.994 0.0001595200609
24.996 0.0001594631061
24.998 0.0001594053467
25 0.0001593481745
25.002 0.0001592926631
25.004 0.0001592401613
25.006 0.0001591862596
25.008 0.0001591341666
25.01 0.0001590849448
25.012 0.0001590349597
25.014 0.0001589850342
25.016 0.0001589367831
25.018 0.0001588933645
25.02 0.0001588470185
25.022 0.0001588033009
25.024 0.0001587633215
25.026 0.0001587225726
25.028 0.0001586825237
25.03 0.000158644752
25.032 0.0001586258862
25.034 0.0001585991407
25.036 0.0001585745335
25.038 0.0001585531879
25.04 0.0001585320164
25.042 0.0001585113519
25.044 0.0001584932487
25.046 0.0001584792975
25.048 0.000158464228
25.05 0.0001584526441
25.052 0.0001584456832
25.054 0.00015843605
25.056 0.0001584299208
25.058 0.0001584268254
25.06 0.0001584268854
25.062 0.0001584244578
25.064 0.0001584263625
25.066 0.0001584326005
25.068 0.0001584390892
25.07 0.0001584476003
25.072 0.0001584590989
25.074 0.0001584751839
25.076 0.0001584902629
25.078 0.0001585090716
25.08 0.0001585320049
25.082 0.0001585552286
25.084 0.0001585773019
25.086 0.0001586040713
25.088 0.000158629305
25.09 0.0001586567072
25.092 0.0001586868303
25.094 0.0001587209404
25.096 0.0001587552251
25.098 0.0001587906647
25.1 0.0001588301761
25.102 0.0001588705881
25.104 0.0001589109987
25.106 0.0001589539432
25.108 0.0001590008976
25.11 0.0001590449824
25.112 0.0001590928078
25.114 0.0001591431455
25.116 0.0001591934052
25.118 0.000159243799
25.12 0.0001592966974
25.122 0.0001593527236
25.124 0.0001594067554
25.126 0.0001594626544
25.128 0.0001595219662
25.13 0.0001595805021
25.132 0.0001596394792
25.134 0.0001596999079
25.136 0.0001597633575
25.138 0.0001598252642
25.14 0.000159888955
25.142 0.0001599573302
25.144 0.0001600227081
25.146 0.0001600897431
25.148 0.0001601593377
25.15 0.0001602278104
25.152 0.0001602962945
25.154 0.0001603660769
25.156 0.000160438667
25.158 0.0001605087204
25.16 0.0001605806576
25.162 0.0001606551373
25.164 0.0001607270934
25.166 0.0001608010077
25.168 0.0001608759133
25.17 0.0001609533715
25.172 0.0001610282188
25.174 0.0001611045543
25.176 0.0001611763303
25.178 0.0001612558618
25.18 0.0001613171902
25.182 0.0001613852594
25.184 0.0001614632538
25.186 0.0001615303681
25.188 0.0001616016753
25.19 0.000161676453
25.192 0.0001617488747
25.194 0.0001618307546
25.196 0.0001619051665
25.198 0.0001619802517
25.2 0.0001620577411
25.202 0.0001621355523
25.204 0.0001622161159
25.206 0.0001622958939
25.208 0.0001623769612
25.21 0.0001624609732
25.212 0.0001625424734
25.214 0.0001626262851
25.216 0.0001627100324
25.218 0.0001627965153
25.22 0.0001628818501
25.222 0.0001629681186
25.224 0.0001630568961
25.226 0.0001631442468
25.228 0.0001632324137
25.23 0.0001633223635
25.232 0.0001634102483
25.234 0.0001634959316
25.236 0.0001635831606
25.238 0.0001636724799
25.24 0.0001637605415
25.242 0.0001638489395
25.244 0.0001639393243
25.246 0.0001640283478
25.248 0.0001641179545
25.25 0.0001642064445
25.252 0.0001642982535
25.254 0.000164388154
25.256 0.0001644772204
25.258 0.0001645693263
25.26 0.0001646592705
25.262 0.0001647492969
25.264 0.000164840829
25.266 0.0001649304098
25.268 0.0001650203565
25.27 0.0001651088319
25.272 0.0001652001777
25.274 0.0001652927895
25.276 0.0001653845657
25.278 0.0001654782647
25.28 0.0001655692864
25.282 0.0001656591608
25.284 0.0001657500572
25.286 0.0001658419409
25.288 0.0001659311896
25.29 0.0001660189865
25.292 0.0001661090054
25.294 0.0001661927679
25.296 0.0001662753877
25.298 0.0001663608277
25.3 0.0001664432584
25.302 0.0001665244724
25.304 0.0001666055465
25.306 0.0001666881229
25.308 0.0001667667718
25.31 0.0001668458622
25.312 0.0001669260696
25.314 0.0001670022827
25.316 0.0001670789275
25.318 0.0001671526038
25.32 0.0001672284969
25.322 0.0001673000796
25.324 0.0001673720148
25.326 0.0001674463758
25.328 0.0001675158664
25.33 0.0001675853868
25.332 0.0001676557665
25.334 0.0001677219359
25.336 0.0001677882023
25.338 0.0001678526213
25.34 0.0001679285452
25.342 0.0001679856801
25.344 0.0001680573799
25.346 0.0001681132514
25.348 0.0001681824505
25.35 0.0001682439896
25.352 0.0001682922133
25.354 0.0001683576027
25.356 0.0001684139007
25.358 0.0001684572203
25.36 0.0001685175941
25.362 0.0001685692361
25.364 0.0001686093568
25.366 0.0001686644269
25.368 0.0001687114325
25.37 0.0001687465602
25.372 0.0001687942176
25.374 0.0001688389167
25.376 0.000168868761
25.378 0.0001689094203
25.38 0.0001689479791
25.382 0.0001689715817
25.384 0.0001690084132
25.386 0.0001690420467
25.388 0.0001690606172
25.39 0.0001690927538
25.392 0.0001691162168
25.394 0.0001691309929
25.396 0.0001691556904
25.398 0.0001691760139
25.4 0.000169196837
25.402 0.0001692014934
25.404 0.0001692215093
25.406 0.0001692345812
25.408 0.0001692476702
25.41 0.000169246096
25.412 0.0001692588736
25.414 0.0001692665314
25.416 0.0001692709125
25.418 0.000169262345
25.42 0.0001692691224
25.422 0.0001692676283
25.424 0.0001692649594
25.426 0.0001692588031
25.428 0.0001692534759
25.43 0.0001692330563
25.432 0.0001692266789
25.434 0.0001692151116
25.436 0.0001691998194
25.438 0.0001691825716
25.44 0.0001691647523
25.442 0.0001691429462
25.444 0.000169119623
25.446 0.0001690928797
25.448 0.0001690667586
25.45 0.0001690360519
25.452 0.0001690033328
25.454 0.000168970631
25.456 0.0001689342645
25.458 0.0001688943936
25.46 0.0001688561543
25.462 0.0001688125608
25.464 0.0001687668521
25.466 0.0001689320417
25.468 0.0001692730494
25.47 0.0001696159715
25.472 0.0001699549975
25.474 0.0001702900808
25.476 0.0001706253669
25.478 0.0001709566824
25.48 0.0001712823811
25.482 0.0001716095947
25.484 0.0001719322181
25.486 0.0001722539583
25.488 0.0001725691732
25.49 0.0001728834998
25.492 0.0001731966389
25.494 0.0001735130302
25.496 0.0001738258553
25.498 0.0001741370599
25.5 0.0001744482088
25.502 0.0001747564905
25.504 0.0001750630362
25.506 0.0001741605324
25.508 0.0001737907929
25.51 0.0001734555586
25.512 0.0001732002814
25.514 0.000172987355
25.516 0.0001728354572
25.518 0.000172733439
25.52 0.0001726794544
25.522 0.0001726712422
25.524 0.0001727085811
25.526 0.0001727842213
25.528 0.0001728963086
25.53 0.000173045654
25.532 0.0001732235799
25.534 0.0001734294941
25.536 0.0001736633549
25.538 0.0001739185311
25.54 0.0001741932367
25.542 0.0001744888914
25.544 0.0001747989604
25.546 0.0001751230661
25.548 0.0001754604812
25.55 0.0001758073781
25.552 0.0001761632679
25.554 0.0001765282668
25.556 0.0001768986645
25.558 0.0001772745029
25.56 0.0001776559359
25.562 0.0001780398633
25.564 0.0001784261774
25.566 0.0001788175449
25.568 0.0001792070779
25.57 0.0001795985719
25.572 0.0001799924934
25.574 0.0001803837418
25.576 0.000180775423
25.578 0.0001811685228
25.58 0.0001815576642
25.582 0.0001819463896
25.584 0.0001823352104
25.586 0.0001827204756
25.588 0.0001831025808
25.59 0.0001834849592
25.592 0.000183857255
25.594 0.0001842330789
25.596 0.0001846013435
25.598 0.0001849715715
25.6 0.0001853300218
25.602 0.0001856946083
25.604 0.0001860458221
25.606 0.0001863947174
25.608 0.0001867488996
25.61 0.0001870882419
25.612 0.0001874238962
25.614 0.0001877619505
25.616 0.0001880857498
25.618 0.0001884049707
25.62 0.0001887210454
25.622 0.0001890348664
25.624 0.0001893357898
25.626 0.0001896338909
25.628 0.0001899238281
25.63 0.0001902134437
25.632 0.0001904916895
25.634 0.0001907622385
25.636 0.0001910240803
25.638 0.0001912826822
25.64 0.0001915330864
25.642 0.0001917778762
25.644 0.0001920191769
25.646 0.0001922578489
25.648 0.0001924830626
25.65 0.0001927065689
25.652 0.0001929233864
25.654 0.0001931332135
25.656 0.0001933412878
25.658 0.0001935416879
25.66 0.0001937369229
25.662 0.0001939292265
25.664 0.0001941152856
25.666 0.0001942977066
25.668 0.0001944765714
25.67 0.0001946503029
25.672 0.0001948222358
25.674 0.0001949889645
25.676 0.0001951529241
25.678 0.0001953136716
25.68 0.0001954723548
25.682 0.0001956266586
25.684 0.0001957775583
25.686 0.0001959291997
25.688 0.0001960740591
25.69 0.0001962176219
25.692 0.0001963606454
25.694 0.0001964991217
25.696 0.0001966354847
25.698 0.0001967717909
25.7 0.0001969033453
25.702 0.0001970345055
25.704 0.0001971648579
25.706 0.0001972907887
25.708 0.000197415834
25.71 0.0001975409008
25.712 0.0001976629104
25.714 0.0001977814962
25.716 0.0001979011381
25.718 0.0001980176406
25.72 0.0001981305418
25.722 0.0001982455176
25.724 0.0001983571834
25.726 0.0001984658629
25.728 0.0001985749493
25.73 0.0001986813049
25.732 0.0001987857073
25.734 0.0001988892447
25.736 0.0001989896282
25.738 0.0001990883602
25.74 0.0001991855878
25.742 0.0001992803282
25.744 0.0001993735929
25.746 0.0001994649462
25.748 0.0001995531793
25.75 0.0001996394082
25.752 0.0001997245849
25.754 0.0001998068309
25.756 0.000199886211
25.758 0.0001999664714
25.76 0.0002000413564
25.762 0.0002001148248
25.764 0.0002001881377
25.766 0.0002002563673
25.768 0.0002003232097
25.77 0.0002003898309
25.772 0.0002004514829
25.774 0.0002005118402
25.776 0.0002005716681
25.778 0.0002006275039
25.78 0.000200680365
25.782 0.0002007335738
25.784 0.0002007832397
25.786 0.0002008300065
25.788 0.0002008775083
25.79 0.0002009207986
25.792 0.0002009611953
25.794 0.0002010029416
25.796 0.0002010408234
25.798 0.0002010761187
25.8 0.0002011119596
25.802 0.0002011444772
25.804 0.0002011755553
25.806 0.0002012060893
25.808 0.00020123355
25.81 0.0002012600142
25.812 0.0002012859472
25.814 0.0002013090866
25.816 0.0002013306054
25.818 0.0002013521172
25.82 0.0002013709317
25.822 0.0002013882077
25.824 0.0002014054881
25.826 0.0002014201923
25.828 0.0002014331576
25.83 0.0002014475958
25.832 0.000201457294
25.834 0.0002014690179
25.836 0.0002014773315
25.838 0.0002014833008
25.84 0.0002014910061
25.842 0.0002014952147
25.844 0.0002014975079
25.846 0.0002015011701
25.848 0.000201500458
25.85 0.0002014980562
25.852 0.0002014971063
25.854 0.0002014928366
25.856 0.0002014877077
25.858 0.0002014826012
25.86 0.0002014753609
25.862 0.0002014669025
25.864 0.0002014584705
25.866 0.0002014476347
25.868 0.0002014359581
25.87 0.0002014243734
25.872 0.0002014112694
25.874 0.0002013963443
25.876 0.0002013818301
25.878 0.0002013649915
25.88 0.0002013472238
25.882 0.000201329945
25.884 0.0002013086281
25.886 0.0002012862329
25.888 0.0002012652681
25.89 0.0002012406696
25.892 0.0002012159538
25.894 0.0002011924499
25.896 0.000201166858
25.898 0.0002011426865
25.9 0.0002011156019
25.902 0.0002010868722
25.904 0.000201059987
25.906 0.0002010303012
25.908 0.0002009999276
25.91 0.0002009705329
25.912 0.0002009385907
25.914 0.0002009059821
25.916 0.0002008740329
25.918 0.0002008403395
25.92 0.0002008059136
25.922 0.0002007722663
25.924 0.0002007307985
25.926 0.0002002908011
25.928 0.0002000320668
25.93 0.0001997965994
25.932 0.0001995836297
25.934 0.0001993923682
25.936 0.0001992155086
25.938 0.0001990572488
25.94 0.000198910495
25.942 0.0001987752499
25.944 0.0001986534938
25.946 0.0001986473689
25.948 0.0001984944069
25.95 0.0001985011803
25.952 0.0001983576065
25.954 0.0001983701688
25.956 0.0001983445775
25.958 0.0001983170533
25.96 0.0001982893301
25.962 0.0001982622704
25.964 0.000198233247
25.966 0.0001982036811
25.968 0.0001981736615
25.97 0.0001981420078
25.972 0.0001981097808
25.974 0.000198077917
25.976 0.0001980439418
25.978 0.0001980116694
25.98 0.0001979757624
25.982 0.0001979400165
25.984 0.0001979057171
25.986 0.0001978679637
25.988 0.0001978305134
25.99 0.0001977945657
25.992 0.0001977563236
25.994 0.000197716738
25.996 0.000197679591
25.998 0.0001976402304
26 0.000197599773
26.002 0.0001975618566
26.004 0.0001975218
26.006 0.0001974805914
26.008 0.0001974422322
26.01 0.0001974014977
26.012 0.0001973622643
26.014 0.0001973215531
26.016 0.0001972810298
26.018 0.000197242327
26.02 0.0001972007935
26.022 0.0001971600345
26.024 0.0001971212599
26.026 0.0001970796616
26.028 0.0001970389021
26.03 0.000197000073
26.032 0.0001969583823
26.034 0.0001969175365
26.036 0.0001968788652
26.038 0.0001968369435
26.04 0.0001967980546
26.042 0.0001967570336
26.044 0.0001967001082
26.046 0.000196649046
26.048 0.0001965962229
26.05 0.0001965437623
26.052 0.0001964926896
26.054 0.0001964408014
26.056 0.0001963891369
26.058 0.0001963396648
26.06 0.000196289008
26.062 0.0001962395001
26.064 0.0001961912639
26.066 0.0001961426003
26.068 0.0001960963193
26.07 0.0001960480061
26.072 0.0001960004857
26.074 0.0001959557086
26.076 0.0001959078583
26.078 0.0001958615278
26.08 0.0001958168303
26.082 0.0001957702377
26.084 0.0001957236422
26.086 0.0001956792495
26.088 0.0001956330791
26.09 0.0001955864268
26.092 0.0001955419427
26.094 0.0001954952054
26.096 0.0001954497919
26.098 0.0001954032633
26.1 0.0001953561735
26.102 0.0001953099873
26.104 0.0001952621624
26.106 0.0001952142314
26.108 0.0001951671197
26.11 0.0001951188412
26.112 0.0001950704763
26.114 0.0001950230502
26.116 0.0001949726195
26.118 0.000194924918
26.12 0.0001948754819
26.122 0.0001948240934
26.124 0.000194775376
26.126 0.0001947244848
26.128 0.0001946731323
26.13 0.0001946234261
26.132 0.0001945718274
26.134 0.000194519829
26.136 0.0001944698918
26.138 0.0001944180844
26.14 0.0001943709918
26.142 0.000194321451
26.144 0.0001942727369
26.146 0.0001942237169
26.148 0.0001941746105
26.15 0.0001941245171
26.152 0.0001940769604
26.154 0.000194025957
26.156 0.0001939766717
26.158 0.0001939283408
26.16 0.0001938782255
26.162 0.0001938300466
26.164 0.0001937806814
26.166 0.000193730154
26.168 0.0001936832931
26.17 0.0001936333156
26.172 0.0001935839801
26.174 0.0001935370478
26.176 0.0001934873079
26.178 0.0001934382541
26.18 0.0001933915671
26.182 0.0001933423839
26.184 0.0001932954243
26.186 0.0001932466064
26.188 0.0001931983168
26.19 0.0001931511535
26.192 0.0001931023971
26.194 0.0001930536841
26.196 0.0001930079781
26.198 0.0001928357468
26.2 0.0001927198757
26.202 0.0001926127603
26.204 0.0001925095559
26.206 0.0001924152838
26.208 0.0001923255035
26.21 0.0001922402008
26.212 0.0001921624102
26.214 0.0001920871435
26.216 0.000192015702
26.218 0.0001919510113
26.22 0.0001918877646
26.222 0.0001918298305
26.224 0.0001917720061
26.226 0.0001917172104
26.228 0.0001916670314
26.23 0.0001916161583
26.232 0.0001915678723
26.234 0.0001915235177
26.236 0.0001914776325
26.238 0.0001914293061
26.24 0.0001913859133
26.242 0.0001913408785
26.244 0.0001912999996
26.246 0.0001912584218
26.248 0.0001912169296
26.25 0.0001911792685
26.252 0.0001911399079
26.254 0.0001911012449
26.256 0.0001910656171
26.258 0.0001910286375
26.26 0.0001909945509
26.262 0.0001909581496
26.264 0.0001910718478
26.266 0.0001916970666
26.268 0.0001921917209
26.27 0.0001928545703
26.272 0.0001933650237
26.274 0.0001940443674
26.276 0.0001945699579
26.278 0.0001952576079
26.28 0.0001958013501
26.282 0.0001965004799
26.284 0.0001970475525
26.286 0.0001977641349
26.288 0.0001983247052
26.29 0.0001990527605
26.292 0.0001996297783
26.294 0.0002003672818
26.296 0.0002009507181
26.298 0.0002017006913
26.3 0.0002022996437
26.302 0.0002030486041
26.304 0.0002036564441
26.306 0.0002042914293
26.308 0.0002049423772
26.31 0.0002057107308
26.312 0.000206337763
26.314 0.0002069885114
26.316 0.0002076568388
26.318 0.0002084409498
26.32 0.0002090793452
26.322 0.0002097436227
26.324 0.0002104242531
26.326 0.0002111051181
26.328 0.0002117826409
26.33 0.0002124735454
26.332 0.0002131579424
26.334 0.0002138546656
26.336 0.0002145462423
26.338 0.0002152480232
26.34 0.0002159436646
26.342 0.0002166610295
26.344 0.0002173659373
26.346 0.0002180793527
26.348 0.000218784054
26.35 0.0002194981283
26.352 0.0002202022093
26.354 0.0002209149496
26.356 0.0002216189995
26.358 0.0002223297616
26.36 0.0002230314289
26.362 0.0002237409981
26.364 0.0002244401353
26.366 0.00022514664
26.368 0.000225843962
26.37 0.0002265471059
26.372 0.0002272398785
26.374 0.0002279401402
26.376 0.0002286288749
26.378 0.0002293233522
26.38 0.000230008553
26.382 0.0002306979151
26.384 0.0002313763967
26.386 0.0002320609309
26.388 0.0002327346656
26.39 0.0002334132452
26.392 0.0002340797599
26.394 0.0002347513491
26.396 0.0002354102249
26.398 0.0002360736533
26.4 0.0002367257731
26.402 0.0002373811179
26.404 0.0002380244484
26.406 0.0002386726012
26.408 0.0002393074954
26.41 0.0002399457438
26.412 0.0002405735185
26.414 0.0002412023789
26.416 0.0002418196112
26.418 0.0002424409152
26.42 0.0002430484523
26.422 0.0002436592382
26.424 0.0002442584973
26.426 0.0002448583906
26.428 0.0002454463408
26.43 0.0002460410308
26.432 0.0002466195714
26.434 0.0002472007807
26.436 0.0002477673177
26.438 0.0002483372851
26.44 0.0002488916407
26.442 0.0002475789965
26.444 0.0002473523365
26.446 0.0002474022009
26.448 0.000247605779
26.45 0.0002479715133
26.452 0.0002484287245
26.454 0.0002489755595
26.456 0.0002495693658
26.458 0.0002502022029
26.46 0.0002508668796
26.462 0.0002515352613
26.464 0.0002522158306
26.466 0.00025288501
26.468 0.0002535557808
26.47 0.0002542063705
26.472 0.0002548498008
26.474 0.0002554711613
26.476 0.0002560679462
26.478 0.0002566554547
26.48 0.0002572181459
26.482 0.0002577674956
26.484 0.0002582970643
26.486 0.0002588061876
26.488 0.0002592917114
26.49 0.0002597658833
26.492 0.0002602205769
26.494 0.0002606581013
26.496 0.0002610775704
26.498 0.0002632581967
26.5 0.0002643830049
26.502 0.0002652206172
26.504 0.0002658921249
26.506 0.0002663949572
26.508 0.0002670253703
26.51 0.0002672369537
26.512 0.0002674795661
26.514 0.0002676442765
26.516 0.0002677727576
26.518 0.0002678480287
26.52 0.0002681677607
26.522 0.0002681225793
26.524 0.0002681376728
26.526 0.0002681445658
26.528 0.0002681443483
26.53 0.0002684113563
26.532 0.0002683145158
26.534 0.000268295524
26.536 0.000268287507
26.538 0.0002685398839
26.54 0.0002684500638
26.542 0.0002684229873
26.544 0.0002683974281
26.546 0.0002686723576
26.548 0.0002685648236
26.55 0.0002685417744
26.552 0.0002685077593
26.554 0.0002687738858
26.556 0.0002686636352
26.558 0.0002686198845
26.56 0.0002685860898
26.562 0.0002688412264
26.564 0.0002687003336
26.566 0.000268636657
26.568 0.0002688807212
26.57 0.0002687179635
26.572 0.0002686406587
26.574 0.0002688619413
26.576 0.0002686793238
26.578 0.0002685659171
26.58 0.0002687661756
26.582 0.000268554867
26.584 0.0002684127384
26.586 0.0002685887056
26.588 0.0002683467924
26.59 0.0002681789344
26.592 0.0002683341937
26.594 0.0002680622766
26.596 0.0002681870403
26.598 0.000267889633
26.6 0.000267665445
26.602 0.0002677725384
26.604 0.0002674433131
26.606 0.0002671899276
26.608 0.0002672735196
26.61 0.0002669140861
26.612 0.0002669728485
26.614 0.0002665848148
26.616 0.0002662909225
26.618 0.0002663358713
26.62 0.0002659201784
26.622 0.0002659500206
26.624 0.0002655163806
26.626 0.0002655218911
26.628 0.0002650764819
26.63 0.0002647138809
26.632 0.0002647111862
26.634 0.0002642479171
26.636 0.000264225977
26.638 0.0002637381144
26.64 0.0002637116004
26.642 0.0002632050568
26.644 0.0002631606392
26.646 0.0002626466539
26.648 0.00026258813
26.65 0.0002620530462
26.652 0.0002616245069
26.654 0.000261562412
26.656 0.0002610121604
26.658 0.0002609436482
26.66 0.0002603783418
26.662 0.0002602951637
26.664 0.0002597268053
26.666 0.000259631779
26.668 0.0002590451969
26.67 0.0002589452313
26.672 0.0002583537397
26.674 0.0002582435279
26.676 0.0002576347007
26.678 0.0002575269953
26.68 0.0002569045996
26.682 0.0002567841403
26.684 0.0002561616865
26.686 0.0002560321377
26.688 0.000255394301
26.69 0.0002552687657
26.692 0.0002546196095
26.694 0.0002544839527
26.696 0.0002538319667
26.698 0.0002537005735
26.7 0.0002530388878
26.702 0.0002528966169
26.704 0.000252236222
26.706 0.0002520913168
26.708 0.0002514177039
26.71 0.0002512727947
26.712 0.0002506024407
26.714 0.0002504546958
26.716 0.0002497725113
26.718 0.0002496347427
26.72 0.0002489470473
26.722 0.0002483846596
26.724 0.0002482564
26.726 0.0002475822241
26.728 0.0002474474755
26.73 0.000246765205
26.732 0.0002466435175
26.734 0.0002459588731
26.736 0.0002458337712
26.738 0.0002451526313
26.74 0.0002450380772
26.742 0.0002443546784
26.744 0.0002442389165
26.746 0.0002435640975
26.748 0.0002430122992
26.75 0.0002429201068
26.752 0.00024224839
26.754 0.0002421618481
26.756 0.0002414917424
26.758 0.0002414049484
26.76 0.0002407390811
26.762 0.0002402170805
26.764 0.0002401552238
26.766 0.0002394997664
26.768 0.0002394486952
26.77 0.0002387969726
26.772 0.0002383234117
26.774 0.0002383047633
26.776 0.0002376825599
26.778 0.0002376574711
26.78 0.0002370269624
26.782 0.000236540228
26.784 0.0002365474871
26.786 0.0002359244906
26.788 0.0002354504867
26.79 0.0002354743104
26.792 0.0002348366983
26.794 0.0002348391999
26.796 0.0002342176894
26.798 0.0002337507257
26.8 0.0002338005106
26.802 0.0002331988586
26.804 0.0002327543016
26.806 0.0002328289157
26.808 0.000232256878
26.81 0.0002318334454
26.812 0.0002319366043
26.814 0.00023137768
26.816 0.0002309847899
26.818 0.0002306032417
26.82 0.0002307516701
26.822 0.0002302221135
26.824 0.0002298620855
26.826 0.0002300387601
26.828 0.0002295242595
26.83 0.0002291789894
26.832 0.0002288615852
26.834 0.0002290789742
26.836 0.0002285939737
26.838 0.0002282816884
26.84 0.0002279980073
26.842 0.0002282630267
26.844 0.0002278073258
26.846 0.0002275280573
26.848 0.0002272683123
26.85 0.0002275872882
26.852 0.0002271571516
26.854 0.0002269081564
26.856 0.0002266816839
26.858 0.0002270419543
26.86 0.0002266388411
26.862 0.0002264178038
26.864 0.0002262250404
26.866 0.0002266312156
26.868 0.0002262543153
26.87 0.000226066626
26.872 0.0002259051034
26.874 0.0002257529606
26.876 0.0002262268293
26.878 0.0002258849017
26.88 0.0002257445068
26.882 0.0002256309524
26.884 0.0002255316512
26.886 0.0002260641373
26.888 0.0002257627466
26.89 0.00022566898
26.892 0.0002256026231
26.894 0.0002255421583
26.896 0.0002261440856
26.898 0.0002258784771
26.9 0.0002258271466
26.902 0.0002258055298
26.904 0.0002257869349
26.906 0.0002264546832
26.908 0.0002262241506
26.91 0.0002262223288
26.912 0.0002262355727
26.914 0.000226264627
26.916 0.0002269982874
26.918 0.0002267994353
26.92 0.0002268392535
26.922 0.0002268325918
26.924 0.0002268488733
26.926 0.0002276045823
26.928 0.0002273950625
26.93 0.0002274398369
26.932 0.0002275017657
26.934 0.000227582981
26.936 0.0002284222477
26.938 0.0002282609501
26.94 0.0002283485651
26.942 0.0002284578928
26.944 0.0002285844222
26.946 0.0002294930396
26.948 0.0002293610419
26.95 0.0002294857329
26.952 0.0002296333808
26.954 0.0002297970436
26.956 0.0002307660332
26.958 0.0002306573659
26.96 0.0002308119417
26.962 0.0002309882608
26.964 0.0002311796346
26.966 0.0002322064675
26.968 0.0002321061173
26.97 0.000232289563
26.972 0.0002324924944
26.974 0.0002335537612
26.976 0.0002334530531
26.978 0.0002336541701
26.98 0.0002338603805
26.982 0.0002340896798
26.984 0.0002352058849
26.986 0.0002351221754
26.988 0.0002353361392
26.99 0.0002355692608
26.992 0.0002367196821
26.994 0.0002366289184
26.996 0.0002368599772
26.998 0.000237104645
27 0.0002382819348
27.002 0.0002381919441
27.004 0.000238426979
27.006 0.0002386868333
27.008 0.0002399007872
27.01 0.0002398075992
27.012 0.00024004574
27.014 0.0002403116311
27.016 0.0002415687444
27.018 0.0002414716269
27.02 0.0002417196365
27.022 0.000241995272
27.024 0.0002432820118
27.026 0.0002432025069
27.028 0.0002434693296
27.03 0.0002447691426
27.032 0.0002446684031
27.034 0.000244930377
27.036 0.0002452188284
27.038 0.0002465537441
27.04 0.0002464409028
27.042 0.000246717731
27.044 0.0002480604297
27.046 0.0002479429797
27.048 0.0002482124601
27.05 0.000249580374
27.052 0.0002494404595
27.054 0.0002497108541
27.056 0.0002510861262
27.058 0.0002509554501
27.06 0.0002512025647
27.062 0.000252607828
27.064 0.0002524507519
27.066 0.0002526998699
27.068 0.0002541272868
27.07 0.0002539594857
27.072 0.0002542182875
27.074 0.000255642643
27.076 0.0002554784821
27.078 0.0002557316402
27.08 0.0002571814773
27.082 0.00025699894
27.084 0.0002584289592
27.086 0.000258227215
27.088 0.0002584571509
27.09 0.0002599250542
27.092 0.0002597050826
27.094 0.0002599464957
27.096 0.0002614212098
27.098 0.0002612049983
27.1 0.0002626719903
27.102 0.0002624324307
27.104 0.0002626376083
27.106 0.0002641382738
27.108 0.000263883048
27.11 0.0002653585751
27.112 0.0002651003224
27.114 0.0002665574127
27.116 0.0002662688717
27.118 0.0002664438714
27.12 0.0002679502504
27.122 0.0002676555723
27.124 0.0002691404818
27.126 0.0002688196602
27.128 0.0002702984346
27.13 0.0002699522585
27.132 0.0002714308068
27.134 0.0002710599751
27.136 0.0002725304405
27.138 0.0002721382917
27.14 0.0002736035057
27.142 0.000273188801
27.144 0.0002746565528
27.146 0.0002742204788
27.148 0.0002756780054
27.15 0.0002752290953
27.152 0.0002753037762
27.154 0.0002754069741
27.156 0.0002755475406
27.158 0.0002757086762
27.16 0.0002758964711
27.162 0.0002761042366
27.164 0.0002763399934
27.166 0.000276592184
27.168 0.0002768643315
27.17 0.0002771512583
27.172 0.0002774570298
27.174 0.0002777734611
27.176 0.0002781084804
27.178 0.0002784573167
27.18 0.0002788142924
27.182 0.0002791801257
27.184 0.000279559795
27.186 0.0002799425538
27.188 0.0002803397528
27.19 0.000280738481
27.192 0.0002811431069
27.194 0.0002815512443
27.196 0.0002819680116
27.198 0.0002823885324
27.2 0.0002828163734
27.202 0.0002832331551
27.204 0.0002836692381
27.206 0.0002840868706
27.208 0.0002845229168
27.21 0.0002849438456
27.212 0.0002853766547
27.214 0.0002858074522
27.216 0.0002862242108
27.218 0.0002866524106
27.22 0.0002870648565
27.222 0.0002874918668
27.224 0.0002879033298
27.226 0.000288317243
27.228 0.0002887196523
27.23 0.0002891375194
27.232 0.0002895382041
27.234 0.0002899377445
27.236 0.0002903347984
27.238 0.0002907184649
27.24 0.0002911125944
27.242 0.0002914904286
27.244 0.0002918705225
27.246 0.0002922499587
27.248 0.0002926181861
27.25 0.0002929844223
27.252 0.0002933383525
27.254 0.0002937034462
27.256 0.0002940529516
27.258 0.000294401892
27.26 0.0002947519494
27.262 0.0002950833207
27.264 0.0002954210711
27.266 0.0002957454723
27.268 0.0002960858997
27.27 0.0002964060395
27.272 0.0002967174114
27.274 0.0002970372728
27.276 0.000297346656
27.278 0.0002976552439
27.28 0.0002979643676
27.282 0.000298258186
27.284 0.0002985620296
27.286 0.0002988471031
27.288 0.0002991430017
27.29 0.0002994312812
27.292 0.0002997114874
27.294 0.0003000015455
27.296 0.0003002688226
27.298 0.0003005482117
27.3 0.0003008207241
27.302 0.0003010877994
27.304 0.0003013587719
27.306 0.0003016225617
27.308 0.0003018761208
27.31 0.0003021366327
27.312 0.0003023856127
27.314 0.0003026486427
27.316 0.0003029046247
27.318 0.0003031442295
27.32 0.0003033966654
27.322 0.0003036438139
27.324 0.0003038793959
27.326 0.0003041279529
27.328 0.0003043696587
27.33 0.0003046038203
27.332 0.0003048402878
27.334 0.0003050779699
27.336 0.0003053065852
27.338 0.0003055388739
27.34 0.0003057643697
27.342 0.0003059931395
27.344 0.0003062210317
27.346 0.0003064409677
27.348 0.0003066697951
27.35 0.000306888002
27.352 0.0003070977494
27.354 0.0003073174078
27.356 0.0003075323441
27.358 0.0003077353346
27.36 0.000307953633
27.362 0.0003081597377
27.364 0.0003083577317
27.366 0.0003085625399
27.368 0.0003087665322
27.37 0.0003089644708
27.372 0.000309162051
27.374 0.0003093565604
27.376 0.0003095481076
27.378 0.0003097293311
27.38 0.0003099218621
27.382 0.0003101102876
27.384 0.0003102797126
27.386 0.0003104635306
27.388 0.0003106427536
27.39 0.0003108196626
27.392 0.0003109860763
27.394 0.0003111578917
27.396 0.0003113271752
27.398 0.0003114846162
27.4 0.0003116625886
27.402 0.0003118216281
27.404 0.0003119817718
27.406 0.0003122467266
27.408 0.0003126255213
27.41 0.0003131043825
27.412 0.0003135912226
27.414 0.0003141343525
27.416 0.0003146865968
27.418 0.00031523999
27.42 0.0003157783557
27.422 0.0003163152767
27.424 0.0003168361163
27.426 0.0003173288343
27.428 0.0003177905387
27.43 0.0003182338752
27.432 0.0003186446877
27.434 0.0003190248018
27.436 0.0003193661041
27.438 0.0003196881876
27.44 0.0003199853244
27.442 0.0003202454186
27.444 0.0003204766243
27.446 0.000320685958
27.448 0.0003208736553
27.45 0.0003210249597
27.452 0.0003211636266
27.454 0.0003212660853
27.456 0.0003213582997
27.458 0.0003214211417
27.46 0.000321463925
27.462 0.0003214789947
27.464 0.0003214906309
27.466 0.0003214751549
27.468 0.000321447722
27.47 0.0003214080016
27.472 0.0003213423282
27.474 0.0003212813726
27.476 0.000321204801
27.478 0.0003211226411
27.48 0.0003210293842
27.482 0.0003209227884
27.484 0.0003218459254
27.486 0.0003222958269
27.488 0.0003226218294
27.49 0.0003228719307
27.492 0.0003230404887
27.494 0.0003231394563
27.496 0.0003231835162
27.498 0.0003231751393
27.5 0.0003231243885
27.502 0.00032303286
27.504 0.0003229058713
27.506 0.0003227430295
27.508 0.0003225752218
27.51 0.0003223775197
27.512 0.0003221651991
27.514 0.0003219400497
27.516 0.0003217114845
27.518 0.0003214616497
27.52 0.0003212220202
27.522 0.0003209793874
27.524 0.0003207408248
27.526 0.0003204980944
27.528 0.0003202605354
27.53 0.0003200390765
27.532 0.0003198217302
27.534 0.0003196013809
27.536 0.0003194013372
27.538 0.0003192079931
27.54 0.0003190198424
27.542 0.0003188367115
27.544 0.0003186699827
27.546 0.0003185120771
27.548 0.0003183603287
27.55 0.0003182174439
27.552 0.0003180902209
27.554 0.0003179619946
27.556 0.0003178465148
27.558 0.0003177391601
27.56 0.0003176317903
27.562 0.0003175393801
27.564 0.0003174532305
27.566 0.0003173706377
27.568 0.0003172983233
27.57 0.0003172222778
27.572 0.0003171507382
27.574 0.0003170889447
27.576 0.0003170259298
27.578 0.0003169629466
27.58 0.0003169053287
27.582 0.0003168569111
27.584 0.0003167976347
27.586 0.0003167455786
27.588 0.0003166987981
27.59 0.0003166437055
27.592 0.0003165883983
27.594 0.0003165362783
27.596 0.0003164882471
27.598 0.0003164287315
27.6 0.0003163788409
27.602 0.0003163241766
27.604 0.0003162747656
27.606 0.0003162197308
27.608 0.0003161587023
27.61 0.0003161072816
27.612 0.0003160484218
27.614 0.000315989309
27.616 0.0003159298898
27.618 0.0003158689675
27.62 0.0003158072026
27.622 0.0003157432206
27.624 0.0003156827693
27.626 0.0003156128201
27.628 0.0003155453075
27.63 0.000315470366
27.632 0.0003154041006
27.634 0.0003153373364
27.636 0.0003152683176
27.638 0.0003152005674
27.64 0.0003151282257
27.642 0.000315053368
27.644 0.0003149704829
27.646 0.0003148932335
27.648 0.0003148113484
27.65 0.0003147227288
27.652 0.0003146345062
27.654 0.0003145418989
27.656 0.0003144462272
27.658 0.000314344343
27.66 0.0003142440822
27.662 0.0003141311482
27.664 0.0003140143908
27.666 0.0003138909705
27.668 0.0003137649202
27.67 0.0003136291152
27.672 0.0003134838632
27.674 0.0003133371683
27.676 0.0003131719856
27.678 0.0003130041271
27.68 0.0003128292178
27.682 0.0003126537612
27.684 0.00031246705
27.686 0.0003122683438
27.688 0.0003120712582
27.69 0.000311857487
27.692 0.0003116397539
27.694 0.0003114124909
27.696 0.0003111850103
27.698 0.0003109419816
27.7 0.0003106957966
27.702 0.0003104452411
27.704 0.0003101832297
27.706 0.0003099173085
27.708 0.0003096456101
27.71 0.0003093715792
27.712 0.000309086727
27.714 0.0003087982695
27.716 0.0003085109788
27.718 0.00030821131
27.72 0.0003079101532
27.722 0.0003076051409
27.724 0.0003073011166
27.726 0.0003069875919
27.728 0.0003066741114
27.73 0.0003063606072
27.732 0.0003060405841
27.734 0.0003057175211
27.736 0.0003053927272
27.738 0.0003050697646
27.74 0.0003047415277
27.742 0.0003044123889
27.744 0.0003040888243
27.746 0.0003037568657
27.748 0.0003034273763
27.75 0.0003030978916
27.752 0.0003027719287
27.754 0.0003024393885
27.756 0.0003021079612
27.758 0.0003017819521
27.76 0.0003014495117
27.762 0.0003011168215
27.764 0.0003007902437
27.766 0.0003004585684
27.768 0.0003001250147
27.77 0.0002997930719
27.772 0.0002994660409
27.774 0.0002991319728
27.776 0.0002987992537
27.778 0.0002984693666
27.78 0.0002981365145
27.782 0.0002978000918
27.784 0.0002974649841
27.786 0.0002971355598
27.788 0.0002968008872
27.79 0.0002964611539
27.792 0.0002961291718
27.794 0.0002957897537
27.796 0.0002954490341
27.798 0.0002951121186
27.8 0.0002947607569
27.802 0.0002944135998
27.804 0.0002940658486
27.806 0.0002937202418
27.808 0.0002933687825
27.81 0.000293018043
27.812 0.0002926748813
27.814 0.0002923236954
27.816 0.0002919724647
27.818 0.0002916188369
27.82 0.0002912698657
27.822 0.0002909121969
27.824 0.0002905560479
27.826 0.0002902024456
27.828 0.0002898429172
27.83 0.0002894825329
27.832 0.0002891294513
27.834 0.0002887652079
27.836 0.0002884043944
27.838 0.0002880436989
27.84 0.00028768654
27.842 0.0002873233393
27.844 0.0002869610186
27.846 0.0002866056153
27.848 0.000286242565
27.85 0.0002858807868
27.852 0.0002855262463
27.854 0.0002851660342
27.856 0.0002848048569
27.858 0.0002844459484
27.86 0.0002840955561
27.862 0.0002837380706
27.864 0.0002833846941
27.866 0.0002830375338
27.868 0.0002826876406
27.87 0.0002823383031
27.872 0.0002819983797
27.874 0.0002816528015
27.876 0.0002813124148
27.878 0.0002809741372
27.88 0.0002806443496
27.882 0.0002803100709
27.884 0.00027997908
27.886 0.0002772288549
27.888 0.0002757131385
27.89 0.000274488579
27.892 0.0002734596357
27.894 0.0002726008037
27.896 0.0002718779315
27.898 0.000271273896
27.9 0.0002707650632
27.902 0.0002703251604
27.904 0.0002699482593
27.906 0.0002696291312
27.908 0.000269341489
27.91 0.0002690892589
27.912 0.0002688725096
27.914 0.0002686689931
27.916 0.0002684872587
27.918 0.0002683254614
27.92 0.0002681727115
27.922 0.0002680299722
27.924 0.0002678999888
27.926 0.0002677827486
27.928 0.0002676703167
27.93 0.0002675616009
27.932 0.000267469188
27.934 0.0002673739806
27.936 0.0002672886569
27.938 0.0002672137383
27.94 0.0002671364925
27.942 0.0002670677104
27.944 0.0002670116225
27.946 0.0002669507536
27.948 0.0002668969136
27.95 0.000266855328
27.952 0.0002668101289
27.954 0.0002667697778
27.956 0.000266734655
27.958 0.0002667099099
27.96 0.0002666805693
27.962 0.0002666498749
27.964 0.0002666308766
27.966 0.0002666087359
27.968 0.0002665874841
27.97 0.0002665751157
27.972 0.0002665573474
27.974 0.0002665411173
27.976 0.0002665331837
27.978 0.0002665156217
27.98 0.0002665019844
27.982 0.0002664920403
27.984 0.0002664740407
27.986 0.0002664560631
27.988 0.0002664465259
27.99 0.0002664229613
27.992 0.0002664010725
27.994 0.0002663785896
27.996 0.0002663606119
27.998 0.0002663288284
28 0.0002662992752
28.002 0.0002662743388
28.004 0.0002662399632
28.006 0.0002662019678
28.008 0.0002661716359
28.01 0.000266129818
28.012 0.0002660867308
28.014 0.0002660501027
28.016 0.0002660018189
28.018 0.0002659556557
28.02 0.0002659146098
28.022 0.0002658618529
28.024 0.0002658108723
28.026 0.0002657674869
28.028 0.0002657129314
28.03 0.0002656592945
28.032 0.000265614896
28.034 0.0002655617617
28.036 0.0002655095613
28.038 0.0002654663686
28.04 0.0002654144969
28.042 0.0002653658461
28.044 0.0002653264312
28.046 0.0002652773313
28.048 0.0002652373585
28.05 0.001178917206
28.052 0.0005376464194
28.054 0.0005739113084
28.056 0.0004814833714
28.058 0.0004509216299
28.06 0.0004333395166
28.062 0.0004144199539
28.064 0.0003991225145
28.066 0.0003846114721
28.068 0.0003722495905
28.07 0.0003612901078
28.072 0.0003519613415
28.074 0.000343989874
28.076 0.000337328044
28.078 0.0003318125136
28.08 0.0003273292151
28.082 0.0003237318299
28.084 0.0003209125138
28.086 0.0003187488677
28.088 0.0003171293455
28.09 0.0003159566325
28.092 0.0003151390082
28.094 0.00031458392
28.096 0.0003142294859
28.098 0.0003140015282
28.1 0.0003138303882
28.102 0.0003143135645
28.104 0.0003147844755
28.106 0.0003151677191
28.108 0.0003154352238
28.11 0.0003155598966
28.112 0.0003155027121
28.114 0.0003152622174
28.116 0.0003148215235
28.118 0.0003141688217
28.12 0.0003133001187
28.122 0.0003122320716
28.124 0.000310959468
28.126 0.0003095036669
28.128 0.0003078770624
28.13 0.0003060877866
28.132 0.000304169623
28.134 0.0003021436833
28.136 0.0003000154255
28.138 0.0002978214451
28.14 0.0002955841545
28.142 0.0002933178251
28.144 0.0002910492484
28.146 0.000288803481
28.148 0.0002865877966
28.15 0.0002844348655
28.152 0.0002823393485
28.154 0.0002803290201
28.156 0.0002784188937
28.158 0.0002766008353
28.16 0.0002748950516
28.162 0.0002733105853
28.164 0.000271832295
28.166 0.000270480304
28.168 0.0002692512032
28.17 0.0002681396881
28.172 0.0002671452098
28.174 0.0002662742913
28.176 0.0002655032813
28.178 0.0002648539846
28.18 0.000264299295
28.182 0.0002638481743
28.184 0.0002635068819
28.186 0.0002632390448
28.188 0.0002630686892
28.19 0.0002629945357
28.192 0.000262989182
28.194 0.0002630664355
28.196 0.0002632206732
28.198 0.0002634382653
28.2 0.0002637196658
28.202 0.0002640681757
28.204 0.0002644575461
28.206 0.0002649098359
28.208 0.0002653894068
28.21 0.000265909961
28.212 0.0002664703128
28.214 0.0002670450951
28.216 0.00026764064
28.218 0.0002682544357
28.22 0.0002688692655
28.222 0.0002694945743
28.224 0.0002701045259
28.226 0.0002707061568
28.228 0.0002713052752
28.23 0.0002718720285
28.232 0.0002724210148
28.234 0.0002729476718
28.236 0.0002734369136
28.238 0.0002738978012
28.24 0.0002743278769
28.242 0.0002746895605
28.244 0.0002750161369
28.246 0.0002753018153
28.248 0.0002755549785
28.25 0.0002757787576
28.252 0.0002759579105
28.254 0.0002761121634
28.256 0.0002762323591
28.258 0.000276314564
28.26 0.0002763681064
28.262 0.0002763869903
28.264 0.0002763777269
28.266 0.0002763495962
28.268 0.0002762970786
28.27 0.0002762195621
28.272 0.0002761164477
28.274 0.0002760025573
28.276 0.0002758779354
28.278 0.0002757377507
28.28 0.0002755842294
28.282 0.0002754334172
28.284 0.000275268503
28.286 0.0002751074207
28.288 0.000274944101
28.29 0.000274769944
28.292 0.0002746093695
28.294 0.000274442281
28.296 0.000274287237
28.298 0.0002741309735
28.3 0.0002739757915
28.302 0.0002738477584
28.304 0.0002737009932
28.306 0.0002735755593
28.308 0.0002734516397
28.31 0.0002733351008
28.312 0.0002732368754
28.314 0.0002731419117
28.316 0.0002730535319
28.318 0.0002729668441
28.32 0.0002728908199
28.322 0.0002728393125
28.324 0.0002727798215
28.326 0.000272722234
28.328 0.000272681628
28.33 0.0002726390345
28.332 0.0002726096276
28.334 0.0002725861656
28.336 0.0002804844166
28.338 0.0002844821157
28.34 0.0002874285442
28.342 0.0002898668237
28.344 0.0002917112137
28.346 0.00029319048
28.348 0.0002943557115
28.35 0.0002952728156
28.352 0.0002959844375
28.354 0.0002965745261
28.356 0.0002970252804
28.358 0.0002973825857
28.36 0.0002976472244
28.362 0.0002978530905
28.364 0.00029798961
28.366 0.0002980501557
28.368 0.0002980586859
28.37 0.0002979878225
28.372 0.0002978700558
28.374 0.0002976894747
28.376 0.0002974277957
28.378 0.0002971227832
28.38 0.0002967461147
28.382 0.0002962996578
28.384 0.0002958248107
28.386 0.0002952592113
28.388 0.0002946548332
28.39 0.0002940263862
28.392 0.0002933229738
28.394 0.0002926072778
28.396 0.0002918391833
28.398 0.000291054699
28.4 0.0002902710869
28.402 0.0002894450941
28.404 0.0002886380423
28.406 0.0002878032837
28.408 0.0002869819032
28.41 0.0002861769093
28.412 0.0002853737852
28.414 0.0002845887176
28.416 0.000283831896
28.418 0.0002830869312
28.42 0.0002824036819
28.422 0.0002817162024
28.424 0.0002810961272
28.426 0.0002804779217
28.428 0.0002799155684
28.43 0.0002793982852
28.432 0.0002789095368
28.434 0.0002784614661
28.436 0.0002780468615
28.438 0.0002776663232
28.44 0.0002773186094
28.442 0.0002769934479
28.444 0.0002767271796
28.446 0.0002764700174
28.448 0.0002762651523
28.45 0.0002760835265
28.452 0.0002759356077
28.454 0.0002758309265
28.456 0.0002757465597
28.458 0.0002756998471
28.46 0.0002756712184
28.462 0.0002756709895
28.464 0.0002757059666
28.466 0.0002757486721
28.468 0.0002758266895
28.47 0.000275905558
28.472 0.0002760098488
28.474 0.0002761380938
28.476 0.0002762512983
28.478 0.0002764003009
28.48 0.000276547158
28.482 0.0002766865255
28.484 0.0002768617124
28.486 0.0002770100929
28.488 0.0002771658614
28.49 0.0002773242852
28.492 0.0002774740589
28.494 0.0002776666955
28.496 0.0002777823693
28.498 0.0002779640335
28.5 0.0002781027512
28.502 0.0002782106524
28.504 0.0002783488672
28.506 0.0002784635672
28.508 0.0002785845694
28.51 0.0002786767978
28.512 0.0002787636846
28.514 0.0002788584616
28.516 0.000278917488
28.518 0.0002789920498
28.52 0.0002790378857
28.522 0.0002790882136
28.524 0.0002791232749
28.526 0.0002791531202
28.528 0.0002791970518
28.53 0.0002792210174
28.532 0.0002792577732
28.534 0.0002792721143
28.536 0.0002792961958
28.538 0.0002793148571
28.54 0.0002793227583
28.542 0.0002793512028
28.544 0.0002793591508
28.546 0.0002793928446
28.548 0.0002794054853
28.55 0.0002793377969
28.552 0.0002793175404
28.554 0.0002792906567
28.556 0.0002792871602
28.558 0.0002792764899
28.56 0.0002792829007
28.562 0.0002793038149
28.564 0.0002793150743
28.566 0.0002793510504
28.568 0.0002793784272
28.57 0.0002794280404
28.572 0.0002794692084
28.574 0.0002795286855
28.576 0.0002796022206
28.578 0.0002796591823
28.58 0.0002797463189
28.582 0.000279815327
28.584 0.0002799083273
28.586 0.0002799887468
28.588 0.000280084112
28.59 0.0002801893526
28.592 0.0002802638794
28.594 0.0002803777739
28.596 0.0002804633078
28.598 0.0002805790869
28.6 0.0002806657477
28.602 0.0002807810032
28.604 0.0002808854307
28.606 0.0002809849997
28.608 0.0002810645289
28.61 0.0002811487605
28.612 0.0002812463426
28.614 0.0002813037878
28.616 0.0002813938578
28.618 0.0002814917002
28.62 0.0002815646734
28.622 0.0002816703098
28.624 0.0002817386306
28.626 0.000281829014
28.628 0.0002819099181
28.63 0.0002819894259
28.632 0.0002820488084
28.634 0.0002821294435
28.636 0.000282193059
28.638 0.000282234286
28.64 0.0002822942328
28.642 0.0002823398251
28.644 0.0002823822972
28.646 0.0002824047419
28.648 0.0002824434677
28.65 0.0002824584416
28.652 0.0002824799364
28.654 0.0002825030307
28.656 0.0002825155518
28.658 0.0002825271551
28.66 0.000282520616
28.662 0.0002825288666
28.664 0.0002825172082
28.666 0.0002825220186
28.668 0.0002825023064
28.67 0.0002824942279
28.672 0.0002824869486
28.674 0.0002824729228
28.676 0.0002824567816
28.678 0.0002824232705
28.68 0.000282407621
28.682 0.0002823714992
28.684 0.001092308202
28.686 0.0008104138209
28.688 0.0006975058797
28.69 0.0006045845998
28.692 0.000536735426
28.694 0.0004882701458
28.696 0.0004528903112
28.698 0.0004252078934
28.7 0.0004012184547
28.702 0.0003783763395
28.704 0.0003553988024
28.706 0.0003321441858
28.708 0.0003090755869
28.71 0.0002866626011
28.712 0.0002818805035
28.714 0.0002818148393
28.716 0.0002817667877
28.718 0.000281696377
28.72 0.0002816459348
28.722 0.0002815803738
28.724 0.0002815162887
28.726 0.0002814550303
28.728 0.0002813749096
28.73 0.0002813206583
28.732 0.0002812536062
28.734 0.0002811910119
28.736 0.0002811100518
28.738 0.0002810486344
28.74 0.000280980387
28.742 0.0002809130283
28.744 0.0002808306393
28.746 0.0002807668446
28.748 0.0002806870288
28.75 0.0002806332429
28.752 0.0002805711215
28.754 0.0002805052097
28.756 0.0002804472887
28.758 0.0002803822896
28.76 0.0002803255214
28.762 0.0002802476302
28.764 0.00028019366
28.766 0.0002801297277
28.768 0.0002800731526
28.77 0.0002799963726
28.772 0.0002799445771
28.774 0.00027988227
28.776 0.0002798208566
28.778 0.0002797670551
28.78 0.0002796943293
28.782 0.0002796417281
28.784 0.0002795822314
28.786 0.0002795291601
28.788 0.0002794679763
28.79 0.0002794143384
28.792 0.0002793365223
28.794 0.0002792870308
28.796 0.0002792255359
28.798 0.0002791709391
28.8 0.0002790995896
28.802 0.000279047938
28.804 0.0002789907512
28.806 0.0002789351675
28.808 0.0002788644296
28.81 0.0002788132871
28.812 0.0002787551644
28.814 0.0002787017078
28.816 0.0002786307449
28.818 0.0002785823869
28.82 0.000278522944
28.822 0.000278471213
28.824 0.0002784119008
28.826 0.0002783587088
28.828 0.0002782890714
28.83 0.0002782419395
28.832 0.0002781842789
28.834 0.0002781332747
28.836 0.0002780648239
28.838 0.0002780206233
28.84 0.0002779645661
28.842 0.0002779163127
28.844 0.000277860465
28.846 0.000277807083
28.848 0.0002777611989
28.85 0.0002777064024
28.852 0.0002776604272
28.854 0.0002775959348
28.856 0.0002743417363
28.858 0.0002725992827
28.86 0.0002711055096
28.862 0.0002698324424
28.864 0.0002687463416
28.866 0.0002678124504
28.868 0.0002670414606
28.87 0.0002663900917
28.872 0.0002658569599
28.874 0.0002654181013
28.876 0.0002650747181
28.878 0.0002647920966
28.88 0.00026460391
28.882 0.0002644681398
28.884 0.0002643957946
28.886 0.0002643654833
28.888 0.0002643868522
28.89 0.000264429721
28.892 0.0002645318343
28.894 0.0002646542615
28.896 0.0002648095194
28.898 0.0002649816815
28.9 0.0002651823211
28.902 0.0002653848924
28.904 0.0002656235584
28.906 0.0002658658714
28.908 0.0002661250842
28.91 0.000266375925
28.912 0.0002666544096
28.914 0.0002669286096
28.916 0.0002672114461
28.918 0.000267490657
28.92 0.0002639218239
28.922 0.0002665419789
28.924 0.0002683344254
28.926 0.0002695966533
28.928 0.000270591736
28.93 0.0002712881549
28.932 0.0002717908006
28.934 0.0002721221921
28.936 0.0002723311339
28.938 0.0002724569429
28.94 0.0002725019058
28.942 0.0002725287149
28.944 0.0002694100111
28.946 0.0002712588877
28.948 0.0002726117407
28.95 0.0002734992546
28.952 0.0002741642406
28.954 0.0002745669556
28.956 0.0002748103218
28.958 0.0002748812469
28.96 0.0002748802135
28.962 0.0002720257698
28.964 0.0002734952543
28.966 0.0002746364027
28.968 0.0002753372112
28.97 0.000275828938
28.972 0.0002760700813
28.974 0.0002761575883
28.976 0.0002760799283
28.978 0.0002730029938
28.98 0.0002743939469
28.982 0.0002754225259
28.984 0.0002760060769
28.986 0.0002764107226
28.988 0.0002765368114
28.99 0.0002765205853
28.992 0.0002763416771
28.994 0.0002723992353
28.996 0.0002740777977
28.998 0.0002750532086
29 0.0002756115645
29.002 0.0002759749303
29.004 0.0002760631799
29.006 0.0002729373127
29.008 0.0002742287739
29.01 0.00027514909
29.012 0.0002719042376
29.014 0.0002704638591
29.016 0.0002690953948
29.018 0.0002609475914
29.02 0.0002629412987
29.022 0.0002633153908
29.024 0.0002634478837
29.026 0.0002634969008
29.028 0.0002633857231
29.03 0.0002532920908
29.032 0.0002578077358
29.034 0.0002592257919
29.036 0.0002602201743
29.038 0.0002609716477
29.04 0.000251406911
29.042 0.0002565048967
29.044 0.0002583585886
29.046 0.0002597326148
29.048 0.000260784133
29.05 0.0002512253994
29.052 0.0002566278709
29.054 0.0002586841798
29.056 0.0002601922799
29.058 0.0002613483228
29.06 0.0002517852816
29.062 0.0002573074231
29.064 0.0002594214553
29.066 0.000260964179
29.068 0.000253410024
29.07 0.0002582403942
29.072 0.0002603672422
29.074 0.000261630781
29.076 0.0002626991462
29.078 0.0002534282663
29.08 0.0002586159456
29.082 0.0002605618888
29.084 0.0002619738693
29.086 0.0002542212385
29.088 0.0002589327829
29.09 0.0002609480804
29.092 0.0002623760383
29.094 0.0002550886841
29.096 0.0002595328797
29.098 0.0002614843258
29.1 0.0002628736427
29.102 0.0002556108598
29.104 0.0002599325976
29.106 0.0002617997797
29.108 0.0002631188833
29.11 0.0002558086436
29.112 0.0002600430942
29.114 0.0002618746301
29.116 0.0002569908063
29.118 0.0002602819737
29.12 0.0002620725017
29.122 0.0002633756054
29.124 0.0002567624773
29.126 0.0002605556205
29.128 0.0002622811658
29.13 0.0002574727534
29.132 0.0002605656023
29.134 0.0002622901739
29.136 0.0002635644388
29.138 0.000256678008
29.14 0.0002605527393
29.142 0.0002622687855
29.144 0.0002571078769
29.146 0.0002603826305
29.148 0.0002621483984
29.15 0.0002577158698
29.152 0.0002606628634
29.154 0.0002624151817
29.156 0.0002581184225
29.158 0.00026097107
29.16 0.0002626967876
29.162 0.0002640284599
29.164 0.0002565672104
29.166 0.0002607617947
29.168 0.0002625669546
29.17 0.0002564663524
29.172 0.0002603015258
29.174 0.0002622027082
29.176 0.0002566833321
29.178 0.0002603168898
29.18 0.0002622491282
29.182 0.0002568230853
29.184 0.0002604341869
29.186 0.0002623669586
29.188 0.0002567909563
29.19 0.0002604731986
29.192 0.0002585509991
29.194 0.0002605487214
29.196 0.0002625120824
29.198 0.000258147317
29.2 0.0002611709681
29.202 0.0002630476101
29.204 0.0002572847519
29.206 0.0002609897238
29.208 0.0002629369402
29.21 0.0002562883547
29.212 0.0002605167916
29.214 0.000257332712
29.216 0.0002600781494
29.218 0.0002622140112
29.22 0.0002564659431
29.222 0.0002603853796
29.224 0.0002624841072
29.226 0.0002553556732
29.228 0.000259992052
29.23 0.0002562062657
29.232 0.0002594236345
29.234 0.0002617393605
29.236 0.0002552639983
29.238 0.0002597272895
29.24 0.000256107885
29.242 0.0002593160555
29.244 0.0002616854482
29.246 0.0002549931457
29.248 0.0002596263353
29.25 0.0002556548484
29.252 0.0002591403415
29.254 0.0002615878822
29.256 0.000254416568
29.258 0.0002594444596
29.26 0.0002549393608
29.262 0.0002588509863
29.264 0.0002558129997
29.266 0.0002589728113
29.268 0.0002615674589
29.27 0.0002543626446
29.272 0.000259557866
29.274 0.000254641376
29.276 0.0002589393596
29.278 0.0002552442635
29.28 0.000258970333
29.282 0.0002617795499
29.284 0.0002536813729
29.286 0.0002596037041
29.288 0.0002537346912
29.29 0.0002588371806
29.292 0.0002541959324
29.294 0.0002587696675
29.296 0.0002547220335
29.298 0.0002590047824
29.3 0.0002621142195
29.302 0.0002531202288
29.304 0.0002598929242
29.306 0.0002529369921
29.308 0.0002589983462
29.31 0.0002532102889
29.312 0.0002588047496
29.314 0.000253579456
29.316 0.0002589468649
29.318 0.0002538924069
29.32 0.0002592034669
29.322 0.0002541240211
29.324 0.0002594792599
29.326 0.000254201948
29.328 0.0002597025206
29.33 0.0002541670634
29.332 0.0002598715876
29.334 0.0002540413333
29.336 0.0002599287678
29.338 0.000253703107
29.34 0.0002599156226
29.342 0.00025337007
29.344 0.0002598731113
29.346 0.0002529972339
29.348 0.0002598042196
29.35 0.0002525939076
29.352 0.0002596997056
29.354 0.0002522020041
29.356 0.0002595758701
29.358 0.0002517792773
29.36 0.0002594220838
29.362 0.0002513712705
29.364 0.0002592472396
29.366 0.0002509435093
29.368 0.0002590514878
29.37 0.0002504922347
29.372 0.0002588193991
29.374 0.0002500487319
29.376 0.0002585653417
29.378 0.0002495625904
29.38 0.000258274391
29.382 0.0002490761841
29.384 0.000257953484
29.386 0.0002485525899
29.388 0.0002576039705
29.39 0.0002479865717
29.392 0.0002572114118
29.394 0.0002474150721
29.396 0.0002567933152
29.398 0.0002467900206
29.4 0.0002563325426
29.402 0.000246153816
29.404 0.0002558431672
29.406 0.0002454800773
29.408 0.0002553319099
29.41 0.0002447761341
29.412 0.0002547832767
29.414 0.0002440579479
29.416 0.0002444339223
29.418 0.000251692571
29.42 0.0002445888297
29.422 0.0002529339099
29.424 0.0002440976224
29.426 0.0002532863908
29.428 0.0002432153493
29.43 0.0002531384186
29.432 0.0002421777383
29.434 0.0002422281504
29.436 0.0002499408055
29.438 0.0002420400921
29.44 0.000251096606
29.442 0.0002412957916
29.444 0.0002514192926
29.446 0.0002402757115
29.448 0.0002401822081
29.45 0.000562140244
29.452 0.0002399860139
29.454 0.000249694089
29.456 0.0002392483849
29.458 0.0002500739334
29.46 0.000238268757
29.462 0.0002380091543
29.464 0.0002469166581
29.466 0.0002379271673
29.468 0.0002483198127
29.47 0.0002373487376
29.472 0.0002373974354
29.474 0.0002461249839
29.476 0.0002373805483
29.478 0.0002477604812
29.48 0.0002367934741
29.482 0.0002367672908
29.484 0.0002456297993
29.486 0.0002367117071
29.488 0.0002473109429
29.49 0.00023604226
29.492 0.0002358793153
29.494 0.000245032634
29.496 0.000235736555
29.498 0.0002466764329
29.5 0.0002351008596
29.502 0.0002348117233
29.504 0.0002442793964
29.506 0.000234660271
29.508 0.0002350166093
29.51 0.0002436203911
29.512 0.000234811267
29.514 0.0002456344544
29.516 0.0002340410642
29.518 0.0002336440094
29.52 0.0002434246315
29.522 0.0002333783408
29.524 0.0002335189237
29.526 0.0002425868261
29.528 0.0002332282364
29.53 0.0002334450319
29.532 0.0002422995611
29.534 0.0002330166674
29.536 0.0002445228997
29.538 0.0002321110663
29.54 0.0005711581095
29.542 0.0002420528798
29.544 0.0002310904613
29.546 0.0002310119714
29.548 0.0002415102832
29.55 0.0002310912485
29.552 0.0002310184027
29.554 0.0002414613649
29.556 0.0002309822795
29.558 0.000230914825
29.56 0.0002414594595
29.562 0.0002308278864
29.564 0.0002306676669
29.566 0.0002414032278
29.568 0.0002305373577
29.57 0.00023027908
29.572 0.000241291511
29.574 0.0002301385883
29.576 0.0002307478589
29.578 0.0002425372577
29.58 0.0002325052958
29.582 0.0002330806237
29.584 0.0002440259778
29.586 0.0002342623868
29.588 0.0002346802432
29.59 0.0002450485153
29.592 0.0002354286547
29.594 0.0002357327441
29.596 0.0002376101605
29.598 0.0002449430382
29.6 0.0002377474255
29.602 0.0005706422929
29.604 0.0002650396649
29.606 0.000238118194
29.608 0.0002384083779
29.61 0.000247136364
29.612 0.0002378655052
29.614 0.0002378296395
29.616 0.0002393252753
29.618 0.0002459897643
29.62 0.0002384949454
29.622 0.0002388403713
29.624 0.000246971892
29.626 0.0002379135394
29.628 0.0002377644045
29.63 0.0002390651402
29.632 0.0002457846505
29.634 0.0002379791029
29.636 0.0002380283378
29.638 0.0002393928149
29.64 0.0002457007596
29.642 0.0002380508436
29.644 0.0002380215917
29.646 0.0002466614681
29.648 0.000236794856
29.65 0.0002363038706
29.652 0.0002371510777
29.654 0.0002449839924
29.656 0.0002360338836
29.658 0.0002357613646
29.66 0.0002367119427
29.662 0.0002444566028
29.664 0.0002355743036
29.666 0.0002352452402
29.668 0.0002361062503
29.67 0.0002441569469
29.672 0.0002349574582
29.674 0.0002344911101
29.676 0.0002352291709
29.678 0.0002437868883
29.68 0.0002341265229
29.682 0.0002335559019
29.684 0.0002341682439
29.686 0.0002432358748
29.688 0.0002332642098
29.69 0.000232448461
29.692 0.0002330626598
29.694 0.0002339965708
29.696 0.0002420513105
29.698 0.000232927696
29.7 0.000232260627
29.702 0.0002327212368
29.704 0.0002424145955
29.706 0.0002317259148
29.708 0.0002306196432
29.71 0.0002307873628
29.712 0.0002315072901
29.714 0.0002409439051
29.716 0.0002306048131
29.718 0.0002296046115
29.72 0.0002297088401
29.722 0.0002303629358
29.724 0.0002403379315
29.726 0.0002295113836
29.728 0.0002283752992
29.73 0.0002283511894
29.732 0.0002288660669
29.734 0.000239694896
29.736 0.0002282815115
29.738 0.0002269712494
29.74 0.0002268655564
29.742 0.0002272303644
29.744 0.0002389672577
29.746 0.0002270185965
29.748 0.0002255436073
29.75 0.0002253572962
29.752 0.0002256975622
29.754 0.0002264458041
29.756 0.0002376996734
29.758 0.0002262519921
29.76 0.0002248761852
29.762 0.0002247038355
29.764 0.0002249916018
29.766 0.0002256901659
29.768 0.0002373647176
29.77 0.0002255388773
29.772 0.0002240445387
29.774 0.0002236711284
29.776 0.0002238439272
29.778 0.0002244166455
29.78 0.000236924607
29.782 0.0002244596409
29.784 0.0002228193333
29.786 0.0002223343704
29.788 0.0002223725918
29.79 0.0002227939515
29.792 0.0002234405999
29.794 0.0002359153371
29.796 0.0002235622814
29.798 0.000221842637
29.8 0.0002212795976
29.802 0.0002211873598
29.804 0.0002215111498
29.806 0.0002220050551
29.808 0.0002353281118
29.81 0.00022230666
29.812 0.0002204272403
29.814 0.0002196612103
29.816 0.000219411897
29.818 0.0002195530263
29.82 0.0002199456868
29.822 0.0002345289186
29.824 0.0002206551859
29.826 0.0002186012465
29.828 0.0002176307301
29.83 0.0002172797285
29.832 0.0002173775344
29.834 0.000217687625
29.836 0.0002181615431
29.838 0.0002186352614
29.84 0.0002329749892
29.842 0.0002193790113
29.844 0.000217288481
29.846 0.0002162750107
29.848 0.0002157640298
29.85 0.0002156492162
29.852 0.0002158046068
29.854 0.0002161242117
29.856 0.0002164852296
29.858 0.0002321972102
29.86 0.0002176521659
29.862 0.0002153209542
29.864 0.0002141158366
29.866 0.000213435792
29.868 0.0002132274392
29.87 0.0002132776977
29.872 0.0002135092005
29.874 0.0002138257792
29.876 0.0002141393805
29.878 0.0002145064369
29.88 0.0002310976157
29.882 0.000216039969
29.884 0.0002136237686
29.886 0.0002122305186
29.888 0.0002113948946
29.89 0.0002110463794
29.892 0.0002109071369
29.894 0.0002110319338
29.896 0.0002112360602
29.898 0.000211503143
29.9 0.0002117884714
29.902 0.0002120623202
29.904 0.0002122970128
29.906 0.0002125216675
29.908 0.0002304870421
29.91 0.0002144545512
29.912 0.00021179125
29.914 0.0002101398136
29.916 0.000209053113
29.918 0.0002084699776
29.92 0.0002081752436
29.922 0.0002080951767
29.924 0.0002081317299
29.926 0.0002082327193
29.928 0.0002084263555
29.93 0.0002086161073
29.932 0.0002088013082
29.934 0.0002089620318
29.936 0.0002090964956
29.938 0.0002091962993
29.94 0.0002092679971
29.942 0.0002092994978
29.944 0.0002092843753
29.946 0.0002092591745
29.948 0.0002300427788
29.95 0.000212157056
29.952 0.0002090672493
29.954 0.0002069872634
29.956 0.000205528021
29.958 0.0002046376532
29.96 0.0002040715873
29.962 0.000203775374
29.964 0.0002036386774
29.966 0.0002036271249
29.968 0.0002036609611
29.97 0.0002037546671
29.972 0.0002038270825
29.974 0.000203951536
29.976 0.0002040533334
29.978 0.0002041271788
29.98 0.0002041631865
29.982 0.0002041924935
29.984 0.0002041906782
29.986 0.0002041613953
29.988 0.0002041095023
29.99 0.0002040296788
29.992 0.0002039182771
29.994 0.0002038019648
29.996 0.0002045523042
29.998 0.0002047890799
30 0.0002050144672
30.002 0.0002051466771
30.004 0.0002052185658
30.006 0.0002052208313
30.008 0.0002051982974
30.01 0.000205131093
30.012 0.0002050301707
30.014 0.0002049004983
30.016 0.0002047490189
30.018 0.0002045723824
30.02 0.0002043770041
30.022 0.000204158822
30.024 0.000203942474
30.026 0.0002037171177
30.028 0.0002034412516
30.03 0.0002032153159
30.032 0.000202972702
30.034 0.0002027366154
30.036 0.0002025088466
30.038 0.0002022758992
30.04 0.0002020230386
30.042 0.0002017805381
30.044 0.0002015350309
30.046 0.0002012800551
30.048 0.0002010241087
30.05 0.0002007600453
30.052 0.0002004960301
30.054 0.0002002232608
30.056 0.0001999496746
30.058 0.0001996695912
30.06 0.0001993467116
30.062 0.000199064361
30.064 0.0001987846424
30.066 0.0001984926113
30.068 0.0001981991571
30.07 0.0001979019567
30.072 0.0001975986655
30.074 0.0001972970752
30.076 0.0001970069804
30.078 0.0001967169599
30.08 0.0001964214951
30.082 0.0001961268684
30.084 0.0001958276593
30.086 0.0001955147837
30.088 0.0001952210062
30.09 0.0001948803675
30.092 0.0001945963344
30.094 0.0001942962524
30.096 0.0001939982494
30.098 0.0001936954738
30.1 0.0001933976006
30.102 0.0001930964278
30.104 0.0001927941556
30.106 0.0001924974036
30.108 0.0001921990945
30.11 0.0001919032891
30.112 0.0001916080529
30.114 0.0001913188631
30.116 0.0001910274515
30.118 0.0001907003502
30.12 0.0001904366823
30.122 0.0001901434369
30.124 0.0001898753866
30.126 0.0001896037695
30.128 0.0001893376136
30.13 0.0001890722029
30.132 0.0001888089241
30.134 0.0001885547679
30.136 0.0001882992959
30.138 0.000188049572
30.14 0.0001878024643
30.142 0.0001875603453
30.144 0.000187320537
30.146 0.0001870850269
30.148 0.0001868543123
30.15 0.0001866251584
30.152 0.0001864026934
30.154 0.0001861804853
30.156 0.0001859218768
30.158 0.0001857269673
30.16 0.0001855195158
30.162 0.0001853127731
30.164 0.0001851276729
30.166 0.0001849410866
30.168 0.0001847610998
30.17 0.0001845779339
30.172 0.0001843942362
30.174 0.0001842158251
30.176 0.0001840399799
30.178 0.0001838645901
30.18 0.0001836899346
30.182 0.0001835209471
30.184 0.0001833496539
30.186 0.0001831406334
30.188 0.0001829946596
30.19 0.0001828301621
30.192 0.0001826677565
30.194 0.0001825076269
30.196 0.0001823452475
30.198 0.0001821842448
30.2 0.0001820271986
30.202 0.0001818686639
30.204 0.0001817126923
30.206 0.0001815410744
30.208 0.0001813509516
30.21 0.0001812120671
30.212 0.0001810601977
30.214 0.0001809080399
30.216 0.0001807596412
30.218 0.0001806056391
30.22 0.0001804512841
30.222 0.0001802975795
30.224 0.0001801335064
30.226 0.0001799469485
30.228 0.000179816351
30.23 0.000179669179
30.232 0.0001795213388
30.234 0.0001793703198
30.236 0.0001792230916
30.238 0.0001790622243
30.24 0.000178921834
30.242 0.0001787372155
30.244 0.0001786084899
30.246 0.0005614981841
30.248 0.0002349252257
30.25 0.0001925254905
30.252 0.0001780112446
30.254 0.0001778726176
30.256 0.0001776888307
30.258 0.0001775652688
30.26 0.0001774237216
30.262 0.0001772987404
30.264 0.0001771508101
30.266 0.0001770259717
30.268 0.0001768513296
30.27 0.0001767344965
30.272 0.0001766015485
30.274 0.0001764647778
30.276 0.0001763156337
30.278 0.0001761834886
30.28 0.0001760063322
30.282 0.0001758895139
30.284 0.0001757510634
30.286 0.0001755974253
30.288 0.0001754663636
30.29 0.0001753257246
30.292 0.0001751469959
30.294 0.0001750240378
30.296 0.0001748695142
30.298 0.0001747358825
30.3 0.0001745941952
30.302 0.0001744146033
30.304 0.0001742761103
30.306 0.0001741411674
30.308 0.0001739988898
30.31 0.0001738565684
30.312 0.0001736706205
30.314 0.0001735267654
30.316 0.0001733898262
30.318 0.0001732430477
30.32 0.0001730939156
30.322 0.0001728926592
30.324 0.0001727670568
30.326 0.0001726179375
30.328 0.0001724694217
30.33 0.0001722639142
30.332 0.0001721354498
30.334 0.0001719848212
30.336 0.000171834045
30.338 0.0001716634217
30.34 0.0001714767526
30.342 0.0001713404892
30.344 0.0001711848456
30.346 0.0001710118854
30.348 0.0001708226161
30.35 0.0001706847191
30.352 0.0001705250799
30.354 0.0001703512368
30.356 0.0001701615583
30.358 0.0001700177473
30.36 0.0001698442763
30.362 0.000169689745
30.364 0.0001694932454
30.366 0.0001693479483
30.368 0.0001691708374
30.37 0.0001690173508
30.372 0.0001688164818
30.374 0.0001686568723
30.376 0.0001685014791
30.378 0.0001683027117
30.38 0.0001681563456
30.382 0.0001679809907
30.384 0.000167824902
30.386 0.0001676243741
30.388 0.0001674634553
30.39 0.0001673081157
30.392 0.0001671115002
30.394 0.0001669498197
30.396 0.0001667969809
30.398 0.0001666003255
30.4 0.000166440647
30.402 0.0001662909591
30.404 0.0001660933107
30.406 0.000165937529
30.408 0.0001657874301
30.41 0.0001656299645
30.412 0.0001654374063
30.414 0.0001652804357
30.416 0.000165096089
30.418 0.0001649449982
30.42 0.0001648004138
30.422 0.0001646126288
30.424 0.0001644628253
30.426 0.0001643229194
30.428 0.0001641357022
30.43 0.00016398678
30.432 0.0001638455484
30.434 0.0001636626939
30.436 0.0001635176349
30.438 0.0001633808949
30.44 0.0001632027173
30.442 0.0001630599589
30.444 0.0001628902126
30.446 0.0001627674605
30.448 0.0001626150728
30.45 0.0001624472594
30.452 0.0001623128087
30.454 0.0001621858443
30.456 0.000162017174
30.458 0.0001618841959
30.46 0.0001617234151
30.462 0.000161609113
30.464 0.0001614643871
30.466 0.000161304469
30.468 0.0001611785264
30.47 0.0001610222158
30.472 0.0001609139869
30.474 0.0001607734452
30.476 0.0001606205683
30.478 0.0001604998478
30.48 0.0001603490778
30.482 0.0001602446629
30.484 0.0001601092089
30.486 0.0001599584163
30.488 0.0001598393581
30.49 0.0001596910105
30.492 0.000159589389
30.494 0.0001594548484
30.496 0.0001593078036
30.498 0.0001591894044
30.5 0.0001590441437
30.502 0.0001589423601
30.504 0.0001587741632
30.506 0.0001586810458
30.508 0.0001585127758
30.51 0.0001584219794
30.512 0.0001582906466
30.514 0.0001581439835
30.516 0.0001580438957
30.518 0.0001578751475
30.52 0.0001577813466
30.522 0.0001576133401
30.524 0.0001575191619
30.526 0.0001573524855
30.528 0.000157258151
30.53 0.000157105325
30.532 0.0001569890577
30.534 0.0001568424844
30.536 0.0001567250898
30.538 0.0001565784677
30.54 0.0001564607835
30.542 0.0001563148502
30.544 0.0001561958582
30.546 0.0001560497704
30.548 0.0001559473675
30.55 0.0001557762062
30.552 0.000155672347
30.554 0.000155499282
30.556 0.0001553986669
30.558 0.0001552252257
30.56 0.000155126339
30.562 0.0001549536315
30.564 0.0001548579429
30.566 0.0001546877622
30.568 0.0001545900301
30.57 0.00015442013
30.572 0.0001543231821
30.574 0.0001541675985
30.576 0.0001540469319
30.578 0.0001538979873
30.58 0.0001537777312
30.582 0.0001536317692
30.584 0.0001535136852
30.586 0.0001533674153
30.588 0.0001532489222
30.59 0.0001531011809
30.592 0.0001529495267
30.594 0.0001528549278
30.596 0.0001526876382
30.598 0.0001525959423
30.6 0.0001524292518
30.602 0.0001523391195
30.604 0.0001521727563
30.606 0.0001520491817
30.608 0.0001519433119
30.61 0.0001517985817
30.612 0.000151684924
30.614 0.0001515602465
30.616 0.0001514120002
30.618 0.0001513344933
30.62 0.0001511713942
30.622 0.0001510852322
30.624 0.0001509331155
30.626 0.0001508089108
30.628 0.0001507093512
30.63 0.0001505670155
30.632 0.000150423882
30.634 0.0001503472069
30.636 0.0001501872117
30.638 0.0001501137112
30.64 0.0001499540957
30.642 0.0001498478435
30.644 0.0001497408575
30.646 0.0001496223147
30.648 0.0001494829008
30.65 0.0001494154455
30.652 0.0001492634753
30.654 0.0001491641873
30.656 0.0001490643777
30.658 0.000148951684
30.66 0.000148819608
30.662 0.000148758838
30.664 0.0001486129611
30.666 0.0001485213656
30.668 0.000148428634
30.67 0.0001483235585
30.672 0.0001481975195
30.674 0.0001481099095
30.676 0.000148019661
30.678 0.0001479000731
30.68 0.0001478092487
30.682 0.0001477207711
30.684 0.0001476195454
30.686 0.0001475067479
30.688 0.0001474109311
30.69 0.0001473366958
30.692 0.0001472342123
30.694 0.0001471150528
30.696 0.000147016629
30.698 0.0001469654787
30.7 0.0001468311753
30.702 0.0001467968008
30.704 0.0001467147837
30.706 0.0001466834822
30.708 0.0001465688265
30.71 0.0001465014356
30.712 0.0001464049861
30.714 0.0001463149485
30.716 0.0001462714052
30.718 0.0001461453295
30.72 0.0001460692578
30.722 0.0001459643471
30.724 0.0001458830797
30.726 0.0001458073132
30.728 0.0001456814684
30.73 0.0001455979702
30.732 0.000145484388
30.734 0.0001453957272
30.736 0.0001453135947
30.738 0.0001451886657
30.74 0.000145093126
30.742 0.0001449727594
30.744 0.0001448764884
30.746 0.0001447868927
30.748 0.000144672205
30.75 0.0001445474157
30.752 0.0001444288799
30.754 0.0001443265707
30.756 0.0001442005248
30.758 0.0001440975335
30.76 0.0001440020793
30.762 0.0001438651953
30.764 0.000143759511
30.766 0.0001436281722
30.768 0.0001435060542
30.77 0.0001433998776
30.772 0.0001432689979
30.774 0.0001431616857
30.776 0.0001430303022
30.778 0.0001429063275
30.78 0.0001428006308
30.782 0.0001426988482
30.784 0.0001425743378
30.786 0.0001424390827
30.788 0.000142311776
30.79 0.0001422017979
30.792 0.0001420473721
30.794 0.0001419017128
30.796 0.0001417754707
30.798 0.0001416266982
30.8 0.0001414954081
30.802 0.0001413798558
30.804 0.0001412404955
30.806 0.000141141299
30.808 0.0001410121041
30.81 0.0001408725915
30.812 0.0001407578167
30.814 0.0001406386994
30.816 0.0001405190591
30.818 0.0001404128095
30.82 0.0001402821614
30.822 0.000140153523
30.824 0.0001400769784
30.826 0.0001399244701
30.828 0.0001397971497
30.83 0.0001396841597
30.832 0.000139543776
30.834 0.000139408714
30.836 0.000139294531
30.838 0.0001391547181
30.84 0.0001390248242
30.842 0.0001389440691
30.844 0.0001387920407
30.846 0.0001386607591
30.848 0.0001385485022
30.85 0.0001384123382
30.852 0.0001382849172
30.854 0.000138158923
30.856 0.000138084196
30.858 0.0001379363102
30.86 0.0001378206334
30.862 0.0001377168194
30.864 0.0001375904089
30.866 0.000137471971
30.868 0.0001373718469
30.87 0.0001372791739
30.872 0.0001371472611
30.874 0.0001370486377
30.876 0.000136926695
30.878 0.0001368135766
30.88 0.0001366837611
30.882 0.0001366022425
30.884 0.0001364720068
30.886 0.0001363574381
30.888 0.0001362665676
30.89 0.0001361519124
30.892 0.0001360799766
30.894 0.0001359615308
30.896 0.000135917436
30.898 0.0001358662138
30.9 0.0001357931942
30.902 0.0001357442401
30.904 0.0001356595864
30.906 0.000135580742
30.908 0.0001354990501
30.91 0.0001354333383
30.912 0.000135341239
30.914 0.0001352532088
30.916 0.0001351679434
30.918 0.0001350999745
30.92 0.0001350069345
30.922 0.0001349552638
30.924 0.000134854022
30.926 0.0001347865554
30.928 0.0001346932732
30.93 0.0001360455209
30.932 0.000136244372
30.934 0.0001363291846
30.936 0.0001361630801
30.938 0.0001358938481
30.94 0.0001355121713
30.942 0.0001350819831
30.944 0.0001345756321
30.946 0.0001340475074
30.948 0.0001335041874
30.95 0.0001329755747
30.952 0.0001324309848
30.954 0.0001319091913
30.956 0.0001314136448
30.958 0.0001309433663
30.96 0.0001305260725
30.962 0.0001301165895
30.964 0.0001297535931
30.966 0.0001294304823
30.968 0.0001291644111
30.97 0.0001289142531
30.972 0.000128710638
30.974 0.0001285454165
30.976 0.0001284210272
30.978 0.0001283474855
30.98 0.000128283777
30.982 0.0001282614794
30.984 0.000128270484
30.986 0.0001283098388
30.988 0.0001283921585
30.99 0.0001284732166
30.992 0.0001285848535
30.994 0.0001287151954
30.996 0.0001288633521
30.998 0.0001290411756
31 0.0001292058538
31.002 0.0001293846274
31.004 0.0001295711265
31.006 0.0001297591339
31.008 0.0001299486436
31.01 0.0001301506193
31.012 0.0001303182806
31.014 0.0001304878642
31.016 0.0001306474839
31.018 0.0001307996561
31.02 0.0001309389024
31.022 0.0001310862813
31.024 0.0001311919093
31.026 0.0001312944783
31.028 0.0001313816866
31.03 0.0001314557538
31.032 0.0001315144001
31.034 0.0001315784116
31.036 0.0001315988041
31.038 0.0001316146912
31.04 0.0001316151784
31.042 0.0001316048572
31.044 0.0001315807231
31.046 0.0001315446365
31.048 0.0001315168295
31.05 0.0001314536538
31.052 0.0001313891436
31.054 0.0001313157867
31.056 0.0001312353299
31.058 0.0001311503773
31.06 0.0001310604791
31.062 0.0001309662314
31.064 0.0001308895951
31.066 0.0001307830075
31.068 0.0001306840196
31.07 0.000130586793
31.072 0.0001304907827
31.074 0.000130396445
31.076 0.000130307274
31.078 0.0001302206906
31.08 0.0001301381822
31.082 0.0001300784882
31.084 0.0001299991249
31.086 0.0001299319275
31.088 0.0001298719193
31.09 0.0001298192913
31.092 0.0001297734986
31.094 0.0001297353225
31.096 0.0001297036361
31.098 0.0001296793601
31.1 0.000129661498
31.102 0.0001296508122
31.104 0.000129664287
31.106 0.0001296565307
31.108 0.0001296611525
31.11 0.0001296749726
31.112 0.0001296921657
31.114 0.0001297142091
31.116 0.0001297403432
31.118 0.0001297705325
31.12 0.0001298035863
31.122 0.0001298411579
31.124 0.0001298796637
31.126 0.0001299216977
31.128 0.0001299646883
31.13 0.0001300086876
31.132 0.0001300530213
31.134 0.0001300976069
31.136 0.000130141963
31.138 0.0001302055835
31.14 0.0001302401108
31.142 0.0001302809952
31.144 0.00013032117
31.146 0.0001303598098
31.148 0.0001303965938
31.15 0.0001304318426
31.152 0.0001304647977
31.154 0.0001304964315
31.156 0.0001305249442
31.158 0.0001305534989
31.16 0.0001305783814
31.162 0.0001305999685
31.164 0.0001306195793
31.166 0.0001306374797
31.168 0.0001306528085
31.17 0.0001306673811
31.172 0.0001306791636
31.174 0.0001306896853
31.176 0.0001306985269
31.178 0.0001307055414
31.18 0.0001307120146
31.182 0.0001307166904
31.184 0.0001307207172
31.186 0.0001307235603
31.188 0.0001307260733
31.19 0.0001307274512
31.192 0.0001307287379
31.194 0.0001307291183
31.196 0.0001307299745
31.198 0.0001307302142
31.2 0.0001307304318
31.202 0.000130730903
31.204 0.0001307316771
31.206 0.0001307333296
31.208 0.0001307346266
31.21 0.0001307365495
31.212 0.0001307371746
31.214 0.0001307396842
31.216 0.0001307421883
31.218 0.0001307456525
31.22 0.0001307491893
31.222 0.0001307543236
31.224 0.0001307593732
31.226 0.0001307653599
31.228 0.0001307716118
31.23 0.0001307783023
31.232 0.0001307867494
31.234 0.0001307944412
31.236 0.0001308041516
31.238 0.0001308131878
31.24 0.0001308231875
31.242 0.0001308330012
31.244 0.0001308437747
31.246 0.0001308546878
31.248 0.0001308662027
31.25 0.0001308770934
31.252 0.0001308875232
31.254 0.0001309016675
31.256 0.0001309137345
31.258 0.0001309264985
31.26 0.0001309381616
31.262 0.000130948827
31.264 0.0001309604171
31.266 0.0001309717509
31.268 0.0001309828894
31.27 0.0001309925823
31.272 0.0001310033334
31.274 0.0001310129138
31.276 0.0001310239823
31.278 0.0001310331386
31.28 0.0001310436532
31.282 0.0001310529641
31.284 0.0001310627472
31.286 0.0001310733908
31.288 0.0001310839836
31.29 0.0001310939126
31.292 0.0001311042863
31.294 0.000131114702
31.296 0.0001311257452
31.298 0.0001311354538
31.3 0.0001311464712
31.302 0.0001311566232
31.304 0.0001311687718
31.306 0.000131179516
31.308 0.0001311924567
31.31 0.0001312035604
31.312 0.000131217645
31.314 0.0001312299842
31.316 0.0001312444136
31.318 0.0001312591225
31.32 0.0001312728028
31.322 0.0001312896108
31.324 0.0001313059045
31.326 0.000131322484
31.328 0.0001313403879
31.33 0.0001313598814
31.332 0.0001313791095
31.334 0.0001313999096
31.336 0.0001314210357
31.338 0.0001314427768
31.34 0.0001314659658
31.342 0.0001314901586
31.344 0.0001315153339
31.346 0.0001315421596
31.348 0.0001315703483
31.35 0.0001315990419
31.352 0.0001316288749
31.354 0.0001316593112
31.356 0.0001316908328
31.358 0.0001317241993
31.36 0.0001317580404
31.362 0.0001317932331
31.364 0.000131829261
31.366 0.0001318669769
31.368 0.0001319052684
31.37 0.0001319454718
31.372 0.0001319859014
31.374 0.000132027452
31.376 0.0001320707539
31.378 0.0001321146199
31.38 0.000132159721
31.382 0.0001322062727
31.384 0.0001322537052
31.386 0.0001323017561
31.388 0.0001323509721
31.39 0.0001324011147
31.392 0.0001324521776
31.394 0.0001325044896
31.396 0.0001325572434
31.398 0.0001326109655
31.4 0.0001326653341
31.402 0.0001327226624
31.404 0.0001327789072
31.406 0.0001328360152
31.408 0.0001328938921
31.41 0.0001329526326
31.412 0.0001330120995
31.414 0.000133071335
31.416 0.0001331320207
31.418 0.000133191955
31.42 0.0001332534635
31.422 0.0001333150015
31.424 0.0001333765784
31.426 0.0001334384156
31.428 0.0001335013612
31.43 0.0001335643172
31.432 0.0001336268937
31.434 0.0001336905285
31.436 0.0001337533622
31.438 0.000133816141
31.44 0.0001338805673
31.442 0.0001339433304
31.444 0.0001340070564
31.446 0.0001340698163
31.448 0.0001341340501
31.45 0.0001341967516
31.452 0.0001342596705
31.454 0.0001343231182
31.456 0.000134384803
31.458 0.00013444824
31.46 0.0001345100252
31.462 0.0001345725831
31.464 0.0001346357197
31.466 0.000134699501
31.468 0.000134761353
31.47 0.0001348238839
31.472 0.0001348850772
31.474 0.0001349467325
31.476 0.0001350083677
31.478 0.0001350699289
31.48 0.0001351294579
31.482 0.0001351901048
31.484 0.0001352498831
31.486 0.0001353109957
31.488 0.000135370565
31.49 0.0001354311647
31.492 0.0001354903901
31.494 0.0001355513942
31.496 0.0001356120226
31.498 0.0001356716725
31.5 0.00013573186
31.502 0.0001357910928
31.504 0.000135851948
31.506 0.0001359121006
31.508 0.000135971997
31.51 0.0001360337341
31.512 0.0001360932679
31.514 0.0001361547334
31.516 0.0001362157419
31.518 0.0001362766169
31.52 0.0001363379725
31.522 0.0001364016974
31.524 0.0001364626124
31.526 0.0001365252773
31.528 0.0001365880469
31.53 0.0001366515819
31.532 0.000136714914
31.534 0.0001367787554
31.536 0.0001368431689
31.538 0.0001369076773
31.54 0.0001369736296
31.542 0.0001370394431
31.544 0.0001371052285
31.546 0.0001371712686
31.548 0.0001372391832
31.55 0.0001373064979
31.552 0.0001373744656
31.554 0.0001374432149
31.556 0.0001375113783
31.558 0.0001375803931
31.56 0.0001376508525
31.562 0.0001377218173
31.564 0.0001380865821
31.566 0.000138317059
31.568 0.0001385282612
31.57 0.0001387196904
31.572 0.0001388929529
31.574 0.0001390520612
31.576 0.0001391941288
31.578 0.0001393245584
31.58 0.0001394431633
31.582 0.00013954528
31.584 0.000139645529
31.586 0.0001397356097
31.588 0.0001398175519
31.59 0.0001398936352
31.592 0.000139962344
31.594 0.000140022376
31.596 0.0001400860934
31.598 0.0001401441599
31.6 0.0001401996635
31.602 0.0001402515533
31.604 0.0001402976129
31.606 0.0001403501342
31.608 0.0001403986488
31.61 0.0001404475336
31.612 0.0001404908158
31.614 0.0001405436254
31.616 0.0001406016986
31.618 0.0001406613364
31.62 0.0001407218976
31.622 0.000140789878
31.624 0.0001408601751
31.626 0.0001409280019
31.628 0.000141004856
31.63 0.0001410791891
31.632 0.0001411519103
31.634 0.0001412327951
31.636 0.000141308527
31.638 0.0001413918625
31.64 0.0001414687804
31.642 0.0001415533198
31.644 0.0001416308438
31.646 0.0001417165054
31.648 0.0001417933772
31.65 0.0001418783356
31.652 0.0001419546725
31.654 0.000142039319
31.656 0.0001421145497
31.658 0.000142193892
31.66 0.0001422691353
31.662 0.0001423472412
31.664 0.0001424189723
31.666 0.0001424934983
31.668 0.0001425646359
31.67 0.0001426366775
31.672 0.0001427070929
31.674 0.0001427779509
31.676 0.0001428459742
31.678 0.0001429152015
31.68 0.0001429811838
31.682 0.0001430485716
31.684 0.000143114209
31.686 0.0001431802022
31.688 0.0001432439264
31.69 0.0001433090232
31.692 0.0001433714061
31.694 0.0001434364828
31.696 0.0001434983396
31.698 0.0001435623091
31.7 0.0001436239332
31.702 0.0001436903384
31.704 0.0001437514301
31.706 0.0001438164626
31.708 0.0001438796103
31.71 0.0001439444433
31.712 0.0001440092123
31.714 0.0001440750488
31.716 0.0001441431266
31.718 0.0001442082029
31.72 0.0001442736937
31.722 0.0001443419775
31.724 0.0001444091212
31.726 0.0001444815999
31.728 0.0001445481622
31.73 0.0001446186666
31.732 0.0001446889611
31.734 0.0001447639427
31.736 0.0001448343408
31.738 0.0001449060461
31.74 0.0001449825836
31.742 0.0001450546579
31.744 0.0001451293647
31.746 0.0001452038063
31.748 0.0001452832348
31.75 0.000145356807
31.752 0.0001454352493
31.754 0.0001455125744
31.756 0.0001455929107
31.758 0.0001456702369
31.76 0.0001457482802
31.762 0.0001458296776
31.764 0.0001459091445
31.766 0.0001459923445
31.768 0.0001460746512
31.77 0.0001461557043
31.772 0.000146239603
31.774 0.0001463210304
31.776 0.0001464044084
31.778 0.0001464874408
31.78 0.0001465691229
31.782 0.0001466535766
31.784 0.0001467367345
31.786 0.0001468225979
31.788 0.0001469074069
31.79 0.0001469903195
31.792 0.0001470756173
31.794 0.000147158158
31.796 0.0001472422594
31.798 0.0001473257803
31.8 0.00014740739
31.802 0.0001474915195
31.804 0.0001475727982
31.806 0.0001476556494
31.808 0.0001477374716
31.81 0.0001478180708
31.812 0.0001479005071
31.814 0.0001479816213
31.816 0.0001480614101
31.818 0.0001481424769
31.82 0.0001482222017
31.822 0.0001483016737
31.824 0.000148381298
31.826 0.0001484597011
31.828 0.0001485388167
31.83 0.0001486171884
31.832 0.000148694855
31.834 0.0001487729369
31.836 0.0001488505828
31.838 0.0001489283131
31.84 0.0001490057038
31.842 0.0001490833974
31.844 0.0001491585823
31.846 0.000149235265
31.848 0.0001493103853
31.85 0.0001493843147
31.852 0.000149459954
31.854 0.0001495341369
31.856 0.0001496076716
31.858 0.000149679906
31.86 0.0001497529266
31.862 0.0001498261044
31.864 0.000149896974
31.866 0.0001499692054
31.868 0.0001500400994
31.87 0.0001501096103
31.872 0.0001501813547
31.874 0.0001502511235
31.876 0.0001503205863
31.878 0.0001503885335
31.88 0.0001504693604
31.882 0.0001505324087
31.884 0.0001506117036
31.886 0.0001506842471
31.888 0.0001507571482
31.89 0.0001508284278
31.892 0.0001508988404
31.894 0.0001509692475
31.896 0.0001510268659
31.898 0.0001511015292
31.9 0.0001511694778
31.902 0.0001512389381
31.904 0.0001512951511
31.906 0.000151367967
31.908 0.0001514349834
31.91 0.000151502423
31.912 0.0001515696929
31.914 0.0001516249039
31.916 0.000151696352
31.918 0.0001517613328
31.92 0.0001518273991
31.922 0.0001518935066
31.924 0.0001519585978
31.926 0.0001520226435
31.928 0.0001520762933
31.93 0.0001521456317
31.932 0.0001522106255
31.934 0.0001522749466
31.936 0.0001523376659
31.938 0.0001524016217
31.94 0.0001524647857
31.942 0.0001525285749
31.944 0.0001525910915
31.946 0.0001526525684
31.948 0.0001527151728
31.95 0.0001527770659
31.952 0.0001528391305
31.954 0.0001529005547
31.956 0.0001529616352
31.958 0.0001530216617
31.96 0.0001530824303
31.962 0.0001531435789
31.964 0.0001532032561
31.966 0.0001532634514
31.968 0.0001533228751
31.97 0.0001533811236
31.972 0.0001534406292
31.974 0.0001534991906
31.976 0.0001535545503
31.978 0.000153608154
31.98 0.000153662906
31.982 0.0001537187513
31.984 0.000153773978
31.986 0.0001538296435
31.988 0.0001538856988
31.99 0.0001539410172
31.992 0.0001539975204
31.994 0.0001540532158
31.996 0.0001541086948
31.998 0.0001541628302
32 0.0001542183208
32.002 0.0001542737208
32.004 0.0001543280865
32.006 0.0001543827663
32.008 0.0001544364944
32.01 0.0001544947843
32.012 0.0001545512761
32.014 0.0001546066809
32.016 0.0001546615765
32.018 0.0001547152075
32.02 0.0001547692497
32.022 0.0001548233507
32.024 0.0001548758369
32.026 0.0001549284124
32.028 0.0001549801585
32.03 0.0001550324058
32.032 0.0001550851684
32.034 0.0001551366028
32.036 0.0001551875773
32.038 0.0001552387157
32.04 0.0001552881846
32.042 0.0001553388711
32.044 0.0001553886543
32.046 0.0001554371656
32.048 0.0001554861358
32.05 0.0001555345397
32.052 0.0001555839887
32.054 0.0001556315183
32.056 0.0001556787031
32.058 0.0001557256658
32.06 0.0001557723539
32.062 0.0001558192937
32.064 0.0001558652402
32.066 0.0001559113117
32.068 0.0001559557109
32.07 0.000156000434
32.072 0.0001560454977
32.074 0.0001560897455
32.076 0.0001561336362
32.078 0.0001561763532
32.08 0.0001562191755
32.082 0.0001562623666
32.084 0.0001563040872
32.086 0.0001563463385
32.088 0.0001563871038
32.09 0.0001564279428
32.092 0.0001564689657
32.094 0.0001565095998
32.096 0.0001565501232
32.098 0.0001565888559
32.1 0.0001566286138
32.102 0.0001566670627
32.104 0.0001567064436
32.106 0.0001567439798
32.108 0.0001567813783
32.11 0.0001568180533
32.112 0.0001568536241
32.114 0.0001568905302
32.116 0.0001569259202
32.118 0.0001569611209
32.12 0.0001569950744
32.122 0.0001570288701
32.124 0.0001570631702
32.126 0.0001570958563
32.128 0.0001571283181
32.13 0.000157160438
32.132 0.0001571916462
32.134 0.0001572235115
32.136 0.0001572538528
32.138 0.000157284018
32.14 0.0001573133377
32.142 0.0001573414079
32.144 0.0001573703353
32.146 0.0001573979842
32.148 0.0001574246038
32.15 0.0001574508213
32.152 0.0001574764819
32.154 0.0001575030418
32.156 0.0001575278331
32.158 0.0001575522862
32.16 0.0001575763806
32.162 0.0001576006911
32.164 0.0001576240823
32.166 0.0001576481522
32.168 0.0001576706482
32.17 0.0001576934225
32.172 0.0001577153534
32.174 0.0001577366868
32.176 0.0001577590521
32.178 0.0001577803311
32.18 0.0001578008812
32.182 0.0001578214552
32.184 0.0001578413114
32.186 0.0001578620553
32.188 0.000157881802
32.19 0.0001579012721
32.192 0.0001579201298
32.194 0.0001579389348
32.196 0.000157951865
32.198 0.0001579661874
32.2 0.0001579809238
32.202 0.0001579956988
32.204 0.0001580110263
32.206 0.0001580256384
32.208 0.0001580417808
32.21 0.000158056525
32.212 0.0001580721851
32.214 0.0001580875712
32.216 0.000158102484
32.218 0.0001581191032
32.22 0.0001581345717
32.222 0.0001581515984
32.224 0.0001581670858
32.226 0.0001581837791
32.228 0.000158200541
32.23 0.0001582172293
32.232 0.0001582329729
32.234 0.0001582486118
32.236 0.0001582642674
32.238 0.0001582804085
32.24 0.0001582996555
32.242 0.0001583135915
32.244 0.0001583320543
32.246 0.0001583454969
32.248 0.0001583635524
32.25 0.0001583778653
32.252 0.0001583962318
32.254 0.0001584092851
32.256 0.0001584276916
32.258 0.0001584404525
32.26 0.0001584584285
32.262 0.0001584708853
32.264 0.000158487935
32.266 0.0001585014804
32.268 0.000158517317
32.27 0.0001585345988
32.272 0.0001585468143
32.274 0.0001585644131
32.276 0.0001585792587
32.278 0.001083832832
32.28 0.0008026507881
32.282 0.0006903485354
32.284 0.0005976832483
32.286 0.00053013604
32.288 0.0004819554906
32.29 0.0004469849192
32.292 0.0004198167288
32.294 0.0003964983744
32.296 0.0003744301908
32.298 0.0003523408936
32.3 0.0003301817255
32.302 0.0003081584636
32.304 0.0002868775474
32.306 0.0002676933835
32.308 0.00025215455
32.31 0.0002500221826
32.312 0.000253436134
32.314 0.0002549310865
32.316 0.0002550381526
32.318 0.0002536613833
32.32 0.0002550375096
32.322 0.000264380806
32.324 0.000273151804
32.326 0.0002805447326
32.328 0.0002859474293
32.33 0.0002889727247
32.332 0.0002893770798
32.334 0.0002870618073
32.336 0.0002820309128
32.338 0.0002743771443
32.34 0.0002642609293
32.342 0.0002518997228
32.344 0.0002375549049
32.346 0.0002215218151
32.348 0.0002041293736
32.35 0.0001857260348
32.352 0.0001799354379
32.354 0.0001833420649
32.356 0.0001859491574
32.358 0.0001877394749
32.36 0.0001887108931
32.362 0.0001888658348
32.364 0.0001882194747
32.366 0.0001867943477
32.368 0.0001846206896
32.37 0.000181735047
32.372 0.0001781812127
32.374 0.000174007572
32.376 0.0001692670188
32.378 0.0001640177309
32.38 0.0001583119346
32.382 0.000152221616
32.384 0.0001458028056
32.386 0.0001391235794
32.388 0.0001328337111
32.39 0.0001355420007
32.392 0.0001377597998
32.394 0.0001394733796
32.396 0.0001408160952
32.398 0.0001423076706
32.4 0.0001432798828
32.402 0.0001437376339
32.404 0.0001436927853
32.406 0.0001431597767
32.408 0.000142160431
32.41 0.0001439508211
32.412 0.0001489664571
32.414 0.0001539226322
32.416 0.0001587971257
32.418 0.0001635691607
32.42 0.0001682166808
32.422 0.0001727294433
32.424 0.0001770854171
32.426 0.0001812726912
32.428 0.0001852754887
32.43 0.0001890892454
32.432 0.0001927012116
32.434 0.0001961002568
32.436 0.0001992861002
32.438 0.0002022502191
32.44 0.0002049876945
32.442 0.0002075014899
32.444 0.0002097860215
32.446 0.0002118470678
32.448 0.0002136795285
32.45 0.0002152980865
32.452 0.0002166944224
32.454 0.0002178836172
32.456 0.0002188631729
32.458 0.0002196476928
32.46 0.0002202391028
32.462 0.0002206530175
32.464 0.0002208914343
32.466 0.0002209724994
32.468 0.0002208982059
32.47 0.0002206864189
32.472 0.0002203420426
32.474 0.0002198820766
32.476 0.0002193124747
32.478 0.0002186495771
32.48 0.0002178976966
32.482 0.0002170730709
32.484 0.0002161873979
32.486 0.0002152450053
32.488 0.0002142620815
32.49 0.0002132468382
32.492 0.0002122048234
32.494 0.0002111487155
32.496 0.0002100835248
32.498 0.000209022628
32.5 0.0002079646566
32.502 0.0002069202488
32.504 0.0002060925272
32.506 0.0002051994228
32.508 0.0002043034511
32.51 0.0002034316675
32.512 0.0002025790981
32.514 0.0002017515575
32.516 0.000200951753
32.518 0.0002001846104
32.52 0.0001994509635
32.522 0.000198750745
32.524 0.0001980870164
32.526 0.000197463358
32.528 0.0001968720182
32.53 0.0001963245194
32.532 0.0001958127303
32.534 0.0001953374975
32.536 0.0001948959369
32.538 0.0001944937218
32.54 0.0001941255869
32.542 0.000194298993
32.544 0.000194579964
32.546 0.0001948091257
32.548 0.0001951217659
32.55 0.0001954427021
32.552 0.0001957965095
32.554 0.0001961550037
32.556 0.0001965254962
32.558 0.0001968973594
32.56 0.00019726662
32.562 0.000197629288
32.564 0.0001979804078
32.566 0.0001983155565
32.568 0.0001986313474
32.57 0.0001989215715
32.572 0.0001991855882
32.574 0.0001994198413
32.576 0.000199620559
32.578 0.000199787464
32.58 0.0001999181115
32.582 0.0002000095861
32.584 0.000200064573
32.586 0.0002000789528
32.588 0.0002000557623
32.59 0.0001999958066
32.592 0.0001998966756
32.594 0.0001997625024
32.596 0.0001995953632
32.598 0.0001993929774
32.6 0.0001991641482
32.602 0.0001989057015
32.604 0.0001986242559
32.606 0.0001983213452
32.608 0.0001979991441
32.61 0.0001976622581
32.612 0.0001973131983
32.614 0.000196953757
32.616 0.0001965897423
32.618 0.0001962203272
32.62 0.000195851787
32.622 0.0001954861078
32.624 0.0001951281803
32.626 0.0001947767706
32.628 0.0001944339144
32.63 0.0001941031855
32.632 0.0001937868321
32.634 0.0001934843584
32.636 0.0001932011878
32.638 0.0001929328065
32.64 0.0001926845008
32.642 0.0001924562071
32.644 0.0001922467748
32.646 0.000192058599
32.648 0.0001918906399
32.65 0.0001917420409
32.652 0.0001916144984
32.654 0.0001915050345
32.656 0.0001914152485
32.658 0.0001913003094
32.66 0.0001912248795
32.662 0.0001911681712
32.664 0.0001911311125
32.666 0.0001911130974
32.668 0.0001911086475
32.67 0.0001911186636
32.672 0.0001911405349
32.674 0.0001911709026
32.676 0.0001912107677
32.678 0.0001912552157
32.68 0.0001913056125
32.682 0.000191360481
32.684 0.0001914139569
32.686 0.0001914666121
32.688 0.0001915189621
32.69 0.0001915655965
32.692 0.0001916085988
32.694 0.0001916512005
32.696 0.0001916822665
32.698 0.00019171195
32.7 0.0001917278741
32.702 0.0001917408135
32.704 0.0001917412694
32.706 0.0001917346594
32.708 0.0001917167605
32.71 0.0001916915285
32.712 0.0001916534567
32.714 0.000191609024
32.716 0.0001915499471
32.718 0.000191487038
32.72 0.0001914097696
32.722 0.0001913280932
32.724 0.000191231821
32.726 0.0001911327146
32.728 0.0001910219914
32.73 0.0001909022184
32.732 0.0001907795254
32.734 0.0001906479093
32.736 0.0001905085464
32.738 0.0001903665191
32.74 0.0001902192918
32.742 0.0001900655496
32.744 0.000189907574
32.746 0.0001897479318
32.748 0.0001895854116
32.75 0.0001894187424
32.752 0.0001892508492
32.754 0.0001890789991
32.756 0.0001889104094
32.758 0.0001887400921
32.76 0.0001885687416
32.762 0.0001883986484
32.764 0.0001882269226
32.766 0.000188057597
32.768 0.0001878890533
32.77 0.0001877225175
32.772 0.0001875555898
32.774 0.0001873912721
32.776 0.0001872295934
32.778 0.0001870693954
32.78 0.0001869130929
32.782 0.0001867564773
32.784 0.0001866046068
32.786 0.0001864539508
32.788 0.000186306521
32.79 0.0001861606749
32.792 0.0001860201361
32.794 0.0001858794699
32.796 0.0001857431465
32.798 0.0001856081572
32.8 0.0001854767314
32.802 0.0001853464515
32.804 0.0001852203993
32.806 0.0001850966525
32.808 0.0001849746329
32.81 0.0001848561419
32.812 0.000184735281
32.814 0.0001846198499
32.816 0.0001845064086
32.818 0.0001843958964
32.82 0.0001842872293
32.822 0.0001841815917
32.824 0.0001840779717
32.826 0.0001839776938
32.828 0.0001838789379
32.83 0.000183785119
32.832 0.000183690154
32.834 0.000183600067
32.836 0.0001835113772
32.838 0.0001834257952
32.84 0.0001833419338
32.842 0.0001832620288
32.844 0.0001831839447
32.846 0.0001831076296
32.848 0.0001830354532
32.85 0.0001829653105
32.852 0.000182898922
32.854 0.0001828334118
32.856 0.0001827736311
32.858 0.0001827134651
32.86 0.0001826584466
32.862 0.0001826062857
32.864 0.0001825577088
32.866 0.0001825117448
32.868 0.0001824692258
32.87 0.0001824290302
32.872 0.0001823958912
32.874 0.0001823613754
32.876 0.0001823361946
32.878 0.0001823100955
32.88 0.0001822894112
32.882 0.0001822736086
32.884 0.0001822592738
32.886 0.0001822525048
32.888 0.0001822466938
32.89 0.0001822487113
32.892 0.000182251297
32.894 0.0001822614181
32.896 0.0001822724334
32.898 0.0001822913614
32.9 0.0001823104374
32.902 0.0001823388965
32.904 0.0001823672653
32.906 0.0001824044498
32.908 0.0001824424465
32.91 0.0001824888161
32.912 0.0001825362127
32.914 0.0001825928031
32.916 0.0001826499267
32.918 0.0001827146872
32.92 0.0001827912598
32.922 0.00018287081
32.924 0.000182953197
32.926 0.0001830394987
32.928 0.0001831319843
32.93 0.0001832235684
32.932 0.0001833238748
32.934 0.000183423606
32.936 0.0001835310515
32.938 0.0001836395313
32.94 0.0001837538545
32.942 0.0001838691616
32.944 0.0001839897294
32.946 0.0001841131226
32.948 0.0001842397123
32.95 0.0001843680232
32.952 0.0001845020935
32.954 0.0001846384415
32.956 0.0001847749107
32.958 0.000184916796
32.96 0.0001850593028
32.962 0.0001851999571
32.964 0.0001853494282
32.966 0.0001855004676
32.968 0.0001856503783
32.97 0.0001857979712
32.972 0.0001859549819
32.974 0.0001861093394
32.976 0.0001862606445
32.978 0.0001864201458
32.98 0.0001865777804
32.982 0.0001867308751
32.984 0.0001868899292
32.986 0.0001870472475
32.988 0.0001872010584
32.99 0.0001873612754
32.992 0.0001875128337
32.994 0.0001876723118
32.996 0.0001878251089
32.998 0.0001879817688
33 0.0001881296503
33.002 0.0001882820842
33.004 0.0001884305382
33.006 0.0001885830591
33.008 0.0001887258913
33.01 0.0001888721473
33.012 0.0001890105607
33.014 0.0001891561942
33.016 0.0001892932619
33.018 0.0001894343744
33.02 0.0001895655829
33.022 0.0001896986866
33.024 0.0001898332073
33.026 0.0001899587075
33.028 0.0001900857303
33.03 0.0001902095284
33.032 0.0001903362875
33.034 0.0001904589193
33.036 0.0001905753638
33.038 0.0001906950601
33.04 0.0001908155766
33.042 0.0001909312777
33.044 0.0001910498598
33.046 0.0001911646553
33.048 0.000191277302
33.05 0.00019138793
33.052 0.0001914974442
33.054 0.0001916092936
33.056 0.0001917154737
33.058 0.000191822568
33.06 0.0001919314015
33.062 0.0001920352082
33.064 0.0001921406113
33.066 0.0001922435651
33.068 0.0001923501805
33.07 0.0001924540475
33.072 0.0001925584138
33.074 0.0001926626339
33.076 0.0001927704218
33.078 0.0001928738615
33.08 0.0001929798666
33.082 0.0001930873462
33.084 0.0001931965492
33.086 0.0001933174596
33.088 0.0001934354969
33.09 0.0001935528167
33.092 0.0001936721678
33.094 0.0001937963297
33.096 0.0001939172276
33.098 0.0001940410719
33.1 0.0001941740166
33.102 0.0001943226054
33.104 0.0001944808229
33.106 0.0001946487937
33.108 0.0001948208461
33.11 0.0001949958891
33.112 0.0001951745418
33.114 0.0001953570627
33.116 0.000195538363
33.118 0.0001957201125
33.12 0.000195910767
33.122 0.0001960959359
33.124 0.0001962798303
33.126 0.0001964625062
33.128 0.0001966465302
33.13 0.0001968263793
33.132 0.0001970068612
33.134 0.0001971879401
33.136 0.0001973670289
33.138 0.0001975320158
33.14 0.0001977040849
33.142 0.0001978777545
33.144 0.000198053313
33.146 0.0001982291684
33.148 0.0001984079109
33.15 0.0001985912011
33.152 0.0001987740665
33.154 0.0001989618809
33.156 0.0001991525216
33.158 0.0001993467026
33.16 0.0001995447412
33.162 0.0001997484254
33.164 0.0001999550557
33.166 0.0002001686465
33.168 0.0002003848035
33.17 0.000200607526
33.172 0.0002008360301
33.174 0.0002010683374
33.176 0.0002013076824
33.178 0.0002015521767
33.18 0.0002016390612
33.182 0.0002018046159
33.184 0.0002019879704
33.186 0.0002021845278
33.188 0.0002023985509
33.19 0.0002026275136
33.192 0.0002028717406
33.194 0.0002031302589
33.196 0.0002034030378
33.198 0.0002036897632
33.2 0.0002039853797
33.202 0.000204293505
33.204 0.0002046121382
33.206 0.0002049398494
33.208 0.0002052768575
33.21 0.0002056231937
33.212 0.0002059775916
33.214 0.0002063376853
33.216 0.0002067037
33.218 0.0002070754455
33.22 0.000207452367
33.222 0.0002078344661
33.224 0.0002082212036
33.226 0.0002086111189
33.228 0.0002090079496
33.23 0.0002094050168
33.232 0.0002098045206
33.234 0.0002102065398
33.236 0.0002106107821
33.238 0.0002110172407
33.24 0.0002114255331
33.242 0.0002118369527
33.244 0.0002122483136
33.246 0.0002126607883
33.248 0.0002130742255
33.25 0.0002134888671
33.252 0.0002139046392
33.254 0.0002143204673
33.256 0.000214736957
33.258 0.000215154748
33.26 0.0002155712406
33.262 0.0002159885869
33.264 0.0002164055864
33.266 0.0002168226569
33.268 0.0002172401583
33.27 0.0002176568653
33.272 0.0002180753333
33.274 0.0002184914764
33.276 0.0002189078995
33.278 0.0002193233628
33.28 0.0002197383682
33.282 0.0002201525678
33.284 0.0002205788414
33.286 0.0002209988308
33.288 0.0002214185249
33.29 0.0002218356771
33.292 0.0002222514055
33.294 0.0002226654099
33.296 0.0002230782043
33.298 0.0002234885852
33.3 0.0002238975395
33.302 0.000224304372
33.304 0.0002247105814
33.306 0.0002251137258
33.308 0.0002255152029
33.31 0.0002259149027
33.312 0.0002263120269
33.314 0.0002267072515
33.316 0.0002271004235
33.318 0.0002274912361
33.32 0.0002278810642
33.322 0.0002282675509
33.324 0.0002286520143
33.326 0.0002290334255
33.328 0.0002294139208
33.33 0.0002297912012
33.332 0.0002301658029
33.334 0.000230538708
33.336 0.0002309101878
33.338 0.0002312775906
33.34 0.0002316437984
33.342 0.0002320072427
33.344 0.0002323676266
33.346 0.0002327265261
33.348 0.0002330820077
33.35 0.0002334360116
33.352 0.0002337877048
33.354 0.0002341372354
33.356 0.0002344838622
33.358 0.0002348274097
33.36 0.0002351696017
33.362 0.0002355085356
33.364 0.0002358460907
33.366 0.0002361806197
33.368 0.0002365146881
33.37 0.00023684461
33.372 0.000237096766
33.374 0.0002373906321
33.376 0.0002376836181
33.378 0.0002379773216
33.38 0.0002382728325
33.382 0.000238568921
33.384 0.0002388659503
33.386 0.000239162543
33.388 0.0002394629456
33.39 0.0002397619478
33.392 0.0002400580891
33.394 0.0002403529952
33.396 0.0002406466872
33.398 0.0002409388411
33.4 0.0002412303235
33.402 0.0002415173864
33.404 0.0002418034676
33.406 0.0002420886051
33.408 0.000242370282
33.41 0.000242650283
33.412 0.0002429269871
33.414 0.0002432015096
33.416 0.0002434751698
33.418 0.0002437444638
33.42 0.0002440136554
33.422 0.0002442794537
33.424 0.0002445442779
33.426 0.0002448061269
33.428 0.0002450670549
33.43 0.0002453243083
33.432 0.0002455811536
33.434 0.0002458348474
33.436 0.0002460843329
33.438 0.000246332879
33.44 0.0002465788595
33.442 0.0002468230855
33.444 0.0002470635993
33.446 0.0002473025733
33.448 0.0002475401533
33.45 0.0002477737266
33.452 0.0002480074496
33.454 0.000248238075
33.456 0.0002484678885
33.458 0.0002486962614
33.46 0.0002489238258
33.462 0.0002491486352
33.464 0.0002493716286
33.466 0.0002495907035
33.468 0.000249808522
33.47 0.0002500234161
33.472 0.000250236032
33.474 0.0002504445411
33.476 0.0002506506751
33.478 0.0002508541907
33.48 0.0002510546399
33.482 0.0002512537421
33.484 0.0002514478942
33.486 0.0002516397147
33.488 0.0002518284531
33.49 0.0002520142052
33.492 0.0002521963275
33.494 0.0002523763058
33.496 0.0002525542221
33.498 0.0002527289261
33.5 0.000252899261
33.502 0.0002530674837
33.504 0.0002532314288
33.506 0.0002533930218
33.508 0.0002535506777
33.51 0.0002537065573
33.512 0.0002538572148
33.514 0.0002540053745
33.516 0.0002541504781
33.518 0.0002542911852
33.52 0.0002544289552
33.522 0.0002545625709
33.524 0.0002546914301
33.526 0.0002548177429
33.528 0.0002549397018
33.53 0.0002550581407
33.532 0.0002551729005
33.534 0.0002552827142
33.536 0.0002553888425
33.538 0.0002554913746
33.54 0.0002555889695
33.542 0.0002556825782
33.544 0.0002557728136
33.546 0.0002558575983
33.548 0.0002559384761
33.55 0.0002560166045
33.552 0.000256088667
33.554 0.0002561559774
33.556 0.0002562201145
33.558 0.0002562778796
33.56 0.0002563322915
33.562 0.0002563800255
33.564 0.0002564244553
33.566 0.0002564647034
33.568 0.0002565014369
33.57 0.000256531454
33.572 0.0002565578811
33.574 0.0002565792056
33.576 0.0002565959109
33.578 0.000256608135
33.58 0.0002566153578
33.582 0.0002566181394
33.584 0.0002566153049
33.586 0.0002566107487
33.588 0.0002565993323
33.59 0.0002565830398
33.592 0.0002565636635
33.594 0.0002565379636
33.596 0.0002565095065
33.598 0.0002564753333
33.6 0.0002564365231
33.602 0.0002563942951
33.604 0.0002563478126
33.606 0.000256295031
33.608 0.0002562383717
33.61 0.0002561770419
33.612 0.0002561125545
33.614 0.0002560414303
33.616 0.0002559668916
33.618 0.0002558874119
33.62 0.0002558053502
33.622 0.000255717943
33.624 0.0002556255272
33.626 0.0002555292672
33.628 0.0002554294551
33.63 0.0002553231572
33.632 0.0002552151922
33.634 0.0002551014657
33.636 0.000254984684
33.638 0.0002548625076
33.64 0.0002547376945
33.642 0.0002546087164
33.644 0.0002544735697
33.646 0.0002543362514
33.648 0.0002541994517
33.65 0.0002540538061
33.652 0.0002539057168
33.654 0.0002537528296
33.656 0.0002535952427
33.658 0.0002534359159
33.66 0.0002532707604
33.662 0.0002531011119
33.664 0.0002529289388
33.666 0.0002527528861
33.668 0.0002525708912
33.67 0.0002523868665
33.672 0.000252198312
33.674 0.0002520075678
33.676 0.0002518134072
33.678 0.0002516145947
33.68 0.0002514131093
33.682 0.0002512079325
33.684 0.0002510001358
33.686 0.0002507885993
33.688 0.000250572514
33.69 0.0002503536389
33.692 0.0002501316344
33.694 0.0002499067788
33.696 0.0002496775149
33.698 0.0002494464694
33.7 0.0002492100154
33.702 0.0002489717444
33.704 0.0002487289144
33.706 0.0002484835381
33.708 0.0002482352895
33.71 0.0002479839468
33.712 0.0002477320236
33.714 0.0002474740148
33.716 0.0002472140909
33.718 0.0002469509911
33.72 0.0002466855466
33.722 0.000246416776
33.724 0.0002461460502
33.726 0.0002458722625
33.728 0.000245595752
33.73 0.0002453168585
33.732 0.00024503976
33.734 0.0002447576131
33.736 0.0002444740056
33.738 0.0002441858687
33.74 0.0002438953274
33.742 0.0002436022585
33.744 0.0002433064904
33.746 0.0002430081674
33.748 0.0002427083751
33.75 0.0002424054369
33.752 0.0002420983311
33.754 0.0002417905337
33.756 0.0002414800011
33.758 0.0002411680303
33.76 0.0002408523387
33.762 0.0002405345677
33.764 0.0002402147122
33.766 0.0002398926407
33.768 0.0002395692943
33.77 0.000239243786
33.772 0.0002389136437
33.774 0.0002385838588
33.776 0.0002382513491
33.778 0.0002379180665
33.78 0.0002375809556
33.782 0.0002372424149
33.784 0.0002369019023
33.786 0.0002365585231
33.788 0.0002362172804
33.79 0.0002358707634
33.792 0.000235522979
33.794 0.0002351735234
33.796 0.0002348222887
33.798 0.000234470282
33.8 0.0002341142036
33.802 0.0002337581903
33.804 0.0002334000117
33.806 0.0002330416534
33.808 0.0002326809507
33.81 0.0002323168797
33.812 0.0002319532161
33.814 0.0002315886073
33.816 0.0002312209015
33.818 0.0002308522487
33.82 0.0002304810172
33.822 0.0002301112204
33.824 0.0002297380108
33.826 0.0002293635789
33.828 0.00022898769
33.83 0.0002286122637
33.832 0.0002282336127
33.834 0.0002278537023
33.836 0.0002274727559
33.838 0.0002270926143
33.84 0.0002267096105
33.842 0.0002263250791
33.844 0.0002259388645
33.846 0.000225553548
33.848 0.0002251659755
33.85 0.0002247764662
33.852 0.0002243863148
33.854 0.0002239946969
33.856 0.0002236020436
33.858 0.0002232069436
33.86 0.0002228131414
33.862 0.0002224163279
33.864 0.0002220184797
33.866 0.0002216226583
33.868 0.000221224481
33.87 0.0002208235297
33.872 0.0002204230079
33.874 0.000219935701
33.876 0.0002194653785
33.878 0.0002189758755
33.88 0.0002184924948
33.882 0.0002179914911
33.884 0.0002175009051
33.886 0.0002170025528
33.888 0.0002165126031
33.89 0.0002160182535
33.892 0.0002155364762
33.894 0.0002150526551
33.896 0.0002145815772
33.898 0.0002141107944
33.9 0.0002136512498
33.902 0.000213194859
33.904 0.0002126697399
33.906 0.0002122412014
33.908 0.0002117992065
33.91 0.0002112936733
33.912 0.0002108025101
33.914 0.0002103932281
33.916 0.0002099771116
33.918 0.0002094957303
33.92 0.0002090355021
33.922 0.0002085769904
33.924 0.0002081222961
33.926 0.0002077531655
33.928 0.000207385013
33.93 0.0002069515664
33.932 0.0002065430382
33.934 0.0002061358609
33.936 0.0002057339553
33.938 0.0002053371982
33.94 0.0002049448165
33.942 0.0002045601596
33.944 0.0002041812858
33.946 0.0002038087969
33.948 0.0002034438176
33.95 0.0002030844333
33.952 0.0002027333699
33.954 0.000202385962
33.956 0.0002020451812
33.958 0.0002017093435
33.96 0.0002013794041
33.962 0.0002010547992
33.964 0.0002007325276
33.966 0.00020041638
33.968 0.000200103024
33.97 0.0001997955278
33.972 0.0001994869593
33.974 0.0001991819435
33.976 0.0001988810011
33.978 0.0001985786177
33.98 0.0001982803545
33.982 0.0001979825934
33.984 0.0001976864099
33.986 0.000197390127
33.988 0.0001970946104
33.99 0.0001967982852
33.992 0.0001965053998
33.994 0.0001962086425
33.996 0.0001959155678
33.998 0.0001956169793
34 0.0001953203149
34.002 0.0001950224912
34.004 0.0001947240971
34.006 0.0001944228525
34.008 0.0001941251196
34.01 0.000193822222
34.012 0.0001935194272
34.014 0.0001932189298
34.016 0.0001929149632
34.018 0.0001926089125
34.02 0.0001923067291
34.022 0.0001920002563
34.024 0.0001916939363
34.026 0.0001913886593
34.028 0.0001910826866
34.03 0.0001907758624
34.032 0.0001904717895
34.034 0.00019016515
34.036 0.0001898620959
34.038 0.0001895574613
34.04 0.0001892561597
34.042 0.0001889534814
34.044 0.0001886536805
34.046 0.0001883532764
34.048 0.000188050296
34.05 0.0001877509913
34.052 0.0001874536036
34.054 0.0001871615483
34.056 0.0001868704568
34.058 0.0001865865935
34.06 0.0001863028003
34.062 0.0001860247564
34.064 0.0001857534063
34.066 0.0001854840629
34.068 0.0001852223939
34.07 0.0001849640534
34.072 0.0001847138108
34.074 0.0001844700837
34.076 0.0001842280205
34.078 0.0001839939065
34.08 0.0001837658317
34.082 0.0001835415717
34.084 0.0001833230759
34.086 0.0001831124951
34.088 0.0001829035335
34.09 0.0001827023053
34.092 0.000182504986
34.094 0.0001823146745
34.096 0.000182129383
34.098 0.000181948471
34.1 0.0001817741104
34.102 0.0001816066187
34.104 0.0001814398487
34.106 0.0001812820453
34.108 0.0001811284377
34.11 0.0001809808248
34.112 0.0001808356916
34.114 0.0001806953836
34.116 0.0001805640722
34.118 0.0001804339349
34.12 0.0001803121597
34.122 0.0001801940179
34.124 0.0001800832794
34.126 0.000179974033
34.128 0.0001798756641
34.13 0.0001797774527
34.132 0.0001796867755
34.134 0.0001796011234
34.136 0.0001795224477
34.138 0.0001794464477
34.14 0.0001793761744
34.142 0.0001793103286
34.144 0.000179254176
34.146 0.0001791992681
34.148 0.0001791517649
34.15 0.000179108593
34.152 0.0001790720192
34.154 0.0001790381693
34.156 0.000179009602
34.158 0.0001789898802
34.16 0.0001789721133
34.162 0.0001789653189
34.164 0.0001789564946
34.166 0.0001789538816
34.168 0.0001789627051
34.17 0.0001789716048
34.172 0.0001789859385
34.174 0.0001790103621
34.176 0.0001790330715
34.178 0.0001790638513
34.18 0.0001791010743
34.182 0.0001791461539
34.184 0.0001791908791
34.186 0.0001792426
34.188 0.000179301953
34.19 0.0001793625984
34.192 0.0001794307599
34.194 0.0001795030975
34.196 0.0001795793896
34.198 0.0001796647408
34.2 0.0001797505774
34.202 0.0001798408375
34.204 0.0001799367375
34.206 0.0001800385555
34.208 0.0001801476632
34.21 0.0001802559611
34.212 0.0001803711448
34.214 0.0001804899777
34.216 0.0001806152079
34.218 0.0001807423994
34.22 0.0001808757811
34.222 0.0001810113019
34.224 0.000181152251
34.226 0.0001812964016
34.228 0.0001814447085
34.23 0.00018159833
34.232 0.0001817534883
34.234 0.0001819148107
34.236 0.0001820784153
34.238 0.0001822471568
34.24 0.0001824191477
34.242 0.000182594662
34.244 0.0001827726494
34.246 0.0001829553968
34.248 0.0001831406096
34.25 0.0001833289543
34.252 0.0001835208399
34.254 0.0001837177158
34.256 0.0001839162556
34.258 0.0001841191929
34.26 0.0001843251812
34.262 0.0001845352008
34.264 0.0001847474235
34.266 0.0001849631456
34.268 0.0001851818599
34.27 0.0001854034484
34.272 0.0001856294236
34.274 0.0001858554728
34.276 0.0001860866619
34.278 0.00018631965
34.28 0.0001865561642
34.282 0.0001867957169
34.284 0.0001870368319
34.286 0.0001872828542
34.288 0.0001875298759
34.29 0.0001877809568
34.292 0.000188043111
34.294 0.0001882960586
34.296 0.0001885631033
34.298 0.0001888291538
34.3 0.0001890971218
34.302 0.000189367289
34.304 0.0001896381457
34.306 0.0001899127016
34.308 0.0001901882601
34.31 0.0001904674178
34.312 0.0001907476335
34.314 0.0001910309414
34.316 0.000191314747
34.318 0.000191601166
34.32 0.0001918912362
34.322 0.0001921812841
34.324 0.0001924750009
34.326 0.0001927703697
34.328 0.0001930689598
34.33 0.000193368412
34.332 0.0001936709695
34.334 0.0001939759846
34.336 0.0001942835603
34.338 0.0001945926105
34.34 0.0001949034981
34.342 0.0001952170972
34.344 0.0001955322729
34.346 0.0001958494872
34.348 0.000196170147
34.35 0.0001964909306
34.352 0.000196816375
34.354 0.0001971426165
34.356 0.0001974712324
34.358 0.0001978013846
34.36 0.0001981346723
34.362 0.0001984683043
34.364 0.0001988049483
34.366 0.0001991420372
34.368 0.0001994822741
34.37 0.00019982305
34.372 0.0002001668133
34.374 0.0002005109848
34.376 0.000200854675
34.378 0.0002012011844
34.38 0.0002015490122
34.382 0.000201898437
34.384 0.0002022507896
34.386 0.0002026035138
34.388 0.0002029580535
34.39 0.0002033138851
34.392 0.0002036732777
34.394 0.0002040322824
34.396 0.0002043938806
34.398 0.0002047560783
34.4 0.0002051197762
34.402 0.0002054848494
34.404 0.0002058505646
34.406 0.0002062183427
34.408 0.0002065863369
34.41 0.0002069569734
34.412 0.0002073268982
34.414 0.0002076989261
34.416 0.0002080709839
34.418 0.0002084445706
34.42 0.0002088187569
34.422 0.0002091940032
34.424 0.0002095702637
34.426 0.0002099469979
34.428 0.0002103253094
34.43 0.0002107035219
34.432 0.000211083159
34.434 0.0002114627377
34.436 0.000211845006
34.438 0.0002122270685
34.44 0.0002126106094
34.442 0.000212993364
34.444 0.0002133762651
34.446 0.0002137597377
34.448 0.0002141436234
34.45 0.0002145285589
34.452 0.0002149136111
34.454 0.000215299687
34.456 0.0002156856371
34.458 0.000216072785
34.46 0.0002164596694
34.462 0.000216848671
34.464 0.0002172363223
34.466 0.0002176253152
34.468 0.0002180138681
34.47 0.0002184031102
34.472 0.0002187913664
34.474 0.0002191797321
34.476 0.0002195693492
34.478 0.0002199584064
34.48 0.0002203484834
34.482 0.0002207378491
34.484 0.000221128076
34.486 0.0002215175499
34.488 0.0002219091102
34.49 0.000222298948
34.492 0.0002226894134
34.494 0.0002230801058
34.496 0.0002234703453
34.498 0.0002238609498
34.5 0.0002242510563
34.502 0.0002246417107
34.504 0.0002250312761
34.506 0.0002254218523
34.508 0.0002258116947
34.51 0.0002262866248
34.512 0.0002267272303
34.514 0.0002271592248
34.516 0.0002275876727
34.518 0.0002280088137
34.52 0.0002284245651
34.522 0.0002288346357
34.524 0.0002292408538
34.526 0.0002296427305
34.528 0.0002300401137
34.53 0.0002304348155
34.532 0.0002308262978
34.534 0.0002312148407
34.536 0.0002315995221
34.538 0.0002319849988
34.54 0.0002323686455
34.542 0.000232747657
34.544 0.0002331301607
34.546 0.0002335091421
34.548 0.0002338873013
34.55 0.0002342658596
34.552 0.000234642671
34.554 0.0002350207353
34.556 0.0002353986402
34.558 0.0002357762685
34.56 0.0002361514806
34.562 0.0002365283939
34.564 0.0002369054112
34.566 0.0002372799915
34.568 0.000237657587
34.57 0.0002380329627
34.572 0.0002384088798
34.574 0.0002387841629
34.576 0.0002391585103
34.578 0.0002395319535
34.58 0.000239905147
34.582 0.0002402780989
34.584 0.000240650057
34.586 0.0002410187651
34.588 0.0002413888039
34.59 0.0002417569504
34.592 0.0002421243574
34.594 0.0002424891738
34.596 0.0002428543731
34.598 0.0002432171235
34.6 0.0002435778956
34.602 0.000243938363
34.604 0.0002442977986
34.606 0.0002446545624
34.608 0.000245008375
34.61 0.0002453628065
34.612 0.0002457157518
34.614 0.0002460677214
34.616 0.0002464176201
34.618 0.0002467644245
34.62 0.0002471122579
34.622 0.0002474585844
34.624 0.0002478027982
34.626 0.0002481447239
34.628 0.0002484894301
34.63 0.0002488300872
34.632 0.0002491695114
34.634 0.0002495070543
34.636 0.0002498480705
34.638 0.0002501833495
34.64 0.0002505208655
34.642 0.0002508551922
34.644 0.0002511896779
34.646 0.0002515226258
34.648 0.0002518554758
34.65 0.0002521890335
34.652 0.0002525203303
34.654 0.0002528509444
34.656 0.0002531822251
34.658 0.0002535113615
34.66 0.0002538432249
34.662 0.0002541711066
34.664 0.0002544988868
34.666 0.0002548278335
34.668 0.0002551556787
34.67 0.0002554815323
34.672 0.0002558076748
34.674 0.0002561330384
34.676 0.0002564593536
34.678 0.000256784538
34.68 0.0002571109535
34.682 0.0002574335069
34.684 0.0002577586118
34.686 0.0002580832817
34.688 0.0002584091955
34.69 0.0002587293944
34.692 0.0002590538491
34.694 0.0002593740139
34.696 0.0002596950445
34.698 0.0002601120599
34.7 0.0002604853764
34.702 0.0002608544477
34.704 0.000261217955
34.706 0.0002615783837
34.708 0.0002619331119
34.71 0.0002622869417
34.712 0.0002626387926
34.714 0.0002629871376
34.716 0.0002633308681
34.718 0.0002636786885
34.72 0.0002640230099
34.722 0.000264365056
34.724 0.000264706844
34.726 0.0002650439321
34.728 0.000265382412
34.73 0.000265718361
34.732 0.0002660532466
34.734 0.0002663855806
34.736 0.0002667143697
34.738 0.0002670409451
34.74 0.0002673659237
34.742 0.0002676887816
34.744 0.0002680080196
34.746 0.0002683237957
34.748 0.0002686373732
34.75 0.000268945949
34.752 0.0002692507417
34.754 0.0002695536627
34.756 0.0002698513137
34.758 0.0002701443253
34.76 0.0002704346594
34.762 0.0002707182127
34.764 0.0002709993434
34.766 0.0002712756681
34.768 0.0002715475861
34.77 0.0002718144011
34.772 0.0002720756685
34.774 0.000272332462
34.776 0.0002725859307
34.778 0.0002728350668
34.78 0.0002730766954
34.782 0.0002733166249
34.784 0.0002735503635
34.786 0.0002737781906
34.788 0.0002740022485
34.79 0.0002742231821
34.792 0.0002744378071
34.794 0.0002746486388
34.796 0.0002748544172
34.798 0.0002750547702
34.8 0.000275252656
34.802 0.0002754461211
34.804 0.0002756352074
34.806 0.0002758203244
34.808 0.0002760018229
34.81 0.000276178609
34.812 0.0002763524472
34.814 0.0002765229728
34.816 0.0002766900687
34.818 0.0002768537947
34.82 0.0002770146736
34.822 0.000277169623
34.824 0.0002773238252
34.826 0.0002774747525
34.828 0.0002776224744
34.83 0.0002778707026
34.832 0.0002779712098
34.834 0.0002781065518
34.836 0.0002782405282
34.838 0.0002783716548
34.84 0.0002786033812
34.842 0.0002786897442
34.844 0.0002788131604
34.846 0.0002789314392
34.848 0.000279049251
34.85 0.0002792686998
34.852 0.0002793427825
34.854 0.0002794537563
34.856 0.0002795616719
34.858 0.0002797708849
34.86 0.0002798349111
34.862 0.0002799382317
34.864 0.0002800389506
34.866 0.000280237471
34.868 0.0002802967528
34.87 0.0002803932515
34.872 0.0002805812469
34.874 0.0002806359351
34.876 0.000280726431
34.878 0.0002808138974
34.88 0.0002809959799
34.882 0.0002810453935
34.884 0.000281127658
34.886 0.0002813028254
34.888 0.0002813472815
34.89 0.0002814252941
34.892 0.0002815963541
34.894 0.0002816364852
34.896 0.0002818023494
34.898 0.0002818359023
34.9 0.0002819073639
34.902 0.0002820673901
34.904 0.0002820992703
34.906 0.0002822568403
34.908 0.0002822841574
34.91 0.0002824370885
34.912 0.0002824596701
34.914 0.0002825187517
34.916 0.0002826656644
34.918 0.0002826881078
34.92 0.0002828311581
34.922 0.0002828485656
34.924 0.0002829879337
34.926 0.0002830009401
34.928 0.0002831367471
34.93 0.0002831487334
34.932 0.0002832799794
34.934 0.0002832876946
34.936 0.0002834162364
34.938 0.0002834202559
34.94 0.0002835436104
34.942 0.0002836284537
34.944 0.0002836308149
34.946 0.0002837456378
34.948 0.0002838250292
34.95 0.0002838207345
34.952 0.0002839295051
34.954 0.0002839996286
34.956 0.0002839930082
34.958 0.0002840943425
34.96 0.000284162027
34.962 0.0002842266439
34.964 0.0002842113288
34.966 0.0002843039213
34.968 0.0002843620704
34.97 0.0002844191563
34.972 0.0002844736988
34.974 0.0002844494439
34.976 0.0002845324992
34.978 0.0002845813121
34.98 0.0002846305246
34.982 0.0002846749587
34.984 0.0002847166105
34.986 0.0002847576199
34.988 0.0002847968123
34.99 0.0002848325742
34.992 0.000284867342
34.994 0.0002849003682
34.996 0.0002849307706
34.998 0.0002849582629
35 0.0002849852726
35.002 0.0002850093513
35.004 0.0002850316414
35.006 0.0002850535385
35.008 0.0002850733779
35.01 0.0002850910839
35.012 0.0002851083607
35.014 0.0002851240769
35.016 0.000285136187
35.018 0.0002851498676
35.02 0.0002851609414
35.022 0.00028517041
35.024 0.0002851795199
35.026 0.0002851865574
35.028 0.0002851919864
35.03 0.0002851959101
35.032 0.0002851966924
35.034 0.0002851995893
35.036 0.000285199094
35.038 0.0002851967354
35.04 0.0002851935198
35.042 0.0002851874981
35.044 0.0002851813265
35.046 0.0002851720938
35.048 0.0002851619097
35.05 0.0002851488852
35.052 0.0002851353695
35.054 0.0002851223342
35.056 0.0002851057799
35.058 0.0002850882176
35.06 0.0002850675827
35.062 0.0002850456251
35.064 0.0002850210143
35.066 0.0002849943071
35.068 0.0002849647435
35.07 0.0002849340311
35.072 0.0002849016937
35.074 0.0002848668806
35.076 0.0002848330107
35.078 0.0002847947828
35.08 0.0002847540432
35.082 0.0002847113686
35.084 0.0002846658625
35.086 0.0002846181757
35.088 0.0002845665128
35.09 0.0002845079804
35.092 0.0002844568732
35.094 0.0002844000682
35.096 0.0002843415179
35.098 0.0002842803487
35.1 0.0002842161922
35.102 0.0002841496493
35.104 0.0002840729943
35.106 0.0002840057069
35.108 0.0002839311754
35.11 0.0002839387496
35.112 0.0002839132697
35.114 0.0002838776259
35.116 0.0002838289219
35.118 0.0002837850254
35.12 0.0002837304545
35.122 0.0002836701782
35.124 0.000283601048
35.126 0.0002835202859
35.128 0.0002834410254
35.13 0.000283355368
35.132 0.0002832619644
35.134 0.0002831636945
35.136 0.0002830513486
35.138 0.00028294636
35.14 0.0002828308442
35.142 0.0002827109725
35.144 0.0002825777953
35.146 0.000282452449
35.148 0.0002823183204
35.15 0.0002821704297
35.152 0.0002820299305
35.154 0.0002818844243
35.156 0.0002817350333
35.158 0.0002815725241
35.16 0.0002814184416
35.162 0.0002812566092
35.164 0.0002810821183
35.166 0.0002809161
35.168 0.0002807433965
35.17 0.0002805606666
35.172 0.000280383502
35.174 0.000280201216
35.176 0.0002800078376
35.178 0.0002798229548
35.18 0.0002796314873
35.182 0.000279417971
35.184 0.0002792295808
35.186 0.0002790310671
35.188 0.000278820827
35.19 0.0002786102521
35.192 0.0002783996986
35.194 0.0002781938497
35.196 0.0002779853867
35.198 0.0002777521355
35.2 0.0002775452399
35.202 0.00027731946
35.204 0.0002770932369
35.206 0.0002768746069
35.208 0.000276642847
35.21 0.0002764091401
35.212 0.0002761757829
35.214 0.0002759378879
35.216 0.0002757011027
35.218 0.0002754671268
35.22 0.0002752119496
35.222 0.0002749802699
35.224 0.0002747287858
35.226 0.0002744802703
35.228 0.0002742279415
35.23 0.0002739760039
35.232 0.0002737200987
35.234 0.000273464824
35.236 0.0002732054376
35.238 0.0002729472573
35.24 0.0002726814346
35.242 0.0002724217343
35.244 0.0002721557599
35.246 0.000271891662
35.248 0.000271624735
35.25 0.0002713476561
35.252 0.0002710935234
35.254 0.0002708102093
35.256 0.0002705423643
35.258 0.0002702730971
35.26 0.0002699978363
35.262 0.0002697173123
35.264 0.0002694582296
35.266 0.0002691712854
35.268 0.0002689001946
35.27 0.0002686166187
35.272 0.0002683453227
35.274 0.0002680730924
35.276 0.0002677971745
35.278 0.0002675125921
35.28 0.0002672326931
35.282 0.0002669594944
35.284 0.000266678423
35.286 0.0002664066658
35.288 0.0002661351226
35.29 0.00026585854
35.292 0.0002655762654
35.294 0.0002652969122
35.296 0.0002650267196
35.298 0.000264744327
35.3 0.0002644744431
35.302 0.000264191714
35.304 0.0002639152013
35.306 0.0002636509421
35.308 0.0002633732768
35.31 0.0002631001604
35.312 0.0002628365511
35.314 0.0002625607854
35.316 0.0002622917557
35.318 0.0002620311242
35.32 0.0002617584091
35.322 0.00026148972
35.324 0.0002612313368
35.326 0.0002609642653
35.328 0.0002606979626
35.33 0.0002604422802
35.332 0.000260175466
35.334 0.0002599136614
35.336 0.0002596619097
35.338 0.0002593984907
35.34 0.0002591406475
35.342 0.0002588906234
35.344 0.0002586339318
35.346 0.0002583790577
35.348 0.0002581276025
35.35 0.000257885194
35.352 0.0002576320868
35.354 0.0002573840963
35.356 0.0002571395196
35.358 0.0002569035772
35.36 0.0002566555526
35.362 0.0002564146446
35.364 0.0002561760776
35.366 0.0002559481195
35.368 0.0002557115268
35.37 0.0002554828297
35.372 0.0002552584578
35.374 0.0002550578727
35.376 0.0002548307135
35.378 0.0002546155049
35.38 0.0002544020299
35.382 0.0002542060512
35.384 0.0002540036898
35.386 0.000253795417
35.388 0.0002535935995
35.39 0.0002534067587
35.392 0.0002532044675
35.394 0.0002530182662
35.396 0.0002528207127
35.398 0.0002526393337
35.4 0.0002524453721
35.402 0.0002522573052
35.404 0.0002520710231
35.406 0.0002519066931
35.408 0.0002517124756
35.41 0.0002515289386
35.412 0.0002513582043
35.414 0.0002511699696
35.416 0.0002509897324
35.418 0.0002508306624
35.42 0.0002506412551
35.422 0.0002504620777
35.424 0.0002502836025
35.426 0.0002501175153
35.428 0.0002499351573
35.43 0.0002497563629
35.432 0.0002495921939
35.434 0.0002494191877
35.436 0.0002492379594
35.438 0.0002490725347
35.44 0.0002488901644
35.442 0.0002487247964
35.444 0.0002485423615
35.446 0.000248364827
35.448 0.0002481969375
35.45 0.0002480145338
35.452 0.0002478363924
35.454 0.0002476696042
35.456 0.0002474936403
35.458 0.0002473199747
35.46 0.0002471342114
35.462 0.0002469504858
35.464 0.0002467802925
35.466 0.0002465923327
35.468 0.0002464206074
35.47 0.0002462306978
35.472 0.0002460454617
35.474 0.0002458713375
35.476 0.0002456796549
35.478 0.0002455021389
35.48 0.0002453091437
35.482 0.0002451312534
35.484 0.0002449361001
35.486 0.0002447451262
35.488 0.0002445660932
35.49 0.000244365973
35.492 0.0002441840542
35.494 0.0002439826511
35.496 0.0002437975459
35.498 0.0002435945413
35.5 0.0002434076248
35.502 0.0002432028466
35.504 0.000243011654
35.506 0.0002428052129
35.508 0.0002426132471
35.51 0.0002424039607
35.512 0.0002422110531
35.514 0.0002420006645
35.516 0.0002418062881
35.518 0.0002415944749
35.52 0.0002413969651
35.522 0.0002411850269
35.524 0.0002409885153
35.526 0.0002407738464
35.528 0.0002405758643
35.53 0.0002403602781
35.532 0.0002401604914
35.534 0.0002399419229
35.536 0.000239741933
35.538 0.0002395230771
35.54 0.0002393212837
35.542 0.0002391016096
35.544 0.0002388984345
35.546 0.0002386891265
35.548 0.0002384658391
35.55 0.0002382610233
35.552 0.000238038828
35.554 0.0002378336308
35.556 0.0002376225491
35.558 0.0002373993288
35.56 0.0002371901753
35.562 0.0002369784242
35.564 0.0002367540897
35.566 0.000236545764
35.568 0.0002363205917
35.57 0.0002361112064
35.572 0.000235895817
35.574 0.0002356697439
35.576 0.0002354589162
35.578 0.0002352436216
35.58 0.0002350157599
35.582 0.0002348040424
35.584 0.0002345874391
35.586 0.0002343690028
35.588 0.0002341399329
35.59 0.0002339278206
35.592 0.0002337099838
35.594 0.0002334808509
35.596 0.0002332674276
35.598 0.0002330476309
35.6 0.0002328298028
35.602 0.0002325998598
35.604 0.0002323857115
35.606 0.0002321672157
35.608 0.00023193649
35.61 0.0002317202075
35.612 0.0002315016462
35.614 0.0002312813356
35.616 0.0002310607159
35.618 0.000230829076
35.62 0.0002306162987
35.622 0.000230390975
35.624 0.0002301703921
35.626 0.0002299357714
35.628 0.0002297174812
35.63 0.0002294941819
35.632 0.000229271391
35.634 0.000229044982
35.636 0.0002288140649
35.638 0.0002285920901
35.64 0.000228366713
35.642 0.0002281409365
35.644 0.0002279159422
35.646 0.0002276917223
35.648 0.0002274516924
35.65 0.000227230369
35.652 0.0002270046937
35.654 0.0002267814891
35.656 0.0002265536453
35.658 0.000226310948
35.66 0.0002260906568
35.662 0.0002258789979
35.664 0.0002256735159
35.666 0.0002254816288
35.668 0.0002253103228
35.67 0.0002251318726
35.672 0.0002249936985
35.674 0.0002248587188
35.676 0.000224741756
35.678 0.0002246410591
35.68 0.0002245482602
35.682 0.0002244631092
35.684 0.0002244008455
35.686 0.0002243500593
35.688 0.0002243042532
35.69 0.0002242716816
35.692 0.0002242409756
35.694 0.0002242226525
35.696 0.0002241944339
35.698 0.0002241912927
35.7 0.0002241817923
35.702 0.0002241811157
35.704 0.0002241754169
35.706 0.0002241780898
35.708 0.0002241790242
35.71 0.0002241749397
35.712 0.0002241764601
35.714 0.0002241617208
35.716 0.0002241592203
35.718 0.0002241527083
35.72 0.0002241375821
35.722 0.0002241261177
35.724 0.0002241065779
35.726 0.0002240799708
35.728 0.0002240543676
35.73 0.00022401889
35.732 0.0002239792013
35.734 0.0002239348759
35.736 0.0002238848465
35.738 0.0002238276526
35.74 0.0002237664212
35.742 0.0002236987727
35.744 0.0002236677152
35.746 0.0002236060852
35.748 0.0002235437357
35.75 0.0002234680715
35.752 0.000223378455
35.754 0.0002232945459
35.756 0.0002231996344
35.758 0.0002231005633
35.76 0.0002229974069
35.762 0.0002228834233
35.764 0.0002227665514
35.766 0.000222642551
35.768 0.0002225145305
35.77 0.0002223799813
35.772 0.0002222398812
35.774 0.0002220917263
35.776 0.0002219472159
35.778 0.0002217950425
35.78 0.0002216407885
35.782 0.0002214810671
35.784 0.000221318045
35.786 0.0002211550611
35.788 0.0002209863333
35.79 0.000220812564
35.792 0.000220642466
35.794 0.0002204694182
35.796 0.0002202946176
35.798 0.0002201174844
35.8 0.000219941234
35.802 0.0002197642697
35.804 0.0002195789793
35.806 0.0002194024502
35.808 0.0002192253463
35.81 0.0002190447927
35.812 0.0002188681911
35.814 0.0002186902143
35.816 0.0002185074596
35.818 0.0002183331552
35.82 0.0002181585221
35.822 0.0002179839053
35.824 0.0002177860839
35.826 0.0002175792644
35.828 0.0002173588961
35.83 0.000217134564
35.832 0.0002169026033
35.834 0.0002166638925
35.836 0.0002164210133
35.838 0.0002161732035
35.84 0.0002159192652
35.842 0.0002156672327
35.844 0.0002154152891
35.846 0.00021515872
35.848 0.000214905742
35.85 0.0002146484655
35.852 0.0002143978633
35.854 0.0002141488392
35.856 0.0002139023825
35.858 0.0002136592299
35.86 0.0002134144682
35.862 0.0002131754109
35.864 0.0002129332508
35.866 0.0002126897027
35.868 0.0002124439329
35.87 0.0002121897741
35.872 0.0002119407468
35.874 0.0002116866645
35.876 0.0002114279015
35.878 0.0002111649234
35.88 0.0002109063276
35.882 0.0002106435006
35.884 0.000210380506
35.886 0.0002101171108
35.888 0.000209847206
35.89 0.0002095838744
35.892 0.0002093227647
35.894 0.000209060798
35.896 0.0002087975011
35.898 0.0002085417949
35.9 0.0002082888824
35.902 0.0002080402735
35.904 0.0002077897816
35.906 0.0002075507124
35.908 0.0002073148028
35.91 0.0002070804467
35.912 0.0002068509755
35.914 0.0002066328724
35.916 0.0002064183177
35.918 0.0002062095957
35.92 0.0002060036266
35.922 0.0002058090795
35.924 0.000205622761
35.926 0.0002054401173
35.928 0.0002052704516
35.93 0.0002051074095
35.932 0.0002049500637
35.934 0.0002047982611
35.936 0.0002046608506
35.938 0.0002045291407
35.94 0.0002043997859
35.942 0.0002042863288
35.944 0.0002041763277
35.946 0.0002040720513
35.948 0.0002039813188
35.95 0.0002038966996
35.952 0.0002038139134
35.954 0.0002037465596
35.956 0.0002036818855
35.958 0.0002036225582
35.96 0.0002035769067
35.962 0.0002035360104
35.964 0.000203497112
35.966 0.0002034702428
35.968 0.0002034505495
35.97 0.000203432216
35.972 0.0002034262955
35.974 0.0002034252509
35.976 0.0002034247913
35.978 0.0002034354132
35.98 0.0002034524548
35.982 0.0002034700958
35.984 0.0002034996931
35.986 0.0002035280573
35.988 0.0002035662843
35.99 0.0002036107815
35.992 0.0002036546255
35.994 0.0002037098987
35.996 0.0002037640256
35.998 0.000203828631
36 0.000203893535
36.002 0.0002039616581
36.004 0.0002040386014
36.006 0.0002041133266
36.008 0.0002041995984
36.01 0.0002042799879
36.012 0.0002043732065
36.014 0.0002044675819
36.016 0.0002045611288
36.018 0.0002046631011
36.02 0.0002047610219
36.022 0.0002048691766
36.024 0.0002049763132
36.026 0.0002050897105
36.028 0.0002052014589
36.03 0.0002053181777
36.032 0.000205436299
36.034 0.0002055603755
36.036 0.0002056817698
36.038 0.0002058099684
36.04 0.000205934006
36.042 0.0002060668684
36.044 0.0002061984133
36.046 0.0002063365959
36.048 0.0002064693531
36.05 0.0002066098823
36.052 0.0002067469116
36.054 0.0002068935136
36.056 0.0002070342308
36.058 0.000207181688
36.06 0.0002073245166
36.062 0.0002074740208
36.064 0.0002076219263
36.066 0.0002077760131
36.068 0.0002079224044
36.07 0.000208079397
36.072 0.0002082306068
36.074 0.0002083905655
36.076 0.0002085445341
36.078 0.0002087025294
36.08 0.0002088602862
36.082 0.0002090233289
36.084 0.0002091822086
36.086 0.0002093403362
36.088 0.0002095092832
36.09 0.0002096711983
36.092 0.0002098410507
36.094 0.0002100021562
36.096 0.000210168084
36.098 0.0002103402395
36.1 0.0002105039023
36.102 0.0002106743462
36.104 0.0002108405755
36.106 0.0002110098393
36.108 0.000211182344
36.11 0.0002113480097
36.112 0.0002115163328
36.114 0.0002116918549
36.116 0.0002118588487
36.118 0.0002120269934
36.12 0.0002122009717
36.122 0.0002123691593
36.124 0.0002125377393
36.126 0.00021270998
36.128 0.0002128771025
36.13 0.000213046286
36.132 0.0002132177856
36.134 0.0002133821373
36.136 0.0002135481588
36.138 0.0002137194289
36.14 0.0002138822292
36.142 0.0002140446755
36.144 0.0002142076385
36.146 0.0002143744643
36.148 0.0002145321874
36.15 0.0002146921228
36.152 0.0002148517993
36.154 0.0002150123359
36.156 0.0002151642641
36.158 0.0002153185989
36.16 0.0002154708738
36.162 0.0002156273214
36.164 0.0002157711064
36.166 0.0002159183693
36.168 0.0002160643475
36.17 0.0002162041917
36.172 0.0002163507092
36.174 0.0002164873723
36.176 0.0002166226435
36.178 0.000216755367
36.18 0.0002168870135
36.182 0.0002170204005
36.184 0.0002171447002
36.186 0.00021726829
36.188 0.0002173912711
36.19 0.0002175028219
36.192 0.0002176264116
36.194 0.0002177388502
36.196 0.0002178484821
36.198 0.0002179541752
36.2 0.0002180599122
36.202 0.0002181613255
36.204 0.0002182579566
36.206 0.0002183532421
36.208 0.000218445103
36.21 0.0002185317387
36.212 0.000218615542
36.214 0.0002186953042
36.216 0.0002187683068
36.218 0.0002188349297
36.22 0.0002189025716
36.222 0.0002189653612
36.224 0.0002190194714
36.226 0.0002190691392
36.228 0.0002191195587
36.23 0.0002191612162
36.232 0.0002192069962
36.234 0.0002192404867
36.236 0.0002192642479
36.238 0.000219291957
36.24 0.0002193118738
36.242 0.0002193274911
36.244 0.0002193357787
36.246 0.0002193463049
36.248 0.0002193489723
36.25 0.0002193490485
36.252 0.0002193402575
36.254 0.0002193319326
36.256 0.0002193194386
36.258 0.0002192992273
36.26 0.0002192758457
36.262 0.0002192498828
36.264 0.0002192196243
36.266 0.0002191765428
36.268 0.000219138692
36.27 0.0002190949147
36.272 0.0002190375088
36.274 0.000218987823
36.276 0.00021892832
36.278 0.0002188587369
36.28 0.0002187916618
36.282 0.0002187211027
36.284 0.0002186379884
36.286 0.0002185611974
36.288 0.000218468564
36.29 0.0002183827249
36.292 0.0002182877428
36.294 0.0002181817767
36.296 0.0002180820059
36.298 0.0002179689016
36.3 0.0002178555687
36.302 0.0002177407402
36.304 0.0002176139591
36.306 0.0002174880039
36.308 0.0002173521314
36.31 0.000217218862
36.312 0.0002170731719
36.314 0.0002169267381
36.316 0.0002167792139
36.318 0.0002166197489
36.32 0.0002164631043
36.322 0.0002162952753
36.324 0.0002161287988
36.326 0.0002159570427
36.328 0.0002157741218
36.33 0.0002155968572
36.332 0.000215408072
36.334 0.0002152196115
36.336 0.0002150184714
36.338 0.0002148250858
36.34 0.0002146150489
36.342 0.0002144109886
36.344 0.000214196221
36.346 0.0002139795829
36.348 0.0002137553466
36.35 0.0002135336069
36.352 0.0002132917078
36.354 0.0002130578889
36.356 0.0002128114048
36.358 0.0002125648858
36.36 0.0002123134257
36.362 0.0002120602606
36.364 0.00021179942
36.366 0.0002115411893
36.368 0.0002112677398
36.37 0.0002110006434
36.372 0.0002107227456
36.374 0.0002104393588
36.376 0.00021016097
36.378 0.0002098718459
36.38 0.000209575626
36.382 0.0002092856731
36.384 0.0002089782957
36.386 0.0002086760026
36.388 0.0002083738498
36.39 0.0002080586441
36.392 0.0002077435001
36.394 0.0002074293654
36.396 0.0002071004102
36.398 0.0002067744821
36.4 0.000206444336
36.402 0.0002061076468
36.404 0.0002057735141
36.406 0.0002054264668
36.408 0.00020507734
36.41 0.000204728074
36.412 0.0002043718017
36.414 0.0002040171165
36.416 0.0002036572018
36.418 0.0002032926958
36.42 0.0002029281541
36.422 0.0002025592703
36.424 0.0002021808143
36.426 0.0002018107152
36.428 0.0002014347954
36.43 0.0002010509809
36.432 0.0002006698692
36.434 0.0002002858478
36.436 0.0001998951203
36.438 0.0001995059482
36.44 0.0001991090792
36.442 0.0001987134723
36.444 0.000198315741
36.446 0.0001979133083
36.448 0.0001975085079
36.45 0.0001971033704
36.452 0.0001966953254
36.454 0.00019628302
36.456 0.0001958667605
36.458 0.0001954517648
36.46 0.0001950359801
36.462 0.0001946185954
36.464 0.0001941944097
36.466 0.0001937724769
36.468 0.0001933480839
36.47 0.000192921828
36.472 0.0001924858775
36.474 0.0001920590365
36.476 0.000191628393
36.478 0.0001911906384
36.48 0.0001907566163
36.482 0.0001903189191
36.484 0.0001898819936
36.486 0.0001894343705
36.488 0.0001889963586
36.49 0.0001885537758
36.492 0.0001881082072
36.494 0.000187663111
36.496 0.0001872163557
36.498 0.0001867642819
36.5 0.0001863154631
36.502 0.0001858652047
36.504 0.0001854148826
36.506 0.0001849593476
36.508 0.0001845079967
36.51 0.0001840489205
36.512 0.0001835962808
36.514 0.0001831367947
36.516 0.000182682385
36.518 0.0001822248058
36.52 0.0001817629151
36.522 0.0001813007702
36.524 0.0001808404212
36.526 0.0001803711241
36.528 0.0001799072032
36.53 0.0001794434688
36.532 0.0001789792264
36.534 0.0001785092788
36.536 0.0001783969429
36.538 0.0001781897961
36.54 0.0001780102062
36.542 0.0001778285828
36.544 0.0001776449954
36.546 0.0001774565748
36.548 0.0001772522082
36.55 0.0001770364884
36.552 0.0001768034244
36.554 0.0001765425858
36.556 0.0001762720621
36.558 0.0001759781629
36.56 0.0001756630809
36.562 0.0001753248973
36.564 0.0001749669779
36.566 0.0001745939257
36.568 0.0001741972183
36.57 0.0001737869273
36.572 0.0001733578279
36.574 0.0001729062446
36.576 0.0001724511779
36.578 0.0001719770138
36.58 0.0001714906113
36.582 0.0001709899578
36.584 0.0001704778704
36.586 0.0001699616943
36.588 0.0001694323796
36.59 0.0001688985325
36.592 0.0001683531302
36.594 0.0001678051157
36.596 0.0001672544524
36.598 0.000166698808
36.6 0.0001661332713
36.602 0.0001655765326
36.604 0.0001650145494
36.606 0.0001644516325
36.608 0.0001638805254
36.61 0.0001633205484
36.612 0.0001627583447
36.614 0.0001621952595
36.616 0.0001616337026
36.618 0.0001610814695
36.62 0.0001605271675
36.622 0.0001599808755
36.624 0.0001594338763
36.626 0.0001588962773
36.628 0.0001583642588
36.63 0.0001578386905
36.632 0.0001573098233
36.634 0.000156799512
36.636 0.0001562911634
36.638 0.0001557878025
36.64 0.0001552879274
36.642 0.0001548026501
36.644 0.00015431801
36.646 0.0001538400393
36.648 0.0001533747374
36.65 0.000152910604
36.652 0.0001524551519
36.654 0.0001520021076
36.656 0.0001515592135
36.658 0.0001511247187
36.66 0.000150691549
36.662 0.0001502666011
36.664 0.000149850179
36.666 0.0001494389335
36.668 0.0001490253064
36.67 0.0001486281879
36.672 0.0001482321956
36.674 0.0001478340907
36.676 0.0001474526232
36.678 0.0001470733866
36.68 0.0001466896559
36.682 0.0001463223591
36.684 0.0001459524729
36.686 0.0001455854862
36.688 0.0001452292826
36.69 0.000144870837
36.692 0.0001445146574
36.694 0.0001441691303
36.696 0.0001438206987
36.698 0.0001434754943
36.7 0.0001431357529
36.702 0.0001428011051
36.704 0.0001424646924
36.706 0.0001421342053
36.708 0.0001418098859
36.71 0.0001414827781
36.712 0.0001411625523
36.714 0.0001408463768
36.716 0.0001405235419
36.718 0.0001402162169
36.72 0.0001399073519
36.722 0.0001395933816
36.724 0.0001392938345
36.726 0.0001389907428
36.728 0.0001386885697
36.73 0.0001383968338
36.732 0.0001380971203
36.734 0.0001378113773
36.736 0.0001375216628
36.738 0.0001372346514
36.74 0.0001369511933
36.742 0.000136676834
36.744 0.0001363979757
36.746 0.0001361253596
36.748 0.0001358499439
36.75 0.0001355863817
36.752 0.000135325391
36.754 0.0001350576467
36.756 0.0001348014709
36.758 0.00013454519
36.76 0.0001342939324
36.762 0.0001340474781
36.764 0.0001337984249
36.766 0.0001335630369
36.768 0.000133314212
36.77 0.0001330865746
36.772 0.0001328533818
36.774 0.0001326174052
36.776 0.0001323956287
36.778 0.0001321662861
36.78 0.0001319506374
36.782 0.0001317316774
36.784 0.0001315169077
36.786 0.0001313105749
36.788 0.0001310941413
36.79 0.001084769239
36.792 0.0008016091419
36.794 0.0006880983339
36.796 0.0005944700262
36.798 0.0005261463802
36.8 0.000477545225
36.802 0.0004423936122
36.804 0.0004152143795
36.806 0.0003919603459
36.808 0.0003700049442
36.81 0.0003481493159
36.812 0.0003261540024
36.814 0.0003042699172
36.816 0.0002831178831
36.818 0.0002640541025
36.82 0.0002485876122
36.822 0.0002379106381
36.824 0.000232408802
36.826 0.0002320581214
36.828 0.000236006618
36.83 0.0002430862163
36.832 0.0002518715796
36.834 0.0002611354196
36.836 0.0002697760486
36.838 0.0002770204545
36.84 0.0002822542008
36.842 0.0002851208934
36.844 0.0002853754615
36.846 0.0002829468561
36.848 0.0002778337861
36.85 0.0002701527621
36.852 0.000260053014
36.854 0.000247774606
36.856 0.0002335598721
36.858 0.0002177246759
36.86 0.0002005680864
36.862 0.0001823391492
36.864 0.0001635502919
36.866 0.0001445578201
36.868 0.0001260218341
36.87 0.0001259762242
36.872 0.0001259251204
36.874 0.0001258909625
36.876 0.0001258509234
36.878 0.0001258172169
36.88 0.0001257878796
36.882 0.0001257642516
36.884 0.0001257401622
36.886 0.0001257280279
36.888 0.0001257089009
36.89 0.0001257087437
36.892 0.0001256932535
36.894 0.0001256945497
36.896 0.0001256946039
36.898 0.0001257027433
36.9 0.0001257070814
36.902 0.0001257261976
36.904 0.0001257357702
36.906 0.0001257561779
36.908 0.0001257785314
36.91 0.0001258044319
36.912 0.0001258333869
36.914 0.0001258612129
36.916 0.0001259037497
36.918 0.0001259386333
36.92 0.0001259822412
36.922 0.0001260256512
36.924 0.0001260727724
36.926 0.0001261203988
36.928 0.0001261783172
36.93 0.0001262335005
36.932 0.0001262892433
36.934 0.0001263520135
36.936 0.0001264175562
36.938 0.0001264875673
36.94 0.0001265558471
36.942 0.0001266261776
36.944 0.0001267090095
36.946 0.0001267809241
36.948 0.0001268664519
36.95 0.0001269485678
36.952 0.0001270326917
36.954 0.0001271302153
36.956 0.0001272141888
36.958 0.0001273169927
36.96 0.0001274069014
36.962 0.000127510584
36.964 0.0001276072576
36.966 0.0001277138316
36.968 0.0001278239426
36.97 0.0001279316182
36.972 0.0001280447917
36.974 0.0001281544059
36.976 0.0001282720252
36.978 0.0001283920481
36.98 0.0001285088541
36.982 0.0001286289511
36.984 0.0001287607903
36.986 0.0001288807299
36.988 0.0001290177122
36.99 0.0001291417504
36.992 0.0001292728251
36.994 0.0001294097343
36.996 0.0001295453084
36.998 0.0001296846098
37 0.0001298209236
37.002 0.000129957948
37.004 0.0001301053175
37.006 0.0001302476731
37.008 0.0001303919914
37.01 0.0001305412602
37.012 0.0001306906074
37.014 0.000130837387
37.016 0.0001309932487
37.018 0.0001311414299
37.02 0.0001312966581
37.022 0.0001314558415
37.024 0.0001316074199
37.026 0.000131768195
37.028 0.0001319244292
37.03 0.0001320823632
37.032 0.0001322501303
37.034 0.0001324085166
37.036 0.0001325699526
37.038 0.0001327377322
37.04 0.0001329012058
37.042 0.000133065195
37.044 0.0001332393158
37.046 0.000133402892
37.048 0.0001335727307
37.05 0.0001337461153
37.052 0.0001339140899
37.054 0.0001340845993
37.056 0.0001342635894
37.058 0.0001344364053
37.06 0.0001346094087
37.062 0.0001347883919
37.064 0.0001349617918
37.066 0.0001351398707
37.068 0.0001353216809
37.07 0.000135500216
37.072 0.0001356789203
37.074 0.0001358633158
37.076 0.0001360422622
37.078 0.0001362246448
37.08 0.0001364075893
37.082 0.0001365963677
37.084 0.0001367846304
37.086 0.0001369687915
37.088 0.0001371599935
37.09 0.0001373463265
37.092 0.0001375353081
37.094 0.0001377300065
37.096 0.000137919259
37.098 0.0001381112264
37.1 0.0001383132031
37.102 0.000138503949
37.104 0.0001387000944
37.106 0.0001388968684
37.108 0.0001391000052
37.11 0.0001392977278
37.112 0.0001394984693
37.114 0.0001397053628
37.116 0.000139909811
37.118 0.0001401148197
37.12 0.0001403212796
37.122 0.0001405342828
37.124 0.0001407414843
37.126 0.0001409521686
37.128 0.0001411689093
37.13 0.000141381716
37.132 0.0001415973381
37.134 0.0001418179275
37.136 0.0001420403192
37.138 0.0001422598089
37.14 0.0001424823703
37.142 0.0001427113414
37.144 0.0001429354188
37.146 0.0001431642191
37.148 0.0001433944626
37.15 0.0001436322034
37.152 0.000143864963
37.154 0.0001441027318
37.156 0.0001443508329
37.158 0.0001445893248
37.16 0.0001448336092
37.162 0.0001450806402
37.164 0.0001453339977
37.166 0.0001455836167
37.168 0.000145837773
37.17 0.0001460943919
37.172 0.00014635687
37.174 0.0001466164489
37.176 0.000146880079
37.178 0.0001471465213
37.18 0.0001474202063
37.182 0.0001476925633
37.184 0.0001479647867
37.186 0.0001482412181
37.188 0.0001485246628
37.19 0.0001488045853
37.192 0.0001490888544
37.194 0.0001493762662
37.196 0.0001496698953
37.198 0.0001499614061
37.2 0.0001502557114
37.202 0.0001505538459
37.204 0.0001508589818
37.206 0.0001511603369
37.208 0.0001514657079
37.21 0.0001517740646
37.212 0.0001520889517
37.214 0.0001523999275
37.216 0.0001527183056
37.218 0.0001530342889
37.22 0.0001533583203
37.222 0.0001536786161
37.224 0.0001540018205
37.226 0.0001543280923
37.228 0.0001546605033
37.23 0.0001549881462
37.232 0.0001553194817
37.234 0.0001556530835
37.236 0.0001559879168
37.238 0.000156328317
37.24 0.0001566645276
37.242 0.0001570027439
37.244 0.0001573431796
37.246 0.0001576883271
37.248 0.0001580281092
37.25 0.0001583703558
37.252 0.000158714204
37.254 0.0001590578841
37.256 0.0001594064216
37.258 0.0001597487793
37.26 0.0001600933276
37.262 0.0001604373856
37.264 0.0001607820271
37.266 0.0001611293573
37.268 0.0001614710518
37.27 0.000161812991
37.272 0.000162155247
37.274 0.0001624963778
37.276 0.0001628397388
37.278 0.0001631765589
37.28 0.0001635132958
37.282 0.0001638484225
37.284 0.0001641813508
37.286 0.0001645174525
37.288 0.0001648447085
37.29 0.0001651716913
37.292 0.0001654962002
37.294 0.0001658181344
37.296 0.000166141201
37.298 0.0001664557314
37.3 0.0001667683192
37.302 0.0001670775785
37.304 0.0001673835491
37.306 0.0001676905218
37.308 0.0001679928574
37.31 0.0001682842252
37.312 0.0001685782965
37.314 0.0001688624574
37.316 0.0001691426765
37.318 0.0001694193306
37.32 0.0001696955329
37.322 0.0001699602323
37.324 0.0001702218018
37.326 0.0001704832564
37.328 0.0001707377371
37.33 0.000170980621
37.332 0.000171221323
37.334 0.0001714600874
37.336 0.0001716868262
37.338 0.0001719091216
37.34 0.0001721303573
37.342 0.0001723391353
37.344 0.0001725491439
37.346 0.0001727483298
37.348 0.0001729380086
37.35 0.0001731222271
37.352 0.0001733051638
37.354 0.0001734756709
37.356 0.0001736352597
37.358 0.0001738010474
37.36 0.0001739465505
37.362 0.000174089826
37.364 0.00017423047
37.366 0.0001743590211
37.368 0.0001744831224
37.37 0.0001746051173
37.372 0.0001747196874
37.374 0.0001748203528
37.376 0.0001749227309
37.378 0.0001750111579
37.38 0.000175095373
37.382 0.0001751829699
37.384 0.0001752497195
37.386 0.0001753141503
37.388 0.0001753761944
37.39 0.0001754265965
37.392 0.000175475815
37.394 0.0001755194327
37.396 0.0001755478559
37.398 0.0001755779932
37.4 0.0001755970653
37.402 0.0001756179515
37.404 0.0001756295148
37.406 0.0001756327992
37.408 0.0001756367119
37.41 0.0001756302331
37.412 0.0001756265482
37.414 0.0001756135482
37.416 0.0001755939804
37.418 0.000175570915
37.42 0.0001755549263
37.422 0.0001755206401
37.424 0.0001754904714
37.426 0.0001754515998
37.428 0.0001754117097
37.43 0.0001754920343
37.432 0.0001753768386
37.434 0.0001754420997
37.436 0.0001753159205
37.438 0.0001753740274
37.44 0.0001752338937
37.442 0.0001752722777
37.444 0.0001752559699
37.446 0.0001752314636
37.448 0.0001750699311
37.45 0.0001750830744
37.452 0.0001750496441
37.454 0.00017499812
37.456 0.0001749438393
37.458 0.0001748886705
37.46 0.0001748295234
37.462 0.0001747629692
37.464 0.000174690762
37.466 0.0001746266879
37.468 0.0001745468568
37.47 0.0001744742817
37.472 0.0001744012971
37.474 0.0001743240495
37.476 0.0001742460645
37.478 0.0001741863905
37.48 0.0001741128563
37.482 0.0001740477981
37.484 0.0001739864426
37.486 0.000173924127
37.488 0.0001738622547
37.49 0.0001738145983
37.492 0.0001737575492
37.494 0.0001737186372
37.496 0.0001736703273
37.498 0.000173634415
37.5 0.0001736047004
37.502 0.0001735768161
37.504 0.0001735580103
37.506 0.0001735417345
37.508 0.0001735352487
37.51 0.0001735306275
37.512 0.0001735314466
37.514 0.0001735486203
37.516 0.0001735592625
37.518 0.0001735903757
37.52 0.0001736145205
37.522 0.0001736599712
37.524 0.000173698168
37.526 0.000173756886
37.528 0.0001738098555
37.53 0.0001738823365
37.532 0.0001739492353
37.534 0.0001740354347
37.536 0.0001741155735
37.538 0.0001742158894
37.54 0.0001743092587
37.542 0.0001744222954
37.544 0.0001745287536
37.546 0.0001746545451
37.548 0.0001747767066
37.55 0.0001749095441
37.552 0.0001750447494
37.554 0.0001751890045
37.556 0.000175340509
37.558 0.0001754869562
37.56 0.0001756427701
37.562 0.0001758029496
37.564 0.0001759696809
37.566 0.0001761433857
37.568 0.0001763143198
37.57 0.0001764929409
37.572 0.0001766773781
37.574 0.0001768556951
37.576 0.0001770488702
37.578 0.0001772412759
37.58 0.0001774261013
37.582 0.0001776325039
37.584 0.0001778335107
37.586 0.0001780263762
37.588 0.0001782291462
37.59 0.0001784280699
37.592 0.0001786278096
37.594 0.0001788215692
37.596 0.0001790238006
37.598 0.0001792184225
37.6 0.0001794158012
37.602 0.0001796069187
37.604 0.0001798055456
37.606 0.0001800004599
37.608 0.0001801937714
37.61 0.0001803809971
37.612 0.0001805830274
37.614 0.0001807775626
37.616 0.000180969898
37.618 0.0001811597367
37.62 0.0001813481604
37.622 0.0001815282953
37.624 0.0001817143402
37.626 0.0001818894822
37.628 0.000182064891
37.63 0.0001822379663
37.632 0.0001823899745
37.634 0.0001825467193
37.636 0.0001826966112
37.638 0.000182850851
37.64 0.0001830017511
37.642 0.0001831495791
37.644 0.000183294627
37.646 0.0001834373828
37.648 0.000183578309
37.65 0.0001837153324
37.652 0.0001838489113
37.654 0.0001839805422
37.656 0.0001841079388
37.658 0.0001842318867
37.66 0.0001843538679
37.662 0.0001844710385
37.664 0.0001845862528
37.666 0.0001846975178
37.668 0.0001848063915
37.67 0.0001849112204
37.672 0.0001850137309
37.674 0.0001851127008
37.676 0.0001852084102
37.678 0.0001853083589
37.68 0.0001854031231
37.682 0.000185494827
37.684 0.0001855832274
37.686 0.0001856694191
37.688 0.0001857537023
37.69 0.0001858345374
37.692 0.0001859137103
37.694 0.0001859896139
37.696 0.0001860637098
37.698 0.0001861354029
37.7 0.0001862048946
37.702 0.0001862743112
37.704 0.0001863415686
37.706 0.0001864076931
37.708 0.0001864726378
37.71 0.0001865362402
37.712 0.0001865983612
37.714 0.0001866604613
37.716 0.0001867213621
37.718 0.0001867822716
37.72 0.0001868426131
37.722 0.0001869023224
37.724 0.0001869621067
37.726 0.0001870211668
37.728 0.0001870809678
37.73 0.000187140917
37.732 0.0001872004884
37.734 0.0001872603052
37.736 0.0001873205482
37.738 0.0001873821608
37.74 0.0001874427596
37.742 0.0001875044831
37.744 0.0001875666283
37.746 0.000187629797
37.748 0.000561354001
37.75 0.0002372867824
37.752 0.000196674907
37.754 0.0001878935722
37.756 0.0001879621592
37.758 0.0001880334325
37.76 0.0001881037441
37.762 0.0001881755865
37.764 0.0001882488441
37.766 0.0001883240429
37.768 0.0001884018143
37.77 0.0001884720785
37.772 0.000188546636
37.774 0.0001886233024
37.776 0.0001887023105
37.778 0.0001887810428
37.78 0.0001888614748
37.782 0.0001889434962
37.784 0.0001890276433
37.786 0.0001891114745
37.788 0.0001891971428
37.79 0.0001892844025
37.792 0.0001893711512
37.794 0.0001894591085
37.796 0.0001895535083
37.798 0.0001896476178
37.8 0.0001897402771
37.802 0.0001898342653
37.804 0.0001899299531
37.806 0.0001900237656
37.808 0.0001901191342
37.81 0.0001902149023
37.812 0.0001903104907
37.814 0.0001904058721
37.816 0.0001905026435
37.818 0.0001905976019
37.82 0.0001906938585
37.822 0.0001907906034
37.824 0.0001908861427
37.826 0.0001909819164
37.828 0.0001910779187
37.83 0.0001911726571
37.832 0.0001912671481
37.834 0.0001913610813
37.836 0.0001914544468
37.838 0.0001915480345
37.84 0.0001916395667
37.842 0.0001917298924
37.844 0.000191814259
37.846 0.0001918987728
37.848 0.0001919844077
37.85 0.0001920677181
37.852 0.0001921505839
37.854 0.0001922327375
37.856 0.0001923120485
37.858 0.000192391351
37.86 0.0001924677143
37.862 0.0001925427029
37.864 0.0001926159417
37.866 0.0001926864026
37.868 0.0001927554935
37.87 0.0001928212091
37.872 0.0001928857272
37.874 0.0001929461546
37.876 0.0001930056343
37.878 0.0001930605971
37.88 0.000193114542
37.882 0.0001931637016
37.884 0.0001932106636
37.886 0.0001932550907
37.888 0.0001932959516
37.89 0.0001933346631
37.892 0.0001933690431
37.894 0.0001934031204
37.896 0.0001934318305
37.898 0.0001934582884
37.9 0.0001934796191
37.902 0.0001934993502
37.904 0.0001935140389
37.906 0.0001935258323
37.908 0.0001935342616
37.91 0.0001935388855
37.912 0.0001935404741
37.914 0.0001935386882
37.916 0.0001935327739
37.918 0.000193525255
37.92 0.0001935110549
37.922 0.0001934966067
37.924 0.000193473806
37.926 0.000193453079
37.928 0.0001934252434
37.93 0.0001933965173
37.932 0.0001933621724
37.934 0.0001933265405
37.936 0.0001932832097
37.938 0.0001932417067
37.94 0.000193194088
37.942 0.0001931438675
37.944 0.000193090055
37.946 0.0001930326874
37.948 0.0001929729891
37.95 0.0001929089743
37.952 0.0001928414136
37.954 0.0001927734268
37.956 0.0001926990404
37.958 0.0001926244274
37.96 0.000192544369
37.962 0.0001924622526
37.964 0.0001929568253
37.966 0.000192476373
37.968 0.000192314286
37.97 0.0001921596931
37.972 0.000192017047
37.974 0.0001918973325
37.976 0.0001917893738
37.978 0.0001916967375
37.98 0.0001916143925
37.982 0.00019154013
37.984 0.0001914732057
37.986 0.0001914090599
37.988 0.0001913454656
37.99 0.0001912852933
37.992 0.0001912213356
37.994 0.0001917246913
37.996 0.0001912661118
37.998 0.0001911200959
38 0.0001909725661
38.002 0.0001908412189
38.004 0.0001907212865
38.006 0.0001906121132
38.008 0.0001905090675
38.01 0.0001904135986
38.012 0.0001903181859
38.014 0.0001902245168
38.016 0.0001901297369
38.018 0.0001906046345
38.02 0.0001901029238
38.022 0.0001899251945
38.024 0.0001897490508
38.026 0.0001895857889
38.028 0.0001894321118
38.03 0.0001892887735
38.032 0.0001891493747
38.034 0.0001890128005
38.036 0.000189462279
38.038 0.0001889162503
38.04 0.000188718304
38.042 0.0001885096334
38.044 0.0001883182035
38.046 0.000188139062
38.048 0.0001879700982
38.05 0.0001878060285
38.052 0.000188226327
38.054 0.0001876664946
38.056 0.000187443004
38.058 0.0001872148759
38.06 0.0001870078252
38.062 0.000186810825
38.064 0.0001866252169
38.066 0.0001870193138
38.068 0.0001864439483
38.07 0.0001862044397
38.072 0.0001859620377
38.074 0.0001857429958
38.076 0.0001855302796
38.078 0.0001859026601
38.08 0.0001853137029
38.082 0.0001850590223
38.084 0.0001848055253
38.086 0.0001845721413
38.088 0.0001843518877
38.09 0.0001847149539
38.092 0.0001841201403
38.094 0.0001838574919
38.096 0.0001835964356
38.098 0.0001833537372
38.1 0.0001831255848
38.102 0.0001834850452
38.104 0.0001828861662
38.106 0.0001826084087
38.108 0.0001823455863
38.11 0.0001821005383
38.112 0.0001824232208
38.114 0.0001818239207
38.116 0.0001815432642
38.118 0.000181271658
38.12 0.0001810168742
38.122 0.0001813382817
38.124 0.0001807338886
38.126 0.0001804482174
38.128 0.000180170323
38.13 0.000180469587
38.132 0.0001798585296
38.134 0.000179568317
38.136 0.0001792851726
38.138 0.0001790247675
38.14 0.0001793478629
38.142 0.0001787494544
38.144 0.0001784643225
38.146 0.0001781957677
38.148 0.0001785004616
38.15 0.0001779011449
38.152 0.0001776094147
38.154 0.0001773363973
38.156 0.0001776428394
38.158 0.0001770412724
38.16 0.000176755017
38.162 0.0001764795548
38.164 0.0001767826524
38.166 0.000176188192
38.168 0.0001758997285
38.17 0.0001756268029
38.172 0.000175935227
38.174 0.0001753428778
38.176 0.0001750535516
38.178 0.0001753422025
38.18 0.0001747312765
38.182 0.000174427838
38.184 0.0001741565871
38.186 0.0001744570967
38.188 0.0001738652388
38.19 0.0001735732996
38.192 0.0001738674655
38.194 0.000173259833
38.196 0.0001729609042
38.198 0.0001732415595
38.2 0.0001726361818
38.202 0.0001723355516
38.204 0.0001726158449
38.206 0.0001720124617
38.208 0.0001717210501
38.21 0.0001714412533
38.212 0.0001717556773
38.214 0.0001711733523
38.216 0.0001708902083
38.218 0.000171188088
38.22 0.0001705908954
38.222 0.0001702900286
38.224 0.0001705766648
38.226 0.0001699667209
38.228 0.0001696608953
38.23 0.0001699322552
38.232 0.0001693130269
38.234 0.000168988595
38.236 0.0001692571124
38.238 0.0001686300686
38.24 0.0001688599884
38.242 0.0001682154369
38.244 0.0001678557809
38.246 0.0001681019216
38.248 0.0001674562783
38.25 0.0001671186736
38.252 0.0001673626938
38.254 0.0001667264069
38.256 0.000166948453
38.258 0.0001662905923
38.26 0.0001659269991
38.262 0.0001659262286
38.264 0.0001653710491
38.266 0.0001650222032
38.268 0.0001652802251
38.27 0.000164413669
38.272 0.0001647296698
38.274 0.0001640837841
38.276 0.0001634869035
38.278 0.0001638129639
38.28 0.0001631818905
38.282 0.0001631739132
38.284 0.0001626004203
38.286 0.0001622287739
38.288 0.0001622530846
38.29 0.0001616898541
38.292 0.0001616867934
38.294 0.0001611052421
38.296 0.0001610855397
38.298 0.0001604942125
38.3 0.0001598885721
38.302 0.0001602020854
38.304 0.0001593452705
38.306 0.0001596284604
38.308 0.0001587488942
38.31 0.0001590220173
38.312 0.000158124595
38.314 0.0001578053857
38.316 0.0001578254103
38.318 0.0001572277792
38.32 0.0001572244718
38.322 0.0001564098537
38.324 0.0001566640404
38.326 0.0001557650512
38.328 0.0001557895242
38.33 0.0001551632678
38.332 0.0001550826754
38.334 0.0001542271585
38.336 0.0001542277532
38.338 0.0001535746507
38.34 0.000152908239
38.342 0.0001529638321
38.344 0.0001521176001
38.346 0.0001521382518
38.348 0.0001512866576
38.35 0.000151498329
38.352 0.0001505620938
38.354 0.0001505503954
38.356 0.000149666822
38.358 0.000149651553
38.36 0.0001487729103
38.362 0.000148747198
38.364 0.0001478579701
38.366 0.0001478443168
38.368 0.0001469638244
38.37 0.0001469413461
38.372 0.0001460638966
38.374 0.0001460525432
38.376 0.0001451728588
38.378 0.0001451689699
38.38 0.0001442901846
38.382 0.000144292981
38.384 0.0001434225145
38.386 0.0001434196029
38.388 0.0001425593723
38.39 0.0001425597881
38.392 0.0001416935569
38.394 0.0001417111786
38.396 0.0001408512545
38.398 0.0001408681442
38.4 0.0001400041081
38.402 0.0001400236454
38.404 0.000139169605
38.406 0.0001391936425
38.408 0.000138342835
38.41 0.0001383759043
38.412 0.0001375178852
38.414 0.0001375591877
38.416 0.000136703588
38.418 0.0001367431437
38.42 0.0001359001724
38.422 0.0001359381111
38.424 0.0001350967918
38.426 0.0001351458244
38.428 0.0001401904566
38.43 0.0001437130145
38.432 0.0001458976723
38.434 0.0001487032188
38.436 0.0001503389619
38.438 0.0001526415412
38.44 0.0001538261277
38.442 0.0001557405126
38.444 0.0001565721966
38.446 0.0001581522038
38.448 0.0001586831498
38.45 0.0001599963166
38.452 0.000160268671
38.454 0.0001613266054
38.456 0.0001619967815
38.458 0.0001618936385
38.46 0.0001625930212
38.462 0.0001623107403
38.464 0.0001628368217
38.466 0.0001623867782
38.468 0.0001627549883
38.47 0.0001621594265
38.472 0.0001623811716
38.474 0.0001616509827
38.476 0.0001617509089
38.478 0.0001609043429
38.48 0.00016088884
38.482 0.000160556606
38.484 0.0001595098059
38.486 0.000159314469
38.488 0.0001581907453
38.49 0.0001579302918
38.492 0.0001567486857
38.494 0.0001564275406
38.496 0.000155830278
38.498 0.0001545312862
38.5 0.0001541111419
38.502 0.0001528005681
38.504 0.0001523634431
38.506 0.0001510335357
38.508 0.0001505871809
38.51 0.0001498865911
38.512 0.0001484962939
38.514 0.00014800756
38.516 0.0001466256221
38.518 0.000146155186
38.52 0.0001454395179
38.522 0.0001440318851
38.524 0.0001435420904
38.526 0.0001421769571
38.528 0.0001417081856
38.53 0.000141024164
38.532 0.0001396443071
38.534 0.0001391830357
38.536 0.0001378528087
38.538 0.0001374378807
38.54 0.0001368029437
38.542 0.0001354660909
38.544 0.0001350729172
38.546 0.0001337965862
38.548 0.0001334351773
38.55 0.0001328689945
38.552 0.0001315977238
38.554 0.0001312580364
38.556 0.0001307204659
38.558 0.000129473652
38.56 0.0001291647786
38.562 0.000127978584
38.564 0.000127727379
38.566 0.0001272744349
38.568 0.00012609748
38.57 0.0001258753673
38.572 0.0001254519257
38.574 0.0001243051384
38.576 0.000124107888
38.578 0.0001237249067
38.58 0.0001226148318
38.582 0.0001224490845
38.584 0.0001221032486
38.586 0.0001210289351
38.588 0.0001209021873
38.59 0.0001205851107
38.592 0.0001195507151
38.594 0.0001194625575
38.596 0.0001191804843
38.598 0.0001181776795
38.6 0.0001181178102
38.602 0.0001178763622
38.604 0.000116896449
38.606 0.0001168700472
38.608 0.000116662196
38.61 0.0001157104738
38.612 0.0001157038016
38.614 0.0001155186047
38.616 0.0001145854472
38.618 0.0001146037992
38.62 0.0001144365907
38.622 0.0001135169549
38.624 0.0001135511787
38.626 0.0001134120418
38.628 0.0001132147514
38.63 0.0001122979511
38.632 0.0001123220894
38.634 0.0001121845812
38.636 0.000111280273
38.638 0.0001113215909
38.64 0.0001112058585
38.642 0.000110323286
38.644 0.0001103826009
38.646 0.0001102891778
38.648 0.0001101307445
38.65 0.0001092529778
38.652 0.0001093058894
38.654 0.0001092069539
38.656 0.0001083344808
38.658 0.0001084066375
38.66 0.0001083344298
38.662 0.0001081990893
38.664 0.0001073298435
38.666 0.0001073945573
38.668 0.0001073266785
38.67 0.0001071929026
38.672 0.0001063296297
38.674 0.0001063992357
38.676 0.0001063326148
38.678 0.0001054810809
38.68 0.0001055786497
38.682 0.0001055430927
38.684 0.000105442302
38.686 0.0001046012293
38.688 0.0001047085624
38.69 0.0001046810164
38.692 0.0001045839976
38.694 0.0001037529557
38.696 0.0001038561155
38.698 0.0001038274598
38.7 0.0001037469475
38.702 0.0001029180392
38.704 0.00010303551
38.706 0.0001030371781
38.708 0.0001029890111
38.71 0.0001031503754
38.712 0.0001033101794
38.714 0.0001034705279
38.716 0.0001036295438
38.718 0.0001037868749
38.72 0.0001039457541
38.722 0.000104103239
38.724 0.0001042581444
38.726 0.0001044150825
38.728 0.0001045687797
38.73 0.0001047241221
38.732 0.0001048798595
38.734 0.000105031435
38.736 0.000105186372
38.738 0.0001053383811
38.74 0.0001054916104
38.742 0.0001056408339
38.744 0.000105788229
38.746 0.0001059379636
38.748 0.0001060853926
38.75 0.0001062315317
38.752 0.000106377047
38.754 0.0001065216721
38.756 0.0001066677532
38.758 0.0001068114386
38.76 0.0001069537411
38.762 0.0001070986963
38.764 0.0001072406794
38.766 0.0001073850375
38.768 0.0001075280806
38.77 0.0001076683492
38.772 0.0001078116207
38.774 0.0001079529083
38.776 0.0001080954108
38.778 0.0001082383903
38.78 0.0001083786215
38.782 0.0001085207355
38.784 0.0001086625029
38.786 0.000108804266
38.788 0.0001089446228
38.79 0.0001090867222
38.792 0.0001092281493
38.794 0.0001093678856
38.796 0.0001095112267
38.798 0.000109650346
38.8 0.0001097942081
38.802 0.0001099314438
38.804 0.000110074575
38.806 0.0001102135628
38.808 0.0001103556034
38.81 0.0001104967975
38.812 0.0001106364884
38.814 0.0001107789046
38.816 0.000110916404
38.818 0.0001110576067
38.82 0.0001111960558
38.822 0.0001113382196
38.824 0.0001114673134
38.826 0.0001337824846
38.828 0.0001902973657
38.83 0.0002448689097
38.832 0.0002949600283
38.834 0.0003375754279
38.836 0.0003704135245
38.838 0.0003916299496
38.84 0.0004000854273
38.842 0.0003955257044
38.844 0.0003786384443
38.846 0.0003510843438
38.848 0.0003154534266
38.85 0.0002781209507
38.852 0.0002413104221
38.854 0.0002230716
38.856 0.0002281623167
38.858 0.0002273701138
38.86 0.0002210312786
38.862 0.0002099401737
38.864 0.0001952857625
38.866 0.0001785059821
38.868 0.0001673358003
38.87 0.0001611925445
38.872 0.000153943836
38.874 0.0001494501325
38.876 0.000148733197
38.878 0.000151393972
38.88 0.0001560323038
38.882 0.0001604545968
38.884 0.0001625722591
38.886 0.0001609756092
38.888 0.0001551722242
38.89 0.0001456352251
38.892 0.0001337711998
38.894 0.0001232757985
38.896 0.0001165245228
38.898 0.0001166648001
38.9 0.0001167924411
38.902 0.0001169332982
38.904 0.0001178349342
38.906 0.0001190200356
38.908 0.0001176875876
38.91 0.0001174714777
38.912 0.0001176088888
38.914 0.0001177469545
38.916 0.0001178892074
38.918 0.0001180263737
38.92 0.0001181658514
38.922 0.0001183041836
38.924 0.0001184456255
38.926 0.0001185846316
38.928 0.0001187261843
38.93 0.0001188686409
38.932 0.0001190188232
38.934 0.000119159456
38.936 0.000119304116
38.938 0.0001194482955
38.94 0.0001195917856
38.942 0.0001197375163
38.944 0.0001198839451
38.946 0.0001200315604
38.948 0.0001201764432
38.95 0.0001203244398
38.952 0.0001204727867
38.954 0.000120619233
38.956 0.000120768487
38.958 0.000120916744
38.96 0.0001210664587
38.962 0.0001212138781
38.964 0.0001213650646
38.966 0.0001215137983
38.968 0.0001216653975
38.97 0.0001218148838
38.972 0.0001219657762
38.974 0.0001221175334
38.976 0.0001222682952
38.978 0.0001224200394
38.98 0.000122571779
38.982 0.0001227252074
38.984 0.0001228773235
38.986 0.0001230277189
38.988 0.0001231797427
38.99 0.000123333485
38.992 0.0001234870366
38.994 0.000123639858
38.996 0.0001237909546
38.998 0.0001239448345
39 0.0001240971701
39.002 0.0001242495813
39.004 0.000124402964
39.006 0.0001245563038
39.008 0.0001247080465
39.01 0.0001248601423
39.012 0.0001250142462
39.014 0.0001251678115
39.016 0.0001253185009
39.018 0.0001254720839
39.02 0.0001256247297
39.022 0.0001257864502
39.024 0.0001259534831
39.026 0.0001261271245
39.028 0.0001263049635
39.03 0.0001264861922
39.032 0.0001266706614
39.034 0.0001268597287
39.036 0.0001270508134
39.038 0.0001272454329
39.04 0.0001274394007
39.042 0.00012763782
39.044 0.0001278357856
39.046 0.0001280354137
39.048 0.0001282375378
39.05 0.0001284374499
39.052 0.0001286393506
39.054 0.0001288414938
39.056 0.0001290426331
39.058 0.0001292453809
39.06 0.0001294459568
39.062 0.0001296454943
39.064 0.0001298450113
39.066 0.0001300426966
39.068 0.000130242516
39.07 0.0001304388521
39.072 0.0001307871551
39.074 0.0001310579829
39.076 0.0001313166285
39.078 0.0001315647736
39.08 0.0001318036171
39.082 0.000132033038
39.084 0.0001322566261
39.086 0.0001324740713
39.088 0.0001326884602
39.09 0.0001328971384
39.092 0.0001331012983
39.094 0.0001333025678
39.096 0.0001335003301
39.098 0.0001336965878
39.1 0.0001338876189
39.102 0.0001340787587
39.104 0.0001342672032
39.106 0.0001344527701
39.108 0.0001346372035
39.11 0.0001348195805
39.112 0.0001349990918
39.114 0.0001351779923
39.116 0.0001353553721
39.118 0.0001355308685
39.12 0.000135703551
39.122 0.0001358758878
39.124 0.0001360451538
39.126 0.0001362119551
39.128 0.0001363795976
39.13 0.000136542652
39.132 0.0001367062876
39.134 0.0001368672719
39.136 0.0001370271275
39.138 0.000137181604
39.14 0.0001373362935
39.142 0.0001374898882
39.144 0.0001376415114
39.146 0.0001377911564
39.148 0.0001379393844
39.15 0.0001380861622
39.152 0.0001382305285
39.154 0.0001383750016
39.156 0.0001385165515
39.158 0.0001386571376
39.16 0.0001387960987
39.162 0.0001389332736
39.164 0.000139068084
39.166 0.0001392035765
39.168 0.0001393360087
39.17 0.0001394679145
39.172 0.0001395957016
39.174 0.0001397257714
39.176 0.0001398523181
39.178 0.0001399777084
39.18 0.000140101472
39.182 0.0001402245099
39.184 0.0001403449643
39.186 0.0001404662127
39.188 0.0001405827883
39.19 0.0001406997875
39.192 0.0001408155714
39.194 0.0001409297945
39.196 0.0001410400079
39.198 0.000141148386
39.2 0.000141257935
39.202 0.0001413649762
39.204 0.0001414705506
39.206 0.0001415756204
39.208 0.0001416794145
39.21 0.000141782759
39.212 0.0001418843369
39.214 0.0001419853869
39.216 0.0001420829749
39.218 0.0001421820059
39.22 0.0001422782233
39.222 0.000142376887
39.224 0.0001424711202
39.226 0.0001425653955
39.228 0.0001426584149
39.23 0.0001427532258
39.232 0.0001428443398
39.234 0.0001429329757
39.236 0.0001430215781
39.238 0.0001431075609
39.24 0.0001431934525
39.242 0.0001432773867
39.244 0.00014336175
39.246 0.000143443223
39.248 0.0001435236007
39.25 0.000143604431
39.252 0.0001436812027
39.254 0.0001437628755
39.256 0.0001438362468
39.258 0.0001439101579
39.26 0.0001439827831
39.262 0.0001440545633
39.264 0.000144124562
39.266 0.0001441931332
39.268 0.0001442619736
39.27 0.0001443298683
39.272 0.0001443958441
39.274 0.0001444653326
39.276 0.0001445292026
39.278 0.0001445911569
39.28 0.0001446529214
39.282 0.0001447137305
39.284 0.0001447729455
39.286 0.000144832018
39.288 0.0001448895427
39.29 0.000144951669
39.292 0.0001450042858
39.294 0.0001450599111
39.296 0.0001451123638
39.298 0.0001451641615
39.3 0.0001452155848
39.302 0.0001452662292
39.304 0.0001453191364
39.306 0.0001453644
39.308 0.0001454108122
39.31 0.0001454565525
39.312 0.0001454956752
39.314 0.0001455358923
39.316 0.0001455736382
39.318 0.0001456160287
39.32 0.0001456512235
39.322 0.0001456861264
39.324 0.0001457197206
39.326 0.0001457537665
39.328 0.0001457832706
39.33 0.0001458192336
39.332 0.0001458450113
39.334 0.0001458741039
39.336 0.0001458998244
39.338 0.0001459237987
39.34 0.0001459494273
39.342 0.0001459708527
39.344 0.0001459918625
39.346 0.0001460102825
39.348 0.0001460276826
39.35 0.0001460479499
39.352 0.0001460608056
39.354 0.0001460738094
39.356 0.0001460839402
39.358 0.0001460948127
39.36 0.0001461073997
39.362 0.0001461090827
39.364 0.0001461148776
39.366 0.0001461174419
39.368 0.0001461204761
39.37 0.0001461248781
39.372 0.0001461208332
39.374 0.0001461177648
39.376 0.0001461131612
39.378 0.0001461087138
39.38 0.0001460985541
39.382 0.0001460890129
39.384 0.0001460776014
39.386 0.0001460683637
39.388 0.0001460513959
39.39 0.0001460329023
39.392 0.0001460145937
39.394 0.0001459995829
39.396 0.000145975304
39.398 0.0001459533722
39.4 0.0001459267419
39.402 0.0001459024643
39.404 0.0001458735763
39.406 0.000145843289
39.408 0.0001458107715
39.41 0.0001457816874
39.412 0.0001457443247
39.414 0.0001457157901
39.416 0.0001456743796
39.418 0.0001456388525
39.42 0.0001456021141
39.422 0.0001455547502
39.424 0.0001455218704
39.426 0.0001454719031
39.428 0.0001454193488
39.43 0.0001453786406
39.432 0.0001453297292
39.434 0.0001452814829
39.436 0.0001452218064
39.438 0.0001451779283
39.44 0.0001451156073
39.442 0.0001450620046
39.444 0.0001450028778
39.446 0.0001449466655
39.448 0.000144880724
39.45 0.0001448206393
39.452 0.0001447642969
39.454 0.0001446918164
39.456 0.0001446296123
39.458 0.000144567983
39.46 0.0001444915056
39.462 0.0001444249708
39.464 0.0001443607816
39.466 0.00014428096
39.468 0.0001442106476
39.47 0.0001441422713
39.472 0.0001440678626
39.474 0.0001439839614
39.476 0.0001439156095
39.478 0.0001438365152
39.48 0.0001437570779
39.482 0.0001436837952
39.484 0.0001436033825
39.486 0.000143520217
39.488 0.0001434361219
39.49 0.0001433547097
39.492 0.0001432717722
39.494 0.0001431931761
39.496 0.0001431064103
39.498 0.0001430214487
39.5 0.0001429397668
39.502 0.0001428524204
39.504 0.0001427669803
39.506 0.0001426830779
39.508 0.0001425943844
39.51 0.0001425108389
39.512 0.0001424224118
39.514 0.000142332072
39.516 0.0001422966064
39.518 0.0001422190912
39.52 0.0001421436179
39.522 0.0001420567972
39.524 0.0001419617746
39.526 0.0001418695203
39.528 0.0001417656277
39.53 0.000141664546
39.532 0.0001415523917
39.534 0.0001414455395
39.536 0.0001413250401
39.538 0.0001412090095
39.54 0.0001410911228
39.542 0.0001409683887
39.544 0.0001408474296
39.546 0.000140723078
39.548 0.0001406009293
39.55 0.0001404737533
39.552 0.0001403500911
39.554 0.000140223114
39.556 0.0001400955519
39.558 0.0001399754757
39.56 0.0001398477629
39.562 0.0001397273729
39.564 0.0001396020441
39.566 0.0001394867811
39.568 0.0001393623978
39.57 0.0001392497471
39.572 0.0001391308214
39.574 0.0001390191456
39.576 0.0001389106073
39.578 0.0001387993001
39.58 0.0001386963077
39.582 0.0001385889436
39.584 0.000138489999
39.586 0.0001383882813
39.588 0.0001382966505
39.59 0.0001381978412
39.592 0.0001381113592
39.594 0.000138016314
39.596 0.0001379338132
39.598 0.0001378457109
39.6 0.0001377645884
39.602 0.0001376891446
39.604 0.0001376063285
39.606 0.0001375364822
39.608 0.0001374596218
39.61 0.0001373938157
39.612 0.0001373223361
39.614 0.0001372585737
39.616 0.0001371914045
39.618 0.0001371314704
39.62 0.0001370669692
39.622 0.000137009598
39.624 0.0001369498048
39.626 0.0001368966439
39.628 0.0001368351005
39.63 0.0001367846475
39.632 0.0001367261819
39.634 0.0001366770471
39.636 0.0001366210099
39.638 0.0001365716418
39.64 0.0001365190021
39.642 0.0001364688582
39.644 0.0001364142222
39.646 0.0001363687765
39.648 0.0001363115786
39.65 0.0001362648312
39.652 0.0001362076496
39.654 0.0001361618901
39.656 0.0001361038108
39.658 0.000136055572
39.66 0.0001359985803
39.662 0.0001359470507
39.664 0.0001358884225
39.666 0.0001358349618
39.668 0.0001357760659
39.67 0.0001357196435
39.672 0.0001356592137
39.674 0.0001356016897
39.676 0.0001355369263
39.678 0.0001354799457
39.68 0.0001354105617
39.682 0.0001353501316
39.684 0.0001352782004
39.686 0.0001352147042
39.688 0.0001351411805
39.69 0.0001350755403
39.692 0.0001349969531
39.694 0.0001349286245
39.696 0.0001348484118
39.698 0.0001347771183
39.7 0.0001346913273
39.702 0.000134615803
39.704 0.000134528772
39.706 0.0001344506741
39.708 0.0001343590895
39.71 0.000134276849
39.712 0.0001341830552
39.714 0.000134098281
39.716 0.0001340018983
39.718 0.0001339144864
39.72 0.0001338169784
39.722 0.0001337278049
39.724 0.0001336312684
39.726 0.0001335324648
39.728 0.000133435242
39.73 0.000133332892
39.732 0.0001332329392
39.734 0.0001331265925
39.736 0.0001330243647
39.738 0.0001329128109
39.74 0.000132808264
39.742 0.0001326939615
39.744 0.0001325868717
39.746 0.0001324732791
39.748 0.0001323525863
39.75 0.0001322409899
39.752 0.0001321175572
39.754 0.0001320022332
39.756 0.0001318746302
39.758 0.0001317520894
39.76 0.000131630027
39.762 0.0001314986388
39.764 0.0001313703193
39.766 0.0001312381701
39.768 0.0001311066125
39.77 0.000130967715
39.772 0.0001308356826
39.774 0.00013069851
39.776 0.0001305540966
39.778 0.0001304170189
39.78 0.0001302687963
39.782 0.0001301272196
39.784 0.0001299788158
39.786 0.0001298323288
39.788 0.0001296831674
39.79 0.0001295296482
39.792 0.0001293787058
39.794 0.0001292193655
39.796 0.0001290665927
39.798 0.000128912199
39.8 0.0001287489234
39.802 0.0001285899081
39.804 0.0001284234487
39.806 0.0001282661033
39.808 0.0001281010126
39.81 0.0001279296768
39.812 0.0001277662038
39.814 0.0001276007582
39.816 0.0001274267321
39.818 0.0001272561469
39.82 0.0001270803318
39.822 0.0001279196199
39.824 0.0001283894538
39.826 0.0001288554998
39.828 0.0001292919622
39.83 0.0001297197982
39.832 0.0001301257493
39.834 0.0001305197949
39.836 0.0001308896656
39.838 0.0001312448195
39.84 0.0001315805193
39.842 0.0001318971017
39.844 0.0001321991321
39.846 0.0001324785452
39.848 0.0001327389638
39.85 0.0001329897234
39.852 0.000133213353
39.854 0.0001334207686
39.856 0.0001336110264
39.858 0.0001337819526
39.86 0.0001339409411
39.862 0.0001340786235
39.864 0.000134200567
39.866 0.0001343057459
39.868 0.0001343952553
39.87 0.0001344755305
39.872 0.0001345293333
39.874 0.0001345713199
39.876 0.0001345980054
39.878 0.0001346095636
39.88 0.0001346100019
39.882 0.0001345888258
39.884 0.0001345578448
39.886 0.000134512451
39.888 0.0001344591432
39.89 0.0001343820692
39.892 0.0001342956458
39.894 0.0001341960422
39.896 0.0001340844427
39.898 0.0001339591097
39.9 0.000133823281
39.902 0.0001336765103
39.904 0.0001335169351
39.906 0.000133353741
39.908 0.0001331709646
39.91 0.000132982011
39.912 0.0001327830879
39.914 0.0001325740694
39.916 0.0001323590258
39.918 0.0001321347951
39.92 0.0001319091065
39.922 0.0001316671525
39.924 0.0001314219377
39.926 0.0001311700112
39.928 0.0001309137747
39.93 0.0001306498527
39.932 0.000130384039
39.934 0.0001301202506
39.936 0.0001298432597
39.938 0.0001295644538
39.94 0.0001292843583
39.942 0.0001290016617
39.944 0.0001287176638
39.946 0.0001284372676
39.948 0.0001281471741
39.95 0.0001278577888
39.952 0.0001275690918
39.954 0.0001272780616
39.956 0.000126988222
39.958 0.0001267051831
39.96 0.0001264121347
39.962 0.0001261222994
39.964 0.0001258341206
39.966 0.0001255462418
39.968 0.0001252654245
39.97 0.0001249748378
39.972 0.0001246894146
39.974 0.0001244046668
39.976 0.0001241204522
39.978 0.0001238362284
39.98 0.0001235616392
39.982 0.0001232782419
39.984 0.0001230026915
39.986 0.0001227201701
39.988 0.0001224482234
39.99 0.0001221661115
39.992 0.0001218888921
39.994 0.0001216099919
39.996 0.0001213328876
39.998 0.000121066833
40 0.0001207848796
40.002 0.0001205062721
40.004 0.0001202295912
40.006 0.0001199516638
40.008 0.0001196802935
40.01 0.0001194040853
40.012 0.000119122127
40.014 0.0001188433456
40.016 0.0001185697209
40.018 0.0001182866601
40.02 0.0001180083532
40.022 0.0001177249789
40.024 0.0001174486896
40.026 0.0001171616543
40.028 0.0001168762019
40.03 0.0001165961762
40.032 0.0001163152972
40.034 0.0001160252121
40.036 0.0001157359399
40.038 0.0001154477463
40.04 0.0001151709295
40.042 0.0001148759863
40.044 0.0001145865824
40.046 0.0001142995347
40.048 0.0001140108103
40.05 0.0001137172425
40.052 0.0001134242958
40.054 0.00011313616
40.056 0.0001128413975
40.058 0.0001125513056
40.06 0.0001122561706
40.062 0.0001119684695
40.064 0.0001116719154
40.066 0.0001113827991
40.068 0.000111093849
40.07 0.0001107968301
40.072 0.0001105035042
40.074 0.0001102203115
40.076 0.0001099227234
40.078 0.0001096288693
40.08 0.0001093411876
40.082 0.0001090496894
40.084 0.0001087549323
40.086 0.0001084612583
40.088 0.0001081734972
40.09 0.0001078834178
40.092 0.0001075883027
40.094 0.0001073026668
40.096 0.0001070001452
40.098 0.0001067095633
40.1 0.000106419708
40.102 0.0001061222623
40.104 0.0001058273453
40.106 0.0001055434911
40.108 0.0001052446514
40.11 0.000104949515
40.112 0.0001046649989
40.114 0.0001043634591
40.116 0.0001040736178
40.118 0.0001037751633
40.12 0.0001034836383
40.122 0.0001031925933
40.124 0.0001028917694
40.126 0.000102600457
40.128 0.0001023078258
40.13 0.0001020082559
40.132 0.0001017140032
40.134 0.0001014216469
40.136 0.0001011197666
40.138 0.0001010651707
40.14 0.0001011263251
40.142 0.0001011862774
40.144 0.000101255386
40.146 0.0001013133856
40.148 0.0001013798803
40.15 0.000101433
40.152 0.0001014925025
40.154 0.0001015543126
40.156 0.0001016092252
40.158 0.0001016687646
40.16 0.0001017189509
40.162 0.0001017756076
40.164 0.0001018328975
40.166 0.0001018829654
40.168 0.0001019400767
40.17 0.0001019872405
40.172 0.0001020400717
40.174 0.000102096276
40.176 0.000102143231
40.178 0.0001021971583
40.18 0.0001022476572
40.182 0.0001023026403
40.184 0.0001023511588
40.186 0.0001024035454
40.188 0.0001024584527
40.19 0.0001025108599
40.192 0.0001025666323
40.194 0.0001026216807
40.196 0.000102679312
40.198 0.0001027310665
40.2 0.0001027934015
40.202 0.0001028513946
40.204 0.0001029135914
40.206 0.0001029714176
40.208 0.0001030380316
40.21 0.0001031055354
40.212 0.0001031729101
40.214 0.0001032476887
40.216 0.0001033156921
40.218 0.0001033959982
40.22 0.0001034722084
40.222 0.0001035577406
40.224 0.0001036426943
40.226 0.000103730016
40.228 0.0001038232167
40.23 0.0001039199052
40.232 0.0001040185691
40.234 0.0001041250085
40.236 0.0001042275957
40.238 0.0001043432349
40.24 0.0001044579351
40.242 0.0001045818906
40.244 0.0001047045825
40.246 0.0001048368224
40.248 0.0001049707086
40.25 0.0001051153402
40.252 0.0001052590824
40.254 0.0001054138229
40.256 0.0001055656454
40.258 0.0001057312177
40.26 0.0001059002765
40.262 0.0001060744067
40.264 0.0001062524676
40.266 0.0001064376361
40.268 0.0001066303927
40.27 0.0001068287003
40.272 0.0001070345742
40.274 0.0001072446004
40.276 0.0001074580205
40.278 0.0001076827974
40.28 0.000107912836
40.282 0.0001081482735
40.284 0.000108391619
40.286 0.0001086383665
40.288 0.0001088933901
40.29 0.0001091554635
40.292 0.0001094258659
40.294 0.0001096993261
40.296 0.000109977699
40.298 0.0001102675922
40.3 0.0001105629922
40.302 0.0001108634477
40.304 0.000111171235
40.306 0.0001114845684
40.308 0.0001118051419
40.31 0.0001121326943
40.312 0.0001124668684
40.314 0.0001128061205
40.316 0.0001131511465
40.318 0.0001135038075
40.32 0.0001138618849
40.322 0.0001142253921
40.324 0.0001145990863
40.326 0.0001149723402
40.328 0.0001153544832
40.33 0.0001157446739
40.332 0.0001161382711
40.334 0.0001165372495
40.336 0.000116940809
40.338 0.0001173499007
40.34 0.0001177652986
40.342 0.000118184113
40.344 0.000118611989
40.346 0.0001190403719
40.348 0.0001194744299
40.35 0.0001199155334
40.352 0.0001203568832
40.354 0.0001208064814
40.356 0.0001212602502
40.358 0.0001217150439
40.36 0.0001221762701
40.362 0.0001226400655
40.364 0.0001231121928
40.366 0.0001235825404
40.368 0.0001240599759
40.37 0.0001245379961
40.372 0.0001250205911
40.374 0.0001255073528
40.376 0.0001259977882
40.378 0.0001264871573
40.38 0.0001269824318
40.382 0.0001274804234
40.384 0.0001279785827
40.386 0.0001284835352
40.388 0.0001289884325
40.39 0.0001294944871
40.392 0.0001300013409
40.394 0.0001305120136
40.396 0.0001310258499
40.398 0.0001315380971
40.4 0.0001320548656
40.402 0.0001325695376
40.404 0.0001330873756
40.406 0.0001336058705
40.408 0.0001341263294
40.41 0.0001346474513
40.412 0.0001351707952
40.414 0.00013568805
40.416 0.0001362109738
40.418 0.0001367366942
40.42 0.0001372586128
40.422 0.0001377808232
40.424 0.0001383072748
40.426 0.0001388266339
40.428 0.0001393500007
40.43 0.0001398772641
40.432 0.0001403979882
40.434 0.0001409199168
40.436 0.0001414453935
40.438 0.0001419618805
40.44 0.00014248629
40.442 0.0001430070564
40.444 0.0001435246102
40.446 0.0001440447346
40.448 0.0001445630148
40.45 0.0001450781973
40.452 0.0001455951009
40.454 0.000146110739
40.456 0.0001466235065
40.458 0.0001471346713
40.46 0.0001476458137
40.462 0.0001481566959
40.464 0.0001486645254
40.466 0.0001491689402
40.468 0.0001496788171
40.47 0.0001501789957
40.472 0.0001506803745
40.474 0.0001511812142
40.476 0.0001516777364
40.478 0.0001521723498
40.48 0.0001526689967
40.482 0.0001531591392
40.484 0.0001536474828
40.486 0.0001541355109
40.488 0.0001546216742
40.49 0.0001551044096
40.492 0.0001555840247
40.494 0.0001560648732
40.496 0.0001565405998
40.498 0.0001570101222
40.5 0.0001574848038
40.502 0.0001579524081
40.504 0.0001584131803
40.506 0.0001588705702
40.508 0.0001593271772
40.51 0.0001597740523
40.512 0.0001602179052
40.514 0.0001606582115
40.516 0.0001611002213
40.518 0.0001615310608
40.52 0.0001619586799
40.522 0.0001623879549
40.524 0.000162805998
40.526 0.0001632203409
40.528 0.0001636326516
40.53 0.0001640441961
40.532 0.0001644455848
40.534 0.0001648443717
40.536 0.0001652407668
40.538 0.0001656297575
40.54 0.0001660158573
40.542 0.0001663994489
40.544 0.0001667762353
40.546 0.0001671535222
40.548 0.0001675203552
40.55 0.000167883964
40.552 0.0001682452928
40.554 0.00016860053
40.556 0.0001689528152
40.558 0.0001692974144
40.56 0.0001696421796
40.562 0.0001699790383
40.564 0.0001703110118
40.566 0.000170639918
40.568 0.0001709628026
40.57 0.0001712833771
40.572 0.0001715968999
40.574 0.0001719088913
40.576 0.0001722125828
40.578 0.0001725146991
40.58 0.0001728107343
40.582 0.0001730996124
40.584 0.0001733876776
40.586 0.0001736694165
40.588 0.0001739475983
40.59 0.0001742197032
40.592 0.0001744891119
40.594 0.0001747533151
40.596 0.0001750100923
40.598 0.0001752665931
40.6 0.0001755166732
40.602 0.0001757652617
40.604 0.0001760062195
40.606 0.000176244601
40.608 0.0001764799782
40.61 0.0001767101227
40.612 0.0001769336277
40.614 0.000177156776
40.616 0.0001773769846
40.618 0.0001775905909
40.62 0.0001778015196
40.622 0.0001780109267
40.624 0.0001782137269
40.626 0.0001784148908
40.628 0.0001786066477
40.63 0.0001788031425
40.632 0.0001789905951
40.634 0.0001791810632
40.636 0.0001793643462
40.638 0.0001795429985
40.64 0.0001797221074
40.642 0.0001798945354
40.644 0.0001800664845
40.646 0.0001802353759
40.648 0.0001803995877
40.65 0.000180560558
40.652 0.0001807208878
40.654 0.0001808760231
40.656 0.0001810288302
40.658 0.0001811787167
40.66 0.0001813226061
40.662 0.0001814658912
40.664 0.0001816041748
40.666 0.0001817448101
40.668 0.0001818753148
40.67 0.0001820063491
40.672 0.000182132067
40.674 0.0001822570714
40.676 0.0001823747647
40.678 0.000182492116
40.68 0.0001826020656
40.682 0.000182713591
40.684 0.0001828177338
40.686 0.0001829236691
40.688 0.0001830207548
40.69 0.0001831171247
40.692 0.0001832084493
40.694 0.0001832976857
40.696 0.0001833816299
40.698 0.0001834625021
40.7 0.000183542613
40.702 0.0001836137363
40.704 0.0001836867427
40.706 0.000183754507
40.708 0.0001838199988
40.71 0.0001838827542
40.712 0.0001839424159
40.714 0.0001839944405
40.716 0.0001840500965
40.718 0.0001840961481
40.72 0.000184145979
40.722 0.0001841914016
40.724 0.0001842306093
40.726 0.0001842801992
40.728 0.0001843193556
40.73 0.0001843603019
40.732 0.0001843954909
40.734 0.0001844328372
40.736 0.0001844593813
40.738 0.0001844945253
40.74 0.0001845242968
40.742 0.0001845565746
40.744 0.0001845845484
40.746 0.0001846145612
40.748 0.0001846388743
40.75 0.0001846718712
40.752 0.0001847002297
40.754 0.0001847285283
40.756 0.0001847601086
40.758 0.0001847931938
40.76 0.00018482251
40.762 0.0001848599304
40.764 0.0001848958333
40.766 0.0001849334713
40.768 0.0001849731533
40.77 0.0001850161464
40.772 0.000185058113
40.774 0.0001851100466
40.776 0.0001851604787
40.778 0.0001852174059
40.78 0.000185275467
40.782 0.0001853388747
40.784 0.000185405287
40.786 0.0001854697714
40.788 0.0001855450052
40.79 0.0001856242385
40.792 0.000185705853
40.794 0.0001857931712
40.796 0.0001858806632
40.798 0.0001859706048
40.8 0.0001860669423
40.802 0.0001861699209
40.804 0.0001862755597
40.806 0.000186386108
40.808 0.0001864988691
40.81 0.0001866171542
40.812 0.0001867333297
40.814 0.000186862011
40.816 0.0001869856274
40.818 0.0001871198492
40.82 0.0001872535468
40.822 0.0001873924965
40.824 0.0001875313022
40.826 0.0001876715027
40.828 0.0001878153284
40.83 0.0001879643162
40.832 0.000188112783
40.834 0.0001882643541
40.836 0.0001884153567
40.838 0.003702768997
40.84 0.0008580131224
40.842 0.0005468298463
40.844 0.0005258239331
40.846 0.0004342446302
40.848 0.0003715210578
40.85 0.0003596117571
40.852 0.0003045237071
40.854 0.0003178303379
40.856 0.000278000155
40.858 0.000294485816
40.86 0.0002659100699
40.862 0.0002778259449
40.864 0.0002554766329
40.866 0.0002610395183
40.868 0.0002416129938
40.87 0.0002411778699
40.872 0.0002229502147
40.874 0.003504748241
40.876 0.0009021063826
40.878 0.0006565511738
40.88 0.0005928949485
40.882 0.0005435821222
40.884 0.0004550627469
40.886 0.0004598349594
40.888 0.0003861038175
40.89 0.0003991833858
40.892 0.00034236272
40.894 0.0003509712721
40.896 0.003410274614
40.898 0.0008390347445
40.9 0.0006467746881
40.902 0.0005843225146
40.904 0.0005621033212
40.906 0.0004810901638
40.908 0.0004923585398
40.91 0.0004242163463
40.912 0.0004356630718
40.914 0.0003802675014
40.916 0.003371444471
40.918 0.0009997548342
40.92 0.0007853750161
40.922 0.0006867743277
40.924 0.0006543544231
40.926 0.0005441681236
40.928 0.0005523600502
40.93 0.0004620192379
40.932 0.003331382289
40.934 0.001083973579
40.936 0.0008688180653
40.938 0.0007517538275
40.94 0.0007208596891
40.942 0.0005974451935
40.944 0.0006068163359
40.946 0.0005065204156
40.948 0.003296279354
40.95 0.001110018192
40.952 0.0009017519118
40.954 0.000776256033
40.956 0.0007478975055
40.958 0.0006186281189
40.96 0.0006276750272
40.962 0.003225455931
40.964 0.0008196176095
40.966 0.0007068221072
40.968 0.0006477358267
40.97 0.000646939732
40.972 0.0005729663642
40.974 0.0005814428901
40.976 0.003201354193
40.978 0.0009025876875
40.98 0.0007732875316
40.982 0.0006939633425
40.984 0.0006892020368
40.986 0.0005993477457
40.988 0.00060828801
40.99 0.003190150365
40.992 0.0008898468778
40.994 0.0007663791492
40.996 0.0006885724301
40.998 0.0006836447734
41 0.0005949037094
41.002 0.003201105292
41.004 0.001145454646
41.006 0.0009606759124
41.008 0.0008260446605
41.01 0.0008076564496
41.012 0.000672467055
41.014 0.003195474213
41.016 0.001234340333
41.018 0.001037245721
41.02 0.0008829308999
41.022 0.0008610392003
41.024 0.0007105759958
41.026 0.003182004739
41.028 0.001265997376
41.03 0.001068488182
41.032 0.000906240046
41.034 0.0008841899297
41.036 0.0007276918502
41.038 0.003172305645
41.04 0.001277249237
41.042 0.001080670176
41.044 0.0009146011606
41.046 0.0008923811048
41.048 0.003081138084
41.05 0.0008348832132
41.052 0.0007786511111
41.054 0.0007313740885
41.056 0.0007330767093
41.058 0.0006711419862
41.06 0.003093321225
41.062 0.001137258615
41.064 0.0009905809438
41.066 0.0008577687023
41.068 0.0008504197196
41.07 0.003046649773
41.072 0.0008934579731
41.074 0.0008267044462
41.076 0.0007651908637
41.078 0.0007669852586
41.08 0.003023115622
41.082 0.000994852937
41.084 0.0009045474305
41.086 0.000818598986
41.088 0.000821481666
41.09 0.002999436222
41.092 0.0009782744589
41.094 0.0009018469584
41.096 0.0008227580551
41.098 0.00082596458
41.1 0.002983414426
41.102 0.001000406639
41.104 0.0009221799823
41.106 0.0008378361164
41.108 0.0008405587616
41.11 0.002974150858
41.112 0.001001625891
41.114 0.0009250636518
41.116 0.0008401211074
41.118 0.0008419384908
41.12 0.002972434111
41.122 0.001003164562
41.124 0.000925328262
41.126 0.0008386735803
41.128 0.0008395469742
41.13 0.002976477441
41.132 0.0009985660223
41.134 0.000919421614
41.136 0.0008322799843
41.138 0.003002790456
41.14 0.001304171494
41.142 0.001150570433
41.144 0.0009894210781
41.146 0.0009835817325
41.148 0.002946914373
41.15 0.0009468277753
41.152 0.0008986356638
41.154 0.0008353312769
41.156 0.002955771591
41.158 0.001272042199
41.16 0.001139347442
41.162 0.0009897035583
41.164 0.0009888539928
41.166 0.002915582383
41.168 0.0009816635559
41.17 0.0009323757549
41.172 0.0008628276338
41.174 0.002935212301
41.176 0.001292774688
41.178 0.001161934579
41.18 0.001007165361
41.182 0.001006233276
41.184 0.002902321544
41.186 0.000989038644
41.188 0.0009398071084
41.19 0.000868469207
41.192 0.002930083541
41.194 0.001292730534
41.196 0.001161895447
41.198 0.001005507391
41.2 0.002968181518
41.202 0.001469534141
41.204 0.001303084189
41.206 0.001103366085
41.208 0.002980393892
41.21 0.00155906424
41.212 0.001379905295
41.214 0.001159552854
41.216 0.00114922608
41.218 0.002869064933
41.22 0.0009815276589
41.222 0.0009454213331
41.224 0.0008879335108
41.226 0.002889639206
41.228 0.001273101874
41.23 0.001156400454
41.232 0.001006390487
41.234 0.002942302238
41.236 0.0014595738
41.238 0.0013004843
41.24 0.001101780039
41.242 0.002968910162
41.244 0.001552677327
41.246 0.001375951916
41.248 0.001154895331
41.25 0.002976281939
41.252 0.001598570847
41.254 0.001415582458
41.256 0.001183888655
41.258 0.002974512778
41.26 0.001621965659
41.262 0.001437454678
41.264 0.00120030004
41.266 0.00296982352
41.268 0.001634308999
41.27 0.001449922889
41.272 0.001209666253
41.274 0.002965472735
41.276 0.001640759965
41.278 0.001456738643
41.28 0.00121455322
41.282 0.002962941644
41.284 0.001643676772
41.286 0.001459704731
41.288 0.001216258352
41.29 0.002962640732
41.292 0.001644263452
41.294 0.001459875443
41.296 0.002813782729
41.298 0.001044151051
41.3 0.001021301927
41.302 0.0009964181643
41.304 0.002760174777
41.306 0.001278407351
41.308 0.001200387736
41.31 0.001069558913
41.312 0.002824443516
41.314 0.001480686255
41.316 0.001352954016
41.318 0.001156484255
41.32 0.002876394521
41.322 0.001578557821
41.324 0.001424103533
41.326 0.002760808229
41.328 0.001082799507
41.33 0.00105698525
41.332 0.001022698866
41.334 0.002739305575
41.336 0.001309938627
41.338 0.00122919046
41.34 0.002695480908
41.342 0.001155739707
41.344 0.001122376693
41.346 0.001058381084
41.348 0.002729108313
41.35 0.001393681569
41.352 0.001302443101
41.354 0.00267379498
41.356 0.001165358779
41.358 0.001135450869
41.36 0.00107749867
41.362 0.002703373734
41.364 0.001391353823
41.366 0.001306109522
41.368 0.002656385661
41.37 0.001181296965
41.372 0.001149769021
41.374 0.001087679274
41.376 0.002697056233
41.378 0.00139905287
41.38 0.001312828019
41.382 0.002654268588
41.384 0.001180897172
41.386 0.001148138992
41.388 0.002623257926
41.39 0.001307939932
41.392 0.001255109746
41.394 0.001144946472
41.396 0.002705491861
41.398 0.001501729954
41.4 0.001399971092
41.402 0.002640271726
41.404 0.001187548201
41.406 0.001157058269
41.408 0.002606386848
41.41 0.001341614855
41.412 0.001285483218
41.414 0.001166202677
41.416 0.002697533007
41.418 0.00152164722
41.42 0.001418519456
41.422 0.002632602584
41.424 0.001192838713
41.426 0.001161256007
41.428 0.002602729559
41.43 0.001345940162
41.432 0.001288357905
41.434 0.002578075045
41.436 0.001273178773
41.438 0.001238001016
41.44 0.002554952278
41.442 0.001337849463
41.444 0.001295480998
41.446 0.001192388123
41.448 0.002643606506
41.45 0.001520517098
41.452 0.00143032956
41.454 0.002590527599
41.456 0.001231046778
41.458 0.001198111521
41.46 0.002571107928
41.462 0.001362665344
41.464 0.001307497421
41.466 0.002555250224
41.468 0.001292774258
41.47 0.001255961714
41.472 0.002541245708
41.474 0.001345160845
41.476 0.001301784043
41.478 0.002526368561
41.48 0.001335063065
41.482 0.001297329424
41.484 0.002512501986
41.486 0.001359353539
41.488 0.0013200707
41.49 0.002499555908
41.492 0.001363679745
41.494 0.001326056777
41.496 0.002488759435
41.498 0.001376281926
41.5 0.001338119499
41.502 0.002480232005
41.504 0.001381121969
41.506 0.001343154145
41.508 0.002474411959
41.51 0.001386556647
41.512 0.001348049206
41.514 0.002471172074
41.516 0.001388013221
41.518 0.001349115281
41.52 0.002470398608
41.522 0.001388243694
41.524 0.00134872539
41.526 0.002471706723
41.528 0.001386208449
41.53 0.001346134234
41.532 0.002474682324
41.534 0.001383089388
41.536 0.001342439057
41.538 0.002478823173
41.54 0.001378924485
41.542 0.001337785002
41.544 0.002483639687
41.546 0.001374385458
41.548 0.001332824168
41.55 0.002488664705
41.552 0.001369755105
41.554 0.001327878059
41.556 0.002493498253
41.558 0.001365438508
41.56 0.001323342812
41.562 0.00249781999
41.564 0.001361660905
41.566 0.001319442566
41.568 0.002501404635
41.57 0.001358613657
41.572 0.001316359659
41.574 0.0025041151
41.576 0.001356380166
41.578 0.001314161355
41.58 0.002505909402
41.582 0.001354975905
41.584 0.001312845869
41.586 0.002506818581
41.588 0.001354351607
41.59 0.001312344664
41.592 0.002506931592
41.594 0.001354404172
41.596 0.001312543736
41.598 0.002506385591
41.6 0.001355008592
41.602 0.001313293537
41.604 0.002505335584
41.606 0.001356008864
41.608 0.001314438367
41.61 0.002503951256
41.612 0.001357258395
41.614 0.001315812465
41.616 0.002502393135
41.618 0.001358617118
41.62 0.00131727846
41.622 0.002500800186
41.624 0.001359960009
41.626 0.001318702168
41.628 0.002499295791
41.63 0.001361193157
41.632 0.001319995336
41.634 0.002497964802
41.636 0.001362241893
41.638 0.001321087556
41.64 0.002496866198
41.642 0.001363071714
41.644 0.001321940273
41.646 0.002496022892
41.648 0.001363662415
41.65 0.001322541071
41.652 0.002495437733
41.654 0.001364021469
41.656 0.002535533921
41.658 0.001682760985
41.66 0.001575644345
41.662 0.002455825967
41.664 0.001365100118
41.666 0.001336700387
41.668 0.002428341808
41.67 0.0014956314
41.672 0.001451119808
41.674 0.002414450627
41.676 0.001414003944
41.678 0.001381518612
41.68 0.002415939517
41.682 0.001451567305
41.684 0.001411598013
41.686 0.00242153442
41.688 0.001419262159
41.69 0.002467827943
41.692 0.001715405003
41.694 0.001618915833
41.696 0.002400803342
41.698 0.001412790949
41.7 0.001381035522
41.702 0.002390580957
41.704 0.001521050553
41.706 0.001476196622
41.708 0.00239167491
41.71 0.001430587833
41.712 0.002429338701
41.714 0.001710970175
41.716 0.00162397217
41.718 0.002374317749
41.72 0.001435387989
41.722 0.001402682961
41.724 0.002372926089
41.726 0.001528658986
41.728 0.002458277082
41.73 0.001822913024
41.732 0.001717914256
41.734 0.002364720886
41.736 0.001451265018
41.738 0.001415504832
41.74 0.002357615029
41.742 0.001564528771
41.744 0.002453901005
41.746 0.001854363291
41.748 0.001746985235
41.75 0.002354204178
41.752 0.001462461374
41.754 0.002311767775
41.756 0.001674564763
41.758 0.001616997661
41.76 0.002291537174
41.762 0.00151562611
41.764 0.001483525451
41.766 0.002307602652
41.768 0.001558578937
41.77 0.002395249157
41.772 0.001834065279
41.774 0.00173949752
41.776 0.002320301781
41.778 0.001486808491
41.78 0.002297957301
41.782 0.001699470438
41.784 0.001638961873
41.786 0.002282127942
41.788 0.00152024032
41.79 0.002308369642
41.792 0.001761426814
41.794 0.001692292275
41.796 0.002273458499
41.798 0.00152583058
41.8 0.002284914711
41.802 0.001753680344
41.804 0.001689463715
41.806 0.002258989167
41.808 0.001539088819
41.81 0.002279154969
41.812 0.001767547665
41.814 0.001702322688
41.816 0.002252794888
41.818 0.001543783857
41.82 0.002273045752
41.822 0.001768194195
41.824 0.001703263007
41.826 0.002250314545
41.828 0.001545144513
41.83 0.002273328652
41.832 0.00176839196
41.834 0.001702686602
41.836 0.002252544181
41.838 0.001542128712
41.84 0.002276442043
41.842 0.001764558281
41.844 0.002406538109
41.846 0.002024704714
41.848 0.001910984921
41.85 0.002262642338
41.852 0.001565156678
41.854 0.002206060283
41.856 0.001732373111
41.858 0.001683149537
41.86 0.002208574273
41.862 0.001589580821
41.864 0.002259490127
41.866 0.001819341131
41.868 0.002397736772
41.87 0.002070202813
41.872 0.001956077541
41.874 0.002239641272
41.876 0.001592203238
41.878 0.002179667845
41.88 0.001746464753
41.882 0.001698450702
41.884 0.00218982006
41.886 0.001605909011
41.888 0.002248475391
41.89 0.0018305235
41.892 0.002392150544
41.894 0.002076524427
41.896 0.001961843021
41.898 0.002237684977
41.9 0.001592411099
41.902 0.002181049264
41.904 0.001742610727
41.906 0.002304340473
41.908 0.001992691911
41.91 0.001900161963
41.912 0.002202077469
41.914 0.001605634979
41.916 0.002178533467
41.918 0.001776019061
41.92 0.002310918347
41.922 0.002023596324
41.924 0.001927977308
41.926 0.002196081376
41.928 0.001615345699
41.93 0.002166744209
41.932 0.001777687867
41.934 0.002299890284
41.936 0.002022815184
41.938 0.001928855521
41.94 0.002189863591
41.942 0.001619298941
41.944 0.002164422843
41.946 0.001780823977
41.948 0.002299805288
41.95 0.002024399983
41.952 0.001929766135
41.954 0.002191056035
41.956 0.001617569109
41.958 0.002166458481
41.96 0.001777842568
41.962 0.002302539589
41.964 0.002021056593
41.966 0.001925616967
41.968 0.002195666255
41.97 0.001612476368
41.972 0.002171584205
41.974 0.001773049166
41.976 0.002307501968
41.978 0.00201685226
41.98 0.002455035553
41.982 0.002229713493
41.984 0.002096951095
41.986 0.002220666474
41.988 0.001646173442
41.99 0.002126075338
41.992 0.001757436953
41.994 0.00224707215
41.996 0.001996367639
41.998 0.001913307142
42 0.002162192055
42.002 0.001636688798
42.004 0.002155180952
42.006 0.001803338048
42.008 0.002297716117
42.01 0.002042557864
42.012 0.002447599978
42.014 0.002249704534
42.016 0.002117804629
42.018 0.002207631071
42.02 0.001660803014
42.022 0.002113188026
42.024 0.001765617166
42.026 0.002237364551
42.028 0.002000595873
42.03 0.002393423904
42.032 0.002217678558
42.034 0.00209757804
42.036 0.002180165792
42.038 0.001672293083
42.04 0.002102958119
42.042 0.001785093848
42.044 0.002233973698
42.046 0.00201754413
42.048 0.002392193409
42.05 0.002230425711
42.052 0.002109881562
42.054 0.002175305232
42.056 0.001678486351
42.058 0.002097826937
42.06 0.001786898022
42.062 0.002230525003
42.064 0.002017226036
42.066 0.002390612052
42.068 0.002228938422
42.07 0.002108190314
42.072 0.002176636436
42.074 0.001675894785
42.076 0.002100967709
42.078 0.001783647027
42.08 0.002234491943
42.082 0.002013664086
42.084 0.002394888189
42.086 0.002225286894
42.088 0.002103419394
42.09 0.002182482301
42.092 0.001669797192
42.094 0.002106899567
42.096 0.001778007605
42.098 0.002239825835
42.1 0.002008871045
42.102 0.002399528894
42.104 0.002221296908
42.106 0.002529078447
42.108 0.00238494552
42.11 0.002235540577
42.112 0.002207561475
42.114 0.001705293352
42.116 0.002075440718
42.118 0.001773738275
42.12 0.002195118886
42.122 0.001999086942
42.124 0.0023580443
42.126 0.002214107031
42.128 0.002100094703
42.13 0.002158549977
42.132 0.001685159148
42.134 0.002092836142
42.136 0.001796395336
42.138 0.002230744251
42.14 0.00202427519
42.142 0.002392886891
42.144 0.002233101368
42.146 0.002523976602
42.148 0.002393657729
42.15 0.002244800001
42.152 0.002201212379
42.154 0.001711639329
42.156 0.0020703802
42.158 0.001776579475
42.16 0.002192316267
42.162 0.001999552948
42.164 0.002357273488
42.166 0.002213108744
42.168 0.002495306453
42.17 0.002380353482
42.172 0.002237589969
42.174 0.002185106494
42.176 0.001718598998
42.178 0.002062772188
42.18 0.001786958935
42.182 0.00218874126
42.184 0.002008357142
42.186 0.002355387309
42.188 0.002219536109
42.19 0.002494268557
42.192 0.002384748657
42.194 0.00224195568
42.196 0.002183328562
42.198 0.001720578515
42.2 0.002061572972
42.202 0.001786903214
42.204 0.002188580104
42.206 0.002007208076
42.208 0.002356139407
42.21 0.002217775174
42.212 0.002495718894
42.214 0.002382633869
42.216 0.002239257206
42.218 0.002186451575
42.22 0.001716881294
42.222 0.002065356958
42.224 0.001783136946
42.226 0.00219234456
42.228 0.002003746661
42.23 0.002359663334
42.232 0.002214676773
42.234 0.002498958624
42.236 0.00237981023
42.238 0.002602322527
42.24 0.002501284827
42.242 0.002338584907
42.244 0.002205561848
42.246 0.001749588388
42.248 0.002042163498
42.25 0.001785228946
42.252 0.002159033017
42.254 0.001999841035
42.256 0.002328904782
42.258 0.002211379957
42.26 0.002473537647
42.262 0.002379052624
42.264 0.00258214681
42.266 0.002502439725
42.268 0.002343998571
42.27 0.002189620941
42.272 0.001760688674
42.274 0.002031412009
42.276 0.001795398956
42.278 0.002152493709
42.28 0.002006994521
42.282 0.002325213155
42.284 0.002215795589
42.286 0.002471869243
42.288 0.002381305563
42.29 0.002582056366
42.292 0.002502969536
42.294 0.002343936475
42.296 0.002191516271
42.298 0.001758020309
42.3 0.002034945057
42.302 0.001791134826
42.304 0.002156996431
42.306 0.002002161955
42.308 0.002330202094
42.31 0.002210852163
42.312 0.002477081287
42.314 0.002376338644
42.316 0.002587238039
42.318 0.002498057961
42.32 0.002662594092
42.322 0.002586065021
42.324 0.002413255183
42.326 0.002208387233
42.328 0.00178139916
42.33 0.00202139811
42.332 0.001792349126
42.334 0.002135673744
42.336 0.001998638722
42.338 0.00231036587
42.34 0.002207527464
42.342 0.002460801668
42.344 0.002374749699
42.346 0.002574499848
42.348 0.002497836716
42.35 0.002652827601
42.352 0.002586648142
42.354 0.002415885505
42.356 0.002200874533
42.358 0.001786264038
42.36 0.002016761116
42.362 0.001796438882
42.364 0.002133369458
42.366 0.002001112067
42.368 0.002309605029
42.37 0.002208628287
42.372 0.002461114275
42.374 0.002374776443
42.376 0.002575574694
42.378 0.002497023134
42.38 0.002654512939
42.382 0.002585167173
42.384 0.002413574366
42.386 0.002204352782
42.388 0.001782354991
42.39 0.002020959545
42.392 0.001792151201
42.394 0.002137580687
42.396 0.001997082956
42.398 0.002313590205
42.4 0.002205027275
42.402 0.002464822235
42.404 0.00237148622
42.406 0.002578902239
42.408 0.002494018313
42.41 0.002657528761
42.412 0.002582449671
42.414 0.002410015995
42.416 0.002208357329
42.418 0.001778392854
42.42 0.002024604429
42.422 0.001788937399
42.424 0.002140379981
42.426 0.001994778277
42.428 0.002315607247
42.43 0.002203458044
42.432 0.002466217911
42.434 0.002370435578
42.436 0.002579764597
42.438 0.002493375672
42.44 0.002657981455
42.442 0.002582147703
42.444 0.00240969447
42.446 0.00220845832
42.448 0.001778488638
42.45 0.002024257873
42.452 0.001789432856
42.454 0.002139719245
42.456 0.001995487214
42.458 0.002314767895
42.46 0.002204275951
42.462 0.002465278048
42.464 0.002371304493
42.466 0.002578782524
42.468 0.002494265081
42.47 0.002656996467
42.472 0.002583034841
42.474 0.002410858641
42.476 0.00220706101
42.478 0.001779915227
42.48 0.002022856371
42.482 0.001790714712
42.484 0.002138527927
42.486 0.001996510231
42.488 0.002313803335
42.49 0.002205066323
42.492 0.002464509132
42.494 0.002371921848
42.496 0.002578199004
42.498 0.00249474564
42.5 0.002656558293
42.502 0.002583390607
42.504 0.002411324137
42.506 0.002206591781
42.508 0.001780328597
42.51 0.002022540874
42.512 0.001790948413
42.514 0.002138380972
42.516 0.00199659091
42.518 0.002313784822
42.52 0.002205028461
42.522 0.002464579355
42.524 0.002371819833
42.526 0.002578349943
42.528 0.002494599634
42.53 0.002656746261
42.532 0.002583216287
42.534 0.002411109743
42.536 0.002206857938
42.538 0.001780042188
42.54 0.002022851257
42.542 0.001790649778
42.544 0.002138676968
42.546 0.001996328346
42.548 0.002314053579
42.55 0.002204790124
42.552 0.002464817879
42.554 0.002371616885
42.556 0.002578562751
42.558 0.002494425504
42.56 0.00265693144
42.562 0.002583068142
42.564 0.002410906689
42.566 0.002207093985
42.568 0.001779814499
42.57 0.002023067425
42.572 0.001790460956
42.574 0.002138854883
42.576 0.001996182525
42.578 0.002314194535
42.58 0.002204684816
42.582 0.002464937553
42.584 0.002371529746
42.586 0.002578656862
42.588 0.002494346236
42.59 0.002657020358
42.592 0.002582991248
42.594 0.002410782754
42.596 0.002207265108
42.598 0.001779637868
42.6 0.002023251741
42.602 0.001790284364
42.604 0.002139033626
42.606 0.001996018517
42.608 0.002314373624
42.61 0.002204536791
42.612 0.002465118481
42.614 0.002371376659
42.616 0.002578834893
42.618 0.002494185822
42.62 0.002657207217
42.622 0.002582820373
42.624 0.002410561943
42.626 0.002207554716
42.628 0.001779333319
42.63 0.002023574913
42.632 0.001789980295
42.634 0.002139347465
42.636 0.001995741865
42.638 0.002314667609
42.64 0.002204282964
42.642 0.002465397907
42.644 0.002371138231
42.646 0.002579106053
42.648 0.00249395733
42.65 0.00265746959
42.652 0.002582600712
42.654 0.002410305593
42.656 0.002207878778
42.658 0.001779014656
42.66 0.002023910356
42.662 0.001789680444
42.664 0.002139650714
42.666 0.001995489615
42.668 0.00231493539
42.67 0.0022040658
42.672 0.002465637406
42.674 0.002370950782
42.676 0.002579326244
42.678 0.002493794082
42.68 0.002657671809
42.682 0.002582455895
42.684 0.002410138203
42.686 0.002208103108
42.688 0.001778814649
42.69 0.002024134186
42.692 0.001789506234
42.694 0.002139847605
42.696 0.001995351558
42.698 0.002315104677
42.7 0.002203953494
42.702 0.002465785147
42.704 0.002370859713
42.706 0.00257945643
42.708 0.002493715291
42.71 0.002657787343
42.712 0.002582389193
42.714 0.002410039622
42.716 0.002208254318
42.718 0.001778691933
42.72 0.002024290124
42.722 0.001789395994
42.724 0.002139991078
42.726 0.001995263703
42.728 0.002315236261
42.73 0.002203889339
42.732 0.002465906651
42.734 0.002370804304
42.736 0.002579563844
42.738 0.002493666329
42.74 0.002657892047
42.742 0.00258234209
42.744 0.002409959674
42.746 0.00220840899
42.748 0.001778573025
42.75 0.002024446216
42.752 0.00178929143
42.754 0.002140135919
42.756 0.001995180707
42.758 0.002315367586
42.76 0.002203832105
42.762 0.00246602822
42.764 0.002370756405
42.766 0.00257967158
42.768 0.00249362699
42.77 0.002657992994
42.772 0.002582308155
42.774 0.002409894066
42.776 0.002208537872
42.778 0.001778486565
42.78 0.002024572394
42.782 0.001789223656
42.784 0.002140245753
42.786 0.00199513575
42.788 0.002315461193
42.79 0.002203809648
42.792 0.002466109565
42.794 0.002370746217
42.796 0.002579739974
42.798 0.002493625307
42.8 0.002658050902
42.802 0.002582315516
42.804 0.002409890844
42.806 0.002208592805
42.808 0.001778485048
42.81 0.00202461169
42.812 0.001789239128
42.814 0.00214027461
42.816 0.001995167332
42.818 0.002315485226
42.82 0.00220385025
42.822 0.002466127541
42.824 0.002370794767
42.826 0.002579750405
42.828 0.002493676552
42.83 0.002658059277
42.832 0.002582370819
42.834 0.002409949952
42.836 0.002208577538
42.838 0.001778552385
42.84 0.002024594882
42.842 0.001789307471
42.844 0.002140263497
42.846 0.001995232789
42.848 0.00231548159
42.85 0.00220391224
42.852 0.002466127329
42.854 0.002370852723
42.856 0.002579761486
42.858 0.00249373152
42.86 0.002658074613
42.862 0.002582420011
42.864 0.002410004902
42.866 0.002208577073
42.868 0.001778599609
42.87 0.002024604725
42.872 0.001789348454
42.874 0.002140287941
42.876 0.001995265307
42.878 0.002315515275
42.88 0.00220393213
42.882 0.002466172765
42.884 0.002370867228
42.886 0.002579816261
42.888 0.002493740146
42.89 0.002658135813
42.892 0.002582421816
42.894 0.00240999812
42.896 0.002208650327
42.898 0.001778567562
42.9 0.002024695464
42.902 0.001789304412
42.904 0.002140388462
42.906 0.001995219639
42.908 0.00231562361
42.91 0.002203890465
42.912 0.00246628283
42.914 0.00237082394
42.916 0.002579931423
42.918 0.002493695693
42.92 0.002658255116
42.922 0.002582377515
42.924 0.002409940635
42.926 0.002208790071
42.928 0.001778472587
42.93 0.002024850687
42.932 0.00178921132
42.934 0.002140541324
42.936 0.00199514047
42.938 0.002315769613
42.94 0.002203821585
42.942 0.002466425273
42.944 0.002370764942
42.946 0.002580065101
42.948 0.002493641229
42.95 0.002658385695
42.952 0.002582324984
42.954 0.002409867995
42.956 0.002208941712
42.958 0.001778366136
42.96 0.002025007391
42.962 0.00178911634
42.964 0.002140689357
42.966 0.001995066154
42.968 0.002315907373
42.97 0.002203765313
42.972 0.002466554551
42.974 0.002370718569
42.976 0.002580186542
42.978 0.002493603743
42.98 0.00265849967
42.982 0.002582294301
42.984 0.002409821679
42.986 0.002209070536
42.988 0.001778293864
42.99 0.002025138464
42.992 0.001789053644
42.994 0.002140810054
42.996 0.001995026105
42.998 0.002316014796
43 0.002203742698
43.002 0.002466651994
43.004 0.002370706578
43.006 0.002580275005
43.008 0.002493599665
43.01 0.002334095185
43.012 0.002197679886
43.014 0.001748498406
43.016 0.002044893664
43.018 0.001782469438
43.02 0.002167726164
43.022 0.001994251286
43.024 0.002340577589
43.026 0.002203617857
43.028 0.002486850413
43.03 0.002369447972
43.032 0.002596172691
43.034 0.002491477988
43.036 0.002328602155
43.038 0.002210651892
43.04 0.001739134024
43.042 0.002053681464
43.044 0.001774387486
43.046 0.002172973236
43.048 0.001988824902
43.05 0.002343387922
43.052 0.00220050806
43.054 0.002487927701
43.056 0.00236807549
43.058 0.002595884504
43.06 0.002491466043
43.062 0.002329133687
43.064 0.002208632706
43.066 0.00174179242
43.068 0.002050328736
43.07 0.00177824939
43.072 0.002168928373
43.074 0.001993013116
43.076 0.002339056097
43.078 0.00220467979
43.08 0.002483523154
43.082 0.002372170887
43.084 0.002230634016
43.086 0.002184509639
43.088 0.0017132449
43.09 0.00206955924
43.092 0.001780817765
43.094 0.002199061038
43.096 0.00200087421
43.098 0.002367228034
43.1 0.002211139203
43.102 0.002506828126
43.104 0.002375396755
43.106 0.002228921769
43.108 0.002201140359
43.11 0.001702335795
43.112 0.002080226744
43.114 0.001769224087
43.116 0.00220587052
43.118 0.001991771513
43.12 0.002371730387
43.122 0.002204648805
43.124 0.002509759717
43.126 0.002371022378
43.128 0.002224421188
43.13 0.002203749666
43.132 0.001700057361
43.134 0.002081511951
43.136 0.00176917747
43.138 0.00220565471
43.14 0.001993081215
43.142 0.002370334764
43.144 0.002206713412
43.146 0.00250750714
43.148 0.002373615869
43.15 0.00222794356
43.152 0.002199338288
43.154 0.001705060868
43.156 0.002076348278
43.158 0.001774240415
43.16 0.002200586664
43.162 0.001997678509
43.164 0.002365629335
43.166 0.002210771981
43.168 0.002503214399
43.17 0.002377278687
43.172 0.002232611589
43.174 0.002194052085
43.176 0.001710323843
43.178 0.002071481309
43.18 0.001778589365
43.182 0.002196694256
43.184 0.002000952171
43.186 0.002362653692
43.188 0.002213163745
43.19 0.002500998387
43.192 0.002379036511
43.194 0.00223471787
43.196 0.002192019724
43.198 0.001712117266
43.2 0.002070141077
43.202 0.001779590192
43.204 0.002196083064
43.206 0.002001310785
43.208 0.002362597426
43.21 0.002213064558
43.212 0.002501338743
43.214 0.002378641038
43.216 0.002234146194
43.218 0.002192944249
43.22 0.001711057007
43.222 0.002071402889
43.224 0.001778345376
43.226 0.002197447212
43.228 0.002000090184
43.23 0.002363947783
43.232 0.002211907908
43.234 0.002502627039
43.236 0.002377568811
43.238 0.002232784035
43.24 0.002194558093
43.242 0.001709491426
43.244 0.00207294003
43.246 0.0017770259
43.248 0.00219871605
43.25 0.001999080048
43.252 0.002364951356
43.254 0.002211160224
43.256 0.002503405948
43.258 0.002377022481
43.26 0.002232083358
43.262 0.002195314097
43.264 0.001708863483
43.266 0.002073481573
43.268 0.001776659927
43.27 0.002199016261
43.272 0.001998935459
43.274 0.002365067805
43.276 0.002211193853
43.278 0.002503384282
43.28 0.002377157549
43.282 0.002232214176
43.284 0.002195151034
43.286 0.001709118426
43.288 0.002073204212
43.29 0.001776987341
43.292 0.002198692147
43.294 0.001999284388
43.296 0.002364739171
43.298 0.002211561945
43.3 0.00250306704
43.302 0.002377506048
43.304 0.002232607119
43.306 0.002194768001
43.308 0.001709537245
43.31 0.002072829594
43.312 0.001777363715
43.314 0.00219838566
43.316 0.001999573719
43.318 0.002364499964
43.32 0.002211795242
43.322 0.002502890294
43.324 0.002377677066
43.326 0.002232824074
43.328 0.002194596888
43.33 0.001709733519
43.332 0.002072705996
43.334 0.001777487952
43.336 0.00219832737
43.338 0.001999639646
43.34 0.002364487899
43.342 0.002211815317
43.344 0.00250291801
43.346 0.002377674421
43.348 0.002232866397
43.35 0.002194622517
43.352 0.00170973574
43.354 0.002072761387
43.356 0.00177745041
43.358 0.002198400713
43.36 0.00199960502
43.362 0.002364572752
43.364 0.002211762986
43.366 0.002503001423
43.368 0.002377627856
43.37 0.00223284457
43.372 0.002194676058
43.374 0.001709715058
43.376 0.002072817223
43.378 0.001777443047
43.38 0.002198452635
43.382 0.001999604475
43.384 0.002364605929
43.386 0.002211760416
43.388 0.002503023979
43.39 0.002377642994
43.392 0.002232858578
43.394 0.002194662689
43.396 0.001709744341
43.398 0.002072808636
43.4 0.001777491196
43.402 0.002198453264
43.404 0.001999649752
43.406 0.002364608138
43.408 0.002211812042
43.41 0.002095335642
43.412 0.002169273649
43.414 0.001674012607
43.416 0.002105577286
43.418 0.001783344759
43.42 0.002244275283
43.422 0.002011323693
43.424 0.002406659552
43.426 0.002220852799
43.428 0.002537721838
43.43 0.002381859068
43.432 0.0022295059
43.434 0.002219991751
43.436 0.001692832064
43.438 0.002089426891
43.44 0.001759715067
43.442 0.002209248225
43.444 0.001985708095
43.446 0.002371865933
43.448 0.002201887756
43.45 0.002084886731
43.452 0.002176587957
43.454 0.001667233716
43.456 0.00211084551
43.458 0.001780603174
43.46 0.002246841519
43.462 0.002011130815
43.464 0.002406977154
43.466 0.002222272769
43.468 0.002097558002
43.47 0.00219491594
43.472 0.00165860808
43.474 0.002118302305
43.476 0.001766677524
43.478 0.002250086192
43.48 0.001998868267
43.482 0.00240892394
43.484 0.002212814582
43.486 0.002088116493
43.488 0.002199680276
43.49 0.001652890739
43.492 0.002123260856
43.494 0.001764017375
43.496 0.002253776991
43.498 0.001997851803
43.5 0.002411184602
43.502 0.002212759403
43.504 0.002088031478
43.506 0.002200057296
43.508 0.001653388082
43.51 0.002122260459
43.512 0.001765238801
43.514 0.002251941431
43.516 0.00199955849
43.518 0.002408890093
43.52 0.002214716689
43.522 0.002090747943
43.524 0.002196510026
43.526 0.001657180654
43.528 0.002118451781
43.53 0.001768924873
43.532 0.002248337288
43.534 0.002002825149
43.536 0.002405604915
43.538 0.00221752648
43.54 0.002094282709
43.542 0.002192567455
43.544 0.001661102693
43.546 0.002114829236
43.548 0.001772140759
43.55 0.002245388381
43.552 0.002005281799
43.554 0.002403287548
43.556 0.002219355738
43.558 0.002096495467
43.56 0.002190303921
43.562 0.001663189337
43.564 0.002113105389
43.566 0.001773541324
43.568 0.002244282955
43.57 0.002006109174
43.572 0.002402681219
43.574 0.002219749267
43.576 0.002096904491
43.578 0.002190088982
43.58 0.001663257721
43.582 0.002113277085
43.584 0.00177326945
43.586 0.002244734746
43.588 0.002005647405
43.59 0.002403307258
43.592 0.002219173777
43.594 0.002096142117
43.596 0.002191085418
43.598 0.00166222147
43.6 0.002114387829
43.602 0.001772251971
43.604 0.002245801691
43.606 0.002004748694
43.608 0.002404285886
43.61 0.002218394794
43.612 0.002095152891
43.614 0.002192236361
43.616 0.001661128513
43.618 0.00211544312
43.62 0.001771364424
43.622 0.002246659689
43.624 0.002004078668
43.626 0.002404961407
43.628 0.00221791824
43.63 0.002094548104
43.632 0.002192909141
43.634 0.001660550178
43.636 0.002115955762
43.638 0.001770988712
43.64 0.002246999761
43.642 0.002003867478
43.644 0.002405158968
43.646 0.00221785049
43.648 0.002094438174
43.65 0.002193026481
43.652 0.00166051185
43.654 0.002115963598
43.656 0.001771051819
43.658 0.002246925171
43.66 0.002003989272
43.662 0.002405038855
43.664 0.002218017357
43.666 0.002094631197
43.668 0.002192832363
43.67 0.00166074825
43.672 0.002115736388
43.674 0.001771294257
43.676 0.002246709164
43.678 0.002004209229
43.68 0.002404840992
43.682 0.002218218308
43.684 0.00209488144
43.686 0.002192593599
43.688 0.001661009197
43.69 0.002115520063
43.692 0.00177150925
43.694 0.002246536624
43.696 0.002004376566
43.698 0.002404712091
43.7 0.002218341972
43.702 0.002095054494
43.704 0.002192441943
43.706 0.001661176755
43.708 0.00211540282
43.71 0.001771631746
43.712 0.002246459798
43.714 0.002004462195
43.716 0.002404666061
43.718 0.002218392092
43.72 0.002095142372
43.722 0.002192372622
43.724 0.001661266375
43.726 0.002115360725
43.728 0.001771692545
43.73 0.002246440089
43.732 0.002004507442
43.734 0.002404661792
43.736 0.002218412256
43.738 0.002095192238
43.74 0.002192344721
43.742 0.001661320292
43.744 0.002115343853
43.746 0.001771734598
43.748 0.002246435514
43.75 0.00200454106
43.752 0.002404664098
43.754 0.002218438464
43.756 0.002095229208
43.758 0.002192333915
43.76 0.001661357022
43.762 0.002115340138
43.764 0.001771763208
43.766 0.002246438893
43.768 0.002004566263
43.77 0.00191898299
43.772 0.002166258129
43.774 0.001631121524
43.776 0.002162775476
43.778 0.001792195207
43.78 0.002308636675
43.782 0.00202949991
43.784 0.002461040888
43.786 0.002235749349
43.788 0.002099995334
43.79 0.002229406639
43.792 0.001637566197
43.794 0.002137468843
43.796 0.001743413431
43.798 0.002260774481
43.8 0.001980921273
43.802 0.001894933197
43.804 0.002183184068
43.806 0.001614894646
43.808 0.002178117787
43.81 0.001782963948
43.812 0.00232000101
43.814 0.002024663615
43.816 0.001924569256
43.818 0.002211536937
43.82 0.001598309391
43.822 0.002185278638
43.824 0.001756156949
43.826 0.002320494222
43.828 0.002001158428
43.83 0.001902448832
43.832 0.002219675737
43.834 0.001588096548
43.836 0.00219602224
43.838 0.001752496727
43.84 0.002329626289
43.842 0.002000200512
43.844 0.001900340617
43.846 0.002224868813
43.848 0.001584685243
43.85 0.002197919278
43.852 0.001750412765
43.854 0.002329424798
43.856 0.001999627282
43.858 0.0019004658
43.86 0.002222983952
43.862 0.001587109584
43.864 0.002195075006
43.866 0.001753711467
43.868 0.002326044468
43.87 0.002003178568
43.872 0.001904923112
43.874 0.002217882191
43.876 0.001592535339
43.878 0.002189616693
43.88 0.001758695297
43.882 0.002320881584
43.884 0.002007444904
43.886 0.001910152602
43.888 0.00221203071
43.89 0.001598137623
43.892 0.002184333969
43.894 0.001763345555
43.896 0.002316462836
43.898 0.002010990788
43.9 0.001914354872
43.902 0.002207660912
43.904 0.001602225988
43.906 0.002180739521
43.908 0.001766315349
43.91 0.002313807507
43.912 0.002012942276
43.914 0.001916597278
43.916 0.002205514339
43.918 0.001604072064
43.92 0.002179333852
43.922 0.001767339096
43.924 0.002313096366
43.926 0.002013315272
43.928 0.001916951626
43.93 0.002205399459
43.932 0.001603989929
43.934 0.002179687817
43.936 0.001766878686
43.938 0.002313761969
43.94 0.0020126312
43.942 0.001916069
43.944 0.002206514134
43.946 0.001602813069
43.948 0.002180957014
43.95 0.001765714809
43.952 0.002315013197
43.954 0.002011577239
43.956 0.001914774195
43.958 0.002207976096
43.96 0.001601544371
43.962 0.002182237851
43.964 0.001764612637
43.966 0.002316101559
43.968 0.002010730905
43.97 0.001913736621
43.972 0.002209086564
43.974 0.001600528124
43.976 0.002183163612
43.978 0.001763873778
43.98 0.002316794786
43.982 0.002010270973
43.984 0.001913145106
43.986 0.002209706316
43.988 0.001600012611
43.99 0.00218359327
43.992 0.001763576445
43.994 0.002317048432
43.996 0.002010179672
43.998 0.001912986084
44 0.002209867554
44.002 0.001599779666
44.004 0.00218371645
44.006 0.001763536301
44.008 0.002317066487
44.01 0.002010258379
44.012 0.001913043665
44.014 0.002209817187
44.016 0.001599871447
44.018 0.002183598202
44.02 0.001763673549
44.022 0.002316916218
44.024 0.002010425887
44.026 0.001913230745
44.028 0.002209627629
44.03 0.001600079495
44.032 0.002183400653
44.034 0.001763865305
44.036 0.002316739403
44.038 0.002010589852
44.04 0.001913439579
44.042 0.002209422435
44.044 0.001600287122
44.046 0.002183214676
44.048 0.001764030474
44.05 0.002316587048
44.052 0.002010703178
44.054 0.00191361127
44.056 0.002209247771
44.058 0.001600465841
44.06 0.002183071425
44.062 0.001764166731
44.064 0.002316477518
44.066 0.002010776431
44.068 0.001913746441
44.07 0.002209104309
44.072 0.00160061523
44.074 0.002182954694
44.076 0.001764279444
44.078 0.002316385611
44.08 0.002010840515
44.082 0.001913858058
44.084 0.002208981677
44.086 0.001600749579
44.088 0.002182852756
44.09 0.001764384896
44.092 0.002316305627
44.094 0.002010907941
44.096 0.001913961095
44.098 0.00220887891
44.1 0.001600860223
44.102 0.00218276636
44.104 0.001764469098
44.106 0.002316241888
44.108 0.002010966924
44.11 0.00191403199
44.112 0.002208819287
44.114 0.001600931383
44.116 0.002182726396
44.118 0.001764517932
44.12 0.002316218843
44.122 0.002011003583
44.124 0.001914053833
44.126 0.00220882376
44.128 0.001600931896
44.13 0.002182752549
44.132 0.001764502239
44.134 0.002316262543
44.136 0.00201098632
44.138 0.001914008724
44.14 0.002208913773
44.142 0.001600841513
44.144 0.002182862388
44.146 0.001764406671
44.148 0.002316384282
44.15 0.002010902961
44.152 0.001913881605
44.154 0.002209095072
44.156 0.001600671235
44.158 0.002183047433
44.16 0.001764248134
44.162 0.002316563246
44.164 0.002010771624
44.166 0.001913710803
44.168 0.002209309808
44.17 0.001600467658
44.172 0.002183257214
44.174 0.001764072577
44.176 0.002316752879
44.178 0.002010630387
44.18 0.001913543783
44.182 0.002209515157
44.184 0.001600285803
44.186 0.002183444617
44.188 0.001763928971
44.19 0.002316910488
44.192 0.002010520434
44.194 0.001913420271
44.196 0.002209656486
44.198 0.001600170679
44.2 0.002183559522
44.202 0.001763851698
44.204 0.002316995159
44.206 0.002010472028
44.208 0.001913377523
44.21 0.002209704018
44.212 0.001600155416
44.214 0.002183581634
44.216 0.001763864291
44.218 0.002316991593
44.22 0.002010499229
44.222 0.001913424856
44.224 0.002209652139
44.226 0.001600236465
44.228 0.002183506436
44.23 0.001763958185
44.232 0.002316905947
44.234 0.002010592545
44.236 0.001913547948
44.238 0.002209522261
44.24 0.001600398742
44.242 0.002183367302
44.244 0.00176411279
44.246 0.002316765446
44.248 0.002010734875
44.25 0.001913717096
44.252 0.00220934653
44.254 0.001600597494
44.256 0.002183193577
44.258 0.00176429169
44.26 0.002316610576
44.262 0.00201088737
44.264 0.001913897903
44.266 0.002209170029
44.268 0.001600790516
44.27 0.002183026371
44.272 0.001764457002
44.274 0.002316467323
44.276 0.002011026254
44.278 0.001914048956
44.28 0.002209019015
44.282 0.001600949714
44.284 0.002182894611
44.286 0.001764587721
44.288 0.002316361797
44.29 0.002011127606
44.292 0.001914162044
44.294 0.002208922494
44.296 0.001601054636
44.298 0.002182817542
44.3 0.001764665987
44.302 0.00231630284
44.304 0.002011186291
44.306 0.001914223406
44.308 0.002208880699
44.31 0.001601104071
44.312 0.002182787685
44.314 0.001764698898
44.316 0.002316292429
44.318 0.002011207922
44.32 0.001914237854
44.322 0.002208881358
44.324 0.001601109652
44.326 0.002182801558
44.328 0.001764695549
44.33 0.002316313469
44.332 0.002011200284
44.334 0.001914227575
44.336 0.002208917537
44.338 0.001601085989
44.34 0.002182842309
44.342 0.001764667188
44.344 0.00231635522
44.346 0.002011171336
44.348 0.001914193342
44.35 0.002208969548
44.352 0.00160104107
44.354 0.002182898968
44.356 0.00176462699
44.358 0.002316412646
44.36 0.002011134641
44.362 0.001914149027
44.364 0.002209028754
44.366 0.001600988226
44.368 0.002182962592
44.37 0.001764578011
44.372 0.002316474064
44.374 0.00201108878
44.376 0.001914100143
44.378 0.002209103793
44.38 0.001600923338
44.382 0.002183039605
44.384 0.001764514541
44.386 0.002316546751
44.388 0.002011031241
44.39 0.001914038358
44.392 0.002209189282
44.394 0.00160084365
44.396 0.00218312944
44.398 0.001764440414
44.4 0.002316639214
44.402 0.0020109607
44.404 0.001913960246
44.406 0.002209303149
44.408 0.001600737964
44.41 0.0021832581
44.412 0.0017643295
44.414 0.002316771923
44.416 0.002010853329
44.418 0.001913842657
44.42 0.002209455236
44.422 0.001600589061
44.424 0.002183416625
44.426 0.001764192327
44.428 0.002316932459
44.43 0.002010729616
44.432 0.001913699846
44.434 0.002209645129
44.436 0.001600409106
44.438 0.002183617879
44.44 0.001764019395
44.442 0.002317128277
44.444 0.002010571742
44.446 0.001913519002
44.448 0.002209873467
44.45 0.001600191087
44.452 0.002183858498
44.454 0.001763815371
44.456 0.002317361555
44.458 0.002010387671
44.46 0.001913306846
44.462 0.00221014276
44.464 0.00159993362
44.466 0.002184134637
44.468 0.00176357998
44.47 0.002317624857
44.472 0.002010178607
44.474 0.001913067311
44.476 0.002210446947
44.478 0.001599645029
44.48 0.002184440433
44.482 0.001763320897
44.484 0.002317917207
44.486 0.002009956099
44.488 0.001912804368
44.49 0.002210772701
44.492 0.001599342656
44.494 0.00218476777
44.496 0.001763051828
44.498 0.002318219752
44.5 0.002009726638
44.502 0.001912535589
44.504 0.002211109846
44.506 0.001599034459
44.508 0.002185100572
44.51 0.001762783034
44.512 0.00170921806
44.514 0.002199722974
44.516 0.001590868502
44.518 0.002257850569
44.52 0.001808143408
44.522 0.002404587137
44.524 0.002053487416
44.526 0.001935470004
44.528 0.002263475456
44.53 0.001563536467
44.532 0.002212043295
44.534 0.001716331156
44.536 0.0023353454
44.538 0.001969577653
44.54 0.00187151977
44.542 0.00223746693
44.544 0.001571546823
44.546 0.00221222553
44.548 0.001746442614
44.55 0.00169152164
44.552 0.002219972733
44.554 0.001573181055
44.556 0.002271028678
44.558 0.001795952464
44.56 0.002412393812
44.562 0.002046236982
44.564 0.001928213018
44.566 0.002267859583
44.568 0.001560841952
44.57 0.002212997408
44.572 0.001717709922
44.574 0.00166584676
44.576 0.002226860658
44.578 0.001570275847
44.58 0.002283619215
44.582 0.001799642528
44.584 0.001726314132
44.586 0.002260653008
44.588 0.001530953613
44.59 0.002281591228
44.592 0.001742247541
44.594 0.002414936559
44.596 0.002001003167
44.598 0.001884743372
44.6 0.00228603435
44.602 0.001537604729
44.604 0.002236380928
44.606 0.001706998491
44.608 0.001653579489
44.61 0.002243670769
44.612 0.001555119348
44.614 0.002293550047
44.616 0.001788500393
44.618 0.001715785978
44.62 0.002267307192
44.622 0.001526365189
44.624 0.002285434891
44.626 0.00174197388
44.628 0.001674932103
44.63 0.002275374532
44.632 0.001518884425
44.634 0.002304729935
44.636 0.001744649825
44.638 0.001673809087
44.64 0.00228892078
44.642 0.001506005721
44.644 0.002311972376
44.646 0.001731948326
44.648 0.001661484438
44.65 0.002296620607
44.652 0.001499515443
44.654 0.002319279068
44.656 0.001729033798
44.658 0.001658096284
44.66 0.002301166895
44.662 0.001495953242
44.664 0.002321425689
44.666 0.001726979973
44.668 0.001656481578
44.67 0.002301519889
44.672 0.001496378205
44.674 0.00232067567
44.676 0.001728554452
44.678 0.001658543719
44.68 0.00229902461
44.682 0.001499308593
44.684 0.002317402254
44.686 0.001731606519
44.688 0.001662237224
44.69 0.002294749392
44.692 0.001503716979
44.694 0.002313176761
44.696 0.001735469158
44.698 0.001666641624
44.7 0.002290072252
44.702 0.001508280675
44.704 0.002308837459
44.706 0.001739167509
44.708 0.001670764424
44.71 0.002286034106
44.712 0.001512125095
44.714 0.002305353178
44.716 0.001742041528
44.718 0.00167387284
44.72 0.002283052204
44.722 0.001514819189
44.724 0.002303063678
44.726 0.001743850881
44.728 0.001675763041
44.73 0.002281422354
44.732 0.001516197589
44.734 0.002302058237
44.736 0.001744559925
44.738 0.001676436269
44.74 0.002281060453
44.742 0.001516391661
44.744 0.002302158772
44.746 0.001744373028
44.748 0.001676138531
44.75 0.002281672437
44.752 0.001515721517
44.754 0.002303023828
44.756 0.001743598664
44.758 0.001675217074
44.76 0.002282851363
44.762 0.001514588414
44.764 0.002304263009
44.766 0.001742570623
44.768 0.001674049157
44.77 0.002284053319
44.772 0.001513439721
44.774 0.002305450593
44.776 0.00174164188
44.778 0.001673014044
44.78 0.002285212604
44.782 0.001512430952
44.784 0.002306447726
44.786 0.001740903846
44.788 0.001672182355
44.79 0.002286092361
44.792 0.001511720123
44.794 0.00230714246
44.796 0.001740437133
44.798 0.001671655003
44.8 0.002286629349
44.802 0.00151133133
44.804 0.002307514895
44.806 0.001740246039
44.808 0.001671418088
44.81 0.002286867831
44.812 0.001511224842
44.814 0.002307625018
44.816 0.001740261747
44.818 0.001671406255
44.82 0.002286878617
44.822 0.001511313079
44.824 0.002307571753
44.826 0.001740398904
44.828 0.001671523887
44.83 0.00228678205
44.832 0.001511489057
44.834 0.001473536365
44.836 0.002317811115
44.838 0.001557498112
44.84 0.002420491092
44.842 0.001829175182
44.844 0.001726099029
44.846 0.002354761383
44.848 0.001450940973
44.85 0.002335372564
44.852 0.001660275904
44.854 0.001594250036
44.856 0.00233054606
44.858 0.00147294057
44.86 0.002359186535
44.862 0.001720219312
44.864 0.001644166841
44.866 0.002329209374
44.868 0.001472803977
44.87 0.00143598344
44.872 0.002350471824
44.874 0.001535022682
44.876 0.002446797335
44.878 0.00181661512
44.88 0.001710651295
44.882 0.002373083787
44.884 0.0014366355
44.886 0.001395806834
44.888 0.002383138457
44.89 0.001536071428
44.892 0.002485901663
44.894 0.001824913568
44.896 0.001709361423
44.898 0.002401093295
44.9 0.001413461436
44.902 0.001372545436
44.904 0.002404160473
44.906 0.001525529091
44.908 0.002504439051
44.91 0.001819843801
44.912 0.001701195088
44.914 0.002414490831
44.916 0.001402752669
44.918 0.001363030564
44.92 0.002411813491
44.922 0.001521751953
44.924 0.002508961445
44.926 0.001819240409
44.928 0.001700668896
44.93 0.002414828534
44.932 0.001404029229
44.934 0.00136546743
44.936 0.002408394684
44.938 0.001526080876
44.94 0.001473579794
44.942 0.002417419411
44.944 0.001398228574
44.946 0.002454692802
44.948 0.001675092288
44.95 0.001583424567
44.952 0.002413694687
44.954 0.001395255256
44.956 0.001359759911
44.958 0.002418966625
44.96 0.001484690996
44.962 0.001435916943
44.964 0.002432034319
44.966 0.001392994474
44.968 0.002474628052
44.97 0.00167946025
44.972 0.001583032457
44.974 0.002426100733
44.976 0.001384931337
44.978 0.001350250884
44.98 0.002426123522
44.982 0.001483173237
44.984 0.001434448246
44.986 0.00243498317
44.988 0.00139073082
44.99 0.00135174973
44.992 0.002454910833
44.994 0.001410167931
44.996 0.002520532944
44.998 0.001714360112
45 0.001603123205
45.002 0.002452699895
45.004 0.001362772224
45.006 0.001328082261
45.008 0.002443861432
45.01 0.001481524069
45.012 0.001430717544
45.014 0.002446672055
45.016 0.001378562027
45.018 0.001340714265
45.02 0.002461918587
45.022 0.001408353529
45.024 0.001362287961
45.026 0.002477737145
45.028 0.001365809345
45.03 0.002524911004
45.032 0.001670228681
45.034 0.001563425245
45.036 0.002465185302
45.038 0.001350936601
45.04 0.001317878603
45.042 0.002453972124
45.044 0.001467020103
45.046 0.00141766002
45.048 0.002453257457
45.05 0.001376145367
45.052 0.001339101923
45.054 0.002463851404
45.056 0.00140663859
45.058 0.001361870908
45.06 0.002475689106
45.062 0.001369953906
45.064 0.001327946283
45.066 0.002490053794
45.068 0.001370176188
45.07 0.001324960561
45.072 0.002503816299
45.074 0.001350396263
45.076 0.00130575188
45.078 0.002516797266
45.08 0.001343389189
45.082 0.001297581205
45.084 0.002527782343
45.086 0.001331944626
45.088 0.001286407474
45.09 0.002536480741
45.092 0.001326270196
45.094 0.001280599039
45.096 0.002542518646
45.098 0.001321052074
45.1 0.001275829801
45.102 0.002545931752
45.104 0.001319245896
45.106 0.001274415159
45.108 0.002546872887
45.11 0.001318984167
45.112 0.001274738482
45.114 0.002545681036
45.116 0.001320829053
45.118 0.001277153011
45.12 0.002542789921
45.122 0.001323876081
45.124 0.001280791014
45.126 0.002538697284
45.128 0.001327946715
45.13 0.001285377752
45.132 0.002533883663
45.134 0.00133245103
45.136 0.001290329389
45.138 0.002528834343
45.14 0.001337063904
45.142 0.001295280924
45.144 0.002523952422
45.146 0.001341403411
45.148 0.00129985353
45.15 0.002519564332
45.152 0.001345219771
45.154 0.001303801204
45.156 0.002515905375
45.158 0.001348315902
45.16 0.001306944613
45.162 0.002513112168
45.164 0.00135060984
45.166 0.001309202929
45.168 0.002511236782
45.17 0.001352078945
45.172 0.001310574694
45.174 0.002510253096
45.176 0.001352761917
45.178 0.001311126258
45.18 0.002510068731
45.182 0.001352754093
45.184 0.001310973353
45.186 0.002510560954
45.188 0.001352191033
45.19 0.001310260514
45.192 0.002511557746
45.194 0.001351217519
45.196 0.001309148747
45.198 0.002512897302
45.2 0.001349984738
45.202 0.001307793072
45.204 0.002514424401
45.206 0.001348637064
45.208 0.001306347764
45.21 0.002515995081
45.212 0.001347297432
45.214 0.001304933982
45.216 0.002517487574
45.218 0.001346064813
45.22 0.001303643075
45.222 0.002518812596
45.224 0.001345013832
45.226 0.001302537007
45.228 0.002519911589
45.23 0.001344171834
45.232 0.001301671636
45.234 0.002520755858
45.236 0.001343556013
45.238 0.001301044211
45.24 0.002521353025
45.242 0.001343167484
45.244 0.001300654804
45.246 0.002521724716
45.248 0.001342976123
45.25 0.001300462558
45.252 0.002521900401
45.254 0.001342955267
45.256 0.001300430939
45.258 0.002521917353
45.26 0.001343045903
45.262 0.001300521782
45.264 0.0025218358
45.266 0.001343219681
45.268 0.001300691132
45.27 0.002521696592
45.272 0.001343436913
45.274 0.001300894147
45.276 0.002521529269
45.278 0.001343651703
45.28 0.001301099717
45.282 0.002521375579
45.284 0.001343848556
45.286 0.001301294045
45.288 0.002521258753
45.29 0.001344011523
45.292 0.001301449662
45.294 0.001197520766
45.296 0.002635657067
45.298 0.001504352624
45.3 0.001412821443
45.302 0.002606608265
45.304 0.001210642055
45.306 0.001171356561
45.308 0.002606138459
45.31 0.001325864229
45.312 0.001263819712
45.314 0.002605252722
45.316 0.001245455733
45.318 0.001202243738
45.32 0.0026012169
45.322 0.001290509647
45.324 0.001240575414
45.326 0.001134348537
45.328 0.002704569532
45.33 0.001471936055
45.332 0.001369545191
45.334 0.002662994666
45.336 0.001161464305
45.338 0.001124985425
45.34 0.002645796762
45.342 0.001300311588
45.344 0.001237560968
45.346 0.001116503812
45.348 0.00274901211
45.35 0.001480439549
45.352 0.001366470538
45.354 0.002694717991
45.356 0.001132793062
45.358 0.001098100357
45.36 0.002667337057
45.362 0.001292162434
45.364 0.001227338718
45.366 0.001107047294
45.368 0.002760788687
45.37 0.001479746079
45.372 0.001364387485
45.374 0.002699153294
45.376 0.001130951342
45.378 0.001098137695
45.38 0.001044863117
45.382 0.002732228359
45.384 0.001341612525
45.386 0.001252286242
45.388 0.002703097353
45.39 0.001137850498
45.392 0.001099980534
45.394 0.001033032188
45.396 0.002756573985
45.398 0.001361200023
45.4 0.001262771065
45.402 0.002719085264
45.404 0.00112000502
45.406 0.001083825227
45.408 0.001021833465
45.41 0.002762812165
45.412 0.001348529614
45.414 0.001251208648
45.416 0.002723956595
45.418 0.001117700047
45.42 0.001081917556
45.422 0.001020171553
45.424 0.002764566661
45.426 0.001350394164
45.428 0.001253266842
45.43 0.001091742071
45.432 0.002854220054
45.434 0.001503114865
45.436 0.001360314238
45.438 0.002773262807
45.44 0.001063218261
45.442 0.001032242369
45.444 0.0009887558147
45.446 0.002780110405
45.448 0.001293235166
45.45 0.001201315869
45.452 0.001054147553
45.454 0.00286698205
45.456 0.001470342167
45.458 0.001328411877
45.46 0.001123211836
45.462 0.00293234381
45.464 0.00155327871
45.466 0.001383149159
45.468 0.002827330736
45.47 0.00101723178
45.472 0.000988697864
45.474 0.0009538663003
45.476 0.002808758904
45.478 0.001257258394
45.48 0.001165406838
45.482 0.001027047189
45.484 0.002883584803
45.486 0.001452407049
45.488 0.00130971932
45.49 0.001110531416
45.492 0.002938841497
45.494 0.001546963871
45.496 0.001377257994
45.498 0.001151567375
45.5 0.002973485381
45.502 0.001587671598
45.504 0.00140364744
45.506 0.001166967267
45.508 0.002995564368
45.51 0.001603481185
45.512 0.00141149976
45.514 0.0011707524
45.516 0.003009943573
45.518 0.001608767528
45.52 0.001412256664
45.522 0.001170434975
45.524 0.003018902954
45.526 0.001610236554
45.528 0.001411288853
45.53 0.001169589522
45.532 0.003023610463
45.534 0.001610861354
45.536 0.001410907793
45.538 0.001169667636
45.54 0.003024880053
45.542 0.001611828813
45.544 0.001411890438
45.546 0.001171051915
45.548 0.003023477884
45.55 0.001613449998
45.552 0.001414228619
45.554 0.001173588054
45.556 0.001153990616
45.558 0.002908329424
45.56 0.000936447923
45.562 0.000897193681
45.564 0.000840600455
45.566 0.002935995399
45.568 0.001230525991
45.57 0.001104756408
45.572 0.0009560560255
45.574 0.002995792653
45.576 0.001423229411
45.578 0.00125149412
45.58 0.001054814911
45.582 0.001041993684
45.584 0.002943326368
45.586 0.0009259075472
45.588 0.0008781733406
45.59 0.0008141033085
45.592 0.002973418323
45.594 0.001237549231
45.596 0.001100436109
45.598 0.0009491145472
45.6 0.0009427662811
45.602 0.002966268548
45.604 0.0009387860031
45.606 0.0008785707894
45.608 0.0008046408631
45.61 0.0030002883
45.612 0.001254199722
45.614 0.00110674658
45.616 0.0009510375408
45.618 0.0009433119492
45.62 0.002977594371
45.622 0.0009256781066
45.624 0.000867681595
45.626 0.0007980350961
45.628 0.0007934608717
45.63 0.003001296754
45.632 0.001007621982
45.634 0.0009131783714
45.636 0.0008145031055
45.638 0.003042932721
45.64 0.00129938734
45.642 0.001131843555
45.644 0.0009646474086
45.646 0.0009527383573
45.648 0.002995748068
45.65 0.0009015493776
45.652 0.0008474178888
45.654 0.0007846955204
45.656 0.0007806756952
45.658 0.003007618528
45.66 0.001012046392
45.662 0.0009160102077
45.664 0.0008177284642
45.666 0.0008154381647
45.668 0.003019441402
45.67 0.0009526875383
45.672 0.0008691524216
45.674 0.0007849968762
45.676 0.0007823149809
45.678 0.003033883164
45.68 0.0009608364606
45.682 0.000869351501
45.684 0.0007814174466
45.686 0.0007785696915
45.688 0.003044361766
45.69 0.0009472695942
45.692 0.0008565569015
45.694 0.000771653019
45.696 0.000769091158
45.698 0.003050813838
45.7 0.0009460275041
45.702 0.0008541062279
45.704 0.0007696667457
45.706 0.0007675574835
45.708 0.003052634098
45.71 0.0009446074784
45.712 0.0008533741989
45.714 0.0007699811129
45.716 0.0007684701034
45.718 0.0006739527797
45.72 0.003120162411
45.722 0.001164295169
45.724 0.0009994673517
45.726 0.0008507035378
45.728 0.0008345272542
45.73 0.003094602959
45.732 0.0008421271637
45.734 0.0007678434819
45.736 0.000706044872
45.738 0.0007027227299
45.74 0.0006269190203
45.742 0.003149303132
45.744 0.001117225973
45.746 0.0009512792243
45.748 0.000813528095
45.75 0.0007967565044
45.752 0.003120874064
45.754 0.000832104403
45.756 0.0007520622773
45.758 0.0006917538003
45.76 0.0006895743576
45.762 0.0006147016218
45.764 0.003161315429
45.766 0.001116710408
45.768 0.0009483748447
45.77 0.0008126981521
45.772 0.0007963670587
45.774 0.0006595553009
45.776 0.003202090166
45.778 0.001213157117
45.78 0.001014067131
45.782 0.0008562029253
45.784 0.000829521356
45.786 0.0006743176065
45.788 0.003225704872
45.79 0.001239639626
45.792 0.001028604092
45.794 0.00086607587
45.796 0.0008344613566
45.798 0.0006748716168
45.8 0.003238417594
45.802 0.001246059287
45.804 0.00103023668
45.806 0.0008675754249
45.808 0.0008341362181
45.81 0.0006741340339
45.812 0.0006788756704
45.814 0.003212055334
45.816 0.0007988198324
45.818 0.0006888244101
45.82 0.0006236627807
45.822 0.0006165493342
45.824 0.0005362774772
45.826 0.003248331257
45.828 0.001093210743
45.83 0.000898991998
45.832 0.0007696647405
45.834 0.0007443981385
45.836 0.0006109558236
45.838 0.0006167634537
45.84 0.00323913107
45.842 0.0008114444226
45.844 0.0006883502477
45.846 0.0006207046202
45.848 0.0006127724382
45.85 0.0005302898968
45.852 0.0005338101494
45.854 0.00325948135
45.856 0.000864634498
45.858 0.0007180066431
45.86 0.0006375853979
45.862 0.0006246064013
45.864 0.0005313895773
45.866 0.0005364890711
45.868 0.003270000428
45.87 0.000843550754
45.872 0.0006993459249
45.874 0.0006243902043
45.876 0.0006123298516
45.878 0.0005236040664
45.88 0.0005291220535
45.882 0.0004508400638
45.884 0.003323213117
45.886 0.001039138566
45.888 0.0008292936334
45.89 0.0007122034235
45.892 0.0006772530395
45.894 0.0005511883386
45.896 0.0005538595674
45.898 0.003302605981
45.9 0.0007829166723
45.902 0.0006441748892
45.904 0.0005833466934
45.906 0.0005729822867
45.908 0.0004953875521
45.91 0.0005011923799
45.912 0.0004316060331
45.914 0.003335251011
45.916 0.001025519899
45.918 0.0008154180366
45.92 0.0007035636935
45.922 0.0006696311234
45.924 0.0005477947972
45.926 0.0005518537082
45.928 0.0004504397235
45.93 0.003355370191
45.932 0.001075522012
45.934 0.0008489753863
45.936 0.0007287631866
45.938 0.0006870506487
45.94 0.0005573859044
45.942 0.0005596235608
45.944 0.0004524001898
45.946 0.0004584570231
45.948 0.003358551252
45.95 0.0007998044079
45.952 0.0006311600096
45.954 0.0005637337568
45.956 0.0005435301859
45.958 0.0004586509526
45.96 0.0004628515083
45.962 0.0003887659287
45.964 0.0003907580625
45.966 0.003390830982
45.968 0.0008298038283
45.97 0.0006403600688
45.972 0.00056934514
45.974 0.0005417344301
45.976 0.0004520443948
45.978 0.000455665372
45.98 0.0003785087563
45.982 0.0003824528628
45.984 0.003403377433
45.986 0.0008188981809
45.988 0.0006285649964
45.99 0.000561830849
45.992 0.0005347893078
45.994 0.0004485042881
45.996 0.0004531714741
45.998 0.0003788879498
46 0.0003839232469
46.002 0.0003226848915
46.004 0.003436991024
46.006 0.0009742976208
46.008 0.0007365515964
46.01 0.0006437248506
46.012 0.0005940309632
46.014 0.0004830631438
46.016 0.0004822447801
46.018 0.0003892163924
46.02 0.0003953081593
46.022 0.0003216138409
46.024 0.0003232008483
46.026 0.003458000481
46.028 0.0008117002241
46.03 0.0005996974053
46.032 0.0005382922363
46.034 0.0004996971827
46.036 0.0004141487985
46.038 0.0004155447054
46.04 0.0003416379747
46.042 0.0003466124444
46.044 0.000286943233
46.046 0.0002870845716
46.048 0.00348127686
46.05 0.0008224960381
46.052 0.0005995674734
46.054 0.0005397536799
46.056 0.000496520406
46.058 0.0004111060828
46.06 0.0004120264045
46.062 0.0003384453182
46.064 0.0003446289007
46.066 0.0002857311954
46.068 0.0002875938039
46.07 0.0002393620539
46.072 0.0002351475717
46.074 0.0035228548
46.076 0.0008310094633
46.078 0.0005889606673
46.08 0.0005325991396
46.082 0.0004779104176
46.084 0.0003925122009
46.086 0.0003891094636
46.088 0.0003151760541
46.09 0.0003207641792
46.092 0.0002621126749
46.094 0.0002651288218
46.096 0.0002180921392
46.098 0.000215983605
46.1 0.0001767581176
46.102 0.003567277023
46.104 0.0009058975849
46.106 0.0006323771831
46.108 0.0005704696071
46.11 0.0004973665614
46.112 0.0004049561221
46.114 0.0003944765969
46.116 0.0003149319802
46.118 0.0003195479959
46.12 0.000257373537
46.122 0.0002622517184
46.124 0.0002137338336
46.126 0.0002144633051
46.128 0.0001751585468
46.13 0.0001712394192
46.132 0.000138043568
46.134 0.0001303340491
46.136 0.003615745414
46.138 0.0008365365882
46.14 0.0005580026011
46.142 0.0005167523051
46.144 0.0004388079661
46.146 0.0003610979446
46.148 0.00034748505
46.15 0.0002783206298
46.152 0.0002821455625
46.154 0.00022806685
46.156 0.0002335609578
46.158 0.0001917260542
46.16 0.0001939355101
46.162 0.0001603452142
46.164 0.0001583441809
46.166 0.0001301053223
46.168 0.0001244520952
46.17 0.0001128314676
46.172 0.0001127126764
46.174 0.0001126215023
46.176 0.0001124900509
46.178 0.0001123721753
46.18 0.000112253216
46.182 0.0001121371177
46.184 0.0001120215562
46.186 0.0001119046324
46.188 0.0001117898958
46.19 0.0001116786667
46.192 0.0001115639274
46.194 0.0001114556932
46.196 0.0001113417641
46.198 0.0001112321252
46.2 0.0001111243115
46.202 0.0001110156852
46.204 0.0001109071252
46.206 0.0001108043225
46.208 0.000110695844
46.21 0.0001105925407
46.212 0.000110486343
46.214 0.0001103844545
46.216 0.0001102830573
46.218 0.0001101793478
46.22 0.000110079307
46.222 0.0001099805958
46.224 0.0001098802277
46.226 0.0001097842526
46.228 0.0001096854465
46.23 0.0001095879324
46.232 0.0001094931156
46.234 0.0001093974914
46.236 0.0001093052228
46.238 0.0001092077977
46.24 0.0001091135868
46.242 0.0001090231017
46.244 0.0001089287999
46.246 0.0001088395709
46.248 0.0001087484474
46.25 0.0001086556933
46.252 0.0001085695245
46.254 0.0001084785631
46.256 0.0001083904319
46.258 0.0001083025718
46.26 0.0001082147667
46.262 0.0001081283317
46.264 0.0001080414832
46.266 0.0001079559954
46.268 0.0001078722109
46.27 0.0001077855565
46.272 0.0001077009061
46.274 0.0001076211699
46.276 0.0001075348708
46.278 0.0001074566382
46.28 0.0001073740562
46.282 0.0001072951338
46.284 0.0001072132891
46.286 0.0001071340657
46.288 0.0001070521017
46.29 0.0001069779364
46.292 0.0001068938168
46.294 0.000106820537
46.296 0.0001067389305
46.298 0.0001066642964
46.3 0.0001065839262
46.302 0.0001065097898
46.304 0.0001064345131
46.306 0.000106359605
46.308 0.0001062810306
46.31 0.0001062094494
46.312 0.0001061332195
46.314 0.0001060630653
46.316 0.0001059888472
46.318 0.000105913697
46.32 0.0001058435401
46.322 0.0001057717248
46.324 0.0001056975499
46.326 0.0001056288499
46.328 0.0001055602183
46.33 0.0001054873427
46.332 0.0001054224219
46.334 0.0001053526786
46.336 0.0001052817168
46.338 0.0001052192258
46.34 0.0001051508995
46.342 0.0001050898559
46.344 0.0001050180699
46.346 0.000104955028
46.348 0.0001048973919
46.35 0.0001048295627
46.352 0.0001047680971
46.354 0.0001047082877
46.356 0.0001046473868
46.358 0.0001045886562
46.36 0.000104525285
46.362 0.0001044669999
46.364 0.0001044072598
46.366 0.0001043478226
46.368 0.000104286619
46.37 0.0001042330233
46.372 0.0001041756496
46.374 0.0001041226257
46.376 0.0001040600795
46.378 0.0001040063439
46.38 0.0001039536322
46.382 0.0001038973705
46.384 0.0001038424449
46.386 0.0001037889186
46.388 0.0001037370623
46.39 0.0001036862589
46.392 0.0001036347035
46.394 0.0001035801103
46.396 0.0001035327263
46.398 0.0001034780498
46.4 0.0001034294611
46.402 0.0001033803472
46.404 0.000103326045
46.406 0.0001032793281
46.408 0.000103229436
46.41 0.0001031772115
46.412 0.0001031331402
46.414 0.0001030781898
46.416 0.0001030329288
46.418 0.000102986207
46.42 0.0001029343272
46.422 0.0001028930566
46.424 0.0001028400884
46.426 0.0001027968504
46.428 0.0001027469146
46.43 0.0001027049843
46.432 0.0001026627614
46.434 0.0001026134774
46.436 0.000102570541
46.438 0.0001025284138
46.44 0.0001024814584
46.442 0.0001024323998
46.444 0.0001023923524
46.446 0.0001023452508
46.448 0.0001022982008
46.45 0.0001022545708
46.452 0.0001022130352
46.454 0.0001021659485
46.456 0.0001021175531
46.458 0.0001020778448
46.46 0.0001020326574
46.462 0.0001020730674
46.464 0.0001020839927
46.466 0.0001020774886
46.468 0.0001020631564
46.47 0.0001020352006
46.472 0.0001020071375
46.474 0.0001019745566
46.476 0.0001019450494
46.478 0.0001023351568
46.48 0.0001025532036
46.482 0.0001027087796
46.484 0.0001028444456
46.486 0.000102934496
46.488 0.0001030078524
46.49 0.000103047579
46.492 0.0001030702967
46.494 0.0001030679888
46.496 0.0001030534988
46.498 0.0001030344908
46.5 0.0001029912027
46.502 0.0001029374072
46.504 0.0001028695889
46.506 0.0001027938454
46.508 0.0001027096806
46.51 0.0001026178472
46.512 0.0001025198961
46.514 0.0001024207774
46.516 0.0001023131095
46.518 0.0001022028749
46.52 0.0001020889004
46.522 0.0001019758267
46.524 0.0001018594015
46.526 0.000101744839
46.528 0.0001016253458
46.53 0.0001015073888
46.532 0.0001013914698
46.534 0.0001012763481
46.536 0.0001011646235
46.538 0.0001010478949
46.54 0.0001009384996
46.542 0.0001008346258
46.544 0.0001007264795
46.546 0.0001006226639
46.548 0.0001005244954
46.55 0.0001004252792
46.552 0.0001003315928
46.554 0.000100245029
46.556 0.0001001527087
46.558 0.0001000725203
46.56 9.99938357e-05
46.562 9.99169345e-05
46.564 9.984382172e-05
46.566 9.97716098e-05
46.568 9.97050204e-05
46.57 9.964276061e-05
46.572 9.957941188e-05
46.574 9.952533268e-05
46.576 9.946159723e-05
46.578 9.941064794e-05
46.58 9.935872699e-05
46.582 9.931100108e-05
46.584 9.926304834e-05
46.586 9.921961421e-05
46.588 9.91672878e-05
46.59 9.912747369e-05
46.592 9.908887399e-05
46.594 9.904762693e-05
46.596 9.900658052e-05
46.598 9.897092917e-05
46.6 9.893074098e-05
46.602 9.889836831e-05
46.604 9.887155024e-05
46.606 9.884385064e-05
46.608 9.881345585e-05
46.61 9.878628659e-05
46.612 9.875619488e-05
46.614 9.873019452e-05
46.616 9.870328267e-05
46.618 9.867586925e-05
46.62 9.865044409e-05
46.622 9.862152992e-05
46.624 9.859272044e-05
46.626 9.856897478e-05
46.628 9.854134903e-05
46.63 9.851516583e-05
46.632 9.848949842e-05
46.634 9.84539038e-05
46.636 9.84242362e-05
46.638 9.839183756e-05
46.64 9.836289892e-05
46.642 9.833456834e-05
46.644 9.831109943e-05
46.646 9.82832135e-05
46.648 9.825445019e-05
46.65 9.822639127e-05
46.652 9.819955404e-05
46.654 9.816609624e-05
46.656 9.813572925e-05
46.658 9.810459922e-05
46.66 9.808179278e-05
46.662 9.804837299e-05
46.664 9.802171883e-05
46.666 9.798926838e-05
46.668 9.795232669e-05
46.67 9.791528833e-05
46.672 9.788072775e-05
46.674 9.784394265e-05
46.676 9.780748541e-05
46.678 9.777017883e-05
46.68 9.772911254e-05
46.682 9.769240209e-05
46.684 9.765146077e-05
46.686 9.760959682e-05
46.688 9.756685191e-05
46.69 9.752832956e-05
46.692 9.749305735e-05
46.694 9.744750068e-05
46.696 9.740830813e-05
46.698 9.736853028e-05
46.7 9.732786049e-05
46.702 9.728792783e-05
46.704 9.724979671e-05
46.706 9.72078174e-05
46.708 9.716895889e-05
46.71 9.713039467e-05
46.712 9.708412608e-05
46.714 9.705261089e-05
46.716 9.701065374e-05
46.718 9.697545615e-05
46.72 9.694076131e-05
46.722 9.690037879e-05
46.724 9.686689682e-05
46.726 9.683265874e-05
46.728 9.679663853e-05
46.73 9.676467038e-05
46.732 9.673639826e-05
46.734 9.670738566e-05
46.736 9.668180351e-05
46.738 9.665081189e-05
46.74 9.662388066e-05
46.742 9.659113504e-05
46.744 9.65664372e-05
46.746 9.654399084e-05
46.748 9.651364692e-05
46.75 9.648914169e-05
46.752 9.646411285e-05
46.754 9.644228334e-05
46.756 9.64140138e-05
46.758 9.639173227e-05
46.76 9.636881921e-05
46.762 9.63430091e-05
46.764 9.632282536e-05
46.766 9.629594155e-05
46.768 9.62748024e-05
46.77 9.625658357e-05
46.772 9.623208315e-05
46.774 9.620933984e-05
46.776 9.616725483e-05
46.778 9.613324882e-05
46.78 9.610085005e-05
46.782 9.607525012e-05
46.784 9.604398523e-05
46.786 9.601713522e-05
46.788 9.599508473e-05
46.79 9.596978267e-05
46.792 9.594766376e-05
46.794 9.592669454e-05
46.796 9.590191073e-05
46.798 9.588464173e-05
46.8 9.586027138e-05
46.802 9.584156274e-05
46.804 9.581803145e-05
46.806 9.580118388e-05
46.808 9.577829744e-05
46.81 9.576052144e-05
46.812 9.57379301e-05
46.814 9.571965923e-05
46.816 9.76111711e-05
46.818 9.843860684e-05
46.82 9.905456e-05
46.822 9.950859828e-05
46.824 9.983547552e-05
46.826 0.0001000605467
46.828 0.0001002151001
46.83 0.0001004142599
46.832 0.0001005478089
46.834 0.0001006372968
46.836 0.00010069111
46.838 0.0001007100748
46.84 0.0001006999579
46.842 0.0001006700018
46.844 0.0001006169339
46.846 0.0001005455725
46.848 0.0001004630327
46.85 0.0001003636844
46.852 0.0001002518601
46.854 0.0001001319071
46.856 9.999332607e-05
46.858 9.985490912e-05
46.86 9.970174958e-05
46.862 9.95397107e-05
46.864 9.944430034e-05
46.866 9.935250311e-05
46.868 9.925571818e-05
46.87 9.9160196e-05
46.872 9.905796206e-05
46.874 9.895356766e-05
46.876 9.884270972e-05
46.878 9.87345264e-05
46.88 9.861779868e-05
46.882 9.849800395e-05
46.884 9.837812999e-05
46.886 9.825081182e-05
46.888 9.812928572e-05
46.89 9.800082491e-05
46.892 9.787580756e-05
46.894 9.774469509e-05
46.896 9.761210314e-05
46.898 9.748527584e-05
46.9 9.735361079e-05
46.902 9.722197988e-05
46.904 9.709371491e-05
46.906 9.696493941e-05
46.908 9.683520308e-05
46.91 9.670829352e-05
46.912 9.65842125e-05
46.914 9.64570125e-05
46.916 9.633528765e-05
46.918 9.620961169e-05
46.92 9.608883269e-05
46.922 9.596934193e-05
46.924 9.585042661e-05
46.926 9.573406418e-05
46.928 9.561668872e-05
46.93 9.550475937e-05
46.932 9.539437772e-05
46.934 9.52870432e-05
46.936 9.5178653e-05
46.938 9.507375719e-05
46.94 9.497054444e-05
46.942 9.486962289e-05
46.944 9.477275875e-05
46.946 9.467662158e-05
46.948 9.458175099e-05
46.95 9.449155976e-05
46.952 9.440124196e-05
46.954 9.4310744e-05
46.956 9.423132466e-05
46.958 9.414744728e-05
46.96 9.406113593e-05
46.962 9.398290459e-05
46.964 9.390374164e-05
46.966 9.382527477e-05
46.968 9.375226378e-05
46.97 9.367992327e-05
46.972 9.36043192e-05
46.974 9.353267547e-05
46.976 9.346344072e-05
46.978 9.339552341e-05
46.98 9.332630833e-05
46.982 9.325928336e-05
46.984 9.319517287e-05
46.986 9.312757418e-05
46.988 9.306173784e-05
46.99 9.299964634e-05
46.992 9.293468956e-05
46.994 9.287102614e-05
46.996 9.280664162e-05
46.998 9.27473174e-05
47 9.26818315e-05
47.002 9.262139292e-05
47.004 9.256347075e-05
47.006 9.249459106e-05
47.008 9.243365339e-05
47.01 9.237427581e-05
47.012 9.231190841e-05
47.014 9.225147123e-05
47.016 9.219101186e-05
47.018 9.212927594e-05
47.02 9.207383233e-05
47.022 9.201384461e-05
47.024 9.195238127e-05
47.026 9.189490547e-05
47.028 9.183688134e-05
47.03 9.17785539e-05
47.032 9.171901684e-05
47.034 9.166309273e-05
47.036 9.160694588e-05
47.038 9.154553624e-05
47.04 9.148715116e-05
47.042 9.142834567e-05
47.044 9.137330041e-05
47.046 9.131359476e-05
47.048 9.125799601e-05
47.05 9.120156177e-05
47.052 9.114441833e-05
47.054 9.109184661e-05
47.056 9.103286466e-05
47.058 9.097460635e-05
47.06 9.092547565e-05
47.062 9.086628739e-05
47.064 9.081305951e-05
47.066 9.075875138e-05
47.068 9.070291285e-05
47.07 9.065319033e-05
47.072 9.059840595e-05
47.074 9.054218032e-05
47.076 9.049300817e-05
47.078 9.044046651e-05
47.08 9.038669368e-05
47.082 9.033875648e-05
47.084 9.028630733e-05
47.086 9.02327427e-05
47.088 9.018400492e-05
47.09 9.013195015e-05
47.092 9.008306857e-05
47.094 9.003615491e-05
47.096 8.998225274e-05
47.098 8.993574235e-05
47.1 8.988670157e-05
47.102 8.983693859e-05
47.104 8.979334669e-05
47.106 8.974486062e-05
47.108 8.969735801e-05
47.11 8.965306398e-05
47.112 8.960470579e-05
47.114 8.955971448e-05
47.116 8.951662462e-05
47.118 8.946972632e-05
47.12 8.942817706e-05
47.122 8.93801273e-05
47.124 8.93387006e-05
47.126 8.92973218e-05
47.128 8.925350586e-05
47.13 8.921444676e-05
47.132 8.91709441e-05
47.134 8.913116112e-05
47.136 8.909074101e-05
47.138 8.905086881e-05
47.14 8.900991843e-05
47.142 8.897196095e-05
47.144 8.893209531e-05
47.146 8.889587049e-05
47.148 8.885525642e-05
47.15 8.882222704e-05
47.152 8.8782455e-05
47.154 8.874840212e-05
47.156 8.871111337e-05
47.158 8.86772176e-05
47.16 8.864127531e-05
47.162 8.860973628e-05
47.164 8.857577853e-05
47.166 8.854195416e-05
47.168 8.851075775e-05
47.17 8.847850979e-05
47.172 8.844851974e-05
47.174 8.841741234e-05
47.176 8.838978209e-05
47.178 8.836166114e-05
47.18 8.833911497e-05
47.182 8.830765026e-05
47.184 8.828247859e-05
47.186 8.825849267e-05
47.188 8.823015437e-05
47.19 8.820790618e-05
47.192 8.818272316e-05
47.194 8.816298123e-05
47.196 8.81369844e-05
47.198 8.811396357e-05
47.2 8.809639213e-05
47.202 8.807401973e-05
47.204 8.805633038e-05
47.206 8.803060249e-05
47.208 8.802330617e-05
47.21 8.800192242e-05
47.212 8.798527375e-05
47.214 8.79736732e-05
47.216 8.795651645e-05
47.218 8.794215637e-05
47.22 8.7932994e-05
47.222 8.791705218e-05
47.224 8.790656285e-05
47.226 8.78987872e-05
47.228 8.788705115e-05
47.23 8.78721143e-05
47.232 8.787350688e-05
47.234 8.786106967e-05
47.236 8.785529712e-05
47.238 8.785350626e-05
47.24 8.784328563e-05
47.242 8.7839589e-05
47.244 8.784128252e-05
47.246 8.783681978e-05
47.248 8.783587584e-05
47.25 8.783875843e-05
47.252 8.783535579e-05
47.254 8.7833952e-05
47.256 8.783929674e-05
47.258 8.783805339e-05
47.26 8.783921897e-05
47.262 8.785067257e-05
47.264 8.785090517e-05
47.266 8.786205515e-05
47.268 8.786111189e-05
47.27 8.786646128e-05
47.272 8.787980909e-05
47.274 8.788172786e-05
47.276 8.789374851e-05
47.278 8.790393838e-05
47.28 8.791142904e-05
47.282 8.792347392e-05
47.284 8.793262349e-05
47.286 8.794366053e-05
47.288 8.79568152e-05
47.29 8.797128651e-05
47.292 8.798503987e-05
47.294 8.79983842e-05
47.296 8.800966075e-05
47.298 8.802706277e-05
47.3 8.804124559e-05
47.302 8.805738212e-05
47.304 8.80732514e-05
47.306 8.809119833e-05
47.308 8.810682463e-05
47.31 8.812018807e-05
47.312 8.81455424e-05
47.314 8.815773309e-05
47.316 8.817902303e-05
47.318 8.819832995e-05
47.32 8.821891869e-05
47.322 8.823693417e-05
47.324 8.825614064e-05
47.326 8.828347463e-05
47.328 8.830309194e-05
47.33 8.832933027e-05
47.332 8.834735308e-05
47.334 8.837379636e-05
47.336 8.839236441e-05
47.338 8.841816093e-05
47.34 8.843710878e-05
47.342 8.846025658e-05
47.344 8.848688454e-05
47.346 8.850526831e-05
47.348 8.85331514e-05
47.35 8.855013724e-05
47.352 8.857986231e-05
47.354 8.859533964e-05
47.356 8.86275853e-05
47.358 8.864412727e-05
47.36 8.866998016e-05
47.362 8.869300519e-05
47.364 8.871801344e-05
47.366 8.873966016e-05
47.368 8.875845874e-05
47.37 8.878756263e-05
47.372 8.880444435e-05
47.374 8.883208809e-05
47.376 8.885140748e-05
47.378 8.88763495e-05
47.38 8.889491243e-05
47.382 8.891736188e-05
47.384 8.893696117e-05
47.386 8.89604079e-05
47.388 8.898118984e-05
47.39 8.899712725e-05
47.392 8.902105669e-05
47.394 8.903847476e-05
47.396 8.906048113e-05
47.398 8.907896593e-05
47.4 8.910102637e-05
47.402 8.911268314e-05
47.404 8.913491083e-05
47.406 8.914904723e-05
47.408 8.916443447e-05
47.41 8.918579906e-05
47.412 8.919841973e-05
47.414 8.921731794e-05
47.416 8.922853053e-05
47.418 8.924642387e-05
47.42 8.925573484e-05
47.422 8.927269069e-05
47.424 8.928165683e-05
47.426 8.929458181e-05
47.428 8.930906761e-05
47.43 8.931384422e-05
47.432 8.932791914e-05
47.434 8.933517284e-05
47.436 8.93467791e-05
47.438 8.935212761e-05
47.44 8.936040775e-05
47.442 8.93678436e-05
47.444 8.93702289e-05
47.446 8.937766911e-05
47.448 8.93810188e-05
47.45 8.938975443e-05
47.452 8.939038791e-05
47.454 8.939474831e-05
47.456 8.939204224e-05
47.458 8.940107406e-05
47.46 8.939634239e-05
47.462 8.939950113e-05
47.464 8.939996153e-05
47.466 8.939202055e-05
47.468 8.939285629e-05
47.47 8.938693598e-05
47.472 8.938847519e-05
47.474 8.938077901e-05
47.476 8.937630607e-05
47.478 8.937060179e-05
47.48 8.936431534e-05
47.482 8.935535229e-05
47.484 8.935165039e-05
47.486 8.933667407e-05
47.488 8.933175797e-05
47.49 8.931977841e-05
47.492 8.930922656e-05
47.494 8.929651808e-05
47.496 8.928249039e-05
47.498 8.926922543e-05
47.5 8.925597075e-05
47.502 8.923623504e-05
47.504 8.922685545e-05
47.506 8.920564791e-05
47.508 8.919172492e-05
47.51 8.917331325e-05
47.512 8.915531864e-05
47.514 8.913357923e-05
47.516 8.912079558e-05
47.518 8.90931988e-05
47.52 8.908063611e-05
47.522 8.905367583e-05
47.524 8.903451495e-05
47.526 8.900932941e-05
47.528 8.898894235e-05
47.53 8.896293749e-05
47.532 8.894405685e-05
47.534 8.891225074e-05
47.536 8.889361514e-05
47.538 8.886072952e-05
47.54 8.884293247e-05
47.542 8.880878512e-05
47.544 8.878833537e-05
47.546 8.875320351e-05
47.548 8.873122179e-05
47.55 8.870613369e-05
47.552 8.866750914e-05
47.554 8.864597636e-05
47.556 8.861128753e-05
47.558 8.858392918e-05
47.56 8.855383062e-05
47.562 8.852031957e-05
47.564 8.849112912e-05
47.566 8.845595803e-05
47.568 8.842721141e-05
47.57 8.839618495e-05
47.572 8.835900398e-05
47.574 8.833130178e-05
47.576 8.829440648e-05
47.578 8.826150747e-05
47.58 8.82278964e-05
47.582 8.819380143e-05
47.584 8.815425165e-05
47.586 8.8228686e-05
47.588 8.824160403e-05
47.59 8.824065108e-05
47.592 8.824004593e-05
47.594 8.822718735e-05
47.596 8.821684008e-05
47.598 8.819159037e-05
47.6 8.816910487e-05
47.602 8.814491867e-05
47.604 8.81192926e-05
47.606 8.808107794e-05
47.608 8.805593804e-05
47.61 8.802239402e-05
47.612 8.799094129e-05
47.614 8.795061745e-05
47.616 8.79160909e-05
47.618 8.788222459e-05
47.62 8.78473634e-05
47.622 8.781171448e-05
47.624 8.777428458e-05
47.626 8.772967739e-05
47.628 8.769722469e-05
47.63 8.766349946e-05
47.632 8.762301908e-05
47.634 8.772736321e-05
47.636 8.784164788e-05
47.638 8.795591398e-05
47.64 8.806996206e-05
47.642 8.818238599e-05
47.644 8.829755628e-05
47.646 8.841087709e-05
47.648 8.852526085e-05
47.65 8.863914264e-05
47.652 8.86090244e-05
47.654 8.864213072e-05
47.656 8.868382365e-05
47.658 8.87325234e-05
47.66 8.878614315e-05
47.662 8.884688312e-05
47.664 8.891263464e-05
47.666 8.898013299e-05
47.668 8.905236975e-05
47.67 8.91284537e-05
47.672 8.920436699e-05
47.674 8.928461981e-05
47.676 8.936561355e-05
47.678 8.944949223e-05
47.68 8.953163696e-05
47.682 8.961838337e-05
47.684 8.970428673e-05
47.686 8.979217119e-05
47.688 8.987873855e-05
47.69 8.996952498e-05
47.692 9.005860285e-05
47.694 9.014853344e-05
47.696 9.023862874e-05
47.698 9.033023565e-05
47.7 9.042134143e-05
47.702 9.051431139e-05
47.704 9.060626058e-05
47.706 9.069783707e-05
47.708 9.07919196e-05
47.71 9.088291166e-05
47.712 9.097956734e-05
47.714 9.107220243e-05
47.716 9.116765144e-05
47.718 9.126227477e-05
47.72 9.135689847e-05
47.722 9.145218096e-05
47.724 9.154913487e-05
47.726 9.164610354e-05
47.728 9.174265471e-05
47.73 9.184078633e-05
47.732 9.193867188e-05
47.734 9.203941164e-05
47.736 9.213721504e-05
47.738 9.223811553e-05
47.74 9.233859999e-05
47.742 9.243849456e-05
47.744 9.2540922e-05
47.746 9.264366055e-05
47.748 9.27453825e-05
47.75 9.284878512e-05
47.752 9.295187782e-05
47.754 9.305718476e-05
47.756 9.316283069e-05
47.758 9.326776812e-05
47.76 9.337263305e-05
47.762 9.348007998e-05
47.764 9.358762722e-05
47.766 9.36937269e-05
47.768 9.380174797e-05
47.77 9.390975798e-05
47.772 9.40183579e-05
47.774 9.412749897e-05
47.776 9.423726777e-05
47.778 9.434690135e-05
47.78 9.445685721e-05
47.782 9.456711866e-05
47.784 9.467801629e-05
47.786 9.478825115e-05
47.788 9.489939733e-05
47.79 9.501092103e-05
47.792 9.512175764e-05
47.794 9.523366921e-05
47.796 9.534476127e-05
47.798 9.545511458e-05
47.8 9.556672872e-05
47.802 9.567871376e-05
47.804 9.578966079e-05
47.806 9.590041278e-05
47.808 9.601186536e-05
47.81 9.612279457e-05
47.812 9.623310295e-05
47.814 9.634286981e-05
47.816 9.645395388e-05
47.818 9.656355208e-05
47.82 9.667154512e-05
47.822 9.678229909e-05
47.824 9.689048962e-05
47.826 9.699974246e-05
47.828 9.710616373e-05
47.83 9.721545009e-05
47.832 9.732220383e-05
47.834 9.742817873e-05
47.836 9.75346807e-05
47.838 9.764069885e-05
47.84 9.774440984e-05
47.842 9.784985935e-05
47.844 9.795296599e-05
47.846 9.805707796e-05
47.848 9.815938677e-05
47.85 9.82600931e-05
47.852 9.836273452e-05
47.854 9.846324993e-05
47.856 9.856304497e-05
47.858 9.866200523e-05
47.86 9.876087865e-05
47.862 9.885791171e-05
47.864 9.895637381e-05
47.866 9.904918713e-05
47.868 9.91450023e-05
47.87 9.923869561e-05
47.872 9.933071115e-05
47.874 9.94241676e-05
47.876 9.951584686e-05
47.878 9.960644575e-05
47.88 9.969755239e-05
47.882 9.978657868e-05
47.884 9.987557778e-05
47.886 9.996421353e-05
47.888 0.0001000514844
47.89 0.000100138427
47.892 0.0001002239597
47.894 0.0001003101345
47.896 0.0001003950028
47.898 0.0001004791804
47.9 0.0001005640254
47.902 0.0001006453202
47.904 0.0001007271074
47.906 0.0001008099709
47.908 0.0001008894597
47.91 0.0001009716562
47.912 0.0001010495287
47.914 0.0001011281418
47.916 0.0001012053761
47.918 0.0001012840492
47.92 0.0001013605156
47.922 0.0001014368273
47.924 0.0001015114182
47.926 0.0001015860651
47.928 0.000101660047
47.93 0.0001017331329
47.932 0.0001018063296
47.934 0.0001018773201
47.936 0.0001019476359
47.938 0.0001020193615
47.94 0.0001020890645
47.942 0.0001021568819
47.944 0.0001022254339
47.946 0.0001022931588
47.948 0.0001023619182
47.95 0.0001024268676
47.952 0.000102491819
47.954 0.0001025573521
47.956 0.0001026103808
47.958 0.0001026790545
47.96 0.0001027318133
47.962 0.000102788093
47.964 0.0001028448814
47.966 0.000102900211
47.968 0.000102955382
47.97 0.0001030108224
47.972 0.0001030658779
47.974 0.0001031218992
47.976 0.0001031767447
47.978 0.000103230643
47.98 0.0001032831499
47.982 0.0001033378478
47.984 0.0001033899711
47.986 0.0001034437397
47.988 0.0001034945339
47.99 0.0001035483859
47.992 0.0001035997741
47.994 0.0001036500219
47.996 0.0001037013719
47.998 0.0001037520063
48 0.0001038017073
48.002 0.0001038503139
48.004 0.0001038969404
48.006 0.0001039471388
48.008 0.0001039953712
48.01 0.0001040435668
48.012 0.0001040883762
48.014 0.0001041362456
48.016 0.0001041824885
48.018 0.0001042277274
48.02 0.0001042734736
48.022 0.000104319368
48.024 0.0001043644591
48.026 0.0001044075744
48.028 0.0001044513748
48.03 0.0001044961709
48.032 0.0001045402165
48.034 0.0001045801659
48.036 0.0001046241124
48.038 0.0001046666705
48.04 0.0001047093818
48.042 0.000104747304
48.044 0.0001047899026
48.046 0.0001048311188
48.048 0.0001048697848
48.05 0.0001049115713
48.052 0.0001049506507
48.054 0.0001049918683
48.056 0.0001050273717
48.058 0.0001050673546
48.06 0.0001051071467
48.062 0.0001051424999
48.064 0.000105181156
48.066 0.0001052195659
48.068 0.000105254079
48.07 0.0001052918922
48.072 0.0001053291112
48.074 0.0001053619645
48.076 0.0001053995028
48.078 0.0001054355532
48.08 0.000105467047
48.082 0.0001055048537
48.084 0.0001055385918
48.086 0.0001055710959
48.088 0.0001056058004
48.09 0.0001056393525
48.092 0.0001056698691
48.094 0.000105703916
48.096 0.0001057339551
48.098 0.0001057675142
48.1 0.000105798959
48.102 0.0001058273995
48.104 0.0001058599967
48.106 0.0001058875273
48.108 0.0001059184734
48.11 0.0001059502387
48.112 0.0001059752348
48.114 0.0001060046375
48.116 0.0001060317938
48.118 0.0001060602183
48.12 0.0001060865044
48.122 0.0001061138737
48.124 0.000106139428
48.126 0.0001061649491
48.128 0.0001061901519
48.13 0.0001062130356
48.132 0.0001062389054
48.134 0.0001062599871
48.136 0.0001062862285
48.138 0.000106305873
48.14 0.0001063289282
48.142 0.0001063495959
48.144 0.0001063711805
48.146 0.0001063882558
48.148 0.0001064114041
48.15 0.0001064278642
48.152 0.0001064480312
48.154 0.0001064636575
48.156 0.0001064821235
48.158 0.0001064955541
48.16 0.000106513947
48.162 0.0001065258399
48.164 0.0001065445718
48.166 0.0001065542855
48.168 0.0001065696259
48.17 0.0001065805145
48.172 0.0001065941039
48.174 0.0001066010512
48.176 0.0001066158685
48.178 0.0001066221012
48.18 0.0001066323412
48.182 0.0001066392753
48.184 0.000106646842
48.186 0.0001066519138
48.188 0.0001066586058
48.19 0.0001066623154
48.192 0.0001066676935
48.194 0.0001066690914
48.196 0.0001066736133
48.198 0.0001066735518
48.2 0.0001066762333
48.202 0.0001066738862
48.204 0.0001066719527
48.206 0.0001066735841
48.208 0.0001066694899
48.21 0.0001066675517
48.212 0.0001066604065
48.214 0.0001066574459
48.216 0.0001066491474
48.218 0.0001067927882
48.22 0.0001068621282
48.222 0.0001069153737
48.224 0.0001069639514
48.226 0.0001069967727
48.228 0.0001070238891
48.23 0.0001070462939
48.232 0.0001070616214
48.234 0.0001070734032
48.236 0.0001070791722
48.238 0.0001070805885
48.24 0.0001070814718
48.242 0.0001070783034
48.244 0.0001070732457
48.246 0.000107067984
48.248 0.0001070568694
48.25 0.0001070481562
48.252 0.0001070335402
48.254 0.0001070205911
48.256 0.0001070074303
48.258 0.0001069899231
48.26 0.0001069755366
48.262 0.0001069551434
48.264 0.0001069342892
48.266 0.0001069183092
48.268 0.0001068923771
48.27 0.0001068721817
48.272 0.0001068489805
48.274 0.000106825644
48.276 0.0001067966179
48.278 0.0001067745526
48.28 0.0001067420836
48.282 0.0001067197467
48.284 0.0001066865742
48.286 0.0001066589522
48.288 0.00010662039
48.29 0.0001065952389
48.292 0.0001065505481
48.294 0.0001065195388
48.296 0.0001064777693
48.298 0.0001064379552
48.3 0.0001063921468
48.302 0.0001063519345
48.304 0.0001063047077
48.306 0.000106260268
48.308 0.0001062076908
48.31 0.0001061647247
48.312 0.0001061102152
48.314 0.0001060647389
48.316 0.000106014267
48.318 0.0001059568816
48.32 0.0001059055611
48.322 0.0001058525474
48.324 0.000105794015
48.326 0.0001057418252
48.328 0.0001056829342
48.33 0.0001056206941
48.332 0.0001055674342
48.334 0.0001055064048
48.336 0.000105440848
48.338 0.0001053806087
48.34 0.0001053232611
48.342 0.0001052589
48.344 0.0001051960978
48.346 0.000105125668
48.348 0.0001050654575
48.35 0.0001050007357
48.352 0.0001049344507
48.354 0.0001048674304
48.356 0.0001048025695
48.358 0.0001047338605
48.36 0.0001046655656
48.362 0.0001045948253
48.364 0.0001045261128
48.366 0.0001044577759
48.368 0.000104386696
48.37 0.0001043155335
48.372 0.0001042423976
48.374 0.0001041695413
48.376 0.0001041000064
48.378 0.0001040249736
48.38 0.000103950784
48.382 0.000103876046
48.384 0.0001038026018
48.386 0.0001037270524
48.388 0.0001036496154
48.39 0.000103571661
48.392 0.0001034946742
48.394 0.0001034196037
48.396 0.0001033387745
48.398 0.0001032594832
48.4 0.0001031782056
48.402 0.0001030986043
48.404 0.0001030163823
48.406 0.0001029376128
48.408 0.0001028524572
48.41 0.0001027710003
48.412 0.0001026850731
48.414 0.000102600757
48.416 0.0001025148264
48.418 0.0001024338633
48.42 0.0001023449275
48.422 0.0001022572183
48.424 0.0001021688278
48.426 0.0001020849416
48.428 0.0001019930838
48.43 0.0001019040024
48.432 0.000101812338
48.434 0.0001017219445
48.436 0.0001016342552
48.438 0.0001015405518
48.44 0.0001014469772
48.442 0.0001013538203
48.444 0.0001012624696
48.446 0.0001011662744
48.448 0.0001010712966
48.45 0.0001009755304
48.452 0.0001008799141
48.454 0.0001007854351
48.456 0.0001006864063
48.458 0.0001005890349
48.46 0.0001004890504
48.462 0.0001003939942
48.464 0.0001002940619
48.466 0.0001001934776
48.468 0.0001000935337
48.47 9.999415976e-05
48.472 9.989255106e-05
48.474 9.978947718e-05
48.476 9.968693226e-05
48.478 9.958686521e-05
48.48 9.948335205e-05
48.482 9.937892254e-05
48.484 9.927519933e-05
48.486 9.917324465e-05
48.488 9.906834745e-05
48.49 9.89618019e-05
48.492 9.88580395e-05
48.494 9.875260078e-05
48.496 9.864585954e-05
48.498 9.853903303e-05
48.5 9.843220997e-05
48.502 9.832788529e-05
48.504 9.821763679e-05
48.506 9.811070855e-05
48.508 9.800140657e-05
48.51 9.789545702e-05
48.512 9.778477929e-05
48.514 9.767494766e-05
48.516 9.756535837e-05
48.518 9.745729957e-05
48.52 9.734667529e-05
48.522 9.723357709e-05
48.524 9.712205723e-05
48.526 9.701367415e-05
48.528 9.690049545e-05
48.53 9.67877752e-05
48.532 9.667664598e-05
48.534 9.656372182e-05
48.536 9.644947542e-05
48.538 9.633542296e-05
48.54 9.622386928e-05
48.542 9.610863491e-05
48.544 9.599142327e-05
48.546 9.587681834e-05
48.548 9.576284464e-05
48.55 9.56476352e-05
48.552 9.553069692e-05
48.554 9.541317574e-05
48.556 9.529874846e-05
48.558 9.517988684e-05
48.56 9.506353503e-05
48.562 9.494843751e-05
48.564 9.483077126e-05
48.566 9.471118608e-05
48.568 9.459264583e-05
48.57 9.447636209e-05
48.572 9.435640735e-05
48.574 9.423585225e-05
48.576 9.411673351e-05
48.578 9.40005796e-05
48.58 9.387832309e-05
48.582 9.375773549e-05
48.584 9.364000263e-05
48.586 9.351600293e-05
48.588 9.339681152e-05
48.59 9.327354222e-05
48.592 9.315450053e-05
48.594 9.303137214e-05
48.596 9.290758949e-05
48.598 9.278488459e-05
48.6 9.266469889e-05
48.602 9.253875867e-05
48.604 9.241874165e-05
48.606 9.229477867e-05
48.608 9.217128286e-05
48.61 9.204539382e-05
48.612 9.192045041e-05
48.614 9.179768009e-05
48.616 9.167165459e-05
48.618 9.154541589e-05
48.62 9.142451493e-05
48.622 9.129487975e-05
48.624 9.116929517e-05
48.626 9.104157563e-05
48.628 9.091722602e-05
48.63 9.078830388e-05
48.632 9.066211943e-05
48.634 9.053234134e-05
48.636 9.040722332e-05
48.638 9.02774922e-05
48.64 9.014956026e-05
48.642 9.001969021e-05
48.644 8.989311982e-05
48.646 8.976173882e-05
48.648 8.963128892e-05
48.65 8.95039716e-05
48.652 8.93720068e-05
48.654 8.924132392e-05
48.656 8.911037181e-05
48.658 8.898038619e-05
48.66 8.88472479e-05
48.662 8.87160992e-05
48.664 8.858416569e-05
48.666 8.845350336e-05
48.668 8.832143052e-05
48.67 8.818723085e-05
48.672 8.805307072e-05
48.674 8.792477911e-05
48.676 8.778871483e-05
48.678 8.765346088e-05
48.68 8.752015423e-05
48.682 8.738712164e-05
48.684 8.725189902e-05
48.686 8.711547695e-05
48.688 8.698122135e-05
48.69 8.684532448e-05
48.692 8.670963289e-05
48.694 8.657263823e-05
48.696 8.643762417e-05
48.698 8.630237521e-05
48.7 8.616548029e-05
48.702 8.602838438e-05
48.704 8.589336491e-05
48.706 8.575356955e-05
48.708 8.561936124e-05
48.71 8.547976208e-05
48.712 8.53436352e-05
48.714 8.520671675e-05
48.716 8.506651597e-05
48.718 8.492944499e-05
48.72 8.479242064e-05
48.722 8.4654587e-05
48.724 8.451531824e-05
48.726 8.437634247e-05
48.728 8.424066363e-05
48.73 8.409998955e-05
48.732 8.396084528e-05
48.734 8.382222651e-05
48.736 8.368666331e-05
48.738 8.354431789e-05
48.74 8.340662748e-05
48.742 8.326592431e-05
48.744 8.313006874e-05
48.746 8.298948646e-05
48.748 8.284917089e-05
48.75 8.270989747e-05
48.752 8.257521199e-05
48.754 8.243279565e-05
48.756 8.229430117e-05
48.758 8.215456327e-05
48.76 8.20182682e-05
48.762 8.187899796e-05
48.764 8.173886833e-05
48.766 8.159904646e-05
48.768 8.146435813e-05
48.77 8.132390356e-05
48.772 8.118532389e-05
48.774 8.10476101e-05
48.776 8.090970752e-05
48.778 8.077034896e-05
48.78 8.063205448e-05
48.782 8.049539223e-05
48.784 8.035722092e-05
48.786 8.021809814e-05
48.788 8.00811761e-05
48.79 7.994504039e-05
48.792 7.980670028e-05
48.794 7.966921408e-05
48.796 7.953225657e-05
48.798 7.93970708e-05
48.8 7.92585573e-05
48.802 7.912211384e-05
48.804 7.898693841e-05
48.806 7.885131867e-05
48.808 7.871471639e-05
48.81 7.857832156e-05
48.812 7.844692531e-05
48.814 7.830814692e-05
48.816 7.817542615e-05
48.818 7.803853135e-05
48.82 7.790625829e-05
48.822 7.777051983e-05
48.824 7.763640617e-05
48.826 7.75014198e-05
48.828 7.736874497e-05
48.83 7.723238292e-05
48.832 7.710053379e-05
48.834 7.696692937e-05
48.836 7.683619768e-05
48.838 7.670459548e-05
48.84 7.657264189e-05
48.842 7.644583395e-05
48.844 7.63100641e-05
48.846 7.617933031e-05
48.848 7.604934403e-05
48.85 7.591895787e-05
48.852 7.578892506e-05
48.854 7.566013721e-05
48.856 7.552888968e-05
48.858 7.540077939e-05
48.86 7.526738881e-05
48.862 7.513765027e-05
48.864 7.500773321e-05
48.866 7.487593478e-05
48.868 7.474640782e-05
48.87 7.461595695e-05
48.872 7.449024179e-05
48.874 7.435826725e-05
48.876 7.423220096e-05
48.878 7.410396212e-05
48.88 7.397627815e-05
48.882 7.384809785e-05
48.884 7.371976859e-05
48.886 7.359317976e-05
48.888 7.347015958e-05
48.89 7.333920173e-05
48.892 7.321371508e-05
48.894 7.308811584e-05
48.896 7.296056719e-05
48.898 7.283739926e-05
48.9 7.270857502e-05
48.902 7.258542594e-05
48.904 7.245653029e-05
48.906 7.233223129e-05
48.908 7.220290849e-05
48.91 7.208346098e-05
48.912 7.195493578e-05
48.914 7.183128444e-05
48.916 7.170643749e-05
48.918 7.15811566e-05
48.92 7.145420288e-05
48.922 7.133047628e-05
48.924 7.120480007e-05
48.926 7.108188104e-05
48.928 7.095387095e-05
48.93 7.083074998e-05
48.932 7.070798664e-05
48.934 7.058197204e-05
48.936 7.045565506e-05
48.938 7.033460232e-05
48.94 7.020679915e-05
48.942 7.008411918e-05
48.944 6.995713836e-05
48.946 6.983512896e-05
48.948 6.970755228e-05
48.95 6.958426983e-05
48.952 6.94570592e-05
48.954 6.933571803e-05
48.956 6.920885155e-05
48.958 6.908187812e-05
48.96 6.896149617e-05
48.962 6.883184652e-05
48.964 6.870789221e-05
48.966 6.858169735e-05
48.968 6.845702854e-05
48.97 6.833208444e-05
48.972 6.820484189e-05
48.974 6.807843253e-05
48.976 6.79558658e-05
48.978 6.782742873e-05
48.98 6.770018225e-05
48.982 6.757838071e-05
48.984 6.744954226e-05
48.986 6.732296321e-05
48.988 6.719751425e-05
48.99 6.707243139e-05
48.992 6.694514833e-05
48.994 6.681754647e-05
48.996 6.66922791e-05
48.998 6.656672583e-05
49 6.643730943e-05
49.002 6.631236285e-05
49.004 6.618733768e-05
49.006 6.605832377e-05
49.008 6.593014726e-05
49.01 6.580177989e-05
49.012 6.567967866e-05
49.014 6.554937219e-05
49.016 6.542229766e-05
49.018 6.529392795e-05
49.02 6.516778686e-05
49.022 6.504177427e-05
49.024 6.491279547e-05
49.026 6.47853457e-05
49.028 6.466154128e-05
49.03 6.453239347e-05
49.032 6.440618957e-05
49.034 6.428115991e-05
49.036 6.415365518e-05
49.038 6.402703326e-05
49.04 6.390061597e-05
49.042 6.377598967e-05
49.044 6.364815616e-05
49.046 6.352231441e-05
49.048 6.339468437e-05
49.05 6.327087118e-05
49.052 6.314408826e-05
49.054 6.301693312e-05
49.056 6.289498163e-05
49.058 6.276669627e-05
49.06 6.264091151e-05
49.062 6.251633219e-05
49.064 6.239188176e-05
49.066 6.226647512e-05
49.068 6.213984244e-05
49.07 6.201621479e-05
49.072 6.18935284e-05
49.074 6.17666056e-05
49.076 6.164365472e-05
49.078 6.151756955e-05
49.08 6.139635898e-05
49.082 6.129687381e-05
49.084 6.116114011e-05
49.086 6.103599324e-05
49.088 6.091375262e-05
49.09 6.078920661e-05
49.092 6.066402173e-05
49.094 6.054142772e-05
49.096 6.042039182e-05
49.098 6.029562262e-05
49.1 6.017353179e-05
49.102 6.005029179e-05
49.104 5.995654603e-05
49.106 5.982218749e-05
49.108 5.969844596e-05
49.11 5.9576639e-05
49.112 5.945599674e-05
49.114 5.933419647e-05
49.116 5.921243384e-05
49.118 5.909145463e-05
49.12 5.897434295e-05
49.122 5.887776897e-05
49.124 5.874674746e-05
49.126 5.862517347e-05
49.128 5.850770042e-05
49.13 5.838635855e-05
49.132 5.826617801e-05
49.134 5.814687154e-05
49.136 5.803174011e-05
49.138 5.793829937e-05
49.14 5.780862542e-05
49.142 5.769026733e-05
49.144 5.757458228e-05
49.146 5.745777708e-05
49.148 5.73397141e-05
49.15 5.722352732e-05
49.152 5.710898517e-05
49.154 5.701915743e-05
49.156 5.689222919e-05
49.158 5.677637842e-05
49.16 5.666331115e-05
49.162 5.654728122e-05
49.164 5.643280571e-05
49.166 5.634339613e-05
49.168 5.622447889e-05
49.17 5.610772116e-05
49.172 5.599624185e-05
49.174 5.588108348e-05
49.176 5.577063511e-05
49.178 5.56843794e-05
49.18 5.556213284e-05
49.182 5.544889616e-05
49.184 5.533475731e-05
49.186 5.522798312e-05
49.188 5.511373106e-05
49.19 5.502993123e-05
49.192 5.490668983e-05
49.194 5.479723982e-05
49.196 5.468546466e-05
49.198 5.457705191e-05
49.2 5.448963158e-05
49.202 5.437188623e-05
49.204 5.426014927e-05
49.206 5.414866481e-05
49.208 5.404119398e-05
49.21 5.393155405e-05
49.212 5.384985767e-05
49.214 5.373095391e-05
49.216 5.362428602e-05
49.218 5.351416563e-05
49.22 5.343446085e-05
49.222 5.349193499e-05
49.224 5.371840802e-05
49.226 5.395026679e-05
49.228 5.418166868e-05
49.23 5.439432238e-05
49.232 5.463750831e-05
49.234 5.487609739e-05
49.236 5.511293079e-05
49.238 5.533498221e-05
49.24 5.558340543e-05
49.242 5.582711148e-05
49.244 5.606802172e-05
49.246 5.631313982e-05
49.248 5.653424324e-05
49.25 5.679041205e-05
49.252 5.703209824e-05
49.254 5.727846037e-05
49.256 5.749976788e-05
49.258 5.775564481e-05
49.26 5.800006608e-05
49.262 5.824259146e-05
49.264 5.846396718e-05
49.266 5.871662567e-05
49.268 5.895754495e-05
49.27 5.919939611e-05
49.272 5.941346912e-05
49.274 5.966027331e-05
49.276 5.989853277e-05
49.278 6.010946742e-05
49.28 6.035315996e-05
49.282 6.058024437e-05
49.284 6.080688037e-05
49.286 6.101299461e-05
49.288 6.124331632e-05
49.29 6.146421117e-05
49.292 6.166208028e-05
49.294 6.188286903e-05
49.296 6.209838213e-05
49.298 6.230439563e-05
49.3 6.248939819e-05
49.302 6.27009897e-05
49.304 6.289879566e-05
49.306 6.307055545e-05
49.308 6.327312319e-05
49.31 6.345855391e-05
49.312 6.362167086e-05
49.314 6.380728069e-05
49.316 6.398499701e-05
49.318 6.415127778e-05
49.32 6.429696035e-05
49.322 6.446845922e-05
49.324 6.462297703e-05
49.326 6.475165202e-05
49.328 6.490674014e-05
49.33 6.504978329e-05
49.332 6.516368011e-05
49.334 6.530397387e-05
49.336 6.542832088e-05
49.338 6.552957152e-05
49.34 6.565300412e-05
49.342 7.394720375e-05
49.344 6.968190711e-05
49.346 6.954718733e-05
49.348 6.89902027e-05
49.35 6.872752474e-05
49.352 6.841282074e-05
49.354 6.816173222e-05
49.356 6.793824228e-05
49.358 6.774096937e-05
49.36 6.753762548e-05
49.362 6.737854427e-05
49.364 6.722266515e-05
49.366 6.705956558e-05
49.368 6.693297024e-05
49.37 6.679251249e-05
49.372 6.668082044e-05
49.374 7.478940186e-05
49.376 7.029486238e-05
49.378 6.995611617e-05
49.38 6.92067579e-05
49.382 6.875542346e-05
49.384 6.826347076e-05
49.386 6.784654985e-05
49.388 6.746376678e-05
49.39 6.711655431e-05
49.392 6.676448557e-05
49.394 6.64685625e-05
49.396 7.436430584e-05
49.398 6.974221264e-05
49.4 6.923847523e-05
49.402 6.832239507e-05
49.404 6.776887825e-05
49.406 6.712136218e-05
49.408 6.661613115e-05
49.41 6.609301004e-05
49.412 7.383394854e-05
49.414 6.904360762e-05
49.416 6.838197528e-05
49.418 6.736008232e-05
49.42 6.665738342e-05
49.422 6.592749661e-05
49.424 6.529114751e-05
49.426 6.470129609e-05
49.428 7.22701384e-05
49.43 6.742156537e-05
49.432 6.670670939e-05
49.434 6.558746196e-05
49.436 6.484968112e-05
49.438 6.403261531e-05
49.44 7.146016205e-05
49.442 6.645531251e-05
49.444 6.563506044e-05
49.446 6.441070484e-05
49.448 6.358155669e-05
49.45 6.268117624e-05
49.452 6.996719217e-05
49.454 6.49120297e-05
49.456 6.40311774e-05
49.458 6.27504692e-05
49.46 6.187276756e-05
49.462 6.889067862e-05
49.464 6.38119929e-05
49.466 6.279679929e-05
49.468 6.14766943e-05
49.47 6.04984602e-05
49.472 6.741124995e-05
49.474 6.227852503e-05
49.476 6.125176926e-05
49.478 5.98639561e-05
49.48 6.671255369e-05
49.482 6.141880406e-05
49.484 6.032536633e-05
49.486 5.884209814e-05
49.488 5.780188946e-05
49.49 6.440197251e-05
49.492 5.928135686e-05
49.494 5.816862464e-05
49.496 5.676481318e-05
49.498 6.332161468e-05
49.5 5.810176594e-05
49.502 5.697349337e-05
49.504 6.307477265e-05
49.506 5.782460741e-05
49.508 5.653160879e-05
49.51 5.49790454e-05
49.512 6.125432206e-05
49.514 5.597719871e-05
49.516 5.480046295e-05
49.518 6.060009456e-05
49.52 5.538926747e-05
49.522 5.40745184e-05
49.524 5.251340243e-05
49.526 5.85103364e-05
49.528 5.334464962e-05
49.53 5.219543434e-05
49.532 5.771839772e-05
49.534 5.266385527e-05
49.536 5.141008003e-05
49.538 5.681154078e-05
49.54 5.178910721e-05
49.542 5.050980717e-05
49.544 5.577044714e-05
49.546 5.08157524e-05
49.548 5.629570921e-05
49.55 5.09375597e-05
49.552 4.965922521e-05
49.554 5.456467998e-05
49.556 4.966133099e-05
49.558 4.836645732e-05
49.56 5.319422923e-05
49.562 4.845016963e-05
49.564 5.350232364e-05
49.566 4.841517353e-05
49.568 4.72538182e-05
49.57 5.17081545e-05
49.572 4.717390634e-05
49.574 5.192036443e-05
49.576 4.705081369e-05
49.578 5.17995429e-05
49.58 4.68461763e-05
49.582 4.579602788e-05
49.584 4.981249642e-05
49.586 4.559837382e-05
49.588 4.988935665e-05
49.59 4.544381664e-05
49.592 4.970018122e-05
49.594 4.539848684e-05
49.596 4.937849736e-05
49.598 4.533588815e-05
49.6 4.900320075e-05
49.602 4.525260823e-05
49.604 4.860951906e-05
49.606 4.515505214e-05
49.608 4.8179927e-05
49.61 4.503996815e-05
49.612 4.778492139e-05
49.614 4.491041721e-05
49.616 4.73885088e-05
49.618 4.476606078e-05
49.62 4.703851629e-05
49.622 4.461291847e-05
49.624 4.67217535e-05
49.626 4.444501591e-05
49.628 4.645587295e-05
49.63 4.426888739e-05
49.632 4.623137733e-05
49.634 4.408109513e-05
49.636 4.607922697e-05
49.638 4.388599651e-05
49.64 4.595218621e-05
49.642 4.625467848e-05
49.644 4.415125538e-05
49.646 4.615489274e-05
49.648 4.414066926e-05
49.65 4.603982827e-05
49.652 4.627556521e-05
49.654 4.448010455e-05
49.656 4.621627141e-05
49.658 4.474320961e-05
49.66 4.617194257e-05
49.662 4.63209536e-05
49.664 4.502836227e-05
49.666 4.636536726e-05
49.668 4.656390024e-05
49.67 4.544791369e-05
49.672 4.659235252e-05
49.674 4.671814844e-05
49.676 4.590928225e-05
49.678 4.682055318e-05
49.68 4.691793442e-05
49.682 4.644372435e-05
49.684 4.710750798e-05
49.686 4.71682097e-05
49.688 4.747210307e-05
49.69 4.70342804e-05
49.692 4.756038419e-05
49.694 4.755179748e-05
49.696 4.783246021e-05
49.698 4.774479525e-05
49.7 4.801938774e-05
49.702 4.798931986e-05
49.704 4.824227153e-05
49.706 4.858906123e-05
49.708 4.857121363e-05
49.71 4.852190038e-05
49.712 4.874391845e-05
49.714 4.878570294e-05
49.716 4.951868718e-05
49.718 4.927118522e-05
49.72 4.922945625e-05
49.722 4.941715114e-05
49.724 4.945076275e-05
49.726 4.954942349e-05
49.728 5.072548351e-05
49.73 5.01935539e-05
49.732 5.013933352e-05
49.734 5.03170618e-05
49.736 5.034794713e-05
49.738 5.044313811e-05
49.74 5.05037362e-05
49.742 5.058396743e-05
49.744 5.06610931e-05
49.746 5.247680246e-05
49.748 5.159721529e-05
49.75 5.157343898e-05
49.752 5.174865138e-05
49.754 5.17970511e-05
49.756 5.190418351e-05
49.758 5.19829877e-05
49.76 5.207673024e-05
49.762 5.217304427e-05
49.764 5.227801645e-05
49.766 5.238408815e-05
49.768 5.25028939e-05
49.77 5.262750172e-05
49.772 5.275884675e-05
49.774 5.289786851e-05
49.776 5.303845431e-05
49.778 5.319213104e-05
49.78 5.334254324e-05
49.782 5.350036704e-05
49.784 5.366618449e-05
49.786 5.383338203e-05
49.788 5.400420848e-05
49.79 5.417444331e-05
49.792 5.434933186e-05
49.794 5.4529848e-05
49.796 5.470354983e-05
49.798 5.48847745e-05
49.8 5.506277036e-05
49.802 5.52423795e-05
49.804 5.54166174e-05
49.806 5.559293829e-05
49.808 5.576819863e-05
49.81 5.594122466e-05
49.812 5.610975451e-05
49.814 5.627688296e-05
49.816 5.643893793e-05
49.818 5.660083946e-05
49.82 5.675430251e-05
49.822 5.69079143e-05
49.824 5.705841031e-05
49.826 5.720265767e-05
49.828 5.734067792e-05
49.83 5.747469951e-05
49.832 5.760666381e-05
49.834 5.77281915e-05
49.836 5.784636202e-05
49.838 5.796185925e-05
49.84 5.806497098e-05
49.842 5.817021602e-05
49.844 5.82634206e-05
49.846 5.835716572e-05
49.848 5.843820201e-05
49.85 5.852037956e-05
49.852 5.859368401e-05
49.854 5.866214735e-05
49.856 5.872205313e-05
49.858 5.878025141e-05
49.86 5.883622896e-05
49.862 5.887978525e-05
49.864 5.892183753e-05
49.866 5.895980581e-05
49.868 5.899135486e-05
49.87 5.901876856e-05
49.872 5.904093101e-05
49.874 5.906355179e-05
49.876 5.907511836e-05
49.878 5.908639951e-05
49.88 5.909134608e-05
49.882 5.909552352e-05
49.884 5.909138914e-05
49.886 5.908785013e-05
49.888 5.907914616e-05
49.89 5.906703683e-05
49.892 5.905654132e-05
49.894 5.903471213e-05
49.896 5.901517775e-05
49.898 5.899024437e-05
49.9 5.89647207e-05
49.902 5.89369796e-05
49.904 5.890532677e-05
49.906 5.887216426e-05
49.908 5.883841627e-05
49.91 5.879874172e-05
49.912 5.876076917e-05
49.914 5.87167034e-05
49.916 5.867411753e-05
49.918 5.863053777e-05
49.92 5.858344222e-05
49.922 5.853525614e-05
49.924 5.848559218e-05
49.926 5.843407703e-05
49.928 5.838088235e-05
49.93 5.832924515e-05
49.932 5.827308005e-05
49.934 5.821674708e-05
49.936 5.816029355e-05
49.938 5.809988854e-05
49.94 5.804342714e-05
49.942 5.798071875e-05
49.944 5.792002645e-05
49.946 5.785754336e-05
49.948 5.779489224e-05
49.95 5.77283911e-05
49.952 5.766540254e-05
49.954 5.76011796e-05
49.956 5.753355097e-05
49.958 5.746582349e-05
49.96 5.739917715e-05
49.962 5.732967363e-05
49.964 5.725812555e-05
49.966 5.719136122e-05
49.968 5.712012708e-05
49.97 5.70498828e-05
49.972 5.697764937e-05
49.974 5.690736667e-05
49.976 5.683339373e-05
49.978 5.675730426e-05
49.98 5.668659348e-05
49.982 5.66110313e-05
49.984 5.653732126e-05
49.986 5.646065582e-05
49.988 5.638868224e-05
49.99 5.631072711e-05
49.992 5.6236613e-05
49.994 5.61586881e-05
49.996 5.608088334e-05
49.998 5.600348521e-05
50 5.592635809e-05
50.002 0.0001140797938
50.004 5.576780185e-05
50.006 5.569179189e-05
50.008 5.561202493e-05
50.01 5.553116476e-05
50.012 5.545448402e-05
50.014 5.537227032e-05
50.016 5.529383109e-05
50.018 5.521176632e-05
50.02 5.512900177e-05
50.022 5.505039458e-05
50.024 5.496760442e-05
50.026 5.488601428e-05
50.028 5.480358593e-05
50.03 5.472364481e-05
50.032 5.46403508e-05
50.034 5.455673694e-05
50.036 5.447299875e-05
50.038 5.438913783e-05
50.04 5.430536973e-05
50.042 5.421987737e-05
50.044 5.413678035e-05
50.046 5.40530678e-05
50.048 5.396711546e-05
50.05 5.38819896e-05
50.052 5.37962534e-05
50.054 5.371020787e-05
50.056 5.362336397e-05
50.058 5.353640498e-05
50.06 5.345070414e-05
50.062 5.336343109e-05
50.064 5.327490053e-05
50.066 5.318886133e-05
50.068 5.310066593e-05
50.07 5.30115627e-05
50.072 5.292495653e-05
50.074 5.283467918e-05
50.076 5.2746722e-05
50.078 5.265802368e-05
50.08 5.256665923e-05
50.082 5.247721849e-05
50.084 5.238996537e-05
50.086 0.0001118915819
50.088 5.22032444e-05
50.09 5.21187739e-05
50.092 5.202256529e-05
50.094 5.193174187e-05
50.096 5.184077771e-05
50.098 5.17474811e-05
50.1 5.165444554e-05
50.102 5.156058996e-05
50.104 5.146862582e-05
50.106 5.137412069e-05
50.108 5.127875903e-05
50.11 5.11851681e-05
50.112 5.109137299e-05
50.114 5.099686679e-05
50.116 5.090031327e-05
50.118 5.080663672e-05
50.12 5.070944322e-05
50.122 5.061224229e-05
50.124 5.051661359e-05
50.126 5.041835634e-05
50.128 5.039406026e-05
50.13 5.053043929e-05
50.132 5.066858496e-05
50.134 5.080567448e-05
50.136 5.094507821e-05
50.138 5.10834245e-05
50.14 5.122289181e-05
50.142 5.136216069e-05
50.144 5.150274154e-05
50.146 5.164271174e-05
50.148 5.17861227e-05
50.15 5.192663502e-05
50.152 0.0001138798322
50.154 5.221250779e-05
50.156 5.235622471e-05
50.158 5.249971945e-05
50.16 5.26447289e-05
50.162 5.27893731e-05
50.164 5.293478543e-05
50.166 5.307970569e-05
50.168 5.322597291e-05
50.17 5.337282808e-05
50.172 5.351870314e-05
50.174 5.366546369e-05
50.176 5.381241733e-05
50.178 5.396089695e-05
50.18 5.410726772e-05
50.182 5.425563323e-05
50.184 5.440241683e-05
50.186 5.455080034e-05
50.188 5.469760827e-05
50.19 5.484743081e-05
50.192 5.499322944e-05
50.194 5.514091191e-05
50.196 5.528842322e-05
50.198 5.54342734e-05
50.2 5.558106605e-05
50.202 5.572735306e-05
50.204 5.587823433e-05
50.206 5.602076081e-05
50.208 0.0001147238808
50.21 5.631598189e-05
50.212 5.645826315e-05
50.214 5.660196989e-05
50.216 5.675072931e-05
50.218 5.689176582e-05
50.22 5.703980747e-05
50.222 5.717987678e-05
50.224 5.732619821e-05
50.226 5.746660413e-05
50.228 5.76124493e-05
50.23 5.775235131e-05
50.232 5.789837123e-05
50.234 5.803860979e-05
50.236 5.818368522e-05
50.238 5.832340839e-05
50.24 5.846859427e-05
50.242 5.861268944e-05
50.244 5.875011676e-05
50.246 5.889797883e-05
50.248 5.904024266e-05
50.25 5.918476014e-05
50.252 5.932299279e-05
50.254 5.947139386e-05
50.256 5.961520532e-05
50.258 0.0001149063828
50.26 5.990538518e-05
50.262 6.004816965e-05
50.264 6.019405305e-05
50.266 6.033936195e-05
50.268 6.048515895e-05
50.27 6.062894458e-05
50.272 6.077599861e-05
50.274 0.0005615879403
50.276 0.0002378189322
50.278 0.0001970795661
50.28 0.0001811872631
50.282 0.0001598638556
50.284 0.0001491766917
50.286 0.000138794715
50.288 0.0001311927655
50.29 0.0001239639327
50.292 0.0001167441767
50.294 0.0001093868409
50.296 0.0001015544899
50.298 9.36308633e-05
50.3 8.563711135e-05
50.302 0.0001142555502
50.304 7.119409205e-05
50.306 6.548412461e-05
50.308 6.337519575e-05
50.31 6.35199672e-05
50.312 6.366444081e-05
50.314 6.381122874e-05
50.316 6.395764836e-05
50.318 6.40996305e-05
50.32 6.425205042e-05
50.322 6.635448381e-05
50.324 6.805457446e-05
50.326 6.919622568e-05
50.328 6.967978916e-05
50.33 6.945360092e-05
50.332 6.850509386e-05
50.334 6.684171435e-05
50.336 6.540318329e-05
50.338 6.554753067e-05
50.34 6.569036616e-05
50.342 6.583664476e-05
50.344 0.0001135588104
50.346 6.612089504e-05
50.348 6.626076851e-05
50.35 6.640429621e-05
50.352 6.654681973e-05
50.354 6.668676481e-05
50.356 6.682737041e-05
50.358 6.696794666e-05
50.36 6.711319563e-05
50.362 6.72512677e-05
50.364 6.739094946e-05
50.366 6.753068501e-05
50.368 6.76716205e-05
50.37 6.781643914e-05
50.372 6.795927082e-05
50.374 6.810290195e-05
50.376 6.824903661e-05
50.378 6.839024151e-05
50.38 6.853352513e-05
50.382 6.867567931e-05
50.384 0.0001121861186
50.386 6.896045499e-05
50.388 6.910210655e-05
50.39 6.92420627e-05
50.392 6.938626552e-05
50.394 6.952510106e-05
50.396 6.966442756e-05
50.398 6.980610724e-05
50.4 6.994343887e-05
50.402 7.008253277e-05
50.404 7.022039678e-05
50.406 7.036033763e-05
50.408 7.049720495e-05
50.41 7.062915285e-05
50.412 7.076464468e-05
50.414 7.089759453e-05
50.416 7.102990778e-05
50.418 7.116380069e-05
50.42 7.129722573e-05
50.422 0.000110526176
50.424 7.156136562e-05
50.426 7.169469037e-05
50.428 7.18241205e-05
50.43 7.195613643e-05
50.432 7.208834051e-05
50.434 7.221820552e-05
50.436 7.234781408e-05
50.438 7.247911953e-05
50.44 7.2607632e-05
50.442 7.273746511e-05
50.444 7.286716064e-05
50.446 7.299495025e-05
50.448 7.312316508e-05
50.45 7.325165831e-05
50.452 7.337886515e-05
50.454 7.35045557e-05
50.456 7.363369143e-05
50.458 0.0001091099522
50.46 7.388431692e-05
50.462 7.400958214e-05
50.464 7.413435838e-05
50.466 7.425706194e-05
50.468 7.438308218e-05
50.47 7.450411323e-05
50.472 7.462860533e-05
50.474 7.474864536e-05
50.476 7.48705906e-05
50.478 7.49926635e-05
50.48 7.511243786e-05
50.482 7.52310093e-05
50.484 7.535161289e-05
50.486 7.546908682e-05
50.488 7.558900984e-05
50.49 7.570510721e-05
50.492 0.0001086486017
50.494 7.59402055e-05
50.496 7.605555928e-05
50.498 7.617223576e-05
50.5 7.628661237e-05
50.502 7.640270125e-05
50.504 7.651544182e-05
50.506 7.662824534e-05
50.508 7.674243077e-05
50.51 7.685529948e-05
50.512 7.696686508e-05
50.514 7.707826892e-05
50.516 7.718972014e-05
50.518 7.730012991e-05
50.52 7.741097923e-05
50.522 7.751882355e-05
50.524 0.0001083321024
50.526 7.773855434e-05
50.528 7.784757983e-05
50.53 7.79537038e-05
50.532 7.806285465e-05
50.534 7.816830649e-05
50.536 7.827597761e-05
50.538 7.838091934e-05
50.54 7.848753742e-05
50.542 7.858970601e-05
50.544 7.869723894e-05
50.546 7.879319088e-05
50.548 7.889660519e-05
50.55 7.899628e-05
50.552 7.909867528e-05
50.554 7.919892929e-05
50.556 0.0001081392878
50.558 7.940230591e-05
50.56 7.950541468e-05
50.562 7.960371581e-05
50.564 7.970562823e-05
50.566 7.980431969e-05
50.568 0.0001551340715
50.57 9.824750844e-05
50.572 9.895833992e-05
50.574 9.113309063e-05
50.576 8.656495121e-05
50.578 8.160324103e-05
50.58 8.049684161e-05
50.582 8.059315918e-05
50.584 8.069126283e-05
50.586 0.0001064910401
50.588 8.088384371e-05
50.59 8.097883805e-05
50.592 8.10722167e-05
50.594 8.117100656e-05
50.596 8.126044327e-05
50.598 8.135653371e-05
50.6 8.144635165e-05
50.602 8.154149121e-05
50.604 8.163257602e-05
50.606 8.172187972e-05
50.608 8.181377956e-05
50.61 8.190251207e-05
50.612 8.199294152e-05
50.614 8.208218609e-05
50.616 0.0001070779741
50.618 8.225819193e-05
50.62 8.23446927e-05
50.622 8.242947509e-05
50.624 8.251635471e-05
50.626 8.260100744e-05
50.628 8.268603644e-05
50.63 8.276962468e-05
50.632 8.285130727e-05
50.634 8.293492002e-05
50.636 8.301760605e-05
50.638 8.309710454e-05
50.64 8.317942026e-05
50.642 8.325899798e-05
50.644 8.333680748e-05
50.646 0.0001069478597
50.648 8.349659087e-05
50.65 8.357080335e-05
50.652 8.364596916e-05
50.654 8.372422293e-05
50.656 8.379814451e-05
50.658 8.3872968e-05
50.66 8.394694392e-05
50.662 8.402137853e-05
50.664 8.409306971e-05
50.666 8.416481041e-05
50.668 8.423565877e-05
50.67 8.430744764e-05
50.672 8.437503182e-05
50.674 0.0001054773842
50.676 8.451287743e-05
50.678 8.458153023e-05
50.68 8.464760779e-05
50.682 8.471405864e-05
50.684 8.477867258e-05
50.686 8.484425604e-05
50.688 8.49076838e-05
50.69 8.497028714e-05
50.692 8.503339683e-05
50.694 8.509419142e-05
50.696 8.515478727e-05
50.698 8.52160648e-05
50.7 8.527476251e-05
50.702 0.0001060023389
50.704 8.53923741e-05
50.706 8.544893243e-05
50.708 8.550623877e-05
50.71 8.556140189e-05
50.712 8.561547647e-05
50.714 8.567183359e-05
50.716 8.572453986e-05
50.718 8.577795388e-05
50.72 8.582939135e-05
50.722 8.588128689e-05
50.724 8.59316204e-05
50.726 8.598266227e-05
50.728 0.0001044669252
50.73 8.608203076e-05
50.732 8.612878954e-05
50.734 8.617688035e-05
50.736 8.622414046e-05
50.738 8.626992971e-05
50.74 8.631504213e-05
50.742 8.636024462e-05
50.744 8.64050779e-05
50.746 8.644834068e-05
50.748 8.649164617e-05
50.75 8.653399851e-05
50.752 8.65769589e-05
50.754 0.0001046604643
50.756 8.665954282e-05
50.758 8.669938721e-05
50.76 8.673854732e-05
50.762 8.677775972e-05
50.764 8.681669274e-05
50.766 8.685400776e-05
50.768 8.689101665e-05
50.77 8.692847987e-05
50.772 8.696239205e-05
50.774 8.699842526e-05
50.776 8.703208264e-05
50.778 8.706639333e-05
50.78 0.0001045770759
50.782 8.713367683e-05
50.784 8.716673796e-05
50.786 8.719919938e-05
50.788 8.723023968e-05
50.79 8.726219962e-05
50.792 8.729209636e-05
50.794 8.732180697e-05
50.796 8.735307382e-05
50.798 8.738189452e-05
50.8 8.740947361e-05
50.802 8.743872856e-05
50.804 8.746515793e-05
50.806 0.0001044763791
50.808 8.751940202e-05
50.81 8.754692605e-05
50.812 8.757208975e-05
50.814 8.759763558e-05
50.816 8.762165982e-05
50.818 8.764723865e-05
50.82 8.766962379e-05
50.822 8.769395005e-05
50.824 8.771664995e-05
50.826 8.773784679e-05
50.828 8.77604125e-05
50.83 0.0001030304676
50.832 8.780244631e-05
50.834 8.78232385e-05
50.836 8.784151799e-05
50.838 8.786101346e-05
50.84 8.788057721e-05
50.842 8.789764632e-05
50.844 8.791486339e-05
50.846 8.793162869e-05
50.848 8.794890131e-05
50.85 8.796466498e-05
50.852 8.797939322e-05
50.854 0.0001031082797
50.856 8.800852716e-05
50.858 8.802246813e-05
50.86 8.80359045e-05
50.862 8.80484716e-05
50.864 8.806051646e-05
50.866 8.807311711e-05
50.868 8.808342304e-05
50.87 8.80929594e-05
50.872 8.810280984e-05
50.874 8.811252765e-05
50.876 8.812276751e-05
50.878 0.0001032708819
50.88 8.813748385e-05
50.882 8.814427749e-05
50.884 8.814998873e-05
50.886 8.81562934e-05
50.888 8.816283337e-05
50.89 8.816582761e-05
50.892 8.817004554e-05
50.894 8.817258964e-05
50.896 8.817608691e-05
50.898 8.81770961e-05
50.9 8.818070417e-05
50.902 0.0001031178209
50.904 8.818076031e-05
50.906 8.817951781e-05
50.908 8.817962089e-05
50.91 8.817762071e-05
50.912 8.817590941e-05
50.914 8.817215211e-05
50.916 8.817001517e-05
50.918 8.816357291e-05
50.92 8.815721402e-05
50.922 8.8150734e-05
50.924 8.814316726e-05
50.926 0.0001030087001
50.928 8.812773988e-05
50.93 8.812034744e-05
50.932 8.81098812e-05
50.934 8.810037003e-05
50.936 8.808999656e-05
50.938 8.807888224e-05
50.94 8.806689964e-05
50.942 8.805470277e-05
50.944 8.804198892e-05
50.946 8.802816618e-05
50.948 0.0001015762112
50.95 8.800061345e-05
50.952 8.798458271e-05
50.954 8.796851274e-05
50.956 8.795274264e-05
50.958 8.793557869e-05
50.96 8.791749299e-05
50.962 8.789896565e-05
50.964 8.787997826e-05
50.966 8.785977832e-05
50.968 8.784059377e-05
50.97 0.0001014902508
50.972 8.779814719e-05
50.974 8.77764234e-05
50.976 8.775327181e-05
50.978 8.772995663e-05
50.98 8.770704425e-05
50.982 8.76811324e-05
50.984 8.765694605e-05
50.986 8.763112663e-05
50.988 8.760361812e-05
50.99 8.757779461e-05
50.992 0.0001017832394
50.994 8.752172271e-05
50.996 8.74939383e-05
50.998 8.746383686e-05
51 8.743348583e-05
51.002 8.740339958e-05
51.004 8.737180587e-05
51.006 8.734064505e-05
51.008 8.730714778e-05
51.01 8.727449488e-05
51.012 8.724152262e-05
51.014 0.000101624716
51.016 8.717290626e-05
51.018 8.713733501e-05
51.02 8.710099084e-05
51.022 8.706604748e-05
51.024 8.702840416e-05
51.026 8.699042508e-05
51.028 8.695339655e-05
51.03 8.691283739e-05
51.032 8.687516844e-05
51.034 8.683414553e-05
51.036 0.000101501357
51.038 8.675314958e-05
51.04 8.671212542e-05
51.042 8.666902215e-05
51.044 8.662726758e-05
51.046 8.658324646e-05
51.048 8.653876851e-05
51.05 8.649563748e-05
51.052 8.644907836e-05
51.054 8.640340414e-05
51.056 9.998491618e-05
51.058 8.631048414e-05
51.06 8.62640748e-05
51.062 8.621598182e-05
51.064 8.616665378e-05
51.066 8.611813405e-05
51.068 8.606670293e-05
51.07 8.601683454e-05
51.072 8.596641508e-05
51.074 8.59139493e-05
51.076 8.586208447e-05
51.078 0.000101277914
51.08 8.57563644e-05
51.082 8.570198103e-05
51.084 8.564715386e-05
51.086 8.559153478e-05
51.088 8.553690518e-05
51.09 8.547970739e-05
51.092 8.542206412e-05
51.094 8.536512709e-05
51.096 8.530562655e-05
51.098 0.0001004508447
51.1 8.518897747e-05
51.102 8.51284402e-05
51.104 8.506791878e-05
51.106 8.500749094e-05
51.108 8.494440066e-05
51.11 8.488298728e-05
51.112 8.481866761e-05
51.114 8.475560027e-05
51.116 8.469040022e-05
51.118 9.966908022e-05
51.12 8.456045594e-05
51.122 8.449374639e-05
51.124 8.44263232e-05
51.126 8.43608505e-05
51.128 8.429053041e-05
51.13 8.422258949e-05
51.132 8.415196459e-05
51.134 8.408177465e-05
51.136 8.401170734e-05
51.138 0.0001000502375
51.14 8.386733687e-05
51.142 8.379526827e-05
51.144 8.372130111e-05
51.146 8.364838151e-05
51.148 8.35717915e-05
51.15 8.349847468e-05
51.152 8.342163347e-05
51.154 8.33450838e-05
51.156 8.326767733e-05
51.158 9.997132936e-05
51.16 8.311021082e-05
51.162 8.303091495e-05
51.164 8.295177146e-05
51.166 8.287011995e-05
51.168 8.27892369e-05
51.17 8.270597645e-05
51.172 8.262387591e-05
51.174 8.254106337e-05
51.176 8.245607476e-05
51.178 0.0001000470949
51.18 8.228650036e-05
51.182 8.219924689e-05
51.184 8.211255893e-05
51.186 8.202449859e-05
51.188 8.193568374e-05
51.19 8.184788024e-05
51.192 8.175716002e-05
51.194 8.166652364e-05
51.196 9.85873866e-05
51.198 8.148474118e-05
51.2 8.139146069e-05
51.202 8.129957993e-05
51.204 8.120455781e-05
51.206 8.110893011e-05
51.208 8.101498753e-05
51.21 8.091731647e-05
51.212 8.082140962e-05
51.214 8.072193288e-05
51.216 9.947447831e-05
51.218 8.052685083e-05
51.22 8.04258918e-05
51.222 8.032599295e-05
51.224 8.022461441e-05
51.226 8.012361669e-05
51.228 8.002101735e-05
51.23 7.991727818e-05
51.232 7.981284607e-05
51.234 9.910409886e-05
51.236 7.960440005e-05
51.238 7.949621029e-05
51.24 7.939185766e-05
51.242 7.92835771e-05
51.244 7.91747778e-05
51.246 7.906609276e-05
51.248 7.895613088e-05
51.25 7.884582445e-05
51.252 9.801672117e-05
51.254 7.862402246e-05
51.256 7.851099235e-05
51.258 7.839787723e-05
51.26 7.8286468e-05
51.262 7.816998133e-05
51.264 7.805647416e-05
51.266 7.794043395e-05
51.268 7.782441908e-05
51.27 9.829144686e-05
51.272 7.758963825e-05
51.274 7.747090931e-05
51.276 7.735378766e-05
51.278 7.723346117e-05
51.28 7.710724105e-05
51.282 7.698373401e-05
51.284 7.685905668e-05
51.286 7.673408359e-05
51.288 9.833186116e-05
51.29 7.648296024e-05
51.292 7.635597867e-05
51.294 7.622849953e-05
51.296 7.610106328e-05
51.298 7.597350933e-05
51.3 7.584566069e-05
51.302 7.571685997e-05
51.304 7.557737081e-05
51.306 9.820914307e-05
51.308 7.530983397e-05
51.31 7.517835708e-05
51.312 7.504746958e-05
51.314 7.491807461e-05
51.316 7.47869586e-05
51.318 7.465732358e-05
51.32 7.452468592e-05
51.322 7.43943965e-05
51.324 9.842314778e-05
51.326 7.413255193e-05
51.328 7.39974717e-05
51.33 7.386546486e-05
51.332 7.373375423e-05
51.334 7.35995993e-05
51.336 7.346547995e-05
51.338 7.333074106e-05
51.34 7.319812957e-05
51.342 9.825828782e-05
51.344 7.292770148e-05
51.346 7.279051655e-05
51.348 7.265539554e-05
51.35 7.251955853e-05
51.352 7.238272057e-05
51.354 7.224504462e-05
51.356 7.210787675e-05
51.358 9.717464871e-05
51.36 7.183348534e-05
51.362 7.169396376e-05
51.364 7.155629151e-05
51.366 7.141735557e-05
51.368 7.127786375e-05
51.37 7.113755349e-05
51.372 7.09986393e-05
51.374 7.085764299e-05
51.376 9.746529301e-05
51.378 7.057639069e-05
51.38 7.043588438e-05
51.382 7.029642274e-05
51.384 7.015419304e-05
51.386 7.001433561e-05
51.388 6.987318341e-05
51.39 6.973139397e-05
51.392 9.739833656e-05
51.394 6.945056931e-05
51.396 6.93114689e-05
51.398 0.0001536705299
51.4 6.903459664e-05
51.402 6.889300576e-05
51.404 6.875475262e-05
51.406 6.861329865e-05
51.408 9.613911103e-05
51.41 6.833359822e-05
51.412 6.819374486e-05
51.414 6.805336013e-05
51.416 6.791249878e-05
51.418 6.777179118e-05
51.42 6.763205522e-05
51.422 6.749094209e-05
51.424 6.735073841e-05
51.426 9.71920083e-05
51.428 6.707035833e-05
51.43 6.693037358e-05
51.432 6.678986624e-05
51.434 6.664915084e-05
51.436 6.651047209e-05
51.438 6.636965258e-05
51.44 6.623020988e-05
51.442 9.703666472e-05
51.444 6.595314216e-05
51.446 6.58133312e-05
51.448 6.567441101e-05
51.45 6.553646161e-05
51.452 6.539728704e-05
51.454 6.525970408e-05
51.456 6.511986257e-05
51.458 9.538437748e-05
51.46 6.48463169e-05
51.462 6.47089441e-05
51.464 6.457240685e-05
51.466 6.44349772e-05
51.468 6.43013926e-05
51.47 6.416248108e-05
51.472 6.402725005e-05
51.474 9.53147604e-05
51.476 6.375475084e-05
51.478 0.0001511251164
51.48 6.348822144e-05
51.482 6.335113335e-05
51.484 6.321712469e-05
51.486 6.308210749e-05
51.488 6.294673942e-05
51.49 9.576097493e-05
51.492 6.267830273e-05
51.494 6.254329352e-05
51.496 6.240942743e-05
51.498 6.227607213e-05
51.5 6.213989406e-05
51.502 6.200653613e-05
51.504 6.187148483e-05
51.506 9.570161402e-05
51.508 6.160367605e-05
51.51 6.146883154e-05
51.512 6.133347578e-05
51.514 6.120055084e-05
51.516 6.106440003e-05
51.518 6.092926324e-05
51.52 6.079463358e-05
51.522 9.580237519e-05
51.524 6.0523048e-05
51.526 6.038756716e-05
51.528 6.02498746e-05
51.53 6.011508204e-05
51.532 5.997616533e-05
51.534 5.984076585e-05
51.536 5.970054766e-05
51.538 9.575263515e-05
51.54 0.0001544131699
51.542 5.928799598e-05
51.544 5.914950967e-05
51.546 5.90081187e-05
51.548 5.886843549e-05
51.55 5.872615243e-05
51.552 9.473411853e-05
51.554 5.844324205e-05
51.556 5.829967158e-05
51.558 5.815755362e-05
51.56 5.801249047e-05
51.562 5.786918516e-05
51.564 5.772265943e-05
51.566 5.757620507e-05
51.568 9.432519395e-05
51.57 5.728180043e-05
51.572 5.713248596e-05
51.574 5.698688469e-05
51.576 5.683398455e-05
51.578 5.668629612e-05
51.58 5.653342576e-05
51.582 9.49146694e-05
51.584 5.623004127e-05
51.586 5.607600459e-05
51.588 5.592089821e-05
51.59 5.576981824e-05
51.592 0.0001545256054
51.594 5.54580438e-05
51.596 5.530118666e-05
51.598 9.471925117e-05
51.6 5.498632974e-05
51.602 5.482520364e-05
51.604 5.46663252e-05
51.606 5.450775835e-05
51.608 5.434613531e-05
51.61 5.418654942e-05
51.612 9.492693515e-05
51.614 5.386418917e-05
51.616 5.369643772e-05
51.618 5.353627703e-05
51.62 5.336707814e-05
51.622 5.320270118e-05
51.624 5.30338104e-05
51.626 5.286912162e-05
51.628 9.464684444e-05
51.63 5.253219909e-05
51.632 5.235966478e-05
51.634 5.219186891e-05
51.636 5.20185306e-05
51.638 0.0001541710189
51.64 5.167823708e-05
51.642 9.478162156e-05
51.644 5.133001051e-05
51.646 5.115613712e-05
51.648 5.097894721e-05
51.65 5.080448084e-05
51.652 5.062809078e-05
51.654 5.044988814e-05
51.656 9.349236207e-05
51.658 5.009452337e-05
51.66 4.991506866e-05
51.662 4.973703812e-05
51.664 4.955617191e-05
51.666 4.937897731e-05
51.668 4.919564932e-05
51.67 9.319614898e-05
51.672 4.88335302e-05
51.674 4.865050378e-05
51.676 4.846796036e-05
51.678 4.828547617e-05
51.68 0.000153183225
51.682 4.792096603e-05
51.684 9.351520157e-05
51.686 4.755258837e-05
51.688 4.736893939e-05
51.69 4.718406306e-05
51.692 4.700092023e-05
51.694 4.681290204e-05
51.696 4.6627808e-05
51.698 9.37272054e-05
51.7 4.625658723e-05
51.702 4.60696394e-05
51.704 4.588552718e-05
51.706 4.56970035e-05
51.708 4.551228198e-05
51.71 4.532288918e-05
51.712 9.364758674e-05
51.714 4.534321119e-05
51.716 4.549654751e-05
51.718 0.0001506678771
51.72 4.578987514e-05
51.722 4.593865242e-05
51.724 4.608408922e-05
51.726 9.352276627e-05
51.728 4.637698347e-05
51.73 4.65237888e-05
51.732 4.66678047e-05
51.734 4.681253579e-05
51.736 4.696044452e-05
51.738 4.710690335e-05
51.74 9.340623469e-05
51.742 4.739060871e-05
51.744 4.753498611e-05
51.746 4.767783351e-05
51.748 4.782804367e-05
51.75 4.796769204e-05
51.752 4.81130705e-05
51.754 0.0001483718615
51.756 4.839878399e-05
51.758 4.854215046e-05
51.76 4.868601548e-05
51.762 4.883645547e-05
51.764 4.897749709e-05
51.766 4.911741311e-05
51.768 9.329075953e-05
51.77 4.940278291e-05
51.772 4.954691884e-05
51.774 4.968877227e-05
51.776 4.983547738e-05
51.778 4.997449938e-05
51.78 5.011925603e-05
51.782 9.335654594e-05
51.784 5.040224094e-05
51.786 5.05438285e-05
51.788 0.0001468233482
51.79 5.08273926e-05
51.792 5.097194364e-05
51.794 9.313853231e-05
51.796 5.125997988e-05
51.798 5.139898585e-05
51.8 5.154140005e-05
51.802 5.168420834e-05
51.804 5.182542005e-05
51.806 5.196835386e-05
51.808 9.158996208e-05
51.81 5.225163021e-05
51.812 5.239550247e-05
51.814 5.253722401e-05
51.816 5.267938698e-05
51.818 5.282029942e-05
51.82 5.29632527e-05
51.822 0.0001476222373
51.824 5.324781222e-05
51.826 5.339119716e-05
51.828 5.353063969e-05
51.83 5.367279101e-05
51.832 5.381209378e-05
51.834 9.371211483e-05
51.836 5.409424098e-05
51.838 5.423231075e-05
51.84 5.436890016e-05
51.842 5.450833309e-05
51.844 5.464691235e-05
51.846 5.478390849e-05
51.848 9.180466045e-05
51.85 5.505711231e-05
51.852 5.519380167e-05
51.854 0.0001463165927
51.856 5.546686439e-05
51.858 5.560289125e-05
51.86 9.258467461e-05
51.862 5.587064185e-05
51.864 5.600987757e-05
51.866 5.614111649e-05
51.868 5.627618671e-05
51.87 5.640774884e-05
51.872 5.654333664e-05
51.874 9.180264016e-05
51.876 5.680654176e-05
51.878 5.693705587e-05
51.88 5.706659088e-05
51.882 5.719712696e-05
51.884 0.0001445081572
51.886 9.276110701e-05
51.888 5.758234781e-05
51.89 5.770709922e-05
51.892 5.783429656e-05
51.894 5.796108845e-05
51.896 5.808585454e-05
51.898 9.115105611e-05
51.9 5.833075633e-05
51.902 5.845637466e-05
51.904 5.857452231e-05
51.906 5.869902899e-05
51.908 5.881774525e-05
51.91 5.893889759e-05
51.912 0.0001432277952
51.914 5.917329699e-05
51.916 5.928734151e-05
51.918 5.939431981e-05
51.92 5.950610754e-05
51.922 5.961300115e-05
51.924 9.276386768e-05
51.926 5.982789073e-05
51.928 5.993411391e-05
51.93 6.003822131e-05
51.932 6.014354336e-05
51.934 6.024730039e-05
51.936 9.134686221e-05
51.938 6.044985726e-05
51.94 0.0001432837424
51.942 6.064661594e-05
51.944 6.074538638e-05
51.946 6.084063802e-05
51.948 9.024034938e-05
51.95 6.102906157e-05
51.952 6.11233104e-05
51.954 6.121729199e-05
51.956 6.130715732e-05
51.958 6.139774566e-05
51.96 9.016393414e-05
51.962 6.157304135e-05
51.964 6.166149402e-05
51.966 6.174640181e-05
51.968 0.0001426415745
51.97 6.19136271e-05
51.972 9.050685112e-05
51.974 6.207646109e-05
51.976 6.215732961e-05
51.978 6.223771588e-05
51.98 6.232416519e-05
51.982 6.24088404e-05
51.984 9.052573292e-05
51.986 6.257012483e-05
51.988 6.265122169e-05
51.99 6.272844868e-05
51.992 6.280469892e-05
51.994 0.0001408923983
51.996 9.033100222e-05
51.998 6.302623463e-05
52 6.310304857e-05
52.002 6.317190233e-05
52.004 6.324647944e-05
52.006 6.331356734e-05
52.008 9.027130319e-05
52.01 6.345137624e-05
52.012 6.351969549e-05
52.014 6.358640199e-05
52.016 6.36533841e-05
52.018 6.371889647e-05
52.02 0.0001409091101
52.022 6.38454577e-05
52.024 6.391040882e-05
52.026 6.397095521e-05
52.028 6.403687457e-05
52.03 6.409457711e-05
52.032 8.997991608e-05
52.034 6.421672799e-05
52.036 6.427931164e-05
52.038 6.323894696e-05
52.04 6.260069194e-05
52.042 6.201426236e-05
52.044 0.0001390075939
52.046 6.094214612e-05
52.048 6.047277226e-05
52.05 6.003767719e-05
52.052 5.963582706e-05
52.054 5.927247346e-05
52.056 8.990657967e-05
52.058 5.863634698e-05
52.06 5.837174699e-05
52.062 5.813250712e-05
52.064 5.792462886e-05
52.066 5.774031804e-05
52.068 0.0001388835189
52.07 5.744072162e-05
52.072 5.732637163e-05
52.074 5.722420842e-05
52.076 5.714530002e-05
52.078 5.708424049e-05
52.08 8.990267498e-05
52.082 5.700012319e-05
52.084 5.696903177e-05
52.086 5.695868832e-05
52.088 5.695430555e-05
52.09 5.695991803e-05
52.092 0.0001386325718
52.094 5.697700821e-05
52.096 5.699984855e-05
52.098 5.702682179e-05
52.1 5.705587683e-05
52.102 9.060851698e-05
52.104 5.711800939e-05
52.106 5.71484463e-05
52.108 5.718509016e-05
52.11 5.722291922e-05
52.112 5.72583611e-05
52.114 0.001084206316
52.116 0.0008012124728
52.118 0.0006879434145
52.12 0.0005941845272
52.122 0.0005256471885
52.124 0.0004766671291
52.126 0.0004411447465
52.128 0.0004136809927
52.13 0.0003902635026
52.132 0.0003682941108
52.134 0.0003464735477
52.136 0.0003246983717
52.138 0.0003032732433
52.14 0.0002827654862
52.142 0.0002645484169
52.144 0.0002501918825
52.146 0.0002406970724
52.148 0.0002364300771
52.15 0.0002372744279
52.152 0.0002422995727
52.154 0.0002503205493
52.156 0.0002599125635
52.158 0.0002698602018
52.16 0.0002790905511
52.162 0.0002868403301
52.164 0.0002925099841
52.166 0.0002957488244
52.168 0.0002963125047
52.17 0.0002941255923
52.172 0.0002891885961
52.174 0.000281606278
52.176 0.0002715404241
52.178 0.0002592066042
52.18 0.0002448696478
52.182 0.0002288208839
52.184 0.0002113837542
52.186 0.0001928958292
52.188 0.0001737231366
52.19 0.0001542600469
52.192 0.0001349127399
52.194 0.0001161602413
52.196 0.001017216944
52.198 0.000747724449
52.2 0.0006358792972
52.202 0.0005418552952
52.204 0.0004700711757
52.206 0.0004158693765
52.208 0.0003742476333
52.21 0.0003409944068
52.212 0.0003131152782
52.214 0.0002888456348
52.216 0.0002676327842
52.218 0.0002497739102
52.22 0.0002359811459
52.222 0.0002275418171
52.224 0.0002251264303
52.226 0.0002285592029
52.228 0.0002371034212
52.23 0.0002492900458
52.232 0.0002636274036
52.234 0.000278594051
52.236 0.0002930263303
52.238 0.0003059460698
52.24 0.0003166889204
52.242 0.0003247507417
52.244 0.0003298427063
52.246 0.0003317936752
52.248 0.0003305684386
52.25 0.0003262190848
52.252 0.000318877637
52.254 0.0003087497173
52.256 0.0002960661342
52.258 0.001089649447
52.26 0.0008688415
52.262 0.0007762359413
52.264 0.0007028485346
52.266 0.0006466522263
52.268 0.0006015423443
52.27 0.0005624745527
52.272 0.00052584331
52.274 0.0004896639643
52.276 0.0004531706649
52.278 0.0004165498368
52.28 0.00038074325
52.282 0.0003473524001
52.284 0.0003180463318
52.286 0.0002951015261
52.288 0.0002801082387
52.29 0.0002739829892
52.292 0.000276186372
52.294 0.0002851401782
52.296 0.0002985043706
52.298 0.0003140599519
52.3 0.0003298228722
52.302 0.0003443477522
52.304 0.0003565404117
52.306 0.0003656998245
52.308 0.000371373028
52.31 0.0003733328713
52.312 0.0003715156566
52.314 0.0003659896802
52.316 0.0003569287582
52.318 0.0003445853131
52.32 0.0003292800658
52.322 0.0003113853274
52.324 0.0002913131593
52.326 0.0002695041041
52.328 0.0002464327538
52.33 0.0002225835197
52.332 0.0001984989424
52.334 0.0001747302917
52.336 0.0001519257491
52.338 0.0001308161749
52.34 0.0001123010374
52.342 0.0001304500226
52.344 0.0001051503562
52.346 0.0001065995692
52.348 0.0001075021933
52.35 0.0001078482517
52.352 0.0001076405383
52.354 0.0001068816339
52.356 0.0001093232738
52.358 0.000115864373
52.36 0.0001212351905
52.362 0.0001315555843
52.364 0.0001277582406
52.366 0.0001287911003
52.368 0.0001283754234
52.37 0.0001265841491
52.372 0.0001235343802
52.374 0.0001193480563
52.376 0.0001141830069
52.378 0.0001082117904
52.38 0.000130548774
52.382 9.45081653e-05
52.384 8.715655968e-05
52.386 7.972956053e-05
52.388 7.241059598e-05
52.39 6.542082579e-05
52.392 8.643574622e-05
52.394 5.894857857e-05
52.396 5.817232339e-05
52.398 0.0001291396066
52.4 5.692291815e-05
52.402 8.627944793e-05
52.404 5.695831651e-05
52.406 5.697513327e-05
52.408 5.724407983e-05
52.41 5.748572922e-05
52.412 8.608854334e-05
52.414 5.702848798e-05
52.416 0.0001291987244
52.418 5.704910351e-05
52.42 5.994615581e-05
52.422 8.605967446e-05
52.424 6.441697847e-05
52.426 6.597273388e-05
52.428 6.706950378e-05
52.43 6.770587253e-05
52.432 8.602089515e-05
52.434 0.0001290634883
52.436 6.693742864e-05
52.438 6.581595915e-05
52.44 6.428708575e-05
52.442 8.582135599e-05
52.444 6.019503194e-05
52.446 5.794713346e-05
52.448 5.683307066e-05
52.45 5.679171357e-05
52.452 0.0001287769911
52.454 5.66956191e-05
52.456 5.664669287e-05
52.458 5.658808011e-05
52.46 5.653116647e-05
52.462 8.556648388e-05
52.464 5.639686425e-05
52.466 5.632400202e-05
52.468 5.625194939e-05
52.47 0.0001286194561
52.472 8.563804275e-05
52.474 5.599878955e-05
52.476 5.589981742e-05
52.478 5.581032865e-05
52.48 5.570842627e-05
52.482 8.564052677e-05
52.484 5.549737944e-05
52.486 5.538924253e-05
52.488 0.0001283180905
52.49 5.51550964e-05
52.492 8.555831832e-05
52.494 5.490712532e-05
52.496 5.477793161e-05
52.498 5.464841423e-05
52.5 5.451035884e-05
52.502 8.552299795e-05
52.504 0.0001266918664
52.506 5.408420015e-05
52.508 5.393366948e-05
52.51 0.0001448585263
52.512 0.0001385916443
52.514 0.0001307530857
52.516 0.0001261776945
52.518 0.0001203336754
52.52 0.0001155318244
52.522 0.0001271410902
52.524 0.0001061416795
52.526 0.0001018347098
52.528 9.782953435e-05
52.53 9.40582149e-05
52.532 9.054766657e-05
52.534 8.726726184e-05
52.536 8.423264004e-05
52.538 0.0001268289708
52.54 8.786511256e-05
52.542 7.679484327e-05
52.544 7.481353696e-05
52.546 7.30128981e-05
52.548 7.137867453e-05
52.55 8.265693208e-05
52.552 6.855204349e-05
52.554 6.734008818e-05
52.556 0.0001270831437
52.558 6.525215124e-05
52.56 8.356100944e-05
52.562 6.353859853e-05
52.564 6.279836573e-05
52.566 6.21235341e-05
52.568 6.149670635e-05
52.57 8.51375599e-05
52.572 0.0001263078511
52.574 5.989484688e-05
52.576 5.942181533e-05
52.578 5.897319366e-05
52.58 8.595130826e-05
52.582 5.813540939e-05
52.584 5.773552688e-05
52.586 5.734282984e-05
52.588 0.0001247909513
52.59 5.659758787e-05
52.592 5.62370549e-05
52.594 5.588226826e-05
52.596 5.553824317e-05
52.598 8.259867775e-05
52.6 5.487139701e-05
52.602 5.455450148e-05
52.604 0.0001245049097
52.606 5.396164649e-05
52.608 8.30297439e-05
52.61 5.342853137e-05
52.612 5.31872612e-05
52.614 5.296547793e-05
52.616 8.656667412e-05
52.618 5.260151552e-05
52.62 0.0001248066433
52.622 5.232797084e-05
52.624 5.223085532e-05
52.626 8.23991437e-05
52.628 5.21213838e-05
52.63 5.210939601e-05
52.632 5.21300515e-05
52.634 5.217195125e-05
52.636 0.0001261175104
52.638 5.235491089e-05
52.64 5.248597069e-05
52.642 5.2645036e-05
52.644 8.667422245e-05
52.646 5.304678467e-05
52.648 5.328371988e-05
52.65 5.669163833e-05
52.652 0.0001242207371
52.654 8.215376309e-05
52.656 5.445123765e-05
52.658 5.478915693e-05
52.66 5.514430766e-05
52.662 5.55112873e-05
52.664 8.312745237e-05
52.666 5.628116132e-05
52.668 0.0001259596038
52.67 5.7088409e-05
52.672 8.655843921e-05
52.674 5.791542317e-05
52.676 5.8333429e-05
52.678 5.875299731e-05
52.68 5.917059597e-05
52.682 8.193495412e-05
52.684 0.0001279194922
52.686 6.04134894e-05
52.688 6.081667348e-05
52.69 8.479662663e-05
52.692 6.161253297e-05
52.694 6.199732553e-05
52.696 6.237879286e-05
52.698 6.27479191e-05
52.7 0.0001274880647
52.702 6.346822688e-05
52.704 6.381688949e-05
52.706 6.415948504e-05
52.708 6.448612729e-05
52.71 8.258281908e-05
52.712 6.512543145e-05
52.714 6.543328838e-05
52.716 0.0001190110305
52.718 8.639893658e-05
52.72 6.631210534e-05
52.722 6.659509685e-05
52.724 6.686703806e-05
52.726 6.713495383e-05
52.728 8.191143997e-05
52.73 6.766002405e-05
52.732 0.0001249366098
52.734 6.816582026e-05
52.736 8.468214243e-05
52.738 6.866011501e-05
52.74 6.890585262e-05
52.742 6.914663983e-05
52.744 6.938427556e-05
52.746 8.059397337e-05
52.748 0.0001264569293
52.75 7.009354678e-05
52.752 7.032852864e-05
52.754 8.419152133e-05
52.756 7.102109098e-05
52.758 7.133380024e-05
52.76 7.164442779e-05
52.762 7.19472994e-05
52.764 0.0001233773923
52.766 7.254117603e-05
52.768 7.282762084e-05
52.77 7.310985753e-05
52.772 8.451731234e-05
52.774 7.365648585e-05
52.776 7.391375243e-05
52.778 7.417404399e-05
52.78 0.0001272523054
52.782 8.083882986e-05
52.784 7.490570796e-05
52.786 7.513658476e-05
52.788 7.536292687e-05
52.79 8.431141735e-05
52.792 7.579692706e-05
52.794 7.600277825e-05
52.796 0.0001249704488
52.798 7.640194627e-05
52.8 8.073816639e-05
52.802 7.677757578e-05
52.804 7.695579964e-05
52.806 7.713219561e-05
52.808 8.433063868e-05
52.81 0.0001172945251
52.812 7.763104689e-05
52.814 7.778297927e-05
52.816 7.793771956e-05
52.818 8.06602839e-05
52.82 7.822757798e-05
52.822 7.836837512e-05
52.824 7.850339307e-05
52.826 0.0001250411802
52.828 7.876592232e-05
52.83 7.889374975e-05
52.832 7.901549675e-05
52.834 7.913876413e-05
52.836 8.04063214e-05
52.838 7.937518918e-05
52.84 7.948901616e-05
52.842 0.000125325673
52.844 8.400048922e-05
52.846 7.982593982e-05
52.848 7.993621313e-05
52.85 8.004703344e-05
52.852 8.280644101e-05
52.854 8.026520232e-05
52.856 0.0001222990973
52.858 8.048313282e-05
52.86 8.059265408e-05
52.862 8.070388332e-05
52.864 8.081692153e-05
52.866 8.092863469e-05
52.868 8.104676433e-05
52.87 8.304882529e-05
52.872 0.0001227024765
52.874 8.140512792e-05
52.876 8.152754743e-05
52.878 8.16548101e-05
52.88 8.178198541e-05
52.882 8.191166748e-05
52.884 8.204597537e-05
52.886 0.0001182106619
52.888 8.43216288e-05
52.89 8.245789965e-05
52.892 8.259916887e-05
52.894 8.274261849e-05
52.896 8.313024768e-05
52.898 8.304179565e-05
52.9 8.319439665e-05
52.902 0.0001172939665
52.904 8.351114391e-05
52.906 8.367032145e-05
52.908 8.383655511e-05
52.91 8.400482273e-05
52.912 8.417509847e-05
52.914 8.434936946e-05
52.916 0.0001176872671
52.918 8.470778148e-05
52.92 8.48896669e-05
52.922 8.507705006e-05
52.924 8.526543245e-05
52.926 8.545951193e-05
52.928 8.565565226e-05
52.93 8.585228235e-05
52.932 0.0001222540431
52.934 8.626224123e-05
52.936 8.646868578e-05
52.938 8.667860693e-05
52.94 8.689150011e-05
52.942 8.711412734e-05
52.944 8.733281029e-05
52.946 0.0001216115765
52.948 8.778841164e-05
52.95 8.801429556e-05
52.952 8.825199847e-05
52.954 8.849133623e-05
52.956 8.872660298e-05
52.958 8.897133224e-05
52.96 8.914162636e-05
52.962 0.0001233794204
52.964 8.958791095e-05
52.966 8.982004647e-05
52.968 9.006804822e-05
52.97 9.031888031e-05
52.972 9.057456453e-05
52.974 9.084265583e-05
52.976 0.0001233129128
52.978 9.13877376e-05
52.98 9.165664995e-05
52.982 9.194232156e-05
52.984 9.222562907e-05
52.986 9.250668135e-05
52.988 9.279431064e-05
52.99 0.0001221173706
52.992 9.336572366e-05
52.994 9.365302836e-05
52.996 9.393681185e-05
52.998 9.422156668e-05
53 9.450668157e-05
53.002 9.478644202e-05
53.004 0.0001149380902
53.006 9.535441708e-05
53.008 9.562924058e-05
53.01 9.591004002e-05
53.012 9.617993314e-05
53.014 9.645603952e-05
53.016 9.672319073e-05
53.018 9.699161873e-05
53.02 0.0001226438766
53.022 9.751936997e-05
53.024 9.777264141e-05
53.026 9.802998868e-05
53.028 9.82812212e-05
53.03 9.852709799e-05
53.032 9.877258482e-05
53.034 0.0001232552842
53.036 9.92525581e-05
53.038 9.948834617e-05
53.04 9.972061643e-05
53.042 9.994612518e-05
53.044 0.0001001702313
53.046 0.0001003883324
53.048 0.0001159075556
53.05 0.000100819027
53.052 0.0001010236954
53.054 0.0001012319657
53.056 0.0001014258851
53.058 0.0001016232903
53.06 0.0001018175579
53.062 0.0001206999774
53.064 0.0001021943461
53.066 0.0001023688096
53.068 0.000102550506
53.07 0.0001027262539
53.072 0.0001028943994
53.074 0.0001030634083
53.076 0.00012147056
53.078 0.0001033835339
53.08 0.0001035374668
53.082 0.0001036906003
53.084 0.00010383881
53.086 0.0001039859033
53.088 0.0001041274251
53.09 0.0001153990397
53.092 0.000104402488
53.094 0.0001045379044
53.096 0.0001046720981
53.098 0.0001048001085
53.1 0.000104924057
53.102 0.0001050463811
53.104 0.0001206708591
53.106 0.000105282295
53.108 0.0001053986889
53.11 0.0001055124578
53.112 0.0001056245984
53.114 0.0001057356003
53.116 0.0001058473257
53.118 0.0001213167698
53.12 0.0001060610776
53.122 0.0001061683668
53.124 0.0001062718827
53.126 0.0001063715477
53.128 0.0001064793964
53.13 0.0001065830488
53.132 0.0001196782643
53.134 0.0001067873809
53.136 0.0001068930265
53.138 0.0001069995647
53.14 0.0001071009013
53.142 0.0001072062652
53.144 0.0001073080713
53.146 0.0001226887068
53.148 0.0001075246506
53.15 0.0001076276263
53.152 0.0001077359193
53.154 0.0001078474435
53.156 0.0001079556318
53.158 0.0001080736305
53.16 0.0001195452152
53.162 0.0001083033733
53.164 0.0001084204775
53.166 0.0001085360576
53.168 0.0001086598597
53.17 0.000108788359
53.172 0.0001089135865
53.174 0.0001146249627
53.176 0.0001091740884
53.178 0.0001093053161
53.18 0.0001094445587
53.182 0.0001095812271
53.184 0.0001097217604
53.186 0.0001098598779
53.188 0.0001218767892
53.19 0.0001101571958
53.192 0.0001103083544
53.194 0.0001104567866
53.196 0.0001106145136
53.198 0.0001107713912
53.2 0.0001109291954
53.202 0.0001203419049
53.204 0.0001112492699
53.206 0.0001114192325
53.208 0.0001115878044
53.21 0.0001117571237
53.212 0.0001119313363
53.214 0.0001121048101
53.216 0.0001150715685
53.218 0.0001124610074
53.22 0.0001126391092
53.222 0.0001128145135
53.224 0.0001130005087
53.226 0.0001131851237
53.228 0.0001133702731
53.23 0.0001142482192
53.232 0.0001137424704
53.234 0.0001139320823
53.236 0.0001141212527
53.238 0.0001143101095
53.24 0.0001144965555
53.242 0.0001146854417
53.244 0.0001215503088
53.246 0.000115070948
53.248 0.0001152626057
53.25 0.0001154512336
53.252 0.000115643513
53.254 0.0001158301917
53.256 0.0001160209428
53.258 0.0001205436285
53.26 0.0001163958228
53.262 0.0001165840905
53.264 0.0001167703822
53.266 0.0001169571926
53.268 0.0001171434226
53.27 0.0001173267568
53.272 0.0001205688605
53.274 0.00011769279
53.276 0.0001178696473
53.278 0.0001180510466
53.28 0.0001182292352
53.282 0.0001184043622
53.284 0.0001185823254
53.286 0.0001204523543
53.288 0.0001189265928
53.29 0.0001190960115
53.292 0.0001192635594
53.294 0.0001194282926
53.296 0.0001195962293
53.298 0.0001197585428
53.3 0.0001199232392
53.302 0.0001200809867
53.304 0.000120241247
53.306 0.0001203926076
53.308 0.0001205516422
53.31 0.0001206991315
53.312 0.0001208503592
53.314 0.0001210014368
53.316 0.0001211469919
53.318 0.0001212940966
53.32 0.0001214387451
53.322 0.0001215822886
53.324 0.0001217213349
53.326 0.000121861596
53.328 0.0001219931007
53.33 0.0001221322269
53.332 0.0001222678037
53.334 0.0001224014589
53.336 0.0001225344975
53.338 0.0001226635018
53.34 0.0001227950837
53.342 0.0001229266696
53.344 0.0001230475343
53.346 0.0001231736668
53.348 0.0001233006173
53.35 0.0001234265468
53.352 0.0001235504742
53.354 0.000123675178
53.356 0.0001238009729
53.358 0.0001239218502
53.36 0.0001240461195
53.362 0.0001241635554
53.364 0.0001243246764
53.366 0.0001244293167
53.368 0.0001245484848
53.37 0.0001246689738
53.372 0.0001248266805
53.374 0.0001249293999
53.376 0.0001250487213
53.378 0.0001251672207
53.38 0.0001252800967
53.382 0.0001254375266
53.384 0.0001255429963
53.386 0.0001256615359
53.388 0.0001257827664
53.39 0.0001258994593
53.392 0.000126058327
53.394 0.0001261622725
53.396 0.0001262864785
53.398 0.0001264001761
53.4 0.0001265615996
53.402 0.0001266705108
53.404 0.0001267932724
53.406 0.0001269166408
53.408 0.000127042445
53.41 0.0001271997
53.412 0.0001273160101
53.414 0.0001274410435
53.416 0.0001275643991
53.418 0.0001277293214
53.42 0.0001278445741
53.422 0.0001279729535
53.424 0.0001281033154
53.426 0.0001282713491
53.428 0.0001283906298
53.43 0.0001285270171
53.432 0.0001286620696
53.434 0.0001288335684
53.436 0.0001289538285
53.438 0.0001290896187
53.44 0.0001292290643
53.442 0.0001294022488
53.444 0.0001295243416
53.446 0.0001296629557
53.448 0.000129801287
53.45 0.000129974185
53.452 0.0001300991005
53.454 0.0001302377052
53.456 0.0001304062572
53.458 0.0001305327126
53.46 0.0001306720191
53.462 0.0001308469379
53.464 0.000130971136
53.466 0.0001311093562
53.468 0.0001312474907
53.47 0.0001314232909
53.472 0.0001315470938
53.474 0.0001316869416
53.476 0.0001318540016
53.478 0.0001319771214
53.48 0.0001234787011
53.482 0.0001278055658
53.484 0.0001282735867
53.486 0.0001290506097
53.488 0.0001295558661
53.49 0.0001301209125
53.492 0.0001306467047
53.494 0.000131107626
53.496 0.0001228521137
53.498 0.0001275243114
53.5 0.0001282381587
53.502 0.0001292572158
53.504 0.0001299836796
53.506 0.0001307837822
53.508 0.0001227344406
53.51 0.0001276055505
53.512 0.0001285650735
53.514 0.000129721223
53.516 0.0001306629719
53.518 0.0001228441954
53.52 0.000127921129
53.522 0.0001290082631
53.524 0.0001303653504
53.526 0.0001226627505
53.528 0.0001279798645
53.53 0.0001292180286
53.532 0.0001307411871
53.534 0.0001231615502
53.536 0.0001286174381
53.538 0.0001299676769
53.54 0.0001315923526
53.542 0.000124094444
53.544 0.0001296302096
53.546 0.0001310576042
53.548 0.0001239856503
53.55 0.0001295537397
53.552 0.0001312279649
53.554 0.0001241979772
53.556 0.00012996171
53.558 0.0001316803724
53.56 0.0001247970504
53.562 0.0001305945675
53.564 0.0001324433402
53.566 0.0001255640572
53.568 0.0001314816977
53.57 0.0001245663459
53.572 0.0001308040817
53.574 0.0001328108861
53.576 0.0001262087036
53.578 0.0001322463572
53.58 0.0001255207543
53.582 0.0001319361285
53.584 0.0001252220224
53.586 0.0001318362875
53.588 0.0001340688049
53.59 0.0001276365915
53.592 0.0001339437463
53.594 0.0001273512578
53.596 0.0001339091778
53.598 0.0001273543732
53.6 0.0001340896277
53.602 0.000127545496
53.604 0.0001343892559
53.606 0.0001279351961
53.608 0.0001348341489
53.61 0.0001283897076
53.612 0.0001353582391
53.614 0.0001289844164
53.616 0.0001359754008
53.618 0.000129628071
53.62 0.0001366156587
53.622 0.0001302992278
53.624 0.0001373472407
53.626 0.0001310204081
53.628 0.0001380887121
53.63 0.0001317318211
53.632 0.0001299334086
53.634 0.0001368358044
53.636 0.000131018024
53.638 0.0001382150376
53.64 0.0001321579197
53.642 0.0001304626813
53.644 0.0001375786071
53.646 0.0001318919984
53.648 0.0001392387719
53.65 0.0001332833843
53.652 0.0001317274864
53.654 0.0001389300885
53.656 0.0001333050709
53.658 0.0001318065591
53.66 0.0001391832532
53.662 0.0001336469433
53.664 0.0001322540084
53.666 0.0001397236363
53.668 0.0001342314056
53.67 0.0001329189719
53.672 0.0001315147664
53.674 0.0001394185755
53.676 0.0001341071618
53.678 0.000133027183
53.68 0.0001317862279
53.682 0.0001398743983
53.684 0.0001346983081
53.686 0.0001337558238
53.688 0.0001326287806
53.69 0.0001408382455
53.692 0.0001357474148
53.694 0.0001348829566
53.696 0.0001338272166
53.698 0.0001331394937
53.7 0.0001414755635
53.702 0.0001366108533
53.704 0.0001358867525
53.706 0.0001349859709
53.708 0.0001344066322
53.71 0.000133864456
53.712 0.0001334799598
53.714 0.0001421803687
53.716 0.0001375767152
53.718 0.0001371085882
53.72 0.0001364269134
53.722 0.0001360448655
53.724 0.0001356802159
53.726 0.0001354506022
53.728 0.000135273947
53.73 0.0001351887083
53.732 0.000135163804
53.734 0.0001351965918
53.736 0.0001352857613
53.738 0.0001354170788
53.74 0.0001354635472
53.742 0.000144649788
53.744 0.0001404104746
53.746 0.0001402876905
53.748 0.0001399104781
53.75 0.0001397952564
53.752 0.0001396652589
53.754 0.0001396330405
53.756 0.0001396415404
53.758 0.0001397007584
53.76 0.0001397990686
53.762 0.0001399355611
53.764 0.0001401013021
53.766 0.0001402998579
53.768 0.0001405217412
53.77 0.0001407670233
53.772 0.0001410288759
53.774 0.0001413089976
53.776 0.0001416019562
53.778 0.0001419082116
53.78 0.0001422190275
53.782 0.0001425441097
53.784 0.0001428718443
53.786 0.0001432036994
53.788 0.0001435375461
53.79 0.0001438729538
53.792 0.0001442085689
53.794 0.0001445433157
53.796 0.0001448765497
53.798 0.0001452075414
53.8 0.0001455353043
53.802 0.000145856846
53.804 0.0001461778598
53.806 0.000146485682
53.808 0.0001467953682
53.81 0.0001470987292
53.812 0.0001473898072
53.814 0.0001476819161
53.816 0.0001479633145
53.818 0.0001482374902
53.82 0.0001485087386
53.822 0.000148769216
53.824 0.0001490242604
53.826 0.0001492734255
53.828 0.0001495119309
53.83 0.0001497493418
53.832 0.000149975734
53.834 0.0001501975106
53.836 0.0001504122807
53.838 0.0001506229992
53.84 0.0001508232287
53.842 0.0001510216502
53.844 0.0001512113144
53.846 0.0001513965039
53.848 0.0001515764568
53.85 0.0001517513545
53.852 0.0001519200195
53.854 0.0001520847807
53.856 0.0001522470685
53.858 0.0001523962395
53.86 0.0001525537574
53.862 0.0001526981873
53.864 0.000152841928
53.866 0.0001529796083
53.868 0.0001531151935
53.87 0.0001532472816
53.872 0.0001533739485
53.874 0.0001535015362
53.876 0.0001536233495
53.878 0.0001537411115
53.88 0.0001538597748
53.882 0.0001539706757
53.884 0.0001540845357
53.886 0.0001541935127
53.888 0.0001542991115
53.89 0.0001544058749
53.892 0.0001545077194
53.894 0.0001546104102
53.896 0.0001547058947
53.898 0.0001548083157
53.9 0.0001549024072
53.902 0.0001549971404
53.904 0.0001550881017
53.906 0.0001551827849
53.908 0.000155270578
53.91 0.0001553615919
53.912 0.0001554476782
53.914 0.0001555375229
53.916 0.0001556208019
53.918 0.0001557078605
53.92 0.0001557894795
53.922 0.0001558746455
53.924 0.0001559587965
53.926 0.0001560375583
53.928 0.0001561197956
53.93 0.000156200107
53.932 0.0001562776731
53.934 0.0001563572338
53.936 0.0001564345468
53.938 0.0001565127561
53.94 0.0001565884515
53.942 0.0001566638649
53.944 0.0001567396993
53.946 0.0001568136892
53.948 0.0001568879189
53.95 0.0001569582133
53.952 0.0001570337599
53.954 0.0001571025082
53.956 0.0001571742279
53.958 0.0001572445386
53.96 0.000157312651
53.962 0.0001573762867
53.964 0.0001574467764
53.966 0.0001575136284
53.968 0.000157579182
53.97 0.0001576441487
53.972 0.0001577078149
53.974 0.000157771956
53.976 0.0001578352891
53.978 0.0001578953255
53.98 0.0001579563017
53.982 0.0001580143741
53.984 0.0001580734026
53.986 0.0001581325697
53.988 0.0001581860387
53.99 0.0001582435333
53.992 0.0001582948398
53.994 0.0001583496867
53.996 0.0001583997547
53.998 0.0001584498686
54 0.0001585007124
54.002 0.000158548497
54.004 0.0001585969431
54.006 0.0001586376986
54.008 0.0001586861565
54.01 0.0001587285862
54.012 0.0001587698338
54.014 0.000158803406
54.016 0.0001588481798
54.018 0.0001588841701
54.02 0.0001589213392
54.022 0.0001589566271
54.024 0.0001589911447
54.026 0.0001590284754
54.028 0.0001590574065
54.03 0.0001590938811
54.032 0.0001591168847
54.034 0.0001591499477
54.036 0.000159175963
54.038 0.0001592026249
54.04 0.0001592244305
54.042 0.0001592480648
54.044 0.0001592686938
54.046 0.000159288009
54.048 0.0001593077745
54.05 0.000159320136
54.052 0.0001593386624
54.054 0.0001593525119
54.056 0.000159367264
54.058 0.0001593818939
54.06 0.0001593871188
54.062 0.0001594032064
54.064 0.0001594063343
54.066 0.0001594173723
54.068 0.000159420274
54.07 0.0001594274545
54.072 0.0001594273008
54.074 0.0001594321149
54.076 0.0001594322124
54.078 0.0001594308936
54.08 0.000159426275
54.082 0.0001594218429
54.084 0.0001594206874
54.086 0.0001594154521
54.088 0.0001594099115
54.09 0.0001594020557
54.092 0.0001593969878
54.094 0.0001593816377
54.096 0.0001593766744
54.098 0.0001593636273
54.1 0.0001593516715
54.102 0.000159338673
54.104 0.0001593182071
54.106 0.0001593057482
54.108 0.0001592900561
54.11 0.0001592744666
54.112 0.0001592542875
54.114 0.0001592379095
54.116 0.0001592173765
54.118 0.0001591981942
54.12 0.0001591752173
54.122 0.0001591542261
54.124 0.0001591292992
54.126 0.0001591088561
54.128 0.0001590762878
54.13 0.0001590576413
54.132 0.0001590285327
54.134 0.0001590043926
54.136 0.0001589746367
54.138 0.0001589477111
54.14 0.0001589210062
54.142 0.000158888304
54.144 0.0001588603926
54.146 0.0001588282853
54.148 0.0001587990267
54.15 0.0001587584948
54.152 0.0001587322172
54.154 0.0001586969393
54.156 0.0001586652877
54.158 0.000158628222
54.16 0.0001585978228
54.162 0.0001585569597
54.164 0.0001585264246
54.166 0.0001584862951
54.168 0.0001584536879
54.17 0.0001584119193
54.172 0.0001583736802
54.174 0.0001583297285
54.176 0.0001582957271
54.178 0.0001582530149
54.18 0.0001582151081
54.182 0.0001581707933
54.184 0.0001581345336
54.186 0.0001580912251
54.188 0.0001580499366
54.19 0.0001580043055
54.192 0.0001579579097
54.194 0.0001579146736
54.196 0.0001578719872
54.198 0.000157827058
54.2 0.000157783922
54.202 0.000157737875
54.204 0.0001576917511
54.206 0.0001576470771
54.208 0.0001575951598
54.21 0.000157547495
54.212 0.000157498999
54.214 0.0001574527083
54.216 0.0001574020063
54.218 0.0001573538398
54.22 0.0001573018639
54.222 0.0001572561678
54.224 0.0001572034752
54.226 0.0001571455499
54.228 0.0001570934421
54.23 0.0001570444767
54.232 0.0001569892441
54.234 0.0001569385812
54.236 0.0001568819694
54.238 0.0001568289966
54.24 0.0001567729231
54.242 0.0001567128363
54.244 0.000156657784
54.246 0.0001566032848
54.248 0.0001565428169
54.25 0.0001564860263
54.252 0.0001564284307
54.254 0.0001563673363
54.256 0.0001563015521
54.258 0.0001562453419
54.26 0.0001561825838
54.262 0.0001561215833
54.264 0.0001560581865
54.266 0.0001559963763
54.268 0.0001559314383
54.27 0.0001558620503
54.272 0.0001557974168
54.274 0.0001557365849
54.276 0.0001556640974
54.278 0.0001556018555
54.28 0.0001555296191
54.282 0.0001554671134
54.284 0.0001553881165
54.286 0.0001553234358
54.288 0.0001552507202
54.29 0.0001551852883
54.292 0.0001551076638
54.294 0.0001550419828
54.296 0.000154959653
54.298 0.0001548945282
54.3 0.000154816338
54.302 0.0001547452256
54.304 0.0001546696935
54.306 0.0001545964353
54.308 0.0001545216172
54.31 0.0001544381915
54.312 0.000154363158
54.314 0.000154284547
54.316 0.0001542034048
54.318 0.0001541257921
54.32 0.00015404666
54.322 0.0001539616747
54.324 0.000153874367
54.326 0.0001537937565
54.328 0.0001537077728
54.33 0.0001536253091
54.332 0.0001535374904
54.334 0.0001534537403
54.336 0.00015335891
54.338 0.0001532750819
54.34 0.0001531842773
54.342 0.000153098641
54.344 0.0001530061489
54.346 0.0001529157675
54.348 0.000152823339
54.35 0.0001527243452
54.352 0.0001526335916
54.354 0.0001525419535
54.356 0.0001524443367
54.358 0.0001523505673
54.36 0.0001522516953
54.362 0.0001521548863
54.364 0.0001520525075
54.366 0.0001519551613
54.368 0.0001518546552
54.37 0.0001517541785
54.372 0.0001516526558
54.374 0.0001515501162
54.376 0.0001514476335
54.378 0.0001513383875
54.38 0.0001512357064
54.382 0.0001511306172
54.384 0.0001510235304
54.386 0.0001509169493
54.388 0.0001508101851
54.39 0.0001507050902
54.392 0.0001505929487
54.394 0.0001504822616
54.396 0.0001503716746
54.398 0.0001502637732
54.4 0.0001501517898
54.402 0.0001500407142
54.404 0.000149930059
54.406 0.0001498163554
54.408 0.0001496988295
54.41 0.000149587032
54.412 0.0001494745593
54.414 0.000149357942
54.416 0.0001492477051
54.418 0.0001491279847
54.42 0.0001490114284
54.422 0.0001488950246
54.424 0.0001487813112
54.426 0.0001486641795
54.428 0.0001485475983
54.43 0.0001484294163
54.432 0.0001483131644
54.434 0.0001481888565
54.436 0.0001480719342
54.438 0.0001479575262
54.44 0.0001478369979
54.442 0.0001477192
54.444 0.0001475990962
54.446 0.0001474776069
54.448 0.0001473579815
54.45 0.0001472417754
54.452 0.0001471217122
54.454 0.0001470008625
54.456 0.0001468841859
54.458 0.0001467549266
54.46 0.0001466403498
54.462 0.0001465204087
54.464 0.0001464033555
54.466 0.0001462788636
54.468 0.0001461699976
54.47 0.0001460386708
54.472 0.0001459221922
54.474 0.0001458015374
54.476 0.0001456830931
54.478 0.000145561352
54.48 0.0001454379983
54.482 0.0001453185366
54.484 0.00014520223
54.486 0.0001450803875
54.488 0.0001449645156
54.49 0.0001448383821
54.492 0.000144724414
54.494 0.0001446029723
54.496 0.0001444883044
54.498 0.0001443758442
54.5 0.0001442527288
54.502 0.0001441351038
54.504 0.0001440193752
54.506 0.0001439029205
54.508 0.0001437877456
54.51 0.0001436644037
54.512 0.0001435542512
54.514 0.0001434392764
54.516 0.0001433249955
54.518 0.0001432044844
54.52 0.0001431016216
54.522 0.0001429849425
54.524 0.00014287455
54.526 0.0001427584279
54.528 0.0001426459493
54.53 0.0001425339587
54.532 0.0001424268194
54.534 0.0001423165016
54.536 0.0001422031814
54.538 0.0001421024321
54.54 0.0001419938494
54.542 0.0001418847743
54.544 0.0001417747286
54.546 0.0001416682761
54.548 0.0001415647935
54.55 0.0001414594949
54.552 0.0001413569457
54.554 0.0001412520182
54.556 0.0001411527787
54.558 0.0001410484408
54.56 0.0001409457639
54.562 0.0001408419326
54.564 0.0001407565813
54.566 0.0001406485757
54.568 0.0001405478372
54.57 0.000140451603
54.572 0.0001403571537
54.574 0.00014026947
54.576 0.0001401637819
54.578 0.0001400751289
54.58 0.0001399805839
54.582 0.0001398901387
54.584 0.0001398002036
54.586 0.0001397098999
54.588 0.0001396177265
54.59 0.0001395266816
54.592 0.0001394389738
54.594 0.0001393623815
54.596 0.0001392706693
54.598 0.0001391784697
54.6 0.0001390974197
54.602 0.0001390210714
54.604 0.0001389344743
54.606 0.0001388476396
54.608 0.0001387677461
54.61 0.0001386954279
54.612 0.0001386080138
54.614 0.0001385292671
54.616 0.0001384540839
54.618 0.0001383831837
54.62 0.0001382959713
54.622 0.0001382248246
54.624 0.0001381543901
54.626 0.0001380785178
54.628 0.000137997198
54.63 0.0001379296078
54.632 0.0001378628305
54.634 0.0001377855166
54.636 0.0001377133966
54.638 0.0001376532444
54.64 0.0001375777667
54.642 0.0001375039878
54.644 0.0001374399071
54.646 0.0001373760414
54.648 0.0001373046241
54.65 0.0001372351557
54.652 0.0001371793439
54.654 0.0001371092435
54.656 0.0001370425094
54.658 0.0001369846339
54.66 0.0001369195886
54.662 0.0001368504989
54.664 0.0001367941541
54.666 0.0001367345716
54.668 0.0001366658684
54.67 0.0001366081892
54.672 0.0001365426479
54.674 0.0001364848451
54.676 0.0001364209297
54.678 0.0001363622607
54.68 0.0001363022427
54.682 0.0001362495012
54.684 0.0001361819296
54.686 0.0001361238839
54.688 0.0001360734748
54.69 0.0001360045251
54.692 0.0001359496514
54.694 0.0001358989261
54.696 0.0001358339385
54.698 0.0001357839316
54.7 0.0001357216117
54.702 0.0001356687537
54.704 0.0001356106524
54.706 0.0001355545603
54.708 0.0001354966798
54.71 0.0001354407726
54.712 0.0001353856307
54.714 0.0001353278153
54.716 0.0001352800573
54.718 0.0001352149991
54.72 0.0001351675828
54.722 0.0001351083011
54.724 0.0001350470863
54.726 0.0001350005812
54.728 0.0001349412695
54.73 0.0001348801221
54.732 0.0001348346806
54.734 0.0001347753351
54.736 0.0001347252121
54.738 0.0001346650954
54.74 0.0001346089738
54.742 0.0001345593838
54.744 0.0001344969578
54.746 0.0001344435725
54.748 0.0001343953098
54.75 0.0001343318282
54.752 0.0001342856523
54.754 0.0001342299585
54.756 0.0001341720001
54.758 0.0001341200702
54.76 0.000134064016
54.762 0.0001340108949
54.764 0.0001339569537
54.766 0.0001339004779
54.768 0.0001338533879
54.77 0.0001337920544
54.772 0.0001337359938
54.774 0.0001336932333
54.776 0.0001336280881
54.778 0.0001335841248
54.78 0.0001335258782
54.782 0.000133473406
54.784 0.000133421516
54.786 0.0001333651112
54.788 0.0001333164898
54.79 0.0001332591453
54.792 0.0001332067683
54.794 0.0001331601254
54.796 0.0001330994809
54.798 0.0001330485397
54.8 0.0001330041393
54.802 0.0001329413715
54.804 0.0001329007913
54.806 0.0001328435246
54.808 0.0001327919574
54.81 0.0001327431464
54.812 0.0001326899305
54.814 0.0001326456187
54.816 0.000132583149
54.818 0.0001325364968
54.82 0.0001324924264
54.822 0.0001324332533
54.824 0.0001323924428
54.826 0.0001323399026
54.828 0.0001322824334
54.83 0.0001322440473
54.832 0.0001321903952
54.834 0.0001321404594
54.836 0.000132093904
54.838 0.0001320426215
54.84 0.0001319972693
54.842 0.0001319471416
54.844 0.0001319030941
54.846 0.0001318565764
54.848 0.0001318004201
54.85 0.0001317608732
54.852 0.0001317142469
54.854 0.0001316635155
54.856 0.0001316170357
54.858 0.0001315704509
54.86 0.0001315250086
54.862 0.0001314760537
54.864 0.0001314390137
54.866 0.0001313830571
54.868 0.0001313458278
54.87 0.0001312991693
54.872 0.0001312443475
54.874 0.0001312127018
54.876 0.0001311603092
54.878 0.0001311169188
54.88 0.0001310716869
54.882 0.0001310336863
54.884 0.0001309811218
54.886 0.000130937896
54.888 0.0001309005224
54.89 0.0001308482412
54.892 0.0001308125864
54.894 0.0001307671211
54.896 0.0001307226824
54.898 0.0001306807298
54.9 0.0001306426249
54.902 0.0001305923762
54.904 0.0001305561956
54.906 0.0001305109232
54.908 0.0001304684291
54.91 0.0001304270928
54.912 0.0001303844867
54.914 0.0001303461041
54.916 0.0001302966999
54.918 0.0001302654929
54.92 0.0001302187729
54.922 0.0001301778967
54.924 0.0001301382868
54.926 0.0001301016905
54.928 0.0001300542205
54.93 0.0001300211791
54.932 0.000129979659
54.934 0.0001299382126
54.936 0.000129899695
54.938 0.0001298641848
54.94 0.0001298159009
54.942 0.0001297843458
54.944 0.0001297436262
54.946 0.0001297023639
54.948 0.0001296636745
54.95 0.0001296284855
54.952 0.0001295854417
54.954 0.0001295523208
54.956 0.0001295101091
54.958 0.0001294750724
54.96 0.0001294333788
54.962 0.0001294033085
54.964 0.0001293550193
54.966 0.0001293314746
54.968 0.0001292859767
54.97 0.0001292560028
54.972 0.0001292142433
54.974 0.0001291846931
54.976 0.0001291392628
54.978 0.000129112018
54.98 0.0001290737066
54.982 0.0001290411373
54.984 0.0001289960438
54.986 0.0001289694803
54.988 0.0001289289032
54.99 0.0001288970079
54.992 0.0001288565644
54.994 0.0001288327993
54.996 0.0001287875712
54.998 0.000128763496
55 0.0001287246396
55.002 0.0001286931285
55.004 0.0001286585516
55.006 0.0001286303788
55.008 0.0001285910531
55.01 0.0001285654012
55.012 0.0001285307442
55.014 0.0001285015901
55.016 0.0001284674948
55.018 0.0001284427424
55.02 0.0001284089136
55.022 0.0001283781371
55.024 0.0001283531159
55.026 0.0001283134471
55.028 0.0001282963617
55.03 0.0001282592688
55.032 0.0001282387174
55.034 0.0001281965843
55.036 0.0001281827824
55.038 0.0001281556311
55.04 0.0001281176815
55.042 0.0001281004527
55.044 0.000128068946
55.046 0.0001280424032
55.048 0.0001280130892
55.05 0.0001279975962
55.052 0.0001279607554
55.054 0.0001279433536
55.056 0.0001279259324
55.058 0.000127887653
55.06 0.0001278738967
55.062 0.0001278473646
55.064 0.0001278246394
55.066 0.0001280300928
55.068 0.0001281424558
55.07 0.0001282300312
55.072 0.0001282869458
55.074 0.000128347769
55.076 0.0001283772121
55.078 0.0001284045569
55.08 0.0001284178468
55.082 0.0001284117379
55.084 0.0001284035461
55.086 0.0001283870921
55.088 0.0001283553465
55.09 0.0001283186423
55.092 0.0001282810545
55.094 0.0001282333802
55.096 0.0001281817197
55.098 0.0001281255576
55.1 0.0001280709465
55.102 0.0001280049795
55.104 0.0001279403928
55.106 0.0001278823175
55.108 0.0001278069167
55.11 0.0001277433135
55.112 0.0001276738383
55.114 0.0001276140936
55.116 0.0001275447479
55.118 0.0001274778222
55.12 0.0001274188761
55.122 0.0001273598787
55.124 0.0001272925017
55.126 0.0001272430626
55.128 0.0001271815476
55.13 0.0001271322372
55.132 0.0001270842574
55.134 0.0001270343452
55.136 0.0001269855803
55.138 0.0001269505836
55.14 0.0001269044334
55.142 0.0001268669321
55.144 0.0001268348901
55.146 0.0001268005242
55.148 0.0001267766671
55.15 0.0001267447193
55.152 0.0001267180161
55.154 0.0001266999228
55.156 0.0001266784946
55.158 0.0001266573014
55.16 0.0001266452794
55.162 0.0001266276684
55.164 0.0001266164807
55.166 0.000126609572
55.168 0.0001266048941
55.17 0.0001265908514
55.172 0.0001265956354
55.174 0.0001265976688
55.176 0.0001265929618
55.178 0.0001265952667
55.18 0.0001266015571
55.182 0.0001266139581
55.184 0.0001266174938
55.186 0.0001266241684
55.188 0.0001266394146
55.19 0.0001266542255
55.192 0.0001266629278
55.194 0.000126684971
55.196 0.0001267076855
55.198 0.0001267223384
55.2 0.0001267444543
55.202 0.0001267690353
55.204 0.0001267903035
55.206 0.0001268231787
55.208 0.0001268440686
55.21 0.0001268826555
55.212 0.0001269061714
55.214 0.0001269414443
55.216 0.0001269700281
55.218 0.0001270066949
55.22 0.0001270404226
55.222 0.0001270790569
55.224 0.0001271151007
55.226 0.000127139889
55.228 0.0001271861725
55.23 0.0001272217352
55.232 0.0001272639165
55.234 0.0001272957337
55.236 0.0001273278883
55.238 0.0001273676636
55.24 0.0001274096856
55.242 0.0001274383162
55.244 0.0001274758089
55.246 0.0001275138365
55.248 0.0001275385695
55.25 0.0001275700025
55.252 0.0001276045043
55.254 0.0001276372422
55.256 0.0001276617542
55.258 0.0001276882638
55.26 0.0001277081181
55.262 0.0001277353738
55.264 0.000127755168
55.266 0.0001277797385
55.268 0.0001277973859
55.27 0.0001278201679
55.272 0.0001278200631
55.274 0.0001278441105
55.276 0.0001278569948
55.278 0.0001278707378
55.28 0.0001278761001
55.282 0.0001278864776
55.284 0.0001278965557
55.286 0.0001279005432
55.288 0.0001279016277
55.29 0.0001278980367
55.292 0.0001279057172
55.294 0.0001277885273
55.296 0.0001277179097
55.298 0.0001277137994
55.3 0.0001275813011
55.302 0.0001275015267
55.304 0.0001274922464
55.306 0.0001273516906
55.308 0.0001272691339
55.31 0.0001271564753
55.312 0.0001270773833
55.314 0.0001270738518
55.316 0.0001269605982
55.318 0.0001268997156
55.32 0.0001268094897
55.322 0.0001267540832
55.324 0.0001266769133
55.326 0.001084454473
55.328 0.0007995922583
55.33 0.0006851813463
55.332 0.0005905871635
55.334 0.0005214465395
55.336 0.0004722380006
55.338 0.0004367233985
55.34 0.0004094370537
55.342 0.0003863002175
55.344 0.0003646350476
55.346 0.0003431059296
55.348 0.0003216116952
55.35 0.0003003995595
55.352 0.0002801516305
55.354 0.0002621052415
55.356 0.0002479248041
55.358 0.0002384990658
55.36 0.0002342166225
55.362 0.0002349618424
55.364 0.0002398521978
55.366 0.0002477034582
55.368 0.0002570759424
55.37 0.0002667778814
55.372 0.0002757417917
55.374 0.0002832173896
55.376 0.0002886235512
55.378 0.0002916024971
55.38 0.0002919450177
55.382 0.0002895656648
55.384 0.0002843647697
55.386 0.0002766179181
55.388 0.0002664427027
55.39 0.0002540658247
55.392 0.0002397525882
55.394 0.0002237873032
55.396 0.0002064869396
55.398 0.0001881920739
55.4 0.0001692552981
55.402 0.0001500400354
55.404 0.0001309508676
55.406 0.0001281803919
55.408 0.001022426342
55.41 0.0007538368177
55.412 0.0006430269903
55.414 0.0005495773563
55.416 0.0004781989818
55.418 0.0004240427428
55.42 0.0003822223639
55.422 0.0003485910571
55.424 0.0003201418857
55.426 0.0002951539628
55.428 0.0002730533003
55.43 0.0002542024659
55.432 0.0002392015937
55.434 0.0002294695747
55.436 0.0002258327987
55.438 0.0002282743729
55.44 0.0002361396802
55.442 0.0002479885054
55.444 0.0002622911027
55.446 0.0002774739759
55.448 0.0002923128373
55.45 0.000305765584
55.452 0.0003171310978
55.454 0.000325865008
55.456 0.0003316498352
55.458 0.0003342818501
55.46 0.0003337086907
55.462 0.0003299676832
55.464 0.0003231682517
55.466 0.0003135092458
55.468 0.0003012178257
55.47 0.0002865791759
55.472 0.001077571777
55.474 0.0008517240823
55.476 0.0007562067234
55.478 0.0006805261011
55.48 0.0006227258548
55.482 0.000576791023
55.484 0.0005375077352
55.486 0.0005011950787
55.488 0.0004657778998
55.49 0.000430405833
55.492 0.0003952909149
55.494 0.0003613808758
55.496 0.0003303504349
55.498 0.0003038214621
55.5 0.0002839389543
55.502 0.0002720625775
55.504 0.0002687631879
55.506 0.0002731963249
55.508 0.0002835871175
55.51 0.0002976001328
55.512 0.0003131382801
55.514 0.00032840794
55.516 0.0003420937441
55.518 0.0003532502162
55.52 0.0003612713306
55.522 0.0003657790563
55.524 0.0003666059439
55.526 0.0003636166892
55.528 0.0003570697213
55.53 0.0003471334914
55.532 0.0003340700629
55.534 0.0003182147011
55.536 0.0002999423357
55.538 0.0002796644818
55.54 0.0002578115053
55.542 0.0002348495047
55.544 0.0002113429199
55.546 0.000187662004
55.548 0.0001643767656
55.55 0.0001420961849
55.552 0.000131184909
55.554 0.0001311733109
55.556 0.0001311572615
55.558 0.0001311406126
55.56 0.000131129013
55.562 0.0001311095746
55.564 0.0001310904178
55.566 0.0001310750838
55.568 0.0001310624365
55.57 0.0001310431993
55.572 0.0001310276909
55.574 0.0001310105184
55.576 0.0001309913261
55.578 0.0001309672342
55.58 0.0001309509615
55.582 0.000130935993
55.584 0.0001309161415
55.586 0.0001308960266
55.588 0.0001308791092
55.59 0.0001308576379
55.592 0.0001308302891
55.594 0.0001308106831
55.596 0.0001307930651
55.598 0.0001307706396
55.6 0.0001307463273
55.602 0.0001307268764
55.604 0.0001307003414
55.606 0.000130671573
55.608 0.0001306477778
55.61 0.000130626645
55.612 0.0001306018205
55.614 0.0001305772402
55.616 0.0001305545078
55.618 0.0001305274418
55.62 0.0001305064562
55.622 0.0001304708996
55.624 0.0001304522425
55.626 0.0001304267279
55.628 0.0001304024161
55.63 0.0001303783089
55.632 0.0001303555277
55.634 0.0001303327646
55.636 0.0001303081553
55.638 0.0001302859304
55.64 0.0001302608798
55.642 0.0001302392311
55.644 0.0001302189332
55.646 0.0001301987858
55.648 0.0001301779072
55.65 0.0001301607074
55.652 0.0001301405898
55.654 0.0001301263363
55.656 0.0001301084766
55.658 0.0001300889867
55.66 0.0001406886153
55.662 0.0001460094689
55.664 0.0001509789156
55.666 0.0001551748722
55.668 0.0001589194983
55.67 0.0001621283969
55.672 0.0001649162281
55.674 0.0001672842753
55.676 0.0001692781748
55.678 0.0001709209687
55.68 0.0001722532037
55.682 0.000173289636
55.684 0.0001740546237
55.686 0.0001745774749
55.688 0.0001748672329
55.69 0.0001749551453
55.692 0.0001748550109
55.694 0.0001745819711
55.696 0.0001741564578
55.698 0.0001735918848
55.7 0.0001729011526
55.702 0.0001720944349
55.704 0.0001711941238
55.706 0.0001702092226
55.708 0.0001691465972
55.71 0.0001680215216
55.712 0.0001668381509
55.714 0.0001656136082
55.716 0.0001643498326
55.718 0.0001630601726
55.72 0.0001617480997
55.722 0.0001604221085
55.724 0.0001590893104
55.726 0.0001577512516
55.728 0.0001564299276
55.73 0.0001551135804
55.732 0.0001538154225
55.734 0.0001525343696
55.736 0.0001512823135
55.738 0.0001500625468
55.74 0.0001489125725
55.742 0.0001477950334
55.744 0.0001467135467
55.746 0.0001456701065
55.748 0.0001446668194
55.75 0.0001437071079
55.752 0.0001427887299
55.754 0.0001419130483
55.756 0.0001410876843
55.758 0.0001402955731
55.76 0.0001395622379
55.762 0.0001388683932
55.764 0.0001382200805
55.766 0.0001376203433
55.768 0.0001370626394
55.77 0.0001365502568
55.772 0.0001360802608
55.774 0.0001356514265
55.776 0.0001352639512
55.778 0.0001349175106
55.78 0.0001346062379
55.782 0.0001343333735
55.784 0.0001340968644
55.786 0.0001338909848
55.788 0.0001337202238
55.79 0.0001335761387
55.792 0.0001334639538
55.794 0.000133376781
55.796 0.0001333136098
55.798 0.0001332792363
55.8 0.0001332553053
55.802 0.0001332635319
55.804 0.0001332834614
55.806 0.0001333240396
55.808 0.0001333773521
55.81 0.0001334477065
55.812 0.0001335289134
55.814 0.0001336158569
55.816 0.0001337170848
55.818 0.0001338267115
55.82 0.0001339445447
55.822 0.0001340640265
55.824 0.0001341910942
55.826 0.0001343216057
55.828 0.0001344541152
55.83 0.0001345904354
55.832 0.0001347249747
55.834 0.0001348635547
55.836 0.0001350001569
55.838 0.0001351341621
55.84 0.000135268488
55.842 0.0001354003541
55.844 0.0001355303895
55.846 0.000135657462
55.848 0.0001357809558
55.85 0.0001359032538
55.852 0.0001360159622
55.854 0.0001361323877
55.856 0.0001362388046
55.858 0.0001363439377
55.86 0.0001364420156
55.862 0.0001365393037
55.864 0.0001366307463
55.866 0.0001367137832
55.868 0.0001367999206
55.87 0.0001368708183
55.872 0.0001369478027
55.874 0.0001370135098
55.876 0.0001370791763
55.878 0.0001371362665
55.88 0.0001371887951
55.882 0.0001372380789
55.884 0.0001372826903
55.886 0.0001373287607
55.888 0.0001373645551
55.89 0.000137401493
55.892 0.0001374307117
55.894 0.0001374714153
55.896 0.0001375116852
55.898 0.0001375533439
55.9 0.0001375879486
55.902 0.0001376218028
55.904 0.0001376511302
55.906 0.000137680063
55.908 0.000137701653
55.91 0.0001377260016
55.912 0.0001377446721
55.914 0.0001377635641
55.916 0.0001377760719
55.918 0.0001377921023
55.92 0.0001378007434
55.922 0.0001378086109
55.924 0.0001378181059
55.926 0.0001378225075
55.928 0.0001378257306
55.93 0.000137828974
55.932 0.0001378300018
55.934 0.0001378318702
55.936 0.000137829336
55.938 0.000137831326
55.94 0.0001378256363
55.942 0.0001378254975
55.944 0.0001378212604
55.946 0.0001378194552
55.948 0.0001378155259
55.95 0.0001378122969
55.952 0.000137813802
55.954 0.0001378084357
55.956 0.0001378086167
55.958 0.0001378047026
55.96 0.0001378065028
55.962 0.0001378063316
55.964 0.0001378073404
55.966 0.0001378120717
55.968 0.0001378134352
55.97 0.0001378201646
55.972 0.0001378235788
55.974 0.0001378345028
55.976 0.0001378420897
55.978 0.0001378543554
55.98 0.0001378704972
55.982 0.0001378836403
55.984 0.0001379000013
55.986 0.0001379189088
55.988 0.0001379422441
55.99 0.0001379664355
55.992 0.0001379904597
55.994 0.0001380190099
55.996 0.0001380504881
55.998 0.0001380841601
56 0.0001381170206
56.002 0.0001381567693
56.004 0.0001381970812
56.006 0.0001382418561
56.008 0.0001382850598
56.01 0.0001383341279
56.012 0.0001383860324
56.014 0.0001384453275
56.016 0.0001385234346
56.018 0.0001386002667
56.02 0.0001386823249
56.022 0.0001387676549
56.024 0.0001388537829
56.026 0.0001389424661
56.028 0.0001390329835
56.03 0.0001391336772
56.032 0.0001392251853
56.034 0.0001393265179
56.036 0.0001394275479
56.038 0.0001395305506
56.04 0.0001396364317
56.042 0.0001397409861
56.044 0.0001398517963
56.046 0.0001399634116
56.048 0.0001400726014
56.05 0.0001401879864
56.052 0.0001403013624
56.054 0.0001404163891
56.056 0.00014053442
56.058 0.0001406504346
56.06 0.0001407706507
56.062 0.0001408853139
56.064 0.0001410049787
56.066 0.0001411260481
56.068 0.0001412433751
56.07 0.0001413614648
56.072 0.0001414803263
56.074 0.000141600322
56.076 0.0001417147438
56.078 0.0001418310003
56.08 0.0001419442897
56.082 0.000142062234
56.084 0.0001421733456
56.086 0.0001422828912
56.088 0.0001423949876
56.09 0.0001424986071
56.092 0.0001426050761
56.094 0.000142707235
56.096 0.0001428089292
56.098 0.0001429068033
56.1 0.0001430003652
56.102 0.0001430921514
56.104 0.0001431810418
56.106 0.00014326501
56.108 0.000143344816
56.11 0.0001434248348
56.112 0.000143497263
56.114 0.0001435681237
56.116 0.0001436336903
56.118 0.0001436953993
56.12 0.0001437527561
56.122 0.0001438030523
56.124 0.0001438579759
56.126 0.0001438970006
56.128 0.0001439371603
56.13 0.0001439776775
56.132 0.0001440398309
56.134 0.000144093233
56.136 0.0001441440534
56.138 0.0001441926459
56.14 0.0001442329456
56.142 0.00014426922
56.144 0.0001443015915
56.146 0.0001443286143
56.148 0.0001444677594
56.15 0.000144549412
56.152 0.0001446212392
56.154 0.0001446821222
56.156 0.0001447351759
56.158 0.0001447777034
56.16 0.0001448154395
56.162 0.0001448464569
56.164 0.0001448680779
56.166 0.0001448912578
56.168 0.0001449022687
56.17 0.0001449104418
56.172 0.0001449147735
56.174 0.000144909775
56.176 0.0001449039975
56.178 0.0001448935612
56.18 0.0001448819181
56.182 0.0001455866534
56.184 0.0001460899253
56.186 0.0001465157494
56.188 0.0001469346217
56.19 0.0001473141307
56.192 0.000147667925
56.194 0.0001479951587
56.196 0.0001482914674
56.198 0.0001485644745
56.2 0.0001488044658
56.202 0.0001490193624
56.204 0.0001492077388
56.206 0.0001493634099
56.208 0.0001494936824
56.21 0.0001495898425
56.212 0.0001496628335
56.214 0.0001496981925
56.216 0.0001497079865
56.218 0.000149685595
56.22 0.0001496352492
56.222 0.000149553755
56.224 0.0001494431791
56.226 0.0001493098941
56.228 0.0001491425238
56.23 0.0001489571166
56.232 0.0001487386074
56.234 0.0001485049507
56.236 0.0001482476627
56.238 0.000147975148
56.24 0.0001476822468
56.242 0.0001473746532
56.244 0.0001470564421
56.246 0.0001467248005
56.248 0.0001463880725
56.25 0.0001460442316
56.252 0.0001456983097
56.254 0.0001453442897
56.256 0.0001449964197
56.258 0.0001446481165
56.26 0.0001443023966
56.262 0.0001439663989
56.264 0.0001436336935
56.266 0.000143313808
56.268 0.0001429985586
56.27 0.0001427002844
56.272 0.0001424100199
56.274 0.0001421344081
56.276 0.000141875401
56.278 0.0001416295945
56.28 0.0001413981013
56.282 0.0001411858224
56.284 0.0001409830427
56.286 0.0001408004836
56.288 0.0001406302125
56.29 0.0001404826335
56.292 0.0001403437629
56.294 0.000140220841
56.296 0.0001401255892
56.298 0.000140044709
56.3 0.0001399724707
56.302 0.0001399142687
56.304 0.0001398630617
56.306 0.0001398241323
56.308 0.0001397943236
56.31 0.0001397677127
56.312 0.0001397550153
56.314 0.0001397408122
56.316 0.0001397302598
56.318 0.0001397300117
56.32 0.0001397380738
56.322 0.0001397435665
56.324 0.0001397538536
56.326 0.0001397647208
56.328 0.0001397764769
56.33 0.0001397885237
56.332 0.0001397908202
56.334 0.0001398056473
56.336 0.0001398126767
56.338 0.0001398213414
56.34 0.000139824827
56.342 0.000139825893
56.344 0.0001398169897
56.346 0.0001398115931
56.348 0.0001398064313
56.35 0.0001397905222
56.352 0.0001397796412
56.354 0.0001397465176
56.356 0.0001397256323
56.358 0.0001396975296
56.36 0.0001396643189
56.362 0.000139618413
56.364 0.0001395799987
56.366 0.0001396272743
56.368 0.0001395434122
56.37 0.0001394840328
56.372 0.0001394380392
56.374 0.0001393855715
56.376 0.0001393255083
56.378 0.0001392725998
56.38 0.0001392719008
56.382 0.0001393270097
56.384 0.0001392657348
56.386 0.0001392233134
56.388 0.0001391717858
56.39 0.0001391252928
56.392 0.0001390719426
56.394 0.000139002872
56.396 0.0001389492812
56.398 0.0001389625858
56.4 0.0001388661449
56.402 0.0001387960672
56.404 0.000138717359
56.406 0.0001386452849
56.408 0.0001385628693
56.41 0.000138577829
56.412 0.0001384619216
56.414 0.0001383867088
56.416 0.0001383011116
56.418 0.000138222104
56.42 0.0001382265005
56.422 0.0001381158801
56.424 0.000138032354
56.426 0.0001379502761
56.428 0.0001378689051
56.43 0.000137872754
56.432 0.0001377552835
56.434 0.0001376769014
56.436 0.0001375895616
56.438 0.0001375848882
56.44 0.0001374766859
56.442 0.000137386176
56.444 0.0001372988617
56.446 0.0001373007948
56.448 0.0001371805241
56.45 0.0001370891347
56.452 0.000137090894
56.454 0.0001369654237
56.456 0.000136873493
56.458 0.0001367795551
56.46 0.0001367748113
56.462 0.0001366482212
56.464 0.0001365502801
56.466 0.0001365376485
56.468 0.0001364075241
56.47 0.0001363109813
56.472 0.000136301112
56.474 0.0001361718217
56.476 0.0001361484737
56.478 0.0001360190928
56.48 0.0001359213164
56.482 0.0001358976279
56.484 0.0001357704205
56.486 0.0001357488588
56.488 0.0001356189388
56.49 0.0001355202804
56.492 0.0001355010325
56.494 0.0001353718107
56.496 0.0001353560266
56.498 0.0001352305082
56.5 0.0001352142129
56.502 0.0001350915909
56.504 0.0001350805731
56.506 0.0001349592066
56.508 0.0001349500748
56.51 0.0001348339589
56.512 0.0001348276365
56.514 0.0001347201248
56.516 0.0001347137448
56.518 0.000134610139
56.52 0.0001346116423
56.522 0.0001345108527
56.524 0.0001345173072
56.526 0.0001344234314
56.528 0.0001344346134
56.53 0.0001343475404
56.532 0.0001343635814
56.534 0.0001342801922
56.536 0.0001343013508
56.538 0.0001342984773
56.54 0.0001342155489
56.542 0.000134247622
56.544 0.0001342411674
56.546 0.0001341735368
56.548 0.0001342042834
56.55 0.0001342106054
56.552 0.0001341513729
56.554 0.0001341899896
56.556 0.0001342063102
56.558 0.0001342198896
56.56 0.0001341725881
56.562 0.0001342204491
56.564 0.0001342439508
56.566 0.0001342673708
56.568 0.0001342267613
56.57 0.0001342789294
56.572 0.0001343076186
56.574 0.0001343338856
56.576 0.0001343642617
56.578 0.0001343264642
56.58 0.0001343838637
56.582 0.0001344103104
56.584 0.0001344433227
56.586 0.0001344700859
56.588 0.0001344972461
56.59 0.0001345240669
56.592 0.0001345506238
56.594 0.0001345750005
56.596 0.0001345971642
56.598 0.0001345576677
56.6 0.0001346046677
56.602 0.000134625089
56.604 0.0001346449562
56.606 0.0001346600738
56.608 0.0001346781722
56.61 0.0001346899052
56.612 0.0001347023685
56.614 0.0001347094332
56.616 0.0001347198364
56.618 0.0001347210995
56.62 0.000134727641
56.622 0.0001347230598
56.624 0.0001347221257
56.626 0.0001347126178
56.628 0.0001347076124
56.63 0.0001346921956
56.632 0.0001346802818
56.634 0.0001346636832
56.636 0.0001346444665
56.638 0.0001346241293
56.64 0.0001345995853
56.642 0.0001345763677
56.644 0.0001345453829
56.646 0.0001345168865
56.648 0.0001344818287
56.65 0.0001344447821
56.652 0.0001344055462
56.654 0.0001343672549
56.656 0.0001343224619
56.658 0.0001342774136
56.66 0.0001342294369
56.662 0.000134177326
56.664 0.0001341241486
56.666 0.0001340714499
56.668 0.0001340122718
56.67 0.000133953293
56.672 0.0001338900563
56.674 0.0001338291294
56.676 0.0001337607388
56.678 0.0001336942919
56.68 0.0001336220616
56.682 0.0001335535141
56.684 0.0001334767123
56.686 0.0001334016981
56.688 0.0001333247445
56.69 0.0001332457527
56.692 0.0001331660717
56.694 0.0001330830535
56.696 0.0001330013516
56.698 0.0001329155119
56.7 0.0001328291626
56.702 0.0001327439975
56.704 0.0001326541775
56.706 0.0001325636557
56.708 0.0001324722553
56.71 0.0001323841129
56.712 0.0001322893483
56.714 0.0001321952248
56.716 0.0001320998061
56.718 0.0001320060125
56.72 0.0001319080008
56.722 0.0001318100114
56.724 0.0001317110305
56.726 0.0001316148395
56.728 0.0001315137415
56.73 0.0001314124495
56.732 0.0001313109477
56.734 0.0001312077031
56.736 0.0001311068942
56.738 0.0001310012801
56.74 0.0001308969079
56.742 0.0001307893688
56.744 0.0001306896474
56.746 0.0001305786012
56.748 0.0001304731698
56.75 0.000130362044
56.752 0.0001302569174
56.754 0.0001301437092
56.756 0.000130036756
56.758 0.0001299223356
56.76 0.0001298128669
56.762 0.0001297002407
56.764 0.0001295889229
56.766 0.0001294735903
56.768 0.0001293597664
56.77 0.0001292464624
56.772 0.0001291277981
56.774 0.0001290118461
56.776 0.000128893799
56.778 0.0001287770118
56.78 0.0001286593054
56.782 0.000128538386
56.784 0.0001284245421
56.786 0.0001283027124
56.788 0.0001281862809
56.79 0.0001280641277
56.792 0.0001279479336
56.794 0.0001278240892
56.796 0.0001277044027
56.798 0.0001275854096
56.8 0.0001274635924
56.802 0.0001273430128
56.804 0.0001272216161
56.806 0.0001270995883
56.808 0.000126979792
56.81 0.0001268558152
56.812 0.0001267372462
56.814 0.0001266121808
56.816 0.0001264944673
56.818 0.0001263731726
56.82 0.0001262511369
56.822 0.0001261306287
56.824 0.0001260092518
56.826 0.00012588782
56.828 0.0001257683229
56.83 0.0001256468202
56.832 0.0001255289137
56.834 0.0001254079822
56.836 0.0001252900103
56.838 0.0001251701712
56.84 0.0001250561256
56.842 0.0001249366147
56.844 0.0001248205963
56.846 0.0001247020595
56.848 0.0001245862826
56.85 0.0001244731529
56.852 0.0001243577351
56.854 0.0001242425968
56.856 0.0001241278736
56.858 0.0001240149603
56.86 0.0001239018755
56.862 0.0001237915057
56.864 0.0001236794294
56.866 0.0001235668823
56.868 0.0001234582511
56.87 0.0001233474648
56.872 0.000123239329
56.874 0.0001231318096
56.876 0.0001230243528
56.878 0.0001229162751
56.88 0.0001228087701
56.882 0.0005615319652
56.884 0.0002374420519
56.886 0.0001966195976
56.888 0.0001805986021
56.89 0.0001593005359
56.892 0.0001486370312
56.894 0.0001383462101
56.896 0.0001308143034
56.898 0.000123661204
56.9 0.0001218141561
56.902 0.0001217228209
56.904 0.0001216263941
56.906 0.0001215340916
56.908 0.0001214457575
56.91 0.0001213517302
56.912 0.000121259227
56.914 0.0001211718757
56.916 0.0001210798718
56.918 0.0001209909012
56.92 0.0001209016018
56.922 0.0001208119266
56.924 0.0001207266012
56.926 0.0001206359816
56.928 0.0001205492527
56.93 0.0001204673516
56.932 0.000120377711
56.934 0.0001202969847
56.936 0.0001202080669
56.938 0.0001201250308
56.94 0.0001200407577
56.942 0.0001199579318
56.944 0.000119876601
56.946 0.0001207885266
56.948 0.0001197159374
56.95 0.0001196348861
56.952 0.0001195575707
56.954 0.0001194775103
56.956 0.0001194015403
56.958 0.0001193267172
56.96 0.0001192509665
56.962 0.0001191760188
56.964 0.0001190996921
56.966 0.0001204212813
56.968 0.0001189533219
56.97 0.0001188828298
56.972 0.0001188099726
56.974 0.0001187400024
56.976 0.0001186698456
56.978 0.0001185999622
56.98 0.0001185332596
56.982 0.0001184632979
56.984 0.000118395839
56.986 0.0001206567022
56.988 0.0001182632793
56.99 0.0001181992998
56.992 0.0001181361582
56.994 0.000118071739
56.996 0.0001180076181
56.998 0.0001179474685
57 0.0001178820978
57.002 0.0001178225873
57.004 0.0001177606565
57.006 0.0001206704648
57.008 0.0001176393569
57.01 0.0001175777379
57.012 0.0001175181758
57.014 0.0001174594823
57.016 0.0001173989973
57.018 0.0001173417842
57.02 0.0001172825822
57.022 0.0001172245008
57.024 0.000117167084
57.026 0.0001208805447
57.028 0.0001170535247
57.03 0.000116997433
57.032 0.000116940205
57.034 0.0001168844749
57.036 0.0001168286891
57.038 0.0001167718657
57.04 0.0001167194446
57.042 0.0001166631323
57.044 0.0001166095543
57.046 0.0001165558376
57.048 0.0001229653109
57.05 0.0001164499144
57.052 0.0001163941064
57.054 0.0001163435415
57.056 0.0001162904031
57.058 0.0001162378388
57.06 0.0001161854689
57.062 0.0001161330066
57.064 0.0001160806936
57.066 0.0001160306726
57.068 0.0001214209044
57.07 0.0001159273764
57.072 0.0001158749548
57.074 0.0001158235989
57.076 0.0001157728407
57.078 0.0001157210507
57.08 0.0001156702872
57.082 0.0001156173501
57.084 0.0001155689903
57.086 0.0001155158777
57.088 0.0001154651515
57.09 0.000122651165
57.092 0.0001153622935
57.094 0.0001153102939
57.096 0.0001152578996
57.098 0.0001152056973
57.1 0.0001151518538
57.102 0.0001151006513
57.104 0.0001150461286
57.106 0.0001149918312
57.108 0.0001149394715
57.11 0.0001148843513
57.112 0.000123565266
57.114 0.0001147757654
57.116 0.0001147194265
57.118 0.0001146668654
57.12 0.0001146077412
57.122 0.0001145518175
57.124 0.0001144948372
57.126 0.0001144378476
57.128 0.0001143803856
57.13 0.0001143217761
57.132 0.000114262541
57.134 0.000123250658
57.136 0.0001141464088
57.138 0.00011408455
57.14 0.0001140262956
57.142 0.0001139652594
57.144 0.0001139042185
57.146 0.0001138428452
57.148 0.0001137803404
57.15 0.0001137190971
57.152 0.00011365564
57.154 0.0001135941522
57.156 0.0001234991413
57.158 0.0001134670315
57.16 0.0001134046031
57.162 0.0001133399941
57.164 0.0001132760753
57.166 0.0001132130983
57.168 0.0001131460038
57.17 0.0001130812153
57.172 0.0001130162576
57.174 0.0001129501776
57.176 0.0001128842524
57.178 0.0001128182095
57.18 0.0001255592774
57.182 0.00011268689
57.184 0.0001126217059
57.186 0.0001125541321
57.188 0.0001124869138
57.19 0.0001124209123
57.192 0.0001123533357
57.194 0.0001122873012
57.196 0.0001122191788
57.198 0.000112154314
57.2 0.0001120862952
57.202 0.0001239147986
57.204 0.0001119505649
57.206 0.0001118853255
57.208 0.0001118193417
57.21 0.0001117526292
57.212 0.0001116879807
57.214 0.0001116203722
57.216 0.0001115567101
57.218 0.0001114909749
57.22 0.0001114253012
57.222 0.0001113620798
57.224 0.0001112952922
57.226 0.0001255391598
57.228 0.0001111686802
57.23 0.0001111049576
57.232 0.0001110419366
57.234 0.0001109791262
57.236 0.0001109170759
57.238 0.0001108545454
57.24 0.0001107922095
57.242 0.0001107311989
57.244 0.0001106707225
57.246 0.0001106098112
57.248 0.0001105512292
57.25 0.0001260296725
57.252 0.0001104338536
57.254 0.0001103704308
57.256 0.00011031529
57.258 0.0001102599742
57.26 0.0001102037171
57.262 0.0001101490156
57.264 0.0001100942753
57.266 0.0001100405351
57.268 0.0001099866566
57.27 0.0001099354831
57.272 0.0001098833258
57.274 0.0001259224613
57.276 0.0001097835991
57.278 0.0001097331525
57.28 0.0001096847343
57.282 0.0001096379118
57.284 0.0001095897979
57.286 0.0001095384228
57.288 0.0001094965402
57.29 0.0001094524613
57.292 0.0001094090499
57.294 0.0001093661535
57.296 0.0001093251839
57.298 0.0001092851412
57.3 0.0001278690147
57.302 0.0001092090671
57.304 0.0001091688609
57.306 0.0001091341975
57.308 0.0001090975104
57.31 0.0001090626826
57.312 0.0001090233007
57.314 0.0001089941465
57.316 0.0001089628796
57.318 0.0001089329941
57.32 0.0001089027208
57.322 0.000108874054
57.324 0.0001088459001
57.326 0.0001279904947
57.328 0.0001087930394
57.33 0.0001087680592
57.332 0.0001087431382
57.334 0.0001087210776
57.336 0.0001086919255
57.338 0.0001086734339
57.34 0.0001086518874
57.342 0.0001086323272
57.344 0.0001086131121
57.346 0.000108595298
57.348 0.0001085775211
57.35 0.0001085600322
57.352 0.0001279475559
57.354 0.0001085308256
57.356 0.0001085075131
57.358 0.0001084953333
57.36 0.0001084811862
57.362 0.0001084686987
57.364 0.0001084559507
57.366 0.0001084451377
57.368 0.0001084320053
57.37 0.0001084194078
57.372 0.0001084090422
57.374 0.0001083991911
57.376 0.0001083821026
57.378 0.0001083761147
57.38 0.0001300028606
57.382 0.0001083582374
57.384 0.0001083481958
57.386 0.0001083383143
57.388 0.0001083297113
57.39 0.0001083212899
57.392 0.00010831351
57.394 0.0001083034876
57.396 0.000108294457
57.398 0.0001082852638
57.4 0.000108270719
57.402 0.000108263272
57.404 0.000108252641
57.406 0.0001082426494
57.408 0.0001298656273
57.41 0.0001082218818
57.412 0.0001082095873
57.414 0.0001081973053
57.416 0.0001081833543
57.418 0.0001081704934
57.42 0.0001081565432
57.422 0.0001081424457
57.424 0.000108120127
57.426 0.000108105375
57.428 0.0001080890445
57.43 0.000108069926
57.432 0.0001080511573
57.434 0.0001080296581
57.436 0.0001300093386
57.438 0.0001079865842
57.44 0.000107961991
57.442 0.0001079377389
57.444 0.0001079118664
57.446 0.0001078812133
57.448 0.0001078519442
57.45 0.0001078155576
57.452 0.000107785823
57.454 0.0001077524888
57.456 0.000107716621
57.458 0.0001076826156
57.46 0.0001076431405
57.462 0.0001076052063
57.464 0.0001075647683
57.466 0.0001318519549
57.468 0.0001074810776
57.47 0.0001074333843
57.472 0.0001073880812
57.474 0.0001073383309
57.476 0.0001072894579
57.478 0.000107236664
57.48 0.0001071855023
57.482 0.0001071234586
57.484 0.0001070694878
57.486 0.0001070126747
57.488 0.0001069523854
57.49 0.0001068913518
57.492 0.0001068276013
57.494 0.0001067649184
57.496 0.0001315612847
57.498 0.0001066311591
57.5 0.000106562434
57.502 0.0001064916525
57.504 0.0001064184973
57.506 0.0001063461359
57.508 0.0001062654727
57.51 0.0001061916823
57.512 0.0001061130879
57.514 0.0001060346232
57.516 0.0001059559428
57.518 0.0001058738664
57.52 0.0001057913619
57.522 0.0001057067799
57.524 0.0001056231392
57.526 0.0001055370323
57.528 0.0001332872631
57.53 0.0001053568277
57.532 0.0001052722274
57.534 0.0001051818206
57.536 0.0001050928435
57.538 0.0001050023235
57.54 0.0001049114581
57.542 0.0001048183801
57.544 0.0001047266889
57.546 0.0001046334156
57.548 0.0001045404265
57.55 0.0001044480249
57.552 0.0001043479473
57.554 0.0001042564784
57.556 0.0001041636067
57.558 0.0001040709963
57.56 0.00010397771
57.562 0.0001344757033
57.564 0.000103792774
57.566 0.0001037025221
57.568 0.0001036092561
57.57 0.0001035192073
57.572 0.0001034211071
57.574 0.0001033327818
57.576 0.0001032428284
57.578 0.0001031529587
57.58 0.0001030636233
57.582 0.0001029761459
57.584 0.0001028873547
57.586 0.0001028023587
57.588 0.0001027147284
57.59 0.0001026316646
57.592 0.0001025397691
57.594 0.0001024601753
57.596 0.0001342759463
57.598 0.0001022998134
57.6 0.0001022203152
57.602 0.0001021426927
57.604 0.0001020663706
57.606 0.0001019912655
57.608 0.0001019157401
57.61 0.0001018374965
57.612 0.0001017704767
57.614 0.0001017323659
57.616 0.0001018819114
57.618 0.0001020281108
57.62 0.0001021736202
57.622 0.0001023209568
57.624 0.0001024681546
57.626 0.0001026166161
57.628 0.0001027607682
57.63 0.0001029081579
57.632 0.0001357606782
57.634 0.0001031989223
57.636 0.0001033452157
57.638 0.000103489977
57.64 0.000103636266
57.642 0.0001037809594
57.644 0.0001039262143
57.646 0.0001040749554
57.648 0.0001042183822
57.65 0.0001043637948
57.652 0.0001045079551
57.654 0.0001046516436
57.656 0.0001048006303
57.658 0.0001049415603
57.66 0.000105083787
57.662 0.0001052299626
57.664 0.000105372737
57.666 0.0001055166518
57.668 0.0001056621145
57.67 0.000105803615
57.672 0.0001377371643
57.674 0.0001060867572
57.676 0.0001062277376
57.678 0.0001063744108
57.68 0.0001065142372
57.682 0.0001066532347
57.684 0.0001067967182
57.686 0.000106936133
57.688 0.0001070784821
57.69 0.0001072212508
57.692 0.0001073609103
57.694 0.0001075016218
57.696 0.0001076391679
57.698 0.000107779673
57.7 0.000107919704
57.702 0.0001080572123
57.704 0.0001082005139
57.706 0.0001083403007
57.708 0.0001084802748
57.71 0.000108621582
57.712 0.0001087597186
57.714 0.0001387990436
57.716 0.0001090376073
57.718 0.0001091739911
57.72 0.0001093092874
57.722 0.0001094482491
57.724 0.0001095840098
57.726 0.0001097207588
57.728 0.0001098573053
57.73 0.0001099962655
57.732 0.0001101324245
57.734 0.0001102670989
57.736 0.0001104005693
57.738 0.0001105381365
57.74 0.0001106710331
57.742 0.000110805866
57.744 0.0001109420643
57.746 0.0001110778297
57.748 0.0001112107426
57.75 0.0001113456273
57.752 0.0001114788016
57.754 0.0001116111401
57.756 0.0001117463242
57.758 0.0001118779128
57.76 0.0001409051379
57.762 0.0001121467388
57.764 0.0001122782175
57.766 0.0001124118808
57.768 0.0001125433834
57.77 0.0001126740249
57.772 0.0001128084957
57.774 0.0001129396635
57.776 0.0001130709989
57.778 0.0001132047502
57.78 0.0001133363551
57.782 0.000113467594
57.784 0.0001136004297
57.786 0.0001137299547
57.788 0.0001138639695
57.79 0.0001139941592
57.792 0.0001141268758
57.794 0.0001142580106
57.796 0.0001143904604
57.798 0.0001145216767
57.8 0.0001146513658
57.802 0.0001147826054
57.804 0.0001149140733
57.806 0.0001150466831
57.808 0.0001151786966
57.81 0.0001423449941
57.812 0.0001154390333
57.814 0.0001155676447
57.816 0.0001157016451
57.818 0.0001158321526
57.82 0.0001159613342
57.822 0.0001160954948
57.824 0.0001162246631
57.826 0.0001163562388
57.828 0.0001164898488
57.83 0.0001166191415
57.832 0.0001167517692
57.834 0.000116883884
57.836 0.000117015548
57.838 0.0001171472089
57.84 0.0001172786158
57.842 0.0001174104363
57.844 0.000117544256
57.846 0.0001176746705
57.848 0.0001178062341
57.85 0.0001179406223
57.852 0.0001180687441
57.854 0.0001182033452
57.856 0.0001183352222
57.858 0.000118466522
57.86 0.0001185993379
57.862 0.0001187331012
57.864 0.0001188620077
57.866 0.0001189949224
57.868 0.0001191293833
57.87 0.0001397697605
57.872 0.0001193917548
57.874 0.0001195243321
57.876 0.0001196552952
57.878 0.0001197887624
57.88 0.0001199216013
57.882 0.000120053265
57.884 0.0001201876382
57.886 0.0001203198835
57.888 0.0001204519895
57.89 0.0001205859264
57.892 0.0001207179186
57.894 0.0001208505976
57.896 0.0001209847354
57.898 0.0001211171298
57.9 0.0001212489256
57.902 0.0001213815994
57.904 0.0001215146492
57.906 0.0001216493437
57.908 0.0001217811532
57.91 0.0001219115096
57.912 0.0001220459197
57.914 0.0001221780096
57.916 0.0001223089958
57.918 0.0001224423277
57.92 0.0001225737947
57.922 0.0001227049539
57.924 0.0001228350505
57.926 0.0001229679932
57.928 0.0001230993735
57.93 0.0001232314569
57.932 0.0001233623283
57.934 0.000123495381
57.936 0.0001236275989
57.938 0.0001237608909
57.94 0.0001238933997
57.942 0.000124027018
57.944 0.0001241593406
57.946 0.0001242918294
57.948 0.0001388475958
57.95 0.0001245573454
57.952 0.0001246903934
57.954 0.0001248224841
57.956 0.0001249545416
57.958 0.0001250862713
57.96 0.0001252188746
57.962 0.0001253517424
57.964 0.000125482321
57.966 0.0001256113305
57.968 0.0001257437562
57.97 0.0001258750518
57.972 0.0001260042289
57.974 0.0001261308928
57.976 0.0001262556909
57.978 0.0001263861274
57.98 0.0001265132425
57.982 0.00012663869
57.984 0.0001267632352
57.986 0.0001268860431
57.988 0.0001270066397
57.99 0.0001271269238
57.992 0.0001272467593
57.994 0.0001273655383
57.996 0.0001274823999
57.998 0.0001275992758
58 0.0001277159014
58.002 0.00012782916
58.004 0.0001279433333
58.006 0.0001280574922
58.008 0.0001281684249
58.01 0.0001282807698
58.012 0.0001283931977
58.014 0.0001285023838
58.016 0.0001286139818
58.018 0.0001287207096
58.02 0.0001288301503
58.022 0.0001289393284
58.024 0.0001290463461
58.026 0.0001291523542
58.028 0.0001292590032
58.03 0.0001293628426
58.032 0.0001294690701
58.034 0.0001295744645
58.036 0.000129676932
58.038 0.0001297817875
58.04 0.0001298839226
58.042 0.0001299854275
58.044 0.0001300848702
58.046 0.0001301861785
58.048 0.0001302873203
58.05 0.000130386625
58.052 0.0001304846222
58.054 0.0001305820775
58.056 0.0001306821181
58.058 0.0001307774385
58.06 0.0001308728339
58.062 0.0001309690172
58.064 0.0001310620841
58.066 0.0001311576786
58.068 0.0001312507497
58.07 0.0001313418273
58.072 0.0001314363824
58.074 0.0001315265677
58.076 0.0001316172849
58.078 0.0001317072774
58.08 0.0001317953284
58.082 0.000131885681
58.084 0.0001319732716
58.086 0.0001320605894
58.088 0.0001321456952
58.09 0.0001322317856
58.092 0.0001323171186
58.094 0.0001324006057
58.096 0.0001324847578
58.098 0.0001325701058
58.1 0.0001327188297
58.102 0.0001328320713
58.104 0.0001329404568
58.106 0.0001330421246
58.108 0.0001331380578
58.11 0.0001332292246
58.112 0.0001333160945
58.114 0.0001333957177
58.116 0.0001334749337
58.118 0.0001335472618
58.12 0.0001336160945
58.122 0.0001336835132
58.124 0.0001337472946
58.126 0.0001338066577
58.128 0.0001338650545
58.13 0.0001339202731
58.132 0.0001339743741
58.134 0.0001340253417
58.136 0.0001340756085
58.138 0.0001341262526
58.14 0.0001341709761
58.142 0.0001342177953
58.144 0.0001342634657
58.146 0.0001343064307
58.148 0.0001343499937
58.15 0.000134391377
58.152 0.0001344347935
58.154 0.0001344774085
58.156 0.0001345197921
58.158 0.0001345625017
58.16 0.0001346035477
58.162 0.0001346459441
58.164 0.0001346889621
58.166 0.0001347328625
58.168 0.000134775059
58.17 0.0001348186367
58.172 0.0001348631204
58.174 0.0001349092098
58.176 0.0001349550669
58.178 0.0001350057526
58.18 0.0001350555376
58.182 0.0001351067574
58.184 0.0001351584649
58.186 0.0001352112106
58.188 0.0001352641849
58.19 0.0001353160782
58.192 0.0001353713858
58.194 0.0001354270684
58.196 0.0001354820234
58.198 0.0001355381028
58.2 0.000135593432
58.202 0.0001356519665
58.204 0.0001357103065
58.206 0.0001357686397
58.208 0.0001358266539
58.21 0.0001358850858
58.212 0.0001359435703
58.214 0.000136002651
58.216 0.0001360626558
58.218 0.000136121472
58.22 0.0001361793844
58.222 0.000136238936
58.224 0.0001362977215
58.226 0.0001363549395
58.228 0.0001364146511
58.23 0.0001364714157
58.232 0.0001365305856
58.234 0.0001365859849
58.236 0.0001366441288
58.238 0.0001366987944
58.24 0.0001367532453
58.242 0.0001368095895
58.244 0.0001368631969
58.246 0.000136916068
58.248 0.0001369691029
58.25 0.0001370202758
58.252 0.000137071825
58.254 0.0001371213642
58.256 0.0001371718478
58.258 0.0001372194291
58.26 0.0001372655792
58.262 0.0001373132284
58.264 0.0001373586537
58.266 0.0001374029824
58.268 0.0001374476522
58.27 0.0001374895788
58.272 0.0001375315396
58.274 0.0001375724637
58.276 0.0001376128541
58.278 0.0001376519129
58.28 0.0001376885638
58.282 0.0001377264318
58.284 0.0001377620816
58.286 0.0001377975781
58.288 0.0001378326908
58.29 0.0001378648709
58.292 0.0001378985738
58.294 0.0001379300654
58.296 0.0001379624472
58.298 0.000137991188
58.3 0.0001380208737
58.302 0.0001380488601
58.304 0.0001380773402
58.306 0.0001381052971
58.308 0.0001381321987
58.31 0.0001381572974
58.312 0.000138181987
58.314 0.0001382055816
58.316 0.0001382311236
58.318 0.0001382541121
58.32 0.0001382766814
58.322 0.000138298757
58.324 0.0001383196294
58.326 0.0001383419566
58.328 0.0001383620004
58.33 0.0001383818195
58.332 0.000138400588
58.334 0.0001384189251
58.336 0.0001384377625
58.338 0.0001384554054
58.34 0.0001384733767
58.342 0.0001384901416
58.344 0.0001385060787
58.346 0.0001385222875
58.348 0.0001385376302
58.35 0.0001385523133
58.352 0.0001385669663
58.354 0.0001385784125
58.356 0.0001385934262
58.358 0.0001386060752
58.36 0.0001386191744
58.362 0.0001386306902
58.364 0.0001386412297
58.366 0.0001386524348
58.368 0.0001386626288
58.37 0.0001386731376
58.372 0.0001386822719
58.374 0.0001386916787
58.376 0.0001386980228
58.378 0.0001387059768
58.38 0.0001387125004
58.382 0.0001387180212
58.384 0.0001387240228
58.386 0.000138726999
58.388 0.0001387321278
58.39 0.0001387356693
58.392 0.0001387389765
58.394 0.0001387412159
58.396 0.0001387427493
58.398 0.000138743171
58.4 0.0001387441974
58.402 0.0001387441829
58.404 0.000138743473
58.406 0.0001387417713
58.408 0.0001387395614
58.41 0.0001387368154
58.412 0.0001387338196
58.414 0.0001387300753
58.416 0.0001387260019
58.418 0.0001387205754
58.42 0.0001387129196
58.422 0.0001387070479
58.424 0.0001386994353
58.426 0.0001386918505
58.428 0.0001386826122
58.43 0.0001386737942
58.432 0.0001386619502
58.434 0.0001386507609
58.436 0.0001386399322
58.438 0.0001386271599
58.44 0.0001386141681
58.442 0.0001385989725
58.444 0.0001385854676
58.446 0.0001385691673
58.448 0.000138553337
58.45 0.0001385367663
58.452 0.0001385190447
58.454 0.0001385000446
58.456 0.0001384814047
58.458 0.0001384620675
58.46 0.0001384417757
58.462 0.0001384204521
58.464 0.0001383987834
58.466 0.0001383754131
58.468 0.0001383535985
58.47 0.0001383293723
58.472 0.0001383059434
58.474 0.0001382803104
58.476 0.0001382557901
58.478 0.0001382276592
58.48 0.0001382019775
58.482 0.0001381748211
58.484 0.0001381474307
58.486 0.0001381186729
58.488 0.0001380897694
58.49 0.0001380595102
58.492 0.0001380286066
58.494 0.0001380463412
58.496 0.0001381638777
58.498 0.0001382808989
58.5 0.0001384017895
58.502 0.0001385219163
58.504 0.0001386418083
58.506 0.0001387688289
58.508 0.0001388937859
58.51 0.0001390835724
58.512 0.0001392466381
58.514 0.000139409405
58.516 0.0001395652588
58.518 0.0001397236295
58.52 0.000139880222
58.522 0.000140033558
58.524 0.0001401853613
58.526 0.0001403342124
58.528 0.0001404806505
58.53 0.0001406279525
58.532 0.000140772582
58.534 0.0001409156509
58.536 0.0001410576605
58.538 0.0001411986203
58.54 0.0001413382601
58.542 0.0001414747302
58.544 0.0001416066857
58.546 0.0001417458023
58.548 0.000141879009
58.55 0.0001420148275
58.552 0.0001421468062
58.554 0.0001422766163
58.556 0.000142410568
58.558 0.0001425412987
58.56 0.0001426738507
58.562 0.0001428026885
58.564 0.000142933833
58.566 0.0001430633694
58.568 0.0001431904447
58.57 0.0001433200349
58.572 0.0001434515168
58.574 0.0001435786735
58.576 0.000143707225
58.578 0.0001438366724
58.58 0.0001439624773
58.582 0.0001440937563
58.584 0.0001442215508
58.586 0.0001443510367
58.588 0.0001444795044
58.59 0.000144609819
58.592 0.0001447376827
58.594 0.0001448646481
58.596 0.0001449952078
58.598 0.0001451246923
58.6 0.0001452556896
58.602 0.0001453844433
58.604 0.0001455153582
58.606 0.0001456449132
58.608 0.0001457742717
58.61 0.0001459047375
58.612 0.0001460358582
58.614 0.0001461675339
58.616 0.000146298435
58.618 0.0001464300882
58.62 0.0001465620241
58.622 0.0001466907714
58.624 0.0001468244103
58.626 0.0001469554596
58.628 0.0001470891653
58.63 0.0001472209029
58.632 0.0001473531515
58.634 0.0001474864345
58.636 0.0001476167817
58.638 0.0001477514
58.64 0.000147883497
58.642 0.0001480161693
58.644 0.000148148431
58.646 0.0001482831934
58.648 0.000148413578
58.65 0.0001485462313
58.652 0.0001486784408
58.654 0.0001488126807
58.656 0.0001489425706
58.658 0.0001490759669
58.66 0.0001492062898
58.662 0.0001493401482
58.664 0.0001494671514
58.666 0.0001495996483
58.668 0.0001497299561
58.67 0.0001498610308
58.672 0.0001499888237
58.674 0.0001501181642
58.676 0.0001502474516
58.678 0.0001503725039
58.68 0.000150502309
58.682 0.00015063042
58.684 0.0001507568261
58.686 0.0001508831918
58.688 0.0001510086274
58.69 0.0001511346455
58.692 0.000151255283
58.694 0.0001513805451
58.696 0.0001515037604
58.698 0.0001516282488
58.7 0.0001517494584
58.702 0.0001518725373
58.704 0.0001519922712
58.706 0.0001521127716
58.708 0.0001522303141
58.71 0.0001523507688
58.712 0.0001524680833
58.714 0.0001525880634
58.716 0.0001527033036
58.718 0.0001528207921
58.72 0.0001529361055
58.722 0.00015305159
58.724 0.0001531638092
58.726 0.0001532788019
58.728 0.0001533906576
58.73 0.0001535051699
58.732 0.0001536163514
58.734 0.0001537283433
58.736 0.0001538396345
58.738 0.0001539477752
58.74 0.0001540583425
58.742 0.0001541681975
58.744 0.0001542780505
58.746 0.0001543863876
58.748 0.0001544939322
58.75 0.0001546031168
58.752 0.0001547113441
58.754 0.0001548169532
58.756 0.0001549254645
58.758 0.0001550328625
58.76 0.0001551387288
58.762 0.0001552455907
58.764 0.0001553506586
58.766 0.0001554580824
58.768 0.0001555623365
58.77 0.0001556676376
58.772 0.0001557749941
58.774 0.0001558796132
58.776 0.0001559827578
58.778 0.0001560901217
58.78 0.0001561925516
58.782 0.0001562965991
58.784 0.0001563996307
58.786 0.0001565076931
58.788 0.0001566062401
58.79 0.0001567114868
58.792 0.0001568178842
58.794 0.0001569220116
58.796 0.0001570267982
58.798 0.0001571323653
58.8 0.0001572350788
58.802 0.0001573388447
58.804 0.000157445246
58.806 0.0001575507125
58.808 0.000157652938
58.81 0.0001577582235
58.812 0.0001578652314
58.814 0.0001579700965
58.816 0.0001580729146
58.818 0.0001581814725
58.82 0.0001582828948
58.822 0.0001583862296
58.824 0.0001584926037
58.826 0.0001586006771
58.828 0.0001587036298
58.83 0.000158811898
58.832 0.0001589176641
58.834 0.000159023094
58.836 0.0001591289508
58.838 0.0001592376638
58.84 0.0001593449046
58.842 0.0001594487263
58.844 0.0001595589749
58.846 0.0001596683115
58.848 0.0001597745459
58.85 0.0001598867769
58.852 0.0001599927722
58.854 0.0001601016578
58.856 0.0001602109584
58.858 0.0001603195584
58.86 0.0001604215823
58.862 0.0001605255381
58.864 0.0001606311858
58.866 0.0001607345922
58.868 0.000160834936
58.87 0.0001609403286
58.872 0.0001610410457
58.874 0.0001611417384
58.876 0.0001612408819
58.878 0.000161345564
58.88 0.0001614410885
58.882 0.0001615424428
58.884 0.0001616473873
58.886 0.000161742705
58.888 0.0001618458292
58.89 0.0001619430877
58.892 0.0001620471149
58.894 0.0001621458972
58.896 0.0001622462892
58.898 0.0001623483432
58.9 0.0001624456115
58.902 0.0001625441469
58.904 0.0001626482356
58.906 0.000162747967
58.908 0.0001628472772
58.91 0.0001629490445
58.912 0.0001630520617
58.914 0.0001631521596
58.916 0.0001632540488
58.918 0.0001633587162
58.92 0.0001634585006
58.922 0.0001635607615
58.924 0.0001636611828
58.926 0.0001637701656
58.928 0.0001638714057
58.93 0.0001639746161
58.932 0.0001640828723
58.934 0.0001641870231
58.936 0.0001642893768
58.938 0.000164395312
58.94 0.0001645029611
58.942 0.0001646068467
58.944 0.0001647142457
58.946 0.0001648226544
58.948 0.0001649234557
58.95 0.0001650317806
58.952 0.00016513928
58.954 0.0001652487421
58.956 0.0001653580524
58.958 0.0001654629578
58.96 0.0001655779088
58.962 0.0001656842956
58.964 0.0001657929426
58.966 0.0001659024476
58.968 0.0001660162956
58.97 0.0001661243178
58.972 0.0001662331182
58.974 0.0001663455659
58.976 0.0001664572324
58.978 0.0001665660726
58.98 0.0001666776312
58.982 0.0001667904326
58.984 0.0001669014141
58.986 0.0001670103305
58.988 0.0001671212475
58.99 0.0001672362244
58.992 0.0001673488354
58.994 0.0001674555052
58.996 0.0001675698713
58.998 0.0001676783858
59 0.0001677882624
59.002 0.0001678975336
59.004 0.0001680085014
59.006 0.0001681172518
59.008 0.0001682229515
59.01 0.0001683320844
59.012 0.0001684421497
59.014 0.0001685471421
59.016 0.0001686539017
59.018 0.0001687578552
59.02 0.0001688637849
59.022 0.0001689672211
59.024 0.0001690714155
59.026 0.0001691750753
59.028 0.0001692798685
59.03 0.0001693778299
59.032 0.000169481886
59.034 0.0001695875181
59.036 0.0001696860746
59.038 0.0001700347021
59.04 0.0001698355434
59.042 0.0001699115727
59.044 0.0001699741817
59.046 0.0001700600308
59.048 0.0001701628212
59.05 0.0001702711166
59.052 0.0001703935319
59.054 0.00017052312
59.056 0.0001706575532
59.058 0.000170796777
59.06 0.0001709427151
59.062 0.0001710834963
59.064 0.000171229801
59.066 0.000171370028
59.068 0.000171506677
59.07 0.0001718858158
59.072 0.0001717181948
59.074 0.0001718254959
59.076 0.0001719112681
59.078 0.0001720159238
59.08 0.000172128391
59.082 0.0001722466778
59.084 0.00017237329
59.086 0.0001725001774
59.088 0.0001726265046
59.09 0.0001727583531
59.092 0.000172881894
59.094 0.0001732458199
59.096 0.0001730688191
59.098 0.0001731638464
59.1 0.0001732364291
59.102 0.0001733301372
59.104 0.0001734232638
59.106 0.0001735229959
59.108 0.0001736318431
59.11 0.0001737425457
59.112 0.0001740870467
59.114 0.0001738996254
59.116 0.0001739831934
59.118 0.0001740502539
59.12 0.0001741306072
59.122 0.0001742207344
59.124 0.0001743160158
59.126 0.0001744189625
59.128 0.0001747568084
59.13 0.0001745657815
59.132 0.0001746474228
59.134 0.0001747047972
59.136 0.0001747878107
59.138 0.000174870955
59.14 0.0001749631934
59.142 0.0001752899931
59.144 0.0001750994561
59.146 0.0001751786365
59.148 0.0001752154031
59.15 0.0001752750398
59.152 0.0001753475238
59.154 0.0001756546904
59.156 0.0001754506109
59.158 0.0001755202113
59.16 0.0001755734694
59.162 0.0001756414665
59.164 0.0001757194706
59.166 0.0001760337126
59.168 0.0001758391444
59.17 0.0001759148805
59.172 0.0001759698488
59.174 0.0001760427061
59.176 0.00017635079
59.178 0.0001761573784
59.18 0.000176227706
59.182 0.0001762817122
59.184 0.0001763574938
59.186 0.0001766677723
59.188 0.0001764690119
59.19 0.0001765450211
59.192 0.0001766005708
59.194 0.0001766767274
59.196 0.0001769875147
59.198 0.0001767910266
59.2 0.0001768629441
59.202 0.0001769191007
59.204 0.0001772156319
59.206 0.0001770092079
59.208 0.0001770780967
59.21 0.0001771270993
59.212 0.0001771953854
59.214 0.0001774971933
59.216 0.0001772957504
59.218 0.0001774159535
59.22 0.0001774862523
59.222 0.0001778003288
59.224 0.000177612797
59.226 0.0001776905488
59.228 0.0001777510937
59.23 0.000178048003
59.232 0.0001778490672
59.234 0.0001779214908
59.236 0.000177971642
59.238 0.0001782590762
59.24 0.0001780538622
59.242 0.0001781185957
59.244 0.0001783784463
59.246 0.0001781592302
59.248 0.0001782092676
59.25 0.0001782437942
59.252 0.0001785195393
59.254 0.0001783030538
59.256 0.0001783575227
59.258 0.0001783913153
59.26 0.0001786628979
59.262 0.0001784436233
59.264 0.0001784905699
59.266 0.0001787299267
59.268 0.0001784986773
59.27 0.0001785298683
59.272 0.0001787633607
59.274 0.0001785254638
59.276 0.00017855215
59.278 0.0001787794028
59.28 0.0001785401821
59.282 0.0001785666652
59.284 0.0001785843035
59.286 0.0001788300986
59.288 0.000178598947
59.29 0.0001786290068
59.292 0.0001788583243
59.294 0.000178617871
59.296 0.0001786353912
59.298 0.0001788532664
59.3 0.0001786024638
59.302 0.0001786156165
59.304 0.0001788290876
59.306 0.0001785758034
59.308 0.0001785843609
59.31 0.0001787940155
59.312 0.0001785388924
59.314 0.0001785480236
59.316 0.0001787573126
59.318 0.0001785038158
59.32 0.0001787189159
59.322 0.0001784488001
59.324 0.0001784460116
59.326 0.0001786494505
59.328 0.0001783971413
59.33 0.0001784080835
59.332 0.0001786207388
59.334 0.000178372104
59.336 0.0001785991434
59.338 0.0001783365104
59.34 0.0001783472396
59.342 0.0001785588905
59.344 0.000178313836
59.346 0.0001783345306
59.348 0.0001785508718
59.35 0.0001783104359
59.352 0.000178536909
59.354 0.000178285107
59.356 0.0001782925256
59.358 0.0001785010688
59.36 0.0001782560583
59.362 0.000178478559
59.364 0.000178217176
59.366 0.0001782290998
59.368 0.0001784315048
59.37 0.0001781861635
59.372 0.0001784069971
59.374 0.0001781449131
59.376 0.0001783566186
59.378 0.0001780927321
59.38 0.0001780999173
59.382 0.0001783040765
59.384 0.0001780601684
59.386 0.0001782817008
59.388 0.0001780287346
59.39 0.000178242576
59.392 0.000177983527
59.394 0.0001781977993
59.396 0.0001779407121
59.398 0.0001779507909
59.4 0.0001781616786
59.402 0.0001779286921
59.404 0.000178157198
59.406 0.0001779104037
59.408 0.0001781327646
59.41 0.0001778853003
59.412 0.0001781000745
59.414 0.0001778510471
59.416 0.000178065393
59.418 0.0001778182484
59.42 0.0001780357608
59.422 0.0001777900579
59.424 0.0001780118694
59.426 0.0001777743653
59.428 0.0001779960155
59.43 0.0001777592358
59.432 0.0001779857509
59.434 0.0001777536193
59.436 0.0001779815475
59.438 0.0001777528727
59.44 0.0001779840043
59.442 0.0001777568465
59.444 0.0001779904892
59.446 0.0001777629946
59.448 0.0001779942422
59.45 0.0001777671257
59.452 0.0001779991909
59.454 0.0001777713328
59.456 0.0001780028856
59.458 0.0001777717756
59.46 0.0001779991609
59.462 0.0001777686699
59.464 0.0001779988215
59.466 0.0001777612818
59.468 0.0001779861941
59.47 0.0001777490761
59.472 0.0001779688651
59.474 0.0001777292369
59.476 0.0001779490052
59.478 0.0001777050608
59.48 0.0001779194701
59.482 0.0001776745998
59.484 0.0001778884965
59.486 0.0001776369559
59.488 0.0001778456296
59.49 0.0001775937996
59.492 0.0001778044022
59.494 0.0001777420739
59.496 0.0001775059459
59.498 0.0001776942181
59.5 0.0001774385763
59.502 0.000177646885
59.504 0.0001773927776
59.506 0.0001776163561
59.508 0.0001773804831
59.51 0.0001776069721
59.512 0.0001775618189
59.514 0.0001773497737
59.516 0.000177557512
59.518 0.0001773217228
59.52 0.0001775499154
59.522 0.0001775133667
59.524 0.0001773106847
59.526 0.0001775262769
59.528 0.000177298569
59.53 0.0001775410647
59.532 0.0001775167505
59.534 0.0001773279813
59.536 0.0001775558961
59.538 0.0001773482353
59.54 0.0001775957589
59.542 0.0001775816062
59.544 0.0001773969328
59.546 0.0001776366861
59.548 0.0001776170037
59.55 0.0001774396444
59.552 0.0001776749411
59.554 0.0001774794079
59.556 0.0001777312622
59.558 0.0001777199239
59.56 0.0001775540503
59.562 0.0001777954152
59.564 0.0001777840637
59.566 0.0001776093908
59.568 0.0001778481526
59.57 0.0001778241559
59.572 0.0001776543373
59.574 0.0001778926284
59.576 0.0001778773106
59.578 0.0001777045283
59.58 0.0001779420808
59.582 0.0001779235672
59.584 0.0001777524809
59.586 0.000177991467
59.588 0.0001779824499
59.59 0.0001778077179
59.592 0.0001780389886
59.594 0.0001780329202
59.596 0.0001780418725
59.598 0.0001778504863
59.6 0.0001780770783
59.602 0.000178058275
59.604 0.000177890463
59.606 0.0001781274392
59.608 0.0001781241567
59.61 0.0001781388155
59.612 0.0001779445805
59.614 0.0001781819184
59.616 0.0001781790074
59.618 0.0001780088127
59.62 0.0001782445528
59.622 0.0001782487054
59.624 0.0001782651268
59.626 0.0001780833246
59.628 0.0001783084297
59.63 0.0001783073719
59.632 0.000178316809
59.634 0.0001781322269
59.636 0.0001783526874
59.638 0.0001783463254
59.64 0.000178358217
59.642 0.0001781718057
59.644 0.0001783890428
59.646 0.0001783878165
59.648 0.0001783949298
59.65 0.0001782068984
59.652 0.0001784230152
59.654 0.0001784174295
59.656 0.0001784233624
59.658 0.0001784105198
59.66 0.0001782015286
59.662 0.0001784241185
59.664 0.0001784067588
59.666 0.0001784018432
59.668 0.0001782128508
59.67 0.0001784349105
59.672 0.0001784218746
59.674 0.0001784119951
59.676 0.0001784005807
59.678 0.0001781965471
59.68 0.0001784011144
59.682 0.0001783852369
59.684 0.0001783785933
59.686 0.0001783606912
59.688 0.0001781445134
59.69 0.0001783562287
59.692 0.0001783335166
59.694 0.0001783187897
59.696 0.0001782985482
59.698 0.0001782687545
59.7 0.0001780454941
59.702 0.00017825605
59.704 0.0001782273055
59.706 0.000178216633
59.708 0.0001781871198
59.71 0.0001774821495
59.712 0.0001775574428
59.714 0.0001777941492
59.716 0.0001778058767
59.718 0.0001771606212
59.72 0.0001774534812
59.722 0.0001774995446
59.724 0.0001766772486
59.726 0.0001772339301
59.728 0.0001773097426
59.73 0.0001767222658
59.732 0.0001770657638
59.734 0.0001764863758
59.736 0.0001768421439
59.738 0.0001767620702
59.74 0.0001764293671
59.742 0.0001768137367
59.744 0.0001762787755
59.746 0.0001766881555
59.748 0.0001761571955
59.75 0.000176557135
59.752 0.0001758583875
59.754 0.0001765175925
59.756 0.000176010908
59.758 0.0001764703114
59.76 0.0001759844792
59.762 0.0001764173811
59.764 0.0001759268785
59.766 0.0001761840033
59.768 0.0001759305935
59.77 0.0001763836361
59.772 0.0001759127623
59.774 0.0001757085914
59.776 0.0001761784078
59.778 0.0001756996254
59.78 0.0001755011565
59.782 0.0001759769154
59.784 0.0001755141565
59.786 0.0001751484993
59.788 0.000175229281
59.79 0.0001757450235
59.792 0.0001753612798
59.794 0.0001752206509
59.796 0.0001750998173
59.798 0.0001756393153
59.8 0.0001752408253
59.802 0.000175111792
59.804 0.000174992754
59.806 0.0001748787556
59.808 0.000174792574
59.81 0.0001747072358
59.812 0.0001746517662
59.814 0.0001746051912
59.816 0.000175215869
59.818 0.0001749187584
59.82 0.0001748664443
59.822 0.0001748378831
59.824 0.0001748174305
59.826 0.0001748003573
59.828 0.000174794736
59.83 0.0001747803834
59.832 0.0001747778738
59.834 0.0001747719989
59.836 0.0001747614707
59.838 0.0001747642699
59.84 0.0001747500893
59.842 0.0001747553828
59.844 0.0001747538912
59.846 0.0001747439515
59.848 0.0001747459173
59.85 0.0001747347147
59.852 0.0001747332521
59.854 0.0001747294124
59.856 0.0001747146181
59.858 0.0001747078499
59.86 0.0001746900701
59.862 0.000174679538
59.864 0.0001746574284
59.866 0.0001746459675
59.868 0.0001746279694
59.87 0.0001745982446
59.872 0.0001745813871
59.874 0.000174548712
59.876 0.0001745252014
59.878 0.0001744900121
59.88 0.0001744653408
59.882 0.0001744307924
59.884 0.0001743922206
59.886 0.0001743627523
59.888 0.0001743181091
59.89 0.0001742876951
59.892 0.0001742426716
59.894 0.0001742076328
59.896 0.0001741702935
59.898 0.0001741232746
59.9 0.0001740866953
59.902 0.0001740352644
59.904 0.0001739999769
59.906 0.0001739492723
59.908 0.0001739132764
59.91 0.0001738647731
59.912 0.000173825602
59.914 0.0001737854207
59.916 0.0001737363088
59.918 0.0001736988531
59.92 0.0001736489212
59.922 0.0001736105819
59.924 0.0001735605039
59.926 0.0001735248467
59.928 0.0001734769058
59.93 0.0001734389898
59.932 0.0001733920995
59.934 0.0001733573152
59.936 0.0001733078901
59.938 0.0001732748563
59.94 0.0001732167256
59.942 0.0001731537852
59.944 0.0001731094363
59.946 0.0001730531189
59.948 0.0001730084958
59.95 0.0001729544021
59.952 0.0001729118897
59.954 0.0001728572334
59.956 0.0001728183287
59.958 0.0001727668146
59.96 0.0001727255984
59.962 0.0001726780954
59.964 0.0001726408021
59.966 0.000172591795
59.968 0.0001725565443
59.97 0.000172510544
59.972 0.0001724741989
59.974 0.0001724289893
59.976 0.0001723960236
59.978 0.0001723477328
59.98 0.0001723174688
59.982 0.0001722747813
59.984 0.0001722432433
59.986 0.0001722023489
59.988 0.0001721740912
59.99 0.0001721321783
59.992 0.0001721084669
59.994 0.0001720709978
59.996 0.0001720446338
59.998 0.0001720117748
60 0.0001719890881
60.002 0.0001719580304
60.004 0.0001719376481
60.006 0.0001719139493
60.008 0.000171892661
60.01 0.0001718636811
60.012 0.0001718462121
60.014 0.0001718165314
60.016 0.0001718018367
60.018 0.000171777608
60.02 0.0001717652084
60.022 0.0001717445227
60.024 0.0001717386876
60.026 0.0001717195693
60.028 0.0001717182587
60.03 0.0001717046838
60.032 0.0001717033666
60.034 0.0001716968627
60.036 0.0001717033566
60.038 0.0001717000656
60.04 0.0001717124345
60.042 0.0001717144014
60.044 0.000171728306
60.046 0.00017173441
60.048 0.0001717546706
60.05 0.0001717596593
60.052 0.0001717843007
60.054 0.0001717973458
60.056 0.0001718239909
60.058 0.0001718396575
60.06 0.0001718737788
60.062 0.0001718928846
60.064 0.000171926477
60.066 0.0001719509121
60.068 0.0001719875381
60.07 0.0001720192364
60.072 0.0001720581482
60.074 0.0001720839694
60.076 0.0001721277403
60.078 0.0001721595674
60.08 0.0001722029344
60.082 0.0001722379893
60.084 0.0001722876133
60.086 0.0001723211275
60.088 0.0001723714775
60.09 0.0001724087339
60.092 0.0001724603165
60.094 0.0001724954214
60.096 0.0001725536704
60.098 0.0001725923234
60.1 0.0001726456073
60.102 0.0001726862599
60.104 0.000172742497
60.106 0.0001727861716
60.108 0.0001728421625
60.11 0.0001728857349
60.112 0.0001729410766
60.114 0.0001729907378
60.116 0.000173046523
60.118 0.000173087406
60.12 0.0001731475116
60.122 0.0001732051232
60.124 0.0001732500977
60.126 0.000173306957
60.128 0.0001733516438
60.13 0.0001734135723
60.132 0.0001734588303
60.134 0.0001735185342
60.136 0.0001735652173
60.138 0.0001736266276
60.14 0.0001736690822
60.142 0.0001737277708
60.144 0.0001737779555
60.146 0.000173832722
60.148 0.0001738781277
60.15 0.0001739359629
60.152 0.0001739783244
60.154 0.0001740348112
60.156 0.0001740814668
60.158 0.0001741368952
60.16 0.0001741883287
60.162 0.0001742344532
60.164 0.0001742887667
60.166 0.000174330099
60.168 0.0001743900471
60.17 0.0001744298619
60.172 0.0001744849449
60.174 0.0001745332466
60.176 0.0001745852869
60.178 0.0001746307139
60.18 0.0001746852832
60.182 0.0001747261667
60.184 0.000174786943
60.186 0.0001748367599
60.188 0.0001748846806
60.19 0.0001749355507
60.192 0.0001749791768
60.194 0.0001750392917
60.196 0.0001750795442
60.198 0.0001751397304
60.2 0.0001751822071
60.202 0.0001752368178
60.204 0.000175294064
60.206 0.0001753364023
60.208 0.0001753952696
60.21 0.0001754371348
60.212 0.0001754986552
60.214 0.0001755416925
60.216 0.0001756021674
60.218 0.0001756549718
60.22 0.0001757036548
60.222 0.0001757569099
60.224 0.0001758064045
60.226 0.0001758627528
60.228 0.0001759214452
60.23 0.0001759646259
60.232 0.000176026007
60.234 0.0001760714944
60.236 0.0001761323731
60.238 0.000176184605
60.24 0.0001762349288
60.242 0.0001762931049
60.244 0.0001763427993
60.246 0.0001763999706
60.248 0.0001764588292
60.25 0.0001765057373
60.252 0.0001765671917
60.254 0.0001766226793
60.256 0.000176669169
60.258 0.0001767219575
60.26 0.0001767752464
60.262 0.000176826503
60.264 0.0001768834375
60.266 0.0001769237892
60.268 0.000176984307
60.27 0.0001770356989
60.272 0.0001770926526
60.274 0.0001771424286
60.276 0.0001771946031
60.278 0.0001772513395
60.28 0.0001773005578
60.282 0.0001773563478
60.284 0.0001774086175
60.286 0.0001774599742
60.288 0.0001775169384
60.29 0.0001775693037
60.292 0.000177622074
60.294 0.0001776788583
60.296 0.0001777344727
60.298 0.00017778582
60.3 0.0001778454151
60.302 0.0001779016706
60.304 0.0001779581997
60.306 0.0001780091873
60.308 0.0001780674805
60.31 0.0001781272774
60.312 0.0001781816821
60.314 0.0001782404083
60.316 0.0001783012236
60.318 0.0001783543106
60.32 0.0001784172699
60.322 0.0001784756729
60.324 0.0001785376196
60.326 0.0001785881339
60.328 0.0001786508176
60.33 0.0001787114134
60.332 0.0001787698202
60.334 0.0001788274709
60.336 0.0001788882636
60.338 0.0001789514126
60.34 0.0001790109808
60.342 0.0001790699193
60.344 0.0001791333054
60.346 0.0001791944528
60.348 0.0001792556661
60.35 0.0001793152026
60.352 0.0001793789799
60.354 0.0001794414824
60.356 0.0001795047805
60.358 0.0001795677199
60.36 0.0001796271514
60.362 0.0001796924867
60.364 0.0001797576651
60.366 0.0001798235984
60.368 0.0001798875501
60.37 0.0001799484313
60.372 0.0001800175406
60.374 0.0001800853233
60.376 0.000180152797
60.378 0.0001802186247
60.38 0.0001802837766
60.382 0.0001803564818
60.384 0.0001804251374
60.386 0.000180495619
60.388 0.0001805645091
60.39 0.0001806378238
60.392 0.0001807046269
60.394 0.0001807777161
60.396 0.000180852584
60.398 0.0001809241288
60.4 0.0001809979162
60.402 0.0001810727027
60.404 0.0001811478957
60.406 0.000181219734
60.408 0.0001812952278
60.41 0.0001813717698
60.412 0.0001814481004
60.414 0.0001815254122
60.416 0.0001816009907
60.418 0.0001816790787
60.42 0.0001817571441
60.422 0.0001818278742
60.424 0.000181908221
60.426 0.0001819875693
60.428 0.0001820641072
60.43 0.0001821440209
60.432 0.0001822223304
60.434 0.0001822985941
60.436 0.0001823779174
60.438 0.0001824572363
60.44 0.0001825357539
60.442 0.000182614405
60.444 0.000182689066
60.446 0.000182770334
60.448 0.0001828488226
60.45 0.0001829284134
60.452 0.0001830069811
60.454 0.0001830850532
60.456 0.0001831655651
60.458 0.0001832448709
60.46 0.0001833238112
60.462 0.0001834037803
60.464 0.0001834829019
60.466 0.0001835624166
60.468 0.0001836410905
60.47 0.0001837208762
60.472 0.000183798302
60.474 0.000183877136
60.476 0.0001839570921
60.478 0.0001840344147
60.48 0.0001841154877
60.482 0.0001841947913
60.484 0.0001842718279
60.486 0.0001843521726
60.488 0.0001844256515
60.49 0.0001845076681
60.492 0.0001845867748
60.494 0.0001846658021
60.496 0.0001847458203
60.498 0.0001848249471
60.5 0.0001849034674
60.502 0.0001849836929
60.504 0.0001850633045
60.506 0.0001851409725
60.508 0.0001852221015
60.51 0.0001853012206
60.512 0.0001853804878
60.514 0.0001854606971
60.516 0.0001855391715
60.518 0.0001856188241
60.52 0.0001856999541
60.522 0.0001857785634
60.524 0.0001858587736
60.526 0.0001859361653
60.528 0.0001860168543
60.53 0.0001860898424
60.532 0.0001861706271
60.534 0.0001862531694
60.536 0.0001863331828
60.538 0.000186411382
60.54 0.0001864963801
60.542 0.0001865747717
60.544 0.0001866568508
60.546 0.0001867379496
60.548 0.0001868168107
60.55 0.0001868996876
60.552 0.0001869783226
60.554 0.0001870601198
60.556 0.0001871400686
60.558 0.0001872208303
60.56 0.0001873005587
60.562 0.0001873701562
60.564 0.0001874560917
60.566 0.000187537734
60.568 0.0001876166411
60.57 0.0001876996855
60.572 0.0001877782289
60.574 0.0001878618353
60.576 0.0001879418265
60.578 0.0001880245522
60.58 0.0001881076807
60.582 0.0001881880979
60.584 0.0001882711255
60.586 0.0001883454551
60.588 0.0001884316439
60.59 0.0001885166887
60.592 0.000188598076
60.594 0.0001886832435
60.596 0.0001887658935
60.598 0.0001888516461
60.6 0.0001889341534
60.602 0.0001890201535
60.604 0.0001891036032
60.606 0.0001891809263
60.608 0.0001892706019
60.61 0.0001893558218
60.612 0.0001894411268
60.614 0.0001895255499
60.616 0.0001896129897
60.618 0.0001896964761
60.62 0.0001897842633
60.622 0.0001898634569
60.624 0.0001899514701
60.626 0.0001900407202
60.628 0.0001901263713
60.63 0.0001902139575
60.632 0.0001903026247
60.634 0.0001903906194
60.636 0.0001904793301
60.638 0.000190558121
60.64 0.0001906514256
60.642 0.0001907395834
60.644 0.0001908289913
60.646 0.0001909178228
60.648 0.0001910069498
60.65 0.0001910951332
60.652 0.0001911786084
60.654 0.0001912714558
60.656 0.00019136312
60.658 0.0001914548009
60.66 0.0001915432889
60.662 0.0001916347942
60.664 0.0001917251604
60.666 0.0001918095922
60.668 0.0001919039998
60.67 0.0001919967821
60.672 0.000192088133
60.674 0.0001921816115
60.676 0.0001922745498
60.678 0.0001923590494
60.68 0.0001924562874
60.682 0.0001925486891
60.684 0.0001926437782
60.686 0.0001927353449
60.688 0.0001928310069
60.69 0.0001929157982
60.692 0.0001930143648
60.694 0.0001931088866
60.696 0.0001932054846
60.698 0.000193299241
60.7 0.0001933958059
60.702 0.0001934830098
60.704 0.0001935817357
60.706 0.0001936791117
60.708 0.0001937736715
60.71 0.0001938717922
60.712 0.000193967074
60.714 0.0001940575719
60.716 0.0001941572731
60.718 0.0001942557551
60.72 0.0001943541567
60.722 0.000194452867
60.724 0.000194541782
60.726 0.00019464508
60.728 0.0001947430828
60.73 0.0001948428402
60.732 0.0001949418678
60.734 0.0001950343668
60.736 0.0001951382065
60.738 0.000195237703
60.74 0.0001953389134
60.742 0.0001954390447
60.744 0.0001955342039
60.746 0.0001956368682
60.748 0.0001957403372
60.75 0.0001958403088
60.752 0.0001959368914
60.754 0.0001960414507
60.756 0.0001961449283
60.758 0.0001962476192
60.76 0.0001963447812
60.762 0.0001964503676
60.764 0.0001965557942
60.766 0.0001966587366
60.768 0.0001967576059
60.77 0.0001968670971
60.772 0.0001969715959
60.774 0.0001970706404
60.776 0.0001971783874
60.778 0.0001972864858
60.78 0.0001973917228
60.782 0.0001974917812
60.784 0.0001976011759
60.786 0.0001977105004
60.788 0.0001978093321
60.79 0.0001979224015
60.792 0.0001980304226
60.794 0.0001981328864
60.796 0.0001982443608
60.798 0.0001983553977
60.8 0.0001984574616
60.802 0.0001985728881
60.804 0.0001986825034
60.806 0.0001987879414
60.808 0.0001989012012
60.81 0.0001990144143
60.812 0.0001991225076
60.814 0.0001992381014
60.816 0.0001993468117
60.818 0.0001994627934
60.82 0.0001995789425
60.822 0.0001996859398
60.824 0.0002036955229
60.826 0.0002062766546
60.828 0.000208699317
60.83 0.0002109683252
60.832 0.0002131214505
60.834 0.0002151368676
60.836 0.0002170215232
60.838 0.0002187904964
60.84 0.0002204318611
60.842 0.0002219637092
60.844 0.0002233723626
60.846 0.0002246795851
60.848 0.0002258673565
60.85 0.0002269585048
60.852 0.0002279372472
60.854 0.0002288255774
60.856 0.0002296077712
60.858 0.0002303064296
60.86 0.0002309064345
60.862 0.000231428564
60.864 0.0002318610464
60.866 0.0002322231583
60.868 0.0002325020055
60.87 0.0002327122053
60.872 0.000232865025
60.874 0.0002329414188
60.876 0.000232966618
60.878 0.0002329416203
60.88 0.0002328579866
60.882 0.0002327357582
60.884 0.000232560783
60.886 0.0002323487967
60.888 0.0002320992925
60.89 0.0002318257677
60.892 0.0002315092916
60.894 0.00023117141
60.896 0.000230813653
60.898 0.0002304254519
60.9 0.0002300196808
60.902 0.0002295999146
60.904 0.0002291713897
60.906 0.0002287216363
60.908 0.0002282619405
60.91 0.0002277968699
60.912 0.0002273321783
60.914 0.0002268534873
60.916 0.0002263715939
60.918 0.0002258921926
60.92 0.0002254116032
60.922 0.000224937104
60.924 0.0002244557467
60.926 0.0002239819195
60.928 0.0002235105854
60.93 0.000223047475
60.932 0.0002225863012
60.934 0.0002221372036
60.936 0.0002217004675
60.938 0.0002212623431
60.94 0.0002208354587
60.942 0.0002204193693
60.944 0.0002200119249
60.946 0.0002196182149
60.948 0.0002192326537
60.95 0.0002188606776
60.952 0.0002184987853
60.954 0.0002181505687
60.956 0.000217814166
60.958 0.0002174919369
60.96 0.0002171787791
60.962 0.0002168832339
60.964 0.0002165975637
60.966 0.0002163344273
60.968 0.0002160711456
60.97 0.0002158262221
60.972 0.0002155925851
60.974 0.0002153744116
60.976 0.0002151652201
60.978 0.0002149737543
60.98 0.0002147914973
60.982 0.0002146240878
60.984 0.0002144674394
60.986 0.0002143238411
60.988 0.0002141555672
60.99 0.0002140025758
60.992 0.000213864581
60.994 0.0002137407463
60.996 0.0002136270363
60.998 0.000213527035
61 0.00021343831
61.002 0.0002133610433
61.004 0.000213295064
61.006 0.0002132415208
61.008 0.0002131935947
61.01 0.0002131601964
61.012 0.0002131313419
61.014 0.0002131149976
61.016 0.0002131045957
61.018 0.0002131016052
61.02 0.0002131051825
61.022 0.0002131162688
61.024 0.0002131324231
61.026 0.0002131556233
61.028 0.000213180781
61.03 0.0002132147512
61.032 0.0002132489601
61.034 0.0002132913708
61.036 0.0002133334006
61.038 0.0002133828573
61.04 0.0002134323616
61.042 0.0002134860736
61.044 0.0002135412003
61.046 0.0002135998845
61.048 0.0002136599533
61.05 0.0002137241782
61.052 0.0002137869357
61.054 0.0002138552431
61.056 0.0002139204987
61.058 0.0002139924298
61.06 0.0002140606338
61.062 0.0002141354977
61.064 0.000214208346
61.066 0.0002142850292
61.068 0.000214361541
61.07 0.0002144397858
61.072 0.0002145184288
61.074 0.0002145993846
61.076 0.0002146802174
61.078 0.0002147636667
61.08 0.0002148476516
61.082 0.0002149326967
61.084 0.0002150192637
61.086 0.0002151081972
61.088 0.0002151949321
61.09 0.0002152869107
61.092 0.0002153760188
61.094 0.0002154695892
61.096 0.000215561239
61.098 0.0002156566699
61.1 0.0002157504394
61.102 0.0002158487039
61.104 0.0002159436963
61.106 0.0002160438498
61.108 0.0002161426275
61.11 0.0002162426411
61.112 0.0002163439744
61.114 0.0002164455629
61.116 0.000216548976
61.118 0.000216652971
61.12 0.0002167569796
61.122 0.0002168644222
61.124 0.0002169711058
61.126 0.0002170785108
61.128 0.0002171865951
61.13 0.0002172954822
61.132 0.0002174042587
61.134 0.0002175141361
61.136 0.0002176223838
61.138 0.000217733842
61.14 0.0002178438482
61.142 0.0002179551547
61.144 0.0002180658418
61.146 0.0002181772228
61.148 0.0002182873918
61.15 0.0002183985853
61.152 0.0002185096736
61.154 0.0002186217015
61.156 0.0002187322999
61.158 0.0002188438619
61.16 0.000218954698
61.162 0.0002190655179
61.164 0.000219173395
61.166 0.0002192813314
61.168 0.0002193883539
61.17 0.0002194939576
61.172 0.0002195982691
61.174 0.0002197028992
61.176 0.0002198042225
61.178 0.000219906017
61.18 0.0002200059363
61.182 0.0002201050161
61.184 0.0002202023629
61.186 0.0002202950979
61.188 0.0002203890672
61.19 0.0002204814759
61.192 0.0002205712445
61.194 0.0002206622911
61.196 0.0002207504831
61.198 0.0002208373285
61.2 0.0002209233745
61.202 0.0002210092776
61.204 0.0002210903664
61.206 0.0002211743202
61.208 0.0002212525283
61.21 0.000221333913
61.212 0.0002214093807
61.214 0.0002216580867
61.216 0.0002218935556
61.218 0.0002221057641
61.22 0.0002223102051
61.222 0.0002225052982
61.224 0.000222688294
61.226 0.000222859725
61.228 0.0002230272809
61.23 0.0002231809227
61.232 0.000223320936
61.234 0.0002234505101
61.236 0.0002235670972
61.238 0.0002236746235
61.24 0.000223771567
61.242 0.0002238629024
61.244 0.0002239436925
61.246 0.0002240186356
61.248 0.0002240845953
61.25 0.0002241456054
61.252 0.0002241998215
61.254 0.0002242470452
61.256 0.0002242908617
61.258 0.000224332301
61.26 0.0002243653749
61.262 0.0002243994341
61.264 0.0002244258999
61.266 0.0002244505165
61.268 0.0002244741214
61.27 0.0002244940088
61.272 0.0002245129801
61.274 0.0002245295386
61.276 0.0002245421
61.278 0.0002245559
61.28 0.0002245660753
61.282 0.000224576762
61.284 0.0002245859723
61.286 0.0002245925926
61.288 0.000224599687
61.29 0.0002246063554
61.292 0.0002246096205
61.294 0.0002246164353
61.296 0.000224616416
61.298 0.000224620796
61.3 0.0002246230912
61.302 0.0002246251814
61.304 0.0002246228361
61.306 0.0002246268339
61.308 0.000224624838
61.31 0.0002246251885
61.312 0.0002246229188
61.314 0.0002246229171
61.316 0.0002246195313
61.318 0.0002246190858
61.32 0.0002246150261
61.322 0.0002246138928
61.324 0.0002246111116
61.326 0.0002246066366
61.328 0.0002246077736
61.33 0.0002246037391
61.332 0.0002245964337
61.334 0.000224594736
61.336 0.0002245915709
61.338 0.0002245870448
61.34 0.0002245892929
61.342 0.0002245858112
61.344 0.003679659937
61.346 0.0008612205017
61.348 0.00055788941
61.35 0.0005338005856
61.352 0.0004494529962
61.354 0.0003858407435
61.356 0.0003789820781
61.358 0.0003247376999
61.36 0.0003403964136
61.362 0.000301643944
61.364 0.0003190139042
61.366 0.0002912440894
61.368 0.0003032773159
61.37 0.0002815777386
61.372 0.000287018322
61.374 0.0002680582814
61.376 0.003460367431
61.378 0.0009263351573
61.38 0.0006956369009
61.382 0.0006265705194
61.384 0.0005884757558
61.386 0.0004992176652
61.388 0.0005099967205
61.39 0.0004369206805
61.392 0.0004527629447
61.394 0.0003964946513
61.396 0.003358060692
61.398 0.001023358155
61.4 0.0008124840255
61.402 0.0007146968849
61.404 0.0006875562695
61.406 0.0005796656593
61.408 0.000592862053
61.41 0.0005054500196
61.412 0.003284300444
61.414 0.001108535247
61.416 0.0009086281465
61.418 0.0007887942383
61.42 0.00076803833
61.422 0.0006454418746
61.424 0.0006599029742
61.426 0.003181922645
61.428 0.0008534828298
61.43 0.0007534427088
61.432 0.0006952826697
61.434 0.0007005463094
61.436 0.00062866254
61.438 0.0006404698699
61.44 0.003139680174
61.442 0.0009408489624
61.444 0.0008281705697
61.446 0.00074742329
61.448 0.0007490585986
61.45 0.0006593206622
61.452 0.003136506283
61.454 0.001184452052
61.456 0.001017834488
61.458 0.0008791858401
61.46 0.000869153608
61.462 0.0030482751
61.464 0.0008858378208
61.466 0.000829280367
61.468 0.0007783362422
61.47 0.0007846806698
61.472 0.002994699889
61.474 0.001027162238
61.476 0.0009442578637
61.478 0.0008610867635
61.48 0.0008690299977
61.482 0.002947686932
61.484 0.001019659141
61.486 0.0009548747494
61.488 0.000878501448
61.49 0.0008856611156
61.492 0.002918376791
61.494 0.001052792635
61.496 0.0009855602022
61.498 0.0009008949123
61.5 0.002930038563
61.502 0.00135390389
61.504 0.001218184912
61.506 0.001056695346
61.508 0.001058696582
61.51 0.002861142351
61.512 0.001021805341
61.514 0.0009816080197
61.516 0.000916854924
61.518 0.002874126416
61.52 0.001323921587
61.522 0.001207055289
61.524 0.001053883416
61.526 0.002907019853
61.528 0.00150302719
61.53 0.001351543891
61.532 0.001152014938
61.534 0.002918542096
61.536 0.001593173581
61.538 0.001428719403
61.54 0.001206740121
61.542 0.002917168643
61.544 0.001638002456
61.546 0.001469397275
61.548 0.002763372623
61.55 0.001095029779
61.552 0.001075925739
61.554 0.001052288829
61.556 0.002703595133
61.558 0.001330557378
61.56 0.001261709868
61.562 0.002644651316
61.564 0.001210408468
61.566 0.001183171982
61.568 0.001121552325
61.57 0.002665673795
61.572 0.001447802033
61.574 0.001368289613
61.576 0.002599297945
61.578 0.00123762224
61.58 0.001212293437
61.582 0.002552977715
61.584 0.001376264947
61.586 0.001332276757
61.588 0.00251100697
61.59 0.001346551393
61.592 0.001318333986
61.594 0.002474277176
61.596 0.001409586511
61.598 0.001376864786
61.6 0.002441615222
61.602 0.001419134767
61.604 0.001390092604
61.606 0.002415873648
61.608 0.001449524512
61.61 0.001418702886
61.612 0.002396633569
61.614 0.001459346875
61.616 0.001428416734
61.618 0.002384921763
61.62 0.001470241825
61.622 0.001437616895
61.624 0.00237994635
61.626 0.001470832643
61.628 0.002427487379
61.63 0.001766299037
61.632 0.001676535183
61.634 0.002345019819
61.636 0.001471883591
61.638 0.001442888491
61.64 0.002328828703
61.642 0.001581466717
61.644 0.002413755495
61.646 0.00187286219
61.648 0.001776071909
61.65 0.002304566465
61.652 0.001514938127
61.654 0.00225999333
61.656 0.001728621861
61.658 0.001677621749
61.66 0.002228339308
61.662 0.001579201895
61.664 0.002250604925
61.666 0.001821406368
61.668 0.001761263721
61.67 0.002199217073
61.672 0.001602040496
61.674 0.002207678033
61.676 0.001822291968
61.678 0.001767503223
61.68 0.002173257869
61.682 0.001623494309
61.684 0.002197132517
61.686 0.00184044933
61.688 0.002331129416
61.69 0.002091917136
61.692 0.00199202578
61.694 0.002171456347
61.696 0.001657322946
61.698 0.002116242815
61.7 0.00181235328
61.702 0.002241943251
61.704 0.002057159045
61.706 0.002387417085
61.708 0.002273917695
61.71 0.002157182794
61.712 0.002135393985
61.714 0.001732763049
61.716 0.002038628449
61.718 0.001842474922
61.72 0.00216539654
61.722 0.002072703113
61.724 0.002324687178
61.726 0.002283499097
61.728 0.002456198459
61.73 0.002447193678
61.732 0.002553335673
61.734 0.002567650701
61.736 0.00261809181
61.738 0.002655282856
61.74 0.002659016794
61.742 0.002719146854
61.744 0.002683504541
61.746 0.002765984568
61.748 0.002697187842
61.75 0.002800525174
61.752 0.002704142162
61.754 0.002826011741
61.756 0.002707208235
61.758 0.002844630434
61.76 0.002708306518
61.762 0.002857879586
61.764 0.002708721794
61.766 0.002866822028
61.768 0.002709261242
61.77 0.002872225383
61.772 0.002710392233
61.774 0.002874696027
61.776 0.002712374326
61.778 0.002495644276
61.78 0.00233197893
61.782 0.001735242367
61.784 0.002103417075
61.786 0.001688669873
61.788 0.002202952941
61.79 0.001889327
61.792 0.002376012609
61.794 0.002107239069
61.796 0.001988486517
61.798 0.002240081219
61.8 0.001578717078
61.802 0.002202032703
61.804 0.001702447237
61.806 0.002342405916
61.808 0.001940223119
61.81 0.001837033919
61.812 0.002276560299
61.814 0.001516957845
61.816 0.002269435603
61.818 0.001684872672
61.82 0.00162048264
61.822 0.002300081527
61.824 0.001484474512
61.826 0.002356826972
61.828 0.001711280632
61.83 0.001628664454
61.832 0.002356986188
61.834 0.001427630599
61.836 0.002382462937
61.838 0.001652359206
61.84 0.001573143921
61.842 0.002385360722
61.844 0.001404189374
61.846 0.002410682039
61.848 0.00164576558
61.85 0.001564216532
61.852 0.002400470351
61.854 0.001392215349
61.856 0.001352939258
61.858 0.002429830134
61.86 0.001450485943
61.862 0.001398879876
61.864 0.002463607576
61.866 0.001351198926
61.868 0.0013061127
61.87 0.002503759943
61.872 0.001348032939
61.874 0.002575058083
61.876 0.001654507084
61.878 0.001532145291
61.88 0.002525788074
61.882 0.001276560385
61.884 0.001239335679
61.886 0.002524876958
61.888 0.001398123144
61.89 0.001340138589
61.892 0.002533381189
61.894 0.001286565677
61.896 0.001245777145
61.898 0.002547913746
61.9 0.001321185506
61.902 0.001271044487
61.904 0.002560400869
61.906 0.001280966997
61.908 0.001236011749
61.91 0.001133627802
61.912 0.002683160613
61.914 0.001443185965
61.916 0.001344554188
61.918 0.00266582258
61.92 0.001138209078
61.922 0.001096931112
61.924 0.002668711151
61.926 0.001256091054
61.928 0.001188727094
61.93 0.001064276377
61.932 0.002789902931
61.934 0.001431655901
61.936 0.001308194007
61.938 0.002750088709
61.94 0.00106052901
61.942 0.001022875968
61.944 0.0009655038795
61.946 0.002799695365
61.948 0.001276680566
61.95 0.001174324401
61.952 0.001016226873
61.954 0.002907618231
61.956 0.001437242825
61.958 0.00128186251
61.96 0.001071788069
61.962 0.002986424828
61.964 0.001511080495
61.966 0.001324733682
61.968 0.001094877707
61.97 0.003037441716
61.972 0.001540818778
61.974 0.001336986915
61.976 0.001101136498
61.978 0.003068065585
61.98 0.001552266987
61.982 0.001339126221
61.984 0.001102679512
61.986 0.001073089536
61.988 0.002984626466
61.99 0.000847357037
61.992 0.0008014889089
61.994 0.0007446233501
61.996 0.003014707528
61.998 0.001167689132
62 0.001023141619
62.002 0.0008782643103
62.004 0.0008671317014
62.006 0.003022909537
62.008 0.000879729995
62.01 0.0008083332504
62.012 0.0007344864584
62.014 0.000727773951
62.016 0.003055499215
62.018 0.0009452038718
62.02 0.0008399748937
62.022 0.0007450841092
62.024 0.0007383335035
62.026 0.0006328738088
62.028 0.003152742844
62.03 0.001139289853
62.032 0.0009596772049
62.034 0.0008082267389
62.036 0.0007839785644
62.038 0.0006325883122
62.04 0.003230574917
62.042 0.001193780441
62.044 0.0009790395783
62.046 0.0008184805158
62.048 0.0007799655803
62.05 0.0006191166468
62.052 0.003278886522
62.054 0.001204319629
62.056 0.0009728309874
62.058 0.0008152234849
62.06 0.0007695097347
62.062 0.0006096575614
62.064 0.0006079633932
62.066 0.003273561543
62.068 0.0007409842945
62.07 0.0006124921529
62.072 0.000550908907
62.074 0.0005385205777
62.076 0.0004590000479
62.078 0.000459536658
62.08 0.0003868338008
62.082 0.003357408507
62.084 0.0009890870224
62.086 0.0007673679238
62.088 0.0006581112232
62.09 0.000613568103
62.092 0.0004901553339
62.094 0.0004877826637
62.096 0.0003832477374
62.098 0.0003852567222
62.1 0.0003005627318
62.102 0.003456582377
62.104 0.0009751046469
62.106 0.000719106841
62.108 0.0006239351708
62.11 0.0005579470214
62.112 0.0004411753865
62.114 0.0004300403353
62.116 0.0003301310944
62.118 0.0003304225491
62.12 0.0002501674653
62.122 0.0002495238179
62.124 0.0002216561471
62.126 0.0002222277903
62.128 0.003569827302
62.13 0.0007934888795
62.132 0.0005297261655
62.134 0.0004861652289
62.136 0.0004122199853
62.138 0.0003324017583
62.14 0.0003165866747
62.142 0.0002437973537
62.144 0.0002431209044
62.146 0.0002281572509
62.148 0.0002287747393
62.15 0.0002294000255
62.152 0.0002300325391
62.154 0.0002306640972
62.156 0.0002313055055
62.158 0.0002319520063
62.16 0.0002326062998
62.162 0.0002332613758
62.164 0.0002339253103
62.166 0.0002345936553
62.168 0.0002352707905
62.17 0.0002359485453
62.172 0.0002366346454
62.174 0.0002373264575
62.176 0.0002380267055
62.178 0.000238734289
62.18 0.000239447501
62.182 0.0002401663397
62.184 0.0002408887289
62.186 0.000241618636
62.188 0.0002423513278
62.19 0.0002430900436
62.192 0.0002438315881
62.194 0.0002445788924
62.196 0.0002453308308
62.198 0.0002460898986
62.2 0.0002468471683
62.202 0.0002476119801
62.204 0.0002483792967
62.206 0.0002491481394
62.208 0.0002499240344
62.21 0.0002507023545
62.212 0.0002514833543
62.214 0.0002522701929
62.216 0.0002530545565
62.218 0.0002538427396
62.22 0.0002546339258
62.222 0.0002554262563
62.224 0.0002562199654
62.226 0.000257016539
62.228 0.0002578154616
62.23 0.0002586143103
62.232 0.0002594143967
62.234 0.0002602161003
62.236 0.0002610187676
62.238 0.0002618197899
62.24 0.0002626231243
62.242 0.0002634268789
62.244 0.0002642291763
62.246 0.0002650303204
62.248 0.0002658345745
62.25 0.0002666372174
62.252 0.0002674375914
62.254 0.0002682380095
62.256 0.0002690383733
62.258 0.0002698364579
62.26 0.0002706333763
62.262 0.0002714289237
62.264 0.0002722223502
62.266 0.0002730119064
62.268 0.0002738011444
62.27 0.0002745890902
62.272 0.0002753732907
62.274 0.000276154877
62.276 0.0002769337705
62.278 0.0002777090792
62.28 0.0002784809073
62.282 0.0002792502692
62.284 0.00028001608
62.286 0.0002807789818
62.288 0.0002815370786
62.29 0.000282290953
62.292 0.0002830422852
62.294 0.0002837893669
62.296 0.0002845320841
62.298 0.0002852683233
62.3 0.0002860012435
62.302 0.0002867294843
62.304 0.0002874527922
62.306 0.0002881687611
62.308 0.0002888814281
62.31 0.0002895891321
62.312 0.0002902895485
62.314 0.0002909855809
62.316 0.0002916748486
62.318 0.0002923604077
62.32 0.0002930385198
62.322 0.0002937111299
62.324 0.0002943793812
62.326 0.0002950389391
62.328 0.0002956929575
62.33 0.000296340659
62.332 0.0002969839978
62.334 0.0002976173914
62.336 0.0002982460737
62.338 0.0002988692285
62.34 0.0002994820301
62.342 0.0003000895557
62.344 0.0003006902153
62.346 0.0003012837189
62.348 0.0003018691201
62.35 0.0003024477392
62.352 0.0003030195216
62.354 0.0003035859357
62.356 0.0003041413376
62.358 0.0003046906629
62.36 0.0003052343441
62.362 0.0003057681828
62.364 0.0003062952712
62.366 0.0003068158448
62.368 0.000307329253
62.37 0.0003078360918
62.372 0.0003083377419
62.374 0.0003088332392
62.376 0.0003093211942
62.378 0.0003098019833
62.38 0.000310277546
62.382 0.0003107454158
62.384 0.0003112078686
62.386 0.0003116605575
62.388 0.0003121075503
62.39 0.0003125471538
62.392 0.0003129814044
62.394 0.0003134047495
62.396 0.0003138232022
62.398 0.000314233864
62.4 0.0003146400747
62.402 0.0003150346012
62.404 0.0003154245014
62.406 0.0003158081091
62.408 0.0003161822444
62.41 0.000316550048
62.412 0.0003169101679
62.414 0.0003172666206
62.416 0.0003176113844
62.418 0.0003179777588
62.42 0.0003183303366
62.422 0.0003186757238
62.424 0.0003190109986
62.426 0.0003193403518
62.428 0.0003196591362
62.43 0.0003199718596
62.432 0.0003202788034
62.434 0.0003205755109
62.436 0.0003208656482
62.438 0.0003211486189
62.44 0.0003214251174
62.442 0.0003216913436
62.444 0.0003219524816
62.446 0.000322206698
62.448 0.0003224540972
62.45 0.0003226900084
62.452 0.0003229233362
62.454 0.000323149696
62.456 0.0003233693757
62.458 0.0003235790355
62.46 0.0003237845086
62.462 0.0003239836977
62.464 0.0003241758885
62.466 0.0003243635634
62.468 0.0003245420647
62.47 0.0003247156359
62.472 0.0003249024364
62.474 0.0003250823138
62.476 0.0003252534559
62.478 0.000325418913
62.48 0.0003255788381
62.482 0.0003257326676
62.484 0.0003258829153
62.486 0.0003260219699
62.488 0.0003261574175
62.49 0.0003262852513
62.492 0.0003264103503
62.494 0.0003265241206
62.496 0.0003266339303
62.498 0.00032673537
62.5 0.0003268313607
62.502 0.0003269221187
62.504 0.0003270049619
62.506 0.0003270826481
62.508 0.0003271551546
62.51 0.0003272211986
62.512 0.0003272851439
62.514 0.0003273397691
62.516 0.0003273905974
62.518 0.0003274363826
62.52 0.0003274764245
62.522 0.0003275146892
62.524 0.0003275409498
62.526 0.0003275662123
62.528 0.00032758907
62.53 0.0003276006962
62.532 0.0003276156186
62.534 0.0003276202152
62.536 0.0003276214389
62.538 0.0003276198489
62.54 0.0003276149545
62.542 0.0003276031188
62.544 0.0003275896783
62.546 0.000327567781
62.548 0.0003275488693
62.55 0.0003275193153
62.552 0.0003274932578
62.554 0.0003274600586
62.556 0.0003274241276
62.558 0.0003273805602
62.56 0.0003273379502
62.562 0.0003272883035
62.564 0.000327239711
62.566 0.0003271798951
62.568 0.0003271221995
62.57 0.0003270576924
62.572 0.0003269907553
62.574 0.0003269168863
62.576 0.000326842049
62.578 0.000326763275
62.58 0.0003266782492
62.582 0.0003265898886
62.584 0.0003265007998
62.586 0.0003264042081
62.588 0.0003263055296
62.59 0.0003261997393
62.592 0.0003260954537
62.594 0.000325982992
62.596 0.0003258666012
62.598 0.0003257477175
62.6 0.0003256235011
62.602 0.0003254978111
62.604 0.0003253648391
62.606 0.0003252304463
62.608 0.000325089775
62.61 0.0003249480948
62.612 0.0003248015224
62.614 0.0003246542259
62.616 0.0003244984553
62.618 0.0003243417207
62.62 0.0003241810555
62.622 0.0003240175597
62.624 0.0003238492303
62.626 0.0003236759192
62.628 0.0003235000427
62.63 0.0003233249499
62.632 0.0003231416351
62.634 0.0003229567435
62.636 0.0003227687603
62.638 0.0003225778452
62.64 0.000322383116
62.642 0.000322185547
62.644 0.0003219855995
62.646 0.0003217802039
62.648 0.0003215730667
62.65 0.0003213625956
62.652 0.0003211480583
62.654 0.0003209313013
62.656 0.0003207144298
62.658 0.0003204944648
62.66 0.0003202715007
62.662 0.0003200406429
62.664 0.0003198102197
62.666 0.0003195759056
62.668 0.000319372854
62.67 0.0003191134061
62.672 0.0003189011571
62.674 0.0003186680009
62.676 0.0003183913257
62.678 0.0003181649428
62.68 0.0003179135633
62.682 0.0003176582021
62.684 0.0003173969401
62.686 0.0003171302495
62.688 0.0003168592108
62.69 0.0003165834877
62.692 0.0003163020611
62.694 0.0003160181409
62.696 0.0003157302318
62.698 0.0003154372198
62.7 0.0003151428877
62.702 0.0003148433086
62.704 0.0003145413216
62.706 0.0003142364741
62.708 0.0003139298407
62.71 0.0003136196862
62.712 0.0003133070098
62.714 0.0003129925794
62.716 0.0003126763902
62.718 0.0003123561664
62.72 0.0003120356908
62.722 0.0003117139374
62.724 0.0003113917724
62.726 0.0003110645585
62.728 0.0003107362677
62.73 0.000310405431
62.732 0.0003100702235
62.734 0.0003097370117
62.736 0.0003093995591
62.738 0.0003090601398
62.74 0.00030871863
62.742 0.0003083750733
62.744 0.0003080292341
62.746 0.0003076802379
62.748 0.0003073285506
62.75 0.0003069749735
62.752 0.0003066183065
62.754 0.0003062604191
62.756 0.0003058961655
62.758 0.0003055301491
62.76 0.0003051623037
62.762 0.0003047891498
62.764 0.0003044141913
62.766 0.0003040348895
62.768 0.0003036517742
62.77 0.0003032654834
62.772 0.0003028749754
62.774 0.0003024800769
62.776 0.0003020826036
62.778 0.0003016800554
62.78 0.0003012726918
62.782 0.0003008630098
62.784 0.0003004467351
62.786 0.0003000270514
62.788 0.0002996015406
62.79 0.0002991761451
62.792 0.0002987445602
62.794 0.0002983078297
62.796 0.0002978672477
62.798 0.0002974218527
62.8 0.0002969715377
62.802 0.0002965182514
62.804 0.0002960585745
62.806 0.0002955948075
62.808 0.0002951284815
62.81 0.0002946553228
62.812 0.000294180032
62.814 0.0002937016514
62.816 0.0002932161852
62.818 0.0002927278183
62.82 0.0002922368258
62.822 0.0002917413886
62.824 0.0002912431479
62.826 0.0002907399652
62.828 0.0002902336048
62.83 0.0002897247085
62.832 0.000289212141
62.834 0.0002886977448
62.836 0.0002881772354
62.838 0.0002876573056
62.84 0.0002871330859
62.842 0.0002866062165
62.844 0.000286076565
62.846 0.0002855466021
62.848 0.0002850123963
62.85 0.0002844776634
62.852 0.0002839404752
62.854 0.0002834013002
62.856 0.0002828606585
62.858 0.0002823192473
62.86 0.0002817759447
62.862 0.0002812316519
62.864 0.0002806854064
62.866 0.0002801387945
62.868 0.0002795912359
62.87 0.0002790438376
62.872 0.0002784956369
62.874 0.0002779442239
62.876 0.0002773961332
62.878 0.0002768468795
62.88 0.0002762979943
62.882 0.0002757489467
62.884 0.0002751991599
62.886 0.0002746514395
62.888 0.0002741041989
62.89 0.000273557921
62.892 0.0002730113609
62.894 0.0002724666812
62.896 0.0002719216102
62.898 0.0002713784548
62.9 0.00027083565
62.902 0.0002702955139
62.904 0.0002697557689
62.906 0.0002692187684
62.908 0.0002686833376
62.91 0.0002681466646
62.912 0.0002676158675
62.914 0.0002670855645
62.916 0.0002665577032
62.918 0.0002660320759
62.92 0.0002655098768
62.922 0.0002649881699
62.924 0.0002644705446
62.926 0.0002639541725
62.928 0.0002634418785
62.93 0.0002629322182
62.932 0.0002624255135
62.934 0.0002619220156
62.936 0.0002614211832
62.938 0.0002609212793
62.94 0.0002604280703
62.942 0.0002599374088
62.944 0.0002594494229
62.946 0.0002589656885
62.948 0.0002584850162
62.95 0.0002580070162
62.952 0.000257534013
62.954 0.0002570636775
62.956 0.0002565973726
62.958 0.0002561351591
62.96 0.0002556763121
62.962 0.0002552214693
62.964 0.0002547696669
62.966 0.0002543237608
62.968 0.0002538809133
62.97 0.0002534416015
62.972 0.0002530071886
62.974 0.0002525763326
62.976 0.0002521506737
62.978 0.0002517281888
62.98 0.0002513112326
62.982 0.0002508979005
62.984 0.0002504886734
62.986 0.0002500819442
62.988 0.0002496827626
62.99 0.000249287512
62.992 0.0002488955502
62.994 0.0002485080928
62.996 0.0002481261843
62.998 0.000247748594
63 0.0002473745507
63.002 0.0002470060723
63.004 0.000246642612
63.006 0.0002462824101
63.008 0.0002459276392
63.01 0.0002455763828
63.012 0.0002452316598
63.014 0.0002448888255
63.016 0.0002445534548
63.018 0.0002442215699
63.02 0.0002438938829
63.022 0.0002435716261
63.024 0.0002432544281
63.026 0.0002429403967
63.028 0.0002426308517
63.03 0.0002423274552
63.032 0.00024202817
63.034 0.0002417331897
63.036 0.0002414442865
63.038 0.0002411582409
63.04 0.0002408779647
63.042 0.0002406012236
63.044 0.000240330086
63.046 0.0002400634554
63.048 0.0002398015535
63.05 0.0002395421464
63.052 0.0002392897926
63.054 0.0002390420061
63.056 0.0002387988534
63.058 0.0002385600643
63.06 0.0002383257355
63.062 0.0002380962437
63.064 0.0002378714658
63.066 0.0002376503064
63.068 0.0002374335284
63.07 0.0002372225325
63.072 0.0002370159644
63.074 0.0002368135727
63.076 0.0002366165771
63.078 0.0002364222051
63.08 0.0002362330734
63.082 0.0002360480076
63.084 0.0002358668817
63.086 0.0002356916439
63.088 0.0002355197705
63.09 0.0002353526352
63.092 0.0002351899699
63.094 0.0002350306618
63.096 0.0002348766172
63.098 0.0002347241812
63.1 0.0002345790464
63.102 0.0002344370956
63.104 0.0002342995969
63.106 0.0002341666619
63.108 0.0002340381868
63.11 0.0002339145549
63.112 0.0002337959099
63.114 0.0002336804158
63.116 0.0002335715698
63.118 0.0002334655595
63.12 0.0002333648841
63.122 0.000233268042
63.124 0.0002331742484
63.126 0.000233086293
63.128 0.0002330002395
63.13 0.0002329198618
63.132 0.0002328430527
63.134 0.0002327693729
63.136 0.0002327005674
63.138 0.0002326341268
63.14 0.0002325700301
63.142 0.0002325077482
63.144 0.0002324509632
63.146 0.0002323966527
63.148 0.0002323472308
63.15 0.0002323003834
63.152 0.0002322567524
63.154 0.00023221492
63.156 0.0002321786618
63.158 0.0002321435941
63.16 0.0002321129076
63.162 0.0002320846156
63.164 0.0002320591881
63.166 0.0002320348885
63.168 0.0002320155429
63.17 0.0002319984452
63.172 0.0002319839635
63.174 0.0002319726515
63.176 0.0002319625849
63.178 0.0002319551334
63.18 0.0002319506001
63.182 0.0002319506079
63.184 0.0002319532255
63.186 0.0002319590674
63.188 0.000231967831
63.19 0.0002319792672
63.192 0.0002319956937
63.194 0.0002320141173
63.196 0.0002320366557
63.198 0.0002320605852
63.2 0.0002320892992
63.202 0.0002321185761
63.204 0.0002321535395
63.206 0.0002321892177
63.208 0.0002322278818
63.21 0.0002322703036
63.212 0.0002323136424
63.214 0.0002323583176
63.216 0.0002324081048
63.218 0.0002324586609
63.22 0.0002325125992
63.222 0.0002325672436
63.224 0.0002326224468
63.226 0.0002326821775
63.228 0.0002327427764
63.23 0.0002328053799
63.232 0.0002328699189
63.234 0.0002329353691
63.236 0.0002329998355
63.238 0.000233071284
63.24 0.0002331438583
63.242 0.0002332175655
63.244 0.0002332914787
63.246 0.0002333685775
63.248 0.0002334453146
63.25 0.0002335249184
63.252 0.0002336049712
63.254 0.000233685106
63.256 0.000233767769
63.258 0.0002338523334
63.26 0.0002339371634
63.262 0.0002340215761
63.264 0.0002341066898
63.266 0.0002341946496
63.268 0.0002342831476
63.27 0.0002343718185
63.272 0.0002344616814
63.274 0.0002345510641
63.276 0.0002346421872
63.278 0.0002347345423
63.28 0.0002348270741
63.282 0.0002349208495
63.284 0.0002350083308
63.286 0.0002351061103
63.288 0.0002352023098
63.29 0.0002352985566
63.292 0.0002353950571
63.294 0.0002354917131
63.296 0.0002355903752
63.298 0.0002356807166
63.3 0.0002357740229
63.302 0.0002358690327
63.304 0.0002359652938
63.306 0.000236061643
63.308 0.0002361585418
63.31 0.0002362574728
63.312 0.0002363568756
63.314 0.0002364569684
63.316 0.0002365564036
63.318 0.0002366550865
63.32 0.0002367595826
63.322 0.000236861905
63.324 0.0002369674208
63.326 0.0002370701623
63.328 0.000237175943
63.33 0.0002372819089
63.332 0.0002373882395
63.334 0.0002374934699
63.336 0.0002376024569
63.338 0.0002377101887
63.34 0.0002378169324
63.342 0.0002379263013
63.344 0.0002380318822
63.346 0.0002381440179
63.348 0.0002382549811
63.35 0.0002383645056
63.352 0.0002384777486
63.354 0.0002385896162
63.356 0.0002387007906
63.358 0.0002388145172
63.36 0.0002389292544
63.362 0.0002390430246
63.364 0.0002391586224
63.366 0.0002392668099
63.368 0.0002393867938
63.37 0.0002395030417
63.372 0.0002396198755
63.374 0.0002397374755
63.376 0.0002398583136
63.378 0.0002399751583
63.38 0.0002400976675
63.382 0.0002402177459
63.384 0.0002403399023
63.386 0.0002404571337
63.388 0.0002405803828
63.39 0.0002407053073
63.392 0.0002408323555
63.394 0.0002409574065
63.396 0.0002410855303
63.398 0.0002412124169
63.4 0.0002413389596
63.402 0.0002414693111
63.404 0.0002415986657
63.406 0.0002417239455
63.408 0.0002418550067
63.41 0.0002419885439
63.412 0.0002421223072
63.414 0.0002422544919
63.416 0.0002423897804
63.418 0.0002425263122
63.42 0.0002426624793
63.422 0.0002427948399
63.424 0.0002429340964
63.426 0.0002430748274
63.428 0.0002432148529
63.43 0.000243356979
63.432 0.0002434996523
63.434 0.0002436429753
63.436 0.0002437881506
63.438 0.0002439294324
63.44 0.0002440793402
63.442 0.0002442259881
63.444 0.0002443758962
63.446 0.0002445273634
63.448 0.0002446723162
63.45 0.0002448244685
63.452 0.0002449772179
63.454 0.0002451247588
63.456 0.0002452826551
63.458 0.0002454409085
63.46 0.0002455975148
63.462 0.0002457585075
63.464 0.0002459182988
63.466 0.0002460803451
63.468 0.000246239157
63.47 0.0002464065215
63.472 0.0002465706074
63.474 0.0002467400332
63.476 0.0002469079465
63.478 0.0002470767214
63.48 0.0002472466821
63.482 0.0002474149104
63.484 0.0002475898062
63.486 0.0002477640507
63.488 0.0002479390933
63.49 0.0002481172584
63.492 0.0002482920292
63.494 0.0002484704349
63.496 0.0002486438784
63.498 0.0002488265252
63.5 0.0002490091181
63.502 0.000249190718
63.504 0.0002493758148
63.506 0.0002495591944
63.508 0.000249740604
63.51 0.0002499268315
63.512 0.0002501150968
63.514 0.0002503010694
63.516 0.0002504914178
63.518 0.0002506823069
63.52 0.0002508642438
63.522 0.0002510598942
63.524 0.0002512519191
63.526 0.0002514435779
63.528 0.0002516369279
63.53 0.0002518316032
63.532 0.000252020882
63.534 0.000252219461
63.536 0.0002524166836
63.538 0.0002526130417
63.54 0.0002528075164
63.542 0.0002530057411
63.544 0.0002531978511
63.546 0.0002534000496
63.548 0.0002535994797
63.55 0.0002537989719
63.552 0.0002540003117
63.554 0.000254200181
63.556 0.0002543975569
63.558 0.0002546030471
63.56 0.0002548058637
63.562 0.0002550104046
63.564 0.0002552135448
63.566 0.0002554123224
63.568 0.0002556205394
63.57 0.0002558253456
63.572 0.0002560315179
63.574 0.0002562383996
63.576 0.0002564427778
63.578 0.0002566453972
63.58 0.0002568539656
63.582 0.0002570608329
63.584 0.0002572690875
63.586 0.0002574747673
63.588 0.0002576791001
63.59 0.0002578897963
63.592 0.0002580972301
63.594 0.0002583058611
63.596 0.0002585149242
63.598 0.000258717551
63.6 0.0002589295698
63.602 0.0002591366357
63.604 0.0002593470622
63.606 0.0002595559325
63.608 0.0002597581445
63.61 0.000259970809
63.612 0.0002601794586
63.614 0.0002603885524
63.616 0.0002605963922
63.618 0.0002607976715
63.62 0.0002610077386
63.622 0.0002612134274
63.624 0.0002614181612
63.626 0.0002616235383
63.628 0.0002618208084
63.63 0.0002620262875
63.632 0.0002622276409
63.634 0.0002624296777
63.636 0.000262631447
63.638 0.0002628237648
63.64 0.0002630272532
63.642 0.0002632269274
63.644 0.0002634247433
63.646 0.0002636186707
63.648 0.0002638186324
63.65 0.0002640180046
63.652 0.000264214693
63.654 0.0002644129588
63.656 0.0002646090306
63.658 0.0002648094804
63.66 0.0002650091014
63.662 0.0002652082408
63.664 0.0002654069121
63.666 0.0002656015793
63.668 0.0002658009392
63.67 0.0002660020132
63.672 0.0002662001765
63.674 0.0002663960425
63.676 0.0002665980371
63.678 0.0002667974503
63.68 0.0002669987486
63.682 0.0002671927507
63.684 0.0002673975015
63.686 0.0002675980047
63.688 0.0002677989312
63.69 0.0002680008468
63.692 0.0002681970622
63.694 0.0002684026503
63.696 0.0002686042478
63.698 0.0002688064169
63.7 0.0002690037478
63.702 0.000269210453
63.704 0.0002694124742
63.706 0.000269612909
63.708 0.0002698130305
63.71 0.0002700170041
63.712 0.0002702215111
63.714 0.0002704252511
63.716 0.0002706265315
63.718 0.0002708256128
63.72 0.0002710308305
63.722 0.0002712357602
63.724 0.000271436699
63.726 0.0002716372497
63.728 0.0002718429459
63.73 0.0002720447875
63.732 0.0002722470562
63.734 0.0002724448259
63.736 0.0002726510425
63.738 0.0002728560838
63.74 0.0002730560026
63.742 0.0002732552715
63.744 0.0002734588275
63.746 0.0002736615001
63.748 0.0002738630827
63.75 0.0002740594981
63.752 0.0002742610493
63.754 0.0002744620863
63.756 0.0002746611542
63.758 0.0002748557634
63.76 0.0002750565339
63.762 0.0002752540827
63.764 0.0002754532236
63.766 0.0002756440319
63.768 0.0002758453395
63.77 0.0002760402834
63.772 0.0002762372921
63.774 0.0002764276942
63.776 0.0002766242165
63.778 0.0002768205341
63.78 0.0002770144939
63.782 0.000277203094
63.784 0.0002773981423
63.786 0.0002775931942
63.788 0.0002777829645
63.79 0.0002779570771
63.792 0.000278157335
63.794 0.0002783519624
63.796 0.0002785424855
63.798 0.0002787277085
63.8 0.0002789204177
63.802 0.0002791080346
63.804 0.0002793002221
63.806 0.000279480181
63.808 0.000279671808
63.81 0.0002798571536
63.812 0.0002800458495
63.814 0.0002802269724
63.816 0.0002804206009
63.818 0.0002806131759
63.82 0.0002808021878
63.822 0.0002809978775
63.824 0.0002811930719
63.826 0.0002813862154
63.828 0.0002815757234
63.83 0.0002817733878
63.832 0.0002819657372
63.834 0.0002821594232
63.836 0.0002823471915
63.838 0.0002825241479
63.84 0.0002827228272
63.842 0.0002829121841
63.844 0.0002830970685
63.846 0.0002832838122
63.848 0.0002834713117
63.85 0.0002836504143
63.852 0.0002838390853
63.854 0.0002840191575
63.856 0.0002842021411
63.858 0.0002843776381
63.86 0.0002845592336
63.862 0.000284738609
63.864 0.0002849150403
63.866 0.0002850889036
63.868 0.0002852626472
63.87 0.0002854390143
63.872 0.000285595626
63.874 0.0002857775007
63.876 0.0002859514251
63.878 0.0002861231756
63.88 0.0002862917071
63.882 0.0002864604986
63.884 0.0002866338651
63.886 0.0002867950503
63.888 0.0002869601748
63.89 0.0002871240656
63.892 0.0002872910267
63.894 0.0002874457381
63.896 0.0002876133388
63.898 0.0002877696858
63.9 0.0002879211656
63.902 0.0002880806498
63.904 0.0002882463821
63.906 0.0002884031082
63.908 0.0002885599531
63.91 0.0002887188269
63.912 0.0002888765892
63.914 0.0002890343094
63.916 0.0002891862732
63.918 0.0002893453663
63.92 0.0002894991964
63.922 0.0002896517884
63.924 0.0002897945874
63.926 0.0002899569692
63.928 0.0002901122026
63.93 0.0002902632426
63.932 0.0002904163828
63.934 0.0002905720942
63.936 0.0002907187031
63.938 0.0002908720806
63.94 0.0002910249612
63.942 0.0002911685922
63.944 0.0002913224437
63.946 0.0002914563603
63.948 0.0002916151273
63.95 0.000291756797
63.952 0.0002919103741
63.954 0.0002920569587
63.956 0.0002922015293
63.958 0.0002923483785
63.96 0.0002924983592
63.962 0.0002926422685
63.964 0.0002927837967
63.966 0.0002929184008
63.968 0.0002930686652
63.97 0.0002932111335
63.972 0.0002933570611
63.974 0.0002935033148
63.976 0.000293642827
63.978 0.0002937888647
63.98 0.0002939319311
63.982 0.0002940763611
63.984 0.0002942008372
63.986 0.0002943539955
63.988 0.0002944964407
63.99 0.000294635675
63.992 0.0002947806659
63.994 0.0002949248762
63.996 0.0002950622481
63.998 0.0002952052469
64 0.0002953490769
64.002 0.0002954773187
64.004 0.0002956215339
64.006 0.0002958181909
64.008 0.0002959942489
64.01 0.0002961620342
64.012 0.000296336404
64.014 0.0002965047674
64.016 0.000296666993
64.018 0.0002968186418
64.02 0.0002969895947
64.022 0.0002971518546
64.024 0.0002973058962
64.026 0.0002974666234
64.028 0.0002976223687
64.03 0.0002977718742
64.032 0.000297926051
64.034 0.0002980650267
64.036 0.0002982157807
64.038 0.0002983683935
64.04 0.0002985160604
64.042 0.0002986588522
64.044 0.0002988051738
64.046 0.0002989512701
64.048 0.0002990806578
64.05 0.0002992256413
64.052 0.000299369279
64.054 0.0002995128551
64.056 0.0002996485569
64.058 0.000299791225
64.06 0.0002999318053
64.062 0.0003000516475
64.064 0.0003002018734
64.066 0.0003003402232
64.068 0.000300476951
64.07 0.0003006157301
64.072 0.0003007535034
64.074 0.000300885701
64.076 0.000301002247
64.078 0.0003011432356
64.08 0.0003012764124
64.082 0.0003014044512
64.084 0.0003015374292
64.086 0.0003016706691
64.088 0.0003017950342
64.09 0.0003019174764
64.092 0.0003020537527
64.094 0.0003021821237
64.096 0.0003023147556
64.098 0.0003024480452
64.1 0.0003025791284
64.102 0.0003026944021
64.104 0.00030283549
64.106 0.0003029717021
64.108 0.0003031028216
64.11 0.0003032444493
64.112 0.0003033858125
64.114 0.000303509026
64.116 0.0003036641298
64.118 0.0003038107171
64.12 0.0003039608249
64.122 0.0003041054327
64.124 0.0003042618252
64.126 0.0003044018509
64.128 0.0003045608819
64.13 0.0003047215869
64.132 0.0003048786635
64.134 0.0003050435013
64.136 0.0003052066334
64.138 0.0003053596762
64.14 0.0003055266647
64.142 0.0003056958741
64.144 0.0003058606556
64.146 0.0003060219898
64.148 0.0003061885266
64.15 0.0003063414281
64.152 0.0003065090404
64.154 0.0003066800567
64.156 0.0003068478838
64.158 0.0003070133034
64.16 0.0003071774472
64.162 0.0003073332517
64.164 0.0003075094933
64.166 0.0003076721982
64.168 0.0003078457381
64.17 0.0003080143955
64.172 0.0003081666203
64.174 0.0003083453933
64.176 0.0003085197041
64.178 0.00030868804
64.18 0.0003088605938
64.182 0.0003090192275
64.184 0.000309191683
64.186 0.0003093676105
64.188 0.0003095384611
64.19 0.0003097096526
64.192 0.000309875945
64.194 0.0003100373665
64.196 0.0003102157954
64.198 0.0003103801204
64.2 0.0003105561735
64.202 0.0003107242362
64.204 0.0003108780732
64.206 0.0003110553557
64.208 0.0003112272188
64.21 0.0003113921835
64.212 0.0003115657069
64.214 0.0003117222968
64.216 0.0003118929181
64.218 0.0003120667448
64.22 0.0003122361455
64.222 0.0003124065731
64.224 0.0003125561918
64.226 0.0003127365465
64.228 0.0003129063355
64.23 0.0003130717254
64.232 0.0003132417991
64.234 0.0003133998625
64.236 0.0003135719886
64.238 0.0003137427527
64.24 0.0003139124236
64.242 0.0003140619993
64.244 0.0003142412402
64.246 0.0003144099377
64.248 0.0003145739983
64.25 0.0003147427473
64.252 0.0003148991537
64.254 0.0003150699566
64.256 0.0003152394497
64.258 0.0003154084983
64.26 0.0003155709444
64.262 0.000315729409
64.264 0.0003159029681
64.266 0.0003160729629
64.268 0.0003162356121
64.27 0.0003163530605
64.272 0.0003165067886
64.274 0.0003166541544
64.276 0.0003167978908
64.278 0.0003169484626
64.28 0.000317081184
64.282 0.0003172409325
64.284 0.000317392273
64.286 0.0003175397003
64.288 0.0003176792032
64.29 0.0003178364267
64.292 0.0003179869665
64.294 0.0003181316113
64.296 0.0003182686565
64.298 0.0003184169644
64.3 0.0003185679303
64.302 0.0003187125188
64.304 0.000317305335
64.306 0.0003159185302
64.308 0.0003146654286
64.31 0.0003133142047
64.312 0.0003120142004
64.314 0.0003107321679
64.316 0.0003095391015
64.318 0.00030841312
64.32 0.0003073689551
64.322 0.0003064124648
64.324 0.0003055708526
64.326 0.0003048311707
64.328 0.0003041965949
64.33 0.0003036561154
64.332 0.0003032336069
64.334 0.0003029204546
64.336 0.0003026985452
64.338 0.0003025767
64.34 0.0003025675311
64.342 0.0003026438693
64.344 0.0003028094422
64.346 0.0003030508048
64.348 0.0003033936212
64.35 0.0003038077722
64.352 0.0003042845511
64.354 0.0003048261468
64.356 0.0003054353161
64.358 0.0003061053426
64.36 0.0003068199937
64.362 0.0003075656613
64.364 0.0003083618666
64.366 0.0003091926672
64.368 0.0003100459435
64.37 0.0003109015127
64.372 0.0003117958786
64.374 0.0003126942398
64.376 0.0003135883696
64.378 0.0003144759122
64.38 0.0003153746049
64.382 0.0003162486669
64.384 0.0003171069223
64.386 0.0003179575127
64.388 0.0003187776455
64.39 0.0003195795984
64.392 0.00032033456
64.394 0.0003210753586
64.396 0.000321778908
64.398 0.0003224482757
64.4 0.0003230608138
64.402 0.0003236602746
64.404 0.0003242149223
64.406 0.0003247241291
64.408 0.0003251851278
64.41 0.0003256276292
64.412 0.0003260179216
64.414 0.000326366544
64.416 0.0003266949347
64.418 0.0003269742986
64.42 0.0003272297465
64.422 0.000327434587
64.424 0.0003276283153
64.426 0.0003277830159
64.428 0.0003279033852
64.43 0.0003280173063
64.432 0.000328097799
64.434 0.000328162848
64.436 0.0003281962798
64.438 0.000328226168
64.44 0.0003282422382
64.442 0.0003282325119
64.444 0.0003282260651
64.446 0.0003282134786
64.448 0.000328191351
64.45 0.0003281448792
64.452 0.000328124941
64.454 0.0003281012653
64.456 0.0003280461951
64.458 0.0003280245866
64.46 0.0003279962549
64.462 0.0003279686757
64.464 0.0003279290137
64.466 0.0003279272003
64.468 0.000327908283
64.47 0.0003278912155
64.472 0.0003278949979
64.474 0.00032790343
64.476 0.000328265522
64.478 0.0003280957252
64.48 0.0003281202285
64.482 0.0003284517918
64.484 0.0003282853942
64.486 0.0003286405316
64.488 0.0003284357142
64.49 0.0003284181404
64.492 0.0003287406302
64.494 0.0003285510054
64.496 0.0003288885642
64.498 0.0003286721068
64.5 0.0003290224953
64.502 0.0003288118935
64.504 0.0003291442291
64.506 0.0003289503777
64.508 0.000329292277
64.51 0.0003290841561
64.512 0.0003294564195
64.514 0.0003292635804
64.516 0.0003296236521
64.518 0.0003294686597
64.52 0.0003298452477
64.522 0.0003300386315
64.524 0.0003299198973
64.526 0.0003302821557
64.528 0.0003305014026
64.53 0.0003303664744
64.532 0.000330736087
64.534 0.0003309527132
64.536 0.0003308190365
64.538 0.0003311933363
64.54 0.0003313927644
64.542 0.0003316080857
64.544 0.0003317966146
64.546 0.0003316529243
64.548 0.0003319647806
64.55 0.00033214117
64.552 0.0003323141581
64.554 0.0003324614879
64.556 0.0003326059206
64.558 0.0003327345108
64.56 0.0003328262021
64.562 0.0003325900748
64.564 0.0003328201692
64.566 0.000332878176
64.568 0.0003329616055
64.57 0.0003330218374
64.572 0.000333053219
64.574 0.000333091924
64.576 0.0003330960556
64.578 0.0003330920704
64.58 0.0003330720992
64.582 0.000333044272
64.584 0.0003329864252
64.586 0.0003329456764
64.588 0.000332879084
64.59 0.0003327904613
64.592 0.0003327215467
64.594 0.0003326247613
64.596 0.0003325190328
64.598 0.0003324274299
64.6 0.0003323141312
64.602 0.0003321896211
64.604 0.0003320877822
64.606 0.0003319597401
64.608 0.0003318291598
64.61 0.0003317166379
64.612 0.0003315895948
64.614 0.0003314548761
64.616 0.000331339869
64.618 0.0003312119274
64.62 0.0003310721927
64.622 0.0003309610455
64.624 0.0003308420905
64.626 0.00033069518
64.628 0.0003305825683
64.63 0.0003304591817
64.632 0.0003303308164
64.634 0.0003302052571
64.636 0.0003300893679
64.638 0.000329960128
64.64 0.0003298423911
64.642 0.0003297225132
64.644 0.0003295934103
64.646 0.0003294845657
64.648 0.0003293585039
64.65 0.0003292459634
64.652 0.0003291376586
64.654 0.000329008605
64.656 0.0003289114062
64.658 0.0003288016322
64.66 0.0003286756277
64.662 0.000328572816
64.664 0.0003284770362
64.666 0.0003283601424
64.668 0.0003282637412
64.67 0.0003281679781
64.672 0.0003280532442
64.674 0.0003279618828
64.676 0.0003278757334
64.678 0.0003277739436
64.68 0.0003276946827
64.682 0.0003276023066
64.684 0.000327533313
64.686 0.0003274533392
64.688 0.0003273669874
64.69 0.0003273075751
64.692 0.0003272456572
64.694 0.0003271656634
64.696 0.0003271196519
64.698 0.0003270612385
64.7 0.0003269885675
64.702 0.0003269501417
64.704 0.000326886428
64.706 0.0003268446891
64.708 0.000326798502
64.71 0.0003267334872
64.712 0.000326704977
64.714 0.0003266447722
64.716 0.0003265875782
64.718 0.0003265494677
64.72 0.0003264986529
64.722 0.0003264455073
64.724 0.0003264131655
64.726 0.0003263489822
64.728 0.0003263177725
64.73 0.0003262799277
64.732 0.0003262249778
64.734 0.0003261837874
64.736 0.0003261465746
64.738 0.0003260913845
64.74 0.0003260490301
64.742 0.0003259966714
64.744 0.0003259609006
64.746 0.0003259105438
64.748 0.0003258553366
64.75 0.0003258143084
64.752 0.0003257713394
64.754 0.0003257011346
64.756 0.000325660577
64.758 0.0003255985736
64.76 0.0003255520605
64.762 0.0003255006491
64.764 0.0003254315453
64.766 0.0003253799807
64.768 0.0003253159769
64.77 0.0003252425697
64.772 0.000325183918
64.774 0.0003251009709
64.776 0.000325041372
64.778 0.0003249707346
64.78 0.0003248789406
64.782 0.0003248121081
64.784 0.0003247328725
64.786 0.0003246423247
64.788 0.0003245618413
64.79 0.0003244707071
64.792 0.0003243915322
64.794 0.0003243016089
64.796 0.0003242025004
64.798 0.0003241210143
64.8 0.0003240196194
64.802 0.0003239311144
64.804 0.0003238424788
64.806 0.000323736752
64.808 0.000323647538
64.81 0.0003235459462
64.812 0.0003234614963
64.814 0.0003233711175
64.816 0.0003232628733
64.818 0.0003231860355
64.82 0.0003231018306
64.822 0.000322997936
64.824 0.0003229228863
64.826 0.0003228262983
64.828 0.0003227493081
64.83 0.0003226595119
64.832 0.0003225697415
64.834 0.000322493341
64.836 0.0003223950385
64.838 0.0003223233471
64.84 0.0003222426799
64.842 0.0003221477028
64.844 0.0003220675904
64.846 0.0003219778585
64.848 0.0003219038781
64.85 0.0003218185663
64.852 0.0003217284591
64.854 0.0003216522663
64.856 0.0003215620264
64.858 0.000321482036
64.86 0.0003214059439
64.862 0.0003213151714
64.864 0.00032123614
64.866 0.0003211477773
64.868 0.0003210674797
64.87 0.0003209864361
64.872 0.0003208878713
64.874 0.0003208161277
64.876 0.000320723821
64.878 0.0003206463482
64.88 0.0003205696242
64.882 0.0003204796379
64.884 0.0003204082087
64.886 0.0003203134969
64.888 0.0003202478389
64.89 0.0003201719989
64.892 0.0003200792234
64.894 0.0003200181481
64.896 0.0003199355627
64.898 0.000319869889
64.9 0.0003197947791
64.902 0.0003197126209
64.904 0.0003196459474
64.906 0.0003195594979
64.908 0.0003194953482
64.91 0.0003194096256
64.912 0.0003193457292
64.914 0.0003192680954
64.916 0.000319187743
64.918 0.0003191212661
64.92 0.0003190386056
64.922 0.0003189671817
64.924 0.0003188964024
64.926 0.000318812989
64.928 0.0003187414436
64.93 0.0003186598756
64.932 0.0003185931104
64.934 0.000318462557
64.936 0.0003183983266
64.938 0.0003183357873
64.94 0.0003182508306
64.942 0.0003181845155
64.944 0.0003180948563
64.946 0.0003180302276
64.948 0.0003179559938
64.95 0.0003178635795
64.952 0.0003177977651
64.954 0.0003177089253
64.956 0.0003176388758
64.958 0.0003184399285
64.96 0.0003180100781
64.962 0.0003178936639
64.964 0.0003186802288
64.966 0.000318268787
64.968 0.0003190661643
64.97 0.0003186036161
64.972 0.0003194110033
64.974 0.000318909854
64.976 0.0003197179959
64.978 0.0003191987324
64.98 0.0003199922825
64.982 0.0003194549144
64.984 0.0003202289833
64.986 0.000319612997
64.988 0.0003203673874
64.99 0.0003197926433
64.992 0.0003204889102
64.994 0.0003207649662
64.996 0.0003202070349
64.998 0.0003207926565
65 0.0003201556018
65.002 0.0003207348111
65.004 0.0003209294205
65.006 0.0003208710757
65.008 0.0003200354767
65.01 0.0003204213516
65.012 0.0003204063545
65.014 0.0003204506141
65.016 0.0003195322897
65.018 0.000319884836
65.02 0.0003198302904
65.022 0.0003198412133
65.024 0.000319790804
65.026 0.0003196902107
65.028 0.0003187840713
65.03 0.000319059109
65.032 0.0003189910966
65.034 0.0003189412456
65.036 0.0003188671236
65.038 0.0003187960989
65.04 0.0003187008999
65.042 0.0003186224895
65.044 0.0003185046069
65.046 0.0003184205407
65.048 0.0003183114766
65.05 0.0003182157446
65.052 0.0003181037713
65.054 0.0003179832393
65.056 0.0003179178593
65.058 0.0003177691604
65.06 0.0003176466605
65.062 0.0003174513528
65.064 0.0003173541508
65.066 0.0003172657897
65.068 0.0003170984254
65.07 0.0003169680116
65.072 0.0003168147411
65.074 0.0003166731108
65.076 0.0003165061891
65.078 0.0003163751518
65.08 0.0003162157804
65.082 0.0003160673819
65.084 0.00031592193
65.086 0.0003158015923
65.088 0.000315638239
65.09 0.000315467715
65.092 0.0003152654287
65.094 0.0003151257422
65.096 0.0003150254918
65.098 0.0003148551046
65.1 0.0003146954858
65.102 0.0003145543908
65.104 0.000314434225
65.106 0.0003142235512
65.108 0.000314095787
65.11 0.000313964117
65.112 0.0003138565912
65.114 0.0003137171111
65.116 0.0003135872302
65.118 0.0003134448529
65.12 0.0003133166403
65.122 0.0003131948474
65.124 0.0003130879216
65.126 0.0003130043992
65.128 0.000312891188
65.13 0.0003127755684
65.132 0.0003126273987
65.134 0.000312596169
65.136 0.0003124819704
65.138 0.0003124038139
65.14 0.0003123532145
65.142 0.0003122606149
65.144 0.0003122180495
65.146 0.0003120809649
65.148 0.0003120332078
65.15 0.0003120038588
65.152 0.0003119333497
65.154 0.0003118667856
65.156 0.0003117979582
65.158 0.0003117480352
65.16 0.0003117489912
65.162 0.0003116781145
65.164 0.0003116773683
65.166 0.0003116241214
65.168 0.0003115162853
65.17 0.0003115493754
65.172 0.0003114815526
65.174 0.0003114817775
65.176 0.0003114033123
65.178 0.0003113873905
65.18 0.0003112438155
65.182 0.000311250727
65.184 0.0003111673615
65.186 0.0003111211588
65.188 0.0003110411059
65.19 0.0003109354258
65.192 0.0003108717965
65.194 0.0003108243137
65.196 0.000310740366
65.198 0.0003106912772
65.2 0.0003105448193
65.202 0.0003105244115
65.204 0.0003104428039
65.206 0.0003104125122
65.208 0.0003103474325
65.21 0.0003102153198
65.212 0.0003102001032
65.214 0.0003101600575
65.216 0.0003100737331
65.218 0.0003100563536
65.22 0.0003099507896
65.222 0.0003099067421
65.224 0.0003098936207
65.226 0.0003098540441
65.228 0.0003097941744
65.23 0.0003097093541
65.232 0.0003097159767
65.234 0.0003096835929
65.236 0.0003096275888
65.238 0.0003096125385
65.24 0.0003095421772
65.242 0.0003095475897
65.244 0.0003094763773
65.246 0.0003094830004
65.248 0.0003093953896
65.25 0.0003094106316
65.252 0.0003093736156
65.254 0.0003093671132
65.256 0.0003092992023
65.258 0.0003092386335
65.26 0.0003092337539
65.262 0.0003092213182
65.264 0.0003092003483
65.266 0.0003091052329
65.268 0.0003091148051
65.27 0.0003090802893
65.272 0.0003090574925
65.274 0.0003089644493
65.276 0.0003089700078
65.278 0.0003089316767
65.28 0.0003089052948
65.282 0.0003088659659
65.284 0.0003087810496
65.286 0.000308768466
65.288 0.0003087249196
65.29 0.0003086977956
65.292 0.0003085957329
65.294 0.0003085870919
65.296 0.0003085458754
65.298 0.0003085192791
65.3 0.0003084128541
65.302 0.000308414375
65.304 0.000308369533
65.306 0.0003083465285
65.308 0.0003082533344
65.31 0.0003082371151
65.312 0.0003082134634
65.314 0.0003081657425
65.316 0.000308088744
65.318 0.000308072134
65.32 0.0003080516471
65.322 0.000307951726
65.324 0.0003079597107
65.326 0.0003079234155
65.328 0.0003079025178
65.33 0.0003078249401
65.332 0.000307837659
65.334 0.0003078589393
65.336 0.0003078700669
65.338 0.0003235410083
65.34 0.0003406345338
65.342 0.0003488277566
65.344 0.0003478675856
65.346 0.0003382458697
65.348 0.0003211277379
65.35 0.000308275584
65.352 0.000308318023
65.354 0.0003084387968
65.356 0.0003085511018
65.358 0.0003086025928
65.36 0.0003087535476
65.362 0.0003088598114
65.364 0.0003089971352
65.366 0.0003090576256
65.368 0.0003092196042
65.37 0.0003093334497
65.372 0.0003094212832
65.374 0.0003095796475
65.376 0.0003096971674
65.378 0.0003097851315
65.38 0.0003099288977
65.382 0.000310065391
65.384 0.0003101317409
65.386 0.0003102935605
65.388 0.0003104048966
65.39 0.0003105432696
65.392 0.0003105989918
65.394 0.0003107534043
65.396 0.0003108678519
65.398 0.0003109228677
65.4 0.0003110711558
65.402 0.0003111692757
65.404 0.0003112355761
65.406 0.0003113552957
65.408 0.0003114656351
65.41 0.0003115041551
65.412 0.0003116348531
65.414 0.0003117137257
65.416 0.0003117643021
65.418 0.0003118802091
65.42 0.000311903377
65.422 0.0003120166031
65.424 0.0003120933564
65.426 0.0003121277302
65.428 0.0003122156463
65.43 0.0003123018354
65.432 0.0003123120232
65.434 0.0003124115477
65.436 0.0003124738292
65.438 0.0003124950054
65.44 0.0003125814179
65.442 0.0003125830937
65.444 0.0003126788795
65.446 0.0003127252529
65.448 0.0003127396249
65.45 0.0003128129931
65.452 0.0003128732514
65.454 0.0003128661913
65.456 0.0003129526186
65.458 0.0003129366748
65.46 0.0003130250699
65.462 0.0003130678207
65.464 0.0003130666671
65.466 0.0003131449368
65.468 0.0003131287123
65.47 0.000313206157
65.472 0.0003132490929
65.474 0.0003132516788
65.476 0.0003133098809
65.478 0.0003133145091
65.48 0.0003133751861
65.482 0.0003134248669
65.484 0.0003134104045
65.486 0.0003134879463
65.488 0.0003134768272
65.49 0.0003135388362
65.492 0.0003135941334
65.494 0.000313569244
65.496 0.0003136501776
65.498 0.0003136285847
65.5 0.0003137048013
65.502 0.0003137414856
65.504 0.0003137408833
65.506 0.0003137935021
65.508 0.0003137954542
65.51 0.0003138663989
65.512 0.0003138417987
65.514 0.0003139201424
65.516 0.0003139512373
65.518 0.0003139510069
65.52 0.0003140213396
65.522 0.0003140252918
65.524 0.0003140849516
65.526 0.0003140897022
65.528 0.000314147336
65.53 0.0003141502542
65.532 0.0003142117985
65.534 0.0003142609241
65.536 0.0003142537827
65.538 0.0003143096472
65.54 0.000314300513
65.542 0.0003143577282
65.544 0.0003143509258
65.546 0.0003143988114
65.548 0.0003143936599
65.55 0.0003144411108
65.552 0.0003144340428
65.554 0.0003144829662
65.556 0.0003145221119
65.558 0.0003145047886
65.56 0.0003145505578
65.562 0.0003145292663
65.564 0.0003145775359
65.566 0.0003145574795
65.568 0.0003145955576
65.57 0.00031457736
65.572 0.0003146149705
65.574 0.0003145968602
65.576 0.0003146364463
65.578 0.0003146098995
65.58 0.0003146645121
65.582 0.0003146231062
65.584 0.0003146752723
65.586 0.0003146333089
65.588 0.0003146849726
65.59 0.0003146448628
65.592 0.0003146987908
65.594 0.0003146491342
65.596 0.0003147063144
65.598 0.0003146566169
65.6 0.0003147152814
65.602 0.0003146825483
65.604 0.0003147129908
65.606 0.0003146886361
65.608 0.0003147222642
65.61 0.0003146882206
65.612 0.0003147236161
65.614 0.0003146908753
65.616 0.0003147263633
65.618 0.0003146968309
65.62 0.0003147256023
65.622 0.0003146979912
65.624 0.0003147345446
65.626 0.0003146872539
65.628 0.0003147350769
65.63 0.0003146791482
65.632 0.0003147268779
65.634 0.0003146712685
65.636 0.0003147199553
65.638 0.0003146679001
65.64 0.0003147072739
65.642 0.0003146589472
65.644 0.0003146995316
65.646 0.0003146627796
65.648 0.0003146907985
65.65 0.0003146554506
65.652 0.0003146316707
65.654 0.0003146751068
65.656 0.0003146280318
65.658 0.0003146778591
65.66 0.0003146226887
65.662 0.0003146726426
65.664 0.0003146181448
65.666 0.0003146669685
65.668 0.0003146231929
65.67 0.0003145994379
65.672 0.0003146428598
65.674 0.0003145871422
65.676 0.0003146352222
65.678 0.0003145753205
65.68 0.0003146242606
65.682 0.0003145659471
65.684 0.0003145588885
65.686 0.0003145823173
65.688 0.0003145466118
65.69 0.000314584433
65.692 0.0003145277019
65.694 0.0003145198161
65.696 0.0003145395954
65.698 0.0003145106784
65.7 0.0003145347714
65.702 0.0003144973514
65.704 0.0003144720281
65.706 0.0003145105757
65.708 0.0003144617684
65.71 0.0003145040877
65.712 0.0003144657376
65.714 0.0003144366644
65.716 0.0003144829292
65.718 0.000314434057
65.72 0.0003144241784
65.722 0.0003144547536
65.724 0.0003144200569
65.726 0.0003144529446
65.728 0.0003144189303
65.73 0.000314398423
65.732 0.0003144433772
65.734 0.0003144118444
65.736 0.0003143867994
65.738 0.0003144369125
65.74 0.0003143947961
65.742 0.0003144402268
65.744 0.0003143971326
65.746 0.0003143870959
65.748 0.000314423073
65.75 0.0003143953943
65.752 0.0003143870602
65.754 0.0003144172354
65.756 0.0003143935108
65.758 0.0003143728887
65.76 0.0003144273869
65.762 0.0003143804635
65.764 0.0003143859587
65.766 0.0003144156117
65.768 0.0003143952741
65.77 0.0003143761677
65.772 0.0003144315471
65.774 0.0003143994952
65.776 0.0003143892318
65.778 0.0003144343065
65.78 0.0003144009069
65.782 0.0003143980578
65.784 0.0003144354988
65.786 0.0003144133348
65.788 0.0003143969757
65.79 0.0003143991262
65.792 0.0003144409906
65.794 0.0003144176278
65.796 0.0003144204606
65.798 0.0003144569991
65.8 0.0003144377241
65.802 0.0003144209774
65.804 0.0003144793924
65.806 0.0003144387873
65.808 0.0003144493451
65.81 0.0003144809292
65.812 0.0003144703467
65.814 0.0003144658803
65.816 0.0003144565072
65.818 0.0003145103785
65.82 0.0003144769616
65.822 0.0003144823036
65.824 0.0003145255124
65.826 0.0003145031982
65.828 0.0003144973389
65.83 0.0003145540919
65.832 0.0003145307718
65.834 0.0003145214446
65.836 0.0003145297867
65.838 0.0003145684774
65.84 0.0003145606745
65.842 0.0003145456701
65.844 0.0003145621692
65.846 0.0003146017276
65.848 0.000314593441
65.85 0.0003145969244
65.852 0.0003146415002
65.854 0.0003146307743
65.856 0.0003146252674
65.858 0.0003146375813
65.86 0.0003146836236
65.862 0.0003146782818
65.864 0.0003146718712
65.866 0.0003146917689
65.868 0.0003147478027
65.87 0.0003147298125
65.872 0.0003147380749
65.874 0.000314743225
65.876 0.0003148073239
65.878 0.0003149167612
65.88 0.0003150169517
65.882 0.0003150963398
65.884 0.0003152377442
65.886 0.0003152911146
65.888 0.0003153608626
65.89 0.0003154272172
65.892 0.0003155347426
65.894 0.0003155734602
65.896 0.0003156128492
65.898 0.0003156697973
65.9 0.0003156996608
65.902 0.0003157964279
65.904 0.0003158078847
65.906 0.0003158250365
65.908 0.0003158558157
65.91 0.0003159133889
65.912 0.0003159190568
65.914 0.0003159183904
65.916 0.0003159422537
65.918 0.0003159364587
65.92 0.0003160045981
65.922 0.0003159815089
65.924 0.000315976527
65.926 0.0003159820236
65.928 0.0003160239984
65.93 0.0004842650513
65.932 0.0006033100257
65.934 0.0007441745504
65.936 0.0008234657876
65.938 0.0009419971888
65.94 0.001048238348
65.942 0.001131204607
65.944 0.001190667373
65.946 0.001226990405
65.948 0.001240335469
65.95 0.0012307453
65.952 0.001198360213
65.954 0.001143653049
65.956 0.001067904949
65.958 0.001022436274
65.96 0.001014338666
65.962 0.001002627831
65.964 0.0009864716661
65.966 0.0009648473696
65.968 0.0009367664227
65.97 0.0009014464094
65.972 0.0008584720159
65.974 0.0008080332235
65.976 0.0007509222459
65.978 0.0007128077587
65.98 0.0007077717064
65.982 0.0006995748122
65.984 0.0006883620916
65.986 0.0006746446121
65.988 0.0006575046079
65.99 0.0006410228615
65.992 0.0006232252378
65.994 0.0006033805472
65.996 0.0005817548839
65.998 0.0005585851148
66 0.0005646495546
66.002 0.0005704714688
66.004 0.0005744837475
66.006 0.0005766117414
66.008 0.0005781834407
66.01 0.0005790236727
66.012 0.0005778651401
66.014 0.0005746845215
66.016 0.0005694953122
66.018 0.0005622729969
66.02 0.0005530677093
66.022 0.0005419000591
66.024 0.0005288257602
66.026 0.0005138937484
66.028 0.0004971729631
66.03 0.0004787537445
66.032 0.0004586914557
66.034 0.0004401933559
66.036 0.000431903113
66.038 0.0004241844273
66.04 0.0004155144899
66.042 0.0004081309447
66.044 0.0004048484653
66.046 0.0004005934994
66.048 0.0003953970934
66.05 0.0003900578563
66.052 0.000384010482
66.054 0.0003770398443
66.056 0.0003691586776
66.058 0.0003628331752
66.06 0.0003581541029
66.062 0.0003539666578
66.064 0.0003493025768
66.066 0.000346233505
66.068 0.0003484989755
66.07 0.0003490653719
66.072 0.0003479500169
66.074 0.0003452353067
66.076 0.0003458312232
66.078 0.0003489625793
66.08 0.0003519013032
66.082 0.0003546272157
66.084 0.0003571816948
66.086 0.0003595358677
66.088 0.0003617227433
66.09 0.0003637336984
66.092 0.000365575847
66.094 0.0003672734567
66.096 0.0003688052206
66.098 0.0003702175574
66.1 0.0003714815595
66.102 0.0003726746125
66.104 0.0003736673452
66.106 0.0003745860275
66.108 0.000375400124
66.11 0.0003760902059
66.112 0.0003767135534
66.114 0.0003772283628
66.116 0.0003776877149
66.118 0.0003780459268
66.12 0.0003783512371
66.122 0.0003785920026
66.124 0.0003787622732
66.126 0.0003788826644
66.128 0.000378938973
66.13 0.0003789660559
66.132 0.0003789815141
66.134 0.0003789036581
66.136 0.0003787879595
66.138 0.0003786639714
66.14 0.0003784983545
66.142 0.0003782984426
66.144 0.0003780842901
66.146 0.0003778357351
66.148 0.0003775874452
66.15 0.0003773047443
66.152 0.0003770260129
66.154 0.0003767255639
66.156 0.0003764172755
66.158 0.0003761387005
66.16 0.0003758313412
66.162 0.0003755500486
66.164 0.0003752541427
66.166 0.000374987189
66.168 0.0003746946508
66.17 0.0003744787366
66.172 0.0003741936048
66.174 0.0003739248459
66.176 0.0003736841429
66.178 0.0003734270656
66.18 0.0003731992884
66.182 0.0003729609538
66.184 0.0003727540659
66.186 0.0003725458737
66.188 0.0003723271232
66.19 0.0003721324905
66.192 0.0003719303159
66.194 0.0003717606217
66.196 0.0003715744011
66.198 0.0003714222457
66.2 0.0003712631645
66.202 0.0003711354063
66.204 0.0003710190421
66.206 0.0003708901671
66.208 0.0003707992307
66.21 0.0003706955052
66.212 0.0003706261024
66.214 0.0003705485492
66.216 0.0003704963052
66.218 0.0003704462484
66.22 0.0003703926148
66.222 0.0003703629301
66.224 0.0003703279926
66.226 0.000370368191
66.228 0.0003703664775
66.23 0.0003703880836
66.232 0.0003703920772
66.234 0.0003704187337
66.236 0.000370432736
66.238 0.0003704319219
66.24 0.0003704483332
66.242 0.0003704404013
66.244 0.000370450619
66.246 0.0003704375177
66.248 0.0003704349263
66.25 0.000370419263
66.252 0.0003703834747
66.254 0.0003681664715
66.256 0.0003687088512
66.258 0.0003695910126
66.26 0.0003709539519
66.262 0.0003726939
66.264 0.0003746763994
66.266 0.0003768500346
66.268 0.0003791186571
66.27 0.0003814077972
66.272 0.0003837059623
66.274 0.0003859194454
66.276 0.0003880563785
66.278 0.0003900501412
66.28 0.0003919146538
66.282 0.0003935947225
66.284 0.0003951143791
66.286 0.0003964491706
66.288 0.0003975624993
66.29 0.0003985058847
66.292 0.0003992367649
66.294 0.0003997984924
66.296 0.0004001605631
66.298 0.0004003689849
66.3 0.0004004074713
66.302 0.0004002851767
66.304 0.0004000320921
66.306 0.000399632626
66.308 0.0003991312748
66.31 0.0003985059766
66.312 0.0003978032303
66.314 0.0003969960822
66.316 0.0003961391714
66.318 0.000395210621
66.32 0.0003942226116
66.322 0.0003932052384
66.324 0.000392132353
66.326 0.0003910587336
66.328 0.0003899423579
66.33 0.0003888360772
66.332 0.0003877057699
66.334 0.0003865954414
66.336 0.0003854828449
66.338 0.0003843724518
66.34 0.0003832851889
66.342 0.0003822016695
66.344 0.0003811530674
66.346 0.0003801071612
66.348 0.0003791049224
66.35 0.0003781186053
66.352 0.000377144819
66.354 0.000376217264
66.356 0.0003752949541
66.358 0.0003744253863
66.36 0.0003735559282
66.362 0.0003727320366
66.364 0.0003719195744
66.366 0.0003711496911
66.368 0.0003703997137
66.37 0.0003696615386
66.372 0.0003689683608
66.374 0.0003682779175
66.376 0.0003676315782
66.378 0.0003669893809
66.38 0.000366392556
66.382 0.0003657885802
66.384 0.0003652326731
66.386 0.0003646871027
66.388 0.0003641490115
66.39 0.0003636531875
66.392 0.0003631534304
66.394 0.0003626932975
66.396 0.0003622330143
66.398 0.0003618110139
66.4 0.0003613855797
66.402 0.0003609964835
66.404 0.000360621578
66.406 0.000360253257
66.408 0.0003477074045
66.41 0.0003409502242
66.412 0.0003345091805
66.414 0.0003288996755
66.416 0.0003238300642
66.418 0.0003193855035
66.42 0.000315502942
66.422 0.0003121651433
66.424 0.0003093252372
66.426 0.0003069914631
66.428 0.0003050953755
66.43 0.0003036455358
66.432 0.0003025730188
66.434 0.0003010416355
66.436 0.0003000947507
66.438 0.0002994871745
66.44 0.0002991630878
66.442 0.000299088277
66.444 0.000299270321
66.446 0.0002996489377
66.448 0.0003002376761
66.45 0.0003009793598
66.452 0.0003018903412
66.454 0.0003029137251
66.456 0.0003040686206
66.458 0.0003053135844
66.46 0.0003066250416
66.462 0.0003080214187
66.464 0.0003094515461
66.466 0.0003109378209
66.468 0.000312430931
66.47 0.0003139589276
66.472 0.0003154740982
66.474 0.0003170029354
66.476 0.0003185016264
66.478 0.0003200027007
66.48 0.0003214652888
66.482 0.0003228862984
66.484 0.000324285314
66.486 0.0003256263095
66.488 0.0003269410903
66.49 0.0003281868038
66.492 0.0003294005829
66.494 0.0003305416468
66.496 0.0003316476934
66.498 0.0003326928698
66.5 0.0003336708849
66.502 0.0003346107772
66.504 0.0003354755431
66.506 0.0003363056405
66.508 0.0003370623657
66.51 0.0003377849118
66.512 0.0003384398902
66.514 0.0003390639011
66.516 0.0003396206652
66.518 0.0003401527313
66.52 0.0003406334013
66.522 0.000341061974
66.524 0.0003414685716
66.526 0.000341818507
66.528 0.0003421545339
66.53 0.0003424397193
66.532 0.0003427150703
66.534 0.0003429429639
66.536 0.000343165258
66.538 0.0003433442944
66.54 0.0003435210445
66.542 0.0003436723651
66.544 0.0003437922384
66.546 0.0003439156434
66.548 0.0003440064891
66.55 0.0003441023495
66.552 0.0003441677352
66.554 0.0003442436128
66.556 0.0003442908099
66.558 0.0003443471099
66.56 0.0003443806327
66.562 0.0003444250895
66.564 0.0003444592239
66.566 0.0003444763579
66.568 0.0003445073443
66.57 0.0003445161772
66.572 0.0003445425023
66.574 0.0003445450079
66.576 0.0003445664629
66.578 0.0003445669623
66.58 0.0003445853977
66.582 0.0003445826662
66.584 0.0003445994611
66.586 0.0003445942569
66.588 0.000344608507
66.59 0.0003446133825
66.592 0.0003446065667
66.594 0.000344617527
66.596 0.0003446088769
66.598 0.0003446184218
66.6 0.0003446072573
66.602 0.0003446181068
66.604 0.0003446052291
66.606 0.0003446124622
66.608 0.0003446002796
66.61 0.0003446061408
66.612 0.0003445913536
66.614 0.0003445968723
66.616 0.0003445929442
66.618 0.0003445757426
66.62 0.0003445748534
66.622 0.000344557357
66.624 0.0003445559062
66.626 0.0003445363191
66.628 0.0003445342811
66.63 0.0003445132679
66.632 0.0003445110299
66.634 0.000344486797
66.636 0.0003444825951
66.638 0.0003444588861
66.64 0.000344450491
66.642 0.0003444241894
66.644 0.0003444143878
66.646 0.0003443979801
66.648 0.0003443619803
66.65 0.0003443504106
66.652 0.0003443133437
66.654 0.0003442974298
66.656 0.0003442668601
66.658 0.000344248276
66.66 0.0003442118546
66.662 0.0003441952212
66.664 0.0003441771124
66.666 0.000344169795
66.668 0.0003441427498
66.67 0.0003441349892
66.672 0.000344113949
66.674 0.0003441045699
66.676 0.0002506883274
66.678 0.0002104622565
66.68 0.0001844533016
66.682 0.000175588692
66.684 0.0001801707069
66.686 0.0001938688328
66.688 0.000211917945
66.69 0.0002313326738
66.692 0.0002502264996
66.694 0.0002676706999
66.696 0.0002831043625
66.698 0.0002963717297
66.7 0.0003073488238
66.702 0.0003161256903
66.704 0.0003227339369
66.706 0.0003273537017
66.708 0.0003300546103
66.71 0.0003310477632
66.712 0.0003304290215
66.714 0.000328389186
66.716 0.0003250873595
66.718 0.0003206327648
66.72 0.0003152305687
66.722 0.0003089622813
66.724 0.0003020319105
66.726 0.0002945266331
66.728 0.0002866363731
66.73 0.0002784437992
66.732 0.0002701316598
66.734 0.0002617916418
66.736 0.0002535878152
66.738 0.0002456065999
66.74 0.0002380228998
66.742 0.0002309032644
66.744 0.0002244035131
66.746 0.0002185959897
66.748 0.0002135954912
66.75 0.0002094406336
66.752 0.0002062331583
66.754 0.000203953963
66.756 0.0002026515631
66.758 0.0002022879664
66.76 0.0002028257456
66.762 0.0002042162118
66.764 0.0002063828316
66.766 0.0002092280446
66.768 0.0002126818376
66.77 0.0002302144547
66.772 0.000246425741
66.774 0.0002641746095
66.776 0.0002823218601
66.778 0.0003002220985
66.78 0.0003174926659
66.782 0.0003338375313
66.784 0.0003491644442
66.786 0.0003633645176
66.788 0.0003764439689
66.79 0.0003883814066
66.792 0.0003992368154
66.794 0.0004090078615
66.796 0.0004177971206
66.798 0.0004255978383
66.8 0.0004325230822
66.802 0.0004385797051
66.804 0.0004438659652
66.806 0.0004484002952
66.808 0.0004522684543
66.81 0.0004554759344
66.812 0.0004581258502
66.814 0.0004602019618
66.816 0.000461810297
66.818 0.0004629309327
66.82 0.0004636562589
66.822 0.0004639801907
66.824 0.0004639717778
66.826 0.0004636161041
66.828 0.0004629933187
66.83 0.0004620868931
66.832 0.0004609720298
66.834 0.000459611235
66.836 0.0004580944443
66.838 0.0004563686175
66.84 0.0004545162769
66.842 0.0004525108435
66.844 0.0004503961685
66.846 0.0004481642602
66.848 0.0004458536054
66.85 0.00044344603
66.852 0.0004409960568
66.854 0.0004384606395
66.856 0.0004359026585
66.858 0.0004332729289
66.86 0.00043064439
66.862 0.0004279711858
66.864 0.0004253070381
66.866 0.0004226266137
66.868 0.0004199691902
66.87 0.0004173079636
66.872 0.0004146893629
66.874 0.0004120836901
66.876 0.000409532082
66.878 0.0004070711119
66.88 0.000404674312
66.882 0.0004023072326
66.884 0.0004000152347
66.886 0.0003977406392
66.888 0.0003955573806
66.89 0.000393408727
66.892 0.0003913543606
66.894 0.0003893370965
66.896 0.0003889127813
66.898 0.0003879358984
66.9 0.0003870340745
66.902 0.0003861241274
66.904 0.0003852783507
66.906 0.0003844502325
66.908 0.0003836771498
66.91 0.0003829222258
66.912 0.0003822199987
66.914 0.0003815358923
66.916 0.0003809008794
66.918 0.0003802791244
66.92 0.0003797047946
66.922 0.0003791395275
66.924 0.0003786160455
66.926 0.0003780977807
66.928 0.0003776157919
66.93 0.0003771353101
66.932 0.0003766818117
66.934 0.000376232431
66.936 0.0003758061035
66.938 0.0003753754049
66.94 0.0003749659308
66.942 0.0003745475414
66.944 0.000374147498
66.946 0.0003737397744
66.948 0.000373341503
66.95 0.0003729357232
66.952 0.0003725424545
66.954 0.0003721333655
66.956 0.0003717385748
66.958 0.0003713294212
66.96 0.0003709312549
66.962 0.0003705213191
66.964 0.0003701188824
66.966 0.0003697086617
66.968 0.000369306607
66.97 0.0003688933656
66.972 0.000368494309
66.974 0.0003680814097
66.976 0.0003676842103
66.978 0.0003672747778
66.98 0.0003668800432
66.982 0.0003664754671
66.984 0.0003660928356
66.986 0.000365698571
66.988 0.0003653233074
66.99 0.0003649414692
66.992 0.0003645777633
66.994 0.0003642114452
66.996 0.0003638628016
66.998 0.0003635097621
67 0.0003631811455
67.002 0.0003628453282
67.004 0.000362534727
67.006 0.0003622184081
67.008 0.0003619257693
67.01 0.0003616306678
67.012 0.0003613576224
67.014 0.0003610830707
67.016 0.0003608326024
67.018 0.000360577824
67.02 0.0003603465072
67.022 0.0003601115796
67.024 0.0003599011741
67.026 0.0003596854804
67.028 0.0003594935742
67.03 0.0003593025157
67.032 0.0003591344509
67.034 0.0003589512755
67.036 0.0003588000356
67.038 0.0003586273737
67.04 0.0003584874682
67.042 0.0003583271654
67.044 0.000358199311
67.046 0.00035804539
67.048 0.00035792467
67.05 0.0003577870411
67.052 0.0003576658805
67.054 0.0003575294403
67.056 0.0003574173889
67.058 0.000357288256
67.06 0.0003571762477
67.062 0.0003570467902
67.064 0.0003569348755
67.066 0.0003568068794
67.068 0.0003566946218
67.07 0.0003565566342
67.072 0.0003564458088
67.074 0.0003563051193
67.076 0.0003561876145
67.078 0.0003560398388
67.08 0.0003559162448
67.082 0.0003557672037
67.084 0.0003556304002
67.086 0.0003554753081
67.088 0.0003553274752
67.09 0.0003551647922
67.092 0.0003550133399
67.094 0.0003548344809
67.096 0.0003546738624
67.098 0.0003544854698
67.1 0.000354322773
67.102 0.000354126367
67.104 0.0003539452962
67.106 0.0003537413508
67.108 0.0003535504056
67.11 0.0003533425604
67.112 0.0003531382409
67.114 0.0003529170129
67.116 0.0003527107148
67.118 0.0003524718322
67.12 0.0003522560552
67.122 0.0003520185094
67.124 0.0003517889639
67.126 0.0003515334874
67.128 0.0003512997888
67.13 0.0003510446857
67.132 0.0003507986089
67.134 0.0003505327186
67.136 0.0003502907864
67.138 0.0003500092043
67.14 0.0003497617257
67.142 0.0003494871076
67.144 0.0003492289728
67.146 0.0003489437196
67.148 0.0003486813413
67.15 0.0003483998286
67.152 0.0003481277396
67.154 0.0003478406759
67.156 0.0003475827489
67.158 0.0003472952767
67.16 0.0003470194476
67.162 0.0003467388419
67.164 0.0003464698073
67.166 0.0003461798997
67.168 0.000345920148
67.17 0.0003456339436
67.172 0.0003453743265
67.174 0.0003450902479
67.176 0.0003448269135
67.178 0.0003445558072
67.18 0.0003442964342
67.182 0.0003440228944
67.184 0.0003438175355
67.186 0.0003436312391
67.188 0.0003434765346
67.19 0.0003432954381
67.192 0.0003431441232
67.194 0.0003429787234
67.196 0.0003428385735
67.198 0.0003506182041
67.2 0.0003916008109
67.202 0.0004240404591
67.204 0.0004480178525
67.206 0.0004632773792
67.208 0.0004703782207
67.21 0.0004702080919
67.212 0.0004652085469
67.214 0.0004566535128
67.216 0.0004447813597
67.218 0.0004342268946
67.22 0.0004235800713
67.222 0.0004071686667
67.224 0.0003861059311
67.226 0.000361561259
67.228 0.0003417931747
67.23 0.0003409538951
67.232 0.0003408835995
67.234 0.0003408395901
67.236 0.0003407634131
67.238 0.0003407340037
67.24 0.0003406832968
67.242 0.0003494467884
67.244 0.0003449252545
67.246 0.0003449186502
67.248 0.0003529792407
67.25 0.0003481846785
67.252 0.0003564922504
67.254 0.0003509218247
67.256 0.0003590026612
67.258 0.0003529814126
67.26 0.0003607411406
67.262 0.0003543534704
67.264 0.0003617928613
67.266 0.0003639082768
67.268 0.0003577848759
67.27 0.000364099807
67.272 0.0003658336767
67.274 0.000367846713
67.276 0.0003692040858
67.278 0.0003704389734
67.28 0.0003712909229
67.282 0.0003719387529
67.284 0.000372304531
67.286 0.0003724762891
67.288 0.0003723964016
67.29 0.0003721730736
67.292 0.000371743156
67.294 0.0003711759505
67.296 0.0003704571941
67.298 0.0003696302231
67.3 0.0003686721051
67.302 0.000367647098
67.304 0.0003665221315
67.306 0.000365357053
67.308 0.0003641155016
67.31 0.0003628601507
67.312 0.0003615559519
67.314 0.000360251773
67.316 0.0003589187812
67.318 0.0003576018241
67.32 0.0003562982022
67.322 0.0003549960021
67.324 0.0003537379182
67.326 0.0003524856134
67.328 0.0003512817751
67.33 0.0003501041127
67.332 0.0003489814625
67.334 0.0003478757615
67.336 0.0003468521701
67.338 0.000345847796
67.34 0.0003449216535
67.342 0.0003440176781
67.344 0.0003431973194
67.346 0.0003424040478
67.348 0.0003416820692
67.35 0.0003409997267
67.352 0.0003403881145
67.354 0.0003398041463
67.356 0.0003392930293
67.358 0.0003388113602
67.36 0.0003384000353
67.362 0.0003380114404
67.364 0.0003376924865
67.366 0.0003373949466
67.368 0.0003371577383
67.37 0.0003369325031
67.372 0.0003367719581
67.374 0.0003366244719
67.376 0.0003365316442
67.378 0.0003364421852
67.38 0.0003364152941
67.382 0.0003363890543
67.384 0.0003364098554
67.386 0.0003364364927
67.388 0.000336505643
67.39 0.000336575627
67.392 0.000336680771
67.394 0.0003367896386
67.396 0.0003369314611
67.398 0.0003370593728
67.4 0.0003372174658
67.402 0.0003373907388
67.404 0.0003375592574
67.406 0.0003377392241
67.408 0.0003379247612
67.41 0.0003381202381
67.412 0.0003383060457
67.414 0.000338613444
67.416 0.0003388721528
67.418 0.0003391400595
67.42 0.0003393851281
67.422 0.0003396330791
67.424 0.0003398577401
67.426 0.000340092339
67.428 0.0003404068723
67.43 0.0003406715029
67.432 0.0003409004256
67.434 0.0003411289033
67.436 0.0003413192423
67.438 0.0003415179098
67.44 0.0003416826777
67.442 0.0003418484522
67.444 0.0003419800523
67.446 0.0003421280816
67.448 0.0003422377968
67.45 0.0003423573147
67.452 0.0003424408185
67.454 0.0003425365528
67.456 0.0003426013146
67.458 0.0003426665965
67.46 0.0003427062558
67.462 0.0003427550523
67.464 0.0003427746292
67.466 0.0003427977429
67.468 0.0003427984811
67.47 0.0003428056993
67.472 0.000342783381
67.474 0.000342768276
67.476 0.0003427269394
67.478 0.0003426966
67.48 0.000342625538
67.482 0.0003425787593
67.484 0.0003424976507
67.486 0.0003424274277
67.488 0.0003423247213
67.49 0.0003422393903
67.492 0.0003421222048
67.494 0.0003420135222
67.496 0.0003418802203
67.498 0.0003417591744
67.5 0.0003415991326
67.502 0.000341465389
67.504 0.0003412966287
67.506 0.0003411428514
67.508 0.0003409627821
67.51 0.0003408020312
67.512 0.0003406061458
67.514 0.000340425225
67.516 0.0003402162691
67.518 0.0003400101772
67.52 0.0003397249493
67.522 0.0003394318266
67.524 0.0003390914357
67.526 0.0003387393643
67.528 0.0003383336047
67.53 0.0003379365684
67.532 0.0003374909362
67.534 0.0003370424193
67.536 0.0003365579834
67.538 0.0003360789537
67.54 0.0003355625907
67.542 0.0003350537684
67.544 0.0003345218571
67.546 0.0003339948277
67.548 0.0003334453117
67.55 0.0003329052363
67.552 0.000332348301
67.554 0.0003318026359
67.556 0.0003312372589
67.558 0.000330695525
67.56 0.0003301312648
67.562 0.0003295875422
67.564 0.0003290344676
67.566 0.0003284971229
67.568 0.0003279503642
67.57 0.0003274229073
67.572 0.0003268903903
67.574 0.0003263780653
67.576 0.0003258810503
67.578 0.0003253684306
67.58 0.0003248796925
67.582 0.0003243896616
67.584 0.0003239147377
67.586 0.0003234433762
67.588 0.0003229878978
67.59 0.0003225294968
67.592 0.000322082994
67.594 0.0003216431925
67.596 0.0003211960757
67.598 0.0003207982218
67.6 0.0003203579991
67.602 0.0003199824551
67.604 0.0003195540144
67.606 0.0003191723742
67.608 0.0003187740688
67.61 0.0003184263078
67.612 0.0003180286906
67.614 0.0003176770624
67.616 0.0003173284437
67.618 0.0003169776076
67.62 0.0003166107645
67.622 0.0003162831324
67.624 0.000315935745
67.626 0.0003156331098
67.628 0.000315292095
67.63 0.0003149787727
67.632 0.000314647128
67.634 0.0003143486678
67.636 0.0003140523447
67.638 0.0003137498056
67.64 0.0003134360738
67.642 0.0003131499919
67.644 0.0003128484709
67.646 0.0003125645483
67.648 0.000312298507
67.65 0.0003120160832
67.652 0.00031172528
67.654 0.0003114560913
67.656 0.0003111658025
67.658 0.0003109144271
67.66 0.0003106242067
67.662 0.0003103808027
67.664 0.0003100963687
67.666 0.000309863401
67.668 0.000309599776
67.67 0.000309357968
67.672 0.0003091077573
67.674 0.0003088747913
67.676 0.0003086181193
67.678 0.0003084002949
67.68 0.0003081573865
67.682 0.0003079347495
67.684 0.0003077046062
67.686 0.0003074887194
67.688 0.0003072705867
67.69 0.0003070626376
67.692 0.0003068410385
67.694 0.0003066461306
67.696 0.0003064267238
67.698 0.0003062390929
67.7 0.0003060326013
67.702 0.0003058694247
67.704 0.0003056655638
67.706 0.0003054903569
67.708 0.0003053007572
67.71 0.0003051340118
67.712 0.0003049712386
67.714 0.0003048144677
67.716 0.0003046378153
67.718 0.0003044936251
67.72 0.0003043267465
67.722 0.000304213123
67.724 0.0003043140841
67.726 0.0003040465141
67.728 0.0003038848274
67.73 0.000303744698
67.732 0.0003036145443
67.734 0.0003034813351
67.736 0.0003035993011
67.738 0.0003033527074
67.74 0.0003032077262
67.742 0.0003031001244
67.744 0.0003029602621
67.746 0.000303180961
67.748 0.0003028961662
67.75 0.0003027851531
67.752 0.0003026728486
67.754 0.0003028248824
67.756 0.000302571384
67.758 0.0003025392526
67.76 0.0003026751215
67.762 0.0003025017291
67.764 0.0003024496319
67.766 0.0003026714152
67.768 0.0003024938171
67.77 0.0003024891886
67.772 0.000302750321
67.774 0.0003025716352
67.776 0.0003025238273
67.778 0.0003027714097
67.78 0.0003026040848
67.782 0.0003028330383
67.784 0.0003026637922
67.786 0.0003027138014
67.788 0.000302915007
67.79 0.000302765885
67.792 0.0003029732606
67.794 0.0003028251972
67.796 0.0003030579874
67.798 0.000302892162
67.8 0.0003031681929
67.802 0.0003029830283
67.804 0.0003032041925
67.806 0.0003030356113
67.808 0.0003032313082
67.81 0.000303068043
67.812 0.000303274757
67.814 0.0003031088082
67.816 0.0003033836383
67.818 0.0003031575076
67.82 0.0003033721064
67.822 0.0003031952999
67.824 0.0003033896278
67.826 0.0003031884519
67.828 0.000303390991
67.83 0.0003031795377
67.832 0.0003034686027
67.834 0.000303468276
67.836 0.0003032728127
67.838 0.0003034254302
67.84 0.0003032361249
67.842 0.0003033773177
67.844 0.0003034099838
67.846 0.0003031688273
67.848 0.0003033875415
67.85 0.000303374635
67.852 0.0003031266194
67.854 0.0003032376209
67.856 0.0003032303762
67.858 0.0003029725104
67.86 0.0003030711618
67.862 0.0003030458804
67.864 0.0003030666633
67.866 0.0003027411285
67.868 0.0003028280227
67.87 0.000302766084
67.872 0.000302685431
67.874 0.0003023653573
67.876 0.0003024133228
67.878 0.000302327907
67.88 0.0003022894785
67.882 0.0003019038227
67.884 0.0003019106091
67.886 0.0003018177841
67.888 0.0003016760112
67.89 0.0003015359894
67.892 0.0003013749215
67.894 0.0003010450512
67.896 0.0003009767217
67.898 0.0003007891622
67.9 0.000300628743
67.902 0.00030042431
67.904 0.0003002518966
67.906 0.0003000257604
67.908 0.0002998130287
67.91 0.0002996410283
67.912 0.0002993666517
67.914 0.0002988645576
67.916 0.0002987479337
67.918 0.0002984655498
67.92 0.0002982209809
67.922 0.0002979482027
67.924 0.0002977368972
67.926 0.0002974190703
67.928 0.0002970981419
67.93 0.0002967982944
67.932 0.0002964468932
67.934 0.0002961289085
67.936 0.0002957748192
67.938 0.0002954871338
67.94 0.0002950950729
67.942 0.0002947225715
67.944 0.0002943423748
67.946 0.000293989083
67.948 0.0002935879398
67.95 0.0002931696403
67.952 0.000292837874
67.954 0.0002923880648
67.956 0.0002919664131
67.958 0.0002915246187
67.96 0.0002911020885
67.962 0.0002906536194
67.964 0.0002902141148
67.966 0.0002898300468
67.968 0.0002893138783
67.97 0.0002888665597
67.972 0.0002883753358
67.974 0.0002879185816
67.976 0.0002874185961
67.978 0.0002869317034
67.98 0.0002864976284
67.982 0.0002859601787
67.984 0.0002854474457
67.986 0.0002849464159
67.988 0.0002844414031
67.99 0.0002839045486
67.992 0.0002834605291
67.994 0.0002828864
67.996 0.0002823621382
67.998 0.0002818116208
68 0.0002812829427
68.002 0.0002807586307
68.004 0.0002801934219
68.006 0.0002797281502
68.008 0.0002791292998
68.01 0.0002786007184
68.012 0.0002780270931
68.014 0.0002774729717
68.016 0.0002769048453
68.018 0.0002764030814
68.02 0.0002758134972
68.022 0.0002752365819
68.024 0.0002746822254
68.026 0.0002740988638
68.028 0.0002735435151
68.03 0.0002730389001
68.032 0.0002724621386
68.034 0.0002718910848
68.036 0.0002713148355
68.038 0.000270737947
68.04 0.0002701605406
68.042 0.0002696645305
68.044 0.0002691039421
68.046 0.0002685708374
68.048 0.0002680154106
68.05 0.0002674694212
68.052 0.0002669197476
68.054 0.0002664382835
68.056 0.000265894395
68.058 0.0002653234012
68.06 0.0002647789509
68.062 0.0002642327238
68.064 0.0002636757764
68.066 0.0002632201023
68.068 0.0002626230736
68.07 0.0002620924848
68.072 0.0002615246571
68.074 0.0002610022704
68.076 0.0002604514791
68.078 0.000259960788
68.08 0.0002593919368
68.082 0.0002588367478
68.084 0.0002583070579
68.086 0.0002577780049
68.088 0.0002572129024
68.09 0.0002567576062
68.092 0.0002561737298
68.094 0.0002556653081
68.096 0.0002551248583
68.098 0.0002545753429
68.1 0.0002541367421
68.102 0.0002543726036
68.104 0.0002547168762
68.106 0.0002550819894
68.108 0.0002554170474
68.11 0.0002557566592
68.112 0.0002560762701
68.114 0.0002564064599
68.116 0.0002567472192
68.118 0.0002570605469
68.12 0.0002573698091
68.122 0.0002576932777
68.124 0.0002579510123
68.126 0.0002582755776
68.128 0.000258555149
68.13 0.0002588333471
68.132 0.0002591273745
68.134 0.0002593501849
68.136 0.0002596382509
68.138 0.0002598836516
68.14 0.0002601267173
68.142 0.0002603825016
68.144 0.0002606071502
68.146 0.0002608081386
68.148 0.0002610252973
68.15 0.0002612320301
68.152 0.0002614515939
68.154 0.0002616324294
68.156 0.0002617927829
68.158 0.0002619677665
68.16 0.0002621323841
68.162 0.0002623070432
68.164 0.0002624441111
68.166 0.0002625423571
68.168 0.0002626975442
68.17 0.0002628155886
68.172 0.0002629347094
68.174 0.0002630265186
68.176 0.0002631141487
68.178 0.0002631738424
68.18 0.0002632529738
68.182 0.0002633277208
68.184 0.0002633697763
68.186 0.0002634090975
68.188 0.0002634140124
68.19 0.0002634413909
68.192 0.0002634492968
68.194 0.0002634696921
68.196 0.0002634457886
68.198 0.0002634007859
68.2 0.0002633753832
68.202 0.0002633370307
68.204 0.0002633013618
68.206 0.000263223544
68.208 0.0002631524363
68.21 0.0002630443379
68.212 0.0002629566865
68.214 0.0002628680757
68.216 0.0002627470167
68.218 0.0002626192118
68.22 0.0002624598386
68.222 0.0002623217834
68.224 0.0002621640701
68.226 0.0002620105118
68.228 0.0002618244161
68.23 0.0002616185934
68.232 0.0002614200763
68.234 0.0002612180535
68.236 0.000261016798
68.238 0.0002607778073
68.24 0.0002605005628
68.242 0.0002602849561
68.244 0.0002600207894
68.246 0.0002597481899
68.248 0.0002594948696
68.25 0.0002591563562
68.252 0.0002588737981
68.254 0.0002585881037
68.256 0.0002582653137
68.258 0.0002579549758
68.26 0.0002575766194
68.262 0.0002572484905
68.264 0.000256913186
68.266 0.0002565521012
68.268 0.0002561784121
68.27 0.0002557779093
68.272 0.0002554032372
68.274 0.000255008132
68.276 0.0002546231786
68.278 0.000254208647
68.28 0.0002537495378
68.282 0.0002533546343
68.284 0.0002529149808
68.286 0.0002524678817
68.288 0.0002520385277
68.29 0.0002515320981
68.292 0.0002510830361
68.294 0.000250632256
68.296 0.0002501432139
68.298 0.0002492570984
68.3 0.0002485919939
68.302 0.0002479512985
68.304 0.000247329561
68.306 0.000246722584
68.308 0.0002461029607
68.31 0.0002454548952
68.312 0.0002448721416
68.314 0.000244261965
68.316 0.0002436537224
68.318 0.0002430656673
68.32 0.0002424132887
68.322 0.0002418113232
68.324 0.0002412137489
68.326 0.0002405799791
68.328 0.0002399537433
68.33 0.0002393036598
68.332 0.0002386684675
68.334 0.0002380289623
68.336 0.0002373911983
68.338 0.0002367256909
68.34 0.0002360301221
68.342 0.0002353900084
68.344 0.0002347179978
68.346 0.0002340398656
68.348 0.0002333403666
68.35 0.0002326586077
68.352 0.0002319750643
68.354 0.0002312930787
68.356 0.0002305931336
68.358 0.0002298558304
68.36 0.000229163627
68.362 0.0002284751002
68.364 0.0002277526249
68.366 0.0002270387816
68.368 0.0002262947808
68.37 0.0002255851656
68.372 0.0002248591635
68.374 0.0002241553405
68.376 0.0002234180629
68.378 0.0002226537609
68.38 0.0002219525631
68.382 0.000221211184
68.384 0.0002204803416
68.386 0.0002197033755
68.388 0.0002189485126
68.39 0.0002181786123
68.392 0.0002174284406
68.394 0.000216687029
68.396 0.0002158950915
68.398 0.0002151567081
68.4 0.0002144267417
68.402 0.00021367034
68.404 0.0002129273655
68.406 0.0002121452802
68.408 0.0002114294931
68.41 0.0002106772847
68.412 0.0002099321244
68.414 0.000209207222
68.416 0.0002084197889
68.418 0.0002076836687
68.42 0.0002069592506
68.422 0.0002062074798
68.424 0.0002054634858
68.426 0.000204680264
68.428 0.0002039694342
68.43 0.0002032217458
68.432 0.0002024880053
68.434 0.0002017207379
68.436 0.0002009923079
68.438 0.00020025282
68.44 0.0001995188884
68.442 0.0001988040123
68.444 0.0001980276451
68.446 0.0001973117634
68.448 0.000196600558
68.45 0.0001958661306
68.452 0.000195142364
68.454 0.0001943785617
68.456 0.00019369373
68.458 0.0001929706103
68.46 0.0001935661098
68.462 0.0001968109655
68.464 0.0002000672612
68.466 0.0002033518834
68.468 0.0002066473632
68.47 0.0002099738398
68.472 0.0002132923614
68.474 0.0002166432972
68.476 0.000220012665
68.478 0.0002234075126
68.48 0.0002267980267
68.482 0.0002302104066
68.484 0.0002336416076
68.486 0.0002370928592
68.488 0.0002405418283
68.49 0.0002440060744
68.492 0.0002474870285
68.494 0.0002509979837
68.496 0.0002545004159
68.498 0.0002580263672
68.5 0.0002615530699
68.502 0.0002650983163
68.504 0.0002686499057
68.506 0.0002722040629
68.508 0.0002757796727
68.51 0.0002793622957
68.512 0.0002829541261
68.514 0.0002865554755
68.516 0.0002901646407
68.518 0.0002937785781
68.52 0.0002973956913
68.522 0.0003010268663
68.524 0.0003046617685
68.526 0.0003083023772
68.528 0.0003119374593
68.53 0.0003155834858
68.532 0.0003192463151
68.534 0.0003229066816
68.536 0.0003265728746
68.538 0.0003302360408
68.54 0.0003339065909
68.542 0.0003375890875
68.544 0.0003412594264
68.546 0.0003449378838
68.548 0.0003486158541
68.55 0.0003522896432
68.552 0.0003559755377
68.554 0.0003596606738
68.556 0.000363342576
68.558 0.0003670309704
68.56 0.0003707108532
68.562 0.0003743954789
68.564 0.0003780788637
68.566 0.0003817547056
68.568 0.0003854260757
68.57 0.0003891058157
68.572 0.0003927579953
68.574 0.0003964083013
68.576 0.000400063266
68.578 0.0004036971073
68.58 0.0004073356555
68.582 0.0004109616517
68.584 0.0004145861587
68.586 0.0004182025438
68.588 0.0004217963316
68.59 0.0004253840983
68.592 0.0004289688953
68.594 0.0004325524226
68.596 0.0004361111848
68.598 0.0004396759968
68.6 0.0004432278814
68.602 0.0004467758768
68.604 0.000450316453
68.606 0.0004538393126
68.608 0.0004573740095
68.61 0.0004608941475
68.612 0.0004644086824
68.614 0.0004675152721
68.616 0.0004707771546
68.618 0.0004740433842
68.62 0.0004773228014
68.622 0.0004806082805
68.624 0.0004838959324
68.626 0.0004871902881
68.628 0.0004904787517
68.63 0.0004937737544
68.632 0.0004970693546
68.634 0.0005003529712
68.636 0.0005036497284
68.638 0.0005069408679
68.64 0.00051022564
68.642 0.0005135105384
68.644 0.0005167778401
68.646 0.0005200495264
68.648 0.0005233108972
68.65 0.0005265604577
68.652 0.0005298039857
68.654 0.0005330376147
68.656 0.000536253976
68.658 0.0005394649019
68.66 0.0005426739036
68.662 0.0005458631097
68.664 0.0005490441458
68.666 0.0005522076282
68.668 0.0005553521874
68.67 0.0005584892571
68.672 0.0005616182349
68.674 0.0005647290565
68.676 0.0005678175589
68.678 0.0005708964353
68.68 0.0005739530373
68.682 0.0005769973963
68.684 0.0005800178606
68.686 0.0005830231523
68.688 0.0005860130449
68.69 0.0005889970411
68.692 0.0005919716915
68.694 0.0005949233661
68.696 0.0005978472335
68.698 0.0006007599565
68.7 0.0006036490678
68.702 0.0006065207099
68.704 0.000609361307
68.706 0.000612173365
68.708 0.0006149256601
68.71 0.000617629964
68.712 0.0006202918371
68.714 0.0006229056533
68.716 0.0006254794105
68.718 0.0006280184876
68.72 0.0006305155846
68.722 0.0006329789081
68.724 0.0006354042185
68.726 0.0006378040233
68.728 0.0006401598817
68.73 0.0006424900033
68.732 0.0006447789377
68.734 0.0006470451569
68.736 0.0006492813525
68.738 0.0006514813401
68.74 0.0006536622907
68.742 0.0006557965706
68.744 0.0006579221693
68.746 0.0006600423017
68.748 0.0006621028391
68.75 0.0006641476103
68.752 0.0006661606675
68.754 0.0006681436548
68.756 0.0006700868105
68.758 0.0006720054245
68.76 0.0006738854333
68.762 0.0006757394917
68.764 0.0006775783173
68.766 0.0006793682661
68.768 0.0006811376653
68.77 0.0006828793553
68.772 0.000684592583
68.774 0.0006862806137
68.776 0.0006879272445
68.778 0.0006895574152
68.78 0.0006911529873
68.782 0.0006927219106
68.784 0.0006942608366
68.786 0.0006957757472
68.788 0.0006972550676
68.79 0.0006987116148
68.792 0.0007001389446
68.794 0.0007015243459
68.796 0.0007028853561
68.798 0.0007042164924
68.8 0.0007055311505
68.802 0.0007068122105
68.804 0.0007080539709
68.806 0.0007092757404
68.808 0.0007104612358
68.81 0.0007116252585
68.812 0.0007127658339
68.814 0.0007138764863
68.816 0.0007149634454
68.818 0.0007155321723
68.82 0.0007162631019
68.822 0.0007169854258
68.824 0.0007176874921
68.826 0.0007183898969
68.828 0.0007190909536
68.83 0.0007197717063
68.832 0.0007204477317
68.834 0.0007211090695
68.836 0.0007217518632
68.838 0.0007223850074
68.84 0.0007230007076
68.842 0.0007236050094
68.844 0.0007241784328
68.846 0.0007247474792
68.848 0.000725289788
68.85 0.0007258039369
68.852 0.0007262927042
68.854 0.0007267557443
68.856 0.0007272037279
68.858 0.0007276250147
68.86 0.0007280169383
68.862 0.0007283840328
68.864 0.0007287225907
68.866 0.0007290454175
68.868 0.0007293242699
68.87 0.0007295802967
68.872 0.0007298077954
68.874 0.0007300133269
68.876 0.0007301804405
68.878 0.0007303144759
68.88 0.0007304241208
68.882 0.0007305058314
68.884 0.0007305599546
68.886 0.0007305765029
68.888 0.0007305630345
68.89 0.0007305148466
68.892 0.0007304437029
68.894 0.0007303345607
68.896 0.0007302015728
68.898 0.0007300249847
68.9 0.0007298166953
68.902 0.0007294682117
68.904 0.000729139231
68.906 0.0007287692021
68.908 0.0007283881268
68.91 0.0007279687346
68.912 0.0007275304706
68.914 0.0007270624598
68.916 0.0007266767737
68.918 0.0007262225816
68.92 0.0007257233538
68.922 0.0007252008268
68.924 0.0007246479018
68.926 0.0007240481351
68.928 0.0007234260687
68.93 0.0007227705238
68.932 0.0007220832639
68.934 0.0007213594745
68.936 0.0007206047526
68.938 0.0007198259335
68.94 0.0007190107771
68.942 0.000693696566
68.944 0.0006794501276
68.946 0.000666635661
68.948 0.0006553101386
68.95 0.0006451736403
68.952 0.0006362309108
68.954 0.0006282555988
68.956 0.000621242545
68.958 0.0006150333189
68.96 0.0006095822281
68.962 0.0006047723409
68.964 0.0006005759433
68.966 0.0005968969967
68.968 0.0005937083622
68.97 0.0005909223701
68.972 0.0005885161105
68.974 0.0005864390683
68.976 0.00058465416
68.978 0.0005831301297
68.98 0.0005818285056
68.982 0.0005780784818
68.984 0.0005757086968
68.986 0.000573634823
68.988 0.0005718537895
68.99 0.0005703006976
68.992 0.0005689784624
68.994 0.0005678265686
68.996 0.0005668539461
68.998 0.00056600589
69 0.0005652842038
69.002 0.000564662919
69.004 0.0005641333635
69.006 0.0005636656272
69.008 0.0005632518269
69.01 0.0005628888711
69.012 0.0005625530365
69.014 0.0005622560193
69.016 0.0005619609533
69.018 0.0005616753805
69.02 0.0005613917021
69.022 0.0005610991791
69.024 0.0005608001389
69.026 0.000560484261
69.028 0.0005601399216
69.03 0.0005597655247
69.032 0.0005593705426
69.034 0.0005589323139
69.036 0.0005584581157
69.038 0.0005579424828
69.04 0.0005573915036
69.042 0.0005567861327
69.044 0.0005561348989
69.046 0.0005554322764
69.048 0.0005546844557
69.05 0.0005538873632
69.052 0.0005530307603
69.054 0.0005521187288
69.056 0.0005511503646
69.058 0.0005501388574
69.06 0.0005490610445
69.062 0.000547931304
69.064 0.0005467437425
69.066 0.0005455101269
69.068 0.0005442193489
69.07 0.0005428733272
69.072 0.0005414721924
69.074 0.0005400270391
69.076 0.0005385347523
69.078 0.0005369880962
69.08 0.0005353945598
69.082 0.0005337486903
69.084 0.0005320650936
69.086 0.0005303425292
69.088 0.0005285769129
69.09 0.00052676493
69.092 0.0005249219947
69.094 0.0005230452031
69.096 0.0005211328643
69.098 0.0005191815838
69.1 0.0005172064447
69.102 0.0005152111996
69.104 0.0005131820684
69.106 0.0005111266528
69.108 0.0005090486005
69.11 0.0005069502607
69.112 0.0005048333646
69.114 0.0005026966462
69.116 0.0005005317988
69.118 0.000498359557
69.12 0.0004961710604
69.122 0.0004939678421
69.124 0.0004917436111
69.126 0.0004895132581
69.128 0.000486946059
69.13 0.000484503989
69.132 0.0004820592266
69.134 0.0004796112456
69.136 0.0004771598237
69.138 0.0004747004539
69.14 0.0004722634339
69.142 0.0004698100388
69.144 0.00046734501
69.146 0.0004648725843
69.148 0.0004623910346
69.15 0.0004598979788
69.152 0.000457393742
69.154 0.0004548731956
69.156 0.000452339833
69.158 0.0004497925161
69.16 0.0004472246976
69.162 0.0004446416
69.164 0.0004420408144
69.166 0.0004394209434
69.168 0.000436777846
69.17 0.0004341145733
69.172 0.0004314344646
69.174 0.0004317792056
69.176 0.0004306912392
69.178 0.0004293961024
69.18 0.0004278826683
69.182 0.0004261894133
69.184 0.0004243101278
69.186 0.0004222810597
69.188 0.0004201027928
69.19 0.0004177935525
69.192 0.0004153615074
69.194 0.0004128214503
69.196 0.0004101773901
69.198 0.0004074433779
69.2 0.0004046212562
69.202 0.0004017287821
69.204 0.0003987592763
69.206 0.0003957283136
69.208 0.0003926384749
69.21 0.000389494732
69.212 0.0003863006805
69.214 0.0003830650277
69.216 0.0003797847247
69.218 0.0003764688693
69.22 0.0003731126331
69.222 0.0003697274069
69.224 0.0003663154351
69.226 0.0003628696826
69.228 0.000359402334
69.23 0.0003559134225
69.232 0.0003524048663
69.234 0.0003488797529
69.236 0.0003453365042
69.238 0.0003417772735
69.24 0.0003382031118
69.242 0.0003346200744
69.244 0.0003310237399
69.246 0.0003274211749
69.248 0.0003238114497
69.25 0.000320190785
69.252 0.0003165683408
69.254 0.0003129390958
69.256 0.0003093060082
69.258 0.0003057663227
69.26 0.0003022337181
69.262 0.0002986933082
69.264 0.0002951574643
69.266 0.0002916192463
69.268 0.0002880819258
69.27 0.0002845498408
69.272 0.0002810187209
69.274 0.0002774866782
69.276 0.0002739632509
69.278 0.0002704393354
69.28 0.00026691949
69.282 0.0002634044098
69.284 0.0002598953347
69.286 0.0002563867889
69.288 0.0002528864077
69.29 0.0002493874277
69.292 0.0002459941096
69.294 0.0002425591143
69.296 0.0002391228439
69.298 0.0002356879208
69.3 0.0002322451884
69.302 0.0002288150003
69.304 0.0002253821183
69.306 0.000221953654
69.308 0.0002185237441
69.31 0.0002150917624
69.312 0.0002116608051
69.314 0.0002082264718
69.316 0.0002047957834
69.318 0.000201362253
69.32 0.0001979311325
69.322 0.0001944939091
69.324 0.0001910624039
69.326 0.0001876276679
69.328 0.0001841954297
69.33 0.0001807597002
69.332 0.0001773274326
69.334 0.0001738957372
69.336 0.0001704672141
69.338 0.0001670376347
69.34 0.0001636124734
69.342 0.0001601861002
69.344 0.0001567638118
69.346 0.000153344941
69.348 0.000149926287
69.35 0.0001475314434
69.352 0.000147265772
69.354 0.0001471126434
69.356 0.0001469738093
69.358 0.0001468529631
69.36 0.0001467458307
69.362 0.0001466541213
69.364 0.0001465750337
69.366 0.0001465132097
69.368 0.0001464608573
69.37 0.0001464594801
69.372 0.0001464739168
69.374 0.0001464999441
69.376 0.0001465283004
69.378 0.0001465610287
69.38 0.0001465966651
69.382 0.0001466327121
69.384 0.0001466651266
69.386 0.0001467004537
69.388 0.0001467249745
69.39 0.0001467493575
69.392 0.0001467599676
69.394 0.0001467648875
69.396 0.0001467584727
69.398 0.00014674061
69.4 0.0001467069149
69.402 0.000146661085
69.404 0.0001466000889
69.406 0.0001465250427
69.408 0.0001464280591
69.41 0.000146317214
69.412 0.0001461817413
69.414 0.0001460289032
69.416 0.0001458545318
69.418 0.0001456616994
69.42 0.0001454443079
69.422 0.0001452087667
69.424 0.0001449487834
69.426 0.0001446702392
69.428 0.0001443671623
69.43 0.0001440471888
69.432 0.0001437018607
69.434 0.0001433412901
69.436 0.0001429553569
69.438 0.0001425549379
69.44 0.0001421343171
69.442 0.0001416980151
69.444 0.0001412444776
69.446 0.000140774911
69.448 0.0001402889014
69.45 0.0001397931029
69.452 0.0001392826555
69.454 0.0001387590768
69.456 0.0001382282262
69.458 0.0001376830209
69.46 0.0001371350526
69.462 0.0001365758737
69.464 0.0001360141176
69.466 0.0001354334714
69.468 0.0001349447346
69.47 0.0001345570848
69.472 0.0001341750626
69.474 0.0001337938401
69.476 0.0001334153456
69.478 0.0001330574318
69.48 0.0001327165743
69.482 0.000132380914
69.484 0.0001320435821
69.486 0.0001317111035
69.488 0.0001313784848
69.49 0.0001311603276
69.492 0.0001309867043
69.494 0.000130812346
69.496 0.0001306304067
69.498 0.0001304459349
69.5 0.0001302526742
69.502 0.0001300574529
69.504 0.0001298497508
69.506 0.0001296417174
69.508 0.0001294241726
69.51 0.0001291983944
69.512 0.0001289679857
69.514 0.0001287257413
69.516 0.0001284801957
69.518 0.0001282209098
69.52 0.0001279602974
69.522 0.0001276870486
69.524 0.0001274090537
69.526 0.000127166703
69.528 0.0001281802601
69.53 0.0001292131424
69.532 0.0001302598118
69.534 0.0001313199531
69.536 0.0001323937756
69.538 0.0001334794581
69.54 0.0001345869679
69.542 0.000135992417
69.544 0.0001381743796
69.546 0.0001403424323
69.548 0.0001424956434
69.55 0.0001446303797
69.552 0.0001467542507
69.554 0.0001488568572
69.556 0.000150946787
69.558 0.0001530174458
69.56 0.0001550710997
69.562 0.000157110873
69.564 0.0001591315769
69.566 0.0001611384484
69.568 0.0001631311162
69.57 0.0001651107069
69.572 0.0001670746722
69.574 0.0001690216687
69.576 0.0001709531072
69.578 0.0001728698565
69.58 0.0001747702941
69.582 0.0001766565222
69.584 0.0001785217347
69.586 0.0001803745232
69.588 0.0001822055061
69.59 0.0001840205888
69.592 0.0001858130229
69.594 0.0001875890627
69.596 0.0001893467754
69.598 0.0001910820663
69.6 0.0001928021205
69.602 0.0001945000382
69.604 0.0001961822621
69.606 0.0001978437602
69.608 0.0001994852081
69.61 0.0002011110147
69.612 0.0002027148965
69.614 0.0002043025191
69.616 0.0002058711635
69.618 0.0002074188287
69.62 0.000208948417
69.622 0.000210458332
69.624 0.0002119507458
69.626 0.0002134235038
69.628 0.0002148741708
69.63 0.0002163102018
69.632 0.0002177223023
69.634 0.0002191200883
69.636 0.0002204936402
69.638 0.000221850335
69.64 0.0002231882348
69.642 0.0002245076008
69.644 0.0002258036223
69.646 0.000227085373
69.648 0.0002283424622
69.65 0.0002295846906
69.652 0.0002308062419
69.654 0.0002320050811
69.656 0.000233188864
69.658 0.0002343481943
69.66 0.0002354907025
69.662 0.0002366113071
69.664 0.0002377116047
69.666 0.0002387916142
69.668 0.0002398538391
69.67 0.0002409745381
69.672 0.0002420381003
69.674 0.0002430739664
69.676 0.0002440860421
69.678 0.0002450738067
69.68 0.0002460380734
69.682 0.0002469800364
69.684 0.0002479008109
69.686 0.0002487973162
69.688 0.0002496759578
69.69 0.0002505325476
69.692 0.0002513660942
69.694 0.0002521783946
69.696 0.0002529709536
69.698 0.0002537421965
69.7 0.0002544994423
69.702 0.0002552362311
69.704 0.0002564991559
69.706 0.0002580831424
69.708 0.0002596622982
69.71 0.0002612375128
69.712 0.0002628092739
69.714 0.0002643693086
69.716 0.0002659322747
69.718 0.0002674827832
69.72 0.0002690293976
69.722 0.0002705697125
69.724 0.0002721062239
69.726 0.0002736266874
69.728 0.0002751510752
69.73 0.000276658243
69.732 0.0002781663463
69.734 0.000279655867
69.736 0.0002811486744
69.738 0.0002826241676
69.74 0.0002840933448
69.742 0.0002855530398
69.744 0.0002870059624
69.746 0.0002884436994
69.748 0.0002898786968
69.75 0.000291297636
69.752 0.0002927043638
69.754 0.0002940995765
69.756 0.0002954898907
69.758 0.0002968599189
69.76 0.0002982298953
69.762 0.000299579329
69.764 0.0003009238178
69.766 0.0003022525931
69.768 0.0003035731532
69.77 0.000304877934
69.772 0.0003061677514
69.774 0.000307454422
69.776 0.0003087203529
69.778 0.0003099775068
69.78 0.0003112198238
69.782 0.0003124521951
69.784 0.0003136667326
69.786 0.0003148695196
69.788 0.0003160593533
69.79 0.0003172380747
69.792 0.0003183936776
69.794 0.0003195459231
69.796 0.0003206751966
69.798 0.0003217966366
69.8 0.0003228922283
69.802 0.0003239854837
69.804 0.0003250566517
69.806 0.0003261144709
69.808 0.0003271580922
69.81 0.0003281887481
69.812 0.0003291998146
69.814 0.0003301985895
69.816 0.0003311792536
69.818 0.0003321500227
69.82 0.0003330986403
69.822 0.0003340360091
69.824 0.0003349565629
69.826 0.0003358641676
69.828 0.0003367530437
69.83 0.0003376277723
69.832 0.0003384862491
69.834 0.0003393313971
69.836 0.000340157513
69.838 0.0003409694426
69.84 0.0003417631251
69.842 0.0003425466797
69.844 0.0003433063649
69.846 0.0003440556125
69.848 0.0003447866103
69.85 0.0003455046464
69.852 0.0003462031386
69.854 0.0003468871696
69.856 0.0003475562254
69.858 0.0003482136436
69.86 0.00034884769
69.862 0.0003494753289
69.864 0.0003500746862
69.866 0.0003506719366
69.868 0.0003512462213
69.87 0.0003518088912
69.872 0.0003523500213
69.874 0.0003528829188
69.876 0.0003533962461
69.878 0.0003538995166
69.88 0.0003543805093
69.882 0.0003548499445
69.884 0.0003553027639
69.886 0.0003557455008
69.888 0.0003561677705
69.89 0.0003565788152
69.892 0.0003569688637
69.894 0.0003573520398
69.896 0.0003577143451
69.898 0.0003580669779
69.9 0.0003583982953
69.902 0.0003587215032
69.904 0.0003590207673
69.906 0.0003593144109
69.908 0.0003595885455
69.91 0.000359851482
69.912 0.0003600968224
69.914 0.000360329855
69.916 0.000360545001
69.918 0.0003607505877
69.92 0.0003609347955
69.922 0.0003611130612
69.924 0.0003612694745
69.926 0.0003614135714
69.928 0.0003615443628
69.93 0.0003616622526
69.932 0.00036176324
69.934 0.0003618548053
69.936 0.000361925855
69.938 0.0003619899508
69.94 0.0003620317976
69.942 0.0003620694159
69.944 0.000362086809
69.946 0.0003620951021
69.948 0.0003620868164
69.95 0.0003620701127
69.952 0.0003620330697
69.954 0.000361988448
69.956 0.0003619265569
69.958 0.0003618572903
69.96 0.000361769489
69.962 0.0003616720112
69.964 0.000361559226
69.966 0.0003614370031
69.968 0.0003612921444
69.97 0.0003611468949
69.972 0.0003609786677
69.974 0.0003608051387
69.976 0.0003606090023
69.978 0.0003604088105
69.98 0.0003601914155
69.982 0.0003599658177
69.984 0.0003597210531
69.986 0.0003594663798
69.988 0.0003591960908
69.99 0.0003589204609
69.992 0.000358624699
69.994 0.0003583205908
69.996 0.0003580017326
69.998 0.0003576736746
70 0.000357326149
70.002 0.000356973914
70.004 0.0003566021463
70.006 0.0003562244718
70.008 0.0003558277577
70.01 0.0003554214492
70.012 0.0003550055645
70.014 0.0003545706617
70.016 0.0003541293353
70.018 0.0003536698785
70.02 0.0003532016663
70.022 0.0003527188868
70.024 0.0003522266603
70.026 0.0003517151235
70.028 0.0003511998204
70.03 0.0003506650655
70.032 0.0003501223563
70.034 0.0003495629496
70.036 0.0003489968456
70.038 0.0003484110009
70.04 0.0003478201915
70.042 0.0003472107791
70.044 0.0003465922718
70.046 0.0003459601294
70.048 0.0003453159043
70.05 0.0003446591887
70.052 0.0003439959177
70.054 0.0003433142852
70.056 0.0003426261975
70.058 0.0003419464808
70.06 0.00034125562
70.062 0.0003405407396
70.064 0.0003398234339
70.066 0.0003390889796
70.068 0.0003383449969
70.07 0.0003375866455
70.072 0.0003368222698
70.074 0.0003360390833
70.076 0.0003352511302
70.078 0.0003344479968
70.08 0.0003336350313
70.082 0.0003328107542
70.084 0.0003319798271
70.086 0.0003311286804
70.088 0.0003302781087
70.09 0.0003294124892
70.092 0.0003285355504
70.094 0.0003276493945
70.096 0.0003267596847
70.098 0.0003258518494
70.1 0.0003249381613
70.102 0.000324017508
70.104 0.0003230804167
70.106 0.0003221448761
70.108 0.0003211934779
70.11 0.000320240285
70.112 0.0003192701617
70.114 0.0003182990368
70.116 0.0003173158056
70.118 0.0003163291851
70.12 0.0003153250877
70.122 0.0003143244515
70.124 0.0003133086334
70.126 0.0003122899753
70.128 0.0003112584079
70.13 0.0003102273107
70.132 0.0003091829613
70.134 0.0003081374869
70.136 0.0003070772529
70.138 0.0003060206893
70.14 0.0003049513006
70.142 0.0003038765566
70.144 0.0003027926168
70.146 0.0003017104451
70.148 0.0003006141973
70.15 0.0002995220404
70.152 0.0002984161978
70.154 0.0002973085937
70.156 0.0002961955131
70.158 0.0002950800913
70.16 0.0002939568275
70.162 0.0002928332213
70.164 0.0002917000257
70.166 0.0002905645622
70.168 0.0002894276712
70.17 0.0002882802536
70.172 0.0002871370295
70.174 0.0002859822862
70.176 0.0002848266064
70.178 0.0002836674125
70.18 0.0002825074092
70.182 0.0002813396662
70.184 0.0002801736761
70.186 0.0002790018324
70.188 0.0002778275281
70.19 0.0002766460492
70.192 0.000275469083
70.194 0.0002742842646
70.196 0.0002731060145
70.198 0.000271944988
70.2 0.0002707883532
70.202 0.0002696239144
70.204 0.0002684627221
70.206 0.0002672969322
70.208 0.0002661326307
70.21 0.0002649616357
70.212 0.0002637966358
70.214 0.0002626253936
70.216 0.0002614557575
70.218 0.0002602863866
70.22 0.0002591118443
70.222 0.0002579410946
70.224 0.000256764181
70.226 0.0002555945084
70.228 0.0002544140235
70.23 0.0002532413249
70.232 0.0002520620516
70.234 0.0002508851306
70.236 0.0002497074016
70.238 0.0002485304875
70.24 0.0002473528903
70.242 0.0002461768779
70.244 0.000244997908
70.246 0.000243823054
70.248 0.0002426437742
70.25 0.0002414701994
70.252 0.0002402925759
70.254 0.0002391205842
70.256 0.0002379430239
70.258 0.0002367734345
70.26 0.0002355981936
70.262 0.0002344291558
70.264 0.0002332566859
70.266 0.0002320899639
70.268 0.0002309241344
70.27 0.0002297551898
70.272 0.0002285940928
70.274 0.0002274281199
70.276 0.0002262718489
70.278 0.0002251096906
70.28 0.0002239584225
70.282 0.000222801772
70.284 0.0002216529782
70.286 0.0002205031672
70.288 0.0002193603537
70.29 0.0002182141812
70.292 0.0002170790818
70.294 0.0002159399792
70.296 0.0002148069904
70.298 0.0002136742509
70.3 0.0002125480514
70.302 0.0002114133881
70.304 0.0002102902209
70.306 0.0002091627685
70.308 0.0002080437223
70.31 0.000206924486
70.312 0.0002058146256
70.314 0.0002047058835
70.316 0.0002035979589
70.318 0.0002025009326
70.32 0.0002014007104
70.322 0.0002003121696
70.324 0.0001992218606
70.326 0.000198141434
70.328 0.0001970610808
70.33 0.0001959880206
70.332 0.000194917914
70.334 0.0001938625738
70.336 0.0001928035264
70.338 0.0001917579638
70.34 0.0001907096245
70.342 0.0001896733709
70.344 0.0001886373171
70.346 0.0001876132256
70.348 0.0001865856173
70.35 0.0001855720231
70.352 0.000184563237
70.354 0.0001835535883
70.356 0.0001825578534
70.358 0.0001815612866
70.36 0.0001805763045
70.362 0.0001795926307
70.364 0.0001786215355
70.366 0.0001776494665
70.368 0.0001766906872
70.37 0.0001757333458
70.372 0.0001747864903
70.374 0.0001738441125
70.376 0.0001729107398
70.378 0.0001719821575
70.38 0.0001710649199
70.382 0.0001701504142
70.384 0.0001692508984
70.386 0.0001683520848
70.388 0.000167858638
70.39 0.0001686940573
70.392 0.0001695081656
70.394 0.0001703505457
70.396 0.00017115768
70.398 0.0001719978539
70.4 0.0001728329796
70.402 0.0001736494211
70.404 0.000174485937
70.406 0.0001753117552
70.408 0.0001761138178
70.41 0.0001769386497
70.412 0.0001777302558
70.414 0.0001785458491
70.416 0.0001793454916
70.418 0.0001801225488
70.42 0.0001809175261
70.422 0.0001817011984
70.424 0.0001824569881
70.426 0.0001832328205
70.428 0.0001839760075
70.43 0.0001847380194
70.432 0.0001854870547
70.434 0.0001862057633
70.436 0.0001869485322
70.438 0.0001876775866
70.44 0.0001883787943
70.442 0.0001890985841
70.444 0.0001897839183
70.446 0.0001904874044
70.448 0.000191175197
70.45 0.0001918333808
70.452 0.0001925109561
70.454 0.000193172594
70.456 0.0001938037907
70.458 0.0001944561812
70.46 0.0001950902391
70.462 0.0001956957118
70.464 0.0001963212942
70.466 0.0001969105168
70.468 0.0001975236748
70.47 0.0001981213357
70.472 0.0001986876115
70.474 0.0001992766559
70.476 0.0001998464134
70.478 0.000200388343
70.48 0.0002009498677
70.482 0.0002028305819
70.484 0.0002051375612
70.486 0.0002074272431
70.488 0.0002096493819
70.49 0.0002117816335
70.492 0.0002138977814
70.494 0.0002159392879
70.496 0.0002179000471
70.498 0.0002198393823
70.5 0.0002216867661
70.502 0.0002235157789
70.504 0.0002252836419
70.506 0.0002269681201
70.508 0.0002286464769
70.51 0.000230263017
70.512 0.0002318045949
70.514 0.0002333461452
70.516 0.0002348319592
70.518 0.0002362532675
70.52 0.0002376750431
70.522 0.0002390552884
70.524 0.0002403706949
70.526 0.0002417020792
70.528 0.0002429914967
70.53 0.0002442314282
70.532 0.0002454901889
70.534 0.0002467168586
70.536 0.0002479016348
70.538 0.0002491096603
70.54 0.0002502991038
70.542 0.0002514459931
70.544 0.00025262948
70.546 0.0002537922663
70.548 0.000254927542
70.55 0.0002560974899
70.552 0.0002572598554
70.554 0.0002583960321
70.556 0.0002595735098
70.558 0.0002607494276
70.56 0.0002618990203
70.562 0.0002631039325
70.564 0.000264303229
70.566 0.0002654559406
70.568 0.0002666707089
70.57 0.0002678912641
70.572 0.0002690940086
70.574 0.0002703592806
70.576 0.0002715988288
70.578 0.0002728926135
70.58 0.0002741978248
70.582 0.0002754886179
70.584 0.0002768404172
70.586 0.0002782007693
70.588 0.0002795550561
70.59 0.000280966521
70.592 0.0002823906878
70.594 0.000283807378
70.596 0.0002852824684
70.598 0.0002867719444
70.6 0.0002882518209
70.602 0.0002897977323
70.604 0.0002913507323
70.606 0.0002929022476
70.608 0.0002945116178
70.61 0.0002961332006
70.612 0.0002977479237
70.614 0.0002994244923
70.616 0.0003011150377
70.618 0.0003027964397
70.62 0.0003045444314
70.622 0.0003062699386
70.624 0.0003080619907
70.626 0.0003098578589
70.628 0.0003116529283
70.63 0.0003135066242
70.632 0.0003153664551
70.634 0.0003172229044
70.636 0.0003191370175
70.638 0.0003210637039
70.64 0.000322978876
70.642 0.0003253283078
70.644 0.0003271085156
70.646 0.0003290633247
70.648 0.0003310740023
70.65 0.0003334347196
70.652 0.0003352486177
70.654 0.0003372502622
70.656 0.0003392545705
70.658 0.0003416955281
70.66 0.000343582281
70.662 0.000345646148
70.664 0.0003481497113
70.666 0.0003500937771
70.668 0.0003522176416
70.67 0.0003547891569
70.672 0.000356765182
70.674 0.0003593787944
70.676 0.0003614175321
70.678 0.0003640258137
70.68 0.0003664948805
70.682 0.0003689592251
70.684 0.0003714022972
70.686 0.0003738897008
70.688 0.0003763490748
70.69 0.0003788556919
70.692 0.0003813646564
70.694 0.0003838582749
70.696 0.0003864056919
70.698 0.0003889628998
70.7 0.0003915069591
70.702 0.0003941176785
70.704 0.0003967047549
70.706 0.0003993590998
70.708 0.0004020240358
70.71 0.0004046772081
70.712 0.0004073999293
70.714 0.0004101006992
70.716 0.000412870282
70.718 0.0004156482832
70.72 0.0004184162638
70.722 0.0004212513432
70.724 0.0004240592877
70.726 0.0004269338382
70.728 0.000429809941
70.73 0.0004326776121
70.732 0.0004356034376
70.734 0.0004384140355
70.736 0.0004411633327
70.738 0.0004438202459
70.74 0.000446382562
70.742 0.0004489230538
70.744 0.000451366829
70.746 0.000453798426
70.748 0.0004561697733
70.75 0.0004584744761
70.752 0.0004607810115
70.754 0.0004630218494
70.756 0.0004652763985
70.758 0.0004674682266
70.76 0.0004696887784
70.762 0.0004718498731
70.764 0.0004740504007
70.766 0.0004762314727
70.768 0.0004783781119
70.77 0.0004805696001
70.772 0.0004827199772
70.774 0.000484920796
70.776 0.0004870814143
70.778 0.000489297101
70.78 0.0004914792725
70.782 0.0004937103201
70.784 0.0004959152799
70.786 0.000498168412
70.788 0.0005004281432
70.79 0.0005026666853
70.792 0.0005049574326
70.794 0.0005072218465
70.796 0.0005095359966
70.798 0.0005118240381
70.8 0.0005141634628
70.802 0.0005164670544
70.804 0.0005188269444
70.806 0.0005211483604
70.808 0.0005235210153
70.81 0.0005258674192
70.812 0.0005282649905
70.814 0.0005306322856
70.816 0.0005330425723
70.818 0.0005354206864
70.82 0.000537842093
70.822 0.000540221444
70.824 0.0005426458143
70.826 0.0005450228463
70.828 0.0005474431902
70.83 0.0005498154209
70.832 0.0005522199849
70.834 0.0005545786357
70.836 0.0005569698517
70.838 0.0005593037677
70.84 0.000561672811
70.842 0.0005639797664
70.844 0.0005663196907
70.846 0.0005685977705
70.848 0.0005708969549
70.85 0.0005731398753
70.852 0.0005753988599
70.854 0.0005775980732
70.856 0.0005797856985
70.858 0.0005819744808
70.86 0.0005841010117
70.862 0.000586241211
70.864 0.0005883079515
70.866 0.0005903918444
70.868 0.0005924025982
70.87 0.0005943948925
70.872 0.000596386926
70.874 0.0005982969557
70.876 0.0006002213738
70.878 0.0006020627622
70.88 0.000603876655
70.882 0.0006056797186
70.884 0.0006074025099
70.886 0.0006091302417
70.888 0.0006107712578
70.89 0.0006123795384
70.892 0.0006139796998
70.894 0.0006154926596
70.896 0.0006169987711
70.898 0.0006184221552
70.9 0.0006198108278
70.902 0.0006211780495
70.904 0.0006224621311
70.906 0.0006237050885
70.908 0.000624933464
70.91 0.0006260719315
70.912 0.0006271699446
70.914 0.0006282526771
70.916 0.0006292412491
70.918 0.0006301900643
70.92 0.0006311232546
70.922 0.0006319611851
70.924 0.0006327570124
70.926 0.0006335342954
70.928 0.0006342168208
70.93 0.0006274569273
70.932 0.0006225160605
70.934 0.0006174772547
70.936 0.0006124712778
70.938 0.0006075693686
70.94 0.0006028050751
70.942 0.0005993055208
70.944 0.0005956653321
70.946 0.0005923141083
70.948 0.000589208467
70.95 0.0005864082689
70.952 0.0005839336042
70.954 0.0005817202522
70.956 0.0005798158495
70.958 0.0005781973747
70.96 0.000576893271
70.962 0.000575810027
70.964 0.0005749870271
70.966 0.000574402795
70.968 0.0005740655697
70.97 0.0005738826596
70.972 0.000573900533
70.974 0.0005740792002
70.976 0.0005744319093
70.978 0.0005748974848
70.98 0.000575474139
70.982 0.0005761357312
70.984 0.0005768782439
70.986 0.0005777090837
70.988 0.0005785390281
70.99 0.0005794147355
70.992 0.0005803089295
70.994 0.0005812032064
70.996 0.0005821220493
70.998 0.000582976489
71 0.0005838078152
71.002 0.0005845995695
71.004 0.0005853401097
71.006 0.0005860123621
71.008 0.0005866503043
71.01 0.0005871690975
71.012 0.0005876104825
71.014 0.0005879657354
71.016 0.0005882217219
71.018 0.0005883776659
71.02 0.0005884196412
71.022 0.0005883877417
71.024 0.0005881988756
71.026 0.0005879046214
71.028 0.0005874968855
71.03 0.0005869700199
71.032 0.0005863173627
71.034 0.0005855472153
71.036 0.0005846518789
71.038 0.0005836334692
71.04 0.0005825191607
71.042 0.0005812444094
71.044 0.0005798609651
71.046 0.000578356063
71.048 0.000576739044
71.05 0.0005750069737
71.052 0.000573158769
71.054 0.0005712285063
71.056 0.0005691787641
71.058 0.0005670269062
71.06 0.0005647676124
71.062 0.000562417928
71.064 0.0005599748454
71.066 0.000557444038
71.068 0.0005548257185
71.07 0.0005521333283
71.072 0.000549367107
71.074 0.0005465295538
71.076 0.0005436283055
71.078 0.0005406693008
71.08 0.0005376549578
71.082 0.0005345807554
71.084 0.0005314650497
71.086 0.0005283050852
71.088 0.0005251019521
71.09 0.0005218597086
71.092 0.0005185905897
71.094 0.0005152857856
71.096 0.0005119596832
71.098 0.0005086026982
71.1 0.0005052309227
71.102 0.0005018408082
71.104 0.0004984369752
71.106 0.0004950187836
71.108 0.0004915951854
71.11 0.0004881641168
71.112 0.0004847201498
71.114 0.0004812979454
71.116 0.0004778689327
71.118 0.0004744396945
71.12 0.000471010138
71.122 0.0004675924452
71.124 0.0004641766695
71.126 0.0004607706562
71.128 0.0004572944439
71.13 0.0004538929732
71.132 0.0004505086079
71.134 0.0004471507096
71.136 0.0004438215707
71.138 0.0004405177512
71.14 0.0004372336358
71.142 0.0004339721316
71.144 0.0004307351661
71.146 0.0004275166146
71.148 0.0004243177342
71.15 0.0004211354522
71.152 0.0004179732207
71.154 0.0004148299572
71.156 0.0004117033206
71.158 0.0004085879421
71.16 0.0004054959454
71.162 0.0004024165227
71.164 0.0003993500208
71.166 0.0003963027457
71.168 0.0003932681072
71.17 0.0003902485608
71.172 0.000387241514
71.174 0.0003842431095
71.176 0.0003812527322
71.178 0.0003782754314
71.18 0.0003753082087
71.182 0.0003723622232
71.184 0.0003694325236
71.186 0.0003665222066
71.188 0.0003636318106
71.19 0.0003607669089
71.192 0.0003579234504
71.194 0.0003551071915
71.196 0.0003523114071
71.198 0.0003495455973
71.2 0.0003468065349
71.202 0.0003440967989
71.204 0.0003414104887
71.206 0.0003387600938
71.208 0.0003361332837
71.21 0.0003335376529
71.212 0.0003309701319
71.214 0.0003284368272
71.216 0.0003259317456
71.218 0.0003234608716
71.22 0.0003210151009
71.222 0.0003186034417
71.224 0.0003162250456
71.226 0.0003138745474
71.228 0.0003115565896
71.23 0.0003092688594
71.232 0.0003070113314
71.234 0.0003047883948
71.236 0.0003025956201
71.238 0.0003004296112
71.24 0.0002983005447
71.242 0.000296200027
71.244 0.0002941301899
71.246 0.0002920889485
71.248 0.0003001515944
71.25 0.0002932276993
71.252 0.0003012205133
71.254 0.0002935680637
71.256 0.0003012436012
71.258 0.000303269645
71.26 0.0003056140366
71.262 0.0002968503301
71.264 0.0003030864485
71.266 0.0003040062473
71.268 0.0003051792482
71.27 0.000305608847
71.272 0.0003058548851
71.274 0.0003056744736
71.276 0.0003052373162
71.278 0.0003045012887
71.28 0.0003034893832
71.282 0.0003022555091
71.284 0.0003008056118
71.286 0.0002991627093
71.288 0.0002973574109
71.29 0.000295392803
71.292 0.0002933044157
71.294 0.0002911014104
71.296 0.0002887937556
71.298 0.0002864224572
71.3 0.0002839742693
71.302 0.0002814889682
71.304 0.0002811027521
71.306 0.0002812023719
71.308 0.00028130594
71.31 0.0002814054374
71.312 0.0002815098051
71.314 0.0002816117808
71.316 0.0002817164963
71.318 0.0002818226717
71.32 0.000281934829
71.322 0.0002820435464
71.324 0.0002821570777
71.326 0.000282265147
71.328 0.0002823865649
71.33 0.0002825020963
71.332 0.0002826251341
71.334 0.0002827443617
71.336 0.000282866566
71.338 0.0002829887008
71.34 0.000283118509
71.342 0.0002832436872
71.344 0.0002833745812
71.346 0.0002834957861
71.348 0.0002836297288
71.35 0.0002837559371
71.352 0.0002838818805
71.354 0.0002840074852
71.356 0.0002841256936
71.358 0.0002842539109
71.36 0.000284375649
71.362 0.0002844951546
71.364 0.0002846143984
71.366 0.0002847332361
71.368 0.0002848410571
71.37 0.0002849407771
71.372 0.0002850177305
71.374 0.0002850952619
71.376 0.000285170377
71.378 0.00028524066
71.38 0.0002853183294
71.382 0.0002853886038
71.384 0.0002854573522
71.386 0.0002855286258
71.388 0.0002855900153
71.39 0.0002856604074
71.392 0.0002857236848
71.394 0.0002857872488
71.396 0.0002858493544
71.398 0.0002859052057
71.4 0.0002859667565
71.402 0.0002860243153
71.404 0.0002860821214
71.406 0.000286141688
71.408 0.0002861934228
71.41 0.0002862545269
71.412 0.0002863094035
71.414 0.0002863684976
71.416 0.0002864270119
71.418 0.0002864852505
71.42 0.0002865418351
71.422 0.0002866087563
71.424 0.0002866700276
71.426 0.0002867366848
71.428 0.0002868049487
71.43 0.0002868772256
71.432 0.0002869402444
71.434 0.000287020228
71.436 0.0002870961691
71.438 0.0002871772589
71.44 0.0002872599851
71.442 0.0002873461976
71.444 0.0002874289522
71.446 0.0002875225397
71.448 0.0002876156077
71.45 0.0002877162513
71.452 0.0002878148541
71.454 0.0002879128426
71.456 0.0002880175893
71.458 0.0002881257971
71.46 0.0002882336114
71.462 0.0002883454931
71.464 0.0002884584804
71.466 0.0002885677341
71.468 0.0002886854527
71.47 0.0002888015929
71.472 0.0002889230695
71.474 0.0002890410362
71.476 0.0002891607227
71.478 0.0002892719434
71.48 0.0002893972007
71.482 0.0002895143622
71.484 0.0002896341807
71.486 0.000289752626
71.488 0.0002898706021
71.49 0.0002899877353
71.492 0.0002901051937
71.494 0.0002902241822
71.496 0.0002903447746
71.498 0.0002904613622
71.5 0.0002905746813
71.502 0.0002906921433
71.504 0.000290804655
71.506 0.0002909132185
71.508 0.0002910258838
71.51 0.0002911329767
71.512 0.0002912394241
71.514 0.0002913371493
71.516 0.0002914397722
71.518 0.0002915401674
71.52 0.0002916393407
71.522 0.000291735606
71.524 0.0002918248522
71.526 0.0002919150016
71.528 0.0002920111917
71.53 0.0002920970014
71.532 0.0002921595692
71.534 0.0002922108598
71.536 0.0002922748116
71.538 0.0002923366821
71.54 0.0002923936566
71.542 0.000292455334
71.544 0.0002925151247
71.546 0.0002925777412
71.548 0.0002926385578
71.55 0.0002926957145
71.552 0.0002927527425
71.554 0.0002928161618
71.556 0.0002928759499
71.558 0.0002929325023
71.56 0.0002929934555
71.562 0.0002930538402
71.564 0.0002931118967
71.566 0.0002931643271
71.568 0.0002932272795
71.57 0.0002932876493
71.572 0.0002933480981
71.574 0.000293402361
71.576 0.0002934633245
71.578 0.0002935235166
71.58 0.0002935749872
71.582 0.0002936369383
71.584 0.0002936959443
71.586 0.0002937545847
71.588 0.0002938088707
71.59 0.0002938680941
71.592 0.000293919382
71.594 0.0002939807617
71.596 0.0002940324384
71.598 0.0002940897183
71.6 0.0002941435446
71.602 0.0002941948451
71.604 0.0002942495981
71.606 0.0002942994245
71.608 0.0002943502888
71.61 0.0002943992711
71.612 0.000294449715
71.614 0.0002944983009
71.616 0.0002945427085
71.618 0.0002945881669
71.62 0.0002946299258
71.622 0.0002946720656
71.624 0.000294715934
71.626 0.0002947565153
71.628 0.0002947937906
71.63 0.0002948334526
71.632 0.0002948709317
71.634 0.0002948974286
71.636 0.0002949374884
71.638 0.0002949696943
71.64 0.000295002612
71.642 0.0002950298017
71.644 0.0002950590857
71.646 0.0002950836035
71.648 0.0002951074615
71.65 0.0002951334008
71.652 0.00029515613
71.654 0.0002951746261
71.656 0.0002951959115
71.658 0.0002952151596
71.66 0.0002952231676
71.662 0.000295241936
71.664 0.0002952573405
71.666 0.0002952670918
71.668 0.0002952778775
71.67 0.0002952853782
71.672 0.0002952949913
71.674 0.0002953000264
71.676 0.0002953023057
71.678 0.0002953092606
71.68 0.0002953137596
71.682 0.0002953117503
71.684 0.0002953159734
71.686 0.0002953170962
71.688 0.0002953087214
71.69 0.0002953094391
71.692 0.0002953082817
71.694 0.0002953032391
71.696 0.0002953025016
71.698 0.000295292737
71.7 0.0002952894524
71.702 0.0002952797496
71.704 0.0002952727495
71.706 0.000295265012
71.708 0.0002952584639
71.71 0.0002952468013
71.712 0.0002952371589
71.714 0.0002952243541
71.716 0.0002952102682
71.718 0.0002952015258
71.72 0.0002951836848
71.722 0.0002951724813
71.724 0.0002951599455
71.726 0.0002951414582
71.728 0.0002951315974
71.73 0.0002951147958
71.732 0.0002951116179
71.734 0.0002950933153
71.736 0.0002950896194
71.738 0.0002950769194
71.74 0.0002950674125
71.742 0.0002950528875
71.744 0.000295048466
71.746 0.0002950329746
71.748 0.0002950159116
71.75 0.0002950074433
71.752 0.0002949904582
71.754 0.0002949761056
71.756 0.0002949582534
71.758 0.0002949504374
71.76 0.0002949320906
71.762 0.0002949192344
71.764 0.0002949021929
71.766 0.0002948920065
71.768 0.0002948739202
71.77 0.0002948594609
71.772 0.0002948422742
71.774 0.0002948261902
71.776 0.0002948035383
71.778 0.0002947883356
71.78 0.0002947603843
71.782 0.0002947424293
71.784 0.0002947135355
71.786 0.0002946909414
71.788 0.0002946616286
71.79 0.0002946336002
71.792 0.0002945954975
71.794 0.0002945683692
71.796 0.0002945332726
71.798 0.0002944963687
71.8 0.0002944592362
71.802 0.000294418437
71.804 0.0002943678049
71.806 0.0002943026787
71.808 0.0002942152052
71.81 0.0002941348216
71.812 0.0002940345657
71.814 0.0002939333609
71.816 0.0002938331397
71.818 0.0002937307547
71.82 0.0002936139147
71.822 0.0002935091786
71.824 0.0002933869347
71.826 0.0002932685028
71.828 0.0002931317936
71.83 0.0002930083205
71.832 0.0002928725399
71.834 0.0002927412356
71.836 0.0002925809551
71.838 0.0002924524724
71.84 0.000292304621
71.842 0.0002921543752
71.844 0.0002920014159
71.846 0.0002918434624
71.848 0.0002916927132
71.85 0.0002915232288
71.852 0.0002913722562
71.854 0.0002912066121
71.856 0.0002910429635
71.858 0.000290876432
71.86 0.0002907114944
71.862 0.0002905391514
71.864 0.0002903692801
71.866 0.0002901979999
71.868 0.0002900179257
71.87 0.0002898455122
71.872 0.0002896696105
71.874 0.0002894864753
71.876 0.0002893065074
71.878 0.0002891215133
71.88 0.0002889452407
71.882 0.0002887573065
71.884 0.0002885677773
71.886 0.0002883762813
71.888 0.0002881887027
71.89 0.000287992951
71.892 0.0002878016386
71.894 0.000287608874
71.896 0.0002874036714
71.898 0.0002872026693
71.9 0.0002870078827
71.902 0.0002868063867
71.904 0.0002865974194
71.906 0.0002863954539
71.908 0.0002861806061
71.91 0.0002859844829
71.912 0.0002857672997
71.914 0.0002855569215
71.916 0.0002853369757
71.918 0.0002851306567
71.92 0.0002849051105
71.922 0.0002846939209
71.924 0.0002844629375
71.926 0.0002842469946
71.928 0.0002840132775
71.93 0.0002837979846
71.932 0.0002835553638
71.934 0.0002833357806
71.936 0.0002830954439
71.938 0.0002828734633
71.94 0.0002826347948
71.942 0.0002823940691
71.944 0.0002821510606
71.946 0.000281920566
71.948 0.0002816717223
71.95 0.0002814308228
71.952 0.0002811770842
71.954 0.0002809382386
71.956 0.0002806834461
71.958 0.0002804345257
71.96 0.0002801806864
71.962 0.0002799265134
71.964 0.0002796693164
71.966 0.0002794069851
71.968 0.0002791297889
71.97 0.0002788511719
71.972 0.0002785762367
71.974 0.0002782971599
71.976 0.0002780206157
71.978 0.0002777679239
71.98 0.0002774804376
71.982 0.0002771993596
71.984 0.0002769177626
71.986 0.0002766393534
71.988 0.0002763569711
71.99 0.0002760685372
71.992 0.0002757857657
71.994 0.0002754968707
71.996 0.0002752171588
71.998 0.0002749387514
72 0.000274645581
72.002 0.0002743586616
72.004 0.0002740509391
72.006 0.0002737588819
72.008 0.0002734619561
72.01 0.0002731658107
72.012 0.0002728557232
72.014 0.0002725685853
72.016 0.0002722661912
72.018 0.0002719637807
72.02 0.0002716868779
72.022 0.0002713752175
72.024 0.0002710645058
72.026 0.0002707603648
72.028 0.0002704598205
72.03 0.000270151041
72.032 0.0002698486274
72.034 0.0002695428051
72.036 0.0002692367161
72.038 0.0002689265289
72.04 0.0002686230149
72.042 0.0002683162146
72.044 0.0002680355114
72.046 0.0002677164868
72.048 0.0002673999306
72.05 0.000267098554
72.052 0.0002667896188
72.054 0.0002664780555
72.056 0.0002661719457
72.058 0.00026586168
72.06 0.0002655517958
72.062 0.0002652493981
72.064 0.0002649368131
72.066 0.0002646286791
72.068 0.0002643191702
72.07 0.0002640193599
72.072 0.0002636975958
72.074 0.0002633974688
72.076 0.000263090351
72.078 0.0002627794822
72.08 0.0002624776478
72.082 0.0002621697935
72.084 0.0003072056931
72.086 0.0003560515145
72.088 0.0003986371918
72.09 0.0004325158616
72.092 0.0004577024427
72.094 0.0004739594582
72.096 0.0004818183936
72.098 0.0004821872163
72.1 0.0004772397527
72.102 0.0004689010772
72.104 0.0004570827987
72.106 0.0004506470383
72.108 0.0004413381407
72.11 0.0004259646234
72.112 0.0004056145686
72.114 0.0003809679778
72.116 0.0003529348216
72.118 0.0003320147601
72.12 0.0003099482716
72.122 0.0002878151363
72.124 0.0002657482468
72.126 0.0002603643351
72.128 0.0004993594049
72.13 0.0006149895963
72.132 0.0007524783264
72.134 0.0008276722174
72.136 0.0009544293115
72.138 0.001058770835
72.14 0.001139483963
72.142 0.001196348982
72.144 0.001229784667
72.146 0.001239939563
72.148 0.001228599233
72.15 0.001193613997
72.152 0.00113621322
72.154 0.001057653532
72.156 0.001004419859
72.158 0.0009958647905
72.16 0.0009839033629
72.162 0.0009675980484
72.164 0.0009460059815
72.166 0.0009248537873
72.168 0.0009007405949
72.17 0.0008728267957
72.172 0.0008419000034
72.174 0.0008086396633
72.176 0.0007735967646
72.178 0.0007371687146
72.18 0.000699627994
72.182 0.0006887601417
72.184 0.0006744555415
72.186 0.0006466388706
72.188 0.0006182918716
72.19 0.000603924172
72.192 0.0005890565061
72.194 0.0005722835206
72.196 0.0005600766789
72.198 0.0005665580156
72.2 0.0005713726821
72.202 0.0005744636323
72.204 0.0005757802091
72.206 0.0005756500841
72.208 0.0005757234298
72.21 0.0005739193707
72.212 0.0005702251985
72.214 0.0005646157269
72.216 0.0005571028289
72.218 0.000547707474
72.22 0.0005364533507
72.222 0.0005233778767
72.224 0.0005085324192
72.226 0.0004919709813
72.228 0.0004737589681
72.23 0.0004539737376
72.232 0.0004442445921
72.234 0.0004359777571
72.236 0.0004282388574
72.238 0.0004193943659
72.24 0.000409468521
72.242 0.0004041782591
72.244 0.0004000657782
72.246 0.0004048944684
72.248 0.0004124285985
72.25 0.0004186307068
72.252 0.0004233760567
72.254 0.0004264996063
72.256 0.0004278977492
72.258 0.0004274784855
72.26 0.0004252047649
72.262 0.0004211085066
72.264 0.0004152637374
72.266 0.0004078055851
72.268 0.0003989312045
72.27 0.000388870282
72.272 0.0003778723569
72.274 0.000371148332
72.276 0.0003660875754
72.278 0.0003596682795
72.28 0.0003523618679
72.282 0.0003447219474
72.284 0.0003359219064
72.286 0.0003260907987
72.288 0.0003167811077
72.29 0.0003302489159
72.292 0.0003422292946
72.294 0.000352710931
72.296 0.0003616956381
72.298 0.0003691935286
72.3 0.0003752263111
72.302 0.0003798149822
72.304 0.0003829881038
72.306 0.0003847860817
72.308 0.000385856963
72.31 0.0003864221158
72.312 0.0003856835886
72.314 0.0003837010613
72.316 0.000380527114
72.318 0.0003762246694
72.32 0.0003708717933
72.322 0.0003645310471
72.324 0.0003724230962
72.326 0.0003827675766
72.328 0.0003922417445
72.33 0.0004001926371
72.332 0.0004072762742
72.334 0.0004137244834
72.336 0.0004188665713
72.338 0.000423390185
72.34 0.0004272185276
72.342 0.0004307434424
72.344 0.0004331907893
72.346 0.0004463543771
72.348 0.0004542355258
72.35 0.0004612095262
72.352 0.0004672517397
72.354 0.0004728992216
72.356 0.0004772568166
72.358 0.000481361881
72.36 0.0004842856049
72.362 0.0004867117035
72.364 0.000488816726
72.366 0.0004898847215
72.368 0.0004905521899
72.37 0.0004910210114
72.372 0.000490541879
72.374 0.0004900916428
72.376 0.0004887593953
72.378 0.0004872190505
72.38 0.0004856406992
72.382 0.0004832869722
72.384 0.0004810944003
72.386 0.0004782074375
72.388 0.0004755210511
72.39 0.0004721969069
72.392 0.0004691424425
72.394 0.0004654782946
72.396 0.0004618464088
72.398 0.0004584029526
72.4 0.000454412631
72.402 0.0004507859147
72.404 0.0004466598159
72.406 0.0004429272859
72.408 0.0004387205014
72.41 0.0004349370558
72.412 0.000430734888
72.414 0.000426953888
72.416 0.0004227843351
72.418 0.0004190709292
72.42 0.000414981946
72.422 0.0004113600536
72.424 0.0004074107884
72.426 0.0004039332129
72.428 0.000400142362
72.43 0.000396834971
72.432 0.000393240192
72.434 0.0003901278108
72.436 0.0003867386356
72.438 0.0003838494817
72.44 0.0003806864065
72.442 0.0003780254631
72.444 0.0003751121269
72.446 0.0003726839927
72.448 0.0003700141579
72.45 0.0003678247509
72.452 0.0003654126148
72.454 0.0003513682324
72.456 0.0003428215099
72.458 0.0003349029811
72.46 0.0003275898055
72.462 0.0003211953397
72.464 0.0003151865335
72.466 0.0003101437218
72.468 0.0003054071665
72.47 0.0003016067292
72.472 0.0002980622808
72.474 0.0002953889441
72.476 0.000292922798
72.478 0.0002912493261
72.48 0.0002897368527
72.482 0.0002889409236
72.484 0.0002882348493
72.486 0.0002881801738
72.488 0.0002881696179
72.49 0.0002887421089
72.492 0.0002892848228
72.494 0.0002903663859
72.496 0.0002913727774
72.498 0.0002928446801
72.5 0.0002942030643
72.502 0.0002959799254
72.504 0.0002975965766
72.506 0.0002995855763
72.508 0.0003013787646
72.51 0.0003035126708
72.512 0.0003054090948
72.514 0.000307611522
72.516 0.000309556854
72.518 0.000311777611
72.52 0.0003137073896
72.522 0.0003158985113
72.524 0.0003177837332
72.526 0.000319913766
72.528 0.0003217090914
72.53 0.0003237338123
72.532 0.000325421204
72.534 0.0003273234441
72.536 0.0003288726673
72.538 0.0003306329063
72.54 0.000332039071
72.542 0.0003336461774
72.544 0.0003348954432
72.546 0.0002534087669
72.548 0.0002181992822
72.55 0.0002037998217
72.552 0.0002024628209
72.554 0.0002009756854
72.556 0.0002005110146
72.558 0.0001997893712
72.56 0.0002123698742
72.562 0.0002253376666
72.564 0.0002385317462
72.566 0.0002496554721
72.568 0.0002601348926
72.57 0.0002681103971
72.572 0.0002752960067
72.574 0.0002800270345
72.576 0.0002840707271
72.578 0.0002858085174
72.58 0.0002871490622
72.582 0.0002864030167
72.584 0.0002854965656
72.586 0.0002827747977
72.588 0.0002801592757
72.59 0.0002760431436
72.592 0.000272227603
72.594 0.0002672055407
72.596 0.0002627482365
72.598 0.000257300299
72.6 0.0002526704142
72.602 0.0002473101515
72.604 0.0002429543098
72.606 0.0002381299295
72.608 0.0002344436157
72.61 0.0002305362928
72.612 0.0002278761109
72.614 0.0002251473244
72.616 0.0002237526137
72.618 0.0002224105157
72.62 0.0002223632766
72.622 0.0002224798208
72.624 0.000223758405
72.626 0.0002252230948
72.628 0.0002277312034
72.63 0.0002303755819
72.632 0.0002338576335
72.634 0.0002374733009
72.636 0.0002416991251
72.638 0.0002459868911
72.64 0.0002507249779
72.642 0.0002554544542
72.644 0.0002604503587
72.646 0.0002654212322
72.648 0.0002704854885
72.65 0.0002754915205
72.652 0.0002804684011
72.654 0.0002854270918
72.656 0.0002901885114
72.658 0.0002948292915
72.66 0.0002993318355
72.662 0.0003036139565
72.664 0.0003077840291
72.666 0.0003116683221
72.668 0.0003154425205
72.67 0.0003189059522
72.672 0.0003222771325
72.674 0.000325303163
72.676 0.0003282495568
72.678 0.0003308572784
72.68 0.0003333929839
72.682 0.0003355784715
72.684 0.0003376792086
72.686 0.0003396386417
72.688 0.0003412652198
72.69 0.000342876718
72.692 0.0003441593982
72.694 0.000345450963
72.696 0.0003464227246
72.698 0.0003474354488
72.7 0.0003481477616
72.702 0.0003488518015
72.704 0.0003495197823
72.706 0.000349921344
72.708 0.0003504294707
72.71 0.0003506536631
72.712 0.0003510092778
72.714 0.000351117126
72.716 0.0003513715392
72.718 0.0003513922544
72.72 0.0003515037937
72.722 0.0003516721568
72.724 0.0003516355415
72.726 0.0003517832752
72.728 0.0003517289774
72.73 0.0003518832536
72.732 0.0003518503041
72.734 0.0003519456915
72.736 0.0003521349733
72.738 0.0003521672251
72.74 0.0003524147448
72.742 0.0003525010277
72.744 0.0003528080922
72.746 0.0003529539833
72.748 0.0003532571538
72.75 0.0003536711496
72.752 0.0003539402267
72.754 0.000354444969
72.756 0.0003547853992
72.758 0.000355284813
72.76 0.0003558976817
72.762 0.0003563599972
72.764 0.000357056253
72.766 0.0003575790651
72.768 0.0003582585842
72.77 0.0003590531737
72.772 0.0003596831098
72.774 0.0003605458849
72.776 0.000361223638
72.778 0.0003620526109
72.78 0.0003629797546
72.782 0.0003637264578
72.784 0.0003647020112
72.786 0.0003654755346
72.788 0.000366379092
72.79 0.0003673865608
72.792 0.0003681956074
72.794 0.0003692287183
72.796 0.0003700355432
72.798 0.000370976613
72.8 0.0003720130165
72.802 0.0003728347438
72.804 0.0003738755929
72.806 0.000374680192
72.808 0.0003756079347
72.81 0.0003766312918
72.812 0.0003774215272
72.814 0.0003783288711
72.816 0.0003793287674
72.818 0.0003800940656
72.82 0.000381073295
72.822 0.0003818044202
72.824 0.0003826492327
72.826 0.0003835910571
72.828 0.0003842858926
72.83 0.0003850939052
72.832 0.0003860011459
72.834 0.0003866613393
72.836 0.0003874312053
72.838 0.0003883005454
72.84 0.0003889219385
72.842 0.0003896536141
72.844 0.0003904882486
72.846 0.0003910721674
72.848 0.0003917724286
72.85 0.0003925754569
72.852 0.0003931246348
72.854 0.0003937925765
72.856 0.0003945718652
72.858 0.0003950948123
72.86 0.0003957385663
72.862 0.000396500446
72.864 0.0003970090957
72.866 0.0003976400777
72.868 0.0003983925654
72.87 0.0003988941997
72.872 0.0003995168918
72.874 0.000400272227
72.876 0.0004007732857
72.878 0.000401411945
72.88 0.0004021762082
72.882 0.0004026915271
72.884 0.0004033407951
72.886 0.0004041249199
72.888 0.0004048213826
72.89 0.0004055936268
72.892 0.0004063594391
72.894 0.000407263598
72.896 0.00040789929
72.898 0.0004086629894
72.9 0.0004095587897
72.902 0.0004101835833
72.904 0.0004109407436
72.906 0.0004116983262
72.908 0.0004126072662
72.91 0.0004132423968
72.912 0.0004140152915
72.914 0.0004149306541
72.916 0.0004155766555
72.918 0.0004163625998
72.92 0.0004163488508
72.922 0.0004167741059
72.924 0.0004169426185
72.926 0.0004172647889
72.928 0.0004176118861
72.93 0.0004181282467
72.932 0.0004183895688
72.934 0.0004188064234
72.936 0.0004192486098
72.938 0.0004198672507
72.94 0.000420224043
72.942 0.0004207441129
72.944 0.0004212786075
72.946 0.0004218491987
72.948 0.0004225946989
72.95 0.0004230813011
72.952 0.000423715109
72.954 0.0004243692226
72.956 0.0004252084187
72.958 0.0004257688611
72.96 0.0004264862559
72.962 0.0004272221769
72.964 0.0004279892704
72.966 0.0004289286005
72.968 0.0004295882403
72.97 0.0004304064435
72.972 0.000431232057
72.974 0.0004320863444
72.976 0.0004331200204
72.978 0.0004338701106
72.98 0.000434765729
72.982 0.0004356751245
72.984 0.0004366087498
72.986 0.0004375692459
72.988 0.0004387048088
72.99 0.0004395464784
72.992 0.0004405401131
72.994 0.0004415398506
72.996 0.0004425649536
72.998 0.0004436105185
73 0.0004448452573
73.002 0.0004457723101
73.004 0.0004468524743
73.006 0.0004479439314
73.008 0.0004490640222
73.01 0.0004501980147
73.012 0.0004513546775
73.014 0.0004527015643
73.016 0.0004537430766
73.018 0.0004549319361
73.02 0.0004561338939
73.022 0.000457358905
73.024 0.0004586083788
73.026 0.0004598722982
73.028 0.0004611560847
73.03 0.0004626397854
73.032 0.0004637985182
73.034 0.0004651118676
73.036 0.0004664352874
73.038 0.0004677853526
73.04 0.0004691487518
73.042 0.0004705340792
73.044 0.0004719352055
73.046 0.0004733556682
73.048 0.0004747848897
73.05 0.0004763876564
73.052 0.0004776713861
73.054 0.0004791093557
73.056 0.0004805495165
73.058 0.0004820116569
73.06 0.0004834891517
73.062 0.0004849858696
73.064 0.0004864896828
73.066 0.0004880076988
73.068 0.0004895356423
73.07 0.0004910765685
73.072 0.0004926197358
73.074 0.000494171439
73.076 0.0004957326246
73.078 0.0004972930311
73.08 0.0004988595873
73.082 0.0005004293086
73.084 0.0005020058686
73.086 0.0005037820611
73.088 0.0005051961533
73.09 0.0005067550261
73.092 0.0005083169265
73.094 0.0005098833344
73.096 0.0005039999339
73.098 0.0004982864282
73.1 0.0004929733582
73.102 0.0004880539102
73.104 0.0004835503497
73.106 0.0004794514338
73.108 0.0004757534978
73.11 0.0004724332954
73.112 0.0004694855136
73.114 0.0004668941327
73.116 0.0004646325975
73.118 0.0004626902525
73.12 0.0004610466597
73.122 0.0004596865511
73.124 0.0004585822107
73.126 0.0004577265655
73.128 0.0004570975272
73.13 0.0004566803964
73.132 0.0004564531298
73.134 0.0004564079135
73.136 0.000456528982
73.138 0.0004568065587
73.14 0.0004572183887
73.142 0.0004577646677
73.144 0.000458433264
73.146 0.0004592051489
73.148 0.0004600795061
73.15 0.0004610457728
73.152 0.0004620994477
73.154 0.0004632247889
73.156 0.0004644229253
73.158 0.0004656843974
73.16 0.0004670079359
73.162 0.0004683777057
73.164 0.0004697966855
73.166 0.0004712621548
73.168 0.000472759511
73.17 0.0004742930935
73.172 0.0004758570717
73.174 0.0004774505959
73.176 0.0004790615928
73.178 0.000480693754
73.18 0.0004823433653
73.182 0.0004840086234
73.184 0.0004856793894
73.186 0.0004873593622
73.188 0.0004890491411
73.19 0.0004907355756
73.192 0.0004924255013
73.194 0.0004941133896
73.196 0.0004958030719
73.198 0.0004974805316
73.2 0.000499153874
73.202 0.0005008212422
73.204 0.0005024734745
73.206 0.0005041122016
73.208 0.0005057445295
73.21 0.0005073649369
73.212 0.0005089652647
73.214 0.0005105511147
73.216 0.0005121247205
73.218 0.0005136742568
73.22 0.0005152082249
73.222 0.0005167241216
73.224 0.0005182248374
73.226 0.0005196973199
73.228 0.0005211586294
73.23 0.0005226022775
73.232 0.0005240207332
73.234 0.0005254224364
73.236 0.0005268083599
73.238 0.0005281696268
73.24 0.0005295147201
73.242 0.0005308420908
73.244 0.0005321518895
73.246 0.0005334446473
73.248 0.0005347210958
73.25 0.0005359859841
73.252 0.0005372231809
73.254 0.0005384506673
73.256 0.0005396688786
73.258 0.0005408683774
73.26 0.0005420534466
73.262 0.0005432379758
73.264 0.0005444034618
73.266 0.0005455615957
73.268 0.0005467145454
73.27 0.0005478532732
73.272 0.0005489870309
73.274 0.0005501140151
73.276 0.0005512335001
73.278 0.0005523471821
73.28 0.0005534563
73.282 0.0005545675796
73.284 0.0005556659611
73.286 0.0005567621567
73.288 0.0005578584025
73.29 0.0005589414798
73.292 0.0005600298108
73.294 0.0005611178852
73.296 0.0005621976785
73.298 0.0005632776084
73.3 0.0005643599879
73.302 0.0005654349143
73.304 0.0005665072393
73.306 0.0005675730198
73.308 0.0005686385154
73.31 0.0005697052772
73.312 0.0005707765556
73.314 0.00057184162
73.316 0.0005729055154
73.318 0.0005739794893
73.32 0.0005750458592
73.322 0.0005761147746
73.324 0.0005771877884
73.326 0.000578254986
73.328 0.000579328373
73.33 0.0005803918747
73.332 0.0005814635431
73.334 0.0005825373293
73.336 0.0005836049148
73.338 0.0005846743449
73.34 0.0005857436496
73.342 0.003643527071
73.344 0.0008543229919
73.346 0.0005889458533
73.348 0.0005900109731
73.35 0.0005910768686
73.352 0.0005921428628
73.354 0.0005932073508
73.356 0.0005942757917
73.358 0.000595336814
73.36 0.0005963995172
73.362 0.0005974613608
73.364 0.0005985223292
73.366 0.0005995823685
73.368 0.0006006443545
73.37 0.0006016939578
73.372 0.0006027507033
73.374 0.00342882343
73.376 0.00092022193
73.378 0.0006933706986
73.38 0.0006248816413
73.382 0.0006079893294
73.384 0.0006090072208
73.386 0.0006099993462
73.388 0.0006109810936
73.39 0.000611944134
73.392 0.000612897638
73.394 0.003326829115
73.396 0.001017720999
73.398 0.0008110079884
73.4 0.000714161509
73.402 0.0006885331237
73.404 0.0006185206037
73.406 0.0006194765261
73.408 0.0006204355556
73.41 0.003252145515
73.412 0.001103819404
73.414 0.0009084250951
73.416 0.0007899976906
73.418 0.0007707691976
73.42 0.0006503397238
73.422 0.0006651855306
73.424 0.003148423613
73.426 0.0008541572847
73.428 0.0007585736397
73.43 0.0007016707245
73.432 0.0007079999182
73.434 0.0006379036165
73.436 0.00311341592
73.438 0.001155932422
73.44 0.0009989421883
73.442 0.0008719372603
73.444 0.0008670176412
73.446 0.0007420666406
73.448 0.003083414555
73.45 0.001266888123
73.452 0.00109977622
73.454 0.0009462207922
73.456 0.0009379692571
73.458 0.002975335007
73.46 0.0009100106484
73.462 0.0008676943953
73.464 0.0008201754833
73.466 0.0008267856107
73.468 0.002925507019
73.47 0.001063483907
73.472 0.000988092687
73.474 0.0009018113694
73.476 0.0009106982198
73.478 0.002886125781
73.48 0.001044481257
73.482 0.0009866464265
73.484 0.0009096846774
73.486 0.002889805989
73.488 0.001351304537
73.49 0.001224527097
73.492 0.001069200315
73.494 0.002894696059
73.496 0.001523318992
73.498 0.001372385494
73.5 0.001176225217
73.502 0.002881410348
73.504 0.001614506123
73.506 0.00145780457
73.508 0.001240437439
73.51 0.002861394282
73.512 0.001664022559
73.514 0.001507519306
73.516 0.002693189432
73.518 0.001149692564
73.52 0.001135038844
73.522 0.0011142213
73.524 0.002625677182
73.526 0.001377953987
73.528 0.001319675223
73.53 0.002562928561
73.532 0.001271161338
73.534 0.001248829771
73.536 0.00250816906
73.538 0.001387631525
73.54 0.001353855128
73.542 0.002456442627
73.544 0.001391919392
73.546 0.001369071577
73.548 0.002410720396
73.55 0.001452383008
73.552 0.001427168582
73.554 0.002371267771
73.556 0.001474998656
73.558 0.001451813279
73.56 0.002340954771
73.562 0.001506420491
73.564 0.001481590316
73.566 0.002319531714
73.568 0.001520395387
73.57 0.002360321374
73.572 0.001812018655
73.574 0.001735149528
73.576 0.002263866921
73.578 0.001544038686
73.58 0.002228663326
73.582 0.001778045988
73.584 0.001731763279
73.586 0.002173694417
73.588 0.001627385732
73.59 0.00218267826
73.592 0.001865640889
73.594 0.001817036877
73.596 0.002120859326
73.598 0.001674564134
73.6 0.002130027509
73.602 0.001890750198
73.604 0.00225959482
73.606 0.00214130708
73.608 0.002390457287
73.61 0.002350330225
73.612 0.002236471651
73.614 0.00208479192
73.616 0.001802849816
73.618 0.001961696376
73.62 0.001905029171
73.622 0.002083894466
73.624 0.002131690465
73.626 0.002246112486
73.628 0.002339890459
73.63 0.002383449903
73.632 0.00250356272
73.634 0.002485024885
73.636 0.00262411524
73.638 0.002553924859
73.64 0.002711523065
73.642 0.002598823661
73.644 0.002774623613
73.646 0.002627226829
73.648 0.002820103585
73.65 0.002644846583
73.652 0.002852690853
73.654 0.002655758858
73.656 0.002437383802
73.658 0.002363387121
73.66 0.001674717069
73.662 0.0021656816
73.664 0.001628969159
73.666 0.00227675598
73.668 0.001832756034
73.67 0.001743373689
73.672 0.002288814769
73.674 0.001486875167
73.676 0.002331195274
73.678 0.001669960503
73.68 0.002485186824
73.682 0.001918983611
73.684 0.001783599603
73.686 0.002406986093
73.688 0.001402655541
73.69 0.001344257851
73.692 0.002446792567
73.694 0.001492277834
73.696 0.002575045125
73.698 0.001776181089
73.7 0.001636245418
73.702 0.002520129418
73.704 0.00128814479
73.706 0.001237084786
73.708 0.002545073557
73.71 0.001402796365
73.712 0.001330578799
73.714 0.002581405851
73.716 0.001238328991
73.718 0.001186647034
73.72 0.002622122112
73.722 0.001265227698
73.724 0.001200641024
73.726 0.002655802281
73.728 0.001199922649
73.73 0.001142795997
73.732 0.001037421932
73.734 0.002791534886
73.736 0.001372923649
73.738 0.001253391949
73.74 0.002785841066
73.742 0.001038261365
73.744 0.0009900634012
73.746 0.0009211052729
73.748 0.002867195415
73.75 0.001253620698
73.752 0.001133613829
73.754 0.0009674353001
73.756 0.00298955705
73.758 0.001409027735
73.76 0.001232686112
73.762 0.001020272498
73.764 0.003075889614
73.766 0.001481344502
73.768 0.001272311689
73.77 0.001044159345
73.772 0.001012044533
73.774 0.003048129833
73.776 0.0008328341064
73.778 0.0008329153177
73.78 0.0008330039523
73.782 0.000833071358
73.784 0.003120682204
73.786 0.0009479792051
73.788 0.0008332210191
73.79 0.0008332977315
73.792 0.0008333573151
73.794 0.0008334548703
73.796 0.003253603417
73.798 0.001119154641
73.8 0.0009106569247
73.802 0.0008339583342
73.804 0.0008341370526
73.806 0.0008343292151
73.808 0.0008345487582
73.81 0.003332561938
73.812 0.0008350476315
73.814 0.0008353171527
73.816 0.0008356204592
73.818 0.0008359238946
73.82 0.0008362725204
73.822 0.0008366098189
73.824 0.0008369895409
73.826 0.0008373526119
73.828 0.003481799415
73.83 0.0008381655268
73.832 0.0008385937535
73.834 0.0008390179374
73.836 0.0008394765627
73.838 0.0008399052019
73.84 0.0008403716549
73.842 0.0008408243261
73.844 0.0008413064452
73.846 0.0008417635871
73.848 0.0008422521569
73.85 0.0008427405077
73.852 0.0008432115903
73.854 0.000843720113
73.856 0.0008441880893
73.858 0.0008446945904
73.86 0.0008451790649
73.862 0.0008456924747
73.864 0.0008461769089
73.866 0.0008467013899
73.868 0.0008471884781
73.87 0.0008477104661
73.872 0.0008482042944
73.874 0.0008487240164
73.876 0.0008492239698
73.878 0.0008497571568
73.88 0.0008502556834
73.882 0.0008507826742
73.884 0.0008512865802
73.886 0.0008518219407
73.888 0.0008523308257
73.89 0.0008528753227
73.892 0.0008533323108
73.894 0.0008537362613
73.896 0.0008540412734
73.898 0.0008543470418
73.9 0.0008545479875
73.902 0.0008547499358
73.904 0.0008548645298
73.906 0.000854979232
73.908 0.0008550504942
73.91 0.0008551035878
73.912 0.0008551237102
73.914 0.0008551415671
73.916 0.000855126662
73.918 0.0008551363035
73.92 0.000855101893
73.922 0.0008550975621
73.924 0.0008550644894
73.926 0.0008550601697
73.928 0.0008550321277
73.93 0.0008550449751
73.932 0.0008550299956
73.934 0.0008550406606
73.936 0.000855036114
73.938 0.0008550878017
73.94 0.0008551076085
73.942 0.0008551711518
73.944 0.0008552585555
73.946 0.0008553341612
73.948 0.0008562559822
73.95 0.0008560753464
73.952 0.0008570318158
73.954 0.0008576500548
73.956 0.0008583467473
73.958 0.0008589923317
73.96 0.0008596822781
73.962 0.0008603476554
73.964 0.0008610529809
73.966 0.0008617249102
73.968 0.0008624430848
73.97 0.0008631241128
73.972 0.0008638383646
73.974 0.0008645200795
73.976 0.000865230156
73.978 0.000865909446
73.98 0.0008665885251
73.982 0.0008672819204
73.984 0.0008679343891
73.986 0.0008686139315
73.988 0.0008692375157
73.99 0.0008698890886
73.992 0.0008704908459
73.994 0.0008711491601
73.996 0.0008717493921
73.998 0.0008723638121
74 0.0008729357286
74.002 0.0008735204173
74.004 0.0008740589512
74.006 0.0008746238654
74.008 0.0008751198352
74.01 0.0008748565742
74.012 0.0008743256843
74.014 0.0008738352276
74.016 0.0008732042906
74.018 0.0008725717578
74.02 0.0008719509788
74.022 0.0008713295732
74.024 0.0008707660471
74.026 0.0008702386634
74.028 0.000869789056
74.03 0.000869385716
74.032 0.0008691029442
74.034 0.0008688508773
74.036 0.0008687385438
74.038 0.0008686579289
74.04 0.0008687014156
74.042 0.0008688115731
74.044 0.0008690296112
74.046 0.0008693054163
74.048 0.000869709736
74.05 0.000870149308
74.052 0.0008706933176
74.054 0.0008713195896
74.056 0.0008719977867
74.058 0.0008727850295
74.06 0.0008735922678
74.062 0.0008744964792
74.064 0.0008754527748
74.066 0.000876466561
74.068 0.0008775127514
74.07 0.0008786137761
74.072 0.0008797130756
74.074 0.0008808814092
74.076 0.0008820251691
74.078 0.0008832208801
74.08 0.000884404017
74.082 0.000885610237
74.084 0.0008867971089
74.086 0.00088800416
74.088 0.0008891652755
74.09 0.0008903537032
74.092 0.0008919262773
74.094 0.0008934824904
74.096 0.0008949805502
74.098 0.0008964393926
74.1 0.0008977873412
74.102 0.0008990941564
74.104 0.0009002910714
74.106 0.0009014291628
74.108 0.000902456035
74.11 0.0009034415401
74.112 0.0009043221544
74.114 0.0009051603235
74.116 0.0009058757565
74.118 0.0009065807659
74.12 0.0009072074464
74.122 0.0009078326592
74.124 0.0009083766484
74.126 0.0009089314523
74.128 0.0009094410293
74.13 0.0009099437344
74.132 0.000910405694
74.134 0.0009108956586
74.136 0.0009113346994
74.138 0.0009118111365
74.14 0.0009122482329
74.142 0.0009127199464
74.144 0.0009131594875
74.146 0.0009136280411
74.148 0.0009140733535
74.15 0.0009145492188
74.152 0.0009149988012
74.154 0.0009154762559
74.156 0.0009159258882
74.158 0.0009165265495
74.16 0.0009171696451
74.162 0.0009178309085
74.164 0.0009184456887
74.166 0.0009190876727
74.168 0.0009196792725
74.17 0.0009202791263
74.172 0.0009208383224
74.174 0.000921398722
74.176 0.000921916977
74.178 0.0009224280099
74.18 0.0009228865599
74.182 0.0009233548154
74.184 0.0009237610038
74.186 0.0009241645805
74.188 0.0009245186095
74.19 0.0009248699964
74.192 0.000925160751
74.194 0.0009254614123
74.196 0.0009257171592
74.198 0.0009259363375
74.2 0.0009261459021
74.202 0.0009263046745
74.204 0.000926476153
74.206 0.00092658978
74.208 0.0009267112395
74.21 0.0009268117092
74.212 0.0009268658569
74.214 0.0009269572554
74.216 0.0009269857261
74.218 0.0009270396234
74.22 0.0009270576123
74.222 0.0009270935614
74.224 0.000927111089
74.226 0.0009271096714
74.228 0.0009271331788
74.23 0.0009271349216
74.232 0.001090620154
74.234 0.0009271541906
74.236 0.0009271969751
74.238 0.0009272333228
74.24 0.0009272540548
74.242 0.0009273203149
74.244 0.0009273586311
74.246 0.0009274494052
74.248 0.0009275272211
74.25 0.000927599439
74.252 0.0009277177862
74.254 0.0009280159814
74.256 0.0009278828219
74.258 0.0009279985963
74.26 0.0009280848594
74.262 0.0009282353805
74.264 0.000928374617
74.266 0.0009285709062
74.268 0.0009287855801
74.27 0.0009293137966
74.272 0.0009297781176
74.274 0.0009302313976
74.276 0.0009306623349
74.278 0.000931331963
74.28 0.0009314811158
74.282 0.0009319023235
74.284 0.0009322975186
74.286 0.0009326689975
74.288 0.0009330815483
74.29 0.0009334780045
74.292 0.000933848111
74.294 0.0009342501298
74.296 0.0009348224335
74.298 0.0009349005338
74.3 0.0009352364615
74.302 0.0009355407889
74.304 0.0009358309851
74.306 0.0009361445144
74.308 0.0009364273853
74.31 0.0009367409378
74.312 0.0009372332554
74.314 0.0009372303729
74.316 0.0009374872716
74.318 0.0009377098271
74.32 0.0009379470967
74.322 0.000938159905
74.324 0.0009386055974
74.326 0.0009385588179
74.328 0.0009387282409
74.33 0.000938920218
74.332 0.00093910127
74.334 0.0009392678925
74.336 0.0009396683333
74.338 0.0009395842492
74.34 0.0009397349533
74.342 0.0009398805701
74.344 0.0009400405149
74.346 0.0009404002845
74.348 0.0009402753409
74.35 0.000940428694
74.352 0.0009405568474
74.354 0.0009406988958
74.356 0.0009410862882
74.358 0.0009409938952
74.36 0.0009411531904
74.362 0.0009412758495
74.364 0.0009414388546
74.366 0.0009418132104
74.368 0.0009417192059
74.37 0.0009418547443
74.372 0.0009420089837
74.374 0.0009423655589
74.376 0.0009422720119
74.378 0.0009424106933
74.38 0.0009425621748
74.382 0.0009427447567
74.384 0.0009431187819
74.386 0.0009430396196
74.388 0.0009432250513
74.39 0.0009434049246
74.392 0.0009437970795
74.394 0.0009437143257
74.396 0.0009439316379
74.398 0.000944306426
74.4 0.0009442580832
74.402 0.0009444641959
74.404 0.0009446614934
74.406 0.0009450627704
74.408 0.0009450515172
74.41 0.0009452918052
74.412 0.0009455216857
74.414 0.0009459639594
74.416 0.0009459479898
74.418 0.0009462146795
74.42 0.0009466505486
74.422 0.0009466663182
74.424 0.0009469172513
74.426 0.0009473673781
74.428 0.0009473709852
74.43 0.0009476459921
74.432 0.0009481095657
74.434 0.000948141783
74.436 0.0009484216235
74.438 0.0009487083704
74.44 0.0009492063352
74.442 0.0009492461957
74.444 0.0009495607606
74.446 0.0009500535196
74.448 0.000950121079
74.45 0.0009504230091
74.452 0.0009509218318
74.454 0.0009509786834
74.456 0.0009512940176
74.458 0.000951792641
74.46 0.0009518322305
74.462 0.0009523555704
74.464 0.0009524095116
74.466 0.0009527228291
74.468 0.0009532181017
74.47 0.0009532911456
74.472 0.0009536245911
74.474 0.000954140913
74.476 0.0009542309917
74.478 0.0009545672934
74.48 0.0009550901202
74.482 0.0009551874948
74.484 0.0009556995811
74.486 0.0009557981815
74.488 0.0009561235465
74.49 0.0009566455398
74.492 0.0009567448935
74.494 0.0009572786008
74.496 0.00095736156
74.498 0.0009576959732
74.5 0.0009582167469
74.502 0.000958318751
74.504 0.0009588589853
74.506 0.0009589417692
74.508 0.0009592784379
74.51 0.0009598078944
74.512 0.0009599028611
74.514 0.0009604454897
74.516 0.0009605307539
74.518 0.0009610563919
74.52 0.0009611397888
74.522 0.0009614732849
74.524 0.0009619946996
74.526 0.0009621009665
74.528 0.0009626378143
74.53 0.0009627287743
74.532 0.0009632562524
74.534 0.0009633421083
74.536 0.0009646002445
74.538 0.0009664069797
74.54 0.0009688055178
74.542 0.0009710044258
74.544 0.0009736263436
74.546 0.0009765144561
74.548 0.0009790165327
74.55 0.0009820624522
74.552 0.0009845973019
74.554 0.0009874804759
74.556 0.0009897882832
74.558 0.000992394551
74.56 0.0009943780072
74.562 0.0009966306434
74.564 0.0009982345783
74.566 0.001000090446
74.568 0.001001290145
74.57 0.001002741101
74.572 0.001003533593
74.574 0.001004587112
74.576 0.001005001726
74.578 0.00100569958
74.58 0.001005786907
74.582 0.001006179128
74.584 0.001005978883
74.586 0.001006105434
74.588 0.00100567792
74.59 0.001005595024
74.592 0.001004968312
74.594 0.001004706294
74.596 0.001003935547
74.598 0.001003536433
74.6 0.00100265528
74.602 0.001002171585
74.604 0.001001223441
74.606 0.001000691714
74.608 0.0009997130668
74.61 0.000999166084
74.612 0.0009981890393
74.614 0.000997656783
74.616 0.0009967007851
74.618 0.0009962169806
74.62 0.0009953090623
74.622 0.000994885122
74.624 0.0009942367012
74.626 0.0009934502216
74.628 0.0009931663093
74.63 0.0009924796185
74.632 0.0009922759775
74.634 0.0009916858948
74.636 0.0009915941849
74.638 0.0009911062024
74.64 0.0009911181103
74.642 0.0009909227795
74.644 0.0009906007177
74.646 0.0009907357607
74.648 0.0009904903305
74.65 0.000990745969
74.652 0.0009907949438
74.654 0.0009907192739
74.656 0.0009910964739
74.658 0.0009910999173
74.66 0.000991581817
74.662 0.0009916818058
74.664 0.0009922538199
74.666 0.0009926150198
74.668 0.0009928372914
74.67 0.0009934945707
74.672 0.0009937649387
74.674 0.0009944959928
74.676 0.0009950164412
74.678 0.0009953718727
74.68 0.0009961660801
74.682 0.000996555592
74.684 0.0009973988438
74.686 0.0009980199865
74.688 0.0009984624136
74.69 0.0009993385962
74.692 0.0009999787626
74.694 0.001000453803
74.696 0.001001356202
74.698 0.001001834186
74.7 0.001002765433
74.702 0.001003350059
74.704 0.001003862713
74.706 0.001004697504
74.708 0.001005277483
74.71 0.001005794863
74.712 0.001006608328
74.714 0.001007193967
74.716 0.001007602469
74.718 0.001008424499
74.72 0.00100901922
74.722 0.001008932498
74.724 0.001010088195
74.726 0.001010537705
74.728 0.001010955222
74.73 0.001011850924
74.732 0.001012368417
74.734 0.001013366494
74.736 0.001014139042
74.738 0.001014760394
74.74 0.001015788036
74.742 0.00101658705
74.744 0.001017213848
74.746 0.001018234368
74.748 0.001019019834
74.75 0.001019607694
74.752 0.001020593248
74.754 0.001021334111
74.756 0.001021874997
74.758 0.001022813887
74.76 0.001023498599
74.762 0.001023990856
74.764 0.00102487637
74.766 0.001025504212
74.768 0.001026131895
74.77 0.00102653503
74.772 0.001027345236
74.774 0.001027905111
74.776 0.00102828588
74.778 0.001029068114
74.78 0.001029604761
74.782 0.001030151416
74.784 0.001030485394
74.786 0.001031229925
74.788 0.001031748285
74.79 0.001032265163
74.792 0.001032591866
74.794 0.00103332427
74.796 0.001033827952
74.798 0.001034339003
74.8 0.001034636551
74.802 0.001035348928
74.804 0.001035824309
74.806 0.001036317596
74.808 0.001036786259
74.81 0.001037063071
74.812 0.001037769295
74.814 0.001038240429
74.816 0.001038739691
74.818 0.001039235124
74.82 0.001039585639
74.822 0.001040415437
74.824 0.001041062808
74.826 0.00104178894
74.828 0.001042547088
74.83 0.001043353071
74.832 0.001044025944
74.834 0.001045137952
74.836 0.001046036568
74.838 0.001046942468
74.84 0.001047834649
74.842 0.001048696696
74.844 0.001049536798
74.846 0.001050175716
74.848 0.00105120708
74.85 0.001051995699
74.852 0.001052761971
74.854 0.001053498803
74.856 0.00105418983
74.858 0.001054847981
74.86 0.001055483224
74.862 0.001056079969
74.864 0.001056471642
74.866 0.001057267597
74.868 0.001057800186
74.87 0.001058342257
74.872 0.001058829593
74.874 0.001059300365
74.876 0.001059698189
74.878 0.001060096871
74.88 0.001060464115
74.882 0.001060819748
74.884 0.001061184711
74.886 0.00106152293
74.888 0.001061846274
74.89 0.00106216113
74.892 0.001062465821
74.894 0.001062573884
74.896 0.001063108623
74.898 0.001063414621
74.9 0.001063718615
74.902 0.001064016837
74.904 0.001064285078
74.906 0.001068709462
74.908 0.001071544535
74.91 0.001074180225
74.912 0.001076663102
74.914 0.001078980641
74.916 0.001081158733
74.918 0.001083204442
74.92 0.001085126286
74.922 0.001086928542
74.924 0.001088614586
74.926 0.00109020475
74.928 0.001091678688
74.93 0.001093068922
74.932 0.001094349645
74.934 0.001095553407
74.936 0.001096656871
74.938 0.001097692188
74.94 0.001098632608
74.942 0.001099506421
74.944 0.001100305373
74.946 0.001101038765
74.948 0.001101707271
74.95 0.001102316076
74.952 0.001102866861
74.954 0.001103367844
74.956 0.001103820078
74.958 0.001104227353
74.96 0.001104585978
74.962 0.001104923381
74.964 0.00110520984
74.966 0.001105484748
74.968 0.001105712805
74.97 0.001105936498
74.972 0.001106121715
74.974 0.001106305686
74.976 0.001106454572
74.978 0.001106610194
74.98 0.001106737688
74.982 0.001106867544
74.984 0.001106986656
74.986 0.001107099807
74.988 0.001107223923
74.99 0.001107328728
74.992 0.001107452433
74.994 0.001107562403
74.996 0.001107690423
74.998 0.001107806708
75 0.001107942317
75.002 0.001108069707
75.004 0.001108215936
75.006 0.001108367436
75.008 0.001108526949
75.01 0.001108697866
75.012 0.001108880307
75.014 0.001109073062
75.016 0.001109277805
75.018 0.001109497731
75.02 0.001109729118
75.022 0.001109970129
75.024 0.001110234462
75.026 0.001110500424
75.028 0.001110796847
75.03 0.001111089414
75.032 0.001111412549
75.034 0.001111743404
75.036 0.001112095617
75.038 0.001112455889
75.04 0.001112837617
75.042 0.001113235918
75.044 0.00111375197
75.046 0.001114315566
75.048 0.001114968145
75.05 0.001115655745
75.052 0.001116417062
75.054 0.001117210021
75.056 0.001118064978
75.058 0.00111895688
75.06 0.001119884071
75.062 0.001120849653
75.064 0.001121846897
75.066 0.001122860085
75.068 0.001123937411
75.07 0.001125032768
75.072 0.001126166076
75.074 0.001127310785
75.076 0.001128470017
75.078 0.001129638504
75.08 0.001130828951
75.082 0.001132016189
75.084 0.001133230846
75.086 0.001134433879
75.088 0.001135652664
75.09 0.001136870686
75.092 0.001138093941
75.094 0.001139306926
75.096 0.001140536022
75.098 0.001141745265
75.1 0.001142962929
75.102 0.001144174306
75.104 0.001145381047
75.106 0.001146559728
75.108 0.001147650967
75.11 0.00114873756
75.112 0.001149796438
75.114 0.001150846102
75.116 0.001151872821
75.118 0.001152896729
75.12 0.001153909564
75.122 0.00115492082
75.124 0.001155922217
75.126 0.001156935272
75.128 0.001157943158
75.13 0.001158950684
75.132 0.001159973813
75.134 0.001160992077
75.136 0.001162027898
75.138 0.001163066388
75.14 0.001164118278
75.142 0.00116517386
75.144 0.001166247883
75.146 0.001167329087
75.148 0.00116842785
75.15 0.001169530659
75.152 0.001170644988
75.154 0.001171780899
75.156 0.001172910968
75.158 0.001174064756
75.16 0.001175227584
75.162 0.001176393863
75.164 0.001177569602
75.166 0.001178761021
75.168 0.001179956541
75.17 0.001181160196
75.172 0.001182376146
75.174 0.001183584374
75.176 0.001184814742
75.178 0.00118604432
75.18 0.001187278397
75.182 0.001188519786
75.184 0.001189759428
75.186 0.001191010317
75.188 0.001192256269
75.19 0.001193516331
75.192 0.001194761994
75.194 0.001196021858
75.196 0.00119727971
75.198 0.001198535272
75.2 0.001199794689
75.202 0.001201046453
75.204 0.001202305076
75.206 0.001203555515
75.208 0.001204811241
75.21 0.00120606706
75.212 0.001207310541
75.214 0.001208560157
75.216 0.001209797451
75.218 0.001211084045
75.22 0.001212334956
75.222 0.001213599476
75.224 0.001214847673
75.226 0.001216086331
75.228 0.001217329146
75.23 0.00121856378
75.232 0.001219793836
75.234 0.001221021424
75.236 0.001222234507
75.238 0.001223454866
75.24 0.001224659646
75.242 0.001225862869
75.244 0.001227058897
75.246 0.001228246096
75.248 0.001229435252
75.25 0.00123062592
75.252 0.001231811886
75.254 0.001232988464
75.256 0.001244631726
75.258 0.001251129474
75.26 0.00125724099
75.262 0.001262600649
75.264 0.001267489601
75.266 0.001271850286
75.268 0.001275777256
75.27 0.001279285577
75.272 0.001282417936
75.274 0.001285194551
75.276 0.001287650397
75.278 0.001289808088
75.28 0.001291693158
75.282 0.001293329938
75.284 0.001294737098
75.286 0.001295934278
75.288 0.00129694413
75.29 0.001297779006
75.292 0.001298459642
75.294 0.001298997913
75.296 0.001299410164
75.298 0.001299709579
75.3 0.001299907936
75.302 0.001300016453
75.304 0.001300049122
75.306 0.001300033738
75.308 0.001299957492
75.31 0.00129996889
75.312 0.001299921433
75.314 0.001299839358
75.316 0.00129973206
75.318 0.001299604285
75.32 0.001299459951
75.322 0.001299305192
75.324 0.001299142913
75.326 0.001298968875
75.328 0.001298792521
75.33 0.001298626076
75.332 0.001298469262
75.334 0.001298322408
75.336 0.001298192443
75.338 0.00129808151
75.34 0.00129799027
75.342 0.001297925674
75.344 0.001297886792
75.346 0.001297876136
75.348 0.0012978893
75.35 0.001297936142
75.352 0.001298018313
75.354 0.00129813492
75.356 0.001298289914
75.358 0.00129848024
75.36 0.001298709458
75.362 0.001298976706
75.364 0.001299281912
75.366 0.001299626716
75.368 0.00129999273
75.37 0.001300388848
75.372 0.001300815708
75.374 0.001301280802
75.376 0.001301783332
75.378 0.001302327233
75.38 0.001302909172
75.382 0.001303530479
75.384 0.001284038266
75.386 0.001281105153
75.388 0.001280747588
75.39 0.001283118891
75.392 0.001287872246
75.394 0.001294235407
75.396 0.001302065549
75.398 0.001310754158
75.4 0.001320254047
75.402 0.001330237491
75.404 0.00134028209
75.406 0.001350703361
75.408 0.001360941405
75.41 0.00137074289
75.412 0.001380306289
75.414 0.001389325897
75.416 0.001397786658
75.418 0.001405518729
75.42 0.001412722419
75.422 0.001419191296
75.424 0.001424943071
75.426 0.001429872341
75.428 0.001434215275
75.43 0.001437807255
75.432 0.001440699282
75.434 0.001442911586
75.436 0.001444470673
75.438 0.001445410654
75.44 0.001445761035
75.442 0.001445559531
75.444 0.001444850269
75.446 0.001443679069
75.448 0.001442086222
75.45 0.001440110946
75.452 0.001437797018
75.454 0.001435181943
75.456 0.001432311386
75.458 0.001429221962
75.46 0.001425954541
75.462 0.001422543688
75.464 0.001419028645
75.466 0.001415440656
75.468 0.001411813496
75.47 0.001408176093
75.472 0.00140455594
75.474 0.001400980013
75.476 0.001397470334
75.478 0.001394050435
75.48 0.00139073518
75.482 0.001387546651
75.484 0.001384492911
75.486 0.001381587768
75.488 0.001378843691
75.49 0.001376271944
75.492 0.001373872993
75.494 0.001371658508
75.496 0.001369624738
75.498 0.001367778569
75.5 0.001366112385
75.502 0.001364632648
75.504 0.001363330397
75.506 0.001362206481
75.508 0.001361251245
75.51 0.00136046216
75.512 0.001359732912
75.514 0.001359195391
75.516 0.001358805088
75.518 0.001358552311
75.52 0.001358430032
75.522 0.001358425776
75.524 0.001358532371
75.526 0.001358739945
75.528 0.001359037381
75.53 0.001359417068
75.532 0.001359866915
75.534 0.001360382526
75.536 0.001360948199
75.538 0.00136156213
75.54 0.001362212224
75.542 0.001362892996
75.544 0.001363592969
75.546 0.001364308423
75.548 0.00136503276
75.55 0.0013657591
75.552 0.001366481863
75.554 0.001367195007
75.556 0.001367918066
75.558 0.001368616942
75.56 0.001369293622
75.562 0.001369948513
75.564 0.001370577151
75.566 0.001371180164
75.568 0.001371753877
75.57 0.001372298407
75.572 0.001372812377
75.574 0.001373298677
75.576 0.001373751612
75.578 0.001374174114
75.58 0.00137456676
75.582 0.001374932737
75.584 0.001366242796
75.586 0.001371000248
75.588 0.001362624472
75.59 0.001367957265
75.592 0.001359971352
75.594 0.001356757014
75.596 0.001353522498
75.598 0.001350967932
75.6 0.001348672975
75.602 0.001355667213
75.604 0.001349729039
75.606 0.001348140989
75.608 0.001346506712
75.61 0.001345373862
75.612 0.001344415646
75.614 0.001343763998
75.616 0.001343311463
75.618 0.001343090436
75.62 0.001343054088
75.622 0.001343204444
75.624 0.001343514591
75.626 0.001343982324
75.628 0.001344588501
75.63 0.00134532457
75.632 0.001346175959
75.634 0.001347348791
75.636 0.001348523398
75.638 0.001349766325
75.64 0.001351078017
75.642 0.001352441117
75.644 0.001353849099
75.646 0.001355305661
75.648 0.001356795104
75.65 0.001358318265
75.652 0.001359869599
75.654 0.0013614386
75.656 0.001363023597
75.658 0.001364615616
75.66 0.001366218002
75.662 0.001367821708
75.664 0.001369423172
75.666 0.001371023951
75.668 0.001372613242
75.67 0.001374194342
75.672 0.001375757987
75.674 0.001377306327
75.676 0.001378909522
75.678 0.001380457072
75.68 0.001381972289
75.682 0.001383457595
75.684 0.001384908946
75.686 0.001386323284
75.688 0.001387698519
75.69 0.001389038931
75.692 0.001390285486
75.694 0.001391512832
75.696 0.001392701993
75.698 0.00139385623
75.7 0.001394973096
75.702 0.001395999006
75.704 0.001397011808
75.706 0.001397995354
75.708 0.001398934668
75.71 0.00139984575
75.712 0.001400722741
75.714 0.00140156353
75.716 0.00140237558
75.718 0.001403148243
75.72 0.001403889556
75.722 0.00140459304
75.724 0.00140526799
75.726 0.001405904754
75.728 0.001406511325
75.73 0.001407083283
75.732 0.001407626973
75.734 0.001494805633
75.736 0.001488488049
75.738 0.001484070348
75.74 0.001479865381
75.742 0.001475703417
75.744 0.001471698919
75.746 0.001467824575
75.748 0.001464114443
75.75 0.001460567842
75.752 0.001457194332
75.754 0.00145398946
75.756 0.001450961916
75.758 0.001448104122
75.76 0.001445416483
75.762 0.001442883805
75.764 0.001440527604
75.766 0.001438309632
75.768 0.00143625528
75.77 0.001434324441
75.772 0.001432546724
75.774 0.001430873931
75.776 0.001429341674
75.778 0.001427898568
75.78 0.001426581423
75.782 0.001425344138
75.784 0.001424209396
75.786 0.001423146771
75.788 0.001422164466
75.79 0.001421270014
75.792 0.001420424362
75.794 0.001419829568
75.796 0.001419217551
75.798 0.001418649017
75.8 0.001418119406
75.802 0.001417621639
75.804 0.001417159965
75.806 0.001416721872
75.808 0.001416314108
75.81 0.001415926078
75.812 0.001415564251
75.814 0.001415220166
75.816 0.001414892629
75.818 0.001414585871
75.82 0.001414295189
75.822 0.001413996035
75.824 0.001413636092
75.826 0.0014132605
75.828 0.001412868851
75.83 0.001412469557
75.832 0.001412073683
75.834 0.001411681637
75.836 0.001411302611
75.838 0.001410935908
75.84 0.001410588177
75.842 0.001410261335
75.844 0.001409956542
75.846 0.001409674355
75.848 0.001409415103
75.85 0.001409179473
75.852 0.00140896816
75.854 0.001408778793
75.856 0.00140861412
75.858 0.001408467215
75.86 0.001408343894
75.862 0.001408239205
75.864 0.001408147981
75.866 0.001408060309
75.868 0.001407954786
75.87 0.001407843026
75.872 0.0014077218
75.874 0.001407590744
75.876 0.001407453673
75.878 0.001407305097
75.88 0.001407147866
75.882 0.001406982334
75.884 0.001406804669
75.886 0.001406616786
75.888 0.001407800847
75.89 0.001408369596
75.892 0.001408828798
75.894 0.001409192355
75.896 0.00140945592
75.898 0.001409629395
75.9 0.001409714369
75.902 0.001409720187
75.904 0.001409650019
75.906 0.001409510526
75.908 0.001409306334
75.91 0.001409044095
75.912 0.001408708775
75.914 0.001408330518
75.916 0.001407908663
75.918 0.001407447837
75.92 0.001406951371
75.922 0.001406424232
75.924 0.001405868645
75.926 0.001405287735
75.928 0.001404792296
75.93 0.001404222041
75.932 0.001403637571
75.934 0.001403032215
75.936 0.001402411853
75.938 0.00140177908
75.94 0.001401131574
75.942 0.001400475451
75.944 0.001399798555
75.946 0.001399100132
75.948 0.001398389682
75.95 0.001397655119
75.952 0.001396913782
75.954 0.001396156371
75.956 0.001395389299
75.958 0.00139460464
75.96 0.001393818626
75.962 0.001393017419
75.964 0.001392209518
75.966 0.001391389768
75.968 0.001390437124
75.97 0.001378357968
75.972 0.001367361487
75.974 0.001357108522
75.976 0.001347540504
75.978 0.001338643586
75.98 0.001330364485
75.982 0.001322673509
75.984 0.001315531391
75.986 0.001308906944
75.988 0.001302776317
75.99 0.001297099455
75.992 0.001291853191
75.994 0.001287008485
75.996 0.001282532578
75.998 0.001278419504
76 0.001274629591
76.002 0.00127114866
76.004 0.001267954657
76.006 0.001265023109
76.008 0.00126234603
76.01 0.001259904399
76.012 0.001257675309
76.014 0.001255650713
76.016 0.001253807519
76.018 0.001252143724
76.02 0.001250640175
76.022 0.001249287551
76.024 0.001248065728
76.026 0.001246980483
76.028 0.001246012054
76.03 0.001245149108
76.032 0.001244389665
76.034 0.001243716315
76.036 0.001243132905
76.038 0.001242623374
76.04 0.001242184548
76.042 0.001241804166
76.044 0.001241477768
76.046 0.001241207572
76.048 0.001240979466
76.05 0.001240790165
76.052 0.001240629427
76.054 0.001240505348
76.056 0.001240403282
76.058 0.001240324077
76.06 0.001240259128
76.062 0.001240204337
76.064 0.001240166503
76.066 0.00124013195
76.068 0.001240103733
76.07 0.001240075223
76.072 0.001240041888
76.074 0.001240011323
76.076 0.001239974351
76.078 0.001239929878
76.08 0.001239873008
76.082 0.001239812719
76.084 0.001239740471
76.086 0.001239654774
76.088 0.001239556806
76.09 0.001239440242
76.092 0.001239318306
76.094 0.00123918063
76.096 0.001239030448
76.098 0.001244720961
76.1 0.001247930376
76.102 0.001250774539
76.104 0.001253285387
76.106 0.001205562288
76.108 0.001182309005
76.11 0.001162740299
76.112 0.001146241283
76.114 0.001132319062
76.116 0.001120554235
76.118 0.001110642253
76.12 0.001102311105
76.122 0.001095344346
76.124 0.001089546775
76.126 0.001084770316
76.128 0.001080863076
76.13 0.001077700052
76.132 0.001075174212
76.134 0.00107318186
76.136 0.001071644753
76.138 0.001070486367
76.14 0.001069635328
76.142 0.001069036832
76.144 0.001068650536
76.146 0.001068428938
76.148 0.001068340386
76.15 0.001068355333
76.152 0.001068458003
76.154 0.001068640065
76.156 0.001068884068
76.158 0.001069184279
76.16 0.001069541546
76.162 0.001069952225
76.164 0.001070419679
76.166 0.001070960668
76.168 0.001071572776
76.17 0.001072271982
76.172 0.00107303874
76.174 0.0010739314
76.176 0.00107494715
76.178 0.001076097509
76.18 0.001077386021
76.182 0.001078826216
76.184 0.00108042389
76.186 0.001082208866
76.188 0.001084288655
76.19 0.001086529261
76.192 0.00108893027
76.194 0.001091496244
76.196 0.00109422454
76.198 0.001097128014
76.2 0.001100190031
76.202 0.001103416114
76.204 0.001106794692
76.206 0.001110325863
76.208 0.001113944509
76.21 0.001117653389
76.212 0.001121458678
76.214 0.001125359036
76.216 0.001129350049
76.218 0.001133517722
76.22 0.001137764564
76.222 0.001142072768
76.224 0.001146436739
76.226 0.001150835262
76.228 0.001155261545
76.23 0.001159712181
76.232 0.00116416495
76.234 0.001168612256
76.236 0.001173013934
76.238 0.00117737573
76.24 0.001181681148
76.242 0.001185924866
76.244 0.001190102097
76.246 0.001194210001
76.248 0.001198232089
76.25 0.001202159861
76.252 0.001205986097
76.254 0.001209705455
76.256 0.001213320407
76.258 0.001216824866
76.26 0.001220209432
76.262 0.001223475637
76.264 0.001226619413
76.266 0.001229649037
76.268 0.001232557645
76.27 0.001235349143
76.272 0.001238019623
76.274 0.001240569469
76.276 0.001243014737
76.278 0.001245345912
76.28 0.001247573589
76.282 0.00124969545
76.284 0.001251716076
76.286 0.001253646359
76.288 0.001255488304
76.29 0.00125724853
76.292 0.001258926039
76.294 0.001260532115
76.296 0.00126207018
76.298 0.00126354184
76.3 0.00126496573
76.302 0.001266333643
76.304 0.001267655487
76.306 0.001268935973
76.308 0.001270184112
76.31 0.001271395778
76.312 0.001272578087
76.314 0.001273744502
76.316 0.001274892488
76.318 0.001269589534
76.32 0.001266990635
76.322 0.001264769823
76.324 0.001263057433
76.326 0.00126171932
76.328 0.001260615868
76.33 0.001259764492
76.332 0.001259159039
76.334 0.001258771076
76.336 0.001258598083
76.338 0.001258622154
76.34 0.001258833535
76.342 0.001259148342
76.344 0.001259600824
76.346 0.001260187154
76.348 0.001260892943
76.35 0.0012617489
76.352 0.00126273985
76.354 0.001263846842
76.356 0.001265054625
76.358 0.001265388534
76.36 0.001266195835
76.362 0.001267138853
76.364 0.001268217451
76.366 0.001269440692
76.368 0.001270804098
76.37 0.001272278978
76.372 0.001273862151
76.374 0.001275549951
76.376 0.001277319407
76.378 0.001279161541
76.38 0.00128103908
76.382 0.001282973713
76.384 0.001284945396
76.386 0.001286952953
76.388 0.001289014211
76.39 0.001291084286
76.392 0.001293168651
76.394 0.001295260914
76.396 0.001297352765
76.398 0.001299438029
76.4 0.001301512075
76.402 0.001303565068
76.404 0.001305601906
76.406 0.001307422992
76.408 0.00130935271
76.41 0.001311267575
76.412 0.001313188866
76.414 0.001315102375
76.416 0.001317023218
76.418 0.00131893622
76.42 0.001320802776
76.422 0.001322630844
76.424 0.001324426765
76.426 0.001326234618
76.428 0.001328164453
76.43 0.001330009032
76.432 0.001331634395
76.434 0.001333199024
76.436 0.001334762979
76.438 0.001336268601
76.44 0.001337727176
76.442 0.001339136557
76.444 0.001340497622
76.446 0.001341811263
76.448 0.001343080389
76.45 0.001344306444
76.452 0.00134549133
76.454 0.00134663736
76.456 0.001347746173
76.458 0.001348823003
76.46 0.00134986637
76.462 0.001350905354
76.464 0.001352086342
76.466 0.001352818159
76.468 0.001353867505
76.47 0.001354872204
76.472 0.001355876199
76.474 0.001356857619
76.476 0.001357825398
76.478 0.001358781741
76.48 0.001359728777
76.482 0.001360655586
76.484 0.001362370033
76.486 0.001363899309
76.488 0.001365399453
76.49 0.001366459234
76.492 0.001367697251
76.494 0.001368927834
76.496 0.001370104335
76.498 0.001371217453
76.5 0.001372280789
76.502 0.001373312514
76.504 0.001374295016
76.506 0.001375276942
76.508 0.001376197556
76.51 0.001377090031
76.512 0.001377948459
76.514 0.001378777458
76.516 0.001379586296
76.518 0.001380373261
76.52 0.001381141097
76.522 0.001381892369
76.524 0.00138262898
76.526 0.001383355309
76.528 0.001384065485
76.53 0.001384766957
76.532 0.001385461388
76.534 0.001386150114
76.536 0.001386826815
76.538 0.001387480114
76.54 0.001388102427
76.542 0.001389948538
76.544 0.001391217009
76.546 0.001392393581
76.548 0.001393476379
76.55 0.001394465455
76.552 0.00139537734
76.554 0.001427617801
76.556 0.001414350242
76.558 0.00141311525
76.56 0.001443761566
76.562 0.001428339404
76.564 0.001425293658
76.566 0.001454603638
76.568 0.001437359948
76.57 0.001432830531
76.572 0.001483133455
76.574 0.001454211638
76.576 0.001446877748
76.578 0.001472396631
76.58 0.001474049291
76.582 0.001455628161
76.584 0.001479198646
76.586 0.001456556036
76.588 0.001469713471
76.59 0.001482943342
76.592 0.001458964258
76.594 0.001481386251
76.596 0.001478891213
76.598 0.001457808533
76.6 0.001479567562
76.602 0.001476544822
76.604 0.001487964969
76.606 0.001461300161
76.608 0.001503227969
76.61 0.00146679134
76.612 0.001486354352
76.614 0.001479990049
76.616 0.001456402353
76.618 0.001476108543
76.62 0.001470077876
76.622 0.001480382941
76.624 0.001451834393
76.626 0.001492313851
76.628 0.001454656563
76.63 0.001494224064
76.632 0.001455746851
76.634 0.001494537519
76.636 0.001455384403
76.638 0.001493563844
76.64 0.001453861058
76.642 0.001471403998
76.644 0.001495282893
76.646 0.001454611081
76.648 0.001491370172
76.65 0.001450398841
76.652 0.001486975421
76.654 0.001480755207
76.656 0.001466880005
76.658 0.0014736841
76.66 0.00145974322
76.662 0.001466715114
76.664 0.001487448092
76.666 0.001444124459
76.668 0.001478528627
76.67 0.001470902535
76.672 0.0014545613
76.674 0.001460623372
76.676 0.001479831343
76.678 0.001490000945
76.68 0.001441103568
76.682 0.001474378622
76.684 0.001462324066
76.686 0.001480582451
76.688 0.001450326674
76.69 0.001474312446
76.692 0.00146072731
76.694 0.0014748309
76.696 0.001444592719
76.698 0.001449187977
76.7 0.001462163335
76.702 0.001468258069
76.704 0.001454987215
76.706 0.001431245003
76.708 0.00145458145
76.71 0.001458878799
76.712 0.001463697741
76.714 0.001449554434
76.716 0.001460967708
76.718 0.001464421105
76.72 0.001430784857
76.722 0.00144897064
76.724 0.001452727573
76.726 0.001438332889
76.728 0.001449038635
76.73 0.001452227422
76.732 0.001454769924
76.734 0.001456743941
76.736 0.001458182172
76.738 0.001459164357
76.74 0.001459737543
76.742 0.001459951033
76.744 0.001459840769
76.746 0.001459435783
76.748 0.001458788841
76.75 0.001457911032
76.752 0.001456839377
76.754 0.001455600279
76.756 0.001454213739
76.758 0.001452703538
76.76 0.001451090769
76.762 0.001449387332
76.764 0.0014476129
76.766 0.001445779736
76.768 0.001443895766
76.77 0.001441970913
76.772 0.001440012933
76.774 0.001438031952
76.776 0.001436031239
76.778 0.001434017898
76.78 0.001431997264
76.782 0.001429971183
76.784 0.001427944839
76.786 0.001425916532
76.788 0.001423891877
76.79 0.001421870341
76.792 0.001419851918
76.794 0.001417840894
76.796 0.001415833803
76.798 0.001413835203
76.8 0.001411837739
76.802 0.001409847946
76.804 0.001407862482
76.806 0.001405880522
76.808 0.001403899218
76.81 0.001401922281
76.812 0.001399990838
76.814 0.001398046973
76.816 0.00140015318
76.818 0.001396143932
76.82 0.001398138578
76.822 0.00139790492
76.824 0.001397671661
76.826 0.00139710485
76.828 0.00139642367
76.83 0.00139555111
76.832 0.001394559876
76.834 0.001393436835
76.836 0.001392208438
76.838 0.001390888654
76.84 0.001389499239
76.842 0.001388053586
76.844 0.001386564615
76.846 0.001385033391
76.848 0.001383482387
76.85 0.001381893236
76.852 0.001380278542
76.854 0.001378659471
76.856 0.001377035771
76.858 0.001375411336
76.86 0.001373791697
76.862 0.001372180548
76.864 0.001370579066
76.866 0.001368993628
76.868 0.001367429142
76.87 0.001365881132
76.872 0.00136435391
76.874 0.001362851286
76.876 0.00136137889
76.878 0.001359923109
76.88 0.001358504911
76.882 0.001357105929
76.884 0.001355737449
76.886 0.001354405235
76.888 0.001353097513
76.89 0.001351824441
76.892 0.001350576895
76.894 0.001349361249
76.896 0.00134816037
76.898 0.001355969852
76.9 0.001364345606
76.902 0.001372092809
76.904 0.001379277705
76.906 0.001385934007
76.908 0.001392080741
76.91 0.001397752573
76.912 0.001402964852
76.914 0.001407757085
76.916 0.001412137435
76.918 0.001416145481
76.92 0.001419787444
76.922 0.001423099248
76.924 0.001426086893
76.926 0.001428781134
76.928 0.001431193352
76.93 0.001433328216
76.932 0.001435224731
76.934 0.001436886325
76.936 0.00143833368
76.938 0.001439570168
76.94 0.001440623188
76.942 0.00144149321
76.944 0.001442206168
76.946 0.001442759319
76.948 0.00144317777
76.95 0.001443459327
76.952 0.001443625447
76.954 0.001443678686
76.956 0.001443624213
76.958 0.001443447203
76.96 0.001443208309
76.962 0.001442893705
76.964 0.00144250906
76.966 0.001442071874
76.968 0.001441577383
76.97 0.001441040396
76.972 0.001394410529
76.974 0.001368716886
76.976 0.001345826168
76.978 0.001325525758
76.98 0.001307428002
76.982 0.001291343436
76.984 0.00127709855
76.986 0.001264552266
76.988 0.001253612892
76.99 0.001244172214
76.992 0.001236144015
76.994 0.00122946383
76.996 0.0012240448
76.998 0.00121983113
77 0.001216743573
77.002 0.001214734529
77.004 0.001213733239
77.006 0.001213677165
77.008 0.001214517574
77.01 0.001216194358
77.012 0.00121866974
77.014 0.001221884375
77.016 0.00122579274
77.018 0.001230359349
77.02 0.00123553456
77.022 0.001241309548
77.024 0.001247605906
77.026 0.001254414745
77.028 0.00126169351
77.03 0.001269414067
77.032 0.001277556286
77.034 0.001286080241
77.036 0.001294978395
77.038 0.001304215785
77.04 0.00131377009
77.042 0.001323630437
77.044 0.001333766634
77.046 0.001344153629
77.048 0.001354783824
77.05 0.001365710865
77.052 0.001376949916
77.054 0.001388437443
77.056 0.001400128193
77.058 0.001412006347
77.06 0.001424034576
77.062 0.001436203711
77.064 0.001448429405
77.066 0.001460725035
77.068 0.001473070803
77.07 0.001485427838
77.072 0.001497774853
77.074 0.001510108891
77.076 0.001522397247
77.078 0.001534614861
77.08 0.001546735075
77.082 0.001558724751
77.084 0.001570563199
77.086 0.00158224406
77.088 0.001595585459
77.09 0.0016079025
77.092 0.001619983311
77.094 0.00163185676
77.096 0.0016434389
77.098 0.001654900118
77.1 0.001665939203
77.102 0.001676611437
77.104 0.001686903903
77.106 0.001696798284
77.108 0.001706279487
77.11 0.001715349149
77.112 0.001723995868
77.114 0.001732211718
77.116 0.001740006443
77.118 0.00174737479
77.12 0.001754321534
77.122 0.001760845983
77.124 0.001766966189
77.126 0.001772708348
77.128 0.001778088787
77.13 0.001783116559
77.132 0.001787796845
77.134 0.001792137285
77.136 0.001796160431
77.138 0.001799874401
77.14 0.001803291628
77.142 0.001806427842
77.144 0.001809301196
77.146 0.001811904897
77.148 0.001814297651
77.15 0.001816455452
77.152 0.001818398627
77.154 0.001820169059
77.156 0.001821754447
77.158 0.001823168368
77.16 0.00182445907
77.162 0.001825589901
77.164 0.001826626314
77.166 0.001827564679
77.168 0.001828461991
77.17 0.001829296841
77.172 0.001830116103
77.174 0.001830884131
77.176 0.001831653252
77.178 0.001832387736
77.18 0.001833135539
77.182 0.001833865319
77.184 0.001834624485
77.186 0.001835374908
77.188 0.001836167641
77.19 0.001836951201
77.192 0.001837776086
77.194 0.001838630707
77.196 0.001839532691
77.198 0.001840447204
77.2 0.00184141106
77.202 0.001842413866
77.204 0.001843519122
77.206 0.001844642128
77.208 0.001845802101
77.21 0.001846999582
77.212 0.001848218602
77.214 0.001849471005
77.216 0.001850751711
77.218 0.001852064135
77.22 0.001853416483
77.222 0.001854135801
77.224 0.001855275502
77.226 0.001856487036
77.228 0.001857817102
77.23 0.001859238702
77.232 0.001860756766
77.234 0.001862233046
77.236 0.001863844798
77.238 0.001865535261
77.24 0.00186730019
77.242 0.001869132691
77.244 0.001871018942
77.246 0.001872954497
77.248 0.00187493704
77.25 0.001876952174
77.252 0.001878994242
77.254 0.001881056736
77.256 0.001883135141
77.258 0.001885224259
77.26 0.00188731566
77.262 0.001889451601
77.264 0.001891689919
77.266 0.001894031994
77.268 0.001896479101
77.27 0.001899029056
77.272 0.001901659362
77.274 0.001904315308
77.276 0.001906978311
77.278 0.001909640363
77.28 0.001912295566
77.282 0.002031787161
77.284 0.002017493796
77.286 0.002015296406
77.288 0.002009672702
77.29 0.002006487023
77.292 0.002002698943
77.294 0.001999712115
77.296 0.001996751786
77.298 0.00199415824
77.3 0.001991728103
77.302 0.001989539979
77.304 0.001987541568
77.306 0.001985739926
77.308 0.001984115386
77.31 0.001982668116
77.312 0.001981387761
77.314 0.001980269122
77.316 0.001979301817
77.318 0.001978476346
77.32 0.001977797847
77.322 0.001977254094
77.324 0.001976836928
77.326 0.001976553089
77.328 0.00197638557
77.33 0.001976333859
77.332 0.001976391768
77.334 0.00197655119
77.336 0.001976819016
77.338 0.001977184058
77.34 0.001977638939
77.342 0.001978193597
77.344 0.001978831527
77.346 0.001979558099
77.348 0.00198036844
77.35 0.001981256763
77.352 0.001982223914
77.354 0.001983264091
77.356 0.001984374069
77.358 0.001985556666
77.36 0.001986805514
77.362 0.001988119098
77.364 0.001989487206
77.366 0.001990916888
77.368 0.001992400467
77.37 0.001993936879
77.372 0.001995524261
77.374 0.001997170472
77.376 0.001998872909
77.378 0.002000603609
77.38 0.002002384736
77.382 0.002004201106
77.384 0.002006049477
77.386 0.002007936376
77.388 0.002009852707
77.39 0.002011795351
77.392 0.002013759271
77.394 0.00201575448
77.396 0.002017766123
77.398 0.002019801654
77.4 0.002021876702
77.402 0.002023964029
77.404 0.002026055134
77.406 0.002028158507
77.408 0.002030272581
77.41 0.002032389281
77.412 0.002034515073
77.414 0.002036639341
77.416 0.002038768422
77.418 0.002040897716
77.42 0.002043022467
77.422 0.002045147089
77.424 0.002047269263
77.426 0.002049382676
77.428 0.0020514887
77.43 0.00205359066
77.432 0.00203795034
77.434 0.002036132003
77.436 0.002036530085
77.438 0.002039601758
77.44 0.002044988309
77.442 0.002052356276
77.444 0.002061408337
77.446 0.002071893651
77.448 0.002083565866
77.45 0.002096237008
77.452 0.002109840406
77.454 0.002123991541
77.456 0.002138452818
77.458 0.002153041629
77.46 0.002167554291
77.462 0.002181816194
77.464 0.002195696637
77.466 0.002209057227
77.468 0.002221765073
77.47 0.002233768256
77.472 0.002244967157
77.474 0.00225531149
77.476 0.002264771107
77.478 0.002273314552
77.48 0.002280905122
77.482 0.002287564014
77.484 0.002293285254
77.486 0.002298068391
77.488 0.0023019638
77.49 0.002304989236
77.492 0.002307194709
77.494 0.002308610083
77.496 0.002309263602
77.498 0.002309198486
77.5 0.002308502275
77.502 0.002307202207
77.504 0.002305344772
77.506 0.002303017925
77.508 0.002300253648
77.51 0.002297100056
77.512 0.002293640025
77.514 0.002289894926
77.516 0.002285921633
77.518 0.002281791291
77.52 0.002277521632
77.522 0.002273164294
77.524 0.002268774128
77.526 0.002264524395
77.528 0.002260288067
77.53 0.002256125674
77.532 0.002252046177
77.534 0.002251464378
77.536 0.002249755224
77.538 0.002248048408
77.54 0.002246372995
77.542 0.002244881251
77.544 0.002243557848
77.546 0.002242323396
77.548 0.002241237929
77.55 0.002240276378
77.552 0.002239438324
77.554 0.002238731706
77.556 0.002238151679
77.558 0.002237680964
77.56 0.002237337273
77.562 0.002237102396
77.564 0.002236964274
77.566 0.002236935389
77.568 0.002236990993
77.57 0.002237146206
77.572 0.002237372742
77.574 0.002237670886
77.576 0.002238042511
77.578 0.002238471026
77.58 0.002238942865
77.582 0.002239480709
77.584 0.0022400494
77.586 0.002240645282
77.588 0.002241280129
77.59 0.002241936008
77.592 0.00224261657
77.594 0.002243313017
77.596 0.002244092072
77.598 0.002244821254
77.6 0.002245580259
77.602 0.002246301469
77.604 0.002247045132
77.606 0.002247753504
77.608 0.002248451853
77.61 0.002249134033
77.612 0.002249801424
77.614 0.002249782239
77.616 0.002250034812
77.618 0.00225028394
77.62 0.00225053457
77.622 0.00225079644
77.624 0.002251055336
77.626 0.002252173393
77.628 0.002254112041
77.63 0.002256165864
77.632 0.002258480288
77.634 0.002260929998
77.636 0.002263501831
77.638 0.002266127574
77.64 0.002268797242
77.642 0.002271434852
77.644 0.002274002491
77.646 0.002276467535
77.648 0.002278828863
77.65 0.002281046401
77.652 0.002283131363
77.654 0.002285089003
77.656 0.002286863163
77.658 0.002288485538
77.66 0.002289915253
77.662 0.002291186408
77.664 0.002292081921
77.666 0.002292804482
77.668 0.002293384064
77.67 0.002293797593
77.672 0.002294260244
77.674 0.002294593759
77.676 0.002294787818
77.678 0.002294895473
77.68 0.002294884363
77.682 0.002294807992
77.684 0.002294629122
77.686 0.002294391429
77.688 0.002294078791
77.69 0.002293686146
77.692 0.002293252693
77.694 0.00229276608
77.696 0.00229224541
77.698 0.00229169848
77.7 0.002291140089
77.702 0.002290577996
77.704 0.002290002282
77.706 0.002289449599
77.708 0.002288894732
77.71 0.002288380153
77.712 0.002287866685
77.714 0.002287408045
77.716 0.002286973115
77.718 0.002286572708
77.72 0.002286218602
77.722 0.002285905293
77.724 0.002285644467
77.726 0.002285426425
77.728 0.002285274492
77.73 0.002285155245
77.732 0.002285105434
77.734 0.002284998258
77.736 0.002284826582
77.738 0.002284643528
77.74 0.002284417684
77.742 0.002284216267
77.744 0.00228398574
77.746 0.002283758879
77.748 0.002283523303
77.75 0.002283306883
77.752 0.002283074592
77.754 0.002282868057
77.756 0.002282690245
77.758 0.002282477505
77.76 0.002282304634
77.762 0.002282126418
77.764 0.002281991176
77.766 0.002281847158
77.768 0.002281761479
77.77 0.002270598571
77.772 0.002276216677
77.774 0.002265378092
77.776 0.002271889079
77.778 0.002261524567
77.78 0.002268643418
77.782 0.002258744565
77.784 0.002266324238
77.786 0.002256802954
77.788 0.002264800465
77.79 0.002255635763
77.792 0.002252869974
77.794 0.002260882609
77.796 0.00225295126
77.798 0.002250660145
77.8 0.002248297211
77.802 0.002246634848
77.804 0.002256362441
77.806 0.002249600332
77.808 0.002248616086
77.81 0.002247287411
77.812 0.00224664721
77.814 0.002246109837
77.816 0.002245928504
77.818 0.002245925544
77.82 0.002246155001
77.822 0.002246574133
77.824 0.002247147721
77.826 0.002247854796
77.828 0.00224871519
77.83 0.002249680159
77.832 0.002250756833
77.834 0.002251933012
77.836 0.002253179193
77.838 0.002254470625
77.84 0.002255837406
77.842 0.002257208091
77.844 0.002258639915
77.846 0.0022600933
77.848 0.002261598374
77.85 0.002263072065
77.852 0.002264578521
77.854 0.002266074481
77.856 0.002267592922
77.858 0.002269081531
77.86 0.002270610804
77.862 0.002272065295
77.864 0.002273534567
77.866 0.002274953835
77.868 0.002276438443
77.87 0.002277843424
77.872 0.002279272712
77.874 0.002280597917
77.876 0.002281912122
77.878 0.002283172726
77.88 0.002284437113
77.882 0.002285647915
77.884 0.002286855043
77.886 0.002287980035
77.888 0.002289082854
77.89 0.00229012064
77.892 0.002291131214
77.894 0.00229207799
77.896 0.002292948855
77.898 0.002293748235
77.9 0.002294512229
77.902 0.002295196809
77.904 0.002297008221
77.906 0.002298223292
77.908 0.00229935533
77.91 0.002300403396
77.912 0.002301362201
77.914 0.002302271111
77.916 0.002303056576
77.918 0.002303778107
77.92 0.00230444023
77.922 0.002305014207
77.924 0.002305554068
77.926 0.002305959939
77.928 0.002306307844
77.93 0.002306561951
77.932 0.002306740736
77.934 0.002306876128
77.936 0.002306882311
77.938 0.002306845202
77.94 0.002306719065
77.942 0.002306546617
77.944 0.002306290035
77.946 0.002305973013
77.948 0.002305609961
77.95 0.002305184952
77.952 0.00230473793
77.954 0.002304225041
77.956 0.002303666847
77.958 0.002303079601
77.96 0.002302494895
77.962 0.002301830755
77.964 0.002301172738
77.966 0.0023004624
77.968 0.002299772979
77.97 0.002299041171
77.972 0.002298296661
77.974 0.002297537215
77.976 0.002296817713
77.978 0.00229604175
77.98 0.002295026343
77.982 0.002294145895
77.984 0.002293210795
77.986 0.002292318655
77.988 0.002291425214
77.99 0.002290579867
77.992 0.002289678839
77.994 0.002288880308
77.996 0.00228811117
77.998 0.002287403594
78 0.00228666499
78.002 0.002285952605
78.004 0.002285259438
78.006 0.002284627791
78.008 0.002283979873
78.01 0.002283374602
78.012 0.002282721012
78.014 0.00228220964
78.016 0.002281697268
78.018 0.00228120412
78.02 0.002280762729
78.022 0.002280308604
78.024 0.002279844443
78.026 0.002279401472
78.028 0.002278996123
78.03 0.002278584903
78.032 0.002278125483
78.034 0.002277797889
78.036 0.002277470739
78.038 0.002277158657
78.04 0.002276864411
78.042 0.002276609453
78.044 0.002276294688
78.046 0.002275997904
78.048 0.002274846441
78.05 0.002273376487
78.052 0.002271852121
78.054 0.002270296117
78.056 0.002268707192
78.058 0.002267086043
78.06 0.00226551186
78.062 0.002263918391
78.064 0.002262369781
78.066 0.002260873982
78.068 0.002259411712
78.07 0.002258027242
78.072 0.002256696566
78.074 0.00225543257
78.076 0.002254285985
78.078 0.002253250762
78.08 0.002252271485
78.082 0.002251356388
78.084 0.00225052856
78.086 0.002249741815
78.088 0.002246720408
78.09 0.002246246933
78.092 0.002246074863
78.094 0.002246545156
78.096 0.002247457014
78.098 0.00224865069
78.1 0.002250105605
78.102 0.00225176376
78.104 0.0022534842
78.106 0.002255310768
78.108 0.00225709989
78.11 0.00225887916
78.112 0.002260563927
78.114 0.002262213701
78.116 0.002263778652
78.118 0.00226522942
78.12 0.002266509357
78.122 0.002267680499
78.124 0.002268636262
78.126 0.002269448853
78.128 0.002270049708
78.13 0.002270535615
78.132 0.002270843151
78.134 0.002271106462
78.136 0.002271203145
78.138 0.002271386717
78.14 0.002270966337
78.142 0.002270623144
78.144 0.002270309306
78.146 0.00226945625
78.148 0.002268935502
78.15 0.002267822122
78.152 0.002266784323
78.154 0.002265937256
78.156 0.002264623071
78.158 0.002263672643
78.16 0.002262260113
78.162 0.002261210934
78.164 0.002259705867
78.166 0.002258570205
78.168 0.002257023481
78.17 0.002255831611
78.172 0.002254246008
78.174 0.002253062998
78.176 0.00225156338
78.178 0.002250396914
78.18 0.002248885136
78.182 0.002247708445
78.184 0.002246187981
78.186 0.002244995868
78.188 0.002243482346
78.19 0.002242303584
78.192 0.002240720392
78.194 0.002239632864
78.196 0.002238397489
78.198 0.002236944974
78.2 0.002235839971
78.202 0.002234646417
78.204 0.002233154248
78.206 0.002232066498
78.208 0.002230817086
78.21 0.002229597671
78.212 0.0022280354
78.214 0.002226966023
78.216 0.002225733311
78.218 0.00222429731
78.22 0.002223206797
78.222 0.002221979461
78.224 0.002220691167
78.226 0.002219423029
78.228 0.002217876702
78.23 0.002216686989
78.232 0.002215414609
78.234 0.002214117131
78.236 0.002212808679
78.238 0.002211467466
78.24 0.002209303347
78.242 0.00220713545
78.244 0.002205442105
78.246 0.002203687528
78.248 0.002201946326
78.25 0.002200232032
78.252 0.002198480556
78.254 0.002196768975
78.256 0.002195061006
78.258 0.002193384797
78.26 0.002191707239
78.262 0.002190098439
78.264 0.002189745008
78.266 0.002189155977
78.268 0.002188752185
78.27 0.002188431856
78.272 0.002188211036
78.274 0.002188060967
78.276 0.00218797333
78.278 0.002187993961
78.28 0.002188070314
78.282 0.002188185919
78.284 0.002188421578
78.286 0.002188706079
78.288 0.002189002244
78.29 0.002189359265
78.292 0.00218971253
78.294 0.002190467733
78.296 0.002191450592
78.298 0.002192535696
78.3 0.002193689135
78.302 0.002194856748
78.304 0.002195995564
78.306 0.002197138155
78.308 0.002214277182
78.31 0.002244195466
78.312 0.0022730015
78.314 0.002300746378
78.316 0.002327298206
78.318 0.002352547286
78.32 0.002376508573
78.322 0.002399102557
78.324 0.002420322981
78.326 0.002440164634
78.328 0.002458715087
78.33 0.002475955488
78.332 0.00249188717
78.334 0.002506651915
78.336 0.002520284296
78.338 0.002532785308
78.34 0.002544210539
78.342 0.00258718698
78.344 0.002614980676
78.346 0.002639809348
78.348 0.002661957839
78.35 0.002681501648
78.352 0.002698714159
78.354 0.002713705057
78.356 0.002726735401
78.358 0.002737973728
78.36 0.002747616798
78.362 0.0027557007
78.364 0.002762398781
78.366 0.002767546879
78.368 0.002771468897
78.37 0.002774280054
78.372 0.00277611108
78.374 0.002777120273
78.376 0.002777386662
78.378 0.00277702058
78.38 0.002776083851
78.382 0.002774661607
78.384 0.00277290779
78.386 0.002771020731
78.388 0.00276878383
78.39 0.002766314898
78.392 0.002763632828
78.394 0.002760742744
78.396 0.002757668555
78.398 0.002754499948
78.4 0.002751208663
78.402 0.002747832902
78.404 0.002630894514
78.406 0.00256533581
78.408 0.002504285095
78.41 0.002449899297
78.412 0.002400481721
78.414 0.002356490569
78.416 0.002317278435
78.418 0.002282787929
78.42 0.002252421355
78.422 0.002225975276
78.424 0.002203084321
78.426 0.002183518385
78.428 0.002166986887
78.43 0.00215332094
78.432 0.00214224129
78.434 0.002133555094
78.436 0.002127047942
78.438 0.002122524814
78.44 0.002119852465
78.442 0.00211879183
78.444 0.002119278954
78.446 0.002121184464
78.448 0.002124300352
78.45 0.002128527246
78.452 0.002133713407
78.454 0.002139732619
78.456 0.002146561892
78.458 0.002154049064
78.46 0.002169200418
78.462 0.002181078304
78.464 0.002193559671
78.466 0.002205943442
78.468 0.002218443414
78.47 0.002230743537
78.472 0.002242918846
78.474 0.002254947568
78.476 0.002266739035
78.478 0.002278222854
78.48 0.002289424989
78.482 0.00230025981
78.484 0.002310744241
78.486 0.002320821713
78.488 0.002330535906
78.49 0.002339822963
78.492 0.002348678124
78.494 0.002356834211
78.496 0.002364239571
78.498 0.002371008003
78.5 0.002377091949
78.502 0.002382461293
78.504 0.002387261422
78.506 0.002391486411
78.508 0.002395113499
78.51 0.00239817454
78.512 0.002400665058
78.514 0.002402644108
78.516 0.002404108874
78.518 0.002405098493
78.52 0.002405633589
78.522 0.002405725374
78.524 0.002405414007
78.526 0.002404743406
78.528 0.002403729998
78.53 0.002402379264
78.532 0.002400779461
78.534 0.002398907274
78.536 0.00239679277
78.538 0.002394437012
78.54 0.002391924916
78.542 0.002389155507
78.544 0.002386333567
78.546 0.002383378968
78.548 0.002380309634
78.55 0.0023771951
78.552 0.00237400808
78.554 0.002370749788
78.556 0.002367423217
78.558 0.002364112604
78.56 0.002360786265
78.562 0.002357519645
78.564 0.00235426798
78.566 0.002351018374
78.568 0.002347851222
78.57 0.00234472315
78.572 0.00234164932
78.574 0.002338616414
78.576 0.002335688892
78.578 0.003621838294
78.58 0.00233004449
78.582 0.002327347237
78.584 0.002324699844
78.586 0.002324812107
78.588 0.002321123717
78.59 0.002318558982
78.592 0.00231597619
78.594 0.002316195477
78.596 0.002312660265
78.598 0.002310249094
78.6 0.002310559161
78.602 0.002307058499
78.604 0.002304835062
78.606 0.003385558576
78.608 0.002302321198
78.61 0.002300182065
78.612 0.002301039868
78.614 0.002298075689
78.616 0.002298915254
78.618 0.002295917837
78.62 0.002296719553
78.622 0.002293713731
78.624 0.003233686391
78.626 0.002291475982
78.628 0.0022922689
78.63 0.00228922862
78.632 0.002290002125
78.634 0.002286980586
78.636 0.002287801308
78.638 0.003127704667
78.64 0.00228563091
78.642 0.002282633755
78.644 0.002283532741
78.646 0.002270574031
78.648 0.003022950869
78.65 0.002254159242
78.652 0.002248882571
78.654 0.002243671979
78.656 0.002236307573
78.658 0.002923879268
78.66 0.002229789252
78.662 0.002226691587
78.664 0.002224104073
78.666 0.002221922224
78.668 0.002844689579
78.67 0.00221721775
78.672 0.002216333382
78.674 0.002215693069
78.676 0.002829236485
78.678 0.002215196914
78.68 0.002215286569
78.682 0.002215547458
78.684 0.002822903128
78.686 0.002216510948
78.688 0.002217146512
78.69 0.002665668971
78.692 0.002218768405
78.694 0.002219697271
78.696 0.002220681559
78.698 0.002596456303
78.7 0.002222753884
78.702 0.002223870894
78.704 0.002516703932
78.706 0.002226110139
78.708 0.002227233274
78.71 0.002453252617
78.712 0.00222952368
78.714 0.002230659654
78.716 0.002396040065
78.718 0.002232882515
78.72 0.002233985106
78.722 0.002349740058
78.724 0.002236109676
78.726 0.002237116214
78.728 0.00231241652
78.73 0.002239087319
78.732 0.002343690757
78.734 0.002242293199
78.736 0.002244530474
78.738 0.002247072609
78.74 0.002249940152
78.742 0.0022530535
78.744 0.002256375745
78.746 0.002259874677
78.748 0.002263401922
78.75 0.002267065424
78.752 0.002270863139
78.754 0.002274675769
78.756 0.002278556787
78.758 0.002282413864
78.76 0.002286245449
78.762 0.002289991401
78.764 0.002293690636
78.766 0.002297255383
78.768 0.002300736294
78.77 0.002304050629
78.772 0.002307259532
78.774 0.002302955484
78.776 0.00237640341
78.778 0.002398823672
78.78 0.002537847284
78.782 0.002489541384
78.784 0.00265683445
78.786 0.002549794947
78.788 0.002743570295
78.79 0.002588043773
78.792 0.002806650015
78.794 0.002611418344
78.796 0.002852413928
78.798 0.002625301593
78.8 0.00240470436
78.802 0.002390631015
78.804 0.002248858995
78.806 0.002247533111
78.808 0.002246920509
78.81 0.002320015696
78.812 0.002248258253
78.814 0.002250053208
78.816 0.002339569052
78.818 0.002255864135
78.82 0.002380829321
78.822 0.002264246341
78.824 0.002269297869
78.826 0.002427831921
78.828 0.002280875126
78.83 0.002287330362
78.832 0.002505534221
78.834 0.00230127791
78.836 0.00261584827
78.838 0.002316361505
78.84 0.002324225706
78.842 0.002594449798
78.844 0.002340345315
78.846 0.00234853401
78.848 0.002623654876
78.85 0.002364995815
78.852 0.002373187814
78.854 0.002381369173
78.856 0.002800916774
78.858 0.002397468178
78.86 0.002405343572
78.862 0.002794592358
78.864 0.002420664125
78.866 0.002428045191
78.868 0.00243524193
78.87 0.002887954902
78.872 0.002449079679
78.874 0.002455667309
78.876 0.002462025858
78.878 0.003029180128
78.88 0.002474014575
78.882 0.002479623644
78.884 0.002485023993
78.886 0.002490163913
78.888 0.003073561694
78.89 0.002499677305
78.892 0.002504086399
78.894 0.002508211708
78.896 0.002512136699
78.898 0.00317665537
78.9 0.002519246133
78.902 0.00252252454
78.904 0.002525557745
78.906 0.002528375842
78.908 0.002530951803
78.91 0.002532587466
78.912 0.003341072818
78.914 0.002536747171
78.916 0.00253879944
78.918 0.002540802548
78.92 0.002542716671
78.922 0.002544593952
78.924 0.002546376313
78.926 0.002548065958
78.928 0.002549658957
78.93 0.003538941128
78.932 0.002552683732
78.934 0.002553962052
78.936 0.002555163772
78.938 0.002556184152
78.94 0.002557115416
78.942 0.002557881978
78.944 0.002558565505
78.946 0.002559090365
78.948 0.002559580638
78.95 0.002559937998
78.952 0.002560194886
78.954 0.002560357963
78.956 0.002560405031
78.958 0.002560404164
78.96 0.002560318306
78.962 0.002560169357
78.964 0.002559966431
78.966 0.002559684159
78.968 0.00255939224
78.97 0.002559027239
78.972 0.002558662377
78.974 0.002558233716
78.976 0.002557816439
78.978 0.002557369175
78.98 0.002556910124
78.982 0.002556440509
78.984 0.002555921937
78.986 0.002555444129
78.988 0.002554926349
78.99 0.002554459402
78.992 0.002553951674
78.994 0.002553501949
78.996 0.002553012382
78.998 0.00255257319
79 0.002552134428
79.002 0.002551708079
79.004 0.002551288015
79.006 0.002550880235
79.008 0.002550454415
79.01 0.002550075712
79.012 0.002549666288
79.014 0.002549304925
79.016 0.002548910005
79.018 0.002548556669
79.02 0.002548166563
79.022 0.002547814377
79.024 0.002547452273
79.026 0.002547086378
79.028 0.002546722258
79.03 0.002546274608
79.032 0.002545894819
79.034 0.00254550836
79.036 0.002545094597
79.038 0.002544713353
79.04 0.002544295029
79.042 0.002543906492
79.044 0.002542861729
79.046 0.002542430724
79.048 0.002542054152
79.05 0.002541770704
79.052 0.002539218082
79.054 0.002537233403
79.056 0.002535176022
79.058 0.002533068872
79.06 0.002530919198
79.062 0.002528805622
79.064 0.002526665977
79.066 0.002524581111
79.068 0.0025224872
79.07 0.002520460556
79.072 0.002518431858
79.074 0.002516469352
79.076 0.002514539762
79.078 0.002512636756
79.08 0.00251073114
79.082 0.002508791399
79.084 0.002506958811
79.086 0.002505168689
79.088 0.002503375963
79.09 0.002501653275
79.092 0.002499931748
79.094 0.002498237727
79.096 0.0024965304
79.098 0.002494833892
79.1 0.002493113666
79.102 0.002491366283
79.104 0.002489694808
79.106 0.002488338319
79.108 0.002487298037
79.11 0.002486506283
79.112 0.002486054043
79.114 0.002485782104
79.116 0.002485787567
79.118 0.002485968988
79.12 0.002486408923
79.122 0.002487044728
79.124 0.002488147988
79.126 0.002489532378
79.128 0.002491257858
79.13 0.002493217801
79.132 0.002495467975
79.134 0.002497939012
79.136 0.002500620547
79.138 0.00250345105
79.14 0.002506483445
79.142 0.002509664959
79.144 0.002512940537
79.146 0.002516300807
79.148 0.002523457935
79.15 0.002529375363
79.152 0.002535142613
79.154 0.002540915655
79.156 0.002546559635
79.158 0.0025520422
79.16 0.002557303019
79.162 0.002562429733
79.164 0.002567257409
79.166 0.00257185812
79.168 0.002576192725
79.17 0.002580266678
79.172 0.002583943477
79.174 0.0025874359
79.176 0.002590647548
79.178 0.002593645735
79.18 0.002596508073
79.182 0.002599313986
79.184 0.002602105009
79.186 0.00260483633
79.188 0.002607541308
79.19 0.002610186468
79.192 0.002612856647
79.194 0.002615494368
79.196 0.002618098562
79.198 0.002611687489
79.2 0.002613307375
79.202 0.002616457858
79.204 0.002621353658
79.206 0.002627438183
79.208 0.002634508197
79.21 0.002642321426
79.212 0.002650544339
79.214 0.00265870748
79.216 0.002666704637
79.218 0.002674458043
79.22 0.002681824235
79.222 0.002688697685
79.224 0.002694990574
79.226 0.002700694987
79.228 0.00270569014
79.23 0.002710030145
79.232 0.00271358129
79.234 0.002716284098
79.236 0.002718227101
79.238 0.00271940498
79.24 0.002754534263
79.242 0.002779534262
79.244 0.002804703765
79.246 0.002828869549
79.248 0.002852120039
79.25 0.002873920273
79.252 0.002894122256
79.254 0.002907774633
79.256 0.002919579714
79.258 0.002929011765
79.26 0.002936004144
79.262 0.002940755831
79.264 0.002943441499
79.266 0.002944169549
79.268 0.002943070599
79.27 0.002940340246
79.272 0.002936054301
79.274 0.002930606529
79.276 0.002923775665
79.278 0.002915853372
79.28 0.002906922652
79.282 0.00289709098
79.284 0.002886455829
79.286 0.002875067357
79.288 0.002863170567
79.29 0.002850879152
79.292 0.002838185608
79.294 0.002825256549
79.296 0.002812088165
79.298 0.00279880526
79.3 0.00278545185
79.302 0.002772073078
79.304 0.002758712471
79.306 0.002738205813
79.308 0.002720566422
79.31 0.002703240552
79.312 0.002686520734
79.314 0.002670338912
79.316 0.002654855721
79.318 0.00263368279
79.32 0.002615668671
79.322 0.002598537715
79.324 0.002582406606
79.326 0.002567359638
79.328 0.002553333319
79.33 0.002540387339
79.332 0.00252845867
79.334 0.00251753539
79.336 0.002507565125
79.338 0.002498507183
79.34 0.002490307793
79.342 0.002482954835
79.344 0.002476319055
79.346 0.002470434581
79.348 0.002465184737
79.35 0.002460498384
79.352 0.002456400399
79.354 0.002452739418
79.356 0.002449554095
79.358 0.002446753897
79.36 0.002444356585
79.362 0.002442390821
79.364 0.00244061093
79.366 0.002439048311
79.368 0.002437654285
79.37 0.00243636978
79.372 0.002435239161
79.374 0.00243416314
79.376 0.002433187636
79.378 0.002432249813
79.38 0.002431329275
79.382 0.002430434606
79.384 0.002429504845
79.386 0.002428540452
79.388 0.002427481956
79.39 0.002426390579
79.392 0.002425185354
79.394 0.002422431775
79.396 0.002419778147
79.398 0.002416974642
79.4 0.002413952072
79.402 0.002410692602
79.404 0.002406309649
79.406 0.002401949001
79.408 0.002397353181
79.41 0.002392542746
79.412 0.002387503613
79.414 0.00238233489
79.416 0.002376959925
79.418 0.002371487625
79.42 0.002365854934
79.422 0.002360147608
79.424 0.002354343925
79.426 0.002348465196
79.428 0.00234252066
79.43 0.002336532221
79.432 0.002330481279
79.434 0.002324445819
79.436 0.002318355575
79.438 0.002312311782
79.44 0.002306252108
79.442 0.002300211185
79.444 0.002294199181
79.446 0.002288177251
79.448 0.002282240507
79.45 0.002276299046
79.452 0.002270446964
79.454 0.002264604568
79.456 0.002258854304
79.458 0.00225314891
79.46 0.002247511671
79.462 0.002241930888
79.464 0.002236419996
79.466 0.002230951269
79.468 0.002225589997
79.47 0.002220290072
79.472 0.002215074064
79.474 0.002209895676
79.476 0.002204842534
79.478 0.002199821891
79.48 0.002194924645
79.482 0.002190070939
79.484 0.00218533952
79.486 0.002180678451
79.488 0.00217610978
79.49 0.002171621677
79.492 0.002167187167
79.494 0.002162887213
79.496 0.002158620396
79.498 0.002154485594
79.5 0.002150437676
79.502 0.002146459682
79.504 0.002142563594
79.506 0.002138720194
79.508 0.00213499074
79.51 0.002131336113
79.512 0.002127748817
79.514 0.002124213345
79.516 0.002120738246
79.518 0.002117374705
79.52 0.002113293442
79.522 0.00210944613
79.524 0.002105562731
79.526 0.002101711167
79.528 0.002103135506
79.53 0.002098625245
79.532 0.002092610229
79.534 0.002085087443
79.536 0.002076510637
79.538 0.00205548028
79.54 0.002037491012
79.542 0.002019262548
79.544 0.002001234561
79.546 0.001983621125
79.548 0.001966688366
79.55 0.001950618405
79.552 0.001935525243
79.554 0.001921603702
79.556 0.001908879133
79.558 0.001898218366
79.56 0.001888557741
79.562 0.001879903922
79.564 0.001872714507
79.566 0.001866691351
79.568 0.001861581406
79.57 0.001857976824
79.572 0.001855175105
79.574 0.001853699869
79.576 0.001852918511
79.578 0.001853341516
79.58 0.001854253504
79.582 0.001856202928
79.584 0.001858537403
79.586 0.001861501314
79.588 0.001865259553
79.59 0.001869100531
79.592 0.001873379203
79.594 0.001878191049
79.596 0.001882874045
79.598 0.001887788726
79.6 0.001892764707
79.602 0.001898071911
79.604 0.001902935753
79.606 0.001907878372
79.608 0.001912688886
79.61 0.001917342301
79.612 0.001921815175
79.614 0.001926057956
79.616 0.00193009169
79.618 0.001933786185
79.62 0.001937242652
79.622 0.001940375417
79.624 0.001943185222
79.626 0.001945649961
79.628 0.001947814432
79.63 0.001949613972
79.632 0.00195112522
79.634 0.001952297856
79.636 0.001953153323
79.638 0.001953679075
79.64 0.001953942936
79.642 0.001953916671
79.644 0.001953623167
79.646 0.001953078573
79.648 0.001952288499
79.65 0.001951300599
79.652 0.001950062501
79.654 0.001948698041
79.656 0.001947147875
79.658 0.00194545397
79.66 0.001943600773
79.662 0.001941677635
79.664 0.001939645899
79.666 0.001937547355
79.668 0.001935347607
79.67 0.001933144969
79.672 0.001930903095
79.674 0.001928629969
79.676 0.001926370884
79.678 0.001924066271
79.68 0.001921818443
79.682 0.001919592641
79.684 0.001917395482
79.686 0.001915222541
79.688 0.001913110022
79.69 0.001911008286
79.692 0.00190899731
79.694 0.001907029781
79.696 0.001905173354
79.698 0.001903377463
79.7 0.001901709793
79.702 0.001900135942
79.704 0.001898648707
79.706 0.00189722482
79.708 0.001895925533
79.71 0.001894717685
79.712 0.001893595633
79.714 0.001892521311
79.716 0.001891556368
79.718 0.001890613276
79.72 0.001889489149
79.722 0.001922040188
79.724 0.001943602152
79.726 0.001965275233
79.728 0.001986409873
79.73 0.002006926403
79.732 0.002026556755
79.734 0.002045202609
79.736 0.002062786035
79.738 0.002079234705
79.74 0.002094496608
79.742 0.002108542892
79.744 0.002121429525
79.746 0.002133146424
79.748 0.00214371687
79.75 0.002153194901
79.752 0.002161610824
79.754 0.002169034015
79.756 0.002175528896
79.758 0.002181112047
79.76 0.002185927068
79.762 0.002189977575
79.764 0.00219333779
79.766 0.002196042335
79.768 0.002198227806
79.77 0.002200664313
79.772 0.00220244622
79.774 0.002203878562
79.776 0.002204947147
79.778 0.002205653288
79.78 0.002206087546
79.782 0.002206229191
79.784 0.002206327595
79.786 0.002206162619
79.788 0.002205808897
79.79 0.002205288569
79.792 0.002204607644
79.794 0.002203814169
79.796 0.002202908995
79.798 0.002201912462
79.8 0.00220080233
79.802 0.002199694417
79.804 0.002198591686
79.806 0.00219745938
79.808 0.002196315942
79.81 0.002195190912
79.812 0.002194173684
79.814 0.002193222785
79.816 0.002191982951
79.818 0.002190444629
79.82 0.002188466186
79.822 0.002186040117
79.824 0.002183137378
79.826 0.002179780022
79.828 0.002175961923
79.83 0.002171683307
79.832 0.002167125007
79.834 0.002162290066
79.836 0.002157219107
79.838 0.002151963605
79.84 0.002146542892
79.842 0.002141083837
79.844 0.002135567214
79.846 0.002130060986
79.848 0.002124583515
79.85 0.00211916955
79.852 0.002113876885
79.854 0.002108715599
79.856 0.002103717454
79.858 0.002098874932
79.86 0.002094272659
79.862 0.002089881984
79.864 0.002085727116
79.866 0.002081800812
79.868 0.002078123488
79.87 0.002074690746
79.872 0.002071505175
79.874 0.002068570703
79.876 0.002065884032
79.878 0.002063439635
79.88 0.002061229565
79.882 0.00205925408
79.884 0.002057469729
79.886 0.002055944631
79.888 0.002054611415
79.89 0.002053270985
79.892 0.002052206298
79.894 0.002051306789
79.896 0.00205057517
79.898 0.00205001376
79.9 0.002049605995
79.902 0.002049340224
79.904 0.002049219407
79.906 0.00204921804
79.908 0.002049328158
79.91 0.002049529944
79.912 0.002049835109
79.914 0.002050115357
79.916 0.00205055572
79.918 0.002051250353
79.92 0.002052266602
79.922 0.002053653715
79.924 0.002055418341
79.926 0.002057587861
79.928 0.00206015154
79.93 0.002063110086
79.932 0.00206643722
79.934 0.002070122035
79.936 0.002074129689
79.938 0.002078438805
79.94 0.002083016472
79.942 0.002087833993
79.944 0.002092858977
79.946 0.002098058805
79.948 0.00210341181
79.95 0.00210887953
79.952 0.002114443551
79.954 0.002120068578
79.956 0.002125737661
79.958 0.002131427905
79.96 0.002137123048
79.962 0.002142798097
79.964 0.002148444647
79.966 0.002154041906
79.968 0.00215958177
79.97 0.002165054465
79.972 0.002170447694
79.974 0.002175758883
79.976 0.002180975931
79.978 0.002186101495
79.98 0.002191123565
79.982 0.002196049038
79.984 0.002200867231
79.986 0.00220558442
79.988 0.002209017638
79.99 0.002212968905
79.992 0.002216887703
79.994 0.002220823506
79.996 0.00222474795
79.998 0.002228672423
80 0.002232591492
