0.002 -5.513501009e-06
0.004 -1.854119508e-05
0.006 -3.890513096e-05
0.008 -6.521322064e-05
0.01 -9.740474535e-05
0.012 -0.0001348360163
0.014 -0.0001774987583
0.016 -0.0002250404991
0.018 -0.0002774625484
0.02 -0.0003345386889
0.022 -0.0003962621815
0.024 -0.0004624675616
0.026 -0.0005331346627
0.028 -0.0006081298083
0.03 -0.0006874189908
0.032 -0.0007708860005
0.034 -0.0008584842673
0.036 -0.0009501072361
0.038 -0.001045697453
0.04 -0.001145153445
0.042 -0.001248408497
0.044 -0.001355363437
0.046 -0.001465943726
0.048 -0.001580050798
0.05 -0.001697603538
0.052 -0.001818502981
0.054 -0.001942662518
0.056 -0.00206998225
0.058 -0.002200371021
0.06 -0.002333727779
0.062 -0.002469957671
0.064 -0.002608958486
0.066 -0.002750632444
0.068 -0.002894876326
0.07 -0.003041590123
0.072 -0.00319066986
0.074 -0.003342013949
0.076 -0.003495517974
0.078 -0.003651079367
0.08 -0.003808593627
0.082 -0.003967957768
0.084 -0.004129067572
0.086 -0.004291820152
0.088 -0.004456111956
0.09 -0.004621840669
0.092 -0.004788903773
0.094 -0.004957199964
0.096 -0.005126628109
0.098 -0.005297088307
0.1 -0.005468481144
0.102 -0.005640708482
0.104 -0.005813672923
0.106 -0.005987278424
0.108 -0.006161429867
0.11 -0.006336033543
0.112 -0.006510996873
0.114 -0.006686228752
0.116 -0.006861639344
0.118 -0.007037140339
0.12 -0.007212644819
0.122 -0.007388067444
0.124 -0.007563324357
0.126 -0.007738333328
0.128 -0.00791301368
0.13 -0.008087286402
0.132 -0.008261074094
0.134 -0.008434301048
0.136 -0.008606893209
0.138 -0.008778778237
0.14 -0.008949885474
0.142 -0.009120145991
0.144 -0.009289492562
0.146 -0.009457859695
0.148 -0.009625183616
0.15 -0.009791402289
0.152 -0.009956455401
0.154 -0.01012028437
0.156 -0.01028283236
0.158 -0.01044404423
0.16 -0.01060386659
0.162 -0.01076224777
0.164 -0.01091913781
0.166 -0.01107448849
0.168 -0.01122825326
0.17 -0.01138038733
0.172 -0.01153084757
0.174 -0.01167959258
0.176 -0.01182658263
0.178 -0.01197177971
0.18 -0.01211514748
0.182 -0.01225665125
0.184 -0.01239625806
0.186 -0.01253393658
0.188 -0.01266965716
0.19 -0.01280339181
0.192 -0.01293511417
0.194 -0.01306479955
0.196 -0.01319242489
0.198 -0.01331796876
0.2 -0.01344141135
0.202 -0.01356273448
0.204 -0.01368192156
0.206 -0.01379895761
0.208 -0.01391382922
0.21 -0.01402652458
0.212 -0.01413703342
0.214 -0.01424534704
0.216 -0.01435145827
0.218 -0.01445536146
0.22 -0.01455705249
0.222 -0.0146565287
0.224 -0.01475378894
0.226 -0.01484883349
0.228 -0.01494166408
0.23 -0.01503245486
0.232 -0.01512100518
0.234 -0.01520732166
0.236 -0.01529155789
0.238 -0.01537355467
0.24 -0.01545332013
0.242 -0.01553084528
0.244 -0.01560638062
0.246 -0.01567971522
0.248 -0.01575107301
0.25 -0.01582020512
0.252 -0.01588718532
0.254 -0.01595199414
0.256 -0.01601492284
0.258 -0.01607574702
0.26 -0.01613471705
0.262 -0.01619156997
0.264 -0.01624639105
0.266 -0.01629937929
0.268 -0.01635037542
0.27 -0.01639962526
0.272 -0.01644687238
0.274 -0.01649220611
0.276 -0.01653584357
0.278 -0.01657761906
0.28 -0.01661779464
0.282 -0.01665610236
0.284 -0.01669287455
0.286 -0.01672781853
0.288 -0.01676104875
0.29 -0.01679279593
0.292 -0.01682288853
0.294 -0.01685160731
0.296 -0.01687866785
0.298 -0.01690442533
0.3 -0.01692856802
0.302 -0.01695147441
0.304 -0.01697282315
0.306 -0.01699300322
0.308 -0.01701168704
0.31 -0.01702927057
0.312 -0.01704542048
0.314 -0.01706053858
0.316 -0.01707428579
0.318 -0.01708706921
0.32 -0.01709854396
0.322 -0.0171091221
0.324 -0.01711845289
0.326 -0.01712695306
0.328 -0.01713454822
0.33 -0.01714103686
0.332 -0.01714668422
0.334 -0.01715123086
0.336 -0.01715507389
0.338 -0.01715786823
0.34 -0.01716004068
0.342 -0.01716122032
0.344 -0.01716184231
0.346 -0.01716182269
0.348 -0.01716094319
0.35 -0.01715947664
0.352 -0.01715714353
0.354 -0.01715435468
0.356 -0.01715074012
0.358 -0.01714674087
0.36 -0.01714226914
0.362 -0.01713709209
0.364 -0.01713148753
0.366 -0.01712516
0.368 -0.01711852853
0.37 -0.01711152063
0.372 -0.01710388841
0.374 -0.01709591694
0.376 -0.01708761922
0.378 -0.01707871418
0.38 -0.01706951017
0.382 -0.01705968839
0.384 -0.01704968207
0.386 -0.01703940779
0.388 -0.01702860413
0.39 -0.01701755736
0.392 -0.01700594342
0.394 -0.0169941926
0.396 -0.01698221563
0.398 -0.01697007365
0.4 -0.01695731795
0.402 -0.01694435231
0.404 -0.01693080573
0.406 -0.0169171411
0.408 -0.01690325573
0.41 -0.01688887444
0.412 -0.01687428239
0.414 -0.01685947705
0.416 -0.01684414083
0.418 -0.01682858372
0.42 -0.01681244899
0.422 -0.01679617863
0.424 -0.01677966593
0.426 -0.01676296333
0.428 -0.01674559159
0.43 -0.01672795821
0.432 -0.01670966603
0.434 -0.01669118349
0.436 -0.01667239227
0.438 -0.01665334764
0.44 -0.01663355858
0.442 -0.01661343577
0.444 -0.0165925727
0.446 -0.01657144064
0.448 -0.016549916
0.45 -0.01652769467
0.452 -0.01650506077
0.454 -0.0164819969
0.456 -0.01645815658
0.458 -0.01643385018
0.46 -0.01640905169
0.462 -0.01638341744
0.464 -0.01635725782
0.466 -0.01633054679
0.468 -0.01630293821
0.47 -0.01627474335
0.472 -0.01624593577
0.474 -0.01621616642
0.476 -0.01618574816
0.478 -0.01615465362
0.48 -0.01612253174
0.482 -0.01608969655
0.484 -0.01605575228
0.486 -0.01602115649
0.488 -0.01598578107
0.49 -0.01594966889
0.492 -0.01591229593
0.494 -0.01587408543
0.496 -0.01583460343
0.498 -0.01579433955
0.5 -0.01575315886
0.502 -0.01571111264
0.504 -0.01566767153
0.506 -0.01562326684
0.508 -0.01557746156
0.51 -0.01553075314
0.512 -0.01548300739
0.514 -0.01543389968
0.516 -0.01538373116
0.518 -0.0153324838
0.52 -0.01527979103
0.522 -0.01522598496
0.524 -0.01517065906
0.526 -0.01511429484
0.528 -0.01505676625
0.53 -0.01499812544
0.532 -0.01493783679
0.534 -0.0148763489
0.536 -0.01481322066
0.538 -0.01474897094
0.54 -0.01468308199
0.542 -0.01461608445
0.544 -0.01454782856
0.546 -0.01447838001
0.548 -0.01440719344
0.55 -0.01433473204
0.552 -0.01426055204
0.554 -0.01418518741
0.556 -0.01410811811
0.558 -0.01402989034
0.56 -0.0139503589
0.562 -0.01386919996
0.564 -0.01378674151
0.566 -0.01370298226
0.568 -0.01361755444
0.57 -0.01353082602
0.572 -0.01344238931
0.574 -0.01335277045
0.576 -0.01326185774
0.578 -0.0131693225
0.58 -0.0130755135
0.582 -0.01298003006
0.584 -0.01288340204
0.586 -0.01278552169
0.588 -0.01268606002
0.59 -0.01258537378
0.592 -0.01248306247
0.594 -0.01237966582
0.596 -0.01227466731
0.598 -0.01216864669
0.6 -0.01206147186
0.602 -0.01195282109
0.604 -0.01184305523
0.606 -0.01173177428
0.608 -0.01161953033
0.61 -0.01150622325
0.612 -0.01139152512
0.614 -0.01127581217
0.616 -0.01115868335
0.618 -0.01104070232
0.62 -0.0109213488
0.622 -0.01080122705
0.624 -0.01068021077
0.626 -0.01055797918
0.628 -0.01043491105
0.63 -0.01031060494
0.632 -0.01018563506
0.634 -0.01005947778
0.636 -0.009932749543
0.638 -0.009805325826
0.64 -0.009676885304
0.642 -0.009547815131
0.644 -0.009417712057
0.646 -0.009287160922
0.648 -0.009155634395
0.65 -0.00902375959
0.652 -0.008891413052
0.654 -0.008758271868
0.656 -0.008624730198
0.658 -0.008490381943
0.66 -0.008355820834
0.662 -0.008220514948
0.664 -0.008085100159
0.666 -0.007949011803
0.668 -0.007812895133
0.67 -0.00767661787
0.672 -0.007539854738
0.674 -0.007403003768
0.676 -0.007265653955
0.678 -0.007128406589
0.68 -0.006990722785
0.682 -0.00685324618
0.684 -0.006715404614
0.686 -0.006577850466
0.688 -0.00644044875
0.69 -0.006302869689
0.692 -0.006165514046
0.694 -0.006027965116
0.696 -0.00589082847
0.698 -0.00575355797
0.7 -0.005616801177
0.702 -0.005479978256
0.704 -0.005343744772
0.706 -0.00520751079
0.708 -0.005071933021
0.71 -0.004936417596
0.712 -0.004801621072
0.714 -0.00466739932
0.716 -0.004533414026
0.718 -0.004400064074
0.72 -0.004266923142
0.722 -0.004134596795
0.724 -0.004002528146
0.726 -0.003871364181
0.728 -0.003740514245
0.73 -0.003610632381
0.732 -0.003481118067
0.734 -0.003352625445
0.736 -0.00322455036
0.738 -0.003097545783
0.74 -0.002971005674
0.742 -0.00284558164
0.744 -0.002720666287
0.746 -0.002596909819
0.748 -0.002474157423
0.75 -0.002352059834
0.752 -0.002230553347
0.754 -0.00211019856
0.756 -0.001991046395
0.758 -0.001872615735
0.76 -0.001755335984
0.762 -0.001638735431
0.764 -0.001522962528
0.766 -0.001408435399
0.768 -0.001295244354
0.77 -0.001182871031
0.772 -0.001071747803
0.774 -0.0009613915599
0.776 -0.0008523993557
0.778 -0.0007441887532
0.78 -0.0006373892986
0.782 -0.0005313938471
0.784 -0.0004268366401
0.786 -0.00032310398
0.788 -0.0002208291936
0.79 -0.0001193967423
0.792 -1.943799307e-05
0.794 7.966310273e-05
0.796 0.0001772773159
0.798 0.0002740206775
0.8 0.0003692660338
0.802 0.0004636293022
0.804 0.0005569326759
0.806 0.0006488083463
0.808 0.0007391708866
0.81 0.0008285501744
0.812 0.000916975807
0.814 0.001003955275
0.816 0.001089891442
0.818 0.001174303821
0.82 0.001257765611
0.822 0.001339694306
0.824 0.001420697303
0.826 0.001500168314
0.828 0.001578720504
0.83 0.001655742841
0.832 0.001731848542
0.834 0.001806426687
0.836 0.001880089509
0.838 0.001952227478
0.84 0.002023451703
0.842 0.002093593232
0.844 0.002162297167
0.846 0.002229922805
0.848 0.002296032329
0.85 0.002361185823
0.852 0.002424821492
0.854 0.002487539248
0.856 0.002548747562
0.858 0.002609052702
0.86 0.002667856522
0.862 0.002725765003
0.864 0.002782613003
0.866 0.002838051671
0.868 0.002892437032
0.87 0.002945337893
0.872 0.002997308355
0.874 0.003047794311
0.876 0.003097389038
0.878 0.00314593917
0.88 0.003193097763
0.882 0.003239221072
0.884 0.003283881444
0.886 0.003327629606
0.888 0.00336991573
0.89 0.003411328861
0.892 0.003451289335
0.894 0.003490392211
0.896 0.003528477448
0.898 0.003565201453
0.9 0.003600915201
0.902 0.003635193813
0.904 0.003668582674
0.906 0.003700960472
0.908 0.003731976657
0.91 0.00376199042
0.912 0.003790577582
0.914 0.003818283559
0.916 0.003844564254
0.918 0.003870001528
0.92 0.003894444427
0.922 0.003917550536
0.924 0.003939669353
0.926 0.003960378666
0.928 0.003980219169
0.93 0.003999069862
0.932 0.004016581792
0.934 0.004033110885
0.936 0.004048234788
0.938 0.004062494521
0.94 0.004075348308
0.942 0.004087373727
0.944 0.004098419862
0.946 0.004108144913
0.948 0.004116896068
0.95 0.004124251865
0.952 0.00413075013
0.954 0.004136269622
0.956 0.004140461401
0.958 0.004143679995
0.96 0.004145503008
0.962 0.004146469984
0.964 0.004146459865
0.966 0.004145123654
0.968 0.004142816436
0.97 0.004139115206
0.972 0.004134560265
0.974 0.0041290303
0.976 0.004122175809
0.978 0.004114352477
0.98 0.004105136511
0.982 0.004095069368
0.984 0.004084029666
0.986 0.004071666888
0.988 0.004058338057
0.99 0.004043618064
0.992 0.004028050448
0.994 0.004011513668
0.996 0.003993656024
0.998 0.003974836393
1 0.003954628028
1.002 0.003933577398
1.004 0.003911136505
1.006 0.003887890416
1.008 0.003863687062
1.01 0.003838179137
1.012 0.003811721197
1.014 0.003783884344
1.016 0.003755218323
1.018 0.003725601145
1.02 0.003694676524
1.022 0.003662810237
1.024 0.003629570061
1.026 0.00359551272
1.028 0.003560516472
1.03 0.003524223281
1.032 0.003487003326
1.034 0.003448421498
1.036 0.003409040658
1.038 0.003368301154
1.04 0.003326806503
1.042 0.003284403765
1.044 0.003240738296
1.046 0.003196178734
1.048 0.003150286094
1.05 0.003103630683
1.052 0.003055646074
1.054 0.003006945945
1.056 0.002957376704
1.058 0.002906579566
1.06 0.002854930962
1.062 0.002801986438
1.064 0.002748327666
1.066 0.002693380535
1.068 0.002637771226
1.07 0.002581345672
1.072 0.002523740443
1.074 0.002465341134
1.076 0.002405696981
1.078 0.002345402786
1.08 0.002283875572
1.082 0.002221755823
1.084 0.002158888781
1.086 0.002094905803
1.088 0.002030202665
1.09 0.001964321496
1.092 0.001897871707
1.094 0.00183026034
1.096 0.001762143721
1.098 0.001692892524
1.1 0.001623175602
1.102 0.001552828267
1.104 0.001481475063
1.106 0.001409523917
1.108 0.001336506298
1.11 0.001263051815
1.112 0.001188552657
1.114 0.001113687484
1.116 0.001037810807
1.118 0.0009616146047
1.12 0.0008844406321
1.122 0.0008069872128
1.124 0.0007290846409
1.126 0.0006503462355
1.128 0.0005711985116
1.13 0.000491157794
1.132 0.0004108813781
1.134 0.0003297407084
1.136 0.0002484443602
1.138 0.0001663242891
1.14 8.410313268e-05
1.142 1.099193357e-06
1.144 -8.195813356e-05
1.146 -0.000165757563
1.148 -0.0002495641258
1.15 -0.0003340717644
1.152 -0.0004185400761
1.154 -0.0005031451254
1.156 -0.0005882925756
1.158 -0.0006740549624
1.16 -0.0007597802282
1.162 -0.0008454062771
1.164 -0.0009314943972
1.166 -0.001017534269
1.168 -0.001104079063
1.17 -0.001190410752
1.172 -0.001277210701
1.174 -0.001363713843
1.176 -0.001450637313
1.178 -0.001537202431
1.18 -0.00162413967
1.182 -0.001710663389
1.184 -0.001797511718
1.186 -0.001883893191
1.188 -0.001970552147
1.19 -0.002056691388
1.192 -0.002143061145
1.194 -0.002228858424
1.196 -0.002314839355
1.198 -0.00240019509
1.2 -0.002485687752
1.202 -0.002570502607
1.204 -0.002655407882
1.206 -0.002739582947
1.208 -0.002823802259
1.21 -0.002907239288
1.212 -0.002990674812
1.214 -0.003073276417
1.216 -0.003155831322
1.218 -0.003237501245
1.22 -0.003319079946
1.222 -0.003399723295
1.224 -0.003480231679
1.226 -0.003559755145
1.228 -0.003639100813
1.23 -0.003717412936
1.232 -0.003795505438
1.234 -0.003872516805
1.236 -0.003949267851
1.238 -0.004024891327
1.24 -0.00410021501
1.242 -0.004174365951
1.244 -0.00424817896
1.246 -0.004320775417
1.248 -0.004392997234
1.25 -0.004463960155
1.252 -0.004534513255
1.254 -0.004603766674
1.256 -0.004672576708
1.258 -0.004740047922
1.26 -0.004807043885
1.262 -0.004872663624
1.264 -0.004937778029
1.266 -0.005001480616
1.268 -0.005064649628
1.27 -0.005126373109
1.272 -0.0051875367
1.274 -0.005247222998
1.276 -0.005306325074
1.278 -0.005363920097
1.28 -0.005420908593
1.282 -0.005476362335
1.284 -0.005531189324
1.286 -0.005584455965
1.288 -0.005637077752
1.29 -0.005688115737
1.292 -0.005738492923
1.294 -0.005787265031
1.296 -0.005835362569
1.298 -0.005881835932
1.3 -0.005927623152
1.302 -0.005971769334
1.304 -0.006015220011
1.306 -0.006057015008
1.308 -0.006098107345
1.31 -0.00613753158
1.312 -0.006176248211
1.314 -0.006213286534
1.316 -0.006249614504
1.318 -0.00628425616
1.32 -0.006318186893
1.322 -0.006351136478
1.324 -0.006382521794
1.326 -0.006412213851
1.328 -0.006441067589
1.33 -0.006469137461
1.332 -0.006495631752
1.334 -0.006520487742
1.336 -0.006544522709
1.338 -0.006567805718
1.34 -0.006589524018
1.342 -0.006610351088
1.344 -0.006629497078
1.346 -0.006647918076
1.348 -0.006664652831
1.35 -0.00668072073
1.352 -0.006695114394
1.354 -0.006708870826
1.356 -0.006720966812
1.358 -0.006732447736
1.36 -0.006742282328
1.362 -0.006751522695
1.364 -0.006759131597
1.366 -0.006766167647
1.368 -0.006771588189
1.37 -0.006776458352
1.372 -0.006779730177
1.374 -0.006782475322
1.376 -0.006783640523
1.378 -0.006784303948
1.38 -0.006784182645
1.382 -0.006782653278
1.384 -0.006779586773
1.386 -0.006775926819
1.388 -0.006771743851
1.39 -0.006766186727
1.392 -0.006759986264
1.394 -0.006752305577
1.396 -0.006744180077
1.398 -0.006734585735
1.4 -0.006724624803
1.402 -0.006713222873
1.404 -0.006701499516
1.406 -0.006688363236
1.408 -0.006674941014
1.41 -0.006660132772
1.412 -0.006645071167
1.414 -0.006628649823
1.416 -0.006612006861
1.418 -0.006594030197
1.42 -0.006575863449
1.422 -0.006556388944
1.424 -0.00653675583
1.426 -0.006516665143
1.428 -0.006495456748
1.43 -0.006472994876
1.432 -0.006450283215
1.434 -0.006427397451
1.436 -0.006403434969
1.438 -0.006379171392
1.44 -0.006353719253
1.442 -0.006328176393
1.444 -0.006301456708
1.446 -0.006274727811
1.448 -0.006246850188
1.45 -0.006219008653
1.452 -0.006190045644
1.454 -0.0061611527
1.456 -0.006131163274
1.458 -0.006101273776
1.46 -0.00607031109
1.462 -0.006039476316
1.464 -0.0060084532
1.466 -0.005976548344
1.468 -0.005943616143
1.47 -0.005910703582
1.472 -0.005877886099
1.474 -0.005844216274
1.476 -0.00581050096
1.478 -0.005775808697
1.48 -0.005741282688
1.482 -0.005705783864
1.484 -0.005670527726
1.486 -0.005634319518
1.488 -0.005598392084
1.49 -0.005561532013
1.492 -0.005524978544
1.494 -0.005487509114
1.496 -0.005450367442
1.498 -0.005413220411
1.5 -0.00537534369
1.502 -0.005336581229
1.504 -0.005298015588
1.506 -0.005259720178
1.508 -0.005220706988
1.51 -0.005181808298
1.512 -0.00514205291
1.514 -0.005102621901
1.516 -0.005062328849
1.518 -0.00502242952
1.52 -0.004981680023
1.522 -0.004941353795
1.524 -0.004900187902
1.526 -0.004859462121
1.528 -0.004817904378
1.53 -0.004776798837
1.532 -0.00473486696
1.534 -0.004693397149
1.536 -0.004652037376
1.538 -0.004610028565
1.54 -0.004567203272
1.542 -0.004524682058
1.544 -0.004482536366
1.546 -0.004439733717
1.548 -0.00439713453
1.55 -0.004353724291
1.552 -0.004310725892
1.554 -0.004266901625
1.556 -0.004223551855
1.558 -0.004179379703
1.56 -0.004135703855
1.562 -0.004091208138
1.564 -0.004047217565
1.566 -0.004002407068
1.568 -0.003958106103
1.57 -0.003912983506
1.572 -0.003868373047
1.574 -0.003823905724
1.576 -0.003778790468
1.578 -0.003732850299
1.58 -0.003687244677
1.582 -0.003642044763
1.584 -0.003596176757
1.586 -0.003550530245
1.588 -0.00350405077
1.59 -0.003458003955
1.592 -0.003411104398
1.594 -0.003364698086
1.596 -0.003317438852
1.598 -0.00327069157
1.6 -0.003223090789
1.602 -0.003176008068
1.604 -0.003128069334
1.606 -0.003080650774
1.608 -0.003032372599
1.61 -0.002984615492
1.612 -0.002935994763
1.614 -0.002887895744
1.616 -0.002838929085
1.618 -0.00279048493
1.62 -0.002741169323
1.622 -0.002692377298
1.624 -0.002642710321
1.626 -0.002593568401
1.628 -0.002544564618
1.63 -0.002494867818
1.632 -0.002444293136
1.634 -0.002394058265
1.636 -0.00234423944
1.638 -0.002293710436
1.64 -0.002242379714
1.642 -0.002191401782
1.644 -0.002140871081
1.646 -0.002089635593
1.648 -0.002038639411
1.65 -0.001986766031
1.652 -0.001935354387
1.654 -0.001883048665
1.656 -0.001831272475
1.658 -0.001778607819
1.66 -0.001726498343
1.662 -0.001673506875
1.664 -0.001621084192
1.666 -0.001567784979
1.668 -0.001515064894
1.67 -0.001461473459
1.672 -0.001408471067
1.674 -0.001354602849
1.676 -0.001301333979
1.678 -0.001247205467
1.68 -0.001193687409
1.682 -0.001139316758
1.684 -0.001085568592
1.686 -0.001030975791
1.688 -0.0009770184699
1.69 -0.0009222254185
1.692 -0.0008680818106
1.694 -0.0008131123346
1.696 -0.0007588072419
1.698 -0.00070368711
1.7 -0.0006492472612
1.702 -0.0005940041234
1.704 -0.0005394581172
1.706 -0.0004841215411
1.708 -0.0004294998707
1.71 -0.00037410126
1.712 -0.0003194362266
1.714 -0.0002640087815
1.716 -0.0002093344753
1.718 -0.0001539131902
1.72 -9.926548625e-05
1.722 -4.388709626e-05
1.724 1.069643789e-05
1.726 6.599350448e-05
1.728 0.0001204736237
1.73 0.000175649372
1.732 0.0002299853323
1.734 0.000284998256
1.736 0.0003391478098
1.738 0.0003939549415
1.74 0.0004478744309
1.742 0.0005024314333
1.744 0.0005560758848
1.746 0.0006103371693
1.748 0.0006636604045
1.75 0.0007175792127
1.752 0.0007705339238
1.754 0.0008240624188
1.756 0.0008766002747
1.758 0.0009296896545
1.76 0.0009817614147
1.762 0.001034362025
1.764 0.001085917659
1.766 0.001137979121
1.768 0.001188967929
1.77 0.00124043925
1.772 0.001290809987
1.774 0.0013416397
1.776 0.001391340715
1.778 0.001441477025
1.78 0.001490456399
1.782 0.001539847284
1.784 0.001588052944
1.786 0.001636646318
1.788 0.001684026202
1.79 0.001731770063
1.792 0.001778272259
1.794 0.00182511483
1.796 0.001870687725
1.798 0.001916577584
1.8 0.001961169991
1.802 0.002006056239
1.804 0.002049617566
1.806 0.002093449957
1.808 0.002135930329
1.81 0.0021786594
1.812 0.002220009813
1.814 0.002261587068
1.816 0.002301759545
1.818 0.002342137568
1.82 0.002381085284
1.822 0.002420217884
1.824 0.002457895297
1.826 0.002495737623
1.828 0.002532100595
1.83 0.002568609274
1.832 0.002604801974
1.834 0.002639697872
1.836 0.002673071272
1.838 0.002706333185
1.84 0.002738369684
1.842 0.002770482962
1.844 0.002802318536
1.846 0.002832804677
1.848 0.00286173512
1.85 0.002890512682
1.852 0.002919221353
1.854 0.00294652252
1.856 0.002972299733
1.858 0.002997900809
1.86 0.003023428319
1.862 0.003047520901
1.864 0.003071278745
1.866 0.003093383992
1.868 0.003115400133
1.87 0.003135729331
1.872 0.003156033968
1.874 0.003174644159
1.876 0.003193245269
1.878 0.003210145795
1.88 0.003227038948
1.882 0.003242224497
1.884 0.00325740088
1.886 0.003270862577
1.888 0.003284313061
1.89 0.003296042434
1.892 0.003307759376
1.894 0.003317749805
1.896 0.003327727788
1.898 0.00333597505
1.9 0.003344211182
1.902 0.003350713245
1.904 0.003357206856
1.906 0.00336196519
1.908 0.003366719347
1.91 0.003369738017
1.912 0.003372757937
1.914 0.003374043295
1.916 0.003375336612
1.918 0.00337489749
1.92 0.003374474317
1.922 0.003372322035
1.924 0.003370194963
1.926 0.00336634331
1.928 0.003362527377
1.93 0.00335699257
1.932 0.003351505219
1.934 0.003345584704
1.936 0.003338189855
1.938 0.003329093775
1.94 0.003319833847
1.942 0.003309225382
1.944 0.003298688918
1.946 0.003287859001
1.948 0.003275595368
1.95 0.003261691838
1.952 0.003247678758
1.954 0.003233663249
1.956 0.003218215985
1.958 0.003202530938
1.96 0.003185211853
1.962 0.003167953134
1.964 0.003149053579
1.966 0.003130314504
1.968 0.003109955343
1.97 0.003089802523
1.972 0.003068050851
1.974 0.00304653562
1.976 0.003023440968
1.978 0.003000608294
1.98 0.002976214734
1.982 0.002952107619
1.984 0.002926457994
1.986 0.002901119344
1.988 0.002874256761
1.99 0.002847730088
1.992 0.002819698379
1.994 0.002792027907
1.996 0.002762871631
1.998 0.002734102523
2 0.002703867192
2.002 0.002674045345
2.004 0.002642777077
2.006 0.002611948928
2.008 0.002579694373
2.01 0.002547906862
2.012 0.002514713067
2.014 0.002482013402
2.016 0.00244792764
2.018 0.002414363245
2.02 0.002379432963
2.022 0.002345051365
2.024 0.002309324046
2.026 0.002274172753
2.028 0.002239083673
2.03 0.002202932065
2.032 0.002165477555
2.034 0.002128395221
2.036 0.002090402894
2.038 0.002053049104
2.04 0.002015941791
2.042 0.001977844132
2.044 0.00193853559
2.046 0.001899685176
2.048 0.00186141283
2.05 0.001822164115
2.052 0.001783242612
2.054 0.001743128378
2.056 0.001702243458
2.058 0.001661873444
2.06 0.001622268776
2.062 0.001581755354
2.064 0.00154167511
2.066 0.001500463026
2.068 0.001459992167
2.07 0.001418378552
2.072 0.001377610527
2.074 0.001335719522
2.076 0.001294722395
2.078 0.001252622471
2.08 0.001211447701
2.082 0.001169187613
2.084 0.001127878223
2.086 0.001085499008
2.088 0.001044093786
2.09 0.001001632935
2.092 0.0009601682777
2.094 0.0009176612612
2.096 0.0008761719338
2.098 0.0008336527552
2.1 0.000792172178
2.102 0.0007496735616
2.104 0.0007082339109
2.106 0.0006657873595
2.108 0.0006244195916
2.11 0.000582055394
2.112 0.0005407892452
2.114 0.0004985364689
2.116 0.0004574004419
2.118 0.0004152869279
2.12 0.000374308305
2.122 0.0003323606731
2.124 0.0002915655081
2.126 0.0002498091539
2.128 0.0002092222735
2.13 0.0001676813622
2.132 0.0001273263806
2.134 8.602390486e-05
2.136 4.592327786e-05
2.138 4.881068423e-06
2.14 -3.494390829e-05
2.142 -7.570516411e-05
2.144 -0.0001152343357
2.146 -0.0001556950736
2.148 -0.0001949093425
2.15 -0.0002350510144
2.152 -0.0002739323081
2.154 -0.0003137373897
2.156 -0.0003522686349
2.158 -0.0003917205665
2.16 -0.0004298856301
2.162 -0.0004689687663
2.164 -0.0005067524004
2.166 -0.0005454519487
2.168 -0.0005828397295
2.17 -0.0006211416934
2.172 -0.0006581199662
2.174 -0.0006960110893
2.176 -0.0007325669109
2.178 -0.0007700346183
2.18 -0.0008061557015
2.182 -0.0008431880491
2.184 -0.0008788627085
2.186 -0.0009154483222
2.188 -0.0009506654181
2.19 -0.0009867934448
2.192 -0.001021542329
2.194 -0.001057202379
2.196 -0.001091472846
2.198 -0.001126654947
2.2 -0.001160437189
2.202 -0.001195131741
2.204 -0.001228416295
2.206 -0.001262614025
2.208 -0.001295391735
2.21 -0.00132908365
2.212 -0.0013613456
2.214 -0.001394522924
2.216 -0.001426260438
2.218 -0.001458914619
2.22 -0.001490119199
2.222 -0.001522241833
2.224 -0.001552905112
2.226 -0.001584487915
2.228 -0.001614601628
2.23 -0.001645636405
2.232 -0.001675192358
2.234 -0.00170567094
2.236 -0.001734660957
2.238 -0.001764575214
2.24 -0.001792991147
2.242 -0.001822332951
2.244 -0.001850166641
2.246 -0.001878927843
2.248 -0.001906171099
2.25 -0.001934343501
2.252 -0.001960988068
2.254 -0.001988563379
2.256 -0.00201460089
2.258 -0.002041570741
2.26 -0.002066992787
2.262 -0.002093348755
2.264 -0.002118146832
2.266 -0.002143880345
2.268 -0.002168045781
2.27 -0.002193148121
2.272 -0.002216672116
2.274 -0.002241134432
2.276 -0.002264008048
2.278 -0.002287821346
2.28 -0.0023100355
2.282 -0.002333190643
2.284 -0.002354736104
2.286 -0.002377223802
2.288 -0.002398091189
2.29 -0.002419902
2.292 -0.002440081782
2.294 -0.002461206119
2.296 -0.002480688627
2.298 -0.002501116767
2.3 -0.002519892199
2.302 -0.002539614297
2.304 -0.002557672738
2.306 -0.002576678845
2.308 -0.002594010287
2.31 -0.002612290374
2.312 -0.002628884747
2.314 -0.002646428733
2.316 -0.002662275929
2.318 -0.002679073712
2.32 -0.002694163614
2.322 -0.002710205097
2.324 -0.002724527609
2.326 -0.00273980273
2.328 -0.002753347809
2.33 -0.002767846577
2.332 -0.002780604267
2.334 -0.002794316795
2.336 -0.002806277266
2.338 -0.002819193812
2.34 -0.002830347399
2.342 -0.002842458409
2.344 -0.002852795651
2.346 -0.002864091793
2.348 -0.002873603473
2.35 -0.002884075674
2.352 -0.002892752854
2.354 -0.002902392342
2.356 -0.002910226403
2.358 -0.002919024745
2.36 -0.002926007428
2.362 -0.002933956573
2.364 -0.002940080021
2.366 -0.002947172331
2.368 -0.002952429118
2.37 -0.002958657418
2.372 -0.002963040607
2.374 -0.002968398218
2.376 -0.002971901357
2.378 -0.002976382105
2.38 -0.002978999322
2.382 -0.002982597653
2.384 -0.002984323671
2.386 -0.002987034631
2.388 -0.002987864847
2.39 -0.002989684216
2.392 -0.002989614731
2.394 -0.002990538911
2.396 -0.002989566445
2.398 -0.002989592534
2.4 -0.00298771456
2.402 -0.00298684043
2.404 -0.002984055201
2.406 -0.002982279515
2.408 -0.002978586093
2.41 -0.002975969068
2.412 -0.002971415684
2.414 -0.002967859972
2.416 -0.002962342654
2.418 -0.002957837998
2.42 -0.002951382718
2.422 -0.002945954435
2.424 -0.00293857844
2.426 -0.00293224233
2.428 -0.00292395867
2.43 -0.002916726849
2.432 -0.002907546564
2.434 -0.002899429551
2.436 -0.002889362676
2.438 -0.002880370235
2.44 -0.002869426311
2.442 -0.002859567876
2.444 -0.002847756255
2.446 -0.002837041172
2.448 -0.002824371234
2.45 -0.002812872506
2.452 -0.002799404415
2.454 -0.002787029674
2.456 -0.00277266391
2.458 -0.00275941146
2.46 -0.002744184037
2.462 -0.002730089068
2.464 -0.002714026632
2.466 -0.002699114184
2.468 -0.002682238816
2.47 -0.00266652993
2.472 -0.002648861498
2.474 -0.00263237542
2.476 -0.002613932625
2.478 -0.002596753291
2.48 -0.00257760647
2.482 -0.002559646613
2.484 -0.00253970079
2.486 -0.002520965988
2.488 -0.002500265336
2.49 -0.002480798639
2.492 -0.002459377132
2.494 -0.002439210612
2.496 -0.002417097043
2.498 -0.002396258199
2.5 -0.002373478648
2.502 -0.002352059934
2.504 -0.002328692391
2.506 -0.00230660976
2.508 -0.00228256195
2.51 -0.002259825996
2.512 -0.002235147825
2.514 -0.002211807053
2.516 -0.002186537483
2.518 -0.002162628673
2.52 -0.002136869343
2.522 -0.00211247862
2.524 -0.002086149398
2.526 -0.00206118768
2.528 -0.002034303675
2.53 -0.002008825712
2.532 -0.00198143979
2.534 -0.001955488378
2.536 -0.001927640741
2.538 -0.001901321862
2.54 -0.001873102366
2.542 -0.001846336271
2.544 -0.001817655765
2.546 -0.001790459214
2.548 -0.001761374577
2.55 -0.001733802345
2.552 -0.001704357834
2.554 -0.001676522208
2.556 -0.001646811467
2.558 -0.001618633672
2.56 -0.001588567539
2.562 -0.001560065777
2.564 -0.001529702842
2.566 -0.001500933325
2.568 -0.001470390734
2.57 -0.001441452875
2.572 -0.001410652759
2.574 -0.001381458082
2.576 -0.001350419973
2.578 -0.001321028705
2.58 -0.001289809965
2.582 -0.001260341012
2.584 -0.001229042263
2.586 -0.001199416314
2.588 -0.001167947264
2.59 -0.00113818339
2.592 -0.001106604121
2.594 -0.001076833002
2.596 -0.001045247514
2.598 -0.001015392407
2.6 -0.0009837104694
2.602 -0.0009537916873
2.604 -0.000922074298
2.606 -0.0008921495099
2.608 -0.0008605168844
2.61 -0.0008306872169
2.612 -0.0007990555475
2.614 -0.0007692256417
2.616 -0.0007376866828
2.618 -0.0007079747902
2.62 -0.0006764623655
2.622 -0.0006467815006
2.624 -0.0006153204499
2.626 -0.0005857345554
2.628 -0.0005543844499
2.63 -0.0005250159193
2.632 -0.0004938790353
2.634 -0.0004646407468
2.636 -0.0004336177134
2.638 -0.0004045241423
2.64 -0.0003737488555
2.642 -0.0003449144543
2.644 -0.0003143034782
2.646 -0.0002856317344
2.648 -0.0002552013031
2.65 -0.0002268284451
2.652 -0.00019669433
2.654 -0.0001685360357
2.656 -0.0001386003244
2.658 -0.0001106723119
2.66 -8.107161729e-05
2.662 -5.348972614e-05
2.664 -2.413773056e-05
2.666 3.198159394e-06
2.668 3.228701607e-05
2.67 5.924049196e-05
2.672 8.795088269e-05
2.674 0.000114610713
2.676 0.0001430454343
2.678 0.0001693988241
2.68 0.0001974220436
2.682 0.0002233543932
2.684 0.000251057577
2.686 0.0002766745036
2.688 0.0003039660475
2.69 0.0003291489022
2.692 0.0003561089558
2.694 0.0003809610821
2.696 0.0004075741725
2.698 0.0004319574853
2.7 0.0004581072512
2.702 0.0004821157833
2.704 0.0005079109071
2.706 0.0005314530966
2.708 0.0005567747356
2.71 0.0005799340565
2.712 0.0006048894169
2.714 0.0006276522696
2.716 0.0006521032469
2.718 0.0006743536887
2.72 0.0006983983981
2.722 0.00072016631
2.724 0.0007437313575
2.726 0.0007650985489
2.728 0.0007882807672
2.73 0.0008092307393
2.732 0.0008319698754
2.734 0.0008523662975
2.736 0.0008744744163
2.738 0.000894355089
2.74 0.0009160894868
2.742 0.0009355966221
2.744 0.0009569247244
2.746 0.0009759807568
2.748 0.0009968409893
2.75 0.001015315744
2.752 0.001035519049
2.754 0.001053454319
2.756 0.001073263609
2.758 0.001090805775
2.76 0.001110189539
2.762 0.001127261482
2.764 0.001146158858
2.766 0.001162630058
2.768 0.001180850653
2.77 0.001196764979
2.772 0.001214577057
2.774 0.001230084458
2.776 0.001247457344
2.778 0.001262480804
2.78 0.001279266152
2.782 0.001293604488
2.784 0.001309839485
2.786 0.001323759769
2.788 0.001339592434
2.79 0.001353060626
2.792 0.001368410499
2.794 0.001381274283
2.796 0.001396024999
2.798 0.001408391566
2.8 0.001422579803
2.802 0.001434373308
2.804 0.001448091015
2.806 0.001459329376
2.808 0.001472491274
2.81 0.001483258458
2.812 0.001495967727
2.814 0.001506154715
2.816 0.00151827473
2.818 0.001527972115
2.82 0.001539621247
2.822 0.001548724014
2.824 0.001559679102
2.826 0.001568208968
2.828 0.001578739622
2.83 0.001586842796
2.832 0.001596908775
2.834 0.00160449743
2.836 0.001613937349
2.838 0.001620887984
2.84 0.001629718761
2.842 0.001636087449
2.844 0.001644452925
2.846 0.001650345091
2.848 0.001658120405
2.85 0.001663392268
2.852 0.001670666546
2.854 0.001675344476
2.856 0.001682026696
2.858 0.00168620023
2.86 0.001692303799
2.862 0.001695879016
2.864 0.001701488605
2.866 0.001704571218
2.868 0.001709570005
2.87 0.001712014642
2.872 0.001716401209
2.874 0.001718255609
2.876 0.001722169369
2.878 0.001723536525
2.88 0.001726940663
2.882 0.001727649173
2.884 0.001730303919
2.886 0.00173038815
2.888 0.001732580177
2.89 0.001732199331
2.892 0.001733887973
2.894 0.001732853958
2.896 0.001733792725
2.898 0.00173213467
2.9 0.001732611
2.902 0.001730487398
2.904 0.001730458632
2.906 0.00172767794
2.908 0.001726893913
2.91 0.001723485058
2.912 0.001722236302
2.914 0.001718359567
2.916 0.001716603057
2.918 0.001712064957
2.92 0.00170954806
2.922 0.001704378467
2.924 0.001701395859
2.926 0.001695757795
2.928 0.001692266923
2.93 0.001685965707
2.932 0.001681712123
2.934 0.001674779229
2.936 0.001670062413
2.938 0.001662664151
2.94 0.001657442453
2.942 0.0016493833
2.944 0.001643400775
2.946 0.00163471413
2.948 0.001628275386
2.95 0.001619131127
2.952 0.001612092133
2.954 0.001602315398
2.956 0.001594771835
2.958 0.001584388266
2.96 0.001576136198
2.962 0.001565163828
2.964 0.001556494074
2.966 0.001545096772
2.968 0.001535960142
2.97 0.001523933887
2.972 0.001514170789
2.974 0.001501527486
2.976 0.001491197032
2.978 0.001478100238
2.98 0.001467218227
2.982 0.001453552088
2.984 0.001442216998
2.986 0.001427995498
2.988 0.001416104294
2.99 0.001401321218
2.992 0.001388915441
2.994 0.001373728099
2.996 0.001360924474
2.998 0.001345188569
3 0.001331715081
3.002 0.001315453145
3.004 0.00130163171
3.006 0.001285021846
3.008 0.001270811946
3.01 0.00125364942
3.012 0.001238783129
3.014 0.001221110265
3.016 0.001205920914
3.018 0.00118792729
3.02 0.001172268935
3.022 0.001153664978
3.024 0.001137560692
3.026 0.00111867326
3.028 0.001102306056
3.03 0.00108309432
3.032 0.001066256496
3.034 0.001046448126
3.036 0.001029185055
3.038 0.001009122998
3.04 0.000991630845
3.042 0.0009711680905
3.044 0.0009531531387
3.046 0.000932315629
3.048 0.0009141146378
3.05 0.0008930919088
3.052 0.0008746655934
3.054 0.0008532475632
3.056 0.000834319832
3.058 0.000812555216
3.06 0.0007934792261
3.062 0.0007715708854
3.064 0.0007521985403
3.066 0.0007298481472
3.068 0.0007102081623
3.07 0.000687761957
3.072 0.0006680500013
3.074 0.0006454697335
3.076 0.0006254729604
3.078 0.0006024780201
3.08 0.0005822480459
3.082 0.0005592012443
3.084 0.0005388287754
3.086 0.0005156043193
3.088 0.000495189162
3.09 0.0004719253203
3.092 0.0004513300939
3.094 0.0004277390007
3.096 0.0004070023512
3.098 0.0003834494521
3.1 0.0003627785598
3.102 0.0003391085793
3.104 0.0003181917746
3.106 0.0002944338981
3.108 0.0002736310475
3.11 0.0002499885608
3.112 0.0002292593544
3.114 0.0002055101241
3.116 0.0001845620402
3.118 0.0001607591498
3.12 0.0001399691626
3.122 0.0001163294099
3.124 9.554054049e-05
3.126 7.174685487e-05
3.128 5.099001574e-05
3.13 2.741138594e-05
3.132 6.895016688e-06
3.134 -1.650974982e-05
3.136 -3.701305678e-05
3.138 -6.05437218e-05
3.14 -8.098009816e-05
3.142 -0.0001042516024
3.144 -0.0001244000149
3.146 -0.0001475741744
3.148 -0.0001677603272
3.15 -0.0001908069649
3.152 -0.0002106547012
3.154 -0.000233362269
3.156 -0.0002529155689
3.158 -0.0002755188823
3.16 -0.0002950866307
3.162 -0.0003175328541
3.164 -0.0003367232399
3.166 -0.0003589177475
3.168 -0.0003778724728
3.17 -0.0003997114575
3.172 -0.0004182848804
3.174 -0.0004399236466
3.176 -0.0004584353593
3.178 -0.0004798379842
3.18 -0.0004978959885
3.182 -0.0005188435464
3.184 -0.0005366243674
3.186 -0.0005573325697
3.188 -0.0005748393623
3.19 -0.0005952411823
3.192 -0.0006122754108
3.194 -0.0006322205996
3.196 -0.0006489560091
3.198 -0.0006687756464
3.2 -0.0006851824571
3.202 -0.0007044795841
3.204 -0.0007203385146
3.206 -0.000739298071
3.208 -0.0007548341406
3.21 -0.0007734634692
3.212 -0.0007886120785
3.214 -0.0008067120183
3.216 -0.0008213233321
3.218 -0.0008390758413
3.22 -0.000853492767
3.222 -0.000870871424
3.224 -0.0008846915246
3.226 -0.0009014759083
3.228 -0.0009148924825
3.23 -0.0009313170162
3.232 -0.0009443414997
3.234 -0.0009603440688
3.236 -0.0009727764659
3.238 -0.0009882076685
3.24 -0.001000238147
3.242 -0.001015453011
3.244 -0.00102705833
3.246 -0.001041648745
3.248 -0.001052607033
3.25 -0.001066774779
3.252 -0.001077329764
3.254 -0.00109109035
3.256 -0.001101182104
3.258 -0.001114334521
3.26 -0.001123813697
3.262 -0.001136556325
3.264 -0.001145789931
3.266 -0.001158102574
3.268 -0.001166676237
3.27 -0.001178335142
3.272 -0.001186458579
3.274 -0.001197716666
3.276 -0.001205409177
3.278 -0.001216208547
3.28 -0.001223267594
3.282 -0.001233604631
3.284 -0.001240206278
3.286 -0.00124996178
3.288 -0.001256102432
3.29 -0.001265433342
3.292 -0.001271136732
3.294 -0.001280001511
3.296 -0.001285067273
3.298 -0.001293321601
3.3 -0.001297964125
3.302 -0.00130599813
3.304 -0.001310203034
3.306 -0.001317591655
3.308 -0.001321131971
3.31 -0.001328099627
3.312 -0.001331244107
3.314 -0.001337815886
3.316 -0.001340508912
3.318 -0.001346478667
3.32 -0.001348721091
3.322 -0.001354276485
3.324 -0.001355947928
3.326 -0.001361088832
3.328 -0.001362509425
3.33 -0.001367232315
3.332 -0.001367992929
3.334 -0.001372075375
3.336 -0.00137226514
3.338 -0.001376023554
3.34 -0.001376048361
3.342 -0.001379448763
3.344 -0.001378863358
3.346 -0.001381663608
3.348 -0.001380700202
3.35 -0.001383335335
3.352 -0.001381986914
3.354 -0.001384020523
3.356 -0.001382054582
3.358 -0.00138372924
3.36 -0.001381433418
3.362 -0.00138277976
3.364 -0.00138009899
3.366 -0.00138090326
3.368 -0.001377841235
3.37 -0.001378303528
3.372 -0.001374735998
3.374 -0.001374858421
3.376 -0.001371124281
3.378 -0.001370904648
3.38 -0.001366574535
3.382 -0.001365779821
3.384 -0.001360948396
3.386 -0.001359912207
3.388 -0.001355007064
3.39 -0.001353857738
3.392 -0.001348540863
3.394 -0.00134676001
3.396 -0.001340828423
3.398 -0.001338546835
3.4 -0.00133219276
3.402 -0.001329729784
3.404 -0.001323361651
3.406 -0.001320836107
3.408 -0.001314098606
3.41 -0.001310976204
3.412 -0.001303656615
3.414 -0.001300065621
3.416 -0.001292355193
3.418 -0.001288616748
3.42 -0.001280927567
3.422 -0.001277159537
3.424 -0.001269127515
3.426 -0.001264784054
3.428 -0.001256190636
3.43 -0.001251400191
3.432 -0.001242609263
3.434 -0.001237832947
3.436 -0.001228814418
3.438 -0.00122356647
3.44 -0.00121422959
3.442 -0.001208733974
3.444 -0.001198972149
3.446 -0.001193239231
3.448 -0.001183254879
3.45 -0.001177323408
3.452 -0.001167077302
3.454 -0.001160718016
3.456 -0.001150221614
3.458 -0.001143657054
3.46 -0.001132953078
3.462 -0.001126150251
3.464 -0.001115009657
3.466 -0.001107982843
3.468 -0.001096631737
3.47 -0.001089247468
3.472 -0.001077690859
3.474 -0.001070327185
3.476 -0.00105856333
3.478 -0.001050744111
3.48 -0.001038514
3.482 -0.00103052373
3.484 -0.001018339286
3.486 -0.001010178521
3.488 -0.0009975431038
3.49 -0.0009889487697
3.492 -0.0009761448931
3.494 -0.0009674503684
3.496 -0.0009545144804
3.498 -0.0009456569886
3.5 -0.0009325263509
3.502 -0.0009234710209
3.504 -0.0009099318135
3.506 -0.0009006983436
3.508 -0.0008869958843
3.51 -0.0008774487543
3.512 -0.0008635917824
3.514 -0.0008541268113
3.516 -0.000840115416
3.518 -0.0008302378342
3.52 -0.0008158033936
3.522 -0.0008058108155
3.524 -0.000791487807
3.526 -0.0007813814446
3.528 -0.0007666526523
3.53 -0.0007561587133
3.532 -0.0007413190128
3.534 -0.0007309757316
3.536 -0.0007160239683
3.538 -0.0007053075976
3.54 -0.0006899659299
3.542 -0.000679173681
3.544 -0.000663985193
3.546 -0.0006531154257
3.548 -0.0006375504074
3.55 -0.0006263220807
3.552 -0.0006106804635
3.554 -0.0005996420811
3.556 -0.0005839219124
3.558 -0.0005725381679
3.56 -0.0005566509599
3.562 -0.0005451844694
3.564 -0.0005290169447
3.566 -0.0005174848983
3.568 -0.0005014681701
3.57 -0.0004898772461
3.572 -0.0004734950086
3.574 -0.0004615662712
3.576 -0.0004451378679
3.578 -0.0004334404254
3.58 -0.000416970653
3.582 -0.0004049609193
3.584 -0.0003881632404
3.586 -0.0003761557583
3.588 -0.000359601613
3.59 -0.0003475974918
3.592 -0.0003307352497
3.594 -0.0003186454178
3.596 -0.000301749227
3.598 -0.0002894585098
3.6 -0.0002725480112
3.602 -0.000260504565
3.604 -0.0002435880361
3.606 -0.00023125858
3.608 -0.0002140483588
3.61 -0.0002017647497
3.612 -0.0001848510519
3.614 -0.0001726192136
3.616 -0.000155439961
3.618 -0.0001431716619
3.62 -0.0001260102941
3.622 -0.0001135896726
3.624 -9.646817642e-05
3.626 -8.43562268e-05
3.628 -6.728463225e-05
3.63 -5.493623071e-05
3.632 -3.762095581e-05
3.634 -2.537725798e-05
3.636 -8.424072824e-06
3.638 3.708062547e-06
3.64 2.087448522e-05
3.642 3.298487309e-05
3.644 5.007356141e-05
3.646 6.20669434e-05
3.648 7.909923241e-05
3.65 9.123174339e-05
3.652 0.0001081763476
3.654 0.0001199451961
3.656 0.0001367825059
3.658 0.0001487363699
3.66 0.0001657617526
3.662 0.0001775430885
3.664 0.0001941286734
3.666 0.0002057264231
3.668 0.0002224610491
3.67 0.0002341838718
3.672 0.0002507207981
3.674 0.000261942
3.676 0.0002780576856
3.678 0.0002892024538
3.68 0.0003055686206
3.682 0.0003168922981
3.684 0.0003333188181
3.686 0.0003443297544
3.688 0.0003602021308
3.69 0.0003709268538
3.692 0.0003866421114
3.694 0.000397235967
3.696 0.000413034967
3.698 0.0004236553541
3.7 0.0004391748962
3.702 0.0004491977555
3.704 0.0004642099767
3.706 0.0004740803691
3.708 0.0004892789166
3.71 0.0004992629338
3.712 0.0005144548297
3.714 0.0005240496928
3.716 0.0005386053757
3.718 0.0005476111301
3.72 0.0005619889188
3.722 0.0005711209988
3.724 0.0005855963009
3.726 0.0005946644087
3.728 0.000608730786
3.73 0.0006170997091
3.732 0.00063055735
3.734 0.0006386947057
3.736 0.000652271899
3.738 0.0006604594038
3.74 0.0006737304605
3.742 0.0006815052063
3.744 0.0006943939057
3.746 0.0007015809894
3.748 0.0007142014147
3.75 0.0007214036875
3.752 0.0007340482034
3.754 0.0007408680276
3.756 0.0007528366608
3.758 0.000759260108
3.76 0.0007711983103
3.762 0.0007775654461
3.764 0.0007890936051
3.766 0.0007947184381
3.768 0.0008056098819
3.77 0.0008109643471
3.772 0.0008219452222
3.774 0.000827306415
3.776 0.0008381673305
3.778 0.0008430156201
3.78 0.0008530869393
3.782 0.0008571963795
3.784 0.0008669642946
3.786 0.0008710992742
3.788 0.0008808635139
3.79 0.0008845782081
3.792 0.0008936067833
3.794 0.0008968772572
3.796 0.0009058402992
3.798 0.0009090209703
3.8 0.0009175286558
3.802 0.0009199116758
3.804 0.0009277171473
3.806 0.0009297958958
3.808 0.0009376741821
3.81 0.0009397492617
3.812 0.0009474935897
3.814 0.0009490155648
3.816 0.0009559374049
3.818 0.0009566940488
3.82 0.0009633105889
3.822 0.000964104007
3.824 0.0009707300885
3.826 0.0009711027465
3.828 0.0009769833879
3.83 0.0009769130322
3.832 0.0009827426601
3.834 0.0009825950849
3.836 0.0009879679659
3.838 0.0009870083017
3.84 0.00099166785
3.842 0.0009904075094
3.844 0.0009951574979
3.846 0.0009939091618
3.848 0.0009985364914
3.85 0.0009967310322
3.852 0.001000522141
3.854 0.000997940161
3.856 0.001001432839
3.858 0.0009989083469
3.86 0.001002431332
3.862 0.0009994919775
3.864 0.001002264576
3.866 0.0009988899264
3.868 0.001001635215
3.87 0.0009979391521
3.872 0.001000294948
3.874 0.0009961646486
3.876 0.0009981674133
3.878 0.0009936667586
3.88 0.000995345812
3.882 0.0009907779243
3.884 0.000992097327
3.886 0.0009868262661
3.888 0.0009877702296
3.89 0.0009825008147
3.892 0.000983181652
3.894 0.0009775318301
3.896 0.0009778307436
3.898 0.0009718332653
3.9 0.0009720904507
3.902 0.0009657159502
3.904 0.0009652960818
3.906 0.0009585342175
3.908 0.0009581615761
3.91 0.0009511309338
3.912 0.0009501402925
3.914 0.0009427811623
3.916 0.0009418836328
3.918 0.0009345758535
3.92 0.0009333120443
3.922 0.0009252459638
3.924 0.0009236129939
3.926 0.0009155675608
3.928 0.0009136969203
3.93 0.0009050105866
3.932 0.0009028493391
3.934 0.0008942544943
3.936 0.0008921951639
3.938 0.0008832288933
3.94 0.0008804510768
3.942 0.0008708251019
3.944 0.0008678958426
3.946 0.0008585026085
3.948 0.0008557701773
3.95 0.0008463751822
3.952 0.0008432112122
3.954 0.0008330273782
3.956 0.0008291944112
3.958 0.0008188218196
3.96 0.0008152476396
3.962 0.0008050538076
3.964 0.0008012177503
3.966 0.0007903399339
3.968 0.0007859266384
3.97 0.0007749356764
3.972 0.0007708519777
3.974 0.000760098238
3.976 0.0007560971884
3.978 0.0007449301726
3.98 0.000740197492
3.982 0.0007283674019
3.984 0.0007235163487
3.986 0.0007119757758
3.988 0.0007073862807
3.99 0.0006955770402
3.992 0.0006903593471
3.994 0.0006782853645
3.996 0.0006732567884
3.998 0.0006610601122
4 0.0006555553349
4.002 0.0006431900636
4.004 0.0006379520824
4.006 0.0006258242567
4.008 0.0006203695518
4.01 0.0006076034634
4.012 0.000601624282
4.014 0.000588825802
4.016 0.0005832783112
4.018 0.0005708165667
4.02 0.0005654437724
4.022 0.0005526383902
4.024 0.0005465872456
4.026 0.0005331749993
4.028 0.0005267708584
4.03 0.0005134948947
4.032 0.0005076383239
4.034 0.0004947970149
4.036 0.0004891869037
4.038 0.0004763720977
4.04 0.0004703720138
4.042 0.0004567833204
4.044 0.0004501597212
4.046 0.000436160391
4.048 0.0004296922521
4.05 0.000416219196
4.052 0.0004102262087
4.054 0.0003969860815
4.056 0.0003907389877
4.058 0.0003768381088
4.06 0.0003700595684
4.062 0.0003561552851
4.064 0.0003498639043
4.066 0.0003363531568
4.068 0.0003299618499
4.07 0.0003158791071
4.072 0.0003093636188
4.074 0.0002956043007
4.076 0.0002891070195
4.078 0.0002748923276
4.08 0.0002683451752
4.082 0.0002545236589
4.084 0.0002483797701
4.086 0.0002344080205
4.088 0.0002277076154
4.09 0.0002132466706
4.092 0.0002066484262
4.094 0.0001927367562
4.096 0.0001866447937
4.098 0.0001726673034
4.1 0.0001660772191
4.102 0.0001520016187
4.104 0.0001458315715
4.106 0.0001317999234
4.108 0.0001255859348
4.11 0.0001114523252
4.112 0.0001048943294
4.114 9.081115002e-05
4.116 8.477664059e-05
4.118 7.116897182e-05
4.12 6.508115683e-05
4.122 5.093551467e-05
4.124 4.478268533e-05
4.126 3.069893298e-05
4.128 2.470936972e-05
4.13 1.106151844e-05
4.132 5.130620074e-06
4.134 -8.921522181e-06
4.136 -1.483743231e-05
4.138 -2.839475048e-05
4.14 -3.380732e-05
4.142 -4.744570244e-05
4.144 -5.337081865e-05
4.146 -6.744972021e-05
4.148 -7.318858937e-05
4.15 -8.660692133e-05
4.152 -9.173093203e-05
4.154 -0.0001051410691
4.156 -0.0001107158128
4.158 -0.0001241523434
4.16 -0.0001292042753
4.162 -0.0001425173752
4.164 -0.0001479037643
4.166 -0.0001611725282
4.168 -0.0001659685861
4.17 -0.0001787008306
4.172 -0.0001835044527
4.174 -0.0001967537643
4.176 -0.000201938535
4.178 -0.0002149865925
4.18 -0.0002194179765
4.182 -0.0002318245673
4.184 -0.0002361774619
4.186 -0.0002490436722
4.188 -0.0002533546034
4.19 -0.0002656768172
4.192 -0.0002697920371
4.194 -0.0002824560444
4.196 -0.000286457773
4.198 -0.0002985098826
4.2 -0.0003018906682
4.202 -0.0003139487078
4.204 -0.0003177964071
4.206 -0.0003302466128
4.208 -0.0003338202051
4.21 -0.0003454921749
4.212 -0.0003483376373
4.214 -0.0003599285349
4.216 -0.0003631826721
4.218 -0.0003747307537
4.22 -0.0003773580267
4.222 -0.0003887052507
4.224 -0.000391620331
4.226 -0.0004028522041
4.228 -0.0004050711607
4.23 -0.000415664626
4.232 -0.0004178256795
4.234 -0.0004289044122
4.236 -0.000431406812
4.238 -0.0004422068319
4.24 -0.0004438431849
4.242 -0.0004538968044
4.244 -0.0004553874542
4.246 -0.0004658719671
4.248 -0.0004672619984
4.25 -0.0004771104582
4.252 -0.0004782321924
4.254 -0.0004883826346
4.256 -0.0004893251932
4.258 -0.000498766611
4.26 -0.0004989912848
4.262 -0.0005083829011
4.264 -0.0005090498498
4.266 -0.0005188051297
4.268 -0.0005191271429
4.27 -0.0005280013964
4.272 -0.0005274971791
4.274 -0.0005362356462
4.276 -0.0005361189659
4.278 -0.0005447649378
4.28 -0.0005439350442
4.282 -0.0005523228509
4.284 -0.0005517571125
4.286 -0.000559980505
4.288 -0.0005586332609
4.29 -0.000566137786
4.292 -0.0005646919968
4.294 -0.0005726778519
4.296 -0.0005715621775
4.298 -0.0005792160576
4.3 -0.0005771468591
4.302 -0.0005839753714
4.304 -0.0005817216288
4.306 -0.0005889791479
4.308 -0.0005865871798
4.31 -0.0005931393841
4.312 -0.0005904400524
4.314 -0.0005972973269
4.316 -0.0005943888258
4.318 -0.0006004732641
4.32 -0.0005972147767
4.322 -0.0006031435
4.324 -0.000599741113
4.326 -0.0006054788108
4.328 -0.000601848022
4.33 -0.000607364003
4.332 -0.0006034681957
4.334 -0.0006087424156
4.336 -0.0006041256073
4.338 -0.0006092367817
4.34 -0.0006049400668
4.342 -0.0006099289393
4.344 -0.0006048354822
4.346 -0.0006095357809
4.348 -0.0006047148121
4.35 -0.0006092365681
4.352 -0.0006035805507
4.354 -0.0006073382002
4.356 -0.0006015855826
4.358 -0.0006058699294
4.36 -0.0006004852752
4.362 -0.0006044342064
4.364 -0.0005980495239
4.366 -0.0006011381553
4.368 -0.0005945829304
4.37 -0.0005981583808
4.372 -0.0005914861752
4.374 -0.000594338599
4.376 -0.000587372416
4.378 -0.0005905873567
4.38 -0.000583436129
4.382 -0.0005858641679
4.384 -0.0005783811964
4.386 -0.0005806864708
4.388 -0.0005730959467
4.39 -0.0005752443975
4.392 -0.0005674594496
4.394 -0.000569421834
4.396 -0.000561406749
4.398 -0.0005631650703
4.4 -0.0005544351998
4.402 -0.000556077156
4.404 -0.0005477508891
4.406 -0.0005493229236
4.408 -0.0005406791475
4.41 -0.0005419078462
4.412 -0.0005324836611
4.414 -0.0005335376099
4.416 -0.0005240164536
4.418 -0.0005250762245
4.42 -0.000515891936
4.422 -0.0005167503408
4.424 -0.0005067159951
4.426 -0.0005067960573
4.428 -0.0004967235985
4.43 -0.0004974413625
4.432 -0.0004878441811
4.434 -0.0004882818731
4.436 -0.0004776926333
4.438 -0.0004772919614
4.44 -0.00046661241
4.442 -0.0004668329953
4.444 -0.0004561259603
4.446 -0.0004556667829
4.448 -0.0004447454946
4.45 -0.0004447815562
4.452 -0.000433766546
4.454 -0.0004330602153
4.456 -0.0004217957464
4.458 -0.000421065664
4.46 -0.000409795424
4.462 -0.0004095065672
4.464 -0.0003980339359
4.466 -0.0003969539349
4.468 -0.0003846847788
4.47 -0.0003836679822
4.472 -0.0003720874318
4.474 -0.0003716743257
4.476 -0.0003598259919
4.478 -0.0003584852459
4.48 -0.0003457873755
4.482 -0.0003444633462
4.484 -0.0003324428574
4.486 -0.0003312022489
4.488 -0.0003184996497
4.49 -0.0003171478839
4.492 -0.0003049915505
4.494 -0.0003036548269
4.496 -0.000290719586
4.498 -0.0002891948848
4.5 -0.0002762441696
4.502 -0.0002748212245
4.504 -0.0002623654293
4.506 -0.0002608515383
4.508 -0.0002476077707
4.51 -0.0002453863573
4.512 -0.0002322492531
4.514 -0.0002308741532
4.516 -0.0002184087061
4.518 -0.0002168801289
4.52 -0.0002034846981
4.522 -0.0002011935264
4.524 -0.000187853584
4.526 -0.0001863943007
4.528 -0.0001731772658
4.53 -0.0001710935579
4.532 -0.0001577607289
4.534 -0.0001563501299
4.536 -0.0001430565337
4.538 -0.0001409820532
4.54 -0.0001275936349
4.542 -0.0001262168225
4.544 -0.0001128697936
4.546 -0.0001108144189
4.548 -9.677792763e-05
4.55 -9.494805239e-05
4.552 -8.18091134e-05
4.554 -8.077641366e-05
4.556 -6.748082803e-05
4.558 -6.556924634e-05
4.56 -5.147360165e-05
4.562 -4.970027451e-05
4.564 -3.645715637e-05
4.566 -3.544521198e-05
4.568 -2.201215652e-05
4.57 -2.008609559e-05
4.572 -5.828949461e-06
4.574 -3.471797966e-06
4.576 1.035225953e-05
4.578 1.155217617e-05
4.58 2.444072063e-05
4.582 2.507716806e-05
4.584 3.838388129e-05
4.586 4.008138906e-05
4.588 5.434202359e-05
4.59 5.655871839e-05
4.592 7.04637864e-05
4.594 7.159598003e-05
4.596 8.462347342e-05
4.598 8.580380228e-05
4.6 9.973622172e-05
4.602 0.0001016522843
4.604 0.0001154393587
4.606 0.000116372058
4.608 0.0001293675211
4.61 0.0001304093246
4.612 0.0001443657615
4.614 0.0001461811496
4.616 0.0001600082858
4.618 0.0001608371696
4.62 0.0001744570477
4.622 0.0001758636947
4.624 0.0001894995045
4.626 0.0001900684854
4.628 0.0002035744157
4.63 0.0002047952851
4.632 0.0002183592168
4.634 0.0002187682686
4.636 0.0002322225675
4.638 0.0002333041965
4.64 0.0002468260501
4.642 0.0002476990303
4.644 0.0002609855546
4.646 0.0002610794237
4.648 0.0002743655788
4.65 0.0002751735287
4.652 0.0002891799605
4.654 0.0002896658642
4.656 0.000302590544
4.658 0.0003020990363
4.66 0.0003151040152
4.662 0.000315496566
4.664 0.000329292308
4.666 0.0003294278443
4.668 0.0003421658123
4.67 0.00034196817
4.672 0.0003546789144
4.674 0.0003545196126
4.676 0.0003678448979
4.678 0.0003675129094
4.68 0.0003799367195
4.682 0.0003793354189
4.684 0.0003924398109
4.686 0.0003917893261
4.688 0.0004040331762
4.69 0.0004031662627
4.692 0.0004161275229
4.694 0.0004152387935
4.696 0.0004273504828
4.698 0.0004262577709
4.7 0.000439102202
4.702 0.0004386382949
4.704 0.0004511410944
4.706 0.0004494351984
4.708 0.0004609188413
4.71 0.0004592093731
4.712 0.0004716453547
4.714 0.0004706900575
4.716 0.0004828831634
4.718 0.0004807396
4.72 0.0004919572897
4.722 0.0004898524351
4.724 0.0005020660387
4.726 0.0005007488953
4.728 0.0005127336403
4.73 0.0005102240339
4.732 0.0005218924991
4.734 0.000519951681
4.736 0.0005315578015
4.738 0.0005285967709
4.74 0.0005399796109
4.742 0.0005370048938
4.744 0.0005485196924
4.746 0.0005461784717
4.748 0.0005575722872
4.75 0.0005542100605
4.752 0.0005653625248
4.754 0.0005626677394
4.756 0.0005738048028
4.758 0.0005707928972
4.76 0.0005815843717
4.762 0.0005776180527
4.764 0.0005883370935
4.766 0.0005851094207
4.768 0.0005965771335
4.77 0.0005929243961
4.772 0.0006031102106
4.774 0.0005982959395
4.776 0.0006085161523
4.778 0.0006046474657
4.78 0.0006157094755
4.782 0.0006115018507
4.784 0.0006213207204
4.786 0.0006159860641
4.788 0.0006258741582
4.79 0.000621524938
4.792 0.0006322854293
4.794 0.0006276075052
4.796 0.0006371182246
4.798 0.000632017853
4.8 0.0006414520686
4.802 0.0006363579273
4.804 0.0006464574814
4.806 0.0006411245005
4.808 0.0006501463155
4.81 0.0006444560275
4.812 0.0006542058014
4.814 0.0006484005735
4.816 0.0006571033737
4.818 0.0006509916045
4.82 0.0006604591351
4.822 0.0006542704182
4.824 0.0006627138687
4.826 0.0006562420669
4.828 0.0006654744269
4.83 0.0006589381027
4.832 0.0006678873336
4.834 0.0006609189494
4.836 0.0006688908129
4.838 0.0006617807525
4.84 0.0006706026198
4.842 0.0006642368956
4.844 0.0006726505047
4.846 0.0006648329253
4.848 0.0006720415414
4.85 0.0006641941522
4.852 0.0006724760272
4.854 0.0006654728068
4.856 0.0006734414286
4.858 0.000665029631
4.86 0.0006718341183
4.862 0.0006634332107
4.864 0.0006713593275
4.866 0.0006638403615
4.868 0.0006714708704
4.87 0.0006625420234
4.872 0.0006697780151
4.874 0.0006607093959
4.876 0.0006680072509
4.878 0.000659591472
4.88 0.0006666932328
4.882 0.0006570590018
4.884 0.00066384457
4.886 0.0006541638686
4.888 0.0006610705188
4.89 0.0006521048955
4.892 0.0006588477533
4.894 0.0006486784476
4.896 0.0006551256591
4.898 0.0006457261734
4.9 0.0006521498703
4.902 0.0006415841398
4.904 0.0006477700488
4.906 0.00063801119
4.908 0.0006442036198
4.91 0.0006332895238
4.912 0.0006392665797
4.914 0.0006291672558
4.916 0.0006351714841
4.918 0.0006247238181
4.92 0.0006303495005
4.922 0.0006187954938
4.924 0.0006243618951
4.926 0.0006137041509
4.928 0.0006201850877
4.93 0.0006090499221
4.932 0.0006140442052
4.934 0.0006015615408
4.936 0.0006066288475
4.938 0.0005947144552
4.94 0.0005999477539
4.942 0.0005875664091
4.944 0.0005927406723
4.946 0.0005800762293
4.948 0.0005853108019
4.95 0.0005730552432
4.952 0.00057841629
4.954 0.0005663126943
4.956 0.0005715530596
4.958 0.00055944209
4.96 0.0005653959644
4.962 0.000553033522
4.964 0.000557670888
4.966 0.0005440778179
4.968 0.0005488720743
4.97 0.0005365677197
4.972 0.0005424594915
4.974 0.0005298354841
4.976 0.0005342521779
4.978 0.0005211833439
4.98 0.0005264045461
4.982 0.0005132175858
4.984 0.0005172016392
4.986 0.0005036902127
4.988 0.000507750381
4.99 0.0004943819946
4.992 0.0004993700381
4.994 0.000485825638
4.996 0.0004896121199
4.998 0.0004757459804
5 0.0004805323202
5.002 0.0004666512789
5.004 0.0004702889775
5.006 0.0004561586931
5.008 0.0004608536601
5.01 0.0004467543074
5.012 0.0004503297398
5.014 0.0004360129035
5.016 0.0004406840948
5.018 0.0004264230815
5.02 0.0004308910542
5.022 0.0004162429773
5.024 0.0004196663478
5.026 0.0004049928049
5.028 0.0004096038557
5.03 0.0003950760407
5.032 0.0003995370274
5.034 0.0003846699804
5.036 0.0003881137089
5.038 0.0003732553439
5.04 0.0003779335959
5.042 0.0003641773265
5.044 0.0003685378493
5.046 0.0003531697736
5.048 0.0003562263743
5.05 0.0003410014481
5.052 0.0003455706333
5.054 0.0003315737336
5.056 0.0003359482926
5.058 0.0003203993615
5.06 0.0003235283402
5.062 0.0003081811375
5.064 0.0003128916727
5.066 0.0002988332122
5.068 0.0003033870793
5.07 0.0002877895253
5.072 0.000291108583
5.074 0.0002757372506
5.076 0.0002806752211
5.078 0.0002666180859
5.08 0.0002714023497
5.082 0.0002557920492
5.084 0.0002602960685
5.086 0.000244718254
5.088 0.0002495210491
5.09 0.0002349778983
5.092 0.0002397549356
5.094 0.0002239037746
5.096 0.0002275289028
5.098 0.0002120430021
5.1 0.0002174138446
5.102 0.000203357489
5.104 0.0002096213955
5.106 0.0001948142548
5.108 0.0001992837324
5.11 0.000182878389
5.112 0.0001864774826
5.114 0.0001707327415
5.116 0.000176278698
5.118 0.000162145319
5.12 0.0001687169673
5.122 0.0001539192351
5.124 0.0001587212897
5.126 0.0001423495887
5.128 0.0001463520328
5.13 0.0001307290272
5.132 0.0001367720185
5.134 0.0001228317343
5.136 0.0001299502791
5.138 0.0001153609194
5.14 0.000120699434
5.142 0.0001045244415
5.144 0.0001100916322
5.146 9.550704588e-05
5.148 0.0001015059096
5.15 8.583358223e-05
5.152 9.190630698e-05
5.154 7.764102672e-05
5.156 8.510957377e-05
5.158 7.049750468e-05
5.16 7.63236915e-05
5.162 6.025060073e-05
5.164 6.641966171e-05
5.166 5.206439048e-05
5.168 5.874649143e-05
5.17 4.440169807e-05
5.172 5.098885648e-05
5.174 3.664451506e-05
5.176 4.328719083e-05
5.178 2.896835489e-05
5.18 3.572280229e-05
5.182 2.145068831e-05
5.184 2.834241098e-05
5.186 1.413152538e-05
5.188 2.117444009e-05
5.19 7.034479256e-06
5.192 1.423715081e-05
5.194 1.741779555e-07
5.196 7.541965063e-06
5.198 -6.440118932e-06
5.2 2.192696669e-06
5.202 -1.192897166e-05
5.204 -4.646964398e-06
5.206 -2.013091026e-05
5.208 -1.23120036e-05
5.21 -2.588604819e-05
5.212 -1.632281385e-05
5.214 -3.005411919e-05
5.216 -2.208687781e-05
5.218 -3.611641555e-05
5.22 -2.790021686e-05
5.222 -4.156991894e-05
5.224 -3.197105902e-05
5.226 -4.56691909e-05
5.228 -3.740654259e-05
5.23 -5.132485364e-05
5.232 -4.271365422e-05
5.234 -5.621842847e-05
5.236 -4.615677388e-05
5.238 -5.965519601e-05
5.24 -5.090675135e-05
5.242 -6.459278592e-05
5.244 -5.431397786e-05
5.246 -6.779203948e-05
5.248 -5.877314226e-05
5.25 -7.235612147e-05
5.252 -6.175069676e-05
5.254 -7.508190385e-05
5.256 -6.571870955e-05
5.258 -7.913067215e-05
5.26 -6.814898108e-05
5.262 -8.12922461e-05
5.264 -7.155289929e-05
5.266 -8.47701304e-05
5.268 -7.33937123e-05
5.27 -8.633717811e-05
5.272 -7.621299477e-05
5.274 -8.923209595e-05
5.276 -7.745941764e-05
5.278 -9.0206116e-05
5.28 -7.850783066e-05
5.282 -9.158061985e-05
5.284 -8.108115751e-05
5.286 -9.401679599e-05
5.288 -8.178410218e-05
5.29 -9.435711077e-05
5.292 -8.215805641e-05
5.294 -9.502042191e-05
5.296 -8.40100352e-05
5.298 -9.671169912e-05
5.3 -8.393164182e-05
5.302 -9.503342403e-05
5.304 -8.252911206e-05
5.306 -9.561390703e-05
5.308 -8.46960217e-05
5.31 -9.746307534e-05
5.312 -8.442574589e-05
5.314 -9.668241533e-05
5.316 -8.352150744e-05
5.318 -9.598103603e-05
5.32 -8.270809203e-05
5.322 -9.51973459e-05
5.324 -8.178724505e-05
5.326 -9.424417358e-05
5.328 -8.067516261e-05
5.33 -9.307322654e-05
5.332 -7.933074023e-05
5.334 -9.165651456e-05
5.336 -7.773167164e-05
5.338 -8.997844309e-05
5.34 -7.586619215e-05
5.342 -8.803025985e-05
5.344 -7.372780079e-05
5.346 -8.580791981e-05
5.348 -7.131365811e-05
5.35 -8.202331209e-05
5.352 -6.759965773e-05
5.354 -8.000907635e-05
5.356 -6.709816703e-05
5.358 -7.900668252e-05
5.36 -6.377388341e-05
5.362 -7.376107139e-05
5.364 -5.86137995e-05
5.366 -7.058651706e-05
5.368 -5.571675902e-05
5.37 -6.755305243e-05
5.372 -5.219666146e-05
5.374 -6.255780515e-05
5.376 -4.716362475e-05
5.378 -5.922327774e-05
5.38 -4.533350047e-05
5.382 -5.685176099e-05
5.384 -4.05591732e-05
5.386 -5.009688569e-05
5.388 -3.388814129e-05
5.39 -4.546440035e-05
5.392 -2.95468958e-05
5.394 -3.96472502e-05
5.396 -2.352006809e-05
5.398 -3.534608629e-05
5.4 -1.935018066e-05
5.402 -3.089420064e-05
5.404 -1.43132922e-05
5.406 -2.426869497e-05
5.408 -7.609054273e-06
5.41 -1.929180368e-05
5.412 -2.798012762e-06
5.414 -1.281531635e-05
5.416 3.981537682e-06
5.418 -7.685636722e-06
5.42 9.073090136e-06
5.422 -8.516805939e-07
5.424 1.626463735e-05
5.426 4.67219894e-06
5.428 2.173107577e-05
5.43 1.188609631e-05
5.432 2.926949165e-05
5.434 1.768038743e-05
5.436 3.495366338e-05
5.438 2.509282064e-05
5.44 4.270087292e-05
5.442 3.109266809e-05
5.444 4.858213462e-05
5.446 3.874847202e-05
5.448 5.664261692e-05
5.45 4.513922961e-05
5.452 6.299652886e-05
5.454 5.330285003e-05
5.456 7.154125759e-05
5.458 6.157688637e-05
5.46 7.946674877e-05
5.462 6.785699409e-05
5.464 8.593953431e-05
5.466 7.623848222e-05
5.468 9.48132265e-05
5.47 8.488737699e-05
5.472 0.0001031534378
5.474 9.159391756e-05
5.476 0.0001100868804
5.478 0.0001004571135
5.48 0.0001194404483
5.482 0.0001095749751
5.484 0.0001282402383
5.486 0.0001167146072
5.488 0.0001356018165
5.49 0.0001260216367
5.492 0.0001468907849
5.494 0.000136758819
5.496 0.0001552255083
5.498 0.0001429244174
5.5 0.000161786875
5.502 0.0001518426061
5.504 0.0001713388228
5.506 0.0001613083973
5.508 0.0001805650022
5.51 0.0001704383962
5.512 0.0001896673769
5.514 0.0001779410895
5.516 0.000197524398
5.518 0.0001878627365
5.52 0.0002095405763
5.522 0.0001993404113
5.524 0.0002185650291
5.526 0.0002061394445
5.528 0.0002257718634
5.53 0.0002157678078
5.532 0.0002376009659
5.534 0.0002271804153
5.536 0.0002465843469
5.538 0.0002339706287
5.54 0.000253822652
5.542 0.0002436892914
5.544 0.0002657879853
5.546 0.0002552463873
5.548 0.0002748938449
5.55 0.0002621358942
5.552 0.0002822406943
5.554 0.0002719981647
5.556 0.0002943793497
5.558 0.0002837226854
5.56 0.0003036101182
5.562 0.0002907176914
5.564 0.0003111094058
5.566 0.0003007882758
5.568 0.000323488004
5.57 0.00031274576
5.572 0.0003329270508
5.574 0.0003199063155
5.576 0.0003405336262
5.578 0.0003300591628
5.58 0.0003529835372
5.582 0.0003420360986
5.584 0.0003623821087
5.586 0.0003490973321
5.588 0.0003698906791
5.59 0.0003591605072
5.592 0.0003822662326
5.594 0.000371071226
5.596 0.0003915344095
5.598 0.0003779719941
5.6 0.000398862321
5.602 0.0003878787783
5.604 0.0004110976119
5.606 0.0003996130031
5.608 0.0004201720401
5.61 0.000406269813
5.612 0.0004272478738
5.614 0.0004159503635
5.616 0.0004392809524
5.618 0.0004274743139
5.62 0.0004480887526
5.622 0.000433816322
5.624 0.0004548415244
5.626 0.0004431998897
5.628 0.0004666012385
5.63 0.0004544400512
5.632 0.0004750874364
5.634 0.000460426792
5.636 0.0004814874765
5.638 0.0004695122851
5.64 0.0004929950197
5.642 0.0004804815002
5.644 0.0005011624169
5.646 0.0004861089991
5.648 0.0005072143514
5.65 0.0004948602472
5.652 0.0005184042438
5.654 0.0005055187302
5.656 0.0005262407865
5.658 0.0005107909609
5.66 0.0005319337243
5.662 0.0005192092556
5.664 0.0005428144505
5.666 0.0005295571765
5.668 0.0005502997588
5.67 0.0005344387022
5.672 0.0005555831421
5.674 0.0005424666645
5.676 0.0005660771679
5.678 0.0005523896037
5.68 0.0005730922921
5.682 0.0005567668494
5.684 0.0005778890752
5.686 0.0005643333685
5.688 0.0005879558882
5.69 0.0005738338684
5.692 0.0005945123297
5.694 0.0005777132994
5.696 0.0005988131867
5.698 0.0005848192376
5.7 0.0006084505315
5.702 0.0005938721196
5.704 0.0006145118854
5.706 0.0005972142173
5.708 0.0006182722956
5.71 0.0006038170081
5.712 0.0006274313409
5.714 0.0006123769819
5.716 0.0006329636631
5.718 0.0006151678609
5.72 0.0006361717076
5.722 0.000621248164
5.724 0.0006448602707
5.726 0.0006293537889
5.728 0.0006498982216
5.73 0.0006316021228
5.732 0.0006525747091
5.734 0.0006371955898
5.736 0.0006608056472
5.738 0.000644833087
5.74 0.0006653471563
5.742 0.0006465631828
5.744 0.0006675196346
5.746 0.0006516914272
5.748 0.0006753263156
5.75 0.0006588992597
5.752 0.0006794070661
5.754 0.0006601369039
5.756 0.0006810982226
5.758 0.0006648286961
5.76 0.0006885049105
5.762 0.0006716363149
5.764 0.0006921511835
5.766 0.0006724093074
5.768 0.0006933862405
5.77 0.000676686261
5.772 0.0007004163114
5.774 0.0006831191635
5.776 0.0007036561816
5.778 0.0006834514151
5.78 0.0007044567459
5.782 0.0006873316693
5.784 0.0007111243563
5.786 0.0006933891968
5.788 0.0007139433389
5.79 0.0006932630013
5.792 0.0007142888752
5.794 0.0006967270099
5.796 0.000720574593
5.798 0.0007023946799
5.8 0.0007229639198
5.802 0.0007018023564
5.804 0.0007228490865
5.806 0.0007048412679
5.808 0.0007287426156
5.81 0.0007101098251
5.812 0.0007306933446
5.814 0.0007090432429
5.816 0.0007301105898
5.818 0.0007116538585
5.82 0.0007356142056
5.822 0.0007165282048
5.824 0.0007371358763
5.826 0.0007150094029
5.828 0.0007361271079
5.83 0.0007172576622
5.832 0.0007413241538
5.834 0.0007218311313
5.836 0.000742508021
5.838 0.000719939208
5.84 0.000741130902
5.842 0.0007218524652
5.844 0.0007460242775
5.846 0.0007261151594
5.848 0.0007468598126
5.85 0.0007238314835
5.852 0.0007450880581
5.854 0.0007253793973
5.856 0.0007496452702
5.858 0.0007293075937
5.86 0.0007501120144
5.862 0.00072662047
5.864 0.0007479426944
5.866 0.0007278172032
5.868 0.0007521891396
5.87 0.0007314193824
5.872 0.0007522828376
5.874 0.0007283231107
5.876 0.0007497343576
5.878 0.000729158748
5.88 0.0007536066824
5.882 0.0007323046179
5.884 0.0007531610552
5.886 0.0007286230134
5.888 0.0007500063906
5.89 0.0007289307993
5.892 0.0007534485465
5.894 0.0007317328011
5.896 0.0007526715688
5.898 0.0007277077689
5.9 0.0007492041804
5.902 0.0007277546279
5.904 0.0007524369044
5.906 0.0007303470828
5.908 0.0007514167692
5.91 0.0007260448898
5.912 0.0007476834518
5.914 0.0007258719726
5.916 0.0007507408244
5.918 0.0007282860831
5.92 0.0007495040263
5.922 0.0007237306981
5.924 0.0007455284061
5.926 0.0007233618684
5.928 0.0007484330189
5.93 0.00072561919
5.932 0.0007469985162
5.934 0.0007208279102
5.936 0.0007427950707
5.938 0.000720273393
5.94 0.0007455512706
5.942 0.0007223777965
5.944 0.0007439249556
5.946 0.0007173572032
5.948 0.0007395001245
5.95 0.0007166287538
5.952 0.0007421280941
5.954 0.000718599963
5.956 0.0007403248649
5.958 0.0007133637749
5.96 0.0007356933937
5.962 0.000712474483
5.964 0.0007382032548
5.966 0.0007143221112
5.968 0.000736232324
5.97 0.0007088789445
5.972 0.0007314015586
5.974 0.0007078520343
5.976 0.0007338164143
5.978 0.0007096035406
5.98 0.0007317044157
5.982 0.0007039836025
5.984 0.0007267118851
5.986 0.0007028103089
5.988 0.0007290271542
5.99 0.0007044621801
5.992 0.0007267888197
5.994 0.0006986815586
5.996 0.0007216448965
5.998 0.0006974307144
6 0.000723940511
6.002 0.0006990653646
6.004 0.0007216412025
6.006 0.0006931892997
6.008 0.0007164181531
6.01 0.0006919138495
6.012 0.0007187356886
6.014 0.0006935645664
6.016 0.0007164067312
6.018 0.0006876183334
6.02 0.0007111231951
6.022 0.0006863322549
6.024 0.0007134735399
6.026 0.0006880027864
6.028 0.0007111097124
6.03 0.0006819695075
6.032 0.0007057400183
6.034 0.000680638639
6.036 0.0007080823189
6.038 0.0006822922894
6.04 0.0007056450101
6.042 0.0006761390479
6.044 0.0007001714805
6.046 0.0006747616235
6.048 0.0007026230542
6.05 0.0006765938536
6.052 0.0007001955475
6.054 0.0006702683017
6.056 0.0006944678027
6.058 0.0006686448363
6.06 0.0006966018703
6.062 0.0006700766759
6.064 0.0006939428513
6.066 0.0006637073742
6.068 0.0006883456522
6.07 0.0006624431778
6.072 0.0006909594
6.074 0.0006644032197
6.076 0.0006887518973
6.078 0.0006583436302
6.08 0.0006833790186
6.082 0.0006572143757
6.084 0.0006861204548
6.086 0.0006592631354
6.088 0.0006839288998
6.09 0.0006532088387
6.092 0.0006786054645
6.094 0.000652193046
6.096 0.0006815176224
6.098 0.0006544059829
6.1 0.0006794362302
6.102 0.0006484225285
6.104 0.0006742048548
6.106 0.0006475572483
6.108 0.0006773199409
6.11 0.0006499711742
6.112 0.0006753925655
6.114 0.0006440905752
6.116 0.0006702692896
6.118 0.0006433827405
6.12 0.0006735948987
6.122 0.0006460103194
6.124 0.0006718491578
6.126 0.0006402788657
6.128 0.0006668957891
6.13 0.0006398048143
6.132 0.0006705159759
6.134 0.0006427335042
6.136 0.0006690356972
6.138 0.0006372353609
6.14 0.0006643296297
6.142 0.0006370633804
6.144 0.0006683151701
6.146 0.0006403699989
6.148 0.0006671797188
6.15 0.0006351831118
6.152 0.0006628132613
6.154 0.0006354241797
6.156 0.0006672682884
6.158 0.0006391948424
6.16 0.0006665472796
6.162 0.0006343789693
6.164 0.0006625642875
6.166 0.0006350595775
6.168 0.0006675105899
6.17 0.0006393154082
6.172 0.0006672235343
6.174 0.0006348844914
6.176 0.0006636333548
6.178 0.0006360071037
6.18 0.0006690638309
6.182 0.0006407323304
6.184 0.0006691883174
6.186 0.0006366594039
6.188 0.0006659602907
6.19 0.0006381940112
6.192 0.0006718507663
6.194 0.0006433670039
6.196 0.0006723632274
6.198 0.0006396266932
6.2 0.0006694671297
6.202 0.0006415389302
6.204 0.0006758149959
6.206 0.0006472115199
6.208 0.0006767678475
6.21 0.0006438073112
6.212 0.0006741643378
6.214 0.0006460463278
6.216 0.0006808471864
6.218 0.0006519923365
6.22 0.0006819591249
6.222 0.0006488756587
6.224 0.0006796695426
6.226 0.000651475772
6.228 0.0006868664432
6.23 0.0006578656031
6.232 0.0006884967119
6.234 0.0006550396765
6.236 0.0006865360625
6.238 0.0006580429874
6.24 0.0006940796894
6.242 0.0006648394304
6.244 0.000695990579
6.246 0.0006623028391
6.248 0.000694322547
6.25 0.0006656682021
6.252 0.0007023079391
6.254 0.0006729176099
6.256 0.0007046178122
6.258 0.0006707287966
6.26 0.0007033175758
6.262 0.0006745264174
6.264 0.00071177184
6.266 0.000682210687
6.268 0.0007144640401
6.27 0.00068035337
6.272 0.0007135031326
6.274 0.0006845350242
6.276 0.0007223921809
6.278 0.0006926550139
6.28 0.000725472828
6.282 0.0006911345345
6.284 0.0007248582496
6.286 0.0006957103932
6.288 0.0007341821227
6.29 0.0007042454197
6.292 0.0007376121745
6.294 0.0007029715658
6.296 0.0007372222436
6.298 0.0007078375737
6.3 0.0007469028733
6.302 0.0007167281037
6.304 0.0007506275675
6.306 0.0007157314442
6.308 0.0007505393009
6.31 0.0007209536009
6.312 0.0007605952868
6.314 0.0007301571996
6.316 0.0007645574746
6.318 0.0007293356237
6.32 0.0007646431012
6.322 0.0007347700961
6.324 0.0007749734363
6.326 0.0007442743023
6.328 0.0007791869192
6.33 0.0007436463245
6.332 0.0007794658563
6.334 0.00074931814
6.336 0.000790074473
6.338 0.0007590799349
6.34 0.0007944756834
6.342 0.000758572484
6.344 0.0007948647834
6.346 0.0007643927291
6.348 0.0008056660664
6.35 0.0007743330468
6.352 0.0008101804812
6.354 0.0007738709501
6.356 0.0008106158698
6.358 0.0007797892621
6.36 0.0008215597622
6.362 0.000789884178
6.364 0.0008261366644
6.366 0.0007894550623
6.368 0.0008266508912
6.37 0.0007954976603
6.372 0.0008377084404
6.374 0.0008056006182
6.376 0.0008422753478
6.378 0.0008051341365
6.38 0.0008427599055
6.382 0.0008111758459
6.384 0.0008538181707
6.386 0.0008212496403
6.388 0.0008582722317
6.39 0.0008205561242
6.392 0.0008585420284
6.394 0.0008265049097
6.396 0.0008696453892
6.398 0.0008366058172
6.4 0.0008740052877
6.402 0.000835812896
6.404 0.0008741921304
6.406 0.0008416745037
6.408 0.0008852345176
6.41 0.0008517593398
6.412 0.0008895542117
6.414 0.0008508465115
6.416 0.0008895836553
6.418 0.0008566006825
6.42 0.0009005765107
6.422 0.000866616165
6.424 0.0009047704152
6.426 0.0008654294359
6.428 0.0009044822228
6.43 0.0008709384949
6.432 0.0009153131102
6.434 0.0008807879654
6.436 0.0009192316998
6.438 0.0008792960982
6.44 0.0009186391335
6.442 0.0008845694169
6.444 0.000929253726
6.446 0.000894152274
6.448 0.0009328569728
6.45 0.0008923043214
6.452 0.0009319409719
6.454 0.0008972807142
6.456 0.0009423135199
6.458 0.0009066083527
6.46 0.0009455599435
6.462 0.0009043026975
6.464 0.000944144075
6.466 0.0009087933341
6.468 0.0009541040846
6.47 0.0009177193549
6.472 0.000956891521
6.474 0.0009149128777
6.476 0.0009549267794
6.478 0.0009189141378
6.48 0.0009644204812
6.482 0.0009273554208
6.484 0.0009667331206
6.486 0.0009239815997
6.488 0.0009642718507
6.49 0.0009275400367
6.492 0.000973394997
6.494 0.00093559619
6.496 0.0009752214529
6.498 0.0009316879053
6.5 0.0009721884752
6.502 0.0009347651746
6.504 0.0009808423741
6.506 0.0009423448165
6.508 0.0009820921355
6.51 0.0009377845548
6.512 0.0009784066429
6.514 0.0009402836512
6.516 0.0009865456821
6.518 0.0009473334103
6.52 0.0009871667772
6.522 0.0009420700464
6.524 0.0009828124571
6.526 0.0009439417216
6.528 0.0009904175256
6.53 0.0009504242196
6.532 0.0009904248611
6.534 0.0009445048434
6.536 0.000985418951
6.538 0.0009457661773
6.54 0.0009924620481
6.542 0.0009516756663
6.544 0.0009918218672
6.546 0.0009450082539
6.548 0.000986095932
6.55 0.0009456825247
6.552 0.0009925962922
6.554 0.0009510320441
6.556 0.0009913379332
6.558 0.0009437278926
6.56 0.0009849163864
6.562 0.0009437237103
6.564 0.0009907577583
6.566 0.0009484313645
6.568 0.0009887842493
6.57 0.0009403374284
6.572 0.0009815985995
6.574 0.0009396140503
6.576 0.000986782247
6.578 0.0009436322083
6.58 0.0009840822177
6.582 0.0009346936768
6.584 0.0009761110126
6.586 0.0009332257634
6.588 0.0009806149939
6.59 0.0009365270155
6.592 0.0009770892428
6.594 0.0009267707397
6.596 0.0009683652463
6.598 0.0009246118609
6.6 0.0009720928355
6.602 0.0009270682367
6.604 0.0009676938892
6.606 0.0009163767042
6.608 0.0009579423854
6.61 0.0009132552688
6.612 0.0009609118823
6.614 0.0009150230488
6.616 0.0009557492797
6.618 0.000903467923
6.62 0.0009451584291
6.622 0.0008995919565
6.624 0.0009474209059
6.626 0.0009006359038
6.628 0.0009414666955
6.63 0.0008882456981
6.632 0.0009300245906
6.634 0.0008835714905
6.636 0.0009315775664
6.638 0.000883872211
6.64 0.0009248289283
6.642 0.0008705942939
6.644 0.0009124218563
6.646 0.0008649880409
6.648 0.0009131347495
6.65 0.0008644975381
6.652 0.0009055516461
6.654 0.0008503440503
6.656 0.0008923908268
6.658 0.0008440688133
6.66 0.0008924519724
6.662 0.0008428795823
6.664 0.000884080807
6.666 0.0008278818407
6.668 0.0008700696662
6.67 0.0008208275874
6.672 0.0008694083332
6.674 0.0008189157495
6.676 0.0008602500318
6.678 0.0008030725805
6.68 0.0008454021854
6.682 0.0007952714374
6.684 0.0008440396765
6.686 0.0007926616366
6.688 0.0008340547325
6.69 0.0007759124095
6.692 0.0008182729912
6.694 0.0007672386964
6.696 0.0008161121705
6.698 0.0007638551015
6.7 0.0008053414856
6.702 0.0007462546246
6.704 0.0007887497673
6.706 0.0007368223982
6.708 0.0007859058473
6.71 0.0007327225352
6.712 0.0007743819943
6.714 0.0007143536491
6.716 0.0007570482651
6.718 0.0007042536859
6.72 0.0007535955175
6.722 0.0006995297136
6.724 0.0007413798489
6.726 0.0006804144302
6.728 0.0007233104475
6.73 0.0006696320536
6.732 0.0007192269645
6.734 0.0006642809198
6.736 0.0007063209906
6.738 0.0006444098734
6.74 0.0006874926235
6.742 0.000632956296
6.744 0.0006828072359
6.746 0.0006270125317
6.748 0.0006692432343
6.75 0.0006064439208
6.752 0.0006497336106
6.754 0.0005943822825
6.756 0.0006445056919
6.758 0.0005876084084
6.76 0.0006292665469
6.762 0.0005647368963
6.764 0.0006075295718
6.766 0.0005507021677
6.768 0.0006004732261
6.77 0.000542479317
6.772 0.0005846185268
6.774 0.0005196237408
6.776 0.0005629421579
6.778 0.0005055953587
6.78 0.0005559463172
6.782 0.0004974626964
6.784 0.0005401559838
6.786 0.0004746283384
6.788 0.0005185481071
6.79 0.0004607916004
6.792 0.0005118458693
6.794 0.0004529179295
6.796 0.0004962134941
6.798 0.00043015164
6.8 0.0004746621017
6.802 0.0004164081279
6.804 0.000468061313
6.806 0.0004085826449
6.808 0.0004523647452
6.81 0.0003856423058
6.812 0.0004305762309
6.814 0.00037166558
6.816 0.0004237748115
6.818 0.0003636030208
6.82 0.0004077497468
6.822 0.0003402335732
6.824 0.0003855046222
6.826 0.0003258743601
6.828 0.0003784071669
6.83 0.0003175020637
6.832 0.0003619501621
6.834 0.0002936510453
6.836 0.0003392321357
6.838 0.0002788125845
6.84 0.0003316272685
6.842 0.0002698426197
6.844 0.0003143579458
6.846 0.0002450127478
6.848 0.0002906781444
6.85 0.0002292949614
6.852 0.0002822815482
6.854 0.0002195334717
6.856 0.000264327801
6.858 0.0001940220069
6.86 0.0002399582538
6.862 0.0001776607375
6.864 0.0002309711286
6.866 0.0001673245204
6.868 0.0002123866474
6.87 0.0001411362747
6.872 0.0001873554972
6.874 0.000124208772
6.876 0.0001778845612
6.878 0.0001134269086
6.88 0.0001588408552
6.882 8.67812002e-05
6.884 0.0001334049678
6.886 6.954663884e-05
6.888 0.0001237359002
6.89 5.862074405e-05
6.892 0.0001045210864
6.894 3.176795198e-05
6.896 7.890648515e-05
6.898 1.444640135e-05
6.9 6.921973093e-05
6.902 3.498886287e-06
6.904 4.994354382e-05
6.906 -2.343399528e-05
6.908 2.434684059e-05
6.91 -4.083356292e-05
6.912 1.467978839e-05
6.914 -5.169011045e-05
6.916 -4.519482472e-06
6.918 -7.853237541e-05
6.92 -3.010595321e-05
6.922 -9.56591639e-05
6.924 -3.948634341e-05
6.926 -0.0001062820258
6.928 -5.850098862e-05
6.93 -0.0001329612201
6.932 -8.392118202e-05
6.934 -0.0001498575791
6.936 -9.296771255e-05
6.938 -0.0001602130466
6.94 -0.0001118418165
6.942 -0.0001869126922
6.944 -0.0001372458765
6.946 -0.0002037459925
6.948 -0.0001461610511
6.95 -0.0002137466368
6.952 -0.0001645178414
6.954 -0.0002400689689
6.956 -0.0001896426637
6.958 -0.0002565958087
6.96 -0.0001981774401
6.962 -0.0002663330372
6.964 -0.0002164918991
6.966 -0.0002925835718
6.968 -0.0002414678617
6.97 -0.0003088998425
6.972 -0.0002497973945
6.974 -0.0003184996767
6.976 -0.0002680522438
6.978 -0.0003447152672
6.98 -0.0002929232916
6.982 -0.0003608232291
6.984 -0.0003009587251
6.986 -0.0003701233037
6.988 -0.0003189609586
6.99 -0.0003961309604
6.992 -0.0003436066547
6.994 -0.0004119519434
6.996 -0.000351297873
6.998 -0.0004209119312
7 -0.0003690198852
7.002 -0.0004466954816
7.004 -0.0003934345154
7.006 -0.0004622228798
7.008 -0.0004007762181
7.01 -0.0004708436404
7.012 -0.0004181964688
7.014 -0.0004963267304
7.016 -0.000442245443
7.018 -0.0005113837427
7.02 -0.0004490166233
7.022 -0.0005193803633
7.024 -0.0004658446012
7.026 -0.0005444504046
7.028 -0.0004895865452
7.03 -0.0005595027183
7.032 -0.0004969153382
7.034 -0.000568133301
7.036 -0.0005140276353
7.038 -0.0005930816299
7.04 -0.000537356162
7.042 -0.0006072225385
7.044 -0.0005430665264
7.046 -0.0006141428778
7.048 -0.0005588910776
7.05 -0.0006381576597
7.052 -0.0005814355876
7.054 -0.0006515131898
7.056 -0.0005863226026
7.058 -0.0006576340033
7.06 -0.0006014206598
7.062 -0.0006809823023
7.064 -0.0006232944164
7.066 -0.0006936494161
7.068 -0.0006274017668
7.07 -0.0006989754567
7.072 -0.0006418114529
7.074 -0.0007216307267
7.076 -0.0006629615826
7.078 -0.0007334863081
7.08 -0.0006662859276
7.082 -0.0007381256511
7.084 -0.0006799777525
7.086 -0.0007601829635
7.088 -0.0007005790875
7.09 -0.0007714106009
7.092 -0.0007031761979
7.094 -0.0007752576412
7.096 -0.0007161648392
7.098 -0.0007966646686
7.1 -0.0007360671606
7.102 -0.0008071687732
7.104 -0.0007378903426
7.106 -0.0008102564551
7.108 -0.0007503400933
7.11 -0.0008311410515
7.112 -0.0007696155874
7.114 -0.0008409312191
7.116 -0.0007706507611
7.118 -0.0008432607776
7.12 -0.0007821759324
7.122 -0.0008633086559
7.124 -0.0008007126299
7.126 -0.0008723195702
7.128 -0.0008008961562
7.13 -0.0008737436219
7.132 -0.0008116316228
7.134 -0.000893000654
7.136 -0.0008293629156
7.138 -0.000901249896
7.14 -0.0008287737298
7.142 -0.0009019943446
7.144 -0.000838895808
7.146 -0.0009207533742
7.148 -0.0008562205421
7.15 -0.0009284367012
7.152 -0.0008550456311
7.154 -0.000928598066
7.156 -0.000864610053
7.158 -0.000946787554
7.16 -0.0008813681866
7.162 -0.0009539936575
7.164 -0.0008796427687
7.166 -0.000953470028
7.168 -0.0008885092798
7.17 -0.000971023374
7.172 -0.0009044461213
7.174 -0.0009771958343
7.176 -0.0009015596416
7.178 -0.0009755624072
7.18 -0.0009093705142
7.182 -0.0009920836409
7.184 -0.0009242960081
7.186 -0.0009972090958
7.188 -0.0009203619279
7.19 -0.0009944734279
7.192 -0.0009271177938
7.194 -0.001010019295
7.196 -0.0009410892332
7.198 -0.001014161786
7.2 -0.0009361241251
7.202 -0.001010468759
7.204 -0.0009419673057
7.206 -0.001025112844
7.208 -0.0009550166364
7.21 -0.00102836216
7.212 -0.0009491807208
7.214 -0.001023777172
7.216 -0.0009541787925
7.218 -0.001037603941
7.22 -0.0009664016882
7.222 -0.001039893838
7.224 -0.0009595140936
7.226 -0.001034297696
7.228 -0.0009645297568
7.23 -0.001048785808
7.232 -0.0009768121459
7.234 -0.001050597481
7.236 -0.000969887231
7.238 -0.001046275625
7.24 -0.000975515268
7.242 -0.001060108769
7.244 -0.0009871652432
7.246 -0.001061508147
7.248 -0.0009791845361
7.25 -0.001054752181
7.252 -0.0009821047042
7.254 -0.001066641681
7.256 -0.0009924326111
7.258 -0.001066985728
7.26 -0.0009835574111
7.262 -0.001059454053
7.264 -0.0009858293485
7.266 -0.001070768224
7.268 -0.0009955622728
7.27 -0.001070420539
7.272 -0.0009858779818
7.274 -0.001062021367
7.276 -0.0009872792773
7.278 -0.001072503378
7.28 -0.0009961888026
7.282 -0.001071254506
7.284 -0.0009855320823
7.286 -0.001061804547
7.288 -0.000985921826
7.29 -0.001071343081
7.292 -0.000993872103
7.294 -0.001069097134
7.296 -0.0009821621388
7.298 -0.00105867933
7.3 -0.0009816210071
7.302 -0.001067257349
7.304 -0.000988612763
7.306 -0.001064087167
7.308 -0.0009760073431
7.31 -0.001052817697
7.312 -0.0009746959896
7.314 -0.001060698362
7.316 -0.0009810255576
7.318 -0.001056843726
7.32 -0.0009677766684
7.322 -0.001044995175
7.324 -0.0009659813743
7.326 -0.001052473843
7.328 -0.0009719236968
7.33 -0.00104822822
7.332 -0.0009582893981
7.334 -0.001036045803
7.336 -0.0009562385258
7.338 -0.001045043127
7.34 -0.0009649011212
7.342 -0.00104270786
7.344 -0.0009521782667
7.346 -0.001030656231
7.348 -0.0009500005034
7.35 -0.001037586897
7.352 -0.0009551791934
7.354 -0.001032406194
7.356 -0.0009406226994
7.358 -0.001019425135
7.36 -0.0009379843536
7.362 -0.001026280919
7.364 -0.000943439314
7.366 -0.001021553491
7.368 -0.0009293495261
7.37 -0.001009025974
7.372 -0.0009270376293
7.374 -0.001016147917
7.376 -0.0009327530051
7.378 -0.001011635172
7.38 -0.0009212277862
7.382 -0.0009996288107
7.384 -0.0009176486366
7.386 -0.001006438585
7.388 -0.0009230098468
7.39 -0.001002346263
7.392 -0.0009091908457
7.394 -0.000990296116
7.396 -0.0009073660156
7.398 -0.001000490853
7.4 -0.0009139074333
7.402 -0.0009947392923
7.404 -0.0008995000275
7.406 -0.0009842654061
7.408 -0.0008980843266
7.41 -0.000990155423
7.412 -0.0009036737638
7.414 -0.0009852690348
7.416 -0.0008901229278
7.418 -0.0009729036768
7.42 -0.0008908709241
7.422 -0.0009809268181
7.424 -0.0008954785022
7.426 -0.000978381481
7.428 -0.0008812341824
7.43 -0.0009644485592
7.432 -0.0008807534434
7.434 -0.000971667644
7.436 -0.000885222032
7.438 -0.0009858494521
7.44 -0.0008896188858
7.442 -0.0009727015165
7.444 -0.000877811037
7.446 -0.0009577123902
7.448 -0.0008567177739
7.45 -0.0009243385621
7.452 -0.0008143205699
7.454 -0.0008876760529
7.456 -0.0007878573013
7.458 -0.0008713707591
7.46 -0.0007758070681
7.462 -0.0008492381767
7.464 -0.0007479581303
7.466 -0.0008245478633
7.468 -0.0007349373237
7.47 -0.000828431853
7.472 -0.0007371059396
7.474 -0.0008248558268
7.476 -0.0007247192132
7.478 -0.0008172544205
7.48 -0.0007293656012
7.482 -0.000831937337
7.484 -0.0007488984217
7.486 -0.0008406003566
7.488 -0.0007509770267
7.49 -0.0008442945093
7.492 -0.0007669616048
7.494 -0.0008707616191
7.496 -0.0007927094463
7.498 -0.0008867107702
7.5 -0.000799143835
7.502 -0.0008950861901
7.504 -0.0008177848044
7.506 -0.0009235234038
7.508 -0.0008439960006
7.51 -0.0009388510227
7.512 -0.0008485593524
7.514 -0.0009442915814
7.516 -0.0008632714583
7.518 -0.0009678117734
7.52 -0.0008837707441
7.522 -0.0009766250282
7.524 -0.0008813334169
7.526 -0.0009744872497
7.528 -0.0008881730717
7.53 -0.0009897392109
7.532 -0.0009003497753
7.534 -0.000990031458
7.536 -0.0008893385922
7.538 -0.0009791634201
7.54 -0.0008876470876
7.542 -0.0009859230053
7.544 -0.0008916773007
7.546 -0.0009781722563
7.548 -0.000873018506
7.55 -0.0009599832108
7.552 -0.0008645596564
7.554 -0.000962891685
7.556 -0.0008604801504
7.558 -0.0009501436678
7.56 -0.0008357780454
7.562 -0.0009282151819
7.564 -0.0008257929261
7.566 -0.0009234228877
7.568 -0.0008219829218
7.57 -0.000907440806
7.572 -0.0007983543803
7.574 -0.0008870308021
7.576 -0.0007845961094
7.578 -0.0008857004787
7.58 -0.0007806888483
7.582 -0.0008731428498
7.584 -0.0007608396632
7.586 -0.0008510916638
7.588 -0.0007527024431
7.59 -0.0008541850902
7.592 -0.0007521391766
7.594 -0.0008455176044
7.596 -0.0007361674251
7.598 -0.0008286392555
7.6 -0.0007331332179
7.602 -0.0008376649349
7.604 -0.0007383453404
7.606 -0.000834932123
7.608 -0.0007284104466
7.61 -0.0008240168906
7.612 -0.0007313487095
7.614 -0.0008387527578
7.616 -0.0007424278698
7.618 -0.0008420080324
7.62 -0.0007381156571
7.622 -0.0008364650655
7.624 -0.0007433455594
7.626 -0.0008554791817
7.628 -0.0007627917354
7.63 -0.0008608439584
7.632 -0.0007603405494
7.634 -0.0008615173194
7.636 -0.000771032818
7.638 -0.0008792500075
7.64 -0.0007888555152
7.642 -0.0008887391828
7.644 -0.0007848446596
7.646 -0.0008859444146
7.648 -0.0007960457838
7.65 -0.0009081477288
7.652 -0.0008127707322
7.654 -0.0009127883534
7.656 -0.0008109502738
7.658 -0.0009133025709
7.66 -0.0008183095445
7.662 -0.0009287690598
7.664 -0.0008354678703
7.666 -0.0009361730822
7.668 -0.0008316773546
7.67 -0.0009303824935
7.672 -0.0008375780489
7.674 -0.0009475836933
7.676 -0.0008518814638
7.678 -0.0009483870554
7.68 -0.0008415196334
7.682 -0.0009439760777
7.684 -0.00084843434
7.686 -0.0009594497392
7.688 -0.0008583240878
7.69 -0.0009577126786
7.692 -0.0008513552329
7.694 -0.0009532934142
7.696 -0.000856564207
7.698 -0.0009646804344
7.7 -0.0008656329091
7.702 -0.000965052866
7.704 -0.0008595812104
7.706 -0.0009616731964
7.708 -0.0008648815781
7.71 -0.0009736461231
7.712 -0.0008742921046
7.714 -0.0009745011085
7.716 -0.0008687725489
7.718 -0.0009719832393
7.72 -0.0008749651836
7.722 -0.0009849603085
7.724 -0.0008856783304
7.726 -0.0009875054322
7.728 -0.0008821246388
7.73 -0.0009868858004
7.732 -0.0008908917332
7.734 -0.001005915442
7.736 -0.0009065429641
7.738 -0.001012790059
7.74 -0.0009060690178
7.742 -0.001015345012
7.744 -0.0009229118148
7.746 -0.001042184764
7.748 -0.0009466827272
7.75 -0.001054454919
7.752 -0.0009484364003
7.754 -0.001055022845
7.756 -0.0009589362969
7.758 -0.001076905942
7.76 -0.0009799977382
7.762 -0.001091156436
7.764 -0.0009848085771
7.766 -0.001095669719
7.768 -0.0009985062827
7.77 -0.001117863834
7.772 -0.001018966894
7.774 -0.001127419327
7.776 -0.001018807382
7.778 -0.001125943807
7.78 -0.001027447192
7.782 -0.001145870943
7.784 -0.001046694185
7.786 -0.001155458498
7.788 -0.001046639946
7.79 -0.00115707247
7.792 -0.001061153636
7.794 -0.001181352647
7.796 -0.001082006078
7.798 -0.001190862192
7.8 -0.001081053763
7.802 -0.001191892802
7.804 -0.001090682034
7.806 -0.001211337761
7.808 -0.001109267627
7.81 -0.001219488436
7.812 -0.001108797217
7.814 -0.001220337997
7.816 -0.001120311566
7.818 -0.00124117295
7.82 -0.001139913537
7.822 -0.001250386235
7.824 -0.001139852295
7.826 -0.001251826621
7.828 -0.001151843943
7.83 -0.001273434365
7.832 -0.001172148838
7.834 -0.001283378639
7.836 -0.001172974242
7.838 -0.001285901671
7.84 -0.001185555605
7.842 -0.001307792918
7.844 -0.001206165045
7.846 -0.001318443239
7.848 -0.001207725478
7.85 -0.001321499969
7.852 -0.001221153764
7.854 -0.001344443786
7.856 -0.0012430746
7.858 -0.001356295914
7.86 -0.001245386959
7.862 -0.001360198847
7.864 -0.001259634154
7.866 -0.001383974419
7.868 -0.001282158029
7.87 -0.001396535907
7.872 -0.001285582929
7.874 -0.00140190812
7.876 -0.00130114991
7.878 -0.001426663651
7.88 -0.001324602706
7.882 -0.001440116117
7.884 -0.001329039787
7.886 -0.001446356414
7.888 -0.001345380842
7.89 -0.001471815313
7.892 -0.001369953307
7.894 -0.001486277109
7.896 -0.001375784449
7.898 -0.001493481544
7.9 -0.001393232897
7.902 -0.001519978169
7.904 -0.001418545622
7.906 -0.001535253325
7.908 -0.001424944598
7.91 -0.0015430784
7.912 -0.001443145931
7.914 -0.001570449754
7.916 -0.001469211177
7.918 -0.001586408753
7.92 -0.001476306262
7.922 -0.001594897753
7.924 -0.001494989333
7.926 -0.001622584206
7.928 -0.00152142461
7.93 -0.001639513301
7.932 -0.001530050517
7.934 -0.001649778192
7.936 -0.001550137395
7.938 -0.001678940226
7.94 -0.001578114821
7.942 -0.001696864122
7.944 -0.001549883486
7.946 -0.001651843713
7.948 -0.001559492676
7.95 -0.00169011754
7.952 -0.001586895297
7.954 -0.001706334344
7.956 -0.001595768087
7.958 -0.001680160812
7.96 -0.001562277269
7.962 -0.001701175936
7.964 -0.001602460739
7.966 -0.001722634938
7.968 -0.001577057956
7.97 -0.001682233717
7.972 -0.00159288215
7.974 -0.001727647483
7.976 -0.00158894772
7.978 -0.00165731825
7.98 -0.00154056438
7.982 -0.001678396341
7.984 -0.001543946111
7.986 -0.001623121434
7.988 -0.001516694943
7.99 -0.001655873723
7.992 -0.001513817888
7.994 -0.001587229137
7.996 -0.0014847934
7.998 -0.001637119327
8 -0.001506410316
8.002 -0.001621154321
8.004 -0.001530485225
8.006 -0.001629703184
8.008 -0.001481528115
8.01 -0.001619750086
8.012 -0.001501955523
8.014 -0.001583783754
8.016 -0.00147728087
8.018 -0.001630929979
8.02 -0.001505859192
8.022 -0.001637771462
8.024 -0.001560963541
8.026 -0.001666478039
8.028 -0.001552594504
8.03 -0.001708446156
8.032 -0.001586642479
8.034 -0.001721384141
8.036 -0.001646768811
8.038 -0.001754148013
8.04 -0.001640909364
8.042 -0.001756831809
8.044 -0.001614941359
8.046 -0.001758868343
8.048 -0.001644644683
8.05 -0.001771588681
8.052 -0.001686729134
8.054 -0.001795056444
8.056 -0.001689226929
8.058 -0.001812907307
8.06 -0.00170913024
8.062 -0.001863551491
8.064 -0.001730153253
8.066 -0.001855834973
8.068 -0.001738224136
8.07 -0.001875796269
8.072 -0.001754280512
8.074 -0.00184114759
8.076 -0.001732239203
8.078 -0.001850199515
8.08 -0.001743039412
8.082 -0.001865236616
8.084 -0.001758871067
8.086 -0.00187069911
8.088 -0.001757133886
8.09 -0.001869927422
8.092 -0.00172272803
8.094 -0.001822084409
8.096 -0.001683049952
8.098 -0.00177587109
8.1 -0.00162768736
8.102 -0.001722821452
8.104 -0.001584171609
8.106 -0.001688260642
8.108 -0.001549474939
8.11 -0.001646394488
8.112 -0.001501006094
8.114 -0.001601559196
8.116 -0.00146723506
8.118 -0.001578019841
8.12 -0.00144463006
8.122 -0.001549270617
8.124 -0.001410781851
8.126 -0.001519266932
8.128 -0.001392147037
8.13 -0.001511161866
8.132 -0.001385423492
8.134 -0.001498181813
8.136 -0.001366961345
8.138 -0.001483424763
8.14 -0.001363357173
8.142 -0.00148992699
8.144 -0.001370865481
8.146 -0.001490794594
8.148 -0.001366064298
8.15 -0.001489116184
8.152 -0.001374692632
8.154 -0.001507069562
8.156 -0.001392717466
8.158 -0.001517690437
8.16 -0.001396642859
8.162 -0.001523942625
8.164 -0.001412604205
8.166 -0.001548465665
8.168 -0.001436575847
8.17 -0.001564662571
8.172 -0.001445653018
8.174 -0.001575297525
8.176 -0.001465161983
8.178 -0.001602740356
8.18 -0.001491712509
8.182 -0.001621052286
8.184 -0.00150255515
8.186 -0.001633275722
8.188 -0.001523348239
8.19 -0.001661784608
8.192 -0.00155068073
8.194 -0.001680718612
8.196 -0.001562358375
8.198 -0.001693616429
8.2 -0.001583512206
8.202 -0.001674589745
8.204 -0.001539467647
8.206 -0.001679271167
8.208 -0.001563603004
8.21 -0.001692171422
8.212 -0.00158246522
8.214 -0.001720011768
8.216 -0.001608946996
8.218 -0.001739416524
8.22 -0.001622168146
8.222 -0.001754992066
8.224 -0.001646679509
8.226 -0.001738829175
8.228 -0.001602876716
8.23 -0.001745834578
8.232 -0.001583169363
8.234 -0.001689547893
8.236 -0.001591877232
8.238 -0.001736345557
8.24 -0.001625883068
8.242 -0.00176150303
8.244 -0.001646354547
8.246 -0.001735119573
8.248 -0.001601790025
8.25 -0.001757727168
8.252 -0.001654922197
8.254 -0.001742805903
8.256 -0.001604091651
8.258 -0.00175473439
8.26 -0.001655438029
8.262 -0.001752922428
8.264 -0.001623086336
8.266 -0.001774916421
8.268 -0.001669941217
8.27 -0.001762589833
8.272 -0.001635464167
8.274 -0.001797281234
8.276 -0.001701028137
8.278 -0.001794556544
8.28 -0.00166087687
8.282 -0.001819427461
8.284 -0.001727885742
8.286 -0.001832833874
8.288 -0.001657610828
8.29 -0.001786367438
8.292 -0.001695751512
8.294 -0.001846240199
8.296 -0.001698721607
8.298 -0.001825522025
8.3 -0.001738274632
8.302 -0.00189057002
8.304 -0.001786094217
8.306 -0.001887272481
8.308 -0.001761508727
8.31 -0.001929824463
8.312 -0.00183617493
8.314 -0.00198594847
8.316 -0.001833735199
8.318 -0.001904255845
8.32 -0.001789102628
8.322 -0.001959776361
8.324 -0.001864334001
8.326 -0.002014240152
8.328 -0.001860127163
8.33 -0.001929188538
8.332 -0.001812458924
8.334 -0.001982718525
8.336 -0.001886754205
8.338 -0.002036890365
8.34 -0.001882558884
8.342 -0.001951819875
8.344 -0.001782590351
8.346 -0.001921938768
8.348 -0.001835490794
8.35 -0.001988793642
8.352 -0.001884748283
8.354 -0.001987594651
8.356 -0.001808891519
8.358 -0.001895932113
8.36 -0.001728291628
8.362 -0.001860584047
8.364 -0.001770449294
8.366 -0.001927265731
8.368 -0.001833576046
8.37 -0.001998464643
8.372 -0.001854741129
8.374 -0.001929168175
8.376 -0.001757136367
8.378 -0.001844311638
8.38 -0.001679006434
8.382 -0.001823154857
8.384 -0.001742737714
8.386 -0.00190426044
8.388 -0.001807857564
8.39 -0.001972466676
8.392 -0.001886746294
8.394 -0.002059762022
8.396 -0.001922282429
8.398 -0.002002487912
8.4 -0.001834577288
8.402 -0.001926197873
8.404 -0.001763386201
8.406 -0.001857753598
8.408 -0.001692684837
8.41 -0.001778957831
8.412 -0.001606996756
8.414 -0.001693760432
8.416 -0.001528920414
8.418 -0.00167612266
8.42 -0.001600483085
8.422 -0.001769310308
8.424 -0.001680048679
8.426 -0.001854157883
8.428 -0.001776922261
8.43 -0.001960648921
8.432 -0.001885723003
8.434 -0.002065064219
8.436 -0.001985787337
8.438 -0.002166651818
8.44 -0.002094183894
8.442 -0.002280205916
8.444 -0.002205064158
8.446 -0.002382399918
8.448 -0.002298975736
8.45 -0.00247440944
8.452 -0.002393903134
8.454 -0.002571228981
8.456 -0.002485796747
8.458 -0.002653018233
8.46 -0.002558007357
8.462 -0.002722083831
8.464 -0.002629088479
8.466 -0.002794455545
8.468 -0.002696650386
8.47 -0.002851679299
8.472 -0.002743707753
8.474 -0.002895271642
8.476 -0.002789360119
8.478 -0.002942557511
8.48 -0.002831858166
8.482 -0.00297534144
8.484 -0.002855682337
8.486 -0.002996837565
8.488 -0.002880093088
8.49 -0.003024257074
8.492 -0.002903910975
8.494 -0.003038952872
8.496 -0.002910419882
8.498 -0.003044081409
8.5 -0.002919453386
8.502 -0.003056480847
8.504 -0.002929116734
8.506 -0.003058556224
8.508 -0.002924852829
8.51 -0.00305399675
8.512 -0.002924535415
8.514 -0.003058024901
8.516 -0.002926735851
8.518 -0.003052667248
8.52 -0.002914908445
8.522 -0.003041451646
8.524 -0.00290963272
8.526 -0.003040941973
8.528 -0.002907200975
8.53 -0.003032055721
8.532 -0.00289280308
8.534 -0.003018733602
8.536 -0.002884992182
8.538 -0.003015520797
8.54 -0.002880605261
8.542 -0.003005486635
8.544 -0.002865491809
8.546 -0.002991580699
8.548 -0.002857204715
8.55 -0.00299060117
8.552 -0.002858365968
8.554 -0.002986440417
8.556 -0.002847438276
8.558 -0.002974124966
8.56 -0.002838980653
8.562 -0.002969772341
8.564 -0.002832940512
8.566 -0.002956910616
8.568 -0.002814211104
8.57 -0.0029387218
8.572 -0.002801804823
8.574 -0.002931789878
8.576 -0.002794232511
8.578 -0.002918339007
8.58 -0.002776133127
8.582 -0.002901118172
8.584 -0.002763892172
8.586 -0.00289331162
8.588 -0.002755626087
8.59 -0.002880335564
8.592 -0.002737506073
8.594 -0.002862363005
8.596 -0.002724544457
8.598 -0.00285420973
8.6 -0.002715598176
8.602 -0.002840035192
8.604 -0.002696798007
8.606 -0.002822546279
8.608 -0.002684675971
8.61 -0.002814685322
8.612 -0.002675750583
8.614 -0.002801224002
8.616 -0.002658211669
8.618 -0.002784179781
8.62 -0.002646422224
8.622 -0.002777052909
8.624 -0.002638233845
8.626 -0.002763622535
8.628 -0.002620837242
8.63 -0.002747264938
8.632 -0.00260916601
8.634 -0.002739885048
8.636 -0.002601517491
8.638 -0.00272756292
8.64 -0.002584475069
8.642 -0.002711168505
8.644 -0.002573072799
8.646 -0.002704777394
8.648 -0.002566580046
8.65 -0.002693280283
8.652 -0.002550228362
8.654 -0.002677591053
8.656 -0.002539547686
8.658 -0.002671841602
8.66 -0.002533650174
8.662 -0.002660629088
8.664 -0.00251834861
8.666 -0.002644460957
8.668 -0.002507499409
8.67 -0.002639774991
8.672 -0.002502891815
8.674 -0.002631523216
8.676 -0.002490558744
8.678 -0.002621407957
8.68 -0.002484931652
8.682 -0.00262017649
8.684 -0.00248276252
8.686 -0.002613678909
8.688 -0.002472199791
8.69 -0.002603996645
8.692 -0.002467209044
8.694 -0.00260328373
8.696 -0.002465912182
8.698 -0.00259763036
8.7 -0.002456362291
8.702 -0.002589011328
8.704 -0.002452375223
8.706 -0.002589185498
8.708 -0.002451943792
8.71 -0.002584541534
8.712 -0.002443515302
8.714 -0.002576967742
8.716 -0.002440427339
8.718 -0.002577849674
8.72 -0.002440512929
8.722 -0.002573305774
8.724 -0.002431743757
8.726 -0.00256492887
8.728 -0.002427429339
8.73 -0.002564265537
8.732 -0.00242586667
8.734 -0.002558050481
8.736 -0.002415502157
8.738 -0.002548094816
8.74 -0.002409540005
8.742 -0.002545663813
8.744 -0.002406198402
8.746 -0.002537905973
8.748 -0.002397172826
8.75 -0.00252794189
8.752 -0.002387769412
8.754 -0.002518634795
8.756 -0.002378710265
8.758 -0.002512267875
8.76 -0.00237190428
8.762 -0.002502013761
8.764 -0.002358236433
8.766 -0.002489548
8.768 -0.002350345108
8.77 -0.002485587104
8.772 -0.002345889874
8.774 -0.002476820872
8.776 -0.002336057998
8.778 -0.002467508751
8.78 -0.002327499589
8.782 -0.002461965293
8.784 -0.002321816961
8.786 -0.002453300103
8.788 -0.002310131172
8.79 -0.002442795894
8.792 -0.002303876714
8.794 -0.002440383495
8.796 -0.002303604051
8.798 -0.002438517184
8.8 -0.002297189744
8.802 -0.002428435336
8.804 -0.002285004402
8.806 -0.002418210994
8.808 -0.002279437993
8.81 -0.00241680098
8.812 -0.002278058542
8.814 -0.002412283034
8.816 -0.002273166606
8.818 -0.002410387009
8.82 -0.002271629432
8.822 -0.002406265783
8.824 -0.002267295462
8.826 -0.002404960547
8.828 -0.002266431233
8.83 -0.002401551372
8.832 -0.002262807319
8.834 -0.002400975589
8.836 -0.002262608123
8.838 -0.002398175374
8.84 -0.002259570976
8.842 -0.00239810541
8.844 -0.002259980556
8.846 -0.002396101751
8.848 -0.002257806581
8.85 -0.002396895386
8.852 -0.002259213474
8.854 -0.002398346962
8.856 -0.0022603611
8.858 -0.002397725814
8.86 -0.002260430691
8.862 -0.002401233701
8.864 -0.002264946229
8.866 -0.002405526575
8.868 -0.002268874344
8.87 -0.002408068088
8.872 -0.00227249159
8.874 -0.002415204153
8.876 -0.002282770518
8.878 -0.002425622834
8.88 -0.002291066883
8.882 -0.002432538836
8.884 -0.002299052762
8.886 -0.002444114494
8.888 -0.002311822347
8.89 -0.002457344749
8.892 -0.00232498341
8.894 -0.002470826836
8.896 -0.00233864629
8.898 -0.002484871954
8.9 -0.002352965762
8.902 -0.002499563379
8.904 -0.002367941016
8.906 -0.002514982935
8.908 -0.002383665748
8.91 -0.002531053201
8.912 -0.002400005859
8.914 -0.002547650091
8.916 -0.002418677585
8.918 -0.002566168224
8.92 -0.00243467512
8.922 -0.002580021195
8.924 -0.002449345486
8.926 -0.002597923355
8.928 -0.002469984861
8.93 -0.002618372835
8.932 -0.002487791233
8.934 -0.00263594728
8.936 -0.002507634024
8.938 -0.002656333374
8.94 -0.002526055425
8.942 -0.002674832555
8.944 -0.002545218056
8.946 -0.002694999896
8.948 -0.002567758448
8.95 -0.002717872967
8.952 -0.002588707661
8.954 -0.002738791635
8.956 -0.002611960037
8.958 -0.00276260351
8.96 -0.002633884397
8.962 -0.002784493319
8.964 -0.002657982061
8.966 -0.002809031663
8.968 -0.002680567696
8.97 -0.002831504555
8.972 -0.002705136495
8.974 -0.002856425818
8.976 -0.002729677016
8.978 -0.002880463734
8.98 -0.002752260957
8.982 -0.002903720421
8.984 -0.002777722949
8.986 -0.002928921938
8.988 -0.002801687096
8.99 -0.002952058811
8.992 -0.002823347866
8.994 -0.002974373115
8.996 -0.002847011026
8.998 -0.002998388193
9 -0.002869661561
9.002 -0.003020154064
9.004 -0.002892757854
9.006 -0.003046798295
9.008 -0.002922933107
9.01 -0.003078499686
9.012 -0.002953304821
9.014 -0.003105888405
9.016 -0.00297796392
9.018 -0.003130198707
9.02 -0.003003766434
9.022 -0.003157149025
9.024 -0.003029392844
9.026 -0.003179544008
9.028 -0.003048814529
9.03 -0.003198350341
9.032 -0.003068856861
9.034 -0.003218908998
9.036 -0.003087402379
9.038 -0.003234205477
9.04 -0.003101323603
9.042 -0.003247221508
9.044 -0.00311343779
9.046 -0.003258525015
9.048 -0.00312211264
9.05 -0.003263448886
9.052 -0.003123925665
9.054 -0.003264778997
9.056 -0.003127485091
9.058 -0.003270634732
9.06 -0.003133002925
9.062 -0.003273796612
9.064 -0.003134949941
9.066 -0.003276460461
9.068 -0.003136787042
9.07 -0.003275953273
9.072 -0.003135912334
9.074 -0.003275550114
9.076 -0.003135358043
9.078 -0.003275844989
9.08 -0.003134511879
9.082 -0.003272220002
9.084 -0.003129447422
9.086 -0.003267623328
9.088 -0.003123980392
9.09 -0.003259867639
9.092 -0.003115133495
9.094 -0.003251649482
9.096 -0.003106288088
9.098 -0.003240817754
9.1 -0.003095525575
9.102 -0.003230872415
9.104 -0.003084514153
9.106 -0.00321735024
9.108 -0.003069660638
9.11 -0.00320302629
9.112 -0.003054432619
9.114 -0.0031857247
9.116 -0.003036068678
9.118 -0.003167862707
9.12 -0.003017470101
9.122 -0.003148478284
9.124 -0.002997078334
9.126 -0.003126308543
9.128 -0.002974216002
9.13 -0.003104236485
9.132 -0.00295170547
9.134 -0.003081011091
9.136 -0.00292753921
9.138 -0.00305515967
9.14 -0.002901124184
9.142 -0.003029575276
9.144 -0.002876177801
9.146 -0.003003640912
9.148 -0.002848097419
9.15 -0.002973927519
9.152 -0.002818215595
9.154 -0.002945179743
9.156 -0.002789401907
9.158 -0.002916072706
9.16 -0.002759749091
9.162 -0.00288614009
9.164 -0.002729429343
9.166 -0.002855599117
9.168 -0.002698608449
9.17 -0.002824625205
9.172 -0.0026674606
9.174 -0.002793410307
9.176 -0.00263613068
9.178 -0.0027619908
9.18 -0.002604696098
9.182 -0.002730560105
9.184 -0.002574150018
9.186 -0.002699871205
9.188 -0.002542386166
9.19 -0.002667198388
9.192 -0.002509956741
9.194 -0.002636132005
9.196 -0.002491207496
9.198 -0.002610572028
9.2 -0.002454603209
9.202 -0.002574834231
9.204 -0.002420904871
9.206 -0.002544618577
9.208 -0.002389047559
9.21 -0.002514279804
9.212 -0.0023592033
9.214 -0.002485381022
9.216 -0.002329335513
9.218 -0.002456090458
9.22 -0.002301880035
9.222 -0.002430059569
9.224 -0.002275319888
9.226 -0.002402716328
9.228 -0.002249043511
9.23 -0.002377963463
9.232 -0.002222327348
9.234 -0.002349479517
9.236 -0.002192757471
9.238 -0.002319986361
9.24 -0.002164503449
9.242 -0.002292996127
9.244 -0.002136778383
9.246 -0.00226286231
9.248 -0.002104459368
9.25 -0.00222913344
9.252 -0.002070512442
9.254 -0.002195513633
9.256 -0.002037278304
9.258 -0.00216228918
9.26 -0.002003134907
9.262 -0.002128095285
9.264 -0.001969844732
9.266 -0.002097030193
9.268 -0.001941938167
9.27 -0.002072430836
9.272 -0.001920363413
9.274 -0.00205299958
9.276 -0.001902378529
9.278 -0.002036487155
9.28 -0.001888186436
9.282 -0.00202550067
9.284 -0.00188029992
9.286 -0.002020119137
9.288 -0.001876547892
9.29 -0.002018537126
9.292 -0.001877798163
9.294 -0.002021984565
9.296 -0.001882959975
9.298 -0.002029480691
9.3 -0.001893707561
9.302 -0.002042664155
9.304 -0.001908526202
9.306 -0.002058859414
9.308 -0.001925797506
9.31 -0.002077176704
9.312 -0.001944945802
9.314 -0.002097585512
9.316 -0.001965973232
9.318 -0.002118791655
9.32 -0.001987705298
9.322 -0.002141406723
9.324 -0.002010979692
9.326 -0.002165032004
9.328 -0.002035119096
9.33 -0.002190336579
9.332 -0.002061431906
9.334 -0.002217117593
9.336 -0.002088122216
9.338 -0.002244245841
9.34 -0.002115507458
9.342 -0.002272473158
9.344 -0.002145202959
9.346 -0.002303395424
9.348 -0.002177403546
9.35 -0.002336882773
9.352 -0.002212063548
9.354 -0.002372847819
9.356 -0.002249605705
9.358 -0.002412300912
9.36 -0.002290388673
9.362 -0.002454158881
9.364 -0.002333531327
9.366 -0.002498392187
9.368 -0.002379055177
9.37 -0.002544557372
9.372 -0.002425745932
9.374 -0.002592299309
9.376 -0.002474487333
9.378 -0.002642387617
9.38 -0.002525959993
9.382 -0.002695109437
9.384 -0.002579439109
9.386 -0.002749714086
9.388 -0.00263597716
9.39 -0.002808364717
9.392 -0.002696029701
9.394 -0.002869267234
9.396 -0.002757487261
9.398 -0.002931653621
9.4 -0.002820867229
9.402 -0.002996018882
9.404 -0.002885897886
9.406 -0.003061461778
9.408 -0.002951423424
9.41 -0.003127429648
9.412 -0.003017680372
9.414 -0.003193795476
9.416 -0.00308381662
9.418 -0.003259429397
9.42 -0.003148559055
9.422 -0.003322984563
9.424 -0.003210781306
9.426 -0.003384014481
9.428 -0.003270707706
9.43 -0.003442788146
9.432 -0.003328030535
9.434 -0.003498517566
9.436 -0.003382201736
9.438 -0.003551371112
9.44 -0.003433781769
9.442 -0.003601978666
9.444 -0.003483560306
9.446 -0.003650804734
9.448 -0.003531263328
9.45 -0.003697210858
9.452 -0.003576123615
9.454 -0.003740530114
9.456 -0.003617848922
9.458 -0.003780625766
9.46 -0.003656285743
9.462 -0.003817087874
9.464 -0.00369050645
9.466 -0.003849010799
9.468 -0.003719942961
9.47 -0.003876075534
9.472 -0.003744527353
9.474 -0.003898041242
9.476 -0.003763656956
9.478 -0.003914347358
9.48 -0.003777012491
9.482 -0.003924724754
9.484 -0.003784438517
9.486 -0.00392932362
9.488 -0.003786222582
9.49 -0.003928361002
9.492 -0.00378248323
9.494 -0.003921915672
9.496 -0.003773326868
9.498 -0.003910111865
9.5 -0.003758859836
9.502 -0.003893058936
9.504 -0.003739201877
9.506 -0.003870865978
9.508 -0.003714485862
9.51 -0.003843717093
9.512 -0.003684910107
9.514 -0.003811804288
9.516 -0.00365066757
9.518 -0.003775288808
9.52 -0.003611856443
9.522 -0.00373417882
9.524 -0.003568368477
9.526 -0.00368841089
9.528 -0.003520355575
9.53 -0.003638209145
9.532 -0.003467972699
9.534 -0.003583705181
9.536 -0.00341136615
9.538 -0.003525108936
9.54 -0.003350911017
9.542 -0.003462816527
9.544 -0.003286670541
9.546 -0.003396725511
9.548 -0.003218780739
9.55 -0.003327200328
9.552 -0.003147723979
9.554 -0.003254782262
9.556 -0.003073955384
9.558 -0.003179707038
9.56 -0.002997546726
9.562 -0.003102016739
9.564 -0.00291856886
9.566 -0.003021850436
9.568 -0.002837218625
9.57 -0.002939445769
9.572 -0.002753817158
9.574 -0.002855161964
9.576 -0.002668660898
9.578 -0.002769146196
9.58 -0.002581900522
9.582 -0.002681806522
9.584 -0.002493965467
9.586 -0.002593406908
9.588 -0.002405123913
9.59 -0.002504067798
9.592 -0.002315222315
9.594 -0.002413759757
9.596 -0.002224578875
9.598 -0.002323119651
9.6 -0.002133973811
9.602 -0.002232544904
9.604 -0.002043419666
9.606 -0.002142159694
9.608 -0.001953582432
9.61 -0.002052920039
9.612 -0.001864552736
9.614 -0.001964044355
9.616 -0.001775848517
9.618 -0.001875566731
9.62 -0.001687603243
9.622 -0.001787672107
9.624 -0.001600115431
9.626 -0.001700599957
9.628 -0.001513553583
9.63 -0.00161467912
9.632 -0.001428160116
9.634 -0.001529835709
9.636 -0.001343844878
9.638 -0.001446111093
9.64 -0.001260806944
9.642 -0.001363907216
9.644 -0.001179427315
9.646 -0.001283399046
9.648 -0.001099721401
9.65 -0.00120453632
9.652 -0.00102204242
9.654 -0.001128232289
9.656 -0.0009470873213
9.658 -0.001054759242
9.66 -0.0008751826513
9.662 -0.0009843572908
9.664 -0.0008061248037
9.666 -0.000916710404
9.668 -0.0007397877978
9.67 -0.0008517515611
9.672 -0.0006761292272
9.674 -0.0007894170893
9.676 -0.0006150573636
9.678 -0.0007296444425
9.68 -0.0005565240847
9.682 -0.0006723805017
9.684 -0.0005004931762
9.686 -0.0006176209755
9.688 -0.0004469790672
9.69 -0.0005652031704
9.692 -0.0003955219395
9.694 -0.0005148349314
9.696 -0.0003463233334
9.698 -0.0004668703533
9.7 -0.0002995539186
9.702 -0.00042134294
9.704 -0.0002552603292
9.706 -0.0003782952432
9.708 -0.0002134255656
9.71 -0.000337655833
9.712 -0.0001741353037
9.714 -0.0002999985181
9.716 -0.000138179811
9.718 -0.0002659720667
9.72 -0.000105196511
9.722 -0.0002344912914
9.724 -7.613293384e-05
9.726 -0.000208297534
9.728 -5.322380246e-05
9.73 -0.0001887942415
9.732 -3.720972225e-05
9.734 -0.000176228511
9.736 -2.810069225e-05
9.738 -0.0001705646392
9.74 -2.575988305e-05
9.742 -0.0001714253818
9.744 -2.986306349e-05
9.746 -0.0001788639996
9.748 -4.055463248e-05
9.75 -0.0001927206399
9.752 -5.747190546e-05
9.754 -0.0002126573481
9.756 -8.033044493e-05
9.758 -0.0002384046385
9.76 -0.000108887268
9.762 -0.0002697691892
9.764 -0.0001427554734
9.766 -0.000305860218
9.768 -0.00018105926
9.77 -0.0003464395824
9.772 -0.0002239943575
9.774 -0.0003918761916
9.776 -0.0002718438931
9.778 -0.0004420440732
9.78 -0.0003240093837
9.782 -0.0004959342229
9.784 -0.0003796295901
9.786 -0.0005535191059
9.788 -0.0004387018506
9.79 -0.0006133909767
9.792 -0.0004994405913
9.794 -0.0006753706467
9.796 -0.0005627075162
9.798 -0.0007398934833
9.8 -0.0006284037404
9.802 -0.0008067425732
9.804 -0.0006963466856
9.806 -0.0008757774081
9.808 -0.0007664107081
9.81 -0.0009468391397
9.812 -0.0008383976109
9.814 -0.001019723652
9.816 -0.0009120996348
9.818 -0.001094193469
9.82 -0.0009872671625
9.822 -0.001170023204
9.824 -0.00106365253
9.826 -0.001246900866
9.828 -0.001140880971
9.83 -0.001324483951
9.832 -0.001219119295
9.834 -0.001403080279
9.836 -0.001297719889
9.838 -0.001481633971
9.84 -0.001376249819
9.842 -0.001560152506
9.844 -0.001454536305
9.846 -0.001638391986
9.848 -0.001532429953
9.85 -0.001715787833
9.852 -0.001609235785
9.854 -0.001791979609
9.856 -0.001684765203
9.858 -0.001866771349
9.86 -0.001758768574
9.862 -0.001939959444
9.864 -0.001831111492
9.866 -0.00201143475
9.868 -0.001901669055
9.87 -0.002081049745
9.872 -0.001970290305
9.874 -0.002148637539
9.876 -0.002036781863
9.878 -0.002213735599
9.88 -0.002101504323
9.882 -0.00227827928
9.884 -0.0021650765
9.886 -0.002340264548
9.888 -0.002224954784
9.89 -0.002398001695
9.892 -0.002280345979
9.894 -0.002451094231
9.896 -0.002330993559
9.898 -0.002499295271
9.9 -0.00237599928
9.902 -0.002541310759
9.904 -0.00241547937
9.906 -0.002578571689
9.908 -0.002450841006
9.91 -0.002612103367
9.912 -0.00248267118
9.914 -0.002642229841
9.916 -0.002511151813
9.918 -0.002669081344
9.92 -0.002536414635
9.922 -0.002692812288
9.924 -0.002558643836
9.926 -0.002713549944
9.928 -0.002577911523
9.93 -0.002732196163
9.932 -0.002596012416
9.934 -0.002749205265
9.936 -0.002611600051
9.938 -0.002763200636
9.94 -0.0026241881
9.942 -0.002774322274
9.944 -0.002633760138
9.946 -0.00278260332
9.948 -0.002640645922
9.95 -0.002787682671
9.952 -0.002643920617
9.954 -0.002789322852
9.956 -0.002644034387
9.958 -0.002787956587
9.96 -0.002641243182
9.962 -0.002783714258
9.964 -0.002635533995
9.966 -0.002776575704
9.968 -0.002627067625
9.97 -0.002766853207
9.972 -0.002616131456
9.974 -0.002754740446
9.976 -0.002602784758
9.978 -0.002740165934
9.98 -0.002587052734
9.982 -0.002723357791
9.984 -0.002569253989
9.986 -0.002704799546
9.988 -0.002550032575
9.99 -0.002684705952
9.992 -0.002528997744
9.994 -0.002662824607
9.996 -0.002507296385
9.998 -0.002641521419
10 -0.002485957106
10.002 -0.002619310333
10.004 -0.002462617752
10.006 -0.002595204909
10.008 -0.00243777741
10.01 -0.002569822828
10.012 -0.002411291492
10.014 -0.002542245691
10.016 -0.002382412676
10.018 -0.00251230165
10.02 -0.002355724334
10.022 -0.002493984968
10.024 -0.002345691142
10.026 -0.002490693304
10.028 -0.002348503039
10.03 -0.002495081078
10.032 -0.002349043247
10.034 -0.00249154136
10.036 -0.00234291852
10.038 -0.002483183564
10.04 -0.002334962937
10.042 -0.00247645075
10.044 -0.002328242359
10.046 -0.002468702499
10.048 -0.002318495605
10.05 -0.002456499302
10.052 -0.002303072321
10.054 -0.002438392378
10.056 -0.002283164582
10.058 -0.002416878073
10.06 -0.002259794517
10.062 -0.002391574128
10.064 -0.002232445676
10.066 -0.002362409499
10.068 -0.002201502466
10.07 -0.002329743095
10.072 -0.002167060242
10.074 -0.002293682276
10.076 -0.002129436813
10.078 -0.00225455803
10.08 -0.002088932868
10.082 -0.002212810732
10.084 -0.002045989178
10.086 -0.002168679573
10.088 -0.002000733641
10.09 -0.002122430553
10.092 -0.001953570525
10.094 -0.002074456157
10.096 -0.001904914836
10.098 -0.002025210723
10.1 -0.001855122007
10.102 -0.001974980652
10.104 -0.001804534827
10.106 -0.001924089004
10.108 -0.001753376138
10.11 -0.00187280393
10.112 -0.001702002505
10.114 -0.001821326128
10.116 -0.001650467853
10.118 -0.001769761632
10.12 -0.00159719358
10.122 -0.001714436392
10.124 -0.001540593427
10.126 -0.001657149435
10.128 -0.001483024024
10.13 -0.00159910115
10.132 -0.001425130017
10.134 -0.001541817776
10.136 -0.001368590474
10.138 -0.001486149302
10.14 -0.001314033651
10.142 -0.001432891003
10.144 -0.001262070574
10.146 -0.001382329893
10.148 -0.001212850088
10.15 -0.001334432619
10.152 -0.001166223609
10.154 -0.001289052642
10.156 -0.001122037096
10.158 -0.00124600949
10.16 -0.001080066744
10.162 -0.00120507386
10.164 -0.001040536596
10.166 -0.00116663308
10.168 -0.001002818185
10.17 -0.001129615537
10.172 -0.0009664738667
10.174 -0.001094049067
10.176 -0.0009316373946
10.178 -0.001060006428
10.18 -0.0008985040487
10.182 -0.001027117231
10.184 -0.000865175152
10.186 -0.0009933072238
10.188 -0.0008306946512
10.19 -0.0009581088198
10.192 -0.0007946492592
10.194 -0.0009212193444
10.196 -0.0007568559154
10.198 -0.0008824812457
10.2 -0.0007169310178
10.202 -0.0008414396431
10.204 -0.000674990621
10.206 -0.0007986089382
10.208 -0.000631456769
10.21 -0.0007544326958
10.212 -0.0005866821575
10.214 -0.0007090476241
10.216 -0.0005406313998
10.218 -0.0006623311813
10.22 -0.0004935347591
10.222 -0.0006150715738
10.224 -0.0004458958772
10.226 -0.0005670328848
10.228 -0.0003974517988
10.23 -0.0005187101112
10.232 -0.0003501278957
10.234 -0.0004727715462
10.236 -0.0003054818027
10.238 -0.00042948406
10.24 -0.0002633430296
10.242 -0.0003879960409
10.244 -0.0002221231149
10.246 -0.0003469819542
10.248 -0.0001811719156
10.25 -0.0003056449436
10.252 -0.0001396206997
10.254 -0.0002642315305
10.256 -9.854684663e-05
10.258 -0.0002236611466
10.26 -5.864968298e-05
10.262 -0.0001847277054
10.264 -2.08435959e-05
10.266 -0.0001481547773
10.268 1.437541776e-05
10.27 -0.0001143929438
10.272 4.667059913e-05
10.274 -8.352787844e-05
10.276 7.611820915e-05
10.278 -5.549913865e-05
10.28 0.0001026253245
10.282 -3.064242174e-05
10.284 0.0001258098175
10.286 -9.113836078e-06
10.288 0.0001457510319
10.29 9.094482066e-06
10.292 0.0001622398546
10.294 2.383847905e-05
10.296 0.0001750770998
10.298 3.458963466e-05
10.3 0.0001836547382
10.302 4.09413333e-05
10.304 0.0001872902658
10.306 4.166826321e-05
10.308 0.0001851659276
10.31 3.756195004e-05
10.312 0.0001796393051
10.314 2.910702967e-05
10.316 0.0001673885541
10.318 1.330378787e-05
10.32 0.0001485669446
10.322 -8.316568489e-06
10.324 0.0001242681119
10.326 -3.523992314e-05
10.328 9.481186858e-05
10.33 -6.724031504e-05
10.332 6.027165137e-05
10.334 -0.0001043415946
10.336 2.064075902e-05
10.338 -0.0001464963727
10.34 -2.412110781e-05
10.342 -0.0001939242243
10.344 -7.416655536e-05
10.346 -0.0002465953665
10.348 -0.0001292999449
10.35 -0.0003041052484
10.352 -0.0001891980492
10.354 -0.0003663862914
10.356 -0.0002538472063
10.358 -0.000433473404
10.36 -0.0003234071817
10.362 -0.0005054992837
10.364 -0.0003978572871
10.366 -0.0005823836029
10.368 -0.0004771164014
10.37 -0.0006640137386
10.372 -0.0005608126304
10.374 -0.000749419158
10.376 -0.0006480562102
10.378 -0.0008389993057
10.38 -0.0007400401002
10.382 -0.0009332065902
10.384 -0.0008362419012
10.386 -0.001031230459
10.388 -0.0009360313214
10.39 -0.001132706175
10.392 -0.00103915422
10.394 -0.001237408371
10.396 -0.00114537806
10.398 -0.001345050058
10.4 -0.001254260163
10.402 -0.001454533049
10.404 -0.001364024913
10.406 -0.001564611992
10.408 -0.001474458738
10.41 -0.001675382757
10.412 -0.001585379454
10.414 -0.001786152197
10.416 -0.001695703058
10.418 -0.001895929099
10.42 -0.001804878713
10.422 -0.002004478964
10.424 -0.001912718413
10.426 -0.002111588034
10.428 -0.002019045036
10.43 -0.002217118381
10.432 -0.002123765732
10.434 -0.002320963125
10.436 -0.002226635648
10.438 -0.002422679182
10.44 -0.002327251526
10.442 -0.002522136418
10.444 -0.002425304519
10.446 -0.002618710531
10.448 -0.0025203501
10.45 -0.002712160885
10.452 -0.002612093917
10.454 -0.002802083636
10.456 -0.002700062422
10.458 -0.002888047087
10.46 -0.002783967095
10.462 -0.002969875218
10.464 -0.002863743321
10.466 -0.003047604398
10.468 -0.00293929941
10.47 -0.003121177526
10.472 -0.003011329366
10.474 -0.003192102847
10.476 -0.003080766549
10.478 -0.003259976884
10.48 -0.003147051508
10.482 -0.003324648844
10.484 -0.003210009411
10.486 -0.003385896802
10.488 -0.003269524817
10.49 -0.003443573914
10.492 -0.003325636712
10.494 -0.003497843861
10.496 -0.003378123511
10.498 -0.00354838284
10.5 -0.00342666707
10.502 -0.003594973111
10.504 -0.003471398169
10.506 -0.003638182855
10.508 -0.003512806061
10.51 -0.003677376923
10.512 -0.003549769931
10.514 -0.003712146814
10.516 -0.003582383872
10.518 -0.003742589551
10.52 -0.003610514619
10.522 -0.003768396794
10.524 -0.003634081191
10.526 -0.003789738469
10.528 -0.003653749947
10.53 -0.003808022591
10.532 -0.003669568554
10.534 -0.003820417643
10.536 -0.003678635145
10.538 -0.003826508164
10.54 -0.003682009856
10.542 -0.003827373764
10.544 -0.003680549233
10.546 -0.003823727765
10.548 -0.003674836608
10.55 -0.003816037536
10.552 -0.003665221305
10.554 -0.003804525841
10.556 -0.003651847569
10.558 -0.003789365415
10.56 -0.003634927518
10.562 -0.00377061723
10.564 -0.003614383433
10.566 -0.003748348688
10.568 -0.003590350531
10.57 -0.003722591329
10.572 -0.003562902996
10.574 -0.003693464186
10.576 -0.003532100139
10.578 -0.003661015053
10.58 -0.003498036624
10.582 -0.00362532761
10.584 -0.003460740189
10.586 -0.003586438992
10.588 -0.003420278537
10.59 -0.00354443032
10.592 -0.003376771719
10.594 -0.003499427958
10.596 -0.003330209865
10.598 -0.003451308415
10.6 -0.003280342574
10.602 -0.003398432021
10.604 -0.003223500189
10.606 -0.003337624458
10.608 -0.003158748577
10.61 -0.003268979687
10.612 -0.003086266939
10.614 -0.003192783136
10.616 -0.00300655173
10.618 -0.003109575966
10.62 -0.002919968156
10.622 -0.003019800476
10.624 -0.002827142185
10.626 -0.002924145535
10.628 -0.002728906695
10.63 -0.002823409378
10.632 -0.002625795802
10.634 -0.002718485986
10.636 -0.002519399794
10.638 -0.002610584777
10.64 -0.002409935668
10.642 -0.0024997676
10.644 -0.002297786029
10.646 -0.002386459929
10.648 -0.00218361576
10.65 -0.002271756809
10.652 -0.002068653539
10.654 -0.00215648916
10.656 -0.001952921295
10.658 -0.002040609533
10.66 -0.001837443172
10.662 -0.001925761592
10.664 -0.001723480512
10.666 -0.001812847532
10.668 -0.00161171642
10.67 -0.001702343423
10.672 -0.001502638942
10.674 -0.00159483907
10.676 -0.001396883623
10.678 -0.001490994368
10.68 -0.001294973688
10.682 -0.001391347561
10.684 -0.001198031479
10.686 -0.001297328724
10.688 -0.001107099409
10.69 -0.001209608284
10.692 -0.001022781034
10.694 -0.001128840157
10.696 -0.0009457129376
10.698 -0.00105561856
10.7 -0.0008764756725
10.702 -0.000990458174
10.704 -0.0008155422185
10.706 -0.0009338714882
10.708 -0.0007634548305
10.71 -0.0008862367094
10.712 -0.0007206633988
10.714 -0.0008486977711
10.716 -0.0006879153257
10.718 -0.0008203185938
10.72 -0.0006638440492
10.722 -0.0008006234534
10.724 -0.0006486805845
10.726 -0.0007901192963
10.728 -0.000642874179
10.73 -0.0007889882475
10.732 -0.0006464152905
10.734 -0.0007971788101
10.736 -0.0006592399057
10.738 -0.0008146573301
10.74 -0.0006813753675
10.742 -0.000841358855
10.744 -0.0007126809662
10.746 -0.0008772804037
10.748 -0.0007530351064
10.75 -0.0009217983651
10.752 -0.0008018399236
10.754 -0.0009750822146
10.756 -0.0008596131612
10.758 -0.001037327096
10.76 -0.0009263204071
10.762 -0.001108447046
10.764 -0.001001807495
10.766 -0.00118826964
10.768 -0.001085831266
10.77 -0.001276498308
10.772 -0.001178286029
10.774 -0.00137308674
10.776 -0.001278681359
10.778 -0.001477178139
10.78 -0.001386994368
10.782 -0.001589868154
10.784 -0.001503867385
10.786 -0.001710707937
10.788 -0.001628251335
10.79 -0.001838493244
10.792 -0.00175958025
10.794 -0.001973757691
10.796 -0.001898913144
10.798 -0.002116864592
10.8 -0.002045514538
10.802 -0.002266322547
10.804 -0.002197571208
10.806 -0.002421467083
10.808 -0.002356250382
10.81 -0.002583496352
10.812 -0.002521442178
10.814 -0.002751758398
10.816 -0.002692674534
10.818 -0.002925876563
10.82 -0.002869623094
10.822 -0.003105553983
10.824 -0.003051890397
10.826 -0.003290266582
10.828 -0.003238938224
10.83 -0.00347952092
10.832 -0.003430272806
10.834 -0.003672809797
10.836 -0.003625372435
10.838 -0.003869541742
10.84 -0.003823596719
10.842 -0.004069093813
10.844 -0.004024353483
10.846 -0.004270895232
10.848 -0.004227032698
10.85 -0.004474262026
10.852 -0.004430854
10.854 -0.004678316758
10.856 -0.00463502052
10.858 -0.004882463604
10.86 -0.004838964379
10.862 -0.005086003852
10.864 -0.005042048764
10.866 -0.005288485078
10.868 -0.005243758944
10.87 -0.005489169578
10.872 -0.005443154576
10.874 -0.005687103846
10.876 -0.005639512454
10.878 -0.005881654215
10.88 -0.005832071078
10.882 -0.006072081915
10.884 -0.006020330755
10.886 -0.006258114074
10.888 -0.006203972327
10.89 -0.00643914538
10.892 -0.006382181947
10.894 -0.006614127692
10.896 -0.006553985502
10.898 -0.006782878398
10.9 -0.00671947657
10.902 -0.006944908709
10.904 -0.006877825551
10.906 -0.007099397928
10.908 -0.007028243625
10.91 -0.007245526637
10.912 -0.007169928562
10.914 -0.007382632438
10.916 -0.007302368249
10.918 -0.007510357746
10.92 -0.007425355734
10.922 -0.00762853667
10.924 -0.007538708255
10.926 -0.007736953396
10.928 -0.007642109895
10.93 -0.007835234966
10.932 -0.007735171411
10.934 -0.00792289614
10.936 -0.007817340573
10.938 -0.007999493058
10.94 -0.007888319975
10.942 -0.008064746479
10.944 -0.007947792737
10.946 -0.008118378019
10.948 -0.007995553704
10.95 -0.008160197922
10.952 -0.008031396867
10.954 -0.008190039871
10.956 -0.008055246424
10.958 -0.008207869296
10.96 -0.008067068926
10.962 -0.008213729274
10.964 -0.008067048587
10.966 -0.008207813151
10.968 -0.008055276035
10.97 -0.008190054739
10.972 -0.008030818939
10.974 -0.008158525723
10.976 -0.007992360887
10.978 -0.008113051491
10.98 -0.007939959172
10.982 -0.008054188843
10.984 -0.007874902068
10.986 -0.007982967057
10.988 -0.007797772205
10.99 -0.007899944287
10.992 -0.007709183846
10.994 -0.007805730606
10.996 -0.007609268203
10.998 -0.007700014821
11 -0.007497999539
11.002 -0.007583780584
11.004 -0.007377095543
11.006 -0.007458144577
11.008 -0.007246501395
11.01 -0.007322446175
11.012 -0.007106042896
11.014 -0.007177153429
11.016 -0.006955578175
11.018 -0.007021376087
11.02 -0.006794458554
11.022 -0.006855094054
11.024 -0.006623443584
11.026 -0.006679687409
11.028 -0.00644360229
11.03 -0.006495532444
11.032 -0.006255626085
11.034 -0.006303914358
11.036 -0.006060563803
11.038 -0.006105672533
11.04 -0.005859495588
11.042 -0.005902087268
11.044 -0.005653760458
11.046 -0.00569456217
11.048 -0.005444753691
11.05 -0.005484296361
11.052 -0.00523340623
11.054 -0.005272073621
11.056 -0.005020509638
11.058 -0.005058714177
11.06 -0.004806988728
11.062 -0.004845351077
11.064 -0.00459410169
11.066 -0.004633199232
11.068 -0.004383163952
11.07 -0.004423754664
11.072 -0.004175409796
11.074 -0.004217660437
11.076 -0.003971100273
11.078 -0.004015321925
11.08 -0.003770905058
11.082 -0.003817444412
11.084 -0.003575501497
11.086 -0.00362480791
11.088 -0.003385882599
11.09 -0.003438272739
11.092 -0.003202485183
11.094 -0.003258128229
11.096 -0.003025820151
11.098 -0.003085073941
11.1 -0.002856546242
11.102 -0.002919738708
11.104 -0.00269534775
11.106 -0.00276284254
11.108 -0.002543002001
11.11 -0.002615171031
11.112 -0.002400156478
11.114 -0.002477333551
11.116 -0.002267556381
11.118 -0.002350069317
11.12 -0.00214565521
11.122 -0.002233545232
11.124 -0.002034665989
11.126 -0.002128155499
11.128 -0.001934766393
11.13 -0.002033732793
11.132 -0.001845717816
11.134 -0.00195010063
11.136 -0.001767620449
11.138 -0.001877369055
11.14 -0.001700334442
11.142 -0.0018154886
11.144 -0.001643859218
11.146 -0.001764406879
11.148 -0.001598216185
11.15 -0.00172435254
11.152 -0.001563981753
11.154 -0.001695945685
11.156 -0.001541334178
11.158 -0.001678871912
11.16 -0.001529855414
11.162 -0.001672935458
11.164 -0.00152556545
11.166 -0.001671833968
11.168 -0.001530792413
11.17 -0.001687827335
11.172 -0.001556834191
11.174 -0.001720060894
11.176 -0.001594791479
11.178 -0.001762201064
11.18 -0.001641742889
11.182 -0.001813559617
11.184 -0.001698003958
11.186 -0.001874569631
11.188 -0.001764164566
11.19 -0.00194577754
11.192 -0.001840534821
11.194 -0.002027334882
11.196 -0.00192734023
11.198 -0.002119216529
11.2 -0.002024432291
11.202 -0.002221584063
11.204 -0.002132137912
11.206 -0.002334270125
11.208 -0.002249223821
11.21 -0.002455157976
11.212 -0.002373867204
11.214 -0.002583542072
11.216 -0.002505818559
11.218 -0.002718617856
11.22 -0.00264381697
11.222 -0.002859441226
11.224 -0.002787285482
11.226 -0.003005283039
11.228 -0.002935329383
11.23 -0.0031551978
11.232 -0.003086893884
11.234 -0.003308246938
11.236 -0.003241263271
11.238 -0.00346369879
11.24 -0.003397587016
11.242 -0.003620643745
11.244 -0.003555009644
11.246 -0.003778305995
11.248 -0.003712864163
11.25 -0.003935945194
11.252 -0.00387054129
11.254 -0.004094151478
11.256 -0.004029462219
11.258 -0.00425385898
11.26 -0.004189907065
11.262 -0.004414882193
11.264 -0.004351448941
11.266 -0.004576738987
11.268 -0.004513428244
11.27 -0.004738727964
11.272 -0.004675229088
11.274 -0.004900099111
11.276 -0.004835998614
11.278 -0.005060092604
11.28 -0.004995072859
11.282 -0.005220464589
11.284 -0.005158324844
11.286 -0.005382856191
11.288 -0.005316948452
11.29 -0.005537149462
11.292 -0.005467531174
11.294 -0.005684664657
11.296 -0.005612125892
11.298 -0.005826595035
11.3 -0.005751448659
11.302 -0.005963426806
11.304 -0.005885813023
11.306 -0.006095362743
11.308 -0.006015294876
11.31 -0.006222303477
11.312 -0.006139560079
11.314 -0.006343749749
11.316 -0.006258145358
11.318 -0.006459438836
11.32 -0.006370910834
11.322 -0.00656918376
11.324 -0.006477557086
11.326 -0.006672614041
11.328 -0.006577703665
11.33 -0.006769522588
11.332 -0.006671445824
11.334 -0.006859994694
11.336 -0.006758517529
11.338 -0.006943482511
11.34 -0.006838357989
11.342 -0.007019585692
11.344 -0.006910708961
11.346 -0.007088114798
11.348 -0.006975410197
11.35 -0.007148934374
11.352 -0.007032346094
11.354 -0.007201929004
11.356 -0.007081422127
11.358 -0.007247044469
11.36 -0.007122607205
11.362 -0.007284276741
11.364 -0.007155903102
11.366 -0.007313557135
11.368 -0.007181108998
11.37 -0.007334671896
11.372 -0.007198243726
11.374 -0.007347834589
11.376 -0.007207498213
11.378 -0.007353183629
11.38 -0.007209010971
11.382 -0.007350884278
11.384 -0.007203031663
11.386 -0.00734130399
11.388 -0.007190195451
11.39 -0.007325390951
11.392 -0.007171168436
11.394 -0.007303155739
11.396 -0.007145769426
11.398 -0.007274756773
11.4 -0.007114788835
11.402 -0.007241345623
11.404 -0.007079128782
11.406 -0.007203455796
11.408 -0.007039180085
11.41 -0.007161514765
11.412 -0.00699541087
11.414 -0.007116013326
11.416 -0.006948324416
11.418 -0.007067401546
11.42 -0.006898299387
11.422 -0.007016052547
11.424 -0.006845745188
11.426 -0.006962270844
11.428 -0.006790822217
11.43 -0.006906237644
11.432 -0.006733799861
11.434 -0.00684827752
11.436 -0.006674948183
11.438 -0.00678849781
11.44 -0.006614355334
11.442 -0.006727110465
11.444 -0.006552198026
11.446 -0.006664319895
11.448 -0.006489051414
11.45 -0.006600726248
11.452 -0.006424987843
11.454 -0.006536134057
11.456 -0.006359746685
11.458 -0.006470176364
11.46 -0.006293084853
11.462 -0.006402825668
11.464 -0.006225278518
11.466 -0.006334671697
11.468 -0.006156809244
11.47 -0.006265761417
11.472 -0.00608750213
11.474 -0.006196152439
11.476 -0.006017732695
11.478 -0.006126230756
11.48 -0.005947731719
11.482 -0.006056203197
11.484 -0.005877762909
11.486 -0.005986286305
11.488 -0.005808058758
11.49 -0.005916911119
11.492 -0.005739079659
11.494 -0.005848426722
11.496 -0.005671399169
11.498 -0.005781195591
11.5 -0.005604244504
11.502 -0.005713941027
11.504 -0.005537026551
11.506 -0.005646970349
11.508 -0.005470449905
11.51 -0.005580854935
11.512 -0.00540492801
11.514 -0.005515934965
11.516 -0.005340670845
11.518 -0.005452383702
11.52 -0.005277929616
11.522 -0.005390443989
11.524 -0.005216871938
11.526 -0.005330283028
11.528 -0.005157719585
11.53 -0.005272192081
11.532 -0.005100681649
11.534 -0.00521608884
11.536 -0.005045523226
11.538 -0.005161875521
11.54 -0.004992390262
11.542 -0.005109852866
11.544 -0.004941456138
11.546 -0.005059924224
11.548 -0.004892567159
11.55 -0.005012030453
11.552 -0.004845685026
11.554 -0.004966136934
11.556 -0.004800879318
11.558 -0.004922333675
11.56 -0.004758086045
11.562 -0.004880539143
11.564 -0.0047173309
11.566 -0.004840786569
11.568 -0.004678506273
11.57 -0.004802825359
11.572 -0.004641557547
11.574 -0.004766860928
11.576 -0.004606570272
11.578 -0.004732896694
11.58 -0.004573828437
11.582 -0.004701210534
11.584 -0.004543032927
11.586 -0.004671180196
11.588 -0.004513846131
11.59 -0.004642829073
11.592 -0.004486369499
11.594 -0.004616228222
11.596 -0.004460735193
11.598 -0.004591640965
11.6 -0.00443732102
11.602 -0.00456936644
11.604 -0.004416209473
11.606 -0.00454933075
11.608 -0.004397682906
11.61 -0.004532553925
11.612 -0.004382585344
11.614 -0.004519051108
11.616 -0.004370670923
11.618 -0.004508614705
11.62 -0.004361098182
11.622 -0.0044994912
11.624 -0.004352724033
11.626 -0.004491942389
11.628 -0.004346161546
11.63 -0.004486405733
11.632 -0.004341766079
11.634 -0.004483123428
11.636 -0.004339643919
11.638 -0.004482159892
11.64 -0.004339951478
11.642 -0.004483688936
11.644 -0.004342729844
11.646 -0.004487682467
11.648 -0.004347941722
11.65 -0.004494022681
11.652 -0.004355448346
11.654 -0.004502645116
11.656 -0.004365187946
11.658 -0.004513431756
11.66 -0.004376811661
11.662 -0.004525386622
11.664 -0.004388984379
11.666 -0.004537718624
11.668 -0.004401550546
11.67 -0.004550910383
11.672 -0.00441570077
11.674 -0.004565890237
11.676 -0.004431903961
11.678 -0.004584789015
11.68 -0.004457169006
11.682 -0.004616245683
11.684 -0.004493402764
11.686 -0.004661496861
11.688 -0.004541876723
11.69 -0.004704476205
11.692 -0.004579221735
11.694 -0.004740145203
11.696 -0.004617028043
11.698 -0.004775952199
11.7 -0.004651412116
11.702 -0.004812196952
11.704 -0.004690018241
11.706 -0.004851383618
11.708 -0.00472906439
11.71 -0.004888583904
11.712 -0.004762643219
11.714 -0.00492058721
11.716 -0.004793957141
11.718 -0.004951930186
11.72 -0.004825734686
11.722 -0.004984322977
11.724 -0.004858185187
11.726 -0.005015671838
11.728 -0.004889051101
11.73 -0.00504697718
11.732 -0.004920977014
11.734 -0.005079591509
11.736 -0.004954457674
11.738 -0.005114135085
11.74 -0.004990297008
11.742 -0.005150892418
11.744 -0.005027667587
11.746 -0.005186909486
11.748 -0.005065300124
11.75 -0.005226934324
11.752 -0.00510602034
11.754 -0.0052659332
11.756 -0.005146475305
11.758 -0.005312636852
11.76 -0.00519860297
11.762 -0.005367190618
11.764 -0.005253488818
11.766 -0.005422966875
11.768 -0.005309662694
11.77 -0.005479867197
11.772 -0.005366946058
11.774 -0.005537612468
11.776 -0.005425289666
11.778 -0.005596655341
11.78 -0.005484663647
11.782 -0.005656219309
11.784 -0.005544163692
11.786 -0.005715466466
11.788 -0.005603114984
11.79 -0.00577377407
11.792 -0.005660153029
11.794 -0.00582890784
11.796 -0.00571288009
11.798 -0.005878971665
11.8 -0.005760385651
11.802 -0.005924252686
11.804 -0.005803846256
11.806 -0.005966139012
11.808 -0.005844208717
11.81 -0.006005074126
11.812 -0.005882259624
11.814 -0.006042523431
11.816 -0.005919052491
11.818 -0.006078727262
11.82 -0.005954996108
11.822 -0.006114476071
11.824 -0.005990527235
11.826 -0.006149756292
11.828 -0.006025634181
11.83 -0.006184659052
11.832 -0.006060376281
11.834 -0.006219242518
11.836 -0.006094945093
11.838 -0.006253781129
11.84 -0.00612949612
11.842 -0.006288301203
11.844 -0.006164188964
11.846 -0.006323403136
11.848 -0.006199911055
11.85 -0.006359619087
11.852 -0.006236389693
11.854 -0.006396176189
11.856 -0.006273328594
11.858 -0.006433624546
11.86 -0.006311299634
11.862 -0.006473459545
11.864 -0.006354586222
11.866 -0.006520101478
11.868 -0.006401795137
11.87 -0.006565956692
11.872 -0.006446881324
11.874 -0.006610903156
11.876 -0.006492243952
11.878 -0.00665672142
11.88 -0.006538907041
11.882 -0.006704265083
11.884 -0.006587429362
11.886 -0.00675353599
11.888 -0.006637470976
11.89 -0.006804295544
11.892 -0.006689051287
11.894 -0.006856529122
11.896 -0.006741858879
11.898 -0.006909820573
11.9 -0.006795738624
11.902 -0.006964256322
11.904 -0.006850803107
11.906 -0.007019902888
11.908 -0.006907068324
11.91 -0.007076686439
11.912 -0.006964418162
11.914 -0.007134570997
11.916 -0.007022926229
11.918 -0.007193638023
11.92 -0.007082617146
11.922 -0.007253922819
11.924 -0.007143561394
11.926 -0.007315726488
11.928 -0.007206481006
11.93 -0.007379735404
11.932 -0.00727140766
11.934 -0.007445342683
11.936 -0.007337747581
11.938 -0.007512431563
11.94 -0.007405637931
11.942 -0.007580882452
11.944 -0.007474523483
11.946 -0.007650114526
11.948 -0.007544331737
11.95 -0.007720234828
11.952 -0.007614457293
11.954 -0.00779015898
11.956 -0.007684284979
11.958 -0.007860060587
11.96 -0.007755760291
11.962 -0.007934872842
11.964 -0.007834300819
11.966 -0.00801495776
11.968 -0.007913317476
11.97 -0.008091912843
11.972 -0.007988492397
11.974 -0.008165633443
11.976 -0.008061066332
11.978 -0.008237245694
11.98 -0.008132007535
11.982 -0.008307761251
11.984 -0.008202343706
11.986 -0.008378034763
11.988 -0.008272725395
11.99 -0.008453734328
11.992 -0.008354741786
11.994 -0.008539133682
11.996 -0.008436333197
11.998 -0.008614282782
12 -0.008508327635
12.002 -0.008684632815
12.004 -0.008578709615
12.006 -0.008754554595
12.008 -0.008648868249
12.01 -0.008824815554
12.012 -0.008719773068
12.014 -0.008896275044
12.016 -0.008791995746
12.018 -0.008969019849
12.02 -0.008865177599
12.022 -0.009042323429
12.024 -0.008939000534
12.026 -0.009116193215
12.028 -0.009013133089
12.03 -0.009190594645
12.032 -0.009087670821
12.034 -0.0092653068
12.036 -0.009162701761
12.038 -0.009340602582
12.04 -0.009238240333
12.042 -0.009416217647
12.044 -0.009313800189
12.046 -0.009491357397
12.048 -0.009388352125
12.05 -0.009565292865
12.052 -0.009461836126
12.054 -0.009638321453
12.056 -0.009534369138
12.058 -0.009710171228
12.06 -0.009605467557
12.062 -0.009780480473
12.064 -0.009675171669
12.066 -0.009849325346
12.068 -0.009743003336
12.07 -0.009916143611
12.072 -0.009808877746
12.074 -0.009980905353
12.076 -0.009872498775
12.078 -0.01004345749
12.08 -0.009934151333
12.082 -0.01010414653
12.084 -0.00999392903
12.086 -0.01016276884
12.088 -0.01005127199
12.09 -0.01021865488
12.092 -0.01010588923
12.094 -0.01027252742
12.096 -0.01015925244
12.098 -0.01032518952
12.1 -0.01021133495
12.102 -0.01037668016
12.104 -0.01026222369
12.106 -0.01042644619
12.108 -0.01031042515
12.11 -0.01047300852
12.112 -0.0103554657
12.114 -0.01051636219
12.116 -0.01039718816
12.118 -0.01055656313
12.12 -0.01043607938
12.122 -0.01059378958
12.124 -0.01047180365
12.126 -0.01062851797
12.128 -0.01050532027
12.13 -0.01066047862
12.132 -0.01053569552
12.134 -0.01068910972
12.136 -0.01056266424
12.138 -0.01071447536
12.14 -0.01058680038
12.142 -0.01073719492
12.144 -0.01060800774
12.146 -0.01075682463
12.148 -0.01062624183
12.15 -0.01077364159
12.152 -0.01064152083
12.154 -0.01078712054
12.156 -0.01065339503
12.158 -0.01079755565
12.16 -0.01066232083
12.162 -0.01080462725
12.164 -0.01066758422
12.166 -0.01080798872
12.168 -0.01066917794
12.17 -0.01080817079
12.172 -0.01066797656
12.174 -0.01080535345
12.176 -0.01066326611
12.178 -0.01079835368
12.18 -0.01065402758
12.182 -0.01078698899
12.184 -0.01064075489
12.186 -0.01077187197
12.188 -0.01062402173
12.19 -0.01075353755
12.192 -0.01060412654
12.194 -0.01073193473
12.196 -0.01058077156
12.198 -0.01070684229
12.2 -0.01055414682
12.202 -0.01067874861
12.204 -0.0105247842
12.206 -0.0106481256
12.208 -0.01049297638
12.21 -0.01061493486
12.212 -0.01045844176
12.214 -0.01057927172
12.216 -0.01042187707
12.218 -0.0105417348
12.22 -0.01038341256
12.222 -0.01050228983
12.224 -0.01034308602
12.226 -0.01046104903
12.228 -0.01030115238
12.23 -0.01041930944
12.232 -0.01025842975
12.234 -0.01037575696
12.236 -0.01021404258
12.238 -0.01033081761
12.24 -0.01016852544
12.242 -0.01028481231
12.244 -0.01012217481
12.246 -0.0102380648
12.248 -0.01007512201
12.25 -0.01019085022
12.252 -0.01002788435
12.254 -0.0101422724
12.256 -0.009979143056
12.258 -0.0100947904
12.26 -0.009932052076
12.262 -0.01004799906
12.264 -0.009885146395
12.266 -0.01000088914
12.268 -0.009837808985
12.27 -0.009953220663
12.272 -0.009789832803
12.274 -0.009904888902
12.276 -0.009741388491
12.278 -0.009856181306
12.28 -0.009692711776
12.282 -0.009807674204
12.284 -0.009644446958
12.286 -0.009759622133
12.288 -0.009596906128
12.29 -0.009712552615
12.292 -0.009550385114
12.294 -0.009666455254
12.296 -0.009504675098
12.298 -0.009621021787
12.3 -0.009459854778
12.302 -0.009576922141
12.304 -0.009416505649
12.306 -0.009534185935
12.308 -0.009374326184
12.31 -0.009492566411
12.312 -0.009333399055
12.314 -0.009452362017
12.316 -0.009294024558
12.318 -0.009413846422
12.32 -0.009256585648
12.322 -0.009385779896
12.324 -0.009235436293
12.326 -0.009359053715
12.328 -0.009203311492
12.33 -0.009322749057
12.332 -0.009166272987
12.334 -0.009286555984
12.336 -0.009130857174
12.338 -0.009252423801
12.34 -0.009098195427
12.342 -0.009221208318
12.344 -0.009068138559
12.346 -0.009192405841
12.348 -0.009040512935
12.35 -0.009166212265
12.352 -0.009015927742
12.354 -0.009143042453
12.356 -0.008994158505
12.358 -0.009122643178
12.36 -0.008975300602
12.362 -0.009105369707
12.364 -0.008959522717
12.366 -0.00909109425
12.368 -0.008946819179
12.37 -0.009079969307
12.372 -0.008937313646
12.374 -0.009072054639
12.376 -0.008931200913
12.378 -0.009067587295
12.38 -0.00892861444
12.382 -0.009065750576
12.384 -0.00892878666
12.386 -0.009067679101
12.388 -0.00893275702
12.39 -0.009073239635
12.392 -0.008939983582
12.394 -0.009082017455
12.396 -0.00895041255
12.398 -0.009093998692
12.4 -0.00896397941
12.402 -0.009108961268
12.404 -0.008980515026
12.406 -0.009127172651
12.408 -0.009000500591
12.41 -0.009148652203
12.412 -0.009023445172
12.414 -0.009173054372
12.416 -0.009049660163
12.418 -0.009200985202
12.42 -0.009079235801
12.422 -0.00923206838
12.424 -0.009111843698
12.426 -0.00926692062
12.428 -0.009148660406
12.43 -0.009304750367
12.432 -0.009187411806
12.434 -0.009344623341
12.436 -0.009228619263
12.438 -0.009387033458
12.44 -0.009272432256
12.442 -0.009432270439
12.444 -0.009319330157
12.446 -0.009480519919
12.448 -0.009368963136
12.45 -0.009531486584
12.452 -0.009421195785
12.454 -0.009584724628
12.456 -0.009475546889
12.458 -0.009640218469
12.46 -0.009532307176
12.462 -0.009698168034
12.464 -0.009591219676
12.466 -0.009757777129
12.468 -0.00965184385
12.47 -0.009819386287
12.472 -0.009714153878
12.474 -0.009882227649
12.476 -0.00977766883
12.478 -0.0099462878
12.48 -0.009842475425
12.482 -0.01001180855
12.484 -0.009908735533
12.486 -0.01007852531
12.488 -0.009975753421
12.49 -0.01014574091
12.492 -0.01004315325
12.494 -0.01021325901
12.496 -0.01011103422
12.498 -0.01028118338
12.5 -0.01017917301
12.502 -0.01034940695
12.504 -0.01024745437
12.506 -0.01041761798
12.508 -0.01032097163
12.51 -0.01049692708
12.512 -0.01040090678
12.514 -0.01057104034
12.516 -0.0104682568
12.518 -0.01063697045
12.52 -0.01053313419
12.522 -0.0107015459
12.524 -0.01059703668
12.526 -0.01076560425
12.528 -0.01066148878
12.53 -0.0108301828
12.532 -0.01072640736
12.534 -0.010895022
12.536 -0.01079121376
12.538 -0.01095918839
12.54 -0.01085607919
12.542 -0.01102396379
12.544 -0.01091963238
12.546 -0.01108536553
12.548 -0.0109772732
12.55 -0.01113944458
12.552 -0.01102891621
12.554 -0.01118921109
12.556 -0.01107727035
12.558 -0.01123616801
12.56 -0.01112322663
12.562 -0.01128103262
12.564 -0.01116719684
12.566 -0.01132383822
12.568 -0.01120906178
12.57 -0.01136482156
12.572 -0.01124930842
12.574 -0.01140411224
12.576 -0.01128785808
12.578 -0.0114419451
12.58 -0.01132505069
12.582 -0.01147841783
12.584 -0.01136069131
12.586 -0.01151310693
12.588 -0.01139441048
12.59 -0.01154579338
12.592 -0.0114264827
12.594 -0.01157733774
12.596 -0.01145735692
12.598 -0.01160717383
12.6 -0.01148623603
12.602 -0.01163504934
12.604 -0.01151324267
12.606 -0.01166113506
12.608 -0.01153853996
12.61 -0.01168549524
12.612 -0.01156213509
12.614 -0.01170836208
12.616 -0.01158431378
12.618 -0.01172973836
12.62 -0.01160501285
12.622 -0.01174954052
12.624 -0.01162428611
12.626 -0.01176850075
12.628 -0.01164274751
12.63 -0.01178589672
12.632 -0.0116589637
12.634 -0.01180114581
12.636 -0.01167346051
12.638 -0.01181493151
12.64 -0.01168738502
12.642 -0.0118293019
12.644 -0.01170184223
12.646 -0.01184335761
12.648 -0.01171487289
12.65 -0.01185492307
12.652 -0.01172548117
12.654 -0.01186466914
12.656 -0.01173468855
12.658 -0.01187327287
12.66 -0.01174204323
12.662 -0.01187887112
12.664 -0.01174654761
12.666 -0.01188246787
12.668 -0.01175029415
12.67 -0.01188657821
12.672 -0.01175432659
12.674 -0.01189017669
12.676 -0.01175739071
12.678 -0.01189262859
12.68 -0.01175918477
12.682 -0.01189369147
12.684 -0.01175964702
12.686 -0.01189352993
12.688 -0.01175899064
12.69 -0.01189230881
12.692 -0.01175726841
12.694 -0.01188996763
12.696 -0.01175440542
12.698 -0.0118864939
12.7 -0.01175039678
12.702 -0.01188193072
12.704 -0.01174537044
12.706 -0.01187635609
12.708 -0.01173927537
12.71 -0.01186969797
12.712 -0.0117321105
12.714 -0.01186200391
12.716 -0.01172405339
12.718 -0.01185350417
12.72 -0.01171516989
12.722 -0.01184416729
12.724 -0.01170549233
12.726 -0.01183408916
12.728 -0.01169513982
12.73 -0.01182370179
12.732 -0.01168486406
12.734 -0.01181318394
12.736 -0.01167422131
12.738 -0.01180198166
12.74 -0.01166198133
12.742 -0.01178894562
12.744 -0.01164872597
12.746 -0.01177577542
12.748 -0.01163581225
12.75 -0.01176308585
12.752 -0.01162362637
12.754 -0.01175098006
12.756 -0.01161125552
12.758 -0.01173778791
12.76 -0.01159726122
12.762 -0.01172321845
12.764 -0.01158268631
12.766 -0.01170897125
12.768 -0.01156889019
12.77 -0.01169513081
12.772 -0.01155425229
12.774 -0.01167912347
12.776 -0.01153687662
12.778 -0.0116602051
12.78 -0.01151648722
12.782 -0.01163810111
12.784 -0.01149274868
12.786 -0.01161281753
12.788 -0.01146614743
12.79 -0.01158496394
12.792 -0.01143721174
12.794 -0.01155490538
12.796 -0.01140612974
12.798 -0.01152274198
12.8 -0.01137308075
12.802 -0.01148892334
12.804 -0.01133867627
12.806 -0.01145398099
12.808 -0.01130344378
12.81 -0.01141849222
12.812 -0.01126788609
12.814 -0.01138277731
12.816 -0.01123216922
12.818 -0.01134693332
12.82 -0.01119622207
12.822 -0.01131077114
12.824 -0.01115985965
12.826 -0.01127404031
12.828 -0.01112276308
12.83 -0.01123637304
12.832 -0.01108447558
12.834 -0.01119729314
12.836 -0.01104463334
12.838 -0.01115655801
12.84 -0.01100316432
12.842 -0.01111422859
12.844 -0.01096002523
12.846 -0.0110702803
12.848 -0.01091512973
12.85 -0.01102437416
12.852 -0.01086823892
12.854 -0.01097649923
12.856 -0.01081944465
12.858 -0.01092661171
12.86 -0.01076855972
12.862 -0.01087478538
12.864 -0.01071603486
12.866 -0.01082142244
12.868 -0.01066169436
12.87 -0.01076585191
12.872 -0.01060492299
12.874 -0.01070782005
12.876 -0.01054575036
12.878 -0.01064747155
12.88 -0.01048434868
12.882 -0.01058496793
12.884 -0.01042083983
12.886 -0.01052190193
12.888 -0.01035910194
12.89 -0.01046218396
12.892 -0.01030144017
12.894 -0.01040280534
12.896 -0.01023813437
12.898 -0.01033427451
12.9 -0.0101650656
12.902 -0.01025827708
12.904 -0.01008705738
12.906 -0.01017884469
12.908 -0.01000656483
12.91 -0.01009761077
12.912 -0.009924807267
12.914 -0.01001686933
12.916 -0.00984474805
12.918 -0.00993621644
12.92 -0.009764043289
12.922 -0.009855398495
12.924 -0.009683037074
12.926 -0.009773581322
12.928 -0.009600642067
12.93 -0.00969044461
12.932 -0.00951736227
12.934 -0.009607219363
12.936 -0.009433945139
12.938 -0.009523483685
12.94 -0.009349636841
12.942 -0.009438031844
12.944 -0.009263091275
12.946 -0.009350806832
12.948 -0.009175521924
12.95 -0.009263027056
12.952 -0.009087638299
12.954 -0.00917500502
12.956 -0.008999593627
12.958 -0.009086810913
12.96 -0.00891132647
12.962 -0.00899838086
12.964 -0.008822832245
12.966 -0.008909696441
12.968 -0.008734027347
12.97 -0.008820639273
12.972 -0.00864473899
12.974 -0.008731026954
12.976 -0.0085548348
12.978 -0.008642700229
12.98 -0.008468503286
12.982 -0.008557249909
12.984 -0.008383231895
12.986 -0.008471256823
12.988 -0.008296445535
12.99 -0.008381165781
12.992 -0.008202778443
12.994 -0.008284665215
12.996 -0.008104351205
12.998 -0.008184863281
13 -0.008003336068
13.002 -0.008082879734
13.004 -0.007900523375
13.006 -0.007979357236
13.008 -0.007794612518
13.01 -0.007872438284
13.012 -0.00768638052
13.014 -0.007765049567
13.016 -0.007579024331
13.018 -0.007658560926
13.02 -0.007473053198
13.022 -0.007555379342
13.024 -0.007372828939
13.026 -0.007454002082
13.028 -0.007272655068
13.03 -0.007356256986
13.032 -0.007177287781
13.034 -0.007259215962
13.036 -0.007080524021
13.038 -0.007165514006
13.04 -0.006989003108
13.042 -0.007072699389
13.044 -0.006896887579
13.046 -0.006983737294
13.048 -0.0068096791
13.05 -0.006896940024
13.052 -0.006721501857
13.054 -0.006809195704
13.056 -0.006636966569
13.058 -0.006725795219
13.06 -0.006554222417
13.062 -0.00664153969
13.064 -0.006470658407
13.066 -0.006562036184
13.068 -0.006393791873
13.07 -0.006486353811
13.072 -0.006316991101
13.074 -0.006410111773
13.076 -0.006244406118
13.078 -0.006339363326
13.08 -0.006174533917
13.082 -0.006269782665
13.084 -0.006104036597
13.086 -0.006201721169
13.088 -0.006037933708
13.09 -0.006136481326
13.092 -0.005973682982
13.094 -0.006072731803
13.096 -0.005909684184
13.098 -0.006011020476
13.1 -0.005850331823
13.102 -0.005952541545
13.104 -0.005793156497
13.106 -0.005895880962
13.108 -0.005738084198
13.11 -0.005841606555
13.112 -0.005685266925
13.114 -0.005789846945
13.116 -0.005635076286
13.118 -0.005740756593
13.12 -0.005587365743
13.122 -0.005694350342
13.124 -0.00554252987
13.126 -0.005650943568
13.128 -0.005500741101
13.13 -0.005610668055
13.132 -0.005462115415
13.134 -0.005573560727
13.136 -0.005426653489
13.138 -0.005541223716
13.14 -0.005394378172
13.142 -0.005509430376
13.144 -0.005364350457
13.146 -0.005481010261
13.148 -0.005338123397
13.15 -0.005457623145
13.152 -0.005316737262
13.154 -0.005436753342
13.156 -0.005296964949
13.158 -0.005416258374
13.16 -0.005278069007
13.162 -0.005400906247
13.164 -0.005265077912
13.166 -0.005388901775
13.168 -0.005253977613
13.17 -0.005378794858
13.172 -0.005243774411
13.174 -0.005371192145
13.176 -0.005238521783
13.178 -0.005366986633
13.18 -0.00523574984
13.182 -0.00536509669
13.184 -0.005235649754
13.186 -0.005367560502
13.188 -0.005238247697
13.19 -0.005370374281
13.192 -0.005242681698
13.194 -0.005376027756
13.196 -0.005250251631
13.198 -0.00538596216
13.2 -0.005261840938
13.202 -0.005396198775
13.204 -0.005272751369
13.206 -0.005408332272
13.208 -0.005286759195
13.21 -0.005425056883
13.212 -0.005304748096
13.214 -0.005443299578
13.216 -0.005323419442
13.218 -0.005460844496
13.22 -0.005343359024
13.222 -0.005482366396
13.224 -0.005365852661
13.226 -0.005505684844
13.228 -0.005389757088
13.23 -0.0055293084
13.232 -0.005415552058
13.234 -0.005557041585
13.236 -0.005444001513
13.238 -0.005586377495
13.24 -0.005473677526
13.242 -0.005618641028
13.244 -0.005505243921
13.246 -0.005650302119
13.248 -0.005537479972
13.25 -0.005683223701
13.252 -0.00557279697
13.254 -0.005718975889
13.256 -0.005607179177
13.258 -0.005753103947
13.26 -0.005642193067
13.262 -0.005790513382
13.264 -0.005680531647
13.266 -0.005828516919
13.268 -0.005717091094
13.27 -0.005864776003
13.272 -0.005755900625
13.274 -0.00590427135
13.276 -0.005795571374
13.278 -0.005943466801
13.28 -0.005834803881
13.282 -0.005982771379
13.284 -0.005874251406
13.286 -0.006022305286
13.288 -0.005913934505
13.29 -0.006064069994
13.292 -0.005955521139
13.294 -0.00610561117
13.296 -0.005997747903
13.298 -0.006149618972
13.3 -0.006042723169
13.302 -0.006193838439
13.304 -0.006085486151
13.306 -0.006235923741
13.308 -0.006129835547
13.31 -0.006280617755
13.312 -0.006174385752
13.314 -0.006322907682
13.316 -0.006217608746
13.318 -0.006366432017
13.32 -0.006260612846
13.322 -0.006408977819
13.324 -0.006302448663
13.326 -0.006450657414
13.328 -0.006343602564
13.33 -0.006491677949
13.332 -0.006385533939
13.334 -0.006532157076
13.336 -0.006425056004
13.338 -0.006571550992
13.34 -0.006465510818
13.342 -0.006612340309
13.344 -0.006503751394
13.346 -0.006649844254
13.348 -0.006542223943
13.35 -0.006688645905
13.352 -0.006580194351
13.354 -0.006724441247
13.356 -0.006616436966
13.358 -0.006761062955
13.36 -0.006652329992
13.362 -0.006796646694
13.364 -0.006687069899
13.366 -0.006831325024
13.368 -0.006720995817
13.37 -0.006864901865
13.372 -0.006754092858
13.374 -0.006897741848
13.376 -0.006786515268
13.378 -0.006929852561
13.38 -0.00681949986
13.382 -0.00696136103
13.384 -0.006850064895
13.386 -0.006993262316
13.388 -0.006881994307
13.39 -0.007023449599
13.392 -0.006911096198
13.394 -0.007053934828
13.396 -0.006941808698
13.398 -0.007084293802
13.4 -0.00697017858
13.402 -0.007113343447
13.404 -0.006999809718
13.406 -0.007142567303
13.408 -0.007028802329
13.41 -0.007170967793
13.412 -0.00705734271
13.414 -0.007199194516
13.416 -0.007085766695
13.418 -0.007227358747
13.42 -0.007113949459
13.422 -0.007256692701
13.424 -0.007142254555
13.426 -0.007283172809
13.428 -0.007168550628
13.43 -0.007308656796
13.432 -0.007192210296
13.434 -0.007332466159
13.436 -0.007216307701
13.438 -0.0073562075
13.44 -0.007239952456
13.442 -0.007379288651
13.444 -0.007263219817
13.446 -0.007403458671
13.448 -0.00728644533
13.45 -0.007425966601
13.452 -0.0073105036
13.454 -0.007448911929
13.456 -0.007333455284
13.458 -0.007473090329
13.46 -0.007358309656
13.462 -0.007496610962
13.464 -0.007382735371
13.466 -0.007521913286
13.468 -0.007407155518
13.47 -0.007547615704
13.472 -0.007434403458
13.474 -0.007577894531
13.476 -0.007464588502
13.478 -0.007608061401
13.48 -0.007496944506
13.482 -0.007639947069
13.484 -0.007529513095
13.486 -0.007674258296
13.488 -0.007563805083
13.49 -0.007709877831
13.492 -0.007600233046
13.494 -0.007745337805
13.496 -0.00763745103
13.498 -0.007783345824
13.5 -0.007676291436
13.502 -0.007822513386
13.504 -0.007715913008
13.506 -0.007862813052
13.508 -0.007756794018
13.51 -0.007904334186
13.512 -0.007798930589
13.514 -0.007947052116
13.516 -0.007842215269
13.518 -0.007990975176
13.52 -0.007887941392
13.522 -0.008036253347
13.524 -0.00793319816
13.526 -0.008083291161
13.528 -0.007979745378
13.53 -0.008131239473
13.532 -0.008027008985
13.534 -0.008179720808
13.536 -0.008076424775
13.538 -0.008227955562
13.54 -0.008126429161
13.542 -0.008277281541
13.544 -0.008177440543
13.546 -0.008328832584
13.548 -0.008228990526
13.55 -0.008380449488
13.552 -0.008280156028
13.554 -0.008431929312
13.556 -0.008332640529
13.558 -0.008483491405
13.56 -0.00838346689
13.562 -0.008534391592
13.564 -0.008434285918
13.566 -0.008586645374
13.568 -0.008485097458
13.57 -0.008637988856
13.572 -0.008535138054
13.574 -0.008688466358
13.576 -0.008584730009
13.578 -0.008738080448
13.58 -0.008634694313
13.582 -0.008786743708
13.584 -0.008683112538
13.586 -0.008833893404
13.588 -0.008730125538
13.59 -0.008879892569
13.592 -0.008775768332
13.594 -0.008924653484
13.596 -0.008820087368
13.598 -0.008968170976
13.6 -0.00886328282
13.602 -0.009011989661
13.604 -0.008905749747
13.606 -0.009054460369
13.608 -0.008946963037
13.61 -0.009095778117
13.612 -0.008987390073
13.614 -0.009136096114
13.616 -0.009027005151
13.618 -0.009175547425
13.62 -0.009065791404
13.622 -0.009213952958
13.624 -0.009103554325
13.626 -0.009251207747
13.628 -0.009140150315
13.63 -0.009287232936
13.632 -0.009175515132
13.634 -0.009321948809
13.636 -0.009209511327
13.638 -0.009355175087
13.64 -0.009242958923
13.642 -0.00938682015
13.644 -0.009274253704
13.646 -0.009416357289
13.648 -0.009303449306
13.65 -0.009444111529
13.652 -0.009330611387
13.654 -0.009470795103
13.656 -0.009355553465
13.658 -0.009495090906
13.66 -0.009378122328
13.662 -0.009516725619
13.664 -0.009398188744
13.666 -0.009535928949
13.668 -0.009416824112
13.67 -0.009552138742
13.672 -0.00943176505
13.674 -0.009563914966
13.676 -0.009443381624
13.678 -0.009573934409
13.68 -0.009452342587
13.682 -0.009581043919
13.684 -0.009458712936
13.686 -0.00958503142
13.688 -0.009460604225
13.69 -0.009585485715
13.692 -0.009459555957
13.694 -0.009584309869
13.696 -0.009455749418
13.698 -0.009578597936
13.7 -0.009449525249
13.702 -0.00956988052
13.704 -0.009440105517
13.706 -0.009558922533
13.708 -0.009426369356
13.71 -0.009544372357
13.712 -0.009410266355
13.714 -0.009526691216
13.716 -0.009390638728
13.718 -0.00950507547
13.72 -0.009367424094
13.722 -0.009480015434
13.724 -0.009340700933
13.726 -0.009451513609
13.728 -0.009310518521
13.73 -0.009419530162
13.732 -0.009276656313
13.734 -0.009383896234
13.736 -0.009239254146
13.738 -0.009345530142
13.74 -0.009198288621
13.742 -0.009302439031
13.744 -0.009154376183
13.746 -0.009255964432
13.748 -0.009106201418
13.75 -0.009206801322
13.752 -0.009055469958
13.754 -0.00915322215
13.756 -0.009000573554
13.758 -0.009096728666
13.76 -0.008942357883
13.762 -0.009035775525
13.764 -0.008880480554
13.766 -0.008972993753
13.768 -0.008815994537
13.77 -0.008907095794
13.772 -0.0087483674
13.774 -0.008838488541
13.776 -0.008678219796
13.778 -0.008768182835
13.78 -0.008605863209
13.782 -0.008694325458
13.784 -0.008530888975
13.786 -0.008619229852
13.788 -0.008454982108
13.79 -0.008540606635
13.792 -0.008374927228
13.794 -0.008460364618
13.796 -0.008294097693
13.798 -0.00837804986
13.8 -0.008209464271
13.802 -0.008291983857
13.804 -0.00812379764
13.806 -0.008205527836
13.808 -0.008036244524
13.81 -0.008116455434
13.812 -0.007945134161
13.814 -0.008025207171
13.816 -0.007853524081
13.818 -0.007932857426
13.82 -0.007760627546
13.822 -0.007839139268
13.824 -0.007666518582
13.826 -0.007744435393
13.828 -0.007571466044
13.83 -0.007648888249
13.832 -0.007475755726
13.834 -0.007552583558
13.836 -0.007379229323
13.838 -0.007456466827
13.84 -0.007282929868
13.842 -0.007358538397
13.844 -0.007184084105
13.846 -0.007259368124
13.848 -0.007084847466
13.85 -0.007159879173
13.852 -0.006984022354
13.854 -0.007059545359
13.856 -0.006883781632
13.858 -0.006958335486
13.86 -0.00678175458
13.862 -0.006854135921
13.864 -0.00667695708
13.866 -0.006748683847
13.868 -0.00657122886
13.87 -0.006642311307
13.872 -0.006463311181
13.874 -0.00653456695
13.876 -0.006355398334
13.878 -0.00642592574
13.88 -0.006246146053
13.882 -0.00631577552
13.884 -0.006134996114
13.886 -0.006203966184
13.888 -0.006023266286
13.89 -0.00609224093
13.892 -0.00591160778
13.894 -0.005980155288
13.896 -0.005798591022
13.898 -0.005867026636
13.9 -0.005686920443
13.902 -0.005755652996
13.904 -0.005575772679
13.906 -0.005644204387
13.908 -0.005464368664
13.91 -0.005533070732
13.912 -0.005352601278
13.914 -0.00542143755
13.916 -0.005242728384
13.918 -0.005312315
13.92 -0.005133861172
13.922 -0.005203554073
13.924 -0.005025357822
13.926 -0.005095534375
13.928 -0.004917678582
13.93 -0.004988154977
13.932 -0.004810057622
13.934 -0.004880951282
13.936 -0.004704547493
13.938 -0.004776368039
13.94 -0.004600192203
13.942 -0.004672383096
13.944 -0.004496490096
13.946 -0.004569198721
13.948 -0.004393851406
13.95 -0.004467143042
13.952 -0.004292460074
13.954 -0.004366178687
13.956 -0.004192307299
13.958 -0.004266576295
13.96 -0.004093530532
13.962 -0.004168385405
13.964 -0.003995986687
13.966 -0.004071629704
13.968 -0.003899965936
13.97 -0.003976399999
13.972 -0.003805431061
13.974 -0.003882593542
13.976 -0.003712329924
13.978 -0.003790049492
13.98 -0.003620656202
13.982 -0.003699020545
13.984 -0.003530481512
13.986 -0.003609426508
13.988 -0.003441651157
13.99 -0.003521303231
13.992 -0.00335434766
13.994 -0.00343482276
13.996 -0.003268650408
13.998 -0.003349732206
14 -0.003184340179
14.002 -0.003266254187
14.004 -0.003101467573
14.006 -0.003184094167
14.008 -0.003020081806
14.01 -0.003103370286
14.012 -0.002940088571
14.014 -0.003024042742
14.016 -0.002861277182
14.018 -0.002945882814
14.02 -0.002783827622
14.022 -0.002869100002
14.024 -0.002707547118
14.026 -0.002793520099
14.028 -0.002632295831
14.03 -0.002718789572
14.032 -0.002557959125
14.034 -0.002645115712
14.036 -0.002484870938
14.038 -0.002572323594
14.04 -0.002412507455
14.042 -0.002500310407
14.044 -0.002341142964
14.046 -0.002429258615
14.048 -0.002270491733
14.05 -0.002358883745
14.052 -0.002200481694
14.054 -0.002289175025
14.056 -0.002131175023
14.058 -0.002220185222
14.06 -0.002062470988
14.062 -0.002151618914
14.064 -0.001994330626
14.066 -0.002083628369
14.068 -0.001926611811
14.07 -0.002016215076
14.072 -0.001859472317
14.074 -0.001949221122
14.076 -0.001792943372
14.078 -0.001882987679
14.08 -0.001726976482
14.082 -0.001817446206
14.084 -0.001661785183
14.086 -0.001752455601
14.088 -0.00159723768
14.09 -0.001688183094
14.092 -0.001533384014
14.094 -0.001624611318
14.096 -0.001470050018
14.098 -0.001561584181
14.1 -0.001407271017
14.102 -0.001499138939
14.104 -0.001345021034
14.106 -0.001437053489
14.108 -0.001283330315
14.11 -0.001375563369
14.112 -0.00122228988
14.114 -0.001314769624
14.116 -0.001161815963
14.118 -0.001254455806
14.12 -0.001101842707
14.122 -0.001194739561
14.124 -0.001042444661
14.126 -0.001135661339
14.128 -0.0009837214245
14.13 -0.001077199349
14.132 -0.0009256382631
14.134 -0.001019420092
14.136 -0.0008680237448
14.138 -0.0009621860336
14.14 -0.0008111209593
14.142 -0.0009057608933
14.144 -0.0007549850592
14.146 -0.0008500209136
14.148 -0.0006977821227
14.15 -0.0007920554757
14.152 -0.0006401723849
14.154 -0.0007352363385
14.156 -0.0005848717264
14.158 -0.000680980214
14.16 -0.0005320630126
14.162 -0.0006293441941
14.164 -0.0004818005529
14.166 -0.0005804023785
14.168 -0.0004339506174
14.17 -0.0005337754332
14.172 -0.0003902187926
14.174 -0.0004921549795
14.176 -0.0003498392248
14.178 -0.0004522277072
14.18 -0.0003100169178
14.182 -0.0004125195256
14.184 -0.0002702903107
14.186 -0.0003728212304
14.188 -0.0002304417326
14.19 -0.0003330985814
14.192 -0.0001907618369
14.194 -0.0002935381722
14.196 -0.0001512543404
14.198 -0.0002541810037
14.2 -0.0001120930614
14.202 -0.0002152059041
14.204 -7.323280858e-05
14.206 -0.0001764574381
14.208 -3.461982441e-05
14.21 -0.0001380067236
14.212 3.562075386e-06
14.214 -0.0001000558275
14.216 4.137413468e-05
14.218 -6.234063028e-05
14.22 7.892609824e-05
14.222 -2.49582419e-05
14.224 0.0001160447337
14.226 1.193253701e-05
14.228 0.0001526434543
14.23 4.820134268e-05
14.232 0.0001885318576
14.234 8.373696769e-05
14.236 0.0002237099579
14.238 0.000118642999
14.24 0.0002582801231
14.242 0.0001528456533
14.244 0.000292078812
14.246 0.0001862057318
14.248 0.0003250001337
14.25 0.0002187575413
14.252 0.0003571280841
14.254 0.0002504666713
14.256 0.0003883501248
14.258 0.0002812246828
14.26 0.0004185775224
14.262 0.0003109428403
14.264 0.0004477296121
14.266 0.0003395581328
14.268 0.0004757612078
14.27 0.0003671037352
14.272 0.0005027982206
14.274 0.0003936326028
14.276 0.0005287514839
14.278 0.0004190230659
14.28 0.0005535289838
14.282 0.000443170359
14.284 0.0005769889043
14.286 0.0004660055356
14.288 0.0005991672672
14.29 0.0004875676842
14.292 0.0006201250273
14.294 0.0005079188475
14.296 0.0006397547832
14.298 0.0005269373855
14.3 0.0006581337195
14.302 0.0005446996406
14.304 0.0006752569749
14.306 0.0005612206373
14.308 0.0006911178479
14.31 0.0005764433534
14.312 0.0007056754711
14.314 0.0005903887986
14.316 0.0007189787187
14.318 0.0006030930313
14.32 0.0007310460109
14.322 0.0006145559093
14.324 0.0007418610722
14.326 0.0006247604348
14.328 0.0007514180347
14.33 0.0006337150663
14.332 0.000759736654
14.334 0.0006414425862
14.336 0.0007668367663
14.338 0.0006479504506
14.34 0.0007727112863
14.342 0.0006532278685
14.344 0.000777355203
14.346 0.0006570893886
14.348 0.0007804845965
14.35 0.0006595496742
14.352 0.0007823033178
14.354 0.0006607557355
14.356 0.0007828828397
14.358 0.0006607543016
14.36 0.000782260784
14.362 0.0006595459446
14.364 0.0007802539781
14.366 0.0006568663569
14.368 0.0007769555401
14.37 0.0006530823756
14.372 0.0007726077526
14.374 0.0006482125207
14.376 0.0007671618287
14.378 0.0006422428258
14.38 0.0007606344605
14.382 0.0006352289965
14.384 0.000753123873
14.386 0.0006272830221
14.388 0.0007449044917
14.39 0.000618769569
14.392 0.0007360553329
14.394 0.0006095075312
14.396 0.0007263500884
14.398 0.0005994343679
14.4 0.000715948539
14.402 0.0005890063875
14.404 0.0007054249639
14.406 0.0005784265995
14.408 0.0006947025474
14.41 0.0005677381831
14.412 0.0006838655172
14.414 0.0005566570204
14.416 0.00067245661
14.418 0.0005451243857
14.42 0.0006607308016
14.422 0.0005331744924
14.424 0.0006485600264
14.426 0.0005215531196
14.428 0.0006375557404
14.43 0.0005105541446
14.432 0.0006264862817
14.434 0.0004990793144
14.436 0.0006145455015
14.438 0.0004868406337
14.44 0.00060196114
14.442 0.0004740380546
14.444 0.0005886353836
14.446 0.0004596949829
14.448 0.0005733281127
14.45 0.0004439056307
14.452 0.0005572366614
14.454 0.0004277780242
14.456 0.0005413198259
14.458 0.000411989478
14.46 0.0005258553222
14.462 0.0003968813568
14.464 0.0005110910196
14.466 0.0003822341345
14.468 0.0004966529241
14.47 0.0003681124485
14.472 0.0004827005192
14.474 0.0003544754671
14.476 0.0004694008416
14.478 0.0003414227415
14.48 0.0004566689623
14.482 0.000328947367
14.484 0.0004445333389
14.486 0.0003172505747
14.488 0.0004330597411
14.49 0.000306193205
14.492 0.0004223260753
14.494 0.0002959764365
14.496 0.0004126121588
14.498 0.00028661997
14.5 0.0004036866358
14.502 0.0002781787394
14.504 0.000395576148
14.506 0.0002705099724
14.508 0.0003882161739
14.51 0.0002636049271
14.512 0.0003817878438
14.514 0.000257507137
14.516 0.0003761016318
14.518 0.0002522762643
14.52 0.0003711717972
14.522 0.0002477542565
14.524 0.0003670493907
14.526 0.0002440517565
14.528 0.0003635885203
14.53 0.000240937723
14.532 0.0003608658982
14.534 0.00023861709
14.536 0.0003587948219
14.538 0.0002368862592
14.54 0.000357482648
14.542 0.0002359778083
14.544 0.0003568176718
14.546 0.0002356636168
14.548 0.0003569305083
14.55 0.0002361995744
14.552 0.0003577331321
14.554 0.0002373667537
14.556 0.0003592117958
14.558 0.0002393868866
14.56 0.0003616001457
14.562 0.0002421601665
14.564 0.0003648346233
14.566 0.0002457239113
14.568 0.0003687523158
14.57 0.0002501985432
14.572 0.0003736166954
14.574 0.0002554441221
14.576 0.0003792874909
14.578 0.0002615031334
14.58 0.0003856258296
14.582 0.0002681715605
14.584 0.000392571758
14.586 0.0002754749444
14.588 0.0004003203773
14.59 0.0002836314851
14.592 0.00040877565
14.594 0.0002924166801
14.596 0.0004137179146
14.598 0.0002960720502
14.6 0.0004154521458
14.602 0.0002985967924
14.604 0.0004174996999
14.606 0.0003015296322
14.608 0.0004203840762
14.61 0.0003055066375
14.612 0.0004248851264
14.614 0.0003110375642
14.616 0.0004309288428
14.618 0.0003139636052
14.62 0.000437174007
14.622 0.0003205405899
14.624 0.0004470491249
14.626 0.0003344544333
14.628 0.0004647107165
14.63 0.000350232171
14.632 0.0004802281502
14.634 0.0003688125822
14.636 0.0005013550162
14.638 0.0003917858305
14.64 0.0005205778872
14.642 0.0004101768587
14.644 0.0005451900862
14.646 0.0004342866848
14.648 0.0005669258641
14.65 0.0004563363407
14.652 0.000585710208
14.654 0.000474556497
14.656 0.0006054821876
14.658 0.0004965037247
14.66 0.0006240805275
14.662 0.0005136647187
14.664 0.0006433780117
14.666 0.0005347692879
14.668 0.000665629933
14.67 0.0005527920807
14.672 0.000682360035
14.674 0.0005712051976
14.676 0.0007025404024
14.678 0.0005922633456
14.68 0.0007234818223
14.682 0.0006133315151
14.684 0.0007442214104
14.686 0.0006338877507
14.688 0.0007643477046
14.69 0.0006537156455
14.692 0.0007836920977
14.694 0.0006726939288
14.696 0.000802184282
14.698 0.0006907808831
14.7 0.000819786485
14.702 0.0007079810819
14.704 0.0008365290767
14.706 0.0007243317948
14.708 0.0008524422299
14.71 0.0007398847166
14.712 0.0008676057002
14.714 0.0007547233932
14.716 0.0008820900436
14.718 0.0007689192586
14.72 0.0008959707298
14.722 0.0007825412849
14.724 0.0009093027878
14.726 0.0007956418954
14.728 0.0009221519944
14.73 0.0008082413984
14.732 0.0009346777897
14.734 0.0008204823595
14.736 0.0009467817164
14.738 0.0008324085184
14.74 0.0009585508126
14.742 0.0008440589755
14.744 0.0009700590869
14.746 0.0008554768653
14.748 0.0009813531462
14.75 0.0008667040801
14.752 0.0009924778274
14.754 0.0008777837279
14.756 0.001003471389
14.758 0.0008887512446
14.76 0.001014373113
14.762 0.0008997401581
14.764 0.001025503149
14.766 0.0009110372512
14.768 0.001036845034
14.77 0.000922353461
14.772 0.001048082652
14.774 0.0009336146042
14.776 0.001059336237
14.778 0.0009449354144
14.78 0.001070687619
14.782 0.0009563917728
14.784 0.001082210838
14.786 0.0009680393592
14.788 0.001094014301
14.79 0.0009800958066
14.792 0.001106175356
14.794 0.0009923774489
14.796 0.001118637892
14.798 0.00100512003
14.8 0.001131514175
14.802 0.001018219297
14.804 0.001144865231
14.806 0.001031775859
14.808 0.001158611458
14.81 0.001045827137
14.812 0.001172826883
14.814 0.001060176478
14.816 0.001187252169
14.818 0.001074753539
14.82 0.001201949008
14.822 0.001089628097
14.824 0.001216965247
14.826 0.001104847532
14.828 0.001232275021
14.83 0.001120265852
14.832 0.001247875736
14.834 0.001136166836
14.836 0.001263947578
14.838 0.001152440485
14.84 0.00128050938
14.842 0.001169396224
14.844 0.0012977219
14.846 0.001186939969
14.848 0.001315619756
14.85 0.001205154477
14.852 0.001334081267
14.854 0.001224028019
14.856 0.001353379067
14.858 0.00124382225
14.86 0.001373494247
14.862 0.001264467813
14.864 0.001394587026
14.866 0.001285968419
14.868 0.001416619817
14.87 0.001308394372
14.872 0.001439466673
14.874 0.001331680247
14.876 0.001463272013
14.878 0.001355893691
14.88 0.001487946532
14.882 0.001381106887
14.884 0.001513595324
14.886 0.001407166635
14.888 0.001540153792
14.89 0.001434293824
14.892 0.001567722132
14.894 0.001462294151
14.896 0.001596169487
14.898 0.001491237444
14.9 0.001625574029
14.902 0.001521246053
14.904 0.001655927253
14.906 0.00155212216
14.908 0.001687268116
14.91 0.001583903302
14.912 0.001719369813
14.914 0.001616518956
14.916 0.001752384503
14.918 0.001649923579
14.92 0.001786211642
14.922 0.001684129979
14.924 0.001820838539
14.926 0.001719010958
14.928 0.001856088694
14.93 0.001754698087
14.932 0.001892219662
14.934 0.001791229698
14.936 0.001929044277
14.938 0.001828261415
14.94 0.001966334325
14.942 0.001865896015
14.944 0.002004254465
14.946 0.00190412639
14.948 0.00204271176
14.95 0.00194285864
14.952 0.002081542574
14.954 0.001982038881
14.956 0.002120864585
14.958 0.002021567696
14.96 0.002160612306
14.962 0.002061525225
14.964 0.002200671245
14.966 0.00210185003
14.968 0.002241130063
14.97 0.002142482056
14.972 0.002281850534
14.974 0.002183434725
14.976 0.002322908154
14.978 0.002224574963
14.98 0.002364105445
14.982 0.002265980983
14.984 0.002405617565
14.986 0.002307555
14.988 0.002447234864
14.99 0.002349237674
14.992 0.0024889798
14.994 0.002391060126
14.996 0.002530969266
14.998 0.002433131425
15 0.002573026454
15.002 0.002475204683
15.004 0.002615077566
15.006 0.002517289002
15.008 0.002657132687
15.01 0.002559335079
15.012 0.002699115899
15.014 0.002601298014
15.016 0.002741010724
15.018 0.002643161463
15.02 0.002782793037
15.022 0.002684903878
15.024 0.002824439805
15.026 0.002726482553
15.028 0.002865902512
15.03 0.002767863252
15.032 0.002907153165
15.034 0.002809013927
15.036 0.0029481545
15.038 0.002849755875
15.04 0.0029885598
15.042 0.002889923457
15.044 0.003028484832
15.046 0.002929669421
15.048 0.003068003014
15.05 0.002969008717
15.052 0.003107093804
15.054 0.003007868659
15.056 0.003145680425
15.058 0.003046252922
15.06 0.003183853742
15.062 0.003084245463
15.064 0.003221629358
15.066 0.00312185397
15.068 0.003259148846
15.07 0.003159322654
15.072 0.003296445951
15.074 0.003196421756
15.076 0.003333256461
15.078 0.003232976287
15.08 0.003369467408
15.082 0.003268835812
15.084 0.003404907119
15.086 0.003303888561
15.088 0.003439534248
15.09 0.003338125883
15.092 0.003473339553
15.094 0.003371529226
15.096 0.003506296505
15.098 0.003404073302
15.1 0.00353838759
15.102 0.003435742458
15.104 0.003569591857
15.106 0.003466519885
15.108 0.003599981955
15.11 0.00349664533
15.112 0.003629815361
15.114 0.003526202326
15.116 0.003659054539
15.118 0.003555152944
15.12 0.00368766671
15.122 0.00358344526
15.124 0.003715509727
15.126 0.003610790253
15.128 0.003742350556
15.13 0.003637314248
15.132 0.003768639853
15.134 0.003663376405
15.136 0.003794391272
15.138 0.003688800313
15.14 0.00381942805
15.142 0.003713461068
15.144 0.003843665576
15.146 0.003737293372
15.148 0.00386704209
15.15 0.003760419086
15.152 0.00389023027
15.154 0.003783796389
15.156 0.003913720572
15.158 0.003807451233
15.16 0.003937500804
15.162 0.003831393276
15.164 0.003961568683
15.166 0.003855614511
15.168 0.003985893044
15.17 0.003880059125
15.172 0.004010413196
15.174 0.003904678673
15.176 0.004035083791
15.178 0.003929415873
15.18 0.004059839258
15.182 0.003954206356
15.184 0.00408461469
15.186 0.003978989422
15.188 0.00410936609
15.19 0.004003731041
15.192 0.004134061739
15.194 0.004028409006
15.196 0.00415868078
15.198 0.004052994787
15.2 0.004183190556
15.202 0.004077457586
15.204 0.004207592134
15.206 0.004101846613
15.208 0.004231945444
15.21 0.004126206579
15.212 0.004256288559
15.214 0.004150569694
15.216 0.004280644827
15.218 0.004174970236
15.22 0.004305065982
15.222 0.00419944109
15.224 0.004329554205
15.226 0.004223979035
15.228 0.004354112443
15.23 0.00424858903
15.232 0.004378750752
15.234 0.004273342561
15.236 0.004403534805
15.238 0.004298103755
15.24 0.004428284222
15.242 0.004322952591
15.244 0.004453149209
15.246 0.004347782986
15.248 0.004477879654
15.25 0.004372398547
15.252 0.004502409757
15.254 0.00439685119
15.256 0.00452666071
15.258 0.004420876944
15.26 0.004550375738
15.262 0.004444279257
15.264 0.004573393428
15.266 0.004466915101
15.268 0.004595583035
15.27 0.004488660035
15.272 0.004616819971
15.274 0.004509388902
15.276 0.004636977395
15.278 0.004528981471
15.28 0.004655945268
15.282 0.004547323579
15.284 0.004673598291
15.286 0.004564207414
15.288 0.004689622365
15.29 0.004579427365
15.292 0.004704002362
15.294 0.004592905411
15.296 0.004716523744
15.298 0.004604550098
15.3 0.00472725653
15.302 0.00461447357
15.304 0.004736271201
15.306 0.004622519161
15.308 0.004743315845
15.31 0.004628613623
15.312 0.004748406333
15.314 0.004632700247
15.316 0.004751430214
15.318 0.004634670301
15.32 0.004752294906
15.322 0.004634447787
15.324 0.004750934222
15.326 0.004631966959
15.328 0.004747287241
15.33 0.004627177328
15.332 0.004741306972
15.334 0.004620029153
15.336 0.004732934022
15.338 0.004610442861
15.34 0.004722092011
15.342 0.004598396224
15.344 0.00470882008
15.346 0.004583934156
15.348 0.004693128055
15.35 0.004567045756
15.352 0.004675010025
15.354 0.00454773942
15.356 0.004654485105
15.358 0.004526039466
15.36 0.004631577931
15.362 0.004501970048
15.364 0.004606321981
15.366 0.004475574661
15.368 0.004578761294
15.37 0.004446899558
15.372 0.004548952239
15.374 0.004416006216
15.376 0.004516946737
15.378 0.004382933071
15.38 0.004482777766
15.382 0.004347715705
15.384 0.004446485551
15.386 0.004310394382
15.388 0.004408104776
15.39 0.004271002306
15.392 0.004367679386
15.394 0.004229671509
15.396 0.004325451796
15.398 0.004186560567
15.4 0.00428140099
15.402 0.00414159924
15.404 0.00423550288
15.406 0.004094810043
15.408 0.004187795128
15.41 0.004046235598
15.412 0.004138332934
15.414 0.003995942587
15.416 0.004087191489
15.418 0.003944012261
15.42 0.004034465247
15.422 0.00389055138
15.424 0.003980255277
15.426 0.003835647936
15.428 0.003924640825
15.43 0.003779381813
15.432 0.003867711351
15.434 0.003721852443
15.436 0.003809572394
15.438 0.003663169532
15.44 0.003750336876
15.442 0.003603449909
15.444 0.003690126772
15.446 0.003542816793
15.448 0.003629061991
15.45 0.003481379728
15.452 0.003567240975
15.454 0.003419242382
15.456 0.003504773413
15.458 0.003356526491
15.46 0.003441820998
15.462 0.003293404404
15.464 0.003378496621
15.466 0.003229923027
15.468 0.003314849783
15.47 0.003166193372
15.472 0.003251042843
15.474 0.003102372281
15.476 0.003187193154
15.478 0.003038557169
15.48 0.003123365064
15.482 0.002974761021
15.484 0.003059614277
15.486 0.002911137443
15.488 0.002996157264
15.49 0.00284793412
15.492 0.002933168178
15.494 0.002785196311
15.496 0.002870614638
15.498 0.002722858105
15.5 0.002808467266
15.502 0.002660974078
15.504 0.002746827399
15.506 0.00259964078
15.508 0.002685780465
15.51 0.00253892225
15.512 0.002625352701
15.514 0.002478818463
15.516 0.002565581857
15.518 0.00241942034
15.52 0.002506529102
15.522 0.002360755938
15.524 0.002448237868
15.526 0.002302904203
15.528 0.002390792192
15.53 0.002245917623
15.532 0.002334264814
15.534 0.002189896411
15.536 0.00227872477
15.538 0.002134798169
15.54 0.002224019634
15.542 0.002080552545
15.544 0.002170230435
15.546 0.002027278608
15.548 0.002117444934
15.55 0.001975028546
15.552 0.002065699102
15.554 0.001923826892
15.556 0.002014999736
15.558 0.001873654547
15.56 0.001965334675
15.562 0.001824549674
15.564 0.001916759066
15.566 0.001776549103
15.568 0.001869315112
15.57 0.001729693475
15.572 0.00182301049
15.574 0.001683966962
15.576 0.001777824449
15.578 0.001639348403
15.58 0.001733942839
15.582 0.00159631656
15.584 0.00169164273
15.586 0.001554705162
15.588 0.001650604343
15.59 0.00151424089
15.592 0.001610634628
15.594 0.001474761748
15.596 0.001571572633
15.598 0.001436089895
15.6 0.001533187031
15.602 0.001398312636
15.604 0.001496186112
15.606 0.001362128507
15.608 0.001460899635
15.61 0.001327730711
15.612 0.001427324613
15.614 0.001294937399
15.616 0.001395226789
15.618 0.001263525556
15.62 0.001364419073
15.622 0.001233333418
15.624 0.001334774531
15.626 0.001204234095
15.628 0.001306189956
15.63 0.0011761691
15.632 0.001278599811
15.634 0.001149050532
15.636 0.001251912633
15.638 0.001122853653
15.64 0.001226129022
15.642 0.001097418227
15.644 0.001200969925
15.646 0.001072606835
15.648 0.001176536918
15.65 0.001048534416
15.652 0.001152752717
15.654 0.001025058897
15.656 0.001129530086
15.658 0.001002107125
15.66 0.00110680871
15.662 0.0009796327066
15.664 0.001084537288
15.666 0.0009575564437
15.668 0.001062619916
15.67 0.0009358239335
15.672 0.001041030592
15.674 0.0009143902803
15.676 0.001019677698
15.678 0.000893120047
15.68 0.0009984454318
15.682 0.0008719756089
15.684 0.0009773619845
15.686 0.0008509732271
15.688 0.0009564128239
15.69 0.0008300982676
15.692 0.0009355762898
15.694 0.0008092435501
15.696 0.000914667687
15.698 0.0007883527949
15.7 0.0008937984788
15.702 0.000767507626
15.704 0.0008728797163
15.706 0.0007465691886
15.708 0.0008519158877
15.71 0.0007255886664
15.712 0.0008308862489
15.714 0.0007045116762
15.716 0.0008096815793
15.718 0.0006832389161
15.72 0.0007883395451
15.722 0.0006618258716
15.724 0.000766788459
15.726 0.0006402037274
15.728 0.0007450885418
15.73 0.0006184526221
15.732 0.0007232328802
15.734 0.0005965846842
15.736 0.0007013676633
15.738 0.0005746831045
15.74 0.0006794192453
15.742 0.0005526842196
15.744 0.0006573758654
15.746 0.0005306397809
15.748 0.0006352214396
15.75 0.0005084411447
15.752 0.0006129462619
15.754 0.0004861371916
15.756 0.0005905714787
15.758 0.0004637169556
15.76 0.0005680563188
15.762 0.0004411221133
15.764 0.0005453406383
15.766 0.0004183287386
15.768 0.0005224358287
15.77 0.0003953580597
15.772 0.0004993661365
15.774 0.0003722035637
15.776 0.0004760845079
15.778 0.0003488279257
15.78 0.0004523589194
15.782 0.0003246981582
15.784 0.0004279181798
15.786 0.0002998571307
15.788 0.0004026768271
15.79 0.0002742868492
15.792 0.0003768346416
15.794 0.0002482117015
15.796 0.000350479761
15.798 0.0002216913219
15.8 0.0003237046994
15.802 0.0001946820009
15.804 0.0002964935117
15.806 0.0001672490282
15.808 0.0002687945507
15.81 0.0001393868059
15.812 0.0002406825715
15.814 0.0001110156072
15.816 0.0002120508349
15.818 8.221019656e-05
15.82 0.0001829969542
15.822 5.290227989e-05
15.824 0.0001534549579
15.826 2.321941583e-05
15.828 0.0001235505664
15.83 -6.913881673e-06
15.832 9.317502436e-05
15.834 -3.752351493e-05
15.836 6.234290575e-05
15.838 -6.858814098e-05
15.84 3.09706933e-05
15.842 -0.0001002122876
15.844 -9.455184366e-07
15.846 -0.0001323519507
15.848 -3.328524019e-05
15.85 -0.00016489842
15.852 -6.611151102e-05
15.854 -0.0001979434812
15.856 -9.941086737e-05
15.858 -0.0002314462295
15.86 -0.0001331498944
15.862 -0.0002653765529
15.864 -0.000167280418
15.866 -0.0002996016773
15.868 -0.0002017609299
15.87 -0.0003343744214
15.872 -0.0002368019738
15.874 -0.0003696055826
15.876 -0.0002722223423
15.878 -0.0004050090035
15.88 -0.0003075493449
15.882 -0.0004402218691
15.884 -0.0003426849363
15.886 -0.000475215655
15.888 -0.0003775991846
15.89 -0.0005100346739
15.892 -0.0004124207925
15.894 -0.0005448580232
15.896 -0.0004472805996
15.898 -0.0005797515684
15.9 -0.0004822426454
15.902 -0.0006147638567
15.904 -0.0005173340522
15.906 -0.0006499135826
15.908 -0.0005525776115
15.91 -0.0006852279266
15.912 -0.000588000277
15.914 -0.0007207342431
15.916 -0.0006236237832
15.918 -0.0007562303989
15.92 -0.00065895058
15.922 -0.0007914580804
15.924 -0.0006942112033
15.926 -0.0008268395823
15.928 -0.0007297612357
15.93 -0.0008625192228
15.932 -0.0007655972364
15.934 -0.000898474951
15.936 -0.0008017148285
15.938 -0.0009347205
15.94 -0.000838130829
15.942 -0.0009712602925
15.944 -0.0008748261765
15.946 -0.001008091845
15.948 -0.0009118441702
15.95 -0.001045269615
15.952 -0.0009492309645
15.954 -0.001082835723
15.956 -0.000987005321
15.958 -0.001120774337
15.96 -0.00102513966
15.962 -0.001159066995
15.964 -0.001063630203
15.966 -0.001197684471
15.968 -0.001102406325
15.97 -0.001236605192
15.972 -0.001141520031
15.974 -0.001275886969
15.976 -0.001181010164
15.978 -0.001315553623
15.98 -0.001220889389
15.982 -0.001355610116
15.984 -0.001261156663
15.986 -0.001396048495
15.988 -0.001301792493
15.99 -0.001436832894
15.992 -0.001342757441
15.994 -0.001477939459
15.996 -0.001384038165
15.998 -0.001519353736
16 -0.001425619949
16.002 -0.001560505462
16.004 -0.001466120369
16.006 -0.001600740941
16.008 -0.00150634692
16.01 -0.001641088605
16.012 -0.0015473726
16.014 -0.001683045813
16.016 -0.00158999071
16.018 -0.001726055638
16.02 -0.001633273981
16.022 -0.001769535056
16.024 -0.001676942415
16.026 -0.001813340132
16.028 -0.001720912556
16.03 -0.001857423553
16.032 -0.001765148397
16.034 -0.001901771833
16.036 -0.001809652099
16.038 -0.001946392404
16.04 -0.001854429129
16.042 -0.001991287342
16.044 -0.001899480551
16.046 -0.002036462269
16.048 -0.001944820995
16.05 -0.002081930069
16.052 -0.001990450279
16.054 -0.002127683669
16.056 -0.002036364556
16.058 -0.002173724686
16.06 -0.002082713206
16.062 -0.002220396385
16.064 -0.002129655637
16.066 -0.002267551486
16.068 -0.002177066733
16.07 -0.002315189642
16.072 -0.002224958387
16.074 -0.002363303602
16.076 -0.002273306967
16.078 -0.002411835815
16.08 -0.002322071646
16.082 -0.002460832663
16.084 -0.002371337296
16.086 -0.002510325168
16.088 -0.002421088777
16.09 -0.002560297415
16.092 -0.002471316519
16.094 -0.002610753284
16.096 -0.002522042649
16.098 -0.002661728298
16.1 -0.002573311393
16.102 -0.002713267898
16.104 -0.002625157971
16.106 -0.00276538959
16.108 -0.002677588758
16.11 -0.002818087606
16.112 -0.002730577717
16.114 -0.002871329992
16.116 -0.002784099961
16.118 -0.0029250928
16.12 -0.002838132199
16.122 -0.002979371575
16.124 -0.002892695426
16.126 -0.003034190803
16.128 -0.002947805007
16.13 -0.003089560981
16.132 -0.003003472974
16.134 -0.003145498801
16.136 -0.003059710976
16.138 -0.003202012703
16.14 -0.003116536997
16.142 -0.003259126673
16.144 -0.003173972081
16.146 -0.003316853843
16.148 -0.0032320189
16.15 -0.003375189273
16.152 -0.003290671173
16.154 -0.003434127362
16.156 -0.003349925043
16.158 -0.003493673302
16.16 -0.003409798672
16.162 -0.003553850604
16.164 -0.003470311078
16.166 -0.00361466871
16.168 -0.003531461745
16.17 -0.003676126526
16.172 -0.00359326145
16.174 -0.00373825233
16.176 -0.003655751241
16.178 -0.003801076214
16.18 -0.003718935146
16.182 -0.00386459157
16.184 -0.00378280927
16.186 -0.003928798891
16.188 -0.003847378341
16.19 -0.003993698787
16.192 -0.003912632715
16.194 -0.004059276397
16.196 -0.003978560835
16.198 -0.004125528432
16.2 -0.004045219719
16.202 -0.00419257483
16.204 -0.004112646106
16.206 -0.004260331322
16.208 -0.004180740226
16.21 -0.004328734665
16.212 -0.004249470213
16.214 -0.004397764243
16.216 -0.004318821608
16.218 -0.004467411775
16.22 -0.004388789585
16.222 -0.004537675167
16.224 -0.004459372851
16.226 -0.004608555393
16.228 -0.004530572711
16.23 -0.004680046181
16.232 -0.004602377798
16.234 -0.004752135034
16.236 -0.004674775084
16.238 -0.004824838616
16.24 -0.004747824826
16.242 -0.004898214064
16.244 -0.004821553358
16.246 -0.00497226627
16.248 -0.004895948819
16.25 -0.005046952002
16.252 -0.004970920609
16.254 -0.005122176997
16.256 -0.005046421955
16.258 -0.005197933955
16.26 -0.005122461198
16.262 -0.005274215634
16.264 -0.00519900602
16.266 -0.005351002256
16.268 -0.005276060437
16.27 -0.005428289842
16.272 -0.005353622941
16.274 -0.005506114757
16.276 -0.005431730383
16.278 -0.005584470715
16.28 -0.005510351419
16.282 -0.005663326236
16.284 -0.005589453515
16.286 -0.005742642839
16.288 -0.005668998395
16.29 -0.005822391991
16.292 -0.005748977226
16.294 -0.005902544216
16.296 -0.005829250814
16.298 -0.005982965831
16.3 -0.005909893906
16.302 -0.006063779419
16.304 -0.005990893597
16.306 -0.006144938666
16.308 -0.006072246161
16.31 -0.00622645327
16.312 -0.006153912231
16.314 -0.006308183729
16.316 -0.006235797492
16.318 -0.006390446199
16.32 -0.006318271449
16.322 -0.006473149765
16.324 -0.006401331174
16.326 -0.006556404666
16.328 -0.006484742033
16.33 -0.006639910415
16.332 -0.006557667127
16.334 -0.006713202331
16.336 -0.006639111244
16.338 -0.006798678728
16.34 -0.006728413159
16.342 -0.006887772422
16.344 -0.006818503192
16.346 -0.006977246361
16.348 -0.006908392117
16.35 -0.007066913524
16.352 -0.006997867583
16.354 -0.007145337493
16.356 -0.007076576371
16.358 -0.007231551459
16.36 -0.007166445251
16.362 -0.007324816285
16.364 -0.007259243114
16.366 -0.007418426987
16.368 -0.007352261609
16.37 -0.007500828784
16.372 -0.007434538988
16.374 -0.007590498599
16.376 -0.007527234117
16.378 -0.007686459756
16.38 -0.007622365284
16.382 -0.007782368446
16.384 -0.007706994322
16.386 -0.007867333462
16.388 -0.00779875582
16.39 -0.007962160157
16.392 -0.007896490592
16.394 -0.008059108947
16.396 -0.007983542355
16.398 -0.008145867676
16.4 -0.008077745742
16.402 -0.008242847124
16.404 -0.008177853413
16.406 -0.00833157316
16.408 -0.00826771084
16.41 -0.008428063262
16.412 -0.008367495358
16.414 -0.008530524233
16.416 -0.00845885299
16.418 -0.008622719661
16.42 -0.008557736707
16.422 -0.008724747062
16.424 -0.008662542635
16.426 -0.00881832577
16.428 -0.008757013438
16.43 -0.008919328511
16.432 -0.008861151892
16.434 -0.009015793804
16.436 -0.008957153143
16.438 -0.00911961481
16.44 -0.009063416215
16.442 -0.009228884772
16.444 -0.009161140572
16.446 -0.009327573315
16.448 -0.009266088096
16.45 -0.009435492455
16.452 -0.009366224476
16.454 -0.009535166765
16.456 -0.009473503514
16.458 -0.009644755958
16.46 -0.00957584012
16.462 -0.009746235815
16.464 -0.009685064708
16.466 -0.009857491758
16.468 -0.009789124317
16.47 -0.009960468978
16.472 -0.009899891698
16.474 -0.01007317881
16.476 -0.01000542724
16.478 -0.01017752362
16.48 -0.01011745601
16.482 -0.01028130173
16.484 -0.01022464247
16.486 -0.0103940946
16.488 -0.01034111766
16.49 -0.01050233171
16.492 -0.01044886747
16.494 -0.01061701275
16.496 -0.01055565154
16.498 -0.01072667214
16.5 -0.01067100507
16.502 -0.01083525436
16.504 -0.01078194633
16.506 -0.01095221391
16.508 -0.01089189204
16.51 -0.01106457854
16.512 -0.01101010048
16.514 -0.01118569414
16.516 -0.0111230762
16.518 -0.01129769196
16.52 -0.01124185795
16.522 -0.01140823792
16.524 -0.0113551569
16.526 -0.01152679936
16.528 -0.01146684508
16.53 -0.01164049421
16.532 -0.0115866629
16.534 -0.01176297774
16.536 -0.01171070689
16.538 -0.01187542671
16.54 -0.01182304552
16.542 -0.01199320094
16.544 -0.01193308486
16.546 -0.01210544508
16.548 -0.01205061858
16.55 -0.01221575677
16.552 -0.0121629941
16.554 -0.01233401557
16.556 -0.01228402947
16.558 -0.012456522
16.56 -0.01239517241
16.562 -0.01256753193
16.564 -0.01250195857
16.566 -0.01267687511
16.568 -0.01262020128
16.57 -0.01278694818
16.572 -0.01274367892
16.574 -0.01290541719
16.576 -0.0128586834
16.578 -0.0130256247
16.58 -0.01296773495
16.582 -0.01309832439
16.584 -0.01305443499
16.586 -0.01319167014
16.588 -0.01315536063
16.59 -0.01333393445
16.592 -0.01329942489
16.594 -0.01346773302
16.596 -0.01343095322
16.598 -0.01359250215
16.6 -0.013547082
16.602 -0.01370328477
16.604 -0.01365511005
16.606 -0.01382108021
16.608 -0.01377242271
16.61 -0.01393173995
16.612 -0.013880526
16.614 -0.01403712091
16.616 -0.01399685719
16.618 -0.01415248488
16.62 -0.01410610806
16.622 -0.01425866134
16.624 -0.0142098052
16.626 -0.01437281611
16.628 -0.01432308406
16.63 -0.01447963579
16.632 -0.014426854
16.634 -0.01459033068
16.636 -0.01453776161
16.638 -0.01465374188
16.64 -0.0146082622
16.642 -0.01473375106
16.644 -0.01470493883
16.646 -0.01482463245
16.648 -0.01479871851
16.65 -0.01496574173
16.652 -0.01493264933
16.654 -0.01508884204
16.656 -0.01503763649
16.658 -0.01519814594
16.66 -0.01514259581
16.662 -0.0152944321
16.664 -0.01524456687
16.666 -0.01539234452
16.668 -0.01533618251
16.67 -0.01548951493
16.672 -0.01543049081
16.674 -0.01557727991
16.676 -0.01551488102
16.678 -0.01566861083
16.68 -0.01559722614
16.682 -0.01571372244
16.684 -0.0156561877
16.686 -0.01577861999
16.688 -0.01568848404
16.69 -0.01583071607
16.692 -0.01578511347
16.694 -0.01596093097
16.696 -0.0159213405
16.698 -0.01607791018
16.7 -0.01603019144
16.702 -0.01617472813
16.704 -0.01610509571
16.706 -0.01626322711
16.708 -0.01618592464
16.71 -0.01633384556
16.712 -0.01626910575
16.714 -0.01641308003
16.716 -0.01634684178
16.718 -0.01649480493
16.72 -0.01641784124
16.722 -0.01656846196
16.724 -0.01649495681
16.726 -0.01660853633
16.728 -0.01649601933
16.73 -0.01659015204
16.732 -0.01646225058
16.734 -0.01657302135
16.736 -0.01652698595
16.738 -0.01672814246
16.74 -0.01675032474
16.742 -0.01695227916
16.744 -0.01693593126
16.746 -0.01709348916
16.748 -0.01703990491
16.75 -0.01717859269
16.752 -0.01712068043
16.754 -0.01725346715
16.756 -0.01718472186
16.758 -0.01731279992
16.76 -0.0172485032
16.762 -0.01737576142
16.764 -0.01730350445
16.766 -0.01738787689
16.768 -0.01725079823
16.77 -0.01727728911
16.772 -0.01709429389
16.774 -0.01709837073
16.776 -0.0168997573
16.778 -0.0168986341
16.78 -0.01678526479
16.782 -0.01663566922
16.784 -0.01672213608
16.786 -0.01699222172
16.788 -0.01714622108
16.79 -0.01742013082
16.792 -0.01751535815
16.794 -0.0177799534
16.796 -0.01784635445
16.798 -0.01807031567
16.8 -0.01804423598
16.802 -0.01820948321
16.804 -0.01813413201
16.806 -0.01828020343
16.808 -0.01820464048
16.81 -0.01833430657
16.812 -0.0185373892
16.814 -0.01856595505
16.816 -0.01838234935
16.818 -0.01831801009
16.82 -0.01809011893
16.822 -0.01806974024
16.824 -0.01784240453
16.826 -0.01782858814
16.828 -0.01760383894
16.83 -0.01759952738
16.832 -0.01736940448
16.834 -0.01736955637
16.836 -0.01718551569
16.838 -0.01700331788
16.84 -0.01704247533
16.842 -0.01701883719
16.844 -0.01723089787
16.846 -0.01756274102
16.848 -0.01774858492
16.85 -0.01776482196
16.852 -0.01793314879
16.854 -0.01826749036
16.856 -0.01843589062
16.858 -0.01873525362
16.86 -0.018803016
16.862 -0.01903534934
16.864 -0.019004386
16.866 -0.01916594908
16.868 -0.01936476236
16.87 -0.01940800686
16.872 -0.01921229451
16.874 -0.01914786844
16.876 -0.01920163556
16.878 -0.01907466871
16.88 -0.01878094575
16.882 -0.01864160419
16.884 -0.01837437291
16.886 -0.01832110929
16.888 -0.01807176289
16.89 -0.01804654081
16.892 -0.01779779565
16.894 -0.01778333761
16.896 -0.0175850811
16.898 -0.01740071286
16.9 -0.01742799489
16.902 -0.01739767135
16.904 -0.01760568843
16.906 -0.01792832405
16.908 -0.01810570625
16.91 -0.01810261215
16.912 -0.01827108532
16.914 -0.01859305371
16.916 -0.0187593575
16.918 -0.01904869962
16.92 -0.01912194248
16.922 -0.01938805842
16.924 -0.01942622988
16.926 -0.01959523871
16.928 -0.01976367434
16.93 -0.01971893651
16.932 -0.01946278892
16.934 -0.01934553228
16.936 -0.01937151162
16.938 -0.01923191956
16.94 -0.01892901453
16.942 -0.01878504663
16.944 -0.01851309497
16.946 -0.01845810798
16.948 -0.01820820324
16.95 -0.01818366349
16.952 -0.01798470625
16.954 -0.01775428508
16.956 -0.01770837202
16.958 -0.01761656454
16.96 -0.01778495629
16.962 -0.01808560429
16.964 -0.01825032953
16.966 -0.01824946932
16.968 -0.0184142194
16.97 -0.01873657767
16.972 -0.01889973508
16.974 -0.01918906279
16.976 -0.01926139983
16.978 -0.01952815242
16.98 -0.01956982427
16.982 -0.01978594124
16.984 -0.01974691793
16.986 -0.01985937767
16.988 -0.01999175077
16.99 -0.0199322856
16.992 -0.01966996897
16.994 -0.01955356714
16.996 -0.01929651476
16.998 -0.01925083589
17 -0.01900630047
17.002 -0.01898466301
17.004 -0.01874820641
17.006 -0.0187361501
17.008 -0.0185442011
17.01 -0.01860670556
17.012 -0.01847574447
17.014 -0.01829405717
17.016 -0.0182768679
17.018 -0.0181660732
17.02 -0.01827801023
17.022 -0.01824707031
17.024 -0.01847502088
17.026 -0.01852032449
17.028 -0.01880227867
17.03 -0.01916012907
17.032 -0.0193699484
17.034 -0.01968275115
17.036 -0.01977952721
17.038 -0.02006369584
17.04 -0.02012288942
17.042 -0.02035435362
17.044 -0.02033108716
17.046 -0.02049965467
17.048 -0.02043333346
17.05 -0.02057861927
17.052 -0.02074118539
17.054 -0.02071553831
17.056 -0.02047406638
17.058 -0.02037788723
17.06 -0.02013736743
17.062 -0.02010726004
17.064 -0.01987756604
17.066 -0.01987006506
17.068 -0.01964790349
17.07 -0.01964952236
17.072 -0.01947168696
17.074 -0.0195479456
17.076 -0.01943127354
17.078 -0.01926438324
17.08 -0.01926162306
17.082 -0.01916549937
17.084 -0.01929160289
17.086 -0.01923458184
17.088 -0.01940519643
17.09 -0.01936653329
17.092 -0.01959432597
17.094 -0.01963582229
17.096 -0.01992866511
17.098 -0.02001239555
17.1 -0.02032746869
17.102 -0.02042482028
17.104 -0.02070679834
17.106 -0.02102210758
17.108 -0.02115789491
17.11 -0.02138131386
17.112 -0.02137828189
17.114 -0.02155689922
17.116 -0.0215074476
17.118 -0.02166725657
17.12 -0.02160193563
17.122 -0.02175419403
17.124 -0.02168317046
17.126 -0.02183219003
17.128 -0.02175874941
17.13 -0.02186540933
17.132 -0.02171911505
17.134 -0.02176646055
17.136 -0.02158119366
17.138 -0.02160861272
17.14 -0.02141126741
17.142 -0.02143327565
17.144 -0.02127315108
17.146 -0.0210806545
17.148 -0.02106871689
17.15 -0.02096971403
17.152 -0.02109768201
17.154 -0.02104445116
17.156 -0.02121966953
17.158 -0.02118604359
17.16 -0.02137780954
17.162 -0.02135223398
17.164 -0.02155003934
17.166 -0.02152791343
17.168 -0.02172819164
17.17 -0.02174855233
17.172 -0.02198125088
17.174 -0.02203009393
17.176 -0.02227452923
17.178 -0.02229213165
17.18 -0.02250928317
17.182 -0.0225017658
17.184 -0.02270809468
17.186 -0.0226913221
17.188 -0.02289273266
17.19 -0.02287170286
17.192 -0.02307001666
17.194 -0.02304604937
17.196 -0.02324157605
17.198 -0.02349823394
17.2 -0.02360149544
17.202 -0.02351898962
17.204 -0.02359182567
17.206 -0.02381273335
17.208 -0.02387272974
17.21 -0.02377210904
17.212 -0.02382777803
17.214 -0.02403906574
17.216 -0.02409077707
17.218 -0.02426755907
17.22 -0.02422882801
17.222 -0.02409997274
17.224 -0.0241209374
17.226 -0.02431793266
17.228 -0.02435639014
17.23 -0.02452624246
17.232 -0.02448197371
17.234 -0.02434973664
17.236 -0.02436795247
17.238 -0.02456287568
17.24 -0.02459977453
17.242 -0.02476844613
17.244 -0.02472346211
17.246 -0.02459083424
17.248 -0.02460904273
17.25 -0.02480423343
17.252 -0.02484182986
17.254 -0.02501149356
17.256 -0.0249679332
17.258 -0.02483710492
17.26 -0.02485744678
17.262 -0.02505504037
17.264 -0.02509546845
17.266 -0.0249852314
17.268 -0.02503437582
17.27 -0.02524253257
17.272 -0.02529361461
17.274 -0.02518866052
17.276 -0.02524240985
17.278 -0.02545372865
17.28 -0.02550784081
17.282 -0.02540567447
17.284 -0.02546205263
17.286 -0.02567589671
17.288 -0.02573263613
17.29 -0.02563328442
17.292 -0.02569248001
17.294 -0.02590915818
17.296 -0.02596887629
17.298 -0.02587267518
17.3 -0.02593497058
17.302 -0.02615469391
17.304 -0.02621754979
17.306 -0.02612458211
17.308 -0.02619002244
17.31 -0.02641277055
17.312 -0.02647869861
17.314 -0.0263888329
17.316 -0.02645706866
17.318 -0.02668235171
17.32 -0.02675075358
17.322 -0.02666333007
17.324 -0.02673388718
17.326 -0.0269612966
17.328 -0.02703175547
17.33 -0.02694631584
17.332 -0.02701860332
17.334 -0.02724751997
17.336 -0.02731937718
17.338 -0.02723525169
17.34 -0.02730862362
17.342 -0.02753837605
17.344 -0.02761097516
17.346 -0.0275275078
17.348 -0.02760133224
17.35 -0.02783134257
17.352 -0.02790410344
17.354 -0.02810232378
17.356 -0.02808717711
17.358 -0.02798348773
17.36 -0.02802918882
17.362 -0.02825020624
17.364 -0.02831421867
17.366 -0.02850942284
17.368 -0.02849213913
17.37 -0.02838813718
17.372 -0.02843393909
17.374 -0.02865551856
17.376 -0.02872035622
17.378 -0.02891648354
17.38 -0.02890027821
17.382 -0.02879741344
17.384 -0.02884436726
17.386 -0.02906703698
17.388 -0.02913305135
17.39 -0.02933031777
17.392 -0.02931533418
17.394 -0.02921370437
17.396 -0.02926188452
17.398 -0.02948574022
17.4 -0.02955300144
17.402 -0.02975148077
17.404 -0.02973777837
17.406 -0.02963745237
17.408 -0.02968693204
17.41 -0.02991205691
17.412 -0.0299806449
17.414 -0.0301804534
17.416 -0.03016813451
17.418 -0.03006923549
17.42 -0.03012011887
17.422 -0.03034662363
17.424 -0.03041662557
17.426 -0.03061783645
17.428 -0.03060695722
17.43 -0.03050951393
17.432 -0.03056180755
17.434 -0.03078966698
17.436 -0.03086102718
17.438 -0.03106353422
17.44 -0.03105402334
17.442 -0.03095788974
17.444 -0.03101133761
17.446 -0.03124027026
17.448 -0.03131273595
17.45 -0.03151622079
17.452 -0.03150763719
17.454 -0.03169334533
17.456 -0.03165891226
17.458 -0.03155577178
17.46 -0.03160194872
17.462 -0.0318285918
17.464 -0.03189925046
17.466 -0.03210219927
17.468 -0.03209323866
17.47 -0.03227863247
17.472 -0.03224379993
17.474 -0.03242093511
17.476 -0.03237772892
17.478 -0.03255180193
17.48 -0.03250618937
17.482 -0.03267951308
17.484 -0.03263361057
17.486 -0.03280715715
17.488 -0.03276169759
17.49 -0.03293581437
17.492 -0.03289102474
17.494 -0.03306579359
17.496 -0.03302167144
17.498 -0.03319705211
17.5 -0.03315353787
17.502 -0.03332942479
17.504 -0.03328636179
17.506 -0.03346259215
17.508 -0.03341980858
17.51 -0.03359619291
17.512 -0.03355352636
17.514 -0.03372990717
17.516 -0.03368714979
17.518 -0.0338632885
17.52 -0.03382020517
17.522 -0.03399590311
17.524 -0.03395230691
17.526 -0.03412736754
17.528 -0.03408305084
17.53 -0.03425726417
17.532 -0.03421205378
17.534 -0.03438526199
17.536 -0.03433898194
17.538 -0.0345110175
17.54 -0.03446352573
17.542 -0.03463424997
17.544 -0.03458539924
17.546 -0.03475468514
17.548 -0.03470437596
17.55 -0.03487213645
17.552 -0.03482029331
17.554 -0.03498647396
17.556 -0.03493303773
17.558 -0.0350975538
17.56 -0.03504244954
17.562 -0.03520524562
17.564 -0.03514841883
17.566 -0.03530944645
17.568 -0.03525085625
17.57 -0.03541031736
17.572 -0.03535036458
17.574 -0.03550848512
17.576 -0.03544712133
17.578 -0.03560380694
17.58 -0.03554101886
17.582 -0.03569623909
17.584 -0.03563200005
17.586 -0.03578573152
17.588 -0.03572002201
17.59 -0.0358722346
17.592 -0.03580502468
17.594 -0.03595573157
17.596 -0.03588704516
17.598 -0.03603627443
17.6 -0.03596614887
17.602 -0.03611389223
17.604 -0.03604230785
17.606 -0.03618858561
17.608 -0.03611556075
17.61 -0.03626039718
17.612 -0.03618597461
17.614 -0.0363293993
17.616 -0.03625358639
17.618 -0.03639559811
17.62 -0.03631841922
17.622 -0.03645905697
17.624 -0.03638052996
17.626 -0.03651981197
17.628 -0.0364399715
17.63 -0.03657794441
17.632 -0.03649680555
17.634 -0.03663343915
17.636 -0.03655098901
17.638 -0.03668630058
17.64 -0.03660255896
17.642 -0.03673659128
17.644 -0.03665161782
17.646 -0.03678442908
17.648 -0.03669829142
17.65 -0.03682994493
17.652 -0.03674269594
17.654 -0.03687324965
17.656 -0.03678494279
17.658 -0.03691445378
17.66 -0.03682515116
17.662 -0.03695367632
17.664 -0.03686343372
17.666 -0.03699102778
17.668 -0.03689990951
17.67 -0.03702664409
17.672 -0.03693471023
17.674 -0.0370606391
17.676 -0.03696794067
17.678 -0.03709312156
17.68 -0.03699973734
17.682 -0.03712422289
17.684 -0.03703019145
17.686 -0.03715403442
17.688 -0.03705940787
17.69 -0.03718266258
17.692 -0.03708748582
17.694 -0.03721019958
17.696 -0.03711452671
17.698 -0.03723676093
17.7 -0.03714063752
17.702 -0.03726243051
17.704 -0.0371658807
17.706 -0.03728722943
17.708 -0.03719025263
17.71 -0.0373111882
17.712 -0.03721382866
17.714 -0.03733437958
17.716 -0.03723666483
17.718 -0.03735686329
17.72 -0.03725881727
17.722 -0.03737868017
17.724 -0.03728031359
17.726 -0.03739983506
17.728 -0.03730114398
17.73 -0.03742035126
17.732 -0.03732137678
17.734 -0.03744030305
17.736 -0.0373410798
17.738 -0.03745975482
17.74 -0.03736029401
17.742 -0.03747871142
17.744 -0.03737901019
17.746 -0.03749718459
17.748 -0.03739725525
17.75 -0.03751517561
17.752 -0.03741500239
17.754 -0.03753267259
17.756 -0.03743226549
17.758 -0.0375496779
17.76 -0.03744902395
17.762 -0.03756617581
17.764 -0.03746527062
17.766 -0.03758215629
17.768 -0.03748099708
17.77 -0.03759759869
17.772 -0.03749615822
17.774 -0.03761245905
17.776 -0.0375107424
17.778 -0.03762676698
17.78 -0.03752477066
17.782 -0.03764048855
17.784 -0.03753818795
17.786 -0.03765358204
17.788 -0.0375509612
17.79 -0.03766601321
17.792 -0.03756305841
17.794 -0.03767775479
17.796 -0.03757445709
17.798 -0.03768876722
17.8 -0.03758507522
17.802 -0.03769898345
17.804 -0.0375948921
17.806 -0.03770838392
17.808 -0.03760388599
17.81 -0.03771695221
17.812 -0.03761203792
17.814 -0.037724665
17.816 -0.03761932519
17.818 -0.0377315036
17.82 -0.03762572717
17.822 -0.03773745194
17.824 -0.03763123918
17.826 -0.03774251078
17.828 -0.03763586004
17.83 -0.03774667592
17.832 -0.03763958518
17.834 -0.0377499419
17.836 -0.03764240868
17.838 -0.0377523098
17.84 -0.03764434036
17.842 -0.03775379223
17.844 -0.03764539484
17.846 -0.03775440758
17.848 -0.03764559284
17.85 -0.0377541767
17.852 -0.03764495772
17.854 -0.03775312464
17.856 -0.03764350933
17.858 -0.03775127074
17.86 -0.03764127531
17.862 -0.03774864468
17.864 -0.03763827981
17.866 -0.03774526722
17.868 -0.03763454438
17.87 -0.03774116018
17.872 -0.03763008885
17.874 -0.03773634941
17.876 -0.03762494751
17.878 -0.03773087364
17.88 -0.03761916535
17.882 -0.03772477759
17.884 -0.03761278641
17.886 -0.03771810304
17.888 -0.03760584107
17.89 -0.03771088206
17.892 -0.03759837713
17.894 -0.03770317186
17.896 -0.03759044818
17.898 -0.03769501941
17.9 -0.03758209985
17.902 -0.03768647645
17.904 -0.03757339717
17.906 -0.03767761348
17.908 -0.03756440338
17.91 -0.03766848847
17.912 -0.03755517764
17.914 -0.03765915608
17.916 -0.03754576738
17.918 -0.03764966374
17.92 -0.03753622701
17.922 -0.03764007764
17.924 -0.03752662884
17.926 -0.03763044022
17.928 -0.03751695566
17.93 -0.03762074147
17.932 -0.03750728244
17.934 -0.0376110967
17.936 -0.03749769499
17.938 -0.03760156799
17.94 -0.0374882592
17.942 -0.03759222547
17.944 -0.03747904014
17.946 -0.03758312967
17.948 -0.03747010463
17.95 -0.03757435447
17.952 -0.03746155173
17.954 -0.03756605503
17.956 -0.03745353808
17.958 -0.03755831975
17.96 -0.03744611078
17.962 -0.03755120023
17.964 -0.03743932927
17.966 -0.03754475679
17.968 -0.03743325555
17.97 -0.03753905187
17.972 -0.03742795083
17.974 -0.03753414159
17.976 -0.03742347007
17.978 -0.03753008562
17.98 -0.03741986494
17.982 -0.03752692329
17.984 -0.03741717256
17.986 -0.0375246917
17.988 -0.03741542803
17.99 -0.03752342643
17.992 -0.0374146647
17.994 -0.03752316022
17.996 -0.0374149248
17.998 -0.03752393047
18 -0.03741622826
18.002 -0.03752575657
18.004 -0.03741859892
18.006 -0.03752865721
18.008 -0.03742205291
18.01 -0.03753264913
18.012 -0.03742660268
18.014 -0.03753773888
18.016 -0.03743225252
18.018 -0.0375439296
18.02 -0.03743900541
18.022 -0.03755122933
18.024 -0.0374468738
18.026 -0.03755964177
18.028 -0.03745584368
18.03 -0.037569147
18.032 -0.03746589857
18.034 -0.03757972712
18.036 -0.03747701992
18.038 -0.03759136747
18.04 -0.03748919181
18.042 -0.03760392401
18.044 -0.03750192329
18.046 -0.03761672445
18.048 -0.03751481992
18.05 -0.03762967142
18.052 -0.0375371319
18.054 -0.03766999714
18.056 -0.03759218867
18.058 -0.03773293465
18.06 -0.03765701291
18.062 -0.03779583193
18.064 -0.03771510013
18.066 -0.03784735489
18.068 -0.03775899478
18.07 -0.03788322111
18.072 -0.03778645297
18.074 -0.03790155231
18.076 -0.03779501224
18.078 -0.0378999219
18.08 -0.03778322564
18.082 -0.03787837466
18.084 -0.03775268721
18.086 -0.03783973354
18.088 -0.03770692742
18.09 -0.03778786766
18.092 -0.03765004592
18.094 -0.03772702796
18.096 -0.03758632716
18.098 -0.03766143668
18.1 -0.0375198519
18.102 -0.03759496375
18.104 -0.03745422863
18.106 -0.03753090625
18.108 -0.03739239735
18.11 -0.03747181477
18.112 -0.03733653368
18.114 -0.03741956635
18.116 -0.03728822697
18.118 -0.03737540087
18.12 -0.03724836554
18.122 -0.03733990741
18.124 -0.0372172853
18.126 -0.03731320794
18.128 -0.03719492232
18.13 -0.03729510204
18.132 -0.03718102937
18.134 -0.03728529723
18.136 -0.0371752463
18.138 -0.03728345244
18.14 -0.03717729566
18.142 -0.0372893205
18.144 -0.03718685907
18.146 -0.03730248556
18.148 -0.03720372474
18.15 -0.03732310298
18.152 -0.03722813459
18.154 -0.03735129132
18.156 -0.03726015226
18.158 -0.03738716455
18.16 -0.03729994599
18.162 -0.03743091348
18.164 -0.03734772147
18.166 -0.03748275645
18.168 -0.03740370226
18.17 -0.03754290115
18.172 -0.03746806917
18.174 -0.03761150088
18.176 -0.0375409293
18.178 -0.03768860002
18.18 -0.03762226322
18.182 -0.03777412245
18.184 -0.03771190595
18.186 -0.0378677827
18.188 -0.03780953801
18.19 -0.03796930821
18.192 -0.03791488928
18.194 -0.03807835601
18.196 -0.03802752467
18.198 -0.0381944322
18.2 -0.03814691706
18.202 -0.03831696631
18.204 -0.0382724453
18.206 -0.03844532596
18.208 -0.0384034856
18.21 -0.03857884454
18.212 -0.03853931397
18.214 -0.03871679133
18.216 -0.03867922302
18.218 -0.03885847083
18.22 -0.03882252144
18.222 -0.0390032159
18.224 -0.03896857726
18.226 -0.03915040172
18.228 -0.03911676461
18.23 -0.03929946029
18.232 -0.03926659881
18.234 -0.03944995007
18.236 -0.03941765938
18.238 -0.03960147565
18.24 -0.03956958337
18.242 -0.03975371739
18.244 -0.03972210322
18.246 -0.03990640431
18.248 -0.03987496459
18.25 -0.04005945722
18.252 -0.04002817132
18.254 -0.04021275658
18.256 -0.0401815583
18.258 -0.04036621042
18.26 -0.04033508341
18.262 -0.04051978719
18.264 -0.04048872025
18.266 -0.04067347431
18.268 -0.04064247366
18.27 -0.04082727778
18.272 -0.04079634013
18.274 -0.04098119112
18.276 -0.04095031015
18.278 -0.04113519863
18.28 -0.04110338759
18.282 -0.04128627825
18.284 -0.04125253569
18.286 -0.0414338253
18.288 -0.04139861171
18.29 -0.04157925349
18.292 -0.04154452352
18.294 -0.04172574246
18.296 -0.04169133411
18.298 -0.04187269774
18.3 -0.04183732101
18.302 -0.04201648663
18.304 -0.04197894424
18.306 -0.04215614985
18.308 -0.04211671069
18.31 -0.04229282145
18.312 -0.0422534103
18.314 -0.04242962821
18.316 -0.04238999808
18.318 -0.04256574614
18.32 -0.04252453692
18.322 -0.0426975855
18.324 -0.04265373436
18.326 -0.04282437834
18.328 -0.04277818146
18.33 -0.04294721885
18.332 -0.04290049141
18.334 -0.04306902889
18.336 -0.04302151023
18.338 -0.04318903283
18.34 -0.04313941111
18.342 -0.04330364013
18.344 -0.04325077078
18.346 -0.04341202751
18.348 -0.04335629182
18.35 -0.04351547339
18.352 -0.04345876895
18.354 -0.04361706189
18.356 -0.04355921122
18.358 -0.0437161594
18.36 -0.04365591078
18.362 -0.04380931903
18.364 -0.04374559257
18.366 -0.04389581772
18.368 -0.04382906289
18.37 -0.04397705832
18.372 -0.04390917296
18.374 -0.04405613756
18.376 -0.04398699558
18.378 -0.044132537
18.38 -0.04406097402
18.382 -0.04420301352
18.384 -0.04412804416
18.386 -0.04426699515
18.388 -0.04418909958
18.39 -0.04432589997
18.392 -0.04424693483
18.394 -0.04438279478
18.396 -0.04430269712
18.398 -0.04443726962
18.4 -0.0443556531
18.402 -0.04448840743
18.404 -0.04440498889
18.406 -0.04453598715
18.408 -0.04445088351
18.41 -0.04458020178
18.412 -0.04449347378
18.414 -0.04462117154
18.416 -0.04453286826
18.418 -0.04465899653
18.42 -0.04456916782
18.422 -0.04469378978
18.424 -0.0446025104
18.426 -0.04472568527
18.428 -0.04463299279
18.43 -0.04475475966
18.432 -0.04466070458
18.434 -0.04478112289
18.436 -0.04468576647
18.438 -0.04480489754
18.44 -0.04470829692
18.442 -0.04482619489
18.444 -0.0447284038
18.446 -0.04484512534
18.448 -0.04474620734
18.45 -0.04486182201
18.452 -0.04476184786
18.454 -0.04487642724
18.456 -0.04477547375
18.458 -0.04488909869
18.46 -0.04478724529
18.462 -0.04489999961
18.464 -0.04479733563
18.466 -0.04490930908
18.468 -0.04480592804
18.47 -0.04491721124
18.472 -0.0448131907
18.474 -0.04492386466
18.476 -0.04481929902
18.478 -0.04492946214
18.48 -0.04482445628
18.482 -0.04493422279
18.484 -0.04482888027
18.486 -0.04493833697
18.488 -0.04483274933
18.49 -0.04494200001
18.492 -0.04483626668
18.494 -0.04494540316
18.496 -0.04483968912
18.498 -0.04494892702
18.5 -0.04484335633
18.502 -0.04495274183
18.504 -0.04484735028
18.506 -0.04495693669
18.508 -0.04485179557
18.51 -0.04496166439
18.512 -0.04485686614
18.514 -0.04496711106
18.516 -0.04486275002
18.518 -0.04497345352
18.52 -0.04486960053
18.522 -0.04498084159
18.524 -0.04487757571
18.526 -0.04498942145
18.528 -0.04488682678
18.53 -0.04499937961
18.532 -0.04489755232
18.534 -0.04501089896
18.536 -0.0449099256
18.538 -0.04502415275
18.54 -0.0449241096
18.542 -0.04503928174
18.544 -0.04494023258
18.546 -0.04505642454
18.548 -0.04495844453
18.55 -0.04507570887
18.552 -0.04497883813
18.554 -0.04509721826
18.556 -0.04500149798
18.558 -0.04512102913
18.56 -0.04502649118
18.562 -0.0451472092
18.564 -0.0450538782
18.566 -0.04517578905
18.568 -0.04508367829
18.57 -0.0452067976
18.572 -0.04511591438
18.574 -0.04524024811
18.576 -0.04515059728
18.578 -0.04527614146
18.58 -0.04518770946
18.582 -0.04531443092
18.584 -0.04522717198
18.586 -0.04535504299
18.588 -0.04526893975
18.59 -0.04539794771
18.592 -0.04531291878
18.594 -0.04544291663
18.596 -0.04535889199
18.598 -0.04548988589
18.6 -0.04540688315
18.602 -0.0455388582
18.604 -0.04545682768
18.606 -0.04558974101
18.608 -0.04550864751
18.61 -0.04564244991
18.612 -0.04556222943
18.614 -0.04569685306
18.616 -0.04561742163
18.618 -0.04575276391
18.62 -0.04567402509
18.622 -0.04581000437
18.624 -0.04573187658
18.626 -0.04586835491
18.628 -0.04579073206
18.63 -0.04592771972
18.632 -0.04585055735
18.634 -0.04598791602
18.636 -0.04591108005
18.638 -0.04604869667
18.64 -0.04597207603
18.642 -0.0461098381
18.644 -0.04603330799
18.646 -0.04617108036
18.648 -0.04609453486
18.65 -0.0462322212
18.652 -0.04615556598
18.654 -0.04629307743
18.656 -0.04621620873
18.658 -0.04635343444
18.66 -0.04627624195
18.662 -0.04641307497
18.664 -0.04633545136
18.666 -0.04647178506
18.668 -0.04639362548
18.67 -0.04652935582
18.672 -0.04645055713
18.674 -0.04658558167
18.676 -0.04650604317
18.678 -0.04664026579
18.68 -0.04655989638
18.682 -0.04669322018
18.684 -0.04661192524
18.686 -0.04674426113
18.688 -0.04666194885
18.69 -0.04679320542
18.692 -0.04670977878
18.694 -0.04683989634
18.696 -0.04675532147
18.698 -0.04688423093
18.7 -0.04679841724
18.702 -0.04692603976
18.704 -0.04683892358
18.706 -0.04696519321
18.708 -0.04687670603
18.71 -0.047001569
18.712 -0.04691169835
18.714 -0.04703514947
18.716 -0.04694385621
18.718 -0.04706584946
18.72 -0.04697309589
18.722 -0.04709361319
18.724 -0.04699939661
18.726 -0.0471184165
18.728 -0.04702271028
18.73 -0.04714021118
18.732 -0.04704299196
18.734 -0.04715896004
18.736 -0.04706021847
18.738 -0.04717464708
18.74 -0.04707437968
18.742 -0.04718727684
18.744 -0.04708540889
18.746 -0.04719666783
18.748 -0.04709323286
18.75 -0.04720296233
18.752 -0.04709805318
18.754 -0.04720630927
18.756 -0.0470999609
18.758 -0.04720678265
18.76 -0.04709904376
18.762 -0.04720448452
18.764 -0.04709550641
18.766 -0.04719975503
18.768 -0.04708957165
18.77 -0.0471925828
18.772 -0.04708117426
18.774 -0.04718297705
18.776 -0.04707039349
18.778 -0.04717103997
18.78 -0.0470573336
18.782 -0.04715685859
18.784 -0.04704208079
18.786 -0.04714058031
18.788 -0.04702483349
18.79 -0.0471223852
18.792 -0.04700574244
18.794 -0.04710241088
18.796 -0.04698494172
18.798 -0.04708083702
18.8 -0.0469626601
18.802 -0.04705787954
18.804 -0.04693907546
18.806 -0.04703368148
18.808 -0.04691432533
18.81 -0.04700844574
18.812 -0.04688867336
18.814 -0.0469824051
18.816 -0.04686229947
18.818 -0.04695571245
18.82 -0.04683534847
18.822 -0.04692855649
18.824 -0.04680805013
18.826 -0.04690114409
18.828 -0.04678057773
18.83 -0.0468736446
18.832 -0.04675309499
18.834 -0.04684620932
18.836 -0.04672578017
18.838 -0.04681904655
18.84 -0.04669881299
18.842 -0.04679229607
18.844 -0.04667230307
18.846 -0.04676604164
18.848 -0.04664637553
18.85 -0.04674047015
18.852 -0.04662120342
18.854 -0.04671571176
18.856 -0.04659690274
18.858 -0.04669185816
18.86 -0.04657353201
18.862 -0.04666900432
18.864 -0.04655123781
18.866 -0.04664727509
18.868 -0.04653010654
18.87 -0.04662674885
18.872 -0.04651019722
18.874 -0.04660746216
18.876 -0.04649158335
18.878 -0.04658952433
18.88 -0.04647434272
18.882 -0.04657297763
18.884 -0.04645851541
18.886 -0.04655786398
18.888 -0.04644413601
18.89 -0.046544191
18.892 -0.04643118914
18.894 -0.04653198483
18.896 -0.04641974695
18.898 -0.04652129056
18.9 -0.0464098135
18.902 -0.04651210569
18.904 -0.04640139
18.906 -0.04650442837
18.908 -0.04639446947
18.91 -0.04649824206
18.912 -0.04638902369
18.914 -0.04649351757
18.916 -0.04638502968
18.918 -0.04649021512
18.92 -0.04638242616
18.922 -0.04648831327
18.924 -0.04638123767
18.926 -0.04648781209
18.928 -0.04638142627
18.93 -0.04648866854
18.932 -0.04638295401
18.934 -0.04649084351
18.936 -0.04638578015
18.938 -0.04649429747
18.94 -0.04638986552
18.942 -0.0464989897
18.944 -0.04639516698
18.946 -0.0465048762
18.948 -0.0464016418
18.95 -0.04651190184
18.952 -0.04640921091
18.954 -0.04651999356
18.956 -0.04641783121
18.958 -0.04652911992
18.96 -0.04642746815
18.962 -0.04653924381
18.964 -0.046438083
18.966 -0.04655032503
18.968 -0.04644963335
18.97 -0.04656231979
18.972 -0.04646207695
18.974 -0.04657519073
18.976 -0.04647538118
18.978 -0.04658890423
18.98 -0.04648950721
18.982 -0.0466034188
18.984 -0.04650441373
18.986 -0.04661869342
18.988 -0.04652006075
18.99 -0.04663469047
18.992 -0.04653641252
18.994 -0.04665137365
18.996 -0.04655343199
18.998 -0.04666870658
19 -0.0465710824
19.002 -0.04668665184
19.004 -0.04658933524
19.006 -0.04670519835
19.008 -0.04660817769
19.01 -0.04672431085
19.012 -0.04662756274
19.014 -0.04674394407
19.016 -0.04664744756
19.018 -0.04676405782
19.02 -0.04666779542
19.022 -0.04678461575
19.024 -0.04668856427
19.026 -0.04680557621
19.028 -0.04670972635
19.03 -0.04682692199
19.032 -0.0467312644
19.034 -0.04684863335
19.036 -0.04675315634
19.038 -0.04687068865
19.04 -0.04677538384
19.042 -0.04689306852
19.044 -0.04679792269
19.046 -0.04691574586
19.048 -0.04682074709
19.05 -0.04693869556
19.052 -0.04684383162
19.054 -0.04696189751
19.056 -0.04686716011
19.058 -0.04698532932
19.06 -0.04689070398
19.062 -0.04700896595
19.064 -0.04691443992
19.066 -0.04703277774
19.068 -0.04693833311
19.07 -0.04705673124
19.072 -0.04696235346
19.074 -0.04708080189
19.076 -0.04698647819
19.078 -0.04710473574
19.08 -0.04701014438
19.082 -0.04712825848
19.084 -0.04703361808
19.086 -0.04715173656
19.088 -0.04705711428
19.09 -0.04717525524
19.092 -0.04708066498
19.094 -0.04719882767
19.096 -0.04710426774
19.098 -0.04722244771
19.1 -0.04712791767
19.102 -0.04724611456
19.104 -0.04715161442
19.106 -0.04726983176
19.108 -0.04717536681
19.11 -0.0472936082
19.112 -0.04719918176
19.114 -0.04731745181
19.116 -0.04722306936
19.118 -0.04734137443
19.12 -0.04724704336
19.122 -0.04736538543
19.124 -0.04727110286
19.126 -0.04738948714
19.128 -0.04729526708
19.13 -0.04741370932
19.132 -0.0473195651
19.134 -0.04743807339
19.136 -0.04734401276
19.138 -0.04746259874
19.14 -0.04736863421
19.142 -0.04748730947
19.144 -0.04739345376
19.146 -0.0475122333
19.148 -0.04741850407
19.15 -0.04753741603
19.152 -0.04744382957
19.154 -0.0475628784
19.156 -0.0474694539
19.158 -0.04758888659
19.16 -0.0474959531
19.162 -0.04761573408
19.164 -0.04752308949
19.166 -0.04764308919
19.168 -0.04755068404
19.17 -0.04767090162
19.172 -0.04757873972
19.174 -0.04769919806
19.176 -0.04760730514
19.178 -0.0477280345
19.18 -0.0476364417
19.182 -0.04775747602
19.184 -0.04766621826
19.186 -0.04778759454
19.188 -0.04769670996
19.19 -0.04781846649
19.192 -0.04772799271
19.194 -0.04785016613
19.196 -0.04776013969
19.198 -0.04788276781
19.2 -0.04779322877
19.202 -0.04791635221
19.204 -0.04782733945
19.206 -0.04795099713
19.208 -0.0478625503
19.21 -0.04798678237
19.212 -0.04789893915
19.214 -0.04802378254
19.216 -0.04793658236
19.218 -0.04806207659
19.22 -0.04797555825
19.222 -0.04810174215
19.224 -0.0480159437
19.226 -0.04814285475
19.228 -0.04805781216
19.23 -0.04818548382
19.232 -0.04810123002
19.234 -0.04822969756
19.236 -0.04814626921
19.238 -0.04827557006
19.24 -0.04819300451
19.242 -0.04832317518
19.244 -0.04824150817
19.246 -0.04837258341
19.248 -0.04829184879
19.25 -0.04842384794
19.252 -0.04834403738
19.254 -0.0484769565
19.256 -0.04839810065
19.258 -0.04853198653
19.26 -0.04845412527
19.262 -0.04858901751
19.264 -0.04851219558
19.266 -0.04864813003
19.268 -0.04857237044
19.27 -0.04870936659
19.272 -0.04863469552
19.274 -0.0487727896
19.276 -0.04869923825
19.278 -0.04883844618
19.28 -0.0487660225
19.282 -0.04890635128
19.284 -0.0488350601
19.286 -0.04897651384
19.288 -0.04890636025
19.29 -0.0490489458
19.292 -0.04897993818
19.294 -0.04912365788
19.296 -0.04905579315
19.298 -0.04920064313
19.3 -0.04913391334
19.302 -0.04927988095
19.304 -0.04921427016
19.306 -0.04936133671
19.308 -0.04929682001
19.31 -0.04944495541
19.312 -0.04938150709
19.314 -0.0495306908
19.316 -0.04946828847
19.318 -0.04961849518
19.32 -0.04955711042
19.322 -0.04970830813
19.324 -0.04964790738
19.326 -0.04980006116
19.328 -0.04974061157
19.33 -0.04989368805
19.332 -0.04983515248
19.334 -0.04998911203
19.336 -0.04993145071
19.338 -0.05008625405
19.34 -0.05002942468
19.342 -0.05018502711
19.344 -0.05012912617
19.346 -0.05028569078
19.348 -0.05023065524
19.35 -0.05038799494
19.352 -0.05033367366
19.354 -0.05049168423
19.356 -0.05043800001
19.358 -0.05059660875
19.36 -0.05054349877
19.362 -0.05070264443
19.364 -0.05065004927
19.366 -0.05080968848
19.368 -0.05075756415
19.37 -0.05091762507
19.372 -0.05086589476
19.374 -0.05102630543
19.376 -0.05097490385
19.378 -0.05113559788
19.38 -0.05108445815
19.382 -0.05124537428
19.384 -0.05119443748
19.386 -0.0513555171
19.388 -0.05130472123
19.39 -0.05146589722
19.392 -0.05141517411
19.394 -0.05157638315
19.396 -0.05152567356
19.398 -0.05168685958
19.4 -0.05163610644
19.402 -0.05179720904
19.404 -0.05174635276
19.406 -0.05190731851
19.408 -0.05185630833
19.41 -0.05201708586
19.412 -0.0519658699
19.414 -0.05212640805
19.416 -0.05207493561
19.418 -0.05223518332
19.42 -0.05218340455
19.422 -0.05234331417
19.424 -0.05229117185
19.426 -0.05245067436
19.428 -0.05239811341
19.43 -0.05255717299
19.432 -0.05250415792
19.434 -0.0526627351
19.436 -0.05260922508
19.438 -0.05276727554
19.44 -0.05271322746
19.442 -0.05287071292
19.444 -0.05281608974
19.446 -0.05297297455
19.448 -0.0529177427
19.45 -0.05307399429
19.452 -0.05301811938
19.454 -0.05317370055
19.456 -0.05311714928
19.458 -0.05327203436
19.46 -0.05321478347
19.462 -0.05336894504
19.464 -0.05331096526
19.466 -0.05346437541
19.468 -0.05340564501
19.47 -0.05355828787
19.472 -0.05349880074
19.474 -0.05365066736
19.476 -0.05359039395
19.478 -0.05374145158
19.48 -0.05368036669
19.482 -0.05383059834
19.484 -0.0537686935
19.486 -0.05391809867
19.488 -0.05385537284
19.49 -0.05400394554
19.492 -0.05394040372
19.494 -0.05408816698
19.496 -0.05402382632
19.498 -0.0541707808
19.5 -0.05410564285
19.502 -0.05425179291
19.504 -0.05418585689
19.506 -0.05433119938
19.508 -0.05426444512
19.51 -0.05440896082
19.512 -0.05434140934
19.514 -0.05448514579
19.516 -0.05441684481
19.518 -0.05455981719
19.52 -0.05449075922
19.522 -0.05463297207
19.524 -0.05456317564
19.526 -0.05470465161
19.528 -0.05463413187
19.53 -0.05477488388
19.532 -0.05470366515
19.534 -0.05484372332
19.536 -0.05477183363
19.538 -0.05491122541
19.54 -0.05483868229
19.542 -0.05497741825
19.544 -0.05490424254
19.546 -0.05504234881
19.548 -0.05496856222
19.55 -0.05510606095
19.552 -0.05503168289
19.554 -0.05516858998
19.556 -0.05509364682
19.558 -0.05522999608
19.56 -0.05515451192
19.562 -0.05529032692
19.564 -0.05521435072
19.566 -0.055349698
19.568 -0.05527327315
19.57 -0.05540816952
19.572 -0.05533132204
19.574 -0.0554658012
19.576 -0.05538855498
19.578 -0.0555226257
19.58 -0.05544499273
19.582 -0.05557869736
19.584 -0.05550071949
19.586 -0.05563407661
19.588 -0.05555582853
19.59 -0.05568892937
19.592 -0.05561040373
19.594 -0.05574321599
19.596 -0.05566441148
19.598 -0.05579695328
19.6 -0.05571790354
19.602 -0.05585020806
19.604 -0.05577094277
19.606 -0.05590303627
19.608 -0.05582358799
19.61 -0.05595567458
19.612 -0.05587654927
19.614 -0.05600907357
19.616 -0.05593040089
19.618 -0.05606341262
19.62 -0.0559852691
19.622 -0.05611881598
19.624 -0.05604122986
19.626 -0.05617532799
19.628 -0.05609829758
19.63 -0.05623293144
19.632 -0.05615643118
19.634 -0.05629156396
19.636 -0.05621554864
19.638 -0.05635113356
19.64 -0.05627556078
19.642 -0.0564115549
19.644 -0.0563363748
19.646 -0.05647272937
19.648 -0.05639790062
19.65 -0.05653458157
19.652 -0.05646007472
19.654 -0.05659705565
19.656 -0.05652284938
19.658 -0.05666011199
19.66 -0.05658619121
19.662 -0.05672372645
19.664 -0.05665008616
19.666 -0.05678784194
19.668 -0.0567144232
19.67 -0.05685242871
19.672 -0.05677927693
19.674 -0.05691755075
19.676 -0.05684467717
19.678 -0.05698323003
19.68 -0.05691064793
19.682 -0.057049485
19.684 -0.05697719824
19.686 -0.05711629061
19.688 -0.05704425122
19.69 -0.05718359773
19.692 -0.05711183593
19.694 -0.05725145536
19.696 -0.05717997453
19.698 -0.057319862
19.7 -0.05724865437
19.702 -0.05738880088
19.704 -0.05731785651
19.706 -0.05745824923
19.708 -0.05738755077
19.71 -0.05752816881
19.712 -0.05745769729
19.714 -0.05759852547
19.716 -0.05752826601
19.718 -0.05766928777
19.72 -0.05759922169
19.722 -0.05774042534
19.724 -0.05767055234
19.726 -0.05781193501
19.728 -0.05774224524
19.73 -0.05788380061
19.732 -0.05781429115
19.734 -0.05795601911
19.736 -0.05788668946
19.738 -0.05802858509
19.74 -0.05795943487
19.742 -0.05810150544
19.744 -0.05803253934
19.746 -0.05817472343
19.748 -0.05810608293
19.75 -0.05824840975
19.752 -0.05817993942
19.754 -0.05832241828
19.756 -0.05825419033
19.758 -0.05839687358
19.76 -0.05832889431
19.762 -0.05847187173
19.764 -0.05840403722
19.766 -0.0585472961
19.768 -0.05847974587
19.77 -0.05862328121
19.772 -0.05855595162
19.774 -0.05869973547
19.776 -0.05863263179
19.778 -0.05877664779
19.78 -0.05870976879
19.782 -0.05885401015
19.784 -0.05878735261
19.786 -0.05893180968
19.788 -0.05886536611
19.79 -0.05901002748
19.792 -0.0589437864
19.794 -0.05908863691
19.796 -0.05902258237
19.798 -0.05916760281
19.8 -0.05910171651
19.802 -0.05924688654
19.804 -0.05918113432
19.806 -0.05932640109
19.808 -0.05926073934
19.81 -0.05940607755
19.812 -0.05934048181
19.814 -0.05948586046
19.816 -0.05942026976
19.818 -0.05956560308
19.82 -0.05949996612
19.822 -0.05964524093
19.824 -0.05957954709
19.826 -0.05972474514
19.828 -0.05965897623
19.83 -0.05980408199
19.832 -0.05973821526
19.834 -0.05988319716
19.836 -0.05981720886
19.838 -0.05996205242
19.84 -0.05989592718
19.842 -0.06004061673
19.844 -0.05997434084
19.846 -0.06011886394
19.848 -0.06005242609
19.85 -0.0601967715
19.852 -0.06013016097
19.854 -0.06027431989
19.856 -0.06020752857
19.858 -0.06035149306
19.86 -0.06028451383
19.862 -0.06042827851
19.864 -0.06036110967
19.866 -0.06050467568
19.868 -0.06043731874
19.87 -0.06058068771
19.872 -0.06051317357
19.874 -0.06065639254
19.876 -0.06058872238
19.878 -0.06073176484
19.88 -0.06066392901
19.882 -0.06080680011
19.884 -0.06073879926
19.886 -0.06088149582
19.888 -0.06081333529
19.89 -0.06095586771
19.892 -0.06088756002
19.894 -0.06102994381
19.896 -0.06096150629
19.898 -0.06110375767
19.9 -0.061035211
19.902 -0.06117735303
19.904 -0.06110871154
19.906 -0.06125074489
19.908 -0.06118201044
19.91 -0.06132395442
19.912 -0.06125515147
19.914 -0.06139702661
19.916 -0.06132817892
19.918 -0.06147000617
19.92 -0.06140110954
19.922 -0.06154287981
19.924 -0.06147396335
19.926 -0.06161571864
19.928 -0.06154679698
19.93 -0.061688545
19.932 -0.06162015687
19.934 -0.06176271169
19.936 -0.06169441115
19.938 -0.06183674513
19.94 -0.06176844763
19.942 -0.06191079222
19.944 -0.06184253116
19.946 -0.06198491888
19.948 -0.06191672125
19.95 -0.06205917712
19.952 -0.06199105867
19.954 -0.06213360855
19.956 -0.06206562427
19.958 -0.06220831104
19.96 -0.06214100689
19.962 -0.06228465318
19.964 -0.06221757329
19.966 -0.06236112022
19.968 -0.06229417936
19.97 -0.06243787439
19.972 -0.06237109715
19.974 -0.06251497872
19.976 -0.06244840912
19.978 -0.06259249707
19.98 -0.06252670472
19.982 -0.06267186121
19.984 -0.06260640039
19.986 -0.06275155873
19.988 -0.06268630144
19.99 -0.0628316606
19.992 -0.06276664655
19.994 -0.06291227045
19.996 -0.06284807224
19.998 -0.0629947995
20 -0.06293097221
20.002 -0.06307774854
20.004 -0.06301418363
20.006 -0.06316123002
20.008 -0.06309796181
20.01 -0.06324583821
20.012 -0.06318370916
20.014 -0.06333196812
20.016 -0.06326991479
20.018 -0.06341844017
20.02 -0.06335668087
20.022 -0.06350603808
20.024 -0.06344542654
20.026 -0.06359518252
20.028 -0.06353466548
20.03 -0.06368471003
20.032 -0.06362450892
20.034 -0.06377541124
20.036 -0.06371638326
20.038 -0.06386769869
20.04 -0.06380877987
20.042 -0.06396040523
20.044 -0.06390236082
20.046 -0.06405515216
20.048 -0.06399753765
20.05 -0.06415042709
20.052 -0.06409312323
20.054 -0.0642468688
20.056 -0.06419073653
20.058 -0.06434489474
20.06 -0.06428887056
20.062 -0.06444386282
20.064 -0.06438898666
20.066 -0.06454437434
20.068 -0.06448959353
20.07 -0.06464579997
20.072 -0.06459215261
20.074 -0.06474874342
20.076 -0.06469517992
20.078 -0.06485257479
20.08 -0.06480012592
20.082 -0.06495788361
20.084 -0.06490549486
20.086 -0.06506403341
20.088 -0.06501273383
20.09 -0.06517160452
20.092 -0.06512032837
20.094 -0.06527994441
20.096 -0.06522972885
20.098 -0.06538964871
20.1 -0.06533995301
20.102 -0.06550086687
20.104 -0.06545143565
20.106 -0.06561229223
20.108 -0.06556355098
20.11 -0.06572539212
20.112 -0.0656768947
20.114 -0.06583917822
20.116 -0.0657916192
20.118 -0.0659540822
20.12 -0.06590691913
20.122 -0.06607025022
20.124 -0.06602321887
20.126 -0.06618688151
20.128 -0.06614068759
20.13 -0.06630444088
20.132 -0.06625855297
20.134 -0.0664230826
20.136 -0.06637723491
20.138 -0.06654200897
20.14 -0.0664969005
20.142 -0.06666165929
20.144 -0.06661675902
20.146 -0.06678220295
20.148 -0.06673725474
20.15 -0.06690285827
20.152 -0.06685856364
20.154 -0.06702458231
20.156 -0.06698067628
20.158 -0.06714652287
20.16 -0.0671026735
20.162 -0.06726905603
20.164 -0.06722553209
20.166 -0.06739219674
20.168 -0.06734841844
20.17 -0.06751504307
20.172 -0.06747172458
20.174 -0.06763858448
20.176 -0.06759548085
20.178 -0.06776200067
20.18 -0.06771879806
20.182 -0.06788570628
20.184 -0.06784268877
20.186 -0.06800974695
20.188 -0.0679668684
20.19 -0.06813403216
20.192 -0.0680907221
20.194 -0.06825767796
20.196 -0.06821467129
20.198 -0.06838171449
20.2 -0.06833878251
20.202 -0.0685058708
20.204 -0.06846297313
20.206 -0.06863006723
20.208 -0.06858720501
20.21 -0.06875434565
20.212 -0.06871151805
20.214 -0.06887865443
20.216 -0.06883581591
20.218 -0.0690029216
20.22 -0.06896004071
20.222 -0.06912707949
20.224 -0.0690841367
20.226 -0.06925110342
20.228 -0.06920809219
20.23 -0.06937497878
20.232 -0.06933188833
20.234 -0.06949868202
20.236 -0.0694555019
20.238 -0.06962219001
20.24 -0.06957890915
20.242 -0.06974548206
20.244 -0.06970209568
20.246 -0.06986855377
20.248 -0.06982505608
20.25 -0.06999139154
20.252 -0.06994778063
20.254 -0.07011399462
20.256 -0.07007027121
20.258 -0.07023636494
20.26 -0.07019253082
20.262 -0.07035850599
20.264 -0.07031456517
20.266 -0.07048043059
20.268 -0.07043639263
20.27 -0.07060215529
20.272 -0.07055803016
20.274 -0.07072370302
20.276 -0.0706800118
20.278 -0.07084584014
20.28 -0.07080181622
20.282 -0.07096751459
20.284 -0.0709233761
20.286 -0.07108896344
20.288 -0.07104473271
20.29 -0.0712107415
20.292 -0.07116667351
20.294 -0.07133234161
20.296 -0.07128815221
20.298 -0.0714536971
20.3 -0.07140991588
20.302 -0.07157559595
20.304 -0.07153146613
20.306 -0.07169700202
20.308 -0.07165274211
20.31 -0.07181865764
20.312 -0.07177451153
20.314 -0.07194003715
20.316 -0.07189571981
20.318 -0.07206107131
20.32 -0.07201711325
20.322 -0.07218254584
20.324 -0.07213818354
20.326 -0.07230392981
20.328 -0.0722596137
20.33 -0.07242490622
20.332 -0.07238086808
20.334 -0.07254616142
20.336 -0.07250164495
20.338 -0.07266717853
20.34 -0.07262264388
20.342 -0.07278766852
20.344 -0.07274336001
20.346 -0.07290833822
20.348 -0.07286350956
20.35 -0.07302869067
20.352 -0.0729838063
20.354 -0.07314844057
20.356 -0.07310374799
20.358 -0.07326830084
20.36 -0.07322305216
20.362 -0.07338777847
20.364 -0.07334295217
20.366 -0.07350733358
20.368 -0.07346189815
20.37 -0.07362639181
20.372 -0.07358081733
20.374 -0.07374469283
20.376 -0.07369924721
20.378 -0.07386349037
20.38 -0.0738176631
20.382 -0.07398124958
20.384 -0.07393554425
20.386 -0.07409953585
20.388 -0.07405348908
20.39 -0.07421685372
20.392 -0.07417091766
20.394 -0.07433463702
20.396 -0.07428831159
20.398 -0.07445137329
20.4 -0.0744051349
20.402 -0.07456852803
20.404 -0.07452187197
20.406 -0.07468457396
20.408 -0.07463797491
20.41 -0.07480097704
20.412 -0.07475443317
20.414 -0.07491694165
20.416 -0.07486964806
20.418 -0.0750321421
20.42 -0.07498509543
20.422 -0.07514758685
20.424 -0.07510000258
20.426 -0.07526168679
20.428 -0.07521404604
20.43 -0.07537592704
20.432 -0.07532824263
20.434 -0.07548952666
20.436 -0.07544099456
20.438 -0.07560217835
20.44 -0.07555381356
20.442 -0.07571491786
20.444 -0.07566644447
20.446 -0.07582688767
20.448 -0.075777497
20.45 -0.07593776835
20.452 -0.07588847735
20.454 -0.0760486062
20.456 -0.07599914613
20.458 -0.07615906439
20.46 -0.07610886618
20.462 -0.0762677895
20.464 -0.07621735535
20.466 -0.07637627339
20.468 -0.0763255714
20.47 -0.07648418462
20.472 -0.07643315964
20.474 -0.07659141762
20.476 -0.07653951664
20.478 -0.0766966544
20.48 -0.07664440265
20.482 -0.07680145305
20.484 -0.07674888656
20.486 -0.07690558843
20.488 -0.07685264756
20.49 -0.07700894087
20.492 -0.07695556956
20.494 -0.07711139905
20.496 -0.07705704331
20.498 -0.07721164027
20.5 -0.07715681764
20.502 -0.07731112122
20.504 -0.07725575886
20.506 -0.07740955952
20.508 -0.07735370612
20.51 -0.07750701352
20.512 -0.07745065076
20.514 -0.07760342963
20.516 -0.07754652439
20.518 -0.07769873744
20.52 -0.07764125056
20.522 -0.07779285776
20.524 -0.0777347327
20.526 -0.07788565569
20.528 -0.0778268415
20.53 -0.07797706917
20.532 -0.07791755799
20.534 -0.0780670745
20.536 -0.07800685002
20.538 -0.07815558075
20.54 -0.07809450857
20.542 -0.07824238548
20.544 -0.07818047944
20.546 -0.07832751901
20.548 -0.07826478019
20.55 -0.07841098809
20.552 -0.07834742159
20.554 -0.07849279076
20.556 -0.07842838391
20.558 -0.07857290176
20.56 -0.07850764326
20.562 -0.0786513005
20.564 -0.07858518302
20.566 -0.07872797268
20.568 -0.07866098966
20.57 -0.07880290538
20.572 -0.07873504757
20.574 -0.07887607829
20.576 -0.07880733948
20.578 -0.07894748378
20.58 -0.07887786268
20.582 -0.07901711767
20.584 -0.07894661151
20.586 -0.0790849766
20.588 -0.07901358619
20.59 -0.07915106246
20.592 -0.07907878933
20.594 -0.07921537976
20.596 -0.07914222658
20.598 -0.07927793344
20.6 -0.07920390395
20.602 -0.07933873198
20.604 -0.07926383109
20.606 -0.07939778472
20.608 -0.0793220307
20.61 -0.07945514378
20.612 -0.079378557
20.614 -0.07951083127
20.616 -0.07943341034
20.618 -0.07956484454
20.62 -0.0794865859
20.622 -0.0796171762
20.624 -0.07953807807
20.626 -0.07966782517
20.628 -0.07958789079
20.63 -0.07971679894
20.632 -0.0796360293
20.634 -0.07976409825
20.636 -0.07968249904
20.638 -0.07980973753
20.64 -0.07972731591
20.642 -0.07985372739
20.644 -0.07977048583
20.646 -0.07989607826
20.648 -0.07981202668
20.65 -0.07993680842
20.652 -0.07985195541
20.654 -0.07997593485
20.656 -0.07989028934
20.658 -0.08001347949
20.66 -0.07992705437
20.662 -0.0800494639
20.664 -0.07996226679
20.666 -0.08008400628
20.668 -0.07999617701
20.67 -0.08011721244
20.672 -0.08002851466
20.674 -0.08014870541
20.676 -0.08005946947
20.678 -0.08017916635
20.68 -0.08008936031
20.682 -0.08020839733
20.684 -0.08011790536
20.686 -0.08023624778
20.688 -0.08014505922
20.69 -0.08026270642
20.692 -0.0801708263
20.694 -0.08028778232
20.696 -0.08019508154
20.698 -0.08031127392
20.7 -0.08021797552
20.702 -0.08033356685
20.704 -0.08023965584
20.706 -0.08035460496
20.708 -0.08026005842
20.71 -0.0803743645
20.712 -0.08027919404
20.714 -0.08039287438
20.716 -0.08029695297
20.718 -0.08040993952
20.72 -0.08031348688
20.722 -0.08042593576
20.724 -0.08032894223
20.726 -0.08044077618
20.728 -0.08034323165
20.73 -0.08045457887
20.732 -0.08035639276
20.734 -0.08046698849
20.736 -0.08036814934
20.738 -0.08047814389
20.74 -0.08037874511
20.742 -0.08048820754
20.744 -0.08038816573
20.746 -0.08049704696
20.748 -0.08039658697
20.75 -0.08050505225
20.752 -0.08040417395
20.754 -0.08051220273
20.756 -0.08041077157
20.758 -0.08051830139
20.76 -0.08041653256
20.762 -0.08052371549
20.764 -0.08042159809
20.766 -0.0805284105
20.768 -0.08042580548
20.77 -0.08053218255
20.772 -0.08042930846
20.774 -0.08053540796
20.776 -0.08043225139
20.778 -0.08053804284
20.78 -0.08043445872
20.782 -0.08053987015
20.784 -0.08043606776
20.786 -0.08054124715
20.788 -0.08043706514
20.79 -0.08054189101
20.792 -0.08043752229
20.794 -0.08054214186
20.796 -0.08043755764
20.798 -0.08054188541
20.8 -0.08043692545
20.802 -0.08054093807
20.804 -0.08043582097
20.806 -0.08053965692
20.808 -0.0804342002
20.81 -0.08053772644
20.812 -0.08043211464
20.814 -0.08053546596
20.816 -0.08042966339
20.818 -0.0805327922
20.82 -0.08042663914
20.822 -0.08052946279
20.824 -0.0804231578
20.826 -0.08052581201
20.828 -0.08041918126
20.83 -0.08052152922
20.832 -0.08041475115
20.834 -0.08051692895
20.836 -0.0804098288
20.838 -0.08051170334
20.84 -0.08040446014
20.842 -0.08050616693
20.844 -0.08039860441
20.846 -0.08050000948
20.848 -0.08039230566
20.85 -0.08049354452
20.852 -0.08038552316
20.854 -0.08048646057
20.856 -0.080378297
20.858 -0.08047906743
20.86 -0.08037058711
20.862 -0.08047105799
20.864 -0.08036243778
20.866 -0.08046274311
20.868 -0.08035380535
20.87 -0.08045380796
20.872 -0.0803447268
20.874 -0.0804445612
20.876 -0.08033516163
20.878 -0.08043469359
20.88 -0.08032515102
20.882 -0.0804245146
20.884 -0.08031465316
20.886 -0.08041371452
20.888 -0.08030371002
20.89 -0.08040260228
20.892 -0.08029227771
20.894 -0.08039086495
20.896 -0.08028025688
20.898 -0.08037858503
20.9 -0.08026784985
20.902 -0.08036599886
20.904 -0.08025493607
20.906 -0.08035276984
20.908 -0.0802415492
20.91 -0.08033919275
20.912 -0.08022762907
20.914 -0.08032494536
20.916 -0.08021314693
20.918 -0.0803102261
20.92 -0.08019811119
20.922 -0.08029488226
20.924 -0.08018260701
20.926 -0.08027917385
20.928 -0.08016654477
20.93 -0.08026276895
20.932 -0.08014995509
20.934 -0.08024596536
20.936 -0.08013278642
20.938 -0.08022844638
20.94 -0.08011494006
20.942 -0.08021029904
20.944 -0.08009662782
20.946 -0.08019177301
20.948 -0.08007774395
20.95 -0.08017254393
20.952 -0.08005819319
20.954 -0.08015269661
20.956 -0.08003818402
20.958 -0.08013247731
20.96 -0.08001760789
20.962 -0.08011155279
20.964 -0.07999636121
20.966 -0.08009001504
20.968 -0.0799746821
20.97 -0.08006815982
20.972 -0.07995250853
20.974 -0.08004568035
20.976 -0.07992975278
20.978 -0.08002267951
20.98 -0.07990664665
20.982 -0.07999942196
20.984 -0.07988309511
20.986 -0.07997559083
20.988 -0.07985901175
20.99 -0.07995128567
20.992 -0.07983462588
20.994 -0.07992677454
20.996 -0.07980984789
20.998 -0.07990174483
21 -0.07978459611
21.002 -0.07987630231
21.004 -0.07975896758
21.006 -0.07985049874
21.008 -0.0797331353
21.01 -0.07982458853
21.012 -0.07970700941
21.014 -0.0797982615
21.016 -0.07968051142
21.018 -0.0797716246
21.02 -0.07965373936
21.022 -0.07974472734
21.024 -0.07962686438
21.026 -0.07971782611
21.028 -0.07959979809
21.03 -0.07969060939
21.032 -0.07957246117
21.034 -0.07966318494
21.036 -0.07954495607
21.038 -0.07963560972
21.04 -0.07951745629
21.042 -0.07960813713
21.044 -0.07948987393
21.046 -0.07958045998
21.048 -0.07946213259
21.05 -0.07955268756
21.052 -0.07943433417
21.054 -0.07952487474
21.056 -0.0794066545
21.058 -0.07949727979
21.06 -0.0793790071
21.062 -0.07946959538
21.064 -0.07935131643
21.066 -0.07944193166
21.068 -0.07932368551
21.07 -0.07941434528
21.072 -0.07929615514
21.074 -0.07938687624
21.076 -0.07926889589
21.078 -0.07935963797
21.08 -0.07924151491
21.082 -0.0793322097
21.084 -0.07921412513
21.086 -0.07930492683
21.088 -0.07918694686
21.09 -0.07927788279
21.092 -0.07916005308
21.094 -0.07925115543
21.096 -0.07913349772
21.098 -0.07922477326
21.1 -0.07910743164
21.102 -0.07919897269
21.104 -0.07908175541
21.106 -0.0791734317
21.108 -0.07905637177
21.11 -0.07914823785
21.112 -0.07903137489
21.114 -0.07912344698
21.116 -0.07900679594
21.118 -0.07909908547
21.12 -0.07898266028
21.122 -0.07907517747
21.124 -0.07895898783
21.126 -0.07905174147
21.128 -0.07893593679
21.13 -0.07902902422
21.132 -0.07891341575
21.134 -0.07900671299
21.136 -0.07889133522
21.138 -0.0789848871
21.14 -0.07886976234
21.142 -0.07896357324
21.144 -0.07884871278
21.146 -0.07894278873
21.148 -0.07882819912
21.15 -0.07892254515
21.152 -0.07880823192
21.154 -0.07890285427
21.156 -0.07878896936
21.158 -0.07888404237
21.16 -0.07877052925
21.162 -0.0788659173
21.164 -0.07875268023
21.166 -0.07884834231
21.168 -0.07873536812
21.17 -0.07883129197
21.172 -0.07871857672
21.174 -0.07881476422
21.176 -0.07870231679
21.178 -0.07879876685
21.18 -0.07868657728
21.182 -0.07878327017
21.184 -0.07867132109
21.186 -0.0787682546
21.188 -0.0786565502
21.19 -0.07875372579
21.192 -0.07864226746
21.194 -0.07873968745
21.196 -0.07862847712
21.198 -0.07872614248
21.2 -0.07861517831
21.202 -0.0787130834
21.204 -0.07860236263
21.206 -0.07870050922
21.208 -0.07859003585
21.21 -0.07868842647
21.212 -0.07857820129
21.214 -0.07867683705
21.216 -0.07856686118
21.218 -0.07866574324
21.22 -0.07855601688
21.222 -0.07865514453
21.224 -0.07854566691
21.226 -0.07864504027
21.228 -0.07853581165
21.23 -0.07863542927
21.232 -0.07852644764
21.234 -0.07862630627
21.236 -0.07851756723
21.238 -0.07861766254
21.24 -0.0785091618
21.242 -0.07860948974
21.244 -0.07850122309
21.246 -0.07860178007
21.248 -0.07849374298
21.25 -0.07859452267
21.252 -0.07848670871
21.254 -0.07858770545
21.256 -0.07848010858
21.258 -0.07858131525
21.26 -0.07847392663
21.262 -0.07857533365
21.264 -0.07846814489
21.266 -0.07856974456
21.268 -0.0784627488
21.27 -0.07856453334
21.272 -0.07845772132
21.274 -0.07855968169
21.276 -0.07845304472
21.278 -0.07855517249
21.28 -0.07844870184
21.282 -0.07855061123
21.284 -0.07844414776
21.286 -0.07854637674
21.288 -0.0784402047
21.29 -0.0785426764
21.292 -0.07843666621
21.294 -0.07853938646
21.296 -0.07843355802
21.298 -0.0785363701
21.3 -0.07843063597
21.302 -0.07853362216
21.304 -0.07842745099
21.306 -0.07852972822
21.308 -0.07842373534
21.31 -0.07852652368
21.312 -0.07842078175
21.314 -0.07852380074
21.316 -0.07841826233
21.318 -0.07852145799
21.32 -0.07841570121
21.322 -0.07851880286
21.324 -0.07841329886
21.326 -0.07851660963
21.328 -0.07841129478
21.33 -0.07851410883
21.332 -0.07840805803
21.334 -0.07851102618
21.336 -0.0784054713
21.338 -0.07850866432
21.34 -0.07840331819
21.342 -0.07850668807
21.344 -0.07840149713
21.346 -0.07850499589
21.348 -0.07839953918
21.35 -0.07850230292
21.352 -0.07839620237
21.354 -0.07849921228
21.356 -0.078393679
21.358 -0.07849690287
21.36 -0.07839158547
21.362 -0.0784949632
21.364 -0.07838977667
21.366 -0.078492651
21.368 -0.07838667966
21.37 -0.07848968173
21.372 -0.07838379
21.374 -0.07848688362
21.376 -0.07838136459
21.378 -0.07848461623
21.38 -0.07837862651
21.382 -0.07848105322
21.384 -0.0783752178
21.386 -0.07847809941
21.388 -0.07837246515
21.39 -0.07847550823
21.392 -0.07836962894
21.394 -0.07847193397
21.396 -0.07836539312
21.398 -0.07846792563
21.4 -0.07836192225
21.402 -0.07846465034
21.404 -0.07835884382
21.406 -0.0784612344
21.408 -0.07835474228
21.41 -0.07845682844
21.412 -0.07835052432
21.414 -0.07845289806
21.416 -0.07834686344
21.418 -0.07844884174
21.42 -0.07834208813
21.422 -0.07844430587
21.424 -0.07833808186
21.426 -0.0784406722
21.428 -0.07833372425
21.43 -0.07843527961
21.432 -0.07832859205
21.434 -0.07843072507
21.436 -0.0783243183
21.438 -0.07842598616
21.44 -0.07831885506
21.442 -0.07842070717
21.444 -0.07831371839
21.446 -0.07841570352
21.448 -0.07830850843
21.45 -0.07840980147
21.452 -0.07830284933
21.454 -0.07840464141
21.456 -0.07829795961
21.458 -0.07839934598
21.46 -0.07829159717
21.462 -0.07839312729
21.464 -0.0782861619
21.466 -0.07838738361
21.468 -0.07827981649
21.47 -0.07838130624
21.472 -0.07827438485
21.474 -0.07837519422
21.476 -0.07826744072
21.478 -0.07836882971
21.48 -0.07826190041
21.482 -0.07836302955
21.484 -0.0782554624
21.486 -0.07835692019
21.488 -0.07824964478
21.49 -0.07835075291
21.492 -0.0782431224
21.494 -0.07834463542
21.496 -0.07823773368
21.498 -0.07833898443
21.5 -0.07823155764
21.502 -0.07833281084
21.504 -0.07822586734
21.506 -0.07832712279
21.508 -0.07821978414
21.51 -0.07832142682
21.512 -0.07821474397
21.514 -0.0783161814
21.516 -0.07820861533
21.518 -0.07831039021
21.52 -0.078203163
21.522 -0.0783045149
21.524 -0.0781978075
21.526 -0.07829994033
21.528 -0.07819275475
21.53 -0.07829434123
21.532 -0.07818792079
21.534 -0.07828972683
21.536 -0.07818286929
21.538 -0.07828515032
21.54 -0.07817880476
21.542 -0.07828089978
21.544 -0.07817435236
21.546 -0.078276995
21.548 -0.07817067275
21.55 -0.07827289844
21.552 -0.07816679088
21.554 -0.07826914867
21.556 -0.07816290005
21.558 -0.07826588361
21.56 -0.07816057782
21.562 -0.07826348611
21.564 -0.07815745786
21.566 -0.07826082367
21.568 -0.07815524127
21.57 -0.07825828819
21.572 -0.0781533426
21.574 -0.07825676304
21.576 -0.07815122054
21.578 -0.07825494995
21.58 -0.07814977139
21.582 -0.07825325263
21.584 -0.07814880369
21.586 -0.07825272007
21.588 -0.07814770854
21.59 -0.07825198144
21.592 -0.07814736555
21.594 -0.07825155749
21.596 -0.07814777957
21.598 -0.07825184308
21.6 -0.07814752225
21.602 -0.07825235734
21.604 -0.0781484752
21.606 -0.07825326072
21.608 -0.078150155
21.61 -0.07825485923
21.612 -0.07815120195
21.614 -0.07825683282
21.616 -0.07815369553
21.618 -0.07825906557
21.62 -0.07815618641
21.622 -0.07826166488
21.624 -0.07815864538
21.626 -0.07826503797
21.628 -0.07816253607
21.63 -0.07826822326
21.632 -0.07816613626
21.634 -0.07827240334
21.636 -0.07817023555
21.638 -0.07827725376
21.64 -0.07817542088
21.642 -0.07828192234
21.644 -0.07818059095
21.646 -0.0782874438
21.648 -0.07818585065
21.65 -0.07829351839
21.652 -0.07819192016
21.654 -0.07829898231
21.656 -0.07819807644
21.658 -0.07830562645
21.66 -0.0782045643
21.662 -0.07831227919
21.664 -0.07821123489
21.666 -0.07831864679
21.668 -0.07821826611
21.67 -0.07832613779
21.672 -0.078225129
21.674 -0.07833336184
21.676 -0.07823273682
21.678 -0.07834087266
21.68 -0.07824104599
21.682 -0.07834904551
21.684 -0.07824866723
21.686 -0.07835688823
21.688 -0.07825671016
21.69 -0.07836565464
21.692 -0.07826543705
21.694 -0.07837402648
21.696 -0.07827471661
21.698 -0.07838369962
21.7 -0.07828416214
21.702 -0.07839357286
21.704 -0.07829426285
21.706 -0.07840345557
21.708 -0.07830487402
21.71 -0.07841460756
21.712 -0.07831547721
21.714 -0.07842561684
21.716 -0.07832690673
21.718 -0.07843699105
21.72 -0.07833912098
21.722 -0.07844909442
21.724 -0.07835069827
21.726 -0.07846158756
21.728 -0.07836371916
21.73 -0.0784743396
21.732 -0.07837672047
21.734 -0.07848757446
21.736 -0.07838988367
21.738 -0.07850142979
21.74 -0.07840372646
21.742 -0.07851486932
21.744 -0.07841806887
21.746 -0.07852955518
21.748 -0.07843249958
21.75 -0.07854437877
21.752 -0.0784475229
21.754 -0.07855929336
21.756 -0.07846321976
21.758 -0.07857527296
21.76 -0.07847846623
21.762 -0.07859105569
21.764 -0.07849476091
21.766 -0.07860706466
21.768 -0.07851144128
21.77 -0.07862378742
21.772 -0.07852773665
21.774 -0.07864077537
21.776 -0.07854508109
21.778 -0.07865763729
21.78 -0.07856245442
21.782 -0.07867539701
21.784 -0.07857996159
21.786 -0.07869375992
21.788 -0.07859835831
21.79 -0.07871173019
21.792 -0.07861714984
21.794 -0.07873084679
21.796 -0.07863600138
21.798 -0.07875009172
21.8 -0.07865545474
21.802 -0.07876931125
21.804 -0.07867540432
21.806 -0.07878943052
21.808 -0.07869511937
21.81 -0.07881005505
21.812 -0.07871623156
21.814 -0.07883089405
21.816 -0.07873735677
21.818 -0.0788528798
21.82 -0.07875903864
21.822 -0.07887333454
21.824 -0.07877932521
21.826 -0.07889302847
21.828 -0.07879796444
21.83 -0.07891227464
21.832 -0.07881817117
21.834 -0.07893240796
21.836 -0.07883909956
21.838 -0.07895489423
21.84 -0.07886149307
21.842 -0.07897608092
21.844 -0.07888203968
21.846 -0.07899607397
21.848 -0.07890114407
21.85 -0.07901579053
21.852 -0.07892219082
21.854 -0.07903726207
21.856 -0.07894394319
21.858 -0.07906022454
21.86 -0.0789671289
21.862 -0.07908190442
21.864 -0.07898846187
21.866 -0.07910360584
21.868 -0.07900967172
21.87 -0.07912456118
21.872 -0.07903155288
21.874 -0.07914778488
21.876 -0.07905534563
21.878 -0.07917186244
21.88 -0.07907961658
21.882 -0.07919606149
21.884 -0.07910318271
21.886 -0.07921869274
21.888 -0.07912593652
21.89 -0.07924202795
21.892 -0.07914976231
21.894 -0.07926642274
21.896 -0.07917546563
21.898 -0.07929351279
21.9 -0.07920196698
21.902 -0.07931876741
21.904 -0.07922727918
21.906 -0.07934462342
21.908 -0.0792523995
21.91 -0.07936906164
21.912 -0.07927821625
21.914 -0.07939679004
21.916 -0.07930670519
21.918 -0.07942499959
21.92 -0.07933514982
21.922 -0.07945383721
21.924 -0.07936406503
21.926 -0.07948231155
21.928 -0.07939138254
21.93 -0.07950987461
21.932 -0.0794205708
21.934 -0.07954063497
21.936 -0.07945167182
21.938 -0.07957171081
21.94 -0.07948393779
21.942 -0.0796051844
21.944 -0.07951830808
21.946 -0.07963947171
21.948 -0.07955232415
21.95 -0.07967446765
21.952 -0.07958858037
21.954 -0.07971152991
21.956 -0.07962600173
21.958 -0.07974893761
21.96 -0.07966339289
21.962 -0.07978721009
21.964 -0.07970246317
21.966 -0.07982670899
21.968 -0.07974277077
21.97 -0.07986728208
21.972 -0.07978328072
21.974 -0.07990818823
21.976 -0.07982504475
21.978 -0.07995070097
21.98 -0.07986829581
21.982 -0.07999478098
21.984 -0.07991208009
21.986 -0.08003811546
21.988 -0.07995619517
21.99 -0.08008316835
21.992 -0.08000193177
21.994 -0.08012927336
21.996 -0.08004851593
21.998 -0.08017660372
22 -0.08009638739
22.002 -0.08022432367
22.004 -0.08014324946
22.006 -0.08027164692
22.008 -0.08019164574
22.01 -0.08032071841
22.012 -0.08024148349
22.014 -0.08037061579
22.016 -0.08029158876
22.018 -0.08042136991
22.02 -0.08034296818
22.022 -0.08047344728
22.024 -0.08039525106
22.026 -0.08052577788
22.028 -0.08044802588
22.03 -0.08057904143
22.032 -0.08050179443
22.034 -0.08063219929
22.036 -0.08055423715
22.038 -0.08068503359
22.04 -0.08060784792
22.042 -0.08073935811
22.044 -0.08066222309
22.046 -0.08079399133
22.048 -0.08071740623
22.05 -0.08084944701
22.052 -0.08077319989
22.054 -0.08090535421
22.056 -0.08082932597
22.058 -0.08096195814
22.06 -0.08088630354
22.062 -0.08101919696
22.064 -0.0809434223
22.066 -0.08107629253
22.068 -0.08100083254
22.07 -0.08113410753
22.072 -0.08105892864
22.074 -0.08119202801
22.076 -0.08111679094
22.078 -0.08125002179
22.08 -0.08117492793
22.082 -0.0813084861
22.084 -0.08123331398
22.086 -0.08136693477
22.088 -0.0812920894
22.09 -0.08142601639
22.092 -0.08135144156
22.094 -0.08148541361
22.096 -0.08141059792
22.098 -0.08154460189
22.1 -0.08147014882
22.102 -0.08160446347
22.104 -0.08153027631
22.106 -0.08166442691
22.108 -0.08159022685
22.11 -0.08172453732
22.112 -0.08165052558
22.114 -0.08178515826
22.116 -0.08171101865
22.118 -0.08184565579
22.12 -0.0817717986
22.122 -0.08190669967
22.124 -0.08183307617
22.126 -0.08196797902
22.128 -0.08189406532
22.13 -0.08202895088
22.132 -0.08195535112
22.134 -0.08209049676
22.136 -0.08201711181
22.138 -0.08215204412
22.14 -0.08207859682
22.142 -0.08221364107
22.144 -0.08214033833
22.146 -0.08227566214
22.148 -0.08220254469
22.15 -0.08233773225
22.152 -0.08226468762
22.154 -0.0824003192
22.156 -0.08232762994
22.158 -0.08246344299
22.16 -0.08239087974
22.162 -0.08252662602
22.164 -0.08245407
22.166 -0.08259012582
22.168 -0.08251778984
22.17 -0.08265403985
22.172 -0.08258178376
22.174 -0.08271777008
22.176 -0.08264535186
22.178 -0.08278136608
22.18 -0.082708986
22.182 -0.08284517121
22.184 -0.08277285681
22.186 -0.08290875286
22.188 -0.08283622841
22.19 -0.08297224863
22.192 -0.08289979005
22.194 -0.0830357232
22.196 -0.0829631529
22.198 -0.08309880472
22.2 -0.08302605577
22.202 -0.08316185392
22.204 -0.0830891875
22.206 -0.0832250662
22.208 -0.08315239486
22.21 -0.08328794336
22.212 -0.08321505642
22.214 -0.08335058867
22.216 -0.0832777214
22.218 -0.08341344123
22.22 -0.08334067753
22.222 -0.08347650025
22.224 -0.0834034307
22.226 -0.08353909714
22.228 -0.08346618762
22.23 -0.08360184516
22.232 -0.0835289706
22.234 -0.08366474584
22.236 -0.08359199561
22.238 -0.08372750588
22.24 -0.08365460181
22.242 -0.08379029654
22.244 -0.08371754456
22.246 -0.08385337933
22.248 -0.0837806841
22.25 -0.08391645319
22.252 -0.08384337737
22.254 -0.08397906317
22.256 -0.08390621481
22.258 -0.08404208247
22.26 -0.08396935811
22.262 -0.08410526515
22.264 -0.08403258628
22.266 -0.08416816971
22.268 -0.08409530236
22.27 -0.08423087862
22.272 -0.08415804395
22.274 -0.08429380502
22.276 -0.08422105933
22.278 -0.08435690412
22.28 -0.08428418213
22.282 -0.08441971281
22.284 -0.08434679392
22.286 -0.08448246215
22.288 -0.08440964772
22.29 -0.08454526468
22.292 -0.08447237281
22.294 -0.08460808572
22.296 -0.08453524943
22.298 -0.08467065636
22.3 -0.08459760876
22.302 -0.08473313931
22.304 -0.0846601732
22.306 -0.08479577329
22.308 -0.08472279182
22.31 -0.08485839537
22.312 -0.08478538849
22.314 -0.08492048249
22.316 -0.08484714946
22.318 -0.08498240052
22.32 -0.08490917834
22.322 -0.08504450854
22.324 -0.08497125271
22.326 -0.08510657317
22.328 -0.08503326991
22.33 -0.08516854489
22.332 -0.08509483862
22.334 -0.08522984435
22.336 -0.08515618916
22.338 -0.08529107441
22.34 -0.08521733956
22.342 -0.08535222119
22.344 -0.08527848611
22.346 -0.08541332411
22.348 -0.08533948938
22.35 -0.08547421511
22.352 -0.08539992441
22.354 -0.0855343404
22.356 -0.08546006858
22.358 -0.08559447802
22.36 -0.08552018858
22.362 -0.08565450405
22.364 -0.08558014053
22.366 -0.08571421455
22.368 -0.08563966759
22.37 -0.08577370555
22.372 -0.08569910983
22.374 -0.08583273589
22.376 -0.08575782743
22.378 -0.08589146989
22.38 -0.08581652434
22.382 -0.08595011465
22.384 -0.0858750338
22.386 -0.08600851023
22.388 -0.08593328763
22.39 -0.08606662477
22.392 -0.08599123437
22.394 -0.08612424371
22.396 -0.08604857679
22.398 -0.08618112976
22.4 -0.08610512486
22.402 -0.086237644
22.404 -0.08616154478
22.406 -0.08629396431
22.408 -0.08621767492
22.41 -0.08634992267
22.412 -0.0862734329
22.414 -0.08640548453
22.416 -0.08632878707
22.418 -0.08646063017
22.42 -0.08638371711
22.422 -0.08651533094
22.424 -0.08643819291
22.426 -0.08656958236
22.428 -0.08649221505
22.43 -0.08662289164
22.432 -0.08654500462
22.434 -0.08667564166
22.436 -0.08659771829
22.438 -0.08672833415
22.44 -0.08665028065
22.442 -0.08678078819
22.444 -0.08670259377
22.446 -0.0868329675
22.448 -0.08675460933
22.45 -0.08688482052
22.452 -0.08680629069
22.454 -0.08693631322
22.456 -0.0868575838
22.458 -0.08698741048
22.46 -0.0869084822
22.462 -0.08703808851
22.464 -0.08695893187
22.466 -0.08708830602
22.468 -0.08700890914
22.47 -0.08713795419
22.472 -0.08705795
22.474 -0.08718635183
22.476 -0.08710578461
22.478 -0.08723346771
22.48 -0.08715225975
22.482 -0.08727946363
22.484 -0.08719776411
22.486 -0.08732445274
22.488 -0.08724221699
22.49 -0.08736838819
22.492 -0.0872856361
22.494 -0.08741130526
22.496 -0.0873280579
22.498 -0.08745323963
22.5 -0.08736950905
22.502 -0.08749421576
22.504 -0.08741001524
22.506 -0.08753426015
22.508 -0.08744960226
22.51 -0.08757341121
22.512 -0.08748828454
22.514 -0.08761159638
22.516 -0.08752597485
22.518 -0.08764879204
22.52 -0.08756268645
22.522 -0.08768503089
22.524 -0.08759846369
22.526 -0.08772035982
22.528 -0.08763335433
22.53 -0.08775498751
22.532 -0.0876679529
22.534 -0.08778950925
22.536 -0.08770244798
22.538 -0.08782396617
22.54 -0.08773685188
22.542 -0.08785831676
22.544 -0.08777111832
22.546 -0.08789250137
22.548 -0.08780518991
22.55 -0.0879264626
22.552 -0.08783901375
22.554 -0.08796015122
22.556 -0.08787254527
22.558 -0.0879935282
22.56 -0.08790575043
22.562 -0.08802656429
22.564 -0.08793860409
22.566 -0.08805923764
22.568 -0.0879710866
22.57 -0.08809153196
22.572 -0.08800318542
22.574 -0.08812343903
22.576 -0.08803489591
22.578 -0.08815495736
22.58 -0.0880662191
22.582 -0.08818609056
22.584 -0.08809716114
22.586 -0.08821684756
22.588 -0.08812773386
22.59 -0.0882472435
22.592 -0.08815795077
22.594 -0.08827711972
22.596 -0.08818726643
22.598 -0.0883059447
22.6 -0.08821556494
22.602 -0.08833375146
22.604 -0.08824291029
22.606 -0.08836066034
22.608 -0.08826943004
22.61 -0.088386815
22.612 -0.0882952688
22.614 -0.0884123604
22.616 -0.08832056278
22.618 -0.08843742296
22.62 -0.08834543003
22.622 -0.08846211478
22.624 -0.08836997715
22.626 -0.08848653606
22.628 -0.0883942983
22.63 -0.08851077368
22.632 -0.0884184728
22.634 -0.08853479155
22.636 -0.08844230825
22.638 -0.08855852021
22.64 -0.08846608184
22.642 -0.08858242392
22.644 -0.08849007242
22.646 -0.08860648459
22.648 -0.08851418106
22.65 -0.08863064761
22.652 -0.08853839029
22.654 -0.08865490739
22.656 -0.08856269843
22.658 -0.0886792662
22.66 -0.0885871055
22.662 -0.08870372036
22.664 -0.08861160074
22.666 -0.08872825392
22.668 -0.08863616514
22.67 -0.08875284399
22.672 -0.08866077299
22.674 -0.08877746562
22.676 -0.08868540064
22.678 -0.08880200143
22.68 -0.08870991167
22.682 -0.08882646198
22.684 -0.08873437219
22.686 -0.08885088943
22.688 -0.0887587878
22.69 -0.08887526911
22.692 -0.08878314223
22.694 -0.08889958293
22.696 -0.08880742051
22.698 -0.08892382652
22.7 -0.0888316401
22.702 -0.0889480085
22.704 -0.08885578125
22.706 -0.088972104
22.708 -0.08887982824
22.71 -0.08899609582
22.712 -0.08890376169
22.714 -0.08902005932
22.716 -0.08892758422
22.718 -0.08904383754
22.72 -0.08895129422
22.722 -0.08906734519
22.724 -0.08897463645
22.726 -0.08909059916
22.728 -0.08899778513
22.73 -0.08911354551
22.732 -0.08902057485
22.734 -0.08913626592
22.736 -0.08904318485
22.738 -0.08915876742
22.74 -0.08906544787
22.742 -0.08918088752
22.744 -0.08908747797
22.746 -0.08920282293
22.748 -0.08910929859
22.75 -0.08922450747
22.752 -0.08913085326
22.754 -0.08924592655
22.756 -0.08915203706
22.758 -0.08926694486
22.76 -0.08917295705
22.762 -0.08928774666
22.764 -0.08919362797
22.766 -0.08930825588
22.768 -0.0892139855
22.77 -0.08932844819
22.772 -0.08923400648
22.774 -0.08934828697
22.776 -0.08925366175
22.778 -0.08936774556
22.78 -0.08927292341
22.782 -0.08938681106
22.784 -0.08929178602
22.786 -0.08940546434
22.788 -0.08931022355
22.79 -0.08942368404
22.792 -0.08932822249
22.794 -0.08944146136
22.796 -0.08934578026
22.798 -0.08945879972
22.8 -0.08936289105
22.802 -0.0894756731
22.804 -0.08937953111
22.806 -0.08949207961
22.808 -0.08939571009
22.81 -0.08950803267
22.812 -0.08941142483
22.814 -0.08952351393
22.816 -0.08942667381
22.818 -0.0895385377
22.82 -0.0894414659
22.822 -0.08955309471
22.824 -0.08945579013
22.826 -0.08956719567
22.828 -0.08946968156
22.83 -0.08958088603
22.832 -0.08948317608
22.834 -0.08959418936
22.836 -0.08949628606
22.838 -0.08960710946
22.84 -0.08950901944
22.842 -0.08961969648
22.844 -0.08952151795
22.846 -0.0896321103
22.848 -0.08953382582
22.85 -0.08964431006
22.852 -0.08954592239
22.854 -0.08965630605
22.856 -0.08955781793
22.858 -0.08966809836
22.86 -0.08956951255
22.862 -0.08967969461
22.864 -0.08958101562
22.866 -0.0896911091
22.868 -0.08959233475
22.87 -0.08970233447
22.872 -0.08960347034
22.874 -0.08971338594
22.876 -0.08961443358
22.878 -0.08972425762
22.88 -0.0896252215
22.882 -0.08973481648
22.884 -0.08963560673
22.886 -0.08974518137
22.888 -0.08964594098
22.89 -0.08975546455
22.892 -0.08965614629
22.894 -0.08976560036
22.896 -0.08966619372
22.898 -0.08977556121
22.9 -0.0896760666
22.902 -0.08978535152
22.904 -0.08968576422
22.906 -0.08979495679
22.908 -0.08969528005
22.91 -0.08980438717
22.912 -0.08970461746
22.914 -0.08981363187
22.916 -0.08971377412
22.918 -0.08982270435
22.92 -0.08972275513
22.922 -0.08983159272
22.924 -0.08973155594
22.926 -0.0898403103
22.928 -0.0897401855
22.93 -0.089848852
22.932 -0.08974864585
22.934 -0.0898572351
22.936 -0.08975694827
22.938 -0.08986545871
22.94 -0.0897651006
22.942 -0.08987354411
22.944 -0.08977311537
22.946 -0.08988134518
22.948 -0.08978076992
22.95 -0.08988901538
22.952 -0.08978843943
22.954 -0.08989666586
22.956 -0.08979604793
22.958 -0.08990424545
22.96 -0.0898035871
22.962 -0.08991174559
22.964 -0.08981105365
22.966 -0.08991918527
22.968 -0.08981846631
22.97 -0.08992633437
22.972 -0.08982525691
22.974 -0.08993291741
22.976 -0.08983172953
22.978 -0.08993935623
22.98 -0.0898381571
22.982 -0.08994580474
22.984 -0.0898446364
22.986 -0.08995233063
22.988 -0.08985121482
22.99 -0.08995897143
22.992 -0.08985793237
22.994 -0.08996577674
22.996 -0.08986483461
22.998 -0.08997278991
23 -0.08987197197
23.002 -0.08998005837
23.004 -0.0898793765
23.006 -0.08998760785
23.008 -0.08988707524
23.01 -0.08999546018
23.012 -0.08989509129
23.014 -0.09000350263
23.016 -0.08990321861
23.018 -0.09001187513
23.02 -0.08991183309
23.022 -0.09002071827
23.024 -0.08992087604
23.026 -0.0900299698
23.028 -0.08993033001
23.03 -0.0900396505
23.032 -0.0899402542
23.034 -0.09004981641
23.036 -0.0899506606
23.038 -0.09006046509
23.04 -0.08996155123
23.042 -0.09007159514
23.044 -0.08997291248
23.046 -0.09008318666
23.048 -0.08998474013
23.05 -0.090095252
23.052 -0.08999704274
23.054 -0.09010779143
23.056 -0.0900098193
23.058 -0.09012080465
23.06 -0.09002306417
23.062 -0.09013427692
23.064 -0.09003676714
23.066 -0.09014821374
23.068 -0.09005092795
23.07 -0.09016259837
23.072 -0.090065549
23.074 -0.0901774587
23.076 -0.09008063287
23.078 -0.09019275467
23.08 -0.09009614901
23.082 -0.09020842461
23.084 -0.09011199363
23.086 -0.09022452168
23.088 -0.09012834446
23.09 -0.09024110797
23.092 -0.09014515421
23.094 -0.09025815793
23.096 -0.09016243355
23.098 -0.09027566403
23.1 -0.09018017142
23.102 -0.09029362429
23.104 -0.09019834186
23.106 -0.09031202112
23.108 -0.0902169811
23.11 -0.09033089087
23.112 -0.09023609089
23.114 -0.09035025201
23.116 -0.09025569929
23.118 -0.09037010208
23.12 -0.09027581198
23.122 -0.09039046575
23.124 -0.09029642922
23.126 -0.09041133318
23.128 -0.09031754857
23.13 -0.09043271833
23.132 -0.0903391842
23.134 -0.09045460666
23.136 -0.09036132678
23.138 -0.090477001
23.14 -0.09038397652
23.142 -0.09049991366
23.144 -0.09040714177
23.146 -0.0905233297
23.148 -0.0904308079
23.15 -0.09054725723
23.152 -0.09045500259
23.154 -0.09057171464
23.156 -0.09047972171
23.158 -0.090596699
23.16 -0.09050497422
23.162 -0.09062215643
23.164 -0.09053065369
23.166 -0.09064813901
23.168 -0.09055695684
23.17 -0.09067477418
23.172 -0.09058390239
23.174 -0.09070202784
23.176 -0.09061147023
23.178 -0.09072989196
23.18 -0.09063886355
23.182 -0.09075579601
23.184 -0.09066319343
23.186 -0.09077881022
23.188 -0.0906849516
23.19 -0.09079931587
23.192 -0.09070423448
23.194 -0.09081739142
23.196 -0.09072109453
23.198 -0.09083303257
23.2 -0.09073552266
23.202 -0.09084625661
23.204 -0.09074754871
23.206 -0.09085709436
23.208 -0.09075720097
23.21 -0.09086555718
23.212 -0.09076448309
23.214 -0.09087167027
23.216 -0.09076942967
23.218 -0.09087545751
23.22 -0.09077277516
23.222 -0.09087954624
23.224 -0.09077787954
23.226 -0.09088542815
23.228 -0.09078446766
23.23 -0.09089269214
23.232 -0.09079240521
23.234 -0.09090129668
23.236 -0.09080167746
23.238 -0.09091122796
23.24 -0.09081241372
23.242 -0.09092281677
23.244 -0.0908247853
23.246 -0.09093590938
23.248 -0.09083856028
23.25 -0.09095037227
23.252 -0.09085369695
23.254 -0.09096619084
23.256 -0.0908701947
23.258 -0.09098336342
23.26 -0.09088803623
23.262 -0.09100188207
23.264 -0.09090724645
23.266 -0.09102178072
23.268 -0.0909278372
23.27 -0.0910430671
23.272 -0.09094968037
23.274 -0.09106542275
23.276 -0.09097260179
23.278 -0.09108889131
23.28 -0.09099669545
23.282 -0.09111369242
23.284 -0.09102220917
23.286 -0.09113990055
23.288 -0.0910491005
23.29 -0.09116745854
23.292 -0.0910773201
23.294 -0.0911963332
23.296 -0.09110684624
23.298 -0.09122651477
23.3 -0.09113766932
23.302 -0.09125796389
23.304 -0.09116974209
23.306 -0.09129064252
23.308 -0.09120303468
23.31 -0.09132454048
23.312 -0.09123750284
23.314 -0.09135956934
23.316 -0.09127309334
23.318 -0.09139572343
23.32 -0.09130979775
23.322 -0.09143294333
23.324 -0.09134752206
23.326 -0.09147115766
23.328 -0.09138620355
23.33 -0.09151031377
23.332 -0.09142582938
23.334 -0.09155023714
23.336 -0.09146610981
23.338 -0.09159101864
23.34 -0.09150735563
23.342 -0.09163270284
23.344 -0.09154943866
23.346 -0.09167517321
23.348 -0.09159228763
23.35 -0.09171840111
23.352 -0.09163586728
23.354 -0.09176231605
23.356 -0.09168010043
23.358 -0.09180684255
23.36 -0.0917249288
23.362 -0.09185196499
23.364 -0.09177031158
23.366 -0.0918975981
23.368 -0.09181620026
23.37 -0.0919437215
23.372 -0.09186253392
23.374 -0.09199024959
23.376 -0.09190924112
23.378 -0.0920371429
23.38 -0.09195631037
23.382 -0.09208435303
23.384 -0.09200363602
23.386 -0.09213179269
23.388 -0.09205119323
23.39 -0.09217944357
23.392 -0.09209892001
23.394 -0.092227231
23.396 -0.0921467559
23.398 -0.09227509769
23.4 -0.09219463619
23.402 -0.09232297546
23.404 -0.09224249332
23.406 -0.09237080715
23.408 -0.09229029634
23.41 -0.09241855845
23.412 -0.09233796718
23.414 -0.0924661548
23.416 -0.09238548081
23.418 -0.0925135524
23.42 -0.09243273946
23.422 -0.09256066521
23.424 -0.09247968386
23.426 -0.09260740685
23.428 -0.09252620818
23.43 -0.09265371472
23.432 -0.09257229933
23.434 -0.09269956505
23.436 -0.09261788386
23.438 -0.09274486822
23.44 -0.0926629138
23.442 -0.0927896105
23.444 -0.09270732959
23.446 -0.09283367865
23.448 -0.09275106052
23.45 -0.09287706303
23.452 -0.09279406277
23.454 -0.09291966589
23.456 -0.09283626826
23.458 -0.09296147631
23.46 -0.09287766373
23.462 -0.09300243586
23.464 -0.09291818992
23.466 -0.09304252808
23.468 -0.09295783761
23.47 -0.09308172702
23.472 -0.09299656817
23.474 -0.09311996725
23.476 -0.09303430834
23.478 -0.0931572128
23.48 -0.09307106207
23.482 -0.09319345765
23.484 -0.09310677784
23.486 -0.09322864502
23.488 -0.09314143126
23.49 -0.09326275717
23.492 -0.09317499365
23.494 -0.09329576405
23.496 -0.09320743667
23.498 -0.09332762984
23.5 -0.09323872878
23.502 -0.0933583461
23.504 -0.09326886406
23.506 -0.09338789243
23.508 -0.09329782011
23.51 -0.09341625526
23.512 -0.09332558062
23.514 -0.09344343256
23.516 -0.09335218939
23.518 -0.09346947676
23.52 -0.09337766349
23.522 -0.09349438224
23.524 -0.09340200218
23.526 -0.09351814974
23.528 -0.09342520915
23.53 -0.09354080068
23.532 -0.09344729894
23.534 -0.09356233051
23.536 -0.09346829458
23.538 -0.09358279751
23.54 -0.09348821423
23.542 -0.09360217782
23.544 -0.09350706593
23.546 -0.09362049913
23.548 -0.09352486707
23.55 -0.09363779
23.552 -0.09354164513
23.554 -0.09365406117
23.556 -0.09355742889
23.558 -0.09366936753
23.56 -0.09357226431
23.562 -0.09368374709
23.564 -0.09358618648
23.566 -0.09369720891
23.568 -0.09359920489
23.57 -0.09370979716
23.572 -0.09361136186
23.574 -0.09372153931
23.576 -0.09362270065
23.578 -0.09373247609
23.58 -0.09363325041
23.582 -0.09374265007
23.584 -0.09364304713
23.586 -0.09375207736
23.588 -0.09365212697
23.59 -0.09376082166
23.592 -0.09366053631
23.594 -0.09376891621
23.596 -0.09366833705
23.598 -0.0937764232
23.6 -0.09367555386
23.602 -0.09378335875
23.604 -0.09368220859
23.606 -0.09378974589
23.608 -0.09368833561
23.61 -0.09379561482
23.612 -0.09369396496
23.614 -0.09380101675
23.616 -0.09369913473
23.618 -0.09380596847
23.62 -0.0937038791
23.622 -0.09381050358
23.624 -0.09370821635
23.626 -0.09381465222
23.628 -0.09371218156
23.63 -0.09381843767
23.632 -0.09371578434
23.634 -0.09382187106
23.636 -0.09371905491
23.638 -0.09382497666
23.64 -0.09372200694
23.642 -0.09382778205
23.644 -0.09372465865
23.646 -0.09383028971
23.648 -0.09372702689
23.65 -0.0938325121
23.652 -0.09372911167
23.654 -0.09383446477
23.656 -0.09373092529
23.658 -0.09383614873
23.66 -0.09373248551
23.662 -0.09383758068
23.664 -0.09373379667
23.666 -0.09383877462
23.668 -0.09373487219
23.67 -0.09383972907
23.672 -0.09373569828
23.674 -0.09384043659
23.676 -0.09373629074
23.678 -0.09384083549
23.68 -0.09373652768
23.682 -0.09384099079
23.684 -0.09373658804
23.686 -0.0938409548
23.688 -0.09373644331
23.69 -0.09384069608
23.692 -0.0937360736
23.694 -0.09384022107
23.696 -0.09373548082
23.698 -0.09383951523
23.7 -0.09373466429
23.702 -0.09383858056
23.704 -0.09373361668
23.706 -0.09383742211
23.708 -0.09373234586
23.71 -0.09383603636
23.712 -0.09373083589
23.714 -0.09383440923
23.716 -0.09372909211
23.718 -0.09383253975
23.72 -0.09372710039
23.722 -0.09383029583
23.724 -0.09372465973
23.726 -0.09382781124
23.728 -0.09372211516
23.73 -0.09382517608
23.732 -0.09371936277
23.734 -0.09382231337
23.736 -0.0937163686
23.738 -0.09381919461
23.74 -0.09371312248
23.742 -0.09381581072
23.744 -0.09370960059
23.746 -0.09381215005
23.748 -0.0937057897
23.75 -0.09380819206
23.752 -0.09370168245
23.754 -0.09380392443
23.756 -0.09369725821
23.758 -0.09379934437
23.76 -0.09369251008
23.762 -0.0937944319
23.764 -0.09368743277
23.766 -0.09378917912
23.768 -0.09368200608
23.77 -0.09378343844
23.772 -0.09367598846
23.774 -0.09377729609
23.776 -0.09366971258
23.778 -0.09377085435
23.78 -0.09366307309
23.782 -0.09376402141
23.784 -0.0936560238
23.786 -0.09375675734
23.788 -0.09364853993
23.79 -0.09374904181
23.792 -0.09364059213
23.794 -0.0937408565
23.796 -0.09363215184
23.798 -0.09373215249
23.8 -0.09362318867
23.802 -0.09372292486
23.804 -0.09361367818
23.806 -0.09371313156
23.808 -0.09360359662
23.81 -0.09370274528
23.812 -0.09359290123
23.814 -0.09369166508
23.816 -0.09358144247
23.818 -0.09367990174
23.82 -0.09356936936
23.822 -0.09366749595
23.824 -0.0935566031
23.826 -0.09365437558
23.828 -0.09354311816
23.83 -0.09364051231
23.832 -0.09352888368
23.834 -0.09362590853
23.836 -0.09351389162
23.838 -0.09361052251
23.84 -0.09349810541
23.842 -0.09359431985
23.844 -0.09348148446
23.846 -0.09357713734
23.848 -0.09346377755
23.85 -0.09355904594
23.852 -0.09344529522
23.854 -0.0935401509
23.856 -0.0934259404
23.858 -0.09352034471
23.86 -0.09340567093
23.862 -0.09349959768
23.864 -0.09338443334
23.866 -0.0934778748
23.868 -0.09336221902
23.87 -0.09345515354
23.872 -0.0933389923
23.874 -0.09343141897
23.876 -0.09331473511
23.878 -0.09340663104
23.88 -0.09328942139
23.882 -0.09338078739
23.884 -0.09326303268
23.886 -0.09335385672
23.888 -0.09323555432
23.89 -0.09332568
23.892 -0.09320673459
23.894 -0.09329638192
23.896 -0.093176944
23.898 -0.09326606656
23.9 -0.09314605965
23.902 -0.09323459991
23.904 -0.09311399323
23.906 -0.09320193826
23.908 -0.09308074426
23.91 -0.09316810239
23.912 -0.09304631146
23.914 -0.09313308091
23.916 -0.0930107048
23.918 -0.09309688172
23.92 -0.09297390662
23.922 -0.09305949617
23.924 -0.09293594184
23.926 -0.09302094684
23.928 -0.09289681586
23.93 -0.09298124825
23.932 -0.09285653918
23.934 -0.09294025552
23.936 -0.09281489972
23.938 -0.09289812485
23.94 -0.09277225357
23.942 -0.09285495323
23.944 -0.09272853717
23.946 -0.0928106952
23.948 -0.09268372806
23.95 -0.09276535086
23.952 -0.09263785093
23.954 -0.0927189348
23.956 -0.09259090065
23.958 -0.09267144997
23.96 -0.09254287571
23.962 -0.09262289879
23.964 -0.09249380549
23.966 -0.09257330243
23.968 -0.09244368143
23.97 -0.09252266756
23.972 -0.09239254481
23.974 -0.09247088624
23.976 -0.09234018173
23.978 -0.09241810075
23.98 -0.09228696516
23.982 -0.09236444019
23.984 -0.09223284395
23.986 -0.09230987046
23.988 -0.09217781362
23.99 -0.09225439151
23.992 -0.09212188563
23.994 -0.09219801356
23.996 -0.0920650749
23.998 -0.09214078103
24 -0.09200741606
24.002 -0.09208270793
24.004 -0.09194895405
24.006 -0.09202385418
24.008 -0.09188971507
24.01 -0.09196424939
24.012 -0.09182974645
24.014 -0.09190378724
24.016 -0.09176884961
24.018 -0.09184260734
24.02 -0.09170736133
24.022 -0.09178079221
24.024 -0.09164519602
24.026 -0.09171828637
24.028 -0.09158236155
24.03 -0.09165513724
24.032 -0.09151889191
24.034 -0.09159136217
24.036 -0.09145481984
24.038 -0.0915269988
24.04 -0.09139016319
24.042 -0.09146204661
24.044 -0.09132493275
24.046 -0.09139654701
24.048 -0.0912591628
24.05 -0.09133037473
24.052 -0.0911926455
24.054 -0.09126365826
24.056 -0.0911257349
24.058 -0.09119654401
24.06 -0.09105838307
24.062 -0.09112897012
24.064 -0.09099058103
24.066 -0.09106093907
24.068 -0.09092233086
24.07 -0.09099247842
24.072 -0.09085366179
24.074 -0.09092360094
24.076 -0.09078456939
24.078 -0.09085430531
24.08 -0.09071507188
24.082 -0.09078460185
24.084 -0.09064516412
24.086 -0.09071434743
24.088 -0.09057462685
24.09 -0.09064368025
24.092 -0.09050380928
24.094 -0.09057270447
24.096 -0.09043266004
24.098 -0.09050139493
24.1 -0.09036118368
24.102 -0.09042975068
24.104 -0.09028935908
24.106 -0.09035778261
24.108 -0.09021726505
24.11 -0.09028554959
24.112 -0.09014488739
24.114 -0.09021303501
24.116 -0.09007224859
24.118 -0.09014013553
24.12 -0.08999914168
24.122 -0.09006696717
24.124 -0.0899259163
24.126 -0.08999367347
24.128 -0.08985253193
24.13 -0.08992020273
24.132 -0.08977896969
24.134 -0.08984655145
24.136 -0.08970521733
24.138 -0.08977270625
24.14 -0.0896304161
24.142 -0.08969586223
24.144 -0.08955150616
24.146 -0.08961521275
24.148 -0.089469194
24.15 -0.08953123325
24.152 -0.08938358129
24.154 -0.08944385863
24.156 -0.0892945215
24.158 -0.08935327212
24.16 -0.08920241258
24.162 -0.08925963169
24.164 -0.08910721534
24.166 -0.08916290073
24.168 -0.08900894981
24.17 -0.08906311186
24.172 -0.08890765251
24.174 -0.08896025068
24.176 -0.0888031704
24.178 -0.08885416765
24.18 -0.08869635269
24.182 -0.08874791478
24.184 -0.08859102299
24.186 -0.08864330611
24.188 -0.08848704716
24.19 -0.08853992686
24.192 -0.08838423042
24.194 -0.08843752115
24.196 -0.08828228168
24.198 -0.08833617849
24.2 -0.08818154102
24.202 -0.08823603117
24.204 -0.08808195979
24.206 -0.08813702901
24.208 -0.08798353067
24.21 -0.08803918243
24.212 -0.08788626871
24.214 -0.08794252119
24.216 -0.08779021094
24.218 -0.08784707063
24.22 -0.0876953659
24.222 -0.08775283182
24.224 -0.08760173137
24.226 -0.08765979979
24.228 -0.08750930634
24.23 -0.08756784336
24.232 -0.0874178722
24.234 -0.08747707996
24.236 -0.08732776679
24.238 -0.08738761073
24.24 -0.08723890049
24.242 -0.08729935256
24.244 -0.0871512428
24.246 -0.08721230629
24.248 -0.08706480887
24.25 -0.08712648158
24.252 -0.08697958753
24.254 -0.08704186019
24.256 -0.0868955649
24.258 -0.08695843147
24.26 -0.0868118908
24.262 -0.0868733517
24.264 -0.08672542864
24.266 -0.08678595048
24.268 -0.08663716249
24.27 -0.08669679642
24.272 -0.08654710796
24.274 -0.08660583675
24.276 -0.08645523664
24.278 -0.08651304155
24.28 -0.08636151151
24.282 -0.08641837532
24.284 -0.0862658981
24.286 -0.08632180442
24.288 -0.08616835682
24.29 -0.08622327941
24.292 -0.08606875393
24.294 -0.08612250309
24.296 -0.08596679686
24.298 -0.08601945376
24.3 -0.08586273782
24.302 -0.08591415551
24.304 -0.08575615557
24.306 -0.0858064392
24.308 -0.08564740691
24.31 -0.08569672783
24.312 -0.08553670389
24.314 -0.0855850181
24.316 -0.085423923
24.318 -0.08547117122
24.32 -0.08530900528
24.322 -0.0853551577
24.324 -0.08519186143
24.326 -0.08523688442
24.328 -0.08507250425
24.33 -0.08511644833
24.332 -0.08495100806
24.334 -0.08499391122
24.336 -0.0848274696
24.338 -0.08486939118
24.34 -0.08470199775
24.342 -0.08474299253
24.344 -0.08457470132
24.346 -0.08461483292
24.348 -0.08444571103
24.35 -0.08448504655
24.352 -0.08431503108
24.354 -0.08435327745
24.356 -0.08418226182
24.358 -0.08421981071
24.36 -0.08404815467
24.362 -0.08408507035
24.364 -0.08391287336
24.366 -0.08394929289
24.368 -0.08377659504
24.37 -0.08381249402
24.372 -0.08363927121
24.374 -0.0836746216
24.376 -0.08350087966
24.378 -0.08353565028
24.38 -0.08336148148
24.382 -0.08339587074
24.384 -0.08322124324
24.386 -0.08325532505
24.388 -0.08308047023
24.39 -0.08311416882
24.392 -0.08293900784
24.394 -0.08297253782
24.396 -0.08279724028
24.398 -0.0828307431
24.4 -0.08265540102
24.402 -0.08268873094
24.404 -0.08251338871
24.406 -0.08254667251
24.408 -0.08237121534
24.41 -0.08240463946
24.412 -0.08222942161
24.414 -0.08226310393
24.416 -0.08208811528
24.418 -0.08212194073
24.42 -0.08194720224
24.422 -0.08198129261
24.424 -0.08180670789
24.426 -0.08184110259
24.428 -0.08166692101
24.43 -0.08170174938
24.432 -0.08152800439
24.434 -0.08156318131
24.436 -0.08138989719
24.438 -0.0814255738
24.44 -0.08125266226
24.442 -0.08128880439
24.444 -0.08111645263
24.446 -0.0811530667
24.448 -0.08098129085
24.45 -0.08101862655
24.452 -0.08084735627
24.454 -0.08088507725
24.456 -0.08071430252
24.458 -0.08075266332
24.46 -0.08058248055
24.462 -0.08062151336
24.464 -0.08045198747
24.466 -0.08049164876
24.468 -0.08032294424
24.47 -0.08036334103
24.472 -0.08019523978
24.474 -0.08023631147
24.476 -0.08006896435
24.478 -0.08011072985
24.48 -0.07994395792
24.482 -0.07998636542
24.484 -0.07982048787
24.486 -0.07986370137
24.488 -0.07969841364
24.49 -0.07974219154
24.492 -0.0795777043
24.494 -0.0796224152
24.496 -0.07945862273
24.498 -0.07950378319
24.5 -0.07934052389
24.502 -0.07938659173
24.504 -0.07922432833
24.506 -0.07927114997
24.508 -0.07910949329
24.51 -0.07915706523
24.512 -0.07899625038
24.514 -0.07904463828
24.516 -0.07888449254
24.518 -0.07893348864
24.52 -0.07877409013
24.522 -0.07882391256
24.524 -0.07866531808
24.526 -0.07871591099
24.528 -0.07855797519
24.53 -0.07860928189
24.532 -0.07845204739
24.534 -0.07850397175
24.536 -0.07834742934
24.538 -0.07839996584
24.54 -0.07824408821
24.542 -0.07829713914
24.544 -0.07814178743
24.546 -0.0781955806
24.548 -0.07804099081
24.55 -0.07809550226
24.552 -0.07794151909
24.554 -0.07799652825
24.556 -0.07784307693
24.558 -0.07789875042
24.56 -0.07774585254
24.562 -0.07780210092
24.564 -0.07764976985
24.566 -0.07770653499
24.568 -0.07755479724
24.57 -0.07761217523
24.572 -0.07746101896
24.574 -0.07751889101
24.576 -0.07736812063
24.578 -0.07742641568
24.58 -0.0772761954
24.582 -0.07733490423
24.584 -0.07718506222
24.586 -0.07724416073
24.588 -0.0770947438
24.59 -0.07715437172
24.592 -0.07700556828
24.594 -0.07706565195
24.596 -0.07691710328
24.598 -0.07697742113
24.6 -0.0768291933
24.602 -0.07689005997
24.604 -0.07674223326
24.606 -0.07680326575
24.608 -0.07665557283
24.61 -0.07671684794
24.612 -0.07656960999
24.614 -0.07663122003
24.616 -0.07648411327
24.618 -0.0765458217
24.62 -0.07639891142
24.622 -0.07646078385
24.624 -0.07631420197
24.626 -0.07637640795
24.628 -0.07622994448
24.63 -0.07629223815
24.632 -0.07614592438
24.634 -0.07620861063
24.636 -0.07606255665
24.638 -0.07612534929
24.64 -0.07597947585
24.642 -0.07604239444
24.644 -0.0758966733
24.646 -0.07595973492
24.648 -0.0758137803
24.65 -0.07587654459
24.652 -0.0757309669
24.654 -0.07579437372
24.656 -0.07564910667
24.658 -0.07571276023
24.66 -0.07556776966
24.662 -0.07563156753
24.664 -0.07548672787
24.666 -0.0755501462
24.668 -0.07540454458
24.67 -0.07546813544
24.672 -0.0753231542
24.674 -0.07538712813
24.676 -0.07524240347
24.678 -0.07530649215
24.68 -0.07516133001
24.682 -0.07522484166
24.684 -0.07508003209
24.686 -0.07514415343
24.688 -0.0749995888
24.69 -0.07506397996
24.692 -0.07491918834
24.694 -0.07498320156
24.696 -0.07483879824
24.698 -0.07490338143
24.7 -0.07475936861
24.702 -0.07482362867
24.704 -0.07467900457
24.706 -0.07474358049
24.708 -0.07459964971
24.71 -0.07466475755
24.712 -0.07452071938
24.714 -0.07458534627
24.716 -0.07444161061
24.718 -0.07450691446
24.72 -0.0743638299
24.722 -0.07442917443
24.724 -0.07428557108
24.726 -0.074351263
24.728 -0.07420847514
24.73 -0.07427474823
24.732 -0.07413183307
24.734 -0.07419756784
24.736 -0.07405505165
24.738 -0.07412164986
24.74 -0.07397918079
24.742 -0.07404559435
24.744 -0.07390392898
24.746 -0.07397136121
24.748 -0.07383048854
24.75 -0.07389817507
24.752 -0.07375716446
24.754 -0.07382544623
24.756 -0.07368546814
24.758 -0.073754034
24.76 -0.07361383143
24.762 -0.07368297804
24.764 -0.07354368486
24.766 -0.07361306453
24.768 -0.07347381687
24.77 -0.07354393502
24.772 -0.07340566279
24.774 -0.07347596516
24.776 -0.07333757355
24.778 -0.0734086546
24.78 -0.07327142513
24.782 -0.07334281721
24.784 -0.07320556013
24.786 -0.0732778159
24.788 -0.07314161801
24.79 -0.07321402764
24.792 -0.07307792361
24.794 -0.07315124442
24.796 -0.07301621654
24.798 -0.0730898059
24.8 -0.07295480353
24.802 -0.07302927942
24.804 -0.07289470822
24.806 -0.07296893288
24.808 -0.07283533093
24.81 -0.07291091741
24.812 -0.07277758763
24.814 -0.07285320194
24.816 -0.07272071992
24.818 -0.07279697173
24.82 -0.07266467048
24.822 -0.07274182442
24.824 -0.0726106637
24.826 -0.07268825817
24.828 -0.07255716861
24.83 -0.07263561306
24.832 -0.07250504904
24.834 -0.07258337377
24.836 -0.07245386543
24.838 -0.07253298773
24.84 -0.07240356092
24.842 -0.07248372582
24.844 -0.0723555677
24.846 -0.0724361891
24.848 -0.07230826827
24.85 -0.07238982093
24.852 -0.07226246516
24.854 -0.0723440528
24.856 -0.07221778735
24.858 -0.0723001021
24.86 -0.07217384019
24.862 -0.07225715721
24.864 -0.07213170168
24.866 -0.07221528348
24.868 -0.07209092273
24.87 -0.07217578561
24.872 -0.07205178413
24.874 -0.07213681523
24.876 -0.07201388644
24.878 -0.07209965802
24.88 -0.07197690892
24.882 -0.07206351226
24.884 -0.07194136034
24.886 -0.07202809753
24.888 -0.07190687925
24.89 -0.07199431308
24.892 -0.07187312262
24.894 -0.07196158721
24.896 -0.07184171903
24.898 -0.0719305198
24.9 -0.07181071064
24.902 -0.07190044936
24.904 -0.07178120846
24.906 -0.07187079742
24.908 -0.07175226876
24.91 -0.07184252166
24.912 -0.07172409882
24.914 -0.07181521098
24.916 -0.07169800375
24.918 -0.07178943359
24.92 -0.07167219626
24.922 -0.07176434104
24.924 -0.07164747803
24.926 -0.07173950317
24.928 -0.07162340469
24.93 -0.07171647327
24.932 -0.07160045638
24.934 -0.0716934692
24.936 -0.07157823732
24.938 -0.07167218401
24.94 -0.0715570639
24.942 -0.07165085471
24.944 -0.07153642591
24.946 -0.07163031833
24.948 -0.07151552985
24.95 -0.07161035318
24.952 -0.07149669987
24.954 -0.07159156599
24.956 -0.07147767777
24.958 -0.07157322739
24.96 -0.07146027576
24.962 -0.07155573922
24.964 -0.07144249754
24.966 -0.07153850392
24.968 -0.07142593805
24.97 -0.0715219218
24.972 -0.07140913672
24.974 -0.07150556525
24.976 -0.07139341097
24.978 -0.07148971016
24.98 -0.07137713777
24.982 -0.07147385354
24.984 -0.07136197558
24.986 -0.07145833419
24.988 -0.07134583016
24.99 -0.07144258634
24.992 -0.07133073428
24.994 -0.07142713145
24.996 -0.07131467341
24.998 -0.07141144194
25 -0.0712994415
25.002 -0.07139581291
25.004 -0.07128310569
25.006 -0.07137944418
25.008 -0.07126719096
25.01 -0.07136316055
25.012 -0.07125009929
25.014 -0.07134627902
25.016 -0.07123361956
25.018 -0.07132919112
25.02 -0.07121567189
25.022 -0.07131133115
25.024 -0.07119817999
25.026 -0.07129315838
25.028 -0.07117904753
25.03 -0.07127404453
25.032 -0.07115971288
25.034 -0.07125390479
25.036 -0.0711395605
25.038 -0.07123402448
25.04 -0.07111896275
25.042 -0.07121247981
25.044 -0.07109734147
25.046 -0.07119035064
25.048 -0.07107427144
25.05 -0.07116716364
25.052 -0.07105128468
25.054 -0.07114348148
25.056 -0.07102661207
25.058 -0.07111863278
25.06 -0.07100122272
25.062 -0.07109233831
25.064 -0.07097480842
25.066 -0.07106530088
25.068 -0.0709465919
25.07 -0.07103700239
25.072 -0.07091803468
25.074 -0.07100759688
25.076 -0.07088856939
25.078 -0.0709777543
25.08 -0.070857789
25.082 -0.07094691934
25.084 -0.07082652436
25.086 -0.07091449007
25.088 -0.07079390305
25.09 -0.07088149915
25.092 -0.07075995774
25.094 -0.07084750303
25.096 -0.07072559038
25.098 -0.07081208286
25.1 -0.07069000666
25.102 -0.07077600999
25.104 -0.07065294027
25.106 -0.07073803824
25.108 -0.07061418684
25.11 -0.07069932468
25.112 -0.07057515015
25.114 -0.07065932928
25.116 -0.07053441412
25.118 -0.07061786595
25.12 -0.07049289511
25.122 -0.07057599112
25.124 -0.07045010355
25.126 -0.07053239657
25.128 -0.07040574045
25.13 -0.07048803199
25.132 -0.07036098334
25.134 -0.07044243718
25.136 -0.07031472848
25.138 -0.07039550312
25.14 -0.07026775238
25.142 -0.07034820491
25.144 -0.07021954276
25.146 -0.07029935439
25.148 -0.0701700238
25.15 -0.07024901248
25.152 -0.0701189723
25.154 -0.07019813285
25.156 -0.07006787921
25.158 -0.07014612746
25.16 -0.07001521962
25.162 -0.07009288585
25.164 -0.06996140772
25.166 -0.07003847797
25.168 -0.06990640772
25.17 -0.06998279446
25.172 -0.06985011749
25.174 -0.06992602361
25.176 -0.06979339178
25.178 -0.06986911503
25.18 -0.06973564328
25.182 -0.06981084371
25.184 -0.06967680187
25.186 -0.06975143569
25.188 -0.06961683848
25.19 -0.06969095464
25.192 -0.06955589591
25.194 -0.06962922594
25.196 -0.06949356553
25.198 -0.06956647152
25.2 -0.06943041362
25.202 -0.06950284662
25.204 -0.06936632878
25.206 -0.06943831876
25.208 -0.0693012032
25.21 -0.06937274037
25.212 -0.06923520673
25.214 -0.06930633482
25.216 -0.06916824015
25.218 -0.0692386674
25.22 -0.06910003908
25.222 -0.06917010496
25.224 -0.06903112847
25.226 -0.06910073104
25.228 -0.06896123389
25.23 -0.06903036961
25.232 -0.06889047609
25.234 -0.06895923926
25.236 -0.06881880445
25.238 -0.06888703761
25.24 -0.06874616927
25.242 -0.06881380138
25.244 -0.06867246507
25.246 -0.06873972119
25.248 -0.06859788233
25.25 -0.06866462339
25.252 -0.06852233904
25.254 -0.06858865683
25.256 -0.06844591957
25.258 -0.06851181397
25.26 -0.06836868619
25.262 -0.06843410235
25.264 -0.06829043464
25.266 -0.06835521265
25.268 -0.06821098065
25.27 -0.06827533899
25.272 -0.06813066583
25.274 -0.06819462212
25.276 -0.06804945716
25.278 -0.06811287118
25.28 -0.06796722791
25.282 -0.0680301784
25.284 -0.06788398499
25.286 -0.06794640619
25.288 -0.06779972805
25.29 -0.06786153575
25.292 -0.06771424203
25.294 -0.0677755456
25.296 -0.06762781349
25.298 -0.06768867456
25.3 -0.06754041515
25.302 -0.0676007148
25.304 -0.06745124391
25.306 -0.06751072423
25.308 -0.06736114525
25.31 -0.06742020465
25.312 -0.0672701033
25.314 -0.0673285675
25.316 -0.06717792108
25.318 -0.06723597979
25.32 -0.06708493638
25.322 -0.06714267591
25.324 -0.0669911899
25.326 -0.06704769046
25.328 -0.06689543374
25.33 -0.0669518406
25.332 -0.06679902241
25.334 -0.0668548809
25.336 -0.06670163871
25.338 -0.06675698649
25.34 -0.06660246971
25.342 -0.06665674691
25.344 -0.06650206774
25.346 -0.06655611592
25.348 -0.06640090401
25.35 -0.06645433396
25.352 -0.06629874648
25.354 -0.06635115563
25.356 -0.06619459277
25.358 -0.06624666839
25.36 -0.06608975127
25.362 -0.06614148909
25.364 -0.06598341555
25.366 -0.06603402465
25.368 -0.06587568523
25.37 -0.06592602769
25.372 -0.06576723813
25.374 -0.06581642467
25.376 -0.06565695382
25.378 -0.06570606252
25.38 -0.06554536129
25.382 -0.06559362172
25.384 -0.0654328514
25.386 -0.06548084346
25.388 -0.06531971337
25.39 -0.06536651239
25.392 -0.06520451764
25.394 -0.06525100445
25.396 -0.06508793059
25.398 -0.06513384176
25.4 -0.06497074438
25.402 -0.06501562253
25.404 -0.06485178547
25.406 -0.06489673689
25.408 -0.06473189162
25.41 -0.06477602307
25.412 -0.06461106975
25.414 -0.06465417424
25.416 -0.06448852472
25.418 -0.06453168522
25.42 -0.06436515051
25.422 -0.06440748152
25.424 -0.06424081102
25.426 -0.06428227331
25.428 -0.06411501336
25.43 -0.06415644189
25.432 -0.06398824335
25.434 -0.06402911098
25.436 -0.06386092524
25.438 -0.06390130698
25.44 -0.06373228139
25.442 -0.06377253856
25.444 -0.06360364654
25.446 -0.06364281595
25.448 -0.06347324752
25.45 -0.06351232082
25.452 -0.06334171016
25.454 -0.06337946959
25.456 -0.06320850176
25.458 -0.06324631407
25.46 -0.06307435008
25.462 -0.06311079167
25.464 -0.06293849087
25.466 -0.06297501233
25.468 -0.0628019192
25.47 -0.06283727818
25.472 -0.06266385675
25.474 -0.06269928556
25.476 -0.06252502412
25.478 -0.0625590974
25.48 -0.06238455945
25.482 -0.06241893633
25.484 -0.0622436739
25.486 -0.06227694018
25.488 -0.06210087802
25.49 -0.06213411936
25.492 -0.06195846368
25.494 -0.06199105431
25.496 -0.061814297
25.498 -0.06184623189
25.5 -0.06166961765
25.502 -0.06170202485
25.504 -0.06152487972
25.506 -0.0615561545
25.508 -0.06137824993
25.51 -0.06140976219
25.512 -0.06123247861
25.514 -0.06126356823
25.516 -0.06108541686
25.518 -0.06111592017
25.52 -0.06093724658
25.522 -0.06096803931
25.524 -0.06079003121
25.526 -0.06082040872
25.528 -0.06064160839
25.53 -0.06067154311
25.532 -0.06049229398
25.534 -0.06052180677
25.536 -0.06034289506
25.538 -0.06037301024
25.54 -0.06019373828
25.542 -0.0602232299
25.544 -0.06004358659
25.546 -0.06007269284
25.548 -0.05989271324
25.55 -0.05992155298
25.552 -0.05974132807
25.554 -0.0597705927
25.556 -0.0595911924
25.558 -0.05962031114
25.56 -0.05944034057
25.562 -0.05946911155
25.564 -0.05928879232
25.566 -0.05931714963
25.568 -0.05913652984
25.57 -0.05916473399
25.572 -0.05898392821
25.574 -0.05901198559
25.576 -0.05883107266
25.578 -0.05885900805
25.58 -0.05867795409
25.582 -0.05870580003
25.584 -0.05852544592
25.586 -0.05855436046
25.588 -0.05837399942
25.59 -0.05840249548
25.592 -0.05822187273
25.594 -0.05825006096
25.596 -0.05806929789
25.598 -0.05809746415
25.6 -0.0579166144
25.602 -0.05794469458
25.604 -0.057763773
25.606 -0.05779176058
25.608 -0.05761079143
25.61 -0.05763871952
25.612 -0.05745769339
25.614 -0.05748560219
25.616 -0.05730459956
25.618 -0.05733254988
25.62 -0.05715154539
25.622 -0.05717952529
25.624 -0.05699860326
25.626 -0.05702659141
25.628 -0.05684566868
25.63 -0.05687361581
25.632 -0.05669265341
25.634 -0.05672070106
25.636 -0.05653991115
25.638 -0.05656813186
25.64 -0.05638739182
25.642 -0.05641567448
25.644 -0.05623505915
25.646 -0.0562634526
25.648 -0.05608294672
25.65 -0.05611147476
25.652 -0.05593104106
25.654 -0.05595960872
25.656 -0.05577924985
25.658 -0.05580781196
25.66 -0.05562754444
25.662 -0.05565625802
25.664 -0.05547612977
25.666 -0.05550504225
25.668 -0.05532505262
25.67 -0.05535406169
25.672 -0.05517419841
25.674 -0.05520334164
25.676 -0.05502359786
25.678 -0.05505289098
25.68 -0.05487323519
25.682 -0.05490260582
25.684 -0.05472305544
25.686 -0.05475242487
25.688 -0.05457291151
25.69 -0.05460242289
25.692 -0.05442307967
25.694 -0.05445270718
25.696 -0.05427345728
25.698 -0.05430324975
25.7 -0.05412412416
25.702 -0.05415399003
25.704 -0.05397492947
25.706 -0.05400490987
25.708 -0.05382596936
25.71 -0.05385602774
25.712 -0.05367718297
25.714 -0.05370717298
25.716 -0.0535283247
25.718 -0.05355852303
25.72 -0.05337980764
25.722 -0.0534101193
25.724 -0.05323151454
25.726 -0.05326192519
25.728 -0.0530833997
25.73 -0.05311393431
25.732 -0.0529355323
25.734 -0.05296614654
25.736 -0.05278785701
25.738 -0.05281854856
25.74 -0.05264034557
25.742 -0.05267101208
25.744 -0.05249281785
25.746 -0.05252362719
25.748 -0.05234557819
25.75 -0.05237653293
25.752 -0.0521986217
25.754 -0.05222972741
25.756 -0.05205190597
25.758 -0.05208310102
25.76 -0.05190537881
25.762 -0.05193671404
25.764 -0.05175909509
25.766 -0.05179054045
25.768 -0.05161302143
25.77 -0.05164443666
25.772 -0.05146693348
25.774 -0.05149853672
25.776 -0.05132123764
25.778 -0.05135299534
25.78 -0.051175817
25.782 -0.05120769537
25.784 -0.05103063795
25.786 -0.05106263993
25.788 -0.05088570282
25.79 -0.05091782478
25.792 -0.05074101642
25.794 -0.05077326816
25.796 -0.0505965837
25.798 -0.05062885066
25.8 -0.05045220763
25.802 -0.05048466683
25.804 -0.05030819234
25.806 -0.05034082475
25.808 -0.05016448165
25.81 -0.05019726414
25.812 -0.05002105659
25.814 -0.05005396894
25.816 -0.04987789526
25.818 -0.0499109512
25.82 -0.04973500461
25.822 -0.04976820235
25.824 -0.04959240265
25.826 -0.04962513747
25.828 -0.04944897147
25.83 -0.04948174249
25.832 -0.04930576259
25.834 -0.04933883824
25.836 -0.04916312483
25.838 -0.04919651652
25.84 -0.04902108878
25.842 -0.04905476465
25.844 -0.04887961345
25.846 -0.04891360206
25.848 -0.04873877312
25.85 -0.04877294216
25.852 -0.04859833208
25.854 -0.0486328395
25.856 -0.04845854841
25.858 -0.0484933997
25.86 -0.0483194274
25.862 -0.04835458755
25.864 -0.0481808591
25.866 -0.04821630264
25.868 -0.04804285445
25.87 -0.04807853887
25.872 -0.04790534475
25.874 -0.04794125558
25.876 -0.04776827069
25.878 -0.04780428568
25.88 -0.04763146866
25.882 -0.04766777634
25.884 -0.04749519683
25.886 -0.04753171618
25.888 -0.04735934991
25.89 -0.04739605674
25.892 -0.04722384262
25.894 -0.04726073542
25.896 -0.04708867587
25.898 -0.04712570438
25.9 -0.04695380302
25.902 -0.04699081013
25.904 -0.04681893658
25.906 -0.04685615007
25.908 -0.04668442952
25.91 -0.04672177146
25.912 -0.04655015105
25.914 -0.04658757072
25.916 -0.04641601222
25.918 -0.04645347412
25.92 -0.04628195528
25.922 -0.04631947794
25.924 -0.04614798373
25.926 -0.04618552216
25.928 -0.04601407611
25.93 -0.04605148537
25.932 -0.04587990549
25.934 -0.0459173837
25.936 -0.04574590451
25.938 -0.04578342116
25.94 -0.04561190025
25.942 -0.0456494073
25.944 -0.04547791004
25.946 -0.04551541113
25.948 -0.04534385413
25.95 -0.04538137162
25.952 -0.04520983933
25.954 -0.04524731026
25.956 -0.0450757043
25.958 -0.04511304227
25.96 -0.04494137724
25.962 -0.04497872634
25.964 -0.04480704206
25.966 -0.0448444045
25.968 -0.04467274961
25.97 -0.0447101102
25.972 -0.04453839255
25.974 -0.04457568461
25.976 -0.04440395241
25.978 -0.04444125654
25.98 -0.04426948732
25.982 -0.04430672009
25.984 -0.04413488136
25.986 -0.04417193733
25.988 -0.04399996598
25.99 -0.04403706352
25.992 -0.04386511477
25.994 -0.04390216671
25.996 -0.04373017413
25.998 -0.04376719493
26 -0.04359512903
26.002 -0.04363206513
26.004 -0.04345995459
26.006 -0.04349684432
26.008 -0.04332467964
26.01 -0.0433615067
26.012 -0.04318923984
26.014 -0.04322582663
26.016 -0.04305338771
26.018 -0.04308995226
26.02 -0.04291751142
26.022 -0.04295410719
26.024 -0.0427816223
26.026 -0.04281811601
26.028 -0.04264550385
26.03 -0.04268190821
26.032 -0.04250920909
26.034 -0.04254551245
26.036 -0.04237271101
26.038 -0.04240891472
26.04 -0.04223604977
26.042 -0.04227218746
26.044 -0.0420992511
26.046 -0.04213515746
26.048 -0.04196201242
26.05 -0.04199787727
26.052 -0.04182467776
26.054 -0.04186050752
26.056 -0.04168729187
26.058 -0.04172310721
26.06 -0.04154984044
26.062 -0.04158560179
26.064 -0.04141228576
26.066 -0.04144800446
26.068 -0.04127466227
26.07 -0.04131034945
26.072 -0.04113694218
26.074 -0.04117256746
26.076 -0.04099909624
26.078 -0.04103451225
26.08 -0.04086089172
26.082 -0.0408963177
26.084 -0.04072270048
26.086 -0.04075811996
26.088 -0.04058444872
26.09 -0.04061981665
26.092 -0.04044608682
26.094 -0.04048140912
26.096 -0.04030762897
26.098 -0.04034291514
26.1 -0.04016910509
26.102 -0.04020436384
26.104 -0.04003052851
26.106 -0.04006576137
26.108 -0.03989188702
26.11 -0.03992706384
26.112 -0.03975311643
26.114 -0.03978807762
26.116 -0.03961397591
26.118 -0.03964892465
26.12 -0.03947483029
26.122 -0.03950978369
26.124 -0.03933565864
26.126 -0.03937057313
26.128 -0.03919638857
26.13 -0.03923125905
26.132 -0.03905703686
26.134 -0.03909186272
26.136 -0.03891757564
26.138 -0.03895232731
26.14 -0.03877797081
26.142 -0.03881266498
26.144 -0.03863824767
26.146 -0.03867287584
26.148 -0.03849837576
26.15 -0.03853292161
26.152 -0.03835834433
26.154 -0.03839267171
26.156 -0.0382179227
26.158 -0.03825222171
26.16 -0.03807742804
26.162 -0.03811167186
26.164 -0.03793679661
26.166 -0.03797095155
26.168 -0.03779595553
26.17 -0.03782999691
26.172 -0.03765489327
26.174 -0.03768883547
26.176 -0.03751361945
26.178 -0.03754743096
26.18 -0.03737208825
26.182 -0.03740579579
26.184 -0.03723034648
26.186 -0.0372639261
26.188 -0.0370883318
26.19 -0.03712178545
26.192 -0.03694606763
26.194 -0.03697937885
26.196 -0.03680350846
26.198 -0.03683667089
26.2 -0.03666066574
26.202 -0.0366935443
26.204 -0.03651730591
26.206 -0.03655009905
26.208 -0.0363737114
26.21 -0.03640631017
26.212 -0.03622971109
26.214 -0.03626211258
26.216 -0.03608529542
26.218 -0.03611748444
26.22 -0.03594049362
26.222 -0.03597252958
26.224 -0.03579536939
26.226 -0.03582723093
26.228 -0.03564989373
26.23 -0.0356815782
26.232 -0.0355040641
26.234 -0.03553557468
26.236 -0.03535787794
26.238 -0.03538921363
26.24 -0.03521135099
26.242 -0.03524250783
26.244 -0.03506447102
26.246 -0.03509545891
26.248 -0.0349172476
26.25 -0.0349480734
26.252 -0.03476972074
26.254 -0.03480041259
26.256 -0.03462194071
26.258 -0.03465250015
26.26 -0.03447388546
26.262 -0.03450430531
26.264 -0.03432555553
26.266 -0.03435584019
26.268 -0.03417695485
26.27 -0.03420710101
26.272 -0.0340280695
26.274 -0.03405807686
26.276 -0.03387891725
26.278 -0.03390878233
26.28 -0.03372948142
26.282 -0.03375920719
26.284 -0.03357977009
26.286 -0.03360936477
26.288 -0.03342978323
26.29 -0.03345923951
26.292 -0.03327956835
26.294 -0.03330897722
26.296 -0.03312925293
26.298 -0.03315858124
26.3 -0.03297876784
26.302 -0.03300801225
26.304 -0.03282811133
26.306 -0.03285727587
26.308 -0.03267727616
26.31 -0.03270634895
26.312 -0.03252625868
26.314 -0.0325552415
26.316 -0.03237505751
26.318 -0.03240393629
26.32 -0.03222365652
26.322 -0.03225244642
26.324 -0.03207208284
26.326 -0.03210079744
26.328 -0.03192034501
26.33 -0.03194897769
26.332 -0.03176845761
26.334 -0.03179702955
26.336 -0.03161643703
26.338 -0.03164493105
26.34 -0.03146427046
26.342 -0.03149270552
26.344 -0.03131199593
26.346 -0.03134037477
26.348 -0.03115960204
26.35 -0.0311879268
26.352 -0.03100710926
26.354 -0.0310354012
26.356 -0.03085455288
26.358 -0.03088279668
26.36 -0.03070190664
26.362 -0.03073011617
26.364 -0.03054920463
26.366 -0.0305773932
26.368 -0.03039640067
26.37 -0.03042447495
26.372 -0.03024338816
26.374 -0.03027140121
26.376 -0.0300902625
26.378 -0.03011820822
26.38 -0.02993701048
26.382 -0.02996490481
26.384 -0.02978366078
26.386 -0.0298115184
26.388 -0.02963023438
26.39 -0.02965804898
26.392 -0.02947672376
26.394 -0.0295045106
26.396 -0.02932316877
26.398 -0.02935095071
26.4 -0.02916960359
26.402 -0.0291973623
26.404 -0.02901599684
26.406 -0.02904373898
26.408 -0.02886235691
26.41 -0.02889008902
26.412 -0.028708695
26.414 -0.02873641206
26.416 -0.02855500527
26.418 -0.02858272091
26.42 -0.02840130398
26.422 -0.02842900303
26.424 -0.02824759762
26.426 -0.02827531801
26.428 -0.02809391273
26.43 -0.02812162764
26.432 -0.02794022253
26.434 -0.02796793968
26.436 -0.02778653816
26.438 -0.02781426929
26.44 -0.02763289309
26.442 -0.02766063629
26.444 -0.02747926987
26.446 -0.02750703324
26.448 -0.02732568238
26.45 -0.02735345795
26.452 -0.02717212138
26.454 -0.02719991259
26.456 -0.02701859371
26.458 -0.02704642317
26.46 -0.02686513503
26.462 -0.0268929744
26.464 -0.02671170953
26.466 -0.02673958041
26.468 -0.02655833896
26.47 -0.02658623209
26.472 -0.02640501981
26.474 -0.02643294381
26.476 -0.02625176774
26.478 -0.02627973411
26.48 -0.02609860694
26.482 -0.02612661078
26.484 -0.02594553028
26.486 -0.02597358222
26.488 -0.02579254273
26.49 -0.02582063015
26.492 -0.02563964119
26.494 -0.02566777715
26.496 -0.0254868184
26.498 -0.02551499038
26.5 -0.02533408092
26.502 -0.02536229301
26.504 -0.02518141712
26.506 -0.02520966514
26.508 -0.02502883138
26.51 -0.02505711656
26.512 -0.02487630896
26.514 -0.02490462203
26.516 -0.02472384679
26.518 -0.02475219951
26.52 -0.02457144077
26.522 -0.0245998062
26.524 -0.02441907061
26.526 -0.02444745516
26.528 -0.02426672796
26.53 -0.0242951213
26.532 -0.02411441446
26.534 -0.02414282786
26.536 -0.02396212075
26.538 -0.02399053472
26.54 -0.02380984037
26.542 -0.02383826897
26.544 -0.02365757345
26.546 -0.02368598882
26.548 -0.02350529536
26.55 -0.02353371519
26.552 -0.02335302013
26.554 -0.02338142232
26.556 -0.02320071069
26.558 -0.0232291033
26.56 -0.02304837413
26.562 -0.02307674047
26.564 -0.02289598393
26.566 -0.02292433137
26.568 -0.02274355253
26.57 -0.02277186419
26.572 -0.02259104178
26.574 -0.02261931062
26.576 -0.02243845751
26.578 -0.02246669596
26.58 -0.02228578925
26.582 -0.02231397466
26.584 -0.02213302576
26.586 -0.02216116807
26.588 -0.02198016872
26.59 -0.02200823862
26.592 -0.02182717073
26.594 -0.02185518259
26.596 -0.02167405694
26.598 -0.02170199264
26.6 -0.02152077899
26.602 -0.02154864183
26.604 -0.02136735723
26.606 -0.02139514253
26.608 -0.02121376351
26.61 -0.02124145281
26.612 -0.02105998519
26.614 -0.02108757777
26.616 -0.02090601795
26.618 -0.02093350936
26.62 -0.02075184526
26.622 -0.02077923695
26.624 -0.02059746602
26.626 -0.02062474104
26.628 -0.02044285193
26.63 -0.02047001767
26.632 -0.02028801637
26.634 -0.02031504706
26.636 -0.02013291276
26.638 -0.02015982246
26.64 -0.01997756694
26.642 -0.02000434756
26.644 -0.01982194104
26.646 -0.01984857252
26.648 -0.01966602708
26.65 -0.01969251981
26.652 -0.01950981856
26.654 -0.01953614783
26.656 -0.01935329802
26.658 -0.01937947717
26.66 -0.01919648133
26.662 -0.01922250325
26.664 -0.01903934644
26.666 -0.01906521545
26.668 -0.0188819
26.67 -0.01890760188
26.672 -0.01872411872
26.674 -0.01874966395
26.676 -0.01856602179
26.678 -0.01859138609
26.68 -0.01840756533
26.682 -0.01843276518
26.684 -0.01824877994
26.686 -0.01827380966
26.688 -0.01808963057
26.69 -0.01811446946
26.692 -0.0179301125
26.694 -0.01795478238
26.696 -0.01777023265
26.698 -0.01779470231
26.7 -0.01760996102
26.702 -0.01763423059
26.704 -0.0174492924
26.706 -0.01747335455
26.708 -0.01728820564
26.71 -0.01731204517
26.712 -0.01712665966
26.714 -0.01715025522
26.716 -0.01696460988
26.718 -0.01698795456
26.72 -0.01680206764
26.722 -0.01682513872
26.724 -0.01663897881
26.726 -0.01666180338
26.728 -0.01647538932
26.73 -0.01649795409
26.732 -0.01631127122
26.734 -0.01633356842
26.736 -0.01614663076
26.738 -0.01616868833
26.74 -0.01598149264
26.742 -0.01600328623
26.744 -0.01581584321
26.746 -0.01583738853
26.748 -0.015649695
26.75 -0.01567099841
26.752 -0.01548307025
26.754 -0.01550413299
26.756 -0.01531597266
26.758 -0.01533680469
26.76 -0.01514841696
26.762 -0.01516903697
26.764 -0.01498043066
26.766 -0.01500082613
26.768 -0.01481201671
26.77 -0.0148322091
26.772 -0.01464319659
26.774 -0.01466320884
26.776 -0.01447401493
26.778 -0.01449385272
26.78 -0.01430449869
26.782 -0.01432417163
26.784 -0.01413464902
26.786 -0.01415416028
26.788 -0.01396447737
26.79 -0.01398383201
26.792 -0.0137940115
26.794 -0.01381322436
26.796 -0.01362324179
26.798 -0.01364230898
26.8 -0.01345216524
26.802 -0.01347107739
26.804 -0.01328079443
26.806 -0.01329955284
26.808 -0.01310912221
26.81 -0.01312774011
26.812 -0.01293715746
26.814 -0.01295563496
26.816 -0.01276492498
26.818 -0.0127832557
26.82 -0.01259239743
26.822 -0.01261060608
26.824 -0.01241961302
26.826 -0.0124376728
26.828 -0.01224653971
26.83 -0.01226458072
26.832 -0.01207367725
26.834 -0.01209199893
26.836 -0.01190129413
26.838 -0.01191978695
26.84 -0.01172921325
26.842 -0.01174783863
26.844 -0.01155739416
26.846 -0.01157611994
26.848 -0.01138575182
26.85 -0.01140454152
26.852 -0.01121422666
26.854 -0.0112330596
26.856 -0.01104277995
26.858 -0.01106162723
26.86 -0.01087133124
26.862 -0.01089016217
26.864 -0.01069984231
26.866 -0.01071864403
26.868 -0.01052829293
26.87 -0.01054705117
26.872 -0.0103566561
26.874 -0.01037537472
26.876 -0.01018491552
26.878 -0.01020356622
26.88 -0.01001304406
26.882 -0.01003162586
26.884 -0.009841031159
26.886 -0.009859538244
26.888 -0.009668862302
26.89 -0.009687289117
26.892 -0.009496525949
26.894 -0.009514863754
26.896 -0.009324031184
26.898 -0.009342280423
26.9 -0.009151321197
26.902 -0.009169455265
26.904 -0.008978378645
26.906 -0.008996405048
26.908 -0.008805221835
26.91 -0.008823110899
26.912 -0.008631785172
26.914 -0.008649535231
26.916 -0.008458067157
26.918 -0.008475881043
26.92 -0.008284599921
26.922 -0.008302478103
26.924 -0.008111140687
26.926 -0.008128889656
26.928 -0.007937373698
26.93 -0.007954895095
26.932 -0.007763116527
26.934 -0.007780354324
26.936 -0.007588289008
26.938 -0.007605231544
26.94 -0.007412845838
26.942 -0.007429271922
26.944 -0.007236231444
26.946 -0.007252133151
26.948 -0.007058683212
26.95 -0.00707422864
26.952 -0.006880466841
26.954 -0.006895755015
26.956 -0.00670178621
26.958 -0.006716884789
26.96 -0.006522724822
26.962 -0.006537661423
26.964 -0.006343344717
26.966 -0.006358139727
26.968 -0.006163687249
26.97 -0.006178316938
26.972 -0.005983691109
26.974 -0.005998146024
26.976 -0.005803353612
26.978 -0.005817640462
26.98 -0.005622634798
26.982 -0.005636700098
26.984 -0.005441477897
26.986 -0.005455312882
26.988 -0.005259849166
26.99 -0.00527342322
26.992 -0.005077686162
26.994 -0.005091004733
26.996 -0.004894987278
26.998 -0.004908006203
27 -0.004711685538
27.002 -0.004724425437
27.004 -0.004527828608
27.006 -0.004540255846
27.008 -0.004343343667
27.01 -0.004355460185
27.012 -0.00415824949
27.014 -0.004170073251
27.016 -0.003972536703
27.018 -0.003984038443
27.02 -0.003786212099
27.022 -0.003797413174
27.024 -0.003599271264
27.026 -0.003610159816
27.028 -0.003411724527
27.03 -0.003422333399
27.032 -0.003223587586
27.034 -0.003233896465
27.036 -0.003034886388
27.038 -0.003044970861
27.04 -0.002845760114
27.042 -0.002855648964
27.044 -0.002656264558
27.046 -0.002666015799
27.048 -0.002466497725
27.05 -0.002476128669
27.052 -0.002276499219
27.054 -0.002286076195
27.056 -0.002086433499
27.058 -0.002095996269
27.06 -0.001896357147
27.062 -0.001905943022
27.064 -0.001706327272
27.066 -0.001715936564
27.068 -0.001516354484
27.07 -0.001526027243
27.072 -0.001326502528
27.074 -0.001336212608
27.076 -0.001136728586
27.078 -0.001146500834
27.08 -0.0009470796023
27.082 -0.000956895385
27.084 -0.000757510122
27.086 -0.0007673707719
27.088 -0.0005680265296
27.09 -0.0005779105569
27.092 -0.0003785747716
27.094 -0.0003884733651
27.096 -0.0001891346314
27.098 -0.0001990148365
27.1 3.336321733e-07
27.102 -9.519150711e-06
27.104 0.0001898852575
27.106 0.0001801123373
27.108 0.0003795873467
27.11 0.0003698947083
27.112 0.0005694867271
27.114 0.0005599094721
27.116 0.0007593894937
27.118 0.0007496123708
27.12 0.0009490637923
27.122 0.000939375114
27.124 0.00113897142
27.126 0.00112945589
27.128 0.001329290477
27.13 0.001320029324
27.132 0.001520121482
27.134 0.001511137219
27.136 0.001711529097
27.138 0.001702854054
27.14 0.001903591695
27.142 0.001895281969
27.144 0.002096398962
27.146 0.002088446499
27.148 0.002289915493
27.15 0.002282345369
27.152 0.002484200929
27.154 0.002477000389
27.156 0.002679229383
27.158 0.00267239979
27.16 0.002874999285
27.162 0.002868534614
27.164 0.003071510243
27.166 0.00306542647
27.168 0.003268750103
27.17 0.003263008403
27.172 0.003466692777
27.174 0.003461304565
27.176 0.003665314127
27.178 0.003660237728
27.18 0.003864566576
27.182 0.003859785896
27.184 0.004064410168
27.186 0.004059920686
27.188 0.004264819764
27.19 0.004260593712
27.192 0.00446575209
27.194 0.004461796249
27.196 0.004667204606
27.198 0.004663482982
27.2 0.004869132828
27.202 0.004865628281
27.204 0.005071477174
27.206 0.005068172634
27.208 0.005274221453
27.21 0.005271091309
27.212 0.005477305897
27.214 0.005474349736
27.216 0.005680736963
27.218 0.005677938252
27.22 0.005884466795
27.222 0.005881814589
27.224 0.006088308141
27.226 0.006085369854
27.228 0.006291608133
27.23 0.006288506456
27.232 0.006494609145
27.234 0.006491406794
27.236 0.006697442814
27.238 0.006694187105
27.24 0.006900190526
27.242 0.006896943343
27.244 0.007102958352
27.246 0.007099733458
27.248 0.007305803092
27.25 0.007302622614
27.252 0.007508754137
27.254 0.007505671511
27.256 0.007711913494
27.258 0.007708928269
27.26 0.007915290191
27.262 0.007912441137
27.264 0.008118926433
27.266 0.00811622592
27.268 0.008322880695
27.27 0.008320346428
27.272 0.008527179543
27.274 0.008524837619
27.276 0.008731855931
27.278 0.008729703941
27.28 0.008936939816
27.282 0.008935001854
27.284 0.009142475608
27.286 0.009140794789
27.288 0.009348517658
27.29 0.009347051447
27.292 0.009554984502
27.294 0.009553748982
27.296 0.009761920105
27.298 0.009760920128
27.3 0.00996932987
27.302 0.009968573195
27.304 0.01017721372
27.306 0.01017669587
27.308 0.01038557081
27.31 0.01038553042
27.312 0.01059537435
27.314 0.0105962847
27.316 0.01080685915
27.318 0.01080845058
27.32 0.01101962778
27.322 0.0110217298
27.324 0.01123331852
27.326 0.01123578948
27.328 0.01144769865
27.33 0.0114504561
27.332 0.01166260422
27.334 0.01166556178
27.336 0.01187786937
27.338 0.01188094084
27.34 0.01209333488
27.342 0.01209645692
27.344 0.01230887154
27.346 0.01231199428
27.348 0.01252439388
27.35 0.01252746426
27.352 0.01273979761
27.354 0.01274278897
27.356 0.01295500818
27.358 0.01295788567
27.36 0.01316998503
27.362 0.0131727241
27.364 0.01338467777
27.366 0.01338726263
27.368 0.01359904291
27.37 0.01360144347
27.372 0.01381304584
27.374 0.01381525604
27.376 0.01402666639
27.378 0.01402867082
27.38 0.01423987005
27.382 0.01424165734
27.384 0.01445262361
27.386 0.01445417527
27.388 0.01466489704
27.39 0.01466619825
27.392 0.01487667158
27.394 0.01487771762
27.396 0.0150879274
27.398 0.01508872382
27.4 0.0152986726
27.402 0.01529918128
27.404 0.01550885725
27.406 0.01550909478
27.408 0.01571848814
27.41 0.015718445
27.412 0.01592755777
27.414 0.01592722992
27.416 0.01613604687
27.418 0.01613541976
27.42 0.01634394412
27.422 0.0163430179
27.424 0.01655123937
27.426 0.01655002755
27.428 0.0167579547
27.43 0.01675643433
27.432 0.016964059
27.434 0.01696222746
27.436 0.01716953799
27.438 0.01716738576
27.44 0.01737432787
27.442 0.01737184321
27.444 0.01757846733
27.446 0.01757567357
27.448 0.01778202146
27.45 0.01777895189
27.452 0.017985021
27.454 0.01798167085
27.456 0.01818747894
27.458 0.01818386858
27.46 0.01838940835
27.462 0.01838552802
27.464 0.01859082282
27.466 0.01858668051
27.468 0.01879171065
27.47 0.01878731043
27.472 0.01899209274
27.474 0.01898744303
27.476 0.0191919572
27.478 0.01918705642
27.48 0.01939132917
27.482 0.01938618305
27.484 0.01959021857
27.486 0.01958484195
27.488 0.01978863582
27.49 0.01978301259
27.492 0.01998657734
27.494 0.01998073401
27.496 0.02018407393
27.498 0.02017801154
27.5 0.02038115703
27.502 0.02037489378
27.504 0.02057781886
27.506 0.0205713547
27.508 0.02077408759
27.51 0.0207674339
27.512 0.02096996765
27.514 0.02096311008
27.516 0.02116547218
27.518 0.02115844773
27.52 0.02136063836
27.522 0.02135343952
27.524 0.02155547367
27.526 0.0215481315
27.528 0.02174999855
27.53 0.02174249732
27.532 0.02194422283
27.534 0.02193659147
27.536 0.02213818821
27.538 0.02213042322
27.54 0.02233189771
27.542 0.02232400913
27.544 0.0225253694
27.546 0.02251738105
27.548 0.0227186504
27.55 0.02271057253
27.552 0.02291174962
27.554 0.02290358454
27.556 0.02310469214
27.558 0.02309646947
27.56 0.02329752385
27.562 0.02328925467
27.564 0.02349025775
27.566 0.02348193915
27.568 0.02368291114
27.57 0.02367456196
27.572 0.0238755174
27.574 0.02386715626
27.576 0.02406815192
27.578 0.02405980831
27.58 0.02426079913
27.582 0.02425246076
27.584 0.02445343576
27.586 0.02444508915
27.588 0.0246460428
27.59 0.02463766361
27.592 0.02483859735
27.594 0.02483020623
27.596 0.0250311226
27.598 0.025022716
27.6 0.02522362649
27.602 0.02521524455
27.604 0.02541617743
27.606 0.02540781271
27.608 0.02560876426
27.61 0.02560042828
27.612 0.02580146346
27.614 0.02579320244
27.616 0.02599430162
27.618 0.02598611394
27.62 0.02618727914
27.622 0.02617915456
27.624 0.02638036325
27.626 0.02637229745
27.628 0.0265735869
27.63 0.02656560141
27.632 0.02676696307
27.634 0.02675903385
27.636 0.02696046266
27.638 0.02695262304
27.64 0.0271541362
27.642 0.02714637354
27.644 0.02734795612
27.646 0.02734026384
27.648 0.02754192512
27.65 0.02753431507
27.652 0.02773605546
27.654 0.02772851512
27.656 0.02793032348
27.658 0.02792285891
27.66 0.02812475488
27.662 0.02811736399
27.664 0.02831931035
27.666 0.02831197542
27.668 0.02851399023
27.67 0.02850673372
27.672 0.02870880957
27.674 0.02870158851
27.676 0.02890371341
27.678 0.02889654187
27.68 0.02909871188
27.682 0.02909157555
27.684 0.02929376099
27.686 0.02928665145
27.688 0.02948886263
27.69 0.02948177405
27.692 0.0296840051
27.694 0.02967691386
27.696 0.02987913438
27.698 0.02987203881
27.7 0.03007425264
27.702 0.03006714097
27.704 0.03026932297
27.706 0.03026217498
27.708 0.03046432636
27.71 0.03045714298
27.712 0.03065925403
27.714 0.03065202714
27.716 0.03085408992
27.718 0.03084679833
27.72 0.0310488004
27.722 0.03104144107
27.724 0.03124336019
27.726 0.03123592734
27.728 0.03143776133
27.73 0.03143022483
27.732 0.03163195452
27.734 0.03162430187
27.736 0.03182591936
27.738 0.03181816035
27.74 0.03201964883
27.742 0.03201175206
27.744 0.03221311261
27.746 0.03220510052
27.748 0.03240637451
27.75 0.03239830846
27.752 0.03259955128
27.754 0.03259146015
27.756 0.03279270029
27.758 0.0327846145
27.76 0.03299849343
27.762 0.03301520578
27.764 0.0332499338
27.766 0.03327819877
27.768 0.03351647966
27.77 0.03354396502
27.772 0.03377825526
27.774 0.0337994857
27.776 0.03402508991
27.778 0.03403521545
27.78 0.03424783564
27.782 0.0342437272
27.784 0.03444154091
27.786 0.03442279644
27.788 0.03460658024
27.79 0.03457477946
27.792 0.03474669577
27.794 0.03470435866
27.796 0.03486714687
27.798 0.03481714123
27.8 0.03497371802
27.802 0.03491891928
27.804 0.03507206619
27.806 0.03501513468
27.808 0.03516733776
27.81 0.03511054132
27.812 0.03526389196
27.814 0.0352091267
27.816 0.03536526648
27.818 0.03531393186
27.82 0.03547400813
27.822 0.035427023
27.824 0.03559175185
27.826 0.03554961027
27.828 0.03571929798
27.83 0.03568215815
27.832 0.03585682509
27.834 0.03582458734
27.836 0.03600404028
27.838 0.03597643902
27.84 0.03616036392
27.842 0.03613706511
27.844 0.03632490366
27.846 0.03630525365
27.848 0.03649666492
27.85 0.03648049226
27.852 0.03667533398
27.854 0.03666249777
27.856 0.03686059728
27.858 0.03685094207
27.86 0.03705217426
27.862 0.03704560047
27.864 0.03724990948
27.866 0.03724640778
27.868 0.03745378494
27.87 0.03745386826
27.872 0.03766513697
27.874 0.03766896647
27.876 0.037883984
27.878 0.03789158236
27.88 0.03811086531
27.882 0.03812246882
27.884 0.0383453198
27.886 0.03836115561
27.888 0.03858842933
27.89 0.03860795323
27.892 0.03883862772
27.894 0.03886216462
27.896 0.03909654047
27.898 0.03912326023
27.9 0.03936139615
27.902 0.03939200655
27.904 0.03963320641
27.906 0.03966648479
27.908 0.03991087783
27.91 0.03994741816
27.912 0.04019465538
27.914 0.04023334033
27.916 0.04048231372
27.918 0.04052320438
27.92 0.0407743895
27.922 0.04081707511
27.924 0.04106984657
27.926 0.04111342571
27.928 0.0413666613
27.93 0.04141121174
27.932 0.04166547906
27.934 0.0417106577
27.936 0.04196535979
27.938 0.04201081904
27.94 0.04226563078
27.942 0.04231103276
27.944 0.04256566148
27.946 0.0426107682
27.948 0.04286498545
27.95 0.04290958815
27.952 0.04316324755
27.954 0.04320723165
27.956 0.04346019932
27.958 0.04350345911
27.96 0.0437556905
27.962 0.04379817512
27.964 0.04404961245
27.966 0.0440913178
27.968 0.04434198236
27.97 0.04438289667
27.972 0.04463277577
27.974 0.04467293054
27.976 0.0449220691
27.978 0.04496148596
27.98 0.04520990383
27.982 0.04524863721
27.984 0.04549639087
27.986 0.04553445148
27.988 0.04578154222
27.99 0.04581897336
27.992 0.04606544743
27.994 0.04610224036
27.996 0.04634808044
27.998 0.04638425306
28 0.04662945154
28.002 0.04666496356
28.004 0.0469095068
28.006 0.04694434746
28.008 0.04718817349
28.01 0.04722226442
28.012 0.04746532349
28.014 0.04749861698
28.016 0.04774082855
28.018 0.04777322962
28.02 0.04801451723
28.022 0.04804595946
28.024 0.04828622972
28.026 0.04831659101
28.028 0.04855573559
28.03 0.04858492998
28.032 0.0488228456
28.034 0.04885074298
28.036 0.04908731692
28.038 0.04911383262
28.04 0.04934896518
28.042 0.04937397229
28.044 0.04960755222
28.046 0.04963095772
28.048 0.04986288671
28.05 0.04988458977
28.052 0.05011477194
28.054 0.05013468147
28.056 0.05036302806
28.058 0.05038105938
28.06 0.0506074902
28.062 0.05062356822
28.064 0.05084800382
28.066 0.05086206322
28.068 0.05108446345
28.07 0.05109645195
28.072 0.05131675373
28.074 0.05132661355
28.076 0.05154477926
28.078 0.05155249544
28.08 0.05176849768
28.082 0.05177402306
28.084 0.05198782716
28.086 0.05199116756
28.088 0.05220278604
28.09 0.0522039169
28.092 0.05241332177
28.094 0.05241228415
28.096 0.052619574
28.098 0.05261641331
28.1 0.05282156642
28.102 0.05281628342
28.104 0.05301933152
28.106 0.05301195281
28.108 0.05321291968
28.11 0.05320347846
28.112 0.05340239893
28.114 0.05339093039
28.116 0.05358783713
28.118 0.05357438285
28.12 0.05376932984
28.122 0.05375393767
28.124 0.0539469775
28.126 0.05392971115
28.128 0.05412091574
28.13 0.05410185659
28.132 0.05429130663
28.134 0.05427050854
28.136 0.05445824563
28.138 0.05443578392
28.14 0.0546219171
28.142 0.05459789411
28.144 0.05478250779
28.146 0.05475699777
28.148 0.05494017223
28.15 0.05491328284
28.152 0.05509512426
28.154 0.0550669492
28.156 0.05524756576
28.158 0.05521822168
28.16 0.05539772786
28.162 0.05536732084
28.164 0.05554581014
28.166 0.05551445235
28.168 0.05569206433
28.17 0.05565989031
28.172 0.05583674879
28.174 0.05580387228
28.176 0.05598009179
28.178 0.05594665235
28.18 0.0561223708
28.182 0.05608848193
28.184 0.05626382699
28.186 0.05622965592
28.188 0.05640477825
28.19 0.05637061114
28.192 0.05654572961
28.194 0.0565113132
28.196 0.05668617593
28.198 0.05665156419
28.2 0.05682624258
28.202 0.05679147674
28.204 0.05696607484
28.206 0.05693129735
28.208 0.05710597409
28.21 0.05707137108
28.212 0.05724633302
28.214 0.05721211402
28.216 0.05738757716
28.218 0.05735395431
28.22 0.05753011068
28.222 0.05749729798
28.224 0.05767437526
28.226 0.05764258025
28.228 0.05782076642
28.23 0.05779017414
28.232 0.05796966938
28.234 0.05794047457
28.236 0.05812144241
28.238 0.05809378766
28.24 0.05827637742
28.242 0.05825042599
28.244 0.05843478854
28.246 0.05841067125
28.248 0.05859691599
28.25 0.05857474152
28.252 0.05876298642
28.254 0.05874284529
28.256 0.05893315574
28.258 0.05891512316
28.26 0.05910757237
28.262 0.05909170123
28.264 0.05928635566
28.266 0.05927272286
28.268 0.05946964509
28.27 0.05945829863
28.272 0.05965751427
28.274 0.05964846648
28.276 0.05984999513
28.278 0.0598432724
28.28 0.06004713683
28.282 0.06004276813
28.284 0.06024899109
28.286 0.06024698041
28.288 0.06045557263
28.29 0.06045592779
28.292 0.06066686656
28.294 0.06066955184
28.296 0.06088282974
28.298 0.0608878597
28.3 0.06110345437
28.302 0.06111076599
28.304 0.06132861452
28.306 0.06133814959
28.308 0.06155818641
28.31 0.06156987364
28.312 0.06179202522
28.314 0.06180576484
28.316 0.0620299088
28.318 0.06204559651
28.32 0.06227164802
28.322 0.06228919026
28.324 0.06251703358
28.326 0.06253628914
28.328 0.06276577581
28.33 0.0627866171
28.332 0.06301760619
28.334 0.06303986899
28.336 0.06327221894
28.338 0.06329576322
28.34 0.06352930892
28.342 0.06355396288
28.344 0.06378853774
28.346 0.0638141355
28.348 0.06404956416
28.35 0.06407593748
28.352 0.06431206346
28.354 0.06433905223
28.356 0.06457569998
28.358 0.06460312744
28.36 0.06484012499
28.362 0.06486781452
28.364 0.06510499696
28.366 0.0651327848
28.368 0.06536997369
28.37 0.06539769107
28.372 0.06563472234
28.374 0.06566213409
28.376 0.06589870617
28.378 0.06592556725
28.38 0.06616152489
28.382 0.06618770173
28.384 0.06642290018
28.386 0.06644825425
28.388 0.06668255831
28.39 0.06670693332
28.392 0.0669402064
28.394 0.06696348857
28.396 0.06719559758
28.398 0.0672176675
28.4 0.06744851783
28.402 0.06746926657
28.404 0.06769874383
28.406 0.06771807155
28.408 0.06794607079
28.41 0.06796388326
28.412 0.06819025867
28.414 0.06820643301
28.416 0.06843120648
28.418 0.06844574337
28.42 0.06866884338
28.422 0.06868165099
28.424 0.06890299038
28.426 0.06891402067
28.428 0.0691335684
28.43 0.06914278012
28.432 0.06936048677
28.434 0.06936783473
28.436 0.06958367289
28.438 0.0695891508
28.44 0.06980310826
28.442 0.06980669848
28.444 0.07001876115
28.446 0.0700204556
28.448 0.07023062274
28.45 0.0702304183
28.452 0.07043869889
28.454 0.07043662123
28.456 0.07064303271
28.458 0.07063909856
28.46 0.07084367175
28.462 0.07083791698
28.464 0.07104068644
28.466 0.07103314445
28.468 0.07123414827
28.47 0.07122486815
28.472 0.07142401444
28.474 0.07141296311
28.476 0.07161051511
28.478 0.0715978876
28.48 0.07179387884
28.482 0.07177968146
28.484 0.07197414356
28.486 0.07195844397
28.488 0.07215144388
28.49 0.07213432279
28.492 0.07232594336
28.494 0.07230747741
28.496 0.07249779388
28.498 0.07247807453
28.5 0.07266718338
28.502 0.07264630336
28.504 0.07283429705
28.506 0.0728123449
28.508 0.07299927433
28.51 0.07297631024
28.512 0.07316228735
28.514 0.07313838712
28.516 0.073323497
28.518 0.0732987796
28.52 0.07348309777
28.522 0.07345763639
28.524 0.07364126243
28.526 0.07361519297
28.528 0.07379825428
28.53 0.07377163354
28.532 0.07395418716
28.534 0.07392710644
28.536 0.07410924867
28.538 0.07408179579
28.54 0.07426364327
28.542 0.07423593998
28.544 0.0744175398
28.546 0.07438962351
28.548 0.07457104918
28.55 0.07454300068
28.552 0.07472433315
28.554 0.07469621839
28.556 0.07487752182
28.558 0.07484941922
28.56 0.07503075828
28.562 0.0750027205
28.564 0.07518414882
28.566 0.0751562286
28.568 0.07533780252
28.57 0.07531004294
28.572 0.07549180453
28.574 0.07546426213
28.576 0.07564625093
28.578 0.07561895258
28.58 0.0758012097
28.582 0.07577418866
28.584 0.07595673882
28.586 0.07593002673
28.588 0.0761128871
28.59 0.07608650065
28.592 0.07626970369
28.594 0.07624365405
28.596 0.07642720117
28.598 0.07640150854
28.6 0.07658541004
28.602 0.07656007592
28.604 0.076744347
28.606 0.07671938057
28.608 0.07690402183
28.61 0.07687942939
28.612 0.07706443276
28.614 0.07704020606
28.616 0.07722558041
28.618 0.07720170759
28.62 0.07738743225
28.622 0.0773639253
28.624 0.07755000835
28.626 0.07752683987
28.628 0.07771325073
28.63 0.07769039811
28.632 0.0778771199
28.634 0.07785457533
28.636 0.07804158691
28.638 0.07801933713
28.64 0.07820665098
28.642 0.078184669
28.644 0.07837222707
28.646 0.07835049496
28.648 0.07853829634
28.65 0.07851679594
28.652 0.07870483571
28.654 0.07868356654
28.656 0.07887180487
28.658 0.07885072418
28.66 0.07903916009
28.662 0.07901826428
28.664 0.07920685278
28.666 0.07918609975
28.668 0.07937484154
28.67 0.07935422633
28.672 0.07954308461
28.674 0.07952258863
28.676 0.07971141207
28.678 0.07969091671
28.68 0.07987989729
28.682 0.07985953971
28.684 0.08004860478
28.686 0.08002829644
28.688 0.08021742909
28.69 0.08019715212
28.692 0.08038630688
28.694 0.0803660579
28.696 0.08055522553
28.698 0.08053497293
28.7 0.08072412968
28.702 0.08070386907
28.704 0.0808930124
28.706 0.08087271745
28.708 0.08106182843
28.71 0.08104150379
28.712 0.08123056576
28.714 0.08121018461
28.716 0.08139905044
28.718 0.08137851542
28.72 0.081567378
28.722 0.08154680515
28.724 0.08173569746
28.726 0.08171519108
28.728 0.08190415095
28.73 0.081883726
28.732 0.08207275167
28.734 0.08205236582
28.736 0.08224141535
28.738 0.08222104615
28.74 0.08241009251
28.742 0.08238969144
28.744 0.08257853866
28.746 0.08255798573
28.748 0.08274682481
28.75 0.08272622569
28.752 0.0829149733
28.754 0.08289423524
28.756 0.0830828494
28.758 0.08306195662
28.76 0.08325038903
28.762 0.08322929252
28.764 0.08341750939
28.766 0.083396204
28.768 0.08358404062
28.77 0.08356238821
28.772 0.0837500406
28.774 0.08372817905
28.776 0.08391558731
28.778 0.08389344028
28.78 0.0840805489
28.782 0.08405806731
28.784 0.08424485216
28.786 0.08422203741
28.788 0.08440846195
28.79 0.08438528586
28.792 0.08457119697
28.794 0.08454755566
28.796 0.08473316727
28.798 0.08470920556
28.8 0.08489446246
28.802 0.08487012542
28.804 0.08505504345
28.806 0.08503036556
28.808 0.08521492285
28.81 0.08518985835
28.812 0.08537390248
28.814 0.08534842573
28.816 0.0855321041
28.818 0.08550614703
28.82 0.08568932205
28.822 0.08566280893
28.824 0.0858454446
28.826 0.08581837553
28.828 0.08600046897
28.83 0.08597288741
28.832 0.0861543326
28.834 0.08612616521
28.836 0.08630720661
28.838 0.08627863087
28.84 0.08645925561
28.842 0.0864302545
28.844 0.08661047486
28.846 0.08658107579
28.848 0.08676092508
28.85 0.08673116088
28.852 0.08691052168
28.854 0.08688035968
28.856 0.08705950099
28.858 0.08702911824
28.86 0.08720803347
28.862 0.08717741095
28.864 0.08735611927
28.866 0.08732530166
28.868 0.08750383699
28.87 0.08747287266
28.872 0.08765114883
28.874 0.08761999812
28.876 0.08779826015
28.878 0.08776710539
28.88 0.08794537189
28.882 0.08791420759
28.884 0.0880924999
28.886 0.08806139138
28.888 0.08823976698
28.89 0.08820875416
28.892 0.08838709567
28.894 0.08835613211
28.896 0.08853471765
28.898 0.08850401063
28.9 0.08868285822
28.902 0.08865240977
28.904 0.08883156172
28.906 0.08880144685
28.908 0.08898094471
28.91 0.08895118921
28.912 0.08913093587
28.914 0.08910152873
28.916 0.08928181542
28.918 0.08925295387
28.92 0.0894338028
28.922 0.089405498
28.924 0.08958694282
28.926 0.08955926629
28.928 0.08974135565
28.93 0.08971433181
28.932 0.08989696516
28.934 0.08987057349
28.936 0.09005402323
28.938 0.090028461
28.94 0.09021274933
28.942 0.09018801474
28.944 0.09037316838
28.946 0.09034933134
28.948 0.09053525935
28.95 0.090512266
28.952 0.09069921213
28.954 0.0906772469
28.956 0.0908652233
28.958 0.090844267
28.96 0.0910332805
28.962 0.09101337296
28.964 0.09120345109
28.966 0.09118462511
28.968 0.0913756591
28.97 0.09135785994
28.972 0.09155009406
28.974 0.0915335042
28.976 0.09172695013
28.978 0.09171153835
28.98 0.09190616904
28.982 0.09189194425
28.984 0.092087626
28.986 0.09207450781
28.988 0.09227146207
28.99 0.09225960547
28.992 0.09245780534
28.994 0.09244716439
28.996 0.09264657801
28.998 0.09263714324
29 0.09283761641
29.002 0.09282929192
29.004 0.09303102678
29.006 0.09302393913
29.008 0.09322690501
29.01 0.09322101128
29.012 0.09342516019
29.014 0.09342041844
29.016 0.09362556257
29.018 0.09362185994
29.02 0.09382818882
29.022 0.0938256419
29.024 0.09403308297
29.026 0.09403159589
29.028 0.09423994587
29.03 0.09423939867
29.032 0.09444882526
29.034 0.09444931463
29.036 0.0946597299
29.038 0.09466114951
29.04 0.09487248644
29.042 0.09487479015
29.044 0.09508683952
29.046 0.09508988274
29.048 0.0953027972
29.05 0.09530665964
29.052 0.095520352
29.054 0.09552493017
29.056 0.09573916852
29.058 0.09574430352
29.06 0.09595923087
29.062 0.09596500741
29.064 0.096180511
29.066 0.09618680556
29.068 0.09640265988
29.07 0.09640931931
29.072 0.09662565513
29.074 0.09663273615
29.076 0.09684944343
29.078 0.09685682927
29.08 0.09707366223
29.082 0.09708118442
29.084 0.09729828382
29.086 0.09730601928
29.088 0.09752327947
29.09 0.09753109568
29.092 0.09774826741
29.094 0.09775600754
29.096 0.09797322229
29.098 0.09798095452
29.1 0.09819810985
29.102 0.0982057069
29.104 0.09842255221
29.106 0.09842986439
29.108 0.09864654632
29.11 0.09865364194
29.112 0.09886990783
29.114 0.09887658223
29.116 0.09909255738
29.118 0.09909888385
29.12 0.09931446725
29.122 0.09932033132
29.124 0.09953527588
29.126 0.09954052232
29.128 0.09975498154
29.13 0.09975969603
29.132 0.0999735824
29.134 0.09997765998
29.136 0.1001907391
29.138 0.1001940409
29.14 0.1004064827
29.142 0.10040909
29.144 0.1006206601
29.146 0.1006224058
29.148 0.1008332545
29.15 0.1008342306
29.152 0.1010442731
29.154 0.1010443872
29.156 0.1012534148
29.158 0.1012525498
29.16 0.1014607465
29.162 0.1014590172
29.164 0.1016661772
29.166 0.101663418
29.168 0.1018696931
29.17 0.1018660219
29.172 0.1020713604
29.174 0.1020667016
29.176 0.1022709129
29.178 0.1022651645
29.18 0.1024684329
29.182 0.1024617279
29.184 0.1026638756
29.186 0.1026560657
29.188 0.1028572689
29.19 0.1028484958
29.192 0.1030487195
29.194 0.1030389216
29.196 0.1032379877
29.198 0.1032270883
29.2 0.1034252125
29.202 0.1034133615
29.204 0.103610376
29.206 0.1035974378
29.208 0.1037935414
29.21 0.1037796791
29.212 0.1039748383
29.214 0.1039599932
29.216 0.1041540503
29.218 0.1041381707
29.22 0.1043313619
29.222 0.1043146132
29.224 0.1045067874
29.226 0.1044890576
29.228 0.104680434
29.23 0.1046618969
29.232 0.1048524589
29.234 0.1048330884
29.236 0.1050227044
29.238 0.105002453
29.24 0.1051913596
29.242 0.1051704054
29.244 0.1053586112
29.246 0.1053369306
29.248 0.1055242964
29.25 0.105501853
29.252 0.105688632
29.254 0.1056656019
29.256 0.1058516611
29.258 0.1058279633
29.26 0.1060135364
29.262 0.1059893533
29.264 0.106174447
29.266 0.1061497664
29.268 0.1063342501
29.27 0.1063090298
29.272 0.1064931507
29.274 0.1064675731
29.276 0.1066513499
29.278 0.1066254197
29.28 0.106808725
29.282 0.106782396
29.284 0.1069654849
29.286 0.1069389447
29.288 0.1071216912
29.29 0.1070948603
29.292 0.1072774962
29.294 0.107250552
29.296 0.1074330898
29.298 0.1074060362
29.3 0.1075883441
29.302 0.1075611364
29.304 0.1077434729
29.306 0.1077162938
29.308 0.1078986688
29.31 0.1078715146
29.312 0.1080537919
29.314 0.1080266204
29.316 0.1082090658
29.318 0.1081820582
29.32 0.1083645234
29.322 0.1083375906
29.324 0.1085203148
29.326 0.1084936287
29.328 0.1086766058
29.33 0.1086501583
29.332 0.1088332447
29.334 0.108806977
29.336 0.1089904235
29.338 0.1089645054
29.34 0.1091482896
29.342 0.1091227059
29.344 0.1093067043
29.346 0.1092813872
29.348 0.1094658271
29.35 0.109440955
29.352 0.1096256852
29.354 0.1096011467
29.356 0.1097863829
29.358 0.1097623287
29.36 0.109948049
29.362 0.1099244518
29.364 0.1101104921
29.366 0.1100872764
29.368 0.110273876
29.37 0.1102512033
29.372 0.1104381925
29.374 0.1104159444
29.376 0.1106035266
29.378 0.1105818569
29.38 0.1107700246
29.382 0.1107489095
29.384 0.1109374863
29.386 0.1109168313
29.388 0.1111060196
29.39 0.1110859648
29.392 0.1112755911
29.394 0.1112560078
29.396 0.1114462658
29.398 0.1114272828
29.4 0.1116181243
29.402 0.1115996864
29.404 0.111790936
29.406 0.1117729546
29.408 0.1119648161
29.41 0.1119474112
29.412 0.1121396855
29.414 0.1121227192
29.416 0.1123155758
29.418 0.1122991641
29.42 0.1124925527
29.422 0.1124766197
29.424 0.1126703261
29.426 0.1126547444
29.428 0.1128489538
29.43 0.1128338374
29.432 0.1130283454
29.434 0.1130135456
29.436 0.1132085071
29.438 0.1131941314
29.44 0.1133893427
29.442 0.1133752216
29.444 0.1135708389
29.446 0.1135570831
29.448 0.1137530305
29.45 0.1137395602
29.452 0.1139356361
29.454 0.1139223249
29.456 0.1141187065
29.458 0.1141056681
29.46 0.114302133
29.462 0.1142891726
29.464 0.114485873
29.466 0.1144731145
29.468 0.1146698239
29.47 0.1146570892
29.472 0.1148539681
29.474 0.1148413454
29.476 0.1150381706
29.478 0.1150255059
29.48 0.1152224184
29.482 0.1152098043
29.484 0.1154065909
29.486 0.1153938404
29.488 0.1155906413
29.49 0.1155778646
29.492 0.1157745853
29.494 0.1157616817
29.496 0.115958122
29.498 0.11594495
29.5 0.1161412636
29.502 0.1161279347
29.504 0.1163238881
29.506 0.1163102083
29.508 0.1165059572
29.51 0.116492018
29.512 0.1166873371
29.514 0.116672977
29.516 0.1168680028
29.518 0.1168533091
29.52 0.1170478336
29.522 0.1170326348
29.524 0.1172267948
29.526 0.1172111999
29.528 0.1174047802
29.53 0.1173886081
29.532 0.1175817568
29.534 0.117565117
29.536 0.1177576253
29.538 0.117740345
29.54 0.1179323475
29.542 0.1179145409
29.544 0.1181058455
29.546 0.1180873453
29.548 0.1182781041
29.55 0.118259021
29.552 0.1184490223
29.554 0.1184291939
29.556 0.1186185963
29.558 0.1185981413
29.56 0.1187867487
29.562 0.1187654973
29.564 0.1189534643
29.566 0.1189315519
29.568 0.1191186902
29.57 0.119095953
29.572 0.119282412
29.574 0.1192589872
29.576 0.1194445951
29.578 0.1194203179
29.58 0.119605234
29.582 0.1195802444
29.584 0.1197642936
29.586 0.1197384523
29.588 0.1199217976
29.59 0.1198952374
29.592 0.1200777018
29.594 0.1200502897
29.596 0.1202320719
29.598 0.1202039473
29.6 0.1203848502
29.602 0.1203558758
29.604 0.1205360932
29.606 0.120506427
29.608 0.1206857985
29.61 0.120655307
29.612 0.1208340173
29.614 0.1208028425
29.616 0.1209807233
29.618 0.1209487621
29.62 0.1211260308
29.622 0.1210934289
29.624 0.1212698978
29.626 0.1212365403
29.628 0.1214124367
29.63 0.1213784962
29.632 0.1215536489
29.634 0.1215189993
29.636 0.1216936272
29.638 0.121658435
29.64 0.1218323721
29.642 0.1217965289
29.644 0.1219700016
29.646 0.1219336831
29.648 0.1221065266
29.65 0.1220696165
29.652 0.1222420439
29.654 0.1222047209
29.656 0.122376567
29.658 0.1223386874
29.66 0.1225101576
29.662 0.1224718915
29.664 0.1226428422
29.666 0.1226041041
29.668 0.1227747529
29.67 0.1227357051
29.672 0.122905898
29.674 0.1228664467
29.676 0.1230364285
29.678 0.1229967656
29.68 0.123166383
29.682 0.1231263935
29.684 0.1232958725
29.686 0.1232557466
29.688 0.1234249483
29.69 0.1233846016
29.692 0.1235537617
29.694 0.1235133624
29.696 0.1236823278
29.698 0.1236417827
29.7 0.1238107845
29.702 0.1237702709
29.704 0.1239391659
29.706 0.1238985927
29.708 0.1240676151
29.71 0.1240271674
29.712 0.1241961609
29.714 0.1241557302
29.716 0.1243249216
29.718 0.1242846853
29.72 0.1244539263
29.722 0.1244137776
29.724 0.1245832886
29.726 0.1245434086
29.728 0.1247130393
29.73 0.124673318
29.732 0.1248432876
29.734 0.1248039044
29.736 0.1249740705
29.738 0.124934918
29.74 0.1251054914
29.742 0.1250667334
29.744 0.1252375681
29.746 0.1251991131
29.748 0.1253704194
29.75 0.1253324152
29.752 0.1255040145
29.754 0.1254663216
29.756 0.1256382583
29.758 0.1256009596
29.76 0.1257734373
29.762 0.1257366367
29.764 0.1259094646
29.766 0.1258730438
29.768 0.1260464372
29.77 0.1260105608
29.772 0.1261843342
29.774 0.1261488618
29.776 0.1263232143
29.778 0.1262883146
29.78 0.1264630791
29.782 0.1264286243
29.784 0.1266038689
29.786 0.1265699311
29.788 0.1267458394
29.79 0.1267125193
29.792 0.1268888856
29.794 0.1268560474
29.796 0.127033058
29.798 0.1270008391
29.8 0.1271783129
29.802 0.1271465817
29.804 0.1273245624
29.806 0.1272933782
29.808 0.1274720398
29.81 0.127441486
29.812 0.1276206273
29.814 0.1275905765
29.816 0.1277703879
29.818 0.1277409835
29.82 0.1279212679
29.822 0.1278923531
29.824 0.1280731542
29.826 0.1280447828
29.828 0.1282262546
29.83 0.1281985102
29.832 0.1283804461
29.834 0.1283531742
29.836 0.1285356063
29.838 0.1285088579
29.84 0.1286919313
29.842 0.1286657707
29.844 0.1288492826
29.846 0.1288235633
29.848 0.1290075233
29.85 0.128982281
29.852 0.1291668558
29.854 0.1291421631
29.856 0.1293271118
29.858 0.1293028119
29.86 0.1294881626
29.862 0.1294642866
29.864 0.1296501973
29.866 0.1296268248
29.868 0.1298130612
29.87 0.1297900221
29.872 0.1299766152
29.874 0.1299539542
29.876 0.1301410427
29.878 0.1301188189
29.88 0.1303061865
29.882 0.1302842529
29.884 0.1304719089
29.886 0.1304502807
29.888 0.130638383
29.89 0.1306171458
29.892 0.1308054562
29.894 0.1307844331
29.896 0.1309729785
29.898 0.130952215
29.9 0.131141148
29.902 0.1311207023
29.904 0.1313097818
29.906 0.1312895027
29.908 0.1314787662
29.91 0.1314586869
29.912 0.1316482781
29.914 0.1316284702
29.916 0.1318181659
29.918 0.1317984689
29.92 0.1319882797
29.922 0.1319687186
29.924 0.1321588023
29.926 0.1321394619
29.928 0.1323296009
29.93 0.1323103148
29.932 0.1325005174
29.934 0.1324813269
29.936 0.1326717616
29.938 0.1326527439
29.94 0.1328431824
29.942 0.132824176
29.944 0.1330146386
29.946 0.1329956878
29.948 0.1331862044
29.95 0.1331673107
29.952 0.1333580045
29.954 0.1333392309
29.956 0.133529896
29.958 0.1335110999
29.96 0.1337017584
29.962 0.1336829846
29.964 0.1338737946
29.966 0.1338551132
29.968 0.1340458588
29.97 0.1340271314
29.972 0.1342178531
29.974 0.1341991376
29.976 0.1343900027
29.978 0.1343713794
29.98 0.1345621844
29.982 0.1345435185
29.984 0.1347342994
29.986 0.1347156497
29.988 0.134906581
29.99 0.1348880336
29.992 0.1350789075
29.994 0.1350603178
29.996 0.1352511776
29.998 0.1352326147
30 0.1354234946
30.002 0.1354049592
30.004 0.135596011
30.006 0.1355775843
30.008 0.1357685971
30.01 0.1357501549
30.012 0.1359411908
30.014 0.1359228059
30.016 0.1361140302
30.018 0.1360957909
30.02 0.1362870173
30.022 0.1362687835
30.024 0.1364600354
30.026 0.136441879
30.028 0.1366333549
30.03 0.1366153715
30.032 0.1368068657
30.034 0.1367889273
30.036 0.1369804853
30.038 0.1369626578
30.04 0.1371543151
30.042 0.1371365806
30.044 0.1373284786
30.046 0.1373109477
30.048 0.1375029002
30.05 0.1374854335
30.052 0.1376774783
30.054 0.1376601426
30.056 0.137852456
30.058 0.1378353451
30.06 0.1380277256
30.062 0.1380107083
30.064 0.1382032158
30.066 0.1381863566
30.068 0.1383790077
30.07 0.1383623018
30.072 0.1385552603
30.074 0.1385388162
30.076 0.1387318874
30.078 0.1387155601
30.08 0.1389087728
30.082 0.1388926358
30.084 0.1390861903
30.086 0.1390703466
30.088 0.1392640323
30.09 0.1392483313
30.092 0.1394421767
30.094 0.1394266862
30.096 0.1396207408
30.098 0.1396054681
30.1 0.1397998827
30.102 0.1397849114
30.104 0.1399794866
30.106 0.1399646965
30.108 0.140159471
30.11 0.1401448989
30.112 0.1403398764
30.114 0.14032552
30.116 0.1405208489
30.118 0.1405067884
30.12 0.1407022686
30.122 0.1406883854
30.124 0.1408840599
30.126 0.1408703904
30.128 0.1410662688
30.13 0.1410528037
30.132 0.1412490288
30.134 0.1412358636
30.136 0.1414322377
30.138 0.1414192392
30.14 0.1416157966
30.142 0.1416030176
30.144 0.1417997903
30.146 0.1417872279
30.148 0.1419843507
30.15 0.1419720686
30.152 0.1421693182
30.154 0.1421571885
30.156 0.1423546104
30.158 0.1423426715
30.16 0.1425402863
30.162 0.1425285509
30.164 0.1427263514
30.166 0.1427147952
30.168 0.142912919
30.17 0.1429016222
30.172 0.1430998299
30.174 0.1430886268
30.176 0.1432869577
30.178 0.1432759107
30.18 0.1434743651
30.182 0.1434634335
30.184 0.1436620221
30.186 0.1436512362
30.188 0.1438500981
30.19 0.143839557
30.192 0.1440384923
30.194 0.1440280139
30.196 0.1442270067
30.198 0.1442165745
30.2 0.144415597
30.202 0.1444052381
30.204 0.14460434
30.206 0.1445940318
30.208 0.1447933297
30.21 0.1447831639
30.212 0.1449824162
30.214 0.1449721965
30.216 0.1451714464
30.218 0.1451612594
30.22 0.1453605231
30.222 0.1453503606
30.224 0.1455496415
30.226 0.1455394745
30.228 0.1457387579
30.23 0.14572859
30.232 0.1459279943
30.234 0.1459178526
30.236 0.1461171198
30.238 0.1461068827
30.24 0.1463060768
30.242 0.1462957789
30.244 0.1464948699
30.246 0.1464844616
30.248 0.1466834633
30.25 0.1466729836
30.252 0.1468718819
30.254 0.146861274
30.256 0.1470602156
30.258 0.1470495992
30.26 0.1472483365
30.262 0.1472375105
30.264 0.1474360803
30.266 0.1474250956
30.268 0.1476234873
30.27 0.1476123638
30.272 0.1478106207
30.274 0.1477993282
30.276 0.1479974012
30.278 0.1479859496
30.28 0.1481839945
30.282 0.1481724296
30.284 0.1483702254
30.286 0.1483584097
30.288 0.1485559574
30.29 0.1485439569
30.292 0.1487413056
30.294 0.1487291013
30.296 0.1489262601
30.298 0.1489138439
30.3 0.1491107731
30.302 0.1490981278
30.304 0.1492948152
30.306 0.1492818779
30.308 0.1494785078
30.31 0.1494655113
30.312 0.1496619669
30.314 0.1496488215
30.316 0.149845119
30.318 0.1498318631
30.32 0.1500280395
30.322 0.1500146726
30.324 0.1502107082
30.326 0.1501972146
30.328 0.1503931073
30.33 0.1503794657
30.332 0.1505752022
30.334 0.1505614038
30.336 0.1507571293
30.338 0.1507432696
30.34 0.1509387809
30.342 0.1509246961
30.344 0.1511200214
30.346 0.151105778
30.348 0.1513009059
30.35 0.1512864641
30.352 0.1514814053
30.354 0.1514667945
30.356 0.1516615614
30.358 0.1516467622
30.36 0.1518413399
30.362 0.151826365
30.364 0.1520207684
30.366 0.1520056061
30.368 0.152199963
30.37 0.1521846968
30.372 0.1523788003
30.374 0.1523632994
30.376 0.1525571859
30.378 0.1525415072
30.38 0.1527352176
30.382 0.152719363
30.384 0.1529128927
30.386 0.152896869
30.388 0.1530902369
30.39 0.1530740646
30.392 0.1532672694
30.394 0.153250928
30.396 0.1534437917
30.398 0.153427194
30.4 0.1536201408
30.402 0.1536035526
30.404 0.1537963225
30.406 0.1537795367
30.408 0.1539721491
30.41 0.1539552021
30.412 0.1541476681
30.414 0.1541305984
30.416 0.1543229427
30.418 0.1543057592
30.42 0.1544979729
30.422 0.1544806907
30.424 0.15467282
30.426 0.1546554223
30.428 0.1548474628
30.43 0.1548300125
30.432 0.1550219905
30.434 0.1550044758
30.436 0.1551965083
30.438 0.1551790104
30.44 0.1553709408
30.442 0.155353334
30.444 0.1555450376
30.446 0.155527318
30.448 0.1557190531
30.45 0.1557013812
30.452 0.1558931647
30.454 0.1558754865
30.456 0.1560672583
30.458 0.1560495922
30.46 0.1562414069
30.462 0.1562237641
30.464 0.1564156149
30.466 0.1563980258
30.468 0.1565899099
30.47 0.1565723451
30.472 0.1567642908
30.474 0.1567468093
30.476 0.1569389453
30.478 0.156921575
30.48 0.1571135667
30.482 0.1570961527
30.484 0.157288247
30.486 0.1572709467
30.488 0.1574631626
30.49 0.1574459711
30.492 0.1576382778
30.494 0.1576211556
30.496 0.1578135353
30.498 0.1577965127
30.5 0.1579889996
30.502 0.15797206
30.504 0.158164629
30.506 0.1581477698
30.508 0.1583404436
30.51 0.1583237097
30.512 0.1585163147
30.514 0.1584995623
30.516 0.1586923308
30.518 0.1586757201
30.52 0.1588686211
30.522 0.1588521236
30.524 0.1590451285
30.526 0.1590287214
30.528 0.1592218107
30.53 0.1592054786
30.532 0.1593987211
30.534 0.1593825407
30.536 0.1595758706
30.538 0.159559752
30.54 0.1597529636
30.542 0.1597368056
30.544 0.1599301529
30.546 0.1599141241
30.548 0.1601075854
30.55 0.1600916286
30.552 0.1602851571
30.554 0.1602692606
30.556 0.1604628816
30.558 0.1604470669
30.56 0.160640757
30.562 0.1606250003
30.564 0.1608185638
30.566 0.1608027382
30.568 0.160996403
30.57 0.1609806616
30.572 0.1611743891
30.574 0.1611586816
30.576 0.1613524722
30.578 0.1613368083
30.58 0.1615305979
30.582 0.1615149202
30.584 0.1617085471
30.586 0.1616927704
30.588 0.1618864596
30.59 0.1618707308
30.592 0.162064479
30.594 0.1620487789
30.596 0.1622425157
30.598 0.1622267752
30.6 0.1624204719
30.602 0.1624046889
30.604 0.1625982253
30.606 0.1625823235
30.608 0.1627758611
30.61 0.1627599476
30.612 0.1629534566
30.614 0.1629374873
30.616 0.1631309722
30.618 0.1631149619
30.62 0.163308357
30.622 0.1632922432
30.624 0.1634853817
30.626 0.163469108
30.628 0.1636622489
30.63 0.1636459036
30.632 0.1638389338
30.634 0.1638224977
30.636 0.1640154447
30.638 0.1639988613
30.64 0.1641914949
30.642 0.1641747061
30.644 0.1643672889
30.646 0.1643503792
30.648 0.1645428113
30.65 0.1645257581
30.652 0.1647180483
30.654 0.1647007978
30.656 0.1648928716
30.658 0.164875443
30.66 0.1650672087
30.662 0.1650494894
30.664 0.16524115
30.666 0.1652233071
30.668 0.1654147876
30.67 0.1653967503
30.672 0.1655880499
30.674 0.1655697818
30.676 0.1657607211
30.678 0.1657421679
30.68 0.1659329534
30.682 0.1659142423
30.684 0.1661048527
30.686 0.1660859122
30.688 0.1662763224
30.69 0.1662571747
30.692 0.1664471883
30.694 0.1664277294
30.696 0.1666176036
30.698 0.1665979551
30.7 0.1667876423
30.702 0.1667677753
30.704 0.1669572431
30.706 0.1669371522
30.708 0.1671263715
30.71 0.1671060525
30.712 0.1672948855
30.714 0.1672742452
30.716 0.1674629253
30.718 0.1674420916
30.72 0.1676305863
30.722 0.1676095355
30.724 0.1677978149
30.726 0.167776538
30.728 0.1679644495
30.73 0.1679428587
30.732 0.1681306287
30.734 0.1681088706
30.736 0.1682964506
30.738 0.1682744842
30.74 0.1684618692
30.742 0.1684396904
30.744 0.1686267131
30.746 0.1686042224
30.748 0.1687911029
30.75 0.1687684613
30.752 0.1689551692
30.754 0.168932337
30.756 0.1691188663
30.758 0.1690958396
30.76 0.1692820249
30.762 0.1692587106
30.764 0.1694447711
30.766 0.1694213323
30.768 0.1696072539
30.77 0.1695836415
30.772 0.1697694039
30.774 0.1697456174
30.776 0.169931045
30.778 0.1699069988
30.78 0.170092341
30.782 0.170068188
30.784 0.170253401
30.786 0.1702291342
30.788 0.1704142152
30.79 0.1703897943
30.792 0.1705746023
30.794 0.1705499528
30.796 0.1707346869
30.798 0.1707099647
30.8 0.1708946215
30.802 0.1708698174
30.804 0.1710543733
30.806 0.1710294497
30.808 0.1712137604
30.81 0.1711886501
30.812 0.1713729394
30.814 0.1713478084
30.816 0.1715320396
30.818 0.1715068306
30.82 0.1716908785
30.822 0.1716655146
30.824 0.1718495734
30.826 0.1718242293
30.828 0.1720082946
30.83 0.1719829008
30.832 0.172166921
30.834 0.1721415048
30.836 0.1723253576
30.838 0.1722998139
30.84 0.1724837081
30.842 0.1724582232
30.844 0.1726421607
30.846 0.1726166626
30.848 0.1728005971
30.85 0.1727751158
30.852 0.172958936
30.854 0.1729333959
30.856 0.1731172811
30.858 0.173091806
30.86 0.1732757796
30.862 0.1732503608
30.864 0.1734342261
30.866 0.1734087721
30.868 0.1735927513
30.87 0.1735673912
30.872 0.1737514826
30.874 0.1737261958
30.876 0.1739103664
30.878 0.1738851263
30.88 0.1740691991
30.882 0.1740439533
30.884 0.1742281575
30.886 0.1742030394
30.888 0.1743873926
30.89 0.1743623975
30.892 0.1745467194
30.894 0.1745217307
30.896 0.1747062294
30.898 0.1746814168
30.9 0.1748660785
30.902 0.1748413889
30.904 0.1750260194
30.906 0.175001308
30.908 0.1751860821
30.91 0.1751615541
30.912 0.1753465054
30.914 0.1753220958
30.916 0.1755071702
30.918 0.1754828913
30.92 0.1756679471
30.922 0.1756437063
30.924 0.1758289617
30.926 0.1758048663
30.928 0.1759902464
30.93 0.1759662925
30.932 0.176151688
30.934 0.1761277954
30.936 0.176313418
30.938 0.176289726
30.94 0.1764755082
30.942 0.1764519583
30.944 0.1766377056
30.946 0.1766141655
30.948 0.1768001368
30.95 0.1767768048
30.952 0.1769629395
30.954 0.1769397491
30.956 0.1771258874
30.958 0.1771027021
30.96 0.1772890207
30.962 0.1772660303
30.964 0.1774525235
30.966 0.1774296745
30.968 0.1776161522
30.97 0.1775933427
30.972 0.1777799922
30.974 0.1777573191
30.976 0.1779441202
30.978 0.177921588
30.98 0.1781083702
30.982 0.1780858665
30.984 0.1782728066
30.986 0.1782504212
30.988 0.1784374983
30.99 0.1784152367
30.992 0.1786022746
30.994 0.17858002
30.996 0.1787671992
30.998 0.1787450532
31 0.1789323614
31.002 0.1789103285
31.004 0.1790975845
31.006 0.1790755058
31.008 0.1792628881
31.01 0.1792409337
31.012 0.1794284152
31.014 0.1794065327
31.016 0.1795939024
31.018 0.1795719416
31.02 0.1797594346
31.022 0.1797375976
31.024 0.1799251782
31.026 0.179903335
31.028 0.1800907521
31.03 0.1800688182
31.032 0.1802563106
31.034 0.1802344462
31.036 0.180421954
31.038 0.180400054
31.04 0.1805874179
31.042 0.1805654264
31.044 0.1807528017
31.046 0.1807308065
31.048 0.1809180556
31.05 0.180895964
31.052 0.1810832349
31.054 0.1810611204
31.056 0.1812483919
31.058 0.1812262576
31.06 0.1814133099
31.062 0.1813909973
31.064 0.1815780768
31.066 0.1815557785
31.068 0.1817428082
31.07 0.1817204251
31.072 0.1819072647
31.074 0.1818847308
31.076 0.1820715362
31.078 0.1820489683
31.08 0.1822357655
31.082 0.1822131421
31.084 0.182399691
31.086 0.1823768693
31.088 0.1825634234
31.09 0.1825405936
31.092 0.1827269233
31.094 0.1827038921
31.096 0.1828902305
31.098 0.1828671509
31.1 0.1830534165
31.102 0.1830302635
31.104 0.183216321
31.106 0.1831929477
31.108 0.1833789397
31.11 0.1833555433
31.112 0.1835414685
31.114 0.1835179395
31.116 0.1837036062
31.118 0.1836798918
31.12 0.1838655106
31.122 0.1838417223
31.124 0.1840271204
31.126 0.1840030963
31.128 0.1841884276
31.13 0.1841643582
31.132 0.1843496284
31.134 0.1843254002
31.136 0.184510356
31.138 0.1844859258
31.14 0.184670827
31.142 0.1846462963
31.144 0.1848311012
31.146 0.1848064355
31.148 0.1849909554
31.15 0.1849660777
31.152 0.1851505583
31.154 0.1851255748
31.156 0.1853097707
31.158 0.1852845797
31.16 0.1854687078
31.162 0.1854434037
31.164 0.1856274293
31.166 0.1856019796
31.168 0.1857857099
31.17 0.1857600334
31.172 0.1859436701
31.174 0.1859178873
31.176 0.1861014374
31.178 0.1860755113
31.18 0.1862587652
31.182 0.1862326134
31.184 0.1864157731
31.186 0.1863895174
31.188 0.1865724484
31.19 0.1865459565
31.192 0.1867288026
31.194 0.1867022463
31.196 0.1868849906
31.198 0.1868582828
31.2 0.1870407704
31.202 0.1870138451
31.204 0.1871962698
31.206 0.1871692863
31.208 0.1873514524
31.21 0.1873242445
31.212 0.187506406
31.214 0.1874791437
31.216 0.1876612155
31.218 0.1876338129
31.22 0.1878156038
31.222 0.187788029
31.224 0.1879697946
31.226 0.1879421488
31.228 0.1881236815
31.23 0.1880958294
31.232 0.1882773325
31.234 0.1882494147
31.236 0.1884308463
31.238 0.1884028512
31.24 0.1885840284
31.242 0.1885558256
31.244 0.1887369773
31.246 0.1887087351
31.248 0.1888896704
31.25 0.1888612144
31.252 0.1890421149
31.254 0.1890136219
31.256 0.1891944451
31.258 0.1891658453
31.26 0.1893464089
31.262 0.189317598
31.264 0.1894981465
31.266 0.1894692889
31.268 0.1896496224
31.27 0.1896205636
31.272 0.1898008669
31.274 0.1897717587
31.276 0.1899520101
31.278 0.1899228378
31.28 0.1901028524
31.282 0.1900734856
31.284 0.1902534548
31.286 0.1902240475
31.288 0.1904038347
31.29 0.1903742348
31.292 0.1905539915
31.294 0.1905243508
31.296 0.1907039081
31.298 0.1906740689
31.3 0.1908535973
31.302 0.1908237527
31.304 0.1910032411
31.306 0.1909733031
31.308 0.1911525432
31.31 0.1911224236
31.312 0.1913016452
31.314 0.1912714984
31.316 0.1914505499
31.318 0.1914202319
31.32 0.1915992807
31.322 0.1915689402
31.324 0.1917478033
31.326 0.1917172992
31.328 0.1918961829
31.33 0.1918656689
31.332 0.1920445234
31.334 0.1920139749
31.336 0.1921926179
31.338 0.192161908
31.34 0.1923405537
31.342 0.192309833
31.344 0.19248828
31.346 0.1924574135
31.348 0.1926358957
31.35 0.1926050208
31.352 0.1927833369
31.354 0.1927523043
31.356 0.192930643
31.358 0.1928995891
31.36 0.1930778942
31.362 0.1930467762
31.364 0.1932248763
31.366 0.1931935907
31.368 0.1933716999
31.37 0.1933404159
31.372 0.1935183507
31.374 0.1934869466
31.376 0.1936649376
31.378 0.1936335784
31.38 0.1938114225
31.382 0.1937799722
31.384 0.1939579092
31.386 0.1939265147
31.388 0.194104316
31.39 0.1940728245
31.392 0.1942507038
31.394 0.1942192505
31.396 0.1943971363
31.398 0.1943656749
31.4 0.1945434081
31.402 0.1945118234
31.404 0.1946895957
31.406 0.1946580463
31.408 0.194835682
31.41 0.1948040114
31.412 0.1949817264
31.414 0.1949500884
31.416 0.1951276612
31.418 0.1950958906
31.42 0.1952735122
31.422 0.1952417691
31.424 0.1954192536
31.426 0.1953873826
31.428 0.1955649097
31.43 0.1955330633
31.432 0.1957104496
31.434 0.1956784728
31.436 0.1958558997
31.438 0.1958239482
31.44 0.1960012296
31.442 0.1959691472
31.444 0.1961464695
31.446 0.1961144117
31.448 0.1962917401
31.45 0.1962596399
31.452 0.1964367752
31.454 0.1964045457
31.456 0.1965817173
31.458 0.1965494862
31.46 0.196726476
31.462 0.196694106
31.464 0.1968711385
31.466 0.1968387742
31.468 0.197015628
31.47 0.1969831193
31.472 0.1971600029
31.474 0.1971275077
31.476 0.1973042375
31.478 0.1972716027
31.48 0.197448362
31.482 0.1974157441
31.484 0.1975923523
31.486 0.1975595957
31.488 0.1977362555
31.49 0.1977035569
31.492 0.1978801013
31.494 0.1978472972
31.496 0.1980239047
31.498 0.1979911439
31.5 0.1981674043
31.502 0.1981341275
31.504 0.1983100979
31.506 0.1982765842
31.508 0.1984521717
31.51 0.1984183265
31.512 0.1985937836
31.514 0.1985597831
31.516 0.1987349255
31.518 0.1987006533
31.52 0.1988757052
31.522 0.198841326
31.524 0.1990161165
31.526 0.1989815
31.528 0.1991562317
31.53 0.1991215522
31.532 0.1992960282
31.534 0.1992611158
31.536 0.1994355731
31.538 0.1994006114
31.54 0.1995748466
31.542 0.1995397372
31.544 0.1997140266
31.546 0.1996789045
31.548 0.1998529781
31.55 0.1998177453
31.552 0.1999918691
31.554 0.199956681
31.556 0.200130708
31.558 0.2000954282
31.56 0.2002695308
31.562 0.2002343517
31.564 0.2004083662
31.566 0.2003731222
31.568 0.2005472754
31.57 0.2005121264
31.572 0.200686192
31.574 0.2006510305
31.576 0.2008252431
31.578 0.2007901792
31.58 0.2009643119
31.582 0.2009291917
31.584 0.2011035065
31.586 0.2010685303
31.588 0.2012428261
31.59 0.2012078352
31.592 0.2013823069
31.594 0.2013474683
31.596 0.2015219285
31.598 0.2014871111
31.6 0.2016617828
31.602 0.2016271356
31.604 0.2018018019
31.606 0.2017671862
31.608 0.2019420644
31.61 0.2019076468
31.612 0.2020825295
31.614 0.2020481603
31.616 0.2022232706
31.618 0.2021891255
31.62 0.2023642867
31.622 0.202330247
31.624 0.2025057007
31.626 0.2024719299
31.628 0.2026474783
31.63 0.2026138458
31.632 0.2027897081
31.634 0.2027563359
31.636 0.2029322785
31.638 0.2028990619
31.64 0.203075356
31.642 0.2030424177
31.644 0.2032188374
31.646 0.20318607
31.648 0.2033626927
31.65 0.2033301681
31.652 0.2035071634
31.654 0.2034748657
31.656 0.2036519071
31.658 0.20361975
31.66 0.2037971027
31.662 0.2037652887
31.664 0.2039428068
31.666 0.2039111773
31.668 0.204089041
31.67 0.2040577693
31.672 0.2042358106
31.674 0.2042047159
31.676 0.2043830977
31.678 0.2043523309
31.68 0.2045308977
31.682 0.2045003194
31.684 0.2046792536
31.686 0.204648993
31.688 0.2048281072
31.69 0.2047980536
31.692 0.2049773595
31.694 0.2049475185
31.696 0.2051271943
31.698 0.205097686
31.7 0.2052774996
31.702 0.2052481964
31.704 0.2054283848
31.706 0.2053993946
31.708 0.205579699
31.71 0.2055508695
31.712 0.205731508
31.714 0.205702985
31.716 0.2058837424
31.718 0.2058553733
31.72 0.2060363143
31.722 0.2060081259
31.724 0.2061894176
31.726 0.2061615278
31.728 0.2063429505
31.73 0.2063152038
31.732 0.206496948
31.734 0.2064694895
31.736 0.2066513517
31.738 0.2066240379
31.74 0.2068062247
31.742 0.2067791911
31.744 0.2069614487
31.746 0.2069345458
31.748 0.2071169535
31.75 0.2070902411
31.752 0.2072729729
31.754 0.2072465394
31.756 0.2074293754
31.758 0.2074030696
31.76 0.207586204
31.762 0.2075601633
31.764 0.2077433805
31.766 0.2077174116
31.768 0.2079009076
31.77 0.2078751991
31.772 0.2080587791
31.774 0.2080331704
31.776 0.2082168752
31.778 0.2081914249
31.78 0.2083754382
31.782 0.2083502407
31.784 0.2085343087
31.786 0.2085092133
31.788 0.2086935607
31.79 0.2086687235
31.792 0.2088531385
31.794 0.2088283751
31.796 0.2090128732
31.798 0.2089882447
31.8 0.2091730248
31.802 0.2091486251
31.804 0.2093334564
31.806 0.2093091295
31.808 0.209494211
31.81 0.2094700753
31.812 0.2096552016
31.814 0.2096311427
31.816 0.2098165255
31.818 0.2097926861
31.82 0.2099781184
31.822 0.2099543489
31.824 0.2101398755
31.826 0.2101162342
31.828 0.2103020376
31.83 0.2102786142
31.832 0.2104644669
31.834 0.2104411241
31.836 0.2106272429
31.838 0.2106041197
31.84 0.2107902774
31.842 0.2107672277
31.844 0.2109534073
31.846 0.2109304496
31.848 0.2111169195
31.85 0.2110942118
31.852 0.2112807419
31.854 0.2112580762
31.856 0.2114448043
31.858 0.2114223421
31.86 0.2116091144
31.862 0.2115867246
31.864 0.2117735501
31.866 0.2117512552
31.868 0.2119383672
31.87 0.2119163198
31.872 0.212103504
31.874 0.2120815076
31.876 0.2122689185
31.878 0.2122471639
31.88 0.2124346543
31.882 0.2124129569
31.884 0.212600486
31.886 0.2125788826
31.888 0.2127666711
31.89 0.2127452696
31.892 0.2129330919
31.894 0.2129117593
31.896 0.2130998296
31.898 0.2130786778
31.9 0.2132667533
31.902 0.2132456509
31.904 0.2134337953
31.906 0.2134128
31.908 0.2136012446
31.91 0.2135804944
31.912 0.2137689637
31.914 0.2137482553
31.916 0.2139369982
31.918 0.2139164999
31.92 0.2141052732
31.922 0.2140848742
31.924 0.2142737426
31.926 0.2142534607
31.928 0.2144426398
31.93 0.2144225862
31.932 0.214611816
31.934 0.2145918356
31.936 0.2147813292
31.938 0.2147616171
31.94 0.2149511676
31.942 0.2149315365
31.944 0.2151211904
31.946 0.2151017204
31.948 0.21529172
31.95 0.215272506
31.952 0.2154626006
31.954 0.2154434947
31.956 0.2156337154
31.958 0.2156148061
31.96 0.2158053437
31.962 0.2157866923
31.964 0.2159773177
31.966 0.2159587912
31.968 0.21614971
31.97 0.2161314555
31.972 0.2163224671
31.974 0.216304349
31.976 0.2164955133
31.978 0.2164775778
31.98 0.2166690729
31.982 0.2166514201
31.984 0.2168430325
31.986 0.2168255154
31.988 0.217017286
31.99 0.2169999739
31.992 0.217192107
31.994 0.2171750961
31.996 0.2173673504
31.998 0.2173504794
32 0.2175429018
32.002 0.2175262369
32.004 0.2177190129
32.006 0.217702667
32.008 0.2178955917
32.01 0.2178793939
32.012 0.2180726409
32.014 0.2180567462
32.016 0.218250126
32.018 0.2182344006
32.02 0.2184279685
32.022 0.2184124592
32.024 0.2186063929
32.026 0.2185911529
32.028 0.2187852253
32.03 0.2187701609
32.032 0.2189644394
32.034 0.218949592
32.036 0.2191441987
32.038 0.219129666
32.04 0.219324425
32.042 0.2193100558
32.044 0.219504989
32.046 0.219490788
32.048 0.2196860913
32.05 0.219672218
32.052 0.2198676287
32.054 0.219853901
32.056 0.2200494994
32.058 0.2200359965
32.06 0.2202319425
32.062 0.2202186949
32.064 0.2204147787
32.066 0.2204016842
32.068 0.2205978841
32.07 0.2205849801
32.072 0.2207815418
32.074 0.2207688965
32.076 0.2209655767
32.078 0.2209530795
32.08 0.2211498805
32.082 0.2211375215
32.084 0.2213346699
32.086 0.2213226053
32.088 0.2215198172
32.09 0.2215078911
32.092 0.2217052581
32.094 0.221693457
32.096 0.2218911486
32.098 0.2218796275
32.1 0.2220773667
32.102 0.2220659148
32.104 0.2222637975
32.106 0.222252512
32.108 0.222450742
32.11 0.2224396474
32.112 0.2226378705
32.114 0.2226268025
32.116 0.2228249811
32.118 0.2228139041
32.12 0.2230122752
32.122 0.2230013366
32.124 0.2231996274
32.126 0.2231886331
32.128 0.2233869259
32.13 0.2233759923
32.132 0.2235744465
32.134 0.2235636064
32.136 0.223761985
32.138 0.2237511477
32.14 0.2239495553
32.142 0.2239387345
32.144 0.2241371446
32.146 0.2241263385
32.148 0.2243249739
32.15 0.2243143445
32.152 0.2245129152
32.154 0.224502232
32.156 0.2247007916
32.158 0.2246901371
32.16 0.22488892
32.162 0.2248784484
32.164 0.2250771787
32.166 0.2250666475
32.168 0.2252653628
32.17 0.2252548716
32.172 0.2254537543
32.174 0.225443427
32.176 0.2256423208
32.178 0.2256319887
32.18 0.2258308926
32.182 0.2258206154
32.184 0.2260195763
32.186 0.2260093724
32.188 0.2262085707
32.19 0.2261985966
32.192 0.2263978651
32.194 0.2263879297
32.196 0.2265872313
32.198 0.2265773748
32.2 0.2267769175
32.202 0.226767239
32.204 0.2269667918
32.206 0.2269571261
32.208 0.227156728
32.21 0.2271471615
32.212 0.2273469506
32.214 0.2273375691
32.216 0.2275374147
32.218 0.2275280841
32.22 0.2277281447
32.222 0.2277189857
32.224 0.2279190384
32.226 0.2279099099
32.228 0.2281099975
32.23 0.2281009425
32.232 0.2283010825
32.234 0.2282920799
32.236 0.2284924589
32.238 0.2284836266
32.24 0.2286840064
32.242 0.2286751745
32.244 0.2288755839
32.246 0.2288668169
32.248 0.2290674309
32.25 0.2290588074
32.252 0.2292593686
32.254 0.2292507374
32.256 0.2294513202
32.258 0.2294427441
32.26 0.2296433569
32.262 0.2296348266
32.264 0.2298356326
32.266 0.2298272044
32.268 0.2300279733
32.27 0.2300195261
32.272 0.2302203065
32.274 0.2302118908
32.276 0.2304127055
32.278 0.2304043204
32.28 0.2306053027
32.282 0.230597046
32.284 0.2307979863
32.286 0.2307897163
32.288 0.2309906462
32.29 0.2309824075
32.292 0.2311835251
32.294 0.2311753873
32.296 0.2313764582
32.298 0.2313683018
32.3 0.2315693855
32.302 0.231561266
32.304 0.2317623811
32.306 0.2317542965
32.308 0.2319555859
32.31 0.2319476518
32.312 0.2321489102
32.314 0.2321409676
32.316 0.2323422287
32.318 0.2323343483
32.32 0.2325356492
32.322 0.2325277948
32.324 0.2327293225
32.326 0.2327216221
32.328 0.2329231283
32.33 0.2329154184
32.332 0.2331169474
32.334 0.2331093045
32.336 0.233310855
32.338 0.2333032684
32.34 0.2335050425
32.342 0.2334976166
32.344 0.2336993668
32.346 0.233691948
32.348 0.2338937247
32.35 0.2338863338
32.352 0.2340881625
32.354 0.2340808297
32.356 0.2342828812
32.358 0.2342757046
32.36 0.2344777369
32.362 0.2344705614
32.364 0.2346725939
32.366 0.2346654705
32.368 0.2348675435
32.37 0.2348604546
32.372 0.2350626996
32.374 0.2350557125
32.376 0.2352579146
32.378 0.2352508647
32.38 0.2354530326
32.382 0.2354459833
32.384 0.2356481349
32.386 0.2356410669
32.388 0.2358432156
32.39 0.2358361493
32.392 0.236038413
32.394 0.2360314177
32.396 0.2362335961
32.398 0.2362265347
32.4 0.2364286584
32.402 0.2364215933
32.404 0.2366237065
32.406 0.2366166074
32.408 0.2368188634
32.41 0.2368118606
32.412 0.2370140401
32.414 0.2370069712
32.416 0.2372091208
32.418 0.2372020582
32.42 0.2374041682
32.422 0.2373971101
32.424 0.2375992285
32.426 0.2375921802
32.428 0.2377944554
32.43 0.2377875076
32.432 0.2379897304
32.434 0.2379827025
32.436 0.2381848912
32.438 0.2381778743
32.44 0.2383800677
32.442 0.2383730503
32.444 0.2385752643
32.446 0.2385682761
32.448 0.2387706464
32.45 0.2387637589
32.452 0.2389660444
32.454 0.2389591178
32.456 0.2391613861
32.458 0.2391544736
32.46 0.2393567416
32.462 0.239349833
32.464 0.2395521074
32.466 0.2395451842
32.468 0.2397476408
32.47 0.2397408442
32.472 0.2399432419
32.474 0.2399363848
32.476 0.2401387384
32.478 0.2401318873
32.48 0.2403342437
32.482 0.240327402
32.484 0.2405297474
32.486 0.2405229061
32.488 0.2407254196
32.49 0.2407186866
32.492 0.2409211266
32.494 0.2409143446
32.496 0.2411167402
32.498 0.2411099379
32.5 0.2413123211
32.502 0.2413055194
32.504 0.241507903
32.506 0.2415010947
32.508 0.2417034977
32.51 0.2416966817
32.512 0.2418992224
32.514 0.2418924969
32.516 0.2420949444
32.518 0.2420881712
32.52 0.242290573
32.522 0.2422837785
32.524 0.2424861638
32.526 0.2424793747
32.528 0.242681751
32.53 0.2426749565
32.532 0.2428773296
32.534 0.2428704964
32.536 0.2430730281
32.538 0.2430662949
32.54 0.2432687267
32.542 0.2432619047
32.544 0.2434642821
32.546 0.243457436
32.548 0.243659806
32.55 0.2436529526
32.552 0.2438552669
32.554 0.2438484027
32.556 0.2440507257
32.558 0.2440438631
32.56 0.2442463256
32.562 0.2442395436
32.564 0.2444419005
32.566 0.2444350486
32.568 0.2446373738
32.57 0.2446304825
32.572 0.2448327825
32.574 0.2448258944
32.576 0.2450281966
32.578 0.2450213024
32.58 0.2452236126
32.582 0.2452167242
32.584 0.2454190333
32.586 0.2454121455
32.588 0.2456146148
32.59 0.2456078277
32.592 0.2458102157
32.594 0.2458033738
32.596 0.246005743
32.598 0.245998932
32.6 0.2462012969
32.602 0.2461944902
32.604 0.2463968733
32.606 0.2463900637
32.608 0.2465924598
32.61 0.2465856658
32.612 0.2467880971
32.614 0.2467813449
32.616 0.246983958
32.618 0.2469772965
32.62 0.2471798573
32.622 0.2471731693
32.624 0.2473757207
32.626 0.247369071
32.628 0.2475716185
32.63 0.2475650093
32.632 0.2477675827
32.634 0.2477609965
32.636 0.2479636025
32.638 0.247957076
32.64 0.2481597197
32.642 0.2481532143
32.644 0.2483558806
32.646 0.2483493947
32.648 0.2485522511
32.65 0.2485458987
32.652 0.2487487013
32.654 0.2487422747
32.656 0.248945061
32.658 0.2489386529
32.66 0.2491414538
32.662 0.2491350832
32.664 0.2493379021
32.666 0.2493315332
32.668 0.2495343804
32.67 0.2495280493
32.672 0.2497309124
32.674 0.2497245923
32.676 0.2499274893
32.678 0.2499212072
32.68 0.2501241089
32.682 0.2501178441
32.684 0.2503209325
32.686 0.2503147854
32.688 0.2505178131
32.69 0.2505116362
32.692 0.2507146614
32.694 0.2507085072
32.696 0.2509115343
32.698 0.2509053992
32.7 0.2511084474
32.702 0.2511023235
32.704 0.2513053757
32.706 0.25129928
32.708 0.2515023776
32.71 0.2514962835
32.712 0.2516993899
32.714 0.2516933234
32.716 0.2518964614
32.718 0.2518904152
32.72 0.2520935627
32.722 0.2520875266
32.724 0.2522906939
32.726 0.2522846857
32.728 0.2524878728
32.73 0.2524818677
32.732 0.2526852294
32.734 0.2526793406
32.736 0.2528826068
32.738 0.2528766557
32.74 0.2530798947
32.742 0.253073961
32.744 0.2532771989
32.746 0.2532712762
32.748 0.2534744989
32.75 0.2534685679
32.752 0.253671801
32.754 0.2536658875
32.756 0.2538691287
32.758 0.2538632214
32.76 0.2540664587
32.762 0.2540605248
32.764 0.2542637706
32.766 0.2542578459
32.768 0.2544611007
32.77 0.2544551765
32.772 0.2546584261
32.774 0.2546524824
32.776 0.2548557252
32.778 0.254849784
32.78 0.255053032
32.782 0.2550470905
32.784 0.2552503028
32.786 0.2552443454
32.788 0.2554475567
32.79 0.2554416063
32.792 0.2556448136
32.794 0.2556388615
32.796 0.2558420602
32.798 0.2558360963
32.8 0.2560392764
32.802 0.2560332888
32.804 0.2562364575
32.806 0.256230466
32.808 0.2564336305
32.81 0.2564276089
32.812 0.2566307626
32.814 0.2566247358
32.816 0.2568278728
32.818 0.2568218176
32.82 0.2570249486
32.822 0.257018887
32.824 0.2572220143
32.826 0.2572159434
32.828 0.2574190564
32.83 0.257412973
32.832 0.2576160776
32.834 0.2576099738
32.836 0.2578130609
32.838 0.257806934
32.84 0.2580099739
32.842 0.2580038412
32.844 0.258206881
32.846 0.2582007452
32.848 0.2584037704
32.85 0.2583976202
32.852 0.2586006219
32.854 0.2585944505
32.856 0.2587974323
32.858 0.2587912461
32.86 0.2589942046
32.862 0.2589879996
32.864 0.2591909411
32.866 0.2591847184
32.868 0.2593876269
32.87 0.2593813758
32.872 0.259584251
32.874 0.2595779689
32.876 0.2597808326
32.878 0.2597745374
32.88 0.2599773701
32.882 0.2599710273
32.884 0.2601738449
32.886 0.2601674905
32.888 0.2603703156
32.89 0.260363948
32.892 0.2605667569
32.894 0.2605603689
32.896 0.2607631688
32.898 0.2607567858
32.9 0.2609595827
32.902 0.2609531872
32.904 0.2611559729
32.906 0.2611495732
32.908 0.2613523614
32.91 0.2613459647
32.912 0.2615487634
32.914 0.2615423561
32.916 0.2617451439
32.918 0.261738738
32.92 0.2619415349
32.922 0.2619351408
32.924 0.2621379258
32.926 0.2621315391
32.928 0.2623343362
32.93 0.262327968
32.932 0.2625307772
32.934 0.2625244208
32.936 0.262727235
32.938 0.2627208919
32.94 0.2629237277
32.942 0.2629174097
32.944 0.2631202653
32.946 0.2631139669
32.948 0.2633168431
32.95 0.26331057
32.952 0.2635134725
32.954 0.2635072272
32.956 0.2637101554
32.958 0.2637039443
32.96 0.2639069063
32.962 0.263900741
32.964 0.2641037398
32.966 0.2640976138
32.968 0.2643006562
32.97 0.2642945677
32.972 0.2644976582
32.974 0.2644916224
32.976 0.2646947551
32.978 0.2646887675
32.98 0.2648919535
32.982 0.2648859886
32.984 0.2650892302
32.986 0.2650833271
32.988 0.2652866209
32.99 0.2652807702
32.992 0.2654841288
32.994 0.2654783287
32.996 0.2656817378
32.998 0.2656760006
33 0.2658794734
33.002 0.2658737876
33.004 0.2660773157
33.006 0.2660716882
33.008 0.2662752881
33.01 0.2662697279
33.012 0.2664733847
33.014 0.266467882
33.016 0.2666715999
33.018 0.2666661694
33.02 0.2668699567
33.022 0.2668645764
33.024 0.2670684144
33.026 0.2670630972
33.028 0.2672670018
33.03 0.2672617464
33.032 0.2674657127
33.034 0.267460522
33.036 0.2676645521
33.038 0.2676594344
33.04 0.2678635339
33.042 0.2678584741
33.044 0.2680626086
33.046 0.2680576098
33.048 0.2682618083
33.05 0.2682568729
33.052 0.2684611265
33.054 0.2684562531
33.056 0.268660565
33.058 0.2686557519
33.06 0.2688601191
33.062 0.2688553634
33.064 0.2690597888
33.066 0.269055093
33.068 0.2692595764
33.07 0.2692549372
33.072 0.2694594752
33.074 0.2694548935
33.076 0.2696594887
33.078 0.2696549638
33.08 0.2698596119
33.082 0.2698551406
33.084 0.270059844
33.086 0.2700554286
33.088 0.2702601841
33.09 0.2702558215
33.092 0.2704606327
33.094 0.2704563259
33.096 0.2706611828
33.098 0.2706569182
33.1 0.2708618253
33.102 0.2708576161
33.104 0.2710625764
33.106 0.2710584186
33.108 0.2712634268
33.11 0.2712593148
33.112 0.2714643698
33.114 0.2714603047
33.116 0.2716654035
33.118 0.2716613816
33.12 0.2718665255
33.122 0.2718625485
33.124 0.2720677357
33.126 0.2720637989
33.128 0.2722690257
33.13 0.2722651274
33.132 0.272470393
33.134 0.2724665311
33.136 0.2726718338
33.138 0.2726680117
33.14 0.2728733534
33.142 0.2728695669
33.144 0.2730749427
33.146 0.2730711938
33.148 0.2732766069
33.15 0.2732728943
33.152 0.2734783396
33.154 0.2734746569
33.156 0.2736801342
33.158 0.2736764843
33.16 0.2738819984
33.162 0.2738783849
33.164 0.274083935
33.166 0.2740803564
33.168 0.2742859405
33.17 0.2742823948
33.172 0.2744880062
33.174 0.2744844936
33.176 0.2746901288
33.178 0.2746866338
33.18 0.2748922873
33.182 0.2748888154
33.184 0.2750944905
33.186 0.275091041
33.188 0.2752967326
33.19 0.2752932999
33.192 0.2754990154
33.194 0.2754956095
33.196 0.2757013522
33.198 0.2756979731
33.2 0.2759037402
33.202 0.2759003847
33.204 0.276106178
33.206 0.2761028494
33.208 0.2763086665
33.21 0.2763053535
33.212 0.2765111958
33.214 0.2765079099
33.216 0.2767137772
33.218 0.2767105136
33.22 0.2769164075
33.222 0.2769131697
33.224 0.2771190875
33.226 0.2771158728
33.228 0.2773218164
33.23 0.2773186261
33.232 0.2775245922
33.234 0.2775214246
33.236 0.2777274167
33.238 0.2777242736
33.24 0.2779302824
33.242 0.2779271653
33.244 0.2781332045
33.246 0.2781301138
33.248 0.2783361745
33.25 0.2783331109
33.252 0.2785391987
33.254 0.2785361602
33.256 0.2787422717
33.258 0.2787392603
33.26 0.2789453969
33.262 0.278942411
33.264 0.2791485748
33.266 0.2791456173
33.268 0.2793518065
33.27 0.2793488669
33.272 0.279555084
33.274 0.2795521765
33.276 0.2797584257
33.278 0.2797555475
33.28 0.2799618298
33.282 0.2799589839
33.284 0.2801652994
33.286 0.2801624771
33.288 0.2803688168
33.29 0.280366028
33.292 0.2805724043
33.294 0.2805696502
33.296 0.2807760537
33.298 0.2807733347
33.3 0.280979774
33.302 0.2809770931
33.304 0.2811835713
33.306 0.2811809321
33.308 0.2813874515
33.31 0.2813848547
33.312 0.2815914167
33.314 0.2815888638
33.316 0.2817954688
33.318 0.2817929605
33.32 0.2819996132
33.322 0.2819971467
33.324 0.2822038515
33.326 0.2822014396
33.328 0.2824081986
33.33 0.2824058371
33.332 0.2826126498
33.334 0.2826103439
33.336 0.2828172152
33.338 0.2828149685
33.34 0.2830219
33.342 0.2830197141
33.344 0.2832266997
33.346 0.2832245777
33.348 0.2834316279
33.35 0.2834295697
33.352 0.2836366833
33.354 0.283634692
33.356 0.2838418701
33.358 0.283839941
33.36 0.2840471816
33.362 0.2840453189
33.364 0.2842526272
33.366 0.2842508241
33.368 0.2844581996
33.37 0.2844564651
33.372 0.2846639104
33.374 0.2846622462
33.376 0.2848697645
33.378 0.2848681714
33.38 0.2850757822
33.382 0.2850742589
33.384 0.285281931
33.386 0.285280475
33.388 0.2854882244
33.39 0.2854868413
33.392 0.2856946664
33.394 0.2856933566
33.396 0.285901256
33.398 0.2859000214
33.4 0.2861079977
33.402 0.2861068302
33.404 0.2863148823
33.406 0.2863137932
33.408 0.2865219245
33.41 0.2865209094
33.412 0.2867291176
33.414 0.2867281806
33.416 0.2869364598
33.418 0.2869356187
33.42 0.2871439754
33.422 0.2871432138
33.424 0.2873516437
33.426 0.287350963
33.428 0.2875594699
33.43 0.2875588707
33.432 0.2877674556
33.434 0.2877669283
33.436 0.2879755917
33.438 0.2879751493
33.44 0.2881838959
33.442 0.2881835336
33.444 0.2883923605
33.446 0.2883920794
33.448 0.2886009996
33.45 0.2886007995
33.452 0.2888098055
33.454 0.2888096872
33.456 0.2890187777
33.458 0.2890187398
33.46 0.2892279148
33.462 0.2892279511
33.464 0.2894372086
33.466 0.2894373277
33.468 0.2896466702
33.47 0.2896468894
33.472 0.2898563149
33.474 0.2898566145
33.476 0.2900661088
33.478 0.2900664901
33.48 0.2902760635
33.482 0.2902765266
33.484 0.2904861767
33.486 0.29048672
33.488 0.2906964468
33.49 0.2906970607
33.492 0.2909068843
33.494 0.2909075761
33.496 0.2911174765
33.498 0.2911182407
33.5 0.2913282134
33.502 0.2913290524
33.504 0.2915391053
33.506 0.2915400215
33.508 0.2917501514
33.51 0.291751136
33.512 0.2919613436
33.514 0.2919624262
33.516 0.2921727121
33.518 0.292173869
33.52 0.2923842284
33.522 0.2923854639
33.524 0.2925958898
33.526 0.292597204
33.528 0.2928077086
33.53 0.2928091028
33.532 0.2930196836
33.534 0.2930211496
33.536 0.293231828
33.538 0.2932333778
33.54 0.293444144
33.542 0.2934457775
33.544 0.2936566264
33.546 0.2936583449
33.548 0.2938692845
33.55 0.2938710905
33.552 0.294082118
33.554 0.2940840232
33.556 0.294295138
33.558 0.2942971313
33.56 0.2945083387
33.562 0.2945104331
33.564 0.2947217297
33.566 0.2947239238
33.568 0.2949353175
33.57 0.2949376024
33.572 0.2951491109
33.574 0.2951514956
33.576 0.2953631004
33.578 0.2953655774
33.58 0.2955772747
33.582 0.2955798475
33.584 0.2957916457
33.586 0.2957943231
33.588 0.2960062347
33.59 0.2960090349
33.592 0.2962210536
33.594 0.2962239607
33.596 0.2964360791
33.598 0.2964391005
33.6 0.2966513305
33.602 0.2966544673
33.604 0.2968668248
33.606 0.2968700607
33.608 0.2970825246
33.61 0.2970858689
33.612 0.2972984385
33.614 0.2973019115
33.616 0.297514597
33.618 0.2975181784
33.62 0.2977309688
33.622 0.2977346592
33.624 0.2979475802
33.626 0.2979513847
33.628 0.2981644108
33.63 0.2981683235
33.632 0.2983814642
33.634 0.2983854976
33.636 0.2985987531
33.638 0.2986029023
33.64 0.2988162602
33.642 0.2988205246
33.644 0.299034017
33.646 0.2990383988
33.648 0.2992520081
33.65 0.2992564954
33.652 0.2994702194
33.654 0.2994748429
33.656 0.2996886786
33.658 0.2996934117
33.66 0.2999073781
33.662 0.2999122194
33.664 0.3001262962
33.666 0.3001312544
33.668 0.300345442
33.67 0.3003505299
33.672 0.3005648321
33.674 0.300570022
33.676 0.300784453
33.678 0.3007897595
33.68 0.3010042908
33.682 0.3010097042
33.684 0.301224347
33.686 0.3012298797
33.688 0.3014446345
33.69 0.3014502796
33.692 0.3016651533
33.694 0.3016709113
33.696 0.3018858966
33.698 0.3018917716
33.7 0.3021068664
33.702 0.3021128542
33.704 0.3023280713
33.706 0.3023341696
33.708 0.3025494971
33.71 0.3025556996
33.712 0.3027711462
33.714 0.3027774837
33.716 0.3029930373
33.718 0.3029994778
33.72 0.3032151635
33.722 0.3032217261
33.724 0.3034375189
33.726 0.3034442125
33.728 0.3036601261
33.73 0.3036669199
33.732 0.303882936
33.734 0.303889818
33.736 0.3041059307
33.738 0.3041129389
33.74 0.3043291691
33.742 0.3043362855
33.744 0.3045526444
33.746 0.3045599156
33.748 0.3047764115
33.75 0.3047838118
33.752 0.3050004657
33.754 0.3050080111
33.756 0.3052248012
33.758 0.3052324961
33.76 0.3054494377
33.762 0.3054572829
33.764 0.3056743797
33.766 0.305682372
33.768 0.3058996158
33.77 0.3059077681
33.772 0.3061251584
33.774 0.306133469
33.776 0.3063510356
33.778 0.3063594948
33.78 0.3065772115
33.782 0.3065858435
33.784 0.3068037303
33.786 0.3068125018
33.788 0.3070305305
33.79 0.307039447
33.792 0.3072575909
33.794 0.3072666342
33.796 0.3074849473
33.798 0.3074941662
33.8 0.3077126218
33.802 0.3077219835
33.804 0.3079406177
33.806 0.307950147
33.808 0.3081689341
33.81 0.3081786412
33.812 0.3083975997
33.814 0.3084072721
33.816 0.3086262222
33.818 0.3086360219
33.82 0.308855148
33.822 0.3088651776
33.824 0.3090845404
33.826 0.3090948502
33.828 0.3093144641
33.83 0.3093250129
33.832 0.3095448565
33.834 0.3095556486
33.836 0.3097757295
33.838 0.3097867577
33.84 0.3100070914
33.842 0.3100183786
33.844 0.3102389615
33.846 0.3102504962
33.848 0.3104713349
33.85 0.3104831293
33.852 0.3107041941
33.854 0.3107161941
33.856 0.3109374604
33.858 0.3109496686
33.86 0.3111711553
33.862 0.3111835843
33.864 0.3114052595
33.866 0.3114178689
33.868 0.3116397444
33.87 0.3116525747
33.872 0.3118746714
33.874 0.3118877121
33.876 0.3121100198
33.878 0.3121232839
33.88 0.3123458302
33.882 0.312359301
33.884 0.3125820523
33.886 0.3125957448
33.888 0.3128187027
33.89 0.3128325724
33.892 0.3130557105
33.894 0.3130697583
33.896 0.3132930806
33.898 0.3133073401
33.9 0.3135308603
33.902 0.3135453051
33.904 0.3137690262
33.906 0.313783656
33.908 0.3140075684
33.91 0.3140224043
33.912 0.3142464892
33.914 0.3142614668
33.916 0.3144857083
33.918 0.3145008684
33.92 0.3147252856
33.922 0.3147404059
33.924 0.3149647201
33.926 0.314979871
33.928 0.3152042753
33.93 0.3152195783
33.932 0.3154441622
33.934 0.3154596471
33.936 0.3156843973
33.938 0.3157000487
33.94 0.3159249788
33.942 0.3159408349
33.944 0.3161659858
33.946 0.3161820417
33.948 0.316407381
33.95 0.3164236375
33.952 0.3166491615
33.954 0.3166655993
33.956 0.3168913133
33.958 0.3169079515
33.96 0.3171338752
33.962 0.3171507321
33.964 0.3173768739
33.966 0.3173939211
33.968 0.31762024
33.97 0.3176374862
33.972 0.3178640289
33.974 0.3178814918
33.976 0.3181082324
33.978 0.318125897
33.98 0.318352852
33.982 0.318370715
33.984 0.3185978705
33.986 0.3186159538
33.988 0.318843308
33.99 0.3188615868
33.992 0.3190891616
33.994 0.3191076646
33.996 0.3193354322
33.998 0.3193541012
34 0.3195820662
34.002 0.3196009544
34.004 0.3198291333
34.006 0.3198482253
34.008 0.320076599
34.01 0.3200958657
34.012 0.3203244066
34.014 0.3203438376
34.016 0.3205725573
34.018 0.3205921861
34.02 0.3208210904
34.022 0.3208408712
34.024 0.321069921
34.026 0.3210898665
34.028 0.3213190667
34.03 0.3213391625
34.032 0.3215685243
34.034 0.3215887736
34.036 0.3218182802
34.038 0.3218386781
34.04 0.3220683353
34.042 0.3220888579
34.044 0.3223186256
34.046 0.3223392695
34.048 0.3225691792
34.05 0.3225899735
34.052 0.3228200214
34.054 0.32284094
34.056 0.3230711124
34.058 0.3230921636
34.06 0.3233224669
34.062 0.3233436249
34.064 0.323574019
34.066 0.3235952816
34.068 0.3238258025
34.07 0.3238471886
34.072 0.3240778123
34.074 0.3240992957
34.076 0.3243300401
34.078 0.3243516557
34.08 0.3245825155
34.082 0.3246042223
34.084 0.324835171
34.086 0.3248569672
34.088 0.3250880042
34.09 0.3251098918
34.092 0.3253410236
34.094 0.3253630155
34.096 0.325594251
34.098 0.3256163291
34.1 0.3258476486
34.102 0.3258698302
34.104 0.3261012653
34.106 0.3261235414
34.108 0.3263550562
34.11 0.3263774218
34.112 0.326609018
34.114 0.3266314646
34.116 0.3268631649
34.118 0.3268857168
34.12 0.3271175008
34.122 0.3271401374
34.124 0.3273720181
34.126 0.3273947195
34.128 0.327626663
34.13 0.3276494627
34.132 0.3278814982
34.134 0.3279043812
34.136 0.3281365207
34.138 0.3281595009
34.14 0.3283917233
34.142 0.3284147935
34.144 0.328647097
34.146 0.3286702495
34.148 0.3289026481
34.15 0.3289258805
34.152 0.3291583553
34.154 0.3291816809
34.156 0.3294142389
34.158 0.3294376344
34.16 0.3296702624
34.162 0.329693736
34.164 0.329926454
34.166 0.3299500009
34.168 0.330182788
34.17 0.3302064165
34.172 0.3304392744
34.174 0.3304629627
34.176 0.3306958836
34.178 0.3307196505
34.18 0.3309526591
34.182 0.3309764908
34.184 0.3312095548
34.186 0.3312334453
34.188 0.3314665616
34.19 0.3314904986
34.192 0.3317236715
34.194 0.3317476787
34.196 0.3319809105
34.198 0.3320049652
34.2 0.3322382454
34.202 0.3322623464
34.204 0.3324956754
34.206 0.3325198212
34.208 0.3327531908
34.21 0.3327773777
34.212 0.333010792
34.214 0.3330350199
34.216 0.3332684725
34.218 0.3332927439
34.22 0.3335262427
34.222 0.3335505551
34.224 0.3337840992
34.226 0.3338084587
34.228 0.3340420457
34.23 0.3340664481
34.232 0.3343000759
34.234 0.3343245165
34.236 0.3345581858
34.238 0.3345826662
34.24 0.3348163737
34.242 0.3348408888
34.244 0.3350746408
34.246 0.3350992013
34.248 0.3353329846
34.25 0.3353575688
34.252 0.3355913786
34.254 0.3356159879
34.256 0.3358498205
34.258 0.3358744499
34.26 0.3361083028
34.262 0.3361329513
34.264 0.3363668176
34.266 0.3363914787
34.268 0.3366253567
34.27 0.3366500262
34.272 0.3368839103
34.274 0.3369085834
34.276 0.3371424665
34.278 0.3371671242
34.28 0.3374009958
34.282 0.3374256451
34.284 0.3376595086
34.286 0.3376841498
34.288 0.3379180043
34.29 0.337942627
34.292 0.3381764508
34.294 0.3382010511
34.296 0.3384348579
34.298 0.3384594372
34.3 0.3386932154
34.302 0.3387177539
34.304 0.3389514994
34.306 0.3389760121
34.308 0.3392097315
34.31 0.3392342099
34.312 0.3394678817
34.314 0.3394923197
34.316 0.3397259522
34.318 0.3397503383
34.32 0.3399839304
34.322 0.3400082772
34.324 0.3402418199
34.326 0.3402661256
34.328 0.3404996261
34.33 0.3405238756
34.332 0.3407573305
34.334 0.3407815346
34.336 0.3410149251
34.338 0.3410390632
34.34 0.3412724054
34.342 0.3412964961
34.344 0.34152978
34.346 0.3415538191
34.348 0.3417870531
34.35 0.3418110231
34.352 0.3420441878
34.354 0.3420681041
34.356 0.3423012152
34.358 0.3423250588
34.36 0.3425580921
34.362 0.3425818633
34.364 0.3428148378
34.366 0.3428385467
34.368 0.3430714384
34.37 0.343095056
34.372 0.3433278652
34.374 0.3433514149
34.376 0.3435841569
34.378 0.343607619
34.38 0.3438402671
34.382 0.3438636361
34.384 0.3440961902
34.386 0.3441194689
34.388 0.3443519485
34.39 0.3443751511
34.392 0.3446075396
34.394 0.344630644
34.396 0.3448629347
34.398 0.3448859382
34.4 0.3451181284
34.402 0.3451410293
34.404 0.3453731172
34.406 0.345395915
34.408 0.3456279022
34.41 0.3456505981
34.412 0.3458824828
34.414 0.3459050748
34.416 0.3461368568
34.418 0.3461593462
34.42 0.3463910264
34.422 0.3464134137
34.424 0.3466449921
34.426 0.3466673118
34.428 0.3468988245
34.43 0.3469210712
34.432 0.3471525379
34.434 0.3471747429
34.436 0.3474061578
34.438 0.347428302
34.44 0.3476596574
34.442 0.3476817374
34.444 0.3479130276
34.446 0.3479350017
34.448 0.3481661829
34.45 0.3481880844
34.452 0.3484192014
34.454 0.3484410256
34.456 0.3486720582
34.458 0.3486937963
34.46 0.3489247382
34.462 0.3489463798
34.464 0.3491772212
34.466 0.3491987582
34.468 0.3494294918
34.47 0.3494509158
34.472 0.3496815327
34.474 0.3497028353
34.476 0.3499333292
34.478 0.3499545044
34.48 0.3501848654
34.482 0.350205903
34.484 0.3504361241
34.486 0.3504570174
34.488 0.350687091
34.49 0.3507078336
34.492 0.3509377528
34.494 0.3509583351
34.496 0.3511880918
34.498 0.3512085086
34.5 0.351438098
34.502 0.3514583461
34.504 0.3516877652
34.506 0.3517078378
34.508 0.3519370798
34.51 0.3519569729
34.512 0.3521860365
34.514 0.352205749
34.516 0.3524346291
34.518 0.3524541557
34.52 0.3526828501
34.522 0.3527021916
34.524 0.3529307007
34.526 0.3529498534
34.528 0.3531781738
34.53 0.3531971385
34.532 0.3534252715
34.534 0.3534440453
34.536 0.3536719875
34.538 0.3536905719
34.54 0.3539183251
34.542 0.3539367173
34.544 0.3541642804
34.546 0.3541824823
34.548 0.3544098544
34.55 0.3544278644
34.552 0.3546550484
34.554 0.3546728691
34.556 0.3548998616
34.558 0.3549174931
34.56 0.3551442974
34.562 0.3551617372
34.564 0.355388353
34.566 0.3554056038
34.568 0.3556320296
34.57 0.355649091
34.572 0.3558753274
34.574 0.3558921997
34.576 0.3561182474
34.578 0.3561349282
34.58 0.3563607867
34.582 0.3563772781
34.584 0.3566029473
34.586 0.3566192482
34.588 0.356844726
34.59 0.3568608361
34.592 0.3570861236
34.594 0.3571020424
34.596 0.3573271489
34.598 0.3573428864
34.6 0.3575678001
34.602 0.3575833415
34.604 0.3578080618
34.606 0.35782341
34.608 0.3580479374
34.61 0.3580630928
34.612 0.3582874276
34.614 0.3583023893
34.616 0.3585265298
34.618 0.3585412972
34.62 0.3587652445
34.622 0.3587798189
34.624 0.359003576
34.626 0.3590179597
34.628 0.359241527
34.63 0.35925572
34.632 0.3594790984
34.634 0.3594931031
34.636 0.3597162933
34.638 0.3597301089
34.64 0.3599531122
34.642 0.3599667398
34.644 0.360189557
34.646 0.3602029967
34.648 0.3604256266
34.65 0.3604388785
34.652 0.3606613225
34.654 0.3606743917
34.656 0.3608966545
34.658 0.3609095409
34.66 0.3611316235
34.662 0.3611443298
34.664 0.3613662318
34.666 0.3613787567
34.668 0.3616004783
34.67 0.361612824
34.672 0.3618343803
34.674 0.3618465598
34.676 0.3620679395
34.678 0.3620799409
34.68 0.362301147
34.682 0.3623129744
34.684 0.3625340081
34.686 0.3625456648
34.688 0.3627665335
34.69 0.362778033
34.692 0.3629987504
34.694 0.3630100976
34.696 0.3632306624
34.698 0.3632418571
34.7 0.3634622724
34.702 0.3634733178
34.704 0.3636935857
34.706 0.3637044841
34.708 0.3639246062
34.71 0.3639353597
34.712 0.3641553224
34.714 0.3641658975
34.716 0.3643856872
34.718 0.3643960998
34.72 0.3646157772
34.722 0.3646260909
34.724 0.3648456147
34.726 0.3648557562
34.728 0.3650751206
34.73 0.3650851081
34.732 0.3653043236
34.734 0.3653141636
34.736 0.3655332331
34.738 0.3655429287
34.74 0.3657618533
34.742 0.3657714042
34.744 0.3659901935
34.746 0.3659996122
34.748 0.3662183064
34.75 0.3662276434
34.752 0.3664462133
34.754 0.3664554169
34.756 0.3666738639
34.758 0.366682928
34.76 0.3669012329
34.762 0.3669101563
34.764 0.367128316
34.766 0.3671370956
34.768 0.3673551578
34.77 0.3673638572
34.772 0.3675817929
34.774 0.3675903507
34.776 0.3678081723
34.778 0.3678166202
34.78 0.3680343212
34.782 0.3680426448
34.784 0.3682602744
34.786 0.3682685489
34.788 0.3684860821
34.79 0.36849424
34.792 0.368711666
34.794 0.3687197225
34.796 0.3689370575
34.798 0.3689450586
34.8 0.3691623463
34.802 0.3691702555
34.804 0.3693874499
34.806 0.3693952835
34.808 0.3696123935
34.81 0.3696201517
34.812 0.3698372419
34.814 0.3698449807
34.816 0.3700619939
34.818 0.3700696588
34.82 0.3702866115
34.822 0.3702942067
34.824 0.3705111401
34.826 0.3705187338
34.828 0.370735614
34.83 0.3707431527
34.832 0.37096
34.834 0.3709675414
34.836 0.3711843922
34.838 0.3711918812
34.84 0.3714086846
34.842 0.3714161395
34.844 0.3716329452
34.846 0.3716404137
34.848 0.3718571855
34.85 0.3718646198
34.852 0.3720813811
34.854 0.3720888402
34.856 0.3723056272
34.858 0.3723130694
34.86 0.3725298284
34.862 0.3725372553
34.864 0.3727540373
34.866 0.3727615048
34.868 0.3729782844
34.87 0.3729857329
34.872 0.3732025554
34.874 0.3732100626
34.876 0.3734268858
34.878 0.3734345512
34.88 0.3736515284
34.882 0.3736592756
34.884 0.3738762859
34.886 0.3738839642
34.888 0.3741009035
34.89 0.3741085437
34.892 0.3743254754
34.894 0.3743330416
34.896 0.3745499003
34.898 0.3745574313
34.9 0.3747742801
34.902 0.3747817526
34.904 0.3749985406
34.906 0.3750060179
34.908 0.3752228259
34.91 0.3752302653
34.912 0.3754470342
34.914 0.3754544775
34.916 0.375671269
34.918 0.3756787022
34.92 0.3758954981
34.922 0.3759029724
34.924 0.376119784
34.926 0.3761272483
34.928 0.3763440859
34.93 0.3763515934
34.932 0.3765684523
34.934 0.3765759626
34.936 0.3767928822
34.938 0.3768004806
34.94 0.3770174376
34.942 0.377025091
34.944 0.3772421247
34.946 0.3772498129
34.948 0.3774669187
34.95 0.3774747095
34.952 0.3776918845
34.954 0.3776997217
34.956 0.3779169815
34.958 0.3779249313
34.96 0.3781422698
34.962 0.3781503151
34.964 0.3783677786
34.966 0.3783759208
34.968 0.3785935005
34.97 0.3786017619
34.972 0.3788194243
34.974 0.3788278042
34.976 0.3790456132
34.978 0.3790541079
34.98 0.3792720215
34.982 0.379280652
34.984 0.379498715
34.986 0.3795074619
34.988 0.3797256682
34.99 0.3797345878
34.992 0.3799529285
34.994 0.3799619916
34.996 0.3801804949
34.998 0.3801896784
35 0.3804083271
35.002 0.3804176946
35.004 0.3806364864
35.006 0.3806459994
35.008 0.3808649591
35.01 0.3808746035
35.012 0.3810937173
35.014 0.3811035457
35.016 0.3813227999
35.018 0.3813327714
35.02 0.3815521947
35.022 0.3815622966
35.024 0.3817818685
35.026 0.3817921493
35.028 0.3820118918
35.03 0.3820223165
35.032 0.3822421714
35.034 0.3822527433
35.036 0.3824727699
35.038 0.3824834766
35.04 0.3827036603
35.042 0.3827145358
35.044 0.382934842
35.046 0.3829458642
35.048 0.3831663563
35.05 0.3831775503
35.052 0.3833981989
35.054 0.3834095121
35.056 0.3836303065
35.058 0.3836417888
35.06 0.3838627235
35.062 0.3838743653
35.064 0.3840954761
35.066 0.3841072825
35.068 0.3843284809
35.07 0.3843402582
35.072 0.3845614444
35.074 0.3845732425
35.076 0.3847944165
35.078 0.3848062159
35.08 0.3850274287
35.082 0.3850392705
35.084 0.3852605184
35.086 0.3852723592
35.088 0.3854936343
35.09 0.3855055415
35.092 0.3857268817
35.094 0.3857388447
35.096 0.3859602117
35.098 0.385972231
35.1 0.3861937007
35.102 0.3862058205
35.104 0.38642738
35.106 0.3864395509
35.108 0.3866611921
35.11 0.3866734863
35.112 0.3868952471
35.114 0.3869076511
35.116 0.3871294957
35.118 0.3871420118
35.12 0.3873640055
35.122 0.3873766665
35.124 0.3875988002
35.126 0.3876115677
35.128 0.3878338331
35.13 0.3878467698
35.132 0.3880692056
35.134 0.3880823005
35.136 0.3883048826
35.138 0.3883181266
35.14 0.3885408544
35.142 0.3885542719
35.144 0.3887771821
35.146 0.3887907696
35.148 0.3890138684
35.15 0.3890276479
35.152 0.3892510035
35.154 0.3892650183
35.156 0.3894886024
35.158 0.3895028532
35.16 0.3897266404
35.162 0.3897410786
35.164 0.3899650468
35.166 0.3899796702
35.168 0.3902037934
35.17 0.3902185935
35.172 0.3904429068
35.174 0.390457887
35.176 0.3906823872
35.178 0.3906975539
35.18 0.3909222311
35.182 0.3909375713
35.184 0.3911624198
35.186 0.3911779077
35.188 0.3914029328
35.19 0.3914186085
35.192 0.3916438021
35.194 0.3916596535
35.196 0.3918850302
35.198 0.3919010553
35.2 0.3921265982
35.202 0.3921427847
35.204 0.3923684715
35.206 0.3923848268
35.208 0.3926106902
35.21 0.3926272079
35.212 0.3928532458
35.214 0.3928699384
35.216 0.3930961376
35.218 0.3931129878
35.22 0.3933393479
35.222 0.393356369
35.224 0.3935828893
35.226 0.3936000567
35.228 0.3938267322
35.23 0.3938440347
35.232 0.3940708703
35.234 0.3940883379
35.236 0.3943153244
35.238 0.3943329575
35.24 0.3945601154
35.242 0.3945778963
35.244 0.3948052046
35.246 0.3948231382
35.248 0.3950506044
35.25 0.3950686915
35.252 0.3952963098
35.254 0.3953145445
35.256 0.395542328
35.258 0.3955607292
35.26 0.3957886582
35.262 0.3958072104
35.264 0.3960353027
35.266 0.3960540064
35.268 0.3962822508
35.27 0.3963010898
35.272 0.3965294514
35.274 0.3965484328
35.276 0.3967769637
35.278 0.3967961023
35.28 0.3970247684
35.282 0.3970440591
35.284 0.3972728731
35.286 0.397292285
35.288 0.3975212363
35.29 0.3975408003
35.292 0.397769887
35.294 0.3977895788
35.296 0.3980188034
35.298 0.3980386309
35.3 0.3982679962
35.302 0.3982879534
35.304 0.3985174384
35.306 0.3985375285
35.308 0.3987671548
35.31 0.3987873974
35.312 0.3990171653
35.314 0.399037515
35.316 0.3992674049
35.318 0.3992878818
35.32 0.3995179028
35.322 0.3995384995
35.324 0.3997686685
35.326 0.3997894162
35.328 0.4000197097
35.33 0.4000405689
35.332 0.4002709584
35.334 0.4002919415
35.336 0.4005224745
35.338 0.4005435918
35.34 0.4007742483
35.342 0.400795485
35.344 0.401026246
35.346 0.4010475907
35.348 0.4012784741
35.35 0.4012999349
35.352 0.4015309191
35.354 0.4015524819
35.356 0.4017835945
35.358 0.4018052791
35.36 0.4020364964
35.362 0.4020582619
35.364 0.402289586
35.366 0.402311469
35.368 0.4025429047
35.37 0.4025648906
35.372 0.4027964092
35.374 0.4028184949
35.376 0.40305013
35.378 0.4030722977
35.38 0.4033040146
35.382 0.4033262979
35.384 0.4035580997
35.386 0.4035804395
35.388 0.4038123382
35.39 0.4038347768
35.392 0.4040667524
35.394 0.4040892567
35.396 0.4043212869
35.398 0.4043438702
35.4 0.4045759986
35.402 0.4045986909
35.404 0.4048308916
35.406 0.4048536288
35.408 0.4050858901
35.41 0.4051086688
35.412 0.4053409828
35.414 0.4053638288
35.416 0.4055961996
35.418 0.4056191039
35.42 0.4058515155
35.422 0.405874456
35.424 0.4061069148
35.426 0.4061298953
35.428 0.4063623879
35.43 0.4063854074
35.432 0.4066179787
35.434 0.406641031
35.436 0.4068736172
35.438 0.4068967074
35.44 0.4071293293
35.442 0.4071524215
35.444 0.4073850384
35.446 0.407408156
35.448 0.4076408137
35.45 0.4076639491
35.452 0.4078966027
35.454 0.4079197831
35.456 0.4081524725
35.458 0.4081756412
35.46 0.4084083011
35.462 0.4084314582
35.464 0.4086641361
35.466 0.4086872932
35.468 0.4089199472
35.47 0.4089430977
35.472 0.4091757891
35.474 0.4091989461
35.476 0.4094316039
35.478 0.409454713
35.48 0.4096873684
35.482 0.4097104783
35.484 0.4099431074
35.486 0.409966214
35.488 0.4101988416
35.49 0.410221923
35.492 0.4104545026
35.494 0.4104775338
35.496 0.4107100911
35.498 0.410733112
35.5 0.4109656599
35.502 0.4109886396
35.504 0.4112211379
35.506 0.4112440965
35.508 0.4114765592
35.51 0.4114994807
35.512 0.4117319102
35.514 0.4117547856
35.516 0.4119871692
35.518 0.412009986
35.52 0.4122423157
35.522 0.4122650814
35.524 0.4124974013
35.526 0.4125201302
35.528 0.4127523878
35.53 0.4127750527
35.532 0.413007247
35.534 0.4130298893
35.536 0.4132620496
35.538 0.41328462
35.54 0.4135167097
35.542 0.413539223
35.544 0.4137712941
35.546 0.4137937578
35.548 0.4140257478
35.55 0.4140481374
35.552 0.4142800754
35.554 0.4143024421
35.556 0.4145343198
35.558 0.4145565984
35.56 0.4147884122
35.562 0.4148105073
35.564 0.4150419678
35.566 0.415063739
35.568 0.4152950252
35.57 0.4153167004
35.572 0.4155478794
35.574 0.4155694445
35.576 0.4158005396
35.578 0.4158220339
35.58 0.4160530892
35.582 0.416074536
35.584 0.4163055513
35.586 0.4163269969
35.588 0.4165578535
35.59 0.4165789351
35.592 0.4168095045
35.594 0.4168304835
35.596 0.4170610111
35.598 0.4170819209
35.6 0.417312394
35.602 0.4173333016
35.604 0.4175637643
35.606 0.4175845222
35.608 0.417814701
35.61 0.4178352195
35.612 0.4180653049
35.614 0.41808579
35.616 0.4183158434
35.618 0.418336347
35.62 0.4185664311
35.622 0.4185867976
35.624 0.4188166173
35.626 0.4188367872
35.628 0.4190665546
35.63 0.4190867366
35.632 0.4193165079
35.634 0.419336579
35.636 0.4195661121
35.638 0.4195859674
35.64 0.4198154306
35.642 0.4198353171
35.644 0.4200648072
35.646 0.4200846013
35.648 0.420313845
35.65 0.4203334436
35.652 0.4205626633
35.654 0.4205823119
35.656 0.4208115666
35.658 0.4208311347
35.66 0.4210601648
35.662 0.4210795542
35.664 0.4213085601
35.666 0.421328002
35.668 0.421556941
35.67 0.4215761237
35.672 0.4218048872
35.674 0.4218240436
35.676 0.422052832
35.678 0.4220719376
35.68 0.4223004608
35.682 0.4223193546
35.684 0.4225478961
35.686 0.4225666831
35.688 0.4227949134
35.69 0.4228135157
35.692 0.42304174
35.694 0.4230602244
35.696 0.4232881553
35.698 0.4233064521
35.7 0.4235343439
35.702 0.423552508
35.704 0.4237801389
35.706 0.4237981034
35.708 0.4240256878
35.71 0.4240435764
35.712 0.4242708984
35.714 0.4242886004
35.716 0.4245159407
35.718 0.4245335749
35.72 0.4247606454
35.722 0.4247780958
35.724 0.4250050531
35.726 0.4250222147
35.728 0.4252489781
35.73 0.4252661825
35.732 0.4254929083
35.734 0.4255098522
35.736 0.4257364089
35.738 0.4257532854
35.74 0.42597959
35.742 0.4259962592
35.744 0.4262224937
35.746 0.4262389734
35.748 0.4264650484
35.75 0.4264813882
35.752 0.4267072377
35.754 0.4267234658
35.756 0.4269492418
35.758 0.4269652261
35.76 0.4271908604
35.762 0.4272067926
35.764 0.4274322094
35.766 0.427447985
35.768 0.4276733555
35.77 0.4276889652
35.772 0.4279141977
35.774 0.427929711
35.776 0.4281547632
35.778 0.4281702072
35.78 0.4283952168
35.782 0.4284104455
35.784 0.4286353486
35.786 0.4286505627
35.788 0.428875288
35.79 0.4288902573
35.792 0.4291147741
35.794 0.4291296788
35.796 0.4293541496
35.798 0.4293688281
35.8 0.4295932363
35.802 0.4296079755
35.804 0.4298322777
35.806 0.4298467959
35.808 0.4300708495
35.81 0.4300853
35.812 0.4303093709
35.814 0.4303236605
35.816 0.4305474879
35.818 0.4305615761
35.82 0.4307853664
35.822 0.4307994649
35.824 0.4310231136
35.826 0.4310370144
35.828 0.4312604931
35.83 0.4312742297
35.832 0.4314975301
35.834 0.4315111808
35.836 0.4317344438
35.838 0.431747961
35.84 0.4319710813
35.842 0.4319844647
35.844 0.4322074147
35.846 0.432220609
35.848 0.4324434221
35.85 0.432456483
35.852 0.4326792796
35.854 0.4326923801
35.856 0.4329150417
35.858 0.4329279707
35.86 0.4331505305
35.862 0.4331633589
35.864 0.4333858284
35.866 0.4333985697
35.868 0.4336208768
35.87 0.4336334425
35.872 0.4338556453
35.874 0.4338681162
35.876 0.4340901921
35.878 0.4341025428
35.88 0.43432452
35.882 0.4343367696
35.884 0.434558656
35.886 0.4345708092
35.888 0.4347926084
35.89 0.4348046786
35.892 0.4350264021
35.894 0.4350383731
35.896 0.435259995
35.898 0.4352719291
35.9 0.4354935223
35.902 0.4355054106
35.904 0.4357269536
35.906 0.4357387808
35.908 0.435960277
35.91 0.4359720319
35.912 0.4361934769
35.914 0.4362052453
35.916 0.4364266699
35.918 0.4364383881
35.92 0.4366597973
35.922 0.4366715093
35.924 0.4368928989
35.926 0.4369045984
35.928 0.4371259716
35.93 0.4371376153
35.932 0.4373589621
35.934 0.4373706135
35.936 0.437591938
35.938 0.437603561
35.94 0.4378248858
35.942 0.4378365299
35.944 0.4380578763
35.946 0.4380695135
35.948 0.438290857
35.95 0.4383024872
35.952 0.4385237956
35.954 0.4385353729
35.956 0.4387566955
35.958 0.4387683248
35.96 0.4389896702
35.962 0.439001282
35.964 0.4392226086
35.966 0.43923423
35.968 0.4394555672
35.97 0.4394671884
35.972 0.439688547
35.974 0.439700198
35.976 0.4399215625
35.978 0.4399332146
35.98 0.4401545605
35.982 0.4401661863
35.984 0.4403875363
35.986 0.4403991612
35.988 0.440620501
35.99 0.4406321046
35.992 0.440853429
35.994 0.4408650258
35.996 0.4410863557
35.998 0.441097935
36 0.4413192337
36.002 0.4413308077
36.004 0.4415521018
36.006 0.4415636684
36.008 0.441784972
36.01 0.4417965302
36.012 0.4420178259
36.014 0.4420293557
36.016 0.4422506162
36.018 0.4422621352
36.02 0.4424833803
36.022 0.4424948634
36.024 0.4427160844
36.026 0.4427275797
36.028 0.4429488259
36.03 0.4429603055
36.032 0.4431815078
36.034 0.4431929531
36.036 0.4434141334
36.038 0.4434255473
36.04 0.4436467003
36.042 0.4436580912
36.044 0.4438792066
36.046 0.4438905625
36.048 0.4441116811
36.05 0.4441230563
36.052 0.4443440103
36.054 0.4443551268
36.056 0.4445759826
36.058 0.4445870255
36.06 0.444807806
36.062 0.4448188082
36.064 0.4450395538
36.066 0.4450505
36.068 0.4452712015
36.07 0.4452821256
36.072 0.4455028266
36.074 0.4455136297
36.076 0.4457341204
36.078 0.4457448329
36.08 0.445965266
36.082 0.4459759173
36.084 0.4461963357
36.086 0.4462069661
36.088 0.4464272292
36.09 0.4464376663
36.092 0.44665791
36.094 0.4466683874
36.096 0.446888628
36.098 0.446899081
36.1 0.4471193348
36.102 0.4471296772
36.104 0.4473497826
36.106 0.447360112
36.108 0.4475802207
36.11 0.4475905504
36.112 0.4478105304
36.114 0.4478206879
36.116 0.4480406583
36.118 0.4480508687
36.12 0.4482708823
36.122 0.4482809732
36.124 0.4485008159
36.126 0.4485108922
36.128 0.4487307667
36.13 0.448740885
36.132 0.4489606758
36.134 0.4489706425
36.136 0.4491904253
36.138 0.4492004407
36.14 0.4494202818
36.142 0.449430219
36.144 0.4496499723
36.146 0.4496599589
36.148 0.4498796125
36.15 0.4498894473
36.152 0.4501091007
36.154 0.450118973
36.156 0.4503386951
36.158 0.4503484993
36.16 0.4505680979
36.162 0.4505779468
36.164 0.4507975388
36.166 0.4508073694
36.168 0.4510271494
36.17 0.4510371162
36.172 0.4512568852
36.174 0.4512668089
36.176 0.4514866129
36.178 0.4514967248
36.18 0.4517166607
36.182 0.451726908
36.184 0.4519471825
36.186 0.4519577179
36.188 0.4521781223
36.19 0.4521889089
36.192 0.4524097598
36.194 0.4524208791
36.196 0.4526419056
36.198 0.4526533168
36.2 0.4528747871
36.202 0.4528865216
36.204 0.4531081217
36.206 0.4531199425
36.208 0.4533417558
36.21 0.4533539723
36.212 0.453576073
36.214 0.453588394
36.216 0.4538106195
36.218 0.4538231839
36.22 0.4540457968
36.222 0.454058657
36.224 0.4542813799
36.226 0.4542943128
36.228 0.454517107
36.23 0.4545302114
36.232 0.4547533689
36.234 0.4547667969
36.236 0.4549900714
36.238 0.4550035141
36.24 0.4552267708
36.242 0.4552403308
36.244 0.4554638831
36.246 0.4554776355
36.248 0.4557011832
36.25 0.4557149124
36.252 0.4559383889
36.254 0.4559519698
36.256 0.4561754257
36.258 0.4561891675
36.26 0.456412692
36.262 0.4564262956
36.264 0.4566496308
36.266 0.4566630531
36.268 0.4568861713
36.27 0.4568994372
36.272 0.4571227178
36.274 0.4571362851
36.276 0.4573596278
36.278 0.4573730602
36.28 0.4575962325
36.282 0.4576093998
36.284 0.4578321828
36.286 0.4578450236
36.288 0.4580676348
36.29 0.4580801518
36.292 0.4583022077
36.294 0.4583141575
36.296 0.4585357656
36.298 0.4585473692
36.3 0.4587685254
36.302 0.4587794606
36.304 0.4589999235
36.306 0.4590103101
36.308 0.4592304555
36.31 0.459240424
36.312 0.4594598941
36.314 0.459469295
36.316 0.459688412
36.318 0.4596973898
36.32 0.459915938
36.322 0.4599244499
36.324 0.4601427253
36.326 0.4601508599
36.328 0.4603685709
36.33 0.4603762723
36.332 0.4605938254
36.334 0.4606012821
36.336 0.4608183498
36.338 0.4608254403
36.34 0.4610424015
36.342 0.4610493205
36.344 0.4612659548
36.346 0.461272645
36.348 0.4614892184
36.35 0.4614957896
36.352 0.4617120854
36.354 0.4617185307
36.356 0.4619349446
36.358 0.4619413946
36.36 0.4621576172
36.362 0.4621638737
36.364 0.4623800824
36.366 0.462386561
36.368 0.4626028913
36.37 0.4626091169
36.372 0.4628251193
36.374 0.4628312927
36.376 0.4630473531
36.378 0.4630534834
36.38 0.4632695071
36.382 0.4632756469
36.384 0.46349188
36.386 0.4634985289
36.388 0.463715208
36.39 0.4637220948
36.392 0.4639390192
36.394 0.4639461985
36.396 0.4641634574
36.398 0.4641709527
36.4 0.4643885164
36.402 0.4643964785
36.404 0.4646147216
36.406 0.4646233414
36.408 0.4648420838
36.41 0.4648511271
36.412 0.4650702819
36.414 0.4650797838
36.416 0.4652993736
36.418 0.4653092388
36.42 0.4655291785
36.422 0.4655394161
36.424 0.4657597805
36.426 0.4657704007
36.428 0.4659910944
36.43 0.4660020274
36.432 0.4662230879
36.434 0.4662343705
36.436 0.4664557227
36.438 0.4664672851
36.44 0.4666889618
36.442 0.4667008396
36.444 0.4669227489
36.446 0.4669348335
36.448 0.4671569688
36.45 0.4671693093
36.452 0.4673916725
36.454 0.4674041997
36.456 0.4676267405
36.458 0.4676394589
36.46 0.4678621689
36.462 0.4678749812
36.464 0.4680977643
36.466 0.4681106826
36.468 0.4683335753
36.47 0.468346531
36.472 0.4685694403
36.474 0.4685824501
36.476 0.4688054009
36.478 0.4688183926
36.48 0.4690413245
36.482 0.4690543392
36.484 0.4692772774
36.486 0.4692902428
36.488 0.4695131161
36.49 0.4695260695
36.492 0.4697489367
36.494 0.4697618344
36.496 0.4699846761
36.498 0.4699975425
36.5 0.4702203132
36.502 0.4702330841
36.504 0.4704558202
36.506 0.4704685601
36.508 0.4706912253
36.51 0.4707038922
36.512 0.4709265378
36.514 0.4709391722
36.516 0.4711617314
36.518 0.4711743301
36.52 0.4713968513
36.522 0.4714093816
36.524 0.4716318237
36.526 0.4716443387
36.528 0.4718667676
36.53 0.4718792059
36.532 0.4721016047
36.534 0.4721140307
36.536 0.4723363761
36.538 0.4723487339
36.54 0.4725710674
36.542 0.4725834049
36.544 0.4728056898
36.546 0.4728180136
36.548 0.4730403039
36.55 0.4730525895
36.552 0.4732748562
36.554 0.4732871244
36.556 0.4735093462
36.558 0.4735215743
36.56 0.4737438126
36.562 0.4737560508
36.564 0.4739782367
36.566 0.4739904709
36.568 0.4742126651
36.57 0.4742248535
36.572 0.4744470524
36.574 0.4744592565
36.576 0.4746814156
36.578 0.4746936049
36.58 0.4749157798
36.582 0.4749279515
36.584 0.475150127
36.586 0.4751622966
36.588 0.4753844464
36.59 0.4753966243
36.592 0.4756187725
36.594 0.4756309293
36.596 0.4758530932
36.598 0.4758652541
36.6 0.4760873763
36.602 0.4760995464
36.604 0.4763216869
36.606 0.4763338189
36.608 0.4765559573
36.61 0.476568088
36.612 0.4767902003
36.614 0.4768023311
36.616 0.4770245173
36.618 0.4770366678
36.62 0.4772588321
36.622 0.4772709506
36.624 0.4774930612
36.626 0.4775051707
36.628 0.4777272615
36.63 0.4777393097
36.632 0.4779613815
36.634 0.4779734235
36.636 0.4781955115
36.638 0.4782075877
36.64 0.4784296367
36.642 0.4784416096
36.644 0.4786636061
36.646 0.478675544
36.648 0.4788975105
36.65 0.4789094132
36.652 0.479131372
36.654 0.4791433029
36.656 0.4793652019
36.658 0.4793770102
36.66 0.4795988347
36.662 0.4796105821
36.664 0.4798323098
36.666 0.4798439956
36.668 0.4800657371
36.67 0.4800774593
36.672 0.4802991332
36.674 0.4803107113
36.676 0.4805322984
36.678 0.4805438034
36.68 0.4807653784
36.682 0.4807768632
36.684 0.4809983026
36.686 0.481009657
36.688 0.4812310036
36.69 0.4812422473
36.692 0.4814635801
36.694 0.4814748093
36.696 0.4816960385
36.698 0.4817071421
36.7 0.4819282279
36.702 0.4819392409
36.704 0.4821603145
36.706 0.4821713079
36.708 0.4823921833
36.71 0.482402886
36.712 0.4826236473
36.714 0.4826343734
36.716 0.4828551246
36.718 0.4828657618
36.72 0.4830863721
36.722 0.4830969245
36.724 0.4833175392
36.726 0.4833280819
36.728 0.4835485254
36.73 0.4835588031
36.732 0.483779219
36.734 0.4837895404
36.736 0.4840098947
36.738 0.4840201304
36.74 0.4842404556
36.742 0.4842507004
36.744 0.4844708807
36.746 0.4844809183
36.748 0.4847010845
36.75 0.4847111919
36.752 0.4849313049
36.754 0.4849413386
36.756 0.4851615295
36.758 0.4851715232
36.76 0.4853915307
36.762 0.4854014405
36.764 0.4856215183
36.766 0.4856314778
36.768 0.4858514795
36.77 0.4858613874
36.772 0.4860813112
36.774 0.4860911843
36.776 0.4863111806
36.778 0.4863211323
36.78 0.4865410404
36.782 0.486550914
36.784 0.4867708668
36.786 0.4867807338
36.788 0.4870007575
36.79 0.4870106278
36.792 0.4872305405
36.794 0.4872404551
36.796 0.4874604903
36.798 0.4874704249
36.8 0.4876904612
36.802 0.4877003608
36.804 0.4879204093
36.806 0.4879304237
36.808 0.4881504622
36.81 0.4881604913
36.812 0.4883806565
36.814 0.4883907788
36.816 0.4886109636
36.818 0.4886210766
36.82 0.4888413771
36.822 0.4888516467
36.824 0.4890719194
36.826 0.4890821831
36.828 0.4893025866
36.83 0.4893130352
36.832 0.4895334945
36.834 0.4895438888
36.836 0.4897644702
36.838 0.4897749815
36.84 0.4899956114
36.842 0.4900062504
36.844 0.4902271163
36.846 0.4902378898
36.848 0.4904588103
36.85 0.4904697259
36.852 0.490690767
36.854 0.490701684
36.856 0.4909228987
36.858 0.4909339539
36.86 0.4911552424
36.862 0.4911664669
36.864 0.4913879044
36.866 0.4913991934
36.868 0.4916208214
36.87 0.4916322858
36.872 0.4918540276
36.874 0.4918656852
36.876 0.4920875828
36.878 0.4920993114
36.88 0.4923214038
36.882 0.4923332941
36.884 0.4925554627
36.886 0.4925675457
36.888 0.4927898841
36.89 0.4928020436
36.892 0.4930245248
36.894 0.4930368441
36.896 0.4932595244
36.898 0.4932719988
36.9 0.4934947669
36.902 0.4935073489
36.904 0.4937302314
36.906 0.4937430122
36.908 0.4939660511
36.91 0.4939789777
36.912 0.4942021304
36.914 0.494215191
36.916 0.4944385566
36.918 0.4944517901
36.92 0.4946752135
36.922 0.4946885443
36.924 0.4949121397
36.926 0.4949255737
36.928 0.4951492491
36.93 0.4951628356
36.932 0.4953866657
36.934 0.4954003829
36.936 0.4956242949
36.938 0.4956381095
36.94 0.495862213
36.942 0.4958761184
36.944 0.4961002799
36.946 0.4961143728
36.948 0.4963386117
36.95 0.4963527514
36.952 0.4965771169
36.954 0.4965912855
36.956 0.4968155956
36.958 0.4968298888
36.96 0.4970543054
36.962 0.4970686496
36.964 0.4972931873
36.966 0.4973076073
36.968 0.4975322242
36.97 0.4975468021
36.972 0.4977715247
36.974 0.4977861293
36.976 0.4980109615
36.978 0.4980256259
36.98 0.4982505323
36.982 0.4982652973
36.984 0.4984903094
36.986 0.4985049922
36.988 0.4987298997
36.99 0.4987446975
36.992 0.4989697575
36.994 0.4989846011
36.996 0.4992096966
36.998 0.4992246701
37 0.4994498586
37.002 0.4994648333
37.004 0.4996900155
37.006 0.4997051089
37.008 0.4999304236
37.01 0.4999454381
37.012 0.5001706381
37.014 0.5001857445
37.016 0.5004111156
37.018 0.5004263017
37.02 0.500651702
37.022 0.5006669317
37.024 0.5008924189
37.026 0.5009077765
37.028 0.5011332912
37.03 0.5011485392
37.032 0.5013740184
37.034 0.5013893717
37.036 0.5016149828
37.038 0.5016304738
37.04 0.5018562061
37.042 0.5018717059
37.044 0.5020973853
37.046 0.5021127367
37.048 0.5023384628
37.05 0.5023540457
37.052 0.5025798707
37.054 0.5025955299
37.056 0.5028213709
37.058 0.5028370687
37.06 0.5030628758
37.062 0.5030785116
37.064 0.5033044534
37.066 0.5033202059
37.068 0.5035462585
37.07 0.5035621405
37.072 0.5037882152
37.074 0.5038040147
37.076 0.504030142
37.078 0.5040460344
37.08 0.5042722018
37.082 0.5042882415
37.084 0.504514409
37.086 0.5045303804
37.088 0.5047567037
37.09 0.5047727868
37.092 0.5049991858
37.094 0.5050154394
37.096 0.5052418749
37.098 0.5052581273
37.1 0.5054846502
37.102 0.5055010035
37.104 0.5057276823
37.106 0.5057440276
37.108 0.5059706839
37.11 0.5059872329
37.112 0.5062139776
37.114 0.5062306146
37.116 0.5064574719
37.118 0.5064740592
37.12 0.5067010504
37.122 0.5067178427
37.124 0.5069448989
37.126 0.5069617773
37.128 0.5071889205
37.13 0.5072058811
37.132 0.5074331626
37.134 0.5074503241
37.136 0.507677678
37.138 0.5076947523
37.14 0.5079222391
37.142 0.5079395922
37.144 0.508167096
37.146 0.5081844037
37.148 0.5084121316
37.15 0.5084295935
37.152 0.5086573661
37.154 0.508674896
37.156 0.5089027486
37.158 0.5089204091
37.16 0.5091483588
37.162 0.5091660937
37.164 0.5093941602
37.166 0.5094119864
37.168 0.5096401363
37.17 0.5096580913
37.172 0.5098863365
37.174 0.5099043721
37.176 0.5101327473
37.178 0.5101508731
37.18 0.510379326
37.182 0.5103975849
37.184 0.5106261418
37.186 0.5106443962
37.188 0.5108729777
37.19 0.5108914396
37.192 0.5111201292
37.194 0.5111385185
37.196 0.5113672845
37.198 0.5113859235
37.2 0.5116148358
37.202 0.5116334366
37.204 0.5118624242
37.206 0.5118810774
37.208 0.512110554
37.21 0.5121299572
37.212 0.5123598606
37.214 0.512379307
37.216 0.5126091487
37.218 0.5126286246
37.22 0.5128585156
37.222 0.512878047
37.224 0.5131079094
37.226 0.5131273366
37.228 0.5133570619
37.23 0.5133764738
37.232 0.5136061306
37.234 0.513625512
37.236 0.5138552966
37.238 0.5138746397
37.24 0.5141042611
37.242 0.5141235896
37.244 0.514353149
37.246 0.5143723557
37.248 0.5146019661
37.25 0.514621133
37.252 0.5148506655
37.254 0.5148700075
37.256 0.515099529
37.258 0.515118688
37.26 0.5153482505
37.262 0.5153674108
37.264 0.515596854
37.266 0.5156160478
37.268 0.5158454892
37.27 0.5158645903
37.272 0.5160940777
37.274 0.5161131589
37.276 0.5163425616
37.278 0.5163616537
37.28 0.5165910627
37.282 0.5166101803
37.284 0.5168396121
37.286 0.516858721
37.288 0.5170882257
37.29 0.5171073524
37.292 0.5173368206
37.294 0.5173559454
37.296 0.5175854164
37.298 0.5176046763
37.3 0.5178342709
37.302 0.5178534723
37.304 0.5180830349
37.306 0.5181022883
37.308 0.518331963
37.31 0.5183512857
37.312 0.5185809819
37.314 0.5186003306
37.316 0.5188300539
37.318 0.5188495353
37.32 0.5190793538
37.322 0.5190988018
37.324 0.5193286401
37.326 0.5193481537
37.328 0.5195781028
37.33 0.5195976897
37.332 0.519827666
37.334 0.5198473285
37.336 0.5200773222
37.338 0.5200970064
37.34 0.5203270772
37.342 0.5203468703
37.344 0.5205770108
37.346 0.5205968249
37.348 0.5208270381
37.35 0.5208468618
37.352 0.521077084
37.354 0.5210969643
37.356 0.5213272527
37.358 0.5213471433
37.36 0.5215774475
37.362 0.5215974043
37.364 0.5218278066
37.366 0.5218478201
37.368 0.5220782332
37.37 0.5220983039
37.372 0.5223287138
37.374 0.5223487773
37.376 0.5225792365
37.378 0.5225993529
37.38 0.5228298109
37.382 0.5228499169
37.384 0.5230804288
37.386 0.5231005517
37.388 0.5233310662
37.39 0.523351229
37.392 0.5235818018
37.394 0.5236019599
37.396 0.5238325267
37.398 0.5238527304
37.4 0.5240833518
37.402 0.5241035501
37.404 0.5243341636
37.406 0.5243544414
37.408 0.5245851203
37.41 0.5246053567
37.412 0.5248360177
37.414 0.5248563115
37.416 0.5250870344
37.418 0.5251073255
37.42 0.5253380437
37.422 0.5253583809
37.424 0.5255891538
37.426 0.5256094874
37.428 0.525840255
37.43 0.5258606339
37.432 0.5260914558
37.434 0.5261118336
37.436 0.5263426516
37.438 0.5263630729
37.44 0.5265939433
37.442 0.5266143621
37.444 0.526845234
37.446 0.5268657073
37.448 0.5270966305
37.45 0.5271170952
37.452 0.5273480118
37.454 0.5273685243
37.456 0.5275994937
37.458 0.5276200009
37.46 0.5278509592
37.462 0.5278715084
37.464 0.5281025214
37.466 0.5281230685
37.468 0.5283540752
37.47 0.5283746615
37.472 0.5286056361
37.474 0.5286262179
37.476 0.5288572284
37.478 0.5288778063
37.48 0.529108865
37.482 0.5291295031
37.484 0.5293605728
37.486 0.5293812138
37.488 0.5296123311
37.49 0.529632948
37.492 0.5298640222
37.494 0.5298846735
37.496 0.5301157989
37.498 0.5301365162
37.5 0.5303676977
37.502 0.5303884127
37.504 0.5306195229
37.506 0.530640246
37.508 0.5308714661
37.51 0.5308922006
37.512 0.5311234407
37.514 0.5311441614
37.516 0.5313754292
37.518 0.5313962617
37.52 0.5316275511
37.522 0.53164841
37.524 0.5318796997
37.526 0.531900602
37.528 0.532132013
37.53 0.5321529534
37.532 0.5323844242
37.534 0.5324053774
37.536 0.5326368975
37.538 0.532657937
37.54 0.5328895033
37.542 0.5329106506
37.544 0.5331422625
37.546 0.5331634642
37.548 0.5333951642
37.55 0.5334163459
37.552 0.5336481226
37.554 0.5336694797
37.556 0.5339012981
37.558 0.5339226724
37.56 0.5341546083
37.562 0.5341760369
37.564 0.5344080696
37.566 0.5344296755
37.568 0.534661725
37.57 0.5346833698
37.572 0.5349155902
37.574 0.5349373023
37.576 0.5351696142
37.578 0.5351914462
37.58 0.5354237722
37.582 0.5354457075
37.584 0.5356782357
37.586 0.5357002341
37.588 0.5359328063
37.59 0.5359549381
37.592 0.5361875781
37.594 0.5362098235
37.596 0.5364426672
37.598 0.5364649379
37.6 0.5366977703
37.602 0.5367201982
37.604 0.5369532395
37.606 0.5369757463
37.608 0.5372089015
37.61 0.5372315586
37.612 0.5374647568
37.614 0.5374874675
37.616 0.5377208368
37.618 0.5377437514
37.62 0.5379771591
37.622 0.5380001502
37.624 0.538233777
37.626 0.5382568794
37.628 0.5384905618
37.63 0.5385137786
37.632 0.538747624
37.634 0.5387709374
37.636 0.5390048523
37.638 0.5390283353
37.64 0.539262472
37.642 0.5392860159
37.644 0.5395201577
37.646 0.5395438705
37.648 0.5397782418
37.65 0.5398020583
37.652 0.5400364844
37.654 0.5400604226
37.656 0.5402950261
37.658 0.54031908
37.66 0.5405537525
37.662 0.540577898
37.664 0.5408127418
37.666 0.540837058
37.668 0.5410719564
37.67 0.541096342
37.672 0.5413313604
37.674 0.5413559254
37.676 0.5415911588
37.678 0.5416157756
37.68 0.5418510227
37.682 0.5418757469
37.684 0.5421111889
37.686 0.5421361371
37.688 0.5423716747
37.69 0.5423966239
37.692 0.5426322041
37.694 0.5426573278
37.696 0.5428931527
37.698 0.5429183853
37.7 0.5431542545
37.702 0.5431795254
37.704 0.5434154339
37.706 0.5434408832
37.708 0.5436770428
37.71 0.5437025967
37.712 0.5439387928
37.714 0.5439644244
37.716 0.5442006443
37.718 0.5442262979
37.72 0.5444626809
37.722 0.5444885556
37.724 0.5447250261
37.726 0.5447509263
37.728 0.5449874163
37.73 0.5450133327
37.732 0.5452499008
37.734 0.54527598
37.736 0.5455129173
37.738 0.5455396582
37.74 0.5457775462
37.742 0.5458053202
37.744 0.5460442896
37.746 0.5460732457
37.748 0.5463134416
37.75 0.5463436195
37.752 0.5465850328
37.754 0.546616414
37.756 0.5468589675
37.758 0.5468914603
37.76 0.5471351222
37.762 0.5471686781
37.764 0.5474134201
37.766 0.5474480361
37.768 0.5476936556
37.77 0.5477289722
37.772 0.5479752564
37.774 0.5480112123
37.776 0.5482580904
37.778 0.5482945487
37.78 0.5485418366
37.782 0.5485786267
37.784 0.5488261717
37.786 0.5488630967
37.788 0.5491107054
37.79 0.5491476556
37.792 0.5493952249
37.794 0.5494320577
37.796 0.5496794142
37.798 0.5497159381
37.8 0.5499629214
37.802 0.5499989679
37.804 0.5502454254
37.806 0.5502809668
37.808 0.550526888
37.81 0.5505618277
37.812 0.5508071087
37.814 0.5508413786
37.816 0.5510859724
37.818 0.551119503
37.82 0.5513633411
37.822 0.5513961427
37.824 0.55163927
37.826 0.5516713492
37.828 0.5519137403
37.83 0.551945088
37.832 0.5521867635
37.834 0.552217408
37.836 0.5524583446
37.838 0.5524882615
37.84 0.5527285458
37.842 0.552757855
37.844 0.5529975407
37.846 0.5530262743
37.848 0.5532654561
37.85 0.5532937463
37.852 0.5535325128
37.854 0.5535603366
37.856 0.5537986591
37.858 0.5538261175
37.86 0.554064105
37.862 0.5540912219
37.864 0.5543288791
37.866 0.5543556902
37.868 0.5545930565
37.87 0.554619577
37.872 0.5548566748
37.874 0.5548828887
37.876 0.5551196817
37.878 0.5551456458
37.88 0.5553822189
37.882 0.5554079537
37.884 0.5556442882
37.886 0.5556697828
37.888 0.5559058847
37.89 0.5559311469
37.892 0.5561670055
37.894 0.5561920237
37.896 0.5564275998
37.898 0.5564523278
37.9 0.5566876538
37.902 0.5567121598
37.904 0.5569472174
37.906 0.5569713841
37.908 0.5572061027
37.91 0.5572299348
37.912 0.5574643195
37.914 0.5574878132
37.916 0.5577218651
37.918 0.5577450134
37.92 0.5579786737
37.922 0.5580014075
37.924 0.5582346837
37.926 0.5582570388
37.928 0.5584899507
37.93 0.5585119381
37.932 0.5587444826
37.934 0.5587661081
37.936 0.5589983014
37.938 0.5590195682
37.94 0.5592514214
37.942 0.5592723554
37.944 0.5595038758
37.946 0.5595244395
37.948 0.5597556183
37.95 0.5597758934
37.952 0.5600068014
37.954 0.5600268034
37.956 0.560257445
37.958 0.5602772013
37.96 0.5605076111
37.962 0.5605271387
37.964 0.5607573395
37.966 0.5607766744
37.968 0.5610066889
37.97 0.5610258556
37.972 0.5612557219
37.974 0.5612747432
37.976 0.561504483
37.978 0.5615233383
37.98 0.5617529276
37.982 0.5617716918
37.984 0.562001209
37.986 0.5620199268
37.988 0.5622494309
37.99 0.5622681313
37.992 0.5624976245
37.994 0.5625163163
37.996 0.5627457997
37.998 0.5627644881
38 0.5629939793
38.002 0.5630126771
38.004 0.5632421857
38.006 0.5632608946
38.008 0.5634904166
38.01 0.5635091546
38.012 0.5637387162
38.014 0.5637574828
38.016 0.5639870698
38.018 0.5640058885
38.02 0.5642355363
38.022 0.5642544049
38.024 0.5644841247
38.026 0.5645030633
38.028 0.5647328734
38.03 0.5647516672
38.032 0.5649814561
38.034 0.5650005131
38.036 0.5652305515
38.038 0.5652498213
38.04 0.5654799972
38.042 0.5654994464
38.044 0.5657298022
38.046 0.5657494104
38.048 0.5659799495
38.05 0.5659997454
38.052 0.5662304636
38.054 0.5662504596
38.056 0.5664813729
38.058 0.5665015416
38.06 0.5667326617
38.062 0.5667530462
38.064 0.5669843587
38.066 0.5670049254
38.068 0.567236481
38.07 0.5672575388
38.072 0.5674896749
38.074 0.5675109371
38.076 0.5677433062
38.078 0.5677649487
38.08 0.5679976511
38.082 0.568019574
38.084 0.5682524396
38.086 0.5682745026
38.088 0.5685074378
38.09 0.5685295174
38.092 0.568762443
38.094 0.5687845246
38.096 0.5690174321
38.098 0.5690394405
38.1 0.5692722918
38.102 0.5692942315
38.104 0.5695269926
38.106 0.5695485738
38.108 0.5697811168
38.11 0.5698027191
38.112 0.5700352234
38.114 0.5700567962
38.116 0.5702892275
38.118 0.5703107451
38.12 0.5705431243
38.122 0.5705646485
38.124 0.5707970545
38.126 0.5708186123
38.128 0.5710510785
38.13 0.5710727465
38.132 0.571305358
38.134 0.5713269214
38.136 0.5715595751
38.138 0.5715814883
38.14 0.5718145028
38.142 0.5718367684
38.144 0.5720701124
38.146 0.5720927794
38.148 0.5723265604
38.15 0.5723496673
38.152 0.572583916
38.154 0.5726075405
38.156 0.5728423289
38.158 0.5728662148
38.16 0.573101402
38.162 0.5731259662
38.164 0.5733618575
38.166 0.5733871287
38.168 0.5736236534
38.17 0.5736495779
38.172 0.5738867788
38.174 0.5739133758
38.176 0.5741512165
38.178 0.5741784457
38.18 0.5744166571
38.182 0.5744443953
38.184 0.5746833839
38.186 0.5747118273
38.188 0.5749514721
38.19 0.5749804926
38.192 0.5752207509
38.194 0.5752503426
38.196 0.5754911399
38.198 0.5755212314
38.2 0.575762234
38.202 0.5757926541
38.204 0.5760342175
38.206 0.5760651007
38.208 0.5763070948
38.21 0.5763383292
38.212 0.5765806801
38.214 0.5766122124
38.216 0.5768548206
38.218 0.5768863164
38.22 0.5771289727
38.222 0.5771607504
38.224 0.5774036303
38.226 0.5774355673
38.228 0.5776785288
38.23 0.5777105458
38.232 0.5779535611
38.234 0.5779855933
38.236 0.5782283135
38.238 0.5782601335
38.24 0.5785028675
38.242 0.5785346515
38.244 0.5787773726
38.246 0.5788090584
38.248 0.5790516237
38.25 0.5790831035
38.252 0.5793251992
38.254 0.5793563486
38.256 0.5795983595
38.258 0.5796293353
38.26 0.5798711487
38.262 0.5799018585
38.264 0.5801434038
38.266 0.5801738373
38.268 0.5804147862
38.27 0.5804448079
38.272 0.580685573
38.274 0.5807153699
38.276 0.5809558933
38.278 0.5809853919
38.28 0.5812255905
38.282 0.5812547521
38.284 0.5814943466
38.286 0.5815230052
38.288 0.5817624015
38.29 0.581790836
38.292 0.5820299399
38.294 0.5820580197
38.296 0.5822967979
38.298 0.5823242699
38.3 0.5825625983
38.302 0.5825898624
38.304 0.5828278993
38.306 0.5828548662
38.308 0.5830925737
38.31 0.5831193189
38.312 0.5833563944
38.314 0.5833826524
38.316 0.583619478
38.318 0.5836455088
38.32 0.5838820644
38.322 0.5839076739
38.324 0.5841440223
38.326 0.5841691426
38.328 0.5844050563
38.33 0.5844299451
38.332 0.584665637
38.334 0.5846902962
38.336 0.5849257368
38.338 0.5849501526
38.34 0.5851850509
38.342 0.5852090231
38.344 0.5854437487
38.346 0.5854675275
38.348 0.5857020762
38.35 0.5857256327
38.352 0.5859596892
38.354 0.5859828316
38.356 0.586216755
38.358 0.5862397401
38.36 0.586473493
38.362 0.5864962564
38.364 0.5867298355
38.366 0.5867521107
38.368 0.58698537
38.37 0.5870074972
38.372 0.5872406175
38.374 0.5872625976
38.376 0.5874955486
38.378 0.5875171129
38.38 0.5877497401
38.382 0.5877712206
38.384 0.5880037512
38.386 0.5880251334
38.388 0.5882575053
38.39 0.588278478
38.392 0.5885105785
38.394 0.588531542
38.396 0.588763574
38.398 0.5887844514
38.4 0.5890163654
38.402 0.5890368688
38.404 0.5892685204
38.406 0.589289053
38.408 0.5895207097
38.41 0.5895412092
38.412 0.5897727767
38.414 0.5897929321
38.416 0.5900242768
38.418 0.5900444754
38.42 0.5902758352
38.422 0.5902960326
38.424 0.5905271056
38.426 0.5905471539
38.428 0.590778288
38.43 0.5907983748
38.432 0.5910295507
38.434 0.5910496165
38.436 0.5912805266
38.438 0.5913004289
38.44 0.5915314353
38.442 0.5915514394
38.444 0.5917825463
38.446 0.5918022808
38.448 0.5920332557
38.45 0.5920531088
38.452 0.5922841818
38.454 0.5923041202
38.456 0.5925352231
38.458 0.5925549426
38.46 0.5927859203
38.462 0.5928058057
38.464 0.5930369195
38.466 0.593056908
38.468 0.5932877819
38.47 0.5933076776
38.472 0.593538723
38.474 0.593558743
38.476 0.5937899069
38.478 0.5938097139
38.48 0.5940407966
38.482 0.5940607631
38.484 0.5942919931
38.486 0.5943121237
38.488 0.5945432
38.49 0.5945633091
38.492 0.594794623
38.494 0.594814935
38.496 0.595046438
38.498 0.5950665879
38.5 0.59529807
38.502 0.5953184576
38.504 0.5955501201
38.506 0.5955706721
38.508 0.5958021941
38.51 0.5958227072
38.512 0.5960544489
38.514 0.5960751583
38.516 0.5963070581
38.518 0.5963275983
38.52 0.5965594508
38.522 0.5965801712
38.524 0.5968122017
38.526 0.5968330878
38.528 0.5970649272
38.53 0.5970857391
38.532 0.5973177421
38.534 0.597338709
38.536 0.5975706029
38.538 0.5975914985
38.54 0.5978235713
38.542 0.5978446327
38.544 0.5980768844
38.546 0.5980977312
38.548 0.5983298913
38.55 0.5983508947
38.552 0.5985831895
38.554 0.598604033
38.556 0.598836233
38.558 0.5988572579
38.56 0.5990895818
38.562 0.5991107084
38.564 0.5993428213
38.566 0.5993638718
38.568 0.5995961203
38.57 0.5996172745
38.572 0.5998493756
38.574 0.5998704362
38.576 0.6001026895
38.578 0.6001238816
38.58 0.6003560142
38.582 0.6003770962
38.584 0.6006093778
38.586 0.6006305627
38.588 0.6008629627
38.59 0.6008839297
38.592 0.6011162301
38.594 0.6011373215
38.596 0.6013697461
38.598 0.6013906832
38.6 0.6016230087
38.602 0.6016440871
38.604 0.601876523
38.606 0.6018974498
38.608 0.6021297801
38.61 0.6021508651
38.612 0.6023832998
38.614 0.6024042129
38.616 0.6026365374
38.618 0.6026576196
38.62 0.6028900656
38.622 0.6029109884
38.624 0.6031433214
38.626 0.6031643974
38.628 0.6033968365
38.63 0.6034177303
38.632 0.6036500474
38.634 0.6036710873
38.636 0.6039034759
38.638 0.603924298
38.64 0.6041565496
38.642 0.6041775136
38.644 0.6044098487
38.646 0.6044306091
38.648 0.6046628
38.65 0.6046836838
38.652 0.6049159221
38.654 0.604936566
38.656 0.6051686431
38.658 0.605189399
38.66 0.605421527
38.662 0.6054420446
38.664 0.6056739899
38.666 0.6056945911
38.668 0.605926545
38.67 0.6059468675
38.672 0.6061786215
38.674 0.6061990178
38.676 0.6064307839
38.678 0.6064509005
38.68 0.606682437
38.682 0.6067026008
38.684 0.6069338656
38.686 0.6069538495
38.688 0.6071851229
38.69 0.6072051003
38.692 0.607436055
38.694 0.6074557617
38.696 0.6076867275
38.698 0.607706392
38.7 0.607937026
38.702 0.6079564115
38.704 0.6081870454
38.706 0.6082060947
38.708 0.608436497
38.71 0.6084555003
38.712 0.6086858528
38.714 0.608704496
38.716 0.6089345374
38.718 0.608953133
38.72 0.6091830823
38.722 0.6092012888
38.724 0.6094309101
38.726 0.6094490602
38.728 0.6096782957
38.73 0.6096961587
38.732 0.6099253038
38.734 0.609943059
38.736 0.6101717947
38.738 0.6101891987
38.74 0.6104178435
38.742 0.6104348328
38.744 0.6106631769
38.746 0.6106800561
38.748 0.6109082854
38.75 0.6109247374
38.752 0.6111526002
38.754 0.6111689533
38.756 0.6113964028
38.758 0.6114124452
38.76 0.6116397728
38.762 0.6116556833
38.764 0.6118825863
38.766 0.6118981265
38.768 0.6121249255
38.77 0.6121400321
38.772 0.6123665125
38.774 0.6123814919
38.776 0.6126078355
38.778 0.61262237
38.78 0.612848331
38.782 0.6128627594
38.784 0.6130882915
38.786 0.6131023876
38.788 0.6133277897
38.79 0.6133414771
38.792 0.6135665528
38.794 0.6135801164
38.796 0.6138050557
38.798 0.6138181878
38.8 0.6140427549
38.802 0.6140557721
38.804 0.6142799131
38.806 0.6142926145
38.808 0.614516632
38.81 0.6145289301
38.812 0.6147526382
38.814 0.6147648245
38.816 0.6149884127
38.818 0.615000184
38.82 0.6152234125
38.822 0.6152350873
38.824 0.6154579549
38.826 0.6154693531
38.828 0.6156921212
38.83 0.6157031275
38.832 0.6159255842
38.834 0.6159364836
38.836 0.6161585459
38.838 0.6161691448
38.84 0.6163911018
38.842 0.6164015895
38.844 0.6166231441
38.846 0.6166332831
38.848 0.6168547565
38.85 0.6168645043
38.852 0.6170857028
38.854 0.6170953663
38.856 0.6173162026
38.858 0.6173256018
38.86 0.6175463808
38.862 0.617555427
38.864 0.6177759473
38.866 0.6177849467
38.868 0.6180051451
38.87 0.6180139058
38.872 0.6182340639
38.874 0.618242496
38.876 0.6184624322
38.878 0.6184708464
38.88 0.6186904714
38.882 0.618698662
38.884 0.6189182801
38.886 0.6189261774
38.888 0.6191455889
38.89 0.6191534799
38.892 0.6193726036
38.894 0.6193803037
38.896 0.6195994538
38.898 0.6196068846
38.9 0.6198258472
38.902 0.6198332906
38.904 0.6200519849
38.906 0.620059256
38.908 0.6202779855
38.91 0.6202849945
38.912 0.6205035546
38.914 0.620510595
38.916 0.6207289027
38.918 0.6207357851
38.92 0.620954141
38.922 0.6209607724
38.924 0.6211789695
38.926 0.6211856534
38.928 0.6214036211
38.93 0.6214101537
38.932 0.6216281738
38.934 0.6216344735
38.936 0.6218523568
38.938 0.6218587114
38.94 0.6220763578
38.942 0.6220825615
38.944 0.6223002641
38.946 0.6223062297
38.948 0.6225237869
38.95 0.6225298057
38.952 0.6227471337
38.954 0.6227530106
38.956 0.6229704016
38.958 0.6229760419
38.96 0.6231932806
38.962 0.6231989661
38.964 0.6234159626
38.966 0.623421492
38.968 0.6236385367
38.97 0.623643818
38.972 0.6238607084
38.974 0.6238660337
38.976 0.6240826752
38.978 0.6240878353
38.98 0.6243045169
38.982 0.6243094205
38.984 0.6245259441
38.986 0.6245308889
38.988 0.624747161
38.99 0.6247519398
38.992 0.6249679723
38.994 0.6249726057
38.996 0.6251887303
38.998 0.625193089
39 0.6254090612
39.002 0.6254134465
39.004 0.6256291636
39.006 0.6256333707
39.008 0.6258491165
39.01 0.6258530546
39.012 0.6260686216
39.014 0.626072585
39.016 0.6262878881
39.018 0.6262916662
39.02 0.626506988
39.022 0.6265104903
39.024 0.6267256289
39.026 0.6267288779
39.028 0.6269438678
39.03 0.6269471973
39.032 0.6271619062
39.034 0.6271650718
39.036 0.6273798029
39.038 0.6273827038
39.04 0.6275972577
39.042 0.6276001861
39.044 0.6278144832
39.046 0.6278172399
39.048 0.6280312899
39.05 0.6280338969
39.052 0.6282480373
39.054 0.6282503691
39.056 0.6284643578
39.058 0.628466721
39.06 0.6286804601
39.062 0.6286826527
39.064 0.62889643
39.066 0.628898364
39.068 0.6291119783
39.07 0.6291136764
39.072 0.629327159
39.074 0.6293289616
39.076 0.6295421923
39.078 0.6295438458
39.08 0.6297571021
39.082 0.6297584797
39.084 0.6299715649
39.086 0.6299727045
39.088 0.6301856575
39.09 0.6301869049
39.092 0.6303996052
39.094 0.6304007185
39.096 0.6306134656
39.098 0.6306143399
39.1 0.6308269345
39.102 0.6308276042
39.104 0.6310400887
39.106 0.6310408816
39.108 0.631253142
39.11 0.6312538189
39.112 0.63146614
39.114 0.6314665847
39.116 0.6316787632
39.118 0.6316789984
39.12 0.6318910716
39.122 0.6318914364
39.124 0.6321032747
39.126 0.632103517
39.128 0.6323154209
39.13 0.6323154414
39.132 0.6325272143
39.134 0.6325270337
39.136 0.6327387097
39.138 0.6327386734
39.14 0.6329501355
39.142 0.6329499971
39.144 0.6331612695
39.146 0.6331610504
39.148 0.6333724792
39.15 0.6333720547
39.152 0.6335834026
39.154 0.6335830773
39.156 0.6337942435
39.158 0.6337938183
39.16 0.6340048217
39.162 0.634004329
39.164 0.6342155115
39.166 0.6342148293
39.168 0.6344259456
39.17 0.6344251019
39.172 0.634636171
39.174 0.6346355079
39.176 0.6348464033
39.178 0.6348456833
39.18 0.6350564314
39.182 0.6350556868
39.184 0.6352666481
39.186 0.6352657406
39.188 0.6354766613
39.19 0.6354756165
39.192 0.6356865103
39.194 0.6356856629
39.196 0.6358963986
39.198 0.6358955082
39.2 0.6361061166
39.202 0.6361052161
39.204 0.6363160573
39.206 0.6363150193
39.208 0.6365258428
39.21 0.6365246984
39.212 0.6367355299
39.214 0.636734613
39.216 0.6369453096
39.218 0.6369443741
39.22 0.6371549661
39.222 0.6371540357
39.224 0.637364869
39.226 0.6373638083
39.228 0.6375746334
39.23 0.6375734685
39.232 0.6377843077
39.234 0.6377833835
39.236 0.6379940978
39.238 0.637993164
39.24 0.6382037816
39.242 0.6382028591
39.244 0.6384137237
39.246 0.6384126734
39.248 0.638623532
39.25 0.6386223815
39.252 0.6388332556
39.254 0.6388323518
39.256 0.6390431078
39.258 0.6390421944
39.26 0.6392528525
39.262 0.6392519479
39.264 0.639462854
39.266 0.6394618283
39.268 0.639672731
39.27 0.6396716023
39.272 0.6398825195
39.274 0.6398813568
39.276 0.6400922688
39.278 0.6400913604
39.28 0.6403021454
39.282 0.6403012379
39.284 0.6405119257
39.286 0.6405110224
39.288 0.6407219443
39.29 0.6407209052
39.292 0.640931816
39.294 0.6409306709
39.296 0.6411415863
39.298 0.6411406713
39.3 0.6413514564
39.302 0.6413505428
39.304 0.6415612454
39.306 0.6415603624
39.308 0.6417710353
39.31 0.6417701503
39.312 0.641981084
39.314 0.6419800605
39.316 0.6421909933
39.318 0.6421898715
39.32 0.642400825
39.322 0.642399939
39.324 0.642610763
39.326 0.6426098633
39.328 0.6428205825
39.33 0.6428196751
39.332 0.6430303524
39.334 0.6430294348
39.336 0.643240368
39.338 0.6432393044
39.34 0.6434502222
39.342 0.6434490442
39.344 0.6436599586
39.346 0.6436587212
39.348 0.6438696136
39.35 0.6438686175
39.352 0.6440793626
39.354 0.6440783352
39.356 0.6442889516
39.358 0.6442879013
39.36 0.6444984518
39.362 0.6444973604
39.364 0.6447081333
39.366 0.644706872
39.368 0.6449176041
39.37 0.6449161873
39.372 0.6451268813
39.374 0.6451253796
39.376 0.6453360138
39.378 0.6453347072
39.38 0.6455451532
39.382 0.6455437783
39.384 0.6457540537
39.386 0.6457526213
39.388 0.6459627992
39.39 0.6459612897
39.392 0.6461716442
39.394 0.6461699178
39.396 0.6463801892
39.398 0.6463782714
39.4 0.6465884668
39.402 0.6465864154
39.404 0.6467965001
39.406 0.6467946001
39.408 0.6470044525
39.41 0.6470024418
39.412 0.6472120758
39.414 0.6472099578
39.416 0.6474194431
39.418 0.6474171955
39.42 0.6476265358
39.422 0.647624146
39.424 0.6478336201
39.426 0.6478309612
39.428 0.6480403031
39.43 0.6480374008
39.432 0.6482466039
39.434 0.6482435165
39.436 0.6484525698
39.438 0.6484495823
39.44 0.6486583462
39.442 0.6486552012
39.444 0.6488637062
39.446 0.6488604035
39.448 0.649068704
39.45 0.6490652238
39.452 0.649273341
39.454 0.6492696773
39.456 0.6494778843
39.458 0.6494739165
39.46 0.6496819471
39.462 0.6496776905
39.464 0.6498855547
39.466 0.6498810831
39.468 0.6500887548
39.47 0.6500840768
39.472 0.6502915622
39.474 0.6502869605
39.476 0.6504941245
39.478 0.6504893338
39.48 0.650696209
39.482 0.6506912374
39.484 0.6508978873
39.486 0.650892722
39.488 0.6510991694
39.49 0.6510938036
39.492 0.6513003287
39.494 0.6512945426
39.496 0.6515007657
39.498 0.6514946332
39.5 0.6517006645
39.502 0.6516943218
39.504 0.6519001779
39.506 0.6518936544
39.508 0.6520993398
39.51 0.6520926447
39.512 0.6522981635
39.514 0.6522915787
39.516 0.6524968169
39.518 0.6524900767
39.52 0.6526950519
39.522 0.6526881666
39.524 0.6528929524
39.526 0.6528859014
39.528 0.6530905192
39.53 0.6530833056
39.532 0.6532877592
39.534 0.6532803847
39.536 0.6534849594
39.538 0.6534773029
39.54 0.6536817319
39.542 0.6536738271
39.544 0.6538781292
39.546 0.6538700429
39.548 0.6540741944
39.55 0.65406595
39.552 0.6542699604
39.554 0.6542615672
39.556 0.6544654349
39.558 0.654456898
39.56 0.6546606247
39.562 0.6546522293
39.564 0.6548557066
39.566 0.6548471839
39.568 0.65505043
39.57 0.6550417822
39.572 0.6552448655
39.574 0.6552360851
39.576 0.6554390257
39.578 0.6554301166
39.58 0.6556329298
39.582 0.6556238914
39.584 0.6558265817
39.586 0.6558174169
39.588 0.6560202651
39.59 0.6560108549
39.592 0.6562135906
39.594 0.6562039676
39.596 0.656406611
39.598 0.6563968402
39.6 0.6565993787
39.602 0.6565894897
39.604 0.6567919229
39.606 0.6567819185
39.608 0.6569842411
39.61 0.6569741279
39.612 0.6571763498
39.614 0.6571661282
39.616 0.6573682505
39.618 0.6573582079
39.62 0.6575601149
39.622 0.6575499838
39.624 0.6577516986
39.626 0.6577414872
39.628 0.6579430797
39.63 0.6579327722
39.632 0.658134265
39.634 0.6581238651
39.636 0.6583252671
39.638 0.6583147741
39.64 0.6585160864
39.642 0.6585055043
39.644 0.6587067307
39.646 0.658696057
39.648 0.6588971962
39.65 0.6588864298
39.652 0.6590874697
39.654 0.6590765888
39.656 0.6592777993
39.658 0.6592666931
39.66 0.6594678188
39.662 0.6594565256
39.664 0.6596575758
39.666 0.6596461505
39.668 0.6598471096
39.67 0.6598355769
39.672 0.6600364342
39.674 0.6600247958
39.676 0.6602255542
39.678 0.660213805
39.68 0.6604144578
39.682 0.6604025963
39.684 0.6606031453
39.686 0.6605911745
39.688 0.660791605
39.69 0.6607795133
39.692 0.660979827
39.694 0.660967612
39.696 0.6611678026
39.698 0.6611554523
39.7 0.6613555147
39.702 0.6613430301
39.704 0.6615429533
39.706 0.6615303241
39.708 0.661730106
39.71 0.6617176125
39.712 0.661917125
39.714 0.6619044761
39.716 0.662103738
39.718 0.6620909513
39.72 0.6622900234
39.722 0.6622770717
39.724 0.6624759663
39.726 0.6624628387
39.728 0.6626615602
39.73 0.6626482548
39.732 0.6628467992
39.734 0.6628333117
39.736 0.6630316786
39.738 0.6630180051
39.74 0.6632161837
39.742 0.6632023198
39.744 0.663400305
39.746 0.6633862395
39.748 0.6635840305
39.75 0.6635697628
39.752 0.6637673526
39.754 0.6637528769
39.756 0.663950255
39.758 0.663935564
39.76 0.6641327304
39.762 0.664117818
39.764 0.6643147677
39.766 0.6642996367
39.768 0.6644963654
39.77 0.6644810009
39.772 0.6646774953
39.774 0.6646618971
39.776 0.6648581633
39.778 0.6648423253
39.78 0.6650383577
39.782 0.6650222798
39.784 0.6652180817
39.786 0.6652017778
39.788 0.6653973533
39.79 0.6653808181
39.792 0.6655761614
39.794 0.6655593836
39.796 0.6657544927
39.798 0.6657374782
39.8 0.6659323481
39.802 0.6659150845
39.804 0.6661097055
39.806 0.6660921983
39.808 0.6662865781
39.81 0.6662688169
39.812 0.6664629497
39.814 0.6664449407
39.816 0.6666388094
39.818 0.6666205149
39.82 0.6668141179
39.822 0.666795573
39.824 0.6669889291
39.826 0.6669701307
39.828 0.6671632387
39.83 0.6671441877
39.832 0.6673370429
39.834 0.6673177457
39.836 0.6675103592
39.838 0.6674908054
39.84 0.6676831668
39.842 0.6676633418
39.844 0.6678554227
39.846 0.6678353368
39.848 0.6680271731
39.85 0.6680068338
39.852 0.6681984209
39.854 0.6681778285
39.856 0.6683691676
39.858 0.668348329
39.86 0.668539421
39.862 0.6685183116
39.864 0.6687091215
39.866 0.6686877524
39.868 0.6688783245
39.87 0.6688567053
39.872 0.6690470361
39.874 0.6690251777
39.876 0.6692152638
39.878 0.6691931415
39.88 0.6693829543
39.882 0.6693605761
39.884 0.6695501561
39.886 0.6695275413
39.888 0.6697168861
39.89 0.6696940395
39.892 0.6698831353
39.894 0.6698600158
39.896 0.6700488742
39.898 0.6700255313
39.9 0.6702141624
39.902 0.6701905909
39.904 0.6703789841
39.906 0.6703551553
39.908 0.6705433269
39.91 0.6705192917
39.912 0.6707072544
39.914 0.6706830057
39.916 0.6708707388
39.918 0.6708462483
39.92 0.6710337703
39.922 0.6710090787
39.924 0.6711964035
39.926 0.6711715153
39.928 0.6713586254
39.93 0.6713335091
39.932 0.6715204225
39.934 0.6714951203
39.936 0.6716818479
39.938 0.6716563413
39.94 0.671842852
39.942 0.6718171513
39.944 0.6720034901
39.946 0.6719776053
39.948 0.6721637495
39.95 0.6721376523
39.952 0.6723236105
39.954 0.6722973443
39.956 0.6724831335
39.958 0.672456676
39.96 0.6726422687
39.962 0.6726156375
39.964 0.6728010735
39.966 0.6727742757
39.968 0.6729595381
39.97 0.6729325515
39.972 0.6731176495
39.974 0.6730905161
39.976 0.6732754468
39.978 0.6732481319
39.98 0.6734329139
39.982 0.6734054654
39.984 0.6735900887
39.986 0.6735624653
39.988 0.6737469514
39.99 0.6737192013
39.992 0.6739035353
39.994 0.6738756184
39.996 0.6740598189
39.998 0.6740317833
40 0.6742158475
40.002 0.6741876489
40.004 0.6743715829
40.006 0.6743432763
40.008 0.6745270798
40.01 0.6744986195
40.012 0.6746823053
40.014 0.6746537353
40.016 0.6748372833
40.018 0.674808569
40.02 0.6749920054
40.022 0.6749631877
40.024 0.6751465041
40.026 0.6751175501
40.028 0.6753007623
40.03 0.6752716888
40.032 0.6754547656
40.034 0.6754255715
40.036 0.6756085463
40.038 0.6755792511
40.04 0.6757621315
40.042 0.6757327309
40.044 0.6759154933
40.046 0.6758859747
40.048 0.6760686398
40.05 0.6760390374
40.052 0.6762216177
40.054 0.6761919339
40.056 0.6763744402
40.058 0.6763446884
40.06 0.6765271304
40.062 0.6764973105
40.064 0.6766796896
40.066 0.6766497897
40.068 0.6768320823
40.07 0.6768021074
40.072 0.6769843548
40.074 0.6769543344
40.076 0.6771365343
40.078 0.6771064639
40.08 0.6772886309
40.082 0.6772585232
40.084 0.6774406465
40.086 0.6774105082
40.088 0.6775926103
40.09 0.6775624353
40.092 0.6777445034
40.094 0.6777143048
40.096 0.6778963525
40.098 0.6778661229
40.1 0.6780481252
40.102 0.6780178417
40.104 0.67819982
40.106 0.678169517
40.108 0.6783514736
40.11 0.6783211501
40.112 0.6785031012
40.114 0.6784727637
40.116 0.6786547013
40.118 0.6786243462
40.12 0.678806275
40.122 0.678775908
40.124 0.6789578265
40.126 0.6789274471
40.128 0.6791093343
40.13 0.6790789072
40.132 0.6792607786
40.134 0.6792303463
40.136 0.6794122046
40.138 0.6793817596
40.14 0.6795636168
40.142 0.6795331638
40.144 0.6797150101
40.146 0.679684774
40.148 0.6798669047
40.15 0.6798367853
40.152 0.6800189755
40.154 0.6799888625
40.156 0.6801710468
40.158 0.6801409061
40.16 0.6803230673
40.162 0.6802928897
40.164 0.6804750006
40.166 0.6804447503
40.168 0.6806268102
40.17 0.6805965242
40.172 0.6807785495
40.174 0.6807482229
40.176 0.6809302074
40.178 0.6808998129
40.18 0.6810817232
40.182 0.6810512694
40.184 0.6812331398
40.186 0.681202639
40.188 0.681384465
40.19 0.6813539085
40.192 0.681535662
40.194 0.6815050214
40.196 0.6816867188
40.198 0.6816560215
40.2 0.6818376573
40.202 0.6818068984
40.204 0.6819884609
40.206 0.681957604
40.208 0.682139093
40.21 0.682108184
40.212 0.6822896162
40.214 0.6822586247
40.216 0.6824399694
40.218 0.6824089156
40.22 0.6825902124
40.222 0.6825590993
40.224 0.6827403299
40.226 0.6827091361
40.228 0.6828909297
40.23 0.6828603534
40.232 0.683042391
40.234 0.6830118237
40.236 0.683193683
40.238 0.6831629787
40.24 0.68334465
40.242 0.6833137748
40.244 0.6834952476
40.246 0.6834641907
40.248 0.6836455143
40.25 0.6836143407
40.252 0.683795529
40.254 0.6837642267
40.256 0.6839453236
40.258 0.6839139552
40.26 0.6840949719
40.262 0.68406352
40.264 0.684244493
40.266 0.6842130173
40.268 0.6843939459
40.27 0.6843624134
40.272 0.684543319
40.274 0.6845117852
40.276 0.6846926706
40.278 0.6846610957
40.28 0.6848419659
40.282 0.6848103922
40.284 0.6849912424
40.286 0.6849596252
40.288 0.6851404604
40.29 0.6851088372
40.292 0.6852896481
40.294 0.6852579806
40.296 0.6854387705
40.298 0.6854070732
40.3 0.6855878156
40.302 0.6855560913
40.304 0.6857368245
40.306 0.6857050556
40.308 0.6858857297
40.31 0.6858539215
40.312 0.6860345591
40.314 0.686002688
40.316 0.6861832842
40.318 0.6861513604
40.32 0.6863318861
40.322 0.6862999127
40.324 0.6864803876
40.326 0.6864483385
40.328 0.6866287667
40.33 0.6865966651
40.332 0.6867770289
40.334 0.6867448932
40.336 0.6869252167
40.338 0.68689301
40.34 0.6870732881
40.342 0.6870410302
40.344 0.6872212433
40.346 0.6871889412
40.348 0.6873691048
40.35 0.6873367274
40.352 0.6875168498
40.354 0.6874844194
40.356 0.6876644747
40.358 0.6876320019
40.36 0.6878120066
40.362 0.6877794569
40.364 0.6879594075
40.366 0.6879267941
40.368 0.6881066976
40.37 0.6880740365
40.372 0.6882538799
40.374 0.6882211723
40.376 0.6884009692
40.378 0.6883681959
40.38 0.688547935
40.382 0.6885150908
40.384 0.6886947823
40.386 0.688661897
40.388 0.6888415328
40.39 0.688808583
40.392 0.6889881567
40.394 0.688955165
40.396 0.6891346949
40.398 0.6891016358
40.4 0.6892811133
40.402 0.6892480055
40.404 0.6894274585
40.406 0.6893943218
40.408 0.6895737298
40.41 0.6895405439
40.412 0.6897199073
40.414 0.689686662
40.416 0.6898658362
40.418 0.6898323102
40.42 0.6900112392
40.422 0.6899774786
40.424 0.6901562052
40.426 0.690122269
40.428 0.6903008833
40.43 0.6902668635
40.432 0.6904454112
40.434 0.6904113582
40.436 0.6905899122
40.438 0.6905558986
40.44 0.6907345269
40.442 0.6907006297
40.444 0.6908793988
40.446 0.6908456411
40.448 0.6910245833
40.45 0.6909910146
40.452 0.6911701573
40.454 0.6911367797
40.456 0.6913161278
40.458 0.69128298
40.46 0.6914625972
40.462 0.691429681
40.464 0.6916094757
40.466 0.6915767202
40.468 0.6917566891
40.47 0.6917241249
40.472 0.6919042893
40.474 0.6918719073
40.476 0.6920522288
40.478 0.6920200155
40.48 0.69220052
40.482 0.6921684637
40.484 0.6923490958
40.486 0.6923171525
40.488 0.6924979116
40.49 0.6924660937
40.492 0.6926469519
40.494 0.6926152153
40.496 0.6927961706
40.498 0.6927645243
40.5 0.6929455689
40.502 0.6929139946
40.504 0.6930951066
40.506 0.6930635753
40.508 0.6932447278
40.51 0.6932132488
40.512 0.6933944358
40.514 0.6933629726
40.516 0.6935441948
40.518 0.6935127444
40.52 0.693693976
40.522 0.69366255
40.524 0.6938437918
40.526 0.6938123785
40.528 0.6939936265
40.53 0.6939621995
40.532 0.6941434601
40.534 0.6941120209
40.536 0.6942932632
40.538 0.6942617962
40.54 0.6944430197
40.542 0.6944115281
40.544 0.6945927321
40.546 0.6945612083
40.548 0.6947424021
40.55 0.6947108776
40.552 0.6948920385
40.554 0.6948604778
40.556 0.6950415971
40.558 0.6950099954
40.56 0.6951910727
40.562 0.6951594291
40.564 0.6953404655
40.566 0.695308798
40.568 0.6954898068
40.57 0.6954580868
40.572 0.6956390525
40.574 0.6956072879
40.576 0.6957882069
40.578 0.6957563706
40.58 0.6959372462
40.582 0.6959053682
40.584 0.6960862315
40.586 0.6960543219
40.588 0.6962351195
40.59 0.6962031635
40.592 0.6963839286
40.594 0.6963519184
40.596 0.6965326504
40.598 0.6965006264
40.6 0.6966813212
40.602 0.6966492578
40.604 0.6968299299
40.606 0.6967978163
40.608 0.6969784772
40.61 0.6969463505
40.612 0.6971269675
40.614 0.6970947928
40.616 0.6972753932
40.618 0.6972432191
40.62 0.6974237977
40.622 0.6973915766
40.624 0.6975721451
40.626 0.6975399154
40.628 0.6977204754
40.63 0.697688227
40.632 0.6978687626
40.634 0.697836519
40.636 0.6980170607
40.638 0.6979848172
40.64 0.6981653551
40.642 0.6981330955
40.644 0.6983136748
40.646 0.698281447
40.648 0.6984620181
40.65 0.6984297789
40.652 0.6986103574
40.654 0.6985781463
40.656 0.6987587497
40.658 0.698726543
40.66 0.6989072069
40.662 0.6988750606
40.664 0.6990557461
40.666 0.6990236343
40.668 0.6992043597
40.67 0.6991722706
40.672 0.6993530547
40.674 0.6993210167
40.676 0.6995018292
40.678 0.6994698417
40.68 0.699650714
40.682 0.6996187666
40.684 0.6997997056
40.686 0.6997678183
40.688 0.6999488029
40.69 0.6999169899
40.692 0.7000980447
40.694 0.7000662685
40.696 0.700247392
40.698 0.7002156821
40.7 0.7003968641
40.702 0.7003652362
40.704 0.7005465155
40.706 0.7005149553
40.708 0.7006962981
40.71 0.7006648424
40.712 0.7008465875
40.714 0.7008151027
40.716 0.7009969737
40.718 0.7009655253
40.72 0.7011475237
40.722 0.7011161279
40.724 0.7012982364
40.726 0.70126695
40.728 0.701449163
40.73 0.7014179584
40.732 0.7016002775
40.734 0.7015691876
40.736 0.7017516061
40.738 0.7017205964
40.74 0.7019031163
40.742 0.7018722165
40.744 0.7020548228
40.746 0.7020242725
40.748 0.7022068511
40.75 0.702176409
40.752 0.7023589564
40.754 0.702328582
40.756 0.7025111889
40.758 0.7024809097
40.76 0.7026635881
40.762 0.7026333596
40.764 0.7028160762
40.766 0.7027859034
40.768 0.7029686671
40.77 0.7029385249
40.772 0.7031215843
40.774 0.7030913164
40.776 0.7032744181
40.778 0.7032440955
40.78 0.7034272557
40.782 0.7033969108
40.784 0.7035800604
40.786 0.7035497043
40.788 0.7037328539
40.79 0.703702482
40.792 0.7038856091
40.794 0.703855467
40.796 0.7040384361
40.798 0.7040082741
40.8 0.7041910995
40.802 0.7041608913
40.804 0.7043436103
40.806 0.7043133087
40.808 0.7044959415
40.81 0.7044655496
40.812 0.704648363
40.814 0.7046177489
40.816 0.704800458
40.818 0.7047696083
40.82 0.7049522023
40.822 0.7049211939
40.824 0.7051036702
40.826 0.7050725244
40.828 0.7052548527
40.83 0.7052238061
40.832 0.7054058315
40.834 0.7053746322
40.836 0.705556397
40.838 0.7055250345
40.84 0.7057066062
40.842 0.7056750743
40.844 0.7058564234
40.846 0.7058246495
40.848 0.7060060748
40.85 0.7059739719
40.852 0.7061551888
40.854 0.7061227742
40.856 0.7063037996
40.858 0.7062711222
40.86 0.70645189
40.862 0.7064189268
40.864 0.7065994373
40.866 0.7065665016
40.868 0.7067466319
40.87 0.7067134309
40.872 0.7068931968
40.874 0.706859746
40.876 0.7070391993
40.878 0.7070054347
40.88 0.7071848332
40.882 0.707150635
40.884 0.7073297474
40.886 0.7072951391
40.888 0.7074739591
40.89 0.7074389951
40.892 0.7076174843
40.894 0.7075821781
40.896 0.7077603116
40.898 0.7077249061
40.9 0.7079025514
40.902 0.7078668002
40.904 0.7080439958
40.906 0.708007902
40.908 0.7081847143
40.91 0.7081482529
40.912 0.7083249691
40.914 0.7082880057
40.916 0.708464333
40.918 0.7084268646
40.92 0.7086028316
40.922 0.7085649558
40.924 0.7087405464
40.926 0.7087022894
40.928 0.7088775131
40.93 0.7088391563
40.932 0.709013879
40.934 0.708975157
40.936 0.7091493981
40.938 0.7091102825
40.94 0.709284113
40.942 0.7092446373
40.944 0.709418376
40.946 0.7093784014
40.948 0.7095517842
40.95 0.7095113562
40.952 0.7096844027
40.954 0.7096435837
40.956 0.7098162629
40.958 0.7097750536
40.96 0.7099473789
40.962 0.7099061107
40.964 0.7100779697
40.966 0.7100363771
40.968 0.7102078139
40.97 0.710165917
40.972 0.7103370103
40.974 0.710294772
40.976 0.7104657964
40.978 0.7104231205
40.98 0.7105938585
40.982 0.7105507835
40.984 0.710721247
40.986 0.7106778616
40.988 0.7108484137
40.99 0.7108052346
40.992 0.7109758441
40.994 0.7109328429
40.996 0.7111031432
40.998 0.7110599908
41 0.7112299971
41.002 0.7111866511
41.004 0.7113564149
41.006 0.7113128658
41.008 0.7114823761
41.01 0.7114385798
41.012 0.7116081478
41.014 0.7115640102
41.016 0.7117333689
41.018 0.7116889319
41.02 0.7118581092
41.022 0.7118134367
41.024 0.7119823952
41.026 0.7119374844
41.028 0.7121062457
41.03 0.7120614294
41.032 0.712229878
41.034 0.712184892
41.036 0.7123530779
41.038 0.7123079115
41.04 0.7124758595
41.042 0.7124305189
41.044 0.7125983165
41.046 0.7125528245
41.048 0.7127207523
41.05 0.712674985
41.052 0.7128427582
41.054 0.7127967229
41.056 0.7129643818
41.058 0.7129181977
41.06 0.7130857388
41.062 0.7130394265
41.064 0.7132068363
41.066 0.713160381
41.068 0.7133276823
41.07 0.7132814127
41.072 0.7134484986
41.074 0.7134021515
41.076 0.7135690494
41.078 0.7135226178
41.08 0.7136894059
41.082 0.7136429068
41.084 0.7138096223
41.086 0.7137630438
41.088 0.7139296663
41.09 0.7138830288
41.092 0.7140498997
41.094 0.7140030911
41.096 0.7141699355
41.098 0.7141229806
41.1 0.7142897814
41.102 0.7142427606
41.104 0.714409552
41.106 0.7143625043
41.108 0.7145292643
41.11 0.7144821643
41.112 0.7146489092
41.114 0.7146018097
41.116 0.7147685521
41.118 0.7147214349
41.12 0.7148881544
41.122 0.714841313
41.124 0.7150079294
41.126 0.71496109
41.128 0.7151275896
41.13 0.7150807735
41.132 0.7152472706
41.134 0.7152004754
41.136 0.7153669683
41.138 0.7153201649
41.14 0.7154866766
41.142 0.715439907
41.144 0.7156064289
41.146 0.7155596565
41.148 0.7157262077
41.15 0.7156794736
41.152 0.715846041
41.154 0.7157993004
41.156 0.7159661785
41.158 0.7159193571
41.16 0.7160862593
41.162 0.7160393401
41.164 0.7162062904
41.166 0.7161593815
41.168 0.716326355
41.17 0.7162794304
41.172 0.7164464277
41.174 0.7163995191
41.176 0.7165665134
41.178 0.7165196188
41.18 0.7166866434
41.182 0.716639754
41.184 0.7168067752
41.186 0.7167598987
41.188 0.716926928
41.19 0.716880034
41.192 0.7170470747
41.194 0.717000201
41.196 0.7171672363
41.198 0.717120335
41.2 0.7172873683
41.202 0.7172404583
41.204 0.7174074589
41.206 0.7173605316
41.208 0.7175275153
41.21 0.7174805372
41.212 0.7176474962
41.214 0.7176004884
41.216 0.7177673961
41.218 0.7177203506
41.22 0.7178872152
41.222 0.7178400982
41.224 0.7180069149
41.226 0.717959743
41.228 0.7181264799
41.23 0.7180792395
41.232 0.7182459134
41.234 0.718198584
41.236 0.7183651875
41.238 0.7183177736
41.24 0.7184842784
41.242 0.718436779
41.244 0.7186031866
41.246 0.7185555702
41.248 0.7187218882
41.25 0.7186741617
41.252 0.7188403441
41.254 0.7187924853
41.256 0.718958534
41.258 0.7189105486
41.26 0.7190764772
41.262 0.7190283466
41.264 0.7191941455
41.266 0.7191458728
41.268 0.7193115157
41.27 0.7192630852
41.272 0.7194285607
41.274 0.7193799774
41.276 0.7195453034
41.278 0.719496544
41.28 0.7196616916
41.282 0.71961275
41.284 0.7197777399
41.286 0.7197286266
41.288 0.7198934214
41.29 0.7198441075
41.292 0.7200087035
41.294 0.7199592018
41.296 0.7201236134
41.298 0.7200739013
41.3 0.7202373148
41.302 0.7201872487
41.304 0.7203509918
41.306 0.7203009716
41.308 0.7204647431
41.31 0.7204136756
41.312 0.7205771575
41.314 0.7205263558
41.316 0.7206898697
41.318 0.720639091
41.32 0.7208015529
41.322 0.7207504421
41.324 0.7209131385
41.326 0.7208612387
41.328 0.7210237667
41.33 0.720972087
41.332 0.7211338681
41.334 0.7210819962
41.336 0.7212440211
41.338 0.7211913898
41.34 0.7213532046
41.342 0.7212999822
41.344 0.7214616768
41.346 0.7214089099
41.348 0.7215697404
41.35 0.7215168412
41.352 0.7216770353
41.354 0.7216240164
41.356 0.7217838404
41.358 0.721730598
41.36 0.7218901562
41.362 0.7218366623
41.364 0.7219959826
41.366 0.7219422189
41.368 0.7221013087
41.37 0.722047277
41.372 0.7222061311
41.374 0.7221518294
41.376 0.722310454
41.378 0.7222558998
41.38 0.7224143017
41.382 0.7223594968
41.384 0.722517673
41.386 0.722461821
41.388 0.7226204266
41.39 0.7225642079
41.392 0.7227221721
41.394 0.7226662535
41.396 0.7228239817
41.398 0.722768216
41.4 0.7229256152
41.402 0.7228689447
41.404 0.7230267448
41.406 0.7229697629
41.408 0.7231269229
41.41 0.7230694453
41.412 0.7232270309
41.414 0.7231695868
41.416 0.7233264425
41.418 0.7232694331
41.42 0.7234260229
41.422 0.7233683945
41.424 0.7235244986
41.426 0.7234673028
41.428 0.7236234233
41.43 0.723565491
41.432 0.7237212277
41.434 0.723662877
41.436 0.7238193212
41.438 0.7237609023
41.44 0.7239167011
41.442 0.7238578582
41.444 0.7240132556
41.446 0.7239542871
41.448 0.724110272
41.45 0.7240513269
41.452 0.7242066082
41.454 0.724147258
41.456 0.7243021153
41.458 0.7242426352
41.46 0.7243972518
41.462 0.7243376253
41.464 0.7244920623
41.466 0.7244330974
41.468 0.7245875278
41.47 0.7245278667
41.472 0.724681862
41.474 0.7246217527
41.476 0.724775603
41.478 0.7247152316
41.48 0.7248689265
41.482 0.7248083555
41.484 0.7249618883
41.486 0.7249011322
41.488 0.7250544899
41.49 0.7249935487
41.492 0.7251467245
41.494 0.7250855975
41.496 0.7252385851
41.498 0.725177275
41.5 0.7253300717
41.502 0.725268558
41.504 0.725421147
41.506 0.7253594408
41.508 0.7255118505
41.51 0.7254499574
41.512 0.7256021751
41.514 0.7255400868
41.516 0.7256921079
41.518 0.7256298183
41.52 0.7257816369
41.522 0.7257191411
41.524 0.7258707592
41.526 0.725808055
41.528 0.7259594641
41.53 0.7258965472
41.532 0.7260477315
41.534 0.725984589
41.536 0.7261355645
41.538 0.7260722023
41.54 0.7262229562
41.542 0.7261596521
41.544 0.7263100662
41.546 0.7262465573
41.548 0.7263966593
41.55 0.7263329423
41.552 0.7264827851
41.554 0.7264188132
41.556 0.7265683941
41.558 0.7265041832
41.56 0.7266535269
41.562 0.7265890761
41.564 0.726738179
41.566 0.7266734791
41.568 0.7268223376
41.57 0.7267573843
41.572 0.7269059713
41.574 0.7268407471
41.576 0.7269890873
41.578 0.7269236107
41.58 0.7270716935
41.582 0.7270059493
41.584 0.727154045
41.586 0.7270878845
41.588 0.7272357056
41.59 0.7271691782
41.592 0.7273167457
41.594 0.7272499059
41.596 0.7273971745
41.598 0.7273300166
41.6 0.7274770005
41.602 0.7274095536
41.604 0.7275562432
41.606 0.7274884802
41.608 0.7276348641
41.61 0.727566807
41.612 0.7277129004
41.614 0.7276448234
41.616 0.7277904719
41.618 0.727722084
41.62 0.7278673381
41.622 0.7277986632
41.624 0.7279435834
41.626 0.7278745886
41.628 0.7280191754
41.63 0.7279498696
41.632 0.7280941484
41.634 0.7280245302
41.636 0.7281684866
41.638 0.7280985414
41.64 0.7282424789
41.642 0.7281720772
41.644 0.7283156954
41.646 0.7282448965
41.648 0.7283882248
41.65 0.7283170832
41.652 0.7284600805
41.654 0.7283886029
41.656 0.7285313024
41.658 0.7284594915
41.66 0.7286018632
41.662 0.7285300277
41.664 0.7286719653
41.666 0.728599824
41.668 0.7287413388
41.67 0.728668895
41.672 0.7288100875
41.674 0.7287373179
41.676 0.7288781775
41.678 0.728805101
41.68 0.7289459177
41.682 0.7288723947
41.684 0.7290129229
41.686 0.7289389811
41.688 0.7290792216
41.69 0.7290049542
41.692 0.7291448785
41.694 0.7290702842
41.696 0.7292099186
41.698 0.7291352874
41.7 0.7292744881
41.702 0.7291995773
41.704 0.7293383827
41.706 0.729263185
41.708 0.7294016782
41.71 0.729326178
41.712 0.7294646423
41.714 0.7293887308
41.716 0.7295268942
41.718 0.729450589
41.72 0.7295885053
41.722 0.7295118719
41.724 0.7296494981
41.726 0.72957287
41.728 0.7297100845
41.73 0.7296331765
41.732 0.7297700441
41.734 0.7296928739
41.736 0.7298294391
41.738 0.7297520172
41.74 0.7298885646
41.742 0.7298107139
41.744 0.729946985
41.746 0.7298687453
41.748 0.7300047585
41.75 0.7299262313
41.752 0.7300619655
41.754 0.7299834204
41.756 0.7301187714
41.758 0.7300399894
41.76 0.7301749902
41.762 0.7300959709
41.764 0.7302307192
41.766 0.7301514588
41.768 0.7302862449
41.77 0.7302066438
41.772 0.7303412056
41.774 0.7302612813
41.776 0.7303956599
41.778 0.7303157704
41.78 0.7304497956
41.782 0.7303696999
41.784 0.7305034511
41.786 0.7304231608
41.788 0.7305566862
41.79 0.7304762232
41.792 0.7306098296
41.794 0.7305290353
41.796 0.7306624718
41.798 0.7305814206
41.8 0.7307146945
41.802 0.73063372
41.804 0.7307667242
41.806 0.7306855772
41.808 0.7308183053
41.81 0.7307370147
41.812 0.7308698527
41.814 0.7307882776
41.816 0.730920961
41.818 0.7308391537
41.82 0.7309717059
41.822 0.730889698
41.824 0.7310221082
41.826 0.7309402483
41.828 0.7310723881
41.83 0.7309903666
41.832 0.7311222815
41.834 0.7310401625
41.836 0.7311721925
41.838 0.7310898164
41.84 0.7312217297
41.842 0.731139117
41.844 0.7312708992
41.846 0.7311884152
41.848 0.7313199748
41.85 0.7312373642
41.852 0.7313686842
41.854 0.7312859692
41.856 0.7314174456
41.858 0.7313344797
41.86 0.73146582
41.862 0.7313826522
41.864 0.7315139176
41.866 0.7314308758
41.868 0.7315618901
41.87 0.7314787469
41.872 0.7316095787
41.874 0.7315263353
41.876 0.731657299
41.878 0.7315738309
41.88 0.7317047048
41.882 0.7316210287
41.884 0.7317517994
41.886 0.731668279
41.888 0.7317988545
41.89 0.7317152313
41.892 0.7318455982
41.894 0.7317619063
41.896 0.7318924536
41.898 0.7318085401
41.9 0.7319389803
41.902 0.73185489
41.904 0.7319852811
41.906 0.7319013413
41.908 0.7320315039
41.91 0.7319474779
41.912 0.7320777582
41.914 0.7319935297
41.916 0.7321236833
41.918 0.7320392778
41.92 0.7321693804
41.922 0.7320851317
41.924 0.7322149984
41.926 0.7321306668
41.928 0.7322603784
41.93 0.7321759671
41.932 0.7323058103
41.934 0.7322211866
41.936 0.7323509633
41.938 0.7322661485
41.94 0.7323958286
41.942 0.7323111753
41.944 0.7324406685
41.946 0.7323559211
41.948 0.7324854868
41.95 0.7324005328
41.952 0.732530005
41.954 0.7324448631
41.956 0.7325742365
41.958 0.7324892561
41.96 0.7326184484
41.962 0.7325333873
41.964 0.7326623795
41.966 0.732577223
41.968 0.7327063828
41.97 0.7326210297
41.972 0.7327500925
41.974 0.7326648142
41.976 0.7327936787
41.978 0.7327083017
41.98 0.7328369785
41.982 0.7327515003
41.984 0.7328803398
41.986 0.7327946511
41.988 0.7329233835
41.99 0.7328377554
41.992 0.7329662716
41.994 0.7328805364
41.996 0.7330088931
41.998 0.7329230639
42 0.7330515541
42.002 0.7329655062
42.004 0.7330939102
42.006 0.7330079403
42.008 0.7331361296
42.01 0.7330500528
42.012 0.7331780747
42.014 0.7330919039
42.016 0.7332200627
42.018 0.7331336553
42.02 0.7332617268
42.022 0.7331754249
42.024 0.7333032832
42.026 0.733216843
42.028 0.7333445279
42.03 0.7332580249
42.032 0.7333858583
42.034 0.7332991179
42.036 0.733426868
42.038 0.7333402413
42.04 0.7334677839
42.042 0.733381019
42.044 0.7335083635
42.046 0.7334215185
42.048 0.7335490453
42.05 0.7334619857
42.052 0.7335894037
42.054 0.7335024365
42.056 0.7336296718
42.058 0.7335425904
42.06 0.7336699103
42.062 0.7335826429
42.064 0.7337099284
42.066 0.7336225641
42.068 0.7337498109
42.07 0.7336626296
42.072 0.7337897204
42.074 0.7337025172
42.076 0.7338297472
42.078 0.7337423709
42.08 0.7338695476
42.082 0.7337823277
42.084 0.7339093349
42.086 0.7338220261
42.088 0.7339488722
42.09 0.7338615131
42.092 0.7339885734
42.094 0.733901028
42.096 0.7340280165
42.098 0.7339406079
42.1 0.7340674657
42.102 0.7339799839
42.104 0.7341069602
42.106 0.7340192977
42.108 0.7341462126
42.11 0.7340584281
42.112 0.7341853054
42.114 0.734097699
42.116 0.7342244132
42.118 0.734136778
42.12 0.7342636218
42.122 0.7341758087
42.124 0.7343025951
42.126 0.7342149419
42.128 0.7343415635
42.13 0.7342537321
42.132 0.7343801181
42.134 0.7342922759
42.136 0.7344189225
42.138 0.7343309229
42.14 0.7344575116
42.142 0.7343696645
42.144 0.7344961273
42.146 0.7344082158
42.148 0.7345348116
42.15 0.7344467356
42.152 0.7345732802
42.154 0.7344852684
42.156 0.7346115658
42.158 0.7345234903
42.16 0.7346496959
42.162 0.7345623258
42.164 0.7346890609
42.166 0.7346018269
42.168 0.7347292952
42.17 0.7346425663
42.172 0.7347701397
42.174 0.7346834322
42.176 0.7348113069
42.178 0.7347245211
42.18 0.7348523732
42.182 0.7347657191
42.184 0.7348933129
42.186 0.7348065085
42.188 0.7349342676
42.19 0.7348473036
42.192 0.7349749466
42.194 0.7348878063
42.196 0.7350152829
42.198 0.7349281655
42.2 0.7350553883
42.202 0.7349681813
42.204 0.7350954669
42.206 0.7350078909
42.208 0.7351348923
42.21 0.7350473194
42.212 0.7351740569
42.214 0.7350862998
42.216 0.7352129327
42.218 0.7351247538
42.22 0.7352511804
42.222 0.7351630228
42.224 0.7352890413
42.226 0.7352005541
42.228 0.7353265489
42.23 0.7352377525
42.232 0.7353634166
42.234 0.7352744804
42.236 0.7353998098
42.238 0.7353106721
42.24 0.7354356704
42.242 0.7353462509
42.244 0.7354713004
42.246 0.7353816142
42.248 0.7355064516
42.25 0.7354166917
42.252 0.7355412678
42.254 0.7354513019
42.256 0.7355758882
42.258 0.7354856877
42.26 0.7356101624
42.262 0.7355199826
42.264 0.7356441894
42.266 0.7355539131
42.268 0.7356781701
42.27 0.7355876329
42.272 0.7357118277
42.274 0.7356213963
42.276 0.7357453666
42.278 0.7356548701
42.28 0.7357789527
42.282 0.7356882757
42.284 0.7358123386
42.286 0.7357217647
42.288 0.7358456349
42.29 0.7357551162
42.292 0.7358792017
42.294 0.7357885636
42.296 0.7359127206
42.298 0.7358222936
42.3 0.7359463319
42.302 0.7358558619
42.304 0.7359800826
42.306 0.7358895921
42.308 0.7360138242
42.31 0.7359234999
42.312 0.7360475875
42.314 0.735957258
42.316 0.7360816266
42.318 0.7359911903
42.32 0.7361155045
42.322 0.7360252232
42.324 0.7361494532
42.326 0.7360592119
42.328 0.7361835889
42.33 0.7360932037
42.332 0.7362175396
42.334 0.736127319
42.336 0.736251489
42.338 0.7361611965
42.34 0.7362855053
42.342 0.7361950842
42.344 0.7363194123
42.346 0.7362291001
42.348 0.7363532598
42.35 0.736262876
42.352 0.7363871771
42.354 0.7362965926
42.356 0.7364208208
42.358 0.7363303738
42.36 0.7364544152
42.362 0.7363638456
42.364 0.7364880269
42.366 0.7363973003
42.368 0.7365213751
42.37 0.7364307262
42.372 0.7365545919
42.374 0.7364638459
42.376 0.7365878368
42.378 0.7364968899
42.38 0.7366207645
42.382 0.7365299309
42.384 0.7366536351
42.386 0.736562681
42.388 0.736686455
42.39 0.7365953072
42.392 0.7367189915
42.394 0.7366279283
42.396 0.73675139
42.398 0.7366601985
42.4 0.7367837644
42.402 0.7366923891
42.404 0.7368158392
42.406 0.7367245286
42.408 0.7368477739
42.41 0.7367563669
42.412 0.7368796127
42.414 0.7367879781
42.416 0.7369111257
42.418 0.7368196155
42.42 0.7369425359
42.422 0.7368508113
42.424 0.7369737935
42.426 0.7368818703
42.428 0.7370047744
42.43 0.7369129245
42.432 0.737035513
42.434 0.7369435351
42.436 0.7370662372
42.438 0.7369740497
42.44 0.7370965985
42.442 0.7370044218
42.444 0.7371270408
42.446 0.7370346354
42.448 0.7371569982
42.45 0.7370646674
42.452 0.7371868151
42.454 0.7370943897
42.456 0.7372165901
42.458 0.7371238261
42.46 0.7372458816
42.462 0.7371532053
42.464 0.7372749484
42.466 0.7371820917
42.468 0.7373038955
42.47 0.7372107299
42.472 0.7373319797
42.474 0.7372382991
42.476 0.7373588274
42.478 0.7372646817
42.48 0.7373851902
42.482 0.7372907158
42.484 0.7374109372
42.486 0.7373164448
42.488 0.7374366998
42.49 0.7373418675
42.492 0.7374618875
42.494 0.7373671047
42.496 0.7374868079
42.498 0.7373918105
42.5 0.7375115869
42.502 0.7374163719
42.504 0.7375359408
42.506 0.7374407256
42.508 0.7375601291
42.51 0.7374648293
42.512 0.7375842436
42.514 0.7374886713
42.516 0.737608026
42.518 0.7375125897
42.52 0.7376319642
42.522 0.7375362247
42.524 0.7376554777
42.526 0.7375599334
42.528 0.7376789384
42.53 0.7375832245
42.532 0.737702308
42.534 0.7376064881
42.536 0.7377255255
42.538 0.7376297767
42.54 0.7377485713
42.542 0.7376527101
42.544 0.7377717105
42.546 0.7376757309
42.548 0.7377946039
42.55 0.7376986829
42.552 0.7378176374
42.554 0.73772151
42.556 0.7378403755
42.558 0.7377444256
42.56 0.7378630813
42.562 0.7377670239
42.564 0.7378857581
42.566 0.7377894892
42.568 0.7379081852
42.57 0.7378121074
42.572 0.7379306266
42.574 0.7378344072
42.576 0.7379529937
42.578 0.7378568432
42.58 0.7379752046
42.582 0.7378789011
42.584 0.7379974408
42.586 0.7379009777
42.588 0.7380193922
42.59 0.7379229974
42.592 0.7380412198
42.594 0.7379447046
42.596 0.7380629985
42.598 0.7379662643
42.6 0.73808445
42.602 0.7379878262
42.604 0.7381060827
42.606 0.7380092828
42.608 0.7381274293
42.61 0.7380307281
42.612 0.7381486449
42.614 0.738051818
42.616 0.7381698003
42.618 0.7380727461
42.62 0.738190622
42.622 0.7380936745
42.624 0.7382116228
42.626 0.738114424
42.628 0.7382321796
42.63 0.7381350886
42.632 0.7382526487
42.634 0.7381554418
42.636 0.7382730735
42.638 0.7381756533
42.64 0.738293164
42.642 0.7381958334
42.644 0.7383134071
42.646 0.738215807
42.648 0.7383331908
42.65 0.738235695
42.652 0.7383528689
42.654 0.7382552444
42.656 0.7383724845
42.658 0.7382746482
42.66 0.7383917814
42.662 0.7382940591
42.664 0.7384112753
42.666 0.7383133024
42.668 0.7384303387
42.67 0.7383324914
42.672 0.7384493368
42.674 0.7383513821
42.676 0.738468313
42.678 0.7383701611
42.68 0.7384870029
42.682 0.7383889782
42.684 0.7385059185
42.686 0.7384076644
42.688 0.7385244396
42.69 0.7384263268
42.692 0.7385429326
42.694 0.7384447265
42.696 0.7385614221
42.698 0.738463307
42.7 0.7385798113
42.702 0.7384815322
42.704 0.7385981245
42.706 0.7384996323
42.708 0.7386161132
42.71 0.7385177109
42.712 0.7386340396
42.714 0.7385355298
42.716 0.7386519379
42.718 0.7385534848
42.72 0.7386696695
42.722 0.7385711008
42.724 0.7386874023
42.726 0.7385885836
42.728 0.7387047626
42.73 0.7386060453
42.732 0.7387223606
42.734 0.7386234116
42.736 0.7387395265
42.738 0.7386406543
42.74 0.7387565718
42.742 0.7386576595
42.744 0.738773661
42.746 0.7386745052
42.748 0.7387903746
42.75 0.7386913334
42.752 0.7388072923
42.754 0.7387079945
42.756 0.7388237498
42.758 0.7387245415
42.76 0.7388400745
42.762 0.7387407557
42.764 0.7388563604
42.766 0.7387570879
42.768 0.7388724239
42.77 0.738772958
42.772 0.7388884087
42.774 0.7387887076
42.776 0.7389040005
42.778 0.7388043333
42.78 0.7389196901
42.782 0.7388197992
42.784 0.7389349558
42.786 0.7388351099
42.788 0.7389500078
42.79 0.7388500408
42.792 0.7389650214
42.794 0.738865091
42.796 0.7389797898
42.798 0.7388796449
42.8 0.7389944245
42.802 0.7388940166
42.804 0.739008648
42.806 0.7389082693
42.808 0.7390229427
42.81 0.7389223031
42.812 0.7390367634
42.814 0.738936189
42.816 0.7390503764
42.818 0.7389496033
42.82 0.7390638428
42.822 0.7389631369
42.824 0.7390770715
42.826 0.7389761287
42.828 0.7390901275
42.83 0.7389889081
42.832 0.7391027684
42.834 0.7390015748
42.836 0.7391154196
42.838 0.7390139341
42.84 0.7391275767
42.842 0.7390261472
42.844 0.7391394862
42.846 0.7390378866
42.848 0.7391512494
42.85 0.7390496295
42.852 0.739162691
42.854 0.7390608496
42.856 0.7391739602
42.858 0.7390718084
42.86 0.7391847303
42.862 0.7390826317
42.864 0.7391955814
42.866 0.7390931428
42.868 0.7392057998
42.87 0.7391033638
42.872 0.7392157423
42.874 0.7391131462
42.876 0.7392255394
42.878 0.7391229316
42.88 0.7392350128
42.882 0.7391321331
42.884 0.7392442087
42.886 0.7391412828
42.888 0.7392530781
42.89 0.7391499167
42.892 0.7392617176
42.894 0.7391582099
42.896 0.7392697912
42.898 0.7391662809
42.9 0.7392778634
42.902 0.7391740193
42.904 0.7392853208
42.906 0.7391815
42.908 0.7392925085
42.91 0.7391884763
42.912 0.739299458
42.914 0.7391953902
42.916 0.7393060379
42.918 0.7392016976
42.92 0.7393123466
42.922 0.7392079414
42.924 0.7393182686
42.926 0.7392136058
42.928 0.7393239297
42.93 0.7392189179
42.932 0.7393290175
42.934 0.7392239941
42.936 0.7393340881
42.938 0.7392287322
42.94 0.7393385385
42.942 0.7392331923
42.944 0.7393429744
42.946 0.7392372833
42.948 0.7393467706
42.95 0.7392410744
42.952 0.7393502496
42.954 0.7392443727
42.956 0.7393535444
42.958 0.7392476316
42.96 0.7393564852
42.962 0.739250332
42.964 0.7393592086
42.966 0.7392530117
42.968 0.7393615772
42.97 0.7392551399
42.972 0.7393637576
42.974 0.7392572958
42.976 0.7393655811
42.978 0.7392588531
42.98 0.7393671952
42.982 0.7392601816
42.984 0.739368334
42.986 0.7392613511
42.988 0.7393695402
42.99 0.7392622612
42.992 0.7393702023
42.994 0.7392629631
42.996 0.7393709224
42.998 0.7392634179
43 0.7393711436
43.002 0.7392636739
43.004 0.7393714166
43.006 0.7392636926
43.008 0.7393712111
43.01 0.7392635281
43.012 0.73937107
43.014 0.7392631414
43.016 0.7393704673
43.018 0.7392625889
43.02 0.739369937
43.022 0.739261806
43.024 0.739368944
43.026 0.7392608749
43.028 0.7393677759
43.03 0.7392596016
43.032 0.739366565
43.034 0.7392584259
43.036 0.7393651463
43.038 0.7392568387
43.04 0.7393636446
43.042 0.7392553589
43.044 0.7393619357
43.046 0.7392534812
43.048 0.7393601497
43.05 0.7392517208
43.052 0.739358163
43.054 0.7392495709
43.056 0.7393561126
43.058 0.7392475502
43.06 0.7393538662
43.062 0.7392451436
43.064 0.7393515637
43.066 0.7392428776
43.068 0.7393490839
43.07 0.7392402482
43.072 0.7393465649
43.074 0.739237772
43.076 0.7393438852
43.078 0.7392349588
43.08 0.739341189
43.082 0.7392323097
43.084 0.7393383362
43.086 0.7392293182
43.088 0.7393354639
43.09 0.7392265025
43.092 0.7393324527
43.094 0.7392233601
43.096 0.7393294391
43.098 0.7392204092
43.1 0.7393262995
43.102 0.7392171497
43.104 0.7393231832
43.106 0.7392141092
43.108 0.7393199643
43.11 0.7392107658
43.112 0.7393167639
43.114 0.739207644
43.116 0.7393134691
43.118 0.7392042393
43.12 0.7393102146
43.122 0.7392010687
43.124 0.7393068766
43.126 0.7391976258
43.128 0.7393035901
43.13 0.7391944487
43.132 0.7393002643
43.134 0.7391909966
43.136 0.739296951
43.138 0.7391877963
43.14 0.739293878
43.142 0.7391844806
43.144 0.7392904444
43.146 0.7391811946
43.148 0.7392872985
43.15 0.7391778717
43.152 0.7392838436
43.154 0.7391745905
43.156 0.7392807033
43.158 0.7391712789
43.16 0.7392772673
43.162 0.7391680119
43.164 0.7392741203
43.166 0.7391646931
43.168 0.7392707001
43.17 0.7391614688
43.172 0.739267598
43.174 0.7391584655
43.176 0.7392643752
43.178 0.7391551814
43.18 0.7392612435
43.182 0.7391521794
43.184 0.7392581028
43.186 0.7391489313
43.188 0.7392550114
43.19 0.7391459695
43.192 0.7392519139
43.194 0.7391427594
43.196 0.7392488801
43.198 0.7391398696
43.2 0.7392461044
43.202 0.7391368453
43.204 0.7392429994
43.206 0.7391339161
43.208 0.7392401851
43.21 0.739130918
43.212 0.7392371052
43.214 0.7391280168
43.216 0.7392343206
43.218 0.7391253612
43.22 0.7392314612
43.222 0.739122408
43.224 0.7392286691
43.226 0.7391192339
43.228 0.7392252764
43.23 0.7391154404
43.232 0.7392218288
43.234 0.7391120232
43.236 0.7392186877
43.238 0.7391086107
43.24 0.7392148141
43.242 0.7391048215
43.244 0.739211004
43.246 0.7391010471
43.248 0.7392071046
43.25 0.7390974653
43.252 0.7392037079
43.254 0.7390943908
43.256 0.7392004865
43.258 0.7390912467
43.26 0.7391976082
43.262 0.739088647
43.264 0.7391952207
43.266 0.7390861955
43.268 0.739192776
43.27 0.7390840419
43.272 0.7391908814
43.274 0.7390821105
43.276 0.739188925
43.278 0.7390804437
43.28 0.739187504
43.282 0.7390792483
43.284 0.7391861668
43.286 0.7390779183
43.288 0.739185104
43.29 0.7390771467
43.292 0.7391769725
43.294 0.7390679781
43.296 0.739172343
43.298 0.7390664352
43.3 0.7391734442
43.302 0.7390676496
43.304 0.7391754233
43.306 0.739069441
43.308 0.7391701376
43.31 0.7390632605
43.312 0.7391687895
43.314 0.7390643909
43.316 0.739172374
43.318 0.7390679462
43.32 0.7391769858
43.322 0.7390647548
43.324 0.7391729927
43.326 0.7390649667
43.328 0.7391763301
43.33 0.7390706323
43.332 0.7391820502
43.334 0.7390768492
43.336 0.7391803134
43.338 0.7390745032
43.34 0.7391824482
43.342 0.7390795482
43.344 0.7391894891
43.346 0.7390786451
43.348 0.7391884831
43.35 0.7390820213
43.352 0.7391949564
43.354 0.7390903813
43.356 0.7391953987
43.358 0.7390906582
43.36 0.7392000619
43.362 0.7390983328
43.364 0.7392096469
43.366 0.7390999031
43.368 0.7392110022
43.37 0.7391056151
43.372 0.7392196977
43.374 0.7391084342
43.376 0.7392212765
43.378 0.7391152546
43.38 0.7392306635
43.382 0.7391272133
43.384 0.7392341528
43.386 0.7391303783
43.388 0.739241492
43.39 0.7391407706
43.392 0.7392461577
43.394 0.7391440632
43.396 0.7392543428
43.398 0.7391548536
43.4 0.739259845
43.402 0.7391583413
43.404 0.7392676127
43.406 0.7391679027
43.408 0.7392796748
43.41 0.7391717678
43.412 0.7392834566
43.414 0.7391795748
43.416 0.7392940634
43.418 0.7391919653
43.42 0.7392987293
43.422 0.7391961897
43.424 0.739307262
43.426 0.7392072104
43.428 0.7393124821
43.43 0.7392112303
43.432 0.7393216611
43.434 0.7392227828
43.436 0.7393276255
43.438 0.7392270657
43.44 0.7393372434
43.442 0.7392389185
43.444 0.7393439171
43.446 0.7392438895
43.448 0.7393538793
43.45 0.7392480215
43.452 0.7393596573
43.454 0.7392576061
43.456 0.7393651337
43.458 0.7392634659
43.46 0.7393753439
43.462 0.7392767021
43.464 0.7393830494
43.466 0.7392830898
43.468 0.7393944042
43.47 0.739288651
43.472 0.7394011609
43.474 0.7392992874
43.476 0.7394075576
43.478 0.7393064189
43.48 0.7394111218
43.482 0.7393118292
43.484 0.7394231537
43.486 0.7393186196
43.488 0.7394318534
43.49 0.7393310745
43.492 0.7394398559
43.494 0.739339538
43.496 0.7394451571
43.498 0.7393468301
43.5 0.7394589689
43.502 0.739355226
43.504 0.73946891
43.506 0.7393610397
43.508 0.7394773359
43.51 0.7393755352
43.512 0.7394868143
43.514 0.7393864854
43.516 0.7394937314
43.518 0.7393955069
43.52 0.7395013413
43.522 0.7394046864
43.524 0.7395175843
43.526 0.7394149777
43.528 0.7395296746
43.53 0.7394230035
43.532 0.7395402827
43.534 0.739431868
43.536 0.7395507719
43.538 0.7394412052
43.54 0.7395610888
43.542 0.739458872
43.544 0.7395729466
43.546 0.7394727603
43.548 0.7395824896
43.55 0.739484534
43.552 0.7395921345
43.554 0.7394958458
43.556 0.7396025344
43.558 0.7395074009
43.56 0.7396135322
43.562 0.7395189462
43.564 0.7396245841
43.566 0.7395307062
43.568 0.7396362176
43.57 0.7395428505
43.572 0.7396482149
43.574 0.7395549534
43.576 0.7396600833
43.578 0.7395671926
43.58 0.7396723377
43.582 0.7395797197
43.584 0.7396848209
43.586 0.7395920965
43.588 0.7396970033
43.59 0.7396044891
43.592 0.7397094056
43.594 0.739616995
43.596 0.7397218588
43.598 0.7396294861
43.6 0.7397340045
43.602 0.7396414702
43.604 0.7397460103
43.606 0.7396535051
43.608 0.7397580106
43.61 0.7396654419
43.612 0.7397695703
43.614 0.7396690122
43.616 0.7397799325
43.618 0.7396770918
43.62 0.7397929844
43.622 0.7396873696
43.624 0.7398053515
43.626 0.7396977811
43.628 0.7398093685
43.63 0.7397074091
43.632 0.7398175124
43.634 0.7397196258
43.636 0.7398275014
43.638 0.7397232888
43.64 0.7398364016
43.642 0.739730813
43.644 0.7398480104
43.646 0.7397401654
43.648 0.7398512504
43.65 0.7397487173
43.652 0.7398579957
43.654 0.7397514449
43.656 0.7398653268
43.658 0.7397581757
43.66 0.7398678265
43.662 0.7397655281
43.664 0.7398742461
43.666 0.7397753274
43.668 0.7398816917
43.67 0.7397764532
43.672 0.7398881811
43.674 0.7397812219
43.676 0.7398889773
43.678 0.7397863324
43.68 0.7398930214
43.682 0.7397857135
43.684 0.7398972578
43.686 0.7397888886
43.688 0.7398962071
43.69 0.7397845315
43.692 0.7398977571
43.694 0.7397869103
43.696 0.7398949745
43.698 0.7397896009
43.7 0.7398963004
43.702 0.7397868666
43.704 0.7398978787
43.706 0.7397874602
43.708 0.7398935473
43.71 0.7397796914
43.712 0.7398914931
43.714 0.7397787801
43.716 0.7398853693
43.718 0.7397701305
43.72 0.7398820107
43.722 0.7397678771
43.724 0.7398740897
43.726 0.7397576449
43.728 0.7398690262
43.73 0.7397540527
43.732 0.7398597562
43.734 0.7397423858
43.736 0.7398530747
43.738 0.739736835
43.74 0.7398415857
43.742 0.7397230121
43.744 0.7398248606
43.746 0.739714678
43.748 0.7398162745
43.75 0.7397018399
43.752 0.7397999962
43.754 0.7396910023
43.756 0.7397897069
43.758 0.7396754051
43.76 0.7397712269
43.762 0.7396542254
43.764 0.7397501018
43.766 0.739639965
43.768 0.7397368771
43.77 0.7396212918
43.772 0.7397152146
43.774 0.7395969255
43.776 0.7396910101
43.778 0.739579539
43.78 0.739674687
43.782 0.7395579374
43.784 0.7396502325
43.786 0.7395303065
43.788 0.7396225266
43.79 0.7395093839
43.792 0.7396027093
43.794 0.7394842528
43.796 0.7395746984
43.798 0.7394532709
43.8 0.7395437552
43.802 0.7394207481
43.804 0.7395111349
43.806 0.7393915071
43.808 0.7394824884
43.81 0.7393601089
43.812 0.7394495919
43.814 0.739325568
43.816 0.7394149763
43.818 0.739298088
43.82 0.7393881162
43.822 0.7392658191
43.824 0.7393529029
43.826 0.7392277339
43.828 0.7393148083
43.83 0.7391883268
43.832 0.739275379
43.834 0.7391481644
43.836 0.7392351386
43.838 0.7391071404
43.84 0.7391938548
43.842 0.7390655414
43.844 0.7391521584
43.846 0.7390235244
43.848 0.7391099211
43.85 0.7389809349
43.852 0.7390670818
43.854 0.7389457317
43.856 0.7390322896
43.858 0.7389056891
43.86 0.7389891166
43.862 0.7388596931
43.864 0.7389429735
43.866 0.7388122826
43.868 0.7388954688
43.87 0.7387640586
43.872 0.7388471041
43.874 0.7387151887
43.876 0.7387977821
43.878 0.738665303
43.88 0.738747797
43.882 0.7386150218
43.884 0.7386973705
43.886 0.7385642656
43.888 0.7386463879
43.89 0.7385129509
43.892 0.7385948171
43.894 0.7384610626
43.896 0.7385423988
43.898 0.7384082063
43.9 0.7384893956
43.902 0.7383549694
43.904 0.7384359559
43.906 0.7383012307
43.908 0.7383819635
43.91 0.7382469493
43.912 0.7383274406
43.914 0.7381921686
43.916 0.7382723979
43.918 0.7381365831
43.92 0.7382163941
43.922 0.738080441
43.924 0.7381600934
43.926 0.7380239568
43.928 0.7381033818
43.93 0.7379670294
43.932 0.7380462493
43.934 0.7379096888
43.936 0.7379886885
43.938 0.737851925
43.94 0.7379304518
43.942 0.7377933506
43.944 0.7378718067
43.946 0.7377345896
43.948 0.7378129319
43.95 0.7376755507
43.952 0.7377537706
43.954 0.7376162355
43.956 0.7376942879
43.958 0.737556591
43.96 0.7376344877
43.962 0.7374966636
43.964 0.7375741726
43.966 0.737436053
43.968 0.7375135377
43.97 0.7373753828
43.972 0.7374528451
43.974 0.7373146004
43.976 0.7373919883
43.978 0.7372536793
43.98 0.7373310043
43.982 0.7371926062
43.984 0.7372698657
43.986 0.7371314033
43.988 0.7372086167
43.99 0.7370698471
43.992 0.7371468615
43.994 0.7370081701
43.996 0.7370852386
43.998 0.7369465799
44 0.7370236584
44.002 0.7368850127
44.004 0.736962069
44.006 0.7368234263
44.008 0.7369004765
44.01 0.7367618509
44.012 0.7368389262
44.014 0.7367003057
44.016 0.736777409
44.018 0.7366385453
44.02 0.7367155108
44.022 0.7365767975
44.024 0.736653879
44.026 0.7365152477
44.028 0.7365923867
44.03 0.7364538362
44.032 0.7365310179
44.034 0.7363925235
44.036 0.7364697609
44.038 0.7363313109
44.04 0.736408615
44.042 0.7362702257
44.044 0.7363475632
44.046 0.7362092372
44.048 0.7362863858
44.05 0.736147957
44.052 0.7362252805
44.054 0.7360870073
44.056 0.7361644563
44.058 0.7360262688
44.06 0.7361038096
44.062 0.7359656674
44.064 0.7360432906
44.066 0.7359052224
44.068 0.735982893
44.07 0.7358448913
44.072 0.7359226232
44.074 0.7357846551
44.076 0.7358624519
44.078 0.7357245467
44.08 0.7358023767
44.082 0.7356642535
44.084 0.7357419995
44.086 0.7356040206
44.088 0.7356818686
44.09 0.7355440083
44.092 0.7356219127
44.094 0.7354840915
44.096 0.7355620302
44.098 0.7354242514
44.1 0.7355022037
44.102 0.7353644622
44.104 0.7354424715
44.106 0.7353047509
44.108 0.7353827495
44.11 0.7352450398
44.112 0.735323052
44.114 0.7351853263
44.116 0.7352633463
44.118 0.735125639
44.12 0.7352036512
44.122 0.7350656134
44.124 0.7351433921
44.126 0.7350053834
44.128 0.7350831512
44.13 0.7349451278
44.132 0.7350228304
44.134 0.7348847368
44.136 0.7349623319
44.138 0.7348241541
44.14 0.7349016758
44.142 0.7347634058
44.144 0.734840823
44.146 0.7347024584
44.148 0.7347797735
44.15 0.7346412954
44.152 0.7347185158
44.154 0.7345799415
44.156 0.7346570451
44.158 0.7345183501
44.16 0.7345953521
44.162 0.7344565596
44.164 0.7345334435
44.166 0.7343945188
44.168 0.734471292
44.17 0.7343322668
44.172 0.7344089115
44.174 0.7342697405
44.176 0.7343462531
44.178 0.734206687
44.18 0.7342829063
44.182 0.7341432998
44.184 0.7342194716
44.186 0.7340798021
44.188 0.7341558236
44.19 0.7340160102
44.192 0.7340918913
44.194 0.7339519553
44.196 0.7340276856
44.198 0.7338875771
44.2 0.7339631587
44.202 0.733822921
44.204 0.7338983539
44.206 0.733757943
44.208 0.7338332059
44.21 0.7336926516
44.212 0.7337677789
44.214 0.7336270546
44.216 0.7337020067
44.218 0.733561133
44.22 0.7336359525
44.222 0.7334949407
44.224 0.7335695973
44.226 0.7334284075
44.228 0.7335029213
44.23 0.7333616082
44.232 0.7334359905
44.234 0.7332945208
44.236 0.7333687417
44.238 0.7332271367
44.24 0.7333012421
44.242 0.7331595231
44.244 0.7332335672
44.246 0.7330918488
44.248 0.733165922
44.25 0.7330242284
44.252 0.7330983164
44.254 0.7329566089
44.256 0.733030671
44.258 0.7328889752
44.26 0.7329630631
44.262 0.7328213897
44.264 0.7328955036
44.266 0.7327538399
44.268 0.7328279535
44.27 0.7326863156
44.272 0.7327604804
44.274 0.7326188921
44.276 0.7326930815
44.278 0.7325515071
44.28 0.7326257502
44.282 0.7324842527
44.284 0.7325585681
44.286 0.7324171421
44.288 0.7324915178
44.29 0.7323501432
44.292 0.7324246015
44.294 0.7322833305
44.296 0.7323578968
44.298 0.7322167388
44.3 0.7322914227
44.302 0.732150363
44.304 0.7322251434
44.306 0.7320842115
44.308 0.7321591381
44.31 0.7320183521
44.312 0.7320934372
44.314 0.7319528159
44.316 0.7320280507
44.318 0.7318875644
44.32 0.7319629709
44.322 0.731822685
44.324 0.7318982897
44.326 0.7317582078
44.328 0.7318340318
44.33 0.7316941446
44.332 0.7317701461
44.334 0.73163047
44.336 0.7317067129
44.338 0.7315672815
44.34 0.7316437836
44.342 0.7315046173
44.344 0.7315813905
44.346 0.7314424891
44.348 0.7315195247
44.35 0.7313809048
44.352 0.7314582424
44.354 0.7313199328
44.356 0.7313975927
44.358 0.7312596064
44.36 0.7313375917
44.362 0.7311999357
44.364 0.731278243
44.366 0.7311408963
44.368 0.7312195395
44.37 0.7310825524
44.372 0.7311615572
44.374 0.7310249342
44.376 0.7311043114
44.378 0.7309680594
44.38 0.7310478041
44.382 0.7309119248
44.384 0.730992056
44.386 0.730856541
44.388 0.7309370188
44.39 0.7308018811
44.392 0.7308827614
44.394 0.7307480207
44.396 0.7308293049
44.398 0.7306949585
44.4 0.7307766369
44.402 0.7306426969
44.404 0.7307247815
44.406 0.730591245
44.408 0.7306737338
44.41 0.7305405971
44.412 0.7306234965
44.414 0.7304907535
44.416 0.7305740352
44.418 0.7304416915
44.42 0.7305253825
44.422 0.7303934495
44.424 0.7304775558
44.426 0.7303460377
44.428 0.7304305558
44.43 0.7302994466
44.432 0.7303843826
44.434 0.7302536887
44.436 0.7303390395
44.438 0.7302087526
44.44 0.7302945076
44.442 0.7301646219
44.444 0.7302507868
44.446 0.730121307
44.448 0.7302078758
44.45 0.7300787963
44.452 0.7301657906
44.454 0.7300371661
44.456 0.7301246165
44.458 0.7299964301
44.46 0.7300843058
44.462 0.7299565386
44.464 0.7300448247
44.466 0.7299174645
44.468 0.7300061583
44.47 0.7298792018
44.472 0.7299682907
44.474 0.7298417242
44.476 0.7299312243
44.478 0.7298050399
44.48 0.7298949097
44.482 0.729769082
44.484 0.7298592959
44.486 0.7297338133
44.488 0.729824361
44.49 0.7296992025
44.492 0.7297900773
44.494 0.7296652409
44.496 0.7297564196
44.498 0.729631893
44.5 0.7297233784
44.502 0.7295991384
44.504 0.7296909007
44.506 0.7295669434
44.508 0.7296589836
44.51 0.7295352801
44.512 0.7296275716
44.514 0.729504118
44.516 0.7295966498
44.518 0.7294734184
44.52 0.7295661714
44.522 0.7294431602
44.524 0.7295361196
44.526 0.729413302
44.528 0.729506446
44.53 0.7293838003
44.532 0.7294771092
44.534 0.7293546217
44.536 0.729448087
44.538 0.7293257391
44.54 0.7294193291
44.542 0.7292970937
44.544 0.7293907927
44.546 0.7292686569
44.548 0.7293624462
44.55 0.7292403989
44.552 0.7293342654
44.554 0.7292122787
44.556 0.7293061947
44.558 0.7291842385
44.56 0.7292781765
44.562 0.729156235
44.564 0.7292501903
44.566 0.7291282525
44.568 0.7292221964
44.57 0.7291002352
44.572 0.7291941481
44.574 0.7290721466
44.576 0.7291660088
44.578 0.7290439434
44.58 0.7291377346
44.582 0.7290155871
44.584 0.7291092879
44.586 0.72898704
44.588 0.7290806384
44.59 0.7289582754
44.592 0.7290517323
44.594 0.7289292168
44.596 0.7290225204
44.598 0.728899835
44.6 0.7289929585
44.602 0.7288700997
44.604 0.7289630449
44.606 0.7288399815
44.608 0.7289327083
44.61 0.7288094185
44.612 0.7289019207
44.614 0.7287783971
44.616 0.7288706684
44.618 0.7287469041
44.62 0.7288389213
44.622 0.7287148956
44.624 0.7288066524
44.626 0.7286823527
44.628 0.728773829
44.63 0.7286492535
44.632 0.7287404483
44.634 0.7286155737
44.636 0.7287064625
44.638 0.7285812779
44.64 0.7286718525
44.642 0.7285463452
44.644 0.7286365895
44.646 0.7285107447
44.648 0.7286006542
44.65 0.7284744699
44.652 0.7285640338
44.654 0.7284374932
44.656 0.7285266986
44.658 0.7283997955
44.66 0.7284886378
44.662 0.7283613641
44.664 0.7284498282
44.666 0.7283221718
44.668 0.7284102552
44.67 0.728282213
44.672 0.7283699086
44.674 0.7282414758
44.676 0.7283287792
44.678 0.728199948
44.68 0.7282868549
44.682 0.7281576235
44.684 0.7282441233
44.686 0.7281144801
44.688 0.728200573
44.69 0.7280705213
44.692 0.7281562213
44.694 0.7280257848
44.696 0.7281110953
44.698 0.7279802619
44.7 0.7280651749
44.702 0.7279339414
44.704 0.7280184422
44.706 0.7278867897
44.708 0.7279708809
44.71 0.7278388209
44.712 0.7279225035
44.714 0.7277900316
44.716 0.7278733054
44.718 0.7277404231
44.72 0.7278232867
44.722 0.7276899932
44.724 0.7277724512
44.726 0.7276387453
44.728 0.7277207904
44.73 0.7275866761
44.732 0.7276683202
44.734 0.7275338032
44.736 0.727615045
44.738 0.7274801263
44.74 0.7275609705
44.742 0.7274256541
44.744 0.7275061037
44.746 0.7273703889
44.748 0.7274504424
44.75 0.7273143346
44.752 0.7273939999
44.754 0.7272575051
44.756 0.7273367867
44.758 0.7271999063
44.76 0.7272788056
44.762 0.7271415458
44.764 0.7272200454
44.766 0.7270823737
44.768 0.7271604912
44.77 0.7270224537
44.772 0.7271002054
44.774 0.7269618035
44.776 0.7270391965
44.778 0.7269004348
44.78 0.7269774736
44.782 0.7268383595
44.784 0.7269150465
44.786 0.7267755799
44.788 0.7268518611
44.79 0.7267120259
44.792 0.7267879973
44.794 0.7266478164
44.796 0.7267234458
44.798 0.7265829313
44.8 0.7266582297
44.802 0.7265173815
44.804 0.7265923525
44.806 0.7264511776
44.808 0.7265258291
44.81 0.7263843293
44.812 0.726458635
44.814 0.726316783
44.816 0.7263907755
44.818 0.7262486206
44.82 0.7263223084
44.822 0.7261798502
44.824 0.7262532349
44.826 0.7261104711
44.828 0.7261835323
44.83 0.726040431
44.832 0.72611319
44.834 0.7259698061
44.836 0.7260422821
44.838 0.7258986136
44.84 0.725970781
44.842 0.7258267942
44.844 0.7258986794
44.846 0.7257544228
44.848 0.7258260338
44.85 0.7256814998
44.852 0.7257528135
44.854 0.7256079731
44.856 0.7256790165
44.858 0.7255339209
44.86 0.7256047012
44.862 0.725459344
44.864 0.7255298437
44.866 0.7253841935
44.868 0.7254544331
44.87 0.7253085367
44.872 0.7253785294
44.874 0.7252323622
44.876 0.7253020728
44.878 0.7251556548
44.88 0.7252251323
44.882 0.7250784472
44.884 0.7251476507
44.886 0.7250007221
44.888 0.7250696928
44.89 0.7249225295
44.892 0.7249912492
44.894 0.7248438196
44.896 0.7249123074
44.898 0.7247646585
44.9 0.7248328973
44.902 0.7246849885
44.904 0.7247529977
44.906 0.7246048724
44.908 0.724672642
44.91 0.7245242633
44.912 0.7245918096
44.914 0.7244432219
44.916 0.7245105287
44.918 0.7243616887
44.92 0.7244287806
44.922 0.7242797335
44.924 0.7243465874
44.926 0.7241972957
44.928 0.724263941
44.93 0.7241144276
44.932 0.724180834
44.934 0.7240311135
44.936 0.7240973272
44.938 0.7239473791
44.94 0.7240133542
44.942 0.7238632022
44.944 0.723928968
44.946 0.7237785858
44.948 0.7238441534
44.95 0.723693586
44.952 0.7237589335
44.954 0.7236081319
44.956 0.7236732858
44.958 0.7235222805
44.96 0.7235872115
44.962 0.7234360154
44.964 0.7235007464
44.966 0.723349328
44.968 0.7234138683
44.97 0.7232622476
44.972 0.7233265731
44.974 0.7231747707
44.976 0.7232389029
44.978 0.7230868862
44.98 0.7231508408
44.982 0.722998631
44.984 0.723062374
44.986 0.7229099903
44.988 0.7229735508
44.99 0.7228209624
44.992 0.7228843549
44.994 0.7227315869
44.996 0.722794775
44.998 0.7226418375
45 0.7227048519
45.002 0.7225517192
45.004 0.722614575
45.006 0.7224612754
45.008 0.7225239409
45.01 0.7223704546
45.012 0.7224329424
45.014 0.7222793079
45.016 0.7223416366
45.018 0.7221878188
45.02 0.7222500005
45.022 0.7220960224
45.024 0.7221580253
45.026 0.7220038813
45.028 0.7220657223
45.03 0.721911445
45.032 0.7219731443
45.034 0.7218186991
45.036 0.7218802389
45.038 0.7217256385
45.04 0.7217870524
45.042 0.7216323129
45.044 0.7216935677
45.046 0.7215386751
45.048 0.7215997836
45.05 0.7214447792
45.052 0.7215057676
45.054 0.7213506187
45.056 0.7214114685
45.058 0.7212561863
45.06 0.7213169385
45.062 0.7211615478
45.064 0.7212221711
45.066 0.7210666601
45.068 0.7211271654
45.07 0.720971539
45.072 0.7210319385
45.074 0.7208762334
45.076 0.7209365439
45.078 0.7207807277
45.08 0.720840939
45.082 0.7206850316
45.084 0.720745156
45.086 0.7205891611
45.088 0.7206492249
45.09 0.7204931597
45.092 0.7205531399
45.094 0.7203970015
45.096 0.7204569107
45.098 0.7203007579
45.1 0.7203606931
45.102 0.7202044881
45.104 0.7202643384
45.106 0.7201080981
45.108 0.7201678976
45.11 0.7200115871
45.112 0.7200713362
45.114 0.7199149811
45.116 0.7199746876
45.118 0.7198182883
45.12 0.7198780137
45.122 0.7197216713
45.124 0.7197813735
45.126 0.7196249741
45.128 0.7196846397
45.13 0.7195282049
45.132 0.7195878451
45.134 0.7194313881
45.136 0.7194910919
45.138 0.7193347268
45.14 0.7193944241
45.142 0.7192380189
45.144 0.7192976914
45.146 0.7191412598
45.148 0.7192009822
45.15 0.7190446381
45.152 0.7191043634
45.154 0.7189479804
45.156 0.719007695
45.158 0.7188513162
45.16 0.7189110996
45.162 0.7187548143
45.164 0.7188146058
45.166 0.7186582996
45.168 0.7187181069
45.17 0.7185618723
45.172 0.7186217812
45.174 0.7184655692
45.176 0.7185254759
45.178 0.7183692803
45.18 0.7184292582
45.182 0.7182731746
45.184 0.718333194
45.186 0.7181771124
45.188 0.7182372113
45.19 0.7180812495
45.192 0.7181413949
45.194 0.7179854381
45.196 0.7180456649
45.198 0.7178898369
45.2 0.7179501143
45.202 0.7177942911
45.204 0.7178546612
45.206 0.717698971
45.208 0.7177593842
45.21 0.7176037052
45.212 0.7176642193
45.214 0.7175086828
45.216 0.7175692556
45.218 0.7174137932
45.22 0.7174745028
45.222 0.7173190998
45.224 0.7173798267
45.226 0.717224523
45.228 0.71728539
45.23 0.7171301477
45.232 0.7171910959
45.234 0.7170359833
45.236 0.7170969932
45.238 0.7169419572
45.24 0.7170030957
45.242 0.7168481077
45.244 0.716909327
45.246 0.7167544728
45.248 0.7168157413
45.25 0.7166609663
45.252 0.7167223673
45.254 0.7165676338
45.256 0.7166291123
45.258 0.7164745085
45.26 0.7165360271
45.262 0.7163814969
45.264 0.7164431451
45.266 0.7162887171
45.268 0.7163504679
45.27 0.7161960735
45.272 0.7162578607
45.274 0.7161035774
45.276 0.7161654782
45.278 0.71601129
45.28 0.7160732259
45.282 0.7159191016
45.284 0.7159811493
45.286 0.7158271192
45.288 0.7158892655
45.29 0.7157352763
45.292 0.7157974768
45.294 0.7156436067
45.296 0.7157058975
45.298 0.715552117
45.3 0.7156145042
45.302 0.7154608088
45.304 0.715523278
45.306 0.7153696448
45.308 0.715432122
45.31 0.7152785418
45.312 0.7153411335
45.314 0.7151876351
45.316 0.7152503057
45.318 0.7150968935
45.32 0.7151596485
45.322 0.7150063076
45.324 0.7150691445
45.326 0.7149158757
45.328 0.714978788
45.33 0.7148256072
45.332 0.7148885706
45.334 0.7147354431
45.336 0.7147984895
45.338 0.7146454376
45.34 0.7147085624
45.342 0.7145555839
45.344 0.7146187813
45.346 0.7144658765
45.348 0.7145291443
45.35 0.7143763135
45.352 0.7144396458
45.354 0.714286846
45.356 0.7143502323
45.358 0.7141975123
45.36 0.7142609706
45.362 0.7141083089
45.364 0.7141718253
45.366 0.7140192302
45.368 0.7140828211
45.37 0.7139302933
45.372 0.7139939127
45.374 0.7138414223
45.376 0.7139051112
45.378 0.7137526938
45.38 0.71381645
45.382 0.7136640957
45.384 0.7137279183
45.386 0.7135756269
45.388 0.7136395104
45.39 0.7134872429
45.392 0.713551161
45.394 0.7133989619
45.396 0.7134629444
45.398 0.7133108056
45.4 0.7133749065
45.402 0.7132228593
45.404 0.7132869675
45.406 0.7131349575
45.408 0.7131991272
45.41 0.7130471712
45.412 0.7131113895
45.414 0.7129595453
45.416 0.7130238542
45.418 0.7128720272
45.42 0.712936369
45.422 0.7127845547
45.424 0.712848992
45.426 0.7126972699
45.428 0.7127617327
45.43 0.7126100511
45.432 0.7126745583
45.434 0.7125229894
45.436 0.7125875544
45.438 0.7124359941
45.44 0.7125006131
45.442 0.7123491014
45.444 0.7124138259
45.446 0.7122623934
45.448 0.7123271376
45.45 0.7121757705
45.452 0.7122405735
45.454 0.7120892297
45.456 0.7121541306
45.458 0.7120028607
45.46 0.712067785
45.462 0.7119166218
45.464 0.7119815864
45.466 0.7118304136
45.468 0.7118954803
45.47 0.7117443786
45.472 0.7118094549
45.474 0.7116584126
45.476 0.7117235351
45.478 0.7115724961
45.48 0.7116376996
45.482 0.711486774
45.484 0.7115520074
45.486 0.7114010693
45.488 0.7114663439
45.49 0.7113154326
45.492 0.7113806938
45.494 0.7112298406
45.496 0.7112951992
45.498 0.7111443627
45.5 0.7112096943
45.502 0.7110588808
45.504 0.7111242823
45.506 0.710973471
45.508 0.7110388287
45.51 0.710888059
45.512 0.7109534665
45.514 0.7108026714
45.516 0.7108680381
45.518 0.7107172672
45.52 0.7107826901
45.522 0.7106318981
45.524 0.7106972668
45.526 0.7105464666
45.528 0.7106118712
45.53 0.7104610959
45.532 0.7105264563
45.534 0.7103756028
45.536 0.7104409396
45.538 0.7102901217
45.54 0.710355503
45.542 0.7102046545
45.544 0.7102699668
45.546 0.7101191289
45.548 0.7101844833
45.55 0.7100336231
45.552 0.7100989656
45.554 0.7099480592
45.556 0.710013311
45.558 0.7098623883
45.56 0.7099276292
45.562 0.7097766776
45.564 0.7098419087
45.566 0.70969094
45.568 0.7097560903
45.57 0.709604994
45.572 0.7096700965
45.574 0.7095189702
45.576 0.7095840276
45.578 0.7094328935
45.58 0.7094979626
45.582 0.7093468388
45.584 0.7094118502
45.586 0.7092606311
45.588 0.7093255961
45.59 0.7091743664
45.592 0.7092393146
45.594 0.7090880582
45.596 0.7091529734
45.598 0.7090016424
45.6 0.7090664899
45.602 0.7089151117
45.604 0.7089798997
45.606 0.7088284544
45.608 0.7088931632
45.61 0.7087416184
45.612 0.7088061882
45.614 0.7086545128
45.616 0.7087189671
45.618 0.7085671643
45.62 0.7086314982
45.622 0.708479574
45.624 0.7085437713
45.626 0.7083916719
45.628 0.7084557098
45.63 0.7083034766
45.632 0.7083673623
45.634 0.708214963
45.636 0.7082786873
45.638 0.708126123
45.64 0.7081896475
45.642 0.7080368895
45.644 0.7081002421
45.646 0.7079473008
45.648 0.7080104601
45.65 0.7078573243
45.652 0.7079202945
45.654 0.7077669343
45.656 0.7078296796
45.658 0.7076761176
45.66 0.7077386627
45.662 0.7075848902
45.664 0.7076472161
45.666 0.7074932152
45.668 0.7075553273
45.67 0.7074011067
45.672 0.7074629679
45.674 0.7073085097
45.676 0.7073701628
45.678 0.707215483
45.68 0.707276901
45.682 0.7071219769
45.684 0.7071831579
45.686 0.7070280032
45.688 0.7070889508
45.69 0.7069335304
45.692 0.7069942254
45.694 0.7068385743
45.696 0.7068990288
45.698 0.706743137
45.7 0.7068033554
45.702 0.7066472238
45.704 0.7067071915
45.706 0.7065508071
45.708 0.706610531
45.71 0.7064539022
45.712 0.7065133481
45.714 0.7063564489
45.716 0.7064156453
45.718 0.7062584845
45.72 0.7063174233
45.722 0.7061600081
45.724 0.7062186917
45.726 0.7060610053
45.728 0.7061194165
45.73 0.7059614664
45.732 0.7060196165
45.734 0.7058613986
45.736 0.7059192769
45.738 0.7057607569
45.74 0.7058183421
45.742 0.7056595597
45.744 0.7057168768
45.746 0.7055578121
45.748 0.7056148482
45.75 0.7054555084
45.752 0.7055122661
45.754 0.7053526429
45.756 0.7054091166
45.758 0.7052492093
45.76 0.705305402
45.762 0.7051452101
45.764 0.7052011223
45.766 0.7050406393
45.768 0.7050962664
45.77 0.704935503
45.772 0.7049908483
45.774 0.7048298027
45.776 0.7048848606
45.778 0.7047235228
45.78 0.7047782949
45.782 0.7046166787
45.784 0.7046711718
45.786 0.7045092697
45.788 0.7045634747
45.79 0.7044012942
45.792 0.7044552242
45.794 0.7042927633
45.796 0.7043464095
45.798 0.7041836536
45.8 0.7042370231
45.802 0.704073993
45.804 0.704127088
45.806 0.7039637769
45.808 0.704016597
45.81 0.7038530162
45.812 0.7039055719
45.814 0.7037417244
45.816 0.703794005
45.818 0.703629887
45.82 0.7036819045
45.822 0.7035175258
45.824 0.7035692825
45.826 0.7034046271
45.828 0.7034560937
45.83 0.7032911573
45.832 0.7033423532
45.834 0.7031771395
45.836 0.7032280589
45.838 0.7030625737
45.84 0.7031132336
45.842 0.7029474906
45.844 0.7029978902
45.846 0.7028318861
45.848 0.7028820278
45.85 0.7027157756
45.852 0.702765674
45.854 0.7025991723
45.856 0.7026488215
45.858 0.7024820815
45.86 0.7025314959
45.862 0.7023645213
45.864 0.7024136973
45.866 0.7022464798
45.868 0.7022954286
45.87 0.7021279892
45.872 0.7021767129
45.874 0.7020090447
45.876 0.702057556
45.878 0.7018896789
45.88 0.7019379772
45.882 0.7017698849
45.884 0.7018179757
45.886 0.7016496845
45.888 0.701697581
45.89 0.7015290956
45.892 0.7015767945
45.894 0.7014081083
45.896 0.701455622
45.898 0.7012867561
45.9 0.7013340914
45.902 0.7011650392
45.904 0.7012121936
45.906 0.7010429684
45.908 0.7010899759
45.91 0.7009206171
45.912 0.7009674873
45.914 0.7007979974
45.916 0.7008447398
45.918 0.7006751223
45.92 0.7007217292
45.922 0.7005519784
45.924 0.7005984613
45.926 0.7004285885
45.928 0.7004749509
45.93 0.7003049518
45.932 0.7003511912
45.934 0.7001810773
45.936 0.7002272058
45.938 0.7000569804
45.94 0.7001029911
45.942 0.6999326499
45.944 0.6999785551
45.946 0.6998081103
45.948 0.6998539055
45.95 0.6996833502
45.952 0.6997290459
45.954 0.6995583927
45.956 0.6996039912
45.958 0.6994332339
45.96 0.6994787315
45.962 0.699307882
45.964 0.6993532959
45.966 0.6991823572
45.968 0.6992276702
45.97 0.699056633
45.972 0.6991018599
45.974 0.6989307433
45.976 0.6989758854
45.978 0.6988046768
45.98 0.6988497313
45.982 0.6986784401
45.984 0.698723414
45.986 0.6985520293
45.988 0.6985969166
45.99 0.6984254565
45.992 0.698470266
45.994 0.6982987244
45.996 0.6983434525
45.998 0.6981718257
46 0.698216471
46.002 0.6980447721
46.004 0.6980893437
46.006 0.6979175622
46.008 0.6979620541
46.01 0.6977901982
46.012 0.6978346172
46.014 0.6976626854
46.016 0.6977070247
46.018 0.6975350127
46.02 0.6975792835
46.022 0.6974071999
46.024 0.6974513912
46.026 0.6972792314
46.028 0.6973233538
46.03 0.6971511227
46.032 0.6971951714
46.034 0.6970228632
46.036 0.6970668335
46.038 0.6968944541
46.04 0.6969383583
46.042 0.696765902
46.044 0.6968097248
46.046 0.6966371983
46.048 0.6966809757
46.05 0.6965083906
46.052 0.6965520844
46.054 0.6963794194
46.056 0.6964230402
46.058 0.6962503032
46.06 0.696293858
46.062 0.696121047
46.064 0.6961645219
46.066 0.6959916553
46.068 0.696035077
46.07 0.6958621354
46.072 0.6959054709
46.074 0.6957324536
46.076 0.6957757261
46.078 0.6956026472
46.08 0.6956458643
46.082 0.6954727268
46.084 0.6955158823
46.086 0.695342679
46.088 0.6953857571
46.09 0.6952124731
46.092 0.6952555013
46.094 0.695082166
46.096 0.695125116
46.098 0.6949516906
46.1 0.6949945647
46.102 0.694821071
46.104 0.6948638985
46.106 0.6946903438
46.108 0.6947330878
46.11 0.6945594592
46.112 0.694602132
46.114 0.6944284529
46.116 0.694471062
46.118 0.6942973035
46.12 0.6943398398
46.122 0.6941660349
46.124 0.6942085212
46.126 0.6940346374
46.128 0.6940770451
46.13 0.6939031113
46.132 0.6939454678
46.134 0.6937714589
46.136 0.6938137457
46.138 0.6936396806
46.14 0.6936819103
46.142 0.6935077734
46.144 0.6935499388
46.146 0.693375757
46.148 0.6934178804
46.15 0.6932436208
46.152 0.6932856626
46.154 0.6931113548
46.156 0.6931533573
46.158 0.692978983
46.16 0.6930209348
46.162 0.6928465111
46.164 0.6928883979
46.166 0.692713922
46.168 0.6927557623
46.17 0.6925812293
46.172 0.6926230117
46.174 0.6924484333
46.176 0.6924901639
46.178 0.692315523
46.18 0.6923572116
46.182 0.6921825273
46.184 0.6922241546
46.186 0.6920494346
46.188 0.6920910317
46.19 0.6919162714
46.192 0.6919578223
46.194 0.6917830101
46.196 0.6918245187
46.198 0.691649664
46.2 0.6916911164
46.202 0.6915162301
46.204 0.6915576576
46.206 0.6913827376
46.208 0.6914241269
46.21 0.6912491643
46.212 0.691290535
46.214 0.6911155462
46.216 0.691156893
46.218 0.6909818757
46.22 0.691023179
46.222 0.690848137
46.224 0.6908894202
46.226 0.6907143636
46.228 0.6907556272
46.23 0.6905805496
46.232 0.6906217612
46.234 0.6904466389
46.236 0.6904878506
46.238 0.6903127106
46.24 0.6903539047
46.242 0.6901787504
46.244 0.6902199326
46.246 0.690044764
46.248 0.6900859401
46.25 0.6899107636
46.252 0.6899519263
46.254 0.6897767388
46.256 0.6898179001
46.258 0.6896427027
46.26 0.6896838477
46.262 0.689508641
46.264 0.6895497886
46.266 0.6893745546
46.268 0.6894156794
46.27 0.6892404427
46.272 0.6892815677
46.274 0.6891063246
46.276 0.6891474456
46.278 0.6889722034
46.28 0.6890133255
46.282 0.6888380753
46.284 0.6888791941
46.286 0.6887039471
46.288 0.6887450335
46.29 0.6885697666
46.292 0.6886108643
46.294 0.6884356042
46.296 0.688476697
46.298 0.6883014308
46.3 0.6883425238
46.302 0.688167273
46.304 0.6882083632
46.306 0.6880330837
46.308 0.6880741566
46.31 0.6878988791
46.312 0.6879399612
46.314 0.687764681
46.316 0.6878057494
46.318 0.687630471
46.32 0.6876715089
46.322 0.6874962098
46.324 0.687537241
46.326 0.6873619311
46.328 0.6874029792
46.33 0.6872276592
46.332 0.6872686909
46.334 0.6870933487
46.336 0.6871343642
46.338 0.686959015
46.34 0.6870000322
46.342 0.6868246742
46.344 0.68686565
46.346 0.6866902741
46.348 0.6867312481
46.35 0.6865558558
46.352 0.6865968297
46.354 0.6864214223
46.356 0.6864623633
46.358 0.6862869353
46.36 0.6863278747
46.362 0.6861524385
46.364 0.6861933277
46.366 0.6860178674
46.368 0.6860587729
46.37 0.685883294
46.372 0.6859241687
46.374 0.6857486571
46.376 0.6857895167
46.378 0.6856139814
46.38 0.6856548127
46.382 0.6854792635
46.384 0.6855200582
46.386 0.6853444656
46.388 0.685385238
46.39 0.6852096009
46.392 0.6852503408
46.394 0.6850746996
46.396 0.6851153709
46.398 0.6849396734
46.4 0.6849803324
46.402 0.6848046125
46.404 0.6848452387
46.406 0.6846694641
46.408 0.6847100275
46.41 0.6845342076
46.412 0.684574722
46.414 0.6843988431
46.416 0.6844392972
46.418 0.684263324
46.42 0.6843036848
46.422 0.6841276371
46.424 0.6841679124
46.426 0.6839917969
46.428 0.6840320183
46.43 0.6838558102
46.432 0.683895947
46.434 0.6837196764
46.436 0.6837597019
46.438 0.6835833228
46.44 0.6836232854
46.442 0.6834468141
46.444 0.6834866857
46.446 0.68331014
46.448 0.6833499108
46.45 0.6831732629
46.452 0.6832129508
46.454 0.6830361921
46.456 0.6830757424
46.458 0.6828988787
46.46 0.6829383461
46.462 0.6827613558
46.464 0.6828007056
46.466 0.6826236303
46.468 0.6826628402
46.47 0.6824856259
46.472 0.6825247474
46.474 0.6823474064
46.476 0.6823863783
46.478 0.6822089281
46.48 0.682247806
46.482 0.682070222
46.484 0.6821089735
46.486 0.6819312865
46.488 0.681969908
46.49 0.681792064
46.492 0.6818305631
46.494 0.6816526136
46.496 0.6816909677
46.498 0.6815128577
46.5 0.6815510928
46.502 0.6813728754
46.504 0.6814109639
46.506 0.681232588
46.508 0.6812705542
46.51 0.6810920628
46.512 0.6811298754
46.514 0.6809512405
46.516 0.6809889369
46.518 0.6808101431
46.52 0.6808476612
46.522 0.6806687468
46.524 0.6807061614
46.526 0.680527094
46.528 0.6805643336
46.53 0.6803851011
46.532 0.6804222137
46.534 0.6802428576
46.536 0.6802798046
46.538 0.6801002714
46.54 0.6801370835
46.542 0.6799574242
46.544 0.6799940689
46.546 0.6798142306
46.548 0.6798507084
46.55 0.6796707228
46.552 0.6797070657
46.554 0.6795269132
46.556 0.6795630774
46.558 0.6793827491
46.56 0.6794187326
46.562 0.6792382581
46.564 0.6792741048
46.566 0.6790934548
46.568 0.679129118
46.57 0.6789482887
46.572 0.678983769
46.574 0.6788027873
46.576 0.6788381311
46.578 0.6786569701
46.58 0.6786921175
46.582 0.6785107753
46.584 0.6785457471
46.586 0.6783642126
46.588 0.6783990208
46.59 0.6782173489
46.592 0.6782519779
46.594 0.6780701039
46.596 0.6781045423
46.598 0.677922476
46.6 0.6779567249
46.602 0.6777744966
46.604 0.6778085951
46.606 0.6776261849
46.608 0.6776600874
46.61 0.6774774848
46.612 0.6775111898
46.614 0.6773283865
46.616 0.6773618962
46.618 0.6771788914
46.62 0.6772122299
46.622 0.6770290773
46.624 0.6770622258
46.626 0.6768788592
46.628 0.676911813
46.63 0.6767282437
46.632 0.6767609898
46.634 0.6765772217
46.636 0.676609761
46.638 0.676425784
46.64 0.6764581504
46.642 0.6762740083
46.644 0.6763061757
46.646 0.6761218183
46.648 0.676153775
46.65 0.67596921
46.652 0.6760009536
46.654 0.6758161747
46.656 0.6758477154
46.658 0.675662725
46.66 0.6756940499
46.662 0.6755088532
46.664 0.6755399646
46.666 0.6753545471
46.668 0.6753854517
46.67 0.6751998184
46.672 0.6752305354
46.674 0.6750447394
46.676 0.6750752485
46.678 0.6748892219
46.68 0.6749195147
46.682 0.6747332723
46.684 0.6747633514
46.686 0.6745768944
46.688 0.6746067538
46.69 0.6744200803
46.692 0.6744497254
46.694 0.67426283
46.696 0.6742922545
46.698 0.6741051424
46.7 0.6741343535
46.702 0.6739470219
46.704 0.673976018
46.706 0.6737884715
46.708 0.6738172479
46.71 0.6736294841
46.712 0.6736580391
46.714 0.6734700556
46.716 0.6734984024
46.718 0.673310201
46.72 0.6733383274
46.722 0.6731499098
46.724 0.6731778173
46.726 0.6729891847
46.728 0.6730168783
46.73 0.6728280226
46.732 0.6728554925
46.734 0.6726664211
46.736 0.6726936787
46.738 0.6725043864
46.74 0.6725314266
46.742 0.672341913
46.744 0.6723685425
46.746 0.6721784304
46.748 0.6722044769
46.75 0.6720138501
46.752 0.6720394203
46.754 0.6718483258
46.756 0.6718734422
46.758 0.6716819002
46.76 0.6717065895
46.762 0.6715146198
46.764 0.6715388714
46.766 0.6713464565
46.768 0.6713702476
46.77 0.6711773672
46.772 0.6712006967
46.774 0.6710073358
46.776 0.6710301822
46.778 0.6708363496
46.78 0.6708587349
46.782 0.6706644559
46.784 0.6706864062
46.786 0.670491696
46.788 0.6705132109
46.79 0.6703180692
46.792 0.670339168
46.794 0.6701436046
46.796 0.6701642838
46.798 0.6699683167
46.8 0.6699886037
46.802 0.6697922461
46.804 0.6698121437
46.806 0.6696153976
46.808 0.6696349029
46.81 0.6694377649
46.812 0.669456889
46.814 0.6692593602
46.816 0.6692780895
46.818 0.669080169
46.82 0.6690985068
46.822 0.6689001898
46.824 0.6689181404
46.826 0.6687194437
46.828 0.6687370057
46.83 0.6685379172
46.832 0.6685550894
46.834 0.6683556045
46.836 0.6683723808
46.838 0.6681725001
46.84 0.6681888824
46.842 0.667988623
46.844 0.6680046557
46.846 0.6678040576
46.848 0.6678197398
46.85 0.6676187863
46.852 0.6676341198
46.854 0.6674328234
46.856 0.6674478098
46.858 0.6672461642
46.86 0.6672608167
46.862 0.667058832
46.864 0.6670731487
46.866 0.6668708354
46.868 0.6668848306
46.87 0.6666821975
46.872 0.6666958734
46.874 0.6664929287
46.876 0.6665063007
46.878 0.6663030521
46.88 0.6663161249
46.882 0.6661125948
46.884 0.6661254002
46.886 0.6659216033
46.888 0.6659341488
46.89 0.6657300944
46.892 0.6657423874
46.894 0.6655380856
46.896 0.6655501447
46.898 0.6653456228
46.9 0.665357457
46.902 0.6651527141
46.904 0.6651643342
46.906 0.6649593828
46.908 0.664970818
46.91 0.6647656946
46.912 0.6647771018
46.914 0.6645718983
46.916 0.6645830898
46.918 0.6643776898
46.92 0.6643887177
46.922 0.6641831821
46.924 0.6641940788
46.926 0.6639884334
46.928 0.66399923
46.93 0.663793493
46.932 0.663804204
46.934 0.6635983966
46.936 0.663609048
46.938 0.6634031862
46.94 0.6634137857
46.942 0.6632078853
46.944 0.6632184568
46.946 0.6630125292
46.948 0.663023085
46.95 0.6628171486
46.952 0.6628278327
46.954 0.6626219788
46.956 0.6626326132
46.958 0.6624267235
46.96 0.6624373492
46.962 0.6622314796
46.964 0.6622421286
46.966 0.6620362987
46.968 0.6620469916
46.97 0.6618412164
46.972 0.661851968
46.974 0.6616462617
46.976 0.6616570798
46.978 0.6614514203
46.98 0.6614623022
46.982 0.6612567148
46.984 0.6612677805
46.986 0.6610623269
46.988 0.6610733925
46.99 0.6608679615
46.992 0.6608790824
46.994 0.6606737521
46.996 0.660684966
46.998 0.6604797193
47 0.6604910287
47.002 0.6602858895
47.004 0.6602973115
47.006 0.6600922909
47.008 0.660103966
47.01 0.6598991418
47.012 0.6599108741
47.014 0.6597061247
47.016 0.6597179532
47.018 0.6595133207
47.02 0.6595252985
47.022 0.6593208345
47.024 0.6593329507
47.026 0.6591286197
47.028 0.6591408673
47.03 0.6589366771
47.032 0.6589491973
47.034 0.6587452305
47.036 0.6587578206
47.038 0.6585539353
47.04 0.6585666343
47.042 0.658362892
47.044 0.6583757274
47.046 0.6581721301
47.048 0.6581851108
47.05 0.6579816576
47.052 0.657994774
47.054 0.6577914569
47.056 0.6578048427
47.058 0.6576017409
47.06 0.6576151942
47.062 0.6574121691
47.064 0.6574257118
47.066 0.657222787
47.068 0.6572364233
47.07 0.6570335972
47.072 0.6570473284
47.074 0.6568446031
47.076 0.6568585708
47.078 0.6566560214
47.08 0.6566700166
47.082 0.6564675066
47.084 0.6564815624
47.086 0.6562791338
47.088 0.6562932598
47.09 0.6560909147
47.092 0.656105122
47.094 0.6559028525
47.096 0.6559172587
47.098 0.6557151368
47.1 0.6557295513
47.102 0.6555274459
47.104 0.6555418859
47.106 0.655339832
47.108 0.6553543225
47.11 0.65515236
47.112 0.6551670793
47.114 0.6549652716
47.116 0.6549799872
47.118 0.6547781777
47.12 0.6547929083
47.122 0.6545911316
47.124 0.6546058917
47.126 0.6544041473
47.128 0.6544190764
47.13 0.6542174418
47.132 0.6542323187
47.134 0.6540306371
47.136 0.6540454942
47.138 0.6538438241
47.14 0.653858685
47.142 0.6536570229
47.144 0.6536720281
47.146 0.653470466
47.148 0.6534854202
47.15 0.6532838157
47.152 0.6532987498
47.154 0.6530971584
47.156 0.6531121017
47.158 0.6529105225
47.16 0.6529256053
47.162 0.6527241199
47.164 0.6527391608
47.166 0.6525376408
47.168 0.6525526604
47.17 0.6523511507
47.172 0.6523663101
47.174 0.6521649004
47.176 0.6521800087
47.178 0.6519785595
47.18 0.6519936553
47.182 0.6517922171
47.184 0.6518073171
47.186 0.651605895
47.188 0.6516211515
47.19 0.6514198393
47.192 0.6514350563
47.194 0.6512337131
47.196 0.6512489232
47.198 0.6510476084
47.2 0.6510629726
47.202 0.6508617599
47.204 0.6508770901
47.206 0.6506758625
47.208 0.6506911915
47.21 0.6504899962
47.212 0.6505054834
47.214 0.6503044088
47.216 0.6503198762
47.218 0.6501187525
47.22 0.650134182
47.222 0.6499330765
47.224 0.6499486657
47.226 0.6497476925
47.228 0.6497632731
47.23 0.6495622993
47.232 0.6495779048
47.234 0.6493769929
47.236 0.6493927893
47.238 0.6491920226
47.24 0.6492078133
47.242 0.6490070614
47.244 0.6490228893
47.246 0.6488222001
47.248 0.6488382195
47.25 0.6486376835
47.252 0.6486537127
47.254 0.6484532047
47.256 0.6484692814
47.258 0.6482688398
47.26 0.6482851193
47.262 0.648084848
47.264 0.6481011432
47.266 0.6479008996
47.268 0.6479172462
47.27 0.6477170842
47.272 0.6477336466
47.274 0.647533661
47.276 0.6475502445
47.278 0.6473502566
47.28 0.6473668859
47.282 0.6471669996
47.284 0.6471838508
47.286 0.6469841632
47.288 0.6470010765
47.29 0.6468014665
47.292 0.6468184765
47.294 0.6466189888
47.296 0.6466362422
47.298 0.6464369656
47.3 0.6464542862
47.302 0.6462550817
47.304 0.6462726174
47.306 0.6460736121
47.308 0.6460912017
47.31 0.6458922655
47.312 0.6459099392
47.314 0.6457111136
47.316 0.6457290241
47.318 0.6455304002
47.32 0.6455483688
47.322 0.6453498015
47.324 0.6453678403
47.326 0.6451693822
47.328 0.645187658
47.33 0.6449893904
47.332 0.6450077105
47.334 0.6448094959
47.336 0.6448280151
47.338 0.6446299782
47.34 0.6446485266
47.342 0.6444505383
47.344 0.6444691484
47.346 0.6442712509
47.348 0.6442900803
47.35 0.6440923498
47.352 0.6441111977
47.354 0.6439135075
47.356 0.6439325484
47.358 0.6437350171
47.36 0.6437540619
47.362 0.6435565521
47.364 0.6435756402
47.366 0.6433781998
47.368 0.6433974812
47.37 0.6432001851
47.372 0.6432194599
47.374 0.6430221783
47.376 0.6430416176
47.378 0.6428444677
47.38 0.6428638796
47.382 0.6426667262
47.384 0.6426862906
47.386 0.6424892588
47.388 0.6425087944
47.39 0.6423117475
47.392 0.6423312796
47.394 0.6421342574
47.396 0.6421539462
47.398 0.6419570377
47.4 0.6419766846
47.402 0.6417797468
47.404 0.6417995146
47.406 0.6416026689
47.408 0.6416223805
47.41 0.6414254903
47.412 0.6414452986
47.414 0.6412484856
47.416 0.6412682263
47.418 0.6410713616
47.42 0.6410911929
47.422 0.6408944124
47.424 0.6409141793
47.426 0.6407173429
47.428 0.6407372043
47.43 0.6405404327
47.432 0.6405601965
47.434 0.6403633469
47.436 0.6403831928
47.438 0.6401864011
47.44 0.6402061399
47.442 0.6400092604
47.444 0.6400290618
47.446 0.6398322193
47.448 0.6398519085
47.45 0.6396549692
47.452 0.6396746981
47.454 0.63947778
47.456 0.6394973826
47.458 0.6393003499
47.46 0.6393199871
47.462 0.6391229616
47.464 0.6391424473
47.466 0.6389452929
47.468 0.6389648047
47.47 0.6387676452
47.472 0.6387869984
47.474 0.6385896931
47.476 0.638609043
47.478 0.6384117222
47.48 0.6384309025
47.482 0.638233419
47.484 0.6382525876
47.486 0.6380550677
47.488 0.638074047
47.49 0.6378763617
47.492 0.6378953208
47.494 0.6376975857
47.496 0.6377163448
47.498 0.6375184265
47.5 0.6375371396
47.502 0.6373391573
47.504 0.6373576537
47.506 0.6371594715
47.508 0.6371779104
47.51 0.636979644
47.512 0.6369978526
47.514 0.6367993742
47.516 0.6368175164
47.518 0.6366189488
47.52 0.6366369799
47.522 0.6364382655
47.524 0.6364560217
47.526 0.6362570666
47.528 0.6362747326
47.53 0.6360756734
47.532 0.6360930709
47.534 0.6358937618
47.536 0.6359110654
47.538 0.63571164
47.54 0.6357286727
47.542 0.6355289886
47.544 0.6355459198
47.546 0.6353461086
47.548 0.6353628935
47.55 0.635162904
47.552 0.635179375
47.554 0.6349791123
47.556 0.6349954581
47.558 0.6347950578
47.56 0.6348111059
47.562 0.6346104245
47.564 0.6346263533
47.566 0.6344255338
47.568 0.6344411701
47.57 0.6342400717
47.572 0.6342555795
47.574 0.6340543273
47.576 0.6340696567
47.578 0.6338682031
47.58 0.6338832051
47.582 0.633681464
47.584 0.6336963202
47.586 0.6334944208
47.588 0.6335089551
47.59 0.6333067523
47.592 0.6333211431
47.594 0.6331187787
47.596 0.6331329881
47.598 0.6329304087
47.6 0.6329442769
47.602 0.6327413916
47.604 0.6327550966
47.606 0.6325520341
47.608 0.6325655443
47.61 0.6323622597
47.612 0.6323754202
47.614 0.6321718312
47.616 0.6321848295
47.618 0.6319810639
47.62 0.6319937273
47.622 0.6317896471
47.624 0.6318021492
47.626 0.6315978866
47.628 0.6316101894
47.63 0.6314056941
47.632 0.6314176352
47.634 0.631212819
47.636 0.6312245833
47.638 0.6310195733
47.64 0.6310311277
47.642 0.6308258745
47.644 0.6308370601
47.646 0.6306314787
47.648 0.6306424852
47.65 0.6304367074
47.652 0.6304474929
47.654 0.6302414651
47.656 0.6302518736
47.658 0.6300455022
47.66 0.6300557149
47.662 0.6298491388
47.664 0.6298591261
47.666 0.6296522906
47.668 0.6296618903
47.67 0.629454708
47.672 0.6294641075
47.674 0.6292567144
47.676 0.629265882
47.678 0.629058225
47.68 0.6290669967
47.682 0.6288589835
47.684 0.62886755
47.686 0.6286593215
47.688 0.6286676507
47.69 0.6284591536
47.692 0.6284670858
47.694 0.6282582319
47.696 0.6282659561
47.698 0.6280568791
47.7 0.6280643578
47.702 0.6278550065
47.704 0.6278622133
47.706 0.6276525815
47.708 0.6276593793
47.71 0.6274493849
47.712 0.6274559531
47.714 0.6272457032
47.716 0.6272519998
47.718 0.6270414528
47.72 0.6270473225
47.722 0.626836392
47.724 0.6268420314
47.726 0.6266308571
47.728 0.6266362297
47.73 0.6264247607
47.732 0.6264298418
47.734 0.6262180723
47.736 0.626222722
47.738 0.6260105702
47.74 0.6260149812
47.742 0.625802579
47.744 0.6258067218
47.746 0.6255940214
47.748 0.6255977371
47.75 0.6253846504
47.752 0.6253881274
47.754 0.6251747916
47.756 0.6251780046
47.758 0.6249643688
47.76 0.6249672866
47.762 0.6247533454
47.764 0.6247558275
47.766 0.6245414925
47.768 0.6245437295
47.77 0.6243291436
47.772 0.6243311134
47.774 0.6241162292
47.776 0.6241179064
47.778 0.6239027284
47.78 0.6239039732
47.782 0.6236884092
47.784 0.6236894159
47.786 0.6234736044
47.788 0.6234743466
47.79 0.6232582528
47.792 0.6232587157
47.794 0.6230423235
47.796 0.6230423575
47.798 0.6228255882
47.8 0.6228253919
47.802 0.622608379
47.804 0.6226079254
47.806 0.622390627
47.808 0.622389891
47.81 0.6221722966
47.812 0.6221712767
47.814 0.6219534044
47.816 0.6219519685
47.818 0.621733729
47.82 0.6217320727
47.822 0.6215136053
47.824 0.6215117033
47.826 0.6212929655
47.828 0.6212908055
47.83 0.6210718056
47.832 0.6210692493
47.834 0.6208498944
47.836 0.6208471325
47.838 0.6206275625
47.84 0.6206245715
47.842 0.6204047372
47.844 0.6204014897
47.846 0.6201813968
47.848 0.620177893
47.85 0.6199575428
47.852 0.6199536476
47.854 0.6197329577
47.856 0.619728883
47.858 0.6195080065
47.86 0.6195037232
47.862 0.6192826048
47.864 0.6192780916
47.866 0.6190567339
47.868 0.6190519849
47.87 0.6188303968
47.872 0.6188254171
47.874 0.6186035974
47.876 0.6185982604
47.878 0.6183761461
47.88 0.6183706652
47.882 0.6181483948
47.884 0.6181427325
47.886 0.6179202552
47.888 0.6179143976
47.89 0.6176917205
47.892 0.6176856689
47.894 0.6174627911
47.896 0.6174565445
47.898 0.6172334752
47.9 0.6172269151
47.902 0.6170035842
47.904 0.6169969022
47.906 0.6167734415
47.908 0.6167666175
47.91 0.6165429886
47.912 0.6165360023
47.914 0.6163122053
47.916 0.6163050551
47.918 0.6160811062
47.92 0.6160738059
47.922 0.6158496989
47.924 0.6158422457
47.926 0.6156179857
47.928 0.6156102481
47.93 0.6153857536
47.932 0.6153779341
47.934 0.6151533504
47.936 0.6151454372
47.938 0.6149207373
47.94 0.6149127013
47.942 0.6146878689
47.944 0.614679707
47.946 0.6144547492
47.948 0.6144464636
47.95 0.6142213865
47.952 0.6142129934
47.954 0.6139878119
47.956 0.6139793116
47.958 0.6137540171
47.96 0.6137452728
47.962 0.613519789
47.964 0.6135110102
47.966 0.6132854826
47.968 0.6132766515
47.97 0.6130510469
47.972 0.6130421333
47.974 0.6128164377
47.976 0.6128074397
47.978 0.6125816571
47.98 0.612572572
47.982 0.6123467202
47.984 0.6123375701
47.986 0.6121116419
47.988 0.6121024185
47.99 0.6118764176
47.992 0.6118671265
47.994 0.611641058
47.996 0.6116317117
47.998 0.6114055866
48 0.6113960424
48.002 0.6111697713
48.004 0.6111602339
48.006 0.6109339651
48.008 0.6109244095
48.01 0.6106981031
48.012 0.610688515
48.014 0.6104621612
48.016 0.6104525263
48.018 0.6102261259
48.02 0.6102164466
48.022 0.6099900005
48.024 0.6099802839
48.026 0.6097537865
48.028 0.6097440209
48.03 0.6095174728
48.032 0.6095076626
48.034 0.6092810928
48.036 0.6092712516
48.038 0.6090446384
48.04 0.6090347527
48.042 0.6088081048
48.044 0.6087981793
48.046 0.6085715043
48.048 0.6085615515
48.05 0.6083348398
48.052 0.6083248475
48.054 0.6080981022
48.056 0.6080880783
48.058 0.6078613072
48.06 0.6078512573
48.062 0.607624453
48.064 0.6076143755
48.066 0.6073875417
48.068 0.6073774438
48.07 0.6071505865
48.072 0.6071404599
48.074 0.6069135726
48.076 0.6069034177
48.078 0.6066765026
48.08 0.6066663288
48.082 0.6064393814
48.084 0.6064291803
48.086 0.6062022096
48.088 0.6061919873
48.09 0.6059649976
48.092 0.6059547433
48.094 0.6057277238
48.096 0.6057174402
48.098 0.6054903819
48.1 0.6054800664
48.102 0.6052529923
48.104 0.6052426521
48.106 0.6050155312
48.108 0.6050051438
48.11 0.6047780082
48.112 0.6047676121
48.114 0.6045404355
48.116 0.6045299946
48.118 0.604302791
48.12 0.604292337
48.122 0.6040651053
48.124 0.6040546092
48.126 0.6038273335
48.128 0.6038167999
48.13 0.6035894967
48.132 0.6035789331
48.134 0.6033515996
48.136 0.6033410046
48.138 0.6031136398
48.14 0.6031030059
48.142 0.6028755917
48.144 0.6028649159
48.146 0.6026374619
48.148 0.6026267542
48.15 0.6023992703
48.152 0.6023885248
48.154 0.6021609955
48.156 0.6021502035
48.158 0.6019226393
48.16 0.6019118137
48.162 0.6016842046
48.164 0.6016733294
48.166 0.601445683
48.168 0.6014347679
48.17 0.6012070678
48.172 0.6011961023
48.174 0.600968367
48.176 0.6009573657
48.178 0.6007295817
48.18 0.6007185265
48.182 0.6004906907
48.184 0.6004795935
48.186 0.6002517144
48.188 0.600240567
48.19 0.6000126354
48.192 0.6000014413
48.194 0.5997734579
48.196 0.5997622073
48.198 0.5995341685
48.2 0.5995228735
48.202 0.5992947874
48.204 0.5992834333
48.206 0.5990552874
48.208 0.599043887
48.21 0.5988156887
48.212 0.598804212
48.214 0.5985759293
48.216 0.5985643813
48.218 0.5983360352
48.22 0.598324414
48.222 0.5980959908
48.224 0.5980843047
48.226 0.5978558176
48.228 0.5978440582
48.23 0.5976154944
48.232 0.5976036627
48.234 0.5973750263
48.236 0.5973631431
48.238 0.5971344608
48.24 0.5971225356
48.242 0.5968938295
48.244 0.5968818726
48.246 0.5966531275
48.248 0.596641138
48.25 0.5964123578
48.252 0.5964003219
48.254 0.5961714955
48.256 0.596159423
48.258 0.59593056
48.26 0.5959184404
48.262 0.5956895275
48.264 0.5956773695
48.266 0.5954484176
48.268 0.595436204
48.27 0.5952072093
48.272 0.5951949549
48.274 0.5949659108
48.276 0.5949536026
48.278 0.594724517
48.28 0.5947121631
48.282 0.5944830172
48.284 0.5944706087
48.286 0.5942414192
48.288 0.5942289661
48.29 0.5939997237
48.292 0.5939872222
48.294 0.593757931
48.296 0.5937453684
48.298 0.5935160123
48.3 0.593503401
48.302 0.5932739935
48.304 0.5932613255
48.306 0.5930318649
48.308 0.5930191413
48.31 0.5927896148
48.312 0.5927768265
48.314 0.5925472467
48.316 0.5925344035
48.318 0.5923047555
48.32 0.5922918539
48.322 0.5920621416
48.324 0.5920491607
48.326 0.591819388
48.328 0.5918063476
48.33 0.5915765028
48.332 0.5915633955
48.334 0.5913334807
48.336 0.5913202938
48.338 0.5910903011
48.34 0.5910770487
48.342 0.5908469895
48.344 0.5908336579
48.346 0.5906035175
48.348 0.590590108
48.35 0.5903598864
48.352 0.5903464017
48.354 0.5901161038
48.356 0.590102534
48.358 0.58987215
48.36 0.5898584972
48.362 0.589628024
48.364 0.5896142823
48.366 0.5893837251
48.368 0.5893698886
48.37 0.589139238
48.372 0.5891253096
48.374 0.5888945639
48.376 0.5888805463
48.378 0.5886497092
48.38 0.5886355869
48.382 0.5884046447
48.384 0.5883904237
48.386 0.5881593767
48.388 0.5881450594
48.39 0.587913913
48.392 0.5878994825
48.394 0.5876682282
48.396 0.58765369
48.398 0.5874223231
48.4 0.5874076782
48.402 0.587176207
48.404 0.587161443
48.406 0.5869298547
48.408 0.5869149811
48.41 0.5866832762
48.412 0.5866682899
48.414 0.5864364616
48.416 0.5864213468
48.418 0.5861894053
48.42 0.5861741804
48.422 0.5859421222
48.424 0.5859267718
48.426 0.5856945498
48.428 0.5856790426
48.43 0.5854466731
48.432 0.5854310158
48.434 0.5851984975
48.436 0.5851826623
48.438 0.5849499858
48.44 0.5849340084
48.442 0.5847011865
48.444 0.5846850547
48.446 0.584452052
48.448 0.5844357573
48.45 0.5842026069
48.452 0.5841861603
48.454 0.5839528399
48.456 0.583936206
48.458 0.5837027289
48.46 0.5836859363
48.462 0.5834522778
48.464 0.5834353191
48.466 0.5832014953
48.468 0.5831843761
48.47 0.5829503803
48.472 0.5829330693
48.474 0.5826989005
48.476 0.5826814258
48.478 0.5824470634
48.48 0.5824294033
48.482 0.5821948737
48.484 0.5821770126
48.486 0.5819422952
48.488 0.5819242665
48.49 0.5816893479
48.492 0.5816711386
48.494 0.5814360427
48.496 0.5814176159
48.498 0.5811823052
48.5 0.5811637059
48.502 0.5809282239
48.504 0.5809094057
48.506 0.5806737212
48.508 0.5806547207
48.51 0.5804188279
48.512 0.5803996036
48.514 0.5801635142
48.516 0.5801440987
48.518 0.5799077944
48.52 0.5798881566
48.522 0.579651656
48.524 0.5796318252
48.526 0.5793950966
48.528 0.5793750314
48.53 0.5791381074
48.532 0.5791178494
48.534 0.5788806955
48.536 0.5788601935
48.538 0.5786228055
48.54 0.5786020805
48.542 0.5783644912
48.544 0.5783435641
48.546 0.5781057437
48.548 0.5780845768
48.55 0.577846507
48.552 0.5778250994
48.554 0.5775868279
48.556 0.5775652216
48.558 0.5773267117
48.56 0.5773048466
48.562 0.5770660866
48.564 0.5770439839
48.566 0.5768049905
48.568 0.5767826514
48.57 0.5765434148
48.572 0.5765208617
48.574 0.5762814076
48.576 0.5762586088
48.578 0.5760189029
48.58 0.5759958593
48.582 0.5757559053
48.584 0.5757326166
48.586 0.5754924211
48.588 0.5754688769
48.59 0.5752284256
48.592 0.5752046365
48.594 0.5749639459
48.596 0.5749399146
48.598 0.574698973
48.6 0.5746746883
48.602 0.5744335002
48.604 0.5744089668
48.606 0.5741675221
48.608 0.5741427362
48.61 0.573901043
48.612 0.5738760128
48.614 0.573634071
48.616 0.5736087878
48.618 0.573366592
48.62 0.5733410638
48.622 0.5730986196
48.624 0.5730728335
48.626 0.5728301367
48.628 0.5728041014
48.63 0.5725611587
48.632 0.5725348699
48.634 0.5722916804
48.636 0.5722651406
48.638 0.5720216983
48.64 0.5719949074
48.642 0.5717512191
48.644 0.5717241824
48.646 0.5714802345
48.648 0.5714529429
48.65 0.5712087344
48.652 0.5711811828
48.654 0.5709367065
48.656 0.57090889
48.658 0.5706641528
48.66 0.5706360769
48.662 0.5703910799
48.664 0.5703627361
48.666 0.5701174699
48.668 0.5700888633
48.67 0.569843334
48.672 0.5698144658
48.674 0.5695686706
48.676 0.5695395392
48.678 0.5692934843
48.68 0.5692640915
48.682 0.5690177782
48.684 0.5689881128
48.686 0.5687415363
48.688 0.5687116149
48.69 0.5684647831
48.692 0.5684346039
48.694 0.5681875147
48.696 0.5681570748
48.698 0.5679097312
48.7 0.5678790384
48.702 0.5676314362
48.704 0.5676004857
48.706 0.5673526298
48.708 0.5673214301
48.71 0.567073325
48.712 0.5670418708
48.714 0.566793512
48.716 0.5667618087
48.718 0.5665132095
48.72 0.5664812663
48.722 0.5662324133
48.724 0.5662002205
48.726 0.5659511283
48.728 0.5659186995
48.73 0.5656693701
48.732 0.5656366943
48.734 0.5653871218
48.736 0.5653542155
48.738 0.565104416
48.74 0.5650712786
48.742 0.5648212398
48.744 0.5647878685
48.746 0.5645376025
48.748 0.564504006
48.75 0.5642535197
48.752 0.5642196954
48.754 0.5639689805
48.756 0.5639349339
48.758 0.5636839988
48.76 0.5636497311
48.762 0.5633985683
48.764 0.5633640772
48.766 0.5631126977
48.768 0.5630779928
48.77 0.562826397
48.772 0.5627914685
48.774 0.5625396555
48.776 0.5625045175
48.778 0.5622524945
48.78 0.5622171451
48.782 0.5619649047
48.784 0.5619293425
48.786 0.5616768962
48.788 0.561641129
48.79 0.5613884734
48.792 0.5613524893
48.794 0.5610996899
48.796 0.5610636305
48.798 0.5608106636
48.8 0.5607743675
48.802 0.560521172
48.804 0.5604846504
48.806 0.560231233
48.808 0.5601944902
48.81 0.559940846
48.812 0.5599038711
48.814 0.5596499995
48.816 0.5596128045
48.818 0.5593587145
48.82 0.5593213002
48.822 0.5590669889
48.824 0.5590293502
48.826 0.5587748161
48.828 0.558736962
48.83 0.5584822092
48.832 0.5584441291
48.834 0.5581891503
48.836 0.5581509179
48.838 0.5578958552
48.84 0.557857439
48.842 0.5576021243
48.844 0.5575634791
48.846 0.5573079315
48.848 0.5572690504
48.85 0.5570132707
48.852 0.5569741627
48.854 0.5567181551
48.856 0.5566788167
48.858 0.5564225845
48.86 0.5563830376
48.862 0.5561265926
48.864 0.5560868279
48.866 0.5558301577
48.868 0.5557901833
48.87 0.5555333741
48.872 0.55549332
48.874 0.5552363397
48.876 0.5551960548
48.878 0.5549388614
48.88 0.5548983646
48.882 0.5546409547
48.884 0.5546002416
48.886 0.554342616
48.888 0.5543016936
48.89 0.5540438558
48.892 0.5540027253
48.894 0.5537446935
48.896 0.5537033569
48.898 0.5534451236
48.9 0.553403653
48.902 0.5531453514
48.904 0.5531037245
48.906 0.5528451987
48.908 0.5528033656
48.91 0.5525446318
48.912 0.5525025933
48.914 0.5522436574
48.916 0.5522014232
48.918 0.551942279
48.92 0.5518998406
48.922 0.5516404944
48.924 0.5515978601
48.926 0.5513383881
48.928 0.5512956879
48.93 0.5510360581
48.932 0.5509931376
48.934 0.5507333179
48.936 0.5506901899
48.938 0.5504301556
48.94 0.5503868249
48.942 0.5501265939
48.944 0.5500830636
48.946 0.5498226138
48.948 0.5497788665
48.95 0.5495182251
48.952 0.5494743681
48.954 0.5492136645
48.956 0.5491696474
48.958 0.54890872
48.96 0.5488645063
48.962 0.5486033673
48.964 0.5485589356
48.966 0.5482976009
48.968 0.5482529679
48.97 0.5479914242
48.972 0.5479465904
48.974 0.5476848532
48.976 0.5476398897
48.978 0.5473780702
48.98 0.5473329428
48.982 0.5470709
48.984 0.547025573
48.986 0.5467633271
48.988 0.5467177857
48.99 0.546455339
48.992 0.5464095843
48.994 0.5461469216
48.996 0.5461009658
48.998 0.5458381797
49 0.5457921505
49.002 0.5455291979
49.004 0.545482955
49.006 0.5452197855
49.008 0.5451733247
49.01 0.5449099484
49.012 0.5448632761
49.014 0.5445996957
49.016 0.5445528179
49.018 0.544289015
49.02 0.5442419884
49.022 0.5439781169
49.024 0.543930931
49.026 0.5436668252
49.028 0.5436194221
49.03 0.5433550972
49.032 0.5433074872
49.034 0.5430429636
49.036 0.5429951369
49.038 0.5427303959
49.04 0.5426823773
49.042 0.5424175327
49.044 0.5423694709
49.046 0.5421045079
49.048 0.5420562745
49.05 0.5417911489
49.052 0.541742764
49.054 0.5414774981
49.056 0.5414289444
49.058 0.5411634999
49.06 0.5411147795
49.062 0.5408491726
49.064 0.5408003521
49.066 0.5405347026
49.068 0.5404857651
49.07 0.5402199295
49.072 0.5401708083
49.074 0.5399047917
49.076 0.5398554983
49.078 0.5395893061
49.08 0.5395398284
49.082 0.5392734477
49.084 0.5392237989
49.086 0.5389573157
49.088 0.5389076048
49.09 0.5386409798
49.092 0.5385910757
49.094 0.5383242567
49.096 0.5382741598
49.098 0.5380071537
49.1 0.5379568724
49.102 0.5376896585
49.104 0.5376391735
49.106 0.5373717908
49.108 0.5373211196
49.11 0.5370536107
49.112 0.5370028934
49.114 0.5367352355
49.116 0.5366842972
49.118 0.5364164575
49.12 0.5363653229
49.122 0.5360972811
49.124 0.5360459668
49.126 0.5357777262
49.128 0.5357262081
49.13 0.5354577899
49.132 0.5354060774
49.134 0.5351374593
49.136 0.5350856345
49.138 0.5348169574
49.14 0.5347649881
49.142 0.5344961143
49.144 0.5344439537
49.146 0.5341748859
49.148 0.5341225338
49.15 0.5338532625
49.152 0.5338007306
49.154 0.5335312732
49.156 0.5334785518
49.158 0.5332089248
49.16 0.533156019
49.162 0.5328862129
49.164 0.5328331511
49.166 0.5325632342
49.168 0.5325101201
49.17 0.5322401017
49.172 0.5321868427
49.174 0.5319167041
49.176 0.5318633146
49.178 0.5315930353
49.18 0.5315395033
49.182 0.5312690915
49.184 0.5312154169
49.186 0.5309448618
49.188 0.5308910752
49.19 0.5306204047
49.192 0.5305664657
49.194 0.5302956063
49.196 0.5302414932
49.198 0.5299704603
49.2 0.5299162488
49.202 0.5296452052
49.204 0.5295908808
49.206 0.5293196576
49.208 0.5292651803
49.21 0.5289938067
49.212 0.5289391809
49.214 0.5286676754
49.216 0.5286129199
49.218 0.5283412813
49.22 0.5282864018
49.222 0.528014656
49.224 0.5279596584
49.226 0.5276878043
49.228 0.5276327269
49.23 0.5273607827
49.232 0.5273056014
49.234 0.5270335607
49.236 0.5269783121
49.238 0.5267062677
49.24 0.5266510775
49.242 0.5263790065
49.244 0.5263237354
49.246 0.5260515941
49.248 0.5259962537
49.25 0.5257240545
49.252 0.5256686612
49.254 0.525396405
49.256 0.5253409592
49.258 0.5250686599
49.26 0.5250131718
49.262 0.5247408324
49.264 0.5246852926
49.266 0.5244128863
49.268 0.5243572756
49.27 0.5240848109
49.272 0.5240291608
49.274 0.5237566607
49.276 0.5237009657
49.278 0.523428427
49.28 0.5233727135
49.282 0.523100225
49.284 0.5230446247
49.286 0.5227721647
49.288 0.522716519
49.29 0.5224440369
49.292 0.5223883636
49.294 0.5221158752
49.296 0.5220601944
49.298 0.5217876868
49.3 0.5217319925
49.302 0.5214594772
49.304 0.5214037886
49.306 0.521131274
49.308 0.5210755859
49.31 0.5208030824
49.312 0.5207474029
49.314 0.5204748976
49.316 0.5204192179
49.318 0.5201467319
49.32 0.5200910596
49.322 0.5198185856
49.324 0.5197630025
49.326 0.5194906745
49.328 0.5194351483
49.33 0.5191628083
49.332 0.5191073012
49.334 0.5188349743
49.336 0.51877946
49.338 0.5185071363
49.34 0.5184516421
49.342 0.5181793311
49.344 0.5181238457
49.346 0.5178515497
49.348 0.517796091
49.35 0.5175238227
49.352 0.5174683673
49.354 0.5171961149
49.356 0.5171406924
49.358 0.5168685322
49.36 0.5168132633
49.362 0.5165411659
49.364 0.5164858973
49.366 0.5162138266
49.368 0.5161585754
49.37 0.5158865063
49.372 0.5158312761
49.374 0.5155592322
49.376 0.5155040061
49.378 0.5152319752
49.38 0.5151767752
49.382 0.5149047602
49.384 0.5148495749
49.386 0.5145776474
49.388 0.5145225992
49.39 0.5142507295
49.392 0.5141956694
49.394 0.5139237892
49.396 0.5138687361
49.398 0.5135968694
49.4 0.5135418135
49.402 0.5132699335
49.404 0.5132148781
49.406 0.5129430044
49.408 0.5128880109
49.41 0.5126162629
49.412 0.5125612978
49.414 0.5122895043
49.416 0.512234514
49.418 0.5119627114
49.42 0.511907697
49.422 0.5116358522
49.424 0.5115808033
49.426 0.5113089416
49.428 0.5112539312
49.43 0.5109821505
49.432 0.5109271363
49.434 0.5106553023
49.436 0.510600254
49.438 0.5103283581
49.44 0.5102732376
49.442 0.5100012894
49.444 0.5099461886
49.446 0.5096743034
49.448 0.5096191577
49.45 0.5093471751
49.452 0.5092919578
49.454 0.509019888
49.456 0.5089645755
49.458 0.5086923971
49.46 0.5086370644
49.462 0.5083649291
49.464 0.5083095347
49.466 0.5080372599
49.468 0.5079817362
49.47 0.5077093416
49.472 0.5076537032
49.474 0.5073812487
49.476 0.5073256029
49.478 0.5070530386
49.48 0.5069972261
49.482 0.5067245188
49.484 0.5066685417
49.486 0.5063957318
49.488 0.5063397187
49.49 0.5060667668
49.492 0.5060105568
49.494 0.5057374272
49.496 0.5056810245
49.498 0.5054077686
49.5 0.505351288
49.502 0.5050778578
49.504 0.5050211427
49.506 0.5047475072
49.508 0.5046905785
49.51 0.5044167786
49.512 0.5043597358
49.514 0.5040857345
49.516 0.5040284237
49.518 0.5037541707
49.52 0.5036966906
49.522 0.5034223132
49.524 0.503364593
49.526 0.5030899115
49.528 0.5030319063
49.53 0.5027569347
49.532 0.5026987068
49.534 0.5024235602
49.536 0.5023650638
49.538 0.5020896048
49.54 0.5020308059
49.542 0.5017550943
49.544 0.5016961022
49.546 0.5014200909
49.548 0.501360728
49.55 0.5010843765
49.552 0.501024741
49.554 0.5007481694
49.556 0.5006882165
49.558 0.5004112584
49.56 0.5003509241
49.562 0.500073651
49.564 0.5000130704
49.566 0.4997354645
49.568 0.4996744807
49.57 0.4993965479
49.572 0.499335286
49.574 0.4990569677
49.576 0.4989952546
49.578 0.4987165117
49.58 0.4986544426
49.582 0.4983753995
49.584 0.4983129329
49.586 0.4980334275
49.588 0.497970575
49.59 0.497690738
49.592 0.4976274714
49.594 0.4973471551
49.596 0.4972834299
49.598 0.4970027325
49.6 0.4969386912
49.602 0.496657577
49.604 0.4965930501
49.606 0.4963115401
49.608 0.4962466797
49.61 0.4959647402
49.612 0.4958993752
49.614 0.4956170225
49.616 0.49555131
49.618 0.4952685173
49.62 0.4952022914
49.622 0.4949190694
49.624 0.49485248
49.626 0.4945687999
49.628 0.4945016858
49.63 0.494217579
49.632 0.4941501035
49.634 0.4938655297
49.636 0.4937975191
49.638 0.4935125061
49.64 0.4934441202
49.642 0.4931586403
49.644 0.4930897201
49.646 0.492803793
49.648 0.4927344836
49.65 0.4924480712
49.652 0.4923782153
49.654 0.4920913512
49.656 0.4920211074
49.658 0.4917337607
49.66 0.491662969
49.662 0.4913751653
49.664 0.4913039811
49.666 0.491015691
49.668 0.4909439529
49.67 0.4906552023
49.672 0.4905830646
49.674 0.4902938225
49.676 0.4902211303
49.678 0.4899314234
49.68 0.4898583319
49.682 0.4895681324
49.684 0.4894944818
49.686 0.4892038177
49.688 0.489129768
49.69 0.4888386084
49.692 0.4887639984
49.694 0.4884723748
49.696 0.4883973708
49.698 0.4881052572
49.7 0.488029693
49.702 0.4877371129
49.704 0.487661153
49.706 0.4873680848
49.708 0.4872915705
49.71 0.4869980421
49.712 0.4869211319
49.714 0.4866271147
49.716 0.4865496549
49.718 0.4862551866
49.72 0.4861773392
49.722 0.4858823886
49.724 0.4858039945
49.726 0.4855085921
49.728 0.4854298129
49.73 0.4851339369
49.732 0.4850546231
49.734 0.4847583042
49.736 0.4846786125
49.738 0.4843818209
49.74 0.4843015952
49.742 0.4840043681
49.744 0.4839237751
49.746 0.483626086
49.748 0.4835449687
49.75 0.4832468566
49.752 0.4831653797
49.754 0.4828668159
49.756 0.4827848248
49.758 0.4824858449
49.76 0.482403505
49.762 0.4821040835
49.764 0.4820212431
49.766 0.4817214176
49.768 0.4816382394
49.77 0.4813379795
49.772 0.481254304
49.774 0.4809536464
49.776 0.480869637
49.778 0.4805685538
49.78 0.480484058
49.782 0.4801825883
49.784 0.480097774
49.786 0.4797958928
49.788 0.4797106087
49.79 0.4794083586
49.792 0.4793227752
49.794 0.4790201348
49.796 0.4789340986
49.798 0.4786310314
49.8 0.478544644
49.802 0.4782412944
49.804 0.4781545408
49.806 0.4778507634
49.808 0.4777636798
49.81 0.4774596423
49.812 0.4773722145
49.814 0.4770677735
49.816 0.4769800347
49.818 0.4766753504
49.82 0.4765872826
49.822 0.4762822052
49.824 0.4761938427
49.826 0.4758885401
49.828 0.4757998631
49.83 0.4754941856
49.832 0.4754051521
49.834 0.4750991955
49.836 0.4750099557
49.838 0.4747037043
49.84 0.4746141111
49.842 0.4743076623
49.844 0.4742179053
49.846 0.4739111346
49.848 0.4738210146
49.85 0.4735139318
49.852 0.4734235811
49.854 0.4731163253
49.856 0.4730257213
49.858 0.4727181526
49.86 0.4726273302
49.862 0.4723196071
49.864 0.4722285404
49.866 0.4719205119
49.868 0.4718291699
49.87 0.471520939
49.872 0.4714294612
49.874 0.4711210084
49.876 0.4710292482
49.878 0.4707206098
49.88 0.4706287303
49.882 0.4703198828
49.884 0.4702277342
49.886 0.4699186429
49.888 0.4698263318
49.89 0.4695171441
49.892 0.4694246465
49.894 0.4691152141
49.896 0.4690225669
49.898 0.4687130506
49.9 0.4686202303
49.902 0.4683104831
49.904 0.4682174595
49.906 0.4679075811
49.908 0.467814494
49.91 0.467504469
49.912 0.467411178
49.914 0.4671010501
49.916 0.4670077155
49.918 0.4666974527
49.92 0.4666039385
49.922 0.4662935317
49.924 0.4661999594
49.926 0.4658895612
49.928 0.4657959063
49.93 0.4654853906
49.932 0.4653917251
49.934 0.4650812414
49.936 0.4649875027
49.938 0.4646769088
49.94 0.4645831729
49.942 0.4642726241
49.944 0.4641788284
49.946 0.4638681799
49.948 0.4637743999
49.95 0.4634639555
49.952 0.4633702139
49.954 0.4630596111
49.956 0.4629658351
49.958 0.4626552632
49.96 0.4625614388
49.962 0.4622507682
49.964 0.4621568057
49.966 0.4618456511
49.968 0.4617507967
49.97 0.4614386724
49.972 0.4613428617
49.974 0.4610296137
49.976 0.4609326777
49.978 0.4606183755
49.98 0.4605202718
49.982 0.4602047665
49.984 0.4601055929
49.986 0.4597890961
49.988 0.4596888664
49.99 0.4593715342
49.992 0.4592705493
49.994 0.4589522497
49.996 0.4588503957
49.998 0.4585313977
50 0.4584288662
50.002 0.458109313
50.004 0.4580064
50.006 0.457686428
50.008 0.4575832034
50.01 0.4572630781
50.012 0.4571596613
50.014 0.4568394407
50.016 0.4567360742
50.018 0.456415998
50.02 0.4563128064
50.022 0.4559928901
50.024 0.4558898886
50.026 0.4555702332
50.028 0.4554674968
50.03 0.4551481745
50.032 0.455045901
50.034 0.4547270376
50.036 0.4546252604
50.038 0.4543069861
50.04 0.4542057898
50.042 0.4538880449
50.044 0.4537873708
50.046 0.4534701788
50.048 0.4533700226
50.05 0.4530533732
50.052 0.4529538515
50.054 0.452637794
50.056 0.4525388679
50.058 0.452223536
50.06 0.4521252623
50.062 0.4518104115
50.064 0.4517126177
50.066 0.4513981757
50.068 0.4513008344
50.07 0.4509869016
50.072 0.4508900187
50.074 0.4505765284
50.076 0.4504800721
50.078 0.4501671307
50.08 0.4500711457
50.082 0.4497584953
50.084 0.4496627955
50.086 0.4493504305
50.088 0.4492550291
50.09 0.4489429447
50.092 0.4488478204
50.094 0.4485361364
50.096 0.4484413478
50.098 0.4481298325
50.1 0.4480352157
50.102 0.4477238862
50.104 0.447629481
50.106 0.4473183475
50.108 0.4472241436
50.11 0.4469133515
50.112 0.4468194346
50.114 0.446508775
50.116 0.4464150027
50.118 0.446104502
50.12 0.4460109175
50.122 0.4457006065
50.124 0.4456072228
50.126 0.4452972579
50.128 0.4452041672
50.13 0.4448943374
50.132 0.4448013968
50.134 0.4444917394
50.136 0.4443990018
50.138 0.4440895972
50.14 0.4439969909
50.142 0.4436876149
50.144 0.443595127
50.146 0.4432859125
50.148 0.4431936258
50.15 0.4428846165
50.152 0.4427925497
50.154 0.4424839067
50.156 0.4423921556
50.158 0.4420836719
50.16 0.4419920864
50.162 0.4416837883
50.164 0.44159242
50.166 0.44128447
50.168 0.4411933942
50.17 0.4408855738
50.172 0.4407946337
50.174 0.4404869618
50.176 0.440396198
50.178 0.440088906
50.18 0.4399984402
50.182 0.4396911894
50.184 0.4396008013
50.186 0.4392936411
50.188 0.4392033669
50.19 0.4388964505
50.192 0.4388063637
50.194 0.4384994705
50.196 0.4384094184
50.198 0.4381025693
50.2 0.4380126619
50.202 0.4377060607
50.204 0.4376162559
50.206 0.4373096288
50.208 0.4372198032
50.21 0.4369131684
50.212 0.4368233666
50.214 0.4365169674
50.216 0.4364273168
50.218 0.4361208172
50.22 0.436031114
50.222 0.4357247136
50.224 0.4356350865
50.226 0.4353285991
50.228 0.4352389788
50.23 0.4349324855
50.232 0.4348427999
50.234 0.4345364149
50.236 0.434446783
50.238 0.434140368
50.24 0.4340506973
50.242 0.4337443118
50.244 0.4336546772
50.246 0.4333481624
50.248 0.4332584979
50.25 0.4329519463
50.252 0.432862185
50.254 0.4325557047
50.256 0.4324659643
50.258 0.4321594186
50.26 0.4320696028
50.262 0.431763059
50.264 0.4316733285
50.266 0.4313666744
50.268 0.4312767622
50.27 0.430969977
50.272 0.4308799654
50.274 0.430573296
50.276 0.4304833188
50.278 0.4301764329
50.28 0.4300863661
50.282 0.4297795294
50.284 0.4296893959
50.286 0.4293824386
50.288 0.4292921763
50.29 0.4289851648
50.292 0.4288949339
50.294 0.4285877495
50.296 0.428497284
50.298 0.4281901396
50.3 0.4280996544
50.302 0.4277922376
50.304 0.4277016188
50.306 0.4273942018
50.308 0.4273034669
50.31 0.4269958762
50.312 0.4269049631
50.314 0.4265971264
50.316 0.4265061082
50.318 0.4261982778
50.32 0.426107129
50.322 0.425799104
50.324 0.4257077484
50.326 0.425399601
50.328 0.4253082154
50.33 0.4249999146
50.332 0.4249082758
50.334 0.4245998383
50.336 0.4245081469
50.338 0.4241994606
50.34 0.4241074569
50.342 0.4237987345
50.344 0.4237067097
50.346 0.4233976878
50.348 0.4233053315
50.35 0.4229962466
50.352 0.4229037798
50.354 0.4225943321
50.356 0.4225016396
50.358 0.4221921827
50.36 0.4220993436
50.362 0.4217895084
50.364 0.421696425
50.366 0.4213865723
50.368 0.4212933369
50.37 0.4209831118
50.372 0.4208896328
50.374 0.4205793904
50.376 0.4204857581
50.378 0.4201751241
50.38 0.4200812357
50.382 0.419770576
50.384 0.4196765294
50.386 0.4193654947
50.388 0.4192712089
50.39 0.4189601581
50.392 0.4188657811
50.394 0.4185545348
50.396 0.4184598903
50.398 0.4181483542
50.4 0.4180535161
50.402 0.4177418404
50.404 0.4176467963
50.406 0.4173348444
50.408 0.4172396071
50.41 0.4169276095
50.412 0.4168322249
50.414 0.4165198558
50.416 0.4164242413
50.418 0.4161118506
50.42 0.4160161587
50.422 0.4157036094
50.424 0.4156076688
50.426 0.4152948442
50.428 0.4151987284
50.43 0.4148858442
50.432 0.4147896602
50.434 0.4144764745
50.436 0.4143799557
50.438 0.4140667183
50.44 0.4139701688
50.442 0.4136568522
50.444 0.4135602092
50.446 0.4132465846
50.448 0.4131496204
50.45 0.4128359413
50.452 0.4127389677
50.454 0.4124250944
50.456 0.4123279632
50.458 0.4120140984
50.46 0.4119168515
50.462 0.4116028022
50.464 0.4115054726
50.466 0.411191259
50.468 0.4110937631
50.47 0.4107795556
50.472 0.4106820704
50.474 0.4103677719
50.476 0.4102701087
50.478 0.4099555949
50.48 0.4098578217
50.482 0.4095433491
50.484 0.409445613
50.486 0.4091311344
50.488 0.4090333606
50.49 0.4087187191
50.492 0.4086207515
50.494 0.4083060125
50.496 0.408208053
50.498 0.4078933718
50.5 0.4077954107
50.502 0.4074805766
50.504 0.4073825053
50.506 0.407067735
50.508 0.4069697048
50.51 0.4066549572
50.512 0.4065569229
50.514 0.4062420368
50.516 0.406143819
50.518 0.4058288522
50.52 0.4057306729
50.522 0.4054157898
50.524 0.405317609
50.526 0.4050025853
50.528 0.4049043374
50.53 0.4045893891
50.532 0.4044911894
50.534 0.4041762874
50.536 0.4040780927
50.538 0.4037631226
50.54 0.4036648901
50.542 0.4033499622
50.544 0.4032517409
50.546 0.4029366654
50.548 0.4028383599
50.55 0.4025233519
50.552 0.4024250845
50.554 0.4021101059
50.556 0.4020118274
50.558 0.4016968342
50.56 0.4015985408
50.562 0.4012833816
50.564 0.4011849694
50.566 0.4008698573
50.568 0.4007714687
50.57 0.4004563571
50.572 0.4003579421
50.574 0.4000427982
50.576 0.3999443356
50.578 0.3996290034
50.58 0.3995303925
50.582 0.3992150743
50.584 0.3991164708
50.586 0.3988011188
50.588 0.3987024445
50.59 0.3983870385
50.592 0.3982882812
50.594 0.3979726375
50.596 0.3978737113
50.598 0.3975580435
50.6 0.3974590642
50.602 0.3971431902
50.604 0.3970439305
50.606 0.3967278338
50.608 0.3966283658
50.61 0.39631195
50.612 0.3962122262
50.614 0.3958957047
50.616 0.3957958572
50.618 0.3954791962
50.62 0.3953791702
50.622 0.3950623485
50.624 0.3949621381
50.626 0.3946451297
50.628 0.3945447323
50.63 0.3942273784
50.632 0.3941266922
50.634 0.3938092155
50.636 0.3937083864
50.638 0.3933907516
50.64 0.3932897193
50.642 0.3929718844
50.644 0.3928706339
50.646 0.3925525933
50.648 0.3924511435
50.65 0.3921327349
50.652 0.3920309704
50.654 0.3917124048
50.656 0.3916104776
50.658 0.3912917234
50.66 0.3911895729
50.662 0.3908706106
50.664 0.3907682278
50.666 0.3904490336
50.668 0.3903464062
50.67 0.390026964
50.672 0.3899240916
50.674 0.38960441
50.676 0.3895012958
50.678 0.3891812091
50.68 0.3890777457
50.682 0.3887574677
50.684 0.3886538013
50.686 0.3883333002
50.688 0.3882293759
50.69 0.3879086239
50.692 0.3878044299
50.694 0.3874834061
50.696 0.3873789315
50.698 0.3870576333
50.7 0.3869528748
50.702 0.3866312973
50.704 0.3865262508
50.706 0.3862043776
50.708 0.3860990365
50.71 0.3857767277
50.712 0.3856710027
50.714 0.3853484661
50.716 0.3852425169
50.718 0.3849197267
50.72 0.3848134838
50.722 0.3844903997
50.724 0.3843838552
50.726 0.3840604673
50.728 0.3839536165
50.73 0.3836299149
50.732 0.3835227544
50.734 0.3831987394
50.736 0.3830912725
50.738 0.3827669509
50.74 0.3826591782
50.742 0.3823345347
50.744 0.3822264478
50.746 0.3819015005
50.748 0.3817931109
50.75 0.3814678497
50.752 0.3813591447
50.754 0.3810335753
50.756 0.380924567
50.758 0.3805986869
50.76 0.3804893719
50.762 0.3801632027
50.764 0.3800535858
50.766 0.3797271089
50.768 0.3796171957
50.77 0.379290423
50.772 0.3791802041
50.774 0.3788531287
50.776 0.3787426149
50.778 0.37841525
50.78 0.3783044381
50.782 0.3779767795
50.784 0.3778656825
50.786 0.3775377344
50.788 0.3774263392
50.79 0.3770980976
50.792 0.376986412
50.794 0.3766578793
50.796 0.376545901
50.798 0.3762170804
50.8 0.376104822
50.802 0.3757757118
50.804 0.3756631668
50.806 0.3753337794
50.808 0.3752209553
50.81 0.3748912912
50.812 0.3747781619
50.814 0.374448208
50.816 0.3743347932
50.818 0.3740045445
50.82 0.3738908451
50.822 0.3735603293
50.824 0.3734463488
50.826 0.3731155511
50.828 0.3730013198
50.83 0.3726702734
50.832 0.3725557768
50.834 0.3722244543
50.836 0.3721096911
50.838 0.3717781052
50.84 0.3716630585
50.842 0.3713311771
50.844 0.3712158492
50.846 0.3708837159
50.848 0.3707673922
50.85 0.3704346691
50.852 0.370317775
50.854 0.3699847392
50.856 0.3698674852
50.858 0.3695334377
50.86 0.3694155624
50.862 0.3690809308
50.864 0.3689627457
50.866 0.3686277615
50.868 0.3685092992
50.87 0.3681740552
50.872 0.3680553649
50.874 0.3677198802
50.876 0.367600948
50.878 0.3672652454
50.88 0.3671461391
50.882 0.3668102838
50.884 0.3666910451
50.886 0.3663550233
50.888 0.3662355985
50.89 0.3658994267
50.892 0.365779869
50.894 0.3654435645
50.896 0.3653239025
50.898 0.3649875064
50.9 0.3648677504
50.902 0.3645312714
50.904 0.3644114722
50.906 0.3640749684
50.908 0.3639551035
50.91 0.3636185122
50.912 0.3634985974
50.914 0.3631619667
50.916 0.3630420133
50.918 0.362705336
50.92 0.3625853051
50.922 0.3622485981
50.924 0.362128546
50.926 0.3617917676
50.928 0.361671635
50.93 0.3613347733
50.932 0.361214556
50.934 0.3608776219
50.936 0.360757309
50.938 0.3604202643
50.94 0.3602998597
50.942 0.3599627127
50.944 0.3598421634
50.946 0.359504861
50.948 0.3593841655
50.95 0.3590467187
50.952 0.3589258863
50.954 0.3585882729
50.956 0.3584672515
50.958 0.3581294716
50.96 0.3580082608
50.962 0.3576702525
50.964 0.3575488385
50.966 0.3572106636
50.968 0.3570890405
50.97 0.3567506294
50.972 0.3566287845
50.974 0.3562901256
50.976 0.3561680212
50.978 0.3558291641
50.98 0.3557068484
50.982 0.3553677174
50.984 0.3552453025
50.986 0.3549062883
50.988 0.3547839022
50.99 0.3544447618
50.992 0.3543222221
50.994 0.3539828841
50.996 0.3538601271
50.998 0.3535205657
51 0.3533975627
51.002 0.3530577517
51.004 0.3529345108
51.006 0.3525944328
51.008 0.3524709101
51.01 0.3521306833
51.012 0.3520072226
51.014 0.3516670068
51.016 0.3515433718
51.018 0.3512028713
51.02 0.3510788771
51.022 0.3507379447
51.024 0.3506134548
51.026 0.3502719888
51.028 0.3501470982
51.03 0.3498054255
51.032 0.3496802056
51.034 0.3493380467
51.036 0.3492123143
51.038 0.3488696408
51.04 0.3487433866
51.042 0.3484001836
51.044 0.3482735605
51.046 0.3479303757
51.048 0.3478039414
51.05 0.3474607459
51.052 0.3473341419
51.054 0.3469907066
51.056 0.3468637857
51.058 0.3465201278
51.06 0.3463931941
51.062 0.3460494168
51.064 0.3459221146
51.066 0.3455778989
51.068 0.3454502937
51.07 0.3451059778
51.072 0.3449781607
51.074 0.3446334066
51.076 0.344505235
51.078 0.3441603353
51.08 0.3440319227
51.082 0.3436867012
51.084 0.3435581092
51.086 0.3432126122
51.088 0.343083691
51.09 0.3427380325
51.092 0.3426089657
51.094 0.3422631469
51.096 0.3421337968
51.098 0.3417876562
51.1 0.3416581249
51.102 0.3413118119
51.104 0.3411820988
51.106 0.3408354885
51.108 0.3407054746
51.11 0.3403587301
51.112 0.340228607
51.114 0.339881735
51.116 0.3397515269
51.118 0.3394046028
51.12 0.3392742168
51.122 0.338927069
51.124 0.3387966227
51.126 0.3384495014
51.128 0.3383190807
51.13 0.3379719916
51.132 0.3378416175
51.134 0.3374946236
51.136 0.3373643739
51.138 0.3370173563
51.14 0.3368870341
51.142 0.3365401378
51.144 0.3364100028
51.146 0.3360632655
51.148 0.3359332972
51.15 0.3355867743
51.152 0.3354570292
51.154 0.3351107184
51.156 0.3349811952
51.158 0.334635135
51.16 0.3345058691
51.162 0.3341600476
51.164 0.3340310118
51.166 0.3336854376
51.168 0.3335566499
51.17 0.3332112719
51.172 0.3330826777
51.174 0.3327375412
51.176 0.3326091756
51.178 0.3322642156
51.18 0.3321359839
51.182 0.3317911818
51.184 0.3316631193
51.186 0.3313184322
51.188 0.3311904949
51.19 0.3308459146
51.192 0.3307180615
51.194 0.330373557
51.196 0.3302457806
51.198 0.3299013436
51.2 0.3297735844
51.202 0.3294291445
51.204 0.329301436
51.206 0.3289570448
51.208 0.3288293456
51.21 0.3284849862
51.212 0.3283573261
51.214 0.3280129762
51.216 0.3278852814
51.218 0.3275409151
51.22 0.3274132202
51.222 0.3270688145
51.224 0.3269410968
51.226 0.3265966773
51.228 0.3264688999
51.23 0.3261244501
51.232 0.3259966612
51.234 0.3256521691
51.236 0.3255243297
51.238 0.3251798107
51.24 0.3250519202
51.242 0.3247073403
51.244 0.324579427
51.246 0.3242348072
51.248 0.3241068338
51.25 0.3237621945
51.252 0.3236341832
51.254 0.3232894878
51.256 0.3231614518
51.258 0.3228167108
51.26 0.3226886149
51.262 0.3223438394
51.264 0.3222157067
51.266 0.3218708729
51.268 0.3217426806
51.27 0.3213978158
51.272 0.3212695729
51.274 0.3209246296
51.276 0.3207963432
51.278 0.3204513566
51.28 0.3203229912
51.282 0.3199779299
51.284 0.3198495145
51.286 0.3195045308
51.288 0.3193762583
51.29 0.3190312632
51.292 0.3189029382
51.294 0.3185579184
51.296 0.3184295297
51.298 0.3180844062
51.3 0.317955939
51.302 0.3176107463
51.304 0.3174822941
51.306 0.3171371746
51.308 0.3170086656
51.31 0.3166634555
51.312 0.3165348573
51.314 0.3161894986
51.316 0.3160607449
51.318 0.3157153593
51.32 0.3155866385
51.322 0.3152411748
51.324 0.3151123084
51.326 0.3147666548
51.328 0.3146377273
51.33 0.3142920754
51.332 0.3141630014
51.334 0.3138171764
51.336 0.3136879007
51.338 0.313341978
51.34 0.3132126542
51.342 0.3128665206
51.344 0.3127370776
51.346 0.3123909051
51.348 0.3122612621
51.35 0.3119148279
51.352 0.3117849109
51.354 0.3114383183
51.356 0.3113082802
51.358 0.3109614001
51.36 0.3108311664
51.362 0.3104841695
51.364 0.3103536723
51.366 0.3100064754
51.368 0.3098758291
51.37 0.3095283328
51.372 0.3093974607
51.374 0.3090497789
51.376 0.3089185767
51.378 0.3085706415
51.38 0.3084392292
51.382 0.3080909472
51.384 0.3079592663
51.386 0.3076107699
51.388 0.3074787162
51.39 0.3071299209
51.392 0.3069977906
51.394 0.3066488203
51.396 0.3065163187
51.398 0.3061670541
51.4 0.3060342952
51.402 0.3056846318
51.404 0.3055515438
51.406 0.3052017435
51.408 0.3050684284
51.41 0.3047181924
51.412 0.3045845389
51.414 0.3042341542
51.416 0.3041002776
51.418 0.3037494693
51.42 0.3036152217
51.422 0.303264245
51.424 0.303129742
51.426 0.3027783143
51.428 0.3026434305
51.43 0.3022917852
51.432 0.3021566102
51.434 0.3018044857
51.436 0.3016689153
51.438 0.3013165708
51.44 0.3011808086
51.442 0.3008281665
51.444 0.30069192
51.446 0.3003388691
51.448 0.3002023913
51.45 0.2998491564
51.452 0.2997123614
51.454 0.2993586065
51.456 0.2992213887
51.458 0.2988673885
51.46 0.298729959
51.462 0.2983757504
51.464 0.2982379893
51.466 0.2978832819
51.468 0.2977450852
51.47 0.2973901178
51.472 0.2972516959
51.474 0.2968965091
51.476 0.2967578816
51.478 0.2964023495
51.48 0.2962632032
51.482 0.2959072181
51.484 0.2957677877
51.486 0.295411552
51.488 0.2952718586
51.49 0.2949153993
51.492 0.2947754886
51.494 0.2944188221
51.496 0.2942787002
51.498 0.293921702
51.5 0.2937810446
51.502 0.2934235467
51.504 0.2932825784
51.506 0.2929248056
51.508 0.2927835715
51.51 0.2924255344
51.512 0.2922840256
51.514 0.2919257395
51.516 0.2917840004
51.518 0.2914254912
51.52 0.2912835204
51.522 0.2909247809
51.524 0.2907825754
51.526 0.2904235836
51.528 0.2902811475
51.53 0.2899219316
51.532 0.2897792696
51.534 0.2894198192
51.536 0.289276924
51.538 0.2889172246
51.54 0.2887740531
51.542 0.2884141064
51.544 0.28827069
51.546 0.2879104943
51.548 0.2877668143
51.55 0.2874063507
51.552 0.2872623958
51.554 0.2869016377
51.556 0.28675741
51.558 0.2863963505
51.56 0.2862518412
51.562 0.2858904995
51.564 0.2857456927
51.566 0.2853840897
51.568 0.2852390231
51.57 0.2848771646
51.572 0.2847318378
51.574 0.2843697277
51.576 0.2842241416
51.578 0.2838617568
51.58 0.2837159147
51.582 0.2833532803
51.584 0.283207195
51.586 0.2828443206
51.588 0.2826979975
51.59 0.2823348785
51.592 0.2821882959
51.594 0.2818249449
51.596 0.2816781326
51.598 0.2813145615
51.6 0.2811675292
51.602 0.2808037195
51.604 0.2806564653
51.606 0.280292445
51.608 0.2801449912
51.61 0.2797807722
51.612 0.2796331172
51.614 0.2792686959
51.616 0.2791208254
51.618 0.2787562125
51.62 0.2786081609
51.622 0.2782433698
51.624 0.278095137
51.626 0.2777301475
51.628 0.2775817277
51.63 0.2772165686
51.632 0.2770679944
51.634 0.2767026742
51.636 0.2765539403
51.638 0.2761884617
51.64 0.2760395512
51.642 0.275673915
51.644 0.2755248552
51.646 0.2751590673
51.648 0.2750098457
51.65 0.2746438806
51.652 0.2744944992
51.654 0.2741283764
51.656 0.2739788378
51.658 0.2736125476
51.66 0.2734628463
51.662 0.2730963874
51.664 0.2729464901
51.666 0.2725798445
51.668 0.2724297666
51.67 0.2720629494
51.672 0.2719126864
51.674 0.2715456619
51.676 0.2713952071
51.678 0.2710279899
51.68 0.2708773467
51.682 0.2705099325
51.684 0.2703590686
51.686 0.269991446
51.688 0.2698403758
51.69 0.2694725589
51.692 0.2693212786
51.694 0.268953246
51.696 0.2688017388
51.698 0.2684334708
51.7 0.2682817581
51.702 0.2679132713
51.704 0.2677613374
51.706 0.2673926265
51.708 0.2672404499
51.71 0.2668715107
51.712 0.2667191165
51.714 0.2663499608
51.716 0.2661973384
51.718 0.265827936
51.72 0.2656750939
51.722 0.2653054725
51.724 0.2651524149
51.726 0.2647825785
51.728 0.2646292797
51.73 0.2642592174
51.732 0.2641057023
51.734 0.2637354369
51.736 0.263581714
51.738 0.2632112393
51.74 0.2630573052
51.742 0.2626866017
51.744 0.2625324582
51.746 0.2621615466
51.748 0.2620072021
51.75 0.261636087
51.752 0.2614815282
51.754 0.2611102085
51.756 0.2609554484
51.758 0.2605839421
51.76 0.2604289842
51.762 0.2600572591
51.764 0.2599021022
51.766 0.2595301832
51.768 0.2593748384
51.77 0.259002728
51.772 0.2588471746
51.774 0.2584748728
51.776 0.2583191307
51.778 0.2579466439
51.78 0.2577907066
51.782 0.2574180066
51.784 0.257261883
51.786 0.2568890012
51.788 0.2567326938
51.79 0.2563596224
51.792 0.256203106
51.794 0.2558298377
51.796 0.2556731372
51.798 0.2552996863
51.8 0.2551427944
51.802 0.2547691511
51.804 0.2546120634
51.806 0.2542382134
51.808 0.2540809337
51.81 0.2537068955
51.812 0.2535494344
51.814 0.2531751947
51.816 0.2530175144
51.818 0.2526430848
51.82 0.2524852199
51.822 0.2521106033
51.824 0.2519525331
51.826 0.2515776958
51.828 0.2514194326
51.83 0.2510444051
51.832 0.2508859521
51.834 0.2505107343
51.836 0.2503520706
51.838 0.2499766566
51.84 0.2498177997
51.842 0.2494421951
51.844 0.2492831536
51.846 0.2489073426
51.848 0.2487481075
51.85 0.2483721078
51.852 0.248212688
51.854 0.2478365043
51.856 0.2476768823
51.858 0.2473005056
51.86 0.2471407027
51.862 0.246764135
51.864 0.2466041225
51.866 0.246227339
51.868 0.246067138
51.87 0.2456901692
51.872 0.2455297897
51.874 0.2451526292
51.876 0.2449920423
51.878 0.2446147029
51.88 0.2444539342
51.882 0.2440764076
51.884 0.2439154568
51.886 0.2435377285
51.888 0.243376584
51.89 0.2429986768
51.892 0.2428373533
51.894 0.2424592553
51.896 0.24229773
51.898 0.2419194401
51.9 0.241757733
51.902 0.2413792772
51.904 0.2412174143
51.906 0.2408387929
51.908 0.2406767614
51.91 0.2402979636
51.912 0.2401357617
51.914 0.2397567839
51.916 0.2395943832
51.918 0.2392152382
51.92 0.2390526923
51.922 0.2386734003
51.924 0.2385106886
51.926 0.2381312034
51.928 0.2379683151
51.93 0.2375886691
51.932 0.2374256106
51.934 0.2370458208
51.936 0.2368826314
51.938 0.2365026939
51.94 0.2363393402
51.942 0.2359592356
51.944 0.2357957518
51.946 0.2354155186
51.948 0.2352519004
51.95 0.2348715153
51.952 0.2347077344
51.954 0.2343272334
51.956 0.2341633433
51.958 0.2337827104
51.96 0.2336186858
51.962 0.2332379226
51.964 0.2330737901
51.966 0.2326929112
51.968 0.2325286431
51.97 0.2321476564
51.972 0.2319832907
51.974 0.231602204
51.976 0.2314377571
51.978 0.2310565671
51.98 0.2308920144
51.982 0.2305107225
51.984 0.2303460951
51.986 0.2299647297
51.988 0.2297999978
51.99 0.2294185559
51.992 0.2292537587
51.994 0.22887222
51.996 0.2287073474
51.998 0.2283257531
52 0.2281608223
52.002 0.2277791671
52.004 0.2276141722
52.006 0.227232472
52.008 0.2270674265
52.01 0.2266856492
52.012 0.2265205615
52.014 0.226138745
52.016 0.2259735839
52.018 0.2255917242
52.02 0.2254265383
52.022 0.225044655
52.024 0.2248794403
52.026 0.2244975175
52.028 0.2243322733
52.03 0.2239503093
52.032 0.2237850151
52.034 0.223403031
52.036 0.2232377256
52.038 0.2228557368
52.04 0.2226904157
52.042 0.2223083984
52.044 0.2221430719
52.046 0.2217610487
52.048 0.2215956873
52.05 0.2212136333
52.052 0.2210482459
52.054 0.2206661544
52.056 0.2205007581
52.058 0.2201186581
52.06 0.2199532429
52.062 0.2195711509
52.064 0.2194057471
52.066 0.2190236652
52.068 0.2188582717
52.07 0.2184761724
52.072 0.2183107706
52.074 0.2179286755
52.076 0.2177632683
52.078 0.2173811772
52.08 0.2172157779
52.082 0.2168337005
52.084 0.2166683655
52.086 0.2162863544
52.088 0.2161210662
52.09 0.2157391175
52.092 0.2155739019
52.094 0.2151920106
52.096 0.2150268628
52.098 0.2146450554
52.1 0.2144799763
52.102 0.2140982531
52.104 0.2139332849
52.106 0.2135516863
52.108 0.2133868494
52.11 0.2130053703
52.112 0.2128406398
52.114 0.2124592913
52.116 0.2122946942
52.118 0.2119134689
52.12 0.2117490254
52.122 0.2113679443
52.124 0.2112036411
52.126 0.2108227432
52.128 0.2106586149
52.13 0.2102778651
52.132 0.2101138937
52.134 0.2097332981
52.136 0.2095694774
52.138 0.209189037
52.14 0.2090253796
52.142 0.2086450982
52.144 0.2084816031
52.146 0.2081014916
52.148 0.2079381591
52.15 0.2075582188
52.152 0.2073950754
52.154 0.2070153167
52.156 0.2068523547
52.158 0.2064727729
52.16 0.2063099905
52.162 0.2059305863
52.164 0.2057679994
52.166 0.2053888169
52.168 0.2052264501
52.17 0.2048474401
52.172 0.2046852228
52.174 0.2043063994
52.176 0.204144357
52.178 0.203765673
52.18 0.2036038103
52.182 0.2032253023
52.184 0.2030635778
52.186 0.2026852234
52.188 0.2025236894
52.19 0.2021455071
52.192 0.2019841388
52.194 0.2016061783
52.196 0.2014450113
52.198 0.2010671839
52.2 0.2009061709
52.202 0.2005285305
52.204 0.2003676848
52.206 0.1999901934
52.208 0.1998294985
52.21 0.1994521559
52.212 0.199291635
52.214 0.1989144854
52.216 0.1987541338
52.218 0.1983771347
52.22 0.1982169603
52.222 0.1978401249
52.224 0.1976800754
52.226 0.197303385
52.228 0.1971435264
52.23 0.196767032
52.232 0.1966073433
52.234 0.1962310239
52.236 0.1960714753
52.238 0.1956952683
52.24 0.1955358815
52.242 0.195159869
52.244 0.195000673
52.246 0.1946248114
52.248 0.1944657479
52.25 0.1940900197
52.252 0.1939310854
52.254 0.1935555143
52.256 0.1933967616
52.258 0.193021372
52.26 0.1928627574
52.262 0.1924874987
52.264 0.1923290131
52.266 0.1919538514
52.268 0.1917955082
52.27 0.1914205133
52.272 0.1912623033
52.274 0.1908874102
52.276 0.1907293306
52.278 0.1903545731
52.28 0.1901966265
52.282 0.1898220119
52.284 0.1896642003
52.286 0.1892896897
52.288 0.1891319406
52.29 0.1887575078
52.292 0.1885998781
52.294 0.1882255696
52.296 0.188068047
52.298 0.1876938559
52.3 0.1875364376
52.302 0.1871623452
52.304 0.187005054
52.306 0.1866310893
52.308 0.186473898
52.31 0.1861000062
52.312 0.1859428818
52.314 0.1855690987
52.316 0.1854120964
52.318 0.1850383862
52.32 0.1848814376
52.322 0.1845078044
52.324 0.1843509401
52.326 0.1839773707
52.328 0.183820556
52.33 0.1834470447
52.332 0.1832902886
52.334 0.1829168148
52.336 0.1827601063
52.338 0.1823866829
52.34 0.182230009
52.342 0.1818565939
52.344 0.1816999327
52.346 0.1813265549
52.348 0.1811699317
52.35 0.1807965643
52.352 0.1806399201
52.354 0.1802665456
52.356 0.1801099475
52.358 0.1797365944
52.36 0.1795799688
52.362 0.1792065768
52.364 0.1790499368
52.366 0.178676578
52.368 0.1785199769
52.37 0.1781466402
52.372 0.177990049
52.374 0.1776167648
52.376 0.1774602421
52.378 0.1770869843
52.38 0.1769304553
52.382 0.1765572065
52.384 0.1764007335
52.386 0.1760275116
52.388 0.175871025
52.39 0.1754977791
52.392 0.1753412874
52.394 0.1749680791
52.396 0.1748115961
52.398 0.1744383498
52.4 0.174281833
52.402 0.1739085668
52.404 0.1737520399
52.406 0.1733787503
52.408 0.1732221716
52.41 0.1728488269
52.412 0.1726922165
52.414 0.1723188455
52.416 0.1721621924
52.418 0.1717887772
52.42 0.1716320684
52.422 0.1712585799
52.424 0.1711018213
52.426 0.1707282997
52.428 0.1705714966
52.43 0.1701978906
52.432 0.1700409848
52.434 0.1696673098
52.436 0.1695103709
52.438 0.169136637
52.44 0.1689796004
52.442 0.1686057811
52.444 0.1684486695
52.446 0.168074775
52.448 0.1679175777
52.45 0.167543594
52.452 0.1673863201
52.454 0.1670122462
52.456 0.166854873
52.458 0.1664807431
52.46 0.1663233223
52.462 0.1659490963
52.464 0.1657915555
52.466 0.1654172337
52.468 0.1652596147
52.47 0.1648851835
52.472 0.1647274631
52.474 0.1643529519
52.476 0.1641951346
52.478 0.163820489
52.48 0.1636625303
52.482 0.1632877736
52.484 0.1631297336
52.486 0.1627548679
52.488 0.1625966685
52.49 0.1622216582
52.492 0.1620633391
52.494 0.161688194
52.496 0.1615297327
52.498 0.1611544654
52.5 0.1609958789
52.502 0.16062046
52.504 0.1604617191
52.506 0.1600861645
52.508 0.1599272685
52.51 0.1595515581
52.512 0.1593925276
52.514 0.1590166786
52.516 0.1588574831
52.518 0.1584814763
52.52 0.1583221325
52.522 0.157945953
52.524 0.1577864485
52.526 0.1574101297
52.528 0.1572504508
52.53 0.1568739388
52.532 0.1567141378
52.534 0.1563375356
52.536 0.1561775926
52.538 0.1558008366
52.54 0.1556407673
52.542 0.1552638571
52.544 0.1551036294
52.546 0.1547265881
52.548 0.1545662077
52.55 0.1541890094
52.552 0.1540284982
52.554 0.1536511633
52.556 0.153490483
52.558 0.1531129758
52.56 0.1529521486
52.562 0.1525744782
52.564 0.1524134746
52.566 0.1520356502
52.568 0.1518744979
52.57 0.1514965097
52.572 0.1513352247
52.574 0.150957111
52.576 0.1507956495
52.578 0.1504173639
52.58 0.15025575
52.582 0.1498772949
52.584 0.1497154969
52.586 0.1493368693
52.588 0.149174912
52.59 0.1487961116
52.592 0.1486339817
52.594 0.148255027
52.596 0.1480927205
52.598 0.1477135886
52.6 0.1475511296
52.602 0.1471718403
52.604 0.147009189
52.606 0.1466297083
52.608 0.1464668931
52.61 0.1460872301
52.612 0.1459242102
52.614 0.1455443575
52.616 0.1453811721
52.618 0.1450011387
52.62 0.1448377711
52.622 0.1444575725
52.624 0.1442940133
52.626 0.1439136243
52.628 0.1437499006
52.63 0.1433693111
52.632 0.1432053645
52.634 0.1428245759
52.636 0.1426604753
52.638 0.1422795112
52.64 0.1421152024
52.642 0.1417340416
52.644 0.1415695278
52.646 0.1411881703
52.648 0.1410234732
52.65 0.1406419011
52.652 0.1404769897
52.654 0.1400952336
52.656 0.1399301193
52.658 0.139548136
52.66 0.1393828023
52.662 0.1390006271
52.664 0.1388350906
52.666 0.1384527015
52.668 0.138286969
52.67 0.1379043586
52.672 0.137738408
52.674 0.1373556108
52.676 0.1371894434
52.678 0.1368064285
52.68 0.1366400697
52.682 0.1362568351
52.684 0.1360902546
52.686 0.1357068222
52.688 0.1355400191
52.69 0.1351563611
52.692 0.1349893583
52.694 0.1346054672
52.696 0.1344382349
52.698 0.1340541465
52.7 0.1338866894
52.702 0.1335023697
52.704 0.1333347107
52.706 0.132950174
52.708 0.1327822907
52.71 0.132397552
52.712 0.1322294628
52.714 0.1318445197
52.716 0.1316762095
52.718 0.1312910406
52.72 0.1311225298
52.722 0.1307371431
52.724 0.1305684099
52.726 0.1301828173
52.728 0.1300138689
52.73 0.129628057
52.732 0.1294589071
52.734 0.1290728886
52.736 0.1289035255
52.738 0.1285172875
52.74 0.1283477166
52.742 0.1279612897
52.744 0.127791511
52.746 0.1274048696
52.748 0.1272349119
52.75 0.1268480944
52.752 0.1266779563
52.754 0.1262909311
52.756 0.1261206057
52.758 0.1257334117
52.76 0.1255628928
52.762 0.1251755114
52.764 0.1250048227
52.766 0.1246172786
52.768 0.1244464197
52.77 0.1240586849
52.772 0.1238876394
52.774 0.1234997404
52.776 0.1233285116
52.778 0.1229404378
52.78 0.122769056
52.782 0.1223808127
52.784 0.1222092592
52.786 0.1218208295
52.788 0.1216490934
52.79 0.1212605026
52.792 0.1210886035
52.794 0.1206998431
52.796 0.1205277664
52.798 0.1201388287
52.8 0.119966588
52.802 0.1195774679
52.804 0.1194050502
52.806 0.1190157725
52.808 0.1188431938
52.81 0.1184537488
52.812 0.1182809895
52.814 0.1178913738
52.816 0.1177184576
52.818 0.1173286789
52.82 0.1171556014
52.822 0.1167656491
52.824 0.116592409
52.826 0.116202302
52.828 0.1160288979
52.83 0.115638637
52.832 0.1154650686
52.834 0.1150746385
52.836 0.114900912
52.838 0.1145103287
52.84 0.114336452
52.842 0.1139456993
52.844 0.1137716575
52.846 0.1133807655
52.848 0.1132065733
52.85 0.1128155269
52.852 0.112641176
52.854 0.1122499669
52.856 0.1120754656
52.858 0.1116841156
52.86 0.1115094757
52.862 0.1111179576
52.864 0.1109431632
52.866 0.1105515112
52.868 0.1103765838
52.87 0.1099848031
52.872 0.109809713
52.874 0.1094177768
52.876 0.1092425643
52.878 0.1088504962
52.88 0.1086751371
52.882 0.1082829177
52.884 0.1081074265
52.886 0.1077150735
52.888 0.1075394494
52.89 0.1071469764
52.892 0.1069712146
52.894 0.1065786061
52.896 0.1064027264
52.898 0.1060099938
52.9 0.1058339896
52.902 0.1054411297
52.904 0.1052650036
52.906 0.1048720333
52.908 0.1046957907
52.91 0.1043027054
52.912 0.1041263537
52.914 0.1037331598
52.916 0.1035566855
52.918 0.1031633818
52.92 0.1029868049
52.922 0.1025933835
52.924 0.1024167073
52.926 0.1020231794
52.928 0.1018463963
52.93 0.101452765
52.932 0.1012758745
52.934 0.1008821488
52.936 0.1007051829
52.938 0.1003113733
52.94 0.1001342907
52.942 0.0997403728
52.944 0.09956321163
52.946 0.09916920854
52.948 0.09899197181
52.95 0.09859789599
52.952 0.09842056884
52.954 0.09802638929
52.956 0.09784897156
52.958 0.09745471084
52.96 0.09727722308
52.962 0.09688290136
52.964 0.09670533473
52.966 0.09631093745
52.968 0.0961332858
52.97 0.09573880891
52.972 0.0955610943
52.974 0.09516655948
52.976 0.09498879373
52.978 0.09459418754
52.98 0.09441635022
52.982 0.09402166815
52.984 0.09384376323
52.986 0.09344902563
52.988 0.09327105738
52.99 0.09287627605
52.992 0.09269826605
52.994 0.09230342196
52.996 0.09212537052
52.998 0.09173051469
53 0.09155243922
53.002 0.09115755962
53.004 0.09097948034
53.006 0.09058459018
53.008 0.09040650046
53.01 0.09001159121
53.012 0.08983349038
53.014 0.08943858413
53.016 0.08926049254
53.018 0.08886559454
53.02 0.08868749968
53.022 0.08829258659
53.024 0.08811448009
53.026 0.08771956927
53.028 0.08754145507
53.03 0.08714654082
53.032 0.08696843557
53.034 0.08657351494
53.036 0.08639540627
53.038 0.08600049714
53.04 0.08582239972
53.042 0.08542750112
53.044 0.08524941431
53.046 0.08485452313
53.048 0.08467642462
53.05 0.08428152793
53.052 0.08410344537
53.054 0.08370856352
53.056 0.08353049735
53.058 0.08313562925
53.06 0.08295757674
53.062 0.08256273078
53.064 0.08238469555
53.066 0.08198985049
53.068 0.08181182358
53.07 0.08141699621
53.072 0.08123898054
53.074 0.08084417898
53.076 0.08066619128
53.078 0.08027141155
53.08 0.08009343798
53.082 0.07969867189
53.084 0.07952072912
53.086 0.07912599859
53.088 0.07894809896
53.09 0.07855339487
53.092 0.07837551219
53.094 0.07798082311
53.096 0.07780296066
53.098 0.07740830655
53.1 0.07723048651
53.102 0.07683587363
53.104 0.07665808084
53.106 0.07626349729
53.108 0.07608574934
53.11 0.07569120332
53.112 0.07551349212
53.114 0.07511898811
53.116 0.07494132352
53.118 0.07454685337
53.12 0.07436922164
53.122 0.0739748025
53.124 0.07379722283
53.126 0.07340285167
53.128 0.0732253198
53.13 0.07283100167
53.132 0.07265349775
53.134 0.07225920413
53.136 0.0720817528
53.138 0.07168751961
53.14 0.0715101307
53.142 0.07111594306
53.144 0.07093859625
53.146 0.07054446137
53.148 0.07036717432
53.15 0.06997309023
53.152 0.06979584453
53.154 0.06940179127
53.156 0.06922459146
53.158 0.06883059665
53.16 0.06865344768
53.162 0.06825950411
53.164 0.06808240515
53.166 0.06768850628
53.168 0.06751144342
53.17 0.06711758696
53.172 0.06694057946
53.174 0.06654678168
53.176 0.06636982348
53.178 0.0659760735
53.18 0.06579914779
53.182 0.06540542954
53.184 0.06522855631
53.186 0.06483488657
53.188 0.06465805099
53.19 0.06426442627
53.192 0.0640876473
53.194 0.06369405528
53.196 0.06351731005
53.198 0.06312375705
53.2 0.06294706521
53.202 0.06255356003
53.204 0.0623769064
53.206 0.06198343229
53.208 0.06180679114
53.21 0.0614133324
53.212 0.06123673497
53.214 0.06084332247
53.216 0.06066675364
53.218 0.06027336793
53.22 0.06009681442
53.222 0.05970343931
53.224 0.05952690414
53.226 0.05913355606
53.228 0.05895704813
53.23 0.05856372053
53.232 0.05838720722
53.234 0.05799386648
53.236 0.05781736625
53.238 0.05742406258
53.24 0.05724758913
53.242 0.05685427748
53.244 0.0566777963
53.246 0.05628447378
53.248 0.05610799209
53.25 0.05571466755
53.252 0.05553818235
53.254 0.05514484666
53.256 0.0549683348
53.258 0.05457497016
53.26 0.05439844374
53.262 0.05400506971
53.264 0.05382853292
53.266 0.05343513732
53.268 0.05325857388
53.27 0.05286515164
53.272 0.05268855244
53.274 0.05229509575
53.276 0.05211845624
53.278 0.05172496075
53.28 0.05154827942
53.282 0.05115474468
53.284 0.05097803172
53.286 0.05058445882
53.288 0.05040770221
53.29 0.05001406542
53.292 0.04983725202
53.294 0.04944355547
53.296 0.04926668836
53.298 0.04887293647
53.3 0.04869600879
53.302 0.04830220073
53.304 0.04812524221
53.306 0.04773139313
53.308 0.04755435878
53.31 0.04716043654
53.312 0.04698333823
53.314 0.04658936441
53.316 0.04641220033
53.318 0.046018166
53.32 0.04584095607
53.322 0.04544686411
53.324 0.04526959216
53.326 0.04487543356
53.328 0.04469810119
53.33 0.04430387481
53.332 0.04412648328
53.334 0.04373219118
53.336 0.04355472643
53.338 0.04316036947
53.34 0.0429828611
53.342 0.0425884625
53.344 0.04241087488
53.346 0.04201640024
53.348 0.04183875716
53.35 0.04144422609
53.352 0.04126651871
53.354 0.04087193229
53.356 0.04069416748
53.358 0.04029951446
53.36 0.04012167851
53.362 0.03972694472
53.364 0.03954905009
53.366 0.03915425691
53.368 0.03897629833
53.37 0.03858144973
53.372 0.03840341502
53.374 0.03800847852
53.376 0.03783037691
53.378 0.03743537863
53.38 0.03725720017
53.382 0.03686214063
53.384 0.03668389869
53.386 0.03628876051
53.388 0.03611044783
53.39 0.03571522169
53.392 0.0355368496
53.394 0.03514156075
53.396 0.03496309576
53.398 0.03456772274
53.4 0.03438918335
53.402 0.03399375084
53.404 0.03381513849
53.406 0.0334196144
53.408 0.03324092063
53.41 0.03284537738
53.412 0.03266677188
53.414 0.03227132736
53.416 0.03209276644
53.418 0.03169738071
53.42 0.03151888181
53.422 0.03112354431
53.424 0.03094508773
53.426 0.03054977844
53.428 0.03037138052
53.43 0.02997610383
53.432 0.02979772065
53.434 0.02940247521
53.436 0.02922411525
53.438 0.02882887777
53.44 0.02865051325
53.442 0.02825525626
53.444 0.02807686963
53.446 0.02768162413
53.448 0.02750322222
53.45 0.02710793418
53.452 0.0269295168
53.454 0.02653418731
53.456 0.02635570964
53.458 0.02596033685
53.46 0.02578180905
53.462 0.0253863583
53.464 0.02520777374
53.466 0.02481225162
53.468 0.02463357897
53.47 0.02423798562
53.472 0.02405922438
53.474 0.02366352663
53.476 0.02348466546
53.478 0.02308885154
53.48 0.02290985893
53.482 0.02251395257
53.484 0.02233483539
53.486 0.02193878542
53.488 0.02175955883
53.49 0.02136339296
53.492 0.02118403755
53.494 0.02078773096
53.496 0.02060823519
53.498 0.02021179714
53.5 0.02003217712
53.502 0.0196355906
53.504 0.01945579911
53.506 0.01905907511
53.508 0.01887915629
53.51 0.01848228141
53.512 0.01830221859
53.514 0.01790520265
53.516 0.01772498516
53.518 0.01732780216
53.52 0.01714745271
53.522 0.01675012152
53.524 0.016569616
53.526 0.01617215385
53.528 0.01599151087
53.53 0.01559388353
53.532 0.01541308079
53.534 0.01501531773
53.536 0.01483437224
53.538 0.01443644956
53.54 0.01425535625
53.542 0.0138572852
53.544 0.01367602297
53.546 0.01327779965
53.548 0.01309640323
53.55 0.01269804206
53.552 0.0125164851
53.554 0.01211797167
53.556 0.01193626559
53.558 0.01153760097
53.56 0.01135575805
53.562 0.0109569441
53.564 0.01077495762
53.566 0.01037597811
53.568 0.01019383511
53.57 0.009794717318
53.572 0.009612440123
53.574 0.009213176508
53.576 0.009030747742
53.578 0.008631343824
53.58 0.008448767731
53.582 0.008049210444
53.584 0.007866501087
53.586 0.007466804928
53.588 0.007283946424
53.59 0.006884099713
53.592 0.006701103718
53.594 0.006301111315
53.596 0.006117951618
53.598 0.005717824221
53.6 0.005534545499
53.602 0.005134290399
53.604 0.004950854855
53.606 0.004550444942
53.608 0.004366874382
53.61 0.003966337303
53.612 0.003782620316
53.614 0.003381937363
53.616 0.003198103004
53.618 0.002797288739
53.62 0.002613297845
53.622 0.00221232706
53.624 0.002028210816
53.626 0.001627128445
53.628 0.001442855949
53.63 0.001041488179
53.632 0.000856844838
53.634 0.0004551603338
53.636 0.0002702287569
53.638 -0.0001317346069
53.64 -0.0003169344498
53.642 -0.0007191407827
53.644 -0.0009045643648
53.646 -0.001307010717
53.648 -0.00149267337
53.65 -0.001895354479
53.652 -0.002081234577
53.654 -0.002484130066
53.656 -0.002670211274
53.658 -0.003073300972
53.66 -0.003259590748
53.662 -0.003662910536
53.664 -0.003849416012
53.666 -0.00425292947
53.668 -0.004439618207
53.67 -0.004843308584
53.672 -0.005030196034
53.674 -0.005434085572
53.676 -0.005621140005
53.678 -0.006025192348
53.68 -0.006212411492
53.682 -0.006616621441
53.684 -0.006803995382
53.686 -0.007208360742
53.688 -0.007395876751
53.69 -0.007800391849
53.692 -0.007988065328
53.694 -0.008392721731
53.696 -0.008580517557
53.698 -0.008985288401
53.7 -0.009173195222
53.702 -0.009578092111
53.704 -0.009766127148
53.706 -0.01017112398
53.708 -0.01035926457
53.71 -0.01076434634
53.712 -0.01095257293
53.714 -0.01135774477
53.716 -0.01154604135
53.718 -0.01195127963
53.72 -0.01213964587
53.722 -0.0125449509
53.724 -0.01273338702
53.726 -0.01313876262
53.728 -0.01332725326
53.73 -0.01373267602
53.732 -0.01392120413
53.734 -0.01432667911
53.736 -0.0145152656
53.738 -0.01492079211
53.74 -0.01510941688
53.742 -0.01551498506
53.744 -0.01570363844
53.746 -0.01610922984
53.748 -0.01629790254
53.75 -0.01670352369
53.752 -0.01689223153
53.754 -0.01729788286
53.756 -0.01748660757
53.758 -0.01789227053
53.76 -0.01808100825
53.762 -0.01848667295
53.764 -0.01867543232
53.766 -0.01908113568
53.768 -0.01926993137
53.77 -0.01967564279
53.772 -0.019864444
53.774 -0.02027017196
53.776 -0.02045898359
53.778 -0.02086471264
53.78 -0.02105353945
53.782 -0.02145930092
53.784 -0.02164813885
53.786 -0.02205390549
53.788 -0.0222427539
53.79 -0.0226485193
53.792 -0.02283736218
53.794 -0.02324312968
53.796 -0.02343196828
53.798 -0.02383775061
53.8 -0.02402658962
53.802 -0.02443236791
53.804 -0.02462119649
53.806 -0.02502696384
53.808 -0.02521578274
53.81 -0.02562154714
53.812 -0.02581036132
53.814 -0.02621613554
53.816 -0.02640496069
53.818 -0.02681074156
53.82 -0.02699955746
53.822 -0.02740533934
53.824 -0.02759415888
53.826 -0.02799995084
53.828 -0.02818880726
53.83 -0.02859460411
53.832 -0.02878347134
53.834 -0.02918928027
53.836 -0.02937817178
53.838 -0.02978400833
53.84 -0.02997357884
53.842 -0.03038066338
53.844 -0.03057056844
53.846 -0.03097728399
53.848 -0.03116691757
53.85 -0.03157350238
53.852 -0.03176310199
53.854 -0.03216962783
53.856 -0.03235916363
53.858 -0.03276555867
53.86 -0.03295494748
53.862 -0.03336118851
53.864 -0.03355041395
53.866 -0.03395647339
53.868 -0.03414545086
53.87 -0.03455124389
53.872 -0.03473993613
53.874 -0.03514545507
53.876 -0.03533388129
53.878 -0.03573910807
53.88 -0.03592722412
53.882 -0.0363321514
53.884 -0.03651996638
53.886 -0.03692462036
53.888 -0.03711218807
53.89 -0.0375165952
53.892 -0.03770393418
53.894 -0.03810813116
53.896 -0.03829531098
53.898 -0.0386994004
53.9 -0.03888646519
53.902 -0.03929045795
53.904 -0.03947751612
53.906 -0.03988154549
53.908 -0.0400686609
53.91 -0.04047277405
53.912 -0.04066003263
53.914 -0.04106435167
53.916 -0.04125183968
53.918 -0.04165707848
53.92 -0.04184584288
53.922 -0.04225203286
53.924 -0.04244152486
53.926 -0.04284828408
53.928 -0.04303834593
53.93 -0.04344564872
53.932 -0.0436362703
53.934 -0.04404415816
53.936 -0.04423536643
53.938 -0.04464383894
53.94 -0.0448356512
53.942 -0.04524471885
53.944 -0.04543714828
53.946 -0.04584663912
53.948 -0.04603938172
53.95 -0.04644930825
53.952 -0.04664256994
53.954 -0.04705307811
53.956 -0.04724689434
53.958 -0.047657959
53.96 -0.04785233506
53.962 -0.04826394728
53.964 -0.04845885334
53.966 -0.04887097099
53.968 -0.04906636631
53.97 -0.04947897403
53.972 -0.04967482897
53.974 -0.05008785632
53.976 -0.05028409722
53.978 -0.05069750629
53.98 -0.05089410571
53.982 -0.05130784025
53.984 -0.05150471612
53.986 -0.05191867868
53.988 -0.05211576599
53.99 -0.05252993659
53.992 -0.05272719468
53.994 -0.05314151374
53.996 -0.05333885676
53.998 -0.05375315302
54 -0.05395042509
54.002 -0.05436465512
54.004 -0.05456184257
54.006 -0.05497598793
54.008 -0.05517308211
54.01 -0.05558710626
54.012 -0.05578408536
54.014 -0.05619797914
54.016 -0.05639481487
54.018 -0.05680854206
54.02 -0.05700521408
54.022 -0.05741877761
54.024 -0.05761528093
54.026 -0.05802866469
54.028 -0.05822498092
54.03 -0.05863817388
54.032 -0.05883430074
54.034 -0.05924730144
54.036 -0.0594432311
54.038 -0.05985603581
54.04 -0.06005174715
54.042 -0.06046434198
54.044 -0.06065984307
54.046 -0.0610722294
54.048 -0.06126751507
54.05 -0.06167969591
54.052 -0.06187476909
54.054 -0.06228672683
54.056 -0.06248158893
54.058 -0.0628933354
54.06 -0.06308797782
54.062 -0.06349949167
54.064 -0.06369391931
54.066 -0.06410505948
54.068 -0.0642987916
54.07 -0.06470912208
54.072 -0.06490206127
54.074 -0.06531155941
54.076 -0.0655036563
54.078 -0.06591229754
54.08 -0.06610354322
54.082 -0.06651134436
54.084 -0.06670177872
54.086 -0.06710881604
54.088 -0.0672985127
54.09 -0.06770484552
54.092 -0.06789385553
54.094 -0.06829955491
54.096 -0.06848796011
54.098 -0.06889309883
54.1 -0.06908097883
54.102 -0.06948562261
54.104 -0.069673036
54.106 -0.0700772448
54.108 -0.07026425511
54.11 -0.07066807611
54.112 -0.07085473258
54.114 -0.07125821712
54.116 -0.07144454318
54.118 -0.07184772579
54.12 -0.07203376702
54.122 -0.07243666849
54.124 -0.07262243022
54.126 -0.07302504669
54.128 -0.07321055391
54.13 -0.07361291268
54.132 -0.07379817263
54.134 -0.07420029355
54.136 -0.07438529316
54.138 -0.07478717663
54.14 -0.07497194227
54.142 -0.07537360614
54.144 -0.07555814651
54.146 -0.07595958879
54.148 -0.07614391888
54.15 -0.0765451605
54.152 -0.0767292967
54.154 -0.07713034621
54.156 -0.07731428897
54.158 -0.07771516601
54.16 -0.077898959
54.162 -0.0782996749
54.164 -0.07848331017
54.166 -0.07888387754
54.168 -0.07906738346
54.17 -0.07946782417
54.172 -0.07965121142
54.174 -0.08005155143
54.176 -0.0802348474
54.178 -0.08063509026
54.18 -0.08081830637
54.182 -0.08121848746
54.184 -0.0814016414
54.186 -0.0818017556
54.188 -0.08198484723
54.19 -0.08238490928
54.192 -0.08256794606
54.194 -0.08296794973
54.196 -0.0831509372
54.198 -0.08355089651
54.2 -0.08373382846
54.202 -0.08413374436
54.204 -0.08431662163
54.206 -0.08471647042
54.208 -0.08489912839
54.21 -0.08529882114
54.212 -0.08548147686
54.214 -0.08588115616
54.216 -0.08606377872
54.218 -0.08646337801
54.22 -0.08664591165
54.222 -0.08704542326
54.224 -0.08722786277
54.226 -0.08762726576
54.228 -0.08780959821
54.23 -0.08820888233
54.232 -0.0883911
54.234 -0.08879026142
54.236 -0.08897236688
54.238 -0.08937140496
54.24 -0.08955339141
54.242 -0.08995230395
54.244 -0.09013399858
54.246 -0.09053267254
54.248 -0.0907142896
54.25 -0.09111287874
54.252 -0.09129440501
54.254 -0.09169288126
54.256 -0.09187429636
54.258 -0.09227265149
54.26 -0.09245395802
54.262 -0.09285221365
54.264 -0.09303342935
54.266 -0.09343159274
54.268 -0.09361256737
54.27 -0.09401056538
54.272 -0.09419155955
54.274 -0.09458957466
54.276 -0.0947705533
54.278 -0.09516853681
54.28 -0.09534950607
54.282 -0.09574747279
54.284 -0.0959284426
54.286 -0.09632642221
54.288 -0.09650726168
54.29 -0.09690516828
54.292 -0.0970861121
54.294 -0.09748412157
54.296 -0.09766515059
54.298 -0.09806321764
54.3 -0.09824432085
54.302 -0.09864246477
54.304 -0.09882364599
54.306 -0.09922187731
54.308 -0.09940299811
54.31 -0.09980123538
54.312 -0.09998293788
54.314 -0.1003819444
54.316 -0.1005637462
54.318 -0.1009625772
54.32 -0.1011443944
54.322 -0.1015436665
54.324 -0.1017259564
54.326 -0.1021251337
54.328 -0.1023076963
54.33 -0.1027075019
54.332 -0.10289002
54.334 -0.1032895263
54.336 -0.1034722242
54.338 -0.1038721694
54.34 -0.1040552724
54.342 -0.1044555706
54.344 -0.104638523
54.346 -0.105038857
54.348 -0.1052222523
54.35 -0.1056228149
54.352 -0.1058062542
54.354 -0.1062068958
54.356 -0.1063905544
54.358 -0.1067913894
54.36 -0.1069751973
54.362 -0.1073761217
54.364 -0.1075598505
54.366 -0.1079607456
54.368 -0.1081445966
54.37 -0.1085455736
54.372 -0.1087294748
54.374 -0.1091304797
54.376 -0.109314256
54.378 -0.1097151663
54.38 -0.1098990016
54.382 -0.1102999494
54.384 -0.1104842703
54.386 -0.1108854322
54.388 -0.1110693471
54.39 -0.1114707984
54.392 -0.11165494
54.394 -0.1120561338
54.396 -0.1122404945
54.398 -0.112641707
54.4 -0.112825781
54.402 -0.1132273488
54.404 -0.1134120228
54.406 -0.1138134417
54.408 -0.1139975168
54.41 -0.1143990787
54.412 -0.1145837494
54.414 -0.1149851573
54.416 -0.1151691934
54.418 -0.1155706826
54.42 -0.1157552562
54.422 -0.1161570437
54.424 -0.1163418528
54.426 -0.1167432976
54.428 -0.1169273331
54.43 -0.1173287634
54.432 -0.1175132194
54.434 -0.1179148462
54.436 -0.1180992945
54.438 -0.1185009102
54.44 -0.1186854761
54.442 -0.1190871603
54.444 -0.1192715999
54.446 -0.1196731695
54.448 -0.1198576242
54.45 -0.1202591688
54.452 -0.1204434078
54.454 -0.1208447321
54.456 -0.1210289046
54.458 -0.1214301254
54.46 -0.1216140225
54.462 -0.1220149574
54.464 -0.1221987198
54.466 -0.1225995009
54.468 -0.1227830668
54.47 -0.1231835981
54.472 -0.1233667695
54.474 -0.1237669562
54.476 -0.1239499172
54.478 -0.1243498617
54.48 -0.1245324153
54.482 -0.1249319755
54.484 -0.125114294
54.486 -0.1255136156
54.488 -0.1256955179
54.49 -0.1260944253
54.492 -0.1262760727
54.494 -0.126674713
54.496 -0.1268559212
54.498 -0.1272541604
54.5 -0.1274351325
54.502 -0.1278330889
54.504 -0.1280136153
54.506 -0.128411163
54.508 -0.1285914476
54.51 -0.128988739
54.512 -0.1291686059
54.514 -0.1295654921
54.516 -0.1297451228
54.518 -0.1301417596
54.52 -0.1303209795
54.522 -0.1307172441
54.524 -0.1308962551
54.526 -0.1312922833
54.528 -0.1314710388
54.53 -0.1318667825
54.532 -0.1320451153
54.534 -0.1324405067
54.536 -0.1326186489
54.538 -0.1330138209
54.54 -0.1331915816
54.542 -0.1335863951
54.544 -0.1337639901
54.546 -0.1341586276
54.548 -0.1343358635
54.55 -0.1347301649
54.552 -0.1349072427
54.554 -0.1353013704
54.556 -0.1354781115
54.558 -0.1358719218
54.56 -0.1360485084
54.562 -0.1364421532
54.564 -0.1366184091
54.566 -0.1370117577
54.568 -0.1371878978
54.57 -0.1375811034
54.572 -0.1377569182
54.574 -0.1381498496
54.576 -0.1383255728
54.578 -0.1387183713
54.58 -0.1388939456
54.582 -0.1392865735
54.584 -0.1394618486
54.586 -0.1398539076
54.588 -0.1400290406
54.59 -0.1404212041
54.592 -0.140595854
54.594 -0.1409878471
54.596 -0.141162655
54.598 -0.1415543911
54.6 -0.1417289911
54.602 -0.1421204255
54.604 -0.1422950798
54.606 -0.1426864423
54.608 -0.1428609172
54.61 -0.1432521127
54.612 -0.1434266117
54.614 -0.1438178115
54.616 -0.1439921407
54.618 -0.144383185
54.62 -0.1445575343
54.622 -0.1449486014
54.624 -0.1451224749
54.626 -0.1455136619
54.628 -0.1456875136
54.63 -0.1460785733
54.632 -0.1462521658
54.634 -0.1466433507
54.636 -0.1468171055
54.638 -0.1472081399
54.64 -0.1473817018
54.642 -0.1477725429
54.644 -0.1479462306
54.646 -0.1483371406
54.648 -0.1485107645
54.65 -0.1489016016
54.652 -0.1490752057
54.654 -0.1494660637
54.656 -0.1496398279
54.658 -0.1500308017
54.66 -0.1502045343
54.662 -0.1505954947
54.664 -0.1507693843
54.666 -0.1511604742
54.668 -0.1513343276
54.67 -0.1517254235
54.672 -0.1518992973
54.674 -0.1522904567
54.676 -0.1524645566
54.678 -0.1528558877
54.68 -0.1530299847
54.682 -0.1534213583
54.684 -0.1535955979
54.686 -0.153987112
54.688 -0.1541614011
54.69 -0.1545530036
54.692 -0.1547275504
54.694 -0.1551193776
54.696 -0.1552939926
54.698 -0.1556858978
54.7 -0.1558606127
54.702 -0.1562526602
54.704 -0.1564276752
54.706 -0.1568199843
54.708 -0.1569950898
54.71 -0.1573875166
54.712 -0.1575627706
54.714 -0.1579553662
54.716 -0.1581309282
54.718 -0.1585238099
54.72 -0.1586994927
54.722 -0.1590925069
54.724 -0.1592683547
54.726 -0.1596615627
54.728 -0.159837583
54.73 -0.1602309734
54.732 -0.1604073354
54.734 -0.1608010204
54.736 -0.1609775109
54.738 -0.1613713675
54.74 -0.1615480748
54.742 -0.1619421711
54.744 -0.1621190843
54.746 -0.1625134078
54.748 -0.1626906959
54.75 -0.1630853287
54.752 -0.1632627665
54.754 -0.1636575621
54.756 -0.1638351813
54.758 -0.1642301868
54.76 -0.1644080151
54.762 -0.1648032509
54.764 -0.1649814541
54.766 -0.1653770129
54.768 -0.165555385
54.77 -0.1659511079
54.772 -0.1661296657
54.774 -0.1665256026
54.776 -0.1667043565
54.778 -0.1671005006
54.78 -0.167279615
54.782 -0.1676760724
54.784 -0.1678553261
54.786 -0.1682519235
54.788 -0.1684313186
54.79 -0.1688281167
54.792 -0.1690077088
54.794 -0.1694047081
54.796 -0.1695846392
54.798 -0.1699819119
54.8 -0.1701619587
54.802 -0.1705593605
54.804 -0.1707395464
54.806 -0.1711371377
54.808 -0.1713174926
54.81 -0.1717152473
54.812 -0.1718957726
54.814 -0.1722937053
54.816 -0.1724745504
54.818 -0.1728727409
54.82 -0.1730536835
54.822 -0.1734519758
54.824 -0.173633039
54.826 -0.1740314655
54.828 -0.1742126774
54.83 -0.1746112568
54.832 -0.174792608
54.834 -0.1751913233
54.836 -0.1753729573
54.838 -0.1757718987
54.84 -0.1759535896
54.842 -0.176352605
54.844 -0.1765343651
54.846 -0.1769334753
54.848 -0.1771153349
54.85 -0.1775145619
54.852 -0.1776965339
54.854 -0.1780958767
54.856 -0.1782781125
54.858 -0.1786776483
54.86 -0.1788599137
54.862 -0.1792594924
54.864 -0.1794418093
54.866 -0.1798414813
54.868 -0.1800238699
54.87 -0.1804236162
54.872 -0.1806060876
54.874 -0.181005909
54.876 -0.1811884622
54.878 -0.181588342
54.88 -0.1817710767
54.882 -0.1821711039
54.884 -0.1823537999
54.886 -0.1827537912
54.888 -0.1829364767
54.89 -0.1833364637
54.892 -0.1835191334
54.894 -0.1839191265
54.896 -0.1841017869
54.898 -0.1845017657
54.9 -0.1846844221
54.902 -0.1850843875
54.904 -0.1852670243
54.906 -0.1856669805
54.908 -0.185849725
54.91 -0.1862497298
54.912 -0.1864323876
54.914 -0.1868323057
54.916 -0.1870148777
54.918 -0.1874147685
54.92 -0.1875972834
54.922 -0.1879971157
54.924 -0.1881795736
54.926 -0.1885793845
54.928 -0.1887618
54.93 -0.1891615364
54.932 -0.1893439205
54.934 -0.1897436189
54.936 -0.1899259525
54.938 -0.1903256088
54.94 -0.1905078915
54.942 -0.1909074988
54.944 -0.1910897428
54.946 -0.1914893237
54.948 -0.1916715277
54.95 -0.1920710692
54.952 -0.1922532471
54.954 -0.1926527603
54.956 -0.1928349053
54.958 -0.1932344355
54.96 -0.1934166354
54.962 -0.1938162498
54.964 -0.1939985345
54.966 -0.1943982291
54.968 -0.1945806137
54.97 -0.1949804484
54.972 -0.1951629611
54.974 -0.1955629171
54.976 -0.1957455825
54.978 -0.1961457036
54.98 -0.1963285077
54.982 -0.1967287519
54.984 -0.1969116971
54.986 -0.1973120949
54.988 -0.1974951544
54.99 -0.1978956617
54.992 -0.1980788452
54.994 -0.1984794764
54.996 -0.198662764
54.998 -0.1990634863
55 -0.1992468709
55.002 -0.199647704
55.004 -0.1998311953
55.006 -0.200232095
55.008 -0.2004156416
55.01 -0.200816632
55.012 -0.2010002716
55.014 -0.2014013169
55.016 -0.2015850143
55.018 -0.2019861242
55.02 -0.2021698685
55.022 -0.2025710463
55.024 -0.2027548274
55.026 -0.2031560434
55.028 -0.2033398756
55.03 -0.2037411086
55.032 -0.2039249537
55.034 -0.204326201
55.036 -0.2045100654
55.038 -0.2049113308
55.04 -0.2050952008
55.042 -0.2054964637
55.044 -0.205680349
55.046 -0.20608164
55.048 -0.2062655411
55.05 -0.206666833
55.052 -0.2068507096
55.054 -0.2072520082
55.056 -0.2074359115
55.058 -0.2078372355
55.06 -0.2080211596
55.062 -0.2084224725
55.064 -0.2086063843
55.066 -0.2090077292
55.068 -0.2091916824
55.07 -0.2095930509
55.072 -0.2097769937
55.074 -0.2101783744
55.076 -0.2103623583
55.078 -0.2107637811
55.08 -0.2109478028
55.082 -0.2113492405
55.084 -0.2115332821
55.086 -0.2119347669
55.088 -0.2121188725
55.09 -0.2125204018
55.092 -0.2127045291
55.094 -0.2131061063
55.096 -0.2132902983
55.098 -0.2136918932
55.1 -0.2138760559
55.102 -0.2142775529
55.104 -0.2144615437
55.106 -0.2148628528
55.108 -0.2150466099
55.11 -0.2154476545
55.112 -0.2156311015
55.114 -0.21603177
55.116 -0.2162147976
55.118 -0.2166150703
55.12 -0.2167976897
55.122 -0.2171975255
55.124 -0.2173796765
55.126 -0.2177790413
55.128 -0.2179607548
55.13 -0.2183596818
55.132 -0.2185409727
55.134 -0.2189394747
55.136 -0.2191203357
55.138 -0.2195184605
55.14 -0.21969899
55.142 -0.2200968036
55.144 -0.2202770405
55.146 -0.2206745804
55.148 -0.2208545692
55.15 -0.221251939
55.152 -0.2214318124
55.154 -0.2218290812
55.156 -0.2220088949
55.158 -0.2224061121
55.16 -0.2225859045
55.162 -0.2229831849
55.164 -0.2231630718
55.166 -0.2235604766
55.168 -0.2237405001
55.17 -0.2241380533
55.172 -0.2243182785
55.174 -0.2247160755
55.176 -0.2248965725
55.178 -0.2252946391
55.18 -0.2254754212
55.182 -0.2258737956
55.184 -0.2260548907
55.186 -0.2264536244
55.188 -0.2266350842
55.19 -0.2270341675
55.192 -0.2272159889
55.194 -0.2276152817
55.196 -0.2277971056
55.198 -0.2281964299
55.2 -0.2283783858
55.202 -0.2287778744
55.204 -0.228960007
55.206 -0.2293596985
55.208 -0.2295420417
55.21 -0.2299419765
55.212 -0.230124571
55.214 -0.2305247424
55.216 -0.2307075863
55.218 -0.2311080013
55.22 -0.2312910823
55.222 -0.231691742
55.224 -0.2318750521
55.226 -0.2322759152
55.228 -0.2324594408
55.23 -0.2328605336
55.232 -0.2330442805
55.234 -0.233445579
55.236 -0.2336295012
55.238 -0.234030983
55.24 -0.2342150694
55.242 -0.2346167258
55.244 -0.2348009847
55.246 -0.2352027828
55.248 -0.2353871884
55.25 -0.2357891453
55.252 -0.235973691
55.254 -0.2363757805
55.256 -0.2365604687
55.258 -0.2369626842
55.26 -0.2371474768
55.262 -0.2375497922
55.264 -0.2377347096
55.266 -0.2381371562
55.268 -0.2383221935
55.27 -0.2387247347
55.272 -0.2389098404
55.274 -0.239312467
55.276 -0.2394976677
55.278 -0.239900397
55.28 -0.2400856743
55.282 -0.2404884812
55.284 -0.2406738426
55.286 -0.2410767046
55.288 -0.2412621188
55.29 -0.2416650657
55.292 -0.2418505551
55.294 -0.2422535593
55.296 -0.2424390907
55.298 -0.2428421182
55.3 -0.2430210928
55.302 -0.2434233906
55.304 -0.2436063168
55.306 -0.244011055
55.308 -0.244196118
55.31 -0.2446007973
55.312 -0.2447866551
55.314 -0.2451912335
55.316 -0.2453774344
55.318 -0.2457819241
55.32 -0.2459617203
55.322 -0.2463653164
55.324 -0.2465490872
55.326 -0.2469550475
55.328 -0.2471409912
55.33 -0.2475468294
55.332 -0.2477338144
55.334 -0.2481332097
55.336 -0.2483199141
55.338 -0.2487231286
55.34 -0.2489123727
55.342 -0.2493175126
55.344 -0.2495066852
55.346 -0.249912348
55.348 -0.2500946097
55.35 -0.2504994864
55.352 -0.250685318
55.354 -0.2510923893
55.356 -0.2512798848
55.358 -0.2516865467
55.36 -0.2518677483
55.362 -0.2522730628
55.364 -0.2524580054
55.366 -0.2528651444
55.368 -0.2530518097
55.37 -0.2534517004
55.372 -0.2536379281
55.374 -0.2540410017
55.376 -0.2542294587
55.378 -0.2546339746
55.38 -0.2548154215
55.382 -0.2552193106
55.384 -0.2554041925
55.386 -0.2558102773
55.388 -0.2559967414
55.39 -0.2563957861
55.392 -0.2565818303
55.394 -0.2569843507
55.396 -0.2571727528
55.398 -0.2575769834
55.4 -0.257758509
55.402 -0.2581623838
55.404 -0.2583475774
55.406 -0.2587539677
55.408 -0.2589343904
55.41 -0.2593398921
55.412 -0.2595248768
55.414 -0.2599326683
55.416 -0.2601133657
55.418 -0.2605323143
55.42 -0.2607414384
55.422 -0.2611821439
55.424 -0.2613980106
55.426 -0.2618412673
55.428 -0.262061256
55.43 -0.2625024562
55.432 -0.2627122479
55.434 -0.2631450746
55.436 -0.2633514116
55.438 -0.263769713
55.44 -0.2639661878
55.442 -0.2643753528
55.444 -0.2645621621
55.446 -0.2649535654
55.448 -0.2651277355
55.45 -0.2655123648
55.452 -0.2656723239
55.454 -0.2660495995
55.456 -0.2662060133
55.458 -0.2665804292
55.46 -0.2667273948
55.462 -0.267097792
55.464 -0.2672471541
55.466 -0.2676121609
55.468 -0.2677630081
55.47 -0.2681327505
55.472 -0.2682819319
55.474 -0.268655253
55.476 -0.268811745
55.478 -0.2691849362
55.48 -0.269346651
55.482 -0.2697280817
55.484 -0.2698906416
55.486 -0.2702777674
55.488 -0.2704489657
55.49 -0.2708369025
55.492 -0.271013716
55.494 -0.271409965
55.496 -0.2715872695
55.498 -0.2719886638
55.5 -0.2721738241
55.502 -0.2725751352
55.504 -0.2727648893
55.506 -0.2731667381
55.508 -0.2733618281
55.51 -0.2737726252
55.512 -0.27396639
55.514 -0.2743818872
55.516 -0.2745820695
55.518 -0.2749967985
55.52 -0.2752005252
55.522 -0.2756152712
55.524 -0.2758236838
55.526 -0.276247074
55.528 -0.2764537688
55.53 -0.2768818027
55.532 -0.2770881197
55.534 -0.277521492
55.536 -0.2777363688
55.538 -0.2781685349
55.54 -0.2783880788
55.542 -0.2788202912
55.544 -0.279045232
55.546 -0.2794862509
55.548 -0.2797099286
55.55 -0.2801557144
55.552 -0.280379302
55.554 -0.280830393
55.556 -0.2810557212
55.558 -0.2815112538
55.56 -0.2817456883
55.562 -0.2821990526
55.564 -0.282437851
55.566 -0.2828901169
55.568 -0.2831335062
55.57 -0.2835864223
55.572 -0.2838332534
55.574 -0.2842872527
55.576 -0.2845367283
55.578 -0.2849986411
55.58 -0.2852441889
55.582 -0.2857089841
55.584 -0.2859516007
55.586 -0.2864193525
55.588 -0.2866608315
55.59 -0.2871303795
55.592 -0.2873712441
55.594 -0.2878418647
55.596 -0.288082752
55.598 -0.2885547539
55.6 -0.2887956668
55.602 -0.2892683335
55.604 -0.2895084929
55.606 -0.2899811167
55.608 -0.2902211448
55.61 -0.2906937802
55.612 -0.2909333385
55.614 -0.2914057252
55.616 -0.2916446607
55.618 -0.2921160525
55.62 -0.292354015
55.622 -0.2928251053
55.624 -0.2930623797
55.626 -0.2935328661
55.628 -0.2937693753
55.63 -0.2942391747
55.632 -0.2944748962
55.634 -0.2949439538
55.636 -0.2951788495
55.638 -0.2956471454
55.64 -0.2958812073
55.642 -0.2963487093
55.644 -0.2965819339
55.646 -0.2970491414
55.648 -0.2972817316
55.65 -0.2977478313
55.652 -0.297979986
55.654 -0.2984453954
55.656 -0.2986763378
55.658 -0.2991412546
55.66 -0.299371893
55.662 -0.29983624
55.664 -0.3000656946
55.666 -0.30052859
55.668 -0.3007572798
55.67 -0.3012196326
55.672 -0.301447481
55.674 -0.3019089259
55.676 -0.3021357577
55.678 -0.3025961266
55.68 -0.3028217869
55.682 -0.3032740567
55.684 -0.303504502
55.686 -0.3039534161
55.688 -0.3041869096
55.69 -0.3046319986
55.692 -0.3048661521
55.694 -0.3053081934
55.696 -0.3055419164
55.698 -0.3059812333
55.7 -0.3062070694
55.702 -0.3066499457
55.704 -0.3068724054
55.706 -0.3073172731
55.708 -0.3075356284
55.71 -0.3079732607
55.712 -0.3081942993
55.714 -0.3086286361
55.716 -0.308851063
55.718 -0.3092813074
55.72 -0.3095030414
55.722 -0.3099298261
55.724 -0.3101430921
55.726 -0.3105728177
55.728 -0.3107820952
55.73 -0.3112133001
55.732 -0.3114180118
55.734 -0.3118416396
55.736 -0.3120487054
55.738 -0.3124687598
55.74 -0.312670048
55.742 -0.3130919191
55.744 -0.3132902572
55.746 -0.3137130127
55.748 -0.3139072724
55.75 -0.3143220471
55.752 -0.3145189187
55.754 -0.3149299059
55.756 -0.3151211776
55.758 -0.315533834
55.76 -0.3157223102
55.762 -0.3161358255
55.764 -0.3163203733
55.766 -0.3167258974
55.768 -0.316913188
55.77 -0.3173149499
55.772 -0.3174967722
55.774 -0.3179003063
55.776 -0.3180794828
55.778 -0.3184770274
55.78 -0.3186585933
55.782 -0.3190532059
55.784 -0.3192291372
55.786 -0.3196259549
55.788 -0.3197992376
55.79 -0.3201905304
55.792 -0.3203666741
55.794 -0.3207556932
55.796 -0.3209266307
55.798 -0.3213183772
55.8 -0.3214870529
55.802 -0.3218735499
55.804 -0.3220450026
55.806 -0.3224291516
55.808 -0.3225953769
55.81 -0.3229823343
55.812 -0.3231463495
55.814 -0.3235281622
55.816 -0.3236951074
55.818 -0.3240747916
55.82 -0.324236714
55.822 -0.3246124602
55.824 -0.324778551
55.826 -0.3251543093
55.828 -0.3253149783
55.83 -0.3256947438
55.832 -0.3258533009
55.834 -0.3262286941
55.836 -0.3263834682
55.838 -0.3267635732
55.84 -0.3269186096
55.842 -0.3272937481
55.844 -0.3274530971
55.846 -0.3278265524
55.848 -0.3279818438
55.85 -0.3283519605
55.852 -0.3285123591
55.854 -0.3288832141
55.856 -0.3290390404
55.858 -0.3294076605
55.86 -0.3295684276
55.862 -0.3299383963
55.864 -0.3300945865
55.866 -0.3304627622
55.868 -0.3306239779
55.87 -0.3309938559
55.872 -0.3311506319
55.874 -0.3315190324
55.876 -0.3316810044
55.878 -0.3320514041
55.88 -0.332209095
55.882 -0.3325782745
55.884 -0.3327413662
55.886 -0.3331128039
55.888 -0.3332718033
55.89 -0.333642244
55.892 -0.3338068124
55.894 -0.3341797026
55.896 -0.334340344
55.898 -0.334712427
55.9 -0.3348717888
55.902 -0.3352527721
55.904 -0.3354133574
55.906 -0.3357920715
55.908 -0.3359511898
55.91 -0.3363295924
55.912 -0.3364972413
55.914 -0.3368775224
55.916 -0.3370426578
55.918 -0.337421918
55.92 -0.3375865798
55.922 -0.3379747086
55.924 -0.3381411591
55.926 -0.3385270431
55.928 -0.3386924352
55.93 -0.339078062
55.932 -0.3392452511
55.934 -0.3396390688
55.936 -0.3398089668
55.938 -0.3402001637
55.94 -0.3403694274
55.942 -0.3407601239
55.944 -0.3409313767
55.946 -0.341330074
55.948 -0.3415041195
55.95 -0.3419000229
55.952 -0.3420734454
55.954 -0.3424686915
55.956 -0.3426440803
55.958 -0.343047199
55.96 -0.343225301
55.962 -0.3436254372
55.964 -0.3438027946
55.966 -0.344202071
55.968 -0.3443812126
55.97 -0.3447810361
55.972 -0.3449616795
55.974 -0.3453692859
55.976 -0.3455521042
55.978 -0.3459564517
55.98 -0.3461380896
55.982 -0.3465412708
55.984 -0.3467243225
55.986 -0.3471277168
55.988 -0.3473120937
55.99 -0.3477161127
55.992 -0.3479087761
55.994 -0.348314287
55.996 -0.3485036836
55.998 -0.3489072703
56 -0.3490952589
56.002 -0.3494995331
56.004 -0.3496873727
56.006 -0.3500922918
56.008 -0.350280326
56.01 -0.350685757
56.012 -0.3508740035
56.014 -0.3512797656
56.016 -0.3514753061
56.018 -0.3518820538
56.02 -0.3520733363
56.022 -0.3524775056
56.024 -0.3526664014
56.026 -0.3530705259
56.028 -0.3532583496
56.03 -0.3536623688
56.032 -0.3538494873
56.034 -0.354253235
56.036 -0.354439698
56.038 -0.3548430128
56.04 -0.355028751
56.042 -0.3554314698
56.044 -0.3556163926
56.046 -0.3560183504
56.048 -0.3562023345
56.05 -0.3566033833
56.052 -0.3567863177
56.054 -0.3571863061
56.056 -0.3573680562
56.058 -0.3577668686
56.06 -0.3579473518
56.062 -0.358344892
56.064 -0.3585240179
56.066 -0.3589201771
56.068 -0.3590978538
56.07 -0.3594925359
56.072 -0.3596686868
56.074 -0.3600618102
56.076 -0.3602363597
56.078 -0.360627867
56.08 -0.3608007544
56.082 -0.3611905768
56.084 -0.3613617592
56.086 -0.3617498626
56.088 -0.361919296
56.09 -0.3623056441
56.092 -0.3624733172
56.094 -0.3628579024
56.096 -0.3630237816
56.098 -0.3634065871
56.1 -0.3635707009
56.102 -0.3639517486
56.104 -0.3641141025
56.106 -0.3644934145
56.108 -0.3646540342
56.11 -0.3650316283
56.112 -0.3651905451
56.114 -0.3655664651
56.116 -0.3657237282
56.118 -0.3660980175
56.12 -0.3662536634
56.122 -0.3666263771
56.124 -0.36678049
56.126 -0.3671517254
56.128 -0.3673043927
56.13 -0.3676742047
56.132 -0.3678254956
56.134 -0.3681939701
56.136 -0.3683439675
56.138 -0.3687112063
56.14 -0.3688600179
56.142 -0.3692261121
56.144 -0.3693738266
56.146 -0.3697388638
56.148 -0.3698855722
56.15 -0.3702496778
56.152 -0.3703955149
56.154 -0.3707587965
56.156 -0.3709038441
56.158 -0.3712664033
56.16 -0.3714108042
56.162 -0.3717727681
56.164 -0.3719163646
56.166 -0.3722776943
56.168 -0.3724209619
56.17 -0.3727820047
56.172 -0.3729250373
56.174 -0.3732856568
56.176 -0.3734280089
56.178 -0.3737878801
56.18 -0.3739295551
56.182 -0.3742887744
56.184 -0.374429835
56.186 -0.3747884898
56.188 -0.3749290472
56.19 -0.3752872713
56.192 -0.3754274853
56.194 -0.3757854496
56.196 -0.3759254849
56.198 -0.3762831103
56.2 -0.3764230093
56.202 -0.376780816
56.204 -0.3769209517
56.206 -0.3772790818
56.208 -0.3774195711
56.21 -0.3777781534
56.212 -0.3779191559
56.214 -0.3782783113
56.216 -0.3784199397
56.218 -0.3787798027
56.22 -0.3789221796
56.222 -0.3792825952
56.224 -0.3794256702
56.226 -0.379787079
56.228 -0.3799311463
56.23 -0.3802935621
56.232 -0.3804386216
56.234 -0.3808020899
56.236 -0.3809482174
56.238 -0.381312761
56.24 -0.3814599757
56.242 -0.381825408
56.244 -0.3819736203
56.246 -0.3823402887
56.248 -0.3824897369
56.25 -0.3828576375
56.252 -0.3830082646
56.254 -0.3833773693
56.256 -0.383529208
56.258 -0.3838992866
56.26 -0.3840521905
56.262 -0.3844235845
56.264 -0.3845777946
56.266 -0.3849504905
56.268 -0.3851059589
56.27 -0.3854799196
56.272 -0.3856366334
56.274 -0.3860116
56.276 -0.3861694233
56.278 -0.3865457462
56.28 -0.3867048885
56.282 -0.3870825267
56.284 -0.3872429162
56.286 -0.3876218069
56.288 -0.3877831736
56.29 -0.3881631281
56.292 -0.3883257767
56.294 -0.3887069952
56.296 -0.3888708762
56.298 -0.3892532495
56.3 -0.3894180651
56.302 -0.3898014558
56.304 -0.389967487
56.306 -0.3903520424
56.308 -0.3905192164
56.31 -0.3909048324
56.312 -0.3910728245
56.314 -0.3914593247
56.316 -0.3916283963
56.318 -0.392015936
56.32 -0.3921860151
56.322 -0.3925744856
56.324 -0.3927452396
56.326 -0.3931344481
56.328 -0.393306142
56.33 -0.393696248
56.332 -0.3938687934
56.334 -0.3942594267
56.336 -0.3944326004
56.338 -0.3948240616
56.34 -0.3949980105
56.342 -0.3953902095
56.344 -0.3955645719
56.346 -0.3959572918
56.348 -0.3961323613
56.35 -0.3965257386
56.352 -0.3967014454
56.354 -0.3970951521
56.356 -0.3972712804
56.358 -0.3976656117
56.36 -0.3978423325
56.362 -0.3982372167
56.364 -0.3984141829
56.366 -0.3988094138
56.368 -0.3989869258
56.37 -0.3993826613
56.372 -0.3995603942
56.374 -0.3999563796
56.376 -0.4001346069
56.378 -0.4005310372
56.38 -0.4007094476
56.382 -0.4011060888
56.384 -0.4012849299
56.386 -0.4016819515
56.388 -0.4018611567
56.39 -0.4022582246
56.392 -0.4024375934
56.394 -0.4028350255
56.396 -0.4030147175
56.398 -0.4034122128
56.4 -0.4035919913
56.402 -0.403989806
56.404 -0.4041698579
56.406 -0.4045676714
56.408 -0.4047477301
56.41 -0.4051457966
56.412 -0.4053260574
56.414 -0.4057240491
56.416 -0.4059042637
56.418 -0.4063024435
56.42 -0.4064827773
56.422 -0.4068808162
56.424 -0.407061033
56.426 -0.4074591693
56.428 -0.4076394214
56.43 -0.4080373253
56.432 -0.4082173671
56.434 -0.408615308
56.436 -0.4087950807
56.438 -0.4091928162
56.44 -0.4093725343
56.442 -0.4097701958
56.444 -0.4099495313
56.446 -0.4103468523
56.448 -0.4105260807
56.45 -0.4109232321
56.452 -0.4111020136
56.454 -0.4114987508
56.456 -0.4116773388
56.458 -0.412073577
56.46 -0.4122517625
56.462 -0.4126477494
56.464 -0.4128256477
56.466 -0.4132210802
56.468 -0.4133984554
56.47 -0.4137935859
56.472 -0.4139703715
56.474 -0.4143650107
56.476 -0.414541449
56.478 -0.4149354682
56.48 -0.4151113752
56.482 -0.4155050293
56.484 -0.4156805422
56.486 -0.4160735407
56.488 -0.4162484432
56.49 -0.4166410665
56.492 -0.4168153041
56.494 -0.417207369
56.496 -0.4173812175
56.498 -0.4177726312
56.5 -0.4179458994
56.502 -0.4183369364
56.504 -0.4185095789
56.506 -0.4189000598
56.508 -0.419072327
56.51 -0.4194624479
56.512 -0.4196340848
56.514 -0.4200236211
56.516 -0.4201949343
56.518 -0.420583873
56.52 -0.420754693
56.522 -0.4211433315
56.524 -0.4213136067
56.526 -0.4217018026
56.528 -0.4218718475
56.53 -0.4222595497
56.532 -0.4224291938
56.534 -0.4228167059
56.536 -0.4229859315
56.538 -0.4233731142
56.54 -0.4235422131
56.542 -0.4239290345
56.544 -0.4240978681
56.546 -0.4244846695
56.548 -0.4246532288
56.55 -0.4250398417
56.552 -0.4252084333
56.554 -0.4255948343
56.556 -0.4257633311
56.558 -0.4261498435
56.56 -0.4263181845
56.562 -0.4267046558
56.564 -0.4268731651
56.566 -0.4272595596
56.568 -0.4274281101
56.57 -0.4278147737
56.572 -0.4279833647
56.574 -0.4283701668
56.576 -0.4285390907
56.578 -0.4289260061
56.58 -0.4290951622
56.582 -0.4294825357
56.584 -0.4296518997
56.586 -0.4300395996
56.588 -0.4302095009
56.59 -0.4305974915
56.592 -0.430767801
56.594 -0.4311561683
56.596 -0.4313269861
56.598 -0.4317160941
56.6 -0.4318873407
56.602 -0.4322770221
56.604 -0.4324490447
56.606 -0.4328392676
56.608 -0.4330119367
56.61 -0.4334030071
56.612 -0.4335762723
56.614 -0.4339680486
56.616 -0.4341422373
56.618 -0.4345346919
56.62 -0.4347096522
56.622 -0.4351028395
56.624 -0.4352786271
56.626 -0.4356728933
56.628 -0.4358494442
56.63 -0.4362445904
56.632 -0.4364222086
56.634 -0.4368181774
56.636 -0.4369966885
56.638 -0.4373934998
56.64 -0.4375729593
56.642 -0.4379709428
56.644 -0.438151245
56.646 -0.4385501892
56.648 -0.4387316175
56.65 -0.4391314176
56.652 -0.439313792
56.654 -0.4397144879
56.656 -0.4398978434
56.658 -0.4402997208
56.66 -0.4404839111
56.662 -0.4408867411
56.664 -0.4410718035
56.666 -0.441475611
56.668 -0.4416618339
56.67 -0.4420664398
56.672 -0.4422535407
56.674 -0.4426592015
56.676 -0.4428470844
56.678 -0.4432535923
56.68 -0.4434422305
56.682 -0.4438495646
56.684 -0.44403923
56.686 -0.4444472245
56.688 -0.4446376538
56.69 -0.4450463125
56.692 -0.4452374741
56.694 -0.4456470614
56.696 -0.4458387976
56.698 -0.4462490637
56.7 -0.4464413579
56.702 -0.4468522487
56.704 -0.4470453567
56.706 -0.4474567013
56.708 -0.4476503494
56.71 -0.4480621171
56.712 -0.4482562594
56.714 -0.448668449
56.716 -0.4488630071
56.718 -0.4492758327
56.72 -0.4494706378
56.722 -0.4498837904
56.724 -0.450078794
56.726 -0.4504922181
56.728 -0.4506876554
56.73 -0.4511011387
56.732 -0.4512967119
56.734 -0.451710201
56.736 -0.4519058346
56.738 -0.4523193014
56.74 -0.4525148958
56.742 -0.4529285408
56.744 -0.4531239101
56.746 -0.4535374012
56.748 -0.4537324815
56.75 -0.4541457497
56.752 -0.4543405264
56.754 -0.4547534707
56.756 -0.4549481341
56.758 -0.4553605565
56.76 -0.4555547593
56.762 -0.4559666018
56.764 -0.4561602872
56.766 -0.4565715291
56.768 -0.4567645936
56.77 -0.4571751784
56.772 -0.4573675489
56.774 -0.4577776572
56.776 -0.4579691395
56.778 -0.4583784462
56.78 -0.4585689947
56.782 -0.4589774347
56.784 -0.4591670268
56.786 -0.4595745089
56.788 -0.4597630954
56.79 -0.4601695424
56.792 -0.4603570528
56.794 -0.4607624004
56.796 -0.4609490394
56.798 -0.4613531107
56.8 -0.4615385677
56.802 -0.4619413287
56.804 -0.4621255489
56.806 -0.4625269958
56.808 -0.4627098959
56.81 -0.4631099894
56.812 -0.4632915282
56.814 -0.4636902207
56.816 -0.4638703294
56.818 -0.4642675761
56.82 -0.4644462136
56.822 -0.4648419794
56.824 -0.4650191173
56.826 -0.4654133572
56.828 -0.465588932
56.83 -0.4659815985
56.832 -0.4661555974
56.834 -0.4665466708
56.836 -0.4667190571
56.838 -0.4671084937
56.84 -0.4672792298
56.842 -0.4676670096
56.844 -0.4678360958
56.846 -0.4682222211
56.848 -0.4683896229
56.85 -0.4687740531
56.852 -0.4689397621
56.854 -0.4693224901
56.856 -0.4694864818
56.858 -0.469867505
56.86 -0.4700297893
56.862 -0.47040911
56.864 -0.4705696891
56.866 -0.4709473033
56.868 -0.4711061612
56.87 -0.4714820644
56.872 -0.4716392178
56.874 -0.4720134204
56.876 -0.4721688749
56.878 -0.4725413908
56.88 -0.4726951706
56.882 -0.4730660205
56.884 -0.4732181249
56.886 -0.4735873087
56.888 -0.4737377582
56.89 -0.474105297
56.892 -0.4742541241
56.894 -0.474620059
56.896 -0.4747672848
56.898 -0.4751316324
56.9 -0.4752772759
56.902 -0.4756400541
56.904 -0.4757841382
56.906 -0.4761453563
56.908 -0.4762879076
56.91 -0.4766476269
56.912 -0.4767886994
56.914 -0.477146961
56.916 -0.477286598
56.918 -0.4776434298
56.92 -0.4777816578
56.922 -0.4781370972
56.924 -0.478273953
56.926 -0.4786280441
56.928 -0.4787635709
56.93 -0.4791163464
56.932 -0.479250593
56.934 -0.4796020963
56.936 -0.4797350732
56.938 -0.4800853503
56.94 -0.4802171308
56.942 -0.4805662195
56.944 -0.4806968338
56.946 -0.4810448024
56.948 -0.4811743104
56.95 -0.4815211928
56.952 -0.481649653
56.954 -0.4819955066
56.956 -0.4821229495
56.958 -0.4824678048
56.96 -0.4825942572
56.962 -0.4829381362
56.964 -0.4830636714
56.966 -0.4834066664
56.968 -0.4835313278
56.97 -0.4838734737
56.972 -0.4839973112
56.974 -0.4843386542
56.976 -0.4844617047
56.978 -0.4848022994
56.98 -0.4849246165
56.982 -0.485264491
56.984 -0.4853861061
56.986 -0.4857252877
56.988 -0.485846252
56.99 -0.4861848138
56.992 -0.4863051621
56.994 -0.4866431412
56.996 -0.4867629304
56.998 -0.487100377
57 -0.4872196477
57.002 -0.4875565886
57.004 -0.4876753655
57.006 -0.48801183
57.008 -0.4881301224
57.01 -0.4884661344
57.012 -0.4885840112
57.014 -0.4889196301
57.016 -0.4890371263
57.018 -0.4893723687
57.02 -0.4894895055
57.022 -0.4898244089
57.024 -0.4899412218
57.026 -0.490275794
57.028 -0.490392009
57.03 -0.4907263888
57.032 -0.4908423027
57.034 -0.4911765044
57.036 -0.4912921295
57.038 -0.4916261032
57.04 -0.4917414791
57.042 -0.4920752222
57.044 -0.4921903551
57.046 -0.4925238705
57.048 -0.4926387728
57.05 -0.4929720506
57.052 -0.4930867359
57.054 -0.4934198167
57.056 -0.4935342986
57.058 -0.4938671868
57.06 -0.4939814692
57.062 -0.4943141582
57.064 -0.4944282365
57.066 -0.4947604667
57.068 -0.4948744578
57.07 -0.4952064578
57.072 -0.4953203431
57.074 -0.4956521267
57.076 -0.495765835
57.078 -0.4960974166
57.08 -0.496210911
57.082 -0.4965422365
57.084 -0.4966554846
57.086 -0.4969864263
57.088 -0.4970993178
57.09 -0.4974300514
57.092 -0.4975424714
57.094 -0.4978731012
57.096 -0.4979852583
57.098 -0.4983157149
57.1 -0.4984275673
57.102 -0.4987577678
57.104 -0.4988693351
57.106 -0.4991992541
57.108 -0.4993104904
57.11 -0.4996400586
57.112 -0.4997509643
57.114 -0.5000801556
57.116 -0.5001906803
57.118 -0.500519292
57.12 -0.5006296023
57.122 -0.500957827
57.124 -0.5010678192
57.126 -0.501395451
57.128 -0.5015049075
57.13 -0.5018321026
57.132 -0.501941127
57.134 -0.5022678664
57.136 -0.5023763862
57.138 -0.5027026254
57.14 -0.5028103494
57.142 -0.503136161
57.144 -0.5032433084
57.146 -0.5035686417
57.148 -0.5036751846
57.15 -0.5039999168
57.152 -0.5041057993
57.154 -0.5044298942
57.156 -0.5045351162
57.158 -0.5048581387
57.16 -0.5049627177
57.162 -0.5052851001
57.164 -0.5053890991
57.166 -0.505710768
57.168 -0.5058140677
57.17 -0.5061349803
57.172 -0.5062374906
57.174 -0.506557584
57.176 -0.5066590191
57.178 -0.5069784148
57.18 -0.5070790039
57.182 -0.5073976461
57.184 -0.5074973596
57.186 -0.5078150129
57.188 -0.5079137491
57.19 -0.5082305832
57.192 -0.5083284538
57.194 -0.5086441096
57.196 -0.5087411343
57.198 -0.5090558477
57.2 -0.5091520136
57.202 -0.5094657462
57.204 -0.5095609719
57.206 -0.5098737228
57.208 -0.5099679698
57.21 -0.5102795943
57.212 -0.5103724901
57.214 -0.5106832811
57.216 -0.5107752068
57.218 -0.5110850831
57.22 -0.5111759387
57.222 -0.5114848281
57.224 -0.5115746581
57.226 -0.5118822612
57.228 -0.5119711943
57.23 -0.5122777611
57.232 -0.5123657437
57.234 -0.5126711137
57.236 -0.5127579981
57.238 -0.5130623805
57.24 -0.5131482661
57.242 -0.5134516188
57.244 -0.5135362024
57.246 -0.5138386559
57.248 -0.5139222014
57.25 -0.5142237191
57.252 -0.5143062157
57.254 -0.5146067344
57.256 -0.5146882118
57.258 -0.514987327
57.26 -0.51506783
57.262 -0.5153659872
57.264 -0.5154456141
57.266 -0.5157427944
57.268 -0.5158214923
57.27 -0.516117728
57.272 -0.5161952149
57.274 -0.516490645
57.276 -0.5165672133
57.278 -0.5168617033
57.28 -0.516937272
57.282 -0.5172309735
57.284 -0.5173057071
57.286 -0.5175983016
57.288 -0.5176723093
57.29 -0.5179640893
57.292 -0.5180373715
57.294 -0.5183283416
57.296 -0.5184008783
57.298 -0.5186909527
57.3 -0.5187624164
57.302 -0.5190519675
57.304 -0.5191227738
57.306 -0.5194117465
57.308 -0.519481847
57.31 -0.5197702179
57.312 -0.5198396972
57.314 -0.5201272175
57.316 -0.5201962566
57.318 -0.5204830889
57.32 -0.5205515925
57.322 -0.5208379618
57.324 -0.5209057984
57.326 -0.5211918159
57.328 -0.521259162
57.33 -0.5215448451
57.332 -0.52161178
57.334 -0.5218971122
57.336 -0.5219636796
57.338 -0.5222487236
57.34 -0.5223159312
57.342 -0.5226016344
57.344 -0.5226694551
57.346 -0.5229555633
57.348 -0.523023526
57.35 -0.5233101638
57.352 -0.5233785641
57.354 -0.5236656017
57.356 -0.5237343752
57.358 -0.5240217274
57.36 -0.5240911662
57.362 -0.5243790669
57.364 -0.5244491019
57.366 -0.5247374831
57.368 -0.5248078051
57.37 -0.5250967454
57.372 -0.5251675679
57.374 -0.5254572611
57.376 -0.5255287287
57.378 -0.5258188442
57.38 -0.5258910663
57.382 -0.5261818254
57.384 -0.5262547728
57.386 -0.5265460518
57.388 -0.5266193665
57.39 -0.5269115301
57.392 -0.5269856109
57.394 -0.5272786128
57.396 -0.5273534048
57.398 -0.527646915
57.4 -0.5277225377
57.402 -0.5280166209
57.404 -0.5280929942
57.406 -0.5283878826
57.408 -0.5284648274
57.41 -0.528760634
57.412 -0.5288383363
57.414 -0.5291348643
57.416 -0.5292132295
57.418 -0.5295103446
57.42 -0.5295896459
57.422 -0.5298875781
57.424 -0.5299677635
57.426 -0.5302663334
57.428 -0.5303469726
57.43 -0.5306465097
57.432 -0.5307279717
57.434 -0.5310281224
57.436 -0.531110478
57.438 -0.5314114438
57.44 -0.5314946484
57.442 -0.5317962465
57.444 -0.5318799193
57.446 -0.5321824791
57.448 -0.5322669495
57.45 -0.5325703445
57.452 -0.5326555191
57.454 -0.5329592877
57.456 -0.5330452152
57.458 -0.5333497449
57.46 -0.5334362425
57.462 -0.5337415854
57.464 -0.5338287555
57.466 -0.5341347425
57.468 -0.5342225169
57.47 -0.5345289947
57.472 -0.5346175675
57.474 -0.5349247105
57.476 -0.5350137246
57.478 -0.5353214339
57.48 -0.5354109845
57.482 -0.5357194541
57.484 -0.5358096204
57.486 -0.5361184495
57.488 -0.5362093051
57.49 -0.5365185385
57.492 -0.536609623
57.494 -0.5369195066
57.496 -0.5370111613
57.498 -0.5373213867
57.5 -0.537413612
57.502 -0.5377241644
57.504 -0.5378167932
57.506 -0.5381277649
57.508 -0.5382205911
57.51 -0.5385321035
57.512 -0.5386252867
57.514 -0.5389368419
57.516 -0.5390303453
57.518 -0.5393422545
57.52 -0.5394359193
57.522 -0.5397480973
57.524 -0.5398419091
57.526 -0.5401541889
57.528 -0.540248333
57.53 -0.5405607987
57.532 -0.5406549161
57.534 -0.540967526
57.536 -0.5410617171
57.538 -0.5413746036
57.54 -0.5414689131
57.542 -0.5417816546
57.544 -0.5418761683
57.546 -0.5421888561
57.548 -0.5422831626
57.55 -0.5425960623
57.552 -0.5426904471
57.554 -0.5430030513
57.556 -0.5430974593
57.558 -0.5434101564
57.56 -0.543504438
57.562 -0.5438172564
57.564 -0.5439115106
57.566 -0.5442239681
57.568 -0.5443182022
57.57 -0.5446306963
57.572 -0.5447247567
57.574 -0.5450372081
57.576 -0.5451311164
57.578 -0.5454433677
57.58 -0.5455373615
57.582 -0.5458496001
57.584 -0.545943325
57.586 -0.546255429
57.588 -0.5463489688
57.59 -0.5466608671
57.592 -0.5467544849
57.594 -0.5470662177
57.596 -0.5471594662
57.598 -0.5474712493
57.6 -0.5475644696
57.602 -0.547876027
57.604 -0.5479692618
57.606 -0.5482805973
57.608 -0.5483734377
57.61 -0.5486848215
57.612 -0.5487776309
57.614 -0.5490886484
57.616 -0.5491813762
57.618 -0.5494923532
57.62 -0.5495848098
57.622 -0.5498956821
57.624 -0.5499879851
57.626 -0.550298675
57.628 -0.5503907645
57.63 -0.550701519
57.632 -0.5507936298
57.634 -0.5511040124
57.636 -0.551196087
57.638 -0.5515064368
57.64 -0.5515982639
57.642 -0.5519085132
57.644 -0.5520001716
57.646 -0.552310198
57.648 -0.5524019426
57.65 -0.5527119708
57.652 -0.5528035027
57.654 -0.5531131984
57.656 -0.5532047042
57.658 -0.5535145002
57.66 -0.5536058368
57.662 -0.5539155835
57.664 -0.554006766
57.666 -0.5543163367
57.668 -0.5544076164
57.67 -0.5547170932
57.672 -0.5548081001
57.674 -0.555117452
57.676 -0.5552086051
57.678 -0.5555180112
57.68 -0.5556089065
57.682 -0.5559183115
57.684 -0.5560091599
57.686 -0.5563184164
57.688 -0.5564091033
57.69 -0.5567183793
57.692 -0.5568091231
57.694 -0.5571183313
57.696 -0.5572092294
57.698 -0.5575183173
57.7 -0.5576089401
57.702 -0.5579179845
57.704 -0.5580088629
57.706 -0.558318048
57.708 -0.5584087522
57.71 -0.5587180032
57.712 -0.5588086794
57.714 -0.5591177992
57.716 -0.5592083379
57.718 -0.5595175771
57.72 -0.5596082481
57.722 -0.5599174172
57.724 -0.5600080295
57.726 -0.560317284
57.728 -0.5604079098
57.73 -0.5607170927
57.732 -0.5608079655
57.734 -0.561117208
57.736 -0.5612079793
57.738 -0.5615170634
57.74 -0.5616079588
57.742 -0.5619172565
57.744 -0.5620080657
57.746 -0.562317201
57.748 -0.5624081428
57.75 -0.5627174278
57.752 -0.5628082845
57.754 -0.5631174096
57.756 -0.5632083904
57.758 -0.5635177432
57.76 -0.5636085786
57.762 -0.563917721
57.764 -0.5640087097
57.766 -0.5643180919
57.768 -0.5644089687
57.77 -0.5647183078
57.772 -0.5648093635
57.774 -0.5651186779
57.776 -0.5652095004
57.778 -0.5655187871
57.78 -0.5656097862
57.782 -0.5659190355
57.784 -0.5660097713
57.786 -0.5663189505
57.788 -0.5664098643
57.79 -0.5667190119
57.792 -0.5668096106
57.794 -0.5671186609
57.796 -0.5672093775
57.798 -0.5675184478
57.8 -0.5676088919
57.802 -0.5679175885
57.804 -0.5680079258
57.806 -0.5683166463
57.808 -0.5684066996
57.81 -0.5687149576
57.812 -0.568804821
57.814 -0.5691130126
57.816 -0.5692025784
57.818 -0.5695102807
57.82 -0.5695996321
57.822 -0.5699072236
57.824 -0.5699961799
57.826 -0.5703034259
57.828 -0.5703919544
57.83 -0.5706989407
57.832 -0.5707871901
57.834 -0.5710937822
57.836 -0.5711816009
57.838 -0.5714879597
57.84 -0.5715754644
57.842 -0.5718813666
57.844 -0.5719684731
57.846 -0.5722740362
57.848 -0.5723607934
57.85 -0.5726659449
57.852 -0.5727522595
57.854 -0.5730569198
57.856 -0.5731430696
57.858 -0.5734473534
57.86 -0.5735328629
57.862 -0.5738366514
57.864 -0.5739219782
57.866 -0.5742253818
57.868 -0.5743100413
57.87 -0.5746129678
57.872 -0.5746971816
57.874 -0.574999863
57.876 -0.5750836367
57.878 -0.5753857904
57.88 -0.5754691031
57.882 -0.5757710509
57.884 -0.5758540602
57.886 -0.5761552968
57.888 -0.5762376335
57.89 -0.5765383501
57.892 -0.5766205547
57.894 -0.5769208548
57.896 -0.577002384
57.898 -0.5773022021
57.9 -0.577383246
57.902 -0.5776826639
57.904 -0.5777631811
57.906 -0.5780621004
57.908 -0.5781421939
57.91 -0.5784405633
57.912 -0.5785204904
57.914 -0.578818767
57.916 -0.5788983819
57.918 -0.5791963529
57.92 -0.5792756752
57.922 -0.5795735658
57.924 -0.5796526743
57.926 -0.5799502453
57.928 -0.580029015
57.93 -0.5803260914
57.932 -0.5804046733
57.934 -0.5807015424
57.936 -0.5807796163
57.938 -0.5810758329
57.94 -0.5811532585
57.942 -0.5814492691
57.944 -0.5815262959
57.946 -0.5818214834
57.948 -0.5818976874
57.95 -0.5821921703
57.952 -0.5822676853
57.954 -0.5825615621
57.956 -0.5826363572
57.958 -0.5829293982
57.96 -0.5830033783
57.962 -0.5832955751
57.964 -0.5833689617
57.966 -0.5836602921
57.968 -0.5837326254
57.97 -0.5840230559
57.972 -0.5840944942
57.974 -0.5843839378
57.976 -0.5844546422
57.978 -0.5847433979
57.98 -0.5848131389
57.982 -0.5851008369
57.984 -0.5851695313
57.986 -0.5854566473
57.988 -0.5855245947
57.99 -0.5858105803
57.992 -0.5858774559
57.994 -0.5861625587
57.996 -0.5862285977
57.998 -0.5865130887
58 -0.5865783015
58.002 -0.5868615317
58.004 -0.5869256468
58.006 -0.5872079987
58.008 -0.5872712935
58.01 -0.5875529219
58.012 -0.587615311
58.014 -0.5878958782
58.016 -0.587957334
58.018 -0.5882368773
58.02 -0.5882973856
58.022 -0.588576404
58.024 -0.5886361664
58.026 -0.5889139742
58.028 -0.5889726989
58.03 -0.5892496952
58.032 -0.5893076297
58.034 -0.5895839819
58.036 -0.5896410732
58.038 -0.5899163214
58.04 -0.5899724804
58.042 -0.5902468584
58.044 -0.5903021007
58.046 -0.5905755277
58.048 -0.5906302354
58.05 -0.5909030343
58.052 -0.590956774
58.054 -0.5912286304
58.056 -0.5912815397
58.058 -0.5915526665
58.06 -0.5916050188
58.062 -0.5918754621
58.064 -0.5919268938
58.066 -0.5921965443
58.068 -0.5922472712
58.07 -0.5925162444
58.072 -0.592566204
58.074 -0.5928346928
58.076 -0.5928840228
58.078 -0.5931516981
58.08 -0.5932003756
58.082 -0.593467245
58.084 -0.5935151311
58.086 -0.5937814935
58.088 -0.5938290792
58.09 -0.5940947744
58.092 -0.5941415292
58.094 -0.5944065865
58.096 -0.5944525843
58.098 -0.5947166048
58.1 -0.5947617106
58.102 -0.5950254395
58.104 -0.5950700833
58.106 -0.5953329996
58.108 -0.5953768809
58.11 -0.5956392325
58.112 -0.5956826327
58.114 -0.5959443533
58.116 -0.5959874183
58.118 -0.5962488373
58.12 -0.5962913501
58.122 -0.5965521161
58.124 -0.5965937608
58.126 -0.5968536928
58.128 -0.5968947431
58.13 -0.5971543208
58.132 -0.5971953053
58.134 -0.5974545913
58.136 -0.5974950465
58.138 -0.5977538394
58.14 -0.5977936003
58.142 -0.5980517166
58.144 -0.5980910264
58.146 -0.5983489154
58.148 -0.5983882083
58.15 -0.5986456946
58.152 -0.5986841844
58.154 -0.5989411562
58.156 -0.5989793188
58.158 -0.5992359165
58.16 -0.5992734951
58.162 -0.5995295123
58.164 -0.5995669365
58.166 -0.5998227115
58.168 -0.5998595681
58.17 -0.6001146808
58.172 -0.6001509696
58.174 -0.6004057404
58.176 -0.6004416714
58.178 -0.6006962949
58.18 -0.6007320033
58.182 -0.6009862109
58.184 -0.6010215338
58.186 -0.6012754343
58.188 -0.6013101739
58.19 -0.6015634531
58.192 -0.6015979737
58.194 -0.601850969
58.196 -0.601885026
58.198 -0.6021376098
58.2 -0.6021716374
58.202 -0.602424086
58.204 -0.6024576355
58.206 -0.6027096295
58.208 -0.6027428674
58.21 -0.6029946186
58.212 -0.603027477
58.214 -0.603278903
58.216 -0.6033115509
58.218 -0.6035627963
58.22 -0.6035953371
58.222 -0.6038463868
58.224 -0.6038786226
58.226 -0.6041292778
58.228 -0.6041611609
58.23 -0.6044114898
58.232 -0.6044428549
58.234 -0.6046930293
58.236 -0.6047243763
58.238 -0.6049740988
58.24 -0.6050050708
58.242 -0.6052549336
58.244 -0.605285715
58.246 -0.6055351048
58.248 -0.6055655572
58.25 -0.6058145037
58.252 -0.605844571
58.254 -0.6060932853
58.256 -0.6061232822
58.258 -0.6063717777
58.26 -0.6064013604
58.262 -0.6066497441
58.264 -0.6066792911
58.266 -0.6069275865
58.268 -0.6069568747
58.27 -0.6072048261
58.272 -0.6072339567
58.274 -0.6074816916
58.276 -0.6075104998
58.278 -0.6077579979
58.28 -0.6077866289
58.282 -0.608033797
58.284 -0.6080620873
58.286 -0.6083092288
58.288 -0.6083375657
58.29 -0.6085844474
58.292 -0.6086125126
58.294 -0.6088593843
58.296 -0.6088873524
58.298 -0.609134021
58.3 -0.609161767
58.302 -0.6094081063
58.304 -0.6094356071
58.306 -0.6096818524
58.308 -0.6097092482
58.31 -0.60995523
58.312 -0.6099823679
58.314 -0.6102282872
58.316 -0.6102553472
58.318 -0.6105010367
58.32 -0.6105279147
58.322 -0.6107735671
58.324 -0.6108003956
58.326 -0.6110461003
58.328 -0.6110728858
58.33 -0.6113183504
58.332 -0.6113449586
58.334 -0.6115904053
58.336 -0.6116170546
58.338 -0.6118624051
58.34 -0.6118889667
58.342 -0.6121343409
58.344 -0.6121609068
58.346 -0.6124061925
58.348 -0.6124326873
58.35 -0.6126780314
58.352 -0.6127045723
58.354 -0.6129498287
58.356 -0.6129763069
58.358 -0.6132216666
58.36 -0.6132482194
58.362 -0.6134934951
58.364 -0.6135199447
58.366 -0.6137651536
58.368 -0.6137916053
58.37 -0.6140369343
58.372 -0.6140634677
58.374 -0.614308748
58.376 -0.6143352265
58.378 -0.6145808329
58.38 -0.6146075072
58.382 -0.6148529058
58.384 -0.6148794197
58.386 -0.6151248111
58.388 -0.6151513513
58.39 -0.6153966359
58.392 -0.6154230948
58.394 -0.6156684261
58.396 -0.6156949214
58.398 -0.6159401532
58.4 -0.6159665477
58.402 -0.6162116767
58.404 -0.6162378914
58.406 -0.6164828498
58.408 -0.6165089283
58.41 -0.616753751
58.412 -0.6167797085
58.414 -0.6170245091
58.416 -0.6170504352
58.418 -0.6172951361
58.42 -0.6173208214
58.422 -0.6175653767
58.424 -0.6175910651
58.426 -0.6178355462
58.428 -0.617861149
58.43 -0.6181056928
58.432 -0.6181313896
58.434 -0.618375748
58.436 -0.6184012152
58.438 -0.6186456562
58.44 -0.6186712628
58.442 -0.6189156679
58.444 -0.6189411215
58.446 -0.6191854894
58.448 -0.6192110544
58.45 -0.6194552874
58.452 -0.619480633
58.454 -0.6197249746
58.456 -0.6197505165
58.458 -0.6199949042
58.46 -0.6200205127
58.462 -0.6202650033
58.464 -0.6202906135
58.466 -0.620535147
58.468 -0.6205609215
58.47 -0.6208054063
58.472 -0.6208310551
58.474 -0.6210757428
58.476 -0.6211014391
58.478 -0.6213459492
58.48 -0.6213716967
58.482 -0.6216163034
58.484 -0.6216420433
58.486 -0.6218866598
58.488 -0.6219123207
58.49 -0.622156958
58.492 -0.6221828085
58.494 -0.6224273911
58.496 -0.6224530952
58.498 -0.6226978796
58.5 -0.62272369
58.502 -0.6229683502
58.504 -0.6229942336
58.506 -0.6232389997
58.508 -0.6232647191
58.51 -0.6235093171
58.512 -0.6235351066
58.514 -0.6237798159
58.516 -0.6238056084
58.518 -0.6240503654
58.52 -0.6240761548
58.522 -0.6243206729
58.524 -0.6243463629
58.526 -0.6245911646
58.528 -0.624616982
58.53 -0.6248615495
58.532 -0.6248872302
58.534 -0.6251320512
58.536 -0.6251578883
58.538 -0.6254024627
58.54 -0.6254281878
58.542 -0.625673077
58.544 -0.6256989932
58.546 -0.6259436993
58.548 -0.6259695343
58.55 -0.6262145513
58.552 -0.6262406027
58.554 -0.6264854349
58.556 -0.626511262
58.558 -0.6267562089
58.56 -0.6267823354
58.562 -0.6270273323
58.564 -0.6270533305
58.566 -0.6272982821
58.568 -0.627324368
58.57 -0.6275695232
58.572 -0.6275957001
58.574 -0.6278408739
58.576 -0.627867035
58.578 -0.6281121771
58.58 -0.6281385481
58.582 -0.6283839929
58.584 -0.6284103834
58.586 -0.628655643
58.588 -0.6286818955
58.59 -0.6289272228
58.592 -0.6289537754
58.594 -0.6291992656
58.596 -0.6292257343
58.598 -0.6294712325
58.6 -0.6294977002
58.602 -0.6297429982
58.604 -0.6297694426
58.606 -0.6300151346
58.608 -0.6300418176
58.61 -0.630287378
58.612 -0.6303139376
58.614 -0.6305594844
58.616 -0.6305859838
58.618 -0.6308313353
58.62 -0.6308576189
58.622 -0.6311030703
58.624 -0.6311297101
58.626 -0.6313752465
58.628 -0.6314017401
58.63 -0.6316472669
58.632 -0.6316737602
58.634 -0.6319190871
58.636 -0.6319453721
58.638 -0.6321906616
58.64 -0.6322168473
58.642 -0.6324618838
58.644 -0.6324878659
58.646 -0.6327328259
58.648 -0.6327586651
58.65 -0.6330033671
58.652 -0.6330289963
58.654 -0.6332736211
58.656 -0.6332991425
58.658 -0.633543554
58.66 -0.6335688451
58.662 -0.633813157
58.664 -0.6338383689
58.666 -0.6340824834
58.668 -0.6341074976
58.67 -0.6343515593
58.672 -0.6343765334
58.674 -0.6346203754
58.676 -0.6346451309
58.678 -0.6348889332
58.68 -0.6349136683
58.682 -0.635157271
58.684 -0.6351818235
58.686 -0.63542544
58.688 -0.6354499392
58.69 -0.6356933288
58.692 -0.6357176486
58.694 -0.6359610401
58.696 -0.6359853057
58.698 -0.6362284703
58.7 -0.6362525613
58.702 -0.6364957183
58.704 -0.6365197409
58.706 -0.6367626499
58.708 -0.6367864769
58.71 -0.6370293603
58.712 -0.6370530993
58.714 -0.6372957593
58.716 -0.6373193047
58.718 -0.6375618769
58.72 -0.6375852797
58.722 -0.6378275922
58.724 -0.6378507586
58.726 -0.6380929489
58.728 -0.6381159461
58.73 -0.6383578289
58.732 -0.6383805603
58.734 -0.638622277
58.736 -0.6386447856
58.738 -0.6388861598
58.74 -0.6389083535
58.742 -0.6391495293
58.744 -0.6391714649
58.746 -0.6394122461
58.748 -0.6394338146
58.75 -0.6396743576
58.752 -0.639695625
58.754 -0.6399357371
58.756 -0.6399566165
58.758 -0.6401964573
58.76 -0.6402170004
58.762 -0.6404563739
58.764 -0.6404765091
58.766 -0.640715575
58.768 -0.6407353289
58.77 -0.6409738922
58.772 -0.6409932037
58.774 -0.6412314224
58.776 -0.6412503228
58.778 -0.6414880288
58.78 -0.641506457
58.782 -0.6417437989
58.784 -0.6417618002
58.786 -0.6419986025
58.788 -0.642016112
58.79 -0.6422525296
58.792 -0.6422696037
58.794 -0.6425055461
58.796 -0.6425221617
58.798 -0.6427576763
58.8 -0.6427738145
58.802 -0.6430087524
58.804 -0.6430243679
58.806 -0.643258898
58.808 -0.6432740609
58.81 -0.6435080218
58.812 -0.6435226513
58.814 -0.6437561901
58.816 -0.6437703503
58.818 -0.6440033133
58.82 -0.6440169404
58.822 -0.6442495385
58.824 -0.6442627426
58.826 -0.6444947438
58.828 -0.6445074243
58.83 -0.6447390422
58.832 -0.6447512335
58.834 -0.6449824171
58.836 -0.644994184
58.838 -0.6452247294
58.84 -0.645235898
58.842 -0.6454660437
58.844 -0.6454768207
58.846 -0.6457063676
58.848 -0.6457164937
58.85 -0.6459456222
58.852 -0.6459553515
58.854 -0.6461838942
58.856 -0.6461929983
58.858 -0.6464210671
58.86 -0.6464297519
58.862 -0.6466573659
58.864 -0.6466655221
58.866 -0.646892485
58.868 -0.64690008
58.87 -0.6471265938
58.872 -0.6471336893
58.874 -0.647359537
58.876 -0.6473660118
58.878 -0.6475914339
58.88 -0.6475974148
58.882 -0.6478221497
58.884 -0.6478274944
58.886 -0.6480517766
58.888 -0.6480566232
58.89 -0.6482803532
58.892 -0.6482846396
58.894 -0.6485077275
58.896 -0.6485113647
58.898 -0.6487339248
58.9 -0.6487370198
58.902 -0.648958952
58.904 -0.6489614341
58.906 -0.6491828612
58.908 -0.6491848165
58.91 -0.6494057117
58.912 -0.6494071195
58.914 -0.6496273501
58.916 -0.6496280727
58.918 -0.6498477499
58.92 -0.6498479651
58.922 -0.6500670436
58.924 -0.6500665866
58.926 -0.6502850965
58.928 -0.6502841403
58.93 -0.6505020465
58.932 -0.6505004395
58.934 -0.6507178208
58.936 -0.6507156333
58.938 -0.6509324303
58.94 -0.6509297059
58.942 -0.6511458209
58.944 -0.6511423931
58.946 -0.651357942
58.948 -0.6513539803
58.95 -0.6515688797
58.952 -0.6515642509
58.954 -0.65177861
58.956 -0.6517734215
58.958 -0.6519872143
58.96 -0.6519814495
58.962 -0.6521945255
58.964 -0.6521880597
58.966 -0.6524005674
58.968 -0.6523935417
58.97 -0.6526053853
58.972 -0.6525976619
58.974 -0.6528089319
58.976 -0.6528006299
58.978 -0.6530113328
58.98 -0.6530024606
58.982 -0.6532124253
58.984 -0.6532028273
58.986 -0.6534122146
58.988 -0.6534020424
58.99 -0.6536107361
58.992 -0.6535998715
58.994 -0.6538080077
58.996 -0.6537965426
58.998 -0.6540040771
59 -0.6539920184
59.002 -0.6541988063
59.004 -0.6541859955
59.006 -0.6543921718
59.008 -0.654378785
59.01 -0.6545842746
59.012 -0.6545701688
59.014 -0.6547750517
59.016 -0.6547603299
59.018 -0.6549646109
59.02 -0.6549492837
59.022 -0.655152813
59.024 -0.655136727
59.026 -0.655339642
59.028 -0.6553229264
59.03 -0.6555252311
59.032 -0.6555079088
59.034 -0.6557094478
59.036 -0.6556913635
59.038 -0.6558922882
59.04 -0.6558736128
59.042 -0.6560738216
59.044 -0.656054415
59.046 -0.6562540094
59.048 -0.6562339712
59.05 -0.6564329227
59.052 -0.6564122412
59.054 -0.6566104526
59.056 -0.6565890268
59.058 -0.6567866206
59.06 -0.6567645678
59.062 -0.6569615456
59.064 -0.6569388673
59.066 -0.6571350738
59.068 -0.6571116232
59.07 -0.6573072069
59.072 -0.6572831181
59.074 -0.65747808
59.076 -0.657453373
59.078 -0.6576475597
59.08 -0.6576220765
59.082 -0.6578156378
59.084 -0.6577895317
59.086 -0.6579824765
59.088 -0.6579557498
59.09 -0.6581479174
59.092 -0.65812043
59.094 -0.6583119872
59.096 -0.6582838699
59.098 -0.6584748114
59.1 -0.6584460886
59.102 -0.6586362559
59.104 -0.6586067546
59.106 -0.658796308
59.108 -0.6587661873
59.11 -0.6589551225
59.112 -0.6589243884
59.114 -0.6591125516
59.116 -0.6590810564
59.118 -0.6592686043
59.12 -0.6592364803
59.122 -0.6594234125
59.124 -0.6593906754
59.126 -0.6595768521
59.128 -0.6595433535
59.13 -0.6597289219
59.132 -0.6596947955
59.134 -0.6598797196
59.136 -0.6598449505
59.138 -0.660029155
59.14 -0.65999367
59.142 -0.6601772633
59.144 -0.6601411546
59.146 -0.6603241191
59.148 -0.6602873497
59.15 -0.660469552
59.152 -0.6604321004
59.154 -0.6606137443
59.156 -0.6605756492
59.158 -0.6607566143
59.16 -0.6607176675
59.162 -0.660897436
59.164 -0.6608574236
59.166 -0.6610364863
59.168 -0.6609958626
59.17 -0.6611743972
59.172 -0.6611332924
59.174 -0.6613113861
59.176 -0.6612698878
59.178 -0.6614475769
59.18 -0.6614057816
59.182 -0.6615835536
59.184 -0.6615423492
59.186 -0.6617210942
59.188 -0.6616809799
59.19 -0.6618607461
59.192 -0.661821775
59.194 -0.6620029417
59.196 -0.6619653953
59.198 -0.6621479607
59.2 -0.6621117595
59.202 -0.662295444
59.204 -0.662260301
59.206 -0.6624451755
59.208 -0.6624111588
59.21 -0.6625970524
59.212 -0.6625638937
59.214 -0.6627505487
59.216 -0.6627183142
59.218 -0.6629059516
59.22 -0.6628745133
59.222 -0.6630627205
59.224 -0.6630316264
59.226 -0.6632200244
59.228 -0.6631889052
59.23 -0.663376911
59.232 -0.6633452537
59.234 -0.6635327557
59.236 -0.6635004407
59.238 -0.6636870667
59.24 -0.6636536847
59.242 -0.6638391729
59.244 -0.6638045364
59.246 -0.6639884579
59.248 -0.6639521828
59.25 -0.6641345788
59.252 -0.6640966574
59.254 -0.6642772769
59.256 -0.664237537
59.258 -0.6644162571
59.26 -0.6643745423
59.262 -0.6645511766
59.264 -0.6645073652
59.266 -0.6646820032
59.268 -0.6646362298
59.27 -0.6648086714
59.272 -0.6647601639
59.274 -0.6649294554
59.276 -0.664877715
59.278 -0.6650438676
59.28 -0.6649890068
59.282 -0.6651520109
59.284 -0.6650939817
59.286 -0.6652539429
59.288 -0.665192916
59.29 -0.6653498327
59.292 -0.6652859301
59.294 -0.6654402126
59.296 -0.665373857
59.298 -0.6655258119
59.3 -0.6654572432
59.302 -0.6656071816
59.304 -0.665536743
59.306 -0.6656848559
59.308 -0.6656127669
59.31 -0.6657593224
59.312 -0.6656855559
59.314 -0.6658306701
59.316 -0.6657558352
59.318 -0.6659000959
59.32 -0.6658245834
59.322 -0.6659682558
59.324 -0.6658923821
59.326 -0.6660359895
59.328 -0.6659602048
59.33 -0.6661040735
59.332 -0.6660286082
59.334 -0.666172868
59.336 -0.6660978922
59.338 -0.6662426099
59.34 -0.6661681885
59.342 -0.6663136754
59.344 -0.6662402681
59.346 -0.6663872774
59.348 -0.6663157661
59.35 -0.6664648371
59.352 -0.6663954612
59.354 -0.666546602
59.356 -0.6664793899
59.358 -0.6666328433
59.36 -0.666567873
59.362 -0.6667234806
59.364 -0.6666605663
59.366 -0.666818141
59.368 -0.6667570776
59.37 -0.6669164018
59.372 -0.6668569848
59.374 -0.6670177011
59.376 -0.6669595989
59.378 -0.6671216402
59.38 -0.6670647063
59.382 -0.6672279811
59.384 -0.6671723968
59.386 -0.6673370464
59.388 -0.667282568
59.39 -0.6674478964
59.392 -0.6673934344
59.394 -0.6675585458
59.396 -0.6675040082
59.398 -0.6676688871
59.4 -0.6676138789
59.402 -0.6677780136
59.404 -0.6677220929
59.406 -0.6678851203
59.408 -0.6678279768
59.41 -0.6679896965
59.412 -0.6679311267
59.414 -0.6680911819
59.416 -0.6680308806
59.418 -0.6681893146
59.42 -0.6681273471
59.422 -0.6682840537
59.424 -0.668220293
59.426 -0.6683751337
59.428 -0.6683095323
59.43 -0.6684625753
59.432 -0.6683951681
59.434 -0.6685462964
59.436 -0.6684770055
59.438 -0.6686264662
59.44 -0.6685555865
59.442 -0.6687034779
59.444 -0.6686310666
59.446 -0.6687774694
59.448 -0.6687036483
59.45 -0.6688487481
59.452 -0.668773658
59.454 -0.668917609
59.456 -0.6688414829
59.458 -0.668984304
59.46 -0.6689072083
59.462 -0.6690493222
59.464 -0.6689715873
59.466 -0.6691131283
59.468 -0.6690348161
59.47 -0.669175896
59.472 -0.6690972213
59.474 -0.6692379466
59.476 -0.669158999
59.478 -0.6692995534
59.48 -0.6692204121
59.482 -0.6693607113
59.484 -0.6692814558
59.486 -0.6694217698
59.488 -0.6693425109
59.49 -0.6694828935
59.492 -0.6694037193
59.494 -0.6695441419
59.496 -0.6694650396
59.498 -0.6696055706
59.5 -0.6695265065
59.502 -0.6696670499
59.504 -0.6695880633
59.506 -0.6697286953
59.508 -0.6696497063
59.51 -0.6697902175
59.512 -0.6697111832
59.514 -0.6698517192
59.516 -0.6697726491
59.518 -0.6699131759
59.52 -0.6698340677
59.522 -0.6699744737
59.524 -0.6698951867
59.526 -0.6700354721
59.528 -0.6699560607
59.53 -0.6700961296
59.532 -0.6700164578
59.534 -0.6701562661
59.536 -0.6700763659
59.538 -0.6702159504
59.54 -0.6701357429
59.542 -0.6702748742
59.544 -0.6701943097
59.546 -0.6703332222
59.548 -0.6702523574
59.55 -0.6703909296
59.552 -0.6703097129
59.554 -0.6704479855
59.556 -0.6703664592
59.558 -0.6705043563
59.56 -0.6704224396
59.562 -0.6705600225
59.564 -0.6704777822
59.566 -0.6706149675
59.568 -0.6705323254
59.57 -0.6706691443
59.572 -0.6705861822
59.574 -0.67072269
59.576 -0.6706393432
59.578 -0.670775436
59.58 -0.670691702
59.582 -0.6708273315
59.584 -0.6707431853
59.586 -0.6708784929
59.588 -0.6707939932
59.59 -0.6709289526
59.592 -0.6708441327
59.594 -0.6709787826
59.596 -0.6708935678
59.598 -0.6710278009
59.6 -0.6709421749
59.602 -0.6710760536
59.604 -0.6709900912
59.606 -0.6711233489
59.608 -0.6710364505
59.61 -0.6711689017
59.612 -0.6710814744
59.614 -0.6712135234
59.616 -0.6711257157
59.618 -0.6712574369
59.62 -0.6711693845
59.622 -0.6713009211
59.624 -0.6712127795
59.626 -0.6713442831
59.628 -0.6712560858
59.63 -0.6713875441
59.632 -0.6712993107
59.634 -0.6714307845
59.636 -0.6713425971
59.638 -0.6714740738
59.64 -0.6713858597
59.642 -0.6715171903
59.644 -0.6714288854
59.646 -0.6715603081
59.648 -0.6714720834
59.65 -0.6716034857
59.652 -0.6715151675
59.654 -0.6716464742
59.656 -0.6715580319
59.658 -0.6716892487
59.66 -0.6716007056
59.662 -0.6717317285
59.664 -0.6716429206
59.666 -0.6717736808
59.668 -0.6716846066
59.67 -0.6718150993
59.672 -0.6717257337
59.674 -0.6718558327
59.676 -0.6717660065
59.678 -0.671895611
59.68 -0.6718052488
59.682 -0.671934276
59.684 -0.6718433378
59.686 -0.6719717718
59.688 -0.6718801212
59.69 -0.6720077801
59.692 -0.6719153215
59.694 -0.6720421334
59.696 -0.6719488397
59.698 -0.6720748058
59.7 -0.6719805612
59.702 -0.6721055231
59.704 -0.6720102508
59.706 -0.6721341596
59.708 -0.6720378257
59.71 -0.6721606859
59.712 -0.6720633268
59.714 -0.6721851447
59.716 -0.6720866973
59.718 -0.6722074099
59.72 -0.6721078657
59.722 -0.6722274877
59.724 -0.6721268701
59.726 -0.6722454293
59.728 -0.6721436781
59.73 -0.6722610486
59.732 -0.6721581287
59.734 -0.6722743419
59.736 -0.6721702609
59.738 -0.6722853765
59.74 -0.6721802377
59.742 -0.6722942423
59.744 -0.6721879762
59.746 -0.6723008908
59.748 -0.6721935447
59.75 -0.6723053977
59.752 -0.6721970527
59.754 -0.6723079341
59.756 -0.6721985659
59.758 -0.6723084192
59.76 -0.6721980402
59.762 -0.6723069039
59.764 -0.672195544
59.766 -0.6723034437
59.768 -0.6721911742
59.77 -0.6722981972
59.772 -0.6721849928
59.774 -0.6722910699
59.776 -0.6721769345
59.778 -0.6722820956
59.78 -0.6721670562
59.782 -0.6722713242
59.784 -0.6721553831
59.786 -0.6722587548
59.788 -0.6721419839
59.79 -0.6722445533
59.792 -0.6721269147
59.794 -0.6722285957
59.796 -0.672110084
59.798 -0.6722108975
59.8 -0.6720915239
59.802 -0.6721914781
59.804 -0.6720712481
59.806 -0.6721703492
59.808 -0.6720492649
59.81 -0.672147521
59.812 -0.6720256461
59.814 -0.6721231212
59.816 -0.6720004055
59.818 -0.6720970187
59.82 -0.6719734521
59.822 -0.6720692287
59.824 -0.6719448195
59.826 -0.6720397651
59.828 -0.6719145243
59.83 -0.6720086373
59.832 -0.6718825625
59.834 -0.67197585
59.836 -0.671848953
59.838 -0.6719414162
59.84 -0.6718136945
59.842 -0.6719053329
59.844 -0.6717767853
59.846 -0.6718676076
59.848 -0.6717382398
59.85 -0.6718282467
59.852 -0.6716980541
59.854 -0.6717872391
59.856 -0.6716562242
59.858 -0.6717445911
59.86 -0.6716127575
59.862 -0.6717003014
59.864 -0.6715676406
59.866 -0.671654358
59.868 -0.6715208658
59.87 -0.6716067458
59.872 -0.671472418
59.874 -0.671557461
59.876 -0.6714222865
59.878 -0.6715064846
59.88 -0.6713704647
59.882 -0.6714538068
59.884 -0.6713169271
59.886 -0.6713994055
59.888 -0.6712616513
59.89 -0.6713432618
59.892 -0.6712046317
59.894 -0.6712853502
59.896 -0.6711458222
59.898 -0.6712256502
59.9 -0.671085213
59.902 -0.6711641259
59.904 -0.6710227678
59.906 -0.6711007577
59.908 -0.6709584667
59.91 -0.6710355209
59.912 -0.6708922788
59.914 -0.670968384
59.916 -0.6708241901
59.918 -0.6708993322
59.92 -0.6707541672
59.922 -0.6708283267
59.924 -0.6706821675
59.926 -0.6707553377
59.928 -0.6706081897
59.93 -0.6706803632
59.932 -0.6705322038
59.934 -0.6706033654
59.936 -0.6704541886
59.938 -0.6705243284
59.94 -0.6703741287
59.942 -0.6704432391
59.944 -0.6702920059
59.946 -0.6703600905
59.948 -0.6702078221
59.95 -0.6702748637
59.952 -0.6701215565
59.954 -0.6701875795
59.956 -0.6700332344
59.958 -0.6700982147
59.96 -0.6699428132
59.962 -0.67000673
59.964 -0.6698502704
59.966 -0.6699131317
59.968 -0.6697556109
59.97 -0.6698174114
59.972 -0.6696588251
59.974 -0.6697195651
59.976 -0.6695599231
59.978 -0.6696196118
59.98 -0.6694589211
59.982 -0.66951756
59.984 -0.6693558153
59.986 -0.6694134059
59.988 -0.6692506235
59.99 -0.6693071802
59.992 -0.6691433574
59.994 -0.6691988844
59.996 -0.6690340364
59.998 -0.6690885358
60 -0.6689226637
60.002 -0.6689761415
60.004 -0.6688092547
60.006 -0.6688617238
60.008 -0.6686938591
60.01 -0.6687453687
60.012 -0.6685765077
60.014 -0.6686270382
60.016 -0.6684572226
60.018 -0.6685068489
60.02 -0.6683361317
60.022 -0.6683848307
60.024 -0.6682131627
60.026 -0.6682609101
60.028 -0.668088293
60.03 -0.6681350887
60.032 -0.6679615214
60.034 -0.6680073615
60.036 -0.66783284
60.038 -0.6678777317
60.04 -0.6677022601
60.042 -0.6677462
60.044 -0.6675698076
60.046 -0.6676128184
60.048 -0.6674354673
60.05 -0.6674775599
60.052 -0.6672992754
60.054 -0.6673404051
60.056 -0.6671612006
60.058 -0.6672014262
60.06 -0.6670213032
60.062 -0.6670605519
60.064 -0.6668793954
60.066 -0.666917626
60.068 -0.6667354768
60.07 -0.6667727001
60.072 -0.6665895488
60.074 -0.6666257661
60.076 -0.6664416027
60.078 -0.6664768154
60.08 -0.6662916522
60.082 -0.666325873
60.084 -0.6661397105
60.086 -0.6661729405
60.088 -0.6659857859
60.09 -0.6660180307
60.092 -0.6658298839
60.094 -0.6658611421
60.096 -0.6656720067
60.098 -0.6657022802
60.1 -0.6655121713
60.102 -0.6655414667
60.104 -0.6653503686
60.106 -0.6653786785
60.108 -0.6651865865
60.11 -0.6652139139
60.112 -0.6650208412
60.114 -0.6650471835
60.116 -0.6648531148
60.118 -0.6648784614
60.12 -0.6646834063
60.122 -0.6647077637
60.124 -0.6645117052
60.126 -0.6645350537
60.128 -0.6643379891
60.13 -0.664360335
60.132 -0.6641622639
60.134 -0.6641835944
60.136 -0.6639844988
60.138 -0.6640048078
60.14 -0.6638046894
60.142 -0.6638239634
60.144 -0.6636228082
60.146 -0.6636410462
60.148 -0.6634388445
60.15 -0.6634560335
60.152 -0.6632527888
60.154 -0.6632689427
60.156 -0.6630646364
60.158 -0.6630797307
60.16 -0.6628743723
60.162 -0.6628884074
60.164 -0.6626819799
60.166 -0.6626949474
60.168 -0.6624874328
60.17 -0.6624993209
60.172 -0.6622907251
60.174 -0.6623015259
60.176 -0.6620918402
60.178 -0.662101554
60.18 -0.661890779
60.182 -0.6618994034
60.184 -0.6616875355
60.186 -0.6616950713
60.188 -0.661482104
60.19 -0.6614885294
60.192 -0.6612744691
60.194 -0.6612798048
60.196 -0.6610646516
60.198 -0.6610688927
60.2 -0.6608526393
60.202 -0.6608557945
60.204 -0.660638456
60.206 -0.6606405376
60.208 -0.6604221224
60.21 -0.6604231308
60.212 -0.6602036409
60.214 -0.6602035868
60.216 -0.6599830356
60.218 -0.6599819191
60.22 -0.6597603103
60.222 -0.6597579998
60.224 -0.6595351448
60.226 -0.6595316471
60.228 -0.6593076632
60.23 -0.6593030841
60.232 -0.6590780231
60.234 -0.6590723939
60.236 -0.6588462823
60.238 -0.6588396236
60.24 -0.6586124989
60.242 -0.658604836
60.244 -0.6583767092
60.246 -0.6583680634
60.248 -0.6581389631
60.25 -0.658129349
60.252 -0.6578992906
60.254 -0.6578887335
60.256 -0.6576577363
60.258 -0.6576462579
60.26 -0.6574143575
60.262 -0.6574019747
60.264 -0.6571691406
60.266 -0.6571558231
60.268 -0.6569221052
60.27 -0.6569079434
60.272 -0.6566733751
60.274 -0.656658337
60.276 -0.6564228877
60.278 -0.6564070198
60.28 -0.6561707261
60.282 -0.6561540078
60.284 -0.6559169117
60.286 -0.6558993906
60.288 -0.655661472
60.29 -0.6556431712
60.292 -0.6554044652
60.294 -0.6553853626
60.296 -0.6551458776
60.298 -0.6551259927
60.3 -0.6548857267
60.302 -0.6548650835
60.304 -0.6546240638
60.306 -0.654602655
60.308 -0.6543608761
60.31 -0.654338724
60.312 -0.6540962125
60.314 -0.6540733227
60.316 -0.6538300761
60.318 -0.6538064401
60.32 -0.6535624607
60.322 -0.6535381267
60.324 -0.6532933997
60.326 -0.6532683068
60.328 -0.6530228381
60.33 -0.652997044
60.332 -0.6527508911
60.334 -0.6527243708
60.336 -0.6524774718
60.338 -0.6524502309
60.34 -0.6522026164
60.342 -0.652174662
60.344 -0.651926337
60.346 -0.6518976652
60.348 -0.6516486241
60.35 -0.6516192535
60.352 -0.6513695258
60.354 -0.6513394715
60.356 -0.6510890553
60.358 -0.651058317
60.36 -0.650807206
60.362 -0.6507757736
60.364 -0.6505239819
60.366 -0.650491874
60.368 -0.6502394025
60.37 -0.6502066201
60.372 -0.6499534688
60.374 -0.6499200074
60.376 -0.649666177
60.378 -0.6496320344
60.38 -0.6493775183
60.382 -0.6493426958
60.384 -0.6490875041
60.386 -0.6490520033
60.388 -0.6487961311
60.39 -0.6487599554
60.392 -0.6485033976
60.394 -0.6484665375
60.396 -0.6482093004
60.398 -0.6481717613
60.4 -0.6479138444
60.402 -0.6478756284
60.404 -0.6476170299
60.406 -0.6475781328
60.408 -0.6473188457
60.41 -0.6472792667
60.412 -0.6470192869
60.414 -0.6469790181
60.416 -0.6467183544
60.418 -0.6466774028
60.42 -0.646416055
60.422 -0.6463744168
60.424 -0.646112377
60.426 -0.6460700537
60.428 -0.6458073315
60.43 -0.6457643243
60.432 -0.6455009169
60.434 -0.6454569631
60.436 -0.6451921847
60.438 -0.6451467609
60.44 -0.6448806032
60.442 -0.644833811
60.444 -0.6445662913
60.446 -0.6445181647
60.448 -0.6442493357
60.45 -0.6441999426
60.452 -0.6439298855
60.454 -0.6438793067
60.456 -0.6436080975
60.458 -0.6435564067
60.46 -0.6432841252
60.462 -0.6432314059
60.464 -0.6429581318
60.466 -0.6429044535
60.468 -0.6426302523
60.47 -0.6425756842
60.472 -0.6423006346
60.474 -0.6422452506
60.476 -0.6419694029
60.478 -0.6419132334
60.48 -0.6416366162
60.482 -0.6415797019
60.484 -0.6413023478
60.486 -0.6412447124
60.488 -0.6409666491
60.49 -0.6409083134
60.492 -0.6406295601
60.494 -0.6405705461
60.496 -0.6402911167
60.498 -0.6402314395
60.5 -0.6399513512
60.502 -0.6398910195
60.504 -0.6396102751
60.506 -0.6395493004
60.508 -0.6392679181
60.51 -0.6392063081
60.512 -0.6389242938
60.514 -0.6388620618
60.516 -0.6385794199
60.518 -0.6385165637
60.52 -0.638233306
60.522 -0.63816984
60.524 -0.6378859779
60.526 -0.6378219097
60.528 -0.6375374476
60.53 -0.6374727812
60.532 -0.6371877247
60.534 -0.6371224729
60.536 -0.6368368331
60.538 -0.6367710055
60.54 -0.6364847945
60.542 -0.6364183986
60.544 -0.6361316231
60.546 -0.636064665
60.548 -0.6357773284
60.55 -0.6357098131
60.552 -0.6354219149
60.554 -0.6353538472
60.556 -0.6350653767
60.558 -0.6349967117
60.56 -0.6347076491
60.562 -0.6346384078
60.564 -0.6343489833
60.566 -0.6342796585
60.568 -0.6339900328
60.57 -0.633920268
60.572 -0.6336300911
60.574 -0.633559676
60.576 -0.6332687565
60.578 -0.6331975198
60.58 -0.6329057227
60.582 -0.6328335576
60.584 -0.6325407796
60.586 -0.6324676031
60.588 -0.6321737809
60.59 -0.6320995358
60.592 -0.6318046283
60.594 -0.631729283
60.596 -0.6314332709
60.598 -0.6313568224
60.6 -0.6310597038
60.602 -0.6309821481
60.604 -0.630683926
60.606 -0.630605281
60.608 -0.6303059776
60.61 -0.6302262626
60.612 -0.6299259168
60.614 -0.6298451899
60.616 -0.6295438538
60.618 -0.6294621579
60.62 -0.6291598782
60.622 -0.6290772766
60.624 -0.6287741106
60.626 -0.6286906658
60.628 -0.6283866983
60.63 -0.6283024909
60.632 -0.6279977968
60.634 -0.6279129076
60.636 -0.6276075756
60.638 -0.6275220941
60.64 -0.6272162086
60.642 -0.627130218
60.644 -0.6268238675
60.646 -0.6267374592
60.648 -0.6264307346
60.65 -0.6263439914
60.652 -0.626037005
60.654 -0.6259500742
60.656 -0.6256429014
60.658 -0.6255557896
60.66 -0.6252484667
60.662 -0.6251612306
60.664 -0.6248538023
60.666 -0.6247665174
60.668 -0.6244591027
60.67 -0.624371812
60.672 -0.6240643672
60.674 -0.6239770661
60.676 -0.6236696189
60.678 -0.6235823222
60.68 -0.6232749123
60.682 -0.6231877021
60.684 -0.6228803353
60.686 -0.6227931248
60.688 -0.6224857605
60.69 -0.6223985552
60.692 -0.622091182
60.694 -0.6220039691
60.696 -0.621696606
60.698 -0.6216094261
60.7 -0.6213020592
60.702 -0.6212148297
60.704 -0.6209073919
60.706 -0.6208200867
60.708 -0.6205125622
60.71 -0.6204251951
60.712 -0.620117624
60.714 -0.6200301574
60.716 -0.6197224513
60.718 -0.6196348435
60.72 -0.6193269856
60.722 -0.6192392139
60.724 -0.6189312091
60.726 -0.618843326
60.728 -0.618535163
60.73 -0.6184470782
60.732 -0.6181387055
60.734 -0.6180504049
60.736 -0.6177418156
60.738 -0.6176533149
60.74 -0.6173445627
60.742 -0.6172558623
60.744 -0.6169468679
60.746 -0.6168579253
60.748 -0.6165486905
60.75 -0.6164595373
60.752 -0.6161501224
60.754 -0.6160607517
60.756 -0.6157510712
60.758 -0.6156614346
60.76 -0.6153514922
60.762 -0.6152616239
60.764 -0.6149514767
60.766 -0.6148613697
60.768 -0.6145509418
60.77 -0.6144605563
60.772 -0.6141498396
60.774 -0.6140591946
60.776 -0.6137482568
60.778 -0.6136573508
60.78 -0.6133461075
60.782 -0.6132549032
60.784 -0.6129433901
60.786 -0.6128519376
60.788 -0.6125401337
60.79 -0.6124483633
60.792 -0.6121362276
60.794 -0.6120441207
60.796 -0.6117316655
60.798 -0.6116392736
60.8 -0.6113264911
60.802 -0.6112337308
60.804 -0.610920628
60.806 -0.6108277568
60.808 -0.6105148731
60.81 -0.6104222218
60.812 -0.6101093999
60.814 -0.6100167975
60.816 -0.6097040322
60.818 -0.6096115087
60.82 -0.6092987613
60.822 -0.609206209
60.824 -0.6088934093
60.826 -0.608800823
60.828 -0.6084880077
60.83 -0.6083953522
60.832 -0.6080822155
60.834 -0.607988742
60.836 -0.6076744002
60.838 -0.6075796101
60.84 -0.6072638991
60.842 -0.6071676309
60.844 -0.6068503495
60.846 -0.6067524978
60.848 -0.6064336599
60.85 -0.6063342933
60.852 -0.6060139628
60.854 -0.6059131168
60.856 -0.6055912907
60.858 -0.6054887815
60.86 -0.6051651166
60.862 -0.6050609784
60.864 -0.604735991
60.866 -0.6046307161
60.868 -0.6043047512
60.87 -0.6041986581
60.872 -0.6038720323
60.874 -0.6037654114
60.876 -0.6034383805
60.878 -0.6033314689
60.88 -0.6030042501
60.882 -0.6028972542
60.884 -0.602570042
60.886 -0.6024631961
60.888 -0.6021362301
60.89 -0.6020296339
60.892 -0.601702963
60.894 -0.6015967446
60.896 -0.6012705088
60.898 -0.6011647649
60.9 -0.6008390401
60.902 -0.6007338513
60.904 -0.6004087157
60.906 -0.6003043476
60.908 -0.5999805517
60.91 -0.5998779511
60.912 -0.5995560633
60.914 -0.5994553766
60.916 -0.5991354383
60.918 -0.5990367461
60.92 -0.5987188001
60.922 -0.5986220594
60.924 -0.598306002
60.926 -0.5982110762
60.928 -0.59789693
60.93 -0.5978041009
60.932 -0.5974918056
60.934 -0.5974003827
60.936 -0.5970892167
60.938 -0.5969986845
60.94 -0.5966881748
60.942 -0.5965980719
60.944 -0.5962877781
60.946 -0.5961976918
60.948 -0.5958872717
60.95 -0.5957968817
60.952 -0.5954859098
60.954 -0.5953947841
60.956 -0.5950829255
60.958 -0.5949907645
60.96 -0.5946777316
60.962 -0.5945842754
60.964 -0.5942698139
60.966 -0.5941748596
60.968 -0.5938588106
60.97 -0.593762117
60.972 -0.5934442279
60.974 -0.5933456336
60.976 -0.5930257809
60.978 -0.5929249787
60.98 -0.5926023968
60.982 -0.5924985216
60.984 -0.5921727537
60.986 -0.5920655462
60.988 -0.5917363964
60.99 -0.59162584
60.992 -0.5912933178
60.994 -0.5911794229
60.996 -0.5908436571
60.998 -0.5907266245
61 -0.5903878643
61.002 -0.5902679409
61.004 -0.5899263678
61.006 -0.5898037842
61.008 -0.5894597333
61.01 -0.5893347772
61.012 -0.5889884972
61.014 -0.5888615413
61.016 -0.5885133836
61.018 -0.58838463
61.02 -0.5880348303
61.022 -0.5879045535
61.024 -0.5875533647
61.026 -0.5874218616
61.028 -0.5870695367
61.03 -0.5869370781
61.032 -0.586583967
61.034 -0.5864507241
61.036 -0.5860968982
61.038 -0.5859630885
61.04 -0.5856087545
61.042 -0.5854745096
61.044 -0.5851198465
61.046 -0.5849853501
61.048 -0.5846305081
61.05 -0.5844958572
61.052 -0.5841408398
61.054 -0.5840060514
61.056 -0.5836509536
61.058 -0.5835160758
61.06 -0.5831608984
61.062 -0.5830260395
61.064 -0.5826708573
61.066 -0.5825359113
61.068 -0.582180645
61.07 -0.5820456199
61.072 -0.5816902513
61.074 -0.5815550704
61.076 -0.5811995267
61.078 -0.5810642433
61.08 -0.5807085508
61.082 -0.5805730234
61.084 -0.580217072
61.086 -0.580081267
61.088 -0.5797250142
61.09 -0.5795888553
61.092 -0.5792322773
61.094 -0.5790958182
61.096 -0.5787388473
61.098 -0.5786019598
61.1 -0.578244517
61.102 -0.5781071452
61.104 -0.5777492428
61.106 -0.5776114497
61.108 -0.5772531292
61.11 -0.5771148091
61.112 -0.5767559383
61.114 -0.5766171214
61.116 -0.5762577401
61.118 -0.5761184131
61.12 -0.5757585492
61.122 -0.5756187544
61.124 -0.5752583956
61.126 -0.5751180839
61.128 -0.5747572279
61.13 -0.5746164211
61.132 -0.5742550772
61.134 -0.5741134359
61.136 -0.5737515165
61.138 -0.5736092942
61.14 -0.5732469037
61.142 -0.5731042157
61.144 -0.5727414595
61.146 -0.572598433
61.148 -0.5722352578
61.15 -0.5720917873
61.152 -0.5717280063
61.154 -0.5715841254
61.156 -0.5712202683
61.158 -0.5710762146
61.16 -0.5707116724
61.162 -0.570567111
61.164 -0.5702021393
61.166 -0.5700572937
61.168 -0.5696920256
61.17 -0.5695468923
61.172 -0.5691812921
61.174 -0.5690359076
61.176 -0.568670074
61.178 -0.5685243907
61.18 -0.568158366
61.182 -0.5680124558
61.184 -0.5676460913
61.186 -0.5674998615
61.188 -0.5671331214
61.19 -0.5669864979
61.192 -0.5666194086
61.194 -0.5664724779
61.196 -0.5661049952
61.198 -0.5659576208
61.2 -0.5655898785
61.202 -0.5654422183
61.204 -0.5650739804
61.206 -0.5649257822
61.208 -0.5645570539
61.21 -0.5644083938
61.212 -0.5640391094
61.214 -0.5638898584
61.216 -0.5635201626
61.218 -0.5633704522
61.22 -0.5630000571
61.222 -0.5628496112
61.224 -0.5624785394
61.226 -0.5623274449
61.228 -0.5619556274
61.23 -0.5618037592
61.232 -0.5614313526
61.234 -0.5612788545
61.236 -0.560905586
61.238 -0.5607522557
61.24 -0.5603781979
61.242 -0.5602240415
61.244 -0.5598491053
61.246 -0.5596941372
61.248 -0.5593185359
61.25 -0.5591627913
61.252 -0.5587862296
61.254 -0.5586295933
61.256 -0.5582521791
61.258 -0.5580946661
61.26 -0.5577165316
61.262 -0.5575582819
61.264 -0.5571791958
61.266 -0.5570200447
61.268 -0.5566401
61.27 -0.5564800372
61.272 -0.5560992816
61.274 -0.5559384939
61.276 -0.5555569707
61.278 -0.5553952985
61.28 -0.5550128609
61.282 -0.5548503519
61.284 -0.5544672281
61.286 -0.554304099
61.288 -0.5539201784
61.29 -0.5537561254
61.292 -0.5533712847
61.294 -0.5532064765
61.296 -0.5528211226
61.298 -0.5526556378
61.3 -0.5522694011
61.302 -0.5521030796
61.304 -0.5517161717
61.306 -0.5515492495
61.308 -0.5511615411
61.31 -0.5509937167
61.312 -0.550605227
61.314 -0.5504367763
61.316 -0.550047656
61.318 -0.5498784553
61.32 -0.5494885544
61.322 -0.5493185937
61.324 -0.5489280267
61.326 -0.5487573532
61.328 -0.5483659255
61.33 -0.5481944926
61.332 -0.5478023028
61.334 -0.5476300241
61.336 -0.5472371863
61.338 -0.5470643111
61.34 -0.5466705729
61.342 -0.5464967791
61.344 -0.5461023964
61.346 -0.5459279514
61.348 -0.5455326942
61.35 -0.5453573359
61.352 -0.54496134
61.354 -0.5447853098
61.356 -0.5443884261
61.358 -0.5442113975
61.36 -0.5438136735
61.362 -0.5436359279
61.364 -0.5432374811
61.366 -0.5430589163
61.368 -0.5426595296
61.37 -0.5424801431
61.372 -0.5420800351
61.374 -0.5418997545
61.376 -0.5414986997
61.378 -0.5413175812
61.38 -0.5409157265
61.382 -0.5407337554
61.384 -0.5403309741
61.386 -0.5401481733
61.388 -0.5397446341
61.39 -0.5395609165
61.392 -0.5391564055
61.394 -0.5389718298
61.396 -0.5385665093
61.398 -0.5383810653
61.4 -0.5379747942
61.402 -0.53778851
61.404 -0.5373814669
61.406 -0.5371942463
61.408 -0.5367862523
61.41 -0.5365982074
61.412 -0.5361894179
61.414 -0.5360005227
61.416 -0.535590757
61.418 -0.5354009625
61.42 -0.5349904349
61.422 -0.534799799
61.424 -0.5343883155
61.426 -0.5341967835
61.428 -0.5337845124
61.43 -0.5335921241
61.432 -0.5331790758
61.434 -0.5329859282
61.436 -0.5325718267
61.438 -0.5323776737
61.44 -0.5319628615
61.442 -0.5317680028
61.444 -0.5313522239
61.446 -0.5311563983
61.448 -0.5307398249
61.45 -0.530543168
61.452 -0.5301258702
61.454 -0.5299284364
61.456 -0.529510133
61.458 -0.5293117927
61.46 -0.5288928286
61.462 -0.5286937738
61.464 -0.5282737989
61.466 -0.5280738396
61.468 -0.5276532454
61.47 -0.527452592
61.472 -0.5270311937
61.474 -0.5268297682
61.476 -0.5264075573
61.478 -0.5262053201
61.48 -0.5257823598
61.482 -0.5255793743
61.484 -0.5251557676
61.486 -0.5249520853
61.488 -0.524527557
61.49 -0.5243230059
61.492 -0.52389785
61.494 -0.5236927528
61.496 -0.5232669625
61.498 -0.5230611157
61.5 -0.5226344989
61.502 -0.5224279583
61.504 -0.5220007509
61.506 -0.5217935476
61.508 -0.521365681
61.51 -0.5211578784
61.512 -0.5207293734
61.514 -0.5205208708
61.516 -0.5200916182
61.518 -0.5198824522
61.52 -0.5194525886
61.522 -0.5192427856
61.524 -0.5188123377
61.526 -0.5186019917
61.528 -0.5181708948
61.53 -0.517959843
61.532 -0.5175281372
61.534 -0.5173165769
61.536 -0.5168844315
61.538 -0.5166723337
61.54 -0.5162396165
61.542 -0.5160270161
61.544 -0.5155938665
61.546 -0.5153811029
61.548 -0.5149478197
61.55 -0.5147346503
61.552 -0.5143008125
61.554 -0.5140870576
61.556 -0.5136526682
61.558 -0.5134383549
61.56 -0.5130034792
61.562 -0.5127887733
61.564 -0.5123533447
61.566 -0.512138113
61.568 -0.5117025717
61.57 -0.511487552
61.572 -0.5110520422
61.574 -0.5108367397
61.576 -0.5104010165
61.578 -0.5101855666
61.58 -0.50974958
61.582 -0.5095337802
61.584 -0.5090973119
61.586 -0.5088813099
61.588 -0.5084451064
61.59 -0.5082292071
61.592 -0.5077927976
61.594 -0.5075766927
61.596 -0.5071401453
61.598 -0.506923798
61.6 -0.5064870918
61.602 -0.5062709065
61.604 -0.5058343239
61.606 -0.5056179358
61.608 -0.5051810529
61.61 -0.5049643795
61.612 -0.5045272582
61.614 -0.5043106985
61.616 -0.5038736755
61.618 -0.5036569025
61.62 -0.5032196886
61.622 -0.5030028923
61.624 -0.5025658024
61.626 -0.5023489575
61.628 -0.5019115758
61.63 -0.5016944285
61.632 -0.5012569853
61.634 -0.5010399381
61.636 -0.5006023888
61.638 -0.5003850634
61.64 -0.4999472398
61.642 -0.4997297291
61.644 -0.4992918747
61.646 -0.4990742653
61.648 -0.4986361099
61.65 -0.4984183659
61.652 -0.4979802248
61.654 -0.4977622918
61.656 -0.4973237428
61.658 -0.4971055923
61.66 -0.4966671501
61.662 -0.4964488422
61.664 -0.4960099147
61.666 -0.4957913413
61.668 -0.4953522815
61.67 -0.4951334043
61.672 -0.4946940803
61.674 -0.4944751949
61.676 -0.4940357216
61.678 -0.4938164054
61.68 -0.4933765729
61.682 -0.4931570759
61.684 -0.4927169061
61.686 -0.4924970437
61.688 -0.4920568242
61.69 -0.4918366903
61.692 -0.4913960004
61.694 -0.4911756013
61.696 -0.4907345987
61.698 -0.4905139182
61.7 -0.4900726859
61.702 -0.4898515479
61.704 -0.4894098156
61.706 -0.4891884257
61.708 -0.4887464002
61.71 -0.4885245192
61.712 -0.4880821122
61.714 -0.4878599346
61.716 -0.4874172652
61.718 -0.4871947452
61.72 -0.4867515755
61.722 -0.4865286455
61.724 -0.4860849778
61.726 -0.4858614836
61.728 -0.4854174817
61.73 -0.4851936535
61.732 -0.4847492231
61.734 -0.4845248307
61.736 -0.4840798095
61.738 -0.4838550573
61.74 -0.4834096778
61.742 -0.4831844563
61.744 -0.4827386192
61.746 -0.4825130775
61.748 -0.4820667563
61.75 -0.4818405245
61.752 -0.4813936542
61.754 -0.4811669607
61.756 -0.4807196465
61.758 -0.4804925463
61.76 -0.4800448489
61.762 -0.4798173312
61.764 -0.4793691562
61.766 -0.4791411553
61.768 -0.478692582
61.77 -0.4784642038
61.772 -0.4780151588
61.774 -0.4777863094
61.776 -0.4773367483
61.778 -0.4771073394
61.78 -0.4766573584
61.782 -0.4764275744
61.784 -0.4759770822
61.786 -0.4757467833
61.788 -0.4752957549
61.79 -0.4750648708
61.792 -0.4746133911
61.794 -0.4743820917
61.796 -0.473930065
61.798 -0.4736981974
61.8 -0.4732456534
61.802 -0.4730132201
61.804 -0.4725601466
61.806 -0.472326718
61.808 -0.4718728337
61.81 -0.4716385154
61.812 -0.4711834598
61.814 -0.4709482234
61.816 -0.4704923292
61.818 -0.4702565691
61.82 -0.4698000875
61.822 -0.4695636954
61.824 -0.4691065718
61.826 -0.468869628
61.828 -0.468411909
61.83 -0.4681744019
61.832 -0.4677162741
61.834 -0.467478319
61.836 -0.4670196306
61.838 -0.4667811264
61.84 -0.4663219398
61.842 -0.466082955
61.844 -0.4656233288
61.846 -0.465383965
61.848 -0.4649239481
61.85 -0.4646841552
61.852 -0.4642238317
61.854 -0.4639838056
61.856 -0.4635231676
61.858 -0.4632828737
61.86 -0.4628219722
61.862 -0.4625813144
61.864 -0.4621200215
61.866 -0.4618791724
61.868 -0.4614177094
61.87 -0.461176518
61.872 -0.4607147933
61.874 -0.4604734096
61.876 -0.4600113324
61.878 -0.4597695305
61.88 -0.4593072313
61.882 -0.459065261
61.884 -0.4586026203
61.886 -0.458360263
61.888 -0.4578972549
61.89 -0.4576546597
61.892 -0.4571914261
61.894 -0.4569484174
61.896 -0.4564846405
61.898 -0.4562410432
61.9 -0.4557768944
61.902 -0.4555330552
61.904 -0.4550684823
61.906 -0.4548242309
61.908 -0.4543593017
61.91 -0.4541145342
61.912 -0.4536491645
61.914 -0.4534039631
61.916 -0.4529379355
61.918 -0.452692272
61.92 -0.4522259473
61.922 -0.4519797027
61.924 -0.4515127789
61.926 -0.451266011
61.928 -0.4507984142
61.93 -0.4505510767
61.932 -0.4500829572
61.934 -0.4498348648
61.936 -0.4493661254
61.938 -0.4491177768
61.94 -0.44864859
61.942 -0.4483994635
61.944 -0.4479296108
61.946 -0.4476798685
61.948 -0.4472092434
61.95 -0.4469588515
61.952 -0.4464877781
61.954 -0.4462368378
61.956 -0.4457650518
61.958 -0.4455134854
61.96 -0.4450412413
61.962 -0.4447891129
61.964 -0.4443160691
61.966 -0.4440631976
61.968 -0.4435896206
61.97 -0.4433361245
61.972 -0.4428616762
61.974 -0.4426075146
61.976 -0.4421327051
61.978 -0.441878066
61.98 -0.4414025339
61.982 -0.4411470645
61.984 -0.4406707973
61.986 -0.4404147758
61.988 -0.4399380435
61.99 -0.439681537
61.992 -0.4392041014
61.994 -0.4389466966
61.996 -0.4384685497
61.998 -0.4382107006
62 -0.4377320629
62.002 -0.4374736729
62.004 -0.4369945607
62.006 -0.4367355161
62.008 -0.4362554308
62.01 -0.4359954901
62.012 -0.4355147677
62.014 -0.4352542467
62.016 -0.4347729371
62.018 -0.434511837
62.02 -0.4340299523
62.022 -0.433768344
62.024 -0.4332860194
62.026 -0.4330238871
62.028 -0.4325407667
62.03 -0.4322775872
62.032 -0.431793536
62.034 -0.4315296443
62.036 -0.431044864
62.038 -0.4307802385
62.04 -0.430294765
62.042 -0.4300294179
62.044 -0.4295431986
62.046 -0.4292771519
62.048 -0.428790243
62.05 -0.4285234572
62.052 -0.4280358043
62.054 -0.4277682791
62.056 -0.427279919
62.058 -0.4270117411
62.06 -0.4265226478
62.062 -0.4262536635
62.064 -0.4257637709
62.066 -0.4254939701
62.068 -0.4250032497
62.07 -0.4247326064
62.072 -0.4242410341
62.074 -0.4239695371
62.076 -0.4234770972
62.078 -0.4232047127
62.08 -0.4227113741
62.082 -0.4224380906
62.084 -0.4219438431
62.086 -0.421669652
62.088 -0.4211744948
62.09 -0.420899371
62.092 -0.4204032765
62.094 -0.4201272156
62.096 -0.4196301877
62.098 -0.4193531894
62.1 -0.4188552068
62.102 -0.4185772558
62.104 -0.4180783198
62.106 -0.4177994194
62.108 -0.4172995292
62.11 -0.4170196675
62.112 -0.4165188041
62.114 -0.4162379808
62.116 -0.4157361789
62.118 -0.4154544107
62.12 -0.4149516528
62.122 -0.4146689302
62.124 -0.4141652294
62.126 -0.4138815654
62.128 -0.4133769146
62.13 -0.4130923043
62.132 -0.412586715
62.134 -0.4123011706
62.136 -0.4117946425
62.138 -0.4115081626
62.14 -0.4110007006
62.142 -0.4107132926
62.144 -0.4102049056
62.146 -0.4099165843
62.148 -0.4094072774
62.15 -0.4091180233
62.152 -0.4086078015
62.154 -0.4083176412
62.156 -0.40780651
62.158 -0.4075154411
62.16 -0.4070034074
62.162 -0.4067114365
62.164 -0.4061985059
62.166 -0.4059056428
62.168 -0.4053918264
62.17 -0.4050980789
62.172 -0.4045833692
62.174 -0.4042887776
62.176 -0.4037731873
62.178 -0.403477643
62.18 -0.4029619057
62.182 -0.4026661526
62.184 -0.4021497547
62.186 -0.4018530169
62.188 -0.4013353525
62.19 -0.4010373876
62.192 -0.4005183931
62.194 -0.4002191296
62.196 -0.3996987886
62.198 -0.3993982162
62.2 -0.3988765348
62.202 -0.3985746521
62.204 -0.3980516591
62.206 -0.3977484961
62.208 -0.3972242116
62.21 -0.3969197882
62.212 -0.3963942553
62.214 -0.3960886019
62.216 -0.3955618455
62.218 -0.3952549861
62.22 -0.3947270422
62.222 -0.3944190178
62.224 -0.3938899042
62.226 -0.3935807286
62.228 -0.3930504838
62.23 -0.3927401989
62.232 -0.3922088541
62.234 -0.3918974781
62.236 -0.3913650474
62.238 -0.391052609
62.24 -0.3905191281
62.242 -0.3902056456
62.244 -0.3896711218
62.246 -0.3893566061
62.248 -0.3888210678
62.25 -0.3885055455
62.252 -0.3879690085
62.254 -0.3876524897
62.256 -0.3871149684
62.258 -0.3867974774
62.26 -0.3862589808
62.262 -0.3859405248
62.264 -0.3854010691
62.266 -0.38508167
62.268 -0.3845412827
62.27 -0.3842209458
62.272 -0.3836796267
62.274 -0.3833583701
62.276 -0.3828161414
62.278 -0.3824939847
62.28 -0.381950857
62.282 -0.3816278128
62.284 -0.3810838185
62.286 -0.3807599142
62.288 -0.3802150612
62.29 -0.3798903149
62.292 -0.3793446379
62.294 -0.3790190704
62.296 -0.3784725641
62.298 -0.3781461916
62.3 -0.3775989121
62.302 -0.3772717897
62.304 -0.3767237769
62.306 -0.3763959429
62.308 -0.3758472429
62.31 -0.3755187275
62.312 -0.3749693316
62.314 -0.3746401254
62.316 -0.3740900571
62.318 -0.3737601883
62.32 -0.3732094781
62.322 -0.3728789903
62.324 -0.3723276702
62.326 -0.3719965899
62.328 -0.3714446899
62.33 -0.3711130518
62.332 -0.3705605949
62.334 -0.3702284125
62.336 -0.3696754341
62.338 -0.3693427516
62.34 -0.3687892894
62.342 -0.3684560956
62.344 -0.3679021258
62.346 -0.3675684315
62.348 -0.3670139667
62.35 -0.3666798054
62.352 -0.3661248664
62.354 -0.3657902293
62.356 -0.3652348051
62.358 -0.3648997075
62.36 -0.364343834
62.362 -0.364008252
62.364 -0.3634518962
62.366 -0.3631158387
62.368 -0.3625590004
62.37 -0.3622224777
62.372 -0.3616651775
62.374 -0.3613281681
62.376 -0.3607703797
62.378 -0.3604328862
62.38 -0.3598746025
62.382 -0.3595366337
62.384 -0.3589778806
62.386 -0.3586394093
62.388 -0.3580801409
62.39 -0.3577411643
62.392 -0.3571813974
62.394 -0.3568419273
62.396 -0.3562816718
62.398 -0.3559416934
62.4 -0.3553809236
62.402 -0.3550404525
62.404 -0.3544791976
62.406 -0.3541382174
62.408 -0.3535764392
62.41 -0.353234947
62.412 -0.3526726573
62.414 -0.3523306767
62.416 -0.351767896
62.418 -0.3514254097
62.42 -0.3508621261
62.422 -0.3505191469
62.424 -0.3499553748
62.426 -0.3496118942
62.428 -0.3490475818
62.43 -0.3487036006
62.432 -0.3481388172
62.434 -0.3477943578
62.436 -0.34722908
62.438 -0.3468841402
62.44 -0.3463184089
62.442 -0.3459729958
62.444 -0.3454067741
62.446 -0.3450608946
62.448 -0.3444942299
62.45 -0.3441478703
62.452 -0.3435807242
62.454 -0.3432339154
62.456 -0.3426663165
62.458 -0.3423190307
62.46 -0.341750957
62.462 -0.3414032236
62.464 -0.3408346979
62.466 -0.3404864944
62.468 -0.3399174984
62.47 -0.3395688415
62.472 -0.3389994012
62.474 -0.3386502738
62.476 -0.3380803595
62.478 -0.3377307848
62.48 -0.337160435
62.482 -0.3368103998
62.484 -0.3362395754
62.486 -0.3358890897
62.488 -0.3353178171
62.49 -0.3349668616
62.492 -0.3343951091
62.494 -0.3340436899
62.496 -0.3334714777
62.498 -0.3331195725
62.5 -0.3325468602
62.502 -0.3321944633
62.504 -0.3316212771
62.506 -0.3312683811
62.508 -0.3306946755
62.51 -0.3303412909
62.512 -0.3297670992
62.514 -0.3294132077
62.516 -0.3288384944
62.518 -0.3284841033
62.52 -0.3279088857
62.522 -0.3275539728
62.524 -0.3269782516
62.526 -0.3266228034
62.528 -0.326046536
62.53 -0.325690567
62.532 -0.3251137875
62.534 -0.3247572843
62.536 -0.3241799527
62.538 -0.323822918
62.54 -0.3232450585
62.542 -0.322887475
62.544 -0.3223090627
62.546 -0.3219509542
62.548 -0.321372015
62.55 -0.3210133591
62.552 -0.3204338814
62.554 -0.3200746708
62.556 -0.319494622
62.558 -0.3191348627
62.56 -0.3185542826
62.562 -0.3181939714
62.564 -0.3176128312
62.566 -0.3172519778
62.568 -0.3166702961
62.57 -0.3163088934
62.572 -0.3157266643
62.574 -0.3153647073
62.576 -0.3147819019
62.578 -0.3144193814
62.58 -0.3138360329
62.582 -0.3134729576
62.584 -0.3128890405
62.586 -0.3125254161
62.588 -0.3119409724
62.59 -0.3115768166
62.592 -0.3109918871
62.594 -0.3106272526
62.596 -0.3100417653
62.598 -0.3096765814
62.6 -0.3090905776
62.602 -0.3087248737
62.604 -0.3081383902
62.606 -0.3077722246
62.608 -0.3071852151
62.61 -0.306818516
62.612 -0.3062310545
62.614 -0.30586392
62.616 -0.3052759518
62.618 -0.304908262
62.62 -0.3043198167
62.622 -0.3039517108
62.624 -0.3033627803
62.626 -0.302994196
62.628 -0.3024048439
62.63 -0.3020357572
62.632 -0.3014459215
62.634 -0.3010764352
62.636 -0.3004861117
62.638 -0.3001161483
62.64 -0.2995254254
62.642 -0.2991550331
62.644 -0.2985638676
62.646 -0.2981929554
62.648 -0.2976012864
62.65 -0.2972299596
62.652 -0.2966378607
62.654 -0.2962660788
62.656 -0.2956735268
62.658 -0.2953012932
62.66 -0.2947082962
62.662 -0.2943355795
62.664 -0.2937420838
62.666 -0.2933689031
62.668 -0.2927749356
62.67 -0.292401272
62.672 -0.2918068335
62.674 -0.2914326978
62.676 -0.2908377669
62.678 -0.2904631227
62.68 -0.2898676822
62.682 -0.2894925256
62.684 -0.2888965768
62.686 -0.2885209355
62.688 -0.2879245046
62.69 -0.2875484189
62.692 -0.2869515109
62.694 -0.2865748592
62.696 -0.2859774173
62.698 -0.2856002272
62.7 -0.2850022999
62.702 -0.2846245912
62.704 -0.2840260481
62.706 -0.2836478455
62.708 -0.2830488175
62.71 -0.2826700326
62.712 -0.2820704808
62.714 -0.281691179
62.716 -0.2810910527
62.718 -0.2807112323
62.72 -0.2801106381
62.722 -0.2797302722
62.724 -0.2791290864
62.726 -0.2787481859
62.728 -0.2781465003
62.73 -0.2777650492
62.732 -0.277162757
62.734 -0.2767807503
62.736 -0.2761779603
62.738 -0.2757954546
62.74 -0.2751921752
62.742 -0.2748090987
62.744 -0.2742051913
62.746 -0.2738215731
62.748 -0.2732171732
62.75 -0.272833042
62.752 -0.2722281046
62.754 -0.2718434226
62.756 -0.2712379628
62.758 -0.2708527641
62.76 -0.2702467092
62.762 -0.2698608363
62.764 -0.2692541738
62.766 -0.2688677527
62.768 -0.2682605093
62.77 -0.2678735008
62.772 -0.2672656756
62.774 -0.2668780078
62.776 -0.2662694319
62.778 -0.2658809265
62.78 -0.2652714571
62.782 -0.264882035
62.784 -0.2642716274
62.786 -0.2638812646
62.788 -0.2632699197
62.79 -0.2628786148
62.792 -0.2622663546
62.794 -0.2618741833
62.796 -0.2612610923
62.798 -0.2608681344
62.8 -0.2602542736
62.802 -0.2598605746
62.804 -0.2592460479
62.806 -0.2588517287
62.808 -0.2582365988
62.81 -0.2578416956
62.812 -0.2572259897
62.814 -0.2568305443
62.816 -0.2562143086
62.818 -0.2558183204
62.82 -0.2552015471
62.822 -0.2548050282
62.824 -0.2541877276
62.826 -0.2537906601
62.828 -0.2531727831
62.83 -0.2527751136
62.832 -0.2521566201
62.834 -0.2517583269
62.836 -0.2511391661
62.838 -0.2507401744
62.84 -0.2501203178
62.842 -0.2497206144
62.844 -0.249100004
62.846 -0.2486995292
62.848 -0.2480781707
62.85 -0.2476769332
62.852 -0.2470547833
62.854 -0.246652765
62.856 -0.2460298421
62.858 -0.2456270137
62.86 -0.2450032713
62.862 -0.2445996432
62.864 -0.2439750863
62.866 -0.2435706288
62.868 -0.2429452673
62.87 -0.2425400093
62.872 -0.2419138275
62.874 -0.2415077408
62.876 -0.2408807541
62.878 -0.2404738511
62.88 -0.2398460304
62.882 -0.2394383186
62.884 -0.2388096862
62.886 -0.2384020258
62.888 -0.2377738199
62.89 -0.2373661676
62.892 -0.236737598
62.894 -0.2363293437
62.896 -0.2357001309
62.898 -0.2352911112
62.9 -0.2346611511
62.902 -0.2342513139
62.904 -0.2336205085
62.906 -0.2332098085
62.908 -0.232578117
62.91 -0.2321665078
62.912 -0.231533919
62.914 -0.2311213821
62.916 -0.2304878324
62.918 -0.2300743017
62.92 -0.2294400032
62.922 -0.2290257392
62.924 -0.2283903906
62.926 -0.2279749797
62.928 -0.227338566
62.93 -0.2269220855
62.932 -0.2262845707
62.934 -0.2258670062
62.936 -0.2252285116
62.938 -0.2248101082
62.94 -0.2241706406
62.942 -0.2237510713
62.944 -0.2231104189
62.946 -0.222689709
62.948 -0.2220479319
62.95 -0.2216260876
62.952 -0.2209833204
62.954 -0.2205604872
62.956 -0.2199167033
62.958 -0.2194928375
62.96 -0.2188479098
62.962 -0.2184228882
62.964 -0.2177768188
62.966 -0.2173508165
62.968 -0.2167037498
62.97 -0.2162766311
62.972 -0.2156285665
62.974 -0.2152004754
62.976 -0.2145512964
62.978 -0.2141221969
62.98 -0.2134720653
62.982 -0.2130418977
62.984 -0.2123906602
62.986 -0.2119594138
62.988 -0.2113071205
62.99 -0.2108750742
62.992 -0.2102219917
62.994 -0.2097888504
62.996 -0.2091345649
62.998 -0.2087003481
63 -0.2080449576
63.002 -0.2076098135
63.004 -0.2069534868
63.006 -0.2065173475
63.008 -0.2058600949
63.01 -0.2054228045
63.012 -0.204764612
63.014 -0.2043263203
63.016 -0.203667077
63.018 -0.2032276477
63.02 -0.2025673528
63.022 -0.2021270789
63.024 -0.2014659895
63.026 -0.2010246112
63.028 -0.2003623341
63.03 -0.1999198647
63.032 -0.1992566732
63.034 -0.1988132658
63.036 -0.1981491256
63.038 -0.1977047799
63.04 -0.197039677
63.042 -0.1965944241
63.044 -0.1959282054
63.046 -0.1954818912
63.048 -0.1948147134
63.05 -0.1943676102
63.052 -0.1936995073
63.054 -0.1932513178
63.056 -0.1925822299
63.058 -0.1921331079
63.06 -0.1914629455
63.062 -0.1910127051
63.064 -0.1903417163
63.066 -0.1898907052
63.068 -0.1892186518
63.07 -0.1887665129
63.072 -0.188093501
63.074 -0.1876404352
63.076 -0.1869664719
63.078 -0.1865124427
63.08 -0.1858374921
63.082 -0.185382464
63.084 -0.1847064024
63.086 -0.1842502992
63.088 -0.1835730795
63.09 -0.1831156729
63.092 -0.1824371104
63.094 -0.181978511
63.096 -0.1812987363
63.098 -0.1808387755
63.1 -0.1801576934
63.102 -0.1796964184
63.104 -0.1790138697
63.106 -0.1785512251
63.108 -0.1778673627
63.11 -0.1774032693
63.112 -0.1767180377
63.114 -0.1762525706
63.116 -0.175565853
63.118 -0.1750988848
63.12 -0.1744107861
63.122 -0.1739424669
63.124 -0.1732529182
63.126 -0.172783249
63.128 -0.172092372
63.13 -0.1716212615
63.132 -0.1709290356
63.134 -0.1704566279
63.136 -0.1697629578
63.138 -0.1692891929
63.14 -0.168594203
63.142 -0.1681189638
63.144 -0.1674225774
63.146 -0.1669459607
63.148 -0.1662480756
63.15 -0.1657700971
63.152 -0.1650709112
63.154 -0.1645916168
63.156 -0.1638910847
63.158 -0.1634103719
63.16 -0.1627085189
63.162 -0.1622264976
63.164 -0.1615232408
63.166 -0.1610399015
63.168 -0.1603353666
63.17 -0.1598506323
63.172 -0.1591447701
63.174 -0.1586587175
63.176 -0.157951564
63.178 -0.1574641932
63.18 -0.1567555882
63.182 -0.1562668807
63.184 -0.1555569935
63.186 -0.1550670156
63.188 -0.1543558328
63.19 -0.153864479
63.192 -0.1531520126
63.194 -0.1526594039
63.196 -0.151945739
63.198 -0.1514519203
63.2 -0.1507369323
63.202 -0.1502419128
63.204 -0.1495257866
63.206 -0.1490296817
63.208 -0.1483124473
63.21 -0.1478151484
63.212 -0.1470968834
63.214 -0.146598612
63.216 -0.1458793771
63.218 -0.1453800946
63.22 -0.1446599177
63.222 -0.1441597136
63.224 -0.1434385044
63.226 -0.1429374045
63.228 -0.1422153644
63.23 -0.1417134764
63.232 -0.1409906025
63.234 -0.1404879227
63.236 -0.1397642638
63.238 -0.1392608547
63.24 -0.1385364869
63.242 -0.1380322434
63.244 -0.1373071779
63.246 -0.136802301
63.248 -0.1360766361
63.25 -0.1355711109
63.252 -0.1348448641
63.254 -0.1343387669
63.256 -0.133611744
63.258 -0.1331047632
63.26 -0.1323769975
63.262 -0.1318693733
63.264 -0.1311410946
63.266 -0.1306330046
63.268 -0.12990435
63.27 -0.1293959435
63.272 -0.1286670141
63.274 -0.1281584134
63.276 -0.1274293821
63.278 -0.1269205157
63.28 -0.1261909992
63.282 -0.1256817296
63.284 -0.1249519535
63.286 -0.1244424721
63.288 -0.1237124075
63.29 -0.1232028314
63.292 -0.1224727302
63.294 -0.1219631771
63.296 -0.1212330516
63.298 -0.120723509
63.3 -0.1199933909
63.302 -0.1194838825
63.304 -0.1187537907
63.306 -0.1182443259
63.308 -0.1175142743
63.31 -0.1170047006
63.312 -0.1162746521
63.314 -0.1157650595
63.316 -0.1150349798
63.318 -0.1145252975
63.32 -0.1137951286
63.322 -0.11328529
63.324 -0.1125550101
63.326 -0.1120449917
63.328 -0.1113142854
63.33 -0.1108039341
63.332 -0.1100729099
63.334 -0.109562232
63.336 -0.1088307734
63.338 -0.10831966
63.34 -0.1075877195
63.342 -0.1070760865
63.344 -0.1063435691
63.346 -0.1058312309
63.348 -0.1050981033
63.35 -0.1045851192
63.352 -0.1038513161
63.354 -0.1033375854
63.356 -0.1026030448
63.358 -0.1020885415
63.36 -0.1013530906
63.362 -0.1008377856
63.364 -0.1001015419
63.366 -0.09958543998
63.368 -0.09884833075
63.37 -0.09833135169
63.372 -0.09759334184
63.374 -0.0970753646
63.376 -0.09633646419
63.378 -0.09581762883
63.38 -0.09507788791
63.382 -0.09455817728
63.384 -0.09381760411
63.386 -0.09329704567
63.388 -0.09255551827
63.39 -0.09203414911
63.392 -0.09129182917
63.394 -0.09076970094
63.396 -0.09002661552
63.398 -0.08950363237
63.4 -0.08875980521
63.402 -0.08823613038
63.404 -0.08749164478
63.406 -0.08696728203
63.408 -0.08622203205
63.41 -0.08569703735
63.412 -0.08495118621
63.414 -0.08442562976
63.416 -0.0836791855
63.418 -0.08315294328
63.42 -0.08240594012
63.422 -0.08187917502
63.424 -0.08113167368
63.426 -0.08060438225
63.428 -0.07985626198
63.43 -0.07932847847
63.432 -0.07857988813
63.434 -0.07805164604
63.436 -0.0773025686
63.438 -0.07677374501
63.44 -0.07602420288
63.442 -0.07549493287
63.444 -0.07474495501
63.446 -0.07421521416
63.448 -0.07346465488
63.45 -0.07293444261
63.452 -0.07218344774
63.454 -0.07165280451
63.456 -0.07090130629
63.458 -0.07037005182
63.46 -0.06961805608
63.462 -0.06908631209
63.464 -0.0683336883
63.466 -0.06780141035
63.468 -0.0670482857
63.47 -0.06651551322
63.472 -0.06576186306
63.474 -0.06522846943
63.476 -0.06447431914
63.478 -0.0639404367
63.48 -0.06318566384
63.482 -0.06265124283
63.484 -0.06189594553
63.486 -0.06136098917
63.488 -0.06060513018
63.49 -0.06006948077
63.492 -0.05931304069
63.494 -0.05877682867
63.496 -0.05801969025
63.498 -0.05748285335
63.5 -0.05672513165
63.502 -0.05618758666
63.504 -0.05542922084
63.506 -0.05489105678
63.508 -0.05413195336
63.51 -0.05359313672
63.512 -0.05283342114
63.514 -0.05229400368
63.516 -0.05153362228
63.518 -0.05099342244
63.52 -0.0502323798
63.522 -0.04969150556
63.524 -0.04892966271
63.526 -0.04838809923
63.528 -0.04762562315
63.53 -0.04708331083
63.532 -0.04632019798
63.534 -0.04577728814
63.536 -0.04501344138
63.538 -0.04446989424
63.54 -0.04370543747
63.542 -0.04316116304
63.544 -0.04239608492
63.546 -0.04185121958
63.548 -0.04108544378
63.55 -0.040540004
63.552 -0.03977368041
63.554 -0.03922757571
63.556 -0.03846069849
63.558 -0.03791408321
63.56 -0.03714659082
63.562 -0.03659933299
63.564 -0.03583135627
63.566 -0.03528362918
63.568 -0.03451505627
63.57 -0.03396684794
63.572 -0.03319781231
63.574 -0.03264903765
63.576 -0.03187953565
63.578 -0.03133032764
63.58 -0.03056027355
63.582 -0.03001061873
63.584 -0.02924013736
63.586 -0.02868994606
63.588 -0.02791890784
63.59 -0.02736832332
63.592 -0.02659688829
63.594 -0.02604577089
63.596 -0.02527392634
63.598 -0.0247224083
63.6 -0.02395004902
63.602 -0.02339800187
63.604 -0.02262526627
63.606 -0.02207285687
63.608 -0.02129963491
63.61 -0.02074682497
63.612 -0.01997322072
63.614 -0.01941992642
63.616 -0.01864580342
63.618 -0.01809215287
63.62 -0.01731769119
63.622 -0.01676356327
63.624 -0.01598858654
63.626 -0.01543410053
63.628 -0.01465878818
63.63 -0.01410382998
63.632 -0.01332802177
63.634 -0.01277270175
63.636 -0.01199655935
63.638 -0.01144077413
63.64 -0.01066415761
63.642 -0.0101080169
63.644 -0.00933105865
63.646 -0.008774447899
63.648 -0.007997005167
63.65 -0.007440066045
63.652 -0.006662292693
63.654 -0.006104872474
63.656 -0.005326604745
63.658 -0.004768841231
63.66 -0.003990263926
63.662 -0.003432025882
63.664 -0.0026529407
63.666 -0.002094230307
63.668 -0.001314998925
63.67 -0.0007562016024
63.672 2.333322167e-05
63.674 0.0005825382421
63.676 0.001362399484
63.678 0.001921933968
63.68 0.00270229445
63.682 0.003262352987
63.684 0.004043223977
63.686 0.004603653688
63.688 0.005384908041
63.69 0.005945815573
63.692 0.006727585101
63.694 0.00728899937
63.696 0.008071137928
63.698 0.008632933302
63.7 0.009415583909
63.702 0.009977923806
63.704 0.01076109143
63.706 0.01132392713
63.708 0.01210759628
63.71 0.01267080472
63.712 0.01345484351
63.714 0.014018559
63.716 0.01480313995
63.718 0.01536736008
63.72 0.01615231276
63.722 0.01671692188
63.724 0.01750238264
63.726 0.01806754396
63.728 0.01885353485
63.73 0.01941919623
63.732 0.0202055777
63.734 0.02077162729
63.736 0.0215585383
63.738 0.02212514185
63.74 0.02291258114
63.742 0.02347970599
63.744 0.02426754971
63.746 0.02483507057
63.748 0.0256234558
63.75 0.02619154881
63.752 0.0269804761
63.754 0.0275490864
63.756 0.02833855894
63.758 0.02890761664
63.76 0.02969753819
63.762 0.03026715519
63.764 0.03105767883
63.766 0.03162787352
63.768 0.03241894761
63.77 0.03298970109
63.772 0.03378133703
63.774 0.03435252568
63.776 0.0351445919
63.778 0.03571634718
63.78 0.03650901903
63.782 0.03708135473
63.784 0.03787458552
63.786 0.03844749133
63.788 0.03924129034
63.79 0.03981475631
63.792 0.04060900554
63.794 0.04118292395
63.796 0.04197775899
63.798 0.04255229659
63.8 0.04334778247
63.802 0.04392294484
63.804 0.04471899305
63.806 0.04529471056
63.808 0.04609133613
63.81 0.04666767573
63.812 0.04746492448
63.814 0.04804181143
63.816 0.04883944179
63.818 0.04941673061
63.82 0.05021493915
63.822 0.05079292421
63.824 0.051591803
63.826 0.05217036096
63.828 0.05296981093
63.83 0.05354899033
63.832 0.0543490692
63.834 0.05492881618
63.836 0.05572950926
63.838 0.05630987402
63.84 0.05711112293
63.842 0.05769200585
63.844 0.05849381839
63.846 0.05907524452
63.848 0.0598775346
63.85 0.0604594788
63.852 0.06126229894
63.854 0.06184471231
63.856 0.06264793338
63.858 0.06323075577
63.86 0.06403444958
63.862 0.0646177723
63.864 0.06542179478
63.866 0.06600552877
63.868 0.06681012123
63.87 0.0673944417
63.872 0.06819962833
63.874 0.06878448187
63.876 0.06959020336
63.878 0.07017558448
63.88 0.07098183055
63.882 0.07156767702
63.884 0.07237444061
63.886 0.07296080923
63.888 0.07376809524
63.89 0.07435473576
63.892 0.07516241627
63.894 0.0757496541
63.896 0.07655782595
63.898 0.07714544499
63.9 0.0779539389
63.902 0.07854189353
63.904 0.07935070643
63.906 0.07993898633
63.908 0.08074811708
63.91 0.08133669168
63.912 0.082145902
63.914 0.08273465975
63.916 0.08354426247
63.918 0.08413337384
63.92 0.08494332614
63.922 0.08553274504
63.924 0.08634300722
63.926 0.08693275577
63.928 0.08774394337
63.93 0.08833465528
63.932 0.08914591031
63.934 0.08973657841
63.936 0.09054863089
63.938 0.09114038675
63.94 0.09195263961
63.942 0.0925448703
63.944 0.09335812108
63.946 0.09395092174
63.948 0.09476477815
63.95 0.09535772879
63.952 0.09617203285
63.954 0.09676601763
63.956 0.0975810955
63.958 0.09817585315
63.96 0.09899136986
63.962 0.0995866484
63.964 0.1004029385
63.966 0.1009988785
63.968 0.1018157862
63.97 0.102412336
63.972 0.1032296523
63.974 0.1038265887
63.976 0.1046444774
63.978 0.1052426935
63.98 0.1060614997
63.982 0.1066598079
63.984 0.1074794201
63.986 0.1080783284
63.988 0.1088980648
63.99 0.1094980019
63.992 0.1103190579
63.994 0.1109189823
63.996 0.1117397449
63.998 0.1123405839
64 0.1131626029
64.002 0.1137643489
64.004 0.1145869482
64.006 0.1151885728
64.008 0.116010735
64.01 0.1166129378
64.012 0.117436161
64.014 0.1180388644
64.016 0.1188626306
64.018 0.1194660209
64.02 0.1202904132
64.022 0.1208941632
64.024 0.1217189354
64.026 0.1223232043
64.028 0.1231484365
64.03 0.1237529894
64.032 0.124578544
64.034 0.1251836125
64.036 0.1260096157
64.038 0.1266149022
64.04 0.1274411639
64.042 0.1280469318
64.044 0.1288736225
64.046 0.1294795952
64.048 0.1303065302
64.05 0.1309129688
64.052 0.1317403311
64.054 0.1323469698
64.056 0.1331745819
64.058 0.1337816984
64.06 0.134609534
64.062 0.135216969
64.064 0.1360452796
64.066 0.1366529888
64.068 0.1374816742
64.07 0.1380899152
64.072 0.1389189162
64.074 0.1395275715
64.076 0.1403571456
64.078 0.1409661517
64.08 0.1417961729
64.082 0.1424057969
64.084 0.1432362162
64.086 0.1438463335
64.088 0.1446774301
64.09 0.1452879917
64.092 0.1461196539
64.094 0.1467309741
64.096 0.147563136
64.098 0.1481750513
64.1 0.1490077995
64.102 0.1496203556
64.104 0.1504539389
64.106 0.1510670789
64.108 0.151901337
64.11 0.152515099
64.112 0.1533501025
64.114 0.1539647849
64.116 0.1548004346
64.118 0.1554158426
64.12 0.1562521705
64.122 0.1568683683
64.124 0.157705662
64.126 0.1583225517
64.128 0.1591606449
64.13 0.1597782631
64.132 0.1606171832
64.134 0.1612355998
64.136 0.1620753309
64.138 0.1626945609
64.14 0.1635351198
64.142 0.1641551647
64.144 0.1649965502
64.146 0.1656174564
64.148 0.1664596945
64.15 0.1670814236
64.152 0.1679245253
64.154 0.1685471385
64.156 0.169391088
64.158 0.1700145295
64.16 0.1708593428
64.162 0.1714836599
64.164 0.1723293442
64.166 0.1729545302
64.168 0.1738010902
64.17 0.174427148
64.172 0.1752745805
64.174 0.1759015115
64.176 0.1767498174
64.178 0.1773776221
64.18 0.1782268021
64.182 0.1788554767
64.184 0.179705536
64.186 0.1803350863
64.188 0.1811860152
64.19 0.1818164386
64.192 0.1826682531
64.194 0.1832995416
64.196 0.1841521966
64.198 0.184784337
64.2 0.1856376403
64.202 0.1862707225
64.204 0.1871248806
64.206 0.1877588878
64.208 0.1886138825
64.21 0.1892487573
64.212 0.1901046007
64.214 0.1907401234
64.216 0.1915968994
64.218 0.1922332585
64.22 0.193090746
64.222 0.1937280224
64.224 0.1945863527
64.226 0.1952245158
64.228 0.1960836683
64.23 0.1967224764
64.232 0.1975825319
64.234 0.1982221601
64.236 0.1990829225
64.238 0.1997234526
64.24 0.2005850346
64.242 0.2012262318
64.244 0.202088692
64.246 0.202730693
64.248 0.2035937999
64.25 0.2042366587
64.252 0.2051005443
64.254 0.2057440161
64.256 0.2066087428
64.258 0.2072529809
64.26 0.2081183043
64.262 0.2087631523
64.264 0.209629307
64.266 0.2102749376
64.268 0.2111416699
64.27 0.2117879011
64.272 0.2126554292
64.274 0.2133024178
64.276 0.2141704898
64.278 0.2148180489
64.28 0.2156868848
64.282 0.2163351603
64.284 0.2172045097
64.286 0.21785333
64.288 0.218723414
64.29 0.2193729322
64.292 0.2202435105
64.294 0.2208935538
64.296 0.2217646736
64.298 0.2224152913
64.3 0.2232871514
64.302 0.2239384308
64.304 0.2248107658
64.306 0.2254625507
64.308 0.2263353786
64.31 0.2269876875
64.312 0.2278612346
64.314 0.2285141864
64.316 0.2293881702
64.318 0.2300415886
64.32 0.2309160438
64.322 0.2315699674
64.324 0.2324449093
64.326 0.2330993296
64.328 0.2339749617
64.33 0.234629975
64.332 0.2355058436
64.334 0.2361608162
64.336 0.2370365425
64.338 0.2376914082
64.34 0.2385669808
64.342 0.2392216928
64.344 0.2400970995
64.346 0.24075165
64.348 0.2416269073
64.35 0.242281325
64.352 0.2431564768
64.354 0.2438108201
64.356 0.2446859262
64.358 0.2453402544
64.36 0.2462153757
64.362 0.2468697409
64.364 0.2477449411
64.366 0.2483994157
64.368 0.2492747569
64.37 0.2499294045
64.372 0.2508049552
64.374 0.2514598325
64.376 0.2523356395
64.378 0.252990806
64.38 0.2538669193
64.382 0.2545221598
64.384 0.2553982735
64.386 0.2560536812
64.388 0.2569300647
64.39 0.2575858281
64.392 0.2584626001
64.394 0.2591187882
64.396 0.2599960065
64.398 0.2606526502
64.4 0.261530334
64.402 0.2621874607
64.404 0.2630656181
64.406 0.263723222
64.408 0.264601872
64.41 0.2652599695
64.412 0.2661391102
64.414 0.266797709
64.416 0.2676773658
64.418 0.2683364322
64.42 0.2691752385
64.422 0.2698031866
64.424 0.2706557848
64.426 0.2713045909
64.428 0.2721769226
64.43 0.2728756135
64.432 0.2737869521
64.434 0.2744761594
64.436 0.2753704622
64.438 0.2760426125
64.44 0.276930875
64.442 0.2775978732
64.444 0.2784845257
64.446 0.2791504629
64.448 0.2800371501
64.45 0.2807033819
64.452 0.2815906911
64.454 0.2822576526
64.456 0.2831457498
64.458 0.2838135479
64.46 0.2847024629
64.462 0.285371074
64.464 0.2862607683
64.466 0.2869301529
64.468 0.287820554
64.47 0.2884906482
64.472 0.2893816795
64.474 0.2900522683
64.476 0.2909435724
64.478 0.291614266
64.48 0.29250555
64.482 0.2931761563
64.484 0.2940673367
64.486 0.2947378429
64.488 0.2956289481
64.49 0.2962993961
64.492 0.2971904879
64.494 0.29786072
64.496 0.2987513646
64.498 0.2994211939
64.5 0.3003115878
64.502 0.3009812003
64.504 0.3018714692
64.506 0.302541006
64.508 0.3034313656
64.51 0.3041011278
64.512 0.3049504994
64.514 0.3055888675
64.516 0.3064516212
64.518 0.3071103493
64.52 0.3079923936
64.522 0.3087005706
64.524 0.3096212965
64.526 0.310360901
64.528 0.311295842
64.53 0.3120050263
64.532 0.3129138009
64.534 0.3135989597
64.536 0.3144984597
64.538 0.3151758975
64.54 0.316072291
64.542 0.316747424
64.544 0.3176429208
64.546 0.3183174801
64.548 0.3192128033
64.55 0.3198873075
64.552 0.3207826523
64.554 0.3214572242
64.556 0.3223526351
64.558 0.323039173
64.56 0.3239576906
64.562 0.324663549
64.564 0.3255929375
64.566 0.3263019121
64.568 0.3272294091
64.57 0.3279324741
64.572 0.3288101548
64.574 0.3294710047
64.576 0.3303498036
64.578 0.3310179495
64.58 0.3319026529
64.582 0.3325657329
64.584 0.3334446891
64.586 0.3340992149
64.588 0.334970233
64.59 0.3356171102
64.592 0.3364817031
64.594 0.3371232572
64.596 0.3379839041
64.598 0.3386228348
64.6 0.3394821744
64.602 0.3401622593
64.604 0.3410542176
64.606 0.3417642345
64.608 0.3426704094
64.61 0.3433519434
64.612 0.3442346109
64.614 0.3448955921
64.616 0.3457730434
64.618 0.3464309185
64.62 0.347310264
64.622 0.3479711281
64.624 0.3488550463
64.626 0.3495208417
64.628 0.3504101029
64.63 0.351081276
64.632 0.3519758988
64.634 0.3526522783
64.636 0.3535106334
64.638 0.3541602231
64.64 0.3549953205
64.642 0.3556381273
64.644 0.35650978
64.646 0.357184655
64.648 0.358085888
64.65 0.3587755171
64.652 0.3596896495
64.654 0.3603872607
64.656 0.3613083622
64.658 0.3620114411
64.66 0.362937664
64.662 0.3636454543
64.664 0.3645762623
64.666 0.3652885373
64.668 0.3662238126
64.67 0.3669406469
64.672 0.3678804766
64.674 0.3686430413
64.676 0.369618909
64.678 0.3704138201
64.68 0.37140542
64.682 0.3721725712
64.684 0.3731407408
64.686 0.3738866735
64.688 0.3748482048
64.69 0.3755890734
64.692 0.376550096
64.694 0.3772912011
64.696 0.3782538811
64.698 0.378996831
64.7 0.3799615305
64.702 0.3807064539
64.704 0.3816731396
64.706 0.3824199704
64.708 0.3833472722
64.71 0.3840232161
64.712 0.3848930034
64.714 0.3855724213
64.716 0.3864958031
64.718 0.3872233208
64.72 0.388181264
64.722 0.3889273481
64.724 0.3898985248
64.726 0.3906526445
64.728 0.3916298491
64.73 0.3923881971
64.732 0.3933688809
64.734 0.3941301853
64.736 0.3951135482
64.738 0.3958774435
64.74 0.3965800175
64.742 0.3974353103
64.744 0.3984756069
64.746 0.3993600316
64.748 0.4003788544
64.75 0.4012263377
64.752 0.4023013879
64.754 0.4031828819
64.756 0.404248187
64.758 0.4050693184
64.76 0.4060848557
64.762 0.40687009
64.764 0.4078671715
64.766 0.4086394459
64.768 0.4096291143
64.77 0.410395928
64.772 0.4113818257
64.774 0.4121455251
64.776 0.413128878
64.778 0.4138902064
64.78 0.4148299076
64.782 0.4155162892
64.784 0.41639471
64.786 0.4170403222
64.788 0.4178973556
64.79 0.4185697762
64.792 0.4194911067
64.794 0.4202178969
64.796 0.4211762911
64.798 0.4219230147
64.8 0.4226114658
64.802 0.4234551219
64.804 0.4244849111
64.806 0.4253595912
64.808 0.4260858826
64.81 0.4269723681
64.812 0.4277355084
64.814 0.4287140735
64.816 0.4297827639
64.818 0.4307017125
64.82 0.431444419
64.822 0.4323450458
64.824 0.4331138837
64.826 0.4340960741
64.828 0.4348824428
64.83 0.4358900125
64.832 0.4366834738
64.834 0.4376977934
64.836 0.4387752026
64.838 0.4397415096
64.84 0.4405540615
64.842 0.4415088782
64.844 0.4425913602
64.846 0.4434940557
64.848 0.4445113114
64.85 0.4453053447
64.852 0.4462880216
64.854 0.4470442518
64.856 0.4480108418
64.858 0.4487527527
64.86 0.4496703296
64.862 0.4503743362
64.864 0.4512598447
64.866 0.4519081961
64.868 0.4527511005
64.87 0.4534067158
64.872 0.4540222832
64.874 0.4548147593
64.876 0.4558002775
64.878 0.4566368423
64.88 0.457326634
64.882 0.4581784536
64.884 0.4591905357
64.886 0.460045239
64.888 0.4607428917
64.89 0.4615988789
64.892 0.4623283588
64.894 0.4632720294
64.896 0.4640211873
64.898 0.4649920085
64.9 0.4657488234
64.902 0.4667270075
64.904 0.4674853218
64.906 0.46846411
64.908 0.4692211646
64.91 0.4701981479
64.912 0.4709528105
64.914 0.4719271286
64.916 0.4727201557
64.918 0.4737229222
64.92 0.474499647
64.922 0.4754791
64.924 0.4765170258
64.926 0.4774372295
64.928 0.4781607935
64.93 0.4789932338
64.932 0.4799253888
64.934 0.4807068587
64.936 0.4813423073
64.938 0.4821519988
64.94 0.4828400479
64.942 0.4837475589
64.944 0.484462552
64.946 0.4854011449
64.948 0.4864102747
64.95 0.4872686823
64.952 0.4879444626
64.954 0.4887774189
64.956 0.4894764709
64.958 0.4903887403
64.96 0.4911046182
64.962 0.4920420694
64.964 0.492765509
64.966 0.4937107286
64.968 0.4944367204
64.97 0.4953839376
64.972 0.4961103655
64.974 0.497057678
64.976 0.4977837899
64.978 0.4986896412
64.98 0.4993839215
64.982 0.5003026571
64.984 0.5010169295
64.986 0.5019546279
64.988 0.5026767667
64.99 0.5036213482
64.992 0.5043882728
64.994 0.5053674913
64.996 0.5061644254
64.998 0.507156865
65 0.5079232186
65.002 0.5088893495
65.004 0.5096316699
65.006 0.5105885993
65.008 0.511323487
65.01 0.5122777615
65.012 0.513010916
65.014 0.5139650131
65.016 0.5146984005
65.018 0.515653247
65.02 0.5163876019
65.022 0.5173023644
65.024 0.5180064509
65.026 0.5188948239
65.028 0.5195894183
65.03 0.5205117772
65.032 0.5212362255
65.034 0.522186079
65.036 0.5229231494
65.038 0.523883889
65.04 0.5246273489
65.042 0.5255937224
65.044 0.5263415172
65.046 0.5273120356
65.048 0.5280636799
65.05 0.5290381481
65.052 0.5298349216
65.054 0.5308448542
65.056 0.5316733891
65.058 0.5326985032
65.06 0.5334989361
65.062 0.5345002094
65.064 0.5352791338
65.066 0.5362737686
65.068 0.5370478062
65.07 0.5380420538
65.072 0.5388164775
65.074 0.5398125454
65.076 0.5405891641
65.078 0.5415879188
65.08 0.5423671909
65.082 0.5433686375
65.084 0.5441506785
65.086 0.5451549023
65.088 0.5459395649
65.09 0.5469051946
65.092 0.5476610144
65.094 0.5486014665
65.096 0.5493487534
65.098 0.5503242028
65.1 0.5511021547
65.102 0.552105972
65.104 0.552897573
65.106 0.553913433
65.108 0.5547125423
65.11 0.555735116
65.112 0.5565393915
65.114 0.5575668184
65.116 0.5583755403
65.118 0.5594073521
65.12 0.5602615514
65.122 0.5613290843
65.124 0.5622153349
65.126 0.5632981048
65.128 0.5641560313
65.13 0.5652146746
65.132 0.5660507195
65.134 0.567102119
65.136 0.5679325369
65.138 0.5689829442
65.14 0.5698129861
65.142 0.5708642917
65.144 0.571695393
65.146 0.5727480664
65.148 0.5735805999
65.15 0.5746346082
65.152 0.5754683532
65.154 0.5764822074
65.156 0.5772852907
65.158 0.578272057
65.16 0.5790645894
65.162 0.5800843179
65.164 0.5809055075
65.166 0.5819514444
65.168 0.5827838314
65.17 0.5838392633
65.172 0.584676572
65.174 0.5857359854
65.176 0.5865756156
65.178 0.5876370458
65.18 0.588478408
65.182 0.5895412061
65.184 0.5903838288
65.186 0.5914478707
65.188 0.5923328359
65.19 0.5934294065
65.192 0.5943431411
65.194 0.5954518532
65.196 0.5963751386
65.198 0.5974878746
65.2 0.5983727807
65.202 0.5994549039
65.204 0.6003119078
65.206 0.6013818407
65.208 0.602228625
65.21 0.6032931721
65.212 0.6041353993
65.214 0.6051554654
65.216 0.6059631923
65.218 0.606952936
65.22 0.6077471551
65.222 0.6087260775
65.224 0.6095148
65.226 0.6105303216
65.228 0.6113478334
65.23 0.6123894602
65.232 0.6132172487
65.234 0.6142671814
65.236 0.615098509
65.238 0.6161510555
65.24 0.6169834031
65.242 0.6180367239
65.244 0.6188697089
65.246 0.6199235679
65.248 0.6207569492
65.25 0.6218112147
65.252 0.6226451102
65.254 0.6237002232
65.256 0.6245349915
65.258 0.6255908459
65.26 0.626467446
65.262 0.6275555003
65.264 0.6284605328
65.266 0.6295603044
65.268 0.6304744979
65.27 0.63157811
65.272 0.6324540296
65.274 0.6335269985
65.276 0.6343749703
65.278 0.6354356523
65.28 0.6362730848
65.282 0.6373282239
65.284 0.6381616358
65.286 0.6392145822
65.288 0.6400456852
65.29 0.6410551438
65.292 0.6418113872
65.294 0.6427597604
65.296 0.6434754145
65.298 0.644402504
65.3 0.6451451409
65.302 0.6461368375
65.304 0.646934079
65.306 0.6479630942
65.308 0.6487805234
65.31 0.6498233022
65.312 0.6506488912
65.314 0.6514140365
65.316 0.6523330866
65.318 0.6534378595
65.32 0.6543871949
65.322 0.6551882233
65.324 0.6561497998
65.326 0.6572715638
65.328 0.6582367535
65.33 0.6590459271
65.332 0.6600141758
65.334 0.6608981517
65.336 0.6619874598
65.338 0.6631628169
65.34 0.6642124829
65.342 0.6653976709
65.344 0.66639047
65.346 0.6675404705
65.348 0.6684433058
65.35 0.6695326568
65.352 0.6703896766
65.354 0.6714563563
65.356 0.6722974057
65.358 0.6733554439
65.36 0.6741904886
65.362 0.6752449942
65.364 0.6760777281
65.366 0.6770897381
65.368 0.6778491404
65.37 0.6788015857
65.372 0.679522149
65.374 0.6804551343
65.376 0.6811641133
65.378 0.6821324738
65.38 0.682910679
65.382 0.6839378866
65.384 0.6847567533
65.386 0.685523586
65.388 0.6864481443
65.39 0.6875620031
65.392 0.688522329
65.394 0.6893359058
65.396 0.6903114486
65.398 0.6911651506
65.4 0.6922359605
65.402 0.6931152449
65.404 0.6942186411
65.406 0.6951103457
65.408 0.6962254878
65.41 0.6971228216
65.412 0.6982425578
65.414 0.6991835521
65.416 0.7003363794
65.418 0.7013059606
65.42 0.702470313
65.422 0.7034485979
65.424 0.7046159639
65.426 0.7058382806
65.428 0.7068845366
65.43 0.7080251086
65.432 0.7089412385
65.434 0.7097574062
65.436 0.7107192911
65.438 0.7118538886
65.44 0.7128279766
65.442 0.7138911548
65.444 0.7147077948
65.446 0.715691614
65.448 0.7164417993
65.45 0.7171129907
65.452 0.7179316177
65.454 0.7186869654
65.456 0.719688287
65.458 0.7205302934
65.46 0.721607673
65.462 0.7224834867
65.464 0.7235869034
65.466 0.7244753228
65.468 0.7255877603
65.47 0.7264810003
65.472 0.7275966624
65.474 0.7284918299
65.476 0.7296088878
65.478 0.7305465133
65.48 0.7317371618
65.482 0.7327346646
65.484 0.7339238093
65.486 0.7349102221
65.488 0.7360840662
65.49 0.7370243578
65.492 0.7381608622
65.494 0.7390700818
65.496 0.7401917156
65.498 0.7413726247
65.5 0.7423980383
65.502 0.7432370315
65.504 0.7442311408
65.506 0.7453733011
65.508 0.7463546238
65.51 0.747458804
65.512 0.7483468878
65.514 0.749144265
65.516 0.7500502189
65.518 0.7511010179
65.52 0.7519656786
65.522 0.7526677429
65.524 0.7535201112
65.526 0.7542448924
65.528 0.7551828045
65.53 0.7559670731
65.532 0.7570050983
65.534 0.757858287
65.536 0.7589463886
65.538 0.7598259836
65.54 0.7609327733
65.542 0.7618233162
65.544 0.7626542865
65.546 0.7636397163
65.548 0.7648530182
65.55 0.7659422661
65.552 0.7671947086
65.554 0.7682456561
65.556 0.7695023651
65.558 0.7705409967
65.56 0.7717559058
65.562 0.772718654
65.564 0.7738734305
65.566 0.7747950488
65.568 0.7759277243
65.57 0.776834433
65.572 0.7779583485
65.574 0.779142373
65.576 0.7801724774
65.578 0.7810165968
65.58 0.7820161992
65.582 0.7831639833
65.584 0.7841509882
65.586 0.7852608582
65.588 0.7861545668
65.59 0.7871998887
65.592 0.7879909754
65.594 0.788683928
65.596 0.7895162016
65.598 0.7905222257
65.6 0.7914078098
65.602 0.7921722986
65.604 0.7931234159
65.606 0.793962153
65.608 0.7950261168
65.61 0.7959017792
65.612 0.7970043424
65.614 0.7978964554
65.616 0.7990132895
65.618 0.7999130259
65.62 0.8010361222
65.622 0.8019813441
65.624 0.8031806548
65.626 0.804187867
65.628 0.8054284306
65.63 0.8064574314
65.632 0.807711793
65.634 0.808747757
65.636 0.8099658683
65.638 0.8112164042
65.64 0.8122870563
65.642 0.8131611487
65.644 0.8141829193
65.646 0.8153499753
65.648 0.8163535057
65.65 0.8174793186
65.652 0.8183880551
65.654 0.8194483859
65.656 0.8202537786
65.658 0.8212446469
65.66 0.8220020716
65.662 0.8226864872
65.664 0.8235198498
65.666 0.8242924764
65.668 0.8253124224
65.67 0.8261743773
65.672 0.8272728466
65.674 0.828170777
65.676 0.8292974147
65.678 0.8302100784
65.68 0.8313477034
65.682 0.8322674375
65.684 0.8334107371
65.686 0.8343349293
65.688 0.8354823507
65.69 0.8364104885
65.692 0.8375615652
65.694 0.8385346021
65.696 0.8397617121
65.698 0.8407971215
65.7 0.8420662627
65.702 0.8431244835
65.704 0.8444083643
65.706 0.8454745085
65.708 0.8467232788
65.71 0.8480049308
65.712 0.8491074359
65.714 0.8502978203
65.716 0.8512626064
65.718 0.852409502
65.72 0.8533291975
65.722 0.854458749
65.724 0.8553640373
65.726 0.8564462606
65.728 0.8572748697
65.73 0.858296678
65.732 0.8590866009
65.734 0.8600898046
65.736 0.8608693506
65.738 0.8616253759
65.74 0.862565046
65.742 0.8634341564
65.744 0.8645324961
65.746 0.8654554825
65.748 0.8666082495
65.75 0.8675546085
65.752 0.8687272219
65.754 0.869683957
65.756 0.8708648241
65.758 0.8718269763
65.76 0.8730123365
65.762 0.87397825
65.764 0.8751670116
65.766 0.8761772552
65.768 0.8774413876
65.77 0.8785134262
65.772 0.8798188474
65.774 0.8809129136
65.776 0.8822324095
65.778 0.8832936137
65.78 0.8845466012
65.782 0.8858356497
65.784 0.8869613415
65.786 0.8878931506
65.788 0.8889778456
65.79 0.8902090799
65.792 0.891278582
65.794 0.8924709845
65.796 0.8934469761
65.798 0.8945752836
65.8 0.8954490662
65.802 0.8965087372
65.804 0.8973354143
65.806 0.8980893334
65.808 0.8989923906
65.81 0.8997945377
65.812 0.9008132929
65.814 0.9016867356
65.816 0.9028164333
65.818 0.9037638989
65.82 0.9049477253
65.822 0.9059238313
65.824 0.9071279727
65.826 0.9081161603
65.828 0.9090451119
65.83 0.9101288427
65.832 0.9113995423
65.834 0.9125561611
65.836 0.913595947
65.838 0.9148243391
65.84 0.9162243441
65.842 0.9174758083
65.844 0.9188575863
65.846 0.9200270808
65.848 0.9213511392
65.85 0.9224216754
65.852 0.9236773593
65.854 0.92469794
65.856 0.9259270418
65.858 0.9272125208
65.86 0.9283407147
65.862 0.9292809797
65.864 0.9303753265
65.866 0.9316169363
65.868 0.9326967856
65.87 0.9338986319
65.872 0.934842466
65.874 0.935947313
65.876 0.9368008399
65.878 0.937572182
65.88 0.938484655
65.882 0.9392922093
65.884 0.940312737
65.886 0.9411856835
65.888 0.942312481
65.89 0.943255654
65.892 0.9444333003
65.894 0.9454021903
65.896 0.9465977146
65.898 0.9475762557
65.9 0.9487784239
65.902 0.949761346
65.904 0.950682981
65.906 0.9517579079
65.908 0.9530596917
65.91 0.9542365263
65.912 0.955291942
65.914 0.956518529
65.916 0.957913748
65.918 0.9591541294
65.92 0.9605232486
65.922 0.9616776499
65.924 0.9629856344
65.926 0.9640388816
65.928 0.9652766186
65.93 0.9665628355
65.932 0.9676833192
65.934 0.9686121761
65.936 0.9696928302
65.938 0.9709198489
65.94 0.9719838207
65.942 0.973128273
65.944 0.9740238712
65.946 0.9750839897
65.948 0.9759089947
65.95 0.9766537743
65.952 0.9775455994
65.954 0.9783335973
65.956 0.9793367528
65.958 0.9801929829
65.96 0.9813043835
65.962 0.9822327778
65.964 0.9833966805
65.966 0.9843522453
65.968 0.9855352605
65.97 0.9865019886
65.972 0.9874091642
65.974 0.9884717812
65.976 0.9897212253
65.978 0.990856906
65.98 0.9918754799
65.982 0.9930827693
65.984 0.9944615485
65.986 0.9956918969
65.988 0.9970526978
65.99 0.9982012371
65.992 0.9995045713
65.994 1.000554817
65.996 1.001790604
65.998 1.002791743
66 1.004001844
66.002 1.00498495
66.004 1.006184501
66.006 1.007443782
66.008 1.008548476
66.01 1.009466409
66.012 1.010498658
66.014 1.011647933
66.016 1.012608521
66.018 1.013397346
66.02 1.01433469
66.022 1.01514142
66.024 1.016160238
66.026 1.016984212
66.028 1.018070696
66.03 1.018974868
66.032 1.020129744
66.034 1.021077861
66.036 1.021973927
66.038 1.023028261
66.04 1.024272054
66.042 1.025361426
66.044 1.026303208
66.046 1.027406741
66.048 1.028428767
66.05 1.029698952
66.052 1.030804112
66.054 1.03214382
66.056 1.033563207
66.058 1.034834984
66.06 1.036210183
66.062 1.037369639
66.064 1.038675696
66.066 1.039726103
66.068 1.04095943
66.07 1.04195679
66.072 1.043162274
66.074 1.044139906
66.076 1.045292626
66.078 1.04647353
66.08 1.047472098
66.082 1.048272968
66.084 1.049221314
66.086 1.050031154
66.088 1.051052303
66.09 1.051876127
66.092 1.052962328
66.094 1.053865716
66.096 1.055019724
66.098 1.055966655
66.1 1.056861531
66.102 1.057914828
66.104 1.059157631
66.106 1.060246231
66.108 1.061187791
66.11 1.062291264
66.112 1.063272249
66.114 1.064470274
66.116 1.065476208
66.118 1.066706304
66.12 1.067765337
66.122 1.069079172
66.124 1.070201985
66.126 1.071557973
66.128 1.072985905
66.13 1.074265216
66.132 1.075645861
66.134 1.07681011
66.136 1.078120426
66.138 1.079175158
66.14 1.080413083
66.142 1.081415058
66.144 1.082584066
66.146 1.083493906
66.148 1.084593071
66.15 1.085456991
66.152 1.086531936
66.154 1.087380771
66.156 1.088448336
66.158 1.089292992
66.16 1.090359072
66.162 1.091243977
66.164 1.092097202
66.166 1.093131312
66.168 1.094363463
66.17 1.095448722
66.172 1.096389082
66.174 1.097494307
66.176 1.098478245
66.178 1.099680567
66.18 1.100691095
66.182 1.101926354
66.184 1.102991204
66.186 1.10431158
66.188 1.105441526
66.19 1.106805331
66.192 1.107957295
66.194 1.109334592
66.196 1.110776983
66.198 1.112067437
66.2 1.113416955
66.202 1.114518575
66.204 1.115778323
66.206 1.116801346
66.208 1.118025397
66.21 1.119020816
66.212 1.120230853
66.214 1.121174726
66.216 1.122306175
66.218 1.123186687
66.22 1.124276656
66.222 1.125135544
66.224 1.12621219
66.226 1.127064741
66.228 1.128138305
66.23 1.129030195
66.232 1.129890345
66.234 1.130931242
66.236 1.131885132
66.238 1.133066094
66.24 1.134065789
66.242 1.135294063
66.244 1.136313298
66.246 1.137557982
66.248 1.138626395
66.25 1.139949679
66.252 1.141080461
66.254 1.142444679
66.256 1.143596499
66.258 1.144973342
66.26 1.146415125
66.262 1.147704706
66.264 1.149093185
66.266 1.150224413
66.268 1.15151039
66.27 1.15254358
66.272 1.153776019
66.274 1.154777298
66.276 1.1559919
66.278 1.156937996
66.28 1.158073259
66.282 1.158956462
66.284 1.16005087
66.286 1.160912708
66.288 1.161993963
66.29 1.162849756
66.292 1.16392806
66.294 1.164823193
66.296 1.165688275
66.298 1.166732808
66.3 1.167691756
66.302 1.168876281
66.304 1.169881239
66.306 1.171113335
66.308 1.172138095
66.31 1.173389519
66.312 1.174422006
66.314 1.175679134
66.316 1.176758789
66.318 1.178093435
66.32 1.179232537
66.322 1.180605416
66.324 1.181766592
66.326 1.183153933
66.328 1.184321981
66.33 1.185712372
66.332 1.187165403
66.334 1.188425041
66.336 1.189752246
66.338 1.190833885
66.34 1.192089315
66.342 1.19306811
66.344 1.194221427
66.346 1.195118783
66.348 1.196221639
66.35 1.197091304
66.352 1.19817767
66.354 1.199039034
66.356 1.200121276
66.358 1.200981588
66.36 1.201819402
66.362 1.202841707
66.364 1.203793211
66.366 1.204974311
66.368 1.205979358
66.37 1.207214341
66.372 1.208242112
66.374 1.209496183
66.376 1.210533574
66.378 1.211795065
66.38 1.212878112
66.382 1.214215528
66.384 1.215360057
66.386 1.216737988
66.388 1.217903507
66.39 1.219294345
66.392 1.220465978
66.394 1.221859678
66.396 1.223276279
66.398 1.224509002
66.4 1.225812821
66.402 1.226887476
66.404 1.22813827
66.406 1.229159519
66.408 1.230346835
66.41 1.231276846
66.412 1.232396299
66.414 1.233281274
66.416 1.234378057
66.418 1.235249286
66.42 1.236340002
66.422 1.237208692
66.424 1.238014715
66.426 1.238974746
66.428 1.239876723
66.43 1.241027695
66.432 1.242020854
66.434 1.243251524
66.436 1.244281388
66.438 1.245540623
66.44 1.246626746
66.442 1.247969793
66.444 1.249121796
66.446 1.250508521
66.448 1.251683582
66.45 1.253084815
66.452 1.254267191
66.454 1.255672343
66.456 1.2568558
66.458 1.258220635
66.46 1.259617044
66.462 1.260832203
66.464 1.262133987
66.466 1.26320832
66.468 1.264463611
66.47 1.265489958
66.472 1.266724958
66.474 1.267692869
66.476 1.268846723
66.478 1.269749066
66.48 1.270860548
66.482 1.2717408
66.484 1.272838917
66.486 1.273712928
66.488 1.274523438
66.49 1.275486717
66.492 1.27635144
66.494 1.2774342
66.496 1.278371291
66.498 1.279564785
66.5 1.280575287
66.502 1.281822413
66.504 1.282902703
66.506 1.283957932
66.508 1.285198774
66.51 1.286639136
66.512 1.287932597
66.514 1.289365294
66.516 1.290586819
66.518 1.292006164
66.52 1.293203022
66.522 1.294573872
66.524 1.295690364
66.526 1.296998079
66.528 1.298070777
66.53 1.299354003
66.532 1.300693638
66.534 1.301875147
66.536 1.30315226
66.538 1.304209549
66.54 1.305409793
66.542 1.306352396
66.544 1.307477247
66.546 1.308366467
66.548 1.3091805
66.55 1.310142356
66.552 1.311001705
66.554 1.312076781
66.556 1.312965116
66.558 1.314078331
66.56 1.31502041
66.562 1.316217391
66.564 1.317223558
66.566 1.318179638
66.568 1.319299389
66.57 1.320651466
66.572 1.321881376
66.574 1.322990883
66.576 1.32427331
66.578 1.325725835
66.58 1.327023501
66.582 1.328450745
66.584 1.329662916
66.586 1.331069578
66.588 1.33225179
66.59 1.333606849
66.592 1.334706567
66.594 1.335997021
66.596 1.33733702
66.598 1.338512429
66.6 1.33973982
66.602 1.340713827
66.604 1.341558651
66.606 1.342540265
66.608 1.343687138
66.61 1.344669914
66.612 1.345496403
66.614 1.346481509
66.616 1.347341213
66.618 1.348417332
66.62 1.349300088
66.622 1.350447144
66.624 1.351412043
66.626 1.35234364
66.628 1.353443328
66.63 1.354740032
66.632 1.355926751
66.634 1.3569994
66.636 1.358263332
66.638 1.359416176
66.64 1.360795414
66.642 1.362270125
66.644 1.363596801
66.646 1.365031984
66.648 1.366251858
66.65 1.367660209
66.652 1.368804123
66.654 1.370128829
66.656 1.371201698
66.658 1.372481334
66.66 1.373813029
66.662 1.374986019
66.664 1.375968992
66.666 1.377065757
66.668 1.378279409
66.67 1.379303739
66.672 1.380155727
66.674 1.381156914
66.676 1.382027333
66.678 1.383110676
66.68 1.38399893
66.682 1.385110574
66.684 1.386009226
66.686 1.387132256
66.688 1.388076771
66.69 1.388990605
66.692 1.390087094
66.694 1.391097531
66.696 1.392377887
66.698 1.393509047
66.7 1.39489777
66.702 1.396088715
66.704 1.39751473
66.706 1.39872639
66.708 1.400164419
66.71 1.401667701
66.712 1.403018714
66.714 1.404469027
66.716 1.405698919
66.718 1.40711316
66.72 1.408260661
66.722 1.409590181
66.724 1.410670216
66.726 1.411917668
66.728 1.413187615
66.73 1.414272503
66.732 1.415157642
66.734 1.416190975
66.736 1.417085616
66.738 1.418192466
66.74 1.419101818
66.742 1.420234308
66.744 1.421152947
66.746 1.422295678
66.748 1.423259399
66.75 1.424191893
66.752 1.425306368
66.754 1.426333979
66.756 1.427589095
66.758 1.428662524
66.76 1.429964532
66.762 1.431098115
66.764 1.432488245
66.766 1.433687574
66.768 1.435120738
66.77 1.436341025
66.772 1.437786225
66.774 1.439295994
66.776 1.440652347
66.778 1.442106908
66.78 1.443342478
66.782 1.444762716
66.784 1.445955981
66.786 1.44731914
66.788 1.448425503
66.79 1.44968027
66.792 1.450952571
66.794 1.452032115
66.796 1.452908404
66.798 1.453929274
66.8 1.454809079
66.802 1.455899218
66.804 1.456790306
66.806 1.457903462
66.808 1.458800699
66.81 1.459920762
66.812 1.460821178
66.814 1.461659773
66.816 1.462693429
66.818 1.46365999
66.82 1.464873412
66.822 1.465913463
66.824 1.467190072
66.826 1.46830278
66.828 1.469676591
66.83 1.470862742
66.832 1.472286192
66.834 1.473499511
66.836 1.474940889
66.838 1.476164364
66.84 1.477612255
66.842 1.478839344
66.844 1.480289197
66.846 1.481802584
66.848 1.48316263
66.85 1.484582213
66.852 1.485753283
66.854 1.487083278
66.856 1.488176126
66.858 1.489429382
66.86 1.49042204
66.862 1.491602314
66.864 1.492546319
66.866 1.493701463
66.868 1.494629811
66.87 1.495777279
66.872 1.49670153
66.874 1.497847742
66.876 1.498772288
66.878 1.499919938
66.88 1.500846759
66.882 1.501711873
66.884 1.502732512
66.886 1.503695386
66.888 1.504908688
66.89 1.506006113
66.892 1.507374024
66.894 1.508569309
66.896 1.510006394
66.898 1.51123789
66.9 1.512699334
66.902 1.513944112
66.904 1.515414131
66.906 1.516663598
66.908 1.518136251
66.91 1.519386847
66.912 1.52085966
66.914 1.522395417
66.916 1.523737245
66.918 1.525147231
66.92 1.526311083
66.922 1.527649201
66.924 1.528751592
66.926 1.530019004
66.928 1.53102625
66.93 1.532222401
66.932 1.533182337
66.934 1.534353601
66.936 1.535297913
66.938 1.536461203
66.94 1.537401067
66.942 1.538562806
66.944 1.539502757
66.946 1.540379988
66.948 1.54141166
66.95 1.54234515
66.952 1.543497999
66.954 1.544505134
66.956 1.545769713
66.958 1.546892822
66.96 1.547999253
66.962 1.549300731
66.964 1.550806385
66.966 1.552167928
66.968 1.553671016
66.97 1.554963722
66.972 1.556455862
66.974 1.557725822
66.976 1.559211149
66.978 1.560472844
66.98 1.561954489
66.982 1.563212298
66.984 1.564690923
66.986 1.566191974
66.988 1.567507434
66.99 1.568852002
66.992 1.569934187
66.994 1.571164674
66.996 1.572153029
66.998 1.573340258
67 1.574296981
67.002 1.575468938
67.004 1.576415649
67.006 1.577583074
67.008 1.578527714
67.01 1.579408955
67.012 1.580444322
67.014 1.581381101
67.016 1.582536899
67.018 1.583546641
67.02 1.584813544
67.022 1.585897046
67.024 1.587259347
67.026 1.588444377
67.028 1.58960036
67.03 1.590925819
67.032 1.592449393
67.034 1.593820352
67.036 1.595330029
67.038 1.596626391
67.04 1.598120819
67.042 1.599391791
67.044 1.600877219
67.046 1.602138169
67.048 1.603618236
67.05 1.605120346
67.052 1.606436351
67.054 1.607781558
67.056 1.608864465
67.058 1.610095858
67.06 1.611085316
67.062 1.612273944
67.064 1.613232332
67.066 1.614407118
67.068 1.615356122
67.07 1.616240515
67.072 1.617277592
67.074 1.618215847
67.076 1.619372332
67.078 1.620343087
67.08 1.621540296
67.082 1.622526918
67.084 1.623779052
67.086 1.624885081
67.088 1.62598848
67.09 1.627287074
67.092 1.628507886
67.094 1.629960925
67.096 1.631520742
67.098 1.632934394
67.1 1.634460312
67.102 1.635771421
67.104 1.637272783
67.106 1.638549355
67.108 1.640038261
67.11 1.641302064
67.112 1.642784581
67.114 1.644289164
67.116 1.645608249
67.118 1.646955751
67.12 1.648041372
67.122 1.64927503
67.124 1.650267292
67.126 1.651458563
67.128 1.65242004
67.13 1.653597108
67.132 1.654549664
67.134 1.655437157
67.136 1.656478345
67.138 1.657420314
67.14 1.658581242
67.142 1.659556237
67.144 1.660758204
67.146 1.66174951
67.148 1.662720283
67.15 1.663920968
67.152 1.665083162
67.154 1.666505328
67.156 1.667761281
67.158 1.669257056
67.16 1.670833599
67.162 1.672263192
67.164 1.673510595
67.166 1.674918297
67.168 1.676477668
67.17 1.677875702
67.172 1.679397664
67.174 1.680701544
67.176 1.682198647
67.178 1.683430326
67.18 1.684803064
67.182 1.686177824
67.184 1.687355723
67.186 1.688611003
67.188 1.689634293
67.19 1.690549692
67.192 1.691611591
67.194 1.692560352
67.196 1.69372441
67.198 1.694697645
67.2 1.695895939
67.202 1.696881521
67.204 1.698092439
67.206 1.699084358
67.208 1.700014642
67.21 1.701100757
67.212 1.702170066
67.214 1.703520837
67.216 1.704741109
67.218 1.706211469
67.22 1.707487775
67.222 1.708997636
67.224 1.710293175
67.226 1.711815412
67.228 1.713116713
67.23 1.714641669
67.232 1.716230081
67.234 1.71766422
67.236 1.719196854
67.238 1.720510271
67.24 1.722009345
67.242 1.723241637
67.244 1.724613428
67.246 1.725699233
67.248 1.726964374
67.25 1.728269983
67.252 1.729407352
67.254 1.730349386
67.256 1.731445202
67.258 1.73240316
67.26 1.733575442
67.262 1.734549523
67.264 1.735747564
67.266 1.736730853
67.268 1.737939851
67.27 1.738928577
67.272 1.739856028
67.274 1.740938923
67.276 1.74200563
67.278 1.743353937
67.28 1.744572282
67.282 1.746040211
67.284 1.74731551
67.286 1.748824398
67.288 1.750120196
67.29 1.751642722
67.292 1.752946033
67.294 1.754472345
67.296 1.755776589
67.298 1.757302584
67.3 1.758892181
67.302 1.760326103
67.304 1.761858807
67.306 1.76317127
67.308 1.764588646
67.31 1.765716138
67.312 1.766999362
67.314 1.768034216
67.316 1.769268676
67.318 1.770270601
67.32 1.771487256
67.322 1.772477636
67.324 1.77368813
67.326 1.774674425
67.328 1.775882574
67.33 1.776867741
67.332 1.778075963
67.334 1.779062939
67.336 1.779985991
67.338 1.781065022
67.34 1.782086594
67.342 1.783400022
67.344 1.784585805
67.346 1.786038035
67.348 1.787299229
67.35 1.788799987
67.352 1.790088378
67.354 1.791606867
67.356 1.792904818
67.358 1.794428465
67.36 1.795729172
67.362 1.797253829
67.364 1.798554699
67.366 1.800078272
67.368 1.801664514
67.37 1.803095663
67.372 1.804584206
67.374 1.805780827
67.376 1.807105052
67.378 1.808162739
67.38 1.809411705
67.382 1.810421301
67.384 1.81164347
67.386 1.812636655
67.388 1.813849542
67.39 1.814837417
67.392 1.816048473
67.394 1.817035438
67.396 1.817959308
67.398 1.819037129
67.4 1.820016687
67.402 1.821215326
67.404 1.822228278
67.406 1.823509948
67.408 1.824652793
67.41 1.826079519
67.412 1.827326702
67.414 1.828531443
67.416 1.829905537
67.418 1.831474297
67.42 1.832889453
67.422 1.834442173
67.424 1.835780843
67.426 1.837318384
67.428 1.838631019
67.43 1.840158828
67.432 1.841460879
67.434 1.842982683
67.436 1.844566132
67.438 1.845951842
67.44 1.847403648
67.442 1.848568247
67.444 1.849875818
67.446 1.850919933
67.448 1.852159385
67.45 1.853160942
67.452 1.854376179
67.454 1.855363238
67.456 1.856570247
67.458 1.857553566
67.46 1.858758416
67.462 1.859740822
67.464 1.860658843
67.466 1.861732552
67.468 1.862707167
67.47 1.863902318
67.472 1.864952777
67.474 1.86626391
67.476 1.867430584
67.478 1.868579121
67.48 1.869921503
67.482 1.871469314
67.484 1.872871386
67.486 1.874415911
67.488 1.875749164
67.49 1.87728408
67.492 1.878595256
67.494 1.880123475
67.496 1.881426781
67.498 1.882951505
67.5 1.884251436
67.502 1.885773509
67.504 1.887317394
67.506 1.888673364
67.508 1.890060502
67.51 1.891185442
67.512 1.892460804
67.514 1.893493555
67.516 1.894726707
67.518 1.895728675
67.52 1.896947801
67.522 1.897939989
67.524 1.89915426
67.526 1.900144242
67.528 1.901070939
67.53 1.902152273
67.532 1.903135123
67.534 1.904338683
67.536 1.905397014
67.538 1.906715125
67.54 1.907849468
67.542 1.908974495
67.544 1.910297222
67.546 1.91184082
67.548 1.913241593
67.55 1.914500944
67.552 1.915927813
67.554 1.917520183
67.556 1.918954408
67.558 1.920517183
67.56 1.921862978
67.562 1.923404706
67.564 1.924719701
67.566 1.926207486
67.568 1.927724488
67.57 1.929055473
67.572 1.930433102
67.574 1.931550662
67.576 1.932824248
67.578 1.933855663
67.58 1.935089443
67.582 1.936092158
67.584 1.937024575
67.586 1.938108861
67.588 1.939092172
67.59 1.940294566
67.592 1.941308922
67.594 1.942550588
67.596 1.943579711
67.598 1.944877223
67.6 1.945986792
67.602 1.947063347
67.604 1.948306404
67.606 1.949500032
67.608 1.950946841
67.61 1.95223711
67.612 1.953765811
67.614 1.955379826
67.616 1.956845429
67.618 1.95812747
67.62 1.95956966
67.622 1.961163497
67.624 1.962594587
67.626 1.964148961
67.628 1.965484416
67.63 1.96697042
67.632 1.968485575
67.634 1.969806974
67.636 1.970886568
67.638 1.972080695
67.64 1.97339463
67.642 1.974529167
67.644 1.975489959
67.646 1.976603818
67.648 1.977873888
67.65 1.978980557
67.652 1.979926204
67.654 1.9810325
67.656 1.982010949
67.658 1.98320766
67.66 1.984250501
67.662 1.985551619
67.664 1.986666724
67.666 1.987732781
67.668 1.988965252
67.67 1.990143703
67.672 1.991575362
67.674 1.992849542
67.676 1.99436276
67.678 1.99596268
67.68 1.997413804
67.682 1.998684405
67.684 2.000116117
67.686 2.001702657
67.688 2.003127281
67.69 2.00467872
67.692 2.005969227
67.694 2.007423677
67.696 2.008622835
67.698 2.009986177
67.7 2.011372476
67.702 2.01256965
67.704 2.013563579
67.706 2.014705014
67.708 2.015705611
67.71 2.016919564
67.712 2.017932911
67.714 2.019170449
67.716 2.020191369
67.718 2.021437963
67.72 2.022505877
67.722 2.023541729
67.724 2.024762084
67.726 2.025894255
67.728 2.02725592
67.73 2.028434787
67.732 2.02984296
67.734 2.031079639
67.736 2.032573076
67.738 2.033873653
67.74 2.035410784
67.742 2.036732956
67.744 2.038282896
67.746 2.039899209
67.748 2.041361523
67.75 2.042924429
67.752 2.044266678
67.754 2.045796119
67.756 2.047055699
67.758 2.048495918
67.76 2.049681569
67.762 2.051035145
67.764 2.052123747
67.766 2.053402736
67.768 2.05473147
67.77 2.055895231
67.772 2.056865028
67.774 2.057991133
67.776 2.058979412
67.778 2.060183808
67.78 2.061190854
67.782 2.062422797
67.784 2.063481657
67.786 2.064509755
67.788 2.065724842
67.79 2.066853799
67.792 2.068212623
67.794 2.069389177
67.796 2.070796259
67.798 2.072032615
67.8 2.073527708
67.802 2.074829648
67.804 2.076368798
67.806 2.077693826
67.808 2.079247697
67.81 2.080581402
67.812 2.082139439
67.814 2.083762839
67.816 2.085230438
67.818 2.086756687
67.82 2.088031924
67.822 2.089466338
67.824 2.090662271
67.826 2.092061454
67.828 2.093191038
67.83 2.094508445
67.832 2.095571485
67.834 2.096845814
67.836 2.097885913
67.838 2.099147021
67.84 2.100180166
67.842 2.101437049
67.844 2.102469036
67.846 2.103437863
67.848 2.104562936
67.85 2.105629808
67.852 2.106949013
67.854 2.108109023
67.856 2.109509722
67.858 2.110706233
67.86 2.112134437
67.862 2.113384381
67.864 2.114892419
67.866 2.116206442
67.868 2.11775601
67.87 2.119091456
67.872 2.120654821
67.874 2.121998633
67.876 2.123566674
67.878 2.124912098
67.88 2.126439294
67.882 2.127999985
67.884 2.129377414
67.886 2.130842667
67.888 2.132078758
67.89 2.133498175
67.892 2.134687409
67.894 2.136089232
67.896 2.137263068
67.898 2.138618025
67.9 2.139716319
67.902 2.141011955
67.904 2.142070673
67.906 2.143345425
67.908 2.144391598
67.91 2.145660402
67.912 2.146705196
67.914 2.147685212
67.916 2.148821548
67.918 2.149899914
67.92 2.151232053
67.922 2.1524045
67.924 2.153817538
67.926 2.15506638
67.928 2.156577392
67.93 2.157898834
67.932 2.159457993
67.934 2.160804706
67.936 2.162380107
67.938 2.163736373
67.94 2.165317016
67.942 2.166675239
67.944 2.168215486
67.946 2.169789404
67.948 2.171180293
67.95 2.172370427
67.952 2.173710466
67.954 2.175198243
67.956 2.176520954
67.958 2.17796696
67.96 2.179194181
67.962 2.180616188
67.964 2.181813341
67.966 2.183185034
67.968 2.184301357
67.97 2.185611487
67.972 2.186686556
67.974 2.187976873
67.976 2.189038964
67.978 2.190034032
67.98 2.191183824
67.982 2.192234616
67.984 2.193546294
67.986 2.194702825
67.988 2.196114974
67.99 2.197326607
67.992 2.198775196
67.994 2.200006996
67.996 2.201507678
67.998 2.202816987
68 2.204380804
68.002 2.205731649
68.004 2.207317252
68.006 2.208682223
68.008 2.210276088
68.01 2.211645743
68.012 2.213200088
68.014 2.214497929
68.016 2.215992464
68.018 2.217540206
68.02 2.218922518
68.022 2.220111699
68.024 2.221456567
68.026 2.222953527
68.028 2.224284975
68.03 2.225741891
68.032 2.226978166
68.034 2.228371502
68.036 2.229506102
68.038 2.230830133
68.04 2.231916062
68.042 2.232926655
68.044 2.234088725
68.046 2.235147044
68.048 2.236424469
68.05 2.237512943
68.052 2.238871508
68.054 2.240047509
68.056 2.241479284
68.058 2.24270124
68.06 2.244159827
68.062 2.245398258
68.064 2.246576666
68.066 2.24791132
68.068 2.249477023
68.07 2.250914488
68.072 2.25222641
68.074 2.253712591
68.076 2.255371083
68.078 2.25687357
68.08 2.258506116
68.082 2.259921962
68.084 2.261492621
68.086 2.262807032
68.088 2.264307402
68.09 2.265570652
68.092 2.267044266
68.094 2.26857881
68.096 2.269951625
68.098 2.271133864
68.1 2.272472576
68.102 2.27392387
68.104 2.27518054
68.106 2.276534512
68.108 2.277657506
68.11 2.278677257
68.112 2.279847577
68.114 2.280905087
68.116 2.282180535
68.118 2.283304804
68.12 2.284688726
68.122 2.285884974
68.124 2.28732009
68.126 2.288542308
68.128 2.289995859
68.13 2.291227605
68.132 2.292397317
68.134 2.29372282
68.136 2.295239287
68.138 2.296596576
68.14 2.297800768
68.142 2.299168424
68.144 2.30045013
68.146 2.301982773
68.148 2.30363514
68.15 2.305145214
68.152 2.306771959
68.154 2.308184815
68.156 2.309789261
68.158 2.311168095
68.16 2.312718977
68.162 2.314012261
68.164 2.315498345
68.166 2.316746333
68.168 2.318207558
68.17 2.319728012
68.172 2.321089994
68.174 2.322509009
68.176 2.323676485
68.178 2.324713687
68.18 2.325892881
68.182 2.326949939
68.184 2.328221543
68.186 2.329297535
68.188 2.330600524
68.19 2.331727724
68.192 2.333113348
68.194 2.334304877
68.196 2.335734411
68.198 2.336950197
68.2 2.338394636
68.202 2.339618228
68.204 2.340778102
68.206 2.342095927
68.208 2.343602605
68.21 2.344950438
68.212 2.346144549
68.214 2.347503738
68.216 2.348735787
68.218 2.35018829
68.22 2.351483563
68.222 2.353036826
68.224 2.354691212
68.226 2.356201677
68.228 2.35753374
68.23 2.35898846
68.232 2.360569047
68.234 2.361958003
68.236 2.363462138
68.238 2.36473647
68.24 2.36620398
68.242 2.36743985
68.244 2.368890848
68.246 2.370113024
68.248 2.371557113
68.25 2.372775184
68.252 2.374176075
68.254 2.375320896
68.256 2.376661907
68.258 2.377768901
68.26 2.379090684
68.262 2.3801852
68.264 2.381500804
68.266 2.3826339
68.268 2.383731557
68.27 2.3850139
68.272 2.386206466
68.274 2.387629492
68.276 2.388868558
68.278 2.390337867
68.28 2.391594714
68.282 2.393078577
68.284 2.394342237
68.286 2.395830134
68.288 2.397094517
68.29 2.398582509
68.292 2.399886822
68.294 2.40144414
68.296 2.402804066
68.298 2.404397606
68.3 2.40577504
68.302 2.407338887
68.304 2.40893761
68.306 2.410352469
68.308 2.411565561
68.31 2.412929213
68.312 2.414439609
68.314 2.415782887
68.316 2.417248396
68.318 2.418492723
68.32 2.419931458
68.322 2.421141025
68.324 2.422565994
68.326 2.423763021
68.328 2.425142593
68.33 2.426264064
68.332 2.427582342
68.334 2.428663103
68.336 2.429960795
68.338 2.431069251
68.34 2.432141874
68.342 2.433395514
68.344 2.434559811
68.346 2.435953989
68.348 2.437162971
68.35 2.438602789
68.352 2.43982944
68.354 2.441284928
68.356 2.442517841
68.358 2.443976701
68.36 2.445210253
68.362 2.446669685
68.364 2.447904741
68.366 2.449364031
68.368 2.450598585
68.37 2.452057415
68.372 2.453331994
68.374 2.454860174
68.376 2.456191521
68.378 2.457757526
68.38 2.459107961
68.382 2.460645327
68.384 2.462218014
68.386 2.463607907
68.388 2.464796715
68.39 2.466137155
68.392 2.467624778
68.394 2.46894581
68.396 2.470390202
68.398 2.471614315
68.4 2.473034229
68.402 2.474225686
68.404 2.475592903
68.406 2.476702804
68.408 2.478008944
68.41 2.479117346
68.412 2.480182168
68.414 2.481385517
68.416 2.48279723
68.418 2.484060224
68.42 2.48518854
68.422 2.486485718
68.424 2.48766283
68.426 2.4890622
68.428 2.490265511
68.43 2.491697053
68.432 2.492911682
68.434 2.494352873
68.436 2.49557146
68.438 2.497015065
68.44 2.498233675
68.442 2.499676263
68.444 2.500895087
68.446 2.502337342
68.448 2.503554436
68.45 2.504994825
68.452 2.506210797
68.454 2.50765125
68.456 2.508905521
68.458 2.510375065
68.46 2.511655108
68.462 2.513133481
68.464 2.514381805
68.466 2.515831476
68.468 2.517052452
68.47 2.518490231
68.472 2.519701919
68.474 2.521133642
68.476 2.522340243
68.478 2.523768442
68.48 2.524971066
68.482 2.526357367
68.484 2.527486531
68.486 2.528812557
68.488 2.529900954
68.49 2.531205128
68.492 2.532319939
68.494 2.533687209
68.496 2.534854638
68.498 2.536257104
68.5 2.537443465
68.502 2.538857532
68.504 2.540049283
68.506 2.541175684
68.508 2.542458682
68.51 2.543931565
68.512 2.545243193
68.514 2.546691266
68.516 2.547921445
68.518 2.54906035
68.52 2.550354287
68.522 2.551829016
68.524 2.553141749
68.526 2.554297071
68.528 2.555614933
68.53 2.557096473
68.532 2.558414596
68.534 2.559861213
68.536 2.561087327
68.538 2.562219574
68.54 2.563505997
68.542 2.564972454
68.544 2.566276113
68.546 2.567712561
68.548 2.568929892
68.55 2.570344917
68.552 2.571533715
68.554 2.572937668
68.556 2.574114967
68.558 2.575513223
68.56 2.576685553
68.562 2.578081862
68.564 2.579251467
68.566 2.580645332
68.568 2.581812825
68.57 2.583164845
68.572 2.584300579
68.574 2.585625029
68.576 2.586748755
68.578 2.588062869
68.58 2.589182043
68.582 2.590532984
68.584 2.591681579
68.586 2.592769422
68.588 2.594018876
68.59 2.595460111
68.592 2.596741979
68.594 2.597871186
68.596 2.599164193
68.598 2.600620777
68.6 2.601915717
68.602 2.603048347
68.604 2.604342812
68.606 2.605798637
68.608 2.607092338
68.61 2.60822262
68.612 2.60951523
68.614 2.610968508
68.616 2.612259832
68.618 2.613388758
68.62 2.614678629
68.622 2.616129595
68.624 2.617417409
68.626 2.618542691
68.628 2.619829054
68.63 2.621278186
68.632 2.622562591
68.634 2.623684866
68.636 2.624967703
68.638 2.626412633
68.64 2.627694164
68.642 2.628813405
68.644 2.630092888
68.646 2.63153473
68.648 2.632811998
68.65 2.633927199
68.652 2.635203288
68.654 2.636641801
68.656 2.637916143
68.658 2.63931934
68.66 2.640501186
68.662 2.64158986
68.664 2.642832977
68.666 2.644256311
68.668 2.645517646
68.67 2.646912676
68.672 2.648088785
68.674 2.649172834
68.676 2.650412826
68.678 2.651833209
68.68 2.653092543
68.682 2.654485532
68.684 2.655660219
68.686 2.656742247
68.688 2.657980901
68.69 2.659400612
68.692 2.660658864
68.694 2.662050404
68.696 2.663224821
68.698 2.664307102
68.7 2.665545538
68.702 2.666964734
68.704 2.668223544
68.706 2.669325277
68.708 2.670590528
68.71 2.672019053
68.712 2.673287782
68.714 2.674393536
68.716 2.675662214
68.718 2.677091996
68.72 2.67836035
68.722 2.679466107
68.724 2.680735972
68.726 2.682166231
68.728 2.683435113
68.73 2.684540358
68.732 2.685809182
68.734 2.687239992
68.736 2.688509773
68.738 2.689615617
68.74 2.690884598
68.742 2.692314763
68.744 2.693584087
68.746 2.69469076
68.748 2.695961004
68.75 2.69739213
68.752 2.69866163
68.754 2.699763531
68.756 2.701028885
68.758 2.702456785
68.76 2.703725669
68.762 2.704834273
68.764 2.706107154
68.766 2.707545094
68.768 2.708822843
68.77 2.709940969
68.772 2.711223801
68.774 2.712673239
68.776 2.713962013
68.778 2.715090847
68.78 2.716383296
68.782 2.717840686
68.784 2.719136941
68.786 2.720274189
68.788 2.72157451
68.79 2.72303919
68.792 2.724341619
68.794 2.72548323
68.796 2.726787586
68.798 2.727964946
68.8 2.729363354
68.802 2.730854965
68.804 2.73219219
68.806 2.73334674
68.808 2.734663823
68.81 2.735846336
68.812 2.737248904
68.814 2.738741578
68.816 2.740079112
68.818 2.7412324
68.82 2.74254776
68.822 2.743727057
68.824 2.745124665
68.826 2.746614092
68.828 2.747947303
68.83 2.749097716
68.832 2.750408471
68.834 2.75158392
68.836 2.752976783
68.838 2.754170509
68.84 2.755588646
68.842 2.757080213
68.844 2.758414579
68.846 2.759560473
68.848 2.760866369
68.85 2.762035369
68.852 2.763422434
68.854 2.764608049
68.856 2.766019606
68.858 2.7672119
68.86 2.768630308
68.862 2.769824331
68.864 2.771243679
68.866 2.772438028
68.868 2.773856169
68.87 2.775048387
68.872 2.776464355
68.874 2.77765438
68.876 2.779068521
68.878 2.7802567
68.88 2.78167017
68.882 2.782856554
68.884 2.784267904
68.886 2.785452566
68.888 2.786862508
68.89 2.788046137
68.892 2.789455057
68.894 2.790638879
68.896 2.792046976
68.898 2.793229768
68.9 2.794637067
68.902 2.795819128
68.904 2.797226088
68.906 2.798407811
68.908 2.799815573
68.91 2.800996925
68.912 2.802404008
68.914 2.803584958
68.916 2.804991732
68.918 2.806172641
68.92 2.807579272
68.922 2.808761202
68.924 2.810167735
68.926 2.811349148
68.928 2.812755358
68.93 2.813936625
68.932 2.815342833
68.934 2.816523866
68.936 2.817931168
68.938 2.819112232
68.94 2.820519084
68.942 2.821699765
68.944 2.823106357
68.946 2.824287141
68.948 2.825692731
68.95 2.8268715
68.952 2.828275946
68.954 2.829453006
68.956 2.830855364
68.958 2.832030498
68.96 2.833430959
68.962 2.834604635
68.964 2.836003434
68.966 2.837175538
68.968 2.838573581
68.97 2.839744006
68.972 2.841139813
68.974 2.842308317
68.976 2.843702289
68.978 2.844869479
68.98 2.846261963
68.982 2.847428754
68.984 2.848819712
68.986 2.849984759
68.988 2.851374108
68.99 2.852537614
68.992 2.8539256
68.994 2.855087513
68.996 2.856474057
68.998 2.85763542
69 2.859021445
69.002 2.860181811
69.004 2.861566595
69.006 2.862725351
69.008 2.864108674
69.01 2.865265962
69.012 2.866647937
69.014 2.867803849
69.016 2.869184672
69.018 2.870339527
69.02 2.871719372
69.022 2.872873209
69.024 2.874252169
69.026 2.875405265
69.028 2.876783596
69.03 2.877936034
69.032 2.879313824
69.034 2.880465877
69.036 2.881843401
69.038 2.882995191
69.04 2.884372547
69.042 2.885527021
69.044 2.88691069
69.046 2.888071468
69.048 2.889460349
69.05 2.890626058
69.052 2.892019697
69.054 2.893189901
69.056 2.894587933
69.058 2.895762472
69.06 2.897162735
69.062 2.89833571
69.064 2.899733572
69.066 2.900904948
69.068 2.902301268
69.07 2.903471261
69.072 2.904866314
69.074 2.906035182
69.076 2.907429249
69.078 2.908597297
69.08 2.90999074
69.082 2.911158307
69.084 2.912551514
69.086 2.913719107
69.088 2.915112672
69.09 2.916281172
69.092 2.917676009
69.094 2.918845985
69.096 2.920242571
69.098 2.921414545
69.1 2.922813379
69.102 2.923987831
69.104 2.925389379
69.106 2.926566672
69.108 2.927971337
69.11 2.929151996
69.112 2.930560173
69.114 2.931744498
69.116 2.933156477
69.118 2.934344765
69.12 2.935760839
69.122 2.936953304
69.124 2.938373639
69.126 2.939570443
69.128 2.940995209
69.13 2.942196496
69.132 2.943625778
69.134 2.944831608
69.136 2.946265473
69.138 2.947475862
69.14 2.9489142
69.142 2.950128977
69.144 2.951571666
69.146 2.952790723
69.148 2.954237623
69.15 2.955460832
69.152 2.956911796
69.154 2.958138961
69.156 2.959593767
69.158 2.960824561
69.16 2.962282936
69.162 2.963517248
69.164 2.964978971
69.166 2.966216474
69.168 2.967681257
69.17 2.968921645
69.172 2.970389145
69.174 2.971632158
69.176 2.97310216
69.178 2.974347709
69.18 2.975820212
69.182 2.977068041
69.184 2.978542551
69.186 2.979792174
69.188 2.981268371
69.19 2.982519528
69.192 2.983997148
69.194 2.985249631
69.196 2.986728437
69.198 2.987981972
69.2 2.989461735
69.202 2.990716081
69.204 2.992196541
69.206 2.993451469
69.208 2.994932431
69.21 2.996187745
69.212 2.997668998
69.214 2.998924522
69.216 3.000405887
69.218 3.001661239
69.22 3.003142206
69.222 3.004397048
69.224 3.005877369
69.226 3.007131472
69.228 3.008610963
69.23 3.009864161
69.232 3.011342694
69.234 3.012594866
69.236 3.014072288
69.238 3.015323347
69.24 3.016799617
69.242 3.018049457
69.244 3.0195245
69.246 3.020773115
69.248 3.022246907
69.25 3.023494226
69.252 3.024966673
69.254 3.026212624
69.256 3.027683695
69.258 3.028928249
69.26 3.030397904
69.262 3.031641033
69.264 3.033109268
69.266 3.034350954
69.268 3.03581769
69.27 3.03705784
69.272 3.038523058
69.274 3.03976166
69.276 3.041225301
69.278 3.042462277
69.28 3.04392421
69.282 3.045159462
69.284 3.046620384
69.286 3.047854696
69.288 3.049314281
69.29 3.050546898
69.292 3.052004555
69.294 3.053235196
69.296 3.054690708
69.298 3.055919189
69.3 3.057372459
69.302 3.05859868
69.304 3.06004964
69.306 3.061273522
69.308 3.062722072
69.31 3.063943554
69.312 3.065389672
69.314 3.066608663
69.316 3.068052281
69.318 3.069268799
69.32 3.070709901
69.322 3.071923866
69.324 3.073362442
69.326 3.074573874
69.328 3.076009821
69.33 3.077218652
69.332 3.078652087
69.334 3.079858399
69.336 3.081289274
69.338 3.082493032
69.34 3.083921426
69.342 3.085122712
69.344 3.086548633
69.346 3.087747908
69.348 3.089173163
69.35 3.090372309
69.352 3.091797206
69.354 3.092996002
69.356 3.094420401
69.358 3.095618614
69.36 3.097042331
69.362 3.098239758
69.364 3.09966261
69.366 3.100859097
69.368 3.102281066
69.37 3.103476759
69.372 3.104897813
69.374 3.106092383
69.376 3.107512217
69.378 3.108705493
69.38 3.11012398
69.382 3.111315825
69.384 3.112733205
69.386 3.113924672
69.388 3.115341705
69.39 3.116532498
69.392 3.117948713
69.394 3.119138517
69.396 3.120553619
69.398 3.121742201
69.4 3.123156025
69.402 3.124343135
69.404 3.125755409
69.406 3.126940908
69.408 3.128351544
69.41 3.129535403
69.412 3.130944314
69.414 3.132126397
69.416 3.133533543
69.418 3.134713742
69.42 3.136118989
69.422 3.137297297
69.424 3.1387007
69.426 3.139877174
69.428 3.141278812
69.43 3.142453664
69.432 3.143853681
69.434 3.145026898
69.436 3.146425287
69.438 3.147597012
69.44 3.14899404
69.442 3.150164529
69.444 3.151560457
69.446 3.152729986
69.448 3.154125077
69.45 3.155293874
69.452 3.156688358
69.454 3.157856668
69.456 3.159250773
69.458 3.160418763
69.46 3.161812639
69.462 3.162980492
69.464 3.164374336
69.466 3.165542176
69.468 3.166936116
69.47 3.168104187
69.472 3.169498433
69.474 3.170666782
69.476 3.172061387
69.478 3.173230244
69.48 3.17462543
69.482 3.175794822
69.484 3.177190597
69.486 3.178360626
69.488 3.179757181
69.49 3.180928014
69.492 3.182325343
69.494 3.183496969
69.496 3.184895237
69.498 3.186067809
69.5 3.187466936
69.502 3.188640371
69.504 3.190040515
69.506 3.191214973
69.508 3.192616038
69.51 3.193791386
69.512 3.195193445
69.514 3.196369767
69.516 3.197772697
69.518 3.198949911
69.52 3.200353722
69.522 3.201531733
69.524 3.202936404
69.526 3.204115274
69.528 3.205520689
69.53 3.206700329
69.532 3.208106525
69.534 3.20928683
69.536 3.210693732
69.538 3.211874586
69.54 3.213281518
69.542 3.214462247
69.544 3.215869144
69.546 3.217049777
69.548 3.218456651
69.55 3.219637197
69.552 3.221043933
69.554 3.222224418
69.556 3.223631215
69.558 3.224811847
69.56 3.226218855
69.562 3.22740095
69.564 3.228810383
69.566 3.229992174
69.568 3.231400104
69.57 3.232581318
69.572 3.233988579
69.574 3.235169348
69.576 3.236576345
69.578 3.237758287
69.58 3.239167397
69.582 3.240348672
69.584 3.241756195
69.586 3.242937122
69.588 3.24434429
69.59 3.245525144
69.592 3.24693382
69.594 3.24811738
69.596 3.249526276
69.598 3.250709177
69.6 3.252118508
69.602 3.253302986
69.604 3.254714895
69.606 3.255899285
69.608 3.257310222
69.61 3.258494696
69.612 3.259905596
69.614 3.261091525
69.616 3.262504879
69.618 3.263690593
69.62 3.265102745
69.622 3.266289605
69.624 3.267703714
69.626 3.268889935
69.628 3.270302398
69.63 3.271488096
69.632 3.272901341
69.634 3.274089077
69.636 3.27550171
69.638 3.276687845
69.64 3.278101501
69.642 3.279289715
69.644 3.280702707
69.646 3.281890545
69.648 3.283305403
69.65 3.284492325
69.652 3.285905344
69.654 3.287092888
69.656 3.288507632
69.658 3.289694276
69.66 3.291108416
69.662 3.292296623
69.664 3.293709455
69.666 3.294895532
69.668 3.296308886
69.67 3.297496618
69.672 3.298909151
69.674 3.300096418
69.676 3.301510639
69.678 3.302696814
69.68 3.304110552
69.682 3.30529845
69.684 3.306710979
69.686 3.30789799
69.688 3.309311256
69.69 3.310427272
69.692 3.311785998
69.694 3.312898948
69.696 3.314244773
69.698 3.315361985
69.7 3.316707364
69.702 3.317828634
69.704 3.319109175
69.706 3.320180616
69.708 3.321465038
69.71 3.322531939
69.712 3.323827259
69.714 3.324901275
69.716 3.32613685
69.718 3.327168331
69.72 3.328414536
69.722 3.329446978
69.724 3.330707261
69.726 3.331681078
69.728 3.33290613
69.73 3.333896993
69.732 3.335129625
69.734 3.336071272
69.736 3.33726942
69.738 3.338233265
69.74 3.339442724
69.742 3.34036491
69.744 3.341546572
69.746 3.342499015
69.748 3.343626987
69.75 3.344558352
69.752 3.345716036
69.754 3.346669021
69.756 3.347794128
69.758 3.348731857
69.76 3.349895457
69.762 3.350789027
69.764 3.351943709
69.766 3.352877594
69.768 3.353994552
69.77 3.354919252
69.772 3.356077991
69.774 3.356967926
69.776 3.358121258
69.778 3.359056315
69.78 3.360177621
69.782 3.361111746
69.784 3.362210155
69.786 3.363131333
69.788 3.364282675
69.79 3.36517186
69.792 3.366328198
69.794 3.367199684
69.796 3.368350002
69.798 3.369279773
69.8 3.370402989
69.802 3.371342599
69.804 3.37245134
69.806 3.373385953
69.808 3.374483809
69.81 3.37541056
69.812 3.376502095
69.814 3.377422858
69.816 3.378580356
69.818 3.379481932
69.82 3.380656886
69.822 3.381552176
69.824 3.382729661
69.826 3.383622046
69.828 3.384800375
69.83 3.385690957
69.832 3.386868222
69.834 3.38776078
69.836 3.388942262
69.838 3.389838526
69.84 3.391024873
69.842 3.391925283
69.844 3.393115973
69.846 3.39402407
69.848 3.395224243
69.85 3.39614008
69.852 3.397348116
69.854 3.398274949
69.856 3.399495658
69.858 3.400434359
69.86 3.401667568
69.862 3.402616313
69.864 3.403785628
69.866 3.404765264
69.868 3.40592809
69.87 3.406925254
69.872 3.408099509
69.874 3.409040419
69.876 3.410246157
69.878 3.411186195
69.88 3.412417332
69.882 3.413372016
69.884 3.41454901
69.886 3.415542031
69.888 3.416720904
69.89 3.417664208
69.892 3.418881237
69.894 3.419830551
69.896 3.420999481
69.898 3.421991996
69.9 3.42317153
69.902 3.424119222
69.904 3.425342763
69.906 3.426302088
69.908 3.427482594
69.91 3.42848685
69.912 3.4296811
69.914 3.430644124
69.916 3.431808095
69.918 3.432805703
69.92 3.43398886
69.922 3.434946431
69.924 3.436104479
69.926 3.437097053
69.928 3.438279292
69.93 3.439237857
69.932 3.44039967
69.934 3.441398878
69.936 3.442589596
69.938 3.443558658
69.94 3.444733163
69.942 3.445668804
69.944 3.446893299
69.946 3.447858185
69.948 3.449054836
69.95 3.4500055
69.952 3.451174295
69.954 3.452181748
69.956 3.453386067
69.958 3.45437111
69.96 3.455566378
69.962 3.456528854
69.964 3.457704644
69.966 3.458722049
69.968 3.459938724
69.97 3.460939476
69.972 3.462153275
69.974 3.463136223
69.976 3.464333271
69.978 3.465295081
69.98 3.466473295
69.982 3.467497935
69.984 3.468723442
69.986 3.469736081
69.988 3.470963158
69.99 3.4719613
69.992 3.47317876
69.994 3.474164393
69.996 3.475368261
69.998 3.476340326
70 3.477533641
70.002 3.478493275
70.004 3.479674686
70.006 3.4806258
70.008 3.481800717
70.01 3.482744219
70.012 3.483912015
70.014 3.484851957
70.016 3.48601821
70.018 3.486955509
70.02 3.488119546
70.022 3.489058082
70.024 3.49022525
70.026 3.491165701
70.028 3.492335068
70.03 3.493279903
70.032 3.49445576
70.034 3.495409028
70.036 3.496591747
70.038 3.497551927
70.04 3.498743376
70.042 3.499713973
70.044 3.500917547
70.046 3.501898501
70.048 3.503112111
70.05 3.504104491
70.052 3.505329765
70.054 3.506335452
70.056 3.507575252
70.058 3.508593265
70.06 3.509844604
70.062 3.510875161
70.064 3.512138897
70.066 3.513183114
70.068 3.514461364
70.07 3.515517462
70.072 3.516806367
70.074 3.517873873
70.076 3.519173868
70.078 3.520253478
70.08 3.521566185
70.082 3.522655656
70.084 3.523976833
70.086 3.525075406
70.088 3.526405256
70.09 3.527513451
70.092 3.528853476
70.094 3.529968963
70.096 3.531314893
70.098 3.532436907
70.1 3.53379003
70.102 3.534919856
70.104 3.536277851
70.106 3.537411324
70.108 3.538774858
70.11 3.539914373
70.112 3.541281247
70.114 3.542422872
70.116 3.543793865
70.118 3.544940133
70.12 3.546313139
70.122 3.547461481
70.124 3.548838394
70.126 3.549987775
70.128 3.551364841
70.13 3.552516653
70.132 3.55389701
70.134 3.55504962
70.136 3.556431034
70.138 3.557586703
70.14 3.558969587
70.142 3.560126811
70.144 3.56150971
70.146 3.562667167
70.148 3.564052524
70.15 3.565209788
70.152 3.566595549
70.154 3.567755368
70.156 3.569142264
70.158 3.570303397
70.16 3.571691294
70.162 3.572853342
70.164 3.574241997
70.166 3.575404706
70.168 3.576793921
70.17 3.577957144
70.172 3.579346832
70.174 3.580510487
70.176 3.581900569
70.178 3.583064631
70.18 3.584455702
70.182 3.585621157
70.184 3.587013613
70.186 3.588180561
70.188 3.589574431
70.19 3.590742832
70.192 3.592138142
70.194 3.593307928
70.196 3.594704579
70.198 3.595876828
70.2 3.597275449
70.202 3.598447047
70.204 3.59984634
70.206 3.601018149
70.208 3.602418972
70.21 3.603591776
70.212 3.604991049
70.214 3.606164888
70.216 3.60756437
70.218 3.608736037
70.22 3.610135945
70.222 3.611308511
70.224 3.61270654
70.226 3.613876131
70.228 3.615273662
70.23 3.616443466
70.232 3.617838433
70.234 3.619004717
70.236 3.620398715
70.238 3.621564847
70.24 3.622955959
70.242 3.624118291
70.244 3.625508268
70.246 3.62667045
70.248 3.628058944
70.25 3.629219637
70.252 3.63060509
70.254 3.631761715
70.256 3.633145896
70.258 3.634302212
70.26 3.635684838
70.262 3.636839729
70.264 3.638220673
70.266 3.639373731
70.268 3.640752672
70.27 3.641902324
70.272 3.643276944
70.274 3.644425327
70.276 3.645799875
70.278 3.646947069
70.28 3.648320519
70.282 3.649466399
70.284 3.650838471
70.286 3.651982865
70.288 3.653353372
70.29 3.654496201
70.292 3.655865085
70.294 3.657006163
70.296 3.658373273
70.298 3.659512626
70.3 3.660878009
70.302 3.662015684
70.304 3.663379363
70.306 3.664515244
70.308 3.665877103
70.31 3.667011164
70.312 3.668371186
70.314 3.669503463
70.316 3.670861693
70.318 3.671992092
70.32 3.673348401
70.322 3.674476864
70.324 3.675831271
70.326 3.676957788
70.328 3.678310128
70.33 3.679434515
70.332 3.680784705
70.334 3.681906971
70.336 3.683254964
70.338 3.684374901
70.34 3.685720482
70.342 3.686838028
70.344 3.688181152
70.346 3.689296107
70.348 3.690636566
70.35 3.691748824
70.352 3.693086613
70.354 3.694196142
70.356 3.695531076
70.358 3.696637682
70.36 3.697969731
70.362 3.699073407
70.364 3.700402386
70.366 3.701502844
70.368 3.702828549
70.37 3.703925718
70.372 3.705248063
70.374 3.70634192
70.376 3.707661107
70.378 3.708751811
70.38 3.710067718
70.382 3.711155116
70.384 3.712467795
70.386 3.713551977
70.388 3.714861351
70.39 3.715942285
70.392 3.717248407
70.394 3.718326033
70.396 3.719628846
70.398 3.720703281
70.4 3.722002941
70.402 3.723074172
70.404 3.724370706
70.406 3.725438858
70.408 3.726732274
70.41 3.727797319
70.412 3.729087758
70.414 3.730149874
70.416 3.731437349
70.418 3.732496634
70.42 3.733781352
70.422 3.734837843
70.424 3.736119758
70.426 3.737173496
70.428 3.738452678
70.43 3.739503805
70.432 3.740780441
70.434 3.741828911
70.436 3.743103078
70.438 3.744149204
70.44 3.745420895
70.442 3.746464621
70.444 3.747734036
70.446 3.748775475
70.448 3.750042798
70.45 3.751080727
70.452 3.752341926
70.454 3.753374936
70.456 3.754633739
70.458 3.755665415
70.46 3.756924159
70.462 3.757956698
70.464 3.759216996
70.466 3.760251682
70.468 3.761514757
70.47 3.762552255
70.472 3.763817697
70.474 3.76485708
70.476 3.766123888
70.478 3.767164126
70.48 3.768431115
70.482 3.769470895
70.484 3.77073666
70.486 3.77177445
70.488 3.773037496
70.49 3.774071855
70.492 3.775330943
70.494 3.776360841
70.496 3.777615013
70.498 3.778639563
70.5 3.779888005
70.502 3.780906631
70.504 3.782148937
70.506 3.78316131
70.508 3.784397339
70.51 3.785402646
70.512 3.786630208
70.514 3.787626616
70.516 3.788845672
70.518 3.789833919
70.52 3.791045369
70.522 3.792026767
70.524 3.793232085
70.526 3.794208036
70.528 3.795408521
70.53 3.796380113
70.532 3.797576795
70.534 3.798545116
70.536 3.799739042
70.538 3.800705021
70.54 3.801897012
70.542 3.802861369
70.544 3.804052026
70.546 3.805015271
70.548 3.80620493
70.55 3.80716737
70.552 3.808356319
70.554 3.809318116
70.556 3.810506417
70.558 3.811467526
70.56 3.812655069
70.562 3.813615348
70.564 3.814801962
70.566 3.815761101
70.568 3.816946518
70.57 3.817904338
70.572 3.819088293
70.574 3.820044469
70.576 3.821226648
70.578 3.822180897
70.58 3.823361025
70.582 3.824313078
70.584 3.825490908
70.586 3.826440539
70.588 3.827615831
70.59 3.828562813
70.592 3.829735383
70.594 3.83067958
70.596 3.831849238
70.598 3.832790551
70.6 3.833957305
70.602 3.834895689
70.604 3.836059487
70.606 3.836994923
70.608 3.838155754
70.61 3.839088235
70.612 3.840246116
70.614 3.841175668
70.616 3.842330661
70.618 3.843257371
70.62 3.844409564
70.622 3.845333523
70.624 3.846483028
70.626 3.847404355
70.628 3.848551299
70.63 3.849470134
70.632 3.850614658
70.634 3.851531133
70.636 3.85267336
70.638 3.853587606
70.64 3.854727682
70.642 3.85563984
70.644 3.856777897
70.646 3.857688098
70.648 3.858824274
70.65 3.859732657
70.652 3.860867099
70.654 3.86177382
70.656 3.862906665
70.658 3.863811836
70.66 3.864943199
70.662 3.86584695
70.664 3.866976967
70.666 3.867879417
70.668 3.869008205
70.67 3.869909483
70.672 3.87103715
70.674 3.871936203
70.676 3.873061523
70.678 3.873959825
70.68 3.875085657
70.682 3.875985382
70.684 3.877113268
70.686 3.878015586
70.688 3.879146425
70.69 3.880051957
70.692 3.881186194
70.694 3.882095209
70.696 3.883233021
70.698 3.884145468
70.7 3.885286619
70.702 3.8862024
70.704 3.887347754
70.706 3.888268596
70.708 3.889419198
70.71 3.89034519
70.712 3.89150071
70.714 3.892431319
70.716 3.893591124
70.718 3.894525709
70.72 3.895689041
70.722 3.896626755
70.724 3.897792841
70.726 3.898732981
70.728 3.899901128
70.73 3.90084299
70.732 3.902012561
70.734 3.902955579
70.736 3.904125955
70.738 3.905069077
70.74 3.906239164
70.742 3.907181803
70.744 3.908351258
70.746 3.909293059
70.748 3.91046154
70.75 3.911402219
70.752 3.912569486
70.754 3.913508929
70.756 3.914674741
70.758 3.915612659
70.76 3.916776942
70.762 3.917713296
70.764 3.918875973
70.766 3.919810677
70.768 3.920971776
70.77 3.92190482
70.772 3.923064273
70.774 3.923995651
70.776 3.92515343
70.778 3.926083291
70.78 3.927239631
70.782 3.928168094
70.784 3.929323122
70.786 3.930250362
70.788 3.931404193
70.79 3.932330379
70.792 3.933483425
70.794 3.934408835
70.796 3.935561213
70.798 3.93648604
70.8 3.93763793
70.802 3.938562464
70.804 3.939714185
70.806 3.940638642
70.808 3.941790407
70.81 3.942715036
70.812 3.943867104
70.814 3.944792097
70.816 3.94594494
70.818 3.946870963
70.82 3.948024796
70.822 3.948951801
70.824 3.950106568
70.826 3.951034617
70.828 3.95219063
70.83 3.953120049
70.832 3.954277542
70.834 3.955208488
70.836 3.956367711
70.838 3.957300538
70.84 3.958461599
70.842 3.959396316
70.844 3.960559413
70.846 3.961496212
70.848 3.96266143
70.85 3.963600307
70.852 3.964767678
70.854 3.965708746
70.856 3.966878161
70.858 3.967821226
70.86 3.968992684
70.862 3.969937834
70.864 3.97111132
70.866 3.972058282
70.868 3.973233552
70.87 3.974182251
70.872 3.975359047
70.874 3.97630916
70.876 3.977487461
70.878 3.978433955
70.88 3.979612962
70.882 3.980563521
70.884 3.981740442
70.886 3.982693273
70.888 3.983869042
70.89 3.984824649
70.892 3.986000855
70.894 3.986958715
70.896 3.988140829
70.898 3.989096149
70.9 3.990280812
70.902 3.991234463
70.904 3.992421959
70.906 3.993375549
70.908 3.994565265
70.91 3.995519531
70.912 3.996711079
70.914 3.997666223
70.916 3.998859578
70.918 3.999815857
70.92 4.001010981
70.922 4.001968709
70.924 4.003165559
70.926 4.004124707
70.928 4.005323397
70.93 4.006284181
70.932 4.007479754
70.934 4.008447055
70.936 4.009643079
70.938 4.010610563
70.94 4.011811716
70.942 4.012781414
70.944 4.013982168
70.946 4.014958103
70.948 4.016160693
70.95 4.017136842
70.952 4.018345468
70.954 4.019324075
70.956 4.020532928
70.958 4.021512852
70.96 4.022728809
70.962 4.023712819
70.964 4.024928805
70.966 4.025914766
70.968 4.02713775
70.97 4.02812827
70.972 4.029351304
70.974 4.030344054
70.976 4.031569191
70.978 4.032571478
70.98 4.033800314
70.982 4.034803683
70.984 4.036034434
70.986 4.037040331
70.988 4.038274722
70.99 4.039283792
70.992 4.040522006
70.994 4.04154008
70.996 4.042783063
70.998 4.043802103
71 4.045047362
71.002 4.046068884
71.004 4.047318502
71.006 4.048343561
71.008 4.049597481
71.01 4.050626553
71.012 4.051884789
71.014 4.052917938
71.016 4.05418067
71.018 4.055218181
71.02 4.056485213
71.022 4.05752692
71.024 4.058798297
71.026 4.05984436
71.028 4.061120159
71.03 4.062170517
71.032 4.063450613
71.034 4.06450531
71.036 4.065789895
71.038 4.06684906
71.04 4.068138132
71.042 4.069201741
71.044 4.070495279
71.046 4.071563352
71.048 4.072861456
71.05 4.073934197
71.052 4.075237041
71.054 4.076314521
71.056 4.077622034
71.058 4.078704207
71.06 4.080016489
71.062 4.081103528
71.064 4.082420766
71.066 4.08351265
71.068 4.084834685
71.07 4.0859315
71.072 4.087258525
71.074 4.088360347
71.076 4.089692382
71.078 4.090799165
71.08 4.092136182
71.082 4.093248053
71.084 4.094590182
71.086 4.095707067
71.088 4.097054227
71.09 4.098176284
71.092 4.099528774
71.094 4.100656151
71.096 4.102013865
71.098 4.10314638
71.1 4.10450922
71.102 4.105646978
71.104 4.107015067
71.106 4.108158059
71.108 4.109531366
71.11 4.110679478
71.112 4.112057885
71.114 4.113211217
71.116 4.114594844
71.118 4.115753249
71.12 4.117141916
71.122 4.118305462
71.124 4.119699216
71.126 4.120867732
71.128 4.122266502
71.13 4.123440083
71.132 4.124843867
71.134 4.126022308
71.136 4.127430926
71.138 4.128614451
71.14 4.130028438
71.142 4.131217273
71.144 4.132636315
71.146 4.133830036
71.148 4.13525391
71.15 4.13645253
71.152 4.137881316
71.154 4.139084794
71.156 4.140518272
71.158 4.141726383
71.16 4.143164531
71.162 4.144377351
71.164 4.145820189
71.166 4.147037622
71.168 4.148484971
71.17 4.149706827
71.172 4.151158455
71.174 4.152384441
71.176 4.153840129
71.178 4.155070233
71.18 4.156530064
71.182 4.157764232
71.184 4.159228073
71.186 4.16046613
71.188 4.161933671
71.19 4.163175218
71.192 4.164646144
71.194 4.16589115
71.196 4.167365492
71.198 4.168613829
71.2 4.170091328
71.202 4.171342665
71.204 4.172823191
71.206 4.174077642
71.208 4.175561168
71.21 4.176818496
71.212 4.178304867
71.214 4.179564862
71.216 4.181053726
71.218 4.182316218
71.22 4.183807486
71.222 4.185072216
71.224 4.186565632
71.226 4.187832543
71.228 4.18932807
71.23 4.190597011
71.232 4.19209452
71.234 4.19336536
71.236 4.194864622
71.238 4.196137089
71.24 4.1976378
71.242 4.198911741
71.244 4.200413929
71.246 4.201689296
71.248 4.203192844
71.25 4.204469523
71.252 4.205974394
71.254 4.207252314
71.256 4.208757923
71.258 4.210035992
71.26 4.211541681
71.262 4.212819902
71.264 4.214325705
71.266 4.215604153
71.268 4.217110265
71.27 4.218389001
71.272 4.219895308
71.274 4.221174281
71.276 4.222680835
71.278 4.223960101
71.28 4.225467022
71.282 4.22674666
71.284 4.228253796
71.286 4.229533688
71.288 4.231041203
71.29 4.232321528
71.292 4.233829526
71.294 4.235110309
71.296 4.236618695
71.298 4.237899889
71.3 4.23940869
71.302 4.240690331
71.304 4.242199642
71.306 4.243481683
71.308 4.244991302
71.31 4.246273763
71.312 4.247783762
71.314 4.249066599
71.316 4.250577065
71.318 4.251860347
71.32 4.253371147
71.322 4.254654762
71.324 4.256165938
71.326 4.257449898
71.328 4.258961305
71.33 4.260245362
71.332 4.261756827
71.334 4.263041099
71.336 4.264552839
71.338 4.265837307
71.34 4.267349095
71.342 4.268633597
71.344 4.270145442
71.346 4.271429984
71.348 4.272941707
71.35 4.274226117
71.352 4.27573785
71.354 4.277022354
71.356 4.278534021
71.358 4.279818419
71.36 4.28133006
71.362 4.282614369
71.364 4.284125708
71.366 4.285409645
71.368 4.28692066
71.37 4.288204201
71.372 4.289714696
71.374 4.290997687
71.376 4.292509591
71.378 4.293795784
71.38 4.29531016
71.382 4.296597738
71.384 4.298112993
71.386 4.299401216
71.388 4.300916754
71.39 4.302203948
71.392 4.303717952
71.394 4.305004808
71.396 4.306519619
71.398 4.30780804
71.4 4.309324767
71.402 4.310615371
71.404 4.312134393
71.406 4.313427499
71.408 4.314949163
71.41 4.316244818
71.412 4.317768892
71.414 4.319066947
71.416 4.320593386
71.418 4.321893656
71.42 4.323422058
71.422 4.324724101
71.424 4.326254017
71.426 4.327557295
71.428 4.329088255
71.43 4.330392347
71.432 4.331923847
71.434 4.333228262
71.436 4.334759886
71.438 4.33606419
71.44 4.337595263
71.442 4.338898714
71.444 4.340428841
71.446 4.341731132
71.448 4.34325975
71.45 4.344560294
71.452 4.346086979
71.454 4.347385359
71.456 4.348909654
71.458 4.350205493
71.46 4.351727116
71.462 4.353020118
71.464 4.354538731
71.466 4.355828583
71.468 4.357344029
71.47 4.358630631
71.472 4.360142777
71.474 4.36142591
71.476 4.362934525
71.478 4.364214258
71.48 4.365719601
71.482 4.366996062
71.484 4.368498096
71.486 4.369771381
71.488 4.371270356
71.49 4.372540629
71.492 4.374036593
71.494 4.375303971
71.496 4.376797237
71.498 4.378062057
71.5 4.379552971
71.502 4.380815558
71.504 4.382304232
71.506 4.383564649
71.508 4.385051212
71.51 4.38630952
71.512 4.387794125
71.514 4.389050615
71.516 4.390533406
71.518 4.391788051
71.52 4.393269133
71.522 4.394522136
71.524 4.396001557
71.526 4.397252946
71.528 4.398730346
71.53 4.399979309
71.532 4.401454409
71.534 4.402701233
71.536 4.404174175
71.538 4.405418817
71.54 4.406889764
71.542 4.408132391
71.544 4.409600961
71.546 4.410841148
71.548 4.412307355
71.55 4.413545328
71.552 4.415009598
71.554 4.416245554
71.556 4.417707783
71.558 4.418941703
71.56 4.420401896
71.562 4.421633691
71.564 4.423091688
71.566 4.424321256
71.568 4.425777042
71.57 4.427004436
71.572 4.428458121
71.574 4.429683342
71.576 4.431134821
71.578 4.432357844
71.58 4.433807164
71.582 4.435028072
71.584 4.436475322
71.586 4.437694147
71.588 4.43913936
71.59 4.440356015
71.592 4.441799044
71.594 4.443013674
71.596 4.444454727
71.598 4.445667362
71.6 4.447106422
71.602 4.448317111
71.604 4.449754323
71.606 4.450963095
71.608 4.452398341
71.61 4.453605166
71.612 4.455038497
71.614 4.456243444
71.616 4.457674986
71.618 4.458878176
71.62 4.460307957
71.622 4.461509381
71.624 4.462937436
71.626 4.464137142
71.628 4.465563507
71.63 4.466761529
71.632 4.468186274
71.634 4.469382674
71.636 4.470805682
71.638 4.472000346
71.64 4.473421762
71.642 4.47461485
71.644 4.476034693
71.646 4.477226178
71.648 4.478644425
71.65 4.479834292
71.652 4.481250942
71.654 4.482439198
71.656 4.483854251
71.658 4.485040897
71.66 4.486454355
71.662 4.48763939
71.664 4.489051249
71.666 4.490234731
71.668 4.491645067
71.67 4.492826963
71.672 4.494235685
71.674 4.495415912
71.676 4.496822961
71.678 4.498001483
71.68 4.499406831
71.682 4.50058362
71.684 4.50198725
71.686 4.50316221
71.688 4.504564007
71.69 4.505737206
71.692 4.507137235
71.694 4.50830863
71.696 4.509706823
71.698 4.510876371
71.7 4.512272698
71.702 4.513440367
71.704 4.514834798
71.706 4.516000559
71.708 4.51739308
71.71 4.518556907
71.712 4.519947503
71.714 4.521109312
71.716 4.522497901
71.718 4.523657674
71.72 4.525044263
71.722 4.52620187
71.724 4.527586234
71.726 4.52874166
71.728 4.530123904
71.73 4.531277258
71.732 4.53265743
71.734 4.533808715
71.736 4.535186849
71.738 4.536336102
71.74 4.537712234
71.742 4.538859397
71.744 4.540233463
71.746 4.541378653
71.748 4.542750797
71.75 4.543894058
71.752 4.545264286
71.754 4.546405639
71.756 4.54777398
71.758 4.54891345
71.76 4.550279932
71.762 4.55141754
71.764 4.552782163
71.766 4.553917901
71.768 4.555279917
71.77 4.556412288
71.772 4.557771106
71.774 4.558900613
71.776 4.56025668
71.778 4.561383719
71.78 4.562737857
71.782 4.563863248
71.784 4.565215793
71.786 4.566339499
71.788 4.567689554
71.79 4.568809941
71.792 4.570156799
71.794 4.571274268
71.796 4.57261829
71.798 4.573733188
71.8 4.575075162
71.802 4.576188279
71.804 4.57752842
71.806 4.578639611
71.808 4.579977135
71.81 4.581084914
71.812 4.58241913
71.814 4.583523877
71.816 4.584855154
71.818 4.585957229
71.82 4.587286356
71.822 4.588386555
71.824 4.589713844
71.826 4.590812109
71.828 4.592137445
71.83 4.593233707
71.832 4.594557021
71.834 4.595651156
71.836 4.596972379
71.838 4.59806448
71.84 4.599383737
71.842 4.600473856
71.844 4.601791303
71.846 4.602879331
71.848 4.604193929
71.85 4.605278329
71.852 4.60658966
71.854 4.60767089
71.856 4.608979137
71.858 4.610057965
71.86 4.611364106
71.862 4.612441157
71.864 4.613745631
71.866 4.61482099
71.868 4.616123954
71.87 4.617197893
71.872 4.618499015
71.874 4.619571215
71.876 4.620870323
71.878 4.621940689
71.88 4.623238162
71.882 4.624306604
71.884 4.625602404
71.886 4.626668865
71.888 4.627962922
71.89 4.629027432
71.892 4.630319706
71.894 4.631382142
71.896 4.632672596
71.898 4.633733222
71.9 4.63502193
71.902 4.636080703
71.904 4.637367633
71.906 4.638424587
71.908 4.639709762
71.91 4.640764858
71.912 4.642048426
71.914 4.643102276
71.916 4.644384605
71.918 4.645437188
71.92 4.646718246
71.922 4.647769722
71.924 4.649049179
71.926 4.650099461
71.928 4.651377454
71.93 4.652426172
71.932 4.653702663
71.934 4.654749867
71.936 4.656024645
71.938 4.657070549
71.94 4.658343781
71.942 4.659388189
71.944 4.660659498
71.946 4.661702267
71.948 4.662972054
71.95 4.664013431
71.952 4.665281354
71.954 4.666320869
71.956 4.667587086
71.958 4.668624873
71.96 4.669889162
71.962 4.670925153
71.964 4.672187787
71.966 4.673221975
71.968 4.674482944
71.97 4.675515287
71.972 4.676774297
71.974 4.677804973
71.976 4.679062441
71.978 4.680091468
71.98 4.68134732
71.982 4.682374724
71.984 4.683629069
71.986 4.684654823
71.988 4.68590759
71.99 4.68693183
71.992 4.688182972
71.994 4.689205664
71.996 4.690455352
71.998 4.691476686
72 4.692725064
72.002 4.693745077
72.004 4.694992217
72.006 4.696010875
72.008 4.697256922
72.01 4.698274697
72.012 4.699519895
72.014 4.700536738
72.016 4.701781041
72.018 4.702797069
72.02 4.7040406
72.022 4.705055807
72.024 4.706298553
72.026 4.707312929
72.028 4.708554911
72.03 4.70956861
72.032 4.710809932
72.034 4.711822985
72.036 4.713063673
72.038 4.714076114
72.04 4.715316203
72.042 4.716328064
72.044 4.717567533
72.046 4.718578797
72.048 4.719817719
72.05 4.720828483
72.052 4.722066943
72.054 4.723077277
72.056 4.724315339
72.058 4.725325288
72.06 4.726563007
72.062 4.72757264
72.064 4.728810071
72.066 4.729819451
72.068 4.731056667
72.07 4.732065797
72.072 4.733302839
72.074 4.734311907
72.076 4.735548918
72.078 4.736557986
72.08 4.737795024
72.082 4.738804171
72.084 4.740041318
72.086 4.741050603
72.088 4.742287905
72.09 4.743297349
72.092 4.744534816
72.094 4.745544466
72.096 4.746782179
72.098 4.747792099
72.1 4.749030102
72.102 4.750040332
72.104 4.751278713
72.106 4.752289379
72.108 4.753528226
72.11 4.75453939
72.112 4.755778773
72.114 4.756791331
72.116 4.758032905
72.118 4.75904715
72.12 4.760289704
72.122 4.761304544
72.124 4.762547352
72.126 4.763562164
72.128 4.764805461
72.13 4.765821834
72.132 4.767066718
72.134 4.768084198
72.136 4.769330044
72.138 4.770348368
72.14 4.771594908
72.142 4.772613866
72.144 4.77386105
72.146 4.774880659
72.148 4.776128525
72.15 4.777148819
72.152 4.778397383
72.154 4.779418388
72.156 4.780667679
72.158 4.781689435
72.16 4.782939496
72.162 4.783962037
72.164 4.785212902
72.166 4.786236269
72.168 4.787487965
72.17 4.788512141
72.172 4.789764608
72.174 4.790789536
72.176 4.792042744
72.178 4.793068412
72.18 4.794322354
72.182 4.795348747
72.184 4.796603386
72.186 4.797630441
72.188 4.798885698
72.19 4.799913325
72.192 4.801169099
72.194 4.80219719
72.196 4.803453359
72.198 4.804481784
72.2 4.805738219
72.202 4.806766839
72.204 4.808023377
72.206 4.809052017
72.208 4.810308474
72.21 4.811336931
72.212 4.812593108
72.214 4.813621182
72.216 4.814876865
72.218 4.815904169
72.22 4.817159035
72.222 4.818185629
72.224 4.819439677
72.226 4.820465356
72.228 4.821718373
72.23 4.822742945
72.232 4.823994744
72.234 4.825017984
72.236 4.826268356
72.238 4.827289909
72.24 4.828538539
72.242 4.829558434
72.244 4.830805299
72.246 4.831823327
72.248 4.833068168
72.25 4.834084027
72.252 4.835326584
72.254 4.83633976
72.256 4.837579457
72.258 4.838589845
72.26 4.839826722
72.262 4.840834263
72.264 4.842068218
72.266 4.843072799
72.268 4.844303451
72.27 4.845304744
72.272 4.846532327
72.274 4.847530492
72.276 4.848754862
72.278 4.849749794
72.28 4.850970705
72.282 4.851962115
72.284 4.853179617
72.286 4.854167583
72.288 4.8553816
72.29 4.856365818
72.292 4.857576095
72.294 4.858556696
72.296 4.859763254
72.298 4.860740161
72.3 4.861942694
72.302 4.862915617
72.304 4.864114354
72.306 4.865083494
72.308 4.866278339
72.31 4.86724334
72.312 4.868434078
72.314 4.869395033
72.316 4.870581702
72.318 4.871538418
72.32 4.87272095
72.322 4.873673702
72.324 4.874852191
72.326 4.875800859
72.328 4.876975492
72.33 4.877920502
72.332 4.879091372
72.334 4.880032271
72.336 4.88119909
72.338 4.882136148
72.34 4.883299078
72.342 4.884232068
72.344 4.885390895
72.346 4.886320115
72.348 4.8874751
72.35 4.888400235
72.352 4.889551011
72.354 4.89047207
72.356 4.891618791
72.358 4.892535889
72.36 4.893678684
72.362 4.894591964
72.364 4.895730834
72.366 4.896640247
72.368 4.897775572
72.37 4.898681255
72.372 4.899812869
72.374 4.900714976
72.376 4.901842836
72.378 4.902741367
72.38 4.903865636
72.382 4.904760245
72.384 4.905880689
72.386 4.906771466
72.388 4.907887779
72.39 4.908774493
72.392 4.909887085
72.394 4.910769976
72.396 4.911878728
72.398 4.91275805
72.4 4.913863085
72.402 4.914738677
72.404 4.915840247
72.406 4.916712313
72.408 4.917810226
72.41 4.918678666
72.412 4.919772958
72.414 4.920637862
72.416 4.921728649
72.418 4.922590649
72.42 4.923678614
72.422 4.924537265
72.424 4.92562172
72.426 4.926476961
72.428 4.927557752
72.43 4.9284091
72.432 4.929486156
72.434 4.930333691
72.436 4.931406902
72.438 4.932250397
72.44 4.933319717
72.442 4.93415947
72.444 4.935224815
72.446 4.936060584
72.448 4.937121843
72.45 4.937953525
72.452 4.939010819
72.454 4.939838392
72.456 4.940891554
72.458 4.941714565
72.46 4.942762878
72.462 4.943581089
72.464 4.944624411
72.466 4.945437569
72.468 4.946475625
72.47 4.947283476
72.472 4.948316294
72.474 4.949118766
72.476 4.95014645
72.478 4.950943465
72.48 4.951965638
72.482 4.952757056
72.484 4.953774013
72.486 4.95456055
72.488 4.955572271
72.49 4.956353458
72.492 4.95735994
72.494 4.958136271
72.496 4.959137543
72.498 4.959908348
72.5 4.960904608
72.502 4.961670946
72.504 4.962662319
72.506 4.963423689
72.508 4.964410594
72.51 4.96516713
72.512 4.966149314
72.514 4.966901343
72.516 4.967879125
72.518 4.968626714
72.52 4.969599722
72.522 4.970342477
72.524 4.971311041
72.526 4.972049428
72.528 4.973013826
72.53 4.973748186
72.532 4.974708684
72.534 4.975439294
72.536 4.976396134
72.538 4.977123086
72.54 4.978076299
72.542 4.978799692
72.544 4.979749441
72.546 4.980469397
72.548 4.981415793
72.55 4.982132412
72.552 4.983075438
72.554 4.983788678
72.556 4.984728418
72.558 4.985438357
72.56 4.986374708
72.562 4.987081222
72.564 4.988014533
72.566 4.9887181
72.568 4.989647983
72.57 4.990348501
72.572 4.991275339
72.574 4.991972216
72.576 4.992895752
72.578 4.993589416
72.58 4.994509219
72.582 4.995199407
72.584 4.996116107
72.586 4.99680277
72.588 4.997715432
72.59 4.998398287
72.592 4.999307558
72.594 4.999986543
72.596 5.000891365
72.598 5.00156626
72.6 5.002467389
72.602 5.003138359
72.604 5.004035563
72.606 5.004702358
72.608 5.005594847
72.61 5.006257054
72.612 5.007145455
72.614 5.007803575
72.616 5.008687726
72.618 5.009341581
72.62 5.010221583
72.622 5.010871196
72.624 5.011746783
72.626 5.01239208
72.628 5.013263349
72.63 5.013904038
72.632 5.014770812
72.634 5.015407079
72.636 5.016269236
72.638 5.016900938
72.64 5.017758524
72.642 5.018385346
72.644 5.019238114
72.646 5.019860218
72.648 5.0207081
72.65 5.021325305
72.652 5.022168327
72.654 5.022780651
72.656 5.023618796
72.658 5.02422615
72.66 5.02505933
72.662 5.025661754
72.664 5.026490012
72.666 5.027087354
72.668 5.02791056
72.67 5.028503028
72.672 5.029321327
72.674 5.029908918
72.676 5.030722323
72.678 5.031304973
72.68 5.032113483
72.682 5.032691206
72.684 5.033494793
72.686 5.034067642
72.688 5.034866491
72.69 5.035434568
72.692 5.036228711
72.694 5.036791879
72.696 5.037581098
72.698 5.038139552
72.7 5.038924131
72.702 5.039477853
72.704 5.0402577
72.706 5.04080672
72.708 5.041581941
72.71 5.042126355
72.712 5.042896926
72.714 5.043436773
72.716 5.044202781
72.718 5.044738088
72.72 5.04549963
72.722 5.046030468
72.724 5.046787685
72.726 5.047314301
72.728 5.048067296
72.73 5.048589761
72.732 5.049338472
72.734 5.049856685
72.736 5.050601468
72.738 5.051115816
72.74 5.051856662
72.742 5.052367275
72.744 5.053104587
72.746 5.053613055
72.748 5.054348799
72.75 5.054857429
72.752 5.055595307
72.754 5.056105691
72.756 5.056845302
72.758 5.057357573
72.76 5.058099425
72.762 5.05861413
72.764 5.059358768
72.766 5.059876391
72.768 5.060624357
72.77 5.061145608
72.772 5.061897244
72.774 5.062421962
72.776 5.06317696
72.778 5.063705056
72.78 5.064463191
72.782 5.064993974
72.784 5.065754421
72.786 5.066286886
72.788 5.067048618
72.79 5.067582103
72.792 5.068344347
72.794 5.068877838
72.796 5.069639719
72.798 5.070172454
72.8 5.070933121
72.802 5.071464154
72.804 5.072222666
72.806 5.072751108
72.808 5.073506462
72.81 5.074031501
72.812 5.074783054
72.814 5.075303972
72.816 5.076050914
72.818 5.07656698
72.82 5.077308928
72.822 5.077819847
72.824 5.078556368
72.826 5.079061557
72.828 5.079792036
72.83 5.080290946
72.832 5.081015182
72.834 5.081507835
72.836 5.082227372
72.838 5.082716529
72.84 5.083432047
72.842 5.083916329
72.844 5.084626633
72.846 5.085105339
72.848 5.085809833
72.85 5.086282581
72.852 5.086981067
72.854 5.08744772
72.856 5.088140201
72.858 5.088600912
72.86 5.089287286
72.862 5.089742212
72.864 5.090423017
72.866 5.090872571
72.868 5.091548105
72.87 5.091992555
72.872 5.092662946
72.874 5.093102425
72.876 5.093768083
72.878 5.094202864
72.88 5.094864355
72.882 5.095295136
72.884 5.095952743
72.886 5.09637964
72.888 5.097033325
72.89 5.097456177
72.892 5.098105696
72.894 5.098524612
72.896 5.099170279
72.898 5.099585408
72.9 5.100227119
72.902 5.100638302
72.904 5.101276239
72.906 5.101683524
72.908 5.102317798
72.91 5.102721358
72.912 5.10335192
72.914 5.103751768
72.916 5.104378655
72.918 5.10477472
72.92 5.105397646
72.922 5.105790093
72.924 5.106409378
72.926 5.106798216
72.928 5.107413823
72.93 5.10779882
72.932 5.10841073
72.934 5.108791769
72.936 5.109399734
72.938 5.109776897
72.94 5.110380857
72.942 5.110754215
72.944 5.111354319
72.946 5.111723873
72.948 5.112320126
72.95 5.112685529
72.952 5.113277929
72.954 5.113639581
72.956 5.114228334
72.958 5.114586358
72.96 5.115171585
72.962 5.115526604
72.964 5.116109084
72.966 5.116461822
72.968 5.117042265
72.97 5.117393142
72.972 5.117972204
72.974 5.118321882
72.976 5.118900081
72.978 5.119249264
72.98 5.119827041
72.982 5.120175853
72.984 5.120753349
72.986 5.121101942
72.988 5.121679575
72.99 5.122028327
72.992 5.122606061
72.994 5.12295516
72.996 5.123533166
72.998 5.123882449
73 5.124460946
73.002 5.124810721
73.004 5.125389353
73.006 5.125739317
73.008 5.126318253
73.01 5.126668389
73.012 5.127247744
73.014 5.127598371
73.016 5.128178031
73.018 5.128529006
73.02 5.129108937
73.022 5.129460015
73.024 5.130040075
73.026 5.130391185
73.028 5.130971205
73.03 5.13132244
73.032 5.131902451
73.034 5.13225342
73.036 5.13283316
73.038 5.133183731
73.04 5.133762958
73.042 5.134113229
73.044 5.134692025
73.046 5.135041503
73.048 5.13561969
73.05 5.135968377
73.052 5.136545496
73.054 5.136893419
73.056 5.137469732
73.058 5.137816617
73.06 5.138391806
73.062 5.138737582
73.064 5.139311646
73.066 5.139656233
73.068 5.140229312
73.07 5.140572832
73.072 5.141144699
73.074 5.141486915
73.076 5.142057692
73.078 5.142398936
73.08 5.14296861
73.082 5.143308942
73.084 5.143877891
73.086 5.144217408
73.088 5.144785431
73.09 5.14512424
73.092 5.145691575
73.094 5.146029433
73.096 5.146595808
73.098 5.146932791
73.1 5.147498363
73.102 5.147834464
73.104 5.148399264
73.106 5.148734772
73.108 5.149298919
73.11 5.149633724
73.112 5.150197244
73.114 5.150531685
73.116 5.151094888
73.118 5.151428793
73.12 5.151991375
73.122 5.152324977
73.124 5.152887389
73.126 5.153220547
73.128 5.153782491
73.13 5.154115366
73.132 5.1546771
73.134 5.1550096
73.136 5.155570865
73.138 5.155902903
73.14 5.156464
73.142 5.156795692
73.144 5.157356223
73.146 5.157687494
73.148 5.158247725
73.15 5.158578571
73.152 5.159138036
73.154 5.159468123
73.156 5.160026858
73.158 5.160356415
73.16 5.160914509
73.162 5.16124303
73.164 5.161800012
73.166 5.162127471
73.168 5.162683585
73.17 5.16301002
73.172 5.163564773
73.174 5.163889845
73.176 5.16444324
73.178 5.164767111
73.18 5.165319154
73.182 5.16564134
73.184 5.166191727
73.186 5.166512285
73.188 5.167061017
73.19 5.167379975
73.192 5.167926851
73.194 5.168243717
73.196 5.168788514
73.198 5.169103178
73.2 5.169645713
73.202 5.169958247
73.204 5.170498663
73.206 5.170808921
73.208 5.171347021
73.21 5.17165478
73.212 5.172190363
73.214 5.172495729
73.216 5.173028983
73.218 5.173331787
73.22 5.17386212
73.222 5.17416198
73.224 5.174689458
73.226 5.174986384
73.228 5.175510715
73.23 5.175804637
73.232 5.176325914
73.234 5.176616528
73.236 5.177134404
73.238 5.177421434
73.24 5.177935737
73.242 5.178219148
73.244 5.178729774
73.246 5.179009352
73.248 5.179516197
73.25 5.179791941
73.252 5.180294787
73.254 5.180566291
73.256 5.181064808
73.258 5.181332061
73.26 5.181826298
73.262 5.182089237
73.264 5.182578927
73.266 5.182837257
73.268 5.183322603
73.27 5.183576471
73.272 5.184056993
73.274 5.18430603
73.276 5.184781748
73.278 5.185025977
73.28 5.185496788
73.282 5.185736029
73.284 5.186201935
73.286 5.186436328
73.288 5.186897198
73.29 5.187126489
73.292 5.187582402
73.294 5.187806755
73.296 5.188257725
73.298 5.188477039
73.3 5.188922924
73.302 5.189137082
73.304 5.189577662
73.306 5.189786562
73.308 5.19022195
73.31 5.190425552
73.312 5.190855672
73.314 5.191054064
73.316 5.191478938
73.318 5.191672001
73.32 5.192091619
73.322 5.192279472
73.324 5.192693877
73.326 5.192876451
73.328 5.193285597
73.33 5.193462965
73.332 5.193866835
73.334 5.194038981
73.336 5.1944377
73.338 5.194604696
73.34 5.194998232
73.342 5.19516007
73.344 5.195548412
73.346 5.195704931
73.348 5.196088036
73.35 5.196239454
73.352 5.196617463
73.354 5.19676369
73.356 5.197136563
73.358 5.197277814
73.36 5.197645659
73.362 5.197781909
73.364 5.198144947
73.366 5.198276339
73.368 5.198634548
73.37 5.198761287
73.372 5.199114892
73.374 5.199236895
73.376 5.1995858
73.378 5.199703313
73.38 5.200047781
73.382 5.200160938
73.384 5.200501148
73.386 5.200609984
73.388 5.200945907
73.39 5.201050699
73.392 5.201382592
73.394 5.201483335
73.396 5.201811346
73.398 5.201908142
73.4 5.20223223
73.402 5.202325225
73.404 5.202645495
73.406 5.202734724
73.408 5.203051368
73.41 5.203136869
73.412 5.203449739
73.414 5.203531638
73.416 5.203840939
73.418 5.203919276
73.42 5.204224999
73.422 5.204299697
73.424 5.204601803
73.426 5.204673023
73.428 5.204971662
73.43 5.205039367
73.432 5.205334602
73.434 5.205398868
73.436 5.205690663
73.438 5.205751502
73.44 5.206039757
73.442 5.206097066
73.444 5.206381931
73.446 5.206435765
73.448 5.206717109
73.45 5.206767454
73.452 5.207045252
73.454 5.207092028
73.456 5.207366244
73.458 5.207409438
73.46 5.207680147
73.462 5.207719764
73.464 5.207986865
73.466 5.208022928
73.468 5.208286341
73.47 5.208318672
73.472 5.208578405
73.474 5.2086071
73.476 5.208863206
73.478 5.208888141
73.48 5.209140494
73.482 5.209161738
73.484 5.209410259
73.486 5.209427605
73.488 5.209672252
73.49 5.209685723
73.492 5.209926502
73.494 5.209935977
73.496 5.210172769
73.498 5.21017822
73.5 5.210410948
73.502 5.210412592
73.504 5.210641466
73.506 5.210639041
73.508 5.210863687
73.51 5.210856958
73.512 5.211077415
73.514 5.21106636
73.516 5.211282382
73.518 5.211266857
73.52 5.211478469
73.522 5.211458606
73.524 5.211665722
73.526 5.2116413
73.528 5.211843914
73.53 5.211814936
73.532 5.212013041
73.534 5.211979484
73.536 5.212173028
73.538 5.212134849
73.54 5.212323759
73.542 5.212280883
73.544 5.212465045
73.546 5.212417506
73.548 5.212596963
73.55 5.212544701
73.552 5.212719367
73.554 5.212662316
73.556 5.212832203
73.558 5.212770321
73.56 5.212935342
73.562 5.21286862
73.564 5.213028893
73.566 5.212957237
73.568 5.21311254
73.57 5.213035911
73.572 5.213186262
73.574 5.213104602
73.576 5.213249927
73.578 5.213163245
73.58 5.213303546
73.582 5.213211762
73.584 5.213346949
73.586 5.213250043
73.588 5.213379781
73.59 5.213277323
73.592 5.213401564
73.594 5.213293627
73.596 5.213412326
73.598 5.213298858
73.6 5.213412077
73.602 5.213293092
73.604 5.213400791
73.606 5.21327632
73.608 5.213378562
73.61 5.213248603
73.612 5.213345391
73.614 5.213210045
73.616 5.21330144
73.618 5.213160707
73.62 5.213246786
73.622 5.213100724
73.624 5.213181509
73.626 5.213030224
73.628 5.213105839
73.63 5.212949363
73.632 5.213019836
73.634 5.21285831
73.636 5.212923755
73.638 5.212757216
73.64 5.212817716
73.642 5.212646548
73.644 5.212702687
73.646 5.212527079
73.648 5.212578742
73.65 5.212398653
73.652 5.212445905
73.654 5.212261393
73.656 5.212304271
73.658 5.212115454
73.66 5.212154001
73.662 5.211961147
73.664 5.211995955
73.666 5.2117992
73.668 5.211830042
73.67 5.211629407
73.672 5.211656494
73.674 5.211452075
73.676 5.211475675
73.678 5.211267909
73.68 5.211288031
73.682 5.211076777
73.684 5.211093386
73.686 5.210878558
73.688 5.210891949
73.69 5.210673947
73.692 5.21068404
73.694 5.210462737
73.696 5.210469554
73.698 5.210245211
73.7 5.21024916
73.702 5.210021789
73.704 5.2100227
73.706 5.209792289
73.708 5.20979037
73.71 5.209557286
73.712 5.209552498
73.714 5.209316307
73.716 5.209308833
73.718 5.20907018
73.72 5.209060098
73.722 5.20881875
73.724 5.208805809
73.726 5.208561913
73.728 5.208546677
73.73 5.208300185
73.732 5.208282223
73.734 5.208033303
73.736 5.208013145
73.738 5.207761554
73.74 5.207738169
73.742 5.207483477
73.744 5.207457146
73.746 5.207199222
73.748 5.207170073
73.75 5.20690959
73.752 5.206877686
73.754 5.206614424
73.756 5.206580083
73.758 5.206314527
73.76 5.206277624
73.762 5.206009618
73.764 5.205970413
73.766 5.205699901
73.768 5.205658087
73.77 5.205385267
73.772 5.205341386
73.774 5.205066214
73.776 5.205020282
73.778 5.20474319
73.78 5.204695039
73.782 5.204415956
73.784 5.204365969
73.786 5.204084811
73.788 5.204032654
73.79 5.203749518
73.792 5.203695563
73.794 5.203410454
73.796 5.203354794
73.798 5.203068149
73.8 5.203010777
73.802 5.202722616
73.804 5.202663779
73.806 5.202373824
73.808 5.202313535
73.81 5.202022305
73.812 5.201960455
73.814 5.201668029
73.816 5.201605172
73.818 5.201311245
73.82 5.201247075
73.822 5.200952053
73.824 5.200886539
73.826 5.200590296
73.828 5.200523743
73.83 5.20022621
73.832 5.200158477
73.834 5.199859789
73.836 5.199790681
73.838 5.199490888
73.84 5.199420808
73.842 5.199120026
73.844 5.199049085
73.846 5.198747178
73.848 5.198675211
73.85 5.198372304
73.852 5.198299055
73.854 5.197995147
73.856 5.197921052
73.858 5.197616226
73.86 5.197541319
73.862 5.197235419
73.864 5.197159529
73.866 5.196852663
73.868 5.196775537
73.87 5.19646771
73.872 5.196389762
73.874 5.196081035
73.876 5.196002182
73.878 5.195692249
73.88 5.195612448
73.882 5.195301686
73.884 5.195220929
73.886 5.194909237
73.888 5.194827281
73.89 5.194514534
73.892 5.194431741
73.894 5.194118118
73.896 5.19403441
73.898 5.193719536
73.9 5.193634752
73.902 5.193318919
73.904 5.19323325
73.906 5.192916583
73.908 5.192829679
73.91 5.192511905
73.912 5.19242405
73.914 5.192105284
73.916 5.192016552
73.918 5.191696916
73.92 5.191607259
73.922 5.191286356
73.924 5.191195589
73.926 5.190873669
73.928 5.190781844
73.93 5.190458917
73.932 5.190365888
73.934 5.190041879
73.936 5.189947739
73.938 5.189622515
73.94 5.18952733
73.942 5.189201056
73.944 5.189104817
73.946 5.18877748
73.948 5.188680159
73.95 5.188351475
73.952 5.188253056
73.954 5.187923314
73.956 5.187823713
73.958 5.187492741
73.96 5.187391995
73.962 5.187059916
73.964 5.186957708
73.966 5.18662433
73.968 5.186520924
73.97 5.186186274
73.972 5.186081619
73.974 5.18574583
73.976 5.185640049
73.978 5.185303066
73.98 5.185196146
73.982 5.184858057
73.984 5.184749973
73.986 5.184410688
73.988 5.184301529
73.99 5.183960952
73.992 5.183850624
73.994 5.183508812
73.996 5.183397186
73.998 5.183054101
74 5.182941319
74.002 5.18259709
74.004 5.182483112
74.006 5.182137662
74.008 5.182022513
74.01 5.181675954
74.012 5.181559723
74.014 5.181212008
74.016 5.181094618
74.018 5.180745762
74.02 5.180627339
74.022 5.180277438
74.024 5.180157912
74.026 5.179806899
74.028 5.179686297
74.03 5.179334215
74.032 5.179212642
74.034 5.17885963
74.036 5.178737082
74.038 5.178383082
74.04 5.178259606
74.042 5.177904709
74.044 5.177780338
74.046 5.177424574
74.048 5.177299749
74.05 5.176943817
74.052 5.176818515
74.054 5.176461765
74.056 5.176335623
74.058 5.175978076
74.06 5.175851178
74.062 5.175492853
74.064 5.175365175
74.066 5.175006301
74.068 5.174878053
74.07 5.17451844
74.072 5.174389495
74.074 5.174029214
74.076 5.173899652
74.078 5.173538732
74.08 5.173408615
74.082 5.173047351
74.084 5.172916823
74.086 5.17255501
74.088 5.172424008
74.09 5.172061757
74.092 5.171930379
74.094 5.17156774
74.096 5.17143604
74.098 5.171073128
74.1 5.170941336
74.102 5.170578313
74.104 5.170446255
74.106 5.170082983
74.108 5.169950766
74.11 5.169587392
74.112 5.169455084
74.114 5.169091685
74.116 5.168959405
74.118 5.168596228
74.12 5.168464152
74.122 5.168100985
74.124 5.167968933
74.126 5.16760584
74.128 5.167473899
74.13 5.167110907
74.132 5.166979138
74.134 5.166616318
74.136 5.166484734
74.138 5.166122299
74.14 5.165991147
74.142 5.165628975
74.144 5.165498018
74.146 5.165136106
74.148 5.165005478
74.15 5.164643829
74.152 5.164513395
74.154 5.164152302
74.156 5.164022332
74.158 5.163661831
74.16 5.16353241
74.162 5.163172303
74.164 5.163043186
74.166 5.162683372
74.168 5.16255461
74.17 5.162195204
74.172 5.162066887
74.174 5.161707913
74.176 5.16158
74.178 5.161221175
74.18 5.161093586
74.182 5.160734845
74.184 5.160607186
74.186 5.160248359
74.188 5.160120578
74.19 5.159761671
74.192 5.159633803
74.194 5.159275145
74.196 5.159147427
74.198 5.15878883
74.2 5.158661175
74.202 5.158302571
74.204 5.15817494
74.206 5.157816627
74.208 5.157689147
74.21 5.157330759
74.212 5.157203566
74.214 5.156845296
74.216 5.156718168
74.218 5.156360045
74.22 5.15623303
74.222 5.155875234
74.224 5.155748501
74.226 5.155390947
74.228 5.155264371
74.23 5.154906908
74.232 5.154780461
74.234 5.154423227
74.236 5.154297484
74.238 5.153940855
74.24 5.15381559
74.242 5.15345948
74.244 5.153334626
74.246 5.152979173
74.248 5.152854861
74.25 5.152499877
74.252 5.152376067
74.254 5.152021489
74.256 5.151898331
74.258 5.151544261
74.26 5.151421543
74.262 5.151067905
74.264 5.150945596
74.266 5.150592636
74.268 5.150470846
74.27 5.150118348
74.272 5.149997006
74.274 5.149644904
74.276 5.149523921
74.278 5.14917213
74.28 5.149051721
74.282 5.148700366
74.284 5.148580289
74.286 5.14822959
74.288 5.148109987
74.29 5.147759672
74.292 5.14764045
74.294 5.147290481
74.296 5.147171573
74.298 5.146821856
74.3 5.146703508
74.302 5.14635422
74.304 5.146236175
74.306 5.145887509
74.308 5.145769934
74.31 5.145421641
74.312 5.145304412
74.314 5.144956425
74.316 5.14483949
74.318 5.144491789
74.32 5.144375457
74.322 5.144028211
74.324 5.143912213
74.326 5.143565616
74.328 5.143450115
74.33 5.143103917
74.332 5.142988797
74.334 5.142642936
74.336 5.142528101
74.338 5.142182513
74.34 5.142068257
74.342 5.141723134
74.344 5.141609237
74.346 5.141264802
74.348 5.141151472
74.35 5.140807562
74.352 5.140694738
74.354 5.140351254
74.356 5.140238866
74.358 5.139895756
74.36 5.139784088
74.362 5.139441565
74.364 5.139330318
74.366 5.138988526
74.368 5.13887788
74.37 5.138536631
74.372 5.138426505
74.374 5.138085719
74.376 5.137976056
74.378 5.137635736
74.38 5.137526837
74.382 5.137187098
74.384 5.137078735
74.386 5.136739534
74.388 5.136631619
74.39 5.136293157
74.392 5.13618617
74.394 5.13584907
74.396 5.135743526
74.398 5.135407704
74.4 5.135303733
74.402 5.134969321
74.404 5.134866633
74.406 5.134533426
74.408 5.13443186
74.41 5.134100046
74.412 5.133999687
74.414 5.133668937
74.416 5.133569583
74.418 5.133239785
74.42 5.133141319
74.422 5.132812327
74.424 5.132714903
74.426 5.132386789
74.428 5.132290188
74.43 5.131962823
74.432 5.131866823
74.434 5.13154032
74.436 5.131445025
74.438 5.1311191
74.44 5.131024363
74.442 5.130698929
74.444 5.130604631
74.446 5.130279559
74.448 5.13018591
74.45 5.129861383
74.452 5.129768168
74.454 5.129443997
74.456 5.129351089
74.458 5.129027295
74.46 5.128934705
74.462 5.128611488
74.464 5.128519346
74.466 5.128196507
74.468 5.128104723
74.47 5.127782136
74.472 5.127690588
74.474 5.127367713
74.476 5.127275747
74.478 5.126953298
74.48 5.126861938
74.482 5.126539774
74.484 5.12644859
74.486 5.126126811
74.488 5.126036126
74.49 5.125714719
74.492 5.125624509
74.494 5.125303896
74.496 5.12521443
74.498 5.124894582
74.5 5.124805985
74.502 5.124486899
74.504 5.124399046
74.506 5.124080664
74.508 5.123993536
74.51 5.123675925
74.512 5.123589578
74.514 5.123272778
74.516 5.123187564
74.518 5.122871739
74.52 5.122787487
74.522 5.122472656
74.524 5.12238941
74.526 5.122075646
74.528 5.121993503
74.53 5.121680768
74.532 5.121599658
74.534 5.121287975
74.536 5.121207962
74.538 5.120897727
74.54 5.120819125
74.542 5.120510242
74.544 5.120432976
74.546 5.120125429
74.548 5.120049526
74.55 5.119743377
74.552 5.119668934
74.554 5.119364272
74.556 5.119291246
74.558 5.118987874
74.56 5.118915922
74.562 5.118613669
74.564 5.118542904
74.566 5.118241815
74.568 5.118172238
74.57 5.117872394
74.572 5.117804113
74.574 5.117505664
74.576 5.117438821
74.578 5.117141784
74.58 5.117076389
74.582 5.116780851
74.584 5.116717005
74.586 5.116423123
74.588 5.11636102
74.59 5.116068849
74.592 5.116008417
74.594 5.115717936
74.596 5.115659278
74.598 5.115370619
74.6 5.11531387
74.602 5.11502724
74.604 5.114972538
74.606 5.114687897
74.608 5.1146352
74.61 5.114352591
74.612 5.114301977
74.614 5.114021534
74.616 5.113973104
74.618 5.113694838
74.62 5.11364862
74.622 5.113372622
74.624 5.11332872
74.626 5.113055077
74.628 5.113013859
74.63 5.112743139
74.632 5.112704416
74.634 5.112435933
74.636 5.11239958
74.638 5.112133499
74.64 5.112099641
74.642 5.111836148
74.644 5.111804994
74.646 5.111544265
74.648 5.111515913
74.65 5.111258012
74.652 5.111232537
74.654 5.110977509
74.656 5.110954925
74.658 5.110702879
74.66 5.110683281
74.662 5.110434175
74.664 5.110417545
74.666 5.110171436
74.668 5.110157821
74.67 5.109914756
74.672 5.109904189
74.674 5.109664127
74.676 5.109656567
74.678 5.109419512
74.68 5.109414977
74.682 5.109181005
74.684 5.109179549
74.686 5.108948567
74.688 5.108950053
74.69 5.108722012
74.692 5.10872652
74.694 5.108501477
74.696 5.108508927
74.698 5.108286769
74.7 5.108297114
74.702 5.108077873
74.704 5.108091136
74.706 5.107874714
74.708 5.107890774
74.71 5.107677186
74.712 5.107696071
74.714 5.10748521
74.716 5.107506801
74.718 5.107298629
74.72 5.107322963
74.722 5.107117522
74.724 5.107144472
74.726 5.106941635
74.728 5.106971241
74.73 5.106771047
74.732 5.106803202
74.734 5.106605499
74.736 5.106640214
74.738 5.106445062
74.74 5.106482271
74.742 5.106289246
74.744 5.106328764
74.746 5.106138072
74.748 5.106179853
74.75 5.105991458
74.752 5.106035629
74.754 5.105849603
74.756 5.10589607
74.758 5.105712289
74.76 5.105761062
74.762 5.105579611
74.764 5.105630342
74.766 5.105450959
74.768 5.105503834
74.77 5.105326653
74.772 5.105381718
74.774 5.105206682
74.776 5.105263904
74.778 5.105091121
74.78 5.105150625
74.782 5.104979732
74.784 5.105041236
74.786 5.104872451
74.788 5.104936072
74.79 5.104769384
74.792 5.104835122
74.794 5.104670583
74.796 5.104738643
74.798 5.104576561
74.8 5.104646932
74.802 5.104486992
74.804 5.104559433
74.806 5.104401632
74.808 5.104476166
74.81 5.104320089
74.812 5.104396413
74.814 5.104242281
74.816 5.104320491
74.818 5.104168238
74.82 5.10424802
74.822 5.104097487
74.824 5.104179124
74.826 5.10403043
74.828 5.104113908
74.83 5.10396672
74.832 5.104051911
74.834 5.103906518
74.836 5.103993435
74.838 5.103848364
74.84 5.103934216
74.842 5.103788826
74.844 5.103872897
74.846 5.103724773
74.848 5.103807141
74.85 5.103657341
74.852 5.103738507
74.854 5.103587844
74.856 5.103668062
74.858 5.103516895
74.86 5.103596995
74.862 5.103445919
74.864 5.103526295
74.866 5.103375321
74.868 5.103456078
74.87 5.103305784
74.872 5.103386954
74.874 5.103237256
74.876 5.103319213
74.878 5.103170395
74.88 5.103253431
74.882 5.103105418
74.884 5.103189374
74.886 5.10304243
74.888 5.103127166
74.89 5.102981273
74.892 5.103067216
74.894 5.102922514
74.896 5.103009738
74.898 5.102866036
74.9 5.102954406
74.902 5.102812017
74.904 5.102901427
74.906 5.102760218
74.908 5.102850929
74.91 5.102710726
74.912 5.10280267
74.914 5.102663935
74.916 5.102757066
74.918 5.102619612
74.92 5.102714187
74.922 5.102577994
74.924 5.102674448
74.926 5.102540318
74.928 5.10263836
74.93 5.102506006
74.932 5.102605822
74.934 5.102475213
74.936 5.102576718
74.938 5.102447535
74.94 5.102550135
74.942 5.102422232
74.944 5.102526371
74.946 5.102399635
74.948 5.102505105
74.95 5.102379884
74.952 5.102486487
74.954 5.102362474
74.956 5.102470433
74.958 5.102347299
74.96 5.102455943
74.962 5.102333902
74.964 5.102443811
74.966 5.102322543
74.968 5.102433732
74.97 5.102313885
74.972 5.102425619
74.974 5.102306497
74.976 5.102419311
74.978 5.102300977
74.98 5.102414285
74.982 5.102296888
74.984 5.102411189
74.986 5.102294495
74.988 5.102409901
74.99 5.102294348
74.992 5.102410581
74.994 5.102296105
74.996 5.102413493
74.998 5.102300049
75 5.102418098
75.002 5.102305463
75.004 5.102424539
75.006 5.102312691
75.008 5.102432584
75.01 5.10232161
75.012 5.102442499
75.014 5.102332296
75.016 5.102454221
75.018 5.102345105
75.02 5.102467862
75.022 5.10235935
75.024 5.102482635
75.026 5.102374981
75.028 5.102499221
75.03 5.102392299
75.032 5.102517162
75.034 5.102411104
75.036 5.102536922
75.038 5.102431231
75.04 5.102557062
75.042 5.102451852
75.044 5.102578425
75.046 5.102473811
75.048 5.102600909
75.05 5.102496743
75.052 5.102624362
75.054 5.102521464
75.056 5.102650006
75.058 5.102547482
75.06 5.102676156
75.062 5.102573765
75.064 5.102702972
75.066 5.102600936
75.068 5.102730202
75.07 5.102628585
75.072 5.102758899
75.074 5.102657727
75.076 5.102787833
75.078 5.102686601
75.08 5.102816582
75.082 5.102715354
75.084 5.102845427
75.086 5.102744292
75.088 5.102874361
75.09 5.102773335
75.092 5.102903192
75.094 5.102801844
75.096 5.102931746
75.098 5.102830224
75.1 5.102959741
75.102 5.102857696
75.104 5.102986645
75.106 5.102884731
75.108 5.103014011
75.11 5.102911841
75.112 5.103040781
75.114 5.102938173
75.116 5.103066567
75.118 5.102963603
75.12 5.103091725
75.122 5.102988641
75.124 5.103116314
75.126 5.103012273
75.128 5.103138867
75.13 5.10303377
75.132 5.103159357
75.134 5.103053809
75.136 5.103179319
75.138 5.103073745
75.14 5.103198931
75.142 5.103092549
75.144 5.103216865
75.146 5.103109558
75.148 5.103232968
75.15 5.103124974
75.152 5.103247887
75.154 5.103139748
75.156 5.103262297
75.158 5.103153155
75.16 5.103274578
75.162 5.103164239
75.164 5.103284488
75.166 5.103172921
75.168 5.103291927
75.17 5.103179717
75.172 5.103298009
75.174 5.103184425
75.176 5.103301318
75.178 5.10318636
75.18 5.103301847
75.182 5.103185378
75.184 5.103299325
75.186 5.103181708
75.188 5.103293805
75.19 5.103173021
75.192 5.103281781
75.194 5.103157815
75.196 5.103263474
75.198 5.103136456
75.2 5.103239036
75.202 5.103109299
75.204 5.103208951
75.206 5.10307588
75.208 5.103171952
75.21 5.103035254
75.212 5.103128117
75.214 5.102988351
75.216 5.103078275
75.218 5.10293605
75.22 5.103023269
75.222 5.102877911
75.224 5.10296249
75.226 5.102815096
75.228 5.102897723
75.23 5.102748143
75.232 5.10282857
75.234 5.102677055
75.236 5.102755241
75.238 5.102601018
75.24 5.102676552
75.242 5.102519638
75.244 5.102592464
75.246 5.102432817
75.248 5.102502924
75.25 5.102340874
75.252 5.102408321
75.254 5.102243195
75.256 5.102307536
75.258 5.102139279
75.26 5.10220057
75.262 5.102029273
75.264 5.102087485
75.266 5.101913487
75.268 5.101968835
75.27 5.101791502
75.272 5.101843522
75.274 5.101662947
75.276 5.101711867
75.278 5.101528152
75.28 5.10157395
75.282 5.10138719
75.284 5.101430326
75.286 5.101240741
75.288 5.10128069
75.29 5.101087981
75.292 5.101124867
75.294 5.10092929
75.296 5.100963287
75.298 5.100764894
75.3 5.100796166
75.302 5.100595482
75.304 5.1006243
75.306 5.10042084
75.308 5.100446947
75.31 5.100240878
75.312 5.100264569
75.314 5.100056096
75.316 5.100077459
75.318 5.099866777
75.32 5.099886353
75.322 5.099673734
75.324 5.099691054
75.326 5.099476262
75.328 5.099491482
75.33 5.099274794
75.332 5.099288135
75.334 5.099069659
75.336 5.099081223
75.338 5.098861022
75.34 5.098871106
75.342 5.098648905
75.344 5.09865656
75.346 5.098432214
75.348 5.098437723
75.35 5.098211491
75.352 5.098215203
75.354 5.097987283
75.356 5.097989436
75.358 5.097759971
75.36 5.097760584
75.362 5.097530008
75.364 5.097529039
75.366 5.097296398
75.368 5.097293618
75.37 5.097059344
75.372 5.097055277
75.374 5.096819776
75.376 5.096814532
75.378 5.096577782
75.38 5.096571263
75.382 5.096333282
75.384 5.096325509
75.386 5.096086273
75.388 5.096077178
75.39 5.095836578
75.392 5.095826114
75.394 5.09558409
75.396 5.095572189
75.398 5.095328739
75.4 5.095315405
75.402 5.095070471
75.404 5.095055399
75.406 5.09480855
75.408 5.094791526
75.41 5.094542829
75.412 5.094524038
75.414 5.094273612
75.416 5.094253061
75.418 5.094000854
75.42 5.093978593
75.422 5.093724697
75.424 5.093700729
75.426 5.093445172
75.428 5.093419805
75.43 5.093162821
75.432 5.093135967
75.434 5.092877574
75.436 5.092849283
75.438 5.092589462
75.44 5.092559438
75.442 5.092297859
75.444 5.092266266
75.446 5.092003149
75.448 5.0919699
75.45 5.091705081
75.452 5.091670075
75.454 5.091403481
75.456 5.091366633
75.458 5.091098159
75.46 5.091059389
75.462 5.090788714
75.464 5.090747633
75.466 5.090474833
75.468 5.090431675
75.47 5.090156689
75.472 5.090111315
75.474 5.08983405
75.476 5.089786348
75.478 5.089506728
75.48 5.08945661
75.482 5.089174518
75.484 5.089121909
75.486 5.088837262
75.488 5.088782031
75.49 5.088494723
75.492 5.08843677
75.494 5.088146685
75.496 5.088085845
75.498 5.087792743
75.5 5.087728806
75.502 5.087432332
75.504 5.087364977
75.506 5.087065286
75.508 5.086994472
75.51 5.086691233
75.512 5.086617068
75.514 5.086310478
75.516 5.086232582
75.518 5.085922189
75.52 5.085840679
75.522 5.085526651
75.524 5.085441165
75.526 5.085123081
75.528 5.085033758
75.53 5.084711841
75.532 5.084618601
75.534 5.08429244
75.536 5.08419489
75.538 5.083864644
75.54 5.083763053
75.542 5.083428405
75.544 5.083322413
75.546 5.082983631
75.548 5.082873445
75.55 5.082530086
75.552 5.082415244
75.554 5.082067474
75.556 5.081948231
75.558 5.081596107
75.56 5.081472183
75.562 5.081115246
75.564 5.080986746
75.566 5.080625334
75.568 5.080492002
75.57 5.080125799
75.572 5.079987947
75.574 5.079617096
75.576 5.079474218
75.578 5.079098258
75.58 5.078950505
75.582 5.078569801
75.584 5.078417228
75.586 5.078031355
75.588 5.077873574
75.59 5.077482888
75.592 5.077320396
75.594 5.076924747
75.596 5.076757251
75.598 5.076356899
75.6 5.076184762
75.602 5.07577944
75.604 5.07560228
75.606 5.075192421
75.608 5.075010837
75.61 5.074596069
75.612 5.074409569
75.614 5.073990258
75.616 5.073799423
75.618 5.073375449
75.62 5.073179861
75.622 5.072751426
75.624 5.072551477
75.626 5.072118428
75.628 5.071913861
75.63 5.071476599
75.632 5.071267769
75.634 5.070825919
75.636 5.070612474
75.638 5.070166518
75.64 5.069948706
75.642 5.069498272
75.644 5.069276349
75.646 5.068821598
75.648 5.068595415
75.65 5.068136724
75.652 5.067906636
75.654 5.067443651
75.656 5.067209399
75.658 5.066742693
75.66 5.066504338
75.662 5.066033491
75.664 5.065791319
75.666 5.06531646
75.668 5.065070253
75.67 5.064591664
75.672 5.064341478
75.674 5.063858811
75.676 5.063604614
75.678 5.063118127
75.68 5.06286042
75.682 5.062370173
75.684 5.06210858
75.686 5.061614938
75.688 5.061349761
75.69 5.060851527
75.692 5.06058168
75.694 5.060079233
75.696 5.059805607
75.698 5.059299649
75.7 5.059022732
75.702 5.05851335
75.704 5.058232899
75.706 5.057720192
75.708 5.057436485
75.71 5.056920493
75.712 5.056633567
75.714 5.056114426
75.716 5.055824435
75.718 5.055302113
75.72 5.055008984
75.722 5.054483612
75.724 5.054187517
75.726 5.053659341
75.728 5.053360524
75.73 5.052829684
75.732 5.052528341
75.734 5.051994928
75.736 5.051690947
75.738 5.051154611
75.74 5.050847621
75.742 5.050308883
75.744 5.049999678
75.746 5.049458604
75.748 5.049147004
75.75 5.048603563
75.752 5.048289657
75.754 5.047743829
75.756 5.047427462
75.758 5.046879224
75.76 5.046560225
75.762 5.046009695
75.764 5.045688426
75.766 5.04513555
75.768 5.04481188
75.77 5.044256495
75.772 5.043930513
75.774 5.043372842
75.776 5.043044525
75.778 5.042484496
75.78 5.042153704
75.782 5.041591402
75.784 5.041258356
75.786 5.040693817
75.788 5.040358405
75.79 5.039791358
75.792 5.039453726
75.794 5.03888446
75.796 5.038544611
75.798 5.037973041
75.8 5.037631064
75.802 5.037057385
75.804 5.036713145
75.806 5.036137166
75.808 5.035790768
75.81 5.035212583
75.812 5.03486366
75.814 5.034283164
75.816 5.033931921
75.818 5.033349156
75.82 5.032995599
75.822 5.032410683
75.824 5.032054955
75.826 5.031467709
75.828 5.031109499
75.83 5.030519624
75.832 5.030159031
75.834 5.029566957
75.836 5.029204309
75.838 5.028609959
75.84 5.028244826
75.842 5.027647943
75.844 5.027280061
75.846 5.026680729
75.848 5.026310494
75.85 5.025708377
75.852 5.025335599
75.854 5.024731063
75.856 5.024355455
75.858 5.02374834
75.86 5.02337039
75.862 5.022760739
75.864 5.022380062
75.866 5.021767492
75.868 5.021383795
75.87 5.020768593
75.872 5.020382329
75.874 5.0197641
75.876 5.019375149
75.878 5.018754345
75.88 5.018362294
75.882 5.017738592
75.884 5.017343775
75.886 5.016716896
75.888 5.016318809
75.89 5.015689073
75.892 5.015288099
75.894 5.014655102
75.896 5.014250897
75.898 5.013615037
75.9 5.013207807
75.902 5.012568528
75.904 5.012157873
75.906 5.011515481
75.908 5.011101761
75.91 5.01045591
75.912 5.010038582
75.914 5.009389193
75.916 5.008968362
75.918 5.008315701
75.92 5.007891662
75.922 5.007235423
75.924 5.006807625
75.926 5.006147695
75.928 5.005716356
75.93 5.005052778
75.932 5.004618033
75.934 5.003951057
75.936 5.003512542
75.938 5.00284162
75.94 5.002399247
75.942 5.001724501
75.944 5.001278189
75.946 5.000599559
75.948 5.000149351
75.95 4.999466719
75.952 4.999012511
75.954 4.998325934
75.956 4.997867678
75.958 4.997177066
75.96 4.996715123
75.962 4.996020762
75.964 4.995554705
75.966 4.994856168
75.968 4.994386115
75.97 4.993683742
75.972 4.993209907
75.974 4.992503805
75.976 4.992026112
75.978 4.991316162
75.98 4.990834657
75.982 4.990120784
75.984 4.989635307
75.986 4.988917503
75.988 4.98842798
75.99 4.987706086
75.992 4.987212461
75.994 4.986486456
75.996 4.985988678
75.998 4.985258505
76 4.984756534
76.002 4.984022073
76.004 4.983515837
76.006 4.982777101
76.008 4.982266497
76.01 4.981523429
76.012 4.981008497
76.014 4.980260992
76.016 4.979741651
76.018 4.978989788
76.02 4.978465988
76.022 4.977709666
76.024 4.977181474
76.026 4.976420785
76.028 4.975888105
76.03 4.975122916
76.032 4.974585805
76.034 4.973816138
76.036 4.973274555
76.038 4.972500442
76.04 4.971954381
76.042 4.971175821
76.044 4.970625369
76.046 4.969842373
76.048 4.969287493
76.05 4.968500087
76.052 4.967940749
76.054 4.967148959
76.056 4.966585288
76.058 4.965789064
76.06 4.965220981
76.062 4.964420384
76.064 4.963847927
76.066 4.963042932
76.068 4.962466133
76.07 4.961656889
76.072 4.961075758
76.074 4.960262247
76.076 4.959676932
76.078 4.958859219
76.08 4.958270054
76.082 4.957448554
76.084 4.956855199
76.086 4.956029811
76.088 4.955432714
76.09 4.954603546
76.092 4.954002632
76.094 4.953169741
76.096 4.952564999
76.098 4.951728378
76.1 4.951119932
76.102 4.950279603
76.104 4.949667503
76.106 4.948823602
76.108 4.948207832
76.11 4.947360327
76.112 4.946740962
76.114 4.945889769
76.116 4.94526681
76.118 4.944412158
76.12 4.943786063
76.122 4.94292797
76.124 4.942298418
76.126 4.941437175
76.128 4.940804295
76.13 4.939939626
76.132 4.93930363
76.134 4.938435634
76.136 4.937796252
76.138 4.936925199
76.14 4.936282562
76.142 4.935408198
76.144 4.934762531
76.146 4.933885262
76.148 4.93323628
76.15 4.932355496
76.152 4.931703429
76.154 4.930819713
76.156 4.930164586
76.158 4.929277412
76.16 4.928618881
76.162 4.927728665
76.164 4.927067201
76.166 4.926174018
76.168 4.925509481
76.17 4.924613246
76.172 4.923945304
76.174 4.923045661
76.176 4.922374755
76.178 4.921472233
76.18 4.920798281
76.182 4.919892766
76.184 4.919215835
76.186 4.91830725
76.188 4.917627306
76.19 4.916715726
76.192 4.91603265
76.194 4.915117949
76.196 4.914431804
76.198 4.913514036
76.2 4.912824842
76.202 4.911903978
76.204 4.911211702
76.206 4.910287786
76.208 4.909592371
76.21 4.908665385
76.212 4.907966837
76.214 4.907036735
76.216 4.906335165
76.218 4.905401926
76.22 4.904697282
76.222 4.90376103
76.224 4.903053249
76.226 4.902113871
76.228 4.90140292
76.23 4.900460403
76.232 4.899746369
76.234 4.898800697
76.236 4.898083502
76.238 4.897134717
76.24 4.896414365
76.242 4.895462437
76.244 4.894738949
76.246 4.893783779
76.248 4.8930571
76.25 4.892098691
76.252 4.891368799
76.254 4.890407257
76.256 4.889674103
76.258 4.888709344
76.26 4.887972999
76.262 4.887004951
76.264 4.886265347
76.266 4.885293986
76.268 4.884551018
76.27 4.883576351
76.272 4.882829987
76.274 4.881851962
76.276 4.881102199
76.278 4.880120838
76.28 4.879367776
76.282 4.878383056
76.284 4.877626684
76.286 4.876638606
76.288 4.875878913
76.29 4.874887593
76.292 4.874124558
76.294 4.873129999
76.296 4.872363715
76.298 4.871365915
76.3 4.870596394
76.302 4.869595275
76.304 4.868822691
76.306 4.867818507
76.308 4.867042842
76.31 4.866035795
76.312 4.865257226
76.314 4.864247281
76.316 4.863465749
76.318 4.862452926
76.32 4.861668344
76.322 4.860652405
76.324 4.859865005
76.326 4.858846291
76.328 4.858056119
76.33 4.857034646
76.332 4.856241617
76.334 4.855217388
76.336 4.854421516
76.338 4.853394218
76.34 4.852595258
76.342 4.851565168
76.344 4.850763575
76.346 4.849730699
76.348 4.848926342
76.35 4.847890689
76.352 4.847083472
76.354 4.846044944
76.356 4.845234931
76.358 4.844193536
76.36 4.843380603
76.362 4.842337638
76.364 4.841523547
76.366 4.84047888
76.368 4.839662603
76.37 4.838615467
76.372 4.837796659
76.374 4.836746946
76.376 4.835925617
76.378 4.834873044
76.38 4.834048918
76.382 4.832993706
76.384 4.832167019
76.386 4.831109135
76.388 4.830279796
76.39 4.829219282
76.392 4.828387327
76.394 4.827324209
76.396 4.826489675
76.398 4.825423955
76.4 4.82458657
76.402 4.823518068
76.404 4.822677915
76.406 4.821607009
76.408 4.820764544
76.41 4.819691261
76.412 4.818846296
76.414 4.817770494
76.416 4.816922979
76.418 4.815844608
76.42 4.814994482
76.422 4.813913529
76.424 4.813060851
76.426 4.811977402
76.428 4.811122249
76.43 4.810036327
76.432 4.809178811
76.434 4.808090432
76.436 4.807230508
76.438 4.806139659
76.44 4.805277326
76.442 4.804184072
76.444 4.80331938
76.446 4.802223787
76.448 4.801356736
76.45 4.800258924
76.452 4.799389856
76.454 4.798290031
76.456 4.797418913
76.458 4.796316923
76.46 4.795443525
76.462 4.794339234
76.464 4.793463612
76.466 4.792357019
76.468 4.791479065
76.47 4.790370187
76.472 4.789489997
76.474 4.788378929
76.476 4.787496582
76.478 4.786383408
76.48 4.785498949
76.482 4.784383702
76.484 4.783497182
76.486 4.782379879
76.488 4.78149126
76.49 4.780371876
76.492 4.779481184
76.494 4.778359794
76.496 4.777467064
76.498 4.776343663
76.5 4.775448909
76.502 4.774323442
76.504 4.773426666
76.506 4.772299194
76.508 4.771400399
76.51 4.770270887
76.512 4.769370049
76.514 4.768238502
76.516 4.767335641
76.518 4.766202116
76.52 4.765297274
76.522 4.764161818
76.524 4.763255133
76.526 4.762117909
76.528 4.761209326
76.53 4.760070017
76.532 4.75915934
76.534 4.758018009
76.536 4.757105342
76.538 4.755962
76.54 4.755047319
76.542 4.753901967
76.544 4.75298529
76.546 4.75183795
76.548 4.750919267
76.55 4.749769932
76.552 4.748849232
76.554 4.747697882
76.556 4.746775157
76.558 4.745621827
76.56 4.744697139
76.562 4.743541824
76.564 4.742615115
76.566 4.741457797
76.568 4.740529065
76.57 4.739369747
76.572 4.738438925
76.574 4.737277659
76.576 4.736344798
76.578 4.735181528
76.58 4.734246626
76.582 4.733081341
76.584 4.732144388
76.586 4.730977126
76.588 4.730038134
76.59 4.728868826
76.592 4.727927795
76.594 4.726756371
76.596 4.72581333
76.598 4.724639824
76.6 4.72369472
76.602 4.722519111
76.604 4.721571914
76.606 4.720394193
76.608 4.719444963
76.61 4.718265175
76.612 4.717313762
76.614 4.716131903
76.616 4.715178365
76.618 4.713994418
76.62 4.713038696
76.622 4.711852638
76.624 4.710894749
76.626 4.709706485
76.628 4.708746476
76.63 4.707556039
76.632 4.706593919
76.634 4.705401357
76.636 4.704437185
76.638 4.703242516
76.64 4.702276126
76.642 4.701079344
76.644 4.70011075
76.646 4.698911808
76.648 4.69794101
76.65 4.696739825
76.652 4.695766834
76.654 4.694563389
76.656 4.693588211
76.658 4.692382545
76.66 4.691405044
76.662 4.690197156
76.664 4.689217377
76.666 4.688007229
76.668 4.687025093
76.67 4.685812579
76.672 4.684828228
76.674 4.683613362
76.676 4.682626662
76.678 4.681409495
76.68 4.680420574
76.682 4.679201553
76.684 4.678210827
76.686 4.676989825
76.688 4.675996935
76.69 4.674773614
76.692 4.673778524
76.694 4.672552854
76.696 4.671555217
76.698 4.670326885
76.7 4.6693263
76.702 4.668094827
76.704 4.667091188
76.706 4.665856821
76.708 4.66485014
76.71 4.663612805
76.712 4.662603162
76.714 4.661362879
76.716 4.660350474
76.718 4.659107425
76.72 4.658092217
76.722 4.656846369
76.724 4.655828459
76.726 4.654579966
76.728 4.653559471
76.73 4.652308398
76.732 4.651285281
76.734 4.650031654
76.736 4.649006002
76.738 4.647749944
76.74 4.64672201
76.742 4.645463744
76.744 4.644433786
76.746 4.643173579
76.748 4.64214144
76.75 4.640878835
76.752 4.639844385
76.754 4.638579487
76.756 4.637542807
76.758 4.636275735
76.76 4.635236609
76.762 4.633967185
76.764 4.632925838
76.766 4.631654089
76.768 4.630610267
76.77 4.629336214
76.772 4.628290272
76.774 4.627013965
76.776 4.625965622
76.778 4.624687023
76.78 4.623636393
76.782 4.622355508
76.784 4.621302699
76.786 4.620019749
76.788 4.618964784
76.79 4.617679589
76.792 4.616622491
76.794 4.615335172
76.796 4.614275934
76.798 4.612986523
76.8 4.61192532
76.802 4.610633965
76.804 4.609570814
76.806 4.608277612
76.808 4.607212604
76.81 4.605917538
76.812 4.604850652
76.814 4.603553879
76.816 4.602485133
76.818 4.601186204
76.82 4.600115368
76.822 4.598814612
76.824 4.597742038
76.826 4.596439613
76.828 4.595365459
76.83 4.594061592
76.832 4.592986079
76.834 4.591680839
76.836 4.590604021
76.838 4.589297603
76.84 4.588219645
76.842 4.586912098
76.844 4.585833021
76.846 4.584524467
76.848 4.583444206
76.85 4.582134641
76.852 4.5810535
76.854 4.579742974
76.856 4.578660868
76.858 4.5773492
76.86 4.576266128
76.862 4.574953641
76.864 4.57386983
76.866 4.572556391
76.868 4.571471697
76.87 4.570157504
76.872 4.569071836
76.874 4.567756894
76.876 4.566669864
76.878 4.565353307
76.88 4.564264926
76.882 4.562947107
76.884 4.561857928
76.886 4.560539186
76.888 4.559449214
76.89 4.55812957
76.892 4.55703883
76.894 4.555718419
76.896 4.554626992
76.898 4.553305797
76.9 4.552213596
76.902 4.550891586
76.904 4.549798628
76.906 4.548475898
76.908 4.547382189
76.91 4.546058627
76.912 4.544964128
76.914 4.543639719
76.916 4.542544164
76.918 4.541219105
76.92 4.540122629
76.922 4.538796657
76.924 4.537699343
76.926 4.536372466
76.928 4.535274095
76.93 4.533946172
76.932 4.532847049
76.934 4.531518267
76.936 4.530418072
76.938 4.529088264
76.94 4.527986999
76.942 4.526656193
76.944 4.525553818
76.946 4.524222026
76.948 4.523118791
76.95 4.521785974
76.952 4.520681569
76.954 4.519347566
76.956 4.51824194
76.958 4.516906764
76.96 4.515799864
76.962 4.514463545
76.964 4.513355442
76.966 4.512017874
76.968 4.510908412
76.97 4.509569609
76.972 4.508459031
76.974 4.507119266
76.976 4.506007696
76.978 4.504666804
76.98 4.503553943
76.982 4.502211815
76.984 4.501097725
76.986 4.499754302
76.988 4.498638911
76.99 4.497294147
76.992 4.496177417
76.994 4.494831358
76.996 4.493713337
76.998 4.49236591
77 4.491246474
77.002 4.489897606
77.004 4.488776736
77.006 4.487426485
77.008 4.486304154
77.01 4.484952401
77.012 4.483828378
77.014 4.482474838
77.016 4.481349102
77.018 4.479993882
77.02 4.478866489
77.022 4.477509614
77.024 4.47638057
77.026 4.475022005
77.028 4.473891178
77.03 4.472530922
77.032 4.471398579
77.034 4.470036792
77.036 4.468902858
77.038 4.467539379
77.04 4.46640366
77.042 4.465038385
77.044 4.463900891
77.046 4.462533814
77.048 4.461394547
77.05 4.460025917
77.052 4.458885191
77.054 4.457515009
77.056 4.456372628
77.058 4.455000643
77.06 4.453856341
77.062 4.452482402
77.064 4.451336126
77.066 4.449960167
77.068 4.44881182
77.07 4.447433909
77.072 4.446283664
77.074 4.444903836
77.076 4.443751754
77.078 4.44237001
77.08 4.441215854
77.082 4.439831984
77.084 4.438675683
77.086 4.43728966
77.088 4.436131128
77.09 4.43474294
77.092 4.433582348
77.094 4.432192111
77.096 4.431029418
77.098 4.429637031
77.1 4.428472139
77.102 4.42707753
77.104 4.4259104
77.106 4.424513542
77.108 4.42334404
77.11 4.421944776
77.112 4.420772915
77.114 4.419371263
77.116 4.418196978
77.118 4.416793716
77.12 4.415619195
77.122 4.414215912
77.124 4.413040953
77.126 4.411637075
77.128 4.410461224
77.13 4.409056247
77.132 4.407879241
77.134 4.406473238
77.136 4.405295168
77.138 4.403887934
77.14 4.40270845
77.142 4.401299675
77.144 4.400118582
77.146 4.398708092
77.148 4.39752517
77.15 4.396112743
77.152 4.394927793
77.154 4.393513244
77.156 4.39232609
77.158 4.390909217
77.16 4.389719622
77.162 4.388300272
77.164 4.387108182
77.166 4.385686318
77.168 4.384491616
77.17 4.383067197
77.172 4.381870059
77.174 4.380443202
77.176 4.379243567
77.178 4.37781419
77.18 4.376612024
77.182 4.37518014
77.184 4.373975474
77.186 4.372541109
77.188 4.371333979
77.19 4.36989716
77.192 4.368687576
77.194 4.367248308
77.196 4.366036286
77.198 4.364594607
77.2 4.363380108
77.202 4.361935906
77.204 4.360718922
77.206 4.35927228
77.208 4.358052797
77.21 4.356603732
77.212 4.355381987
77.214 4.353930706
77.216 4.352706724
77.218 4.351253219
77.22 4.350027031
77.222 4.348571341
77.224 4.347342981
77.226 4.345885142
77.228 4.34465465
77.23 4.343194706
77.232 4.341962113
77.234 4.340500138
77.236 4.339265593
77.238 4.337801572
77.24 4.336565059
77.242 4.335099072
77.244 4.333860649
77.246 4.332392746
77.248 4.331152358
77.25 4.329682493
77.252 4.328440201
77.254 4.326968442
77.256 4.325724252
77.258 4.324250624
77.26 4.323004544
77.262 4.321529061
77.264 4.320281195
77.266 4.318803935
77.268 4.317554253
77.27 4.316075184
77.272 4.314823711
77.274 4.313342862
77.276 4.312089613
77.278 4.310607005
77.28 4.309351956
77.282 4.307867536
77.284 4.30661071
77.286 4.305124553
77.288 4.303865918
77.29 4.302377979
77.292 4.30111766
77.294 4.299628064
77.296 4.298366066
77.298 4.296874807
77.3 4.295611069
77.302 4.294118143
77.304 4.292852887
77.306 4.291358476
77.308 4.290091714
77.31 4.288595782
77.312 4.287327532
77.314 4.285830125
77.316 4.284560386
77.318 4.283061554
77.32 4.281790413
77.322 4.280290177
77.324 4.279017539
77.326 4.277515777
77.328 4.276241679
77.33 4.274738565
77.332 4.273463072
77.334 4.27195846
77.336 4.270681545
77.338 4.269175536
77.34 4.267897044
77.342 4.2663895
77.344 4.265109505
77.346 4.263600393
77.348 4.262318755
77.35 4.260808626
77.352 4.259526193
77.354 4.258015313
77.356 4.256731841
77.358 4.25521951
77.36 4.253934628
77.362 4.252420862
77.364 4.251134607
77.366 4.249619409
77.368 4.248331672
77.37 4.246814887
77.372 4.245525601
77.374 4.244007373
77.376 4.242716637
77.378 4.241196872
77.38 4.239904644
77.382 4.238383411
77.384 4.237089728
77.386 4.235567029
77.388 4.234271852
77.39 4.232747728
77.392 4.231451115
77.394 4.229925492
77.396 4.228627374
77.398 4.227100234
77.4 4.22580053
77.402 4.224271786
77.404 4.222970474
77.406 4.221440213
77.408 4.220137355
77.41 4.218605543
77.412 4.217301251
77.414 4.215768016
77.416 4.214462303
77.418 4.212927687
77.42 4.211620494
77.422 4.210084417
77.424 4.208775849
77.426 4.207238401
77.428 4.2059285
77.43 4.204389827
77.432 4.203078693
77.434 4.201538771
77.436 4.200226425
77.438 4.198685285
77.44 4.197371754
77.442 4.195829581
77.444 4.194515016
77.446 4.192971716
77.448 4.191656034
77.45 4.190111769
77.452 4.18879511
77.454 4.187249782
77.456 4.185932085
77.458 4.184385908
77.46 4.183067448
77.462 4.181520515
77.464 4.180201267
77.466 4.178653507
77.468 4.177333202
77.47 4.175784368
77.472 4.174463184
77.474 4.17291345
77.476 4.17159135
77.478 4.170040762
77.48 4.168717785
77.482 4.167166286
77.484 4.165842393
77.486 4.164290058
77.488 4.162965303
77.49 4.161412013
77.492 4.160086313
77.494 4.15853213
77.496 4.15720557
77.498 4.15565061
77.5 4.154323449
77.502 4.152767983
77.504 4.15144023
77.506 4.149884072
77.508 4.148555626
77.51 4.146998858
77.512 4.145669776
77.514 4.144112468
77.516 4.142783225
77.518 4.141226043
77.52 4.139896746
77.522 4.138339233
77.524 4.137009492
77.526 4.135451527
77.528 4.134121222
77.53 4.13256252
77.532 4.131231437
77.534 4.129671996
77.536 4.128340116
77.538 4.126779831
77.54 4.125447156
77.542 4.123886119
77.544 4.122552638
77.546 4.120990792
77.548 4.119656534
77.55 4.118094048
77.552 4.11675936
77.554 4.115196619
77.556 4.113861657
77.558 4.112298412
77.56 4.110962766
77.562 4.109398953
77.564 4.108062866
77.566 4.106498684
77.568 4.105162216
77.57 4.103597559
77.572 4.102260636
77.574 4.100695652
77.576 4.099358414
77.578 4.097793262
77.58 4.09645582
77.582 4.094890344
77.584 4.093552508
77.586 4.091986675
77.588 4.090648498
77.59 4.089082456
77.592 4.087744045
77.594 4.086177632
77.596 4.084838797
77.598 4.08327197
77.6 4.081932952
77.602 4.080365805
77.604 4.07902635
77.606 4.077458783
77.608 4.07611915
77.61 4.074551275
77.612 4.073211117
77.614 4.071642979
77.616 4.070302505
77.618 4.068733858
77.62 4.067392767
77.622 4.065823707
77.624 4.064482151
77.626 4.062912688
77.628 4.061570591
77.63 4.060000395
77.632 4.058657759
77.634 4.057086946
77.636 4.055743576
77.638 4.054172206
77.64 4.052828266
77.642 4.051256341
77.644 4.049911759
77.646 4.048339233
77.648 4.046993946
77.65 4.045420823
77.652 4.044074899
77.654 4.04250108
77.656 4.041154357
77.658 4.039579662
77.66 4.038232024
77.662 4.03665645
77.664 4.035307879
77.666 4.033731337
77.668 4.032381734
77.67 4.030804066
77.672 4.029453324
77.674 4.027874565
77.676 4.026522683
77.678 4.024942759
77.68 4.02358989
77.682 4.022008593
77.684 4.020654428
77.686 4.019071783
77.688 4.01771642
77.69 4.016132667
77.692 4.014775972
77.694 4.013190803
77.696 4.011832914
77.698 4.010246437
77.7 4.008887227
77.702 4.007299593
77.704 4.00593904
77.706 4.004349999
77.708 4.002988307
77.71 4.001398015
77.712 4.00003507
77.714 3.998443731
77.716 3.997079544
77.718 3.995486929
77.72 3.994121758
77.722 3.992528052
77.724 3.991161772
77.726 3.989567173
77.728 3.988199795
77.73 3.986604034
77.732 3.985235743
77.734 3.983639198
77.736 3.982269777
77.738 3.980672074
77.74 3.9793018
77.742 3.977703115
77.744 3.976331907
77.746 3.974732493
77.748 3.97336059
77.75 3.971760062
77.752 3.970387115
77.754 3.968785867
77.756 3.967411973
77.758 3.965809786
77.76 3.964435139
77.762 3.962831946
77.764 3.961456317
77.766 3.959852439
77.768 3.958475898
77.77 3.956871015
77.772 3.955493696
77.774 3.953887908
77.776 3.952509652
77.778 3.950902878
77.78 3.949523745
77.782 3.947916178
77.784 3.94653603
77.786 3.944927536
77.788 3.943546916
77.79 3.941937862
77.792 3.940556555
77.794 3.938946707
77.796 3.937564632
77.798 3.935953837
77.8 3.934570863
77.802 3.932959175
77.804 3.931575313
77.806 3.929962673
77.808 3.928577844
77.81 3.926964115
77.812 3.92557831
77.814 3.923963717
77.816 3.92257702
77.818 3.920961397
77.82 3.919573419
77.822 3.917956936
77.824 3.91656797
77.826 3.914950231
77.828 3.913560173
77.83 3.91194148
77.832 3.910550199
77.834 3.908930193
77.836 3.907537941
77.838 3.905917015
77.84 3.90452358
77.842 3.902901408
77.844 3.901506796
77.846 3.899883597
77.848 3.898488161
77.85 3.896863826
77.852 3.895466944
77.854 3.893841331
77.856 3.892443265
77.858 3.890816509
77.86 3.889417286
77.862 3.887789502
77.864 3.886389216
77.866 3.884760327
77.868 3.883358916
77.87 3.881728974
77.872 3.880326489
77.874 3.878695653
77.876 3.877292184
77.878 3.875660176
77.88 3.87425546
77.882 3.872622177
77.884 3.871216232
77.886 3.869581682
77.888 3.868174515
77.89 3.866538794
77.892 3.865130451
77.894 3.863493427
77.896 3.862083744
77.898 3.860445439
77.9 3.859034472
77.902 3.85739479
77.904 3.855983003
77.906 3.854342581
77.908 3.852929574
77.91 3.851287659
77.912 3.849873141
77.914 3.848229749
77.916 3.846813716
77.918 3.845168873
77.92 3.84375133
77.922 3.842105161
77.924 3.840686201
77.926 3.83903837
77.928 3.837617707
77.93 3.83596829
77.932 3.83454607
77.934 3.832894986
77.936 3.831471139
77.938 3.829818234
77.94 3.828392773
77.942 3.826738636
77.944 3.825311506
77.946 3.823655176
77.948 3.82222595
77.95 3.820567586
77.952 3.819136413
77.954 3.81747618
77.956 3.816043126
77.958 3.814381111
77.96 3.812946707
77.962 3.811283155
77.964 3.80984662
77.966 3.808181008
77.968 3.806742473
77.97 3.8050749
77.972 3.803634798
77.974 3.801965465
77.976 3.800523207
77.978 3.798851754
77.98 3.797407422
77.982 3.795734042
77.984 3.79428812
77.986 3.792612921
77.988 3.791164781
77.99 3.789487406
77.992 3.788037117
77.994 3.786358055
77.996 3.784905906
77.998 3.783224677
78 3.781770399
78.002 3.780087408
78.004 3.778631293
78.006 3.77694605
78.008 3.77548782
78.01 3.773800882
78.012 3.772340881
78.014 3.770651737
78.016 3.769189621
78.018 3.767498859
78.02 3.76603501
78.022 3.764341993
78.024 3.762876
78.026 3.761181279
78.028 3.759713498
78.03 3.758016516
78.032 3.756546577
78.034 3.754847823
78.036 3.75337602
78.038 3.751674956
78.04 3.750200936
78.042 3.748498132
78.044 3.747022244
78.046 3.745317072
78.048 3.743839269
78.05 3.742132022
78.052 3.740651825
78.054 3.738942233
78.056 3.737460194
78.058 3.735748611
78.06 3.73426413
78.062 3.732550559
78.064 3.731063855
78.066 3.729347775
78.068 3.72785872
78.07 3.726140721
78.072 3.724649608
78.074 3.722929089
78.076 3.721435918
78.078 3.7197132
78.08 3.718217493
78.082 3.716492643
78.084 3.714994706
78.086 3.713267266
78.088 3.711767347
78.09 3.710037754
78.092 3.708535168
78.094 3.706803308
78.096 3.705298332
78.098 3.703563808
78.1 3.702056615
78.102 3.700319718
78.104 3.698810002
78.106 3.697071291
78.108 3.695559454
78.11 3.693817986
78.112 3.692303697
78.114 3.69055982
78.116 3.689042918
78.118 3.687296821
78.12 3.685777548
78.122 3.684028893
78.124 3.68250746
78.126 3.680756322
78.128 3.679232477
78.13 3.677478769
78.132 3.67595206
78.134 3.674196184
78.136 3.672667054
78.138 3.670908119
78.14 3.669376284
78.142 3.667614512
78.144 3.666080122
78.146 3.664315617
78.148 3.662777971
78.15 3.661010684
78.152 3.659470098
78.154 3.657699852
78.156 3.656156705
78.158 3.65438354
78.16 3.652837529
78.162 3.651061412
78.164 3.64951234
78.166 3.647733576
78.168 3.646181522
78.17 3.644400088
78.172 3.642845181
78.174 3.641060749
78.176 3.639502801
78.178 3.637715194
78.18 3.636154636
78.182 3.634364016
78.184 3.632800743
78.186 3.631007245
78.188 3.629441188
78.19 3.627644939
78.192 3.626075941
78.194 3.624277234
78.196 3.622705354
78.198 3.620904084
78.2 3.619329406
78.202 3.617525128
78.204 3.615947559
78.206 3.614140531
78.208 3.612560188
78.21 3.610750508
78.212 3.609167472
78.214 3.607354751
78.216 3.605769205
78.218 3.603953621
78.22 3.602365535
78.222 3.600547213
78.224 3.598956524
78.226 3.597135518
78.228 3.595542037
78.23 3.593718463
78.232 3.592122394
78.234 3.590296228
78.236 3.588697386
78.238 3.586868275
78.24 3.585266739
78.242 3.583434896
78.244 3.581830686
78.246 3.579996044
78.248 3.578389096
78.25 3.576551568
78.252 3.574941743
78.254 3.573101331
78.256 3.57148865
78.258 3.569645341
78.26 3.568029682
78.262 3.566183359
78.264 3.564564701
78.266 3.562715374
78.268 3.561093699
78.27 3.559241362
78.272 3.557616658
78.274 3.555761542
78.276 3.554134514
78.278 3.552277195
78.28 3.550647806
78.282 3.548788026
78.284 3.547156115
78.286 3.545293738
78.288 3.543659193
78.29 3.541794127
78.292 3.540157103
78.294 3.538289508
78.296 3.536648822
78.298 3.534776752
78.3 3.533131563
78.302 3.531255455
78.304 3.529606794
78.306 3.527726936
78.308 3.526074638
78.31 3.524191507
78.312 3.522535568
78.314 3.520648895
78.316 3.51898983
78.318 3.517100434
78.32 3.515437811
78.322 3.51354477
78.324 3.511878374
78.326 3.509982085
78.328 3.508312123
78.33 3.50641205
78.332 3.504738706
78.334 3.502834998
78.336 3.501158248
78.338 3.499250935
78.34 3.497570511
78.342 3.495659319
78.344 3.493975537
78.346 3.492060619
78.348 3.49037351
78.35 3.488456179
78.352 3.486765307
78.354 3.484844415
78.356 3.483150457
78.358 3.481226194
78.36 3.479529038
78.362 3.477601445
78.364 3.475900951
78.366 3.473969822
78.368 3.472266416
78.37 3.470332419
78.372 3.468625709
78.374 3.466688796
78.376 3.464978738
78.378 3.463038354
78.38 3.461325149
78.382 3.459381053
78.384 3.457664037
78.386 3.455716732
78.388 3.453996476
78.39 3.452045615
78.392 3.450321697
78.394 3.448367244
78.396 3.446640266
78.398 3.444682668
78.4 3.442951949
78.402 3.440991161
78.404 3.439257709
78.406 3.437293391
78.408 3.435556507
78.41 3.433589535
78.412 3.4318498
78.414 3.429879564
78.416 3.428136448
78.418 3.426162591
78.42 3.424416525
78.422 3.422440614
78.424 3.420691573
78.426 3.418712456
78.428 3.416960574
78.43 3.414978799
78.432 3.413224091
78.434 3.4112391
78.436 3.409481431
78.438 3.40749312
78.44 3.405732354
78.442 3.4037416
78.444 3.401978626
78.446 3.399984623
78.448 3.398218258
78.45 3.396221477
78.452 3.39445201
78.454 3.392448117
78.456 3.390675218
78.458 3.388667337
78.46 3.386887879
78.462 3.38487505
78.464 3.383091804
78.466 3.381076866
78.468 3.379290665
78.47 3.377273627
78.472 3.375485538
78.474 3.373466949
78.476 3.371676721
78.478 3.369656307
78.48 3.367864949
78.482 3.365843684
78.484 3.364050448
78.486 3.362027246
78.488 3.360232554
78.49 3.358207853
78.492 3.356411644
78.494 3.354384964
78.496 3.352586952
78.498 3.350558836
78.5 3.348759284
78.502 3.346729178
78.504 3.344927734
78.506 3.342896248
78.508 3.34109334
78.51 3.339060301
78.512 3.337255254
78.514 3.335220275
78.516 3.333413725
78.518 3.331377228
78.52 3.329569162
78.522 3.327530765
78.524 3.325721137
78.526 3.32368168
78.528 3.32187102
78.53 3.319830507
78.532 3.318018748
78.534 3.315976795
78.536 3.314163803
78.538 3.312121086
78.54 3.310307194
78.542 3.308263389
78.544 3.306448361
78.546 3.304403482
78.548 3.302587005
78.55 3.300541571
78.552 3.298725712
78.554 3.296680445
78.556 3.294864163
78.558 3.292818083
78.56 3.291000797
78.562 3.28895345
78.564 3.287134317
78.566 3.285085098
78.568 3.283264359
78.57 3.281213334
78.572 3.279390665
78.574 3.27733754
78.576 3.275512754
78.578 3.273457448
78.58 3.27163049
78.582 3.269573039
78.584 3.267743913
78.586 3.265683838
78.588 3.26385226
78.59 3.261790204
78.592 3.259956513
78.594 3.257892325
78.596 3.256056539
78.598 3.253990318
78.6 3.252152559
78.602 3.250084378
78.604 3.248244739
78.606 3.246174691
78.608 3.24433326
78.61 3.242261472
78.612 3.240418365
78.614 3.238344925
78.616 3.236500236
78.618 3.234425255
78.62 3.232579106
78.622 3.230502686
78.624 3.228655161
78.626 3.226577434
78.628 3.224728696
78.63 3.222649782
78.632 3.220799902
78.634 3.218719861
78.636 3.216868898
78.638 3.21478781
78.64 3.212935873
78.642 3.210853796
78.644 3.209000878
78.646 3.206917755
78.648 3.205063757
78.65 3.202979552
78.652 3.2011245
78.654 3.199039199
78.656 3.197183007
78.658 3.195096547
78.66 3.193239193
78.662 3.191151318
78.664 3.1892925
78.666 3.187203186
78.668 3.185342865
78.67 3.183251959
78.672 3.181389968
78.674 3.179297275
78.676 3.17743339
78.678 3.17533868
78.68 3.173472677
78.682 3.171375734
78.684 3.169507425
78.686 3.167408072
78.688 3.165537271
78.69 3.163435333
78.692 3.161561879
78.694 3.159457199
78.696 3.157580942
78.698 3.155473363
78.7 3.153594174
78.702 3.151483593
78.704 3.149601362
78.706 3.147487693
78.708 3.145602374
78.71 3.143485608
78.712 3.141596601
78.714 3.139476421
78.716 3.137584141
78.718 3.13546096
78.72 3.133565201
78.722 3.131437239
78.724 3.129536656
78.726 3.127404161
78.728 3.125499267
78.73 3.123362537
78.732 3.121453654
78.734 3.119312894
78.736 3.117400103
78.738 3.115255495
78.74 3.113339007
78.742 3.111190774
78.744 3.109270824
78.746 3.107119214
78.748 3.105196119
78.75 3.103041531
78.752 3.101115451
78.754 3.098957736
78.756 3.097028608
78.758 3.094867956
78.76 3.092935987
78.762 3.090772542
78.764 3.088837871
78.766 3.086671773
78.768 3.084734676
78.77 3.08256656
78.772 3.080627664
78.774 3.078457715
78.776 3.076517049
78.778 3.074345354
78.78 3.07240282
78.782 3.070229012
78.784 3.068284354
78.786 3.066108428
78.788 3.064161664
78.79 3.061983575
78.792 3.060034634
78.794 3.057854323
78.796 3.055903122
78.798 3.053720457
78.8 3.051766875
78.802 3.049581761
78.804 3.047625667
78.806 3.045437951
78.808 3.043479226
78.81 3.041288801
78.812 3.039327293
78.814 3.037133994
78.816 3.03516956
78.818 3.032973193
78.82 3.031005548
78.822 3.02880595
78.824 3.026834964
78.826 3.024631833
78.828 3.022657202
78.83 3.020450306
78.832 3.018471854
78.834 3.016261053
78.836 3.01427872
78.838 3.012063961
78.84 3.010077659
78.842 3.007858924
78.844 3.0058687
78.846 3.003646046
78.848 3.001651903
78.85 2.99942531
78.852 2.997427272
78.854 2.995196736
78.856 2.993194777
78.858 2.990960295
78.86 2.98895439
78.862 2.986715945
78.864 2.984706193
78.866 2.982463894
78.868 2.980450277
78.87 2.978204077
78.872 2.976186561
78.874 2.973936445
78.876 2.971914998
78.878 2.969660939
78.88 2.967635552
78.882 2.965377505
78.884 2.963348124
78.886 2.961086511
78.888 2.959053654
78.89 2.956788395
78.892 2.954751749
78.894 2.952482564
78.896 2.950442011
78.898 2.948168849
78.9 2.946124372
78.902 2.943847231
78.904 2.941798778
78.906 2.939517611
78.908 2.937465145
78.91 2.935179912
78.912 2.933123382
78.914 2.930834026
78.916 2.928773387
78.918 2.926479885
78.92 2.924415113
78.922 2.922117432
78.924 2.920048478
78.926 2.917746579
78.928 2.915673439
78.93 2.91336737
78.932 2.911290113
78.934 2.908979903
78.936 2.906898517
78.938 2.904584173
78.94 2.902498696
78.942 2.900180263
78.944 2.898090728
78.946 2.895768234
78.948 2.893674666
78.95 2.891348138
78.952 2.889250575
78.954 2.886920042
78.956 2.884818501
78.958 2.882484
78.96 2.880378503
78.962 2.878040057
78.964 2.875930665
78.966 2.873588369
78.968 2.871475192
78.97 2.869129161
78.972 2.867012288
78.974 2.864662613
78.976 2.862542167
78.978 2.860188914
78.98 2.858064919
78.982 2.855708092
78.984 2.853580601
78.986 2.85122031
78.988 2.849089379
78.99 2.846725638
78.992 2.844591322
78.994 2.8422242
78.996 2.840086526
78.998 2.837716023
79 2.83557498
79.002 2.833201132
79.004 2.831056791
79.006 2.828679628
79.008 2.826531985
79.01 2.824151523
79.012 2.822000615
79.014 2.81961689
79.016 2.817461704
79.018 2.815074136
79.02 2.812916188
79.022 2.81052625
79.024 2.808366401
79.026 2.805974551
79.028 2.80381295
79.03 2.801419273
79.032 2.799255816
79.034 2.796860211
79.036 2.794694858
79.038 2.792297283
79.04 2.790129944
79.042 2.787730294
79.044 2.785560879
79.046 2.783159129
79.048 2.780987591
79.05 2.778583649
79.052 2.776409934
79.054 2.774003745
79.056 2.77182776
79.058 2.769419281
79.06 2.767241011
79.062 2.7648301
79.064 2.762649388
79.066 2.760236087
79.068 2.758052903
79.07 2.755637115
79.072 2.75345151
79.074 2.751033272
79.076 2.748845348
79.078 2.74642493
79.08 2.744234833
79.082 2.74181218
79.084 2.739619849
79.086 2.737194907
79.088 2.735000119
79.09 2.732572686
79.092 2.730375445
79.094 2.727945259
79.096 2.725744884
79.098 2.72331182
79.1 2.721108898
79.102 2.718673132
79.104 2.716467455
79.106 2.714028941
79.108 2.711820573
79.11 2.709379356
79.112 2.707168332
79.114 2.704724443
79.116 2.702510787
79.118 2.700064298
79.12 2.697847862
79.122 2.695398458
79.124 2.693179193
79.126 2.690726992
79.128 2.688505013
79.13 2.68605011
79.132 2.68382548
79.134 2.681367927
79.136 2.679140697
79.138 2.676680577
79.14 2.674450857
79.142 2.671988283
79.144 2.669756175
79.146 2.667291224
79.148 2.665056576
79.15 2.662588969
79.152 2.660351671
79.154 2.657881387
79.156 2.655641469
79.158 2.653168903
79.16 2.650926956
79.162 2.64845219
79.164 2.646207957
79.166 2.643730881
79.168 2.64148436
79.17 2.63900472
79.172 2.636755536
79.174 2.634273347
79.176 2.632021735
79.178 2.629537155
79.18 2.627283166
79.182 2.624796145
79.184 2.622539597
79.186 2.620049968
79.188 2.617790639
79.19 2.615298101
79.192 2.613035883
79.194 2.610540385
79.196 2.608275247
79.198 2.60577716
79.2 2.603509649
79.202 2.601009061
79.204 2.598739035
79.206 2.596235967
79.208 2.593963253
79.21 2.591457562
79.212 2.589182515
79.214 2.586674536
79.216 2.584397299
79.218 2.581887109
79.22 2.579607723
79.222 2.577095364
79.224 2.574813814
79.226 2.572299501
79.228 2.570016459
79.23 2.567500689
79.232 2.565216074
79.234 2.562698749
79.236 2.560412511
79.238 2.557893439
79.24 2.555605434
79.242 2.55308452
79.244 2.550794606
79.246 2.548271689
79.248 2.545979712
79.25 2.543454661
79.252 2.541160487
79.254 2.538632992
79.256 2.53633614
79.258 2.533805797
79.26 2.53150639
79.262 2.528973399
79.264 2.526671104
79.266 2.524134936
79.268 2.521829375
79.27 2.519290321
79.272 2.516982167
79.274 2.514440448
79.276 2.512129427
79.278 2.50958472
79.28 2.507270617
79.282 2.504722717
79.284 2.502405346
79.286 2.49985413
79.288 2.497533439
79.29 2.494978825
79.292 2.492654639
79.294 2.490096497
79.296 2.4877687
79.298 2.485206919
79.3 2.482875498
79.302 2.480310044
79.304 2.477974782
79.306 2.475405388
79.308 2.473066161
79.31 2.470492787
79.312 2.4681496
79.314 2.465572205
79.316 2.463225036
79.318 2.460643653
79.32 2.458292123
79.322 2.45570602
79.324 2.453349791
79.326 2.450759113
79.328 2.448398332
79.33 2.445803031
79.332 2.443437628
79.334 2.440837515
79.336 2.438467114
79.338 2.435862069
79.34 2.433486896
79.342 2.430876823
79.344 2.428496435
79.346 2.425881113
79.348 2.423495573
79.35 2.420875165
79.352 2.418484411
79.354 2.41585857
79.356 2.413462336
79.358 2.410831016
79.36 2.408429332
79.362 2.4057925
79.364 2.403385344
79.366 2.400743132
79.368 2.398330625
79.37 2.39568296
79.372 2.393265
79.374 2.390611962
79.376 2.388188648
79.378 2.385530456
79.38 2.383102106
79.382 2.380438796
79.384 2.378005201
79.386 2.375336546
79.388 2.372897718
79.39 2.370223997
79.392 2.367780089
79.394 2.365101087
79.396 2.362651908
79.398 2.359967594
79.4 2.357513014
79.402 2.354823354
79.404 2.352363422
79.406 2.349671188
79.408 2.347210612
79.41 2.344516106
79.412 2.342051802
79.414 2.339352735
79.416 2.336883686
79.418 2.334179467
79.42 2.331705133
79.422 2.328995594
79.424 2.326516064
79.426 2.323801369
79.428 2.321316693
79.43 2.318596915
79.432 2.316107345
79.434 2.31338281
79.436 2.310888512
79.438 2.30815931
79.44 2.305660305
79.442 2.302926442
79.444 2.300423066
79.446 2.297684963
79.448 2.295177316
79.45 2.292434995
79.452 2.289923207
79.454 2.287176756
79.456 2.284661174
79.458 2.28191078
79.46 2.279390999
79.462 2.276636258
79.464 2.274112047
79.466 2.271352851
79.468 2.268824161
79.47 2.266060126
79.472 2.263526457
79.474 2.260757492
79.476 2.258218955
79.478 2.255445171
79.48 2.252901728
79.482 2.250123053
79.484 2.247574613
79.486 2.244790879
79.488 2.242237339
79.49 2.239448506
79.492 2.236889814
79.494 2.234095778
79.496 2.231531636
79.498 2.228731907
79.5 2.226162056
79.502 2.223356653
79.504 2.220781098
79.506 2.217969936
79.508 2.215389246
79.51 2.212573013
79.512 2.209986848
79.514 2.207164856
79.516 2.204572711
79.518 2.201744712
79.52 2.199146462
79.522 2.19631234
79.524 2.193707973
79.526 2.190867774
79.528 2.188257311
79.53 2.185410988
79.532 2.182794482
79.534 2.179942118
79.536 2.177319556
79.538 2.174461118
79.54 2.171832524
79.542 2.168968096
79.544 2.166333507
79.546 2.163463077
79.548 2.16082246
79.55 2.157945991
79.552 2.155299323
79.554 2.152416739
79.556 2.149763888
79.558 2.146875122
79.56 2.144216103
79.562 2.141321181
79.564 2.138656016
79.566 2.135754936
79.568 2.133083609
79.57 2.13017637
79.572 2.127498901
79.574 2.124585536
79.576 2.121901961
79.578 2.11898246
79.58 2.116292769
79.582 2.113367166
79.584 2.110671372
79.586 2.10773954
79.588 2.105037421
79.59 2.102099315
79.592 2.099391014
79.594 2.096446784
79.596 2.093732413
79.598 2.09078216
79.6 2.088061815
79.602 2.085105635
79.604 2.082379412
79.606 2.079417401
79.608 2.076685396
79.61 2.073717627
79.612 2.070979907
79.614 2.068006468
79.616 2.065263137
79.618 2.06228395
79.62 2.059534677
79.622 2.056549552
79.624 2.053794463
79.626 2.05080363
79.628 2.048042918
79.63 2.04504652
79.632 2.042280315
79.634 2.039278479
79.636 2.036506899
79.638 2.033499749
79.64 2.030722918
79.642 2.027710574
79.644 2.024928636
79.646 2.021911251
79.648 2.019124335
79.65 2.016102019
79.652 2.01331023
79.654 2.010283048
79.656 2.007486422
79.658 2.004454391
79.66 2.001653074
79.662 1.99861653
79.664 1.995810816
79.666 1.992770057
79.668 1.98996026
79.67 1.98691548
79.672 1.984101665
79.674 1.981052859
79.676 1.978235054
79.678 1.97518232
79.68 1.972360649
79.682 1.969304096
79.684 1.966478658
79.686 1.963418332
79.688 1.960589143
79.69 1.957525124
79.692 1.954692306
79.694 1.9516247
79.696 1.948788137
79.698 1.945716394
79.7 1.942875624
79.702 1.939799816
79.704 1.936955054
79.706 1.933875341
79.708 1.931026761
79.71 1.927943307
79.712 1.925091054
79.714 1.922003987
79.716 1.91914815
79.718 1.916057568
79.72 1.913198378
79.722 1.910104555
79.724 1.907242165
79.726 1.904145194
79.728 1.901279753
79.73 1.898179801
79.732 1.895311467
79.734 1.8922087
79.736 1.889337639
79.738 1.886232283
79.74 1.883358753
79.742 1.88025095
79.744 1.877375022
79.746 1.874264921
79.748 1.871386802
79.75 1.868274606
79.752 1.865394485
79.754 1.862280372
79.756 1.859398128
79.758 1.856281692
79.76 1.85339717
79.762 1.850278555
79.764 1.84739193
79.766 1.844271254
79.768 1.84138262
79.77 1.838259922
79.772 1.83536923
79.774 1.832244417
79.776 1.82935159
79.778 1.826224601
79.78 1.823329538
79.782 1.820200253
79.784 1.817302848
79.786 1.814171159
79.788 1.811271293
79.79 1.808137023
79.792 1.805234512
79.794 1.802097574
79.796 1.799192373
79.798 1.796052682
79.8 1.793144647
79.802 1.79000206
79.804 1.787091084
79.806 1.783945097
79.808 1.781030376
79.81 1.777880511
79.812 1.774962015
79.814 1.771808555
79.816 1.768886487
79.818 1.765729326
79.82 1.76280329
79.822 1.759642154
79.824 1.756712194
79.826 1.753547176
79.828 1.750613338
79.83 1.747444464
79.832 1.74450677
79.834 1.741334143
79.836 1.738392616
79.838 1.735216013
79.84 1.732270553
79.842 1.729090051
79.844 1.726140665
79.846 1.722956283
79.848 1.720002995
79.85 1.716814565
79.852 1.713857258
79.854 1.710664852
79.856 1.707703502
79.858 1.704507041
79.86 1.701541601
79.862 1.698341026
79.864 1.695371478
79.866 1.692166799
79.868 1.689193144
79.87 1.685984368
79.872 1.683006642
79.874 1.679793806
79.876 1.676812103
79.878 1.67359538
79.88 1.670609808
79.882 1.667389238
79.884 1.664399856
79.886 1.661175487
79.888 1.658182054
79.89 1.654953649
79.892 1.651956299
79.894 1.648724107
79.896 1.645723031
79.898 1.642487097
79.9 1.639481742
79.902 1.636241068
79.904 1.633231392
79.906 1.629986842
79.908 1.626973592
79.91 1.623725638
79.912 1.620709161
79.914 1.617458116
79.916 1.614438893
79.918 1.611185126
79.92 1.608163238
79.922 1.60490679
79.924 1.601882279
79.926 1.598623235
79.928 1.5955962
79.93 1.592334694
79.932 1.589305234
79.934 1.586041517
79.936 1.583009842
79.938 1.579743971
79.94 1.576710117
79.942 1.573442228
79.944 1.570406392
79.946 1.567136557
79.948 1.564098788
79.95 1.560827062
79.952 1.557787552
79.954 1.554514073
79.956 1.551472873
79.958 1.548197004
79.96 1.54515348
79.962 1.541875407
79.964 1.538830037
79.966 1.535550798
79.968 1.532504293
79.97 1.529224187
79.972 1.526176928
79.974 1.52289625
79.976 1.519848513
79.978 1.516567876
79.98 1.513520486
79.982 1.510240296
79.984 1.507193495
79.986 1.503913943
79.988 1.500867809
79.99 1.497588959
79.992 1.494543586
79.994 1.491265537
79.996 1.488220999
79.998 1.484943754
80 1.481899884
