0.002 1.745686181e-06
0.004 3.071177512e-06
0.006 4.351751552e-06
0.008 5.801565312e-06
0.01 7.236563439e-06
0.012 8.673393653e-06
0.014 1.01652056e-05
0.016 1.165901895e-05
0.018 1.314863998e-05
0.02 1.462970118e-05
0.022 1.609655247e-05
0.024 1.754521749e-05
0.026 1.897095651e-05
0.028 2.03704413e-05
0.03 2.173996679e-05
0.032 2.30769982e-05
0.034 2.437887974e-05
0.036 2.564392167e-05
0.038 2.687046865e-05
0.04 2.805765705e-05
0.042 2.920474095e-05
0.044 3.031161378e-05
0.046 3.137831897e-05
0.048 3.240540703e-05
0.05 3.339357544e-05
0.052 3.434391044e-05
0.054 3.525762127e-05
0.056 3.613620137e-05
0.058 3.698123086e-05
0.06 3.799828937e-05
0.062 3.905932692e-05
0.064 4.010176755e-05
0.066 4.11251272e-05
0.068 4.212892662e-05
0.07 4.311269131e-05
0.072 4.407606141e-05
0.074 4.50189429e-05
0.076 4.594044138e-05
0.078 4.684010663e-05
0.08 4.771749592e-05
0.082 4.857217436e-05
0.084 4.940371562e-05
0.086 5.021170242e-05
0.088 5.099572723e-05
0.09 5.175539281e-05
0.092 5.249031285e-05
0.094 5.320011263e-05
0.096 5.388442962e-05
0.098 5.45429141e-05
0.1 5.517522988e-05
0.102 5.578105478e-05
0.104 5.636008145e-05
0.106 5.691202241e-05
0.108 5.743659252e-05
0.11 5.793353665e-05
0.112 5.840261259e-05
0.114 5.884359568e-05
0.116 5.925627955e-05
0.118 5.964047678e-05
0.12 5.999601908e-05
0.122 6.03236118e-05
0.124 6.062216358e-05
0.126 6.089140552e-05
0.128 6.113121728e-05
0.13 6.134149871e-05
0.132 6.152217016e-05
0.134 6.167317299e-05
0.136 6.179533754e-05
0.138 6.188882616e-05
0.14 6.195313454e-05
0.142 6.213174809e-05
0.144 6.253311896e-05
0.146 6.291702107e-05
0.148 6.32832094e-05
0.15 6.363141595e-05
0.152 6.396135147e-05
0.154 6.427270798e-05
0.156 6.456516227e-05
0.158 6.483837759e-05
0.16 6.509200568e-05
0.162 6.532569258e-05
0.164 6.553908786e-05
0.166 6.573181799e-05
0.168 6.590352757e-05
0.17 6.605385821e-05
0.172 6.618245847e-05
0.174 6.628898772e-05
0.176 6.637311624e-05
0.178 6.643452816e-05
0.18 6.647292347e-05
0.182 6.64880205e-05
0.184 6.64795573e-05
0.186 6.644729365e-05
0.188 6.639101231e-05
0.19 6.631052081e-05
0.192 6.620565143e-05
0.194 6.607626345e-05
0.196 6.59222373e-05
0.198 6.574316951e-05
0.2 6.553944349e-05
0.202 6.5310906e-05
0.204 6.50575662e-05
0.206 6.477944562e-05
0.208 6.447660074e-05
0.21 6.414911156e-05
0.212 6.379708542e-05
0.214 6.342065494e-05
0.216 6.301997703e-05
0.218 6.259523268e-05
0.22 6.214662383e-05
0.222 6.167437792e-05
0.224 6.162456678e-05
0.226 6.224192197e-05
0.228 6.284266127e-05
0.23 6.342979668e-05
0.232 6.401283947e-05
0.234 6.459354806e-05
0.236 6.515986364e-05
0.238 6.570114257e-05
0.24 6.622216723e-05
0.242 6.672199361e-05
0.244 6.72054416e-05
0.246 6.766105677e-05
0.248 6.809954905e-05
0.25 6.850887709e-05
0.252 6.889476053e-05
0.254 6.925612073e-05
0.256 6.959843314e-05
0.258 6.990946023e-05
0.26 7.020157777e-05
0.262 7.046255115e-05
0.264 7.069758995e-05
0.266 7.091161212e-05
0.268 7.109261703e-05
0.27 7.125248731e-05
0.272 7.137837352e-05
0.274 7.147673803e-05
0.276 7.155295171e-05
0.278 7.15944812e-05
0.28 7.161398322e-05
0.282 7.160002914e-05
0.284 7.158869316e-05
0.286 7.154358872e-05
0.288 7.147018566e-05
0.29 7.13743663e-05
0.292 7.124413891e-05
0.294 7.109138108e-05
0.296 7.090408476e-05
0.298 7.069427414e-05
0.3 7.044991461e-05
0.302 7.018321527e-05
0.304 6.988207083e-05
0.306 6.956255649e-05
0.308 6.92097213e-05
0.31 6.883552228e-05
0.312 6.842790115e-05
0.314 6.79995103e-05
0.316 6.753818932e-05
0.318 6.70568193e-05
0.32 6.679589157e-05
0.322 6.695014699e-05
0.324 6.709498252e-05
0.326 6.7234759e-05
0.328 6.736694623e-05
0.33 6.748850684e-05
0.332 6.760428854e-05
0.334 6.770886247e-05
0.336 6.780691062e-05
0.338 6.789309884e-05
0.34 6.797203248e-05
0.342 6.803839626e-05
0.344 6.809678379e-05
0.346 6.814446576e-05
0.348 6.817823336e-05
0.35 6.820315229e-05
0.352 6.821351217e-05
0.354 6.821421497e-05
0.356 6.819971366e-05
0.358 6.817479654e-05
0.36 6.813667495e-05
0.362 6.808204147e-05
0.364 6.801614905e-05
0.366 6.793320404e-05
0.368 6.783824499e-05
0.37 6.772838418e-05
0.372 6.760034054e-05
0.374 6.745946868e-05
0.376 6.730271697e-05
0.378 6.712690357e-05
0.38 6.693738963e-05
0.382 6.672837292e-05
0.384 6.650503644e-05
0.386 6.626454153e-05
0.388 6.600355397e-05
0.39 6.572766558e-05
0.392 6.543096304e-05
0.394 6.511880087e-05
0.396 6.478830986e-05
0.398 6.443905857e-05
0.4 6.406814978e-05
0.402 6.368098811e-05
0.404 6.327186182e-05
0.406 6.284609182e-05
0.408 6.240094668e-05
0.41 6.193304157e-05
0.412 6.14482414e-05
0.414 6.094348296e-05
0.416 6.041561697e-05
0.418 5.987040288e-05
0.42 5.930198072e-05
0.422 5.871588672e-05
0.424 5.810939908e-05
0.426 5.748208823e-05
0.428 5.683114741e-05
0.43 5.616220772e-05
0.432 5.546958301e-05
0.434 5.475878016e-05
0.436 5.402720136e-05
0.438 5.327440846e-05
0.44 5.249767496e-05
0.442 5.170269042e-05
0.444 5.088383372e-05
0.446 5.004666647e-05
0.448 4.918872202e-05
0.45 4.830655221e-05
0.452 4.7406438e-05
0.454 4.648546013e-05
0.456 4.55405735e-05
0.458 4.45778653e-05
0.46 4.3594639e-05
0.462 4.29735924e-05
0.464 4.243833083e-05
0.466 4.188720152e-05
0.468 4.132127813e-05
0.47 4.073855299e-05
0.472 4.014020721e-05
0.474 3.9527361e-05
0.476 3.924313503e-05
0.478 3.923806242e-05
0.48 3.922358358e-05
0.482 3.917583326e-05
0.484 3.912116186e-05
0.486 3.903411411e-05
0.488 3.892996858e-05
0.49 3.880791272e-05
0.492 3.868068077e-05
0.494 3.852368967e-05
0.496 3.836383356e-05
0.498 3.8190602e-05
0.5 3.825030919e-05
0.502 3.839033958e-05
0.504 3.851984061e-05
0.506 3.862794335e-05
0.508 3.872499631e-05
0.51 3.880050156e-05
0.512 3.885901335e-05
0.514 3.890763463e-05
0.516 3.893698885e-05
0.518 3.894957423e-05
0.52 3.895156734e-05
0.522 3.893196027e-05
0.524 3.890154769e-05
0.526 3.884997301e-05
0.528 3.878206355e-05
0.53 3.870951315e-05
0.532 3.864493529e-05
0.534 3.856114235e-05
0.536 3.846877111e-05
0.538 3.853646785e-05
0.54 3.872643569e-05
0.542 3.890713995e-05
0.544 3.908167756e-05
0.546 3.925014143e-05
0.548 3.941557663e-05
0.55 3.957113385e-05
0.552 3.972346035e-05
0.554 3.986565482e-05
0.556 4.02379446e-05
0.558 4.065486868e-05
0.56 4.106267294e-05
0.562 4.148414922e-05
0.564 4.193486117e-05
0.566 4.23743489e-05
0.568 4.28051966e-05
0.57 4.324075889e-05
0.572 4.371333429e-05
0.574 4.417159681e-05
0.576 4.462001289e-05
0.578 4.513575024e-05
0.58 4.612160769e-05
0.582 4.709603342e-05
0.584 4.805735829e-05
0.586 4.900898779e-05
0.588 4.994713367e-05
0.59 5.086074887e-05
0.592 5.220447499e-05
0.594 5.352504602e-05
0.596 5.482896474e-05
0.598 5.610732893e-05
0.6 5.736416479e-05
0.602 5.860119289e-05
0.604 5.981074649e-05
0.606 6.099964431e-05
0.608 6.215930304e-05
0.61 6.329304213e-05
0.612 6.440312526e-05
0.614 6.548239565e-05
0.616 6.653767914e-05
0.618 6.756034087e-05
0.62 6.855796776e-05
0.622 6.952163069e-05
0.624 7.045564587e-05
0.626 7.136198729e-05
0.628 7.223306718e-05
0.63 7.307607871e-05
0.632 7.388250446e-05
0.634 7.466010059e-05
0.636 7.540008006e-05
0.638 7.610695469e-05
0.64 7.678291478e-05
0.642 7.742044912e-05
0.644 7.802703354e-05
0.646 7.859423036e-05
0.648 7.913007606e-05
0.65 7.962587314e-05
0.652 8.008637996e-05
0.654 8.051399964e-05
0.656 8.090135223e-05
0.658 8.125617783e-05
0.66 8.157015627e-05
0.662 8.185160927e-05
0.664 8.209195007e-05
0.666 8.229979194e-05
0.668 8.246643043e-05
0.67 8.259704321e-05
0.672 8.269425003e-05
0.674 8.275090885e-05
0.676 8.277505568e-05
0.678 8.275859142e-05
0.68 8.271013172e-05
0.682 8.262130435e-05
0.684 8.250100926e-05
0.686 8.234076608e-05
0.688 8.214602868e-05
0.69 8.191969704e-05
0.692 8.165480941e-05
0.694 8.135971804e-05
0.696 8.102651021e-05
0.698 8.066410437e-05
0.7 8.026430064e-05
0.702 7.983628416e-05
0.704 7.937174778e-05
0.706 7.888003365e-05
0.708 7.835279076e-05
0.71 7.779946859e-05
0.712 7.721170084e-05
0.714 7.659537556e-05
0.716 7.595363e-05
0.718 7.527981396e-05
0.72 7.458253131e-05
0.722 7.385413896e-05
0.724 7.310377462e-05
0.726 7.232360084e-05
0.728 7.152289895e-05
0.73 7.069374285e-05
0.732 6.984556213e-05
0.734 6.897035328e-05
0.736 6.807761478e-05
0.738 6.71593294e-05
0.74 6.622501753e-05
0.742 6.526670986e-05
0.744 6.429397168e-05
0.746 6.329878243e-05
0.748 6.228716041e-05
0.75 6.1262386e-05
0.752 6.022176872e-05
0.754 5.916250721e-05
0.756 5.808972099e-05
0.758 5.70072108e-05
0.76 5.590837982e-05
0.762 5.480199772e-05
0.764 5.368424498e-05
0.766 5.25530085e-05
0.768 5.141295611e-05
0.77 5.02681614e-05
0.772 4.91118218e-05
0.774 4.795283453e-05
0.776 4.678368622e-05
0.778 4.561360951e-05
0.78 4.443487803e-05
0.782 4.325683994e-05
0.784 4.207166538e-05
0.786 4.088872474e-05
0.788 3.970015905e-05
0.79 3.851534485e-05
0.792 3.732638027e-05
0.794 3.70476249e-05
0.796 3.70145768e-05
0.798 3.697438226e-05
0.8 3.691562827e-05
0.802 3.684991715e-05
0.804 3.677172551e-05
0.806 3.667514425e-05
0.808 3.656618481e-05
0.81 3.645059822e-05
0.812 3.63230633e-05
0.814 3.617765986e-05
0.816 3.602626459e-05
0.818 3.585716044e-05
0.82 3.568241972e-05
0.822 3.549026825e-05
0.824 3.529276229e-05
0.826 3.507818679e-05
0.828 3.485853848e-05
0.83 3.462216267e-05
0.832 3.438100723e-05
0.834 3.412346004e-05
0.836 3.386143753e-05
0.838 3.358335106e-05
0.84 3.330110088e-05
0.842 3.300899122e-05
0.844 3.270129818e-05
0.846 3.238997247e-05
0.848 3.206315652e-05
0.85 3.173313468e-05
0.852 3.138792343e-05
0.854 3.103979811e-05
0.856 3.067683541e-05
0.858 3.031123039e-05
0.86 2.993110768e-05
0.862 2.95486138e-05
0.864 2.915780851e-05
0.866 2.875309349e-05
0.868 2.834638544e-05
0.87 2.792575006e-05
0.872 2.750354616e-05
0.874 2.706923157e-05
0.876 2.670233607e-05
0.878 2.632633554e-05
0.88 2.594392541e-05
0.882 2.554890894e-05
0.884 2.514657038e-05
0.886 2.473204925e-05
0.888 2.431067433e-05
0.89 2.388057728e-05
0.892 2.345752378e-05
0.894 2.302306496e-05
0.896 2.257998459e-05
0.898 2.213086339e-05
0.9 2.167113343e-05
0.902 2.120746579e-05
0.904 2.073493077e-05
0.906 2.025508517e-05
0.908 1.977052815e-05
0.91 1.927674918e-05
0.912 1.879632727e-05
0.914 1.830801871e-05
0.916 1.856528854e-05
0.918 1.88963209e-05
0.92 1.921102411e-05
0.922 1.951371123e-05
0.924 1.979744635e-05
0.926 2.006932211e-05
0.928 2.032301751e-05
0.93 2.056179076e-05
0.932 2.078986847e-05
0.934 2.100047517e-05
0.936 2.120069972e-05
0.938 2.138433258e-05
0.94 2.155811003e-05
0.942 2.171609599e-05
0.944 2.186144578e-05
0.946 2.199850368e-05
0.948 2.212057323e-05
0.95 2.223485587e-05
0.952 2.233515027e-05
0.954 2.242484416e-05
0.956 2.250828233e-05
0.958 2.257879128e-05
0.96 2.264357634e-05
0.962 2.26965035e-05
0.964 2.27409688e-05
0.966 2.278138531e-05
0.968 2.281106035e-05
0.97 2.283727274e-05
0.972 2.285386454e-05
0.974 2.286428529e-05
0.976 2.287296773e-05
0.978 2.287320488e-05
0.98 2.28723251e-05
0.982 2.286413793e-05
0.984 2.285213002e-05
0.986 2.284075856e-05
0.988 2.282326662e-05
0.99 2.33963146e-05
0.992 2.398888778e-05
0.994 2.457444259e-05
0.996 2.516317526e-05
0.998 2.573276331e-05
1 2.630689775e-05
1.002 2.685910883e-05
1.004 2.741488081e-05
1.006 2.794804481e-05
1.008 2.84724427e-05
1.01 2.900290867e-05
1.012 2.951293872e-05
1.014 3.002703473e-05
1.016 3.051460178e-05
1.018 3.099247665e-05
1.02 3.147253069e-05
1.022 3.192586074e-05
1.024 3.238250693e-05
1.026 3.281175479e-05
1.028 3.323060125e-05
1.03 3.365109925e-05
1.032 3.404418718e-05
1.034 3.444020047e-05
1.036 3.480825943e-05
1.038 3.517944096e-05
1.04 3.552252389e-05
1.042 3.585484896e-05
1.044 3.618868966e-05
1.046 3.649471271e-05
1.048 3.680372348e-05
1.05 3.708453216e-05
1.052 3.736871487e-05
1.054 3.76247164e-05
1.056 3.787019318e-05
1.058 3.811770209e-05
1.06 3.833755597e-05
1.062 3.856110847e-05
1.064 3.875677652e-05
1.066 3.895670772e-05
1.068 3.912892625e-05
1.07 3.929143948e-05
1.072 3.945710728e-05
1.074 3.959580543e-05
1.076 3.973949906e-05
1.078 3.985612244e-05
1.08 3.997845783e-05
1.082 4.007681261e-05
1.084 4.017129123e-05
1.086 4.02685863e-05
1.088 4.034305054e-05
1.09 4.04218725e-05
1.092 4.04776792e-05
1.094 4.053873669e-05
1.096 4.057699189e-05
1.098 4.062122751e-05
1.1 4.064488887e-05
1.102 4.066172855e-05
1.104 4.074253023e-05
1.106 4.089294178e-05
1.108 4.103319532e-05
1.11 4.116574967e-05
1.112 4.128864427e-05
1.114 4.14039743e-05
1.116 4.150997088e-05
1.118 4.160863405e-05
1.12 4.169824608e-05
1.122 4.1780793e-05
1.124 4.185645091e-05
1.126 4.192215854e-05
1.128 4.198182364e-05
1.13 4.203273274e-05
1.132 4.207748907e-05
1.134 4.211405949e-05
1.136 4.214466701e-05
1.138 4.216747202e-05
1.14 4.218459488e-05
1.142 4.21942439e-05
1.144 4.219852057e-05
1.146 4.219563667e-05
1.148 4.218770044e-05
1.15 4.217292648e-05
1.152 4.215339485e-05
1.154 4.212933523e-05
1.156 4.20975136e-05
1.158 4.209561201e-05
1.16 4.256732891e-05
1.162 4.303709363e-05
1.164 4.3509365e-05
1.166 4.397410869e-05
1.168 4.444045316e-05
1.17 4.489852969e-05
1.172 4.535733944e-05
1.174 4.580711385e-05
1.176 4.625680473e-05
1.178 4.669668179e-05
1.18 4.713569688e-05
1.182 4.756412452e-05
1.184 4.799094545e-05
1.186 4.8406421e-05
1.188 4.881957842e-05
1.19 4.922065506e-05
1.192 4.96187333e-05
1.194 5.000402401e-05
1.196 5.038567249e-05
1.198 5.075385971e-05
1.2 5.111779749e-05
1.202 5.146763651e-05
1.204 5.181265938e-05
1.206 5.214298517e-05
1.208 5.246796994e-05
1.21 5.277770125e-05
1.212 5.30816108e-05
1.214 5.336975446e-05
1.216 5.365164128e-05
1.218 5.391729613e-05
1.22 5.417630633e-05
1.222 5.441866594e-05
1.224 5.465404185e-05
1.226 5.487239744e-05
1.228 5.508348016e-05
1.23 5.527722254e-05
1.232 5.546345311e-05
1.234 5.563207367e-05
1.236 5.579299429e-05
1.238 5.593608482e-05
1.24 5.607133854e-05
1.242 5.618859496e-05
1.244 5.629792791e-05
1.246 5.638914568e-05
1.248 5.647240391e-05
1.25 5.653747894e-05
1.252 5.659460837e-05
1.254 5.663353567e-05
1.256 5.666458001e-05
1.258 5.667745136e-05
1.26 5.668258803e-05
1.262 5.666961268e-05
1.264 5.66490194e-05
1.266 5.661044829e-05
1.268 5.656446018e-05
1.27 5.650065875e-05
1.272 5.642968405e-05
1.274 5.634110198e-05
1.276 5.624563143e-05
1.278 5.613279982e-05
1.28 5.601340296e-05
1.282 5.587692849e-05
1.284 5.573424957e-05
1.286 5.557481149e-05
1.288 5.540956182e-05
1.29 5.522790359e-05
1.292 5.50408585e-05
1.294 5.483778514e-05
1.296 5.462977809e-05
1.298 5.44061498e-05
1.3 5.417806736e-05
1.302 5.393479493e-05
1.304 5.368756986e-05
1.306 5.342560767e-05
1.308 5.316021476e-05
1.31 5.288055634e-05
1.312 5.259800605e-05
1.314 5.230167627e-05
1.316 5.200300797e-05
1.318 5.169102901e-05
1.32 5.137729144e-05
1.322 5.105685974e-05
1.324 5.072310061e-05
1.326 5.038291239e-05
1.328 5.004250981e-05
1.33 4.969622673e-05
1.332 4.933785193e-05
1.334 4.910713427e-05
1.336 4.895644114e-05
1.338 4.880031689e-05
1.34 4.863677765e-05
1.342 4.847008371e-05
1.344 4.829631217e-05
1.346 4.811968017e-05
1.348 4.793625381e-05
1.35 4.775027243e-05
1.352 4.755777907e-05
1.354 4.736303648e-05
1.356 4.716206174e-05
1.358 4.695914035e-05
1.36 4.67502632e-05
1.362 4.653973881e-05
1.364 4.632353332e-05
1.366 4.610597503e-05
1.368 4.588300469e-05
1.37 4.565897106e-05
1.372 4.5429789e-05
1.374 4.519982728e-05
1.376 4.496497438e-05
1.378 4.472961878e-05
1.38 4.449180866e-05
1.382 4.424940669e-05
1.384 4.400470487e-05
1.386 4.37600919e-05
1.388 4.351352012e-05
1.39 4.326282731e-05
1.392 4.301254447e-05
1.394 4.275842347e-05
1.396 4.250493953e-05
1.398 4.224783569e-05
1.4 4.199160132e-05
1.402 4.173195296e-05
1.404 4.147336718e-05
1.406 4.121157526e-05
1.408 4.095108741e-05
1.41 4.068756849e-05
1.412 4.065831979e-05
1.414 4.077921399e-05
1.416 4.088908322e-05
1.418 4.100129988e-05
1.42 4.110244626e-05
1.422 4.120595321e-05
1.424 4.129834858e-05
1.426 4.138598277e-05
1.428 4.147681122e-05
1.43 4.156305944e-05
1.432 4.163782503e-05
1.434 4.170809679e-05
1.436 4.178143036e-05
1.438 4.184306635e-05
1.44 4.19076099e-05
1.442 4.196065099e-05
1.444 4.201648826e-05
1.446 4.206094699e-05
1.448 4.210818205e-05
1.45 4.214411105e-05
1.452 4.218284487e-05
1.454 4.221032212e-05
1.456 4.224065942e-05
1.458 4.225978042e-05
1.46 4.228183284e-05
1.462 4.229270707e-05
1.464 4.229911512e-05
1.466 4.230939693e-05
1.468 4.231539378e-05
1.47 4.230999159e-05
1.472 4.230052757e-05
1.474 4.229492231e-05
1.476 4.227778079e-05
1.478 4.226439343e-05
1.48 4.223973523e-05
1.482 4.221876495e-05
1.484 4.218671048e-05
1.486 4.215837454e-05
1.488 4.21190833e-05
1.49 4.208358642e-05
1.492 4.203723702e-05
1.494 4.19947828e-05
1.496 4.194156674e-05
1.498 4.188459389e-05
1.5 4.183252851e-05
1.502 4.177692881e-05
1.504 4.171042072e-05
1.506 4.164063828e-05
1.508 4.157581116e-05
1.51 4.149998951e-05
1.512 4.142903556e-05
1.514 4.134739336e-05
1.516 4.127057559e-05
1.518 4.118328942e-05
1.52 4.110087701e-05
1.522 4.100815497e-05
1.524 4.092040342e-05
1.526 4.082247039e-05
1.528 4.072962804e-05
1.53 4.062671748e-05
1.532 4.052903006e-05
1.534 4.042137958e-05
1.536 4.031101644e-05
1.538 4.020698831e-05
1.54 4.010050574e-05
1.542 3.99839278e-05
1.544 3.986517382e-05
1.546 3.975281531e-05
1.548 3.96302803e-05
1.55 3.951404631e-05
1.552 3.93879676e-05
1.554 3.92681453e-05
1.556 3.913871489e-05
1.558 3.901559189e-05
1.56 3.888138272e-05
1.562 3.875409153e-05
1.564 3.8617707e-05
1.566 3.848790909e-05
1.568 3.834908694e-05
1.57 3.821702455e-05
1.572 3.807601645e-05
1.574 3.793353315e-05
1.576 3.779896898e-05
1.578 3.766320241e-05
1.58 3.751825113e-05
1.582 3.737235107e-05
1.584 3.723436196e-05
1.586 3.708709215e-05
1.588 3.694759342e-05
1.59 3.679913069e-05
1.592 3.665835724e-05
1.594 3.650883532e-05
1.596 3.636702272e-05
1.598 3.621660852e-05
1.6 3.607397518e-05
1.602 3.592285252e-05
1.604 3.586969427e-05
1.606 3.581192007e-05
1.608 3.57776855e-05
1.61 3.570884226e-05
1.612 3.566366655e-05
1.614 3.558379817e-05
1.616 3.56370451e-05
1.618 3.570186677e-05
1.62 3.576573905e-05
1.622 3.581677576e-05
1.624 3.586688297e-05
1.626 3.590414582e-05
1.628 3.593476308e-05
1.63 3.596448173e-05
1.632 3.598708197e-05
1.634 3.599695336e-05
1.636 3.600030592e-05
1.638 3.600291909e-05
1.64 3.599859006e-05
1.642 3.598165487e-05
1.644 3.595852529e-05
1.646 3.59353099e-05
1.648 3.589954749e-05
1.65 3.586356505e-05
1.652 3.581515237e-05
1.654 3.576668186e-05
1.656 3.570594207e-05
1.658 3.564532864e-05
1.66 3.557262102e-05
1.662 3.550024427e-05
1.664 3.541596171e-05
1.666 3.533223257e-05
1.668 3.523679861e-05
1.67 3.51459703e-05
1.672 3.504385905e-05
1.674 3.494277899e-05
1.676 3.483036438e-05
1.678 3.471923416e-05
1.68 3.45969757e-05
1.682 3.447626579e-05
1.684 3.434464767e-05
1.686 3.421485294e-05
1.688 3.407438183e-05
1.69 3.393601855e-05
1.692 3.378722145e-05
1.694 3.364124903e-05
1.696 3.348528252e-05
1.698 3.33319092e-05
1.7 3.316868511e-05
1.702 3.300835894e-05
1.704 3.283844714e-05
1.706 3.26717446e-05
1.708 3.249572764e-05
1.71 3.232323581e-05
1.712 3.214170426e-05
1.714 3.196401792e-05
1.716 3.177756997e-05
1.718 3.159528924e-05
1.72 3.141118327e-05
1.722 3.123152151e-05
1.724 3.1043668e-05
1.726 3.085990923e-05
1.728 3.06688226e-05
1.73 3.048210946e-05
1.732 3.029327407e-05
1.734 3.011742457e-05
1.736 3.010892284e-05
1.738 3.011787211e-05
1.74 3.01200977e-05
1.742 3.012723735e-05
1.744 3.012764199e-05
1.746 3.013298237e-05
1.748 3.013157777e-05
1.75 3.013513146e-05
1.752 3.013193082e-05
1.754 3.014987871e-05
1.756 3.019003371e-05
1.758 3.022682239e-05
1.76 3.026395399e-05
1.762 3.029765805e-05
1.764 3.033165582e-05
1.766 3.036216977e-05
1.768 3.039293355e-05
1.77 3.042016259e-05
1.772 3.044760316e-05
1.774 3.047146376e-05
1.776 3.049550363e-05
1.778 3.051579102e-05
1.78 3.053637897e-05
1.782 3.055326048e-05
1.784 3.057029962e-05
1.786 3.058363766e-05
1.788 3.059709679e-05
1.79 3.060684673e-05
1.792 3.061670837e-05
1.794 3.062285412e-05
1.796 3.062911448e-05
1.798 3.063165762e-05
1.8 3.063432683e-05
1.802 3.063328409e-05
1.804 3.063238599e-05
1.806 3.062778803e-05
1.808 3.062336062e-05
1.81 3.061525251e-05
1.812 3.060734835e-05
1.814 3.059579002e-05
1.816 3.058447629e-05
1.818 3.056954256e-05
1.82 3.055490209e-05
1.822 3.053668296e-05
1.824 3.051881328e-05
1.826 3.049741431e-05
1.828 3.047642875e-05
1.83 3.045201932e-05
1.832 3.042363504e-05
1.834 3.039917514e-05
1.836 3.065674832e-05
1.838 3.034363163e-05
1.84 3.037977093e-05
1.842 3.028183815e-05
1.844 3.024553307e-05
1.846 3.021323824e-05
1.848 3.105677169e-05
1.85 3.014293352e-05
1.852 3.013487827e-05
1.854 3.006593229e-05
1.856 3.140393551e-05
1.858 2.998788525e-05
1.86 3.070598152e-05
1.862 3.024793524e-05
1.864 3.05089377e-05
1.866 3.132535027e-05
1.868 3.055432394e-05
1.87 3.175880511e-05
1.872 3.080637754e-05
1.874 3.197856598e-05
1.876 3.116093413e-05
1.878 3.213462007e-05
1.88 3.155768306e-05
1.882 3.228399748e-05
1.884 3.196705684e-05
1.886 3.245048834e-05
1.888 3.237486109e-05
1.89 3.264479792e-05
1.892 3.277424842e-05
1.894 3.28718489e-05
1.896 3.316211102e-05
1.898 3.31335892e-05
1.9 3.353750718e-05
1.902 3.343015323e-05
1.904 3.390096579e-05
1.906 3.376038762e-05
1.908 3.425402247e-05
1.91 3.412219807e-05
1.912 3.45990388e-05
1.914 3.451276463e-05
1.916 3.493895172e-05
1.918 3.492875454e-05
1.92 3.527707585e-05
1.922 3.536651784e-05
1.924 3.561691304e-05
1.926 3.582227165e-05
1.928 3.596197352e-05
1.93 3.629226957e-05
1.932 3.631561611e-05
1.934 3.696112423e-05
1.936 3.625681062e-05
1.938 3.808942834e-05
1.94 3.682785661e-05
1.942 3.811979514e-05
1.944 3.768140236e-05
1.946 3.809770538e-05
1.948 3.852244567e-05
1.95 3.945760821e-05
1.952 3.935007328e-05
1.954 3.975279657e-05
1.956 4.01633532e-05
1.958 4.055880203e-05
1.96 4.096148858e-05
1.962 4.134917978e-05
1.964 4.174369561e-05
1.966 4.212319633e-05
1.968 4.25092515e-05
1.97 4.288019992e-05
1.972 4.32575147e-05
1.974 4.361960181e-05
1.976 4.398791155e-05
1.978 4.434086694e-05
1.98 4.469993544e-05
1.982 4.504352665e-05
1.984 4.539314793e-05
1.986 4.572717843e-05
1.988 4.60671789e-05
1.99 4.639148841e-05
1.992 4.672172886e-05
1.994 4.70361915e-05
1.996 4.735656673e-05
1.998 4.766109274e-05
2 4.797153227e-05
2.002 4.826606721e-05
2.004 4.856653562e-05
2.006 4.885105982e-05
2.008 4.914155571e-05
2.01 4.941608354e-05
2.012 4.969663921e-05
2.014 4.996121846e-05
2.016 5.023189883e-05
2.018 5.048660959e-05
2.02 5.074751153e-05
2.022 5.099246509e-05
2.024 5.124371561e-05
2.026 5.147905336e-05
2.028 5.170884817e-05
2.03 5.194668132e-05
2.032 5.217948806e-05
2.034 5.239582281e-05
2.036 5.261937494e-05
2.038 5.282679423e-05
2.04 5.302926979e-05
2.042 5.324007394e-05
2.044 5.344636019e-05
2.046 5.363631006e-05
2.048 5.382189576e-05
2.05 5.40159306e-05
2.052 5.419370991e-05
2.054 5.437963914e-05
2.056 5.456207716e-05
2.058 5.47280696e-05
2.06 5.489048441e-05
2.062 5.506177319e-05
2.064 5.521732469e-05
2.066 5.538157138e-05
2.068 5.55305289e-05
2.07 5.584255813e-05
2.072 5.5830824e-05
2.074 5.638827212e-05
2.076 5.611897898e-05
2.078 5.685166164e-05
2.08 5.639577585e-05
2.082 5.729109515e-05
2.084 5.666200278e-05
2.086 5.773110475e-05
2.088 5.691845203e-05
2.09 5.818296813e-05
2.092 5.740752373e-05
2.094 5.865206635e-05
2.096 5.800389437e-05
2.098 5.914068132e-05
2.1 5.856823847e-05
2.102 5.964910781e-05
2.104 5.910034531e-05
2.106 6.017618291e-05
2.108 5.960129752e-05
2.11 6.071961416e-05
2.112 6.007321924e-05
2.114 6.127622411e-05
2.116 6.051903983e-05
2.118 6.184217837e-05
2.12 6.094226969e-05
2.122 6.241320889e-05
2.124 6.134678148e-05
2.126 6.298482958e-05
2.128 6.173659999e-05
2.13 6.355254029e-05
2.132 6.211570744e-05
2.134 6.411201254e-05
2.136 6.248787013e-05
2.138 6.465925295e-05
2.14 6.285646694e-05
2.142 6.519072947e-05
2.144 6.322444616e-05
2.146 6.570347976e-05
2.148 6.359416768e-05
2.15 6.619517427e-05
2.152 6.396737304e-05
2.154 6.666415486e-05
2.156 6.434517041e-05
2.158 6.710943674e-05
2.16 6.472804401e-05
2.162 6.753068389e-05
2.164 6.511588793e-05
2.166 6.792816206e-05
2.168 6.550807163e-05
2.17 6.830266746e-05
2.172 6.590351325e-05
2.174 6.86554429e-05
2.176 6.630076848e-05
2.178 6.898808387e-05
2.18 6.669812855e-05
2.182 6.930243877e-05
2.184 6.709371904e-05
2.186 6.960050869e-05
2.188 6.748559501e-05
2.19 6.988435477e-05
2.192 6.787183176e-05
2.194 7.01560114e-05
2.196 6.82506146e-05
2.198 7.041739954e-05
2.2 6.862030969e-05
2.202 7.067026333e-05
2.204 6.897950636e-05
2.206 7.09161344e-05
2.208 6.93270647e-05
2.21 7.115629188e-05
2.212 6.96621399e-05
2.214 7.139173699e-05
2.216 6.998419293e-05
2.218 7.162319674e-05
2.22 7.02929866e-05
2.222 7.185112413e-05
2.224 7.058857241e-05
2.226 7.207572621e-05
2.228 7.087126521e-05
2.23 7.229698553e-05
2.232 7.114160305e-05
2.234 7.251469394e-05
2.236 7.140031554e-05
2.238 7.272849663e-05
2.24 7.164827966e-05
2.242 7.293793181e-05
2.244 7.188647381e-05
2.246 7.31424756e-05
2.248 7.211593458e-05
2.25 7.334158527e-05
2.252 7.233771034e-05
2.254 7.35347356e-05
2.256 7.255282777e-05
2.258 7.372145123e-05
2.26 7.276225659e-05
2.262 7.390133675e-05
2.264 7.296688507e-05
2.266 7.40740977e-05
2.268 7.316750124e-05
2.27 7.423955363e-05
2.272 7.336477909e-05
2.274 7.439765764e-05
2.276 7.355926639e-05
2.278 7.454846876e-05
2.28 7.375139573e-05
2.282 7.469216859e-05
2.284 7.394148573e-05
2.286 7.482906503e-05
2.288 7.412974076e-05
2.29 7.495956677e-05
2.292 7.43162693e-05
2.294 7.508416602e-05
2.296 7.450111893e-05
2.298 7.520340207e-05
2.3 7.468423109e-05
2.302 7.531790493e-05
2.304 7.486552583e-05
2.306 7.542831087e-05
2.308 7.504489216e-05
2.31 7.553526645e-05
2.312 7.522220241e-05
2.314 7.563941052e-05
2.316 7.539733326e-05
2.318 7.574136092e-05
2.32 7.557017643e-05
2.322 7.584170244e-05
2.324 7.57406437e-05
2.326 7.594098017e-05
2.328 7.590868746e-05
2.33 7.603969055e-05
2.332 7.607430012e-05
2.334 7.613911925e-05
2.336 7.62508746e-05
2.338 7.635399385e-05
2.34 7.645944502e-05
2.342 7.655616328e-05
2.344 7.665516989e-05
2.346 7.674535458e-05
2.348 7.6837792e-05
2.35 7.692132664e-05
2.352 7.700708663e-05
2.354 7.70838714e-05
2.356 7.716286269e-05
2.358 7.72328149e-05
2.36 7.730496351e-05
2.362 7.736801799e-05
2.364 7.74332676e-05
2.366 7.748937683e-05
2.368 7.754768902e-05
2.37 7.759682377e-05
2.372 7.764817864e-05
2.374 7.76903285e-05
2.376 7.776514467e-05
2.378 7.77698984e-05
2.38 7.791146872e-05
2.382 7.783559921e-05
2.384 7.805733294e-05
2.386 7.788934088e-05
2.388 7.820287234e-05
2.39 7.794371013e-05
2.392 7.83482018e-05
2.394 7.79847681e-05
2.396 7.84934403e-05
2.398 7.801269985e-05
2.4 7.86386421e-05
2.402 7.802772532e-05
2.404 7.878386855e-05
2.406 7.814635554e-05
2.408 7.892916896e-05
2.41 7.951318917e-05
2.412 7.934063471e-05
2.414 7.915101873e-05
2.416 7.921988491e-05
2.418 7.876494789e-05
2.42 7.936563336e-05
2.422 7.868880066e-05
2.424 7.95115974e-05
2.426 7.88310348e-05
2.428 7.965780355e-05
2.43 7.897597829e-05
2.432 7.980428553e-05
2.434 7.91236183e-05
2.436 7.995108443e-05
2.438 7.927392266e-05
2.44 8.009824918e-05
2.442 7.942684052e-05
2.444 8.024583677e-05
2.446 7.958230292e-05
2.448 8.03939121e-05
2.45 7.974044029e-05
2.452 8.054228461e-05
2.454 7.99007695e-05
2.456 8.069154989e-05
2.458 8.006329629e-05
2.46 8.084155615e-05
2.462 8.022792709e-05
2.464 8.099238054e-05
2.466 8.039454071e-05
2.468 8.114410605e-05
2.47 8.056300448e-05
2.472 8.129681821e-05
2.474 8.073318113e-05
2.476 8.145060233e-05
2.478 8.090515396e-05
2.48 8.160526959e-05
2.482 8.107839429e-05
2.484 8.176143e-05
2.486 8.125289157e-05
2.488 8.191891312e-05
2.49 8.142855155e-05
2.492 8.207777302e-05
2.494 8.160526846e-05
2.496 8.223806206e-05
2.498 8.178293956e-05
2.5 8.239982617e-05
2.502 8.196169563e-05
2.504 8.256282821e-05
2.506 8.214105056e-05
2.508 8.272764867e-05
2.51 8.232105057e-05
2.512 8.289406706e-05
2.514 8.250166287e-05
2.516 8.306209587e-05
2.518 8.268284346e-05
2.52 8.323151665e-05
2.522 8.286483437e-05
2.524 8.340275038e-05
2.526 8.304704392e-05
2.528 8.35756848e-05
2.53 8.322969726e-05
2.532 8.375030015e-05
2.534 8.341278375e-05
2.536 8.392659928e-05
2.538 8.359652927e-05
2.54 8.410430633e-05
2.542 8.378051462e-05
2.544 8.428400468e-05
2.546 8.396486313e-05
2.548 8.446546033e-05
2.55 8.41496109e-05
2.552 8.464869015e-05
2.554 8.433501431e-05
2.556 8.483342854e-05
2.558 8.452067059e-05
2.56 8.502028504e-05
2.562 8.470672453e-05
2.564 8.520904061e-05
2.566 8.489323287e-05
2.568 8.539948966e-05
2.57 8.508053132e-05
2.572 8.559210367e-05
2.574 8.526807518e-05
2.576 8.578680596e-05
2.578 8.545617065e-05
2.58 8.598361898e-05
2.582 8.564512075e-05
2.584 8.618229059e-05
2.586 8.583455873e-05
2.588 8.638346825e-05
2.59 8.60246804e-05
2.592 8.658694579e-05
2.594 8.621584266e-05
2.596 8.679246975e-05
2.598 8.640771246e-05
2.6 8.700069271e-05
2.602 8.660051455e-05
2.604 8.7211402e-05
2.606 8.679439132e-05
2.608 8.742439333e-05
2.61 8.698977873e-05
2.612 8.764015709e-05
2.614 8.71862023e-05
2.616 8.785835928e-05
2.618 8.738438517e-05
2.62 8.807945754e-05
2.622 8.758387665e-05
2.624 8.830335389e-05
2.626 8.778511575e-05
2.628 8.853005259e-05
2.63 8.79885353e-05
2.632 8.875926853e-05
2.634 8.819387061e-05
2.636 8.899165494e-05
2.638 8.840143707e-05
2.64 8.922671303e-05
2.642 8.861177751e-05
2.644 8.946492192e-05
2.646 8.882447457e-05
2.648 8.970617818e-05
2.65 8.904027007e-05
2.652 8.995015925e-05
2.654 8.925892429e-05
2.656 9.019751883e-05
2.658 8.948077938e-05
2.66 9.044774491e-05
2.662 8.970640246e-05
2.664 9.070132536e-05
2.666 8.993537633e-05
2.668 9.095815885e-05
2.67 9.016845793e-05
2.672 9.121792353e-05
2.674 9.040540082e-05
2.676 9.148129363e-05
2.678 9.064654378e-05
2.68 9.174775795e-05
2.682 9.0892452e-05
2.684 9.201782546e-05
2.686 9.11426841e-05
2.688 9.229113771e-05
2.69 9.139805349e-05
2.692 9.256818442e-05
2.694 9.16581038e-05
2.696 9.284887409e-05
2.698 9.192357994e-05
2.7 9.313289344e-05
2.702 9.219419504e-05
2.704 9.342095452e-05
2.706 9.247052536e-05
2.708 9.371249105e-05
2.71 9.27522953e-05
2.712 9.400822334e-05
2.714 9.303970712e-05
2.716 9.430824953e-05
2.718 9.333337014e-05
2.72 9.461307883e-05
2.722 9.363316502e-05
2.724 9.492164644e-05
2.726 9.393897914e-05
2.728 9.523465892e-05
2.73 9.425108177e-05
2.732 9.55518731e-05
2.734 9.45699165e-05
2.736 9.587270996e-05
2.738 9.489547505e-05
2.74 9.619839527e-05
2.742 9.522735827e-05
2.744 9.652976802e-05
2.746 9.556597812e-05
2.748 9.686629077e-05
2.75 9.591173592e-05
2.752 9.720604076e-05
2.754 9.626459082e-05
2.756 9.75508252e-05
2.758 9.662407192e-05
2.76 9.790028476e-05
2.762 9.699059723e-05
2.764 9.825444092e-05
2.766 9.736453503e-05
2.768 9.861269973e-05
2.77 9.774580121e-05
2.772 9.897633889e-05
2.774 9.813387879e-05
2.776 9.934497798e-05
2.778 9.852915184e-05
2.78 9.971834399e-05
2.782 9.893231964e-05
2.784 0.0001000966339
2.786 9.934220076e-05
2.788 0.0001004804983
2.79 9.975926847e-05
2.792 0.0001008696706
2.794 0.0001001838706
2.796 0.0001012638578
2.798 0.0001006155056
2.8 0.0001016635719
2.802 0.0001010546779
2.804 0.0001020690518
2.806 0.0001015005932
2.808 0.0001024798918
2.81 0.0001019534681
2.812 0.0001028968875
2.814 0.0001024137285
2.816 0.0001033194312
2.818 0.0001028808841
2.82 0.0001037483418
2.822 0.000103354761
2.824 0.0001041826042
2.826 0.0001038360347
2.828 0.0001046236542
2.83 0.0001043239121
2.832 0.0001050710744
2.834 0.0001048187307
2.836 0.0001055245821
2.838 0.0001053208503
2.84 0.0001059844224
2.842 0.0001058298216
2.844 0.0001064510282
2.846 0.000106345205
2.848 0.0001069239708
2.85 0.0001068676636
2.852 0.000107403776
2.854 0.0001073966939
2.856 0.0001078898533
2.858 0.000107932003
2.86 0.0001083827758
2.862 0.0001084740984
2.864 0.0001088825803
2.866 0.0001090221473
2.868 0.0001093888225
2.87 0.0001095768091
2.872 0.0001099016736
2.874 0.000110137703
2.876 0.0001104214831
2.878 0.0001107040806
2.88 0.0001109480256
2.882 0.0001112767473
2.884 0.0001114804673
2.886 0.0001118553231
2.888 0.0001120202016
2.89 0.0001124390969
2.892 0.0001125665538
2.894 0.0001130287265
2.896 0.0001131186739
2.898 0.0001136239863
2.9 0.000113677838
2.902 0.0001142241594
2.904 0.0001142434424
2.906 0.0001148298884
2.908 0.0001148146276
2.91 0.0001154409208
2.912 0.0001153926841
2.914 0.0001160565231
2.916 0.0001159770075
2.918 0.000116677328
2.92 0.0001165667202
2.922 0.0001173030836
2.924 0.0001171631244
2.926 0.000117933047
2.928 0.0001177656023
2.93 0.000118567859
2.932 0.0001183732584
2.934 0.0001192072637
2.936 0.0001189874029
2.938 0.0001198505112
2.94 0.000119607402
2.942 0.000120498252
2.944 0.000120232339
2.946 0.0001211502294
2.948 0.0001208635277
2.95 0.0001218056878
2.952 0.0001214999674
2.954 0.0001224653704
2.956 0.0001221420942
2.958 0.0001231287081
2.96 0.0001227888193
2.962 0.000123795845
2.964 0.0001234414001
2.966 0.0001244659645
2.968 0.0001240991594
2.97 0.0001251397689
2.972 0.0001247614631
2.974 0.0001258169236
2.976 0.0001254285665
2.978 0.0001264969008
2.98 0.0001261004349
2.982 0.0001271802737
2.984 0.0001267771401
2.986 0.0001278665042
2.988 0.0001274578779
2.99 0.0001285556336
2.992 0.0001281427544
2.994 0.0001292472374
2.996 0.0001288321649
2.998 0.0001299417203
3 0.0001295247085
3.002 0.0001306388632
3.004 0.0001302217082
3.006 0.0001313378956
3.008 0.0001309223908
3.01 0.0001320395418
3.012 0.0001316256826
3.014 0.0001327435458
3.016 0.0001323329056
3.018 0.0001334491238
3.02 0.0001330428976
3.022 0.0001341574674
3.024 0.0001337555898
3.026 0.000134866961
3.028 0.0001344714682
3.03 0.0001355781224
3.032 0.0001351894942
3.034 0.0001362917679
3.036 0.0001359096339
3.038 0.0001370062545
3.04 0.0001366323917
3.042 0.0001377224829
3.044 0.000137356256
3.046 0.0001384402278
3.048 0.0001380825869
3.05 0.0001391586954
3.052 0.0001388105642
3.054 0.0001398786525
3.056 0.0001395390645
3.058 0.0001405998337
3.06 0.0001402694821
3.062 0.0001413214237
3.064 0.0001410006123
3.066 0.000142044674
3.068 0.0001417324051
3.07 0.0001427678901
3.072 0.0001424653959
3.074 0.0001434916193
3.076 0.0001431985238
3.078 0.0001442167203
3.08 0.0001439317896
3.082 0.0001449414716
3.084 0.000144665462
3.086 0.0001456668088
3.088 0.000145399475
3.09 0.0001463918605
3.092 0.0001461330288
3.094 0.000147117891
3.096 0.0001468661013
3.098 0.0001478431543
3.1 0.0001475992751
3.102 0.000148568626
3.104 0.0001483309981
3.106 0.0001492939812
3.108 0.0001490628352
3.11 0.0001500185245
3.112 0.0001497939278
3.114 0.000150743049
3.116 0.0001505231521
3.118 0.0001514672807
3.12 0.0001512520742
3.122 0.0001521903679
3.124 0.0001519794871
3.126 0.0001529136613
3.128 0.0001527054237
3.13 0.0001536353712
3.132 0.0001534304759
3.134 0.0001543559138
3.136 0.0001541536812
3.138 0.0001550764418
3.14 0.0001548751145
3.142 0.000155794828
3.144 0.0001555954273
3.146 0.0001565125708
3.148 0.0001563131111
3.15 0.0001572293382
3.152 0.0001570298342
3.154 0.0001579442835
3.156 0.0001577448251
3.158 0.0001586583019
3.16 0.0001584569818
3.162 0.0001593711304
3.164 0.0001591680233
3.166 0.0001600823436
3.168 0.0001598766553
3.17 0.0001607916445
3.172 0.0001605838041
3.174 0.0001614996706
3.176 0.0001612879572
3.178 0.0001622061977
3.18 0.0001619908901
3.182 0.0001629103609
3.184 0.000162691415
3.186 0.000163613194
3.188 0.0001633897689
3.19 0.0001643141575
3.192 0.000164086461
3.194 0.0001650126163
3.196 0.0001647807331
3.198 0.0001657100365
3.2 0.0001654727433
3.202 0.0001664045307
3.204 0.0001661633164
3.206 0.0001670972674
3.208 0.0001668513458
3.21 0.00016778796
3.212 0.0001675373422
3.214 0.0001684760571
3.216 0.000168221916
3.218 0.0001691623239
3.22 0.0001689035496
3.222 0.0001698465932
3.224 0.0001695841663
3.226 0.0001705280254
3.228 0.0001702625796
3.23 0.000171207773
3.232 0.0001709390961
3.234 0.0001718853391
3.236 0.0001716143062
3.238 0.000172560138
3.24 0.0001722874663
3.242 0.0001732337765
3.244 0.0001729587942
3.246 0.0001739043412
3.248 0.0001736292073
3.25 0.0001745731219
3.252 0.0001742975974
3.254 0.0001752398833
3.256 0.00017496455
3.258 0.0001759041108
3.26 0.0001756307525
3.262 0.0001765666676
3.264 0.0001762946598
3.266 0.0001772274385
3.268 0.0001769583309
3.27 0.0001778855988
3.272 0.000177620561
3.274 0.0001785424344
3.276 0.0001782817224
3.278 0.0001791974496
3.28 0.0001789424546
3.282 0.000179850582
3.284 0.0001796018998
3.286 0.0001805015974
3.288 0.000180260744
3.29 0.0001811514785
3.292 0.0001809188849
3.294 0.0001817998068
3.296 0.000181576995
3.298 0.0001824460378
3.3 0.0001822343163
3.302 0.0001830919566
3.304 0.0001828911102
3.306 0.0001837355944
3.308 0.0001835483818
3.31 0.0001843783923
3.312 0.0001842049716
3.314 0.0001850201677
3.316 0.0001848615213
3.318 0.0001856604358
3.32 0.0001855182613
3.322 0.0001863002963
3.324 0.0001861756049
3.326 0.0001869392447
3.328 0.0001868321855
3.33 0.0001875777195
3.332 0.0001874901556
3.334 0.0001882149041
3.336 0.0001881487365
3.338 0.0001888521014
3.34 0.0001888067451
3.342 0.0001894892146
3.344 0.0001894664077
3.346 0.000190125413
3.348 0.000190126421
3.35 0.0001907626626
3.352 0.000190787045
3.354 0.000191398943
3.356 0.0001914493195
3.358 0.0001920358055
3.36 0.0001921120047
3.362 0.0001926730932
3.364 0.0001927757549
3.366 0.0001933103283
3.368 0.0001934407957
3.37 0.0001939486895
3.372 0.0001941075342
3.374 0.0001945876681
3.376 0.0001947745127
3.378 0.0001952277462
3.38 0.0001954439711
3.382 0.0001958680789
3.384 0.0001961150685
3.386 0.0001965100472
3.388 0.000196786537
3.39 0.0001971541114
3.392 0.0001974600155
3.394 0.0001977984304
3.396 0.0001981359939
3.398 0.0001984441271
3.4 0.0001988138261
3.402 0.0001990920324
3.404 0.0001994922644
3.406 0.0001997426026
3.408 0.0002001729834
3.41 0.0002003939518
3.412 0.0002008564773
3.414 0.000201047209
3.416 0.0002015420836
3.418 0.0002017032088
3.42 0.0002022285268
3.422 0.0002023624031
3.424 0.0002029174999
3.426 0.0002030228654
3.428 0.0002036095005
3.43 0.0002036857314
3.432 0.0002043032723
3.434 0.0002043525454
3.436 0.0002049990988
3.438 0.0002050210766
3.44 0.0002056975077
3.442 0.000205693108
3.444 0.0002063988399
3.446 0.000206368051
3.448 0.00020710206
3.45 0.0002070462558
3.452 0.0002078077911
3.454 0.0002077271499
3.456 0.0002085161962
3.458 0.0002084119584
3.46 0.0002092271233
3.462 0.0002091002261
3.464 0.0002099412897
3.466 0.0002097918998
3.468 0.0002106575885
3.47 0.0002104867165
3.472 0.000211376768
3.474 0.0002111864651
3.476 0.0002120984848
3.478 0.0002118888309
3.48 0.0002128238708
3.482 0.0002125955062
3.484 0.000213550846
3.486 0.0002133063811
3.488 0.0002142819073
3.49 0.0002140204251
3.492 0.0002150154705
3.494 0.0002147392311
3.496 0.0002157519018
3.498 0.0002154622046
3.5 0.000216491327
3.502 0.0002161893774
3.504 0.000217234432
3.506 0.0002169206443
3.508 0.0002179800363
3.51 0.000217655692
3.512 0.0002187289163
3.514 0.0002183963373
3.516 0.0002194807049
3.518 0.0002191401374
3.52 0.0002202365757
3.522 0.0002198888099
3.524 0.0002209943583
3.526 0.0002206422076
3.528 0.0002217566507
3.53 0.0002213992158
3.532 0.0002225218024
3.534 0.0002221620936
3.536 0.0002232900445
3.538 0.0002229282817
3.54 0.0002240625712
3.542 0.0002236995076
3.544 0.0002248371718
3.546 0.0002244755995
3.548 0.000225616499
3.55 0.0002252554044
3.552 0.0002263988713
3.554 0.0002260412131
3.556 0.0002271845258
3.558 0.0002268304021
3.56 0.0002279740307
3.562 0.0002276248722
3.564 0.0002287677448
3.566 0.0002284238475
3.568 0.000229563844
3.57 0.0002292277882
3.572 0.0002303649673
3.574 0.0002300354823
3.576 0.0002311693872
3.578 0.0002308492693
3.58 0.0002319773431
3.582 0.0002316664548
3.584 0.0002327900897
3.586 0.0002324888201
3.588 0.000233605319
3.59 0.0002333161726
3.592 0.0002344258091
3.594 0.0002341479648
3.596 0.0002352496538
3.598 0.0002349838785
3.6 0.0002360777145
3.602 0.0002358258622
3.604 0.0002369095922
3.606 0.0002366712135
3.608 0.0002377465826
3.61 0.0002375217693
3.612 0.0002385863225
3.614 0.0002383773387
3.616 0.0002394316602
3.618 0.0002392373618
3.62 0.0002402806463
3.622 0.0002401015174
3.624 0.0002411341671
3.626 0.0002409718061
3.628 0.0002419918172
3.63 0.0002418454647
3.632 0.0002428549286
3.634 0.0002427243797
3.636 0.0002437210839
3.638 0.0002436083631
3.64 0.0002445932467
3.642 0.0002444968702
3.644 0.0002454693616
3.646 0.0002453902629
3.648 0.0002463501851
3.65 0.0002462877572
3.652 0.000247235948
3.654 0.0002471914845
3.656 0.0002481262378
3.658 0.0002480986313
3.66 0.0002490224254
3.662 0.0002490111551
3.664 0.0002499220249
3.666 0.0002499288799
3.668 0.00025082804
3.67 0.0002508505073
3.672 0.0002517385946
3.674 0.000251778635
3.676 0.0002526532295
3.678 0.0002527112318
3.68 0.000253574631
3.682 0.0002536477629
3.684 0.0002545015448
3.686 0.0002545899706
3.688 0.0002554321769
3.69 0.0002555376176
3.692 0.0002563688662
3.694 0.0002564902872
3.696 0.0002573117533
3.698 0.0002574471563
3.7 0.0002582596032
3.702 0.0002584108525
3.704 0.00025921193
3.706 0.0002593792893
3.708 0.0002601714917
3.71 0.0002603519247
3.712 0.0002611369962
3.714 0.000261330564
3.716 0.0002621065945
3.718 0.0002623157418
3.72 0.000263082506
3.722 0.0002633047548
3.724 0.0002640653878
3.726 0.0002642990214
3.728 0.0002650535192
3.73 0.0002653005305
3.732 0.0002660464703
3.734 0.0002663071518
3.736 0.000267047092
3.738 0.0002673183325
3.74 0.0002680532724
3.742 0.0002683361216
3.744 0.0002690654441
3.746 0.0002693605428
3.748 0.0002700835775
3.75 0.0002703892838
3.752 0.000271109083
3.754 0.0002714245199
3.756 0.0002721391958
3.758 0.0002724661031
3.76 0.0002731771816
3.762 0.0002735126422
3.764 0.0002742209627
3.766 0.0002745670211
3.768 0.0002752694974
3.77 0.0002756270306
3.772 0.0002763263681
3.774 0.0002766921196
3.776 0.0002773900448
3.778 0.0002777641153
3.78 0.0002784581748
3.782 0.0002788437852
3.784 0.0002795335108
3.786 0.0002799281822
3.788 0.0002806167483
3.79 0.0002810196272
3.792 0.0002817050334
3.794 0.0002821179838
3.796 0.000282801707
3.798 0.0002832218147
3.8 0.0002839045904
3.802 0.0002843341049
3.804 0.0002850130991
3.806 0.0002854525692
3.808 0.0002861302284
3.81 0.0002865765951
3.812 0.0002872544815
3.814 0.000287708178
3.816 0.0002883837674
3.818 0.0002888479102
3.82 0.0002895204715
3.822 0.0002899927866
3.824 0.000290665263
3.826 0.0002911452038
3.828 0.000291815121
3.83 0.0002923049938
3.832 0.0002929735005
3.834 0.0002934706331
3.836 0.0002941381189
3.838 0.000294645189
3.84 0.0002953083528
3.842 0.0002958262639
3.844 0.000296487297
3.846 0.0002970134631
3.848 0.0002976733837
3.85 0.00029820833
3.852 0.000298864457
3.854 0.0002994113882
3.856 0.0003000630056
3.858 0.0003006200421
3.86 0.0003012696693
3.862 0.000301836484
3.864 0.0003024813217
3.866 0.00030306051
3.868 0.0003037015412
3.87 0.0003042913945
3.872 0.0003049277408
3.874 0.0003055296211
3.876 0.0003061607676
3.878 0.0003067750758
3.88 0.0003074006141
3.882 0.0003080268168
3.884 0.0003086474895
3.886 0.0003092875154
3.888 0.0003099007655
3.89 0.0003105535826
3.892 0.0003111611716
3.894 0.0003118276536
3.896 0.0003124281902
3.898 0.0003131088303
3.9 0.0003137028234
3.902 0.0003143968586
3.904 0.0003149823249
3.906 0.0003156923267
3.908 0.0003162703101
3.91 0.0003169944239
3.912 0.0003175631115
3.914 0.0003183038385
3.916 0.0003188643661
3.918 0.0003196188372
3.92 0.0003201715266
3.922 0.0003209426894
3.924 0.0003214848068
3.926 0.000322271534
3.928 0.0003228049464
3.93 0.0003236089936
3.932 0.0003241311728
3.934 0.0003249512648
3.936 0.0003254651639
3.938 0.0003263008407
3.94 0.000326803501
3.942 0.0003276583635
3.944 0.0003281488307
3.946 0.000329020331
3.948 0.0003295018543
3.95 0.0003303883803
3.952 0.0003308602976
3.954 0.0003317648994
3.956 0.0003322234743
3.958 0.0003331470676
3.96 0.0003335948716
3.962 0.0003345340227
3.964 0.00033497173
3.966 0.0003359291694
3.968 0.0003363532524
3.97 0.0003373296755
3.972 0.0003377429076
3.974 0.0003387346918
3.976 0.0003391388795
3.978 0.0003401464365
3.98 0.0003405386163
3.982 0.000341565465
3.984 0.000341944878
3.986 0.0003429880849
3.988 0.0003433584238
3.99 0.0003444162349
3.992 0.000344775586
3.994 0.0003458505805
3.996 0.0003462002677
3.998 0.000347289448
4 0.0003476289017
4.002 0.0003487347525
4.004 0.0003490649048
4.006 0.0003501834045
4.008 0.0003505058564
4.01 0.0003516395639
4.012 0.00035195085
4.014 0.0003531002668
4.016 0.0003534035155
4.018 0.0003545646216
4.02 0.0003548619548
4.022 0.0003560349353
4.024 0.0003563234982
4.026 0.0003575117936
4.028 0.0003577899933
4.03 0.0003589926112
4.032 0.0003592640515
4.034 0.0003604766017
4.036 0.0003607437141
4.038 0.0003619650949
4.04 0.0003622275637
4.042 0.0003634605411
4.044 0.0003637148897
4.046 0.0003649608726
4.048 0.0003652081769
4.05 0.0003664632702
4.052 0.0003667080899
4.054 0.0003679695858
4.056 0.0003682120235
4.058 0.000369482458
4.06 0.0003697192465
4.062 0.0003709987935
4.064 0.0003712336273
4.066 0.0003725176523
4.068 0.0003727520818
4.07 0.0003740428492
4.072 0.0003742748213
4.074 0.000375569894
4.076 0.000375802698
4.078 0.0003771030295
4.08 0.000377334801
4.082 0.0003786378399
4.084 0.0003788730897
4.086 0.0003801772601
4.088 0.000380413576
4.09 0.0003817220756
4.092 0.0003819593479
4.094 0.000383268237
4.096 0.0003835112384
4.098 0.00038481884
4.1 0.0003850651892
4.102 0.0003863735901
4.104 0.0003866257224
4.106 0.000387931527
4.108 0.0003881895037
4.11 0.0003894932424
4.112 0.0003897564307
4.114 0.0003910588457
4.116 0.0003913298912
4.118 0.0003926263296
4.12 0.0003929067588
4.122 0.0003941997861
4.124 0.0003944872876
4.126 0.0003957756736
4.128 0.0003960721148
4.13 0.0003973538672
4.132 0.0003976613739
4.134 0.0003989378231
4.136 0.0003992541885
4.138 0.0004005229142
4.14 0.000400852668
4.142 0.0004021122895
4.144 0.0004024525956
4.146 0.0004037068197
4.148 0.0004040572578
4.15 0.0004053022438
4.152 0.0004056675519
4.154 0.0004069018785
4.156 0.0004072791855
4.158 0.0004085054481
4.16 0.0004088969678
4.162 0.0004101119626
4.164 0.0004105161635
4.166 0.0004117223819
4.168 0.0004121415147
4.17 0.0004133344861
4.172 0.0004137697272
4.174 0.0004149526249
4.176 0.0004153998672
4.178 0.0004165733748
4.18 0.0004170362932
4.182 0.0004181957806
4.184 0.0004186755543
4.186 0.0004198242522
4.188 0.0004203179076
4.19 0.000421453801
4.192 0.000421964348
4.194 0.0004230892965
4.196 0.0004236138717
4.198 0.0004247258232
4.2 0.0004252687275
4.202 0.0004263667624
4.204 0.0004269244403
4.206 0.0004280130729
4.208 0.0004285845298
4.21 0.0004296602413
4.212 0.0004302499787
4.214 0.0004313118228
4.216 0.0004319162376
4.218 0.0004329675507
4.22 0.000433588452
4.222 0.000434626389
4.224 0.0004352616048
4.226 0.0004362893819
4.228 0.0004369407738
4.23 0.0004379542044
4.232 0.000438622484
4.234 0.0004396254868
4.236 0.0004403057604
4.238 0.0004412996047
4.24 0.0004419952751
4.242 0.000442975553
4.244 0.000443687388
4.246 0.0004446580399
4.248 0.0004453823875
4.25 0.0004463417761
4.252 0.0004470813792
4.254 0.0004480319531
4.256 0.000448783351
4.258 0.0004497233456
4.26 0.0004504907333
4.262 0.0004514195954
4.264 0.0004521987793
4.266 0.0004531217468
4.268 0.0004539112732
4.27 0.0004548250101
4.272 0.0004556293064
4.274 0.0004565331872
4.276 0.000457348073
4.278 0.0004582458423
4.28 0.000459075069
4.282 0.0004599620355
4.284 0.0004608029051
4.286 0.000461682952
4.288 0.0004625369507
4.29 0.0004634061251
4.292 0.0004642735117
4.294 0.0004651365212
4.296 0.0004660115702
4.298 0.0004668703376
4.3 0.0004677561334
4.302 0.0004686064892
4.304 0.0004695033749
4.306 0.0004703500452
4.308 0.0004712536875
4.31 0.0004720953613
4.312 0.0004730083128
4.314 0.0004738479837
4.316 0.0004747662131
4.318 0.0004756023672
4.32 0.0004765286347
4.322 0.000477362713
4.324 0.0004782948845
4.326 0.0004791277082
4.328 0.0004800652268
4.33 0.000480897393
4.332 0.0004818398129
4.334 0.0004826717972
4.336 0.0004836200202
4.338 0.0004844528191
4.34 0.0004854018653
4.342 0.0004862391329
4.344 0.000487191156
4.346 0.0004880294884
4.348 0.000488982296
4.35 0.000489825059
4.352 0.0004907811937
4.354 0.000491623192
4.356 0.0004925840264
4.358 0.0004934291835
4.36 0.0004943897914
4.362 0.0004952389469
4.364 0.0004962039304
4.366 0.0004970513633
4.368 0.0004980224044
4.37 0.0004988718586
4.372 0.0004998456347
4.374 0.000500694464
4.376 0.000501674965
4.378 0.0005025251557
4.38 0.0005035092702
4.382 0.0005043580648
4.384 0.0005053498749
4.386 0.0005061977402
4.388 0.0005071959897
4.39 0.0005080428447
4.392 0.0005090478609
4.394 0.0005098934836
4.396 0.0005109055992
4.398 0.0005117497531
4.4 0.0005127708353
4.402 0.0005136113686
4.404 0.0005146390054
4.406 0.0005154795248
4.408 0.0005165147221
4.41 0.0005173533786
4.412 0.000518398152
4.414 0.0005192328008
4.416 0.0005202862483
4.418 0.00052111864
4.42 0.0005221789605
4.422 0.0005230111552
4.424 0.000524081076
4.426 0.0005249076486
4.428 0.000525988413
4.43 0.0005268138868
4.432 0.0005278998029
4.434 0.0005287254775
4.436 0.000529821046
4.438 0.0005306411868
4.44 0.0005317477333
4.442 0.0005325668308
4.444 0.0005336802532
4.446 0.0005344959282
4.448 0.0005356200218
4.45 0.0005364348512
4.452 0.0005375657745
4.454 0.0005383772044
4.456 0.0005395189152
4.458 0.0005403278023
4.46 0.0005414785546
4.462 0.0005422867673
4.464 0.000543444516
4.466 0.0005442491928
4.468 0.0005454197405
4.47 0.0005462195259
4.472 0.0005473983044
4.474 0.000548199083
4.476 0.0005493848963
4.478 0.0005501818741
4.48 0.000551380902
4.482 0.0005521725838
4.484 0.0005533803277
4.486 0.0005541708965
4.488 0.0005553900161
4.49 0.0005561753984
4.492 0.0005574033766
4.494 0.0005581875044
4.496 0.0005594270695
4.498 0.0005602065298
4.5 0.0005614560281
4.502 0.0005622326712
4.504 0.0005634903108
4.506 0.0005642662536
4.508 0.0005655351128
4.51 0.0005663042724
4.512 0.0005675858429
4.514 0.0005683529843
4.516 0.0005696411709
4.518 0.0005704075784
4.52 0.0005717073931
4.522 0.0005724666812
4.524 0.0005737796641
4.526 0.0005745366489
4.528 0.0005758583524
4.53 0.0005766104787
4.532 0.0005779447858
4.534 0.0005786951371
4.536 0.0005800377464
4.538 0.0005807836234
4.54 0.0005821400929
4.542 0.0005828821471
4.544 0.0005842527213
4.546 0.0005849845085
4.548 0.0005863739383
4.55 0.0005870957598
4.552 0.0005884983027
4.554 0.0005892174312
4.556 0.0005906307143
4.558 0.0005913430947
4.56 0.0005927726098
4.562 0.0005934779213
4.564 0.0005949174324
4.566 0.000595627965
4.568 0.0005970700629
4.57 0.0005977810256
4.572 0.000599232264
4.574 0.0005999414538
4.576 0.0006014117424
4.578 0.0006021731567
4.58 0.0006036875505
4.582 0.0006044623301
4.584 0.0006059756948
4.586 0.0006067519316
4.588 0.0006082684358
4.59 0.0006090405376
4.592 0.0006105571832
4.594 0.0006113301802
4.596 0.0006128385487
4.598 0.000613614076
4.6 0.0006151184305
4.602 0.0006158899922
4.604 0.0006173913411
4.606 0.0006181645649
4.608 0.0006196559498
4.61 0.0006204330697
4.612 0.0006219198461
4.614 0.0006226953094
4.616 0.0006241786187
4.618 0.0006249576614
4.62 0.0006264340549
4.622 0.0006272152986
4.624 0.0006286891282
4.626 0.0006294767654
4.628 0.0006309438194
4.63 0.000631735945
4.632 0.000633201412
4.634 0.0006340021669
4.636 0.0006354618887
4.638 0.0006362692838
4.64 0.0006377284826
4.642 0.0006385446586
4.644 0.0006400013333
4.646 0.000640829799
4.648 0.0006422816622
4.65 0.0006431200339
4.652 0.0006445742714
4.654 0.0006454218296
4.656 0.0006468729611
4.658 0.0006477377239
4.66 0.0006491841664
4.662 0.0006500612152
4.664 0.0006515102739
4.666 0.0006523985096
4.668 0.0006538444735
4.67 0.0006547496494
4.672 0.0006561932928
4.674 0.0006571136349
4.676 0.0006585571099
4.678 0.0006594902614
4.68 0.0006609298359
4.682 0.0006618810593
4.684 0.0006633195189
4.686 0.0006642840921
4.688 0.0006657178453
4.69 0.0006667008936
4.692 0.0006681327759
4.694 0.0006691294003
4.696 0.0006705557988
4.698 0.0006715710675
4.7 0.000672994859
4.702 0.0006740216333
4.704 0.0006754439933
4.706 0.0006764883133
4.708 0.0006779011937
4.71 0.0006789648391
4.712 0.0006803738297
4.714 0.0006814490983
4.716 0.0006828557011
4.718 0.000683948486
4.72 0.0006853447896
4.722 0.0006863558871
4.724 0.0006875938147
4.726 0.0006885747644
4.728 0.0006898118474
4.73 0.0006908124451
4.732 0.0006920500494
4.734 0.0006930746792
4.736 0.0006943225587
4.738 0.0006953783024
4.74 0.0006966340021
4.742 0.0006977215261
4.744 0.0006989891333
4.746 0.000700106575
4.748 0.0007013898041
4.75 0.0007025408463
4.752 0.0007038344926
4.754 0.000705015226
4.756 0.0007063242247
4.758 0.0007075348399
4.76 0.0007088559025
4.762 0.0007100976635
4.764 0.000711426734
4.766 0.0007126942024
4.768 0.0007140376862
4.77 0.0007153272114
4.772 0.0007166772144
4.774 0.0007179949811
4.776 0.0007193479941
4.778 0.0007206855855
4.78 0.0007220482107
4.782 0.0007234016158
4.784 0.0007247659268
4.786 0.0007261413453
4.788 0.0007275039558
4.79 0.0007288930139
4.792 0.0007302608978
4.794 0.0007316598406
4.796 0.0007330253727
4.798 0.0007344385823
4.8 0.0007358017618
4.802 0.0007372253475
4.804 0.0007385880604
4.806 0.0007400176888
4.808 0.0007413753655
4.81 0.0007428157385
4.812 0.0007441714844
4.814 0.0007456161855
4.816 0.0007469661345
4.818 0.0007484202016
4.82 0.0007497679252
4.822 0.0007512252175
4.824 0.000752567163
4.826 0.0007540331345
4.828 0.0007553732368
4.83 0.0007568420068
4.832 0.0007581793566
4.834 0.0007596536525
4.836 0.0007609858137
4.838 0.0007624689667
4.84 0.0007638004807
4.842 0.000765284326
4.844 0.0007666176395
4.846 0.0007681093531
4.848 0.0007694361274
4.85 0.0007709380963
4.852 0.0007722656712
4.854 0.0007737693467
4.856 0.0007751003131
4.858 0.0007766128783
4.86 0.000777938813
4.862 0.0007794626412
4.864 0.0007807909231
4.866 0.0007823173013
4.868 0.0007836504237
4.87 0.0007851865743
4.872 0.0007865183933
4.874 0.0007880634514
4.876 0.0007893965584
4.878 0.0007909488715
4.88 0.0007922868918
4.882 0.0007938487635
4.884 0.0007951867519
4.886 0.0007967581125
4.888 0.0007980983396
4.89 0.0007996762683
4.892 0.0008010184376
4.894 0.0008026184236
4.896 0.0008039553507
4.898 0.000805561504
4.9 0.0008069140983
4.902 0.0008085264725
4.904 0.0008098821088
4.906 0.0008114988264
4.908 0.0008128616684
4.91 0.0008144873476
4.912 0.0008160980896
4.914 0.000818176271
4.916 0.0008199998226
4.918 0.000822071582
4.92 0.0008238793209
4.922 0.000825928694
4.924 0.0008276955115
4.926 0.0008297056911
4.928 0.0008314287312
4.93 0.0008333908738
4.932 0.0008350567056
4.934 0.0008369775208
4.936 0.0008385818723
4.938 0.0008404482883
4.94 0.0008420005477
4.942 0.0008438204332
4.944 0.0008453080471
4.946 0.0008470885192
4.948 0.0008485255922
4.95 0.0008502622163
4.952 0.0008516557449
4.954 0.0008533586876
4.956 0.0008547128333
4.958 0.0008563878624
4.96 0.000857711901
4.962 0.0008593615605
4.964 0.0008606575293
4.966 0.0008622975244
4.968 0.0008635700593
4.97 0.0008651985091
4.972 0.0008664643968
4.974 0.0008680845808
4.976 0.0008693424049
4.978 0.0008709667777
4.98 0.0008722263954
4.982 0.0008738529996
4.984 0.0008751150871
4.986 0.0008767865795
4.988 0.0008780601146
4.99 0.0008797222043
4.992 0.0008810123037
4.994 0.0008826827054
4.996 0.0008839870365
4.998 0.0008856768794
5 0.0008870017022
5.002 0.0008887059468
5.004 0.0008900477243
5.006 0.0008917739566
5.008 0.0008931375859
5.01 0.0008948788353
5.012 0.0008962597697
5.014 0.0008980224206
5.016 0.000899424602
5.018 0.0009012006936
5.02 0.0009026216673
5.022 0.0009044132862
5.024 0.0009058483585
5.026 0.0009076579487
5.028 0.0009091107099
5.03 0.0009109296264
5.032 0.0009123971075
5.034 0.0009142270756
5.036 0.0009157042598
5.038 0.0009175477437
5.04 0.0009190380944
5.042 0.0009208834165
5.044 0.0009223878368
5.046 0.0009242422518
5.048 0.0009257484988
5.05 0.0009276134866
5.052 0.0009291287697
5.054 0.0009309925038
5.056 0.0009325183767
5.058 0.0009344439326
5.06 0.0009362077538
5.062 0.0009382828689
5.064 0.0009399800987
5.066 0.0009419922022
5.068 0.0009436404119
5.07 0.0009456024119
5.072 0.0009471970508
5.074 0.0009491173829
5.076 0.0009506736856
5.078 0.0009525494197
5.08 0.0009540767707
5.082 0.0009559242124
5.084 0.0009574219195
5.086 0.0009592483622
5.088 0.0009607266722
5.09 0.0009625332527
5.092 0.0009640047995
5.094 0.000965804577
5.096 0.0009672639396
5.098 0.0009690653766
5.1 0.0009705272484
5.102 0.0009723238819
5.104 0.000973799127
5.106 0.0009755969569
5.108 0.0009770809973
5.11 0.0009788947884
5.112 0.0009803846641
5.114 0.0009822163179
5.116 0.0009837226617
5.118 0.0009855616545
5.12 0.0009870924872
5.122 0.0009889413182
5.124 0.0009904877757
5.126 0.0009923590236
5.128 0.0009939152042
5.13 0.0009958072829
5.132 0.0009973830723
5.134 0.0009992831471
5.136 0.001000884539
5.138 0.001002793179
5.14 0.001004409516
5.142 0.001006337945
5.144 0.00100796525
5.146 0.001009903142
5.148 0.001011548961
5.15 0.001013499832
5.152 0.001015155283
5.154 0.001017112492
5.156 0.001018788034
5.158 0.00102074772
5.16 0.001022432729
5.162 0.001024406011
5.164 0.001026096598
5.166 0.001028073001
5.168 0.001029777137
5.17 0.001031757192
5.172 0.001033470518
5.174 0.001035453892
5.176 0.001037175668
5.178 0.00103916185
5.18 0.001040891504
5.182 0.001042880029
5.184 0.001044617145
5.186 0.001046607645
5.188 0.00104835193
5.19 0.001050344137
5.192 0.0010520954
5.194 0.001054089144
5.196 0.001055847278
5.198 0.00105784246
5.2 0.001059610947
5.202 0.001061603057
5.204 0.001063375819
5.206 0.001065377127
5.208 0.001067151341
5.21 0.001069151827
5.212 0.001070940477
5.214 0.001072936923
5.216 0.001074730095
5.218 0.001076731852
5.22 0.001078531145
5.222 0.001080534546
5.224 0.001082344235
5.226 0.001084344476
5.228 0.001086158493
5.23 0.001088164421
5.232 0.001089984489
5.234 0.001091991943
5.236 0.001093822357
5.238 0.001095826365
5.24 0.001097661042
5.242 0.001099670397
5.244 0.001101514785
5.246 0.001103520565
5.248 0.001105368928
5.25 0.001107379913
5.252 0.001109237894
5.254 0.001111245021
5.256 0.001113106883
5.258 0.001115118983
5.26 0.001116990453
5.262 0.001118998404
5.264 0.001120873738
5.266 0.001122886446
5.268 0.001124771439
5.27 0.001126779834
5.272 0.001128668718
5.274 0.001130681881
5.276 0.001132580567
5.278 0.001134589332
5.28 0.001136495923
5.282 0.001138504646
5.284 0.00114041472
5.286 0.001142428578
5.288 0.001144348674
5.29 0.001146358352
5.292 0.001148286655
5.294 0.001150296691
5.296 0.001152228948
5.298 0.001154244541
5.3 0.001156187416
5.302 0.001158195252
5.304 0.001160152173
5.306 0.001162163481
5.308 0.0011641204
5.31 0.001166138701
5.312 0.001168106786
5.314 0.00117012195
5.316 0.001172099737
5.318 0.001174116102
5.32 0.001176103304
5.322 0.001178121111
5.324 0.001180117805
5.326 0.001182137229
5.328 0.001184143605
5.33 0.001186164609
5.332 0.001188180997
5.334 0.001190203758
5.336 0.001192230298
5.338 0.001194254865
5.34 0.001196291739
5.342 0.001198318119
5.344 0.001200365533
5.346 0.001202393688
5.348 0.001204451828
5.35 0.001206477595
5.352 0.001208551812
5.354 0.001210582217
5.356 0.001212658341
5.358 0.001214696642
5.36 0.001216786467
5.362 0.001218817507
5.364 0.001220924689
5.366 0.001222959927
5.368 0.001225073685
5.37 0.001227111222
5.372 0.001229237936
5.374 0.00123127538
5.376 0.001233418776
5.378 0.001235459678
5.38 0.001237604323
5.382 0.00123965205
5.384 0.001241809954
5.386 0.001243848992
5.388 0.001246023834
5.39 0.001248065942
5.392 0.001250246606
5.394 0.001252285594
5.396 0.001254482101
5.398 0.00125652482
5.4 0.00125872674
5.402 0.001260772365
5.404 0.00126298324
5.406 0.001265024456
5.408 0.001267252949
5.41 0.001269298227
5.412 0.001271532653
5.414 0.001273575772
5.416 0.001275826557
5.418 0.001277873937
5.42 0.001280130143
5.422 0.001282177123
5.424 0.001284449211
5.426 0.001286502768
5.428 0.001288780222
5.43 0.001290833926
5.432 0.001293127323
5.434 0.001295187403
5.436 0.001297487521
5.438 0.001299547578
5.44 0.001301865192
5.442 0.001303932276
5.444 0.001306257387
5.446 0.001308323822
5.448 0.001310666516
5.45 0.001312740901
5.452 0.001315090497
5.454 0.001317166092
5.456 0.001319533369
5.458 0.00132161299
5.46 0.001323992548
5.462 0.001326080943
5.464 0.001328429903
5.466 0.001330523371
5.468 0.001332894662
5.47 0.001334993733
5.472 0.001337382628
5.474 0.001339492439
5.476 0.001341892962
5.478 0.00134400565
5.48 0.00134642901
5.482 0.00134854686
5.484 0.001350987228
5.486 0.001353115828
5.488 0.001355565615
5.49 0.001357696819
5.492 0.001360171762
5.494 0.001362303898
5.496 0.001364787302
5.498 0.001366935545
5.5 0.001369424906
5.502 0.001371577258
5.504 0.001374082046
5.506 0.00137618595
5.508 0.001378700353
5.51 0.001380832141
5.512 0.001383354184
5.514 0.001385502951
5.516 0.001388022707
5.518 0.001390182905
5.52 0.001392718706
5.522 0.00139488902
5.524 0.001397422585
5.526 0.001399618587
5.528 0.001402147612
5.53 0.001404357953
5.532 0.001406896335
5.534 0.001409115208
5.536 0.001411650118
5.538 0.001413893517
5.54 0.001416420374
5.542 0.001418674566
5.544 0.00142121162
5.546 0.001423470717
5.548 0.001426004272
5.55 0.001428284946
5.552 0.001430811199
5.554 0.00143301276
5.556 0.001435475055
5.558 0.001437697353
5.56 0.001440168133
5.562 0.001442415343
5.564 0.001444892035
5.566 0.00144715137
5.568 0.001449655643
5.57 0.001451925093
5.572 0.001454442794
5.574 0.001456739849
5.576 0.001459266113
5.578 0.001461574695
5.58 0.001464127427
5.582 0.001466441368
5.584 0.001469005115
5.586 0.001471341202
5.588 0.001473910286
5.59 0.001476252242
5.592 0.001478844149
5.594 0.001481186099
5.596 0.001483784504
5.598 0.001486144158
5.6 0.001488743044
5.602 0.001491104523
5.604 0.001493721437
5.606 0.001496079586
5.608 0.001498286067
5.61 0.001501083782
5.612 0.00150306137
5.614 0.00150608187
5.616 0.001507867835
5.618 0.001511085615
5.62 0.001512674761
5.622 0.001516097119
5.624 0.001517494962
5.626 0.001521094822
5.628 0.001522334123
5.63 0.001526092178
5.632 0.001527175537
5.634 0.001531092554
5.636 0.001532038053
5.638 0.001536132705
5.64 0.001536716343
5.642 0.001540703139
5.644 0.001541433634
5.646 0.001545478031
5.648 0.001546190569
5.65 0.001550249937
5.652 0.001550990456
5.654 0.001555024823
5.656 0.001555814146
5.658 0.001559803349
5.66 0.001560677258
5.662 0.001564568008
5.664 0.001565588586
5.666 0.00156934063
5.668 0.00157053135
5.67 0.001574132078
5.672 0.001575585144
5.674 0.001578707011
5.676 0.001580656585
5.678 0.001583323764
5.68 0.001585757698
5.682 0.001587991224
5.684 0.001590906116
5.686 0.001592691894
5.688 0.001596104043
5.69 0.001597446219
5.692 0.001601323178
5.694 0.001602264884
5.696 0.00160657544
5.698 0.00160713548
5.7 0.001611861336
5.702 0.001612081284
5.704 0.00161715452
5.706 0.001617113184
5.708 0.001622466241
5.71 0.001622214067
5.712 0.001627796865
5.714 0.001627402378
5.716 0.001633128767
5.718 0.001632771307
5.72 0.001638548142
5.722 0.001638193293
5.724 0.001643950015
5.726 0.001643673652
5.728 0.001649309517
5.73 0.001649210365
5.732 0.001654642854
5.734 0.001654775801
5.736 0.001659957105
5.738 0.001660406362
5.74 0.001665302477
5.742 0.001666135759
5.744 0.001670652675
5.746 0.001672045871
5.748 0.001676187836
5.75 0.001677899802
5.752 0.001681589567
5.754 0.001683724898
5.756 0.001686947356
5.758 0.001689492192
5.76 0.001692289204
5.762 0.001695242815
5.764 0.001697601138
5.766 0.001700948327
5.768 0.001702894385
5.77 0.001706583416
5.772 0.001708182245
5.774 0.001712163758
5.776 0.001713449383
5.778 0.001717694117
5.78 0.001718719982
5.782 0.001723152675
5.784 0.001724005259
5.786 0.001728559309
5.788 0.001729287301
5.79 0.001733922946
5.792 0.001734587969
5.794 0.00173922547
5.796 0.001739915901
5.798 0.001744490748
5.8 0.001745250294
5.802 0.001749731194
5.804 0.001750610687
5.806 0.001754931402
5.808 0.001756003394
5.81 0.001760117845
5.812 0.001761405177
5.814 0.00176530474
5.816 0.001766833865
5.818 0.001770477403
5.82 0.001772294192
5.822 0.001775662834
5.824 0.001777761383
5.826 0.001780875046
5.828 0.001783252554
5.83 0.001786098002
5.832 0.001788771926
5.834 0.001791357234
5.836 0.001794294152
5.838 0.001796664443
5.84 0.001799836464
5.842 0.001802000587
5.844 0.001805403305
5.846 0.001807388269
5.848 0.001810969137
5.85 0.001812835291
5.852 0.001816551672
5.854 0.001818321521
5.856 0.001822156404
5.858 0.001823858891
5.86 0.001827758462
5.862 0.001829459967
5.864 0.001833377072
5.866 0.001835096058
5.868 0.00183901836
5.87 0.00184078381
5.872 0.001844658067
5.874 0.001846525807
5.876 0.001850317853
5.878 0.001852295588
5.88 0.001856003917
5.882 0.001858107565
5.884 0.00186169327
5.886 0.00186396263
5.888 0.001867404302
5.89 0.001869830463
5.892 0.001873144217
5.894 0.001875726016
5.896 0.001878888489
5.898 0.00188165076
5.9 0.001884657605
5.902 0.001887575061
5.904 0.001890458071
5.906 0.001893514861
5.908 0.001896264596
5.91 0.001899472783
5.912 0.001902097296
5.914 0.001905420216
5.916 0.001907962223
5.918 0.001911374811
5.92 0.001913832836
5.922 0.001917340602
5.924 0.001919728725
5.926 0.001923290458
5.928 0.001925655439
5.93 0.001929244079
5.932 0.001931585832
5.934 0.001935207426
5.936 0.001937539265
5.938 0.001941154692
5.94 0.001943519986
5.942 0.001947106062
5.944 0.001949503039
5.946 0.001953070754
5.948 0.001955505105
5.95 0.001959021958
5.952 0.001961531358
5.954 0.001964981426
5.956 0.001967553083
5.958 0.0019709564
5.96 0.001973589361
5.962 0.001976920929
5.964 0.001979644685
5.966 0.001982896871
5.968 0.001985689673
5.97 0.001988889956
5.972 0.001991739917
5.974 0.001994645287
5.976 0.001997580288
5.978 0.002000520741
5.98 0.00200353118
5.982 0.002006467387
5.984 0.002009534421
5.986 0.002012523552
5.988 0.002015514224
5.99 0.00201844133
5.992 0.002021503446
5.994 0.002024453647
5.996 0.002027561942
5.998 0.002030525544
6 0.002033693261
6.002 0.002036664625
6.004 0.002039852397
6.006 0.002042862301
6.008 0.002046047451
6.01 0.00204907326
6.012 0.002052272178
6.014 0.002055304266
6.016 0.002058481136
6.018 0.002061547869
6.02 0.002064685171
6.022 0.002067764127
6.024 0.002070884328
6.026 0.002073966863
6.028 0.002077043324
6.03 0.002080156334
6.032 0.002083176491
6.034 0.00208629848
6.036 0.002089291582
6.038 0.00209241363
6.04 0.002095357574
6.042 0.002098507815
6.044 0.002101397783
6.046 0.002104551815
6.048 0.002107420636
6.05 0.002110569939
6.052 0.002113399353
6.054 0.002116571951
6.056 0.002119359396
6.058 0.002122530661
6.06 0.002125311313
6.062 0.002128471808
6.064 0.002131228722
6.066 0.002134414505
6.068 0.002137178434
6.07 0.002140404512
6.072 0.002143191683
6.074 0.002146397842
6.076 0.002149169776
6.078 0.002152380567
6.08 0.002155129073
6.082 0.002158312406
6.084 0.002161069971
6.086 0.002164215797
6.088 0.002166934357
6.09 0.002169969519
6.092 0.002172562042
6.094 0.002175540114
6.096 0.002178175684
6.098 0.00218114403
6.1 0.002183821157
6.102 0.002186830645
6.104 0.002189553983
6.106 0.002192588583
6.108 0.002195395808
6.11 0.002198452556
6.112 0.002201321981
6.114 0.002204435072
6.116 0.002207318965
6.118 0.002210358068
6.12 0.002213289774
6.122 0.002216379246
6.124 0.002219367766
6.126 0.002222514716
6.128 0.002225557818
6.13 0.002228743312
6.132 0.002231870962
6.134 0.002235086942
6.136 0.002238268531
6.138 0.002241542686
6.14 0.002244762582
6.142 0.002248064309
6.144 0.002251344774
6.146 0.002254659876
6.148 0.002257965647
6.15 0.002261319814
6.152 0.002264633052
6.154 0.002267992688
6.156 0.00227133545
6.158 0.002274685788
6.16 0.0022780233
6.162 0.002281389762
6.164 0.002284705812
6.166 0.002288057718
6.168 0.002291382362
6.17 0.002294712938
6.172 0.002298011728
6.174 0.002301341112
6.176 0.002304598004
6.178 0.002307896013
6.18 0.002311139193
6.182 0.00231439504
6.184 0.002317596085
6.186 0.002320842568
6.188 0.002323992872
6.19 0.002327201974
6.192 0.002330335562
6.194 0.002333500692
6.196 0.002336593515
6.198 0.002339749947
6.2 0.002342797556
6.202 0.002345921915
6.204 0.002348962521
6.206 0.002352051082
6.208 0.002355063248
6.21 0.002358153765
6.212 0.002361134682
6.214 0.002364205448
6.216 0.002367195632
6.218 0.002370244089
6.22 0.002373223075
6.222 0.002376289451
6.224 0.002379257597
6.226 0.00238231947
6.228 0.002385315574
6.23 0.002388370182
6.232 0.002391375614
6.234 0.002394462617
6.236 0.002397474298
6.238 0.002400571324
6.24 0.002403628512
6.242 0.002406731669
6.244 0.002409812462
6.246 0.002412960173
6.248 0.002416060269
6.25 0.00241922808
6.252 0.002422385459
6.254 0.002425567395
6.256 0.002428756648
6.258 0.002431989358
6.26 0.002435203447
6.262 0.002438459942
6.264 0.002441734565
6.266 0.002445006411
6.268 0.002448313184
6.27 0.002451634894
6.272 0.002454962826
6.274 0.002458304989
6.276 0.002461689148
6.278 0.002465041194
6.28 0.002468451067
6.282 0.002471846088
6.284 0.002475269549
6.286 0.002478675994
6.288 0.002482145475
6.29 0.00248555111
6.292 0.002489034103
6.294 0.002492471088
6.296 0.002495954783
6.298 0.002499390181
6.3 0.002502906519
6.302 0.002506327185
6.304 0.002509842858
6.306 0.002513281186
6.308 0.002516783081
6.31 0.002520205754
6.312 0.002523726285
6.314 0.002527120485
6.316 0.002530626517
6.318 0.002534025308
6.32 0.002537504665
6.322 0.00254087561
6.324 0.002544362228
6.326 0.002547693228
6.328 0.002551155113
6.33 0.002554480955
6.332 0.002557907194
6.334 0.002561196275
6.336 0.002564622994
6.338 0.002567864965
6.34 0.002571259296
6.342 0.002574490964
6.344 0.002577846972
6.346 0.002581038268
6.348 0.002584393578
6.35 0.002587535924
6.352 0.002590861529
6.354 0.002593994054
6.356 0.002597282059
6.358 0.002600376113
6.36 0.002603666822
6.362 0.002606718125
6.364 0.002609989715
6.366 0.002613037052
6.368 0.002616275508
6.37 0.002619290772
6.372 0.002622538884
6.374 0.002625516188
6.376 0.002628746459
6.378 0.00263172811
6.38 0.002634934539
6.382 0.002637893462
6.384 0.002641118402
6.386 0.002644049374
6.388 0.002647265206
6.39 0.002650211433
6.392 0.002653412141
6.394 0.002656346582
6.396 0.002659575173
6.398 0.002662490681
6.4 0.002665718143
6.402 0.002668658686
6.404 0.002671856514
6.406 0.002674796695
6.408 0.002678004001
6.41 0.002680936004
6.412 0.002684160168
6.414 0.002687129097
6.416 0.002690359935
6.418 0.002693336768
6.42 0.002696617368
6.422 0.002699594056
6.424 0.002702894652
6.426 0.002705913683
6.428 0.002709225776
6.43 0.002712256918
6.432 0.002715621642
6.434 0.002718656672
6.436 0.002722041839
6.438 0.002725122831
6.44 0.002728518222
6.442 0.002731613665
6.444 0.002735059251
6.446 0.002738160677
6.448 0.002741622614
6.45 0.002744771295
6.452 0.002748237511
6.454 0.002751401256
6.456 0.002754912052
6.458 0.002758082425
6.46 0.002761604136
6.462 0.002764820914
6.464 0.00276834212
6.466 0.002771570791
6.468 0.002775133219
6.47 0.002778364742
6.472 0.002781933155
6.474 0.002785207524
6.476 0.002788771319
6.478 0.002792054492
6.48 0.002795654449
6.482 0.002798935063
6.484 0.002802536625
6.486 0.002805855778
6.488 0.002809447757
6.49 0.002812764839
6.492 0.002816382859
6.494 0.00281969079
6.496 0.002823305181
6.498 0.002826645771
6.5 0.002830246889
6.502 0.002833586054
6.504 0.002837215199
6.506 0.002840540822
6.508 0.002844163868
6.51 0.002847518229
6.512 0.002851124467
6.514 0.002854473486
6.516 0.002858106407
6.518 0.002861446907
6.52 0.002865155008
6.522 0.002868512125
6.524 0.00287218635
6.526 0.002875529402
6.528 0.002879212045
6.53 0.002882530631
6.532 0.002886183807
6.534 0.002889522991
6.536 0.002893138293
6.538 0.002896461889
6.54 0.002900080409
6.542 0.002903378797
6.544 0.002906970387
6.546 0.002910288822
6.548 0.002913843762
6.55 0.002917145398
6.552 0.002920708607
6.554 0.002923984199
6.556 0.00292752053
6.558 0.002930814489
6.56 0.002934314013
6.562 0.002937590242
6.564 0.00294109996
6.566 0.002944346101
6.568 0.002947830556
6.57 0.002951092132
6.572 0.002954700263
6.574 0.002957942526
6.576 0.002961487993
6.578 0.002964690041
6.58 0.002968196621
6.582 0.002971405953
6.584 0.002974864864
6.586 0.002978046657
6.588 0.002981505766
6.59 0.002984650482
6.592 0.002988055591
6.594 0.002991270199
6.596 0.002994640864
6.598 0.002997831524
6.6 0.003001208846
6.602 0.003004360464
6.604 0.003007710072
6.606 0.00301086963
6.608 0.003014183972
6.61 0.003017313981
6.612 0.003020643309
6.614 0.0030237329
6.616 0.003027043561
6.618 0.003030193299
6.62 0.00303345863
6.622 0.003036575203
6.624 0.003039863397
6.626 0.003042938378
6.628 0.003046213253
6.63 0.003049291064
6.632 0.003052591109
6.634 0.003056893587
6.636 0.00306137626
6.638 0.003065526539
6.64 0.003069923937
6.642 0.003073985073
6.644 0.003078278076
6.646 0.00308221327
6.648 0.003086445868
6.65 0.00309024549
6.652 0.003094384941
6.654 0.003098104242
6.656 0.003102130924
6.658 0.003105732251
6.66 0.003109697311
6.662 0.003113174452
6.664 0.00311704074
6.666 0.003120447645
6.668 0.003124204991
6.67 0.003127509103
6.672 0.00313120505
6.674 0.003134402532
6.676 0.003138003301
6.678 0.003141152141
6.68 0.003144647866
6.682 0.00314771668
6.684 0.003151159107
6.686 0.003154142934
6.688 0.003157511899
6.69 0.003160484001
6.692 0.003163752036
6.694 0.003166669783
6.696 0.003169898234
6.698 0.003172760804
6.7 0.00317591638
6.702 0.003178783275
6.704 0.003181860339
6.706 0.003184704198
6.708 0.003187753053
6.71 0.00319056599
6.712 0.003193562166
6.714 0.003196394491
6.716 0.003199329947
6.718 0.003202136394
6.72 0.003205056072
6.722 0.003207854583
6.724 0.003210735114
6.726 0.003213576791
6.728 0.003216412127
6.73 0.00322363266
6.732 0.003232279159
6.734 0.003239305085
6.736 0.00324494323
6.738 0.003249401571
6.74 0.003252550749
6.742 0.003254762899
6.744 0.003255883941
6.746 0.003256273768
6.748 0.003255772344
6.75 0.003254837124
6.752 0.003253140766
6.754 0.003251267433
6.756 0.003248838182
6.758 0.003246403865
6.76 0.003243570739
6.762 0.0032409668
6.764 0.003238037453
6.766 0.003235511969
6.768 0.003232800584
6.77 0.003230574364
6.772 0.003228250526
6.774 0.003226683847
6.776 0.003224885007
6.778 0.003223877173
6.78 0.003222767879
6.782 0.003222437218
6.784 0.003222041118
6.786 0.003222480129
6.788 0.003222651206
6.79 0.00322410739
6.792 0.003224811804
6.794 0.003227188557
6.796 0.003228373519
6.798 0.003231636564
6.8 0.003233340092
6.802 0.003237361485
6.804 0.003239525904
6.806 0.003244165537
6.808 0.003246713442
6.81 0.003251893064
6.812 0.003254772101
6.814 0.003260316626
6.816 0.00326520193
6.818 0.003271026387
6.82 0.003276943586
6.822 0.003282803558
6.824 0.003288592696
6.826 0.003293999224
6.828 0.003299222554
6.83 0.003304781357
6.832 0.003310295768
6.834 0.003316015387
6.836 0.003321697759
6.838 0.003327584687
6.84 0.003333328119
6.842 0.003339277895
6.844 0.003345101566
6.846 0.003351015722
6.848 0.003356827278
6.85 0.003362725611
6.852 0.003368434224
6.854 0.003374234636
6.856 0.003379880398
6.858 0.003385505035
6.86 0.003391018446
6.862 0.003396519455
6.864 0.003401836501
6.866 0.003407158102
6.868 0.003412345098
6.87 0.003417436176
6.872 0.003422448641
6.874 0.003427387659
6.876 0.003432184558
6.878 0.003436939045
6.88 0.00344160887
6.882 0.003446148644
6.884 0.003450665471
6.886 0.003455087699
6.888 0.003459426339
6.89 0.00346371323
6.892 0.003467974558
6.894 0.003472111321
6.896 0.003476272067
6.898 0.003480360697
6.9 0.003484407514
6.902 0.003488427068
6.904 0.00349246322
6.906 0.003496395568
6.908 0.003500404493
6.91 0.003504373812
6.912 0.00350831576
6.914 0.003512286847
6.916 0.003516291569
6.918 0.00352022465
6.92 0.003524253516
6.922 0.003528254516
6.924 0.003532277076
6.926 0.003536318804
6.928 0.003540417878
6.93 0.003544455207
6.932 0.003548611126
6.934 0.003552747813
6.936 0.00355692184
6.938 0.003561120172
6.94 0.003565396944
6.942 0.003569613312
6.944 0.003573951319
6.946 0.003578264804
6.948 0.003582618663
6.95 0.003586984756
6.952 0.003591435674
6.954 0.003595807063
6.956 0.003600307533
6.958 0.003604768601
6.96 0.003609271467
6.962 0.003613771652
6.964 0.003618356066
6.966 0.003622833154
6.968 0.003627437522
6.97 0.003631971903
6.972 0.003636546197
6.974 0.003641097122
6.976 0.003645710201
6.978 0.003650223777
6.98 0.003654801066
6.982 0.003659389809
6.984 0.003663923593
6.986 0.003668464483
6.988 0.003673069614
6.99 0.00367755648
6.992 0.003682161262
6.994 0.003686683024
6.996 0.003691238892
6.998 0.003695748901
7 0.003700339946
7.002 0.003704794552
7.004 0.003709375771
7.006 0.003713859533
7.008 0.003718385691
7.01 0.003722856063
7.012 0.003727412701
7.014 0.003731816769
7.016 0.003736371253
7.018 0.00374080616
7.02 0.003745309122
7.022 0.003749733501
7.024 0.003754274817
7.026 0.00375865291
7.028 0.003763194914
7.03 0.003767599829
7.032 0.003772080502
7.034 0.003776477578
7.036 0.00378100401
7.038 0.003785350858
7.04 0.00378987916
7.042 0.00379427052
7.044 0.003798751557
7.046 0.003803141562
7.048 0.003807672784
7.05 0.003812016011
7.052 0.003816549761
7.054 0.003820939005
7.056 0.003825430086
7.058 0.003829795165
7.06 0.003834258075
7.062 0.003838565194
7.064 0.003843066096
7.066 0.003847427588
7.068 0.003851912929
7.07 0.003856289691
7.072 0.003860640374
7.074 0.003864725259
7.076 0.003868811728
7.078 0.003872566209
7.08 0.00387627661
7.082 0.003879702417
7.084 0.003883165724
7.086 0.003886281977
7.088 0.003889535664
7.09 0.003892528037
7.092 0.003895603165
7.094 0.003898510265
7.096 0.003901587316
7.098 0.003904440049
7.1 0.00390757004
7.102 0.003910553
7.104 0.00391372023
7.106 0.003916815777
7.108 0.003920162051
7.11 0.003923365986
7.112 0.003926883274
7.114 0.003930320398
7.116 0.003933983018
7.118 0.003937621256
7.12 0.003941539819
7.122 0.003945340704
7.124 0.00394946964
7.126 0.003953531397
7.128 0.003957820155
7.13 0.003962088757
7.132 0.003966625112
7.134 0.003971037979
7.136 0.00397575715
7.138 0.003980393053
7.14 0.003985225752
7.142 0.003989862454
7.144 0.003994842458
7.146 0.003999660286
7.148 0.004004772273
7.15 0.004009772141
7.152 0.004014935345
7.154 0.004020036277
7.156 0.004025327331
7.158 0.004030449918
7.16 0.004035793946
7.162 0.004041011148
7.164 0.004046334451
7.166 0.004051570433
7.168 0.004056949722
7.17 0.004062132952
7.172 0.004067466496
7.174 0.004072448998
7.176 0.004077694106
7.178 0.004082784109
7.18 0.004088033624
7.182 0.004093068876
7.184 0.004098270338
7.186 0.004103321187
7.188 0.004108419955
7.19 0.004113423626
7.192 0.004118518961
7.194 0.004123416458
7.196 0.004128451466
7.198 0.004133337305
7.2 0.004138262143
7.202 0.004143086067
7.204 0.004147999953
7.206 0.004152712752
7.208 0.004157568397
7.21 0.004162273556
7.212 0.004167023065
7.214 0.004171674406
7.216 0.004176423161
7.218 0.004180974329
7.22 0.004185677042
7.222 0.004190234538
7.224 0.004194843769
7.226 0.004199362264
7.228 0.004203973682
7.23 0.004208401935
7.232 0.004212983816
7.234 0.004217432233
7.236 0.004221951457
7.238 0.004226390925
7.24 0.004230947217
7.242 0.004235317383
7.244 0.004239845331
7.246 0.004244243028
7.248 0.004248696306
7.25 0.004253070598
7.252 0.004257552446
7.254 0.004261857854
7.256 0.004266319546
7.258 0.004270833542
7.26 0.00427518694
7.262 0.00427951758
7.264 0.004283902963
7.266 0.004288126761
7.268 0.004292494992
7.27 0.004296736742
7.272 0.004301018781
7.274 0.004305232492
7.276 0.004309536595
7.278 0.004313666882
7.28 0.004317930492
7.282 0.004322082472
7.284 0.00432625248
7.286 0.004330368499
7.288 0.004334549433
7.29 0.004338574437
7.292 0.004342708382
7.294 0.004346741015
7.296 0.004350775869
7.298 0.004354761073
7.3 0.004358797563
7.302 0.004362679952
7.304 0.004366662018
7.306 0.004370547525
7.308 0.004374421083
7.31 0.004378252265
7.312 0.00438212331
7.314 0.004385844049
7.316 0.004389652346
7.318 0.004393369367
7.32 0.004397060487
7.322 0.004400718688
7.324 0.004404419881
7.326 0.004407973558
7.328 0.004411607785
7.33 0.004415158011
7.332 0.004418675839
7.334 0.004422168989
7.336 0.004425678506
7.338 0.004429086078
7.34 0.004432525248
7.342 0.004435931042
7.344 0.004439285906
7.346 0.004442629383
7.348 0.004445996135
7.35 0.004449245175
7.352 0.004452554393
7.354 0.004455804052
7.356 0.00445904074
7.358 0.00446222555
7.36 0.004465427096
7.362 0.004468521827
7.364 0.004471353953
7.366 0.004474170874
7.368 0.00447697541
7.37 0.004479859153
7.372 0.004482725656
7.374 0.004485536048
7.376 0.004488422938
7.378 0.004491294554
7.38 0.004494144937
7.382 0.004497020409
7.384 0.004499870269
7.386 0.004502660348
7.388 0.004505494615
7.39 0.004508352541
7.392 0.004511086916
7.394 0.0045138792
7.396 0.004516649753
7.398 0.004519370155
7.4 0.004522120948
7.402 0.004524860114
7.404 0.004527513836
7.406 0.004530247172
7.408 0.004532949638
7.41 0.004535601705
7.412 0.004538277387
7.414 0.004541021347
7.416 0.004543622432
7.418 0.004546332603
7.42 0.004549034035
7.422 0.004551714779
7.424 0.00455436373
7.426 0.004557166819
7.428 0.004559855818
7.43 0.00456273615
7.432 0.004565553718
7.434 0.004568452126
7.436 0.004571321966
7.438 0.005404792825
7.44 0.005671967135
7.442 0.007760585572
7.444 0.007802320694
7.446 0.00965274846
7.448 0.00954775535
7.45 0.0111820237
7.452 0.01102833106
7.454 0.01237665916
7.456 0.01227169862
7.458 0.0132713301
7.46 0.01324086842
7.462 0.01388306744
7.464 0.01394417936
7.466 0.01424183153
7.468 0.01440291636
7.47 0.01437347266
7.472 0.01463714138
7.474 0.0143136327
7.476 0.01467216149
7.478 0.01408929671
7.48 0.01453110385
7.482 0.01372016157
7.484 0.01422793694
7.486 0.01325011347
7.488 0.01379104789
7.49 0.01274506958
7.492 0.01323395124
7.494 0.01212778736
7.496 0.01257695338
7.498 0.01141744474
7.5 0.01184111997
7.502 0.01063422057
7.504 0.01104834801
7.506 0.009820799784
7.508 0.01021017368
7.51 0.009058265525
7.512 0.009377473772
7.514 0.008547066163
7.516 0.008565220244
7.518 0.00801262157
7.52 0.007761716286
7.522 0.007513162048
7.524 0.007517171611
7.526 0.007549011297
7.528 0.007484146788
7.53 0.007505774566
7.532 0.007401578581
7.534 0.00737433512
7.536 0.007235826478
7.538 0.007163428171
7.54 0.006993822067
7.542 0.006883494179
7.544 0.006998995171
7.546 0.006886664478
7.548 0.006980345227
7.55 0.006871046003
7.552 0.006942997215
7.554 0.00680579769
7.556 0.006851111213
7.558 0.006691824131
7.56 0.00670738662
7.562 0.006528834103
7.564 0.006515013923
7.566 0.006452240994
7.568 0.006445445398
7.57 0.006363866947
7.572 0.006340338527
7.574 0.006256511699
7.576 0.006214745045
7.578 0.00610989835
7.58 0.006058255566
7.582 0.006003777595
7.584 0.006003656346
7.586 0.005931020963
7.588 0.005917186417
7.59 0.005837683559
7.592 0.005812970468
7.594 0.005716460395
7.596 0.005675336203
7.598 0.005603745764
7.6 0.005594086632
7.602 0.005539555091
7.604 0.005515963011
7.606 0.005456019353
7.608 0.005425776142
7.61 0.005352841172
7.612 0.005309404315
7.614 0.005240546928
7.616 0.005231869942
7.618 0.005188473467
7.62 0.005175017779
7.622 0.005127145351
7.624 0.005103525034
7.626 0.005045297102
7.628 0.005017556009
7.63 0.004978281496
7.632 0.004958493205
7.634 0.004912527901
7.636 0.004887430221
7.638 0.004834547863
7.64 0.004811330785
7.642 0.004777248841
7.644 0.004758981769
7.646 0.004721353471
7.648 0.004698371315
7.65 0.004658036383
7.652 0.004645265608
7.654 0.004663511864
7.656 0.00472995455
7.658 0.004763852579
7.66 0.00482262711
7.662 0.004856881213
7.664 0.00490755563
7.666 0.004941692781
7.668 0.004984197299
7.67 0.005017590654
7.672 0.005052229644
7.674 0.005086635796
7.676 0.0051155446
7.678 0.005146871412
7.68 0.005167813437
7.682 0.005196241481
7.684 0.005209411028
7.686 0.005235683049
7.688 0.005242456755
7.69 0.005264543605
7.692 0.005265788164
7.694 0.005283960958
7.696 0.005280795236
7.698 0.00529515312
7.7 0.005288285277
7.702 0.005299127498
7.704 0.005289503162
7.706 0.005296924902
7.708 0.005285641038
7.71 0.005289797766
7.712 0.005277603971
7.714 0.005278782667
7.716 0.005266373251
7.718 0.005264702015
7.72 0.005252884051
7.722 0.005248523051
7.724 0.005237829529
7.726 0.005231194095
7.728 0.00522188631
7.73 0.005213218123
7.732 0.005205894328
7.734 0.005195341581
7.736 0.005190109929
7.738 0.005178261698
7.74 0.005174817717
7.742 0.005161823142
7.744 0.005160534136
7.746 0.005146830125
7.748 0.005147033276
7.75 0.005132752495
7.752 0.005134034966
7.754 0.005117638769
7.756 0.005119277541
7.758 0.005102070398
7.76 0.005104078644
7.762 0.005081603012
7.764 0.005084508691
7.766 0.005066016679
7.768 0.005068809859
7.77 0.005051958839
7.772 0.005054774091
7.774 0.005040000999
7.776 0.005042893556
7.778 0.00503050166
7.78 0.005033622241
7.782 0.00502386288
7.784 0.005027104623
7.786 0.005020320036
7.788 0.005024037826
7.79 0.005020307569
7.792 0.005024298381
7.794 0.005023503293
7.796 0.005027526449
7.798 0.00502961884
7.8 0.005033474193
7.802 0.005038107339
7.804 0.005041845021
7.806 0.005048639932
7.808 0.005052174498
7.81 0.005060907223
7.812 0.005067256799
7.814 0.005075675711
7.816 0.005079099518
7.818 0.005088310047
7.82 0.005090774256
7.822 0.005100592889
7.824 0.005102345266
7.826 0.005112388247
7.828 0.005113810755
7.83 0.005123629615
7.832 0.005124559091
7.834 0.005133852343
7.836 0.005134502872
7.838 0.005143190922
7.84 0.005143928533
7.842 0.00515188993
7.844 0.005152855421
7.846 0.005160181733
7.848 0.005161473097
7.85 0.005168045507
7.852 0.005169905832
7.854 0.0051756192
7.856 0.005178049598
7.858 0.005336778138
7.86 0.005525994701
7.862 0.005647608873
7.864 0.005706832334
7.866 0.005710326498
7.868 0.005665834179
7.87 0.005582239114
7.872 0.00550469277
7.874 0.005635944738
7.876 0.005692666487
7.878 0.005746709747
7.88 0.005727109716
7.882 0.005714250842
7.884 0.005632633072
7.886 0.005563836113
7.888 0.005431625528
7.89 0.00531856848
7.892 0.005149186886
7.894 0.005000602403
7.896 0.004803003229
7.898 0.004627480881
7.9 0.004411282161
7.902 0.004216604367
7.904 0.004135172038
7.906 0.004120584918
7.908 0.004115739964
7.91 0.004102725191
7.912 0.004098914007
7.914 0.00408798675
7.916 0.004086931816
7.918 0.004080726191
7.92 0.004085366502
7.922 0.00408730245
7.924 0.00410188465
7.926 0.004115979459
7.928 0.004142990233
7.93 0.004172311066
7.932 0.004213886086
7.934 0.004258505695
7.936 0.004327679169
7.938 0.004401967773
7.94 0.004484493868
7.942 0.004570584256
7.944 0.004662697872
7.946 0.004756855793
7.948 0.004854590814
7.95 0.00495452221
7.952 0.005055488173
7.954 0.005157119715
7.956 0.005257647871
7.958 0.005355720551
7.96 0.005452153602
7.962 0.00554840398
7.964 0.005638662247
7.966 0.005727145081
7.968 0.005809623471
7.97 0.005888294577
7.972 0.005961317236
7.974 0.00603116592
7.976 0.006093311194
7.978 0.006151096697
7.98 0.006200649196
7.982 0.006248228881
7.984 0.006287768192
7.986 0.006322445439
7.988 0.006349497505
7.99 0.006374433657
7.992 0.006391973266
7.994 0.006405000423
7.996 0.006411332026
7.998 0.006415878272
8 0.00641441196
8.002 0.006408514895
8.004 0.006399286606
8.006 0.006384597382
8.008 0.006369963746
8.01 0.006350244385
8.012 0.006328190455
8.014 0.006303609121
8.016 0.00627587795
8.018 0.00624877624
8.02 0.006219378066
8.022 0.006187647784
8.024 0.006156411141
8.026 0.006121811482
8.028 0.006088877594
8.03 0.006056623607
8.032 0.006024174074
8.034 0.005990195805
8.036 0.005958292788
8.038 0.005924002299
8.04 0.005892768731
8.042 0.005861133192
8.044 0.005833971274
8.046 0.005804908056
8.048 0.005778568009
8.05 0.00575065186
8.052 0.005725991018
8.054 0.0056997844
8.056 0.005677483605
8.058 0.005655430587
8.06 0.00563613207
8.062 0.005619390116
8.064 0.005603581077
8.066 0.005587969556
8.068 0.005574655924
8.07 0.005561812581
8.072 0.005551113152
8.074 0.005541094692
8.076 0.005531578406
8.078 0.005523948972
8.08 0.005518026436
8.082 0.005512865429
8.084 0.005509249192
8.086 0.005506337802
8.088 0.005504657109
8.09 0.005503913905
8.092 0.005506329601
8.094 0.005505964997
8.096 0.005509988606
8.098 0.005395696523
8.1 0.005294085533
8.102 0.005215045985
8.104 0.005156162217
8.106 0.005109479634
8.108 0.005076085271
8.11 0.005049388593
8.112 0.005031423713
8.114 0.00501690169
8.116 0.005008455688
8.118 0.005001277272
8.12 0.004998583725
8.122 0.004995910539
8.124 0.004996562654
8.126 0.004996456521
8.128 0.004999123153
8.13 0.005000333443
8.132 0.005004019341
8.134 0.005005933204
8.136 0.005009824115
8.138 0.005011868154
8.14 0.005015966076
8.142 0.005017700933
8.144 0.005021605832
8.146 0.005023450766
8.148 0.005027093367
8.15 0.005028691707
8.152 0.005032161917
8.154 0.005033384226
8.156 0.00503661735
8.158 0.005037576383
8.16 0.005038902038
8.162 0.00504165685
8.164 0.00504240697
8.166 0.005044676531
8.168 0.005045169715
8.17 0.00504548647
8.172 0.005047796082
8.174 0.005047473372
8.176 0.005047922555
8.178 0.005048164353
8.18 0.005048336361
8.182 0.005050025255
8.184 0.005049678423
8.186 0.005050661102
8.188 0.005050137985
8.19 0.005048992249
8.192 0.005050277162
8.194 0.005048466798
8.196 0.00504766487
8.198 0.005047702471
8.2 0.005046250282
8.202 0.005043729534
8.204 0.005043134623
8.206 0.005041947241
8.208 0.005041920261
8.21 0.005039449229
8.212 0.005037663488
8.214 0.00503690293
8.216 0.005034555733
8.218 0.00503202401
8.22 0.005031540421
8.222 0.005028528777
8.224 0.005026342356
8.226 0.005023089408
8.228 0.005021499008
8.23 0.005019828889
8.232 0.005019647271
8.234 0.00501780255
8.236 0.005014084315
8.238 0.005011624736
8.24 0.005010732942
8.242 0.005007944492
8.244 0.005005636011
8.246 0.005002700193
8.248 0.00500128521
8.25 0.005000061594
8.252 0.004998142661
8.254 0.004995712427
8.256 0.004994549127
8.258 0.004993866427
8.26 0.004992326123
8.262 0.004990275989
8.264 0.004989605549
8.266 0.004989439541
8.268 0.004988325542
8.27 0.004986841208
8.272 0.004986701819
8.274 0.00498705703
8.276 0.004986566905
8.278 0.004985665187
8.28 0.004986044815
8.282 0.004987161217
8.284 0.004987247624
8.286 0.004986984586
8.288 0.00498887363
8.29 0.004991522887
8.292 0.004990753637
8.294 0.004992122939
8.296 0.004995315246
8.298 0.004997205456
8.3 0.004997124531
8.302 0.004998891071
8.304 0.005000483008
8.306 0.005001712777
8.308 0.005004454597
8.31 0.005007847456
8.312 0.005010283831
8.314 0.005013265426
8.316 0.005018329675
8.318 0.005019613452
8.32 0.005022269546
8.322 0.005026753666
8.324 0.005030000635
8.326 0.005024598028
8.328 0.005031403178
8.33 0.005031422471
8.332 0.005036241737
8.334 0.005040920397
8.336 0.005046393213
8.338 0.005051068263
8.34 0.005065366496
8.342 0.005068166691
8.344 0.005076832925
8.346 0.005083310752
8.348 0.005089176866
8.35 0.005094559474
8.352 0.005101645066
8.354 0.005106599225
8.356 0.005115266336
8.358 0.005121107557
8.36 0.005128354925
8.362 0.005137563761
8.364 0.005142442252
8.366 0.005150126799
8.368 0.005156491877
8.37 0.005164353546
8.372 0.005173365682
8.374 0.005179617363
8.376 0.005186433645
8.378 0.005194654334
8.38 0.005201248564
8.382 0.005212497905
8.384 0.005216978258
8.386 0.005226419472
8.388 0.005232551832
8.39 0.005241942844
8.392 0.005248501102
8.394 0.005257881359
8.396 0.005267234771
8.398 0.005274674862
8.4 0.005281933204
8.402 0.005291114314
8.404 0.005298362245
8.406 0.005307793317
8.408 0.005315147033
8.41 0.005325042197
8.412 0.005333182012
8.414 0.005343216101
8.416 0.005351245261
8.418 0.005363523007
8.42 0.005369368913
8.422 0.005379244484
8.424 0.005386802941
8.426 0.005395937094
8.428 0.005403599699
8.43 0.005412100586
8.432 0.005419615034
8.434 0.005427659242
8.436 0.005434910303
8.438 0.005442485408
8.44 0.005449550691
8.442 0.005456633072
8.444 0.005463403843
8.446 0.005470113554
8.448 0.005476576412
8.45 0.005482869748
8.452 0.005489111579
8.454 0.005494983494
8.456 0.00550091915
8.458 0.005506452472
8.46 0.005512031953
8.462 0.005517200723
8.464 0.00552251444
8.466 0.005527283433
8.468 0.005532284288
8.47 0.00553675928
8.472 0.00554150268
8.474 0.005545660818
8.476 0.005549993374
8.478 0.005553816311
8.48 0.00555782442
8.482 0.005561367696
8.484 0.005564987526
8.486 0.005568199068
8.488 0.005571512505
8.49 0.005574346779
8.492 0.005577297818
8.494 0.005579881125
8.496 0.005582402103
8.498 0.005584668145
8.5 0.005586851286
8.502 0.005588753622
8.504 0.005590552111
8.506 0.005592181147
8.508 0.005593558356
8.51 0.005594864726
8.512 0.005595890029
8.514 0.005596826665
8.516 0.005597488052
8.518 0.005598175194
8.52 0.005598429891
8.522 0.00559879317
8.524 0.005598772844
8.526 0.005598794207
8.528 0.005598433836
8.53 0.005598240408
8.532 0.00559750221
8.534 0.00559703717
8.536 0.005596064144
8.538 0.005595300193
8.54 0.005594046834
8.542 0.0055930926
8.544 0.005591592285
8.546 0.005590399751
8.548 0.005588739604
8.55 0.005587307006
8.552 0.005585516529
8.554 0.005583943463
8.556 0.00558197155
8.558 0.005580268342
8.56 0.005578226887
8.562 0.005576355851
8.564 0.00557423706
8.566 0.005572333113
8.568 0.005570125317
8.57 0.005568155337
8.572 0.005565975867
8.574 0.005563859983
8.576 0.005561766483
8.578 0.00555973137
8.58 0.005557656781
8.582 0.005555647326
8.584 0.005553675167
8.586 0.005551692358
8.588 0.005549822427
8.59 0.005548037798
8.592 0.005546192798
8.594 0.005544539451
8.596 0.005542878102
8.598 0.005541310877
8.6 0.005539812699
8.602 0.005538429454
8.604 0.005537070715
8.606 0.005535834108
8.608 0.005534715264
8.61 0.005533630363
8.612 0.005532716708
8.614 0.005531836442
8.616 0.005531113654
8.618 0.005530431174
8.62 0.005529988789
8.622 0.00552945634
8.624 0.005529230406
8.626 0.005528952963
8.628 0.005528932263
8.63 0.005528863907
8.632 0.005529100066
8.634 0.005529219076
8.636 0.005529700501
8.638 0.005530074159
8.64 0.005530736292
8.642 0.005531328353
8.644 0.005532262985
8.646 0.005533027217
8.648 0.005534194344
8.65 0.005535213824
8.652 0.005536538712
8.654 0.00553776344
8.656 0.005539341615
8.658 0.005540719142
8.66 0.005542507779
8.662 0.005544116528
8.664 0.005546057172
8.666 0.005547892464
8.668 0.005550077349
8.67 0.005552037899
8.672 0.005554401976
8.674 0.005556559467
8.676 0.00555905041
8.678 0.005557166653
8.68 0.005563844543
8.682 0.005563892298
8.684 0.005570309073
8.686 0.005571053489
8.688 0.005577144641
8.69 0.00557868612
8.692 0.005584480847
8.694 0.005586670714
8.696 0.005592125061
8.698 0.005594847702
8.7 0.005599883383
8.702 0.005602990525
8.704 0.005607651024
8.706 0.005611005127
8.708 0.00561522992
8.71 0.005618834204
8.712 0.005622559474
8.714 0.005626322618
8.716 0.00562965091
8.718 0.005633472343
8.72 0.005636370255
8.722 0.005640326092
8.724 0.005642768778
8.726 0.005646730495
8.728 0.005648850964
8.73 0.005652707365
8.732 0.005654515994
8.734 0.005658287232
8.736 0.005659787568
8.738 0.005663393428
8.74 0.005664686998
8.742 0.005668055008
8.744 0.005669141609
8.746 0.005672207723
8.748 0.00567300324
8.75 0.005679857827
8.752 0.005676058975
8.754 0.005681612002
8.756 0.00567938631
8.758 0.005684644649
8.76 0.005683455563
8.762 0.00568819621
8.764 0.005687590401
8.766 0.005691606713
8.768 0.005691470008
8.77 0.005694611307
8.772 0.005694772119
8.774 0.0056970653
8.776 0.005697434314
8.778 0.005698849777
8.78 0.005699357744
8.782 0.005699891784
8.784 0.005700502612
8.786 0.005700242671
8.788 0.005700842738
8.79 0.005699858742
8.792 0.005700487773
8.794 0.005698753891
8.796 0.005699412706
8.798 0.00569704599
8.8 0.005697633276
8.802 0.005694739641
8.804 0.005695241729
8.806 0.005691861452
8.808 0.005692302842
8.81 0.00568849179
8.812 0.005688812167
8.814 0.005684710074
8.816 0.005684867254
8.818 0.005680498441
8.82 0.005680502259
8.822 0.005675985139
8.824 0.005675795375
8.826 0.005671142636
8.828 0.005670778624
8.83 0.005666103071
8.832 0.005665524763
8.834 0.005660832395
8.836 0.005660089507
8.838 0.005655472183
8.84 0.005654544083
8.842 0.005649995061
8.844 0.005648903098
8.846 0.005644512099
8.848 0.005643251877
8.85 0.005638968724
8.852 0.005637634158
8.854 0.005633506668
8.856 0.005632047328
8.858 0.005628138293
8.86 0.005626561611
8.862 0.005622849088
8.864 0.005621195115
8.866 0.005617733583
8.868 0.00561601611
8.87 0.005612817647
8.872 0.005610984747
8.874 0.005608028195
8.876 0.00560620517
8.878 0.005603479743
8.88 0.005601647096
8.882 0.005599167948
8.884 0.005597381015
8.886 0.005595089927
8.888 0.00559338623
8.89 0.005591313653
8.892 0.005589689545
8.894 0.00558781976
8.896 0.005586300084
8.898 0.005584624234
8.9 0.005583226737
8.902 0.005581735578
8.904 0.005580472862
8.906 0.00557916288
8.908 0.005578047642
8.91 0.005576915196
8.912 0.00557595584
8.914 0.005574993744
8.916 0.005574208268
8.918 0.005573411662
8.92 0.005572764879
8.922 0.005572159352
8.924 0.005571668983
8.926 0.005571210047
8.928 0.00557090615
8.93 0.005570600521
8.932 0.005570480864
8.934 0.005570321424
8.936 0.005570389969
8.938 0.005570387789
8.94 0.005570585896
8.942 0.005570765309
8.944 0.005571109775
8.946 0.005571467863
8.948 0.005571954688
8.95 0.005572485215
8.952 0.005573076196
8.954 0.005573804814
8.956 0.00557451503
8.958 0.005575433823
8.96 0.005576221071
8.962 0.005577342684
8.964 0.00557823529
8.966 0.005579550744
8.968 0.005580501183
8.97 0.005582025882
8.972 0.005583061904
8.974 0.005584783481
8.976 0.005585871846
8.978 0.005587798868
8.98 0.005588924614
8.982 0.005591059204
8.984 0.005592251963
8.986 0.00559457796
8.988 0.005595797561
8.99 0.005598322548
8.992 0.005599557684
8.994 0.005602284454
8.996 0.005603545477
8.998 0.005606458833
9 0.005607701588
9.002 0.005610833007
9.004 0.005612045108
9.006 0.005615359809
9.008 0.005616573462
9.01 0.005620044182
9.012 0.005621239417
9.014 0.005624884778
9.016 0.005626043761
9.018 0.005629827904
9.02 0.005630990981
9.022 0.005634879361
9.024 0.005636026201
9.026 0.005640040065
9.028 0.005641151372
9.03 0.005645249309
9.032 0.005646368445
9.034 0.005650518796
9.036 0.005651629787
9.038 0.005655845352
9.04 0.005656913646
9.042 0.005661215999
9.044 0.0056622307
9.046 0.00566654808
9.048 0.005667562168
9.05 0.005671824686
9.052 0.005672880468
9.054 0.005677062913
9.056 0.005678169011
9.058 0.005682249651
9.06 0.005683398115
9.062 0.005687404845
9.064 0.00568853933
9.066 0.005692427308
9.068 0.005693589111
9.07 0.005697371598
9.072 0.005698542456
9.074 0.005702180027
9.076 0.005703365516
9.078 0.005706841499
9.08 0.00570803317
9.082 0.005711358194
9.084 0.005712544161
9.086 0.005715674486
9.088 0.005716864933
9.09 0.005719812478
9.092 0.005720994312
9.094 0.005723722623
9.096 0.005724903202
9.098 0.005727433779
9.1 0.005728592666
9.102 0.005730937681
9.104 0.005732058737
9.106 0.005734192325
9.108 0.005735263189
9.11 0.005737163576
9.112 0.005738215263
9.114 0.005739885133
9.116 0.005740917507
9.118 0.005742335561
9.12 0.005743347345
9.122 0.005744524608
9.124 0.00574552049
9.126 0.005746465157
9.128 0.005747437238
9.13 0.005748129589
9.132 0.005749084385
9.134 0.005749545195
9.136 0.005750479561
9.138 0.0057507218
9.14 0.00575162456
9.142 0.005751639956
9.144 0.005752532552
9.146 0.005752342781
9.148 0.005753195628
9.15 0.005752832609
9.152 0.005753655718
9.154 0.005753102471
9.156 0.005753910004
9.158 0.00575319832
9.16 0.00575398407
9.162 0.005753130007
9.164 0.005753887876
9.166 0.005752906244
9.168 0.005753641375
9.17 0.005752550946
9.172 0.005753261475
9.174 0.005752083708
9.176 0.005752770382
9.178 0.005749977116
9.18 0.005751153977
9.182 0.005749329439
9.184 0.005750343672
9.186 0.00574867835
9.188 0.005749521436
9.19 0.005747885293
9.192 0.00574866855
9.194 0.005747051451
9.196 0.005747735141
9.198 0.005746191389
9.2 0.005746890991
9.202 0.005745443804
9.204 0.005746071496
9.206 0.005744716846
9.208 0.005745272953
9.21 0.005744046142
9.212 0.005744549458
9.214 0.005743468506
9.216 0.005743904711
9.218 0.005742983778
9.22 0.005743264452
9.222 0.005742745029
9.224 0.005742837033
9.226 0.005742488151
9.228 0.005742537888
9.23 0.005742353353
9.232 0.005742383121
9.234 0.005742338387
9.236 0.005742336342
9.238 0.005742453391
9.24 0.005742404292
9.242 0.005742668251
9.244 0.005742600121
9.246 0.005743028508
9.248 0.005742927133
9.25 0.005743318107
9.252 0.005743556778
9.254 0.005743875064
9.256 0.005744146189
9.258 0.005744584478
9.26 0.005744871947
9.262 0.005745403368
9.264 0.005745723227
9.266 0.005746369643
9.268 0.005746670757
9.27 0.005747472155
9.272 0.005747716447
9.274 0.005748688396
9.276 0.005748871227
9.278 0.005749999763
9.28 0.00575015733
9.282 0.005751404988
9.284 0.005751544919
9.286 0.005752911522
9.288 0.005753021617
9.29 0.00575449837
9.292 0.005754608077
9.294 0.005756167616
9.296 0.005756262654
9.298 0.005757907284
9.3 0.005757972634
9.302 0.005759748415
9.304 0.005759797244
9.306 0.005761611939
9.308 0.00576170094
9.31 0.005763524226
9.312 0.005763668764
9.314 0.005765482699
9.316 0.00576568807
9.318 0.005767491431
9.32 0.005767753718
9.322 0.005769533144
9.324 0.005769857729
9.326 0.005771604333
9.328 0.005771992245
9.33 0.005773694956
9.332 0.005774153635
9.334 0.005775787852
9.336 0.005776308317
9.338 0.005777902828
9.34 0.005778448554
9.342 0.00578003932
9.344 0.005780630954
9.346 0.005782129767
9.348 0.005782788117
9.35 0.005784201419
9.352 0.005784915835
9.354 0.005786245772
9.356 0.005787024188
9.358 0.00579058433
9.36 0.005791076672
9.362 0.005792879276
9.364 0.005793431744
9.366 0.005794823622
9.368 0.00579546771
9.37 0.005796624402
9.372 0.005797360779
9.374 0.005798330406
9.376 0.005799153892
9.378 0.005799969552
9.38 0.005800881855
9.382 0.005801545746
9.384 0.005802544136
9.386 0.005803064427
9.388 0.005804146582
9.39 0.005804524934
9.392 0.005805688743
9.394 0.005805933423
9.396 0.005807168437
9.398 0.005807288371
9.4 0.005808589224
9.402 0.005808593427
9.404 0.005809952096
9.406 0.005809853569
9.408 0.005811250653
9.41 0.005811002849
9.412 0.005812544595
9.414 0.005812140668
9.416 0.005813731912
9.418 0.005813250654
9.42 0.005814859221
9.422 0.005814323708
9.424 0.00581592674
9.426 0.00581535296
9.428 0.005816956033
9.43 0.005816348889
9.432 0.005817944586
9.434 0.005817314739
9.436 0.005818896269
9.438 0.005818255309
9.44 0.005819813098
9.442 0.005819162438
9.444 0.005820702488
9.446 0.005820074802
9.448 0.00582155949
9.45 0.005820966729
9.452 0.005822397522
9.454 0.005821848151
9.456 0.005823228515
9.458 0.00582272674
9.46 0.005824143936
9.462 0.005823580078
9.464 0.005824943049
9.466 0.005824480197
9.468 0.005825768462
9.47 0.00582546904
9.472 0.005826544219
9.474 0.005826412111
9.476 0.00582738241
9.478 0.005827357526
9.48 0.005828308754
9.482 0.005828273736
9.484 0.005829195246
9.486 0.005829232132
9.488 0.005830099029
9.49 0.005830211946
9.492 0.00583102868
9.494 0.005831213217
9.496 0.005831982426
9.498 0.005832238688
9.5 0.005832961342
9.502 0.00583329406
9.504 0.005833971144
9.506 0.005834375539
9.508 0.005835010602
9.51 0.005835487133
9.512 0.005836080236
9.514 0.005836631667
9.516 0.005837186296
9.518 0.005837800186
9.52 0.005838332549
9.522 0.005838990035
9.524 0.005839528423
9.526 0.005840205475
9.528 0.005840766694
9.53 0.005841452681
9.532 0.00584200709
9.534 0.005842724915
9.536 0.005843290342
9.538 0.005844034385
9.54 0.005844596367
9.542 0.005845369052
9.544 0.00584596684
9.546 0.005846734948
9.548 0.005847361023
9.55 0.005848191434
9.552 0.005848727305
9.554 0.005849637286
9.556 0.005850159884
9.558 0.005851092649
9.56 0.005851633562
9.562 0.005852560584
9.564 0.00585314059
9.566 0.005854052675
9.568 0.005854673799
9.57 0.005855573458
9.572 0.00585622668
9.574 0.005857107175
9.576 0.005857816855
9.578 0.005858654177
9.58 0.005859401511
9.582 0.005860231571
9.584 0.00586100681
9.586 0.005861816815
9.588 0.005862624141
9.59 0.005863410586
9.592 0.005864257337
9.594 0.005865009152
9.596 0.005865895549
9.598 0.005866617862
9.6 0.005867522166
9.602 0.005868233429
9.604 0.005869160924
9.606 0.005869840907
9.608 0.005870800709
9.61 0.005871440107
9.612 0.005872439389
9.614 0.005873031817
9.616 0.005874068828
9.618 0.0058746248
9.62 0.005875680935
9.622 0.005876205247
9.624 0.005877284041
9.626 0.005877768304
9.628 0.005878875523
9.63 0.005879321247
9.632 0.005880449021
9.634 0.005880857851
9.636 0.005881998201
9.638 0.005882365471
9.64 0.005883534468
9.642 0.005883869243
9.644 0.005885027533
9.646 0.005885352671
9.648 0.005886501409
9.65 0.005886993282
9.652 0.005887758726
9.654 0.005888476089
9.656 0.005889147986
9.658 0.00588988868
9.66 0.005890696171
9.662 0.005891098598
9.664 0.005892098899
9.666 0.005892412171
9.668 0.005893443105
9.67 0.005893722572
9.672 0.005894743896
9.674 0.005895014362
9.676 0.005896005436
9.678 0.00589627969
9.68 0.005897234224
9.682 0.005897513265
9.684 0.005898430746
9.686 0.005898715078
9.688 0.005899594931
9.69 0.005899902511
9.692 0.005900700452
9.694 0.005901041264
9.696 0.005901786403
9.698 0.005902145513
9.7 0.005902847523
9.702 0.005903216292
9.704 0.005903874938
9.706 0.005904254193
9.708 0.005904873535
9.71 0.005905227844
9.712 0.005905847793
9.714 0.005906216365
9.716 0.005906759288
9.718 0.005907177675
9.72 0.005907592949
9.722 0.005908173786
9.724 0.005908457646
9.726 0.005909066465
9.728 0.005909302977
9.73 0.005909929178
9.732 0.005910132885
9.734 0.005910747179
9.736 0.005910938144
9.738 0.005911535093
9.74 0.005911725285
9.742 0.0059122821
9.744 0.005912466558
9.746 0.005913030158
9.748 0.005913189402
9.75 0.005913739072
9.752 0.005913880948
9.754 0.00591442798
9.756 0.005914545927
9.758 0.005915092368
9.76 0.005915185178
9.762 0.005915736118
9.764 0.005915811743
9.766 0.00591633774
9.768 0.005916397835
9.77 0.005916937721
9.772 0.005916955328
9.774 0.005917519817
9.776 0.00591749864
9.778 0.005918071554
9.78 0.005918071341
9.782 0.005918569704
9.784 0.005918583743
9.786 0.005919083117
9.788 0.005919081064
9.79 0.005919558831
9.792 0.005919559511
9.794 0.005920023338
9.796 0.005920022532
9.798 0.005920465361
9.8 0.00592046695
9.802 0.00592089064
9.804 0.005920888474
9.806 0.005921301386
9.808 0.005921292311
9.81 0.005921694259
9.812 0.005921676763
9.814 0.005922071837
9.816 0.005922042831
9.818 0.005922431587
9.82 0.005922394868
9.822 0.005922773506
9.824 0.005922733222
9.826 0.005923097609
9.828 0.005923058864
9.83 0.005923412558
9.832 0.005923353346
9.834 0.005923712105
9.836 0.005923650759
9.838 0.005924002093
9.84 0.005923931362
9.842 0.005924293482
9.844 0.005924183433
9.846 0.005924584283
9.848 0.005924424897
9.85 0.005924854367
9.852 0.0059246624
9.854 0.005925109367
9.856 0.005924894316
9.858 0.005925349663
9.86 0.005925120878
9.862 0.005925580443
9.864 0.005925339576
9.866 0.005925800923
9.868 0.005925548733
9.87 0.005926017597
9.872 0.005925754242
9.874 0.005926222593
9.876 0.00592595646
9.878 0.005926380971
9.88 0.005926032764
9.882 0.005926722827
9.884 0.005926239384
9.886 0.005926908483
9.888 0.005926464684
9.89 0.005927066799
9.892 0.005926693423
9.894 0.005927218832
9.896 0.005926920013
9.898 0.005927369338
9.9 0.005927207542
9.902 0.005927485611
9.904 0.005927404523
9.906 0.005927657491
9.908 0.005927586933
9.91 0.005927849222
9.912 0.005927773853
9.914 0.005928038677
9.916 0.005927960342
9.918 0.005928225686
9.92 0.005928153377
9.922 0.005928414252
9.924 0.005928349839
9.926 0.005928599511
9.928 0.005928552628
9.93 0.005928842882
9.932 0.005928703909
9.934 0.00592902397
9.936 0.005928904497
9.938 0.005929207194
9.94 0.005929106541
9.942 0.005929397452
9.944 0.005929333947
9.946 0.005929589247
9.948 0.005929549523
9.95 0.005929788285
9.952 0.005929778055
9.954 0.005929996076
9.956 0.005930008154
9.958 0.005930210898
9.96 0.005930243594
9.962 0.005930425777
9.964 0.005930488983
9.966 0.005930649901
9.968 0.005930737236
9.97 0.005930880688
9.972 0.005930990108
9.974 0.005931120734
9.976 0.005931246307
9.978 0.005931369773
9.98 0.005931507655
9.982 0.005931627329
9.984 0.005931774902
9.986 0.005931925072
9.988 0.005932045996
9.99 0.005932172975
9.992 0.005932326457
9.994 0.005932450108
9.996 0.005932614591
9.998 0.005932737317
10 0.00593290634
10.002 0.005933036671
10.004 0.005933203787
10.006 0.005933345659
10.008 0.005933508515
10.01 0.005933661024
10.012 0.005933817881
10.014 0.00593398688
10.016 0.005934133385
10.018 0.005934321709
10.02 0.005934417403
10.022 0.005934707234
10.024 0.005934748918
10.026 0.005935063399
10.028 0.005935096287
10.03 0.005935381379
10.032 0.005935499115
10.034 0.005935742361
10.036 0.005935876501
10.038 0.005936122308
10.04 0.005936242168
10.042 0.005936543294
10.044 0.005936631911
10.046 0.005936966111
10.048 0.005937038522
10.05 0.005937396184
10.052 0.005937453737
10.054 0.005937832321
10.056 0.005937877374
10.058 0.005938277029
10.06 0.00593830608
10.062 0.005938731414
10.064 0.00593874054
10.066 0.005939193271
10.068 0.005939182903
10.07 0.005939664396
10.072 0.005939633188
10.074 0.005940138224
10.076 0.005940089174
10.078 0.005940622031
10.08 0.005940552785
10.082 0.005941111033
10.084 0.005941021699
10.086 0.005941601815
10.088 0.005941496745
10.09 0.00594210075
10.092 0.005941975983
10.094 0.005942603415
10.096 0.00594246159
10.098 0.005943108134
10.1 0.005942951544
10.102 0.005943622266
10.104 0.005943442993
10.106 0.005944133176
10.108 0.00594394376
10.11 0.005944649466
10.112 0.005944444334
10.114 0.005945173801
10.116 0.005944945648
10.118 0.00594570267
10.12 0.005945679303
10.122 0.005945957743
10.124 0.005946245392
10.126 0.005946427809
10.128 0.005946747996
10.13 0.005947081606
10.132 0.005947075685
10.134 0.005947758183
10.136 0.005947687311
10.138 0.005948242625
10.14 0.005947998295
10.142 0.005948824627
10.144 0.005948645675
10.146 0.005949378754
10.148 0.005949143411
10.15 0.005949898185
10.152 0.005949632155
10.154 0.005950404932
10.156 0.005950126772
10.158 0.005950908354
10.16 0.005950624762
10.162 0.005951405586
10.164 0.005951115062
10.166 0.005951899556
10.168 0.005951619488
10.17 0.005952390007
10.172 0.005952116009
10.174 0.005952880774
10.176 0.005952638217
10.178 0.005953367525
10.18 0.005953194219
10.182 0.005953597839
10.184 0.005953833989
10.186 0.005954103131
10.188 0.005954325216
10.19 0.005954602032
10.192 0.005954804286
10.194 0.005955100138
10.196 0.005955279028
10.198 0.005955492102
10.2 0.005955606863
10.202 0.005955926768
10.204 0.005956084274
10.206 0.005956375149
10.208 0.005956560021
10.21 0.005956843693
10.212 0.005957039896
10.214 0.00595731268
10.216 0.005957528205
10.218 0.00595777125
10.22 0.005957969094
10.222 0.005958365413
10.224 0.005958604308
10.226 0.005958882895
10.228 0.005959087325
10.23 0.005959435294
10.232 0.005959291898
10.234 0.005960055146
10.236 0.005959757433
10.238 0.005960496119
10.24 0.005960317413
10.242 0.005960654321
10.244 0.005960959012
10.246 0.005961089299
10.248 0.005961464822
10.25 0.005961366812
10.252 0.005961812163
10.254 0.005961739747
10.256 0.005962275106
10.258 0.005962165024
10.26 0.005962674015
10.262 0.005962648815
10.264 0.005963119655
10.266 0.005963081385
10.268 0.00596357581
10.27 0.005963487907
10.272 0.00596403638
10.274 0.005963889498
10.276 0.005964484787
10.278 0.005964294509
10.28 0.005964903777
10.282 0.005964710958
10.284 0.005965327305
10.286 0.00596510882
10.288 0.005965746295
10.29 0.005965573477
10.292 0.005966068095
10.294 0.005965963312
10.296 0.00596645039
10.298 0.005966330438
10.3 0.005966841362
10.302 0.005966683027
10.304 0.005967214227
10.306 0.005967034239
10.308 0.005967587192
10.31 0.005967348781
10.312 0.005967981691
10.314 0.00596777745
10.316 0.005968497407
10.318 0.00596814732
10.32 0.005968865367
10.322 0.005968457734
10.324 0.005969209269
10.326 0.005968754976
10.328 0.005969541326
10.33 0.005969049365
10.332 0.005969850906
10.334 0.005969338649
10.336 0.005970145421
10.338 0.005969617694
10.34 0.005970426954
10.342 0.005969886001
10.344 0.005970697095
10.346 0.005970143323
10.348 0.005970953224
10.35 0.005970387513
10.352 0.005971197601
10.354 0.005970618744
10.356 0.005971430454
10.358 0.005970838256
10.36 0.005971649906
10.362 0.005971043785
10.364 0.005971859582
10.366 0.005971240298
10.368 0.005972053469
10.37 0.005971425969
10.372 0.005972236605
10.374 0.00597160106
10.376 0.005972408356
10.378 0.005971766999
10.38 0.005972560343
10.382 0.005971927558
10.384 0.005972709813
10.386 0.005972070004
10.388 0.005972847232
10.39 0.005972204415
10.392 0.005972974135
10.394 0.005972330243
10.396 0.005973091199
10.398 0.005972446564
10.4 0.005973104509
10.402 0.005972384488
10.404 0.005973258973
10.406 0.005972643807
10.408 0.005973387613
10.41 0.005972750142
10.412 0.005973481567
10.414 0.005972844234
10.416 0.005973559186
10.418 0.005972926536
10.42 0.005973631458
10.422 0.005973007148
10.424 0.00597369674
10.426 0.005973084709
10.428 0.005973751912
10.43 0.005973158173
10.432 0.005973794718
10.434 0.00597322707
10.436 0.005973841187
10.438 0.005973192103
10.44 0.005973716463
10.442 0.005973309388
10.444 0.00597390937
10.446 0.005973407642
10.448 0.005973955448
10.45 0.005973474226
10.452 0.005973990615
10.454 0.005973531515
10.456 0.005974024237
10.458 0.005973583548
10.46 0.005974105806
10.462 0.005973732566
10.464 0.005974253849
10.466 0.005973895989
10.468 0.005974390688
10.47 0.005974211373
10.472 0.005974356507
10.474 0.005974412552
10.476 0.005974447946
10.478 0.005974545232
10.48 0.005974566195
10.482 0.005974641053
10.484 0.00597467102
10.486 0.005974738242
10.488 0.005974775396
10.49 0.005974807214
10.492 0.005974839751
10.494 0.005974875861
10.496 0.005974912364
10.498 0.005974950983
10.5 0.005975005364
10.502 0.0059750235
10.504 0.005975069203
10.506 0.005975105761
10.508 0.005975115955
10.51 0.005975154991
10.512 0.005975161492
10.514 0.005975206097
10.516 0.005975195881
10.518 0.005975261484
10.52 0.005975224123
10.522 0.005975320563
10.524 0.005975238391
10.526 0.005975378263
10.528 0.005975270763
10.53 0.00597539861
10.532 0.005975273249
10.534 0.005975472727
10.536 0.005975262931
10.538 0.005975525471
10.54 0.005975259149
10.542 0.005975574877
10.544 0.005975253361
10.546 0.005975621428
10.548 0.005975249592
10.55 0.005975666591
10.552 0.00597524555
10.554 0.005975721591
10.556 0.00597530979
10.558 0.005975847507
10.56 0.00597541574
10.562 0.005975974428
10.564 0.005975522431
10.566 0.005976086456
10.568 0.005975629415
10.57 0.005976233557
10.572 0.005975739147
10.574 0.005976374107
10.576 0.005975846456
10.578 0.005976505455
10.58 0.005975961689
10.582 0.005976635693
10.584 0.005976070971
10.586 0.005976777416
10.588 0.005976186638
10.59 0.005976908151
10.592 0.005976297254
10.594 0.005977030808
10.596 0.005976403502
10.598 0.005977159016
10.6 0.005976579354
10.602 0.00597699714
10.604 0.00597687067
10.606 0.005977125911
10.608 0.005976935123
10.61 0.005977271836
10.612 0.005976968823
10.614 0.00597742338
10.616 0.005977001082
10.618 0.005977555214
10.62 0.005977027876
10.622 0.005977684256
10.624 0.005977040911
10.626 0.005977808828
10.628 0.00597695529
10.63 0.005977749283
10.632 0.005977029756
10.634 0.005977990999
10.636 0.00597707988
10.638 0.005978070916
10.64 0.005977096535
10.642 0.005978134817
10.644 0.005977101527
10.646 0.005978184629
10.648 0.005977100073
10.65 0.005978219322
10.652 0.005977093348
10.654 0.00597823004
10.656 0.005977091076
10.658 0.005978219881
10.66 0.00597709352
10.662 0.005978181294
10.664 0.005977084475
10.666 0.005978153428
10.668 0.005977161953
10.67 0.005978256529
10.672 0.005977283765
10.674 0.005978361279
10.676 0.005977400018
10.678 0.005978461313
10.68 0.005977329714
10.682 0.005978753008
10.684 0.005977426155
10.686 0.005978865047
10.688 0.005977535255
10.69 0.00597893863
10.692 0.005977663874
10.694 0.005979007081
10.696 0.00597779392
10.698 0.005979086662
10.7 0.005977897122
10.702 0.005979142192
10.704 0.005978009561
10.706 0.0059791958
10.708 0.005978027934
10.71 0.005979074956
10.712 0.005978180877
10.714 0.005979278256
10.716 0.005978317484
10.718 0.005979313532
10.72 0.005978422246
10.722 0.005979335563
10.724 0.005978500065
10.726 0.005979369228
10.728 0.005978564621
10.73 0.005979392747
10.732 0.005978622465
10.734 0.005979413235
10.736 0.005978663057
10.738 0.00597943123
10.74 0.005978689228
10.742 0.005979444381
10.744 0.005978705207
10.746 0.005979452754
10.748 0.005978694203
10.75 0.005979459128
10.752 0.005978681204
10.754 0.005979441643
10.756 0.00597866525
10.758 0.005979420417
10.76 0.005978627278
10.762 0.005979390462
10.764 0.005978578598
10.766 0.005979350334
10.768 0.005978514369
10.77 0.005979301407
10.772 0.00597843699
10.774 0.005979238331
10.776 0.005978350034
10.778 0.005979160721
10.78 0.005978276562
10.782 0.005979047304
10.784 0.00597818094
10.786 0.00597893178
10.788 0.005978080736
10.79 0.005978807855
10.792 0.005977942696
10.794 0.005978697794
10.796 0.005977784336
10.798 0.005978555794
10.8 0.005977633491
10.802 0.005978424397
10.804 0.005977438275
10.806 0.005978254684
10.808 0.005977264164
10.81 0.005978007807
10.812 0.005977133493
10.814 0.00597781073
10.816 0.005976927306
10.818 0.0059776223
10.82 0.005976686983
10.822 0.005977413869
10.824 0.005976451859
10.826 0.005977200484
10.828 0.005976191513
10.83 0.00597696611
10.832 0.005975943573
10.834 0.005976703137
10.836 0.005975691654
10.838 0.005976439429
10.84 0.00597541763
10.842 0.005976164397
10.844 0.005975148868
10.846 0.005975873309
10.848 0.005974872427
10.85 0.005975560183
10.852 0.005974593721
10.854 0.00597525084
10.856 0.005974301385
10.858 0.005974933158
10.86 0.005973991309
10.862 0.005974612676
10.864 0.005973690424
10.866 0.005974266242
10.868 0.005973398115
10.87 0.005973910342
10.872 0.005973075503
10.874 0.005973572208
10.876 0.005972739442
10.878 0.005973212311
10.88 0.005972411888
10.882 0.005972842676
10.884 0.005972074996
10.886 0.005972474023
10.888 0.005971746078
10.89 0.005972082032
10.892 0.005971401708
10.894 0.005971694738
10.896 0.005971062209
10.898 0.005971298958
10.9 0.005970711647
10.902 0.005970893914
10.904 0.005970372542
10.906 0.005970475816
10.908 0.005970029891
10.91 0.005970059009
10.912 0.005969670907
10.914 0.005969634211
10.916 0.0059693097
10.918 0.0059692062
10.92 0.005968950471
10.922 0.005968768312
10.924 0.00596858857
10.926 0.005968326506
10.928 0.005968050993
10.93 0.005967912252
10.932 0.005967645998
10.934 0.00596747656
10.936 0.00596726197
10.938 0.005967025782
10.94 0.005966880095
10.942 0.0059665636
10.944 0.005966493996
10.946 0.005965929505
10.948 0.005966120792
10.95 0.005965438604
10.952 0.005965716805
10.954 0.005964967471
10.956 0.005965301646
10.958 0.005964499331
10.96 0.00596487433
10.962 0.005964178898
10.964 0.005964428478
10.966 0.005963715934
10.968 0.005963976382
10.97 0.005962933565
10.972 0.005963846112
10.974 0.005962339317
10.976 0.005963441026
10.978 0.005961804172
10.98 0.005963007715
10.982 0.005961419275
10.984 0.005962484669
10.986 0.005960917801
10.988 0.005961939975
10.99 0.005960383758
10.992 0.005961400918
10.994 0.005959831856
10.996 0.00596086284
10.998 0.005959241967
11 0.005960335034
11.002 0.005958665357
11.004 0.005959780617
11.006 0.005958064269
11.008 0.005959210841
11.01 0.005957531913
11.012 0.005958537832
11.014 0.005956928949
11.016 0.005957941156
11.018 0.005956323346
11.02 0.005957346479
11.022 0.005955653221
11.024 0.005956726541
11.026 0.005954973191
11.028 0.005956140456
11.03 0.005954318325
11.032 0.005955511123
11.034 0.005953610475
11.036 0.005954927075
11.038 0.005952886184
11.04 0.005954327605
11.042 0.005952166185
11.044 0.005953704904
11.046 0.00595144562
11.048 0.005953062064
11.05 0.005950723215
11.052 0.005952398949
11.054 0.005950004548
11.056 0.005951723824
11.058 0.005949285283
11.06 0.005951033388
11.062 0.005948552202
11.064 0.005950343203
11.066 0.005947806849
11.068 0.005949638715
11.07 0.005947059292
11.072 0.005948929752
11.074 0.005946301176
11.076 0.005948211648
11.078 0.005945531984
11.08 0.005947488383
11.082 0.005944758168
11.084 0.005946752453
11.086 0.005943978224
11.088 0.005946009535
11.09 0.005943193408
11.092 0.005945256128
11.094 0.005942423357
11.096 0.005944481673
11.098 0.005941651606
11.1 0.005943703948
11.102 0.005940878197
11.104 0.005942923371
11.106 0.005940099775
11.108 0.005942133634
11.11 0.005939318951
11.112 0.005941358369
11.114 0.005938527713
11.116 0.005940558857
11.118 0.005937732546
11.12 0.005939763071
11.122 0.005936936679
11.124 0.005938962186
11.126 0.005936136469
11.128 0.005938146644
11.13 0.005935309857
11.132 0.005937336686
11.134 0.005934542999
11.136 0.005936514101
11.138 0.005933778013
11.14 0.005935695102
11.142 0.005932959711
11.144 0.005934865285
11.146 0.005932143064
11.148 0.005934021135
11.15 0.005931379863
11.152 0.005933199579
11.154 0.005930586993
11.156 0.005932350995
11.158 0.005929771301
11.16 0.005931514585
11.162 0.005928973692
11.164 0.005930724128
11.166 0.005928144382
11.168 0.005929890826
11.17 0.005927369075
11.172 0.005929015682
11.174 0.005926568657
11.176 0.00592816207
11.178 0.00592576401
11.18 0.005934680407
11.182 0.005931026347
11.184 0.005933745509
11.186 0.005931035485
11.188 0.005925276565
11.19 0.005924422129
11.192 0.005924396608
11.194 0.005922888117
11.196 0.005931096958
11.198 0.00592787171
11.2 0.005930232597
11.202 0.005927737129
11.204 0.005921756376
11.206 0.005921043734
11.208 0.005928225218
11.21 0.005925556771
11.212 0.005927451022
11.214 0.00592527418
11.216 0.005919087419
11.218 0.005918510129
11.22 0.005925541103
11.222 0.005923002498
11.224 0.005924835964
11.226 0.005922745398
11.228 0.00592384188
11.23 0.005914754954
11.232 0.005916776894
11.234 0.005921399457
11.236 0.005921113767
11.238 0.00592078825
11.24 0.005920762959
11.242 0.005919854711
11.244 0.005920082294
11.246 0.005911595747
11.248 0.005913153274
11.25 0.005918242453
11.252 0.005917378065
11.254 0.005917700101
11.256 0.005916982606
11.258 0.005916781416
11.26 0.005916293221
11.262 0.005915788363
11.264 0.00591544716
11.266 0.005914935295
11.268 0.005914596327
11.27 0.005914193425
11.272 0.005913783747
11.274 0.005913326714
11.276 0.005912915954
11.278 0.005912474857
11.28 0.005912010242
11.282 0.005911675765
11.284 0.005911031266
11.286 0.005910824644
11.288 0.005910147492
11.29 0.005909965144
11.292 0.005909230518
11.294 0.005909126898
11.296 0.005908301979
11.298 0.005908291014
11.3 0.005907364949
11.302 0.005907462079
11.304 0.005906427972
11.306 0.005906633259
11.308 0.005905488389
11.31 0.005905796623
11.312 0.005904558403
11.314 0.005904964501
11.316 0.005903617013
11.318 0.005904137174
11.32 0.005902677214
11.322 0.00590330452
11.324 0.005901735605
11.326 0.005902467434
11.328 0.005900796198
11.33 0.005901668068
11.332 0.005899855683
11.334 0.005900842696
11.336 0.00589893405
11.338 0.005900027245
11.34 0.005898008267
11.342 0.005899197154
11.344 0.005897090074
11.346 0.005898362481
11.348 0.005896171313
11.35 0.005897526993
11.352 0.005895248918
11.354 0.005896686433
11.356 0.005894328171
11.358 0.005895843176
11.36 0.005893402362
11.362 0.005894998802
11.364 0.005892477056
11.366 0.005894140366
11.368 0.005891559655
11.37 0.005893287677
11.372 0.00589062487
11.374 0.005892437258
11.376 0.005889692571
11.378 0.005891578716
11.38 0.00588876208
11.382 0.005890714024
11.384 0.005887809779
11.386 0.005889846531
11.388 0.005886872353
11.39 0.005888972192
11.392 0.005885971049
11.394 0.005887983077
11.396 0.005884978025
11.398 0.005887216131
11.4 0.00588404765
11.402 0.005886208557
11.404 0.00588312701
11.406 0.005885353069
11.408 0.0058822075
11.41 0.005884508941
11.412 0.005881280225
11.414 0.005883657654
11.416 0.005880342467
11.418 0.005882796292
11.42 0.005879398033
11.422 0.005881922636
11.424 0.005878451356
11.426 0.005881035874
11.428 0.005877503713
11.43 0.005880129203
11.432 0.005876554404
11.434 0.005879218978
11.436 0.005875614804
11.438 0.005878277407
11.44 0.005874673533
11.442 0.005877328229
11.444 0.005873725753
11.446 0.005876366515
11.448 0.00587276749
11.45 0.005875400096
11.452 0.0058718099
11.454 0.005874419631
11.456 0.00587084579
11.458 0.005873429261
11.46 0.00586973598
11.462 0.00587256236
11.464 0.005868720758
11.466 0.005871574159
11.468 0.005867719505
11.47 0.005870534129
11.472 0.005866643575
11.474 0.005869480158
11.476 0.005865604812
11.478 0.005868406091
11.48 0.005864574034
11.482 0.005867322742
11.484 0.005863547263
11.486 0.00586622525
11.488 0.005862494625
11.49 0.005865133534
11.492 0.005861451286
11.494 0.005864025727
11.496 0.005860422621
11.498 0.00586288437
11.5 0.005859370128
11.502 0.005861754528
11.504 0.005858300894
11.506 0.005860627093
11.508 0.005857222406
11.51 0.005859489324
11.512 0.005856128727
11.514 0.005858349522
11.516 0.005855038623
11.518 0.005857195092
11.52 0.005853939634
11.522 0.005856028297
11.524 0.005852837615
11.526 0.005854852782
11.528 0.005851728715
11.53 0.005853668647
11.532 0.005850612553
11.534 0.005852473506
11.536 0.005849492728
11.538 0.005851264483
11.54 0.005848364635
11.542 0.005850055256
11.544 0.005847230083
11.546 0.005848828094
11.548 0.005846093622
11.55 0.005847593262
11.552 0.005844951924
11.554 0.005846350795
11.556 0.005843801358
11.558 0.005845101869
11.56 0.005842643879
11.562 0.00584384507
11.564 0.005841480379
11.566 0.005842583235
11.568 0.005840310928
11.57 0.005841312354
11.572 0.005839144804
11.574 0.005840034282
11.576 0.005837974007
11.578 0.005838753028
11.58 0.005836797
11.582 0.00583746543
11.584 0.005835613344
11.586 0.00583617599
11.588 0.005834426955
11.59 0.005834882761
11.592 0.00583323604
11.594 0.005833585866
11.596 0.005832042755
11.598 0.005832286226
11.6 0.005830841299
11.602 0.005830979911
11.604 0.005829637791
11.606 0.00582966517
11.608 0.00582843427
11.61 0.005828350451
11.612 0.005827224487
11.614 0.005827024663
11.616 0.005826020289
11.618 0.00582569822
11.62 0.00582480664
11.622 0.005824376078
11.624 0.005823584517
11.626 0.005823053643
11.628 0.005822361723
11.63 0.005821725942
11.632 0.005821130543
11.634 0.005820385006
11.636 0.0058198998
11.638 0.005819041884
11.64 0.005818664626
11.642 0.005817697901
11.644 0.005817424396
11.646 0.005816343955
11.648 0.00581618658
11.65 0.005814988199
11.652 0.005814944897
11.654 0.005813627701
11.656 0.005813689643
11.658 0.005812270404
11.66 0.005812440791
11.662 0.005810904588
11.664 0.005811178622
11.666 0.005809553047
11.668 0.00580990565
11.67 0.005808191611
11.672 0.005808637416
11.674 0.005806820351
11.676 0.005807371425
11.678 0.005805444213
11.68 0.005806096249
11.682 0.005804074845
11.684 0.00580481918
11.686 0.005802690375
11.688 0.005803529547
11.69 0.005801308644
11.692 0.005802228195
11.694 0.005799916421
11.696 0.005800926591
11.698 0.005798520715
11.7 0.00579961267
11.702 0.005797115402
11.704 0.005798294745
11.706 0.005795706442
11.708 0.0057969694
11.71 0.005794290948
11.712 0.005795626948
11.714 0.005792882621
11.716 0.005794268451
11.718 0.00579147051
11.72 0.005792902898
11.722 0.005790051097
11.724 0.005791532694
11.726 0.005788619095
11.728 0.005790158424
11.73 0.005787181041
11.732 0.00578876979
11.734 0.005785734428
11.736 0.005787363652
11.738 0.005784282095
11.74 0.005785950683
11.742 0.005782809204
11.744 0.005784527486
11.746 0.005781362781
11.748 0.00578308387
11.75 0.005779852571
11.752 0.005781640106
11.754 0.00577837201
11.756 0.005780141149
11.758 0.005776894693
11.76 0.00577866527
11.762 0.005775416474
11.764 0.005777194596
11.766 0.005773915794
11.768 0.005775727041
11.77 0.005772398738
11.772 0.00577424321
11.774 0.005770872964
11.776 0.005772743763
11.778 0.005769333965
11.78 0.005771217938
11.782 0.005767793969
11.784 0.005769679415
11.786 0.005766232546
11.788 0.005768132381
11.79 0.005764601821
11.792 0.005766683701
11.794 0.005762999601
11.796 0.005765136984
11.798 0.005761542422
11.8 0.005763560608
11.802 0.005759718649
11.804 0.00576181336
11.806 0.005758151072
11.808 0.005760252231
11.81 0.005756333843
11.812 0.005758401919
11.814 0.005754709357
11.816 0.005756829594
11.818 0.005753034273
11.82 0.005755021936
11.822 0.005751290854
11.824 0.005753205992
11.826 0.005749544051
11.828 0.005751394122
11.83 0.005747788733
11.832 0.005749586432
11.834 0.005746013071
11.836 0.005747768016
11.838 0.005744226663
11.84 0.005745932842
11.842 0.005742426973
11.844 0.005744086966
11.846 0.005740606016
11.848 0.005742235439
11.85 0.005738767722
11.852 0.005740360723
11.854 0.005736914943
11.856 0.005738469072
11.858 0.005735035309
11.86 0.005736559952
11.862 0.005733140828
11.864 0.005734624416
11.866 0.005731236862
11.868 0.005732675576
11.87 0.005729316747
11.872 0.005730711654
11.874 0.005727381025
11.876 0.005728727873
11.878 0.005725443678
11.88 0.005726735752
11.882 0.00572349938
11.884 0.005724738719
11.886 0.00572154555
11.888 0.005722734422
11.89 0.005719585695
11.892 0.0057207244
11.894 0.005717613385
11.896 0.005718711284
11.898 0.005715656561
11.9 0.005716685192
11.902 0.005713689717
11.904 0.00571465458
11.906 0.005711724951
11.908 0.005712636233
11.91 0.00570974873
11.912 0.005710606708
11.914 0.005707798516
11.916 0.005708576373
11.918 0.005705837753
11.92 0.005706549568
11.922 0.005703889212
11.924 0.005704529197
11.926 0.005701946682
11.928 0.005702513167
11.93 0.005700014721
11.932 0.005700505437
11.934 0.005698084916
11.936 0.005698511094
11.938 0.005696166823
11.94 0.005696527936
11.942 0.005694251354
11.944 0.005694551519
11.946 0.005692347822
11.948 0.005692584249
11.95 0.005690451449
11.952 0.005690623559
11.954 0.005688562605
11.956 0.005688667708
11.958 0.005686676493
11.96 0.005686738286
11.962 0.005684789311
11.964 0.005684798247
11.966 0.005682934191
11.968 0.005682845302
11.97 0.005681082999
11.972 0.005680906915
11.974 0.005679236271
11.976 0.005678976363
11.978 0.005677392061
11.98 0.005677050092
11.982 0.005675541129
11.984 0.005675118194
11.986 0.00567369122
11.988 0.005673186951
11.99 0.005671845644
11.992 0.005671254764
11.994 0.005669999489
11.996 0.005669325114
11.998 0.005668161572
12 0.005667394842
12.002 0.005666323034
12.004 0.005665464412
12.006 0.005664486022
12.008 0.005663537609
12.01 0.005662647371
12.012 0.005661612615
12.014 0.005660812401
12.016 0.005659680944
12.018 0.005658978715
12.02 0.005657754671
12.022 0.005657140444
12.024 0.005655830194
12.026 0.005655309209
12.028 0.005653896057
12.03 0.005653477067
12.032 0.005651967462
12.034 0.005651645588
12.036 0.00565003426
12.038 0.00564981938
12.04 0.005648108346
12.042 0.00564798564
12.044 0.005646185877
12.046 0.005646152433
12.048 0.005644268114
12.05 0.005644319669
12.052 0.005642350279
12.054 0.005642492952
12.056 0.005640417235
12.058 0.005640682845
12.06 0.005638498637
12.062 0.005638852753
12.064 0.005636532712
12.066 0.005636859189
12.068 0.005634670561
12.07 0.005635200261
12.072 0.005632798968
12.074 0.005633383002
12.076 0.005630911139
12.078 0.005631557439
12.08 0.005629031012
12.082 0.005629743194
12.084 0.00562703925
12.086 0.005627870548
12.088 0.005625234723
12.09 0.005626091428
12.092 0.005623247261
12.094 0.005624215805
12.096 0.005621440411
12.098 0.005622431263
12.1 0.005619552123
12.102 0.005620614947
12.104 0.005617660139
12.106 0.005618795507
12.108 0.005615785677
12.11 0.005616979814
12.112 0.005613914
12.114 0.005615163289
12.116 0.005612050635
12.118 0.005613346379
12.12 0.005610186941
12.122 0.005611529803
12.124 0.005608327977
12.126 0.005609700553
12.128 0.005606460623
12.13 0.00560786256
12.132 0.005604583848
12.134 0.005606016745
12.136 0.005602705548
12.138 0.005604163398
12.14 0.005600775623
12.142 0.005602301464
12.144 0.005598856931
12.146 0.005600417247
12.148 0.00559693705
12.15 0.005598524101
12.152 0.005595012476
12.154 0.005596632908
12.156 0.005593090722
12.158 0.005594726808
12.16 0.005591160218
12.162 0.005592805425
12.164 0.005589224023
12.166 0.005590882191
12.168 0.005587276025
12.17 0.005588961396
12.172 0.005585317265
12.174 0.005587023931
12.176 0.005583351523
12.178 0.005585069644
12.18 0.005581385802
12.182 0.005583108486
12.184 0.005579415058
12.186 0.005581141507
12.188 0.005577440989
12.19 0.005579166468
12.192 0.005575484763
12.194 0.005577175839
12.196 0.005573494163
12.198 0.005575202878
12.2 0.0055715276
12.202 0.005573222594
12.204 0.005569561033
12.206 0.005571239288
12.208 0.005567599568
12.21 0.005569254666
12.212 0.005565642953
12.214 0.005567273155
12.216 0.005563691981
12.218 0.005565291005
12.22 0.005561751245
12.222 0.005563310661
12.224 0.005559817076
12.226 0.005561334102
12.228 0.005557891052
12.23 0.005554984282
12.232 0.005556777833
12.234 0.005555346643
12.236 0.005556146497
12.238 0.005554960593
12.24 0.00555504601
12.242 0.005554374286
12.244 0.00555388625
12.246 0.005553719022
12.248 0.005552714544
12.25 0.005552978696
12.252 0.005551487511
12.254 0.005552098874
12.256 0.005550164584
12.258 0.005551090123
12.26 0.005548718371
12.262 0.005549896431
12.264 0.005547136202
12.266 0.005548522355
12.268 0.005545424953
12.27 0.005546968175
12.272 0.005543591539
12.274 0.005545249959
12.276 0.005541641904
12.278 0.005543366342
12.28 0.005539598176
12.282 0.0055413753
12.284 0.005537478662
12.286 0.00553925525
12.288 0.005535298578
12.29 0.005537033302
12.292 0.005533072938
12.294 0.005534727722
12.296 0.005530830548
12.298 0.00553235994
12.3 0.005528544252
12.302 0.005529941768
12.304 0.00552626439
12.306 0.00552749709
12.308 0.005523987756
12.31 0.005525037014
12.312 0.005521738825
12.314 0.005522569862
12.316 0.005519489455
12.318 0.005520121746
12.32 0.005517271739
12.322 0.005517680532
12.324 0.005515077464
12.326 0.005515279239
12.328 0.005512932953
12.33 0.00551290679
12.332 0.005510796317
12.334 0.00551057149
12.336 0.005508709181
12.338 0.005508283285
12.34 0.005506638137
12.342 0.005506052041
12.344 0.005504612629
12.346 0.005503857171
12.348 0.005502622928
12.35 0.005501709065
12.352 0.005500670839
12.354 0.005499597951
12.356 0.005498755206
12.358 0.005497526854
12.36 0.005496870007
12.362 0.005495491714
12.364 0.005495009097
12.366 0.005493500721
12.368 0.00549316813
12.37 0.005491525761
12.372 0.005491336221
12.374 0.005489617248
12.376 0.005489523789
12.378 0.005487640983
12.38 0.005487682001
12.382 0.005491541228
12.384 0.005486686076
12.386 0.005488386204
12.388 0.005485138944
12.39 0.005486531152
12.392 0.005484444541
12.394 0.005485253372
12.396 0.005483987341
12.398 0.005484202914
12.4 0.005483584971
12.402 0.005483159057
12.404 0.005483083763
12.406 0.005482081177
12.408 0.005482408233
12.41 0.005480862835
12.412 0.005481527209
12.414 0.005479471847
12.416 0.005480412639
12.418 0.005477899081
12.42 0.005479071151
12.422 0.005476139475
12.424 0.005477497855
12.426 0.005474384021
12.428 0.005475580459
12.43 0.005471968545
12.432 0.005473549941
12.434 0.005469536333
12.436 0.005471288145
12.438 0.0054670288
12.44 0.005468846096
12.442 0.005464443691
12.444 0.00546625648
12.446 0.005461780878
12.448 0.005463553169
12.45 0.005459053157
12.452 0.005460754822
12.454 0.005456283177
12.456 0.005457891463
12.458 0.005453479698
12.46 0.005455032097
12.462 0.005450762679
12.464 0.005452181524
12.466 0.00544803679
12.468 0.005449330935
12.47 0.0054452729
12.472 0.005446456403
12.474 0.005442510982
12.476 0.005443591279
12.478 0.005439765447
12.48 0.005440739647
12.482 0.005437034564
12.484 0.005437915872
12.486 0.005434326898
12.488 0.005435126152
12.49 0.005431646522
12.492 0.00543237323
12.494 0.005428994624
12.496 0.005429653946
12.498 0.005426264514
12.5 0.005426852239
12.502 0.005423733397
12.504 0.005424334778
12.506 0.005421200134
12.508 0.005421659583
12.51 0.005418751264
12.512 0.005419092208
12.514 0.00541615178
12.516 0.005416658062
12.518 0.005413637006
12.52 0.005414172976
12.522 0.005411158141
12.524 0.005411700836
12.526 0.005408699617
12.528 0.005409245597
12.53 0.005406259434
12.532 0.005406803572
12.534 0.005403826131
12.536 0.005404376297
12.538 0.005401399114
12.54 0.005401959807
12.542 0.005398970742
12.544 0.005399547713
12.546 0.005396544305
12.548 0.00539709252
12.55 0.005394097957
12.552 0.005394674235
12.554 0.005391690147
12.556 0.00539225449
12.558 0.005389268631
12.56 0.00538982594
12.562 0.005386835051
12.564 0.005387392474
12.566 0.00538438336
12.568 0.005385060181
12.57 0.005381912423
12.572 0.005382605932
12.574 0.005379442831
12.576 0.005380122064
12.578 0.00537696693
12.58 0.005377622347
12.582 0.00537448325
12.584 0.005375106407
12.586 0.005371993319
12.588 0.005372590379
12.59 0.005369612553
12.592 0.005370049494
12.594 0.005367119305
12.596 0.005367510047
12.598 0.005364593107
12.6 0.005364989795
12.602 0.005362045259
12.604 0.005362441348
12.606 0.005359484187
12.608 0.005359877879
12.61 0.00535687938
12.612 0.005357274996
12.614 0.005354307189
12.616 0.005354675274
12.618 0.005351486895
12.62 0.005352008338
12.622 0.005348751254
12.624 0.00534914684
12.626 0.005346407582
12.628 0.005346544582
12.63 0.005343878248
12.632 0.005343940866
12.634 0.005341311337
12.636 0.005341332807
12.638 0.005338717627
12.64 0.005338710079
12.642 0.005336111355
12.644 0.005336077558
12.646 0.005331958957
12.648 0.005332431247
12.65 0.00532931552
12.652 0.005329611737
12.654 0.005326643294
12.656 0.005326792371
12.658 0.005323884373
12.66 0.005323949085
12.662 0.005320990575
12.664 0.005321035936
12.666 0.005318104674
12.668 0.00531806583
12.67 0.00531521451
12.672 0.005315080381
12.674 0.005312313056
12.676 0.00531208573
12.678 0.005309413616
12.68 0.005309091001
12.682 0.005306521915
12.684 0.005306343583
12.686 0.005303656546
12.688 0.005303134609
12.69 0.005301063704
12.692 0.005300397167
12.694 0.005298246693
12.696 0.005297508513
12.698 0.005295421673
12.7 0.005294717093
12.702 0.005292631181
12.704 0.005291878923
12.706 0.005289847581
12.708 0.00528904227
12.71 0.005287153381
12.712 0.005286228358
12.714 0.005284399446
12.716 0.005283425073
12.718 0.005281637229
12.72 0.005280628533
12.722 0.005278874348
12.724 0.005277834993
12.726 0.005276117919
12.728 0.005275053968
12.73 0.005273366935
12.732 0.005272279068
12.734 0.00527062872
12.736 0.005269511334
12.738 0.005267904309
12.74 0.005266762566
12.742 0.005265194633
12.744 0.005264020755
12.746 0.005262512072
12.748 0.005261288277
12.75 0.005259833045
12.752 0.005258585103
12.754 0.005257172901
12.756 0.005255898362
12.758 0.005254541826
12.76 0.005253216386
12.762 0.005251819506
12.764 0.005250553393
12.766 0.005249212905
12.768 0.005247902523
12.77 0.005246688409
12.772 0.005245364628
12.774 0.005244221937
12.776 0.005242796674
12.778 0.00524175461
12.78 0.005240234008
12.782 0.005239296417
12.784 0.005237673688
12.786 0.005236847005
12.788 0.005235125591
12.79 0.005234408092
12.792 0.005232484292
12.794 0.005231971954
12.796 0.005229951059
12.798 0.005229533886
12.8 0.005227582584
12.802 0.00522702757
12.804 0.005225120073
12.806 0.005224596652
12.808 0.005222651155
12.81 0.005222211476
12.812 0.005220232461
12.814 0.005219828896
12.816 0.005217792276
12.818 0.005217428583
12.82 0.005215344558
12.822 0.005215015003
12.824 0.005212888594
12.826 0.005212592143
12.828 0.005210423323
12.83 0.005210152386
12.832 0.005207947401
12.834 0.00520769862
12.836 0.005205455033
12.838 0.005205223481
12.84 0.005202952961
12.842 0.005202742589
12.844 0.005200427218
12.846 0.005202680478
12.848 0.005200094304
12.85 0.005200619607
12.852 0.005197928072
12.854 0.005198150027
12.856 0.005195390163
12.858 0.005195393683
12.86 0.005192646886
12.862 0.005192769469
12.864 0.005189850924
12.866 0.005189918067
12.868 0.005187135128
12.87 0.005187135993
12.872 0.005184311249
12.874 0.005184320709
12.876 0.005181472636
12.878 0.005181492181
12.88 0.005178630648
12.882 0.005178660964
12.884 0.005175788462
12.886 0.005175841769
12.888 0.00517293322
12.89 0.005173063422
12.892 0.005170015033
12.894 0.005170224397
12.896 0.005167185002
12.898 0.005167378109
12.9 0.005164341258
12.902 0.00516453367
12.904 0.005161499367
12.906 0.005161691012
12.908 0.005158653637
12.91 0.005158851545
12.912 0.005155805321
12.914 0.005156009431
12.916 0.005152961255
12.918 0.0051531714
12.92 0.005150105719
12.922 0.005150325796
12.924 0.005147245621
12.926 0.005147477661
12.928 0.005144386109
12.93 0.005144618052
12.932 0.005141515226
12.934 0.005141755882
12.936 0.00513864107
12.938 0.005138888334
12.94 0.005135794062
12.942 0.005135992089
12.944 0.005132921254
12.946 0.005133110283
12.948 0.005130039117
12.95 0.005130249499
12.952 0.005127142769
12.954 0.005127391791
12.956 0.005124249592
12.958 0.005124511925
12.96 0.005121356229
12.962 0.005121621435
12.964 0.005118465931
12.966 0.005118724098
12.968 0.00511557659
12.97 0.005115821923
12.972 0.005112695787
12.974 0.005112906419
12.976 0.005109810353
12.978 0.005109969317
12.98 0.005106946209
12.982 0.005107050731
12.984 0.005104053754
12.986 0.005104139906
12.988 0.005101163465
12.99 0.005101255673
12.992 0.005098253715
12.994 0.005098338929
12.996 0.005095366435
12.998 0.005095413445
13 0.005092486002
13.002 0.005092481068
13.004 0.005089609902
13.006 0.005089546301
13.008 0.005086715499
13.01 0.005086621699
13.012 0.005083843248
13.014 0.005083673426
13.016 0.00508097061
13.018 0.005080736588
13.02 0.005078098807
13.022 0.005077779707
13.024 0.005075258086
13.026 0.005074885872
13.028 0.005072400041
13.03 0.005071927449
13.032 0.005069541869
13.034 0.005069045334
13.036 0.005066684278
13.038 0.005066090204
13.04 0.00506382969
13.042 0.005063222691
13.044 0.00506098021
13.046 0.005060281209
13.048 0.005058139154
13.05 0.00505739986
13.052 0.005055209261
13.054 0.005054457123
13.056 0.005052501616
13.058 0.005051515814
13.06 0.005049613753
13.062 0.005048783413
13.064 0.005046840049
13.066 0.005045878908
13.068 0.005044051995
13.07 0.005043044601
13.072 0.005041247359
13.074 0.005040207393
13.076 0.00503851789
13.078 0.005037381622
13.08 0.00503574543
13.082 0.00503456926
13.084 0.005032979793
13.086 0.005031752278
13.088 0.005030268794
13.09 0.005028991626
13.092 0.005027557243
13.094 0.005026230986
13.096 0.005024842846
13.098 0.005023465427
13.1 0.005022184295
13.102 0.005020762706
13.104 0.005019527007
13.106 0.005018059916
13.108 0.005016890204
13.11 0.005015373892
13.112 0.005014272957
13.114 0.005012713209
13.116 0.005011599995
13.118 0.005009912745
13.12 0.005009041884
13.122 0.005007430393
13.124 0.005006510413
13.126 0.005004834023
13.128 0.0050039709
13.13 0.005002248637
13.132 0.005001442269
13.134 0.00499968007
13.136 0.004998928676
13.138 0.00499710764
13.14 0.004996412336
13.142 0.004994589721
13.144 0.004993946449
13.146 0.004992070211
13.148 0.004991480525
13.15 0.004989544411
13.152 0.004989025673
13.154 0.004987071652
13.156 0.004986580837
13.158 0.004984619886
13.16 0.004984151464
13.162 0.004982121893
13.164 0.004981736853
13.166 0.004979688851
13.168 0.004979332486
13.17 0.004977257239
13.172 0.004976921919
13.174 0.004974818563
13.176 0.004974560569
13.178 0.004972423617
13.18 0.004972195531
13.182 0.004970067357
13.184 0.004969854318
13.186 0.004967683064
13.188 0.004967491703
13.19 0.004965336387
13.192 0.00496516373
13.194 0.004962984489
13.196 0.00496282261
13.198 0.004960611249
13.2 0.004960483381
13.202 0.00495829654
13.204 0.004958145977
13.206 0.004955934892
13.208 0.004955811859
13.21 0.004953569843
13.212 0.004953425192
13.214 0.004951203717
13.216 0.004951096304
13.218 0.004948880449
13.22 0.004948746078
13.222 0.004946548632
13.224 0.00494637209
13.226 0.004944208669
13.228 0.004944021696
13.23 0.004941879596
13.232 0.004941709924
13.234 0.00493951697
13.236 0.0049393619
13.238 0.004937179993
13.24 0.004936991045
13.242 0.004934801726
13.244 0.004934571289
13.246 0.00493245792
13.248 0.004932215869
13.25 0.004930120184
13.252 0.004929898624
13.254 0.004927813066
13.256 0.004927542537
13.258 0.004925529798
13.26 0.004925266642
13.262 0.004923246711
13.264 0.004923016813
13.266 0.004920924917
13.268 0.004920628059
13.27 0.004918612729
13.272 0.004918396752
13.274 0.004916387227
13.276 0.004916187694
13.278 0.004914235977
13.28 0.004914056653
13.282 0.004912151059
13.284 0.004911989208
13.286 0.004910131442
13.288 0.004909973893
13.29 0.004908203029
13.292 0.004903459867
13.294 0.004902809317
13.296 0.004901983168
13.298 0.004900752
13.3 0.004900522898
13.302 0.004898915784
13.304 0.004898822311
13.306 0.004896951081
13.308 0.004896905958
13.31 0.004895082652
13.312 0.004895005623
13.314 0.004893247694
13.316 0.004893072077
13.318 0.004891281962
13.32 0.004891070531
13.322 0.004889378493
13.324 0.004889063476
13.326 0.004887389964
13.328 0.00488700011
13.33 0.004885409627
13.332 0.004885010598
13.334 0.004883467922
13.336 0.004882946201
13.338 0.004881406392
13.34 0.004880847497
13.342 0.004879364205
13.344 0.004878724183
13.346 0.004877303415
13.348 0.004876689608
13.35 0.004875264822
13.352 0.004874565758
13.354 0.004873186569
13.356 0.004872447141
13.358 0.004871022019
13.36 0.004870247084
13.362 0.004868894393
13.364 0.004868078657
13.366 0.004866754244
13.368 0.004865965432
13.37 0.004864655776
13.372 0.004863808249
13.374 0.004862516542
13.376 0.004861650561
13.378 0.004860337331
13.38 0.004859471732
13.382 0.004858201922
13.384 0.004857295549
13.386 0.004856033608
13.388 0.004855181454
13.39 0.004853971671
13.392 0.004853043615
13.394 0.004851787659
13.396 0.004850872253
13.398 0.004849686429
13.4 0.004848764614
13.402 0.004847601627
13.404 0.004846676032
13.406 0.004845487376
13.408 0.004844547555
13.41 0.004843333843
13.412 0.004842457831
13.414 0.004841387578
13.416 0.004840426292
13.418 0.004839310093
13.42 0.004838345386
13.422 0.004837387563
13.424 0.004836338905
13.426 0.004835342728
13.428 0.004834462075
13.43 0.004833368719
13.432 0.004832463621
13.434 0.004831336065
13.436 0.00483051063
13.438 0.004829417091
13.44 0.004828560646
13.442 0.004827443757
13.444 0.004826627983
13.446 0.004825498973
13.448 0.004824663333
13.45 0.004823609157
13.452 0.004822830545
13.454 0.004821745403
13.456 0.004820948975
13.458 0.004819857578
13.46 0.004819097075
13.462 0.004818044584
13.464 0.004817242646
13.466 0.004816691616
13.468 0.004815152698
13.47 0.004815297943
13.472 0.004813612031
13.474 0.004813640707
13.476 0.004812042383
13.478 0.00481198463
13.48 0.004810550415
13.482 0.004810304217
13.484 0.004808908315
13.486 0.00480904306
13.488 0.004807144888
13.49 0.004807615326
13.492 0.004805877525
13.494 0.004806052024
13.496 0.004804550821
13.498 0.004804350031
13.5 0.004803143291
13.502 0.004802598976
13.504 0.004801688104
13.506 0.00480081131
13.508 0.004800173237
13.51 0.00479899365
13.512 0.004798596531
13.514 0.004797073773
13.516 0.004796914682
13.518 0.004795236862
13.52 0.004795223264
13.522 0.00479349027
13.524 0.004793518532
13.526 0.004791610769
13.528 0.004791746255
13.53 0.004789768863
13.532 0.00478995184
13.534 0.00478795106
13.536 0.004788074105
13.538 0.004786190325
13.54 0.004786260889
13.542 0.00478442953
13.544 0.004784448586
13.546 0.004782676285
13.548 0.004782560326
13.55 0.004780828567
13.552 0.004780799716
13.554 0.004779211184
13.556 0.004779081509
13.558 0.004777598256
13.56 0.004777335061
13.562 0.00477600306
13.564 0.004775622813
13.566 0.00477444436
13.568 0.004773932661
13.57 0.004772938942
13.572 0.004772293847
13.574 0.004771471254
13.576 0.004770699791
13.578 0.004760564623
13.58 0.004760694
13.582 0.00475763598
13.584 0.004757840813
13.586 0.004756216396
13.588 0.004756309369
13.59 0.00475528865
13.592 0.004755142456
13.594 0.004754488843
13.596 0.004754050969
13.598 0.004753697132
13.6 0.004752881698
13.602 0.004752850512
13.604 0.004751850763
13.606 0.004752028898
13.608 0.004750719847
13.61 0.004751120422
13.612 0.0047495628
13.614 0.004750140708
13.616 0.004756382363
13.618 0.004756251797
13.62 0.00475702865
13.622 0.004756948609
13.624 0.004756626561
13.626 0.00475670755
13.628 0.004755896677
13.63 0.004756180112
13.632 0.004755046894
13.634 0.004755526598
13.636 0.004754124028
13.638 0.00475477765
13.64 0.004753151697
13.642 0.004753949912
13.644 0.004752106446
13.646 0.00475301943
13.648 0.004751007288
13.65 0.004752003597
13.652 0.004749864884
13.654 0.004750889569
13.656 0.004748671243
13.658 0.004749738058
13.66 0.004747466596
13.662 0.004748521855
13.664 0.004746241631
13.666 0.004747276492
13.668 0.004745036924
13.67 0.004746005259
13.672 0.004743817248
13.674 0.004744734482
13.676 0.004742625163
13.678 0.00474341646
13.68 0.004741400394
13.682 0.00474211057
13.684 0.004740232234
13.686 0.004740844764
13.688 0.00473906091
13.69 0.004739567911
13.692 0.004737917849
13.694 0.004738318189
13.696 0.004736790601
13.698 0.004737123274
13.7 0.004735731488
13.702 0.004735955107
13.704 0.004734675242
13.706 0.004734803603
13.708 0.004733622211
13.71 0.004733675721
13.712 0.004732635335
13.714 0.004732615002
13.716 0.004731665897
13.718 0.004731581222
13.72 0.004730719082
13.722 0.004730581063
13.724 0.00472979482
13.726 0.004729612409
13.728 0.004728891003
13.73 0.004728673712
13.732 0.004728013397
13.734 0.004727769154
13.736 0.004727146842
13.738 0.004726865618
13.74 0.004726272305
13.742 0.00472602176
13.744 0.004725466865
13.746 0.004725201414
13.748 0.004724649098
13.75 0.004724315252
13.752 0.004723843572
13.754 0.00472351562
13.756 0.004723062945
13.758 0.004722707861
13.76 0.004722222051
13.762 0.004721926205
13.764 0.004721409164
13.766 0.004721118888
13.768 0.004720572712
13.77 0.004720316241
13.772 0.004719740243
13.774 0.004719505482
13.776 0.004718908059
13.778 0.004718670865
13.78 0.004718036041
13.782 0.004717837692
13.784 0.00471721838
13.786 0.00471695003
13.788 0.004716372819
13.79 0.004716078874
13.792 0.004715497842
13.794 0.004715168705
13.796 0.004714596432
13.798 0.004714262731
13.8 0.004713657575
13.802 0.004713318727
13.804 0.004712736123
13.806 0.004712342846
13.808 0.004711758249
13.81 0.004711337638
13.812 0.004710751068
13.814 0.004710290747
13.816 0.004709745484
13.818 0.004709237302
13.82 0.004708702468
13.822 0.00470814869
13.824 0.004707637716
13.826 0.004707023993
13.828 0.004706548619
13.83 0.004705868708
13.832 0.004705432445
13.834 0.004704683824
13.836 0.004704291528
13.838 0.004703462682
13.84 0.004703126486
13.842 0.004702258162
13.844 0.00470194037
13.846 0.004700994265
13.848 0.004700728736
13.85 0.004699715929
13.852 0.004699482501
13.854 0.004698404312
13.856 0.004698237379
13.858 0.004697093742
13.86 0.004696965465
13.862 0.004695772428
13.864 0.004695672907
13.866 0.004694409699
13.868 0.004694364476
13.87 0.00469304097
13.872 0.004693027481
13.874 0.004691647259
13.876 0.00469169973
13.878 0.004690267404
13.88 0.004690348159
13.882 0.004688870277
13.884 0.004688967867
13.886 0.004687464578
13.888 0.004687606472
13.89 0.004686054596
13.892 0.004686224735
13.894 0.004684633097
13.896 0.00468482026
13.898 0.004683212314
13.9 0.004683442232
13.902 0.004681780916
13.904 0.004682022111
13.906 0.004680347873
13.908 0.004680607729
13.91 0.004678913735
13.912 0.004679172476
13.914 0.004677471301
13.916 0.004677758255
13.918 0.004676028579
13.92 0.004676317917
13.922 0.004674582266
13.924 0.004674875312
13.926 0.004673130241
13.928 0.004673427997
13.93 0.004671671559
13.932 0.004671950466
13.934 0.004670210668
13.936 0.0046705226
13.938 0.004668742529
13.94 0.004669051233
13.942 0.004667273117
13.944 0.004667578129
13.946 0.004665794062
13.948 0.00466609784
13.95 0.004664314774
13.952 0.004664609635
13.954 0.004662826342
13.956 0.004663115291
13.958 0.004661336082
13.96 0.004661616564
13.962 0.004659839857
13.964 0.004659848911
13.966 0.004658398368
13.968 0.004658300337
13.97 0.004656916334
13.972 0.004656784463
13.974 0.004655141025
13.976 0.004655329199
13.978 0.004653574827
13.98 0.004653835007
13.982 0.004652035654
13.984 0.004652316002
13.986 0.004650498404
13.988 0.00465078135
13.99 0.004648963873
13.992 0.004649234827
13.994 0.00464741878
13.996 0.004647681014
13.998 0.004645867176
14 0.004646118364
14.002 0.004644319416
14.004 0.004644561319
14.006 0.004642769029
14.008 0.004642993344
14.01 0.004641220366
14.012 0.004641426496
14.014 0.00463966499
14.016 0.004639860232
14.018 0.004638117071
14.02 0.004638286907
14.022 0.004636557073
14.024 0.004636724766
14.026 0.004635029801
14.028 0.004635132843
14.03 0.004633441772
14.032 0.004633488466
14.034 0.004631946015
14.036 0.004631961554
14.038 0.004630379027
14.04 0.004630405649
14.042 0.00462882624
14.044 0.004628835007
14.046 0.004627273469
14.048 0.00462725975
14.05 0.004625728638
14.052 0.004625692041
14.054 0.004624188507
14.056 0.004624117829
14.058 0.00462265353
14.06 0.004622553678
14.062 0.004621125146
14.064 0.004620985811
14.066 0.00461959601
14.068 0.004619421323
14.07 0.004618077312
14.072 0.004617867175
14.074 0.004616560364
14.076 0.004616304755
14.078 0.004615053134
14.08 0.004614759246
14.082 0.004613557032
14.084 0.004613216643
14.086 0.004612053055
14.088 0.004611681398
14.09 0.004610559364
14.092 0.004610152678
14.094 0.004609067389
14.096 0.00460862529
14.098 0.004607578416
14.1 0.00460709756
14.102 0.00460609133
14.104 0.004605587906
14.106 0.004604617286
14.108 0.00460407597
14.11 0.004603149163
14.112 0.00460256646
14.114 0.004601689856
14.116 0.004601069852
14.118 0.004600229602
14.12 0.004599568443
14.122 0.004598793738
14.124 0.004598104916
14.126 0.004597365579
14.128 0.004596627517
14.13 0.004595935967
14.132 0.004595167152
14.134 0.004594523962
14.136 0.004593739789
14.138 0.004593127591
14.14 0.004592318836
14.142 0.0045917213
14.144 0.004590902623
14.146 0.00459033182
14.148 0.004589489456
14.15 0.004588957194
14.152 0.004588090819
14.154 0.004587599255
14.156 0.00458669731
14.158 0.00458624557
14.16 0.004585317534
14.162 0.004584912278
14.164 0.004583949634
14.166 0.004583587172
14.168 0.004582598271
14.17 0.004582277074
14.172 0.004581258022
14.174 0.004580970482
14.176 0.004579930883
14.178 0.00457967811
14.18 0.004578615804
14.182 0.004578402048
14.184 0.004577321718
14.186 0.004577142134
14.188 0.004576040628
14.19 0.004575900313
14.192 0.004574771275
14.194 0.00457466717
14.196 0.004573512017
14.198 0.004573447456
14.2 0.004572267192
14.202 0.004572243809
14.204 0.004571044142
14.206 0.004571052359
14.208 0.004569826083
14.21 0.004569871327
14.212 0.004568620233
14.214 0.004568707382
14.216 0.004567429022
14.218 0.004567551656
14.22 0.004566252675
14.222 0.004566410467
14.224 0.004565080029
14.226 0.004565278444
14.228 0.004563928399
14.23 0.004564159736
14.232 0.004562782345
14.234 0.004563046856
14.236 0.00456165367
14.238 0.004561946915
14.24 0.004560530124
14.242 0.004560855677
14.244 0.004559419634
14.246 0.004559776012
14.248 0.004558318482
14.25 0.004558700541
14.252 0.004557223903
14.254 0.00455763581
14.256 0.004556142021
14.258 0.004556580351
14.26 0.004555064894
14.262 0.004555530938
14.264 0.004553998156
14.266 0.004554491503
14.268 0.004552939052
14.27 0.004553456879
14.272 0.004551891706
14.274 0.004552428067
14.276 0.004550848835
14.278 0.004551406463
14.28 0.004549806375
14.282 0.004550390653
14.284 0.004548774832
14.286 0.004549382249
14.288 0.004547749668
14.29 0.00454838005
14.292 0.004546747159
14.294 0.004547395986
14.296 0.004545712438
14.298 0.004546395631
14.3 0.004544698244
14.302 0.004545404395
14.304 0.004543697029
14.306 0.004544419335
14.308 0.004542695483
14.31 0.00454344274
14.312 0.004541701092
14.314 0.004542460091
14.316 0.004540709568
14.318 0.004541481204
14.32 0.004539718844
14.322 0.004540508511
14.324 0.00453872977
14.326 0.004539537898
14.328 0.004537743046
14.33 0.004538571604
14.332 0.004536761718
14.334 0.004537601509
14.336 0.004535781423
14.338 0.004536632618
14.34 0.004534801368
14.342 0.004535663242
14.344 0.004533823119
14.346 0.004535057549
14.348 0.004532261354
14.35 0.004534381814
14.352 0.004530769624
14.354 0.004533679601
14.356 0.004529360531
14.358 0.004532925711
14.36 0.004528046632
14.362 0.004532112717
14.364 0.004526075014
14.366 0.004531551553
14.368 0.004524429612
14.37 0.004530902097
14.372 0.00452293667
14.374 0.004530157884
14.376 0.004521616713
14.378 0.004529314914
14.38 0.004520470222
14.382 0.004528375039
14.384 0.004519487674
14.386 0.00452734701
14.388 0.004519021321
14.39 0.004525660087
14.392 0.004518609504
14.394 0.004523977749
14.396 0.004518276453
14.398 0.00452232364
14.4 0.004517975454
14.402 0.004519975088
14.404 0.00451799156
14.406 0.004517922433
14.408 0.004517952904
14.41 0.004516023557
14.412 0.004517834158
14.414 0.004514315393
14.416 0.004517604528
14.418 0.004512789521
14.42 0.004517261903
14.422 0.004511461409
14.424 0.004516792691
14.426 0.004510313804
14.428 0.004516197229
14.43 0.004509350023
14.432 0.0045154713
14.434 0.00450854407
14.436 0.004514615377
14.438 0.004507871797
14.44 0.004513658232
14.442 0.004507323348
14.444 0.004512594784
14.446 0.004506872858
14.448 0.004511448254
14.45 0.004506483015
14.452 0.004510233096
14.454 0.004506132652
14.456 0.004508972274
14.458 0.004505800277
14.46 0.004507677853
14.462 0.004505459159
14.464 0.004506354321
14.466 0.00450510463
14.468 0.004505028932
14.47 0.004504698483
14.472 0.004503712375
14.474 0.004504235606
14.476 0.004502420062
14.478 0.004503706192
14.48 0.004501153967
14.482 0.004503101832
14.484 0.004499923551
14.486 0.004502412351
14.488 0.004498732141
14.49 0.004501633234
14.492 0.004497967688
14.494 0.004500739213
14.496 0.004496917747
14.498 0.004500181055
14.5 0.004495821471
14.502 0.004499228767
14.504 0.004494774706
14.506 0.004498159683
14.508 0.004493783317
14.51 0.004497013004
14.512 0.004492837217
14.514 0.004495813344
14.516 0.004491923045
14.518 0.004494569033
14.52 0.004491033315
14.522 0.004493298619
14.524 0.00449016646
14.526 0.00449201008
14.528 0.004489311479
14.53 0.004490713475
14.532 0.004488469186
14.534 0.004489415722
14.536 0.004487628
14.538 0.00448812702
14.54 0.004486791647
14.542 0.00448685127
14.544 0.004485944989
14.546 0.004485598944
14.548 0.004485092741
14.55 0.004484374444
14.552 0.004484224951
14.554 0.004483177334
14.556 0.004483347045
14.558 0.004482010947
14.56 0.004482456118
14.562 0.004480881282
14.564 0.004481551213
14.566 0.004479786403
14.568 0.004480627676
14.57 0.004478721358
14.572 0.004479692637
14.574 0.004477694026
14.576 0.00447874731
14.578 0.004476696429
14.58 0.004477786691
14.582 0.004475727791
14.584 0.004476819717
14.586 0.004474785588
14.588 0.004475850599
14.59 0.004473865738
14.592 0.004474873165
14.594 0.004472970402
14.596 0.004473898393
14.598 0.00447208562
14.6 0.004472916985
14.602 0.004471214149
14.604 0.004471694592
14.606 0.004470141627
14.608 0.004470712301
14.61 0.004469261091
14.612 0.004469751567
14.614 0.004468408595
14.616 0.004468790155
14.618 0.004467554489
14.62 0.00446783184
14.622 0.00446671227
14.624 0.004466882647
14.626 0.004465870088
14.628 0.004465947427
14.63 0.004465016466
14.632 0.004465024935
14.634 0.004464174203
14.636 0.004464112693
14.638 0.004463319915
14.64 0.004463219926
14.642 0.004462461752
14.644 0.004462325385
14.646 0.004461595404
14.648 0.004461454688
14.65 0.004460729141
14.652 0.00446059682
14.654 0.00445985672
14.656 0.004459738493
14.658 0.004458978017
14.66 0.00445890008
14.662 0.004458094733
14.664 0.004458059059
14.666 0.004457205885
14.668 0.004457228324
14.67 0.004456310701
14.672 0.004456404245
14.674 0.004455422525
14.676 0.004455581499
14.678 0.00445453067
14.68 0.004454762966
14.682 0.004453636275
14.684 0.004453946038
14.686 0.004452741473
14.688 0.004453190922
14.69 0.004451886459
14.692 0.004452424163
14.694 0.004450956028
14.696 0.00445153208
14.698 0.004450021504
14.7 0.004450660875
14.702 0.00444910123
14.704 0.00444980137
14.706 0.004448191041
14.708 0.00444894554
14.71 0.004447286897
14.712 0.00444809177
14.714 0.004446390674
14.716 0.00444723893
14.718 0.004445501801
14.72 0.004446387608
14.722 0.004444621788
14.724 0.004445516573
14.726 0.004443695579
14.728 0.004444765569
14.73 0.004444489974
14.732 0.004447109783
14.734 0.004447217931
14.736 0.004449736532
14.738 0.004449531981
14.74 0.004451700097
14.742 0.004451148968
14.744 0.004453011295
14.746 0.004452170749
14.748 0.004453785657
14.75 0.004452711592
14.752 0.004454127605
14.754 0.004452868034
14.756 0.004454123962
14.758 0.004452717409
14.76 0.004453842387
14.762 0.00445231934
14.764 0.004453334812
14.766 0.004451717727
14.768 0.004452637056
14.77 0.004450943766
14.772 0.004451775102
14.774 0.004450020894
14.776 0.004450767934
14.778 0.004448963088
14.78 0.004449630294
14.782 0.004447779822
14.784 0.004448370554
14.786 0.00444648405
14.788 0.004446997726
14.79 0.004445083048
14.792 0.004445520204
14.794 0.004443584012
14.796 0.004443947979
14.798 0.00444199577
14.8 0.004442289746
14.802 0.004440328486
14.804 0.004440555356
14.806 0.004438591838
14.808 0.004438755753
14.81 0.004436796692
14.812 0.004436899229
14.814 0.004434957429
14.816 0.004435002495
14.818 0.00443307875
14.82 0.004433077198
14.822 0.004431175789
14.824 0.004431133739
14.826 0.004429257911
14.828 0.00442918151
14.83 0.004427338059
14.832 0.004427236278
14.834 0.004425419622
14.836 0.004425299302
14.838 0.004423518237
14.84 0.004423382317
14.842 0.004421641285
14.844 0.004421490902
14.846 0.004419794953
14.848 0.004419630342
14.85 0.004417981234
14.852 0.0044178081
14.854 0.00441620623
14.856 0.004416026868
14.858 0.004414470575
14.86 0.004414288495
14.862 0.004412779973
14.864 0.004412594217
14.866 0.004411136338
14.868 0.004410946396
14.87 0.004409535536
14.872 0.004409337847
14.874 0.004407982459
14.876 0.004407775396
14.878 0.004406468354
14.88 0.004406255797
14.882 0.004404994232
14.884 0.004404776397
14.886 0.004403558347
14.888 0.004403334559
14.89 0.004402158882
14.892 0.004401926246
14.894 0.004400793364
14.896 0.004400550709
14.898 0.004399457593
14.9 0.004399201926
14.902 0.004398148941
14.904 0.004397875244
14.906 0.004396867444
14.908 0.004396576401
14.91 0.004395609236
14.912 0.004395291987
14.914 0.004394367608
14.916 0.004394026302
14.918 0.004393148639
14.92 0.004392771363
14.922 0.004391938725
14.924 0.004391530553
14.926 0.004390740542
14.928 0.004390299695
14.93 0.004389543102
14.932 0.004389080207
14.934 0.004388357468
14.936 0.004387862255
14.938 0.004387180123
14.94 0.004386645979
14.942 0.004386003612
14.944 0.004385433301
14.946 0.004384829772
14.948 0.004384222165
14.95 0.004383657082
14.952 0.004383009975
14.954 0.004382482371
14.956 0.004381799079
14.958 0.004381310416
14.96 0.004380589598
14.962 0.004380135807
14.964 0.004379375113
14.966 0.004378958162
14.968 0.004378164309
14.97 0.004377778399
14.972 0.004376947352
14.974 0.004376599894
14.976 0.004375731294
14.978 0.004375420139
14.98 0.004374515239
14.982 0.004374234448
14.984 0.004373297983
14.986 0.004373050384
14.988 0.004372080048
14.99 0.00437186393
14.992 0.004370861582
14.994 0.004370676485
14.996 0.00436964517
14.998 0.004369489166
15 0.00436842554
15.002 0.004368302142
15.004 0.004367207965
15.006 0.004367116027
15.008 0.004365991799
15.01 0.004365930848
15.012 0.004364777326
15.014 0.004364747177
15.016 0.004363564629
15.018 0.004363564868
15.02 0.004362355795
15.022 0.004362385045
15.024 0.004361148547
15.026 0.004361208959
15.028 0.00435994465
15.03 0.004360035775
15.032 0.004358744408
15.034 0.004358865952
15.036 0.004357547796
15.038 0.004357764992
15.04 0.004356351897
15.042 0.004356609458
15.044 0.004355229753
15.046 0.004355446117
15.048 0.004354056575
15.05 0.004354288435
15.052 0.004352880454
15.054 0.004353138096
15.056 0.004351706583
15.058 0.004351994017
15.06 0.004350537337
15.062 0.00435085558
15.064 0.004349372929
15.066 0.004349722979
15.068 0.004348214425
15.07 0.004348593152
15.072 0.00434706125
15.074 0.004347468704
15.076 0.004345913648
15.078 0.004346348633
15.08 0.004344764208
15.082 0.004345238074
15.084 0.004343622829
15.086 0.004344126957
15.088 0.004342490116
15.09 0.004343018607
15.092 0.004341363217
15.094 0.004341914812
15.096 0.00434024274
15.098 0.0043408153
15.1 0.004339128905
15.102 0.004339720022
15.104 0.004338021311
15.106 0.004338627558
15.108 0.004336925756
15.11 0.004337537427
15.112 0.004335833371
15.114 0.004336453621
15.116 0.004334746286
15.118 0.00433537766
15.12 0.004333663757
15.122 0.004334308769
15.124 0.004332584282
15.126 0.004333247605
15.128 0.004331514765
15.13 0.004332186827
15.132 0.004330456974
15.134 0.004331132536
15.136 0.004329405044
15.138 0.004330086076
15.14 0.004328360209
15.142 0.004329047345
15.144 0.004327323647
15.146 0.004328016501
15.148 0.004326294807
15.15 0.00432689755
15.152 0.004325392127
15.154 0.004325838495
15.156 0.00432441374
15.158 0.00432482313
15.16 0.004323418169
15.162 0.00432383165
15.164 0.004322421175
15.166 0.004322858541
15.168 0.00432142851
15.17 0.004321898787
15.172 0.004320449574
15.174 0.004320944158
15.176 0.004319480332
15.178 0.004320000975
15.18 0.004318360173
15.182 0.004319103325
15.184 0.004317365774
15.186 0.0043182046
15.188 0.004316406089
15.19 0.00431730703
15.192 0.004315470716
15.194 0.004316248169
15.196 0.00431459017
15.198 0.004315305473
15.2 0.004313721606
15.202 0.004314387025
15.204 0.004312865093
15.206 0.004313483525
15.208 0.004312021597
15.21 0.004312593324
15.212 0.004311191311
15.214 0.004311716096
15.216 0.004310373742
15.218 0.004310852393
15.22 0.004309567302
15.222 0.004310001561
15.224 0.00430877312
15.226 0.00430915518
15.228 0.00430799682
15.23 0.004308329306
15.232 0.004307224268
15.234 0.004307444343
15.236 0.004306411621
15.238 0.004306732989
15.24 0.004305736546
15.242 0.004305936163
15.244 0.004304976322
15.246 0.004305187507
15.248 0.004304229123
15.25 0.004304449965
15.252 0.004303493596
15.254 0.004303722515
15.256 0.004302766731
15.258 0.004303001492
15.26 0.004302050271
15.262 0.004302288219
15.264 0.004301341561
15.266 0.004301581942
15.268 0.004300640168
15.27 0.004300880863
15.272 0.004299946542
15.274 0.004300187011
15.276 0.004299258027
15.278 0.004299497459
15.28 0.004298571611
15.282 0.004298815011
15.284 0.004297891155
15.286 0.00429813392
15.288 0.004297214726
15.29 0.004297454189
15.292 0.004296539624
15.294 0.004296776196
15.296 0.004295868523
15.298 0.004296097723
15.3 0.004295197675
15.302 0.004295339155
15.304 0.004294481575
15.306 0.004294743457
15.308 0.00429384668
15.31 0.004294057487
15.312 0.004293188662
15.314 0.004293534519
15.316 0.004292483084
15.318 0.004292890883
15.32 0.004291780737
15.322 0.004292221875
15.324 0.004291080989
15.326 0.004291539408
15.328 0.004290383264
15.33 0.004290844822
15.332 0.004289851292
15.334 0.004290102144
15.336 0.004289199645
15.338 0.004289357777
15.34 0.004288526595
15.342 0.004288606671
15.344 0.004287843808
15.346 0.004287852313
15.348 0.004287150648
15.35 0.004287093201
15.352 0.004286449183
15.354 0.004286329229
15.356 0.004285737925
15.358 0.004285560359
15.36 0.004285016337
15.362 0.004284786992
15.364 0.004284284372
15.366 0.004284007972
15.368 0.004283540824
15.37 0.004283222564
15.372 0.004282786063
15.374 0.00428243109
15.376 0.00428201761
15.378 0.004281632743
15.38 0.004281235915
15.382 0.004280827083
15.384 0.004280440312
15.386 0.004280013064
15.388 0.004279630352
15.39 0.004279189738
15.392 0.004278806791
15.394 0.004278356057
15.396 0.004277968971
15.398 0.004277509474
15.4 0.004277118261
15.402 0.004276649305
15.404 0.004276252039
15.406 0.004275777749
15.408 0.004275371364
15.41 0.004274892768
15.412 0.004274476006
15.414 0.004273993506
15.416 0.004273566143
15.418 0.004273079365
15.42 0.004272643303
15.422 0.0042721496
15.424 0.004271702995
15.426 0.004271205816
15.428 0.004270749762
15.43 0.004270244529
15.432 0.004269783064
15.434 0.004269266498
15.436 0.004268802678
15.438 0.004268272265
15.44 0.004267809007
15.442 0.004267260805
15.444 0.004266803478
15.446 0.004266235037
15.448 0.004265783648
15.45 0.004265194696
15.452 0.004264750851
15.454 0.004264139929
15.456 0.004263705664
15.458 0.004263068882
15.46 0.004262651966
15.462 0.004261985755
15.464 0.00426158305
15.466 0.004260892353
15.468 0.004260504686
15.47 0.004259784422
15.472 0.004259417522
15.474 0.00425866644
15.476 0.004258320105
15.478 0.004257538868
15.48 0.004257214012
15.482 0.004256402984
15.484 0.0042560998
15.486 0.004255259527
15.488 0.004254978791
15.49 0.004254110056
15.492 0.004253851082
15.494 0.004252956199
15.496 0.004252715466
15.498 0.004251801413
15.5 0.004251577372
15.502 0.004250642417
15.504 0.004250436839
15.506 0.00424948135
15.508 0.004249294466
15.51 0.004248320744
15.512 0.004248149661
15.514 0.00424716012
15.516 0.004247006086
15.518 0.004246000988
15.52 0.004245863459
15.522 0.00424484444
15.524 0.004244723581
15.526 0.004243692267
15.528 0.004243586611
15.53 0.004242542882
15.532 0.004242455864
15.534 0.004241401255
15.536 0.004241328547
15.538 0.004240268469
15.54 0.004240205508
15.542 0.004239143999
15.544 0.004239090274
15.546 0.004238027488
15.548 0.004237983477
15.55 0.004236920255
15.552 0.004236885857
15.554 0.004235823415
15.556 0.004235797055
15.558 0.004234738554
15.56 0.004234721506
15.562 0.0042336629
15.564 0.004233656746
15.566 0.004232597917
15.568 0.004232605896
15.57 0.004231547049
15.572 0.004231566619
15.574 0.004230510347
15.576 0.004230540848
15.578 0.004229485186
15.58 0.004229536292
15.582 0.004228426769
15.584 0.004228548877
15.586 0.004227411227
15.588 0.0042275559
15.59 0.004226421242
15.592 0.004226567419
15.594 0.004225453256
15.596 0.004225590249
15.598 0.004224505641
15.6 0.004224686917
15.602 0.004223503528
15.604 0.004223710916
15.606 0.004222574018
15.608 0.004222753454
15.61 0.004221661244
15.612 0.004221821181
15.614 0.004220762425
15.616 0.004220905642
15.618 0.004220086952
15.62 0.004219989875
15.622 0.004219245412
15.624 0.004219111258
15.626 0.004218388546
15.628 0.00421847042
15.63 0.004217518266
15.632 0.004217670726
15.634 0.004216680245
15.636 0.004216857195
15.638 0.004215790112
15.64 0.004216002049
15.642 0.0042150874
15.644 0.004215178228
15.646 0.004214268587
15.648 0.004214480405
15.65 0.004213538544
15.652 0.004213718263
15.654 0.004212802455
15.656 0.004212968637
15.658 0.004212075195
15.66 0.0042122335
15.662 0.004211359395
15.664 0.00421151279
15.666 0.004210656922
15.668 0.004210805564
15.67 0.004209966511
15.672 0.004210112709
15.674 0.004209288623
15.676 0.004209433118
15.678 0.004208624256
15.68 0.004208766169
15.682 0.004207969709
15.684 0.004208112274
15.686 0.004207327089
15.688 0.004207470061
15.69 0.004206697509
15.692 0.004206839596
15.694 0.004206079226
15.696 0.00420622118
15.698 0.004205472759
15.7 0.004205612489
15.702 0.004204897393
15.704 0.004205013078
15.706 0.004204293823
15.708 0.004204422507
15.71 0.004203714864
15.712 0.004203840299
15.714 0.004203169394
15.716 0.004203265231
15.718 0.00420259364
15.72 0.004202697361
15.722 0.004202063387
15.724 0.004202136609
15.726 0.004201501675
15.728 0.004201579833
15.73 0.004200986823
15.732 0.004201028408
15.734 0.004200431225
15.736 0.004200463511
15.738 0.004199900594
15.74 0.004199918157
15.742 0.004199376417
15.744 0.004199404277
15.746 0.00419887865
15.748 0.004198870943
15.75 0.004198363986
15.752 0.004198338366
15.754 0.0041978445
15.756 0.004197805461
15.758 0.004197327398
15.76 0.004197269648
15.762 0.004196811798
15.764 0.004196730685
15.766 0.004196293115
15.768 0.004196190811
15.77 0.00419577033
15.772 0.004195648364
15.774 0.004195246331
15.776 0.004195102427
15.778 0.004194716032
15.78 0.004194550883
15.782 0.004194180375
15.784 0.004193970872
15.786 0.004193615424
15.788 0.004193402662
15.79 0.004193061798
15.792 0.004192833178
15.794 0.004192529599
15.796 0.004192283059
15.798 0.004191969928
15.8 0.004191676995
15.802 0.004191370464
15.804 0.004191077884
15.806 0.004190808408
15.808 0.004190499327
15.81 0.004190218826
15.812 0.004189861955
15.814 0.004189613836
15.816 0.004189257851
15.818 0.004188998857
15.82 0.004188596304
15.822 0.004188369884
15.824 0.004187968347
15.826 0.0041877303
15.828 0.004187281433
15.83 0.004187076167
15.832 0.004186600571
15.834 0.004186382667
15.836 0.004185908101
15.838 0.004185725138
15.84 0.004185205269
15.842 0.004185034515
15.844 0.004184488498
15.846 0.004184299736
15.848 0.004183756447
15.85 0.004183601204
15.852 0.004183012706
15.854 0.004182868551
15.856 0.004182255244
15.858 0.004182118856
15.86 0.00418148388
15.862 0.004181355261
15.864 0.004180726387
15.866 0.004180579206
15.868 0.004179904265
15.87 0.004179787446
15.872 0.004179088751
15.874 0.004178982553
15.876 0.004178264347
15.878 0.004178162862
15.88 0.004177429764
15.882 0.004177332346
15.884 0.004176582786
15.886 0.004176495101
15.888 0.004175717765
15.89 0.004175641595
15.892 0.00417484627
15.894 0.004174776171
15.896 0.004173964814
15.898 0.004173899571
15.9 0.004173073357
15.902 0.004173012538
15.904 0.004172172091
15.906 0.004172116218
15.908 0.004171261239
15.91 0.004171210817
15.912 0.004170341457
15.914 0.004170297007
15.916 0.004169413628
15.918 0.004169373895
15.92 0.004168479634
15.922 0.004168444544
15.924 0.00416753719
15.926 0.004167508604
15.928 0.00416658804
15.93 0.004166566653
15.932 0.00416563284
15.934 0.00416561844
15.936 0.004164672975
15.938 0.004164664091
15.94 0.004163708292
15.942 0.004163704598
15.944 0.004162739801
15.946 0.004162741094
15.948 0.004161766809
15.95 0.004161774433
15.952 0.004160789846
15.954 0.004160804131
15.956 0.004159810784
15.958 0.004159830193
15.96 0.004158829294
15.962 0.004158854178
15.964 0.004157844734
15.966 0.004157876263
15.968 0.0041568581
15.97 0.004156896352
15.972 0.004155870086
15.974 0.004155915233
15.976 0.004154879619
15.978 0.004154933389
15.98 0.004153887541
15.982 0.004153949108
15.984 0.004152896011
15.986 0.004152963048
15.988 0.004151904922
15.99 0.00415197502
15.992 0.004150912884
15.994 0.004150986811
15.996 0.004149920423
15.998 0.004149998156
16 0.004148927582
16.002 0.004149004868
16.004 0.004147939643
16.006 0.004148009615
16.008 0.004146953518
16.01 0.004147019186
16.012 0.004145956833
16.014 0.004146035791
16.016 0.004144962493
16.018 0.004145047054
16.02 0.004143969223
16.022 0.004144056627
16.024 0.004142976266
16.026 0.004143066461
16.028 0.00414198362
16.03 0.004142074831
16.032 0.004140990657
16.034 0.004141082626
16.036 0.004139997516
16.038 0.004140089576
16.04 0.004139004627
16.042 0.004139095351
16.044 0.004138011976
16.046 0.004138100662
16.048 0.004137018854
16.05 0.004137104356
16.052 0.004136026204
16.054 0.004136106821
16.056 0.004135033469
16.058 0.004135108688
16.06 0.0041339603
16.062 0.00413407101
16.064 0.004133008693
16.066 0.004133082651
16.068 0.004132000193
16.07 0.004132074471
16.072 0.004130993288
16.074 0.004131060746
16.076 0.004129990859
16.078 0.004130043351
16.08 0.004128986137
16.082 0.004129029776
16.084 0.004127983814
16.086 0.004128015541
16.088 0.004126982648
16.09 0.0041270017
16.092 0.004125983684
16.094 0.004125989023
16.096 0.004124985265
16.098 0.004124978694
16.1 0.004123987553
16.102 0.004123970357
16.104 0.004122992379
16.106 0.004122963812
16.108 0.004122002161
16.11 0.00412195625
16.112 0.004121013409
16.114 0.004120953129
16.116 0.004120027985
16.118 0.004119953593
16.12 0.004119045722
16.122 0.00411895896
16.124 0.004118066945
16.126 0.004117968903
16.128 0.004117092646
16.13 0.004116985602
16.132 0.004116121312
16.134 0.004115697889
16.136 0.004115181468
16.138 0.00411468001
16.14 0.004113921725
16.142 0.004113736551
16.144 0.004112923164
16.146 0.004112791168
16.148 0.004111972763
16.15 0.004111844313
16.152 0.004111043645
16.154 0.004110900915
16.156 0.004110126546
16.158 0.004109963707
16.16 0.004109218881
16.162 0.004109034242
16.164 0.00410831955
16.166 0.004108113277
16.168 0.004107428271
16.17 0.004107201342
16.172 0.004106544725
16.174 0.004106299352
16.176 0.004105669286
16.178 0.004105408064
16.18 0.004104802101
16.182 0.004104527739
16.184 0.00410394407
16.186 0.004103659019
16.188 0.004103095413
16.19 0.004102801328
16.192 0.00410225797
16.194 0.004101955599
16.196 0.004101430913
16.198 0.004101122904
16.2 0.004100615185
16.202 0.004100302982
16.204 0.004099811058
16.206 0.004099496306
16.208 0.004099018791
16.21 0.004098702896
16.212 0.004098239044
16.214 0.004097922573
16.216 0.004097472051
16.218 0.004097155443
16.22 0.004096717683
16.222 0.004096401691
16.224 0.004095975712
16.226 0.00409566008
16.228 0.004095248654
16.23 0.004094932457
16.232 0.004094533724
16.234 0.004094218054
16.236 0.004093830998
16.238 0.004093518812
16.24 0.004093139086
16.242 0.004092831564
16.244 0.004092461275
16.246 0.004092154392
16.248 0.004091797749
16.25 0.004091490606
16.252 0.004091144707
16.254 0.004090839313
16.256 0.004090507201
16.258 0.00409019918
16.26 0.00408988047
16.262 0.004089566762
16.264 0.004089262721
16.266 0.004088947828
16.268 0.004088658014
16.27 0.00408833648
16.272 0.004088063464
16.274 0.004087736433
16.276 0.004087478482
16.278 0.004087144949
16.28 0.004086902545
16.282 0.004086561148
16.284 0.004086336356
16.286 0.004085985495
16.288 0.004085778015
16.29 0.004085417845
16.292 0.004085224799
16.294 0.004084829427
16.296 0.004084676976
16.298 0.004084301052
16.3 0.004084135401
16.302 0.004083756575
16.304 0.004083601719
16.306 0.004083215346
16.308 0.004083071326
16.31 0.004082677375
16.312 0.004082574748
16.314 0.004082144994
16.316 0.004082025984
16.318 0.004081615796
16.32 0.004081503241
16.322 0.004081088753
16.324 0.004080982977
16.326 0.00408053558
16.328 0.00408046539
16.33 0.004080035305
16.332 0.004080008036
16.334 0.004079514907
16.336 0.004079482689
16.338 0.004078992088
16.34 0.004078942636
16.342 0.004078470107
16.344 0.00407844509
16.346 0.004077951377
16.348 0.004077909587
16.35 0.004077402302
16.352 0.00407738979
16.354 0.004076818326
16.356 0.004076869755
16.358 0.00407636656
16.36 0.004076370121
16.362 0.004075851952
16.364 0.004075847702
16.366 0.004075323649
16.368 0.004075318806
16.37 0.004074732619
16.372 0.004074786954
16.374 0.004074241513
16.376 0.004074245381
16.378 0.00407370647
16.38 0.004073701771
16.382 0.004073161768
16.384 0.004073208062
16.386 0.004072606448
16.388 0.004072609109
16.39 0.004072047937
16.392 0.004072045619
16.394 0.004071482818
16.396 0.004071537203
16.398 0.004070910283
16.4 0.004070920274
16.402 0.004070309275
16.404 0.004070311368
16.406 0.004069665743
16.408 0.004069727723
16.41 0.00406912201
16.412 0.004069160229
16.414 0.004068564218
16.416 0.004068624935
16.418 0.004067943647
16.42 0.00406795446
16.422 0.004067336625
16.424 0.004067336927
16.426 0.004066668444
16.428 0.004066749118
16.43 0.004066121192
16.432 0.00406613651
16.434 0.004065430455
16.436 0.004065489917
16.438 0.00406484763
16.44 0.00406488031
16.442 0.004064223095
16.444 0.004064277607
16.446 0.004063586657
16.448 0.004063614173
16.45 0.004062947569
16.452 0.004062993773
16.454 0.004062305695
16.456 0.004062318194
16.458 0.004061661466
16.46 0.004061691098
16.462 0.00406101026
16.464 0.004061008197
16.466 0.004060354886
16.468 0.004060400156
16.47 0.00405972279
16.472 0.004059690497
16.474 0.004059048293
16.476 0.004059069674
16.478 0.004058385758
16.48 0.004058353401
16.482 0.004057673708
16.484 0.004057676154
16.486 0.004057081795
16.488 0.004057000508
16.49 0.004056354379
16.492 0.004056328166
16.494 0.004055736007
16.496 0.004055705822
16.498 0.004055078081
16.5 0.004054985905
16.502 0.004054368573
16.504 0.004054305951
16.506 0.004053754593
16.508 0.004053681109
16.51 0.004053100795
16.512 0.004052963538
16.514 0.004052444543
16.516 0.004052337819
16.518 0.004051787131
16.52 0.004051622057
16.522 0.004051080308
16.524 0.004050947969
16.526 0.004050471331
16.528 0.004050330741
16.53 0.004049824486
16.532 0.004049619467
16.534 0.004049177039
16.536 0.004048952479
16.538 0.004048477958
16.54 0.004048293823
16.542 0.004047877212
16.544 0.004047687198
16.546 0.004047240343
16.548 0.004046983292
16.55 0.004046557559
16.552 0.004046325129
16.554 0.004045969125
16.556 0.004045673165
16.558 0.004045342454
16.56 0.004045077846
16.562 0.004044713511
16.564 0.004044441849
16.566 0.00404408709
16.568 0.004043745723
16.57 0.004043397757
16.572 0.004043025101
16.574 0.00404274735
16.576 0.004042406247
16.578 0.004042150436
16.58 0.004041802114
16.582 0.004236826614
16.584 0.004106393869
16.586 0.004248132002
16.588 0.004146107305
16.59 0.004031094565
16.592 0.004085946065
16.594 0.004009333188
16.596 0.004060837121
16.598 0.004007996459
16.6 0.004048839371
16.602 0.004011686374
16.604 0.004052268052
16.606 0.004025976214
16.608 0.004058619247
16.61 0.004033888723
16.612 0.004061154944
16.614 0.004037869836
16.616 0.004061066881
16.618 0.004039968003
16.62 0.004059945783
16.622 0.004041772918
16.624 0.004058846871
16.626 0.004044348264
16.628 0.004058544486
16.63 0.004047976116
16.632 0.004059322526
16.634 0.004052800072
16.636 0.004061052307
16.638 0.004216708895
16.64 0.004094458159
16.642 0.004240018738
16.644 0.004143609826
16.646 0.004244439143
16.648 0.004177965683
16.65 0.004028760617
16.652 0.004095910476
16.654 0.004000276694
16.656 0.004058806446
16.658 0.004010049063
16.66 0.00405397395
16.662 0.004023056423
16.664 0.004062718691
16.666 0.004036200993
16.668 0.00406752361
16.67 0.004043785317
16.672 0.004068776464
16.674 0.004048086789
16.676 0.004068487056
16.678 0.004051773273
16.68 0.004068517199
16.682 0.004182978454
16.684 0.004065417339
16.686 0.004201595862
16.688 0.004058295619
16.69 0.004354842535
16.692 0.004271618211
16.694 0.004040089884
16.696 0.004119916924
16.698 0.00397214865
16.7 0.004054933167
16.702 0.0039891907
16.704 0.004075470056
16.706 0.004037346942
16.708 0.004099065071
16.71 0.004058187237
16.712 0.004104733465
16.714 0.004067079811
16.716 0.004103421336
16.718 0.004070572443
16.72 0.004099684208
16.722 0.004060639039
16.724 0.004085706088
16.726 0.004160415524
16.728 0.003987407671
16.73 0.004393142201
16.732 0.003970034392
16.734 0.004487300102
16.736 0.004191250881
16.738 0.004053401429
16.74 0.004467852768
16.742 0.003793431803
16.744 0.004261985215
16.746 0.003805435426
16.748 0.004202078964
16.75 0.003907135687
16.752 0.004193831782
16.754 0.003973373647
16.756 0.004180474804
16.758 0.004012908393
16.76 0.004160325242
16.762 0.004047005782
16.764 0.004135363358
16.766 0.004153341819
16.768 0.003742985543
16.77 0.004467221973
16.772 0.003564052962
16.774 0.004728715486
16.776 0.003654670022
16.778 0.004909549973
16.78 0.003573485276
16.782 0.005685367468
16.784 0.002226729751
16.786 0.005026376751
16.788 0.002664644731
16.79 0.004271258388
16.792 0.004049830814
16.794 0.003839401973
16.796 0.004614161657
16.798 0.003460425771
16.8 0.004511458494
16.802 0.00358124888
16.804 0.004481806842
16.806 0.003716240701
16.808 0.004429206678
16.81 0.003811589614
16.812 0.005683695634
16.814 0.00200512764
16.816 0.005128270043
16.818 0.002450370618
16.82 0.004320376793
16.822 0.003914113284
16.824 0.00378223138
16.826 0.004548946719
16.828 0.003610180596
16.83 0.004875077249
16.832 0.003928717366
16.834 0.00505528879
16.836 0.004132884767
16.838 0.005366882868
16.84 0.002344282705
16.842 0.004762452535
16.844 0.00335184881
16.846 0.005453757725
16.848 0.002420769763
16.85 0.0055437948
16.852 0.003445008344
16.854 0.004723037382
16.856 0.003489358736
16.858 0.004081973352
16.86 0.004314528301
16.862 0.003464542152
16.864 0.004565182105
16.866 0.003544630156
16.868 0.0054309298
16.87 0.002675337055
16.872 0.005354638764
16.874 0.002258067729
16.876 0.0053692842
16.878 0.002529474634
16.88 0.004892553287
16.882 0.002633231566
16.884 0.004079315688
16.886 0.004135464927
16.888 0.003539191926
16.89 0.00473072398
16.892 0.003787857974
16.894 0.00500600561
16.896 0.003924988671
16.898 0.005271925438
16.9 0.002354914215
16.902 0.004673828923
16.904 0.003362953914
16.906 0.005463656615
16.908 0.002078412687
16.91 0.005469307009
16.912 0.002909414584
16.914 0.004721186397
16.916 0.002845164932
16.918 0.003879392136
16.92 0.004267788851
16.922 0.003740049784
16.924 0.004817352699
16.926 0.003331830542
16.928 0.005401234724
16.93 0.002254050956
16.932 0.005058847881
16.934 0.00238776467
16.936 0.005483437484
16.938 0.002505089964
16.94 0.004760375204
16.942 0.002693677356
16.944 0.003965961152
16.946 0.004142246284
16.948 0.00343180832
16.95 0.004701710456
16.952 0.003408597874
16.954 0.005249061516
16.956 0.002961855464
16.958 0.00446479478
16.96 0.003529040543
16.962 0.005584924092
16.964 0.001912445631
16.966 0.005301883014
16.968 0.002512750408
16.97 0.004772156768
16.972 0.002683586476
16.974 0.00392384006
16.976 0.00417554292
16.978 0.003619416111
16.98 0.004744961015
16.982 0.003276673685
16.984 0.004756357226
16.986 0.003519104128
16.988 0.005543821555
16.99 0.002094321046
16.992 0.004885586277
16.994 0.002542355084
16.996 0.004172874411
16.998 0.003934824332
17 0.00363515775
17.002 0.004513592101
17.004 0.003674898946
17.006 0.004803522082
17.008 0.00326791325
17.01 0.004734664464
17.012 0.003492436642
17.014 0.005363577901
17.016 0.002583476598
17.018 0.00448800041
17.02 0.003854182097
17.022 0.004086841499
17.024 0.003869647059
17.026 0.004141484896
17.028 0.003694345717
17.03 0.005409381342
17.032 0.002498909416
17.034 0.00422973979
17.036 0.003954093551
17.038 0.003839583819
17.04 0.004678888856
17.042 0.003256517924
17.044 0.004678159611
17.046 0.003392508636
17.048 0.004638040723
17.05 0.003532707283
17.052 0.005462105092
17.054 0.001887167378
17.056 0.004915618281
17.058 0.00252201251
17.06 0.004192193172
17.062 0.003935041615
17.064 0.00367497498
17.066 0.004521355917
17.068 0.004124323354
17.07 0.004822234662
17.072 0.003249598844
17.074 0.004692412613
17.076 0.003437324731
17.078 0.005307152089
17.08 0.002296152661
17.082 0.004443382823
17.084 0.003845888339
17.086 0.003979690426
17.088 0.004300483942
17.09 0.003805154266
17.092 0.004164197062
17.094 0.003990024697
17.096 0.003806390532
17.098 0.004288882513
17.1 0.00365020114
17.102 0.004544618395
17.104 0.00346274297
17.106 0.005338342721
17.108 0.002010500677
17.11 0.004459838091
17.112 0.003647395849
17.114 0.003972998523
17.116 0.004167018886
17.118 0.003779947671
17.12 0.004315175086
17.122 0.003724230031
17.124 0.004330704417
17.126 0.0037303541
17.128 0.004296390282
17.13 0.003860894523
17.132 0.003873302373
17.134 0.004237142935
17.136 0.003636922737
17.138 0.004539658228
17.14 0.00393861139
17.142 0.004751359117
17.144 0.003358867826
17.146 0.005203239936
17.148 0.002317858984
17.15 0.004352653329
17.152 0.003683689939
17.154 0.003910822811
17.156 0.004185569502
17.158 0.00375792123
17.16 0.004318140771
17.162 0.003738485702
17.164 0.004316872168
17.166 0.003769540874
17.168 0.004264414064
17.17 0.003909807869
17.172 0.003981934626
17.174 0.004099257914
17.176 0.003775112928
17.178 0.004084270167
17.18 0.003830166606
17.182 0.00410414943
17.184 0.003853671063
17.186 0.004113010179
17.188 0.003858273157
17.19 0.004115956517
17.192 0.003857157716
17.194 0.004111428527
17.196 0.003857734826
17.198 0.005614418349
17.2 0.001734051229
17.202 0.005073756859
17.204 0.002177292988
17.206 0.005074266671
17.208 0.002248630743
17.21 0.005273191265
17.212 0.002016080172
17.214 0.005013997809
17.216 0.002259488311
17.218 0.004420441346
17.22 0.003511103076
17.222 0.005604132113
17.224 0.001644547972
17.226 0.004900433167
17.228 0.002321793533
17.23 0.004420961816
17.232 0.003476474391
17.234 0.005546001958
17.236 0.001694381995
17.238 0.004955543173
17.24 0.002251988126
17.242 0.004475758377
17.244 0.003411602116
17.246 0.005485261245
17.248 0.001740836344
17.25 0.00499467134
17.252 0.002209636819
17.254 0.004505268796
17.256 0.003380339088
17.258 0.00545865773
17.26 0.001762379214
17.262 0.00500358357
17.264 0.002207653847
17.266 0.005122571703
17.268 0.002144486591
17.27 0.005152515964
17.272 0.002095192333
17.274 0.005069820156
17.276 0.00218474607
17.278 0.005161993225
17.28 0.00210322335
17.282 0.005079269782
17.284 0.002180883144
17.286 0.005147378262
17.288 0.002126312983
17.29 0.00509741265
17.292 0.002167839575
17.294 0.005127504478
17.296 0.002147535194
17.298 0.005113753203
17.3 0.002152482931
17.302 0.005107892547
17.304 0.00216262121
17.306 0.005125088155
17.308 0.002137361326
17.31 0.005090989077
17.312 0.002170191529
17.314 0.005130243144
17.316 0.002124171285
17.318 0.00507824112
17.32 0.002170317803
17.322 0.005129158081
17.324 0.002114133866
17.326 0.005070299003
17.328 0.002163967693
17.33 0.00512261511
17.332 0.002107922312
17.334 0.005067493302
17.336 0.002152701007
17.338 0.005111712036
17.34 0.002105521116
17.342 0.005068294646
17.344 0.002138550314
17.346 0.005099525756
17.348 0.002106302708
17.35 0.005072590256
17.352 0.002123777997
17.354 0.004476311644
17.356 0.003381737704
17.358 0.005459883664
17.36 0.001696399527
17.362 0.004907161153
17.364 0.002248194773
17.366 0.004413385336
17.368 0.003416963773
17.37 0.00547212989
17.372 0.001683384097
17.374 0.004903885211
17.376 0.002241669468
17.378 0.004415808282
17.38 0.003408794247
17.382 0.005463514191
17.384 0.0016866059
17.386 0.004906567994
17.388 0.002234956389
17.39 0.004417576636
17.392 0.003403925485
17.394 0.005458740182
17.396 0.001687020367
17.398 0.004906232853
17.4 0.002232703279
17.402 0.004416513548
17.404 0.00340262527
17.406 0.005457188081
17.408 0.001685401457
17.41 0.004903804442
17.412 0.002232850182
17.414 0.004413945604
17.416 0.003402854074
17.418 0.005456793375
17.42 0.001683856571
17.422 0.004900975683
17.424 0.002233483917
17.426 0.004411525944
17.428 0.003403139081
17.43 0.005455866763
17.432 0.001684650986
17.434 0.004899544078
17.436 0.002234316011
17.438 0.004411171448
17.44 0.003403277312
17.442 0.005454223102
17.444 0.001687393147
17.446 0.004900373649
17.448 0.002234188964
17.45 0.00441285746
17.452 0.003402041894
17.454 0.004081722076
17.456 0.003782859361
17.458 0.00560574489
17.46 0.00156233118
17.462 0.004838327564
17.464 0.002279590716
17.466 0.004390851062
17.468 0.003416039478
17.47 0.004075991898
17.472 0.003786001364
17.474 0.003927573391
17.476 0.003912795708
17.478 0.003866230393
17.48 0.003957251678
17.482 0.003842703301
17.484 0.003972236107
17.486 0.003834453443
17.488 0.003976852137
17.49 0.00383205853
17.492 0.003977582615
17.494 0.003831891292
17.496 0.003976803505
17.498 0.003832606314
17.5 0.003975343256
17.502 0.003833743696
17.504 0.003973564396
17.506 0.003835194417
17.508 0.003971382656
17.51 0.00383690449
17.512 0.003968686989
17.514 0.003838914276
17.516 0.003965760242
17.518 0.00384118771
17.52 0.003962517739
17.522 0.003846429891
17.524 0.003958732936
17.526 0.003849595024
17.528 0.003954891188
17.53 0.003852568069
17.532 0.003950956691
17.534 0.003855543529
17.536 0.003946907786
17.538 0.003858570062
17.54 0.003942786374
17.542 0.00386161685
17.544 0.003938616853
17.546 0.003864642299
17.548 0.003934662835
17.55 0.003867540472
17.552 0.003930616547
17.554 0.003870328956
17.556 0.003926603753
17.558 0.003872918492
17.56 0.003922817698
17.562 0.003875278604
17.564 0.003919270758
17.566 0.003877366576
17.568 0.003915998155
17.57 0.003879160881
17.572 0.00391310395
17.574 0.003880602612
17.576 0.003910514385
17.578 0.003881687444
17.58 0.003908254728
17.582 0.003882432947
17.584 0.003906309412
17.586 0.003882856449
17.588 0.003904662851
17.59 0.003880298544
17.592 0.003903528037
17.594 0.003879741148
17.596 0.003902432132
17.598 0.003881992528
17.6 0.003901187267
17.602 0.003879218655
17.604 0.003900528954
17.606 0.00387819632
17.608 0.003899936293
17.61 0.003877307395
17.612 0.003899381476
17.614 0.003876406198
17.616 0.003898868442
17.618 0.003875475228
17.62 0.003895722956
17.622 0.003874770984
17.624 0.003894856613
17.626 0.003873871134
17.628 0.003894358554
17.63 0.003872880027
17.632 0.003893943826
17.634 0.003871917799
17.636 0.003893495257
17.638 0.003871028023
17.64 0.003892987695
17.642 0.003870249439
17.644 0.003892386102
17.646 0.003869598427
17.648 0.003891680782
17.65 0.003869078837
17.652 0.003890873617
17.654 0.003868690299
17.656 0.003889969569
17.658 0.00386842628
17.66 0.003888977381
17.662 0.003868274374
17.664 0.003887911029
17.666 0.003868220984
17.668 0.003886785745
17.67 0.003868249959
17.672 0.003885621574
17.674 0.003868343621
17.676 0.003884437336
17.678 0.003868483225
17.68 0.003883259996
17.682 0.003868648201
17.684 0.003882092735
17.686 0.003868822266
17.688 0.00388096059
17.69 0.003868986799
17.692 0.0038798813
17.694 0.003869127887
17.696 0.003878865985
17.698 0.003869220681
17.7 0.003877926606
17.702 0.003869275677
17.704 0.003877069105
17.706 0.003869280474
17.708 0.003876303854
17.71 0.003869225101
17.712 0.003875629625
17.714 0.003869106806
17.716 0.003875045252
17.718 0.003868928181
17.72 0.003874549247
17.722 0.003868691621
17.724 0.003874136389
17.726 0.003868399971
17.728 0.003873796524
17.73 0.003868065922
17.732 0.003873519884
17.734 0.003867695511
17.736 0.003873294815
17.738 0.003867296913
17.74 0.003873441796
17.742 0.003866863035
17.744 0.003873340085
17.746 0.003866443046
17.748 0.003873210592
17.75 0.003866037674
17.752 0.00387307521
17.754 0.003865647828
17.756 0.003872934519
17.758 0.003865273921
17.76 0.003872790724
17.762 0.003864920877
17.764 0.003872633086
17.766 0.003864593628
17.768 0.003872453389
17.77 0.003864293689
17.772 0.003872245421
17.774 0.003864029239
17.776 0.003869663102
17.778 0.003864014282
17.78 0.003869110091
17.782 0.003863855131
17.784 0.00386887184
17.786 0.003863605599
17.788 0.003868695988
17.79 0.003863343681
17.792 0.003868500377
17.794 0.003863434553
17.796 0.003868242258
17.798 0.003860940794
17.8 0.003868163238
17.802 0.003860505437
17.804 0.003867861647
17.806 0.003860443218
17.808 0.003867391068
17.81 0.003860504339
17.812 0.00386683153
17.814 0.003860602197
17.816 0.003866227455
17.818 0.003860697412
17.82 0.003865604419
17.822 0.003860769905
17.824 0.003864977596
17.826 0.003860806366
17.828 0.003864357444
17.83 0.003860798595
17.832 0.003863751255
17.834 0.003860740466
17.836 0.003863164759
17.838 0.003860628856
17.84 0.003862602073
17.842 0.00386046205
17.844 0.003862065616
17.846 0.003860240214
17.848 0.00386155731
17.85 0.003859965405
17.852 0.003861070265
17.854 0.003859641401
17.856 0.003860608275
17.858 0.003859270284
17.86 0.003860171156
17.862 0.003858850934
17.864 0.003859756971
17.866 0.003858392556
17.868 0.003859361835
17.87 0.003857906053
17.872 0.003858973571
17.874 0.00385740251
17.876 0.003858595178
17.878 0.003856888176
17.88 0.003858223102
17.882 0.003856369589
17.884 0.003857853924
17.886 0.003855852181
17.888 0.003857485054
17.89 0.003855343551
17.892 0.003857111422
17.894 0.003854847752
17.896 0.003856731799
17.898 0.003854369861
17.9 0.003856343506
17.902 0.003853912798
17.904 0.003855945095
17.906 0.003853481301
17.908 0.003855537132
17.91 0.003853072502
17.912 0.003855117515
17.914 0.003852687481
17.916 0.003854690469
17.918 0.003852327542
17.92 0.003854254582
17.922 0.003851992145
17.924 0.003853811832
17.926 0.003851675252
17.928 0.003853367794
17.93 0.003851383061
17.932 0.003852918122
17.934 0.003851108164
17.936 0.003852467416
17.938 0.003850848064
17.94 0.003852018606
17.942 0.00385059929
17.944 0.003851574117
17.946 0.003850359662
17.948 0.00385113644
17.95 0.003850124968
17.952 0.003850703653
17.954 0.003849896428
17.956 0.003850284615
17.958 0.003849663745
17.96 0.003849878503
17.962 0.003849426947
17.964 0.003849485958
17.966 0.003849184328
17.968 0.003849107354
17.97 0.003848938242
17.972 0.003848742606
17.974 0.003848684863
17.976 0.00384839594
17.978 0.003848420985
17.98 0.003848063724
17.982 0.003848145742
17.984 0.003847743885
17.986 0.003847859022
17.988 0.003847434249
17.99 0.00384756076
17.992 0.003847133176
17.994 0.003847401445
17.996 0.003846827737
17.998 0.00384710325
18 0.003846538517
18.002 0.003846774085
18.004 0.003846416778
18.006 0.003846417979
18.008 0.003846163205
18.01 0.003846064217
18.012 0.003845884482
18.014 0.003845711334
18.016 0.003845593239
18.018 0.00384535535
18.02 0.003845291529
18.022 0.003844994516
18.024 0.003844979774
18.026 0.003844626691
18.028 0.003844657232
18.03 0.003844252898
18.032 0.003844322826
18.034 0.003843872904
18.036 0.003843975051
18.038 0.003843486852
18.04 0.003843613555
18.042 0.003843093932
18.044 0.003843238088
18.046 0.003842695044
18.048 0.003842847511
18.05 0.003842289777
18.052 0.003842513585
18.054 0.003841780689
18.056 0.003842137869
18.058 0.003841337338
18.06 0.003841710989
18.062 0.003840910217
18.064 0.003841255169
18.066 0.003840480389
18.068 0.003840791181
18.07 0.003840046242
18.072 0.003840311037
18.074 0.003839603898
18.076 0.003839820135
18.078 0.003839152212
18.08 0.003839320741
18.082 0.003838690736
18.084 0.003838808068
18.086 0.003838225486
18.088 0.003838293486
18.09 0.00383774638
18.092 0.00383777396
18.094 0.00383725744
18.096 0.003837250193
18.098 0.003836759724
18.1 0.003836722549
18.102 0.003836254614
18.104 0.003836191834
18.106 0.00383574274
18.108 0.003835658359
18.11 0.003835225275
18.112 0.003835119961
18.114 0.003834703551
18.116 0.003834582124
18.118 0.003834177277
18.12 0.003834045466
18.122 0.003833647259
18.124 0.003833509284
18.126 0.003833116414
18.128 0.003832974177
18.13 0.003832582649
18.132 0.003832441163
18.134 0.003832052647
18.136 0.003831907675
18.138 0.003831526844
18.14 0.003831376632
18.142 0.003831002696
18.144 0.003830848197
18.146 0.003830484019
18.148 0.003830322158
18.15 0.003829971399
18.152 0.00382980182
18.154 0.003829463958
18.156 0.003829283311
18.158 0.003828964067
18.16 0.003828770131
18.162 0.003828472209
18.164 0.003828261821
18.166 0.003827989387
18.168 0.003827759354
18.17 0.003827515052
18.172 0.003827264681
18.174 0.003827049751
18.176 0.003826775161
18.178 0.003826593516
18.18 0.003826294346
18.182 0.003826146777
18.184 0.003825821766
18.186 0.003825709462
18.188 0.003825357526
18.19 0.003825078279
18.192 0.003824948232
18.194 0.003824820739
18.196 0.003824483711
18.198 0.003824231143
18.2 0.003824080813
18.202 0.00382400089
18.204 0.003823632549
18.206 0.003823435105
18.208 0.003823244759
18.21 0.00382322622
18.212 0.003822809268
18.214 0.00382268074
18.216 0.003822438964
18.218 0.003822490994
18.22 0.003822021116
18.222 0.003821963316
18.224 0.003821668528
18.226 0.003821789682
18.228 0.003821268432
18.23 0.003821277164
18.232 0.003820933758
18.234 0.003820910667
18.236 0.003820598476
18.238 0.003820776877
18.24 0.003820215643
18.242 0.003820290261
18.244 0.003819900646
18.246 0.003819872982
18.248 0.003819540503
18.25 0.003819833386
18.252 0.003819209438
18.254 0.003819360067
18.256 0.003818923815
18.258 0.003819025498
18.26 0.003818630656
18.262 0.003818919418
18.264 0.003818286044
18.266 0.003818456629
18.268 0.003818006218
18.27 0.003818130875
18.272 0.003817723358
18.274 0.003817823487
18.276 0.003817436673
18.278 0.003817523057
18.28 0.003817269833
18.282 0.003817319626
18.284 0.003816960768
18.286 0.003816856359
18.288 0.003816696121
18.29 0.003816642499
18.292 0.003816290242
18.294 0.003816393914
18.296 0.003815965153
18.298 0.00381611376
18.3 0.003815801156
18.302 0.0038156907
18.304 0.003815535579
18.306 0.003815374125
18.308 0.003815249503
18.31 0.00381517183
18.312 0.003814824643
18.314 0.00381491721
18.316 0.003814488655
18.318 0.003814618435
18.32 0.003814308288
18.322 0.003814179145
18.324 0.003814026568
18.326 0.00381384339
18.328 0.003813721641
18.33 0.003813620529
18.332 0.003813276072
18.334 0.003813342955
18.336 0.003812915029
18.338 0.003813021863
18.34 0.003812709672
18.342 0.003812558263
18.344 0.003812402588
18.346 0.003812193144
18.348 0.003812075613
18.35 0.003811943023
18.352 0.00381160412
18.354 0.003811636278
18.356 0.003811218645
18.358 0.003811285443
18.36 0.003810990253
18.362 0.003810792938
18.364 0.003810663798
18.366 0.003810397991
18.368 0.003810313552
18.37 0.003810117163
18.372 0.003809822806
18.374 0.003809782614
18.376 0.003809418551
18.378 0.003809405849
18.38 0.00380916942
18.382 0.003808891425
18.384 0.003808825259
18.386 0.003808476491
18.388 0.003808461438
18.39 0.003808170898
18.392 0.003807964369
18.394 0.003807818733
18.396 0.003807552058
18.398 0.003807424147
18.4 0.0038072018
18.402 0.003806980028
18.404 0.003806837339
18.406 0.003806561167
18.408 0.003806468664
18.41 0.003806148999
18.412 0.003806098304
18.414 0.003805739662
18.416 0.003805727934
18.418 0.003805332761
18.42 0.003805358331
18.422 0.003804927407
18.424 0.003804990533
18.426 0.003804525786
18.428 0.003804624568
18.43 0.003804126615
18.432 0.003804260478
18.434 0.003803731527
18.436 0.003803899387
18.438 0.003803340178
18.44 0.003803540718
18.442 0.00380295225
18.444 0.003803185891
18.446 0.003802568387
18.448 0.003802834193
18.45 0.003802189626
18.452 0.003802486194
18.454 0.003801815691
18.456 0.003802141238
18.458 0.003801446971
18.46 0.003801805843
18.462 0.003801084133
18.464 0.003801490293
18.466 0.003800746923
18.468 0.003801178752
18.47 0.00380041763
18.472 0.003800872498
18.474 0.003800093927
18.476 0.003800568424
18.478 0.003799774408
18.48 0.003800266906
18.482 0.003799460231
18.484 0.003799969858
18.486 0.003799148547
18.488 0.003799675611
18.49 0.003798840967
18.492 0.003799385159
18.494 0.003798526143
18.496 0.00379909366
18.498 0.003798203646
18.5 0.003798787132
18.502 0.003797883245
18.504 0.003798479588
18.506 0.003797565772
18.508 0.003798173944
18.51 0.003797250882
18.512 0.003797868657
18.514 0.003796938875
18.516 0.003797564188
18.518 0.00379662742
18.52 0.003797261807
18.522 0.003796318586
18.524 0.003796958554
18.526 0.003796011204
18.528 0.003796654851
18.53 0.003795705173
18.532 0.003796350664
18.534 0.0037954003
18.536 0.003796044905
18.538 0.003795096249
18.54 0.003795738743
18.542 0.003794791454
18.544 0.003795430825
18.546 0.003794487734
18.548 0.003795120771
18.55 0.003794181528
18.552 0.003794809021
18.554 0.003793874617
18.556 0.00379449527
18.558 0.003793566279
18.56 0.003794178706
18.562 0.003793256414
18.564 0.003793860014
18.566 0.003792943963
18.568 0.003793536202
18.57 0.003792629158
18.572 0.003793208859
18.574 0.003792312348
18.576 0.003792877542
18.578 0.003791992027
18.58 0.003792542766
18.582 0.003791667392
18.584 0.003792204043
18.586 0.003791339669
18.588 0.003791860367
18.59 0.003791009884
18.592 0.003791511235
18.594 0.003790674124
18.596 0.003791158429
18.598 0.003790333978
18.6 0.003790801141
18.602 0.00378998912
18.604 0.00379043942
18.606 0.003789639721
18.608 0.003790073233
18.61 0.003789285381
18.612 0.003789702403
18.614 0.003788925847
18.616 0.003789328673
18.618 0.003788559996
18.62 0.003788949656
18.622 0.003788190591
18.624 0.003788566159
18.626 0.003787745028
18.628 0.003788132649
18.63 0.003787443286
18.632 0.003787771782
18.634 0.003787059471
18.636 0.003787386954
18.638 0.003786670517
18.64 0.00378699248
18.642 0.003786278316
18.644 0.00378826489
18.646 0.003785776612
18.648 0.003788080907
18.65 0.003785405383
18.652 0.003787650637
18.654 0.003785117577
18.656 0.003787150326
18.658 0.003784852598
18.66 0.00378663698
18.662 0.00378457984
18.664 0.003786131202
18.666 0.003784286353
18.668 0.003785641365
18.67 0.003783966985
18.672 0.003785169912
18.674 0.003783621234
18.676 0.003784717447
18.678 0.003783250693
18.68 0.003784282439
18.682 0.003782857606
18.684 0.00378386378
18.686 0.00378244593
18.688 0.003783458476
18.69 0.003782019182
18.692 0.00378306448
18.694 0.00378158154
18.696 0.003782679332
18.698 0.003781136984
18.7 0.003782300802
18.702 0.003780689959
18.704 0.003781925222
18.706 0.003780244507
18.708 0.003781552175
18.71 0.003779804057
18.712 0.003781177446
18.714 0.003779371924
18.716 0.003780801188
18.718 0.003778950638
18.72 0.003780421965
18.722 0.003780201407
18.724 0.003779934071
18.726 0.003780024502
18.728 0.003779572692
18.73 0.003779621398
18.732 0.003779291599
18.734 0.003779166401
18.736 0.003779032254
18.738 0.003778715879
18.74 0.00377876395
18.742 0.003778289967
18.744 0.003778474282
18.746 0.003777896868
18.748 0.003778158974
18.75 0.003777536575
18.752 0.003777818906
18.754 0.003777208143
18.756 0.003777456537
18.758 0.003776908352
18.76 0.003777075369
18.762 0.003776633294
18.764 0.00377667957
18.766 0.003776379044
18.768 0.003776275295
18.77 0.003776139891
18.772 0.003775866712
18.774 0.003775911859
18.776 0.003775458381
18.778 0.003775693893
18.78 0.003775053258
18.782 0.003775471303
18.784 0.003774658658
18.786 0.003775253445
18.788 0.00377427611
18.79 0.003775029256
18.792 0.003773908987
18.794 0.003774794783
18.796 0.003773559061
18.798 0.003774555887
18.8 0.003773228323
18.802 0.003774303933
18.804 0.003772916528
18.806 0.003774037809
18.808 0.003772624788
18.81 0.00377376478
18.812 0.003772351783
18.814 0.003773479229
18.816 0.003772095953
18.818 0.003773179376
18.82 0.003771856804
18.822 0.003772874999
18.824 0.003771632083
18.826 0.003772560847
18.828 0.003771419056
18.83 0.003772240385
18.832 0.003771218335
18.834 0.003771915506
18.836 0.003771018492
18.838 0.003771588535
18.84 0.003770824609
18.842 0.003771260925
18.844 0.003770635497
18.846 0.003770934254
18.848 0.003770438786
18.85 0.003770611463
18.852 0.003770240221
18.854 0.003770292918
18.856 0.003770036265
18.858 0.003769976258
18.86 0.003769825664
18.862 0.003769671465
18.864 0.003769606276
18.866 0.003769371165
18.868 0.003769377093
18.87 0.003769077021
18.872 0.00376914057
18.874 0.003768789334
18.876 0.003768888623
18.878 0.003768506732
18.88 0.003768628471
18.882 0.003768229632
18.884 0.003768358452
18.886 0.003767956597
18.888 0.003768085924
18.89 0.003767688832
18.892 0.003767798947
18.894 0.003767424369
18.896 0.003767503704
18.898 0.003767157749
18.9 0.003767201612
18.902 0.003766890246
18.904 0.003766894205
18.906 0.00376662055
18.908 0.003766582551
18.91 0.003766348207
18.912 0.003766267065
18.914 0.003766071613
18.916 0.003765949668
18.918 0.003765787641
18.92 0.003765630545
18.922 0.003765504084
18.924 0.003765310624
18.926 0.003765212659
18.928 0.003764990576
18.93 0.003764914762
18.932 0.003764670825
18.934 0.003764610603
18.936 0.003764352026
18.938 0.003764300061
18.94 0.003764034425
18.942 0.003763983705
18.944 0.003763718149
18.946 0.003763662086
18.948 0.003763402906
18.95 0.003763335397
18.952 0.003763088844
18.954 0.003763004211
18.956 0.003762775731
18.958 0.003762669857
18.96 0.003762463255
18.962 0.003762333054
18.964 0.00376215089
18.966 0.003761994723
18.968 0.00376183857
18.97 0.003761655677
18.972 0.003761525854
18.974 0.003761316681
18.976 0.003761212469
18.978 0.003760978697
18.98 0.003760898095
18.982 0.003760642441
18.984 0.003760582555
18.986 0.003760308491
18.988 0.003760265547
18.99 0.003759977667
18.992 0.003759947036
18.994 0.003759650171
18.996 0.003759627003
18.998 0.00375932653
19 0.003759305569
19.002 0.003759006956
19.004 0.003758982732
19.006 0.003758691547
19.008 0.003758658731
19.01 0.003758380361
19.012 0.0037583338
19.014 0.003758073362
19.016 0.003758008347
19.018 0.003757770327
19.02 0.003757682141
19.022 0.003757471669
19.024 0.003757355278
19.026 0.00375717682
19.028 0.003757028284
19.03 0.00375688553
19.032 0.003756701842
19.034 0.003756597088
19.036 0.003756376454
19.038 0.003756311135
19.04 0.003756051972
19.042 0.003756027188
19.044 0.003755729444
19.046 0.003755744842
19.048 0.003755408832
19.05 0.003755463815
19.052 0.003755090162
19.054 0.003755174774
19.056 0.003754775549
19.058 0.003754892691
19.06 0.003754453461
19.062 0.003754614276
19.064 0.003754140401
19.066 0.003754335964
19.068 0.003753830834
19.07 0.003754057682
19.072 0.003753523814
19.074 0.003753779173
19.076 0.003753219172
19.078 0.003753498402
19.08 0.003752918248
19.082 0.003753218859
19.084 0.003752617229
19.086 0.003752939301
19.088 0.003752317466
19.09 0.00375265915
19.092 0.003752019146
19.094 0.00375237829
19.096 0.003751722171
19.098 0.003752096649
19.1 0.003751426001
19.102 0.00375181438
19.104 0.003751130469
19.106 0.003751531764
19.108 0.003750835455
19.11 0.003751248373
19.112 0.003750540885
19.114 0.003750964299
19.116 0.003750246686
19.118 0.003750679435
19.12 0.003749952609
19.122 0.003750393193
19.124 0.003749659192
19.126 0.003750106913
19.128 0.003749365122
19.13 0.003749820341
19.132 0.003749069946
19.134 0.003749533667
19.136 0.003748774698
19.138 0.003749245911
19.14 0.003748479436
19.142 0.003748957555
19.144 0.003748183822
19.146 0.003748668681
19.148 0.003747887926
19.15 0.003748379734
19.152 0.003747591831
19.154 0.003748090113
19.156 0.003747295516
19.158 0.003747802343
19.16 0.00374699675
19.162 0.00374751252
19.164 0.00374669993
19.166 0.003747221962
19.168 0.003746403703
19.17 0.003746931378
19.172 0.003746107617
19.174 0.00374664033
19.176 0.003745812295
19.178 0.003746349241
19.18 0.003745517558
19.182 0.003746101299
19.184 0.00374524817
19.186 0.003745815491
19.188 0.003744957963
19.19 0.003745525858
19.192 0.003744666698
19.194 0.003745235592
19.196 0.003744376454
19.198 0.003744945506
19.2 0.003744087594
19.202 0.003744655751
19.204 0.003743800443
19.206 0.00374436663
19.208 0.003743515097
19.21 0.00374407816
19.212 0.003743231973
19.214 0.003743790267
19.216 0.003742950921
19.218 0.003743503196
19.22 0.003742672141
19.222 0.003743217227
19.224 0.003742395665
19.226 0.003742932491
19.228 0.003742121726
19.23 0.003742648919
19.232 0.003741850032
19.234 0.003742367202
19.236 0.003741580401
19.238 0.003742087522
19.24 0.003741312867
19.242 0.00374180992
19.244 0.003741047533
19.246 0.003741534755
19.248 0.003740784109
19.25 0.003741259683
19.252 0.003740526131
19.254 0.003740987545
19.256 0.003740267546
19.258 0.003740719275
19.26 0.003740010668
19.262 0.00374045468
19.264 0.003739754923
19.266 0.003740192044
19.268 0.003739502161
19.27 0.003739931601
19.272 0.003739250886
19.274 0.003739675239
19.276 0.003739002319
19.278 0.003739419798
19.28 0.003738756952
19.282 0.00373916668
19.284 0.003738514163
19.286 0.003738915799
19.288 0.003738273506
19.29 0.003738667759
19.292 0.003738034471
19.294 0.003738421535
19.296 0.00373779783
19.298 0.003738177621
19.3 0.003737563837
19.302 0.003737935397
19.304 0.003737332295
19.306 0.003737694861
19.308 0.003737103474
19.31 0.003737455828
19.312 0.003736876062
19.314 0.003737219245
19.316 0.003736650422
19.318 0.003736984702
19.32 0.00373642685
19.322 0.00373675187
19.324 0.00373620502
19.326 0.003736520722
19.328 0.003735984649
19.33 0.003736291138
19.332 0.003735766268
19.334 0.003736063015
19.336 0.003735549334
19.338 0.003735836391
19.34 0.003735334267
19.342 0.003735610986
19.344 0.003735120963
19.346 0.003735386763
19.348 0.003734908753
19.35 0.003735164137
19.352 0.003734698014
19.354 0.0037349424
19.356 0.003734488386
19.358 0.003734721934
19.36 0.003734280313
19.362 0.003734502669
19.364 0.0037340739
19.366 0.003734283179
19.368 0.003733868861
19.37 0.003734065145
19.372 0.003733664541
19.374 0.003733848631
19.376 0.003733460999
19.378 0.003733632431
19.38 0.003733258619
19.382 0.00373341753
19.384 0.00373305703
19.386 0.00373320374
19.388 0.003732856754
19.39 0.003732989807
19.392 0.003732657704
19.394 0.003732775981
19.396 0.003732455605
19.398 0.003732560856
19.4 0.003732254374
19.402 0.003732346379
19.404 0.00373205389
19.406 0.003732133097
19.408 0.003731853736
19.41 0.003731920842
19.412 0.003731654686
19.414 0.003731709325
19.416 0.003731456658
19.418 0.003731499044
19.42 0.003731259209
19.422 0.003731289331
19.424 0.003731063788
19.426 0.003731079651
19.428 0.003730868124
19.43 0.003730871556
19.432 0.003730673185
19.434 0.003730664719
19.436 0.003730479106
19.438 0.00373045841
19.44 0.003730285802
19.442 0.003730253326
19.444 0.003730093607
19.446 0.00373004943
19.448 0.003729902101
19.45 0.003729846562
19.452 0.003729711753
19.454 0.003729644025
19.456 0.003729521946
19.458 0.003729443027
19.46 0.003729332805
19.462 0.003729242799
19.464 0.003729144572
19.466 0.003729043665
19.468 0.003728959559
19.47 0.00372884642
19.472 0.003728776974
19.474 0.003728652347
19.476 0.00372859547
19.478 0.003728459127
19.48 0.003728414376
19.482 0.003728266761
19.484 0.003728233309
19.486 0.003728076134
19.488 0.003728053233
19.49 0.003727885611
19.492 0.00372767761
19.494 0.003727743532
19.496 0.003727646538
19.498 0.003727537854
19.5 0.003727492357
19.502 0.003727336487
19.504 0.003727325109
19.506 0.003727140226
19.508 0.003727153799
19.51 0.003726947094
19.512 0.003726785605
19.514 0.003726802976
19.516 0.00372676001
19.518 0.003726594751
19.52 0.003726612415
19.522 0.003726391623
19.524 0.003726449488
19.526 0.003726194588
19.528 0.003726087471
19.53 0.003726046274
19.532 0.003726065634
19.534 0.003725836667
19.536 0.0037259184
19.538 0.003725632771
19.54 0.003725562214
19.542 0.003725480133
19.544 0.003725542679
19.546 0.003725267467
19.548 0.003725397197
19.55 0.003725060823
19.552 0.00372504136
19.554 0.003724906048
19.556 0.003725021097
19.558 0.00372469181
19.56 0.00372468047
19.562 0.003724529379
19.564 0.003724664416
19.566 0.003724310731
19.568 0.00372432489
19.57 0.003724145116
19.572 0.003724309186
19.574 0.003723923271
19.576 0.003723968546
19.578 0.003723755709
19.58 0.003723951409
19.582 0.003723535064
19.584 0.003723610252
19.586 0.003723367315
19.588 0.003723592946
19.59 0.003723142388
19.592 0.00372325109
19.594 0.003722971585
19.596 0.003723037239
19.598 0.003722791462
19.6 0.003723034186
19.602 0.003722556446
19.604 0.003722693992
19.606 0.003722378632
19.608 0.00372247917
19.61 0.003722193512
19.612 0.003722279229
19.614 0.003721999835
19.616 0.003722279025
19.618 0.003721759168
19.62 0.003721937848
19.622 0.003721584591
19.624 0.003721723006
19.626 0.003721404122
19.628 0.003721532324
19.63 0.003721215553
19.632 0.003721347751
19.634 0.003721021918
19.636 0.003721165695
19.638 0.003720825836
19.64 0.00372117272
19.642 0.003720582003
19.644 0.003720830754
19.646 0.003720395289
19.648 0.003720612323
19.65 0.003720196528
19.652 0.003720408103
19.654 0.003719990216
19.656 0.003720207777
19.658 0.003719780109
19.66 0.003720008401
19.662 0.003719568848
19.664 0.003719809004
19.666 0.003719357173
19.668 0.003719608647
19.67 0.003719142542
19.672 0.003719409386
19.674 0.003718925829
19.676 0.003719208369
19.678 0.003718710473
19.68 0.003719004111
19.682 0.00371849637
19.684 0.003718798386
19.686 0.003718282453
19.688 0.003718592165
19.69 0.003718069272
19.692 0.003718384331
19.694 0.003717856749
19.696 0.003718176112
19.698 0.00371764468
19.7 0.003717967365
19.702 0.003717433376
19.704 0.003717757842
19.706 0.003717222416
19.708 0.003717548156
19.71 0.003717011591
19.712 0.003717337898
19.714 0.0037168017
19.716 0.003717127464
19.718 0.003716592468
19.72 0.00371691732
19.722 0.003716384196
19.724 0.00371670679
19.726 0.003716176818
19.728 0.003716496138
19.73 0.003715970304
19.732 0.003716285483
19.734 0.00371576523
19.736 0.00371607505
19.738 0.003715560533
19.74 0.003715864373
19.742 0.003715357632
19.744 0.0037156543
19.746 0.003715070438
19.748 0.003715265129
19.75 0.00371475048
19.752 0.003714996371
19.754 0.003714504944
19.756 0.003714748725
19.758 0.003714274358
19.76 0.003714509182
19.762 0.003714073804
19.764 0.003714407378
19.766 0.0037140282
19.768 0.003714252686
19.77 0.003713852884
19.772 0.003714065494
19.774 0.003713668212
19.776 0.003713870635
19.778 0.003713482445
19.78 0.003713673829
19.782 0.003713298043
19.784 0.003713477215
19.786 0.00371311478
19.788 0.003713280742
19.79 0.003712932479
19.792 0.003713084343
19.794 0.003712750681
19.796 0.003712887795
19.798 0.003712569023
19.8 0.003712690648
19.802 0.003712387337
19.804 0.003712493132
19.806 0.003712205533
19.808 0.003712294413
19.81 0.003712023635
19.812 0.003712094656
19.814 0.003711840882
19.816 0.003711897656
19.818 0.003711654106
19.82 0.003711696044
19.822 0.003711469563
19.824 0.003711492087
19.826 0.003711284753
19.828 0.003711285631
19.83 0.003711100039
19.832 0.003711079254
19.834 0.003710912986
19.836 0.003710871046
19.838 0.003710724954
19.84 0.003710661598
19.842 0.00371053607
19.844 0.003710450659
19.846 0.003710345993
19.848 0.003710238384
19.85 0.003710154737
19.852 0.003710024897
19.854 0.003709962507
19.856 0.003709810434
19.858 0.003709769073
19.86 0.003709594771
19.862 0.003709574547
19.864 0.003709377949
19.866 0.003709379309
19.868 0.003709160286
19.87 0.003709183051
19.872 0.003708941299
19.874 0.00370898626
19.876 0.003708721739
19.878 0.003708788487
19.88 0.003708698445
19.882 0.003708543737
19.884 0.003708328154
19.886 0.00370836065
19.888 0.003708082492
19.89 0.003708172628
19.892 0.003707850546
19.894 0.003707978839
19.896 0.003707622406
19.898 0.003707781552
19.9 0.003707591784
19.902 0.003707536432
19.904 0.003707215545
19.906 0.003707353395
19.908 0.003706964541
19.91 0.003707164633
19.912 0.003706727879
19.914 0.003706969381
19.916 0.003706691635
19.918 0.003706723464
19.92 0.003706312701
19.922 0.003706538329
19.924 0.003706058784
19.926 0.003706347226
19.928 0.003706015306
19.93 0.003706103672
19.932 0.003705631613
19.934 0.003705918367
19.936 0.003705373289
19.938 0.003705728596
19.94 0.003705131646
19.942 0.003705529244
19.944 0.003705090685
19.946 0.003705278805
19.948 0.003704708977
19.95 0.003705087908
19.952 0.003704452964
19.954 0.003704889919
19.956 0.003704406938
19.958 0.003704638664
19.96 0.003704022599
19.962 0.003704444674
19.964 0.00370376614
19.966 0.003704243968
19.968 0.003703718952
19.97 0.003703989872
19.972 0.003703336027
19.974 0.00370379216
19.976 0.003703079865
19.978 0.003703586549
19.98 0.003702839152
19.982 0.003703373224
19.984 0.003702799573
19.986 0.003703109817
19.988 0.003702420563
19.99 0.003702904575
19.992 0.003702167527
19.994 0.003702692575
19.996 0.003701929652
19.998 0.003702473187
20 0.003701892099
20.002 0.003702204425
20.004 0.003701515722
20.006 0.003701994414
20.008 0.00370126566
20.01 0.00370177896
20.012 0.003701030181
20.014 0.003701555632
20.016 0.003700799994
20.018 0.003701328626
20.02 0.003700573205
20.022 0.003701101131
20.024 0.003700539869
20.026 0.003700825755
20.028 0.003700167908
20.03 0.003700611459
20.032 0.003699920791
20.034 0.003700393268
20.036 0.003699687854
20.038 0.003700167128
20.04 0.003699460373
20.042 0.003699939463
20.044 0.003699234682
20.046 0.003699710456
20.048 0.003699011777
20.05 0.00369947975
20.052 0.003698790026
20.054 0.003699250553
20.056 0.003698568589
20.058 0.00369901938
20.06 0.003698347696
20.062 0.00369878983
20.064 0.003698128051
20.066 0.003698558802
20.068 0.003697908424
20.07 0.003698329551
20.072 0.003697689516
20.074 0.003698099302
20.076 0.003697470993
20.078 0.003697870361
20.08 0.003697253477
20.082 0.003697640713
20.084 0.00369703622
20.086 0.003697412821
20.088 0.003696819553
20.09 0.003697183721
20.092 0.003696603916
20.094 0.003696956444
20.096 0.003696387569
20.098 0.003696729097
20.1 0.003696170358
20.102 0.003696503143
20.104 0.003695954626
20.106 0.003696278048
20.108 0.003695737494
20.11 0.003696053682
20.112 0.003695521868
20.114 0.003695830764
20.116 0.003695306307
20.118 0.0036956067
20.12 0.003695089427
20.122 0.003695383981
20.124 0.003694874308
20.126 0.003695162969
20.128 0.003694657993
20.13 0.003694941448
20.132 0.003694441022
20.134 0.003694720563
20.136 0.003694225402
20.138 0.003694501575
20.14 0.003694009277
20.142 0.00369428136
20.144 0.003693791842
20.146 0.003694062388
20.148 0.003693766273
20.15 0.003693800102
20.152 0.003693404915
20.154 0.003693598853
20.156 0.003693164097
20.158 0.003693392915
20.16 0.003692936781
20.162 0.00369318254
20.164 0.003692714501
20.166 0.003692970475
20.168 0.003692494901
20.17 0.003692758304
20.172 0.003692275674
20.174 0.003692545278
20.176 0.003692056379
20.178 0.003692331399
20.18 0.003691836619
20.182 0.003692117691
20.184 0.003691618045
20.186 0.003691904573
20.188 0.00369159002
20.19 0.003691646213
20.192 0.003691230065
20.194 0.003691449272
20.196 0.003690990221
20.198 0.003691247614
20.2 0.003690765237
20.202 0.003691040128
20.204 0.003690545696
20.206 0.003690829684
20.208 0.003690322661
20.21 0.003690624118
20.212 0.003690106304
20.214 0.003690412848
20.216 0.003690081681
20.218 0.003690155796
20.22 0.003689725209
20.222 0.003689958833
20.224 0.003689489441
20.226 0.003689758403
20.228 0.003689268764
20.23 0.003689551515
20.232 0.003689053727
20.234 0.003689343186
20.236 0.003688842226
20.238 0.003689133705
20.24 0.003688631635
20.242 0.003688923873
20.244 0.003688611267
20.246 0.00368866939
20.248 0.00368825971
20.25 0.003688475654
20.252 0.003688029543
20.254 0.00368827806
20.256 0.003687814804
20.258 0.003688075256
20.26 0.003687605822
20.262 0.003687870265
20.264 0.003687399375
20.266 0.003687665214
20.268 0.003687194945
20.27 0.00368745991
20.272 0.003687180355
20.274 0.003687210512
20.276 0.00368683501
20.278 0.003687021516
20.28 0.003686611738
20.282 0.003686829663
20.284 0.003686403922
20.286 0.003686633355
20.288 0.003686202485
20.29 0.003686435743
20.292 0.003686005264
20.294 0.003686237144
20.296 0.003685809891
20.298 0.003686038439
20.3 0.003685615857
20.302 0.003685839212
20.304 0.003685424643
20.306 0.003685641359
20.308 0.003685421496
20.31 0.003685401601
20.312 0.003685093357
20.314 0.003685220686
20.316 0.003684885974
20.318 0.003685036451
20.32 0.003684693392
20.322 0.003684847019
20.324 0.00368450935
20.326 0.003684655913
20.328 0.003684328716
20.33 0.003684466103
20.332 0.003684148609
20.334 0.003684276544
20.336 0.003683970893
20.338 0.003684089596
20.34 0.00368379601
20.342 0.003683903267
20.344 0.00368362173
20.346 0.003683717275
20.348 0.003683449857
20.35 0.00368353395
20.352 0.003683281106
20.354 0.003683351075
20.356 0.003683113067
20.358 0.003683168562
20.36 0.003682947289
20.362 0.003682988738
20.364 0.00368278368
20.366 0.003682808949
20.368 0.003682621877
20.37 0.003682631797
20.372 0.003682462631
20.374 0.003682455734
20.376 0.003682303997
20.378 0.003682280716
20.38 0.00368214818
20.382 0.003682107169
20.384 0.00368198821
20.386 0.00368193952
20.388 0.003681835165
20.39 0.003681769848
20.392 0.003681682958
20.394 0.003681600988
20.396 0.003681533798
20.398 0.003681433769
20.4 0.003681384714
20.402 0.003681267588
20.404 0.003681238499
20.406 0.003681103055
20.408 0.003681091498
20.41 0.003680939827
20.412 0.003680946752
20.414 0.003680777773
20.416 0.003680802637
20.418 0.003680618885
20.42 0.003680659869
20.422 0.003680461146
20.424 0.003680519033
20.426 0.003680304756
20.428 0.003680377378
20.43 0.003680150239
20.432 0.003680237023
20.434 0.003679996534
20.436 0.003680097605
20.438 0.003679846008
20.44 0.003679959408
20.442 0.003679696195
20.444 0.003679822043
20.446 0.003679545835
20.448 0.003679686615
20.45 0.003679399242
20.452 0.003679551288
20.454 0.00367925362
20.456 0.003679416458
20.458 0.003679109264
20.46 0.003679283389
20.462 0.003678966104
20.464 0.003679149633
20.466 0.003678820469
20.468 0.003679021186
20.47 0.003678678761
20.472 0.003678890812
20.474 0.003678539003
20.476 0.003678761265
20.478 0.003678400529
20.48 0.003678630887
20.482 0.003678263209
20.484 0.003678501788
20.486 0.003678126889
20.488 0.003678373472
20.49 0.003677991521
20.492 0.003678246187
20.494 0.003677856584
20.496 0.003678120837
20.498 0.003677722618
20.5 0.003677994589
20.502 0.003677589548
20.504 0.003677869453
20.506 0.003677457446
20.508 0.003677745073
20.51 0.003677326232
20.512 0.003677621309
20.514 0.003677195641
20.516 0.003677498227
20.518 0.003677066165
20.52 0.003677375654
20.522 0.003676937544
20.524 0.003677256564
20.526 0.003676806785
20.528 0.00367713522
20.53 0.003676679823
20.532 0.003677013864
20.534 0.003676554198
20.536 0.003676892413
20.538 0.003676421672
20.54 0.003676778941
20.542 0.003676296982
20.544 0.003676659417
20.546 0.003676174354
20.548 0.003676538203
20.55 0.003676054461
20.552 0.003676416816
20.554 0.003675934309
20.556 0.003676296252
20.558 0.003675814554
20.56 0.003676176414
20.562 0.003675695623
20.564 0.003676057027
20.566 0.003675577309
20.568 0.003675938142
20.57 0.003675459463
20.572 0.00367582032
20.574 0.003675342045
20.576 0.003675702616
20.578 0.003675225524
20.58 0.003675585451
20.582 0.003675109657
20.584 0.003675468672
20.586 0.003674994588
20.588 0.003675352636
20.59 0.003674880009
20.592 0.003675236596
20.594 0.00367476624
20.596 0.003675121324
20.598 0.003674652952
20.6 0.003675006468
20.602 0.003674540357
20.604 0.003674892247
20.606 0.003674428095
20.608 0.003674776773
20.61 0.003674318538
20.612 0.003674663208
20.614 0.003674208019
20.616 0.003674550709
20.618 0.003674097218
20.62 0.003674438968
20.622 0.003673986973
20.624 0.003674328192
20.626 0.003673877102
20.628 0.003674217543
20.63 0.003673767877
20.632 0.003674107313
20.634 0.00367365958
20.636 0.003673997241
20.638 0.003673552023
20.64 0.003673887739
20.642 0.003673445067
20.644 0.003673778298
20.646 0.00367333877
20.648 0.003673669453
20.65 0.003673232991
20.652 0.003673561108
20.654 0.003673127497
20.656 0.003673453152
20.658 0.00367302313
20.66 0.003673345655
20.662 0.003672919081
20.664 0.003673238709
20.666 0.003672815639
20.668 0.00367313218
20.67 0.003672712777
20.672 0.003673228469
20.674 0.003672596695
20.676 0.003672894738
20.678 0.003672549509
20.68 0.00367275166
20.682 0.003672476455
20.684 0.003672637877
20.686 0.003672381589
20.688 0.003672535619
20.69 0.003672277432
20.692 0.003672439225
20.694 0.003672169728
20.696 0.003672548126
20.698 0.00367204771
20.7 0.003672227945
20.702 0.003671993726
20.704 0.003672097014
20.706 0.003671915132
20.708 0.003671994736
20.71 0.003671814914
20.712 0.003671903484
20.714 0.003671705659
20.716 0.003672020123
20.718 0.003671579493
20.72 0.003671708958
20.722 0.003671520323
20.724 0.003671586655
20.726 0.003671368995
20.728 0.0036714478
20.73 0.003671336505
20.732 0.003671599382
20.734 0.003671204013
20.736 0.003671305005
20.738 0.003671137958
20.74 0.003671193208
20.742 0.003671047591
20.744 0.003671310116
20.746 0.003670922064
20.748 0.003671007238
20.75 0.003670855243
20.752 0.003670896661
20.754 0.003670761065
20.756 0.003671017896
20.758 0.003670630776
20.76 0.003670720083
20.762 0.003670559375
20.764 0.003670613851
20.766 0.003670461447
20.768 0.003670738363
20.77 0.00367032843
20.772 0.003670442695
20.774 0.003670255284
20.776 0.003670337811
20.778 0.003670156281
20.78 0.003670462733
20.782 0.003670023072
20.784 0.003670167131
20.786 0.003669950256
20.788 0.003670264633
20.79 0.003669838172
20.792 0.003669959079
20.794 0.003669773914
20.796 0.003669850027
20.798 0.003669678302
20.8 0.003669973136
20.802 0.003669546455
20.804 0.003669676537
20.806 0.003669475201
20.808 0.00366977277
20.81 0.003669364417
20.812 0.003669465801
20.814 0.003669302375
20.816 0.003669354934
20.818 0.00366920902
20.82 0.003669475939
20.822 0.00366907952
20.824 0.00366917772
20.826 0.003669010219
20.828 0.003669271776
20.83 0.003668901766
20.832 0.003668963419
20.834 0.003668841232
20.836 0.003669054051
20.838 0.003668734979
20.84 0.003668745358
20.842 0.003668674033
20.844 0.0036688373
20.846 0.003668565947
20.848 0.0036685307
20.85 0.003668502853
20.852 0.003668624771
20.854 0.003668392192
20.856 0.003668320745
20.858 0.003668326882
20.86 0.003668416949
20.862 0.003668214206
20.864 0.00366811486
20.866 0.003668146808
20.868 0.00366821311
20.87 0.003668031769
20.872 0.003667912863
20.874 0.003667962358
20.876 0.003668012467
20.878 0.003667845488
20.88 0.003667713642
20.882 0.003667774228
20.884 0.003667814318
20.886 0.003667655934
20.888 0.003667516432
20.89 0.003667582877
20.892 0.003667617765
20.894 0.003667462712
20.896 0.003667524417
20.898 0.003667371971
20.9 0.003667198778
20.902 0.003667317806
20.904 0.003667292369
20.906 0.003667203123
20.908 0.003666994925
20.91 0.003667125953
20.912 0.003667099793
20.914 0.003666999809
20.916 0.003666908004
20.918 0.003666910901
20.92 0.00366690141
20.922 0.003666810048
20.924 0.003666589424
20.926 0.003666742809
20.928 0.003666689596
20.93 0.003666619165
20.932 0.003666395856
20.934 0.00366653707
20.936 0.003666502146
20.938 0.003666407721
20.94 0.003666412012
20.942 0.003666310023
20.944 0.003666089335
20.946 0.003666249263
20.948 0.003666184484
20.95 0.003666128784
20.952 0.003666089877
20.954 0.003666033042
20.956 0.003665766579
20.958 0.0036659717
20.96 0.003665863215
20.962 0.003665848546
20.964 0.003665770099
20.966 0.00366575138
20.968 0.003665446634
20.97 0.003665690123
20.972 0.003665543603
20.974 0.003665567855
20.976 0.003665450516
20.978 0.003665469503
20.98 0.00366512935
20.982 0.003665405172
20.984 0.003665228249
20.986 0.003665280096
20.988 0.003665138135
20.99 0.003665180199
20.992 0.003664818639
20.994 0.003665114893
20.996 0.00366491905
20.998 0.00366498878
21 0.003664829855
21.002 0.003664887917
21.004 0.00366471432
21.006 0.003664807296
21.008 0.003664388087
21.01 0.003664748162
21.012 0.003664488198
21.014 0.003664621528
21.016 0.003664402565
21.018 0.003664517754
21.02 0.003664292275
21.022 0.003664432934
21.024 0.003663971178
21.026 0.003664369802
21.028 0.003664076991
21.03 0.003664239635
21.032 0.00366399646
21.034 0.00366413265
21.036 0.003663890565
21.038 0.003664045136
21.04 0.003663574068
21.042 0.003663979584
21.044 0.00366368388
21.046 0.003663847165
21.048 0.003663607094
21.05 0.003663738427
21.052 0.003663504927
21.054 0.003663649539
21.056 0.00366319114
21.058 0.003663582951
21.06 0.003663303428
21.062 0.003663450031
21.064 0.003663228885
21.066 0.003663340963
21.068 0.003663128433
21.07 0.003663251982
21.072 0.003663018999
21.074 0.003663170695
21.076 0.003662704358
21.078 0.003663106192
21.08 0.003662819256
21.082 0.003662972776
21.084 0.003662748089
21.086 0.003662861245
21.088 0.003662652557
21.09 0.003662771153
21.092 0.003662548458
21.094 0.003662688659
21.096 0.003662439734
21.098 0.00366260892
21.1 0.003662128468
21.102 0.003662543746
21.104 0.003662247905
21.106 0.003662410281
21.108 0.003662182012
21.11 0.003662298799
21.112 0.003662090418
21.114 0.003662208138
21.116 0.003661989642
21.118 0.003662126297
21.12 0.003661886187
21.122 0.003662046856
21.124 0.003661782692
21.126 0.003661967362
21.128 0.003661476947
21.13 0.003661901581
21.132 0.003661603674
21.134 0.003661766131
21.136 0.003661543312
21.138 0.003661654661
21.14 0.00366145718
21.142 0.003661563667
21.144 0.003661361628
21.146 0.003661481171
21.148 0.003661263292
21.15 0.00366140119
21.152 0.003661165158
21.154 0.003661321261
21.156 0.003661067896
21.158 0.003661240258
21.16 0.003660973672
21.162 0.003661157373
21.164 0.003660881587
21.166 0.003661072636
21.168 0.003660791762
21.17 0.003660986523
21.172 0.003660704067
21.174 0.0036608983
21.176 0.003660618787
21.178 0.00366081047
21.18 0.003660534169
21.182 0.003660721809
21.184 0.003660450639
21.186 0.003660632279
21.188 0.003660368781
21.19 0.003660542066
21.192 0.003660288277
21.194 0.003660451567
21.196 0.003660209121
21.198 0.00366036045
21.2 0.003660131191
21.202 0.003660268537
21.204 0.003660053769
21.206 0.003660176761
21.208 0.003659976569
21.21 0.003660084814
21.212 0.003659900068
21.214 0.003659993097
21.216 0.003659824016
21.218 0.003659901567
21.22 0.003659748539
21.222 0.003659810065
21.224 0.003659673217
21.226 0.003659718831
21.228 0.00365959801
21.23 0.00365962777
21.232 0.003659522839
21.234 0.003659536866
21.236 0.003659447985
21.238 0.003659446558
21.24 0.003659373195
21.242 0.003659356976
21.244 0.003659298309
21.246 0.003659268385
21.248 0.003659223437
21.25 0.003659180511
21.252 0.003659148198
21.254 0.003659093797
21.256 0.003659072659
21.258 0.003659008223
21.26 0.003658996945
21.262 0.003658923859
21.264 0.003658920787
21.266 0.003658841047
21.268 0.003658843929
21.27 0.003658759685
21.272 0.003658766873
21.274 0.003658680058
21.276 0.003658689492
21.278 0.003658602103
21.28 0.003658611841
21.282 0.003658525778
21.284 0.00365853412
21.286 0.003658450898
21.288 0.003658456211
21.29 0.003658378002
21.292 0.00365837856
21.294 0.0036583061
21.296 0.003658300908
21.298 0.003658235764
21.3 0.003658223515
21.302 0.003658166434
21.304 0.003658147491
21.306 0.003658098352
21.308 0.003658070416
21.31 0.003658031061
21.312 0.003657994681
21.314 0.003657963797
21.316 0.003657920781
21.318 0.003657897714
21.32 0.003657847498
21.322 0.003657832261
21.324 0.003657775464
21.326 0.003657766744
21.328 0.003657704462
21.33 0.003657700642
21.332 0.003657634698
21.334 0.003657636183
21.336 0.003657566566
21.338 0.003657571125
21.34 0.003657499896
21.342 0.00365750588
21.344 0.003657434863
21.346 0.003657440414
21.348 0.003657371318
21.35 0.003657373919
21.352 0.003657309216
21.354 0.003657308783
21.356 0.003657248575
21.358 0.003657242885
21.36 0.003657190915
21.362 0.00365717523
21.364 0.003657133108
21.366 0.003657108286
21.368 0.003657075895
21.37 0.003657043528
21.372 0.003657019696
21.374 0.003657194217
21.376 0.003656949064
21.378 0.003656893821
21.38 0.003656949176
21.382 0.003656790648
21.384 0.003656922678
21.386 0.003656718117
21.388 0.003656874035
21.39 0.003656658136
21.392 0.003656816054
21.394 0.003656603421
21.396 0.003656754667
21.398 0.003656545757
21.4 0.003656687787
21.402 0.003656504489
21.404 0.003656629028
21.406 0.003656670459
21.408 0.003656553545
21.41 0.003656387058
21.412 0.003656547144
21.414 0.003656300158
21.416 0.003656515672
21.418 0.003656242115
21.42 0.003656462273
21.422 0.003656198047
21.424 0.003656398954
21.426 0.003656375156
21.428 0.003656318317
21.43 0.003656103917
21.432 0.003656304539
21.434 0.003656029338
21.436 0.003656265732
21.438 0.00365598293
21.44 0.003656204115
21.442 0.003655950668
21.444 0.003656134508
21.446 0.003656138523
21.448 0.003656048707
21.45 0.003655876718
21.452 0.003656030241
21.454 0.003655809695
21.456 0.003655988211
21.458 0.003655770852
21.46 0.003655925841
21.462 0.00365596033
21.464 0.003655840922
21.466 0.003655699706
21.468 0.003655822766
21.47 0.003655637434
21.472 0.00365578265
21.474 0.003655601457
21.476 0.003655723089
21.478 0.003655793864
21.48 0.003655640618
21.482 0.003655535198
21.484 0.003655626434
21.486 0.003655471234
21.488 0.003655588323
21.49 0.003655650248
21.492 0.003655517104
21.494 0.003655388305
21.496 0.003655508985
21.498 0.003655324857
21.5 0.003655475727
21.502 0.003655290697
21.504 0.003655422566
21.506 0.003655480428
21.508 0.003655345506
21.51 0.00365522211
21.512 0.003655339124
21.514 0.003655160302
21.516 0.003655309186
21.518 0.003655341821
21.52 0.00365524524
21.522 0.003655079239
21.524 0.003655243991
21.526 0.003655017777
21.528 0.003655217878
21.53 0.00365520085
21.532 0.003655086841
21.534 0.003654898405
21.536 0.003655157425
21.538 0.003654870492
21.54 0.003655127354
21.542 0.003655064329
21.544 0.00365506236
21.546 0.003654813762
21.548 0.003655061603
21.55 0.003654763187
21.552 0.003655032201
21.554 0.003654953496
21.556 0.003654966355
21.558 0.003654705051
21.56 0.003654963306
21.562 0.003654656532
21.564 0.003654933575
21.566 0.003654853708
21.568 0.003654870495
21.57 0.003654611756
21.572 0.003654865731
21.574 0.003654782046
21.576 0.003654819351
21.578 0.003654530913
21.58 0.003654823798
21.582 0.003654488416
21.584 0.003654793387
21.586 0.003654691713
21.588 0.003654724719
21.59 0.003654457148
21.592 0.003654720512
21.594 0.003654640332
21.596 0.003654672545
21.598 0.003654395348
21.6 0.003654672827
21.602 0.00365436083
21.604 0.003654645286
21.606 0.003654575688
21.608 0.00365457725
21.61 0.003654343488
21.612 0.003654569877
21.614 0.003654530663
21.616 0.003654526673
21.618 0.003654293731
21.62 0.003654529729
21.622 0.003654260556
21.624 0.003654502185
21.626 0.003654475342
21.628 0.003654437736
21.63 0.003654247913
21.632 0.003654435858
21.634 0.003654437224
21.636 0.003654394166
21.638 0.003654200788
21.64 0.003654405626
21.642 0.003654385551
21.644 0.003654366764
21.646 0.003654147971
21.648 0.003654373753
21.65 0.003654335999
21.652 0.003654335971
21.654 0.003654104164
21.656 0.003654344571
21.658 0.00365429456
21.66 0.00365430403
21.662 0.003654063537
21.664 0.003654312691
21.666 0.003654042656
21.668 0.003654286579
21.67 0.003654265869
21.672 0.003654225018
21.674 0.003654050496
21.676 0.003654225764
21.678 0.003654246755
21.68 0.003654186225
21.682 0.003654018938
21.684 0.003654196644
21.686 0.003654212763
21.688 0.00365416209
21.69 0.00365398729
21.692 0.003654175164
21.694 0.003654182863
21.696 0.003654139504
21.698 0.003653957761
21.7 0.003654149289
21.702 0.003654158579
21.704 0.003654114886
21.706 0.003653935233
21.708 0.003654126351
21.71 0.00365413755
21.712 0.003654090133
21.714 0.00365391777
21.716 0.003654101183
21.718 0.003654121988
21.72 0.003654065102
21.722 0.003653902373
21.724 0.003654072978
21.726 0.003654109205
21.728 0.003654036811
21.73 0.003653892497
21.732 0.003654045628
21.734 0.003654098442
21.736 0.003654008512
21.738 0.003653882965
21.74 0.003654019779
21.742 0.003654091286
21.744 0.003653981645
21.746 0.003653873309
21.748 0.003653991627
21.75 0.003654082251
21.752 0.003653957036
21.754 0.003654085077
21.756 0.003653952697
21.758 0.003653838659
21.76 0.00365398594
21.762 0.003654039493
21.764 0.003653959068
21.766 0.003653823889
21.768 0.003653969655
21.77 0.003654034794
21.772 0.003653931694
21.774 0.00365382514
21.776 0.003653940966
21.778 0.003654039208
21.78 0.003653901867
21.782 0.003653828431
21.784 0.00365391043
21.786 0.003654042689
21.788 0.003653874627
21.79 0.003654050262
21.792 0.003653869295
21.794 0.003653807634
21.796 0.003653901361
21.798 0.00365401173
21.8 0.003653873127
21.802 0.003653799314
21.804 0.003653882972
21.806 0.003654012839
21.808 0.003653844319
21.81 0.003654023315
21.812 0.003653838292
21.814 0.003653785735
21.816 0.003653867143
21.818 0.003653992047
21.82 0.003653903353
21.822 0.003653710209
21.824 0.003653923491
21.826 0.00365392301
21.828 0.003653887001
21.83 0.003653992994
21.832 0.003653816278
21.834 0.003653797128
21.836 0.003653824861
21.838 0.003654017274
21.84 0.003653861862
21.842 0.003653731922
21.844 0.003653878846
21.846 0.003653926418
21.848 0.003653859535
21.85 0.003654005423
21.852 0.003653758166
21.854 0.003653799851
21.856 0.003653778779
21.858 0.003654021849
21.86 0.003653815448
21.862 0.00365394816
21.864 0.00365381583
21.866 0.003653701355
21.868 0.003653848084
21.87 0.00365395887
21.872 0.003653747816
21.874 0.003653781987
21.876 0.003653737131
21.878 0.003654000933
21.88 0.003653763219
21.882 0.003653928539
21.884 0.00365376442
21.886 0.00365367806
21.888 0.003653794454
21.89 0.003653930461
21.892 0.00365369682
21.894 0.003653963668
21.896 0.003653666363
21.898 0.003653725999
21.9 0.003653761675
21.902 0.003653842269
21.904 0.003653734944
21.906 0.003653833586
21.908 0.003653726907
21.91 0.003653643489
21.912 0.00365368272
21.914 0.003653879305
21.916 0.003653624354
21.918 0.003653668917
21.92 0.003653689827
21.922 0.003653795283
21.924 0.003653651147
21.926 0.0036537882
21.928 0.003653635185
21.93 0.003653595141
21.932 0.003653591227
21.934 0.003653829829
21.936 0.003653530379
21.938 0.003653835748
21.94 0.003653508762
21.942 0.003653578823
21.944 0.003653526745
21.946 0.003653767032
21.948 0.003653484848
21.95 0.00365376258
21.952 0.003653465179
21.954 0.003653512741
21.956 0.003653481588
21.958 0.003653702983
21.96 0.003653434802
21.962 0.003653698528
21.964 0.003653413975
21.966 0.003653449593
21.968 0.003653428476
21.97 0.003653646305
21.972 0.003653380388
21.974 0.003653643289
21.976 0.003653357602
21.978 0.003653395583
21.98 0.003653370748
21.982 0.003653592739
21.984 0.003653325244
21.986 0.003653593026
21.988 0.003653302909
21.99 0.003653345224
21.992 0.003653314536
21.994 0.00365354396
21.996 0.003653265299
21.998 0.003653545185
22 0.003653244662
22.002 0.003653301666
22.004 0.003653258193
22.006 0.003653502519
22.008 0.003653208575
22.01 0.003653505471
22.012 0.003653188058
22.014 0.003653263725
22.016 0.003653202519
22.018 0.003653464965
22.02 0.003653154334
22.022 0.003653468498
22.024 0.003653135608
22.026 0.00365322778
22.028 0.003653152586
22.03 0.003653428753
22.032 0.003653107781
22.034 0.003653432245
22.036 0.003653088995
22.038 0.003653194806
22.04 0.003653106224
22.042 0.00365339832
22.044 0.003653063846
22.046 0.003653403994
22.048 0.003653047064
22.05 0.003653165219
22.052 0.003653065628
22.054 0.003653373443
22.056 0.003653024002
22.058 0.003653379665
22.06 0.003653009193
22.062 0.003653359715
22.064 0.003653015482
22.066 0.003653112684
22.068 0.003653045199
22.07 0.003653330075
22.072 0.003653023824
22.074 0.003653348529
22.076 0.003653022614
22.078 0.003653099772
22.08 0.003653049854
22.082 0.003653346713
22.084 0.00365301798
22.086 0.003653371938
22.088 0.003653015902
22.09 0.003653366408
22.092 0.003653034606
22.094 0.003653110402
22.096 0.003653071244
22.098 0.003653351602
22.1 0.00365304847
22.102 0.003653377685
22.104 0.003653048766
22.106 0.003653375188
22.108 0.003653067425
22.11 0.003653123006
22.112 0.003653104422
22.114 0.00365336749
22.116 0.003653082021
22.118 0.00365339667
22.12 0.003653082987
22.122 0.003653397641
22.124 0.003653102107
22.126 0.003653147872
22.128 0.003653139455
22.13 0.003653396786
22.132 0.003653116558
22.134 0.00365342999
22.136 0.003653116538
22.138 0.003653434726
22.14 0.003653135121
22.142 0.003653189833
22.144 0.00365317081
22.146 0.003653442112
22.148 0.003653147595
22.15 0.00365350737
22.152 0.003653103149
22.154 0.003653518014
22.156 0.003653118862
22.158 0.003653272954
22.16 0.003653157764
22.162 0.003653523809
22.164 0.003653140345
22.166 0.00365355843
22.168 0.003653147417
22.17 0.003653564088
22.172 0.0036531743
22.174 0.003653561129
22.176 0.003653207939
22.178 0.003653315321
22.18 0.00365325355
22.182 0.00365357042
22.184 0.003653238103
22.186 0.003653612384
22.188 0.003653244054
22.19 0.003653624104
22.192 0.00365327075
22.194 0.003653386774
22.196 0.003653314201
22.198 0.00365364649
22.2 0.00365329905
22.202 0.003653689871
22.204 0.003653308211
22.206 0.003653703495
22.208 0.003653337354
22.21 0.003653706755
22.212 0.003653374561
22.214 0.003653465842
22.216 0.00365342267
22.218 0.003653727502
22.22 0.003653410513
22.222 0.003653771454
22.224 0.003653423112
22.226 0.003653785508
22.228 0.003653455581
22.23 0.003653547499
22.232 0.003653505233
22.234 0.003653807369
22.236 0.003653497069
22.238 0.003653850217
22.24 0.003653512868
22.242 0.003653863425
22.244 0.003653548061
22.246 0.003653866585
22.248 0.003653591207
22.25 0.003653625207
22.252 0.003653645981
22.254 0.003653884787
22.256 0.003653639998
22.258 0.00365392914
22.26 0.003653657784
22.262 0.003653943333
22.264 0.003653693373
22.266 0.003653949128
22.268 0.003653736167
22.27 0.003653710624
22.272 0.003653788818
22.274 0.003653974833
22.276 0.003653781778
22.278 0.003654022733
22.28 0.00365379757
22.282 0.003654041382
22.284 0.0036538322
22.286 0.003654050598
22.288 0.003653874237
22.29 0.003653814892
22.292 0.003653927924
22.294 0.003654080325
22.296 0.003653921128
22.298 0.003654130127
22.3 0.003653937323
22.302 0.0036541505
22.304 0.003653972799
22.306 0.003654160959
22.308 0.00365401612
22.31 0.003654168145
22.312 0.003654061623
22.314 0.003653933434
22.316 0.003654116288
22.318 0.003654201132
22.32 0.003654109906
22.322 0.003654253909
22.324 0.003654126067
22.326 0.00365427734
22.328 0.003654161514
22.33 0.003654290616
22.332 0.003654204864
22.334 0.003654300708
22.336 0.003654250556
22.338 0.003654068406
22.34 0.003654305652
22.342 0.00365433861
22.344 0.003654299741
22.346 0.003654393609
22.348 0.003654316568
22.35 0.003654419158
22.352 0.003654352762
22.354 0.003654434586
22.356 0.003654397038
22.358 0.003654446584
22.36 0.003654443494
22.362 0.00365445869
22.364 0.00365448963
22.366 0.003654229938
22.368 0.00365454428
22.37 0.003654504549
22.372 0.003654537571
22.374 0.003654563957
22.376 0.003654553545
22.378 0.003654593847
22.38 0.003654590461
22.382 0.003654613322
22.384 0.003654634477
22.386 0.003654629396
22.388 0.003654680591
22.39 0.003654645255
22.392 0.003654728553
22.394 0.003654418065
22.396 0.003654783586
22.398 0.003654695943
22.4 0.003654777054
22.402 0.003654758593
22.404 0.003654793491
22.406 0.00365479179
22.408 0.003654829534
22.41 0.003654814431
22.412 0.003654873752
22.414 0.003654833462
22.416 0.003654920642
22.418 0.003654852036
22.42 0.003654967738
22.422 0.003654870351
22.424 0.003655012924
22.426 0.003654891264
22.428 0.003655058058
22.43 0.003654671567
22.432 0.003655111541
22.434 0.003654957441
22.436 0.003655103597
22.438 0.003655027161
22.44 0.003655119534
22.442 0.003655064239
22.444 0.003655154444
22.446 0.003655091177
22.448 0.003655200282
22.45 0.003655115222
22.452 0.00365524829
22.454 0.003655136474
22.456 0.003655296637
22.458 0.003655160696
22.46 0.003655344132
22.462 0.003655184545
22.464 0.00365539068
22.466 0.003655210903
22.468 0.003655436056
22.47 0.003655146776
22.472 0.003655554805
22.474 0.003655186864
22.476 0.003655596776
22.478 0.003654984201
22.48 0.003655640929
22.482 0.00365528645
22.484 0.003655624027
22.486 0.003655371211
22.488 0.00365562955
22.49 0.003655426959
22.492 0.003655655243
22.494 0.003655471503
22.496 0.003655690925
22.498 0.00365551039
22.5 0.003655731476
22.502 0.003655546856
22.504 0.003655774388
22.506 0.003655582369
22.508 0.003655818499
22.51 0.00365561776
22.512 0.003655863285
22.514 0.003655653315
22.516 0.00365590863
22.518 0.003655689193
22.52 0.003655954194
22.522 0.00365572561
22.524 0.00365600001
22.526 0.003655762503
22.528 0.003656046043
22.53 0.003655799967
22.532 0.003656091855
22.534 0.003655838171
22.536 0.003656137585
22.538 0.003655877072
22.54 0.003656183115
22.542 0.003655916804
22.544 0.003656228499
22.546 0.003655957304
22.548 0.003656273682
22.55 0.003655998632
22.552 0.003656318575
22.554 0.003656040814
22.556 0.003656363154
22.558 0.003656083889
22.56 0.00365640733
22.562 0.003656127829
22.564 0.003656451095
22.566 0.003656172694
22.568 0.003656494364
22.57 0.003656218457
22.572 0.003656537132
22.574 0.003656265145
22.576 0.003656579349
22.578 0.003656312782
22.58 0.00365662097
22.582 0.003656361265
22.584 0.003656662107
22.586 0.003656410523
22.588 0.003656702772
22.59 0.003656460518
22.592 0.003656742413
22.594 0.00365651149
22.596 0.003656782643
22.598 0.003656562024
22.6 0.003656822872
22.602 0.003656612987
22.604 0.003656862794
22.606 0.003656664451
22.608 0.003656902386
22.61 0.003656716175
22.612 0.003656941873
22.614 0.003656767945
22.616 0.003656981469
22.618 0.003656819558
22.62 0.003657021163
22.622 0.003656870968
22.624 0.003657061058
22.626 0.003656921947
22.628 0.003657101321
22.63 0.00365697227
22.632 0.003657142012
22.634 0.003657020859
22.636 0.003657184032
22.638 0.0036570698
22.64 0.003657224473
22.642 0.003657118967
22.644 0.003657266098
22.646 0.003657166321
22.648 0.003657308249
22.65 0.003657212283
22.652 0.003657350973
22.654 0.003657257777
22.656 0.003657393638
22.658 0.003657302455
22.66 0.003657436217
22.662 0.003657346317
22.664 0.003657478813
22.666 0.003657389249
22.668 0.003657521359
22.67 0.003657431182
22.672 0.003657563467
22.674 0.00365747259
22.676 0.00365760499
22.678 0.003657513402
22.68 0.003657645814
22.682 0.003657553741
22.684 0.003657685956
22.686 0.003657593524
22.688 0.003657724965
22.69 0.003657633172
22.692 0.003657762861
22.694 0.003657672511
22.696 0.003657799578
22.698 0.003657711562
22.7 0.003657835119
22.702 0.003657750602
22.704 0.003657869844
22.706 0.003657789001
22.708 0.00365790239
22.71 0.003657828131
22.712 0.003657933543
22.714 0.003657867155
22.716 0.003657963363
22.718 0.003657906297
22.72 0.003657992278
22.722 0.003657944205
22.724 0.003658019693
22.726 0.003657982308
22.728 0.003658045752
22.73 0.003658020198
22.732 0.003658262084
22.734 0.003658011892
22.736 0.003658140968
22.738 0.003658065014
22.74 0.00365814038
22.742 0.003658113478
22.744 0.003658152736
22.746 0.003658156177
22.748 0.003658168938
22.75 0.003658195526
22.752 0.003658377404
22.754 0.003658187274
22.756 0.00365824935
22.758 0.003658239549
22.76 0.003658242722
22.762 0.003658286428
22.764 0.003658249957
22.766 0.003658326836
22.768 0.003658452899
22.77 0.003658317652
22.772 0.003658320768
22.774 0.003658367913
22.776 0.003658310946
22.778 0.003658412088
22.78 0.0036585071
22.782 0.003658403558
22.784 0.00365837135
22.786 0.003658452466
22.788 0.003658359377
22.79 0.003658494577
22.792 0.003658362372
22.794 0.003658529264
22.796 0.003658561995
22.798 0.003658513687
22.8 0.003658427408
22.802 0.003658556948
22.804 0.003658415763
22.806 0.003658593695
22.808 0.00365861055
22.81 0.003658577409
22.812 0.003658473777
22.814 0.003658618585
22.816 0.003658460819
22.818 0.003658652717
22.82 0.003658654485
22.822 0.003658633883
22.824 0.003658516585
22.826 0.003658672445
22.828 0.003658502556
22.83 0.003658704096
22.832 0.003658695071
22.834 0.003658682841
22.836 0.003658555898
22.838 0.003658719321
22.84 0.003658540379
22.842 0.003658749768
22.844 0.003658730566
22.846 0.003658727154
22.848 0.003658589482
22.85 0.003658762093
22.852 0.003658763569
22.854 0.003658744999
22.856 0.003658615718
22.858 0.003658782956
22.86 0.003658594356
22.862 0.003658812897
22.864 0.003658780267
22.866 0.003658789603
22.868 0.00365863492
22.87 0.003658823991
22.872 0.003658804619
22.874 0.003658806208
22.876 0.003658652819
22.878 0.003658843405
22.88 0.003658819021
22.882 0.003658583546
22.884 0.003658675152
22.886 0.003658881166
22.888 0.003658597517
22.89 0.003658952306
22.892 0.003658752152
22.894 0.003658938216
22.896 0.003658597118
22.898 0.003658969229
22.9 0.003658767063
22.902 0.003658942423
22.904 0.003658619986
22.906 0.003658968239
22.908 0.003658792446
22.91 0.003658939612
22.912 0.003658645283
22.914 0.003658965259
22.916 0.003658816595
22.918 0.003658937146
22.92 0.003658668062
22.922 0.003658963243
22.924 0.003658837878
22.926 0.00365893553
22.928 0.003658687942
22.93 0.003658961891
22.932 0.003658856669
22.934 0.003658934016
22.936 0.00365870576
22.938 0.003658960173
22.94 0.003658873718
22.942 0.003658931793
22.944 0.003658722262
22.946 0.003658713944
22.948 0.003658900241
22.95 0.00365894504
22.952 0.003658697509
22.954 0.003659012012
22.956 0.003658837794
22.958 0.003658993465
22.96 0.003658679284
22.962 0.003659016469
22.964 0.00365884871
22.966 0.00365898053
22.968 0.003658701671
22.97 0.003658997413
22.972 0.003658873664
22.974 0.003658960697
22.976 0.003658725757
22.978 0.003658979091
22.98 0.003658895071
22.982 0.003658944785
22.984 0.003658935023
22.986 0.003658920851
22.988 0.003658764338
22.99 0.003658952111
22.992 0.003658921561
22.994 0.003658927521
22.996 0.003658760503
22.998 0.003658957488
23 0.003658918666
23.002 0.003658933086
23.004 0.003658948435
23.006 0.003658918061
23.008 0.003658768646
23.01 0.003658956761
23.012 0.003658918697
23.014 0.003658709977
23.016 0.003658769922
23.018 0.003658989431
23.02 0.003658870527
23.022 0.003659010957
23.024 0.003658868949
23.026 0.003659008955
23.028 0.003658872664
23.03 0.003659004766
23.032 0.003658686698
23.034 0.003659042515
23.036 0.003658839337
23.038 0.003659018389
23.04 0.003658870653
23.042 0.003658999051
23.044 0.00365869595
23.046 0.003659031993
23.048 0.003658851001
23.05 0.003659007045
23.052 0.003658881963
23.054 0.003658988549
23.056 0.00365889715
23.058 0.00365897679
23.06 0.003658715927
23.062 0.003659013946
23.064 0.003658867855
23.066 0.003658991615
23.068 0.003658898715
23.07 0.003658974447
23.072 0.003658912037
23.074 0.003658963179
23.076 0.003658732057
23.078 0.00365899931
23.08 0.003658884273
23.082 0.003658856828
23.084 0.003658923948
23.086 0.003658966586
23.088 0.003658720689
23.09 0.003659019501
23.092 0.003658861537
23.094 0.003659000774
23.096 0.00365889188
23.098 0.003658980483
23.1 0.003658718523
23.102 0.003659007649
23.104 0.003658878328
23.106 0.003658978563
23.108 0.003658914854
23.11 0.003658953058
23.112 0.003658935459
23.114 0.003658937586
23.116 0.003658760248
23.118 0.003658970672
23.12 0.003658914161
23.122 0.003658942485
23.124 0.003658945853
23.126 0.003658921832
23.128 0.003658962037
23.13 0.003658909814
23.132 0.003658781866
23.134 0.003658948049
23.136 0.00365893223
23.138 0.003658926976
23.14 0.003658958519
23.142 0.003658913271
23.144 0.003658970946
23.146 0.003658905383
23.148 0.003658785353
23.15 0.003658948122
23.152 0.003658932095
23.154 0.003658929539
23.156 0.003658956359
23.158 0.003658917181
23.16 0.003658965449
23.162 0.003658801349
23.164 0.003658787937
23.166 0.003658963759
23.168 0.003658906863
23.17 0.003658965868
23.172 0.003658915853
23.174 0.003658958805
23.176 0.003658919655
23.178 0.003658948356
23.18 0.003658981138
23.182 0.003658876095
23.184 0.003658813246
23.186 0.003658908106
23.188 0.003658970903
23.19 0.003658889643
23.192 0.003659002074
23.194 0.003658881096
23.196 0.003659021167
23.198 0.003658876818
23.2 0.003658841663
23.202 0.003658920371
23.204 0.003658995748
23.206 0.003658902259
23.208 0.003659027818
23.21 0.003658885029
23.212 0.003659044796
23.214 0.003658872951
23.216 0.003658866925
23.218 0.003658907462
23.22 0.003658983886
23.222 0.003658947179
23.224 0.003658977451
23.226 0.003658937174
23.228 0.003658790049
23.23 0.003658962032
23.232 0.003658941924
23.234 0.003658921348
23.236 0.003658780579
23.238 0.003658928633
23.24 0.003658942517
23.242 0.003658880017
23.244 0.003658976328
23.246 0.003658838442
23.248 0.003658799841
23.25 0.003658849967
23.252 0.00365895358
23.254 0.003658805348
23.256 0.003658788349
23.258 0.003658812523
23.26 0.003658943137
23.262 0.003658766226
23.264 0.003658774332
23.266 0.003658773613
23.268 0.003658924253
23.27 0.003658728568
23.272 0.003658944601
23.274 0.003658693256
23.276 0.003658756685
23.278 0.003658601261
23.28 0.003658903609
23.282 0.003658681964
23.284 0.003658888797
23.286 0.003658670205
23.288 0.003658676384
23.29 0.003658696009
23.292 0.003658805943
23.294 0.003658659848
23.296 0.003658814593
23.298 0.003658630616
23.3 0.00365861697
23.302 0.003658651355
23.304 0.003658749339
23.306 0.003658612313
23.308 0.003658754274
23.31 0.003658581516
23.312 0.003658556903
23.314 0.003658604906
23.316 0.003658688208
23.318 0.003658570665
23.32 0.003658694878
23.322 0.003658537998
23.324 0.003658685846
23.326 0.003658513232
23.328 0.003658482495
23.33 0.003658542338
23.332 0.003658612435
23.334 0.003658285061
23.336 0.003658634841
23.338 0.003658493508
23.34 0.003658384068
23.342 0.003658557343
23.344 0.003658491829
23.346 0.003658530495
23.348 0.003658496362
23.35 0.003658499304
23.352 0.003658499743
23.354 0.003658467904
23.356 0.003658309785
23.358 0.003658481907
23.36 0.003658454207
23.362 0.003658436811
23.364 0.003658481091
23.366 0.003658399299
23.368 0.00365848918
23.37 0.003658367002
23.372 0.003658301152
23.374 0.003658386272
23.376 0.003658449314
23.378 0.003658349739
23.38 0.003658472444
23.382 0.003658315116
23.384 0.003658288144
23.386 0.003658337777
23.388 0.003658434135
23.39 0.003658300881
23.392 0.003658456446
23.394 0.003658272879
23.396 0.00365846305
23.398 0.003658253118
23.4 0.003658271343
23.402 0.003658284749
23.404 0.003658415749
23.406 0.003658258781
23.408 0.003658433498
23.41 0.003658237553
23.412 0.00365843783
23.414 0.003658227871
23.416 0.003658434687
23.418 0.00365821855
23.42 0.003658235836
23.422 0.00365826139
23.424 0.003658374862
23.426 0.003658241132
23.428 0.003658388561
23.43 0.003658230983
23.432 0.003658384765
23.434 0.003658230859
23.436 0.003658377689
23.438 0.003658236978
23.44 0.003658366652
23.442 0.003658246002
23.444 0.003658362546
23.446 0.003658256676
23.448 0.003658352343
23.45 0.003658269196
23.452 0.003658346387
23.454 0.003658282875
23.456 0.003658336569
23.458 0.003658299105
23.46 0.003658328545
23.462 0.003658313614
23.464 0.003658318206
23.466 0.003658329886
23.468 0.003658309883
23.47 0.003658346946
23.472 0.003658304334
23.474 0.003658360922
23.476 0.003658298902
23.478 0.003658376589
23.48 0.003658293331
23.482 0.003658389189
23.484 0.003658291925
23.486 0.00365840278
23.488 0.003658291552
23.49 0.003658414061
23.492 0.003658292798
23.494 0.00365842375
23.496 0.003658296424
23.498 0.003658430873
23.5 0.003658300462
23.502 0.003658437572
23.504 0.003658307744
23.506 0.003658442731
23.508 0.003658316651
23.51 0.00365844699
23.512 0.003658328391
23.514 0.003658453225
23.516 0.003658338884
23.518 0.00365845674
23.52 0.00365835154
23.522 0.003658458654
23.524 0.003658365276
23.526 0.00365845862
23.528 0.003658378607
23.53 0.003658459222
23.532 0.003658395082
23.534 0.003658459613
23.536 0.003658408208
23.538 0.003658460089
23.54 0.003658426359
23.542 0.003658462228
23.544 0.00365844207
23.546 0.003658462483
23.548 0.003658455783
23.55 0.003658464705
23.552 0.003658470765
23.554 0.003658468268
23.556 0.00365848245
23.558 0.003658472888
23.56 0.003658494113
23.562 0.003658479727
23.564 0.003658506619
23.566 0.003658485347
23.568 0.003658515853
23.57 0.003658492971
23.572 0.00365852617
23.574 0.003658503096
23.576 0.003658534789
23.578 0.003658511932
23.58 0.003658541044
23.582 0.003658522416
23.584 0.003658549324
23.586 0.003658533846
23.588 0.003658554559
23.59 0.003658545897
23.592 0.003658561975
23.594 0.003658559704
23.596 0.003658566765
23.598 0.003658571302
23.6 0.003658572874
23.602 0.003658583616
23.604 0.003658580872
23.606 0.003658596783
23.608 0.003658588453
23.61 0.003658607768
23.612 0.003658594406
23.614 0.003658619037
23.616 0.003658604085
23.618 0.003658631321
23.62 0.003658613289
23.622 0.003658640595
23.624 0.00365862184
23.626 0.00365864986
23.628 0.003658632473
23.63 0.003658658633
23.632 0.003658645345
23.634 0.003658668021
23.636 0.003658657998
23.638 0.003658674434
23.64 0.003658669785
23.642 0.003658680895
23.644 0.003658684839
23.646 0.003658688089
23.648 0.003658699704
23.65 0.003658692286
23.652 0.003658713683
23.654 0.003658697014
23.656 0.003658730272
23.658 0.003658702947
23.66 0.003658746126
23.662 0.003658706307
23.664 0.003658760748
23.666 0.00365871046
23.668 0.003658776583
23.67 0.003658714613
23.672 0.003658793568
23.674 0.003658720403
23.676 0.003658809155
23.678 0.003658619311
23.68 0.003658831212
23.682 0.003658738839
23.684 0.00365882105
23.686 0.003658765079
23.688 0.003658821806
23.69 0.003658775059
23.692 0.003658831329
23.694 0.003658780744
23.696 0.003658847929
23.698 0.003658785233
23.7 0.003658864591
23.702 0.003658786983
23.704 0.003658879806
23.706 0.003658789787
23.708 0.00365889538
23.71 0.003658793235
23.712 0.003658911613
23.714 0.003658798626
23.716 0.003658925959
23.718 0.003658802264
23.72 0.00365893808
23.722 0.003658598789
23.724 0.003658967569
23.726 0.003658834641
23.728 0.003658928455
23.73 0.003658878442
23.732 0.003658912189
23.734 0.003658894753
23.736 0.003658919855
23.738 0.003658900862
23.74 0.003658936313
23.742 0.00365889935
23.744 0.003658955394
23.746 0.003658896281
23.748 0.003658977154
23.75 0.003658894175
23.752 0.003658998017
23.754 0.003658890241
23.756 0.003659016603
23.758 0.003658887865
23.76 0.003659036631
23.762 0.003658887552
23.764 0.003659054817
23.766 0.003658885627
23.768 0.003659071135
23.77 0.003658675645
23.772 0.003658912054
23.774 0.003658952465
23.776 0.003659023595
23.778 0.003658974462
23.78 0.003659035346
23.782 0.003658973583
23.784 0.003659056447
23.786 0.003658968152
23.788 0.003659081542
23.79 0.003658958377
23.792 0.003659106653
23.794 0.003658949064
23.796 0.003659133704
23.798 0.003658940797
23.8 0.003659157096
23.802 0.00365893408
23.804 0.003659180893
23.806 0.003658930496
23.808 0.003659201655
23.81 0.003658926349
23.812 0.003659218996
23.814 0.003658820454
23.816 0.003659050777
23.818 0.003658983657
23.82 0.003659186512
23.822 0.003658988546
23.824 0.003659209603
23.826 0.003658987252
23.828 0.003659227658
23.83 0.003658984974
23.832 0.003659242184
23.834 0.003658985888
23.836 0.003659258832
23.838 0.003658988621
23.84 0.003659273268
23.842 0.003658990383
23.844 0.00365928485
23.846 0.003658785013
23.848 0.003659313779
23.85 0.003659019606
23.852 0.003659270571
23.854 0.003659065844
23.856 0.003659253021
23.858 0.003659086127
23.86 0.003659254983
23.862 0.003659093062
23.864 0.00365926599
23.866 0.003659097585
23.868 0.003659279845
23.87 0.003659098451
23.872 0.003659292657
23.874 0.003659100271
23.876 0.003659307259
23.878 0.003659102684
23.88 0.003659318844
23.882 0.003659105637
23.884 0.003659331956
23.886 0.003659110537
23.888 0.003659148796
23.89 0.003658950471
23.892 0.00365932365
23.894 0.003659168402
23.896 0.003659306954
23.898 0.0036591979
23.9 0.00365930188
23.902 0.003659202629
23.904 0.003659314762
23.906 0.003659200073
23.908 0.003659333802
23.91 0.003659193242
23.912 0.003659358308
23.914 0.00365918608
23.916 0.003659382657
23.918 0.003659176272
23.92 0.003659211719
23.922 0.003659215677
23.924 0.003659382538
23.926 0.003659190618
23.928 0.003659427427
23.93 0.003659171642
23.932 0.003659459091
23.934 0.003658949827
23.936 0.003659499425
23.938 0.003659170734
23.94 0.003659275702
23.942 0.003659251939
23.944 0.003659416695
23.946 0.003659240962
23.948 0.003659453883
23.95 0.003659226363
23.952 0.003659484823
23.954 0.003659211217
23.956 0.003659316661
23.958 0.003659245532
23.96 0.003659492174
23.962 0.003659220949
23.964 0.003659539701
23.966 0.00365920052
23.968 0.00365957002
23.97 0.003659190642
23.972 0.003659592565
23.974 0.003658974127
23.976 0.003659430298
23.978 0.003659248102
23.98 0.003659542575
23.982 0.003659271383
23.984 0.003659550759
23.986 0.003659272675
23.988 0.003659566076
23.99 0.003659270675
23.992 0.003659387924
23.994 0.003659312371
23.996 0.003659552699
23.998 0.003659292035
24 0.003659594155
24.002 0.003659278535
24.004 0.003659616404
24.006 0.00365926954
24.008 0.003659436123
24.01 0.003659314575
24.012 0.003659599978
24.014 0.003659088423
24.016 0.003659652705
24.018 0.003659304743
24.02 0.003659620821
24.022 0.003659339606
24.024 0.003659411307
24.026 0.00365939411
24.028 0.003659564586
24.03 0.003659376171
24.032 0.003659604033
24.034 0.003659359984
24.036 0.003659630345
24.038 0.003659346679
24.04 0.003659455265
24.042 0.00365938193
24.044 0.003659621391
24.046 0.003659356581
24.048 0.00365966222
24.05 0.003659128239
24.052 0.003659505961
24.054 0.003659391424
24.056 0.003659619334
24.058 0.003659406011
24.06 0.00365963113
24.062 0.003659400254
24.064 0.003659450228
24.066 0.00365943555
24.068 0.003659617642
24.07 0.003659406439
24.072 0.003659660849
24.074 0.003659381645
24.076 0.003659689888
24.078 0.003659365436
24.08 0.003659513536
24.082 0.003659399023
24.084 0.003659680018
24.086 0.00365916089
24.088 0.003659732731
24.09 0.003659370318
24.092 0.003659504488
24.094 0.003659446864
24.096 0.00365963861
24.098 0.003659435243
24.1 0.003659665015
24.102 0.003659418128
24.104 0.003659498611
24.106 0.003659460165
24.108 0.003659648934
24.11 0.00365942728
24.112 0.0036596871
24.114 0.003659405943
24.116 0.003659706797
24.118 0.003659182428
24.12 0.003659537776
24.122 0.003659449527
24.124 0.003659641662
24.126 0.003659466806
24.128 0.003659642102
24.13 0.003659461961
24.132 0.003659647927
24.134 0.003659453299
24.136 0.003659460824
24.138 0.003659492091
24.14 0.003659704387
24.142 0.00365938457
24.144 0.003659745732
24.146 0.003659348718
24.148 0.003659758207
24.15 0.003659328654
24.152 0.003659571472
24.154 0.003659154631
24.156 0.003659738835
24.158 0.003659383709
24.16 0.00365971732
24.162 0.003659421037
24.164 0.003659704577
24.166 0.00365943444
24.168 0.00365950802
24.17 0.00365948435
24.172 0.003659664654
24.174 0.00365945643
24.176 0.003659706507
24.178 0.003659436953
24.18 0.00365966091
24.182 0.003659520105
24.184 0.003659427949
24.186 0.003659579889
24.188 0.003659572123
24.19 0.003659552995
24.192 0.003659601889
24.194 0.003659290167
24.196 0.003659433104
24.198 0.003659563415
24.2 0.003659546247
24.202 0.00365956618
24.204 0.003659554597
24.206 0.003659544889
24.208 0.003659367458
24.21 0.003659566945
24.212 0.003659530196
24.214 0.003659525366
24.216 0.003659565769
24.218 0.003659488571
24.22 0.003659584243
24.222 0.003659459172
24.224 0.003659396383
24.226 0.003659482726
24.228 0.00365955092
24.23 0.003659213472
24.232 0.003659587015
24.234 0.00365943783
24.236 0.003659544857
24.238 0.003659460552
24.24 0.003659320308
24.242 0.003659506171
24.244 0.003659458925
24.246 0.003659481076
24.248 0.003659476892
24.25 0.003659456679
24.252 0.003659481394
24.254 0.00365943767
24.256 0.003659480236
24.258 0.003659422826
24.26 0.00365955786
24.262 0.003659086998
24.264 0.003659384144
24.266 0.00365936635
24.268 0.003659481884
24.27 0.003659388385
24.272 0.003659471723
24.274 0.003659390233
24.276 0.003659464542
24.278 0.003659386809
24.28 0.003659460634
24.282 0.003659381138
24.284 0.003659457572
24.286 0.003659374038
24.288 0.003659455721
24.29 0.003659365192
24.292 0.00365946352
24.294 0.003659344618
24.296 0.003659265516
24.298 0.003659386954
24.3 0.003659402569
24.302 0.003659115695
24.304 0.003659440746
24.306 0.0036593417
24.308 0.003659387704
24.31 0.003659372084
24.312 0.003659359351
24.314 0.003659366102
24.316 0.003659160011
24.318 0.003659387718
24.32 0.003659310721
24.322 0.003659341896
24.324 0.003659339962
24.326 0.003659300938
24.328 0.003659351017
24.33 0.003659263703
24.332 0.003659159739
24.334 0.003659278202
24.336 0.003659310707
24.338 0.003659230211
24.34 0.003659333985
24.342 0.003659188627
24.344 0.00365914301
24.346 0.003659202296
24.348 0.003659292276
24.35 0.003659155528
24.352 0.00365912937
24.354 0.003658918143
24.356 0.003659294025
24.358 0.003659129379
24.36 0.003659259085
24.362 0.003659130244
24.364 0.003659021443
24.366 0.003659155213
24.368 0.003659156478
24.37 0.003659106373
24.372 0.003658977102
24.374 0.003659107297
24.376 0.003659134383
24.378 0.003659035966
24.38 0.003659143477
24.382 0.003658980919
24.384 0.003658960536
24.386 0.003659004518
24.388 0.003659104895
24.39 0.003658934611
24.392 0.003658910867
24.394 0.003658941952
24.396 0.003659053877
24.398 0.003658904093
24.4 0.003659073743
24.402 0.003658845884
24.404 0.003658850384
24.406 0.003658622666
24.408 0.003659012782
24.41 0.003658841498
24.412 0.003658769647
24.414 0.003658889894
24.416 0.003658883686
24.418 0.003658836971
24.42 0.003658678455
24.422 0.003658830961
24.424 0.003658839
24.426 0.003658788609
24.428 0.003658657343
24.43 0.003658785693
24.432 0.003658805845
24.434 0.003658709551
24.436 0.003658613419
24.438 0.003658699738
24.44 0.003658780736
24.442 0.003658648628
24.444 0.003658599399
24.446 0.003658631475
24.448 0.003658733565
24.45 0.003658579647
24.452 0.003658577445
24.454 0.003658345705
24.456 0.003658739044
24.458 0.003658532679
24.46 0.003658509409
24.462 0.003658573002
24.464 0.003658631121
24.466 0.003658520803
24.468 0.003658418253
24.47 0.003658502215
24.472 0.003658379808
24.474 0.003658493614
24.476 0.003658550654
24.478 0.00365841414
24.48 0.003658395094
24.482 0.003658407199
24.484 0.003658527292
24.486 0.003658328181
24.488 0.003658368281
24.49 0.003658317159
24.492 0.003658500686
24.494 0.003658268412
24.496 0.003658343503
24.498 0.00365802506
24.5 0.00365830856
24.502 0.00365828836
24.504 0.003658411853
24.506 0.003658244322
24.508 0.003658213893
24.51 0.003658261726
24.512 0.003658349695
24.514 0.003658207241
24.516 0.003658182635
24.518 0.003658197909
24.52 0.003658321638
24.522 0.003658144635
24.524 0.003658141877
24.526 0.003658143572
24.528 0.003658304184
24.53 0.003658093807
24.532 0.003658128046
24.534 0.003658089684
24.536 0.003658066485
24.538 0.003658070081
24.54 0.003658221566
24.542 0.003657772892
24.544 0.003658060887
24.546 0.003658041004
24.548 0.003658160999
24.55 0.003658033816
24.552 0.003657961298
24.554 0.003658038401
24.556 0.003658096421
24.558 0.003657999662
24.56 0.003657929731
24.562 0.003658010066
24.564 0.003657888971
24.566 0.00365799839
24.568 0.003658047467
24.57 0.003657934858
24.572 0.003657876698
24.574 0.003657925488
24.576 0.003658046298
24.578 0.003657877003
24.58 0.003657862022
24.582 0.003657646571
24.584 0.003657835381
24.586 0.003657883126
24.588 0.003657950138
24.59 0.003657878774
24.592 0.00365774172
24.594 0.003657881629
24.596 0.003657909122
24.598 0.003657828913
24.6 0.00365773471
24.602 0.003657856937
24.604 0.003657714133
24.606 0.003657831389
24.608 0.003657894139
24.61 0.003657772913
24.612 0.003657707678
24.614 0.003657759988
24.616 0.003657885289
24.618 0.003657706415
24.62 0.00365771259
24.622 0.003657490528
24.624 0.003657670769
24.626 0.003657732146
24.628 0.003657813966
24.63 0.003657718748
24.632 0.003657619378
24.634 0.003657763258
24.636 0.003657589167
24.638 0.003657756184
24.64 0.003657755937
24.642 0.003657684449
24.644 0.003657590699
24.646 0.003657683512
24.648 0.003657762821
24.65 0.003657645824
24.652 0.003657612516
24.654 0.003657661669
24.656 0.003657581006
24.658 0.00365765854
24.66 0.003657747128
24.662 0.003657371179
24.664 0.00365759495
24.666 0.003657625738
24.668 0.003657524877
24.67 0.003657679098
24.672 0.003657666008
24.674 0.003657642905
24.676 0.003657505065
24.678 0.003657643358
24.68 0.003657468632
24.682 0.003657655935
24.684 0.003657651134
24.686 0.003657600018
24.688 0.00365750664
24.69 0.003657613574
24.692 0.003657469712
24.694 0.003657629183
24.696 0.003657665
24.698 0.003657568072
24.7 0.003657499505
24.702 0.003657349851
24.704 0.003657488443
24.706 0.003657585842
24.708 0.003657615931
24.71 0.003657591151
24.712 0.003657434129
24.714 0.003657610273
24.716 0.003657411825
24.718 0.003657627254
24.72 0.003657573484
24.722 0.003657581455
24.724 0.003657445834
24.726 0.003657595752
24.728 0.003657419557
24.73 0.003657603924
24.732 0.003657620845
24.734 0.003657544891
24.736 0.003657467307
24.738 0.003657373504
24.74 0.003657475543
24.742 0.003657608525
24.744 0.003657602604
24.746 0.003657594277
24.748 0.003657412103
24.75 0.003657633871
24.752 0.003657395246
24.754 0.003657638579
24.756 0.00365757851
24.758 0.003657604633
24.76 0.003657460598
24.762 0.003657615641
24.764 0.003657451593
24.766 0.003657643953
24.768 0.003657636458
24.77 0.003657581342
24.772 0.003657492482
24.774 0.003657409425
24.776 0.003657505493
24.778 0.00365764613
24.78 0.003657441576
24.782 0.003657693322
24.784 0.003657612951
24.786 0.003657664706
24.788 0.003657477642
24.79 0.003657685117
24.792 0.003657441774
24.794 0.003657684903
24.796 0.003657652277
24.798 0.003657653488
24.8 0.003657518845
24.802 0.003657673667
24.804 0.003657523961
24.806 0.003657476142
24.808 0.003657521946
24.81 0.003657704026
24.812 0.003657686001
24.814 0.003657715235
24.816 0.003657535966
24.818 0.003657763068
24.82 0.003657509001
24.822 0.003657760539
24.824 0.003657515453
24.826 0.003657785659
24.828 0.003657739958
24.83 0.003657738492
24.832 0.003657614241
24.834 0.003657546992
24.836 0.003657602079
24.838 0.003657781646
24.84 0.003657567602
24.842 0.003657844788
24.844 0.003657763855
24.846 0.003657834301
24.848 0.003657616975
24.85 0.003657839455
24.852 0.003657612737
24.854 0.003657853368
24.856 0.003657809117
24.858 0.00365761703
24.86 0.003657722183
24.862 0.003657876987
24.864 0.003657660455
24.866 0.00365793869
24.868 0.003657644385
24.87 0.003657954482
24.872 0.003657852127
24.874 0.003657932894
24.876 0.003657726453
24.878 0.003657960566
24.88 0.003657727397
24.882 0.003657758962
24.884 0.00365775322
24.886 0.003658001093
24.888 0.00365792916
24.89 0.003658018822
24.892 0.00365779423
24.894 0.003658075758
24.896 0.003657791746
24.898 0.003658090565
24.9 0.003657994548
24.902 0.003658055123
24.904 0.003657879665
24.906 0.003657871636
24.908 0.003657915786
24.91 0.003658138505
24.912 0.003657888108
24.914 0.003658187647
24.916 0.003658068328
24.918 0.003658167902
24.92 0.00365793983
24.922 0.003658190683
24.924 0.0036579481
24.926 0.00365802769
24.928 0.003658196883
24.93 0.003658166198
24.932 0.003657995803
24.934 0.003658312524
24.936 0.003658001752
24.938 0.003658341139
24.94 0.00365820826
24.942 0.003658316233
24.944 0.003658091692
24.946 0.003658125513
24.948 0.003658116797
24.95 0.003658412632
24.952 0.003658298685
24.954 0.00365842134
24.956 0.003658145511
24.958 0.003658469627
24.96 0.003658147036
24.962 0.003658490783
24.964 0.003658356054
24.966 0.003658267543
24.968 0.003658284258
24.97 0.003658549039
24.972 0.003658237544
24.974 0.003658599766
24.976 0.003658431141
24.978 0.003658599538
24.98 0.003658310474
24.982 0.003658643569
24.984 0.003658323669
24.986 0.003658462571
24.988 0.003658565994
24.99 0.003658673545
24.992 0.00365840476
24.994 0.003658739825
24.996 0.003658574564
24.998 0.003658749391
25 0.003658472926
25.002 0.003658807256
25.004 0.003658490971
25.006 0.003658621872
25.008 0.003658712396
25.01 0.003658817504
25.012 0.003658559436
25.014 0.003658918659
25.016 0.003658562639
25.018 0.00365895544
25.02 0.00365877284
25.022 0.003658943067
25.024 0.003658662695
25.026 0.003658770204
25.028 0.003658700956
25.03 0.003659026923
25.032 0.00365886824
25.034 0.00365904334
25.036 0.003658738941
25.038 0.003659093125
25.04 0.003658957563
25.042 0.003659092194
25.044 0.003658849539
25.046 0.003658922463
25.048 0.003658876133
25.05 0.003659159376
25.052 0.003659041961
25.054 0.003659172794
25.056 0.003658906526
25.058 0.003659221952
25.06 0.003658925888
25.062 0.003659280128
25.064 0.003659172745
25.066 0.003659049197
25.068 0.003659091343
25.07 0.003659298232
25.072 0.003659069532
25.074 0.003659349853
25.076 0.003659275236
25.078 0.00365933896
25.08 0.003659160989
25.082 0.003659377092
25.084 0.003659183478
25.086 0.003659193884
25.088 0.003659229896
25.09 0.003659439345
25.092 0.003659408141
25.094 0.003659455118
25.096 0.003659270707
25.098 0.003659488785
25.1 0.003659278973
25.102 0.003659512374
25.104 0.003659306271
25.106 0.003659311232
25.108 0.003659552217
25.11 0.003659512504
25.112 0.003659403069
25.114 0.00365957957
25.116 0.003659402047
25.118 0.003659611283
25.12 0.003659424947
25.122 0.003659625104
25.124 0.003659461253
25.126 0.003659421547
25.128 0.003659528874
25.13 0.003659652513
25.132 0.00365972405
25.134 0.003659671269
25.136 0.003659609078
25.138 0.003659700875
25.14 0.003659620337
25.142 0.003659714845
25.144 0.003659653263
25.146 0.00365972152
25.148 0.003659700627
25.15 0.003659507341
25.152 0.003659759884
25.154 0.003659750296
25.156 0.00365975724
25.158 0.003659782806
25.16 0.003659769177
25.162 0.003659800675
25.164 0.003659803616
25.166 0.003659798642
25.168 0.003659847297
25.17 0.003659591013
25.172 0.003659909559
25.174 0.003659815186
25.176 0.003659912495
25.178 0.003659868503
25.18 0.003659933226
25.182 0.003659886057
25.184 0.003659969092
25.186 0.003659884121
25.188 0.003660006032
25.19 0.003659879864
25.192 0.003660042054
25.194 0.003659642885
25.196 0.003660082984
25.198 0.003659867307
25.2 0.003660067002
25.202 0.003659906264
25.204 0.003660075054
25.206 0.003659923128
25.208 0.003660125125
25.21 0.003659943458
25.212 0.003660160382
25.214 0.003659945023
25.216 0.003660212751
25.218 0.003659729527
25.22 0.003660252057
25.222 0.003659955141
25.224 0.003660226233
25.226 0.00365998365
25.228 0.003660229081
25.23 0.00366000074
25.232 0.003660246887
25.234 0.003660008953
25.236 0.003660296466
25.238 0.00366001438
25.24 0.00366032199
25.242 0.003659791544
25.244 0.003660355244
25.246 0.003660015323
25.248 0.00366034503
25.25 0.003660053886
25.252 0.003660338186
25.254 0.003660071618
25.256 0.003660360409
25.258 0.003660079869
25.26 0.003660384209
25.262 0.003660069814
25.264 0.003660417718
25.266 0.003659858035
25.268 0.003660465847
25.27 0.003660087338
25.272 0.003660440608
25.274 0.003660132165
25.276 0.003660446624
25.278 0.003660139049
25.28 0.003660454813
25.282 0.003660139316
25.284 0.00366049043
25.286 0.00366014112
25.288 0.00366051468
25.29 0.003659926356
25.292 0.003660565562
25.294 0.003660149746
25.296 0.00366052902
25.298 0.00366018769
25.3 0.003660532149
25.302 0.003660197058
25.304 0.003660549143
25.306 0.003660203938
25.308 0.003660570211
25.31 0.003660195823
25.312 0.003660605483
25.314 0.003659985212
25.316 0.003660652858
25.318 0.003660215288
25.32 0.003660620221
25.322 0.003660265144
25.324 0.003660625873
25.326 0.003660262045
25.328 0.003660620193
25.33 0.003660260479
25.332 0.003660664188
25.334 0.003660267966
25.336 0.003660681626
25.338 0.003660257591
25.34 0.00366071306
25.342 0.003660044942
25.344 0.003660733196
25.346 0.003660282777
25.348 0.003660731782
25.35 0.003660324044
25.352 0.003660698432
25.354 0.003660334216
25.356 0.003660733853
25.358 0.003660343177
25.36 0.003660736316
25.362 0.003660345782
25.364 0.003660770404
25.366 0.003660121032
25.368 0.003660795863
25.37 0.003660361859
25.372 0.003660784923
25.374 0.003660411161
25.376 0.003660757797
25.378 0.003660420124
25.38 0.003660791601
25.382 0.003660435929
25.384 0.003660804821
25.386 0.003660446544
25.388 0.003660833402
25.39 0.003660434667
25.392 0.003660850932
25.394 0.003660222736
25.396 0.003660880223
25.398 0.003660466493
25.4 0.003660857723
25.402 0.003660512948
25.404 0.003660849685
25.406 0.003660549261
25.408 0.003660878932
25.41 0.003660551075
25.412 0.003660892703
25.414 0.003660549055
25.416 0.003660908684
25.418 0.003660561783
25.42 0.00366093187
25.422 0.003660349748
25.424 0.003660971609
25.426 0.003660593982
25.428 0.00366094252
25.43 0.003660630297
25.432 0.00366092696
25.434 0.003660656991
25.436 0.003660947302
25.438 0.003660669924
25.44 0.003660969699
25.442 0.003660672597
25.444 0.003660992348
25.446 0.00366065864
25.448 0.003661005815
25.45 0.003660465349
25.452 0.003661054113
25.454 0.003660710978
25.456 0.003661029582
25.458 0.003660760887
25.46 0.003661030129
25.462 0.003660780602
25.464 0.003661037415
25.466 0.003660786718
25.468 0.00366104379
25.47 0.003660795126
25.472 0.003661084352
25.474 0.003660801349
25.476 0.003661105688
25.478 0.003660593679
25.48 0.003661138399
25.482 0.003660828469
25.484 0.003661113675
25.486 0.003660880183
25.488 0.003661103662
25.49 0.003660902108
25.492 0.003661111479
25.494 0.003660902186
25.496 0.003661136738
25.498 0.00366092418
25.5 0.003661157574
25.502 0.003660922895
25.504 0.003661176541
25.506 0.003660703709
25.508 0.003661214218
25.51 0.003660951229
25.512 0.003661187553
25.514 0.003660998568
25.516 0.003661178541
25.518 0.003661013766
25.52 0.003661184744
25.522 0.003661029276
25.524 0.003661208208
25.526 0.003661026787
25.528 0.003661224268
25.53 0.003661035414
25.532 0.003661251278
25.534 0.003661041211
25.536 0.003661271177
25.538 0.003660831772
25.54 0.003661305899
25.542 0.003661070628
25.544 0.003661273147
25.546 0.003661114433
25.548 0.003661255752
25.55 0.003661137561
25.552 0.00366126318
25.554 0.003661138547
25.556 0.003661280463
25.558 0.003661151543
25.56 0.003661300224
25.562 0.003661150548
25.564 0.003661323088
25.566 0.003660946582
25.568 0.003661356606
25.57 0.003661180925
25.572 0.003661325877
25.574 0.003661231565
25.576 0.003661308701
25.578 0.003661245978
25.58 0.003661318226
25.582 0.00366125949
25.584 0.003661330502
25.586 0.003661261483
25.588 0.003661349234
25.59 0.003661271662
25.592 0.003661385857
25.594 0.003661171649
25.596 0.00366139982
25.598 0.003661292518
25.6 0.003661394794
25.602 0.003661319481
25.604 0.003661396817
25.606 0.003661327155
25.608 0.003661402994
25.61 0.003661234639
25.612 0.003661431513
25.614 0.003661354837
25.616 0.003661416577
25.618 0.003661383476
25.62 0.003661422453
25.622 0.003661402065
25.624 0.003661428694
25.626 0.003661400837
25.628 0.003661444198
25.63 0.003661206781
25.632 0.003661489394
25.634 0.003661448386
25.636 0.003661443541
25.638 0.003661496226
25.64 0.00366143996
25.642 0.00366151817
25.644 0.003661442265
25.646 0.003661525106
25.648 0.003661457712
25.65 0.003661534709
25.652 0.003661487806
25.654 0.003661536901
25.656 0.003661506044
25.658 0.003661335148
25.66 0.003661536709
25.662 0.003661563707
25.664 0.003661500665
25.666 0.003661621597
25.668 0.003661496427
25.67 0.003661640648
25.672 0.003661502306
25.674 0.003661650393
25.676 0.003661521982
25.678 0.003661662054
25.68 0.003661553185
25.682 0.003661667428
25.684 0.00366157256
25.686 0.003661463032
25.688 0.003661612186
25.69 0.003661696821
25.692 0.003661574349
25.694 0.003661738772
25.696 0.003661564956
25.698 0.003661769859
25.7 0.003661584013
25.702 0.003661777549
25.704 0.003661607372
25.706 0.003661788091
25.708 0.003661631527
25.71 0.003661788443
25.712 0.003661652894
25.714 0.003661576796
25.716 0.003661694581
25.718 0.003661824858
25.72 0.003661676176
25.722 0.003661876118
25.724 0.003661668289
25.726 0.003661892531
25.728 0.003661683177
25.73 0.003661908052
25.732 0.003661708208
25.734 0.003661910929
25.736 0.003661730516
25.738 0.003661911087
25.74 0.003661756748
25.742 0.003661709979
25.744 0.003661806387
25.746 0.003661951013
25.748 0.003661778525
25.75 0.003662003175
25.752 0.003661771204
25.754 0.003662028557
25.756 0.003661794378
25.758 0.003662043251
25.76 0.003661820395
25.762 0.003662057773
25.764 0.003661852667
25.766 0.003662068515
25.768 0.003661881827
25.77 0.003661865788
25.772 0.003661927061
25.774 0.0036621116
25.776 0.003661896312
25.778 0.003662161078
25.78 0.003661892609
25.782 0.003662186349
25.784 0.003661910706
25.786 0.003662203387
25.788 0.003661938819
25.79 0.003662216197
25.792 0.00366196812
25.794 0.003662227814
25.796 0.003661999064
25.798 0.00366203157
25.8 0.003662050902
25.802 0.003662277136
25.804 0.0036620287
25.806 0.003662332661
25.808 0.003662030247
25.81 0.003662360407
25.812 0.003662052252
25.814 0.003662374643
25.816 0.003662081726
25.818 0.003662386239
25.82 0.003662117847
25.822 0.003662399158
25.824 0.003662152498
25.826 0.003662193234
25.828 0.003662196382
25.83 0.003662435838
25.832 0.003662176252
25.834 0.003662489441
25.836 0.003662181516
25.838 0.003662513918
25.84 0.003662209538
25.842 0.00366252505
25.844 0.003662245817
25.846 0.00366253812
25.848 0.003662283084
25.85 0.003662335154
25.852 0.003662340801
25.854 0.003662573242
25.856 0.003662327425
25.858 0.003662629964
25.86 0.003662336569
25.862 0.003662653889
25.864 0.003662372519
25.866 0.003662673045
25.868 0.00366241169
25.87 0.003662677834
25.872 0.003662448726
25.874 0.003662681916
25.876 0.003662491852
25.878 0.003662485307
25.88 0.003662550653
25.882 0.003662728684
25.884 0.00366254134
25.886 0.003662780712
25.888 0.003662547134
25.89 0.003662802486
25.892 0.003662579674
25.894 0.003662824183
25.896 0.003662623876
25.898 0.003662836303
25.9 0.003662661722
25.902 0.003662629254
25.904 0.00366272026
25.906 0.003662877596
25.908 0.003662714221
25.91 0.003662932511
25.912 0.003662724194
25.914 0.003662954702
25.916 0.003662755734
25.918 0.003662969266
25.92 0.003662797062
25.922 0.003662985965
25.924 0.003662846029
25.926 0.003662998418
25.928 0.003662884618
25.93 0.003662791553
25.932 0.003662950807
25.934 0.003663043864
25.936 0.00366293607
25.938 0.003663094315
25.94 0.003662951787
25.942 0.003663124346
25.944 0.003662980089
25.946 0.003663137656
25.948 0.003663026065
25.95 0.003663161151
25.952 0.003663070392
25.954 0.003663165429
25.956 0.003663115369
25.958 0.003662972869
25.96 0.003663174459
25.962 0.003663209315
25.964 0.003663163656
25.966 0.003663268357
25.968 0.003663171343
25.97 0.003663293277
25.972 0.003663209798
25.974 0.00366330976
25.976 0.003663246618
25.978 0.003663325511
25.98 0.003663295261
25.982 0.003663334613
25.984 0.003663340315
25.986 0.003663136533
25.988 0.003663402849
25.99 0.003663386554
25.992 0.003663392151
25.994 0.003663434677
25.996 0.003663398774
25.998 0.003663460822
26 0.003663435675
26.002 0.003663477553
26.004 0.003663473351
26.006 0.003663489591
26.008 0.003663517242
26.01 0.003663501553
26.012 0.003663566831
26.014 0.003663301844
26.016 0.003663627395
26.018 0.003663546293
26.02 0.0036636106
26.022 0.003663608036
26.024 0.003663626811
26.026 0.003663629593
26.028 0.003663661347
26.03 0.003663648415
26.032 0.003663702955
26.034 0.003663659226
26.036 0.003663745923
26.038 0.003663670266
26.04 0.003663784262
26.042 0.003663682149
26.044 0.00366382556
26.046 0.003663480894
26.048 0.0036638898
26.05 0.003663729614
26.052 0.00366387879
26.054 0.00366378882
26.056 0.003663883003
26.058 0.003663815959
26.06 0.003663914178
26.062 0.003663832811
26.064 0.003663953118
26.066 0.003663846092
26.068 0.003663992681
26.07 0.003663857294
26.072 0.003664038555
26.074 0.00366386974
26.076 0.003664081137
26.078 0.003663667969
26.08 0.003664137995
26.082 0.003663913758
26.084 0.003664121991
26.086 0.003663970079
26.088 0.003664132463
26.09 0.003663997833
26.092 0.003664161511
26.094 0.003664015904
26.096 0.003664198892
26.098 0.003664026525
26.1 0.003664237635
26.102 0.003664037874
26.104 0.003664275637
26.106 0.003664050063
26.108 0.003664315274
26.11 0.003664064713
26.112 0.003664351979
26.114 0.003663865925
26.116 0.003664404179
26.118 0.003664111836
26.12 0.003664383347
26.122 0.003664169175
26.124 0.003664386417
26.126 0.003664196659
26.128 0.003664411332
26.13 0.003664216009
26.132 0.003664442593
26.134 0.003664227974
26.136 0.003664478427
26.138 0.003664237766
26.14 0.003664512274
26.142 0.003664250032
26.144 0.00366454545
26.146 0.00366426176
26.148 0.003664578344
26.15 0.003664274372
26.152 0.003664607373
26.154 0.003664074141
26.156 0.003664654147
26.158 0.003664319732
26.16 0.003664628985
26.162 0.003664375244
26.164 0.00366462624
26.166 0.003664400111
26.168 0.003664647591
26.17 0.003664415497
26.172 0.003664674709
26.174 0.003664426107
26.176 0.003664706358
26.178 0.003664431349
26.18 0.003664736005
26.182 0.003664440854
26.184 0.003664765075
26.186 0.003664446719
26.188 0.00366479426
26.19 0.003664457172
26.192 0.003664820093
26.194 0.003664465078
26.196 0.003664844705
26.198 0.003664474826
26.2 0.003664864518
26.202 0.003664270119
26.204 0.003664903857
26.206 0.00366451331
26.208 0.00366487751
26.21 0.003664563058
26.212 0.003664868479
26.214 0.00366458444
26.216 0.003664881048
26.218 0.003664595441
26.22 0.003664896153
26.222 0.003664603379
26.224 0.00366491907
26.226 0.003664608535
26.228 0.003664941691
26.23 0.003664612723
26.232 0.003664962667
26.234 0.003664616896
26.236 0.003664983034
26.238 0.003664622819
26.24 0.003664999708
26.242 0.003664625688
26.244 0.003665014457
26.246 0.003664632137
26.248 0.003665029433
26.25 0.003664640501
26.252 0.003665042931
26.254 0.003664647708
26.256 0.00366505216
26.258 0.003664653244
26.26 0.003665063528
26.262 0.003664661557
26.264 0.003665073074
26.266 0.003664669252
26.268 0.003665081521
26.27 0.003664676561
26.272 0.003665090082
26.274 0.003664685023
26.276 0.003665095621
26.278 0.003664690359
26.28 0.003665100476
26.282 0.003664697532
26.284 0.0036651052
26.286 0.003664706068
26.288 0.003665111469
26.29 0.003664714891
26.292 0.003665106926
26.294 0.003664730879
26.296 0.003665106628
26.298 0.003664737096
26.3 0.003665106753
26.302 0.003664744123
26.304 0.003665107182
26.306 0.00366475214
26.308 0.003665109529
26.31 0.003664760237
26.312 0.003665108841
26.314 0.003664766815
26.316 0.003665106518
26.318 0.003664771409
26.32 0.003665102362
26.322 0.00366477824
26.324 0.003665098151
26.326 0.003664786513
26.328 0.003665095995
26.33 0.003664794618
26.332 0.003665089717
26.334 0.003664801458
26.336 0.003665085256
26.338 0.003664806371
26.34 0.003665078475
26.342 0.003664812
26.344 0.003665070975
26.346 0.003664815553
26.348 0.003665065605
26.35 0.003664820573
26.352 0.003665059228
26.354 0.003664825467
26.356 0.003665060661
26.358 0.003664826384
26.36 0.003665061212
26.362 0.00366483481
26.364 0.003665061545
26.366 0.003664842343
26.368 0.003665073538
26.37 0.003664841224
26.372 0.003665076591
26.374 0.003664847183
26.376 0.003665078543
26.378 0.003664849027
26.38 0.003665079203
26.382 0.003664852169
26.384 0.00366508057
26.386 0.003664856055
26.388 0.003665083042
26.39 0.003664857286
26.392 0.003665084261
26.394 0.003664858912
26.396 0.003665084123
26.398 0.0036648604
26.4 0.003665084243
26.402 0.003664857623
26.404 0.003665083347
26.406 0.00366485593
26.408 0.003665083063
26.41 0.003664855651
26.412 0.003665082798
26.414 0.003664853852
26.416 0.003665080861
26.418 0.003664853488
26.42 0.003665079403
26.422 0.003664851362
26.424 0.003665071863
26.426 0.003664850524
26.428 0.003665069246
26.43 0.00366484955
26.432 0.003665063771
26.434 0.003664848636
26.436 0.003665057059
26.438 0.003664849568
26.44 0.003665047992
26.442 0.003664848221
26.444 0.003665038654
26.446 0.00366484983
26.448 0.003665030612
26.45 0.003664850661
26.452 0.003665020815
26.454 0.003664851301
26.456 0.003665010141
26.458 0.003664855022
26.46 0.00366500041
26.462 0.003664853909
26.464 0.003664986874
26.466 0.003664854735
26.468 0.003664976267
26.47 0.003664855466
26.472 0.003664964542
26.474 0.003664855766
26.476 0.003664952424
26.478 0.003664856992
26.48 0.0036649405
26.482 0.003664855881
26.484 0.003664927926
26.486 0.003664855362
26.488 0.003664918142
26.49 0.003664854067
26.492 0.003664905872
26.494 0.003664851947
26.496 0.003664897645
26.498 0.003664850579
26.5 0.003664886493
26.502 0.003664846245
26.504 0.003664876299
26.506 0.003664842182
26.508 0.003664865615
26.51 0.003664836722
26.512 0.003664857281
26.514 0.003664832223
26.516 0.003664848149
26.518 0.003664827755
26.52 0.003664842614
26.522 0.003664821836
26.524 0.003664833289
26.526 0.003664814259
26.528 0.003664825664
26.53 0.003664807466
26.532 0.003664816205
26.534 0.00366480062
26.536 0.003664810567
26.538 0.003664794252
26.54 0.003664801418
26.542 0.003664787382
26.544 0.003664794851
26.546 0.003664779088
26.548 0.003664784593
26.55 0.003664771893
26.552 0.003664776425
26.554 0.00366476341
26.556 0.003664767935
26.558 0.003664757567
26.56 0.003664760693
26.562 0.003664750532
26.564 0.003664752204
26.566 0.00366474536
26.568 0.003664743503
26.57 0.003664738144
26.572 0.003664734941
26.574 0.003664732163
26.576 0.003664723681
26.578 0.003664727278
26.58 0.003664716661
26.582 0.003664722878
26.584 0.003664706128
26.586 0.003664717683
26.588 0.003664696605
26.59 0.003664709929
26.592 0.003664686227
26.594 0.003664706079
26.596 0.003664676912
26.598 0.003664699831
26.6 0.003664669092
26.602 0.003664697248
26.604 0.003664660436
26.606 0.003664692617
26.608 0.003664653428
26.61 0.003664687801
26.612 0.003664643918
26.614 0.003664681839
26.616 0.003664634349
26.618 0.003664675701
26.62 0.003664626641
26.622 0.003664671921
26.624 0.003664620664
26.626 0.003664666392
26.628 0.003664614142
26.63 0.0036646625
26.632 0.003664608076
26.634 0.003664654622
26.636 0.003664601387
26.638 0.003664650188
26.64 0.003664596294
26.642 0.003664644592
26.644 0.003664594481
26.646 0.003664639453
26.648 0.003664589459
26.65 0.003664633638
26.652 0.003664587349
26.654 0.003664627948
26.656 0.003664582711
26.658 0.003664622878
26.66 0.003664578694
26.662 0.003664621738
26.664 0.003664581343
26.666 0.003664624036
26.668 0.003664587862
26.67 0.003664625155
26.672 0.003664593896
26.674 0.003664628494
26.676 0.00366460046
26.678 0.003664628264
26.68 0.003664606765
26.682 0.003664632457
26.684 0.003664614509
26.686 0.00366463597
26.688 0.003664625756
26.69 0.003664640721
26.692 0.003664633579
26.694 0.003664645038
26.696 0.003664644818
26.698 0.003664650102
26.7 0.003664653683
26.702 0.003664654655
26.704 0.003664663248
26.706 0.00366465768
26.708 0.003664674377
26.71 0.00366466727
26.712 0.003664688921
26.714 0.003664673856
26.716 0.003664700851
26.718 0.003664681426
26.72 0.003664714036
26.722 0.003664689173
26.724 0.003664727703
26.726 0.003664700631
26.728 0.003664740491
26.73 0.003664709844
26.732 0.003664758015
26.734 0.003664722012
26.736 0.003664773975
26.738 0.00366473363
26.74 0.003664793506
26.742 0.003664744608
26.744 0.0036648073
26.746 0.003664755789
26.748 0.003664824306
26.75 0.003664769005
26.752 0.003664844222
26.754 0.003664782842
26.756 0.003664863198
26.758 0.003664796749
26.76 0.00366488299
26.762 0.00366481321
26.764 0.003664905246
26.766 0.003664827743
26.768 0.003664924278
26.77 0.003664842038
26.772 0.003664946097
26.774 0.003664860905
26.776 0.003664970489
26.778 0.003664879176
26.78 0.003664992398
26.782 0.003664894923
26.784 0.003665016388
26.786 0.003664912666
26.788 0.003665041738
26.79 0.003664930889
26.792 0.003665067317
26.794 0.00366494932
26.796 0.003665094456
26.798 0.003664970031
26.8 0.003665123612
26.802 0.003664988177
26.804 0.003665147955
26.806 0.00366500628
26.808 0.003665176588
26.81 0.003665028448
26.812 0.00366520518
26.814 0.003665048348
26.816 0.003665230501
26.818 0.003665068035
26.82 0.003665261362
26.822 0.003665092491
26.824 0.003665290507
26.826 0.003665115261
26.828 0.003665319803
26.83 0.003665221905
26.832 0.003665266192
26.834 0.003665250268
26.836 0.003665292842
26.838 0.003665269018
26.84 0.003665331855
26.842 0.003665283421
26.844 0.003665371571
26.846 0.003665296696
26.848 0.003665410591
26.85 0.003665314313
26.852 0.003665452944
26.854 0.003665333383
26.856 0.00366549115
26.858 0.003665352906
26.86 0.003665528751
26.862 0.003665378578
26.864 0.003665568501
26.866 0.003665404204
26.868 0.003665602873
26.87 0.003665429321
26.872 0.003665635488
26.874 0.003665461301
26.876 0.003665670358
26.878 0.003665490169
26.88 0.003665703136
26.882 0.003665520463
26.884 0.00366573559
26.886 0.003665552371
26.888 0.003665767544
26.89 0.003665585266
26.892 0.003665800222
26.894 0.003665618448
26.896 0.003665828958
26.898 0.003665649138
26.9 0.003665864492
26.902 0.003665684495
26.904 0.003665898622
26.906 0.003665719953
26.908 0.003665929549
26.91 0.003665748986
26.912 0.003665961211
26.914 0.003665781459
26.916 0.003665994223
26.918 0.003665816948
26.92 0.003666030819
26.922 0.003665849128
26.924 0.003666063623
26.926 0.003665881251
26.928 0.003666097797
26.93 0.003665911721
26.932 0.003666133153
26.934 0.003665943115
26.936 0.003666166705
26.938 0.003665974211
26.94 0.003666203555
26.942 0.003666004466
26.944 0.003666238948
26.946 0.003666038226
26.948 0.003666276341
26.95 0.00366606602
26.952 0.003666311773
26.954 0.003666096003
26.956 0.003666344586
26.958 0.003666124496
26.96 0.00366638225
26.962 0.003666157757
26.964 0.003666419911
26.966 0.003666189965
26.968 0.003666454552
26.97 0.003666216347
26.972 0.003666489048
26.974 0.003666245937
26.976 0.003666522928
26.978 0.003666277679
26.98 0.003666562739
26.982 0.00366630919
26.984 0.003666596927
26.986 0.003666338585
26.988 0.003666631156
26.99 0.00366636753
26.992 0.003666665932
26.994 0.003666401293
26.996 0.003666703253
26.998 0.003666432011
27 0.003666737314
27.002 0.0036664655
27.004 0.003666769799
27.006 0.003666492586
27.008 0.003666802607
27.01 0.003666523323
27.012 0.003666834585
27.014 0.003666555907
27.016 0.003666872368
27.018 0.003666588473
27.02 0.003666902845
27.022 0.00366661704
27.024 0.003666936579
27.026 0.003666647748
27.028 0.003666968291
27.03 0.003666680323
27.032 0.003667005744
27.034 0.003666712837
27.036 0.003667037434
27.038 0.003666744067
27.04 0.00366707043
27.042 0.003666772012
27.044 0.003667102488
27.046 0.003666804057
27.048 0.003667136409
27.05 0.003666836021
27.052 0.003667170815
27.054 0.003666870783
27.056 0.003667201344
27.058 0.003666898822
27.06 0.003667231237
27.062 0.003666928681
27.064 0.003667264687
27.066 0.003666957712
27.068 0.003667297365
27.07 0.003666990329
27.072 0.003667331463
27.074 0.00366701726
27.076 0.003667363183
27.078 0.003667047932
27.08 0.003667394731
27.082 0.003667075132
27.084 0.003667426474
27.086 0.003667105333
27.088 0.003667457913
27.09 0.003667133221
27.092 0.003667489726
27.094 0.003667163741
27.096 0.003667521768
27.098 0.003667192256
27.1 0.003667549034
27.102 0.003667219264
27.104 0.003667580022
27.106 0.003667246248
27.108 0.003667607153
27.11 0.003667274625
27.112 0.003667639228
27.114 0.00366730599
27.116 0.003667668341
27.118 0.003667334497
27.12 0.003667698554
27.122 0.003667361021
27.124 0.003667722301
27.126 0.003667387144
27.128 0.003667752154
27.13 0.003667415548
27.132 0.003667778131
27.134 0.003667442355
27.136 0.003667805319
27.138 0.003667470177
27.14 0.003667835285
27.142 0.003667495687
27.144 0.003667862748
27.146 0.003667525181
27.148 0.003667886661
27.15 0.003667548212
27.152 0.003667910097
27.154 0.00366757581
27.156 0.003667934793
27.158 0.003667603227
27.16 0.003667958787
27.162 0.003667629731
27.164 0.003667983923
27.166 0.003667653818
27.168 0.00366800309
27.17 0.003667677777
27.172 0.003668028033
27.174 0.003667703119
27.176 0.003668048607
27.178 0.003667728208
27.18 0.003668072086
27.182 0.003667755243
27.184 0.003668095259
27.186 0.003667778614
27.188 0.003668115195
27.19 0.003667801169
27.192 0.003668135983
27.194 0.003667821184
27.196 0.003668154724
27.198 0.003667843247
27.2 0.00366817786
27.202 0.003667868282
27.204 0.003668197859
27.206 0.003667889125
27.208 0.003668217753
27.21 0.003667912358
27.212 0.003668236734
27.214 0.003667933419
27.216 0.003668253978
27.218 0.003667954843
27.22 0.003668270911
27.222 0.003667973815
27.224 0.003668287584
27.226 0.003667996955
27.228 0.003668307801
27.23 0.003668017842
27.232 0.003668324183
27.234 0.003668036423
27.236 0.003668340451
27.238 0.003668056937
27.24 0.003668356375
27.242 0.00366807347
27.244 0.003668369493
27.246 0.003668092339
27.248 0.003668386589
27.25 0.00366811595
27.252 0.003668402937
27.254 0.003668132347
27.256 0.003668416607
27.258 0.00366815248
27.26 0.003668431822
27.262 0.003668170267
27.264 0.003668441784
27.266 0.003668184871
27.268 0.003668454949
27.27 0.003668203961
27.272 0.0036684689
27.274 0.003668220906
27.276 0.003668479091
27.278 0.003668237306
27.28 0.003668493591
27.282 0.003668255187
27.284 0.003668508121
27.286 0.003668269796
27.288 0.003668517649
27.29 0.003668284353
27.292 0.003668527336
27.294 0.003668298472
27.296 0.003668536244
27.298 0.00366831527
27.3 0.003668546728
27.302 0.00366833107
27.304 0.00366855492
27.306 0.00366834456
27.308 0.003668563085
27.31 0.003668258428
27.312 0.00366864293
27.314 0.003668299432
27.316 0.003668642042
27.318 0.003668330433
27.32 0.003668633841
27.322 0.003668362897
27.324 0.003668623704
27.326 0.003668389373
27.328 0.003668615957
27.33 0.003668412289
27.332 0.003668611231
27.334 0.003668433642
27.336 0.003668609862
27.338 0.003668454366
27.34 0.003668611447
27.342 0.003668472366
27.344 0.00366861367
27.346 0.003668485803
27.348 0.003668618438
27.35 0.003668499846
27.352 0.003668625012
27.354 0.003668510322
27.356 0.00366862826
27.358 0.003668517046
27.36 0.003668634952
27.362 0.003668526291
27.364 0.003668643502
27.366 0.003668534646
27.368 0.003668650035
27.37 0.003668542184
27.372 0.003668658961
27.374 0.003668549849
27.376 0.003668667324
27.378 0.003668557486
27.38 0.003668673676
27.382 0.003668564524
27.384 0.003668677342
27.386 0.003668570894
27.388 0.003668680826
27.39 0.003668578663
27.392 0.003668685628
27.394 0.003668587654
27.396 0.003668688833
27.398 0.003668593375
27.4 0.003668689971
27.402 0.003668604374
27.404 0.003668694805
27.406 0.003668613697
27.408 0.003668695735
27.41 0.003668621122
27.412 0.003668696323
27.414 0.003668629636
27.416 0.003668695961
27.418 0.003668638517
27.42 0.003668697384
27.422 0.003668648265
27.424 0.003668696965
27.426 0.003668654099
27.428 0.00366869571
27.43 0.003668663223
27.432 0.003668697203
27.434 0.003668673913
27.436 0.003668698204
27.438 0.003668681451
27.44 0.003668699506
27.442 0.003668688278
27.444 0.003668697694
27.446 0.003668695258
27.448 0.003668699786
27.45 0.003668701313
27.452 0.003668700064
27.454 0.003668707353
27.456 0.003668702649
27.458 0.003668711805
27.46 0.003668703614
27.462 0.003668717315
27.464 0.003668708911
27.466 0.003668725185
27.468 0.003668711682
27.47 0.003668729337
27.472 0.003668714359
27.474 0.003668733519
27.476 0.003668714041
27.478 0.003668735195
27.48 0.003668717263
27.482 0.003668740717
27.484 0.003668721635
27.486 0.003668745032
27.488 0.00366872413
27.49 0.003668749389
27.492 0.003668728064
27.494 0.003668754088
27.496 0.003668731319
27.498 0.003668757806
27.5 0.003668737698
27.502 0.003668763436
27.504 0.003668739043
27.506 0.003668765239
27.508 0.003668742101
27.51 0.003668769277
27.512 0.003668744665
27.514 0.003668775414
27.516 0.00366875261
27.518 0.003668780919
27.52 0.00366875704
27.522 0.003668786061
27.524 0.003668762344
27.526 0.003668789592
27.528 0.003668762437
27.53 0.003668793295
27.532 0.00366876705
27.534 0.003668798302
27.536 0.003668771733
27.538 0.00366880545
27.54 0.003668777238
27.542 0.003668812827
27.544 0.003668782371
27.546 0.003668817398
27.548 0.00366878694
27.55 0.003668822699
27.552 0.003668791063
27.554 0.00366882863
27.556 0.003668797255
27.558 0.003668834358
27.56 0.003668802663
27.562 0.003668840082
27.564 0.00366880653
27.566 0.00366884671
27.568 0.003668813541
27.57 0.003668854288
27.572 0.003668821112
27.574 0.003668861028
27.576 0.00366882646
27.578 0.003668866875
27.58 0.003668832604
27.582 0.003668870222
27.584 0.003668837977
27.586 0.00366887618
27.588 0.003668843707
27.59 0.003668885768
27.592 0.003668853106
27.594 0.003668894047
27.596 0.003668859647
27.598 0.003668901122
27.6 0.003668867046
27.602 0.003668904438
27.604 0.003668873646
27.606 0.003668911693
27.608 0.003668881726
27.61 0.003668918627
27.612 0.003668892728
27.614 0.003668928675
27.616 0.003668901708
27.618 0.003668933254
27.62 0.003668909333
27.622 0.003668939949
27.624 0.00366891563
27.626 0.003668945654
27.628 0.003668927277
27.63 0.003668953874
27.632 0.003668936974
27.634 0.003668964029
27.636 0.003668947947
27.638 0.003668969203
27.64 0.003668956523
27.642 0.003668976509
27.644 0.003668965272
27.646 0.003668984287
27.648 0.003668976214
27.65 0.003668992033
27.652 0.003668986496
27.654 0.003669001066
27.656 0.003668996741
27.658 0.003669008161
27.66 0.003669008842
27.662 0.00366901778
27.664 0.003669017094
27.666 0.003669025056
27.668 0.003669028656
27.67 0.00366903165
27.672 0.00366903818
27.674 0.003669042715
27.676 0.003669051858
27.678 0.003669052038
27.68 0.00366906361
27.682 0.003669060986
27.684 0.003669072634
27.686 0.003669066932
27.688 0.003669083656
27.69 0.003669075183
27.692 0.003669096892
27.694 0.003669086859
27.696 0.003669109651
27.698 0.003669094713
27.7 0.003669121867
27.702 0.003669103317
27.704 0.003669133067
27.706 0.003669111746
27.708 0.003669147235
27.71 0.003669120537
27.712 0.003669160998
27.714 0.003669128991
27.716 0.003669174602
27.718 0.003669138842
27.72 0.003669189778
27.722 0.003669147793
27.724 0.003669202615
27.726 0.003669153506
27.728 0.003669215175
27.73 0.003669161917
27.732 0.003669231422
27.734 0.003669172146
27.736 0.0036692478
27.738 0.003669179499
27.74 0.003669259891
27.742 0.003669187604
27.744 0.003669275742
27.746 0.003669196285
27.748 0.003669290993
27.75 0.003669204763
27.752 0.003669306006
27.754 0.003669214545
27.756 0.003669322713
27.758 0.003669223453
27.76 0.003669247771
27.762 0.003669350683
27.764 0.003669205107
27.766 0.003669390839
27.768 0.00384215566
27.77 0.004212459082
27.772 0.004479373732
27.774 0.00464413788
27.776 0.004705764443
27.778 0.004680270147
27.78 0.004575764477
27.782 0.004409483053
27.784 0.004197970095
27.786 0.003952218577
27.788 0.003679683889
27.79 0.00366939701
27.792 0.003669356467
27.794 0.003669402502
27.796 0.003669375128
27.798 0.003669407519
27.8 0.003669392392
27.802 0.003669415107
27.804 0.003669408056
27.806 0.003669422655
27.808 0.003669420671
27.81 0.003669435541
27.812 0.00366943659
27.814 0.003669447074
27.816 0.003669448904
27.818 0.003669458167
27.82 0.00366945699
27.822 0.003669469818
27.824 0.003669467083
27.826 0.003669484727
27.828 0.003669477763
27.83 0.003669498853
27.832 0.003669487371
27.834 0.003669512922
27.836 0.003669496765
27.838 0.003669526898
27.84 0.003669506325
27.842 0.003669541825
27.844 0.003669516125
27.846 0.003669552318
27.848 0.003669525118
27.85 0.003669566027
27.852 0.003669538692
27.854 0.003669579515
27.856 0.003669549181
27.858 0.003669589254
27.86 0.003669561348
27.862 0.003669600964
27.864 0.003669575945
27.866 0.003669609162
27.868 0.003669587519
27.87 0.003669615431
27.872 0.003669603588
27.874 0.003669624106
27.876 0.003669618488
27.878 0.00366963135
27.88 0.003669636892
27.882 0.003669639567
27.884 0.00366965601
27.886 0.003669643275
27.888 0.003669673144
27.89 0.003669649022
27.892 0.003669691465
27.894 0.003669653228
27.896 0.003669709804
27.898 0.003669658805
27.9 0.003669729768
27.902 0.003669660623
27.904 0.003669747646
27.906 0.003669666064
27.908 0.003669769535
27.91 0.003669669191
27.912 0.003669788653
27.914 0.003669675813
27.916 0.003669811589
27.918 0.003669681574
27.92 0.003669829611
27.922 0.003669685662
27.924 0.003669852083
27.926 0.003669693049
27.928 0.003669871173
27.93 0.003669695828
27.932 0.00366989118
27.934 0.003669704543
27.936 0.003669911072
27.938 0.003669708956
27.94 0.003669929516
27.942 0.003669717886
27.944 0.003669950926
27.946 0.003669725744
27.948 0.003669969536
27.95 0.003669734008
27.952 0.003669992287
27.954 0.003669742309
27.956 0.003670010272
27.958 0.003669749035
27.96 0.003670032628
27.962 0.003669760476
27.964 0.003670053649
27.966 0.003669767373
27.968 0.003670074893
27.97 0.003669779453
27.972 0.003670096188
27.974 0.003669788088
27.976 0.003670117813
27.978 0.003669799424
27.98 0.003670139951
27.982 0.003669807044
27.984 0.003670162447
27.986 0.003669819767
27.988 0.003670185252
27.99 0.003669827771
27.992 0.003670208555
27.994 0.003669841004
27.996 0.003670233253
27.998 0.003669850781
28 0.003670254658
28.002 0.003669861758
28.004 0.003670281221
28.006 0.00366987287
28.008 0.003670303246
28.01 0.00366988443
28.012 0.003670328855
28.014 0.003669896011
28.016 0.003670352257
28.018 0.003669908422
28.02 0.003670378322
28.022 0.003669919706
28.024 0.003670401979
28.026 0.003669934053
28.028 0.003670427375
28.03 0.003669946881
28.032 0.003670450733
28.034 0.003669962368
28.036 0.003670476288
28.038 0.003669975586
28.04 0.003670499662
28.042 0.003669991978
28.044 0.00367052478
28.046 0.003670008
28.048 0.003670548685
28.05 0.00367002455
28.052 0.003670572163
28.054 0.003670041673
28.056 0.003670595237
28.058 0.003670059418
28.06 0.003670617824
28.062 0.003670077813
28.064 0.003670638729
28.066 0.003670095458
28.068 0.003670661789
28.07 0.003670116115
28.072 0.003670683488
28.074 0.003670137639
28.076 0.003670705993
28.078 0.003670157125
28.08 0.003670725754
28.082 0.003670179344
28.084 0.003670745961
28.086 0.003670198396
28.088 0.003670766116
28.09 0.003670222533
28.092 0.003670785754
28.094 0.00367023991
28.096 0.00367081088
28.098 0.003670262969
28.1 0.003670829452
28.102 0.003670284721
28.104 0.003670847803
28.106 0.003670308141
28.108 0.003670865584
28.11 0.003670331688
28.112 0.003670882473
28.114 0.003670355876
28.116 0.003670897855
28.118 0.003670380026
28.12 0.003670914145
28.122 0.003670405498
28.124 0.003670930455
28.126 0.003670430457
28.128 0.003670947258
28.13 0.003670454039
28.132 0.003670963349
28.134 0.00367048147
28.136 0.003670977067
28.138 0.003670505778
28.14 0.003670993045
28.142 0.003670530914
28.144 0.003671007649
28.146 0.003670557674
28.148 0.00367102148
28.15 0.003670582079
28.152 0.003671033657
28.154 0.003670607542
28.156 0.003671047575
28.158 0.00367063305
28.16 0.003671060872
28.162 0.003670659538
28.164 0.00367107142
28.166 0.003670684097
28.168 0.003671083675
28.17 0.00367070957
28.172 0.00367109523
28.174 0.003670736614
28.176 0.003671105822
28.178 0.003670761132
28.18 0.003671114599
28.182 0.003670787915
28.184 0.003671125216
28.186 0.003670810856
28.188 0.003671133132
28.19 0.003670758882
28.192 0.003671066234
28.194 0.003670800684
28.196 0.0036711701
28.198 0.003670850356
28.2 0.003671184108
28.202 0.003670882924
28.204 0.003671190523
28.206 0.003670910732
28.208 0.003671195062
28.21 0.003670936453
28.212 0.003671200916
28.214 0.003670961951
28.216 0.003671206533
28.218 0.00367098803
28.22 0.003671209769
28.222 0.003671011048
28.224 0.003671213823
28.226 0.003671034115
28.228 0.003671216602
28.23 0.003671056688
28.232 0.003671222405
28.234 0.003671078313
28.236 0.003671226882
28.238 0.003671099309
28.24 0.003671231378
28.242 0.003671117473
28.244 0.003671236556
28.246 0.003671135143
28.248 0.003671240527
28.25 0.003671150864
28.252 0.003671246532
28.254 0.003671168164
28.256 0.0036712513
28.258 0.003671183512
28.26 0.003671255708
28.262 0.003671197939
28.264 0.00367126197
28.266 0.003671211326
28.268 0.003671268382
28.27 0.003671223968
28.272 0.003671272519
28.274 0.003671236832
28.276 0.003671276818
28.278 0.003671247395
28.28 0.003671279752
28.282 0.003671257681
28.284 0.003671286176
28.286 0.003671266115
28.288 0.003671290307
28.29 0.003671275035
28.292 0.00367129655
28.294 0.003671282056
28.296 0.003671300646
28.298 0.003671287356
28.3 0.003671306644
28.302 0.003671293268
28.304 0.003671309722
28.306 0.003671298963
28.308 0.003671314999
28.31 0.003671305133
28.312 0.003671318446
28.314 0.003671308239
28.316 0.003671322783
28.318 0.003671313914
28.32 0.003671326977
28.322 0.003671315397
28.324 0.00367133094
28.326 0.003671315489
28.328 0.003671332572
28.33 0.003671316176
28.332 0.003671338146
28.334 0.003671318061
28.336 0.003671342326
28.338 0.003671317783
28.34 0.003671346331
28.342 0.003671316345
28.344 0.003671349542
28.346 0.003671312702
28.348 0.003671352746
28.35 0.00367130959
28.352 0.003671356864
28.354 0.003671305741
28.356 0.003671361071
28.358 0.003671301969
28.36 0.003671365318
28.362 0.003671296692
28.364 0.003671369521
28.366 0.003671291194
28.368 0.003671373415
28.37 0.003671285569
28.372 0.00367137806
28.374 0.003671279149
28.376 0.003671388522
28.378 0.003671277576
28.38 0.003671397976
28.382 0.003671275974
28.384 0.003671406513
28.386 0.003671276201
28.388 0.003671415826
28.39 0.003671274596
28.392 0.003671422496
28.394 0.003671271055
28.396 0.003671429285
28.398 0.003671269989
28.4 0.003671437472
28.402 0.003671266516
28.404 0.003671442314
28.406 0.003671261935
28.408 0.003671447797
28.41 0.003671259652
28.412 0.003671331433
28.414 0.003671260871
28.416 0.003671466149
28.418 0.00367123343
28.42 0.003671491667
28.422 0.003671216051
28.424 0.003671500861
28.426 0.003671210231
28.428 0.003671503394
28.43 0.003671208944
28.432 0.003671504027
28.434 0.003671209515
28.436 0.003671500395
28.438 0.003671209794
28.44 0.003671496953
28.442 0.003671210384
28.444 0.00367149265
28.446 0.003671210743
28.448 0.003671490344
28.45 0.003671210787
28.452 0.003671484629
28.454 0.00367121093
28.456 0.003671478722
28.458 0.003671211005
28.46 0.003671473238
28.462 0.003671210983
28.464 0.003671466727
28.466 0.003671211614
28.468 0.003671459421
28.47 0.003671211503
28.472 0.003671208358
28.474 0.003671224786
28.476 0.003671459173
28.478 0.003671175865
28.48 0.003671492286
28.482 0.003671152383
28.484 0.003671493618
28.486 0.003671149574
28.488 0.003671482214
28.49 0.00367115517
28.492 0.003671465087
28.494 0.003671164587
28.496 0.003671445182
28.498 0.003671175129
28.5 0.003671425544
28.502 0.003671185423
28.504 0.003671405789
28.506 0.003671195642
28.508 0.003671380921
28.51 0.003671204425
28.512 0.003671361256
28.514 0.003671218618
28.516 0.003671346835
28.518 0.003671226609
28.52 0.003671324869
28.522 0.00367123338
28.524 0.003671306748
28.526 0.003671234023
28.528 0.003671290417
28.53 0.003671243753
28.532 0.003671273782
28.534 0.003671249884
28.536 0.003671257252
28.538 0.003671254414
28.54 0.003671246259
28.542 0.003671259308
28.544 0.003671225322
28.546 0.003671262879
28.548 0.003671209003
28.55 0.00367126725
28.552 0.003671192373
28.554 0.00367127166
28.556 0.003671176889
28.558 0.003671275955
28.56 0.003671160916
28.562 0.003671280137
28.564 0.003671146364
28.566 0.003671284179
28.568 0.00367113148
28.57 0.003671287906
28.572 0.003671118085
28.574 0.003671291355
28.576 0.003671105143
28.578 0.003671295153
28.58 0.003671092805
28.582 0.003671297773
28.584 0.003671081268
28.586 0.003671301082
28.588 0.003671070532
28.59 0.003671303336
28.592 0.003671060468
28.594 0.003671306365
28.596 0.003671051066
28.598 0.003671308424
28.6 0.003671042462
28.602 0.00367131211
28.604 0.0036710342
28.606 0.003671318548
28.608 0.00367102793
28.61 0.003671326209
28.612 0.003671024243
28.614 0.003671333269
28.616 0.003671020559
28.618 0.003671341603
28.62 0.003671016846
28.622 0.003671349738
28.624 0.003671013004
28.626 0.003671359356
28.628 0.0036710089
28.63 0.003671368812
28.632 0.003671004532
28.634 0.003671379793
28.636 0.003670999891
28.638 0.003671390654
28.64 0.003670995106
28.642 0.003671403061
28.644 0.003670990116
28.646 0.00367141524
28.648 0.003670984482
28.65 0.00367142832
28.652 0.003670980331
28.654 0.003671441405
28.656 0.003670975012
28.658 0.00367145544
28.66 0.003670970667
28.662 0.003671469735
28.664 0.00367096596
28.666 0.003671484171
28.668 0.003670962775
28.67 0.003671498948
28.672 0.00367096007
28.674 0.003671512454
28.676 0.003670739066
28.678 0.003671544641
28.68 0.003670975777
28.682 0.00367150398
28.684 0.003671016611
28.686 0.003671488115
28.688 0.003671030484
28.69 0.003671493356
28.692 0.003671033065
28.694 0.00367150761
28.696 0.0036710327
28.698 0.00367152487
28.7 0.003671031434
28.702 0.003671540932
28.704 0.003671031454
28.706 0.003671556432
28.708 0.003671033299
28.71 0.003671569179
28.712 0.003671036857
28.714 0.003671580473
28.716 0.003670824725
28.718 0.003671608311
28.72 0.003671071115
28.722 0.003671561812
28.724 0.003671121861
28.726 0.003671540844
28.728 0.0036711445
28.73 0.00367154035
28.732 0.003671155934
28.734 0.003671549281
28.736 0.003671164004
28.738 0.003671561669
28.74 0.003671170744
28.742 0.00367157355
28.744 0.003670959045
28.746 0.003671603588
28.748 0.003671203948
28.75 0.003671561785
28.752 0.003671253956
28.754 0.003671542989
28.756 0.003671275514
28.758 0.003671545613
28.76 0.003671287354
28.762 0.003671554725
28.764 0.003671294892
28.766 0.003671571288
28.768 0.003671083384
28.77 0.00367160378
28.772 0.003671327458
28.774 0.003671564728
28.776 0.003671377003
28.778 0.003671547793
28.78 0.003671398944
28.782 0.003671552565
28.784 0.003671410931
28.786 0.003671565656
28.788 0.003671419647
28.79 0.00367157976
28.792 0.003671210118
28.794 0.003671611858
28.796 0.003671456691
28.798 0.003671571531
28.8 0.003671509753
28.802 0.003671552979
28.804 0.003671535092
28.806 0.003671555073
28.808 0.003671551681
28.81 0.003671565733
28.812 0.003671347494
28.814 0.003671595328
28.816 0.003671595899
28.818 0.003671553668
28.82 0.00367165098
28.822 0.003671536086
28.824 0.003671678435
28.826 0.003671537753
28.828 0.003671695971
28.83 0.003671547505
28.832 0.003671492192
28.834 0.003671578041
28.836 0.003671742848
28.838 0.00367153796
28.84 0.003671797829
28.842 0.003671519548
28.844 0.003671824664
28.846 0.00367152248
28.848 0.003671843262
28.85 0.003671535701
28.852 0.003671640381
28.854 0.003671567606
28.856 0.00367188798
28.858 0.00367152764
28.86 0.003671941617
28.862 0.003671513175
28.864 0.003671968833
28.866 0.003671519631
28.868 0.003671984581
28.87 0.003671534676
28.872 0.003671778764
28.874 0.00367157011
28.876 0.003672024561
28.878 0.003671535078
28.88 0.003672076383
28.882 0.00367152547
28.884 0.003672100392
28.886 0.003671535364
28.888 0.003672111805
28.89 0.003671554054
28.892 0.00367190156
28.894 0.003671595078
28.896 0.003672146117
28.898 0.003671565099
28.9 0.00367219481
28.902 0.003671558372
28.904 0.003672215732
28.906 0.003671572158
28.908 0.003672225197
28.91 0.003671595567
28.912 0.003672014311
28.914 0.003671638127
28.916 0.003672256735
28.918 0.003671611678
28.92 0.003672305737
28.922 0.003671608827
28.924 0.003672325086
28.926 0.003671624773
28.928 0.003672333662
28.93 0.003671651583
28.932 0.003672122818
28.934 0.003671698093
28.936 0.003672364157
28.938 0.003671672691
28.94 0.003672411461
28.942 0.003671671809
28.944 0.003672432157
28.946 0.003671689834
28.948 0.003672222757
28.95 0.003671735004
28.952 0.00367246432
28.954 0.003671712146
28.956 0.003672510699
28.958 0.003671715753
28.96 0.003672528983
28.962 0.003671738896
28.964 0.003672535776
28.966 0.003671769675
28.968 0.003672322126
28.97 0.003671822198
28.972 0.003672561597
28.974 0.003671803032
28.976 0.00367260642
28.978 0.003671807583
28.98 0.003672623239
28.982 0.003671832801
28.984 0.003672412689
28.986 0.003671886384
28.988 0.003672652057
28.99 0.003671870574
28.992 0.003672694755
28.994 0.003671879192
28.996 0.003672707554
28.998 0.003671908662
29 0.003672493203
29.002 0.003671966602
29.004 0.003672728512
29.006 0.003671956264
29.008 0.003672769918
29.01 0.003671970721
29.012 0.003672782464
29.014 0.003672005461
29.016 0.003672565795
29.018 0.003672066347
29.02 0.003672799031
29.022 0.00367205813
29.024 0.003672835726
29.026 0.003672075033
29.028 0.003672629327
29.03 0.003672131112
29.032 0.003672865316
29.034 0.003672123833
29.036 0.00367290191
29.038 0.003672143374
29.04 0.003672911575
29.042 0.003672184626
29.044 0.003672692996
29.046 0.003672252258
29.048 0.003672923122
29.05 0.003672249968
29.052 0.003672960059
29.054 0.003672271282
29.056 0.003672752285
29.058 0.003672331837
29.06 0.003672988406
29.062 0.003672327248
29.064 0.00367302406
29.066 0.003672347299
29.068 0.003672816262
29.07 0.003672408385
29.072 0.003673050463
29.074 0.003672407209
29.076 0.003673088251
29.078 0.003672431095
29.08 0.003672879425
29.082 0.00367249423
29.084 0.003673114537
29.086 0.003672493162
29.088 0.003673152026
29.09 0.00367251937
29.092 0.003672944766
29.094 0.003672583634
29.096 0.003673178286
29.098 0.003672582797
29.1 0.003673215026
29.102 0.003672609254
29.104 0.003673006836
29.106 0.003672855138
29.108 0.003673196717
29.11 0.003672716693
29.112 0.00367303303
29.114 0.003672738933
29.116 0.003673288013
29.118 0.003672905747
29.12 0.003673291523
29.122 0.003672789082
29.124 0.003673102067
29.126 0.003672829263
29.128 0.003673348983
29.13 0.003673003979
29.132 0.003673350945
29.134 0.003672887861
29.136 0.003673162302
29.138 0.003673108255
29.14 0.003673368168
29.142 0.00367296128
29.144 0.003673216093
29.146 0.003673158238
29.148 0.003673434773
29.15 0.00367299883
29.152 0.003673503118
29.154 0.003673174967
29.156 0.00367327228
29.158 0.003673085538
29.16 0.003673534954
29.162 0.003673238107
29.164 0.003673333815
29.166 0.003673130423
29.168 0.003673604626
29.17 0.003673273353
29.172 0.003673621735
29.174 0.003673327744
29.176 0.003673399662
29.178 0.00367322365
29.18 0.003673667347
29.182 0.003673369597
29.184 0.003673467888
29.186 0.00367344272
29.188 0.003673696267
29.19 0.003673447072
29.192 0.003673727788
29.194 0.003673298103
29.196 0.003673560255
29.198 0.003673506435
29.2 0.003673773228
29.202 0.003673533122
29.204 0.003673578764
29.206 0.003673591005
29.208 0.003673813952
29.21 0.003673591923
29.212 0.003673846178
29.214 0.003673440538
29.216 0.003673678538
29.218 0.003673648038
29.22 0.003673891516
29.222 0.003673673751
29.224 0.003673696603
29.226 0.003673731595
29.228 0.003673930444
29.23 0.003673731532
29.232 0.003673962081
29.234 0.003673761596
29.236 0.003673749263
29.238 0.003673830502
29.24 0.003673975462
29.242 0.003673834709
29.244 0.003674005546
29.246 0.003673682676
29.248 0.003673836336
29.25 0.003673888029
29.252 0.003674048205
29.254 0.003673911892
29.256 0.003673853161
29.258 0.003673966397
29.26 0.003674084296
29.262 0.003673962976
29.264 0.003674114814
29.266 0.003673991755
29.268 0.003673899311
29.27 0.003674059471
29.272 0.003674122675
29.274 0.003674063336
29.276 0.00367415089
29.278 0.003674091591
29.28 0.003673932664
29.282 0.003673975041
29.284 0.003674200525
29.286 0.003674114506
29.288 0.003673997074
29.29 0.003674181232
29.292 0.00367421905
29.294 0.003674182433
29.296 0.003674242968
29.298 0.003674210131
29.3 0.003674020622
29.302 0.00367427692
29.304 0.003674239882
29.306 0.003674280118
29.308 0.003674262246
29.31 0.003674125249
29.312 0.003674083386
29.314 0.003674327255
29.316 0.003674286248
29.318 0.003674349628
29.32 0.003674080696
29.322 0.003674401128
29.324 0.003674303123
29.326 0.00367439759
29.328 0.003674324012
29.33 0.003674239939
29.332 0.00367414034
29.334 0.00367444278
29.336 0.003674338575
29.338 0.003674465991
29.34 0.003674342577
29.342 0.003674498572
29.344 0.003674108892
29.346 0.00367438348
29.348 0.003674362638
29.35 0.003674522177
29.352 0.003674144239
29.354 0.003674586815
29.356 0.003674353657
29.358 0.003674586994
29.36 0.003674365428
29.362 0.003674428512
29.364 0.003674174666
29.366 0.003674631422
29.368 0.003674367912
29.37 0.003674653401
29.372 0.003674152175
29.374 0.003674518432
29.376 0.003674406948
29.378 0.003674649666
29.38 0.003674404442
29.382 0.003674693846
29.384 0.003674157945
29.386 0.003674577196
29.388 0.003674399948
29.39 0.003674715611
29.392 0.003674174572
29.394 0.003674776745
29.396 0.003674377078
29.398 0.00367458772
29.4 0.003674428438
29.402 0.003674748865
29.404 0.003674175113
29.406 0.00367482736
29.408 0.003674367775
29.41 0.003674642766
29.412 0.003674199385
29.414 0.003674820587
29.416 0.003674394913
29.418 0.003674824285
29.42 0.003674395033
29.422 0.003674845116
29.424 0.003674152915
29.426 0.00367471255
29.428 0.003674401171
29.43 0.00367483858
29.432 0.003674179964
29.434 0.003674888156
29.436 0.003674384185
29.438 0.003674871829
29.44 0.003674176733
29.442 0.003674710741
29.444 0.003674437806
29.446 0.003674825794
29.448 0.003674436045
29.45 0.003674850386
29.452 0.003674191913
29.454 0.003674899946
29.456 0.003674395205
29.458 0.003674880129
29.46 0.003674188183
29.462 0.00367471434
29.464 0.003674453736
29.466 0.003674822664
29.468 0.003674237341
29.47 0.003674857084
29.472 0.00367444655
29.474 0.003674831345
29.476 0.003674244865
29.478 0.003674848106
29.48 0.003674463523
29.482 0.003674810991
29.484 0.003674258413
29.486 0.003674829376
29.488 0.003674496539
29.49 0.003674803395
29.492 0.003674517705
29.494 0.003674804061
29.496 0.003674269118
29.498 0.003674840073
29.5 0.003674506903
29.502 0.003674817136
29.504 0.003674285825
29.506 0.003674828475
29.508 0.003674533234
29.51 0.003674797119
29.512 0.003674322019
29.514 0.003674804627
29.516 0.003674569263
29.518 0.003674768282
29.52 0.003674356594
29.522 0.003674776111
29.524 0.00367460443
29.526 0.003674739405
29.528 0.003674387865
29.53 0.003674745922
29.532 0.00367463356
29.534 0.003674710264
29.536 0.003674416878
29.538 0.003674718226
29.54 0.003674659308
29.542 0.003674680473
29.544 0.003674439679
29.546 0.00367468843
29.548 0.003674682922
29.55 0.003674654352
29.552 0.003674461951
29.554 0.003674661339
29.556 0.003674701618
29.558 0.003674624684
29.56 0.00367447989
29.562 0.003674634082
29.564 0.003674720243
29.566 0.003674597989
29.568 0.003674496799
29.57 0.003674606097
29.572 0.003674733613
29.574 0.003674567986
29.576 0.003674508642
29.578 0.003674576319
29.58 0.003674746188
29.582 0.003674540867
29.584 0.003674521638
29.586 0.003674548096
29.588 0.003674756675
29.59 0.003674512009
29.592 0.003674529502
29.594 0.003674518132
29.596 0.003674765647
29.598 0.003674483522
29.6 0.00367453672
29.602 0.003674489988
29.604 0.003674769755
29.606 0.003674452555
29.608 0.003674541412
29.61 0.003674460926
29.612 0.003674774572
29.614 0.003674427483
29.616 0.003674545874
29.618 0.003674433174
29.62 0.003674778049
29.622 0.003674399851
29.624 0.003674546873
29.626 0.003674406975
29.628 0.003674778357
29.63 0.003674371698
29.632 0.003674545728
29.634 0.003674379582
29.636 0.003674777574
29.638 0.003674347122
29.64 0.00367454633
29.642 0.00367435626
29.644 0.003674777075
29.646 0.003674322396
29.648 0.003674543501
29.65 0.003674331226
29.652 0.003674772806
29.654 0.003674296902
29.656 0.003674537553
29.658 0.003674305915
29.66 0.003674766546
29.662 0.003674274206
29.664 0.003674535274
29.666 0.003674284783
29.668 0.003674762235
29.67 0.003674252755
29.672 0.003674527719
29.674 0.003674263211
29.676 0.003674757136
29.678 0.003674232325
29.68 0.003674520653
29.682 0.003674244181
29.684 0.003674749095
29.686 0.00367421485
29.688 0.003674513052
29.69 0.003674225408
29.692 0.00367473992
29.694 0.003674197749
29.696 0.003674503148
29.698 0.003674211176
29.7 0.003674729819
29.702 0.003674184327
29.704 0.003674492834
29.706 0.003674198767
29.708 0.003674720329
29.71 0.003674172771
29.712 0.003674480915
29.714 0.003674188233
29.716 0.003674706005
29.718 0.003674163903
29.72 0.003674467822
29.722 0.003674180772
29.724 0.003674692873
29.726 0.003674157918
29.728 0.003674454297
29.73 0.003674175145
29.732 0.003674677961
29.734 0.003674151278
29.736 0.003674438763
29.738 0.003674170005
29.74 0.003674662612
29.742 0.003674147806
29.744 0.00367442507
29.746 0.003674167931
29.748 0.003674648495
29.75 0.003674146285
29.752 0.003674408456
29.754 0.003674167282
29.756 0.003674393559
29.758 0.003674158842
29.76 0.003674649192
29.762 0.003674117378
29.764 0.003674420735
29.766 0.003674133419
29.768 0.003674648362
29.77 0.003674113838
29.772 0.003674406568
29.774 0.003674138877
29.776 0.003674628365
29.778 0.003674121921
29.78 0.003674386521
29.782 0.00367414595
29.784 0.003674370673
29.786 0.00367414219
29.788 0.003674626765
29.79 0.00367410683
29.792 0.00367440109
29.794 0.003674124408
29.796 0.003674619947
29.798 0.003674107531
29.8 0.003674390213
29.802 0.003674136558
29.804 0.003674376061
29.806 0.003674139026
29.808 0.00367461595
29.81 0.003674102031
29.812 0.003674401098
29.814 0.003674128221
29.816 0.003674609398
29.818 0.003674112378
29.82 0.003674388462
29.822 0.003674149862
29.824 0.003674374975
29.826 0.003674156602
29.828 0.003674605219
29.83 0.003674120406
29.832 0.003674395428
29.834 0.003674149373
29.836 0.003674385423
29.838 0.003674153967
29.84 0.003674614893
29.842 0.003674120677
29.844 0.003674408065
29.846 0.003674152828
29.848 0.003674394862
29.85 0.003674158649
29.852 0.003674626214
29.854 0.003674129559
29.856 0.003674416199
29.858 0.003674160676
29.86 0.003674401767
29.862 0.003674167816
29.864 0.003674632623
29.866 0.003674137434
29.868 0.003674422958
29.87 0.00367416966
29.872 0.003674411845
29.874 0.003674177008
29.876 0.003674641322
29.878 0.003674145741
29.88 0.003674434844
29.882 0.003674176966
29.884 0.003674421886
29.886 0.003674183673
29.888 0.003674655259
29.89 0.003674151685
29.892 0.003674447419
29.894 0.003674182295
29.896 0.003674438169
29.898 0.003674187611
29.9 0.003674671409
29.902 0.003674156507
29.904 0.003674466066
29.906 0.003674185252
29.908 0.003674456283
29.91 0.003674189814
29.912 0.003674689883
29.914 0.0036741564
29.916 0.003674485466
29.918 0.003674186471
29.92 0.00367447565
29.922 0.003674192615
29.924 0.003674711147
29.926 0.003674159505
29.928 0.003674507556
29.93 0.003674190656
29.932 0.003674497828
29.934 0.003674193831
29.936 0.003674731882
29.938 0.00367416109
29.94 0.003674527697
29.942 0.00367419273
29.944 0.00367451971
29.946 0.003674197654
29.948 0.003674540339
29.95 0.003674183083
29.952 0.003674780518
29.954 0.003674142043
29.956 0.003674579909
29.958 0.00367417391
29.96 0.003674571923
29.962 0.00367418199
29.964 0.003674801312
29.966 0.003674152468
29.968 0.003674594057
29.97 0.003674186477
29.972 0.003674582579
29.974 0.003674195642
29.976 0.003674813027
29.978 0.003674166588
29.98 0.00367460561
29.982 0.003674200507
29.984 0.003674593698
29.986 0.003674209856
29.988 0.003674823898
29.99 0.003674181244
29.992 0.003674614826
29.994 0.00367421663
29.996 0.003674603887
29.998 0.003674225867
30 0.00367461778
30.002 0.003674215306
30.004 0.003674855833
30.006 0.003674182782
30.008 0.003674650647
30.01 0.003674217913
30.012 0.003674636715
30.014 0.003674229849
30.016 0.003674860297
30.018 0.003674207032
30.02 0.00367464779
30.022 0.003674248518
30.024 0.003674629447
30.026 0.003674262991
30.028 0.003674853922
30.03 0.003674239949
30.032 0.00367464109
30.034 0.003674280867
30.036 0.003674623498
30.038 0.003674294687
30.04 0.003674631395
30.042 0.003674292633
30.044 0.003674866356
30.046 0.003674262384
30.048 0.003674655569
30.05 0.003674303408
30.052 0.003674638957
30.054 0.003674321231
30.056 0.003674859493
30.058 0.003674300898
30.06 0.003674643345
30.062 0.003674343365
30.064 0.003674624851
30.066 0.003674361901
30.068 0.003674632246
30.07 0.003674360127
30.072 0.003674866047
30.074 0.003674331699
30.076 0.003674655375
30.078 0.003674374991
30.08 0.003674636514
30.082 0.003674391961
30.084 0.003674859432
30.086 0.003674372944
30.088 0.00367464353
30.09 0.003674418916
30.092 0.003674622825
30.094 0.003674436311
30.096 0.003674630997
30.098 0.003674435281
30.1 0.003674863041
30.102 0.003674409747
30.104 0.003674653135
30.106 0.003674452098
30.108 0.003674633387
30.11 0.003674472818
30.112 0.003674639928
30.114 0.003674473612
30.116 0.003674868947
30.118 0.003674449901
30.12 0.003674656462
30.122 0.003674493694
30.124 0.003674635168
30.126 0.003674518214
30.128 0.003674640902
30.13 0.003674523503
30.132 0.003674869258
30.134 0.003674500926
30.136 0.003674655726
30.138 0.003674545944
30.14 0.003674633118
30.142 0.003674569486
30.144 0.003674638669
30.146 0.003674575288
30.148 0.003674865871
30.15 0.003674557205
30.152 0.003674650809
30.154 0.003674604116
30.156 0.003674628021
30.158 0.003674630895
30.16 0.00367463487
30.162 0.00367463642
30.164 0.003674647108
30.166 0.00367463425
30.168 0.0036748782
30.17 0.003674603008
30.172 0.003674658095
30.174 0.003674648497
30.176 0.003674633277
30.178 0.003674670796
30.18 0.003674634178
30.182 0.003674673013
30.184 0.003674643196
30.186 0.003674667335
30.188 0.003674869609
30.19 0.003674641842
30.192 0.003674651564
30.194 0.003674687065
30.196 0.003674624207
30.198 0.003674710502
30.2 0.003674625121
30.202 0.003674712581
30.204 0.003674636178
30.206 0.003674710028
30.208 0.003674865713
30.21 0.003674684937
30.212 0.003674650112
30.214 0.0036747331
30.216 0.003674627006
30.218 0.003674758546
30.22 0.003674629702
30.222 0.003674764123
30.224 0.003674645233
30.226 0.003674762815
30.228 0.00367466288
30.23 0.003674759468
30.232 0.00367489377
30.234 0.00367473847
30.236 0.003674682482
30.238 0.003674790088
30.24 0.003674661884
30.242 0.003674818842
30.244 0.003674667053
30.246 0.003674826795
30.248 0.003674682443
30.25 0.003674826016
30.252 0.003674704581
30.254 0.003674825203
30.256 0.003674939304
30.258 0.003674805011
30.26 0.00367472912
30.262 0.003674857014
30.264 0.003674708982
30.266 0.003674885628
30.268 0.003674717138
30.27 0.003674892852
30.272 0.003674735425
30.274 0.003674891861
30.276 0.003674758288
30.278 0.003674888965
30.28 0.003674995334
30.282 0.003674868478
30.284 0.003674785231
30.286 0.003674916648
30.288 0.003674766693
30.29 0.003674942515
30.292 0.003674775806
30.294 0.003674948413
30.296 0.003674794331
30.298 0.003674944233
30.3 0.003674817007
30.302 0.003674939216
30.304 0.003674839166
30.306 0.003674932935
30.308 0.003675075867
30.31 0.003674908924
30.312 0.003674865713
30.314 0.003674957662
30.316 0.003674846354
30.318 0.003674982554
30.32 0.003674853968
30.322 0.003674986675
30.324 0.003674867501
30.326 0.003674983173
30.328 0.003674888236
30.33 0.003674975118
30.332 0.003674908576
30.334 0.003674967071
30.336 0.003675141536
30.338 0.003674942336
30.34 0.003674929252
30.342 0.003674989756
30.344 0.003674907191
30.346 0.003675011392
30.348 0.003674909411
30.35 0.003675015107
30.352 0.003674925158
30.354 0.003675008133
30.356 0.003674943246
30.358 0.003675000443
30.36 0.003674961703
30.362 0.003674990124
30.364 0.003674979054
30.366 0.003674983433
30.368 0.003675206886
30.37 0.003674959521
30.372 0.003674990635
30.374 0.003675005475
30.376 0.00367496277
30.378 0.003675027401
30.38 0.003674962915
30.382 0.003675031032
30.384 0.003674971678
30.386 0.003675023469
30.388 0.003674983737
30.39 0.003675013855
30.392 0.003674997151
30.394 0.003675004401
30.396 0.00367475379
30.398 0.003675008889
30.4 0.0036752505
30.402 0.003674931124
30.404 0.003675072878
30.406 0.003674949747
30.408 0.003675054365
30.41 0.003674966464
30.412 0.003675049163
30.414 0.003674972734
30.416 0.003675048952
30.418 0.003674972493
30.42 0.003675051075
30.422 0.003674970034
30.424 0.003675052455
30.426 0.003674968071
30.428 0.00367505559
30.43 0.003674967519
30.432 0.003675056033
30.434 0.003674971541
30.436 0.003675268199
30.438 0.003674964078
30.44 0.003675038639
30.442 0.003675016354
30.444 0.003674739525
30.446 0.003675065418
30.448 0.003674998412
30.45 0.003675020481
30.452 0.00367503941
30.454 0.003674991741
30.456 0.003675051082
30.458 0.003674985088
30.46 0.003675053928
30.462 0.003674984465
30.464 0.003675048571
30.466 0.003674990745
30.468 0.003675042191
30.47 0.003674999347
30.472 0.003675033008
30.474 0.003675007425
30.476 0.003675262965
30.478 0.003675005583
30.48 0.003674774213
30.482 0.003675081024
30.484 0.003674977028
30.486 0.003675056708
30.488 0.00367500326
30.49 0.003675038423
30.492 0.003675013712
30.494 0.003675033893
30.496 0.003675015467
30.498 0.003675034883
30.5 0.003675013628
30.502 0.003675035594
30.504 0.003675012579
30.506 0.003675039305
30.508 0.003675010183
30.51 0.003675040154
30.512 0.003674773201
30.514 0.003675059496
30.516 0.003675021419
30.518 0.003675004986
30.52 0.003675060116
30.522 0.003674973766
30.524 0.003675072901
30.526 0.003674963621
30.528 0.003675070291
30.53 0.00367496391
30.532 0.003675181917
30.534 0.003674961413
30.536 0.003675048197
30.538 0.003674988276
30.54 0.003674781071
30.542 0.003675022876
30.544 0.003675016933
30.546 0.003674971256
30.548 0.003675052413
30.55 0.003674941037
30.552 0.003675057816
30.554 0.00367492889
30.556 0.003675056112
30.558 0.003674927277
30.56 0.003675041912
30.562 0.003674930511
30.564 0.003674794716
30.566 0.003674951559
30.568 0.003675029838
30.57 0.003674897591
30.572 0.003675057603
30.574 0.003674867839
30.576 0.003675057978
30.578 0.003674862373
30.58 0.003675039052
30.582 0.00367486611
30.584 0.003674783831
30.586 0.003674893324
30.588 0.003675011659
30.59 0.003674844667
30.592 0.00367503627
30.594 0.003674820117
30.596 0.003675023139
30.598 0.00367481856
30.6 0.003675000888
30.602 0.003674825626
30.604 0.003674746462
30.606 0.003674856758
30.608 0.003674966619
30.61 0.003674808139
30.612 0.003674983004
30.614 0.003674783036
30.616 0.003674974761
30.618 0.003674780338
30.62 0.003674948694
30.622 0.003674786016
30.624 0.003674688234
30.626 0.003674809195
30.628 0.003674912585
30.63 0.003674767493
30.632 0.003674929589
30.634 0.003674736931
30.636 0.003674919098
30.638 0.003674736583
30.64 0.003674664071
30.642 0.003674754177
30.644 0.003674888735
30.646 0.003674707147
30.648 0.003674907185
30.65 0.003674677354
30.652 0.003674896006
30.654 0.003674675856
30.656 0.00367487361
30.658 0.003674675333
30.66 0.003674617175
30.662 0.003674703252
30.664 0.003674847142
30.666 0.003674651969
30.668 0.003674863084
30.67 0.003674619448
30.672 0.003674853448
30.674 0.003674615413
30.676 0.003674604048
30.678 0.003674634961
30.68 0.003674827838
30.682 0.003674578921
30.684 0.003674846322
30.686 0.003674551914
30.688 0.003674839273
30.69 0.003674545305
30.692 0.003674580309
30.694 0.003674562428
30.696 0.00367480457
30.698 0.00367451414
30.7 0.00367482625
30.702 0.003675800977
30.704 0.003674717538
30.706 0.003674659264
30.708 0.003674796834
30.71 0.003674465697
30.712 0.003674602301
30.714 0.00367443219
30.716 0.003674849407
30.718 0.003674372929
30.72 0.003674868247
30.722 0.003675664221
30.724 0.003674747309
30.726 0.003674535498
30.728 0.003674578057
30.73 0.003674379559
30.732 0.003674851666
30.734 0.003675599323
30.736 0.003674773972
30.738 0.003674440892
30.74 0.003674845773
30.742 0.003674263716
30.744 0.00367462598
30.746 0.003674256952
30.748 0.003674838713
30.75 0.003675532347
30.752 0.003674723349
30.754 0.003674401396
30.756 0.003674772269
30.758 0.00367423989
30.76 0.003674539455
30.762 0.003675553088
30.764 0.00367464755
30.766 0.003674387272
30.768 0.003674730752
30.77 0.003674201964
30.772 0.003674743923
30.774 0.003675487797
30.776 0.003674369126
30.778 0.003674395658
30.78 0.003674659137
30.782 0.00367549658
30.784 0.003674604774
30.786 0.003674309743
30.788 0.003674675753
30.79 0.00367413158
30.792 0.003674453106
30.794 0.003675443222
30.796 0.003674563589
30.798 0.003674278649
30.8 0.003674646129
30.802 0.00367409026
30.804 0.003674654632
30.806 0.003675376419
30.808 0.003674284243
30.81 0.003674288601
30.812 0.003674577299
30.814 0.003675388153
30.816 0.003674523357
30.818 0.003674204138
30.82 0.00367436981
30.822 0.003674049215
30.824 0.003674634562
30.826 0.003675279068
30.828 0.003674540464
30.83 0.003674143251
30.832 0.003674594919
30.834 0.003675290045
30.836 0.003674267141
30.838 0.003674164181
30.84 0.003674579775
30.842 0.003675253729
30.844 0.003674532842
30.846 0.003674077277
30.848 0.003674608405
30.85 0.0036739048
30.852 0.003674381814
30.854 0.00367522303
30.856 0.003674484143
30.858 0.00367406901
30.86 0.003674565689
30.862 0.003675207814
30.864 0.003674240508
30.866 0.003674078605
30.868 0.003674546349
30.87 0.003673867478
30.872 0.003674593652
30.874 0.003675144316
30.876 0.003674461899
30.878 0.003674046702
30.88 0.003674262662
30.882 0.003675234597
30.884 0.003674404454
30.886 0.003674043171
30.888 0.003674505851
30.89 0.003673860937
30.892 0.00367428538
30.894 0.003675178535
30.896 0.003674395779
30.898 0.003674027253
30.9 0.003674475351
30.902 0.003673858563
30.904 0.003674246841
30.906 0.003675183717
30.908 0.003674355901
30.91 0.003674028263
30.912 0.003674438014
30.914 0.003675168808
30.916 0.003674355289
30.918 0.003674021268
30.92 0.00367418437
30.922 0.003673883698
30.924 0.003674442744
30.926 0.003675134237
30.928 0.003674347597
30.93 0.003674002037
30.932 0.003674169761
30.934 0.003673867461
30.936 0.003674427764
30.938 0.003675115528
30.94 0.003674331103
30.942 0.003673985244
30.944 0.003674148055
30.946 0.003673852333
30.948 0.003674411055
30.95 0.003675100247
30.952 0.003674316402
30.954 0.003673969876
30.956 0.003674138919
30.958 0.00367384133
30.96 0.003674399143
30.962 0.003675085371
30.964 0.003674305349
30.966 0.003673955209
30.968 0.003674126669
30.97 0.003673820062
30.972 0.003674381492
30.974 0.003675069051
30.976 0.003674292182
30.978 0.003673939733
30.98 0.003674114376
30.982 0.003673805028
30.984 0.003674368272
30.986 0.003675054546
30.988 0.003674278489
30.99 0.003673925917
30.992 0.003674099223
30.994 0.003673791837
30.996 0.003674352913
30.998 0.003675042198
31 0.003674274944
31.002 0.003673911347
31.004 0.003674098562
31.006 0.003673779981
31.008 0.003674358154
31.01 0.003675025168
31.012 0.003674263228
31.014 0.003673894612
31.016 0.003674079621
31.018 0.003675073555
31.02 0.003674244507
31.022 0.003673875953
31.024 0.003674350145
31.026 0.003673695162
31.028 0.003674132168
31.03 0.003675007977
31.032 0.003674244078
31.034 0.003673853912
31.036 0.003674320476
31.038 0.003673686422
31.04 0.003674096331
31.042 0.003675008744
31.044 0.003674199087
31.046 0.003673858844
31.048 0.003674045757
31.05 0.003673709654
31.052 0.003674301103
31.054 0.003674955379
31.056 0.003674206215
31.058 0.00367382935
31.06 0.003674014887
31.062 0.00367501083
31.064 0.003674172485
31.066 0.003673818046
31.068 0.003674269006
31.07 0.003673633132
31.072 0.003674051699
31.074 0.003674950055
31.076 0.003674158426
31.078 0.003673795392
31.08 0.003674242003
31.082 0.003673625742
31.084 0.003674010204
31.086 0.003674943474
31.088 0.003674123936
31.09 0.003673790168
31.092 0.003673964962
31.094 0.003674946473
31.096 0.003674135752
31.098 0.003673745582
31.1 0.003674242616
31.102 0.003673551988
31.104 0.003674023827
31.106 0.003674870593
31.108 0.003674134482
31.11 0.003673712124
31.112 0.003674209222
31.114 0.00367485356
31.116 0.003673886167
31.118 0.003673726861
31.12 0.003674194057
31.122 0.003673516227
31.124 0.003674002673
31.126 0.003674816619
31.128 0.003674121798
31.13 0.003673653786
31.132 0.003674199629
31.134 0.003674799779
31.136 0.003673869545
31.138 0.003673671973
31.14 0.003674171267
31.142 0.003674777778
31.144 0.003674116389
31.146 0.003673614743
31.148 0.003673943406
31.15 0.003673474697
31.152 0.003674191219
31.154 0.003674733678
31.156 0.003673842406
31.158 0.003673631881
31.16 0.003674127771
31.162 0.003674745787
31.164 0.003674065128
31.166 0.003673587535
31.168 0.00367388844
31.17 0.003674761421
31.172 0.00367403368
31.174 0.003673570643
31.176 0.003674127119
31.178 0.003673397537
31.18 0.003673894236
31.182 0.003674719844
31.184 0.003673988509
31.186 0.003673574434
31.188 0.003673824247
31.19 0.003674746557
31.192 0.003673978131
31.194 0.003673546497
31.196 0.003674068316
31.198 0.003674676181
31.2 0.003673747442
31.202 0.003673554756
31.204 0.003674052362
31.206 0.003674656751
31.208 0.003673750459
31.21 0.003673510317
31.212 0.003674068615
31.214 0.003673301086
31.216 0.003674105686
31.218 0.003674583807
31.22 0.003673725042
31.222 0.003673502116
31.224 0.003674000397
31.226 0.003674626183
31.228 0.003673695736
31.23 0.003673490428
31.232 0.003674008289
31.234 0.003674590449
31.236 0.003673950858
31.238 0.00367342206
31.24 0.003673770243
31.242 0.003673285881
31.244 0.003674017556
31.246 0.003674543554
31.248 0.003673667715
31.25 0.003673452068
31.252 0.003673959067
31.254 0.003674565159
31.256 0.003673890504
31.258 0.003673404028
31.26 0.003673711546
31.262 0.003674581734
31.264 0.003673867151
31.266 0.003673396555
31.268 0.003673722927
31.27 0.003674553831
31.272 0.003673883446
31.274 0.003673358061
31.276 0.003673977226
31.278 0.00367318003
31.28 0.00367373909
31.282 0.003674509199
31.284 0.003673833975
31.286 0.003673371031
31.288 0.003673665015
31.29 0.003674551028
31.292 0.003673817104
31.294 0.003673362575
31.296 0.003673670513
31.298 0.003674522643
31.3 0.003673830799
31.302 0.003673325098
31.304 0.003673920464
31.306 0.003673152768
31.308 0.003673684274
31.31 0.003674483172
31.312 0.003673782469
31.314 0.003673347256
31.316 0.003673615385
31.318 0.003674526234
31.32 0.003673770307
31.322 0.003673337697
31.324 0.003673625947
31.326 0.003674493488
31.328 0.003673791327
31.33 0.003673300047
31.332 0.003673887579
31.334 0.003673777143
31.336 0.003673603928
31.338 0.003673227149
31.34 0.003673854069
31.342 0.003674437987
31.344 0.003673518205
31.346 0.003673328501
31.348 0.003673820386
31.35 0.003674443487
31.352 0.003673525585
31.354 0.003673307779
31.356 0.003673844218
31.358 0.003674412892
31.36 0.003673789566
31.362 0.003673251971
31.364 0.003673614652
31.366 0.00367443344
31.368 0.003673768344
31.37 0.003673249776
31.372 0.00367362025
31.374 0.003673096454
31.376 0.00367387784
31.378 0.0036743491
31.38 0.003673528759
31.382 0.003673255006
31.384 0.003673821738
31.386 0.003674378448
31.388 0.003673516321
31.39 0.003673246071
31.392 0.003673828083
31.394 0.003674356574
31.396 0.003673767646
31.398 0.003673199629
31.4 0.003673588997
31.402 0.003674386984
31.404 0.003673738791
31.406 0.00367320693
31.408 0.003673588927
31.41 0.003674371639
31.412 0.003673752239
31.414 0.003673186834
31.416 0.003673605884
31.418 0.00367435028
31.42 0.003673765057
31.422 0.003673162614
31.424 0.003673616118
31.426 0.003674327404
31.428 0.003673772274
31.43 0.003673141952
31.432 0.003673620754
31.434 0.003674309142
31.436 0.003673774684
31.438 0.003673125492
31.44 0.003673620416
31.442 0.003674293757
31.444 0.003673772471
31.446 0.003673111504
31.448 0.003673855224
31.45 0.003674261166
31.452 0.003673514143
31.454 0.003673155505
31.456 0.003673806385
31.458 0.003674280594
31.46 0.003673495486
31.462 0.003673152153
31.464 0.003673801067
31.466 0.003674266014
31.468 0.003673494932
31.47 0.003674444192
31.472 0.003673705537
31.474 0.003673110342
31.476 0.003673603082
31.478 0.003674231199
31.48 0.003673777018
31.482 0.003673033573
31.484 0.003673626676
31.486 0.003674200127
31.488 0.003673775983
31.49 0.003673019689
31.492 0.003673613471
31.494 0.003674192915
31.496 0.003673756952
31.498 0.003674327037
31.5 0.003673468568
31.502 0.00367307887
31.504 0.0036738139
31.506 0.003674156407
31.508 0.00367352056
31.51 0.003673017132
31.512 0.003673824606
31.514 0.003674132884
31.516 0.003673510336
31.518 0.003674318789
31.52 0.003673708054
31.522 0.003672995088
31.524 0.003673592367
31.526 0.003674124725
31.528 0.003673753815
31.53 0.003672934888
31.532 0.003673588097
31.534 0.003674107803
31.536 0.003673730163
31.538 0.003674247614
31.54 0.003673463728
31.542 0.003672975803
31.544 0.003673803573
31.546 0.003674057813
31.548 0.0036734981
31.55 0.003674227683
31.552 0.003673692288
31.554 0.003672901126
31.556 0.003673573843
31.558 0.003674037781
31.56 0.003673729406
31.562 0.003672850343
31.564 0.003673556499
31.566 0.003674026637
31.568 0.003673690838
31.57 0.003674172168
31.572 0.003673416977
31.574 0.003672904557
31.576 0.003673745865
31.578 0.00367398759
31.58 0.003673437518
31.582 0.003674169766
31.584 0.00367363936
31.586 0.00367285096
31.588 0.00367351643
31.59 0.003673985332
31.592 0.003673669277
31.594 0.003674110331
31.596 0.00367340206
31.598 0.003672840184
31.6 0.003673735896
31.602 0.00367392105
31.604 0.003673426197
31.606 0.003674099641
31.608 0.003673617374
31.61 0.003672776337
31.612 0.00367348576
31.614 0.003673906933
31.616 0.003673634881
31.618 0.003674030737
31.62 0.003673365864
31.622 0.003672758979
31.624 0.00367369842
31.626 0.003673837549
31.628 0.003673387803
31.63 0.003674014607
31.632 0.003673577449
31.634 0.00367400536
31.636 0.003673350163
31.638 0.003672689366
31.64 0.00367370014
31.642 0.003673759522
31.644 0.003673395554
31.646 0.003673935071
31.648 0.00367334416
31.65 0.003672632865
31.652 0.00367369744
31.654 0.003673693434
31.656 0.003673386294
31.658 0.003673865318
31.66 0.003673564699
31.662 0.003673852163
31.664 0.003673327075
31.666 0.003672549868
31.668 0.003673664502
31.67 0.003673620779
31.672 0.003673344846
31.674 0.003673807875
31.676 0.003673520795
31.678 0.003673804053
31.68 0.003673282382
31.682 0.003672504782
31.684 0.003673617969
31.686 0.003673582542
31.688 0.003673299739
31.69 0.003673767192
31.692 0.003673230545
31.694 0.003673784946
31.696 0.003673479426
31.698 0.003672406188
31.7 0.003673358047
31.702 0.00367352182
31.704 0.003673496125
31.706 0.003673658057
31.708 0.003673205592
31.71 0.003673712721
31.712 0.003673418214
31.714 0.00367367362
31.716 0.003673188695
31.718 0.003672363315
31.72 0.003673285375
31.722 0.003673464858
31.724 0.003673455885
31.726 0.003673579878
31.728 0.003673173744
31.73 0.003673628826
31.732 0.003673386344
31.734 0.003673589953
31.736 0.003673155356
31.738 0.003672283451
31.74 0.003673487344
31.742 0.003673365957
31.744 0.003673152921
31.746 0.003673556173
31.748 0.003673077208
31.75 0.00367358176
31.752 0.003673318245
31.754 0.003673522104
31.756 0.003673097888
31.758 0.003673517052
31.76 0.00367333833
31.762 0.003672153078
31.764 0.003673209971
31.766 0.003673291553
31.768 0.00367334388
31.77 0.003673434445
31.772 0.003673046284
31.774 0.003673496577
31.776 0.003673013856
31.778 0.003673482351
31.78 0.003673275841
31.782 0.003673410265
31.784 0.003673058468
31.786 0.003673398879
31.788 0.003673299029
31.79 0.003672033995
31.792 0.003673168921
31.794 0.003673173988
31.796 0.003673055858
31.798 0.003673339673
31.8 0.003673249093
31.802 0.003673329295
31.804 0.003673001528
31.806 0.003673345126
31.808 0.003673230085
31.81 0.003673304024
31.812 0.003673005168
31.814 0.003673311031
31.816 0.00367324041
31.818 0.003673264424
31.82 0.003673011944
31.822 0.003673272415
31.824 0.00367300342
31.826 0.003673248195
31.828 0.003673265864
31.83 0.003673183607
31.832 0.003673041798
31.834 0.00367187864
31.836 0.003673366045
31.838 0.003672975322
31.84 0.003673019867
31.842 0.003673187936
31.844 0.003672919596
31.846 0.003673230697
31.848 0.003673149806
31.85 0.003673190752
31.852 0.00367291558
31.854 0.003673208777
31.856 0.00367314492
31.858 0.003673165834
31.86 0.003672912501
31.862 0.003673180334
31.864 0.003672897195
31.866 0.003673162613
31.868 0.00367316386
31.87 0.003673102322
31.872 0.003672941823
31.874 0.003673115813
31.876 0.003673172435
31.878 0.003673075348
31.88 0.003672936327
31.882 0.003673100789
31.884 0.003672914375
31.886 0.003673090287
31.888 0.003673169797
31.89 0.003673037707
31.892 0.003672940312
31.894 0.003673053994
31.896 0.003673164734
31.898 0.003673030116
31.9 0.003672922162
31.902 0.003673057302
31.904 0.003672898797
31.906 0.003673052524
31.908 0.003673154905
31.91 0.003673006
31.912 0.003672916329
31.914 0.003673028018
31.916 0.003673141618
31.918 0.003673009039
31.92 0.003672896584
31.922 0.003673036356
31.924 0.003672868087
31.926 0.003673035334
31.928 0.003673122652
31.93 0.003672995661
31.932 0.003672888554
31.934 0.003673019639
31.936 0.00367310997
31.938 0.003672991741
31.94 0.003672860876
31.942 0.003673022704
31.944 0.003672838581
31.946 0.003673019927
31.948 0.003673096698
31.95 0.003672979624
31.952 0.003672868019
31.954 0.003673003391
31.956 0.003672850728
31.958 0.003672993172
31.96 0.003673100879
31.962 0.003672946443
31.964 0.003672869613
31.966 0.003672968777
31.968 0.003673094366
31.97 0.003672947021
31.972 0.003672853193
31.974 0.003672974852
31.976 0.003672834099
31.978 0.003672973619
31.98 0.003673090385
31.982 0.00367293155
31.984 0.003672861787
31.986 0.003672951475
31.988 0.00367284823
31.99 0.003672944545
31.992 0.003673106283
31.994 0.003672904934
31.996 0.003672875609
31.998 0.00367292618
32 0.003672860467
32.002 0.00367292248
32.004 0.003673115238
32.006 0.003672882552
32.008 0.003672882991
32.01 0.003672908086
32.012 0.003673106309
32.014 0.003672891708
32.016 0.003672862963
32.018 0.003672923187
32.02 0.003672840857
32.022 0.003672924752
32.024 0.003673094213
32.026 0.003672894901
32.028 0.003672865353
32.03 0.003672918803
32.032 0.003672848174
32.034 0.003672919199
32.036 0.003673095982
32.038 0.003672877838
32.04 0.003672860713
32.042 0.00367290381
32.044 0.003672841437
32.046 0.003672912798
32.048 0.003673099728
32.05 0.003672876574
32.052 0.003672858863
32.054 0.003672900849
32.056 0.003672838083
32.058 0.003672903412
32.06 0.003673087571
32.062 0.003672870369
32.064 0.003672858073
32.066 0.003672903292
32.068 0.003672831445
32.07 0.003672899683
32.072 0.003673082487
32.074 0.003672865921
32.076 0.003672852954
32.078 0.003672896138
32.08 0.003672828015
32.082 0.003672898101
32.084 0.003673085287
32.086 0.003672858534
32.088 0.003672845448
32.09 0.003672878343
32.092 0.003672823875
32.094 0.003672885669
32.096 0.003673085275
32.098 0.003672846997
32.1 0.003672845658
32.102 0.003672872204
32.104 0.003672830638
32.106 0.003672873465
32.108 0.003673081712
32.11 0.003672834685
32.112 0.003672851177
32.114 0.003672858833
32.116 0.00367282546
32.118 0.003672858382
32.12 0.003673085124
32.122 0.003672820394
32.124 0.003672847889
32.126 0.003672848093
32.128 0.003672831836
32.13 0.003672846977
32.132 0.003673079686
32.134 0.003672808428
32.136 0.003672843549
32.138 0.003672830573
32.14 0.003672824575
32.142 0.003672837545
32.144 0.003672835989
32.146 0.003672820092
32.148 0.00367310427
32.15 0.003672774046
32.152 0.003672863014
32.154 0.003672799004
32.156 0.003672841411
32.158 0.003672802957
32.16 0.003673097003
32.162 0.003672770946
32.164 0.003672851491
32.166 0.003672802943
32.168 0.003672828311
32.17 0.003672806787
32.172 0.003673078575
32.174 0.0036727717
32.176 0.003672840513
32.178 0.003672806156
32.18 0.003672816797
32.182 0.003672810043
32.184 0.003672824246
32.186 0.00367279291
32.188 0.003673084552
32.19 0.00367274762
32.192 0.003672851254
32.194 0.003672779734
32.196 0.003672827255
32.198 0.003672785396
32.2 0.003673076231
32.202 0.003672758087
32.204 0.003672836777
32.206 0.003672792025
32.208 0.003672814407
32.21 0.003672795762
32.212 0.003672944237
32.214 0.003672770263
32.216 0.003672829217
32.218 0.003672775148
32.22 0.00367306966
32.222 0.003672752899
32.224 0.003672827184
32.226 0.003672786143
32.228 0.003672800637
32.23 0.003672792586
32.232 0.003672806176
32.234 0.003672780421
32.236 0.00367307074
32.238 0.00367274648
32.24 0.003672837177
32.242 0.003672778469
32.244 0.003672815748
32.246 0.00367278414
32.248 0.003673063552
32.25 0.003672756924
32.252 0.003672820868
32.254 0.003672786895
32.256 0.003672798335
32.258 0.003672793481
32.26 0.003672805204
32.262 0.003672779287
32.264 0.003673067117
32.266 0.003672747196
32.268 0.003672834668
32.27 0.003672779155
32.272 0.003672814943
32.274 0.003672787066
32.276 0.003672823607
32.278 0.003672775791
32.28 0.003673087085
32.282 0.003672738496
32.284 0.003672843149
32.286 0.003672768542
32.288 0.003672817972
32.29 0.0036727764
32.292 0.003673077061
32.294 0.003672756441
32.296 0.003672832053
32.298 0.003672792124
32.3 0.003672809932
32.302 0.003672800908
32.304 0.003672816596
32.306 0.003672789181
32.308 0.003673087488
32.31 0.003672750582
32.312 0.003672836694
32.314 0.003672782304
32.316 0.003672813671
32.318 0.003672788868
32.32 0.003672819027
32.322 0.003672781851
32.324 0.003673100658
32.326 0.003672753698
32.328 0.003672848835
32.33 0.003672788596
32.332 0.003672824635
32.334 0.00367279677
32.336 0.003672824112
32.338 0.003672784262
32.34 0.003673100286
32.342 0.003672754738
32.344 0.003672844706
32.346 0.003672789746
32.348 0.003672819911
32.35 0.003672805702
32.352 0.003672828884
32.354 0.003672799851
32.356 0.003673105403
32.358 0.003672768426
32.36 0.003672848224
32.362 0.003672803072
32.364 0.003672819833
32.366 0.003672813044
32.368 0.003672823717
32.37 0.003672803222
32.372 0.003673098458
32.374 0.003672774713
32.376 0.003672846342
32.378 0.003672816392
32.38 0.003672825256
32.382 0.003672827985
32.384 0.00367282986
32.386 0.003672819181
32.388 0.00367284648
32.39 0.003672802277
32.392 0.003673118198
32.394 0.003672767335
32.396 0.003672864569
32.398 0.003672804164
32.4 0.003672838492
32.402 0.003672815765
32.404 0.003672841843
32.406 0.00367281344
32.408 0.003673114537
32.41 0.003672784517
32.412 0.003672860924
32.414 0.003672821235
32.416 0.003672836154
32.418 0.003672833402
32.42 0.003672835349
32.422 0.003672821222
32.424 0.003672848982
32.426 0.003672805925
32.428 0.003673120126
32.43 0.00367277405
32.432 0.003672873869
32.434 0.003672817078
32.436 0.003672850976
32.438 0.003672830145
32.44 0.003672852725
32.442 0.003672823719
32.444 0.003672867442
32.446 0.003672808153
32.448 0.003673128716
32.45 0.00367277599
32.452 0.003672879494
32.454 0.003672810691
32.456 0.003672851172
32.458 0.003672825197
32.46 0.003672853004
32.462 0.003672821279
32.464 0.003672865343
32.466 0.00367281087
32.468 0.003673129885
32.47 0.003672780485
32.472 0.003672886295
32.474 0.003672819435
32.476 0.003672855728
32.478 0.003672831337
32.48 0.003672855927
32.482 0.00367282577
32.484 0.003672865865
32.486 0.003672811078
32.488 0.003673125684
32.49 0.003672780452
32.492 0.003672882746
32.494 0.003672816524
32.496 0.003672851704
32.498 0.00367283163
32.5 0.003672853976
32.502 0.003672825649
32.504 0.003672866805
32.506 0.003672811689
32.508 0.003672885447
32.51 0.003672798497
32.512 0.003673143955
32.514 0.003672765344
32.516 0.003672897478
32.518 0.00367279851
32.52 0.003672863386
32.522 0.003672813714
32.524 0.003672864417
32.526 0.003672808439
32.528 0.003672874046
32.53 0.00367279486
32.532 0.003672887531
32.534 0.003672782934
32.536 0.003673150436
32.538 0.003672751863
32.54 0.003672903215
32.542 0.003672789976
32.544 0.003672871111
32.546 0.003672804973
32.548 0.003672871387
32.55 0.003672801418
32.552 0.003672874859
32.554 0.003672782165
32.556 0.003672887408
32.558 0.003672766311
32.56 0.00367314346
32.562 0.00367273632
32.564 0.003672895324
32.566 0.003672773632
32.568 0.003672864448
32.57 0.003672797633
32.572 0.003672864219
32.574 0.003672794354
32.576 0.003672870841
32.578 0.003672782245
32.58 0.003672883186
32.582 0.003672756928
32.584 0.003672895387
32.586 0.003672739257
32.588 0.003673151113
32.59 0.003672704158
32.592 0.003672901697
32.594 0.003672747345
32.596 0.003672867207
32.598 0.003672765288
32.6 0.003672858637
32.602 0.00367276347
32.604 0.003672864867
32.606 0.003672756698
32.608 0.003672876626
32.61 0.003672744172
32.612 0.003672888034
32.614 0.003672729158
32.616 0.003673138291
32.618 0.003672699565
32.62 0.003672889687
32.622 0.003672745369
32.624 0.003672851033
32.626 0.003672764157
32.628 0.003672837837
32.63 0.003672758707
32.632 0.003672837605
32.634 0.003672749315
32.636 0.003672848181
32.638 0.003672734725
32.64 0.003672854846
32.642 0.003672723003
32.644 0.003672862426
32.646 0.003672712297
32.648 0.003673114762
32.65 0.003672679804
32.652 0.003672859769
32.654 0.003672730828
32.656 0.00367282397
32.658 0.003672753176
32.66 0.003672815428
32.662 0.00367274924
32.664 0.003672813857
32.666 0.003672739162
32.668 0.003672824152
32.67 0.003672724587
32.672 0.003672829668
32.674 0.003672709848
32.676 0.003672839733
32.678 0.003672695667
32.68 0.003672842159
32.682 0.003672680448
32.684 0.003673092371
32.686 0.003672649729
32.688 0.003672837282
32.69 0.00367269396
32.692 0.003672796404
32.694 0.003672716371
32.696 0.003672785078
32.698 0.003672714594
32.7 0.00367278557
32.702 0.003672704759
32.704 0.003672789931
32.706 0.003672687981
32.708 0.003672798599
32.71 0.003672678615
32.712 0.003672806456
32.714 0.00367266264
32.716 0.003672810743
32.718 0.003672649912
32.72 0.003672812344
32.722 0.003672638347
32.724 0.003672815304
32.726 0.003672627593
32.728 0.003672814862
32.73 0.003672619986
32.732 0.003673060655
32.734 0.003672590876
32.736 0.003672795211
32.738 0.00367263822
32.74 0.003672749734
32.742 0.003672661414
32.744 0.003672734656
32.746 0.003672662529
32.748 0.003672728871
32.75 0.003672653397
32.752 0.003672733418
32.754 0.003672640793
32.756 0.003672737348
32.758 0.003672627615
32.76 0.003672739754
32.762 0.00367261787
32.764 0.003672746978
32.766 0.003672607112
32.768 0.003672749522
32.77 0.003672596448
32.772 0.003672748737
32.774 0.003672588079
32.776 0.003672749595
32.778 0.003672578381
32.78 0.003672748699
32.782 0.003672570153
32.784 0.003672742235
32.786 0.003672560079
32.788 0.003672740427
32.79 0.003672552117
32.792 0.003672737417
32.794 0.003672545119
32.796 0.003672733664
32.798 0.003672539648
32.8 0.003672729249
32.802 0.003672534554
32.804 0.003672726716
32.806 0.003672527707
32.808 0.003672722666
32.81 0.00367252414
32.812 0.00367272009
32.814 0.003672517925
32.816 0.003672713905
32.818 0.0036725136
32.82 0.003672711337
32.822 0.003672508493
32.824 0.003672706649
32.826 0.003672503836
32.828 0.003672699688
32.83 0.003672498756
32.832 0.003672693942
32.834 0.003672497146
32.836 0.003672688566
32.838 0.003672495163
32.84 0.003672678118
32.842 0.003672486932
32.844 0.003672670838
32.846 0.003672484898
32.848 0.003672664006
32.85 0.003672483248
32.852 0.003672656011
32.854 0.003672482243
32.856 0.003672649471
32.858 0.003672480969
32.86 0.003672640897
32.862 0.003672479318
32.864 0.003672633815
32.866 0.003672479511
32.868 0.00367262453
32.87 0.003672478143
32.872 0.003672616396
32.874 0.003672477816
32.876 0.003672612729
32.878 0.003672477292
32.88 0.003672605395
32.882 0.003672477782
32.884 0.003672602761
32.886 0.003672475859
32.888 0.003672601436
32.89 0.003672474708
32.892 0.003672596715
32.894 0.003672471469
32.896 0.00367259345
32.898 0.003672464558
32.9 0.003672589031
32.902 0.003672460545
32.904 0.003672586567
32.906 0.003672454807
32.908 0.003672585985
32.91 0.003672448544
32.912 0.003672586091
32.914 0.003672445
32.916 0.003672585791
32.918 0.00367243708
32.92 0.00367258569
32.922 0.003672428268
32.924 0.003672582931
32.926 0.003672418596
32.928 0.003672582789
32.93 0.003672410281
32.932 0.003672582918
32.934 0.003672402527
32.936 0.003672582736
32.938 0.003672394832
32.94 0.003672583824
32.942 0.003672387534
32.944 0.00367258258
32.946 0.003672381076
32.948 0.003672581508
32.95 0.003672374779
32.952 0.003672580021
32.954 0.003672369279
32.956 0.003672577627
32.958 0.003672363408
32.96 0.003672574621
32.962 0.003672357429
32.964 0.003672570146
32.966 0.003672353592
32.968 0.0036725671
32.97 0.003672352683
32.972 0.003672564974
32.974 0.003672350899
32.976 0.003672558657
32.978 0.003672348243
32.98 0.003672553279
32.982 0.003672351542
32.984 0.003672552271
32.986 0.003672351868
32.988 0.00367254509
32.99 0.003672350472
32.992 0.003672539334
32.994 0.003672352422
32.996 0.003672533322
32.998 0.003672351444
33 0.003672526965
33.002 0.003672353412
33.004 0.003672521468
33.006 0.003672354197
33.008 0.003672517847
33.01 0.003672354994
33.012 0.003672511151
33.014 0.003672354756
33.016 0.003672505978
33.018 0.00367235287
33.02 0.003672501211
33.022 0.003672354767
33.024 0.00367249755
33.026 0.00367235302
33.028 0.003672494111
33.03 0.003672351651
33.032 0.003672491099
33.034 0.003672349227
33.036 0.003672488399
33.038 0.003672345111
33.04 0.003672485843
33.042 0.003672343456
33.044 0.003672481462
33.046 0.003672337592
33.048 0.003672479552
33.05 0.003672333693
33.052 0.003672478193
33.054 0.003672329298
33.056 0.003672477075
33.058 0.003672324779
33.06 0.003672475887
33.062 0.003672320197
33.064 0.003672475186
33.066 0.003672315415
33.068 0.003672474311
33.07 0.003672310778
33.072 0.003672473172
33.074 0.00367230563
33.076 0.003672471968
33.078 0.003672300827
33.08 0.003672470287
33.082 0.003672296165
33.084 0.003672468832
33.086 0.003672291679
33.088 0.003672466601
33.09 0.003672287294
33.092 0.003672464622
33.094 0.003672283279
33.096 0.003672460741
33.098 0.003672279786
33.1 0.003672458619
33.102 0.003672276064
33.104 0.00367245545
33.106 0.003672272777
33.108 0.003672451515
33.11 0.003672269982
33.112 0.003672447664
33.114 0.003672267259
33.116 0.003672443224
33.118 0.003672264717
33.12 0.003672439098
33.122 0.003672262335
33.124 0.003672434689
33.126 0.003672260313
33.128 0.003672430131
33.13 0.003672258241
33.132 0.003672425423
33.134 0.003672256417
33.136 0.003672421017
33.138 0.003672253891
33.14 0.00367241651
33.142 0.003672251981
33.144 0.003672412073
33.146 0.003672249372
33.148 0.003672407796
33.15 0.003672247064
33.152 0.003672403424
33.154 0.003672244955
33.156 0.003672399732
33.158 0.003672242526
33.16 0.003672396814
33.162 0.003672239991
33.164 0.00367239369
33.166 0.003672237257
33.168 0.003672390546
33.17 0.003672234405
33.172 0.003672386902
33.174 0.003672231408
33.176 0.003672383797
33.178 0.003672229958
33.18 0.003672381524
33.182 0.003672228566
33.184 0.003672379043
33.186 0.003672227213
33.188 0.003672375971
33.19 0.003672225796
33.192 0.003672374936
33.194 0.003672224417
33.196 0.003672373675
33.198 0.003672223088
33.2 0.003672371922
33.202 0.003672221859
33.204 0.003672370688
33.206 0.00367222072
33.208 0.00367236907
33.21 0.003672220721
33.212 0.003672368944
33.214 0.003672219986
33.216 0.003672367652
33.218 0.003672219284
33.22 0.003672366711
33.222 0.00367221872
33.224 0.003672365292
33.226 0.003672218317
33.228 0.003672364328
33.23 0.003672218102
33.232 0.003672362918
33.234 0.003672218065
33.236 0.003672361987
33.238 0.003672218448
33.24 0.003672359844
33.242 0.00367221753
33.244 0.00367235883
33.246 0.003672218223
33.248 0.003672357459
33.25 0.003672218334
33.252 0.00367235634
33.254 0.003672219215
33.256 0.003672355278
33.258 0.003672219766
33.26 0.003672354072
33.262 0.003672220589
33.264 0.003672353389
33.266 0.003672221498
33.268 0.003672352323
33.27 0.003672223497
33.272 0.003672352788
33.274 0.003672224437
33.276 0.003672352359
33.278 0.003672225415
33.28 0.003672352191
33.282 0.003672226383
33.284 0.003672351877
33.286 0.003672228597
33.288 0.003672351678
33.29 0.00367222846
33.292 0.003672351536
33.294 0.003672229082
33.296 0.003672350569
33.298 0.003672228795
33.3 0.003672350412
33.302 0.003672229188
33.304 0.003672350962
33.306 0.003672229653
33.308 0.003672351518
33.31 0.003672230163
33.312 0.003672352148
33.314 0.003672230592
33.316 0.003672352626
33.318 0.003672230955
33.32 0.003672353599
33.322 0.003672232308
33.324 0.003672355749
33.326 0.003672232794
33.328 0.003672356629
33.33 0.003672233378
33.332 0.003672357549
33.334 0.003672233537
33.336 0.003672358564
33.338 0.003672233771
33.34 0.003672359499
33.342 0.003672234155
33.344 0.003672359356
33.346 0.00367223335
33.348 0.003672359798
33.35 0.003672233899
33.352 0.003672360713
33.354 0.003672234444
33.356 0.003672361275
33.358 0.003672235593
33.36 0.003672361907
33.362 0.00367223615
33.364 0.003672362569
33.366 0.003672238166
33.368 0.003672364205
33.37 0.003672239484
33.372 0.003672364908
33.374 0.00367224034
33.376 0.003672365449
33.378 0.003672241613
33.38 0.003672368372
33.382 0.003672245712
33.384 0.003672368117
33.386 0.003672246471
33.388 0.003672368265
33.39 0.003672247922
33.392 0.003672368527
33.394 0.003672249762
33.396 0.003672368746
33.398 0.003672251343
33.4 0.003672368928
33.402 0.003672254396
33.404 0.003672370137
33.406 0.00367225632
33.408 0.003672370424
33.41 0.003672258621
33.412 0.003672370661
33.414 0.003672260496
33.416 0.003672369742
33.418 0.003672259293
33.42 0.003672367297
33.422 0.003672260525
33.424 0.003672366809
33.426 0.003672262608
33.428 0.003672367194
33.43 0.003672265035
33.432 0.003672367511
33.434 0.00367226852
33.436 0.003672369765
33.438 0.003672270819
33.44 0.003672370963
33.442 0.00367227335
33.444 0.00367237227
33.446 0.0036722758
33.448 0.00367237485
33.45 0.003672279755
33.452 0.003672376865
33.454 0.003672282822
33.456 0.003672378285
33.458 0.003672285474
33.46 0.003672379843
33.462 0.003672289121
33.464 0.003672382581
33.466 0.003672291838
33.468 0.003672384481
33.47 0.003672292057
33.472 0.003672384295
33.474 0.003672293679
33.476 0.003672384443
33.478 0.003672295049
33.48 0.003672385965
33.482 0.003672297429
33.484 0.003672387759
33.486 0.003672299917
33.488 0.003672389622
33.49 0.003672303513
33.492 0.003672395207
33.494 0.003672308767
33.496 0.003672398025
33.498 0.003672311734
33.5 0.00367239911
33.502 0.003672313255
33.504 0.003672401091
33.506 0.003672315629
33.508 0.003672403239
33.51 0.003672319134
33.512 0.003672406843
33.514 0.003672319441
33.516 0.003672407305
33.518 0.003672321065
33.52 0.003672409517
33.522 0.003672323127
33.524 0.003672410802
33.526 0.00367232401
33.528 0.003672413214
33.53 0.003672325951
33.532 0.003672415828
33.534 0.003672329004
33.536 0.003672422113
33.538 0.003672333462
33.54 0.003672425943
33.542 0.003672336031
33.544 0.003672427656
33.546 0.003672337146
33.548 0.003672430131
33.55 0.003672339213
33.552 0.003672432703
33.554 0.003672340184
33.556 0.003672434138
33.558 0.003672341999
33.56 0.003672437623
33.562 0.003672343142
33.564 0.003672439089
33.566 0.003672343858
33.568 0.00367244124
33.57 0.003672346987
33.572 0.003672447348
33.574 0.003672351828
33.576 0.003672450438
33.578 0.003672354609
33.58 0.00367245193
33.582 0.00367235598
33.584 0.003672454233
33.586 0.003672357526
33.588 0.003672457686
33.59 0.003672358631
33.592 0.003672458962
33.594 0.003672360633
33.596 0.003672460306
33.598 0.003672361552
33.6 0.003672462489
33.602 0.003672363504
33.604 0.003672466925
33.606 0.003672369705
33.608 0.00367247153
33.61 0.003672372685
33.612 0.003672473158
33.614 0.003672371465
33.616 0.003672473421
33.618 0.003672373552
33.62 0.003672475843
33.622 0.00367237629
33.624 0.003672481875
33.626 0.003672381212
33.628 0.00367248448
33.63 0.003672383037
33.632 0.003672486993
33.634 0.003672383957
33.636 0.003672489181
33.638 0.003672385644
33.64 0.003672490203
33.642 0.003672386303
33.644 0.003672495223
33.646 0.003672390476
33.648 0.003672499163
33.65 0.003672394435
33.652 0.003672503164
33.654 0.00367239402
33.656 0.003672502561
33.658 0.003672395084
33.66 0.0036725073
33.662 0.003672400549
33.664 0.003672511823
33.666 0.003672402762
33.668 0.003672513429
33.67 0.00367240175
33.672 0.003672513745
33.674 0.00367240478
33.676 0.003672520191
33.678 0.003672409682
33.68 0.003672522021
33.682 0.003672411162
33.684 0.003672524212
33.686 0.003672412095
33.688 0.00367252623
33.69 0.003672414265
33.692 0.003672529855
33.694 0.003672417743
33.696 0.003672532877
33.698 0.003672419884
33.7 0.00367253472
33.702 0.003672421724
33.704 0.003672538096
33.706 0.003672425958
33.708 0.003672541173
33.71 0.00367242982
33.712 0.003672545485
33.714 0.003672430848
33.716 0.003672544595
33.718 0.003672433142
33.72 0.003672549976
33.722 0.003672438009
33.724 0.003672551786
33.726 0.00367243828
33.728 0.003672552243
33.73 0.003672441837
33.732 0.003672557889
33.734 0.00367244757
33.736 0.003672559778
33.738 0.003672447779
33.74 0.003672560307
33.742 0.003672451893
33.744 0.003672564715
33.746 0.003672453348
33.748 0.003672565628
33.75 0.003672457321
33.752 0.003672571645
33.754 0.003672463493
33.756 0.003672574176
33.758 0.003672465607
33.76 0.003672576398
33.762 0.003672468656
33.764 0.003672579557
33.766 0.003672473185
33.768 0.003672582708
33.77 0.003672475456
33.772 0.003672584165
33.774 0.00367247685
33.776 0.003672589301
33.778 0.003672483913
33.78 0.003672594321
33.782 0.003672485244
33.784 0.003672597105
33.786 0.003672490995
33.788 0.003672602443
33.79 0.003672492269
33.792 0.00367260251
33.794 0.003672495535
33.796 0.003672609806
33.798 0.003672499248
33.8 0.003672610505
33.802 0.0036725026
33.804 0.003672617531
33.806 0.003672508414
33.808 0.003672620588
33.81 0.00367250918
33.812 0.003672622727
33.814 0.003672512741
33.816 0.003672629653
33.818 0.00367251495
33.82 0.003672631782
33.822 0.003672519825
33.824 0.003672637603
33.826 0.003672522709
33.828 0.003672639991
33.83 0.003672527925
33.832 0.003672646297
33.834 0.003672531573
33.836 0.003672648644
33.838 0.003672536838
33.84 0.003672654778
33.842 0.003672541724
33.844 0.003672658815
33.846 0.003672546275
33.848 0.003672663812
33.85 0.003672550472
33.852 0.003672664958
33.854 0.003672556992
33.856 0.003672668006
33.858 0.003672562191
33.86 0.003672674108
33.862 0.003672565877
33.864 0.003672678061
33.866 0.003672570525
33.868 0.003672683045
33.87 0.003672573503
33.872 0.003672688312
33.874 0.003672579475
33.876 0.00367269394
33.878 0.003672583082
33.88 0.003672700946
33.882 0.003672591147
33.884 0.003672706815
33.886 0.00367259431
33.888 0.003672711127
33.89 0.003672598815
33.892 0.003672716862
33.894 0.003672606486
33.896 0.003672722433
33.898 0.003672608571
33.9 0.003672725443
33.902 0.003672614119
33.904 0.00367273262
33.906 0.003672622024
33.908 0.00367274014
33.91 0.003672625807
33.912 0.003672742622
33.914 0.003672630785
33.916 0.003672749757
33.918 0.003672635811
33.92 0.003672754796
33.922 0.003672643119
33.924 0.003672759884
33.926 0.003672648757
33.928 0.003672763352
33.93 0.003672653948
33.932 0.003672772843
33.934 0.00367265895
33.936 0.003672778307
33.938 0.00367266636
33.94 0.003672784628
33.942 0.00367266933
33.944 0.003672792399
33.946 0.003672676509
33.948 0.003672797614
33.95 0.003672679557
33.952 0.003672803571
33.954 0.003672684495
33.956 0.003672809142
33.958 0.003672689999
33.96 0.003672816221
33.962 0.003672695444
33.964 0.003672822692
33.966 0.003672703365
33.968 0.003672829831
33.97 0.003672706825
33.972 0.003672836365
33.974 0.003672713611
33.976 0.00367284076
33.978 0.003672719752
33.98 0.003672848949
33.982 0.003672725784
33.984 0.00367285669
33.986 0.003672731457
33.988 0.003672859538
33.99 0.003672737673
33.992 0.003672867712
33.994 0.003672743761
33.996 0.00367287412
33.998 0.003672752604
34 0.003672882524
34.002 0.003672757811
34.004 0.003672888076
34.006 0.003672764547
34.008 0.00367289453
34.01 0.00367277091
34.012 0.003672900678
34.014 0.003672779994
34.016 0.003672908481
34.018 0.003672785019
34.02 0.00367291454
34.022 0.003672792021
34.024 0.003672921083
34.026 0.003672798942
34.028 0.00367292544
34.03 0.00367280578
34.032 0.003672934382
34.034 0.00367281165
34.036 0.003672941681
34.038 0.00367281991
34.04 0.003672948687
34.042 0.003672829243
34.044 0.003672956492
34.046 0.00367283546
34.048 0.00367296375
34.05 0.003672841948
34.052 0.003672971167
34.054 0.003672848174
34.056 0.003672979246
34.058 0.003672856735
34.06 0.003672986391
34.062 0.003672866292
34.064 0.003672994314
34.066 0.003672872551
34.068 0.003673002364
34.07 0.00367287964
34.072 0.003673010754
34.074 0.003672887854
34.076 0.003673019884
34.078 0.003672895457
34.08 0.003673027188
34.082 0.003672903735
34.084 0.003673035041
34.086 0.003672914376
34.088 0.003673043217
34.09 0.003672920507
34.092 0.003673051511
34.094 0.003672929214
34.096 0.003673060378
34.098 0.003672937554
34.1 0.003673068772
34.102 0.003672946159
34.104 0.003673079231
34.106 0.003672955067
34.108 0.003673086342
34.11 0.003672963797
34.112 0.003673094898
34.114 0.003672972959
34.116 0.003673104007
34.118 0.003672982089
34.12 0.003673112794
34.122 0.003672991377
34.124 0.003673121921
34.126 0.003673003357
34.128 0.003673130984
34.13 0.003673010838
34.132 0.003673140205
34.134 0.003673020643
34.136 0.003673151166
34.138 0.003673030312
34.14 0.003673159193
34.142 0.003673040516
34.144 0.003673168446
34.146 0.003673050743
34.148 0.003673178131
34.15 0.003673061731
34.152 0.003673187598
34.154 0.003673071784
34.156 0.003673197377
34.158 0.003673082687
34.16 0.003673207289
34.162 0.00367309352
34.164 0.003673217576
34.166 0.003673105408
34.168 0.003673227368
34.17 0.003673116608
34.172 0.003673237421
34.174 0.003673127903
34.176 0.00367324812
34.178 0.003673138137
34.18 0.003673258745
34.182 0.003673150845
34.184 0.00367326988
34.186 0.003673162637
34.188 0.003673280094
34.19 0.003673175041
34.192 0.003673291185
34.194 0.003673186778
34.196 0.003673302189
34.198 0.00367319891
34.2 0.003673313592
34.202 0.003673211481
34.204 0.003673325485
34.206 0.003673224006
34.208 0.00367333699
34.21 0.003673236652
34.212 0.003673349046
34.214 0.003673249516
34.216 0.003673361071
34.218 0.00367326203
34.22 0.003673373478
34.222 0.003673275255
34.224 0.003673386523
34.226 0.003673288499
34.228 0.003673398847
34.23 0.003673301706
34.232 0.00367341148
34.234 0.003673315591
34.236 0.003673424638
34.238 0.00367332956
34.24 0.003673437579
34.242 0.003673343861
34.244 0.003673452248
34.246 0.003673357882
34.248 0.003673464105
34.25 0.003673372654
34.252 0.003673477551
34.254 0.003673387645
34.256 0.003673490935
34.258 0.003673402671
34.26 0.003673504653
34.262 0.003673417605
34.264 0.003673518359
34.266 0.003673432908
34.268 0.003673532428
34.27 0.003673448218
34.272 0.00367354691
34.274 0.00367346411
34.276 0.003673562018
34.278 0.003673480131
34.28 0.003673576559
34.282 0.003673496169
34.284 0.003673591373
34.286 0.003673512353
34.288 0.0036736064
34.29 0.003673528584
34.292 0.003673621388
34.294 0.003673544854
34.296 0.00367363645
34.298 0.003673561484
34.3 0.003673651978
34.302 0.003673578486
34.304 0.003673667686
34.306 0.003673595497
34.308 0.003673683752
34.31 0.003673612501
34.312 0.003673699418
34.314 0.003673629698
34.316 0.003673715645
34.318 0.003673647138
34.32 0.003673732175
34.322 0.003673664367
34.324 0.003673748882
34.326 0.003673681832
34.328 0.003673765339
34.33 0.003673699651
34.332 0.003673782118
34.334 0.003673717453
34.336 0.003673798948
34.338 0.003673735461
34.34 0.003673815943
34.342 0.003673753062
34.344 0.003673832801
34.346 0.003673771175
34.348 0.003673850089
34.35 0.003673789326
34.352 0.003673867318
34.354 0.003673807436
34.356 0.00367388485
34.358 0.003673825627
34.36 0.00367390252
34.362 0.003673843821
34.364 0.003673919828
34.366 0.003673861899
34.368 0.003673937307
34.37 0.003673880223
34.372 0.003673954917
34.374 0.003673898573
34.376 0.00367397258
34.378 0.003673916883
34.38 0.003673990159
34.382 0.003673934778
34.384 0.00367400784
34.386 0.003673952853
34.388 0.003674025509
34.39 0.003673970924
34.392 0.003674043309
34.394 0.00367398881
34.396 0.003674060988
34.398 0.003674006435
34.4 0.003674078564
34.402 0.00367402403
34.404 0.003674096241
34.406 0.003674041509
34.408 0.003674114041
34.41 0.003674058859
34.412 0.003674131473
34.414 0.003674076154
34.416 0.003674148997
34.418 0.003674093245
34.42 0.003674166483
34.422 0.003674110087
34.424 0.003674183815
34.426 0.003674121836
34.428 0.003674201092
34.43 0.003674137725
34.432 0.003674223234
34.434 0.003674154084
34.436 0.003674240929
34.438 0.003674170856
34.44 0.003674257553
34.442 0.003674187573
34.444 0.003674273867
34.446 0.003674208915
34.448 0.003674289981
34.45 0.003674221162
34.452 0.00367430625
34.454 0.003674236542
34.456 0.003674322423
34.458 0.003674251953
34.46 0.00367433862
34.462 0.00367426777
34.464 0.003674354685
34.466 0.003674283156
34.468 0.003674370604
34.47 0.003674298337
34.472 0.003674386488
34.474 0.003674313232
34.476 0.003674402558
34.478 0.003674327985
34.48 0.003674418149
34.482 0.003674342494
34.484 0.003674433916
34.486 0.003674356876
34.488 0.003674449593
34.49 0.003674370991
34.492 0.003674464398
34.494 0.003674384697
34.496 0.00367448031
34.498 0.0036743981
34.5 0.003674496406
34.502 0.003674411164
34.504 0.003674512402
34.506 0.003674424685
34.508 0.003674528211
34.51 0.003674438027
34.512 0.003674544008
34.514 0.00367445148
34.516 0.003674559204
34.518 0.003674465059
34.52 0.003674574368
34.522 0.003674478507
34.524 0.00367458934
34.526 0.00367449253
34.528 0.003674604103
34.53 0.003674506298
34.532 0.003674618705
34.534 0.003674520699
34.536 0.003674633142
34.538 0.003674534866
34.54 0.003674647485
34.542 0.003674549621
34.544 0.00367466196
34.546 0.00367456431
34.548 0.00367467588
34.55 0.00367457899
34.552 0.00367469024
34.554 0.003674594077
34.556 0.003674704175
34.558 0.003674608796
34.56 0.0036747183
34.562 0.003674624331
34.564 0.003674732813
34.566 0.003674639727
34.568 0.003674746948
34.57 0.003674655056
34.572 0.003674761234
34.574 0.003674670543
34.576 0.003674775652
34.578 0.003674686555
34.58 0.003674790528
34.582 0.003674702585
34.584 0.003674805305
34.586 0.003674718709
34.588 0.003674819918
34.59 0.0036747348
34.592 0.003674834945
34.594 0.003674751222
34.596 0.003674851584
34.598 0.003674767831
34.6 0.003674865628
34.602 0.00367478477
34.604 0.003674880842
34.606 0.003674801856
34.608 0.003674896384
34.61 0.003674819193
34.612 0.00367491209
34.614 0.003674836678
34.616 0.003674927751
34.618 0.003674854667
34.62 0.003674943731
34.622 0.00367487268
34.624 0.003674959945
34.626 0.003674890891
34.628 0.003674976221
34.63 0.00367490927
34.632 0.00367499265
34.634 0.003674927859
34.636 0.003675008993
34.638 0.003674946692
34.64 0.003675025673
34.642 0.003674965814
34.644 0.003675042798
34.646 0.003674985276
34.648 0.003675059578
34.65 0.003675004805
34.652 0.003675076368
34.654 0.003675024112
34.656 0.003675093321
34.658 0.003675044049
34.66 0.003675110607
34.662 0.00367506426
34.664 0.003675127558
34.666 0.003675084558
34.668 0.003675144642
34.67 0.003675104674
34.672 0.003675163658
34.674 0.003675125199
34.676 0.003675179868
34.678 0.003675145443
34.68 0.003675197272
34.682 0.00367516593
34.684 0.003675214957
34.686 0.003675186319
34.688 0.00367523334
34.69 0.003675205243
34.692 0.003675252282
34.694 0.003675225373
34.696 0.003675270617
34.698 0.003675245617
34.7 0.003675288882
34.702 0.003675265853
34.704 0.003675307311
34.706 0.003675286074
34.708 0.003675325771
34.71 0.003675306127
34.712 0.003675344051
34.714 0.003675326775
34.716 0.003675363119
34.718 0.00367534662
34.72 0.003675383596
34.722 0.003675366411
34.724 0.003675401411
34.726 0.003675386165
34.728 0.003675420182
34.73 0.00367540577
34.732 0.00367543978
34.734 0.003675425504
34.736 0.003675459282
34.738 0.003675444863
34.74 0.003675478666
34.742 0.003675464295
34.744 0.003675498828
34.746 0.003675483585
34.748 0.003675518822
34.75 0.003675502914
34.752 0.003675539033
34.754 0.003675521015
34.756 0.003675559151
34.758 0.003675543123
34.76 0.003675578428
34.762 0.003675563219
34.764 0.003675597382
34.766 0.003675582433
34.768 0.003675617776
34.77 0.003675601557
34.772 0.003675638533
34.774 0.003675620678
34.776 0.003675660781
34.778 0.003675639986
34.78 0.003675680957
34.782 0.003675659498
34.784 0.003675703398
34.786 0.00367567864
34.788 0.003675724222
34.79 0.003675698249
34.792 0.00367574463
34.794 0.003675717754
34.796 0.003675766708
34.798 0.003675737707
34.8 0.003675787345
34.802 0.003675757817
34.804 0.003675809902
34.806 0.003675777849
34.808 0.003675830402
34.81 0.00367579662
34.812 0.003675853278
34.814 0.003675818644
34.816 0.003675874142
34.818 0.003675838099
34.82 0.003675895403
34.822 0.003675859957
34.824 0.0036759189
34.826 0.003675881595
34.828 0.003675940071
34.83 0.003675901458
34.832 0.003675963374
34.834 0.0036759225
34.836 0.00367598436
34.838 0.003675945289
34.84 0.003676008212
34.842 0.003675967582
34.844 0.003676031144
34.846 0.003675989755
34.848 0.003676052905
34.85 0.003676010422
34.852 0.003676076898
34.854 0.003676032316
34.856 0.003676098649
34.858 0.003676054812
34.86 0.00367612171
34.862 0.003676077468
34.864 0.003676145128
34.866 0.003676100285
34.868 0.003676168683
34.87 0.003676123461
34.872 0.003676193931
34.874 0.003676146788
34.876 0.003676216567
34.878 0.003676171149
34.88 0.00367623922
34.882 0.003676194753
34.884 0.003676263069
34.886 0.003676218305
34.888 0.003676287316
34.89 0.003676240411
34.892 0.003676311306
34.894 0.003676265631
34.896 0.003676336833
34.898 0.003676290718
34.9 0.003676361785
34.902 0.003676314913
34.904 0.003676386765
34.906 0.003676336392
34.908 0.003676410336
34.91 0.003676361198
34.912 0.003676436314
34.914 0.003676386601
34.916 0.00367646139
34.918 0.003676409861
34.92 0.003676485027
34.922 0.003676432007
34.924 0.00367651109
34.926 0.003676457521
34.928 0.003676535226
34.93 0.003676482138
34.932 0.003676561867
34.934 0.003676507724
34.936 0.003676588923
34.938 0.003676531112
34.94 0.003676612866
34.942 0.003676555101
34.944 0.00367663675
34.946 0.003676579394
34.948 0.003676663505
34.95 0.003676603982
34.952 0.003676690587
34.954 0.003676629266
34.956 0.003676715034
34.958 0.003676652319
34.96 0.003676740265
34.962 0.003676676334
34.964 0.003676766204
34.966 0.003676699101
34.968 0.003676791969
34.97 0.003676725421
34.972 0.003676818105
34.974 0.003676748478
34.976 0.003676843846
34.978 0.003676770704
34.98 0.00367687003
34.982 0.003676795808
34.984 0.003676896009
34.986 0.003676819097
34.988 0.00367692259
34.99 0.003676841498
34.992 0.003676949122
34.994 0.003676866338
34.996 0.003676975376
34.998 0.003676890081
35 0.003677001787
35.002 0.003676911911
35.004 0.00367702805
35.006 0.003676936515
35.008 0.003677054372
35.01 0.003676959884
35.012 0.003677080829
35.014 0.00367698204
35.016 0.003677107332
35.018 0.00367700645
35.02 0.003677134092
35.022 0.003677029913
35.024 0.003677160485
35.026 0.003677051958
35.028 0.003677186885
35.03 0.00367707782
35.032 0.00367721355
35.034 0.003677100017
35.036 0.003677240139
35.038 0.003677121621
35.04 0.003677266832
35.042 0.003677145908
35.044 0.0036772935
35.046 0.003677168849
35.048 0.00367732165
35.05 0.003677192263
35.052 0.003677347027
35.054 0.003677215692
35.056 0.003677373856
35.058 0.003677239051
35.06 0.003677402107
35.062 0.003677262326
35.064 0.003677427741
35.066 0.003677285774
35.068 0.003677450195
35.07 0.003677311975
35.072 0.003677475739
35.074 0.003677337505
35.076 0.00367750212
35.078 0.003677362749
35.08 0.003677530358
35.082 0.003677384891
35.084 0.003677556064
35.086 0.003677407956
35.088 0.00367758285
35.09 0.003677429733
35.092 0.003677609837
35.094 0.003677454141
35.096 0.003677636816
35.098 0.003677477571
35.1 0.003677665749
35.102 0.003677500902
35.104 0.003677690943
35.106 0.003677525278
35.108 0.003677717045
35.11 0.003677547775
35.112 0.003677743184
35.114 0.003677572596
35.116 0.003677770187
35.118 0.00367759652
35.12 0.003677798116
35.122 0.003677620272
35.124 0.003677823852
35.126 0.003677644414
35.128 0.003677849669
35.13 0.00367766732
35.132 0.003677876378
35.134 0.00367769263
35.136 0.003677900762
35.138 0.003677717339
35.14 0.003677930454
35.142 0.003677741504
35.144 0.003677955168
35.146 0.003677765783
35.148 0.003677983405
35.15 0.003677790093
35.152 0.003678008736
35.154 0.003677813825
35.156 0.003678035613
35.158 0.003677836711
35.16 0.003678061578
35.162 0.003677862185
35.164 0.003678088602
35.166 0.003677886902
35.168 0.003678116443
35.17 0.00367791131
35.172 0.003678142178
35.174 0.003677935705
35.176 0.003678169871
35.178 0.003677960184
35.18 0.003678195832
35.182 0.003677984757
35.184 0.003678222045
35.186 0.003678007945
35.188 0.003678249934
35.19 0.003678033727
35.192 0.003678276045
35.194 0.003678057303
35.196 0.003678303496
35.198 0.003678082748
35.2 0.003678330108
35.202 0.003678108382
35.204 0.003678359303
35.206 0.00367813285
35.208 0.003678384741
35.21 0.003678158002
35.212 0.003678413379
35.214 0.003678183294
35.216 0.003678439286
35.218 0.003678208724
35.22 0.003678466607
35.222 0.003678232844
35.224 0.003678492556
35.226 0.0036782598
35.228 0.003678521336
35.23 0.003678284463
35.232 0.003678549637
35.234 0.003678312355
35.236 0.003678576808
35.238 0.003678336566
35.24 0.003678604455
35.242 0.003678365311
35.244 0.003678633141
35.246 0.00367839247
35.248 0.003678661596
35.25 0.003678419598
35.252 0.003678689059
35.254 0.003678446913
35.256 0.003678719451
35.258 0.003678473931
35.26 0.003678744712
35.262 0.003678500314
35.264 0.003678773576
35.266 0.0036785301
35.268 0.003678802368
35.27 0.003678561101
35.272 0.003678827621
35.274 0.003678586258
35.276 0.003678857879
35.278 0.003678615313
35.28 0.003678884897
35.282 0.003678642466
35.284 0.003678912465
35.286 0.003678675131
35.288 0.003678944031
35.29 0.003678703762
35.292 0.003678970664
35.294 0.003678733089
35.296 0.003679001097
35.298 0.003678763828
35.3 0.00367903149
35.302 0.003678794945
35.304 0.003679059593
35.306 0.003678823142
35.308 0.003679090276
35.31 0.003678851323
35.312 0.003679119829
35.314 0.003678886428
35.316 0.003679152243
35.318 0.003678917744
35.32 0.003679183392
35.322 0.003678949647
35.324 0.003679217905
35.326 0.003678980466
35.328 0.003679245291
35.33 0.003679012229
35.332 0.003679272663
35.334 0.003679040154
35.336 0.003679306479
35.338 0.003679073028
35.34 0.003679338754
35.342 0.003679105955
35.344 0.003679368894
35.346 0.003679137552
35.348 0.00367940255
35.35 0.003679171318
35.352 0.003679433545
35.354 0.003679203996
35.356 0.003679469407
35.358 0.003679237648
35.36 0.00367950065
35.362 0.003679273465
35.364 0.003679535995
35.366 0.003679305623
35.368 0.003679568499
35.37 0.003679339282
35.372 0.003679598433
35.374 0.003679370537
35.376 0.003679633567
35.378 0.003679409638
35.38 0.003679668441
35.382 0.003679440023
35.384 0.003679697138
35.386 0.003679477172
35.388 0.003679735835
35.39 0.003679513054
35.392 0.003679768339
35.394 0.003679548978
35.396 0.003679799615
35.398 0.003679580573
35.4 0.003679835757
35.402 0.003679618332
35.404 0.003679869895
35.406 0.003679655067
35.408 0.003679904909
35.41 0.003679693689
35.412 0.003679940987
35.414 0.003679727455
35.416 0.003679973597
35.418 0.003679760962
35.42 0.003680005561
35.422 0.003679797736
35.424 0.003680041932
35.426 0.00367983557
35.428 0.003680076647
35.43 0.003679871038
35.432 0.003680111845
35.434 0.00367991035
35.436 0.003680148142
35.438 0.003679944954
35.44 0.003680181995
35.442 0.003679985823
35.444 0.00368021655
35.446 0.003680018874
35.448 0.003680253684
35.45 0.00368005664
35.452 0.003680287123
35.454 0.003680090493
35.456 0.00368032362
35.458 0.003680129307
35.46 0.003680356143
35.462 0.003680164033
35.464 0.003680394305
35.466 0.003680202177
35.468 0.003680426984
35.47 0.003680235634
35.472 0.003680461867
35.474 0.00368027209
35.476 0.003680494572
35.478 0.003680311852
35.48 0.003680534642
35.482 0.003680348731
35.484 0.003680565683
35.486 0.003680384704
35.488 0.003680600917
35.49 0.003680420713
35.492 0.003680629912
35.494 0.003680456237
35.496 0.003680665674
35.498 0.003680491085
35.5 0.003680694865
35.502 0.003680527278
35.504 0.003680728427
35.506 0.003680560803
35.508 0.003680758627
35.51 0.003680600396
35.512 0.003680794389
35.514 0.00368063603
35.516 0.003680825326
35.518 0.003680672062
35.52 0.003680856835
35.522 0.003680706491
35.524 0.003680888599
35.526 0.003680741359
35.528 0.003680919211
35.53 0.003680776723
35.532 0.003680949214
35.534 0.003680809956
35.536 0.003680980402
35.538 0.003680845369
35.54 0.00368100994
35.542 0.003680877816
35.544 0.003681039846
35.546 0.00368091175
35.548 0.003681068371
35.55 0.003680945309
35.552 0.003681100021
35.554 0.003680979082
35.556 0.003681127352
35.558 0.003681012198
35.56 0.003681157467
35.562 0.003681045268
35.564 0.003681184164
35.566 0.003681077873
35.568 0.003681213094
35.57 0.003681110185
35.572 0.003681241221
35.574 0.003681141876
35.576 0.003681268915
35.578 0.003681173829
35.58 0.003681294239
35.582 0.00368120503
35.584 0.003681323848
35.586 0.003681238019
35.588 0.003681348593
35.59 0.003681268618
35.592 0.003681375496
35.594 0.003681297627
35.596 0.003681400641
35.598 0.003681330305
35.6 0.003681430089
35.602 0.003681363873
35.604 0.003681456723
35.606 0.003681395782
35.608 0.003681482959
35.61 0.003681426262
35.612 0.003681508838
35.614 0.003681454752
35.616 0.003681532814
35.618 0.003681485255
35.62 0.00368156151
35.622 0.003681522279
35.624 0.003681590382
35.626 0.003681551016
35.628 0.003681615647
35.63 0.003681581793
35.632 0.003681641396
35.634 0.003681610851
35.636 0.003681668571
35.638 0.003681644787
35.64 0.003681695125
35.642 0.003681673681
35.644 0.003681721392
35.646 0.003681702125
35.648 0.003681745109
35.65 0.003681731444
35.652 0.003681775215
35.654 0.003681764434
35.656 0.003681803071
35.658 0.003681793555
35.66 0.0036818288
35.662 0.003681823603
35.664 0.003681857237
35.666 0.003681855789
35.668 0.003681887731
35.67 0.003681885594
35.672 0.003681912385
35.674 0.003681916012
35.676 0.003681945042
35.678 0.003681948061
35.68 0.003681972682
35.682 0.003681977759
35.684 0.003682003858
35.686 0.003682012257
35.688 0.003682034656
35.69 0.00368204222
35.692 0.003682062182
35.694 0.003682071145
35.696 0.003682094712
35.698 0.003682104503
35.7 0.003682124929
35.702 0.003682136129
35.704 0.003682157187
35.706 0.003682167626
35.708 0.003682187738
35.71 0.003682199069
35.712 0.003682221348
35.714 0.003682228733
35.716 0.003682250806
35.718 0.003682263719
35.72 0.003682286579
35.722 0.003682295175
35.724 0.003682315148
35.726 0.003682328359
35.728 0.003682354031
35.73 0.003682361573
35.732 0.003682385816
35.734 0.003682393922
35.736 0.003682422269
35.738 0.003682427691
35.74 0.003682454365
35.742 0.003682461723
35.744 0.003682492703
35.746 0.003682494829
35.748 0.003682528579
35.75 0.003682532833
35.752 0.003682564822
35.754 0.003682563523
35.756 0.003682601784
35.758 0.003682598468
35.76 0.003682635065
35.762 0.003682631505
35.764 0.003682672456
35.766 0.003682666101
35.768 0.003682708807
35.77 0.003682699633
35.772 0.003682743811
35.774 0.003682735791
35.776 0.003682781796
35.778 0.003682768324
35.78 0.003682818603
35.782 0.003682804814
35.784 0.003682853299
35.786 0.003682838752
35.788 0.003682892078
35.79 0.003682874358
35.792 0.003682928878
35.794 0.003682906852
35.796 0.003682965306
35.798 0.003682945941
35.8 0.003683004301
35.802 0.003682978809
35.804 0.003683042019
35.806 0.003683015505
35.808 0.003683075558
35.81 0.003683047093
35.812 0.003683111893
35.814 0.003683081623
35.816 0.003683144808
35.818 0.00368311735
35.82 0.003683185616
35.822 0.003683154385
35.824 0.00368322293
35.826 0.00368319238
35.828 0.003683259935
35.83 0.003683225517
35.832 0.00368329493
35.834 0.003683258802
35.836 0.003683328878
35.838 0.003683295026
35.84 0.003683366783
35.842 0.003683328714
35.844 0.003683403497
35.846 0.003683365967
35.848 0.00368343906
35.85 0.003683398708
35.852 0.003683476098
35.854 0.003683435876
35.856 0.003683509834
35.858 0.003683469987
35.86 0.00368354711
35.862 0.003683506201
35.864 0.003683583872
35.866 0.003683542605
35.868 0.003683616683
35.87 0.00368357532
35.872 0.003683653257
35.874 0.003683610853
35.876 0.003683685402
35.878 0.003683645092
35.88 0.003683724178
35.882 0.003683681566
35.884 0.003683758896
35.886 0.003683717989
35.888 0.003683794117
35.89 0.003683752245
35.892 0.003683829269
35.894 0.003683785647
35.896 0.003683861587
35.898 0.00368381945
35.9 0.003683898763
35.902 0.003683854086
35.904 0.003683933127
35.906 0.00368389087
35.908 0.003683969716
35.91 0.003683925218
35.912 0.003684006719
35.914 0.003683959007
35.916 0.00368403859
35.918 0.003683994009
35.92 0.003684077447
35.922 0.003684028474
35.924 0.003684112278
35.926 0.003684064715
35.928 0.003684149597
35.93 0.003684099952
35.932 0.003684185603
35.934 0.00368413264
35.936 0.003684218057
35.938 0.003684167255
35.94 0.003684257985
35.942 0.003684202881
35.944 0.003684293764
35.946 0.003684237767
35.948 0.003684332651
35.95 0.003684274248
35.952 0.0036843709
35.954 0.003684310479
35.956 0.003684408043
35.958 0.00368434334
35.96 0.003684445964
35.962 0.003684381183
35.964 0.003684482635
35.966 0.003684411949
35.968 0.003684519582
35.97 0.003684446782
35.972 0.003684558341
35.974 0.003684482937
35.976 0.003684597911
35.978 0.003684516526
35.98 0.003684632426
35.982 0.003684551509
35.984 0.003684674813
35.986 0.003684587669
35.988 0.003684715639
35.99 0.003684624483
35.992 0.00368475278
35.994 0.003684657434
35.996 0.003684792693
35.998 0.003684694959
36 0.003684830338
36.002 0.003684726093
36.004 0.003684868445
36.006 0.00368476329
36.008 0.003684908347
36.01 0.003684797471
36.012 0.003684949743
36.014 0.003684835949
36.016 0.003684988616
36.018 0.003684867094
36.02 0.003685025922
36.022 0.00368490338
36.024 0.003685066652
36.026 0.003684936267
36.028 0.003685106074
36.03 0.0036849722
36.032 0.003685143186
36.034 0.003685006183
36.036 0.003685182964
36.038 0.003685042285
36.04 0.003685223318
36.042 0.003685076345
36.044 0.003685259592
36.046 0.003685109521
36.048 0.003685300091
36.05 0.003685143648
36.052 0.003685335425
36.054 0.00368517855
36.056 0.003685375797
36.058 0.003685216025
36.06 0.003685414303
36.062 0.00368524641
36.064 0.003685450598
36.066 0.003685283152
36.068 0.003685488746
36.07 0.00368531555
36.072 0.00368552512
36.074 0.003685349906
36.076 0.003685563449
36.078 0.003685384646
36.08 0.003685598125
36.082 0.003685418947
36.084 0.003685638983
36.086 0.003685456431
36.088 0.00368567341
36.09 0.003685486429
36.092 0.003685709357
36.094 0.003685518228
36.096 0.003685743531
36.098 0.003685554293
36.1 0.00368578135
36.102 0.00368558887
36.104 0.003685820044
36.106 0.003685622711
36.108 0.003685852368
36.11 0.003685655839
36.112 0.003685883627
36.114 0.003685686451
36.116 0.003685916695
36.118 0.003685719801
36.12 0.003685953866
36.122 0.003685758312
36.124 0.003685989223
36.126 0.003685790381
36.128 0.003686021633
36.13 0.003685821187
36.132 0.003686053641
36.134 0.00368585509
36.136 0.003686086803
36.138 0.003685886869
36.14 0.003686120731
36.142 0.003685922087
36.144 0.003686161474
36.146 0.003685956524
36.148 0.003686187299
36.15 0.003685984687
36.152 0.003686217069
36.154 0.003686019118
36.156 0.003686254139
36.158 0.003686056885
36.16 0.003686288832
36.162 0.003686087531
36.164 0.003686318773
36.166 0.003686118379
36.168 0.003686352465
36.17 0.003686153341
36.172 0.003686390783
36.174 0.003686186078
36.176 0.00368642002
36.178 0.003686216632
36.18 0.003686450011
36.182 0.003686249308
36.184 0.003686481892
36.186 0.003686284214
36.188 0.003686516772
36.19 0.003686316892
36.192 0.003686548387
36.194 0.003686351408
36.196 0.003686584961
36.198 0.003686382263
36.2 0.003686613384
36.202 0.003686415287
36.204 0.003686645432
36.206 0.003686450604
36.208 0.003686679046
36.21 0.003686483847
36.212 0.003686710337
36.214 0.003686515331
36.216 0.003686748983
36.218 0.00368655041
36.22 0.003686778675
36.222 0.003686585114
36.224 0.003686810076
36.226 0.003686618155
36.228 0.003686844555
36.23 0.003686653689
36.232 0.003686878789
36.234 0.003686681683
36.236 0.003686910712
36.238 0.003686720133
36.24 0.00368694339
36.242 0.003686751704
36.244 0.003686975471
36.246 0.003686787405
36.248 0.00368700988
36.25 0.003686817468
36.252 0.003687041359
36.254 0.003686855507
36.256 0.003687079388
36.258 0.003686892613
36.26 0.003687113696
36.262 0.003686928351
36.264 0.003687147586
36.266 0.003686957987
36.268 0.003687181747
36.27 0.003686996939
36.272 0.003687214564
36.274 0.003687033394
36.276 0.003687247806
36.278 0.003687068792
36.28 0.003687287355
36.282 0.003687105431
36.284 0.003687318325
36.286 0.003687140762
36.288 0.003687352226
36.29 0.003687178306
36.292 0.003687388014
36.294 0.003687211486
36.296 0.003687426083
36.298 0.003687254513
36.3 0.003687461315
36.302 0.00368729379
36.304 0.003687495357
36.306 0.003687328531
36.308 0.003687536384
36.31 0.003687366745
36.312 0.003687564971
36.314 0.003687400706
36.316 0.003687596847
36.318 0.003687439207
36.32 0.00368763889
36.322 0.003687478304
36.324 0.003687671612
36.326 0.00368751912
36.328 0.00368770669
36.33 0.003687555614
36.332 0.003687745678
36.334 0.003687595098
36.336 0.003687776302
36.338 0.003687633212
36.34 0.003687813793
36.342 0.00368767262
36.344 0.003687853586
36.346 0.003687712254
36.348 0.003687885375
36.35 0.003687749349
36.352 0.003687916555
36.354 0.003687788347
36.356 0.00368795164
36.358 0.003687839804
36.36 0.003687982923
36.362 0.00368788001
36.364 0.003688015664
36.366 0.003687916847
36.368 0.003688047475
36.37 0.003687963626
36.372 0.003688083886
36.374 0.003688004097
36.376 0.003688121317
36.378 0.003688044378
36.38 0.003688153605
36.382 0.0036880837
36.384 0.003688188771
36.386 0.003688116029
36.388 0.003688225272
36.39 0.003688159685
36.392 0.003688261303
36.394 0.003688197843
36.396 0.003688304981
36.398 0.003688239101
36.4 0.003688341224
36.402 0.003688273482
36.404 0.003688374928
36.406 0.003688307889
36.408 0.003688416404
36.41 0.003688350508
36.412 0.003688454919
36.414 0.003688383016
36.416 0.003688492649
36.418 0.003688427802
36.42 0.003688529492
36.422 0.003688466318
36.424 0.003688576948
36.426 0.003688509915
36.428 0.003688611552
36.43 0.003688548933
36.432 0.003688655843
36.434 0.003688591437
36.436 0.003688689811
36.438 0.003688630951
36.44 0.003688733764
36.442 0.003688672515
36.444 0.003688766104
36.446 0.003688714398
36.448 0.003688806727
36.45 0.003688752384
36.452 0.003688843443
36.454 0.003688799045
36.456 0.003688884177
36.458 0.003688837114
36.46 0.003688923209
36.462 0.003688885852
36.464 0.003688963744
36.466 0.00368892412
36.468 0.003689004759
36.47 0.003688970786
36.472 0.003689044366
36.474 0.003689008336
36.476 0.003689084013
36.478 0.003689054572
36.48 0.003689125852
36.482 0.003689090452
36.484 0.003689164221
36.486 0.003689136149
36.488 0.003689204855
36.49 0.003689171918
36.492 0.003689245789
36.494 0.003689216145
36.496 0.003689292051
36.498 0.003689258317
36.5 0.003689328801
36.502 0.003689301305
36.504 0.003689375435
36.506 0.003689341972
36.508 0.003689412996
36.51 0.003689380333
36.512 0.003689457512
36.514 0.003689421966
36.516 0.00368949242
36.518 0.003689455096
36.52 0.003689529294
36.522 0.00368949773
36.524 0.003689568495
36.526 0.003689531889
36.528 0.00368960787
36.53 0.003689578706
36.532 0.003689653818
36.534 0.003689618162
36.536 0.003689687819
36.538 0.003689659212
36.54 0.003689730575
36.542 0.003689701208
36.544 0.003689765811
36.546 0.003689736462
36.548 0.00368980388
36.55 0.00368978101
36.552 0.003689843756
36.554 0.003689822119
36.556 0.003689876398
36.558 0.003689860685
36.56 0.003689917841
36.562 0.003689901967
36.564 0.003689948182
36.566 0.003689935558
36.568 0.003689983518
36.57 0.003689982019
36.572 0.003690027922
36.574 0.003690023958
36.576 0.003690058625
36.578 0.003690059189
36.58 0.00369009579
36.582 0.003690102506
36.584 0.00369013608
36.586 0.003690143977
36.588 0.00369016997
36.59 0.003690178561
36.592 0.003690203747
36.594 0.003690218797
36.596 0.003690245657
36.598 0.003690260868
36.6 0.003690278805
36.602 0.003690293063
36.604 0.003690315404
36.606 0.003690337942
36.608 0.003690359709
36.61 0.003690378441
36.612 0.003690395481
36.614 0.003690411817
36.616 0.003690441008
36.618 0.003690454774
36.62 0.003690478218
36.622 0.003690493584
36.624 0.003690510975
36.626 0.003690524711
36.628 0.00369054722
36.63 0.003690566461
36.632 0.003690592987
36.634 0.003690604585
36.636 0.003690636861
36.638 0.003690638466
36.64 0.003690668628
36.642 0.003690680378
36.644 0.003690712275
36.646 0.003690718253
36.648 0.003690752729
36.65 0.003690754346
36.652 0.003690796115
36.654 0.003690786511
36.656 0.003690826488
36.658 0.003690828309
36.66 0.003690869874
36.662 0.003690867619
36.664 0.003690905918
36.666 0.003690899981
36.668 0.003690953694
36.67 0.00369093422
36.672 0.003690984813
36.674 0.003690978229
36.676 0.003691028122
36.678 0.003691018146
36.68 0.003691075535
36.682 0.003691056852
36.684 0.003691102203
36.686 0.003691091259
36.688 0.003691140286
36.69 0.003691133145
36.692 0.003691193272
36.694 0.003691173043
36.696 0.003691224198
36.698 0.003691210536
36.7 0.003691256807
36.702 0.003691243811
36.704 0.003691303209
36.706 0.00369128262
36.708 0.003691335467
36.71 0.003691326707
36.712 0.003691378724
36.714 0.00369135808
36.716 0.003691417699
36.718 0.003691402874
36.72 0.003691450268
36.722 0.003691437461
36.724 0.003691497135
36.726 0.003691477427
36.728 0.003691529821
36.73 0.003691521556
36.732 0.00369158044
36.734 0.003691560503
36.736 0.003691613079
36.738 0.003691600385
36.74 0.003691654113
36.742 0.003691635266
36.744 0.003691685866
36.746 0.003691673332
36.748 0.003691733316
36.75 0.00369171142
36.752 0.003691764195
36.754 0.003691753741
36.756 0.003691817158
36.758 0.003691796431
36.76 0.003691851563
36.762 0.003691835605
36.764 0.003691899635
36.766 0.003691874766
36.768 0.003691926111
36.77 0.003691898294
36.772 0.003691964009
36.774 0.003691944384
36.776 0.003692015008
36.778 0.003691984429
36.78 0.00369204857
36.782 0.003692014559
36.784 0.003692086465
36.786 0.00369206527
36.788 0.003692141935
36.79 0.003692107789
36.792 0.0036921777
36.794 0.003692139305
36.796 0.003692216414
36.798 0.003692184858
36.8 0.003692266263
36.802 0.003692225575
36.804 0.003692300427
36.806 0.003692257597
36.808 0.00369233615
36.81 0.003692288987
36.812 0.003692375482
36.814 0.00369233595
36.816 0.003692425702
36.818 0.003692378474
36.82 0.003692470407
36.822 0.003692418851
36.824 0.00369250221
36.826 0.003692448889
36.828 0.003692542508
36.83 0.003692488397
36.832 0.003692585042
36.834 0.00369253731
36.836 0.003692635228
36.838 0.003692577941
36.84 0.003692678944
36.842 0.003692620183
36.844 0.003692723943
36.846 0.003692660593
36.848 0.003692765449
36.85 0.003692701369
36.852 0.003692806125
36.854 0.003692746551
36.856 0.00369285453
36.858 0.003692789415
36.86 0.003692899077
36.862 0.003692830667
36.864 0.003692941188
36.866 0.003692870478
36.868 0.00369298401
36.87 0.00369291134
36.872 0.003693026543
36.874 0.003692952419
36.876 0.003693069908
36.878 0.003692994827
36.88 0.003693114313
36.882 0.003693036436
36.884 0.003693156453
36.886 0.003693076376
36.888 0.003693199813
36.89 0.003693118864
36.892 0.003693245766
36.894 0.003693160687
36.896 0.003693287289
36.898 0.003693200852
36.9 0.003693330825
36.902 0.003693243127
36.904 0.003693375583
36.906 0.003693284866
36.908 0.003693417921
36.91 0.003693317804
36.912 0.003693454672
36.914 0.003693357298
36.916 0.003693496258
36.918 0.003693398795
36.92 0.003693539835
36.922 0.003693441897
36.924 0.003693594344
36.926 0.003693493245
36.928 0.00369363934
36.93 0.003693537362
36.932 0.003693685593
36.934 0.003693571326
36.936 0.003693720263
36.938 0.00369361072
36.94 0.003693772865
36.942 0.00369366431
36.944 0.003693820169
36.946 0.003693694398
36.948 0.003693849489
36.95 0.003693735437
36.952 0.003693902274
36.954 0.003693786506
36.956 0.003693947407
36.958 0.003693820921
36.96 0.003693983119
36.962 0.003693864303
36.964 0.003694035989
36.966 0.003693915439
36.968 0.003694083789
36.97 0.003693952504
36.972 0.003694125151
36.974 0.003693999904
36.976 0.003694179747
36.978 0.003694053702
36.98 0.003694228032
36.982 0.003694091491
36.984 0.00369427297
36.986 0.003694144194
36.988 0.003694320836
36.99 0.003694180316
36.992 0.003694364666
36.994 0.003694226841
36.996 0.003694406555
36.998 0.003694262757
37 0.003694448905
37.002 0.003694314245
37.004 0.003694494757
37.006 0.003694349679
37.008 0.003694539438
37.01 0.003694403327
37.012 0.003694591852
37.014 0.003694444577
37.016 0.003694637727
37.018 0.003694489836
37.02 0.003694676738
37.022 0.003694534781
37.024 0.003694728194
37.026 0.003694573879
37.028 0.003694771242
37.03 0.003694626919
37.032 0.003694814337
37.034 0.003694663992
37.036 0.00369486208
37.038 0.003694707333
37.04 0.00369491141
37.042 0.003694765927
37.044 0.003694958588
37.046 0.003694805669
37.048 0.003695005133
37.05 0.003694843696
37.052 0.003695045375
37.054 0.003694887189
37.056 0.00369508032
37.058 0.00369493257
37.06 0.003695138478
37.062 0.003694981913
37.064 0.003695185364
37.066 0.003695028753
37.068 0.003695231761
37.07 0.003695073023
37.072 0.003695275966
37.074 0.003695112876
37.076 0.00369531561
37.078 0.003695165008
37.08 0.003695360308
37.082 0.003695203795
37.084 0.003695409393
37.086 0.0036952525
37.088 0.003695457481
37.09 0.003695293797
37.092 0.003695496914
37.094 0.003695337561
37.096 0.00369554054
37.098 0.003695381532
37.1 0.00369558963
37.102 0.003695433393
37.104 0.003695635937
37.106 0.003695478216
37.108 0.003695680773
37.11 0.00369551829
37.112 0.003695718891
37.114 0.003695561606
37.116 0.003695762445
37.118 0.003695606093
37.12 0.003695811717
37.122 0.003695657822
37.124 0.003695857697
37.126 0.003695696911
37.128 0.003695896541
37.13 0.003695741554
37.132 0.003695938527
37.134 0.003695785434
37.136 0.003695988746
37.138 0.003695835431
37.14 0.003696033194
37.142 0.003695875945
37.144 0.003696071113
37.146 0.003695920838
37.148 0.003696122376
37.15 0.003695971321
37.152 0.003696166782
37.154 0.003696017607
37.156 0.003696210524
37.158 0.003696055404
37.16 0.003696248574
37.162 0.003696100457
37.164 0.003696297273
37.166 0.003696150597
37.168 0.00369634154
37.17 0.003696190077
37.172 0.00369637973
37.174 0.003696234672
37.176 0.003696428317
37.178 0.00369628589
37.18 0.003696472748
37.182 0.003696324814
37.184 0.003696510729
37.186 0.003696369906
37.188 0.003696553251
37.19 0.003696414985
37.192 0.003696602148
37.194 0.003696464956
37.196 0.003696647691
37.198 0.003696506606
37.2 0.003696685218
37.202 0.003696551346
37.204 0.00369673398
37.206 0.003696601478
37.208 0.003696778411
37.21 0.003696642976
37.212 0.003696815596
37.214 0.003696688324
37.216 0.003696864784
37.218 0.003696739751
37.22 0.003696911297
37.222 0.003696781813
37.224 0.00369694976
37.226 0.00369682775
37.228 0.003696998622
37.23 0.003696878648
37.232 0.00369704307
37.234 0.003696918965
37.236 0.003697082918
37.238 0.003696966951
37.24 0.003697132647
37.242 0.003697018892
37.244 0.003697177027
37.246 0.003697061108
37.248 0.003697224966
37.25 0.00369711445
37.252 0.003697269178
37.254 0.003697155621
37.256 0.003697307321
37.258 0.003697202461
37.26 0.003697358842
37.262 0.003697256046
37.264 0.003697405896
37.266 0.003697299341
37.268 0.003697445863
37.27 0.003697347148
37.272 0.003697495683
37.274 0.003697401219
37.276 0.003697543961
37.278 0.003697445577
37.28 0.003697591093
37.282 0.003697498721
37.284 0.003697637317
37.286 0.003697543486
37.288 0.003697679226
37.29 0.00369759333
37.292 0.003697731368
37.294 0.00369764815
37.296 0.003697779515
37.298 0.003697691226
37.3 0.003697826893
37.302 0.003697748395
37.304 0.003697875492
37.306 0.003697793389
37.308 0.003697918521
37.31 0.003697843359
37.312 0.003697971473
37.314 0.003697899688
37.316 0.003698022594
37.318 0.00369794629
37.32 0.003698069978
37.322 0.003698002283
37.324 0.003698119737
37.326 0.003698048961
37.328 0.00369816416
37.33 0.003698100168
37.332 0.003698219085
37.334 0.003698152005
37.336 0.0036982643
37.338 0.003698202782
37.34 0.003698319779
37.342 0.003698261695
37.344 0.003698370748
37.346 0.003698309472
37.348 0.003698421742
37.35 0.003698367383
37.352 0.003698473187
37.354 0.003698415863
37.356 0.003698524578
37.358 0.003698473959
37.36 0.003698577504
37.362 0.003698522435
37.364 0.003698622884
37.366 0.003698575574
37.368 0.003698679925
37.37 0.003698629479
37.372 0.003698727366
37.374 0.003698683209
37.376 0.003698785497
37.378 0.003698737858
37.38 0.003698833738
37.382 0.003698792353
37.384 0.003698892996
37.386 0.003698852144
37.388 0.003698946316
37.39 0.003698901877
37.392 0.003699000216
37.394 0.003698961845
37.396 0.003699054229
37.398 0.00369901149
37.4 0.003699108159
37.402 0.003699071462
37.404 0.003699162632
37.406 0.00369906883
37.408 0.003699183794
37.41 0.00369918541
37.412 0.003699263282
37.414 0.003699233988
37.416 0.003699324412
37.418 0.00369929303
37.42 0.003699381649
37.422 0.003699342751
37.424 0.003699437462
37.426 0.003699403158
37.428 0.003699493439
37.43 0.003699453791
37.432 0.00369954916
37.434 0.003699514078
37.436 0.003699604997
37.438 0.003699565353
37.44 0.003699660997
37.442 0.00369962587
37.444 0.003699718231
37.446 0.003699676503
37.448 0.003699772799
37.45 0.003699737248
37.452 0.003699829601
37.454 0.003699788221
37.456 0.003699885649
37.458 0.0036998493
37.46 0.003699941915
37.462 0.003699900234
37.464 0.003699998907
37.466 0.00369996128
37.468 0.003700056061
37.47 0.003700013273
37.472 0.003700112402
37.474 0.003700067506
37.476 0.003700163377
37.478 0.00370012363
37.48 0.003700225291
37.482 0.003700179492
37.484 0.003700278507
37.486 0.003700235787
37.488 0.00370033967
37.49 0.00370029183
37.492 0.003700392216
37.494 0.003700348905
37.496 0.00370045466
37.498 0.003700404529
37.5 0.003700512274
37.502 0.003700466481
37.504 0.003700570138
37.506 0.003700517548
37.508 0.003700627177
37.51 0.003700578739
37.512 0.003700685744
37.514 0.003700631229
37.516 0.003700743583
37.518 0.003700685964
37.52 0.00370079514
37.522 0.003700741729
37.524 0.003700857498
37.526 0.003700797705
37.528 0.003700915746
37.53 0.003700858406
37.532 0.003700975452
37.534 0.003700912229
37.536 0.003701032785
37.538 0.003700973424
37.54 0.003701089921
37.542 0.003701023491
37.544 0.003701148277
37.546 0.003701080295
37.548 0.003701199221
37.55 0.003701136213
37.552 0.003701263271
37.554 0.003701192551
37.556 0.003701321139
37.558 0.003701254849
37.56 0.003701380076
37.562 0.00370130585
37.564 0.00370143773
37.566 0.003701360036
37.568 0.003701490801
37.57 0.003701417675
37.572 0.003701553385
37.574 0.003701474155
37.576 0.003701612236
37.578 0.003701537088
37.58 0.003701671115
37.582 0.003701588226
37.584 0.003701728985
37.586 0.003701645154
37.588 0.003701781361
37.59 0.003701701583
37.592 0.00370184406
37.594 0.003701757604
37.596 0.003701904951
37.598 0.0037018208
37.6 0.003701964058
37.602 0.003701871706
37.604 0.003702020599
37.606 0.003701927571
37.608 0.003702079419
37.61 0.003701990681
37.612 0.003702139002
37.614 0.003702041991
37.616 0.003702195861
37.618 0.00370209775
37.62 0.003702247396
37.622 0.003702153635
37.624 0.003702311372
37.626 0.003702210623
37.628 0.003702370759
37.63 0.003702273579
37.632 0.003702428574
37.634 0.003702325698
37.636 0.003702487431
37.638 0.003702382177
37.64 0.003702547213
37.642 0.003702444682
37.644 0.003702604276
37.646 0.003702496554
37.648 0.003702662457
37.65 0.003702552599
37.652 0.003702721311
37.654 0.003702615568
37.656 0.003702781527
37.658 0.003702667255
37.66 0.003702838692
37.662 0.003702723401
37.664 0.003702898138
37.666 0.003702786888
37.668 0.003702957003
37.67 0.003702837495
37.672 0.003703015474
37.674 0.003702893399
37.676 0.003703073451
37.678 0.003702956539
37.68 0.003703133503
37.682 0.00370300835
37.684 0.003703192881
37.686 0.003703065145
37.688 0.003703250828
37.69 0.003703128106
37.692 0.003703309689
37.694 0.003703179638
37.696 0.003703370365
37.698 0.003703237043
37.7 0.003703428366
37.702 0.00370329961
37.704 0.003703486605
37.706 0.003703350518
37.708 0.003703547637
37.71 0.003703409703
37.712 0.003703605618
37.714 0.003703466831
37.716 0.003703656755
37.718 0.003703525221
37.72 0.003703721793
37.722 0.003703583283
37.724 0.003703781026
37.726 0.003703641579
37.728 0.003703834115
37.73 0.003703699418
37.732 0.003703898399
37.734 0.00370375721
37.736 0.003703959346
37.738 0.003703814697
37.74 0.003704019567
37.742 0.003703877515
37.744 0.003704079566
37.746 0.003703930281
37.748 0.003704138351
37.75 0.003703988259
37.752 0.003704197677
37.754 0.003704046567
37.756 0.00370425257
37.758 0.003704103856
37.76 0.003704315387
37.762 0.003704162189
37.764 0.003704376749
37.766 0.003704219909
37.768 0.003704436445
37.77 0.003704284742
37.772 0.003704495838
37.774 0.003704338296
37.776 0.003704557565
37.778 0.003704396534
37.78 0.003704616677
37.782 0.003704454331
37.784 0.003704676575
37.786 0.003704517947
37.788 0.003704737239
37.79 0.003704573342
37.792 0.003704797254
37.794 0.003704630655
37.796 0.003704854705
37.798 0.003704691911
37.8 0.003704914036
37.802 0.003704756979
37.804 0.003704974258
37.806 0.003704807696
37.808 0.003705034097
37.81 0.003704865556
37.812 0.003705095246
37.814 0.003704923981
37.816 0.003705156872
37.818 0.003704985564
37.82 0.003705216795
37.822 0.00370503974
37.824 0.003705278895
37.826 0.003705097616
37.828 0.003705337855
37.83 0.003705156027
37.832 0.003705398391
37.834 0.00370521506
37.836 0.003705452187
37.838 0.003705275256
37.84 0.003705517102
37.842 0.00370533275
37.844 0.003705577075
37.846 0.003705389858
37.848 0.003705644558
37.85 0.003705442659
37.852 0.003705706832
37.854 0.003705508309
37.856 0.003705767007
37.858 0.003705561786
37.86 0.00370582552
37.862 0.003705621967
37.864 0.003705884016
37.866 0.003705681014
37.868 0.003705942479
37.87 0.00370574255
37.872 0.003706002582
37.874 0.00370580892
37.876 0.003706060198
37.878 0.003705863886
37.88 0.00370612006
37.882 0.003705923218
37.884 0.003706178316
37.886 0.003705983197
37.888 0.003706238261
37.89 0.003706043077
37.892 0.003706296227
37.894 0.003706102374
37.896 0.003706350534
37.898 0.003706163004
37.9 0.003706413657
37.902 0.003706222338
37.904 0.003706468532
37.906 0.003706289063
37.908 0.003706527946
37.91 0.003706350052
37.912 0.003706586444
37.914 0.003706409293
37.916 0.003706645947
37.918 0.003706470152
37.92 0.003706699619
37.922 0.003706534601
37.924 0.003706758896
37.926 0.003706596338
37.928 0.003706819782
37.93 0.003706656763
37.932 0.003706878464
37.934 0.003706715431
37.936 0.003706937478
37.938 0.003706776462
37.94 0.003706998309
37.942 0.003706836804
37.944 0.003707056059
37.946 0.003706902209
37.948 0.003707116579
37.95 0.003706958654
37.952 0.003707173423
37.954 0.003707018013
37.956 0.003707231232
37.958 0.003707076913
37.96 0.003707289823
37.962 0.003707138714
37.964 0.003707349651
37.966 0.003707199659
37.968 0.003707406172
37.97 0.003707259643
37.972 0.00370746348
37.974 0.003707322082
37.976 0.00370752155
37.978 0.003707390436
37.98 0.003707578634
37.982 0.00370744761
37.984 0.003707634418
37.986 0.003707505191
37.988 0.003707694162
37.99 0.0037075682
37.992 0.003707752576
37.994 0.003707631271
37.996 0.003707807882
37.998 0.003707693111
38 0.003707864088
38.002 0.00370775626
38.004 0.003707920911
38.006 0.003707820879
38.008 0.003707977243
38.01 0.003707882668
38.012 0.003708034104
38.014 0.003707946968
38.016 0.003708090164
38.018 0.003708007196
38.02 0.003708148173
38.022 0.003708070827
38.024 0.003708209507
38.026 0.003708134644
38.028 0.003708272313
38.03 0.003708193313
38.032 0.003708330617
38.034 0.003708248807
38.036 0.003708391367
38.038 0.003708315306
38.04 0.003708449438
38.042 0.003708374985
38.044 0.003708509912
38.046 0.00370844229
38.048 0.003708574369
38.05 0.00370850602
38.052 0.003708631713
38.054 0.003708564037
38.056 0.003708688868
38.058 0.003708630207
38.06 0.003708753272
38.062 0.003708694186
38.064 0.003708809846
38.066 0.003708757472
38.068 0.003708877649
38.07 0.003708802239
38.072 0.003708951874
38.074 0.00370885543
38.076 0.003709016257
38.078 0.003708919898
38.08 0.00370908129
38.082 0.003708982964
38.084 0.003709138046
38.086 0.003709044858
38.088 0.003709194675
38.09 0.003709113547
38.092 0.003709255061
38.094 0.003709173079
38.096 0.003709316264
38.098 0.003709241669
38.1 0.003709383639
38.102 0.003709306133
38.104 0.003709443204
38.106 0.00370936782
38.108 0.003709508078
38.11 0.003709432107
38.112 0.003709564236
38.114 0.003709492369
38.116 0.00370962493
38.118 0.003709558391
38.12 0.003709687521
38.122 0.003709616296
38.124 0.003709750492
38.126 0.003709681297
38.128 0.003709814085
38.13 0.003709740462
38.132 0.003709878205
38.134 0.003709805412
38.136 0.003709941827
38.138 0.003709864007
38.14 0.00371000601
38.142 0.003709930807
38.144 0.003710070777
38.146 0.003709989658
38.148 0.003710137551
38.15 0.003710055794
38.152 0.003710202833
38.154 0.003710114544
38.156 0.003710266638
38.158 0.003710181954
38.16 0.003710331126
38.162 0.003710245459
38.164 0.003710400905
38.166 0.003710307576
38.168 0.003710462598
38.17 0.003710370191
38.172 0.003710531985
38.174 0.003710434405
38.176 0.00371059327
38.178 0.003710497569
38.18 0.00371065798
38.182 0.003710555178
38.184 0.003710726297
38.186 0.003710622439
38.188 0.003710789908
38.19 0.003710685926
38.192 0.003710859765
38.194 0.003710748992
38.196 0.003710922608
38.198 0.003710812071
38.2 0.003710986064
38.202 0.003710868189
38.204 0.00371106997
38.206 0.003710933752
38.208 0.003711141025
38.21 0.003710995325
38.212 0.003711211404
38.214 0.003711057376
38.216 0.003711274318
38.218 0.0037111174
38.22 0.003711337984
38.222 0.003711176055
38.224 0.00371140267
38.226 0.003711242286
38.228 0.003711469017
38.23 0.003711304399
38.232 0.003711536988
38.234 0.003711367705
38.236 0.003711598458
38.238 0.003711430538
38.24 0.003711660233
38.242 0.003711492661
38.244 0.003711731131
38.246 0.003711555244
38.248 0.003711787755
38.25 0.003711617678
38.252 0.003711849875
38.254 0.003711672991
38.256 0.003711913368
38.258 0.003711740617
38.26 0.003711976664
38.262 0.003711803421
38.264 0.003712037056
38.266 0.003711860118
38.268 0.003712038325
38.27 0.00371180513
38.272 0.003712088515
38.274 0.003711854056
38.276 0.003712161729
38.278 0.003711907875
38.28 0.003712233595
38.282 0.003711960818
38.284 0.003712309594
38.286 0.00371201585
38.288 0.003712394321
38.29 0.003712069543
38.292 0.003712463347
38.294 0.003712121802
38.296 0.003712537058
38.298 0.003712175431
38.3 0.003712617512
38.302 0.003712231225
38.304 0.003712685177
38.306 0.003712284006
38.308 0.003712758184
38.31 0.00371231493
38.312 0.003712781996
38.314 0.003712364743
38.316 0.003712837463
38.318 0.00371242897
38.32 0.003712897489
38.322 0.003712522281
38.324 0.003713026851
38.326 0.003712596771
38.328 0.003713095723
38.33 0.003712656128
38.332 0.003713164161
38.334 0.003712708828
38.336 0.003713235814
38.338 0.003712761754
38.34 0.003713300045
38.342 0.00371281632
38.344 0.003713366495
38.346 0.003712869057
38.348 0.003713434741
38.35 0.003712918091
38.352 0.003713497393
38.354 0.003712973978
38.356 0.003713563059
38.358 0.003713027363
38.36 0.003713625667
38.362 0.003713077522
38.364 0.003713692225
38.366 0.003713136307
38.368 0.003713811992
38.37 0.003713295322
38.372 0.003713897189
38.374 0.00371336335
38.376 0.003713956278
38.378 0.003713422146
38.38 0.003714001419
38.382 0.003713483708
38.384 0.003714049366
38.386 0.003713544273
38.388 0.00371409592
38.39 0.003713604488
38.392 0.003714148716
38.394 0.003713664476
38.396 0.00371419217
38.398 0.003713724656
38.4 0.003714241858
38.402 0.003713786105
38.404 0.003714292304
38.406 0.003713840679
38.408 0.003714342183
38.41 0.003713904451
38.412 0.00371439259
38.414 0.003713966281
38.416 0.003714444497
38.418 0.003714026507
38.42 0.003714495373
38.422 0.003714087408
38.424 0.003714553154
38.426 0.003714147298
38.428 0.00371460066
38.43 0.00371420692
38.432 0.003714653564
38.434 0.00371426919
38.436 0.003714708204
38.438 0.003714331301
38.44 0.003714761523
38.442 0.00371438735
38.444 0.003714816748
38.446 0.003714456068
38.448 0.00371487357
38.45 0.003714520863
38.452 0.003714929
38.454 0.003714585273
38.456 0.003714985562
38.458 0.00371465014
38.46 0.003715042464
38.462 0.003714711563
38.464 0.003715101145
38.466 0.003714783042
38.468 0.003715159141
38.47 0.003714851157
38.472 0.003715220906
38.474 0.003714923931
38.476 0.003715283063
38.478 0.003714995683
38.48 0.003715343755
38.482 0.00371506685
38.484 0.003715406476
38.486 0.003715133878
38.488 0.003715468593
38.49 0.003715213245
38.492 0.003715533264
38.494 0.003715289797
38.496 0.003715598641
38.498 0.003715368464
38.5 0.003715666007
38.502 0.003715445219
38.504 0.003715730345
38.506 0.003715523217
38.508 0.003715799928
38.51 0.003715607354
38.512 0.003715875448
38.514 0.00371569
38.516 0.003715941078
38.518 0.003715770891
38.52 0.003716009681
38.522 0.003715856668
38.524 0.003716085067
38.526 0.00371594318
38.528 0.003716157078
38.53 0.003716031703
38.532 0.003716230332
38.534 0.0037161188
38.536 0.003716308546
38.538 0.003716210566
38.54 0.003716383942
38.542 0.003716295843
38.544 0.003716464265
38.546 0.003716395637
38.548 0.003716544202
38.55 0.003716490162
38.552 0.003716624392
38.554 0.003716585511
38.556 0.003716706896
38.558 0.003716680957
38.56 0.003716788611
38.562 0.003716779225
38.564 0.003716875539
38.566 0.003716877806
38.568 0.003716957873
38.57 0.003716976826
38.572 0.003717047187
38.574 0.003717077279
38.576 0.00371713148
38.578 0.003717172312
38.58 0.003717221442
38.582 0.003717279109
38.584 0.003717309502
38.586 0.003717382141
38.588 0.003717400318
38.59 0.003717483881
38.592 0.003717488477
38.594 0.003717587802
38.596 0.003717580564
38.598 0.003717689886
38.6 0.003717671936
38.602 0.003717796199
38.604 0.003717765421
38.606 0.003717897437
38.608 0.003717856455
38.61 0.003718000046
38.612 0.003717947953
38.614 0.003718101897
38.616 0.003718041528
38.618 0.003718202925
38.62 0.003718134718
38.622 0.003718301752
38.624 0.003718227645
38.626 0.003718404061
38.628 0.003718320469
38.63 0.003718504728
38.632 0.003718414403
38.634 0.003718603562
38.636 0.003718503292
38.638 0.003718701101
38.64 0.003718597885
38.642 0.003718796409
38.644 0.003718689072
38.646 0.003718889891
38.648 0.003718781165
38.65 0.003718982474
38.652 0.003718868325
38.654 0.003719073095
38.656 0.003718960481
38.658 0.003719161996
38.66 0.003719048524
38.662 0.003719248516
38.664 0.003719137232
38.666 0.003719333908
38.668 0.003719220892
38.67 0.003719416567
38.672 0.003719309445
38.674 0.003719497032
38.676 0.003719393445
38.678 0.003719575207
38.68 0.003719477055
38.682 0.003719650112
38.684 0.003719559497
38.686 0.003719724442
38.688 0.003719640565
38.69 0.0037197954
38.692 0.003719719468
38.694 0.003719864481
38.696 0.003719799165
38.698 0.003719931095
38.7 0.00371987576
38.702 0.003719993292
38.704 0.003719952007
38.706 0.003720056066
38.708 0.003720026862
38.71 0.003720116226
38.712 0.003720101468
38.714 0.003720173946
38.716 0.003720172812
38.718 0.00372022951
38.72 0.003720243734
38.722 0.003720284816
38.724 0.003720315598
38.726 0.003720337412
38.728 0.003720383176
38.73 0.003720388142
38.732 0.003720450498
38.734 0.003720437157
38.736 0.0037205168
38.738 0.003720483831
38.74 0.003720580249
38.742 0.003720529937
38.744 0.003720645189
38.746 0.003720575616
38.748 0.003720709533
38.75 0.003720620318
38.752 0.003720772897
38.754 0.003720664267
38.756 0.003720834472
38.758 0.003720707667
38.76 0.003720894208
38.762 0.003720749795
38.764 0.003720955035
38.766 0.003720792551
38.768 0.003721013648
38.77 0.003720836419
38.772 0.003721072742
38.774 0.003720879735
38.776 0.003721130749
38.778 0.003720923321
38.78 0.003721188487
38.782 0.003720966354
38.784 0.003721244618
38.786 0.00372101219
38.788 0.003721302254
38.79 0.003721057544
38.792 0.003721358048
38.794 0.003721103622
38.796 0.003721414279
38.798 0.003721150396
38.8 0.003721470681
38.802 0.003721201472
38.804 0.003721527754
38.806 0.003721252585
38.808 0.003721583076
38.81 0.003721303915
38.812 0.003721639397
38.814 0.003721358433
38.816 0.003721696775
38.818 0.003721413595
38.82 0.003721752741
38.822 0.003721472181
38.824 0.003721810397
38.826 0.003721532148
38.828 0.003721866725
38.83 0.00372159274
38.832 0.003721924234
38.834 0.003721656723
38.836 0.003721982989
38.838 0.003721722636
38.84 0.003722040716
38.842 0.003721789227
38.844 0.003722100692
38.846 0.00372185958
38.848 0.003722159211
38.85 0.003721930236
38.852 0.003722219208
38.854 0.003722004467
38.856 0.0037222803
38.858 0.003722078928
38.86 0.003722341195
38.862 0.003722156626
38.864 0.003722403012
38.866 0.00372223438
38.868 0.003722466542
38.87 0.003722315324
38.872 0.003722528782
38.874 0.003722396903
38.876 0.003722593776
38.878 0.003722479598
38.88 0.003722657119
38.882 0.003722563561
38.884 0.003722722985
38.886 0.003722648143
38.888 0.003722787769
38.89 0.003722733565
38.892 0.003722853731
38.894 0.003722818452
38.896 0.00372292208
38.898 0.003722905549
38.9 0.00372298831
38.902 0.003722992143
38.904 0.003723055882
38.906 0.003723077639
38.908 0.003723124357
38.91 0.003723164617
38.912 0.003723193154
38.914 0.003723250739
38.916 0.003723262608
38.918 0.00372333511
38.92 0.00372333199
38.922 0.003723420352
38.924 0.00372340203
38.926 0.003723502754
38.928 0.003723472634
38.93 0.00372358616
38.932 0.003723543472
38.934 0.003723666709
38.936 0.00372361474
38.938 0.00372374771
38.94 0.003723685518
38.942 0.003723826633
38.944 0.003723756744
38.946 0.003723903828
38.948 0.00372382824
38.95 0.003723979815
38.952 0.003723900813
38.954 0.003724053599
38.956 0.003723972787
38.958 0.003724126308
38.96 0.003724043639
38.962 0.003724197302
38.964 0.003724115524
38.966 0.003724266649
38.968 0.003724187511
38.97 0.00372433424
38.972 0.003724260159
38.974 0.003724400397
38.976 0.003724332199
38.978 0.003724465096
38.98 0.003724404441
38.982 0.003724528338
38.984 0.003724478045
38.986 0.003724590264
38.988 0.003724550701
38.99 0.003724650726
38.992 0.003724622571
38.994 0.003724710905
38.996 0.003724695231
38.998 0.003724769756
39 0.003724768451
39.002 0.003724827598
39.004 0.003724841749
39.006 0.003724885354
39.008 0.003724914945
39.01 0.003724942464
39.012 0.003724988188
39.014 0.003724998321
39.016 0.003725061895
39.018 0.003725055847
39.02 0.003725135774
39.022 0.003725112846
39.024 0.003725209903
39.026 0.003725169424
39.028 0.003725284276
39.03 0.003725227201
39.032 0.003725358937
39.034 0.003725285314
39.036 0.003725433788
39.038 0.00372534415
39.04 0.003725509013
39.042 0.003725403497
39.044 0.003725585498
39.046 0.003725464554
39.048 0.003725660466
39.05 0.003725526648
39.052 0.003725736368
39.054 0.003725589918
39.056 0.003725812951
39.058 0.003725654288
39.06 0.00372588982
39.062 0.003725720827
39.064 0.003725967002
39.066 0.003725788758
39.068 0.003726044695
39.07 0.003725858273
39.072 0.003726122576
39.074 0.003725929034
39.076 0.003726201568
39.078 0.003726001469
39.08 0.003726280085
39.082 0.003726077272
39.084 0.003726359064
39.086 0.003726153928
39.088 0.003726438696
39.09 0.003726232011
39.092 0.003726519191
39.094 0.003726312519
39.096 0.003726599308
39.098 0.003726394537
39.1 0.003726680203
39.102 0.003726477837
39.104 0.00372676156
39.106 0.003726562567
39.108 0.003726844272
39.11 0.003726649512
39.112 0.003726926034
39.114 0.003726737562
39.116 0.003727008776
39.118 0.003726826243
39.12 0.00372709191
39.122 0.00372691629
39.124 0.003727175207
39.126 0.00372700863
39.128 0.00372725891
39.13 0.003727101329
39.132 0.003727343155
39.134 0.003727194484
39.136 0.003727427427
39.138 0.003727287326
39.14 0.003727512528
39.142 0.003727382318
39.144 0.003727597592
39.146 0.003727476999
39.148 0.003727682955
39.15 0.003727571141
39.152 0.003727768532
39.154 0.003727666045
39.156 0.003727854292
39.158 0.003727760902
39.16 0.003727940552
39.162 0.003727855231
39.164 0.003728027229
39.166 0.003727949256
39.168 0.00372811297
39.17 0.003728042987
39.172 0.003728198565
39.174 0.003728136217
39.176 0.003728285051
39.178 0.00372822878
39.18 0.003728370492
39.182 0.003728320247
39.184 0.003728456225
39.186 0.003728411543
39.188 0.003728542536
39.19 0.003728501666
39.192 0.003728627605
39.194 0.003728589595
39.196 0.003728713631
39.198 0.003728676061
39.2 0.003728799387
39.202 0.003728759821
39.204 0.003728885803
39.206 0.003728843785
39.208 0.003728971514
39.21 0.003728926231
39.212 0.00372905588
39.214 0.003729009562
39.216 0.003729140194
39.218 0.003729091261
39.22 0.00372922404
39.222 0.003729171264
39.224 0.003729307684
39.226 0.003729251116
39.228 0.003729390884
39.23 0.003729330276
39.232 0.003729474277
39.234 0.003729408557
39.236 0.003729556226
39.238 0.003729485627
39.24 0.00372963777
39.242 0.003729562189
39.244 0.00372971856
39.246 0.003729638828
39.248 0.003729799383
39.25 0.003729714265
39.252 0.003729879875
39.254 0.003729788347
39.256 0.003729959199
39.258 0.003729863207
39.26 0.003730038212
39.262 0.003729937158
39.264 0.003730117217
39.266 0.003730010357
39.268 0.00373019449
39.27 0.003730083865
39.272 0.003730272217
39.274 0.003730156961
39.276 0.003730348207
39.278 0.003730229806
39.28 0.003730424476
39.282 0.003730301814
39.284 0.003730499374
39.286 0.003730374891
39.288 0.00373057391
39.29 0.003730447437
39.292 0.003730648382
39.294 0.003730519735
39.296 0.003730721622
39.298 0.003730592175
39.3 0.003730795065
39.302 0.003730664419
39.304 0.003730866781
39.306 0.003730736288
39.308 0.00373093841
39.31 0.00373080818
39.312 0.00373100986
39.314 0.003730880098
39.316 0.003731081269
39.318 0.003730951147
39.32 0.003731151782
39.322 0.003731023956
39.324 0.003731221278
39.326 0.00373109566
39.328 0.003731289632
39.33 0.003731168479
39.332 0.003731359299
39.334 0.003731239847
39.336 0.00373142739
39.338 0.003731312287
39.34 0.003731495404
39.342 0.003731383443
39.344 0.00373156253
39.346 0.003731455201
39.348 0.00373163061
39.35 0.003731526169
39.352 0.003731697989
39.354 0.0037315978
39.356 0.003731765094
39.358 0.003731668689
39.36 0.003731832398
39.362 0.003731739161
39.364 0.003731898865
39.366 0.00373180869
39.368 0.003731965683
39.37 0.003731879814
39.372 0.003732033363
39.374 0.003731948889
39.376 0.003732099139
39.378 0.003732018207
39.38 0.003732166762
39.382 0.003732087382
39.384 0.003732233022
39.386 0.003732154877
39.388 0.0037323005
39.39 0.003732223677
39.392 0.003732366084
39.394 0.003732291509
39.396 0.003732433524
39.398 0.003732360247
39.4 0.003732501611
39.402 0.003732428998
39.404 0.003732567913
39.406 0.003732496285
39.408 0.003732635761
39.41 0.003732563773
39.412 0.003732702402
39.414 0.00373263028
39.416 0.00373277085
39.418 0.003732698897
39.42 0.003732838892
39.422 0.003732767822
39.424 0.003732907039
39.426 0.003732836673
39.428 0.003732976402
39.43 0.003732906297
39.432 0.00373304415
39.434 0.003732974097
39.436 0.003733113092
39.438 0.003733044358
39.44 0.00373318301
39.442 0.003733113596
39.444 0.003733252229
39.446 0.00373318347
39.448 0.003733322277
39.45 0.003733253233
39.452 0.003733393543
39.454 0.003733323788
39.456 0.003733464383
39.458 0.003733392823
39.46 0.003733535004
39.462 0.003733464075
39.464 0.003733608215
39.466 0.003733535166
39.468 0.003733679527
39.47 0.003733606167
39.472 0.003733753573
39.474 0.003733679616
39.476 0.0037338273
39.478 0.003733751882
39.48 0.003733900902
39.482 0.003733825077
39.484 0.003733975537
39.486 0.003733899085
39.488 0.003734050848
39.49 0.003733973792
39.492 0.003734126706
39.494 0.003734049074
39.496 0.003734201576
39.498 0.003734125427
39.5 0.003734277414
39.502 0.00373420237
39.504 0.003734353402
39.506 0.003734281096
39.508 0.003734429908
39.51 0.003734359757
39.512 0.003734507049
39.514 0.003734439916
39.516 0.003734585762
39.518 0.00373452062
39.52 0.00373466302
39.522 0.003734600701
39.524 0.003734740863
39.526 0.003734683367
39.528 0.003734821786
39.53 0.003734766847
39.532 0.003734901679
39.534 0.003734850403
39.536 0.003734981894
39.538 0.003734934374
39.54 0.003735063043
39.542 0.003735019826
39.544 0.003735145294
39.546 0.003735105857
39.548 0.003735226812
39.55 0.003735191239
39.552 0.003735308937
39.554 0.003735278596
39.556 0.00373539236
39.558 0.003735366353
39.56 0.003735474885
39.562 0.003735453729
39.564 0.003735559944
39.566 0.00373554296
39.568 0.00373564396
39.57 0.003735633847
39.572 0.003735729313
39.574 0.003735723645
39.576 0.003735813907
39.578 0.003735813137
39.58 0.003735898759
39.582 0.003735903398
39.584 0.003735984713
39.586 0.003735995434
39.588 0.003736070976
39.59 0.003736086563
39.592 0.003736156628
39.594 0.003736177801
39.596 0.003736243006
39.598 0.003736269807
39.6 0.003736330821
39.602 0.003736362284
39.604 0.003736417704
39.606 0.00373645444
39.608 0.003736503933
39.61 0.003736546338
39.612 0.00373659077
39.614 0.003736638765
39.616 0.003736678403
39.618 0.003736731365
39.62 0.003736765927
39.622 0.003736823214
39.624 0.003736852034
39.626 0.003736915355
39.628 0.003736938914
39.63 0.003737007231
39.632 0.003737026525
39.634 0.003737099453
39.636 0.00373711357
39.638 0.003737190808
39.64 0.003737199742
39.642 0.003737281615
39.644 0.003737286548
39.646 0.003737373045
39.648 0.003737372785
39.65 0.003737464451
39.652 0.003737460188
39.654 0.003737555633
39.656 0.003737545935
39.658 0.003737645244
39.66 0.003737632013
39.662 0.003737735342
39.664 0.003737716948
39.666 0.003737825451
39.668 0.003737802969
39.67 0.003737915329
39.672 0.003737888191
39.674 0.003738004381
39.676 0.003737973463
39.678 0.003738093842
39.68 0.003738058662
39.682 0.003738182841
39.684 0.003738144869
39.686 0.00373827142
39.688 0.003738228068
39.69 0.003738357937
39.692 0.003738311667
39.694 0.003738445262
39.696 0.003738396296
39.698 0.003738533837
39.7 0.003738481386
39.702 0.003738620519
39.704 0.003738563852
39.706 0.00373870633
39.708 0.003738649016
39.71 0.00373879289
39.712 0.003738732375
39.714 0.00373888047
39.716 0.003738817221
39.718 0.003738965836
39.72 0.003738901168
39.722 0.003739050822
39.724 0.003738984759
39.726 0.003739135354
39.728 0.003739069253
39.73 0.003739219244
39.732 0.003739152977
39.734 0.003739302732
39.736 0.003739237213
39.738 0.003739386001
39.74 0.003739321488
39.742 0.003739468116
39.744 0.003739405545
39.746 0.003739550005
39.748 0.003739491381
39.75 0.00373963135
39.752 0.003739576231
39.754 0.003739712159
39.756 0.003739660279
39.758 0.003739791989
39.76 0.0037397454
39.762 0.003739872993
39.764 0.003739830893
39.766 0.00373995254
39.768 0.00373991495
39.77 0.003740032762
39.772 0.003739998898
39.774 0.003740111212
39.776 0.003740083008
39.778 0.003740191133
39.78 0.003740168122
39.782 0.003740270731
39.784 0.003740253379
39.786 0.003740348013
39.788 0.003740336967
39.79 0.003740426017
39.792 0.00374042041
39.794 0.003740505644
39.796 0.003740504956
39.798 0.003740584625
39.8 0.003740587828
39.802 0.00374066409
39.804 0.003740670295
39.806 0.003740741579
39.808 0.003740752793
39.81 0.003740822014
39.812 0.003740836551
39.814 0.003740900931
39.816 0.003740919451
39.818 0.003740979697
39.82 0.003741001009
39.822 0.003741057675
39.824 0.003741083135
39.826 0.003741136703
39.828 0.003741166007
39.83 0.0037412156
39.832 0.003741247741
39.834 0.003741292198
39.836 0.003741329605
39.838 0.003741371715
39.84 0.003741412272
39.842 0.003741450051
39.844 0.003741494696
39.846 0.003741528165
39.848 0.003741576098
39.85 0.003741606149
39.852 0.003741657827
39.854 0.003741684407
39.856 0.003741739745
39.858 0.003741762193
39.86 0.003741821008
39.862 0.003741839979
39.864 0.003741902363
39.866 0.00374191777
39.868 0.003741983771
39.87 0.003741996369
39.872 0.003742066016
39.874 0.00374207414
39.876 0.003742146004
39.878 0.003742151476
39.88 0.003742227084
39.882 0.003742229755
39.884 0.003742308429
39.886 0.003742307134
39.888 0.003742388196
39.89 0.003742383381
39.892 0.003742467891
39.894 0.003742462088
39.896 0.003742548776
39.898 0.003742539754
39.9 0.003742627772
39.902 0.0037426165
39.904 0.003742707459
39.906 0.003742694617
39.908 0.0037427883
39.91 0.003742772138
39.912 0.003742867074
39.914 0.003742849533
39.916 0.003742944854
39.918 0.003742926959
39.92 0.003743022531
39.922 0.003743005338
39.924 0.003743100591
39.926 0.003743083762
39.928 0.003743177457
39.93 0.003743161363
39.932 0.00374325409
39.934 0.003743240075
39.936 0.003743331146
39.938 0.00374331815
39.94 0.003743406794
39.942 0.003743396156
39.944 0.003743483213
39.946 0.003743475311
39.948 0.003743559667
39.95 0.003743554053
39.952 0.003743635033
39.954 0.003743631418
39.956 0.003743710184
39.958 0.003743709758
39.96 0.003743786256
39.962 0.003743787991
39.964 0.003743861502
39.966 0.003743866522
39.968 0.003743937428
39.97 0.003743944704
39.972 0.003744012112
39.974 0.003744022128
39.976 0.003744087038
39.978 0.00374409958
39.98 0.003744162479
39.982 0.003744177687
39.984 0.00374423706
39.986 0.003744255089
39.988 0.003744312592
39.99 0.003744334439
39.992 0.003744386769
39.994 0.003744413175
39.996 0.003744461328
39.998 0.003744492045
40 0.003744536438
40.002 0.003744572552
40.004 0.003744611836
40.006 0.003744650539
40.008 0.003744686519
40.01 0.003744729848
40.012 0.003744762979
40.014 0.003744809999
40.016 0.003744837713
40.018 0.00374488722
40.02 0.003744913736
40.022 0.00374496719
40.024 0.003744990773
40.026 0.003745046297
40.028 0.003745068211
40.03 0.003745126602
40.032 0.003745146613
40.034 0.003745204894
40.036 0.003745223316
40.038 0.003745282538
40.04 0.003745301319
40.042 0.003745364517
40.044 0.003745379636
40.046 0.0037454422
40.048 0.003745456843
40.05 0.003745523529
40.052 0.003745535312
40.054 0.003745603905
40.056 0.003745615093
40.058 0.003745685023
40.06 0.003745694451
40.062 0.003745766763
40.064 0.003745774587
40.066 0.00374584841
40.068 0.003745856292
40.07 0.003745932059
40.072 0.003745938151
40.074 0.003746014438
40.076 0.003746018302
40.078 0.003746096945
40.08 0.003746101411
40.082 0.00374618112
40.084 0.003746183029
40.086 0.003746262959
40.088 0.003746266111
40.09 0.003746348122
40.092 0.003746350239
40.094 0.003746431897
40.096 0.003746434091
40.098 0.003746517813
40.1 0.003746518733
40.102 0.003746602102
40.104 0.003746604107
40.106 0.003746688781
40.108 0.003746689928
40.11 0.003746774642
40.112 0.003746777731
40.114 0.00374686165
40.116 0.003746864437
40.118 0.003746947782
40.12 0.003746952849
40.122 0.0037470353
40.124 0.003747040581
40.126 0.003747122238
40.128 0.003747128722
40.13 0.003747209323
40.132 0.003747218773
40.134 0.003747297585
40.136 0.003747308237
40.138 0.003747385238
40.14 0.003747399388
40.142 0.003747474073
40.144 0.00374749065
40.146 0.003747559673
40.148 0.003747583788
40.15 0.003747649248
40.152 0.003747676727
40.154 0.00374773835
40.156 0.003747768262
40.158 0.003747826856
40.16 0.003747861199
40.162 0.003747917059
40.164 0.003747955002
40.166 0.00374800715
40.168 0.003748048185
40.17 0.003748096173
40.172 0.003748141488
40.174 0.003748186529
40.176 0.003748235262
40.178 0.003748277627
40.18 0.003748330415
40.182 0.003748369009
40.184 0.003748425263
40.186 0.00374845914
40.188 0.003748519561
40.19 0.003748549876
40.192 0.003748614425
40.194 0.003748640317
40.196 0.003748709066
40.198 0.003748732297
40.2 0.003748803729
40.202 0.003748823014
40.204 0.003748898923
40.206 0.0037489139
40.208 0.003748993494
40.21 0.003749002546
40.212 0.003749088207
40.214 0.003749092447
40.216 0.003749183392
40.218 0.003749182381
40.22 0.003749277406
40.222 0.003749273059
40.224 0.003749372981
40.226 0.00374936309
40.228 0.003749467079
40.23 0.003749454373
40.232 0.003749560864
40.234 0.00374954336
40.236 0.003749654939
40.238 0.003749632888
40.24 0.003749747221
40.242 0.003749722221
40.244 0.003749839836
40.246 0.0037498107
40.248 0.003749932635
40.25 0.003749900156
40.252 0.00375002432
40.254 0.003749987732
40.256 0.003750116162
40.258 0.003750077367
40.26 0.003750207322
40.262 0.003750165473
40.264 0.003750298552
40.266 0.00375025392
40.268 0.00375038831
40.27 0.003750341795
40.272 0.003750478086
40.274 0.003750428699
40.276 0.003750566834
40.278 0.003750516178
40.28 0.00375065584
40.282 0.003750603693
40.284 0.003750744331
40.286 0.003750691091
40.288 0.003750832344
40.29 0.003750777879
40.292 0.003750920319
40.294 0.003750864024
40.296 0.003751006805
40.298 0.003750949509
40.3 0.003751093253
40.302 0.003751034783
40.304 0.003751179348
40.306 0.003751120718
40.308 0.003751264944
40.31 0.003751205897
40.312 0.003751350716
40.314 0.003751290718
40.316 0.003751434842
40.318 0.003751375356
40.32 0.003751518907
40.322 0.003751459557
40.324 0.003751602692
40.326 0.003751543504
40.328 0.0037516863
40.33 0.003751627078
40.332 0.003751770282
40.334 0.003751708991
40.336 0.003751852537
40.338 0.003751792672
40.34 0.003751934773
40.342 0.003751876038
40.344 0.003752017314
40.346 0.003751959206
40.348 0.003752098408
40.35 0.003752042234
40.352 0.003752180447
40.354 0.003752125691
40.356 0.003752262105
40.358 0.003752207859
40.36 0.003752341823
40.362 0.00375229025
40.364 0.003752424238
40.366 0.003752373801
40.368 0.003752504337
40.37 0.003752454866
40.372 0.003752584683
40.374 0.003752537472
40.376 0.003752664881
40.378 0.003752618896
40.38 0.003752744874
40.382 0.003752702176
40.384 0.003752824887
40.386 0.003752782274
40.388 0.00375290481
40.39 0.003752864995
40.392 0.003752984719
40.394 0.003752946528
40.396 0.003753064134
40.398 0.003753028289
40.4 0.003753144816
40.402 0.003753109485
40.404 0.003753225263
40.406 0.003753190377
40.408 0.003753305481
40.41 0.003753272671
40.412 0.003753385601
40.414 0.003753327762
40.416 0.003753484513
40.418 0.003753408815
40.42 0.003753567791
40.422 0.003753483663
40.424 0.003753649742
40.426 0.003753556035
40.428 0.003753732701
40.43 0.003753626058
40.432 0.003753816528
40.434 0.003753698172
40.436 0.003753898582
40.438 0.003753771538
40.44 0.003753979286
40.442 0.003753848095
40.444 0.003754058621
40.446 0.003753926278
40.448 0.003754137818
40.45 0.00375400654
40.452 0.003754214233
40.454 0.003754091347
40.456 0.00375429021
40.458 0.003754173195
40.46 0.003754366573
40.462 0.003754261773
40.464 0.00375443773
40.466 0.003754350803
40.468 0.003754513253
40.47 0.003754434577
40.472 0.003754590431
40.474 0.00375452008
40.476 0.003754666168
40.478 0.003754605489
40.48 0.003754748599
40.482 0.003754690622
40.484 0.003754826672
40.486 0.003754775676
40.488 0.003754911046
40.49 0.003754859728
40.492 0.003754992315
40.494 0.003754944858
40.496 0.003755079202
40.498 0.003755029543
40.5 0.003755163032
40.502 0.003755114263
40.504 0.003755251326
40.506 0.003755202158
40.508 0.003755338342
40.51 0.003755284934
40.512 0.003755422767
40.514 0.003755371304
40.516 0.003755513321
40.518 0.003755461038
40.52 0.003755601927
40.522 0.003755545669
40.524 0.003755687408
40.526 0.003755634456
40.528 0.003755775096
40.53 0.003755723911
40.532 0.003755866575
40.534 0.003755817274
40.536 0.003755954673
40.538 0.003755909052
40.54 0.003756042662
40.542 0.003756000786
40.544 0.003756130786
40.546 0.003756094333
40.548 0.003756218607
40.55 0.003756185092
40.552 0.003756304508
40.554 0.003756278968
40.556 0.003756391609
40.558 0.003756373581
40.56 0.003756479572
40.562 0.003756468535
40.564 0.003756568081
40.566 0.003756563989
40.568 0.003756656816
40.57 0.003756659538
40.572 0.003756746895
40.574 0.003756754904
40.576 0.003756835945
40.578 0.003756853409
40.58 0.003756928639
40.582 0.003756948847
40.584 0.003757019319
40.586 0.003757044947
40.588 0.003757106589
40.59 0.003757137372
40.592 0.003757197318
40.594 0.003757234769
40.596 0.003757291293
40.598 0.003757330251
40.6 0.003757379654
40.602 0.003757421325
40.604 0.003757470844
40.606 0.003757519227
40.608 0.003757565315
40.61 0.003757614307
40.612 0.003757654884
40.614 0.00375770888
40.616 0.003757748776
40.618 0.003757803145
40.62 0.0037578375
40.622 0.003757897266
40.624 0.003757931751
40.626 0.003757991356
40.628 0.003758020426
40.63 0.003758085473
40.632 0.003758111717
40.634 0.003758176241
40.636 0.003758202174
40.638 0.003758272754
40.64 0.003758292473
40.642 0.003758366541
40.644 0.003758386028
40.646 0.003758460862
40.648 0.003758473188
40.65 0.003758554931
40.652 0.003758563186
40.654 0.003758648939
40.656 0.003758651961
40.658 0.003758742635
40.66 0.003758744314
40.662 0.003758835527
40.664 0.003758830436
40.666 0.003758929735
40.668 0.003758918274
40.67 0.003759023278
40.672 0.003759007057
40.674 0.003759117015
40.676 0.003759094152
40.678 0.003759210297
40.68 0.003759182329
40.682 0.003759303324
40.684 0.003759269608
40.686 0.003759396299
40.688 0.003759356999
40.69 0.00375948825
40.692 0.003759443358
40.694 0.003759582014
40.696 0.003759530641
40.698 0.003759674624
40.7 0.003759618506
40.702 0.003759766772
40.704 0.003759704884
40.706 0.003759858879
40.708 0.003759792326
40.71 0.003759948455
40.712 0.003759881123
40.714 0.003760039782
40.716 0.003759968617
40.718 0.003760130436
40.72 0.003760055158
40.722 0.003760222326
40.724 0.003760141884
40.726 0.003760313591
40.728 0.003760229636
40.73 0.003760404587
40.732 0.003760316124
40.734 0.003760495228
40.736 0.003760403857
40.738 0.003760585665
40.74 0.003760490446
40.742 0.003760676042
40.744 0.00376057774
40.746 0.003760765629
40.748 0.003760665451
40.75 0.00376085636
40.752 0.003760751982
40.754 0.003760945421
40.756 0.003760841162
40.758 0.003761036004
40.76 0.003760929368
40.762 0.003761125856
40.764 0.003761018243
40.766 0.003761215585
40.768 0.003761106175
40.77 0.003761305361
40.772 0.003761194342
40.774 0.00376139495
40.776 0.003761283735
40.778 0.003761484698
40.78 0.003761373829
40.782 0.003761574491
40.784 0.003761462997
40.786 0.003761664118
40.788 0.003761551194
40.79 0.003761752882
40.792 0.003761642106
40.794 0.003761843111
40.796 0.003761732504
40.798 0.003761932601
40.8 0.003761821425
40.802 0.0037620227
40.804 0.00376191309
40.806 0.00376211152
40.808 0.00376200424
40.81 0.003762202673
40.812 0.0037620957
40.814 0.003762291091
40.816 0.003762188012
40.818 0.003762380289
40.82 0.00376227829
40.822 0.003762469353
40.824 0.003762371951
40.826 0.003762558597
40.828 0.003762462968
40.83 0.003762647586
40.832 0.003762557576
40.834 0.003762736715
40.836 0.003762648984
40.838 0.003762825688
40.84 0.003762744324
40.842 0.003762915064
40.844 0.003762836114
40.846 0.003763003991
40.848 0.003762931357
40.85 0.00376309413
40.852 0.003763025075
40.854 0.003763182059
40.856 0.00376311348
40.858 0.003763234466
40.86 0.003763211315
40.862 0.003763314308
40.864 0.003763307905
40.866 0.003763399599
40.868 0.003763404256
40.87 0.003763487781
40.872 0.003763500379
40.874 0.003763574543
40.876 0.003763593493
40.878 0.003763662262
40.88 0.003763688268
40.882 0.003763750343
40.884 0.003763782719
40.886 0.003763839818
40.888 0.003763877212
40.89 0.003763930108
40.892 0.003763969088
40.894 0.003764018058
40.896 0.003764060963
40.898 0.003764106768
40.9 0.003764151979
40.902 0.003764195907
40.904 0.00376424416
40.906 0.00376428553
40.908 0.003764336562
40.91 0.003764376135
40.912 0.003764428199
40.914 0.003764465659
40.916 0.003764518502
40.918 0.003764553777
40.92 0.003764608988
40.922 0.003764643804
40.924 0.003764699424
40.926 0.003764731369
40.928 0.003764789255
40.93 0.003764820674
40.932 0.003764878799
40.934 0.00376490841
40.936 0.00376496818
40.938 0.003764997613
40.94 0.003765057785
40.942 0.003765085138
40.944 0.003765146078
40.946 0.003765173172
40.948 0.003765235285
40.95 0.003765259912
40.952 0.003765323056
40.954 0.003765347069
40.956 0.003765411836
40.958 0.003765433055
40.96 0.00376549923
40.962 0.00376551879
40.964 0.003765586197
40.966 0.003765603502
40.968 0.003765672974
40.97 0.003765688443
40.972 0.003765760503
40.974 0.00376577509
40.976 0.003765848866
40.978 0.003765859923
40.98 0.003765935064
40.982 0.003765944949
40.984 0.003766021373
40.986 0.003766028189
40.988 0.003766108143
40.99 0.003766110438
40.992 0.003766195413
40.994 0.003766195053
40.996 0.003766279967
40.998 0.00376627735
41 0.003766364104
41.002 0.003766362565
41.004 0.003766450343
41.006 0.00376644664
41.008 0.003766532892
41.01 0.00376652855
41.012 0.003766615808
41.014 0.003766613302
41.016 0.003766699645
41.018 0.003766696268
41.02 0.003766782445
41.022 0.003766780174
41.024 0.003766865333
41.026 0.003766863368
41.028 0.003766948228
41.03 0.003766947102
41.032 0.003767030615
41.034 0.003767029613
41.036 0.003767113107
41.038 0.003767114278
41.04 0.003767195393
41.042 0.003767197192
41.044 0.003767278595
41.046 0.003767281209
41.048 0.003767360341
41.05 0.00376736453
41.052 0.003767441568
41.054 0.003767447211
41.056 0.003767523811
41.058 0.003767530795
41.06 0.00376760573
41.062 0.003767614008
41.064 0.003767687376
41.066 0.003767696473
41.068 0.0037677692
41.07 0.003767780263
41.072 0.003767852035
41.074 0.003767863313
41.076 0.003767934879
41.078 0.003767945814
41.08 0.003768016578
41.082 0.003768029289
41.084 0.003768099692
41.086 0.003768112168
41.088 0.003768181979
41.09 0.00376819396
41.092 0.003768265045
41.094 0.003768277662
41.096 0.003768349095
41.098 0.003768360469
41.1 0.003768432038
41.102 0.003768442708
41.104 0.003768515791
41.106 0.003768525433
41.108 0.00376859977
41.11 0.003768608912
41.112 0.003768684569
41.114 0.003768692035
41.116 0.003768768312
41.118 0.003768774
41.12 0.003768852805
41.122 0.003768857952
41.124 0.003768938516
41.126 0.003768941712
41.128 0.003769022725
41.13 0.00376902447
41.132 0.003769107371
41.134 0.003769107746
41.136 0.003769192138
41.138 0.003769191099
41.14 0.003769277182
41.142 0.003769274556
41.144 0.003769361885
41.146 0.003769357551
41.148 0.003769447117
41.15 0.003769441673
41.152 0.003769532224
41.154 0.00376952628
41.156 0.003769617998
41.158 0.003769609754
41.16 0.003769702195
41.162 0.003769692946
41.164 0.00376978729
41.166 0.00376977678
41.168 0.003769873016
41.17 0.003769861725
41.172 0.003769958895
41.174 0.003769945662
41.176 0.003770043458
41.178 0.003770029743
41.18 0.003770127773
41.182 0.003770113179
41.184 0.003770213286
41.186 0.003770197736
41.188 0.003770298308
41.19 0.003770282
41.192 0.003770383681
41.194 0.003770366244
41.196 0.003770468408
41.198 0.003770450179
41.2 0.003770553069
41.202 0.003770533533
41.204 0.00377063712
41.206 0.003770617324
41.208 0.003770722069
41.21 0.003770702279
41.212 0.003770807054
41.214 0.003770785479
41.216 0.003770891109
41.218 0.003770869044
41.22 0.003770974652
41.222 0.003770952369
41.224 0.003771058221
41.226 0.003771035175
41.228 0.00377114136
41.23 0.003771118938
41.232 0.003771225912
41.234 0.003771201944
41.236 0.00377130859
41.238 0.00377128476
41.24 0.003771392065
41.242 0.003771367909
41.244 0.003771473606
41.246 0.003771449146
41.248 0.00377155557
41.25 0.003771531974
41.252 0.003771637363
41.254 0.003771613637
41.256 0.003771718433
41.258 0.003771696087
41.26 0.003771801179
41.262 0.003771777761
41.264 0.003771881333
41.266 0.003771858978
41.268 0.003771962299
41.27 0.003771940242
41.272 0.003772041346
41.274 0.003772020538
41.276 0.003772121714
41.278 0.003772101086
41.28 0.003772200776
41.282 0.003772181096
41.284 0.003772280567
41.286 0.003772261748
41.288 0.003772359362
41.29 0.003772342201
41.292 0.003772437762
41.294 0.003772422031
41.296 0.003772516615
41.298 0.003772501594
41.3 0.003772591913
41.302 0.003772580468
41.304 0.00377267192
41.306 0.003772660296
41.308 0.003772749431
41.31 0.003772741237
41.312 0.003772826256
41.314 0.003772817106
41.316 0.003772902338
41.318 0.003772894301
41.32 0.003772975834
41.322 0.003772972517
41.324 0.003773054266
41.326 0.003773053022
41.328 0.003773130253
41.33 0.003773128083
41.332 0.003773202978
41.334 0.003773205253
41.336 0.003773280705
41.338 0.003773286311
41.34 0.003773356115
41.342 0.003773363115
41.344 0.003773431122
41.346 0.003773437489
41.348 0.003773502842
41.35 0.003773514136
41.352 0.003773576878
41.354 0.003773591896
41.356 0.003773651271
41.358 0.003773668969
41.36 0.003773726524
41.362 0.003773745616
41.364 0.003773800359
41.366 0.003773822481
41.368 0.003773874605
41.37 0.003773899424
41.372 0.003773947862
41.374 0.003773976119
41.376 0.003774022381
41.378 0.003774052502
41.38 0.003774097753
41.382 0.003774129777
41.384 0.003774170939
41.386 0.003774210018
41.388 0.003774247726
41.39 0.003774288164
41.392 0.003774319229
41.394 0.003774361897
41.396 0.003774393689
41.398 0.003774438466
41.4 0.003774468899
41.402 0.003774518402
41.404 0.003774545149
41.406 0.003774596467
41.408 0.003774616413
41.41 0.00377467414
41.412 0.003774694402
41.414 0.003774751343
41.416 0.00377476832
41.418 0.003774826414
41.42 0.003774842229
41.422 0.003774907056
41.424 0.003774917161
41.426 0.003774982691
41.428 0.003774992337
41.43 0.003775063739
41.432 0.003775068875
41.434 0.003775142611
41.436 0.003775147871
41.438 0.003775221361
41.44 0.00377522162
41.442 0.00377529887
41.444 0.003775298191
41.446 0.003775379181
41.448 0.003775378269
41.45 0.003775459309
41.452 0.003775452616
41.454 0.003775537127
41.456 0.003775529943
41.458 0.003775617783
41.46 0.003775607486
41.462 0.003775697978
41.464 0.003775685962
41.466 0.003775773737
41.468 0.003775764388
41.47 0.003775857946
41.472 0.003775842066
41.474 0.003775937758
41.476 0.003775921717
41.478 0.003776019914
41.48 0.003776000977
41.482 0.003776100568
41.484 0.003776080503
41.486 0.003776182215
41.488 0.003776161559
41.49 0.00377626352
41.492 0.00377624085
41.494 0.003776345131
41.496 0.003776321002
41.498 0.003776424505
41.5 0.003776401172
41.502 0.003776508479
41.504 0.003776481629
41.506 0.0037765882
41.508 0.003776565847
41.51 0.00377666987
41.512 0.003776646562
41.514 0.003776752067
41.516 0.003776728041
41.518 0.003776833762
41.52 0.003776809989
41.522 0.003776917748
41.524 0.003776892369
41.526 0.00377700022
41.528 0.003776974598
41.53 0.003777084148
41.532 0.003777056993
41.534 0.003777166524
41.536 0.003777139272
41.538 0.003777250961
41.54 0.003777221154
41.542 0.003777332243
41.544 0.003777305175
41.546 0.003777415797
41.548 0.003777388466
41.55 0.003777499147
41.552 0.003777469823
41.554 0.003777583115
41.556 0.003777553658
41.558 0.003777666713
41.56 0.003777636738
41.562 0.003777749197
41.564 0.003777720279
41.566 0.003777834233
41.568 0.003777804917
41.57 0.003777917833
41.572 0.003777887132
41.574 0.003777999992
41.576 0.003777971277
41.578 0.003778083874
41.58 0.003778055175
41.582 0.003778167257
41.584 0.003778137277
41.586 0.003778249414
41.588 0.003778221694
41.59 0.003778334652
41.592 0.003778306941
41.594 0.003778418089
41.596 0.003778390233
41.598 0.003778502096
41.6 0.003778472665
41.602 0.003778584058
41.604 0.00377855538
41.606 0.003778668674
41.608 0.003778639407
41.61 0.003778753109
41.612 0.003778723428
41.614 0.003778837732
41.616 0.00377880558
41.618 0.00377892064
41.62 0.003778888649
41.622 0.003779004277
41.624 0.003778972249
41.626 0.003779087306
41.628 0.003779054598
41.63 0.00377917223
41.632 0.003779139114
41.634 0.003779255887
41.636 0.003779223159
41.638 0.003779340088
41.64 0.003779306853
41.642 0.003779424027
41.644 0.003779388197
41.646 0.003779505523
41.648 0.003779470243
41.65 0.003779588741
41.652 0.003779552792
41.654 0.003779671755
41.656 0.003779636477
41.658 0.00377975609
41.66 0.003779719035
41.662 0.003779838951
41.664 0.003779800879
41.666 0.003779922223
41.668 0.003779883562
41.67 0.003780005097
41.672 0.003779966886
41.674 0.003780089249
41.676 0.003780049397
41.678 0.003780173821
41.68 0.003780132899
41.682 0.003780256594
41.684 0.003780214862
41.686 0.003780338984
41.688 0.003780297992
41.69 0.003780422992
41.692 0.003780380281
41.694 0.003780506167
41.696 0.003780462578
41.698 0.003780588684
41.7 0.003780544163
41.702 0.003780671052
41.704 0.00378062705
41.706 0.003780755048
41.708 0.00378070918
41.71 0.003780837541
41.712 0.003780790334
41.714 0.003780920598
41.716 0.003780872456
41.718 0.00378100328
41.72 0.003780955189
41.722 0.003781087623
41.724 0.003781037042
41.726 0.003781170394
41.728 0.003781118597
41.73 0.003781253647
41.732 0.003781201317
41.734 0.003781337556
41.736 0.003781283268
41.738 0.003781421235
41.74 0.003781365243
41.742 0.003781502946
41.744 0.00378144555
41.746 0.003781586035
41.748 0.003781528369
41.75 0.003781670601
41.752 0.003781610209
41.754 0.003781753652
41.756 0.003781691636
41.758 0.003781837487
41.76 0.003781775589
41.762 0.003781923227
41.764 0.003781858078
41.766 0.00378200646
41.768 0.003781939834
41.77 0.003782090456
41.772 0.003782022489
41.774 0.00378217409
41.776 0.003782103942
41.778 0.00378225756
41.78 0.003782185516
41.782 0.003782341942
41.784 0.003782269495
41.786 0.003782428536
41.788 0.00378235216
41.79 0.003782513022
41.792 0.003782434405
41.794 0.003782596089
41.796 0.00378251595
41.798 0.003782681606
41.8 0.003782599891
41.802 0.003782767363
41.804 0.003782682107
41.806 0.003782850478
41.808 0.003782764035
41.81 0.003782936348
41.812 0.003782846763
41.814 0.00378302096
41.816 0.003782930344
41.818 0.003783106964
41.82 0.003783013969
41.822 0.003783191581
41.824 0.003783095718
41.826 0.003783275953
41.828 0.003783179222
41.83 0.003783362189
41.832 0.003783262619
41.834 0.003783446236
41.836 0.003783346163
41.838 0.003783532369
41.84 0.003783427952
41.842 0.003783616129
41.844 0.003783510884
41.846 0.003783701709
41.848 0.003783596032
41.85 0.003783786096
41.852 0.003783677134
41.854 0.003783870801
41.856 0.003783761698
41.858 0.003783957508
41.86 0.003783845433
41.862 0.003784040468
41.864 0.003783927956
41.866 0.003784126415
41.868 0.003784011526
41.87 0.003784209443
41.872 0.003784093904
41.874 0.003784294702
41.876 0.003784177597
41.878 0.003784379138
41.88 0.003784260224
41.882 0.003784463841
41.884 0.003784342903
41.886 0.003784546505
41.888 0.003784425538
41.89 0.003784630899
41.892 0.00378450968
41.894 0.003784713499
41.896 0.00378459067
41.898 0.003784796996
41.9 0.003784675015
41.902 0.003784881252
41.904 0.00378475693
41.906 0.003784963762
41.908 0.00378484013
41.91 0.003785048278
41.912 0.003784921617
41.914 0.003785129468
41.916 0.003785003975
41.918 0.003785213117
41.92 0.003785082861
41.922 0.003785294894
41.924 0.003785158051
41.926 0.003785376436
41.928 0.003785235763
41.93 0.003785458545
41.932 0.003785309868
41.934 0.003785538758
41.936 0.003785387461
41.938 0.003785618964
41.94 0.003785463025
41.942 0.003785698612
41.944 0.003785541496
41.946 0.003785777292
41.948 0.003785616411
41.95 0.003785855597
41.952 0.003785694945
41.954 0.003785927767
41.956 0.003785771976
41.958 0.003786000657
41.96 0.003785848174
41.962 0.003786071531
41.964 0.003785922795
41.966 0.003786145117
41.968 0.00378599821
41.97 0.003786216983
41.972 0.003786072894
41.974 0.003786288573
41.976 0.003786144308
41.978 0.003786361081
41.98 0.003786218648
41.982 0.003786433226
41.984 0.003786290484
41.986 0.003786508203
41.988 0.003786361927
41.99 0.003786579812
41.992 0.003786434031
41.994 0.003786651287
41.996 0.003786505484
41.998 0.00378672517
42 0.003786575542
42.002 0.003786795746
42.004 0.00378664446
42.006 0.003786866223
42.008 0.003786716247
42.01 0.003786937574
42.012 0.003786784945
42.014 0.003787008273
42.016 0.00378685619
42.018 0.003787078305
42.02 0.003786926487
42.022 0.00378714814
42.024 0.003786995921
42.026 0.003787216197
42.028 0.003787065239
42.03 0.003787285346
42.032 0.0037871357
42.034 0.003787352376
42.036 0.003787205947
42.038 0.00378741984
42.04 0.003787275031
42.042 0.003787486781
42.044 0.003787345448
42.046 0.003787554156
42.048 0.003787416238
42.05 0.003787620469
42.052 0.003787486043
42.054 0.003787691808
42.056 0.003787554591
42.058 0.00378776122
42.06 0.003787623998
42.062 0.003787828736
42.064 0.003787698313
42.066 0.003787899323
42.068 0.003787767084
42.07 0.003787969253
42.072 0.003787837009
42.074 0.003788039455
42.076 0.003787906503
42.078 0.003788109658
42.08 0.003787976599
42.082 0.003788181093
42.084 0.003788045841
42.086 0.003788250117
42.088 0.003788113217
42.09 0.003788319699
42.092 0.003788182012
42.094 0.003788388351
42.096 0.003788254587
42.098 0.00378845655
42.1 0.00378832913
42.102 0.003788524896
42.104 0.00378840228
42.106 0.003788593116
42.108 0.003788475244
42.11 0.00378866173
42.112 0.003788547583
42.114 0.003788731648
42.116 0.003788619866
42.118 0.003788801441
42.12 0.003788689756
42.122 0.003788870654
42.124 0.003788760063
42.126 0.003788941136
42.128 0.003788829716
42.13 0.003789021486
42.132 0.003788899722
42.134 0.003789082131
42.136 0.003788968138
42.138 0.003789149671
42.14 0.003789036847
42.142 0.003789218974
42.144 0.003789105105
42.146 0.003789287257
42.148 0.003789173821
42.15 0.003789358646
42.152 0.00378924244
42.154 0.003789434694
42.156 0.003789310472
42.158 0.003789493647
42.16 0.003789378904
42.162 0.003789555526
42.164 0.003789448088
42.166 0.003789619117
42.168 0.003789520357
42.17 0.003789696113
42.172 0.003789590993
42.174 0.00378975447
42.176 0.003789659864
42.178 0.003789818108
42.18 0.003789728137
42.182 0.003789883802
42.184 0.003789786248
42.186 0.003789947477
42.188 0.003789863887
42.19 0.003790012468
42.192 0.003789933708
42.194 0.003790074758
42.196 0.00378998952
42.198 0.003790138446
42.2 0.00379006885
42.202 0.003790200827
42.204 0.00379013657
42.206 0.003790274235
42.208 0.003790206852
42.21 0.003790329488
42.212 0.003790274247
42.214 0.003790389519
42.216 0.003790330187
42.218 0.003790450387
42.22 0.003790406307
42.222 0.003790514303
42.224 0.003790464728
42.226 0.003790574437
42.228 0.003790534589
42.23 0.003790638511
42.232 0.003790591748
42.234 0.003790700437
42.236 0.003790664389
42.238 0.003790761853
42.24 0.003790723384
42.242 0.003790826466
42.244 0.003790797079
42.246 0.003790887275
42.248 0.003790852699
42.25 0.003790949774
42.252 0.003790925599
42.254 0.003791020446
42.256 0.003790989728
42.258 0.003791073653
42.26 0.003791053826
42.262 0.003791143059
42.264 0.003791115579
42.266 0.003791194623
42.268 0.003791169391
42.27 0.003791254807
42.272 0.003791239484
42.274 0.003791325534
42.276 0.003791304092
42.278 0.003791379074
42.28 0.003791356588
42.282 0.003791436895
42.284 0.003791427098
42.286 0.003791508079
42.288 0.003791489817
42.29 0.003791553066
42.292 0.003791546413
42.294 0.003791609575
42.296 0.003791617635
42.298 0.003791681754
42.3 0.00379168371
42.302 0.003791743884
42.304 0.003791744304
42.306 0.003791792481
42.308 0.003791795079
42.31 0.003791851375
42.312 0.003791856731
42.314 0.003791911384
42.316 0.003791927924
42.318 0.003791979076
42.32 0.003791990652
42.322 0.003792041786
42.324 0.003792056144
42.326 0.003792093355
42.328 0.003792107246
42.33 0.003792149987
42.332 0.00379216721
42.334 0.003792207988
42.336 0.003792229467
42.338 0.003792268635
42.34 0.003792291361
42.342 0.003792326132
42.344 0.003792364051
42.346 0.003792397695
42.348 0.00379243046
42.35 0.003792459639
42.352 0.00379249442
42.354 0.003792520154
42.356 0.003792556735
42.358 0.003792579698
42.36 0.003792618023
42.362 0.003792639952
42.364 0.00379268441
42.366 0.003792701758
42.368 0.003792745688
42.37 0.003792762002
42.372 0.003792808073
42.374 0.003792822188
42.376 0.003792870866
42.378 0.00379288302
42.38 0.003792935191
42.382 0.003792944145
42.384 0.003792998472
42.386 0.003793007538
42.388 0.003793061595
42.39 0.003793068152
42.392 0.003793123675
42.394 0.00379313015
42.396 0.003793187731
42.398 0.00379319297
42.4 0.003793252455
42.402 0.003793256033
42.404 0.003793316296
42.406 0.003793319697
42.408 0.003793380187
42.41 0.003793382205
42.412 0.003793433683
42.414 0.003793434342
42.416 0.003793496176
42.418 0.003793496822
42.42 0.003793560341
42.422 0.003793569603
42.424 0.003793633882
42.426 0.003793635032
42.428 0.003793701627
42.43 0.003793700013
42.432 0.00379375661
42.434 0.003793754154
42.436 0.003793820057
42.438 0.003793817152
42.44 0.003793885595
42.442 0.003793890806
42.444 0.003793959306
42.446 0.003793957229
42.448 0.003794017104
42.45 0.003794012998
42.452 0.003794082238
42.454 0.003794075781
42.456 0.003794146719
42.458 0.003794150682
42.46 0.003794222715
42.462 0.003794218655
42.464 0.003794280522
42.466 0.003794274386
42.468 0.003794345274
42.47 0.003794348967
42.472 0.003794418916
42.474 0.00379442001
42.476 0.003794476347
42.478 0.003794486652
42.48 0.00379454988
42.482 0.003794552895
42.484 0.003794608042
42.486 0.003794610214
42.488 0.003794673324
42.49 0.003794684705
42.492 0.003794747976
42.494 0.003794752889
42.496 0.003794806252
42.498 0.003794821021
42.5 0.003794880548
42.502 0.00379488773
42.504 0.003794937479
42.506 0.00379495548
42.508 0.003795012769
42.51 0.003795023773
42.512 0.003795069819
42.514 0.003795090947
42.516 0.003795143313
42.518 0.003795158938
42.52 0.003795201443
42.522 0.003795227856
42.524 0.00379527521
42.526 0.00379529543
42.528 0.00379533225
42.53 0.003795364057
42.532 0.003795396551
42.534 0.00379542354
42.536 0.003795461085
42.538 0.003795498806
42.54 0.003795525521
42.542 0.003795568847
42.544 0.003795601083
42.546 0.003795638587
42.548 0.003795659043
42.55 0.003795707989
42.552 0.003795722677
42.554 0.003795777245
42.556 0.003795797495
42.558 0.003795846295
42.56 0.003795855599
42.562 0.00379591606
42.564 0.003795918927
42.566 0.003795984027
42.568 0.003795992904
42.57 0.003796052813
42.572 0.003796051278
42.574 0.003796124022
42.576 0.00379611601
42.578 0.003796193197
42.58 0.003796180666
42.582 0.00379626272
42.584 0.003796254776
42.586 0.003796331285
42.588 0.003796313222
42.59 0.003796401314
42.592 0.003796377823
42.594 0.003796471441
42.596 0.003796443684
42.598 0.003796541446
42.6 0.00379650952
42.602 0.003796611287
42.604 0.003796575549
42.606 0.003796671659
42.608 0.003796641793
42.61 0.003796749671
42.612 0.003796708291
42.614 0.003796821356
42.616 0.003796774203
42.618 0.003796892301
42.62 0.003796840725
42.622 0.00379696383
42.624 0.003796908029
42.626 0.003797034002
42.628 0.003796973307
42.63 0.003797104021
42.632 0.003797040649
42.634 0.003797175961
42.636 0.003797108403
42.638 0.003797247212
42.64 0.003795450071
42.642 0.003797468913
42.644 0.003795311384
42.646 0.003797555392
42.648 0.003795431632
42.65 0.003797552927
42.652 0.003795621229
42.654 0.003797520024
42.656 0.003795822823
42.658 0.003797485917
42.66 0.003796010384
42.662 0.003797466268
42.664 0.003796179506
42.666 0.003797468364
42.668 0.00379632518
42.67 0.003797489801
42.672 0.0037964453
42.674 0.003797532442
42.676 0.003796545015
42.678 0.003797593982
42.68 0.003796623652
42.682 0.003797672584
42.684 0.003796686795
42.686 0.003797765233
42.688 0.003796734031
42.69 0.00379786652
42.692 0.00379677048
42.694 0.003797977121
42.696 0.003796800158
42.698 0.003798090147
42.7 0.003796826462
42.702 0.003798211309
42.704 0.003796851164
42.706 0.003798320548
42.708 0.003796873501
42.71 0.003798429423
42.712 0.003796907808
42.714 0.003798535663
42.716 0.003796946452
42.718 0.003798632476
42.72 0.003796992302
42.722 0.003798712929
42.724 0.003797042655
42.726 0.003798789497
42.728 0.003797129401
42.73 0.003798857599
42.732 0.003797208419
42.734 0.003798921784
42.736 0.003797288949
42.738 0.003798974037
42.74 0.003799198736
42.742 0.00379884283
42.744 0.00379769227
42.746 0.0037990208
42.748 0.003799344429
42.75 0.003798972175
42.752 0.003797779748
42.754 0.003799172897
42.756 0.003799432418
42.758 0.003799117746
42.76 0.003797890313
42.762 0.003799299576
42.764 0.003799570048
42.766 0.003799223049
42.768 0.003798053533
42.77 0.003799383122
42.772 0.003799758032
42.774 0.003799289742
42.776 0.003798260807
42.778 0.003799438284
42.78 0.003799982065
42.782 0.003799336454
42.784 0.003798496196
42.786 0.003799482363
42.788 0.003800222833
42.79 0.003799381864
42.792 0.003798737802
42.794 0.003799532221
42.796 0.003800460295
42.798 0.003799440842
42.8 0.003800787756
42.802 0.003799437287
42.804 0.003799083849
42.806 0.00379967538
42.808 0.003800729773
42.81 0.00379963519
42.812 0.003801018639
42.814 0.00379965287
42.816 0.003799288709
42.818 0.003799914123
42.82 0.00380092322
42.822 0.003799889542
42.824 0.003801200644
42.826 0.003799920345
42.828 0.003801283103
42.83 0.003800022583
42.832 0.00379948607
42.834 0.003800322809
42.836 0.00380108798
42.838 0.00380031166
42.84 0.003801359959
42.842 0.00380035625
42.844 0.003801441558
42.846 0.003800450695
42.848 0.003799642987
42.85 0.003800748609
42.852 0.003801256866
42.854 0.003800729664
42.856 0.003801540253
42.858 0.003800763793
42.86 0.003801633507
42.862 0.003800845975
42.864 0.003801671464
42.866 0.003800958899
42.868 0.0037998703
42.87 0.003801243862
42.872 0.003801498647
42.874 0.003801205995
42.876 0.003801800042
42.878 0.003801217493
42.88 0.003801914633
42.882 0.003801279626
42.884 0.003801973477
42.886 0.003801364399
42.888 0.003800196825
42.89 0.003801628722
42.892 0.003801840769
42.894 0.003801575449
42.896 0.003802158113
42.898 0.003801566105
42.9 0.003802285456
42.902 0.003801613006
42.904 0.003802354906
42.906 0.003801686343
42.908 0.00380240333
42.91 0.00380176959
42.912 0.003802447943
42.914 0.003801854496
42.916 0.0038006666
42.918 0.003802108698
42.92 0.003802322113
42.922 0.003802045378
42.924 0.003802648005
42.926 0.003802026984
42.928 0.003802779631
42.93 0.003802067147
42.932 0.003802850087
42.934 0.003802136911
42.936 0.003802899153
42.938 0.003802217799
42.94 0.003802940523
42.942 0.003802303489
42.944 0.003801152946
42.946 0.003802561
42.948 0.003802802636
42.95 0.003802501326
42.952 0.003803118881
42.954 0.003802488112
42.956 0.003803242517
42.958 0.003802535462
42.96 0.003803303504
42.962 0.003802612009
42.964 0.003803343966
42.966 0.003802701064
42.968 0.003803378156
42.97 0.003802792882
42.972 0.003803409099
42.974 0.003802884285
42.976 0.003801610669
42.978 0.003803145818
42.98 0.003803258497
42.982 0.003803087089
42.984 0.00380357279
42.986 0.003803074375
42.988 0.003803694812
42.99 0.003803119991
42.992 0.003803756341
42.994 0.003803193496
42.996 0.003803797735
42.998 0.003803280452
43 0.003803833476
43.002 0.003803368632
43.004 0.003803868868
43.006 0.003803455294
43.008 0.0038039069
43.01 0.003803539138
43.012 0.00380394884
43.014 0.003803618975
43.016 0.003803994855
43.018 0.00380369516
43.02 0.00380221104
43.022 0.003803938735
43.024 0.003803887938
43.026 0.003803860552
43.028 0.003804223745
43.03 0.003803828355
43.032 0.003804364285
43.034 0.003803855967
43.036 0.00380444271
43.038 0.003803914258
43.04 0.003804498551
43.042 0.003803985503
43.044 0.003804547048
43.046 0.003804062152
43.048 0.003804592423
43.05 0.00380413941
43.052 0.003804637751
43.054 0.003804216157
43.056 0.003804683966
43.058 0.003804292208
43.06 0.003804731466
43.062 0.003804366155
43.064 0.003804780843
43.066 0.003804438536
43.068 0.003804832537
43.07 0.003804518195
43.072 0.003804883858
43.074 0.003804589852
43.076 0.003804938329
43.078 0.003804657887
43.08 0.003804992206
43.082 0.003804724581
43.084 0.003805049198
43.086 0.003804789984
43.088 0.003805107449
43.09 0.003804853115
43.092 0.003805167163
43.094 0.00380491528
43.096 0.003805227873
43.098 0.003804976366
43.1 0.003805289531
43.102 0.0038050359
43.104 0.003805352147
43.106 0.00380509538
43.108 0.00380449462
43.11 0.00380524161
43.112 0.003805366833
43.114 0.003805227756
43.116 0.003805566773
43.118 0.003805238544
43.12 0.003805667368
43.122 0.003805280637
43.124 0.003805735023
43.126 0.00380533936
43.128 0.003805789788
43.13 0.003805405702
43.132 0.003805838562
43.134 0.003805475298
43.136 0.003805884355
43.138 0.00380554616
43.14 0.003805930007
43.142 0.003805616826
43.144 0.00380597515
43.146 0.003805687344
43.148 0.003806020587
43.15 0.003805756539
43.152 0.003806066663
43.154 0.003805824163
43.156 0.003806113184
43.158 0.003805891058
43.16 0.003804315809
43.162 0.003806128562
43.164 0.003805989502
43.166 0.003806045231
43.168 0.003806316426
43.17 0.003806009478
43.172 0.003806447119
43.174 0.003806035114
43.176 0.003806514079
43.178 0.003806066154
43.18 0.003806553293
43.182 0.003806134896
43.184 0.003806583865
43.186 0.003806212595
43.188 0.003806611465
43.19 0.00380629215
43.192 0.00380663988
43.194 0.003806369692
43.196 0.003806671068
43.198 0.003806444046
43.2 0.003806705785
43.202 0.003806514551
43.204 0.003806745334
43.206 0.003806580944
43.208 0.003804939442
43.21 0.003806816495
43.212 0.003806614988
43.214 0.003806727997
43.216 0.003806944228
43.218 0.003806686357
43.22 0.003807077754
43.222 0.003806703778
43.224 0.003807149699
43.226 0.003806750495
43.228 0.003807199171
43.23 0.003806810726
43.232 0.003807240714
43.234 0.003806875713
43.236 0.003807280243
43.238 0.003806941904
43.24 0.003807320995
43.242 0.003807006867
43.244 0.0038073623
43.246 0.003807070632
43.248 0.003805552903
43.25 0.003807305892
43.252 0.003807227716
43.254 0.003807219262
43.256 0.00380755179
43.258 0.003807181116
43.26 0.00380767871
43.262 0.003807203855
43.264 0.003807742001
43.266 0.003807258432
43.268 0.003807782535
43.27 0.00380732614
43.272 0.003807815121
43.274 0.003807399535
43.276 0.003807843956
43.278 0.0038074734
43.28 0.003807873501
43.282 0.003807546084
43.284 0.003806049138
43.286 0.003807791906
43.288 0.003807718986
43.29 0.003807709507
43.292 0.003808025032
43.294 0.00380767791
43.296 0.003808150075
43.298 0.003807707336
43.3 0.003808206504
43.302 0.003807767713
43.304 0.003808240672
43.306 0.003807840473
43.308 0.003808259059
43.31 0.003807916026
43.312 0.003808291303
43.314 0.003807991918
43.316 0.00380832033
43.318 0.003808065318
43.32 0.003806494488
43.322 0.003808318808
43.324 0.003808163778
43.326 0.003808230661
43.328 0.003808480938
43.33 0.003808195991
43.332 0.003808603128
43.334 0.00380822078
43.336 0.003808655182
43.338 0.003808275793
43.34 0.00380870037
43.342 0.003808343955
43.344 0.003808733567
43.346 0.003808424352
43.348 0.003808764474
43.35 0.003808488183
43.352 0.003806937799
43.354 0.003808729431
43.356 0.003808602216
43.358 0.003808648939
43.36 0.003808925792
43.362 0.003808615714
43.364 0.003809047741
43.366 0.003808652005
43.368 0.003809106189
43.37 0.00380870254
43.372 0.003809143111
43.374 0.003808779508
43.376 0.003809172825
43.378 0.003808847023
43.38 0.003809200514
43.382 0.003808920486
43.384 0.003809222427
43.386 0.003808992323
43.388 0.003808330263
43.39 0.003809149363
43.392 0.003809178397
43.394 0.003809143157
43.396 0.003809363387
43.398 0.003809159072
43.4 0.003809438591
43.402 0.003809202864
43.404 0.003809499014
43.406 0.003809261408
43.408 0.003809542519
43.41 0.003809333812
43.412 0.003809583003
43.414 0.003809391217
43.416 0.003807760506
43.418 0.003809627785
43.42 0.00380943593
43.422 0.003809541644
43.424 0.003809765828
43.426 0.003809504453
43.428 0.003809884633
43.43 0.003809527741
43.432 0.003809953373
43.434 0.003809584545
43.436 0.00380998571
43.438 0.003809653084
43.44 0.003810023975
43.442 0.003809728025
43.444 0.003810044118
43.446 0.003809803712
43.448 0.003810078568
43.45 0.003809888063
43.452 0.003810110023
43.454 0.00380995391
43.456 0.003810133694
43.458 0.003810022701
43.46 0.003810175916
43.462 0.003810090124
43.464 0.003810207312
43.466 0.003810155483
43.468 0.003810255378
43.47 0.003810226264
43.472 0.003810301226
43.474 0.003810279842
43.476 0.003810340637
43.478 0.003810336089
43.48 0.003810389838
43.482 0.003810390572
43.484 0.003810448855
43.486 0.003810453177
43.488 0.003810505109
43.49 0.003810498014
43.492 0.003810552155
43.494 0.003810547766
43.496 0.003810607463
43.498 0.003810597766
43.5 0.003810671975
43.502 0.003810657099
43.504 0.003810731697
43.506 0.003810708946
43.508 0.003810788853
43.51 0.003810751295
43.512 0.003810837997
43.514 0.003810800774
43.516 0.003810892337
43.518 0.003810852542
43.52 0.003810947936
43.522 0.003810905546
43.524 0.003811009253
43.526 0.003810969214
43.528 0.003811064145
43.53 0.003811026442
43.532 0.003811116059
43.534 0.003811082975
43.536 0.003811166034
43.538 0.003811141753
43.54 0.003811215007
43.542 0.003811191342
43.544 0.003811254899
43.546 0.003811250822
43.548 0.00381130113
43.55 0.003811310782
43.552 0.003811345811
43.554 0.003811370942
43.556 0.003811390975
43.558 0.003811433423
43.56 0.003811436431
43.562 0.003811495626
43.564 0.003811480122
43.566 0.003811557047
43.568 0.003811525143
43.57 0.003811618371
43.572 0.003811568618
43.574 0.003811678464
43.576 0.003811613016
43.578 0.003811740026
43.58 0.003811658798
43.582 0.003811799081
43.584 0.003811703209
43.586 0.003811857147
43.588 0.003811748952
43.59 0.003811914925
43.592 0.003811795289
43.594 0.003811972816
43.596 0.003811842654
43.598 0.003812028909
43.6 0.003811889678
43.602 0.003812083142
43.604 0.003811937775
43.606 0.00381213799
43.608 0.003811987603
43.61 0.003812191227
43.612 0.00381203559
43.614 0.003812252024
43.616 0.003812092977
43.618 0.00381230537
43.62 0.003812144222
43.622 0.003812357193
43.624 0.003812195338
43.626 0.003812408287
43.628 0.003812237451
43.63 0.003812449113
43.632 0.003812284692
43.634 0.003812496355
43.636 0.003812334241
43.638 0.003812555078
43.64 0.003812392883
43.642 0.003812605753
43.644 0.003812442942
43.646 0.00381265567
43.648 0.003812483256
43.65 0.00381269547
43.652 0.003812529893
43.654 0.003812751658
43.656 0.003812586192
43.658 0.003812802362
43.66 0.003812626891
43.662 0.00381284381
43.664 0.003812673456
43.666 0.003812892369
43.668 0.003812719485
43.67 0.003812951113
43.672 0.003812773707
43.674 0.003813003098
43.676 0.0038128117
43.678 0.003813043736
43.68 0.003812855241
43.682 0.003813101458
43.684 0.003812907722
43.686 0.003813153388
43.688 0.003812944856
43.69 0.00381320402
43.692 0.003812997051
43.694 0.003813254363
43.696 0.00381303422
43.698 0.003813294968
43.7 0.003813076844
43.702 0.003813351771
43.704 0.003813128299
43.706 0.003813402789
43.708 0.003813165469
43.71 0.003813452339
43.712 0.003813215141
43.714 0.003813500461
43.716 0.003813251664
43.718 0.003813548025
43.72 0.003813302343
43.722 0.003813595518
43.724 0.003813337871
43.726 0.00381364365
43.728 0.003813387835
43.73 0.003813691274
43.732 0.00381342433
43.734 0.003813737586
43.736 0.00381347508
43.738 0.003813784081
43.74 0.003813511377
43.742 0.003813829099
43.744 0.003813553521
43.746 0.003813865319
43.748 0.003813596686
43.75 0.003813916889
43.752 0.003813639701
43.754 0.003813953187
43.756 0.003813683064
43.758 0.003814005046
43.76 0.003813726633
43.762 0.003814050147
43.764 0.003813769574
43.766 0.003814084847
43.768 0.003813812723
43.77 0.003814135703
43.772 0.003813855477
43.774 0.003814179704
43.776 0.0038138977
43.778 0.00381421275
43.78 0.003813941471
43.782 0.003814264335
43.784 0.003813984123
43.786 0.003814306845
43.788 0.003814026471
43.79 0.003814341292
43.792 0.003814067924
43.794 0.003814390107
43.796 0.003814109468
43.798 0.003814434197
43.8 0.003814150635
43.802 0.003814475592
43.804 0.003814191748
43.806 0.003814509086
43.808 0.003814235091
43.81 0.003814552531
43.812 0.00381427704
43.814 0.003814595895
43.816 0.003814317182
43.818 0.003814627143
43.82 0.003814357024
43.822 0.003814676811
43.824 0.003814398001
43.826 0.003814718259
43.828 0.00381443659
43.83 0.003814760104
43.832 0.003814475883
43.834 0.003814800588
43.836 0.003814514034
43.838 0.003814838776
43.84 0.003814552843
43.842 0.003814878634
43.844 0.003814594196
43.846 0.003814918365
43.848 0.003814632207
43.85 0.003814955115
43.852 0.003814670059
43.854 0.003814985393
43.856 0.003814709375
43.858 0.003815030282
43.86 0.003814746492
43.862 0.003815068151
43.864 0.003814784633
43.866 0.003815106504
43.868 0.003814825608
43.87 0.003815144964
43.872 0.003814864605
43.874 0.003815181841
43.876 0.00381490151
43.878 0.003815215853
43.88 0.003814938461
43.882 0.003815251326
43.884 0.003814976113
43.886 0.003815287098
43.888 0.003815014483
43.89 0.003815323247
43.892 0.003815051535
43.894 0.00381535671
43.896 0.003815088645
43.898 0.003815390133
43.9 0.00381512534
43.902 0.003815425232
43.904 0.003815163213
43.906 0.003815461481
43.908 0.003815200446
43.91 0.003815495746
43.912 0.003815236595
43.914 0.003815527805
43.916 0.003815271873
43.918 0.003815561677
43.92 0.003815306286
43.922 0.003815593958
43.924 0.003815341541
43.926 0.003815625765
43.928 0.003815376955
43.93 0.003815658912
43.932 0.003815412515
43.934 0.00381569198
43.936 0.003815447608
43.938 0.003815722316
43.94 0.003815480344
43.942 0.003815753751
43.944 0.003815515412
43.946 0.00381578576
43.948 0.00381554969
43.95 0.003815816078
43.952 0.003815583423
43.954 0.003815848563
43.956 0.003815616652
43.958 0.00381587932
43.96 0.003815649255
43.962 0.003815908383
43.964 0.00381568235
43.966 0.003815939286
43.968 0.003815716037
43.97 0.003815967145
43.972 0.003815747944
43.974 0.003815996575
43.976 0.003815782239
43.978 0.003816025862
43.98 0.003815814826
43.982 0.003816055045
43.984 0.003815848404
43.986 0.003816083537
43.988 0.003815879872
43.99 0.003816109813
43.992 0.003815911758
43.994 0.003816138034
43.996 0.00381594413
43.998 0.003816165033
44 0.003815977365
44.002 0.003816193956
44.004 0.003816008886
44.006 0.003816219045
44.008 0.003816038661
44.01 0.003816244475
44.012 0.00381607081
44.014 0.00381627115
44.016 0.003816101818
44.018 0.003816297726
44.02 0.003816133655
44.022 0.0038163229
44.024 0.003816163372
44.026 0.003816348765
44.028 0.00381619517
44.03 0.003816372853
44.032 0.003816225207
44.034 0.003816398993
44.036 0.003816256777
44.038 0.003816423626
44.04 0.003816287084
44.042 0.003816447676
44.044 0.003816315606
44.046 0.003816470539
44.048 0.003816347775
44.05 0.003816496552
44.052 0.003816377152
44.054 0.003816519094
44.056 0.003816406987
44.058 0.003816542088
44.06 0.003816435937
44.062 0.003816565883
44.064 0.003816467541
44.066 0.003816589461
44.068 0.003816496594
44.07 0.003816612009
44.072 0.00381652588
44.074 0.003816628725
44.076 0.003816557782
44.078 0.003816649263
44.08 0.003816587488
44.082 0.003816671492
44.084 0.003816618426
44.086 0.003816693496
44.088 0.003816648314
44.09 0.003816714444
44.092 0.003816678695
44.094 0.003816737715
44.096 0.00381670756
44.098 0.003816758272
44.1 0.003816729661
44.102 0.003816780412
44.104 0.003816758747
44.106 0.003816805258
44.108 0.003816785467
44.11 0.003816828269
44.112 0.003816814489
44.114 0.00381685219
44.116 0.003816843561
44.118 0.00381687524
44.12 0.003816872053
44.122 0.003816899938
44.124 0.003816900504
44.126 0.003816920008
44.128 0.003816928511
44.13 0.003816944075
44.132 0.003816957717
44.134 0.003816966851
44.136 0.0038169859
44.138 0.00381698992
44.14 0.003817015042
44.142 0.003817011706
44.144 0.003817045483
44.146 0.003817035656
44.148 0.003817075493
44.15 0.003817057001
44.152 0.00381710448
44.154 0.003817080825
44.156 0.003817135206
44.158 0.003817101986
44.16 0.003817164762
44.162 0.003817125573
44.164 0.003817195575
44.166 0.003817148491
44.168 0.003817225865
44.17 0.003817171757
44.172 0.003817255624
44.174 0.003817195053
44.176 0.003817284371
44.178 0.003817220525
44.18 0.003817315689
44.182 0.003817242802
44.184 0.003817345593
44.186 0.003817268564
44.188 0.003817375804
44.19 0.003817292046
44.192 0.003817405689
44.194 0.003817315874
44.196 0.003817436395
44.198 0.00381734145
44.2 0.003817467847
44.202 0.003817365614
44.204 0.003817496595
44.206 0.003817390899
44.208 0.003817529573
44.21 0.003817416144
44.212 0.003817560028
44.214 0.003817442927
44.216 0.003817591795
44.218 0.003817468808
44.22 0.003817622858
44.222 0.003817495031
44.224 0.003817652496
44.226 0.003817522004
44.228 0.003817684652
44.23 0.003817548934
44.232 0.003817715114
44.234 0.003817577207
44.236 0.003817746711
44.238 0.003817605012
44.24 0.003817778184
44.242 0.003817632233
44.244 0.003817818265
44.246 0.003817650856
44.248 0.003817852427
44.25 0.003817677392
44.252 0.003817884414
44.254 0.003817707886
44.256 0.003817915886
44.258 0.003817736049
44.26 0.003817946049
44.262 0.003817765611
44.264 0.003817977012
44.266 0.003817796251
44.268 0.003818008673
44.27 0.003817827079
44.272 0.003818041248
44.274 0.003817857917
44.276 0.003818071794
44.278 0.003817888489
44.28 0.003818105082
44.282 0.003817918841
44.284 0.003818137129
44.286 0.003817950012
44.288 0.003818169864
44.29 0.003817981001
44.292 0.003818203089
44.294 0.00381801186
44.296 0.003818236884
44.298 0.00381804284
44.3 0.003818270023
44.302 0.003818074802
44.304 0.003818304345
44.306 0.003818105923
44.308 0.003818337534
44.31 0.003818137289
44.312 0.003818371917
44.314 0.003818169031
44.316 0.003818405607
44.318 0.003818201976
44.32 0.003818440383
44.322 0.003818233379
44.324 0.003818473938
44.326 0.00381826532
44.328 0.003818508945
44.33 0.003818298474
44.332 0.003818542642
44.334 0.003818331402
44.336 0.003818576836
44.338 0.003818364816
44.34 0.00381861191
44.342 0.003818398654
44.344 0.003818646085
44.346 0.003818431496
44.348 0.003818680677
44.35 0.003818466778
44.352 0.00381871495
44.354 0.003818500278
44.356 0.003818749412
44.358 0.00381853508
44.36 0.003818782907
44.362 0.003818569784
44.364 0.003818817468
44.366 0.003818605482
44.368 0.003818851376
44.37 0.003818640097
44.372 0.003818885657
44.374 0.00381867547
44.376 0.003818920212
44.378 0.003818711913
44.38 0.003818952685
44.382 0.003818748005
44.384 0.003818987769
44.386 0.003818784807
44.388 0.003819021155
44.39 0.003818819143
44.392 0.003819056549
44.394 0.003818855751
44.396 0.003819091976
44.398 0.003818894692
44.4 0.003819125635
44.402 0.003818929816
44.404 0.00381915902
44.406 0.003818966315
44.408 0.003819193384
44.41 0.003819003731
44.412 0.003819229086
44.414 0.003819040584
44.416 0.003819263885
44.418 0.003819077783
44.42 0.003819297681
44.422 0.003819114041
44.424 0.003819332589
44.426 0.003819151335
44.428 0.00381936714
44.43 0.003819189139
44.432 0.003819403026
44.434 0.003819226826
44.436 0.003819437716
44.438 0.003819264802
44.44 0.003819471568
44.442 0.003819302453
44.444 0.003819507001
44.446 0.003819340383
44.448 0.003819541756
44.45 0.003819378277
44.452 0.003819580009
44.454 0.003819411979
44.456 0.003819616141
44.458 0.00381944996
44.46 0.003819649849
44.462 0.003819488522
44.464 0.003819683196
44.466 0.003819527056
44.468 0.003819717787
44.47 0.003819565948
44.472 0.003819751512
44.474 0.003819604659
44.476 0.003819786569
44.478 0.003819645519
44.48 0.003819821866
44.482 0.003819684766
44.484 0.003819855511
44.486 0.003819723343
44.488 0.003819889041
44.49 0.003819763229
44.492 0.003819924682
44.494 0.003819802715
44.496 0.003819957297
44.498 0.003819839964
44.5 0.003819991613
44.502 0.003819881036
44.504 0.003820025861
44.506 0.003819919317
44.508 0.003820060177
44.51 0.003819960833
44.512 0.003820095412
44.514 0.003820000091
44.516 0.003820129301
44.518 0.003820040521
44.52 0.003820164264
44.522 0.003820079304
44.524 0.003820197662
44.526 0.003820119002
44.528 0.003820231742
44.53 0.00382015944
44.532 0.003820266118
44.534 0.003820199394
44.536 0.003820301561
44.538 0.003820240196
44.54 0.003820334902
44.542 0.003820280527
44.544 0.003820369458
44.546 0.003820320477
44.548 0.003820403337
44.55 0.003820359115
44.552 0.003820437187
44.554 0.003820399881
44.556 0.003820471298
44.558 0.003820442231
44.56 0.003820505365
44.562 0.003820482658
44.564 0.003820540763
44.566 0.003820523489
44.568 0.003820573905
44.57 0.003820563878
44.572 0.003820607674
44.574 0.003820604435
44.576 0.003820641505
44.578 0.003820645913
44.58 0.003820675668
44.582 0.00382068702
44.584 0.003820709473
44.586 0.00382072796
44.588 0.003820744383
44.59 0.003820769263
44.592 0.003820775757
44.594 0.003820810185
44.596 0.003820809738
44.598 0.003820852627
44.6 0.003820843606
44.602 0.003820892117
44.604 0.003820877561
44.606 0.003820935171
44.608 0.003820910849
44.61 0.003820977065
44.612 0.003820945482
44.614 0.003821018572
44.616 0.00382098049
44.618 0.003821059999
44.62 0.003821013542
44.622 0.00382110078
44.624 0.003821047595
44.626 0.003821143172
44.628 0.003821081443
44.63 0.003821183248
44.632 0.003821114965
44.634 0.003821225623
44.636 0.003821148676
44.638 0.003821267219
44.64 0.003821182473
44.642 0.003821309073
44.644 0.003821215567
44.646 0.003821350731
44.648 0.003821249992
44.65 0.00382139226
44.652 0.003821283498
44.654 0.003821434359
44.656 0.003821317169
44.658 0.003821476011
44.66 0.003821350969
44.662 0.003821517802
44.664 0.003821383858
44.666 0.003821559407
44.668 0.003821417732
44.67 0.003821601188
44.672 0.003821451455
44.674 0.003821642585
44.676 0.003821485002
44.678 0.003821684307
44.68 0.003821519001
44.682 0.003821725875
44.684 0.00382155155
44.686 0.003821767313
44.688 0.003821585504
44.69 0.003821808719
44.692 0.00382162174
44.694 0.00382184762
44.696 0.003821655353
44.698 0.003821888554
44.7 0.003821688816
44.702 0.003821929874
44.704 0.003821720321
44.706 0.003821972263
44.708 0.003821754157
44.71 0.003822013495
44.712 0.003821787287
44.714 0.003822054914
44.716 0.003821820684
44.718 0.003822095999
44.72 0.003821853806
44.722 0.003822136898
44.724 0.003821887394
44.726 0.003822178356
44.728 0.003821920415
44.73 0.003822218319
44.732 0.003821953952
44.734 0.003822258529
44.736 0.003821987103
44.738 0.003822298571
44.74 0.003822020397
44.742 0.00382233847
44.744 0.003822053765
44.746 0.003822378915
44.748 0.003822086747
44.75 0.003822418138
44.752 0.003822119866
44.754 0.00382245731
44.756 0.003822152855
44.758 0.003822496669
44.76 0.00382218585
44.762 0.003822535536
44.764 0.003822217802
44.766 0.003822574429
44.768 0.003822250774
44.77 0.003822612858
44.772 0.003822283947
44.774 0.00382265111
44.776 0.003822316913
44.778 0.0038226894
44.78 0.00382234992
44.782 0.003822727333
44.784 0.003822381613
44.786 0.003822765064
44.788 0.003822348426
44.79 0.003822759819
44.792 0.003822449611
44.794 0.003822826654
44.796 0.00382248121
44.798 0.003822872318
44.8 0.00382251187
44.802 0.003822911681
44.804 0.003822543196
44.806 0.003822948701
44.808 0.003822575189
44.81 0.003822985816
44.812 0.003822606024
44.814 0.00382302098
44.816 0.00382263858
44.818 0.003823056437
44.82 0.003822670875
44.822 0.003823091535
44.824 0.003822702137
44.826 0.00382312654
44.828 0.00382273288
44.83 0.003823161619
44.832 0.003822764982
44.834 0.003823195063
44.836 0.003822796869
44.838 0.003823228893
44.84 0.003822826969
44.842 0.003823262067
44.844 0.003822858946
44.846 0.003823295422
44.848 0.003822890245
44.85 0.003823328833
44.852 0.003822920554
44.854 0.003823361132
44.856 0.003822952298
44.858 0.003823392954
44.86 0.003822982883
44.862 0.003823424559
44.864 0.003823013047
44.866 0.003823456108
44.868 0.003823044157
44.87 0.00382348709
44.872 0.003823075377
44.874 0.00382351876
44.876 0.003823105676
44.878 0.003823548479
44.88 0.003823136355
44.882 0.003823579747
44.884 0.003823166949
44.886 0.003823609149
44.888 0.003823196666
44.89 0.003823637554
44.892 0.003823226074
44.894 0.003823666747
44.896 0.003823256957
44.898 0.003823695804
44.9 0.003823285981
44.902 0.003823724014
44.904 0.003823315719
44.906 0.003823752167
44.908 0.003823345322
44.91 0.003823780317
44.912 0.003823375366
44.914 0.003823807741
44.916 0.003823403705
44.918 0.00382383489
44.92 0.003823434155
44.922 0.003823862663
44.924 0.003823462606
44.926 0.003823888434
44.928 0.003823492519
44.93 0.003823915606
44.932 0.003823522068
44.934 0.00382394082
44.936 0.003823551012
44.938 0.003823967492
44.94 0.003823579842
44.942 0.003823991787
44.944 0.00382360805
44.946 0.003824016591
44.948 0.003823637361
44.95 0.003824041218
44.952 0.003823664523
44.954 0.00382406584
44.956 0.003823694527
44.958 0.00382409089
44.96 0.003823723112
44.962 0.003824113842
44.964 0.003823750554
44.966 0.003824137339
44.968 0.003823779008
44.97 0.003824161674
44.972 0.003823808107
44.974 0.003824183985
44.976 0.003823834901
44.978 0.003824206406
44.98 0.003823863906
44.982 0.00382423071
44.984 0.003823891999
44.986 0.003824251611
44.988 0.003823918817
44.99 0.003824273158
44.992 0.003823947387
44.994 0.003824295938
44.996 0.003823974532
44.998 0.003824316546
45 0.00382400163
45.002 0.003824337869
45.004 0.003824030257
45.006 0.003824359644
45.008 0.003824057203
45.01 0.003824380994
45.012 0.00382408524
45.014 0.003824400603
45.016 0.003824111458
45.018 0.003824421099
45.02 0.003824139486
45.022 0.003824442883
45.024 0.003824166697
45.026 0.003824462538
45.028 0.003824193629
45.03 0.003824481106
45.032 0.003824219713
45.034 0.003824501545
45.036 0.003824246416
45.038 0.003824520945
45.04 0.003824273898
45.042 0.003824541257
45.044 0.003824300682
45.046 0.003824561291
45.048 0.00382432755
45.05 0.003824578736
45.052 0.003824353199
45.054 0.003824597561
45.056 0.003824378931
45.058 0.003824616252
45.06 0.00382440718
45.062 0.003824635943
45.064 0.003824433469
45.066 0.003824654497
45.068 0.003824459458
45.07 0.003824673133
45.072 0.003824486274
45.074 0.003824690412
45.076 0.00382451153
45.078 0.003824709044
45.08 0.003824537439
45.082 0.003824726459
45.084 0.003824563623
45.086 0.003824744651
45.088 0.003824589916
45.09 0.003824763528
45.092 0.003824616509
45.094 0.003824781449
45.096 0.003824642228
45.098 0.003824800036
45.1 0.003824668274
45.102 0.003824817188
45.104 0.003824694032
45.106 0.003824833703
45.108 0.003824717826
45.11 0.003824851134
45.112 0.003824743797
45.114 0.00382486866
45.116 0.003824769341
45.118 0.003824886866
45.12 0.003824794712
45.122 0.003824904053
45.124 0.003824820142
45.126 0.003824921163
45.128 0.003824844549
45.13 0.003824938719
45.132 0.003824870307
45.134 0.003824956356
45.136 0.003824895958
45.138 0.003824973839
45.14 0.003824921943
45.142 0.003824992043
45.144 0.003824945502
45.146 0.003825010252
45.148 0.00382497146
45.15 0.00382502783
45.152 0.003824995873
45.154 0.003825045882
45.156 0.003825020592
45.158 0.003825061839
45.16 0.003825045336
45.162 0.003825080476
45.164 0.003825069744
45.166 0.003825097247
45.168 0.003825095262
45.17 0.003825115277
45.172 0.003825119031
45.174 0.003825132035
45.176 0.003825144101
45.178 0.003825150145
45.18 0.003825167419
45.182 0.003825167054
45.184 0.003825192559
45.186 0.003825185145
45.188 0.003825215928
45.19 0.003825202157
45.192 0.003825240559
45.194 0.003825220468
45.196 0.003825263536
45.198 0.003825236677
45.2 0.003825287403
45.202 0.003825255675
45.204 0.003825311647
45.206 0.003825273092
45.208 0.003825333878
45.21 0.003825290222
45.212 0.003825357653
45.214 0.003825307342
45.216 0.003825381449
45.218 0.003825326261
45.22 0.003825405382
45.222 0.003825343656
45.224 0.003825427508
45.226 0.00382536174
45.228 0.003825450879
45.23 0.003825379786
45.232 0.003825473767
45.234 0.003825399334
45.236 0.003825498262
45.238 0.003825418943
45.24 0.003825520077
45.242 0.003825436789
45.244 0.003825542817
45.246 0.003825455445
45.248 0.003825564983
45.25 0.003825473052
45.252 0.003825586535
45.254 0.0038254927
45.256 0.003825610319
45.258 0.003825512502
45.26 0.003825631666
45.262 0.003825529863
45.264 0.003825652831
45.266 0.003825548857
45.268 0.00382567539
45.27 0.003825569448
45.272 0.003825697146
45.274 0.003825587165
45.276 0.003825718961
45.278 0.00382560693
45.28 0.003825740597
45.282 0.0038256257
45.284 0.00382576037
45.286 0.003825644039
45.288 0.003825782295
45.29 0.003825663392
45.292 0.003825802895
45.294 0.003825682395
45.296 0.003825823342
45.298 0.003825702183
45.3 0.003825845747
45.302 0.003825723621
45.304 0.003825866897
45.306 0.003825743598
45.308 0.003825887383
45.31 0.003825763847
45.312 0.003825909598
45.314 0.003825785662
45.316 0.003825930343
45.318 0.003825804891
45.32 0.003825950398
45.322 0.003825826301
45.324 0.003825972223
45.326 0.003825848387
45.328 0.003825992939
45.33 0.003825866951
45.332 0.003826010437
45.334 0.003825887271
45.336 0.003826030996
45.338 0.003825908388
45.34 0.003826051745
45.342 0.003825930126
45.344 0.003826071732
45.346 0.003825951068
45.348 0.003826090846
45.35 0.003825971523
45.352 0.003826109118
45.354 0.003825995172
45.356 0.003826131346
45.358 0.003826017131
45.36 0.003826151269
45.362 0.003826040078
45.364 0.003826170011
45.366 0.003826060486
45.368 0.003826190032
45.37 0.003826083044
45.372 0.003826207243
45.374 0.003826104961
45.376 0.003826227059
45.378 0.003826125513
45.38 0.003826245797
45.382 0.003826147704
45.384 0.003826265515
45.386 0.003826170782
45.388 0.003826284482
45.39 0.003826195744
45.392 0.00382630363
45.394 0.003826217276
45.396 0.003826322633
45.398 0.003826240032
45.4 0.003826341419
45.402 0.003826263061
45.404 0.003826359738
45.406 0.003826285793
45.408 0.003826378369
45.41 0.003826308886
45.412 0.003826396125
45.414 0.003826331357
45.416 0.003826414891
45.418 0.003826354637
45.42 0.003826433334
45.422 0.003826379161
45.424 0.003826453614
45.426 0.003826403718
45.428 0.003826472243
45.43 0.003826428592
45.432 0.003826490734
45.434 0.003826451093
45.436 0.003826507162
45.438 0.003826473572
45.44 0.003826525121
45.442 0.003826497241
45.444 0.003826543076
45.446 0.003826521353
45.448 0.003826561111
45.45 0.003826547574
45.452 0.003826581033
45.454 0.003826572299
45.456 0.003826599381
45.458 0.00382659604
45.46 0.003826618374
45.462 0.003826619569
45.464 0.003826633581
45.466 0.003826642937
45.468 0.003826651934
45.47 0.003826667319
45.472 0.003826670066
45.474 0.003826693522
45.476 0.003826689027
45.478 0.00382671957
45.48 0.003826707671
45.482 0.003826744534
45.484 0.003826725648
45.486 0.003826769612
45.488 0.003826742342
45.49 0.003826793589
45.492 0.003826759143
45.494 0.003826818604
45.496 0.003826777669
45.498 0.00382684293
45.5 0.00382679504
45.502 0.003826869251
45.504 0.003826814024
45.506 0.003826895601
45.508 0.003826832152
45.51 0.003826920105
45.512 0.003826849069
45.514 0.003826944186
45.516 0.003826866764
45.518 0.003826970482
45.52 0.003826884806
45.522 0.003826994984
45.524 0.00382690352
45.526 0.003827022304
45.528 0.003826922914
45.53 0.003827049142
45.532 0.003826941343
45.534 0.003827074111
45.536 0.003826958221
45.538 0.003827095801
45.54 0.003826978471
45.542 0.00382712072
45.544 0.003826997841
45.546 0.003827146141
45.548 0.00382701614
45.55 0.003827174134
45.552 0.00382703559
45.554 0.003827199397
45.556 0.003827053841
45.558 0.003827225518
45.56 0.003827070793
45.562 0.003827251051
45.564 0.003827088834
45.566 0.003827275942
45.568 0.003827107331
45.57 0.003827302905
45.572 0.003827125866
45.574 0.003827328436
45.576 0.003827145223
45.578 0.003827354434
45.58 0.00382716317
45.582 0.003827380516
45.584 0.003827183052
45.586 0.003827406111
45.588 0.00382720119
45.59 0.00382743178
45.592 0.003827220374
45.594 0.003827456555
45.596 0.003827240111
45.598 0.003827484084
45.6 0.003827261137
45.602 0.00382750954
45.604 0.003827281346
45.606 0.003827534886
45.608 0.003827300248
45.61 0.003827562081
45.612 0.0038273185
45.614 0.003827586985
45.616 0.00382733763
45.618 0.003827612303
45.62 0.003827359803
45.622 0.003827637448
45.624 0.003827379572
45.626 0.003827664494
45.628 0.003827402199
45.63 0.003827689598
45.632 0.003827422506
45.634 0.003827715859
45.636 0.003827444538
45.638 0.003827741682
45.64 0.003827464191
45.642 0.003827766323
45.644 0.003827485359
45.646 0.003827792092
45.648 0.003827505909
45.65 0.003827817569
45.652 0.003827528457
45.654 0.003827845111
45.656 0.003827549868
45.658 0.00382787074
45.66 0.003827572888
45.662 0.003827897431
45.664 0.003827593964
45.666 0.00382792423
45.668 0.003827617249
45.67 0.003827951574
45.672 0.003827638182
45.674 0.003827975886
45.676 0.003827660923
45.678 0.003828001897
45.68 0.003827682227
45.682 0.003828029261
45.684 0.003827705124
45.686 0.003828054583
45.688 0.003827727115
45.69 0.003828081497
45.692 0.00382775087
45.694 0.003828107585
45.696 0.003827773757
45.698 0.00382813286
45.7 0.003827797577
45.702 0.003828158741
45.704 0.00382781966
45.706 0.003828184396
45.708 0.003827844247
45.71 0.003828210057
45.712 0.003827866364
45.714 0.003828234991
45.716 0.003827889472
45.718 0.003828260746
45.72 0.003827913985
45.722 0.003828285787
45.724 0.003827938115
45.726 0.003828313038
45.728 0.003827962183
45.73 0.003828337209
45.732 0.003827986204
45.734 0.003828362607
45.736 0.003828009956
45.738 0.003828388979
45.74 0.003828034568
45.742 0.003828412992
45.744 0.003828058944
45.746 0.003828439312
45.748 0.003828083838
45.75 0.003828463659
45.752 0.003828107654
45.754 0.003828488794
45.756 0.003828131856
45.758 0.0038285136
45.76 0.00382815652
45.762 0.003828538756
45.764 0.003828181703
45.766 0.003828564952
45.768 0.003828207059
45.77 0.003828588791
45.772 0.003828230801
45.774 0.003828612381
45.776 0.003828254099
45.778 0.003828637261
45.78 0.003828279329
45.782 0.003828660882
45.784 0.003828303831
45.786 0.003828685726
45.788 0.003828327898
45.79 0.003828708373
45.792 0.003828352174
45.794 0.003828732573
45.796 0.003828376149
45.798 0.003828783049
45.8 0.003828406054
45.802 0.003828807671
45.804 0.003828434841
45.806 0.003828828283
45.808 0.003828464273
45.81 0.003828846666
45.812 0.003828493263
45.814 0.003828865873
45.816 0.003828519224
45.818 0.003828884941
45.82 0.003828545607
45.822 0.003828905103
45.824 0.00382857065
45.826 0.003828927567
45.828 0.003828594167
45.83 0.003828948802
45.832 0.003828617136
45.834 0.003828972491
45.836 0.003828638332
45.838 0.003828995442
45.84 0.003828660453
45.842 0.003829018562
45.844 0.003828680345
45.846 0.003829041751
45.848 0.003828699986
45.85 0.003829063635
45.852 0.003828720112
45.854 0.003829087465
45.856 0.003828739939
45.858 0.003829109248
45.86 0.003828760012
45.862 0.003829131265
45.864 0.003828779272
45.866 0.003829153871
45.868 0.003828801404
45.87 0.003829174875
45.872 0.003828821872
45.874 0.003829195736
45.876 0.003828845035
45.878 0.003829215349
45.88 0.003828866469
45.882 0.003829234473
45.884 0.003828889104
45.886 0.003829251737
45.888 0.003828912148
45.89 0.003829269166
45.892 0.003828934702
45.894 0.003829287003
45.896 0.003828960121
45.898 0.003829303676
45.9 0.003828984408
45.902 0.003829320836
45.904 0.003829008752
45.906 0.003829335871
45.908 0.003829035463
45.91 0.00382935001
45.912 0.003829059574
45.914 0.003829363635
45.916 0.003829083778
45.918 0.003829378972
45.92 0.003829106823
45.922 0.003829394559
45.924 0.003829131413
45.926 0.003829410543
45.928 0.003829155098
45.93 0.003829427333
45.932 0.003829178409
45.934 0.003829442567
45.936 0.003829201186
45.938 0.003829458649
45.94 0.003829222532
45.942 0.003829474673
45.944 0.003829245328
45.946 0.003829491056
45.948 0.003829266015
45.95 0.003829507524
45.952 0.00382928828
45.954 0.0038295243
45.956 0.003829309273
45.958 0.00382954199
45.96 0.003829330145
45.962 0.003829557493
45.964 0.003829351065
45.966 0.003829574325
45.968 0.003829369436
45.97 0.003829590266
45.972 0.00382939011
45.974 0.003829605857
45.976 0.003829409415
45.978 0.003829622896
45.98 0.003829429536
45.982 0.00382963849
45.984 0.003829449223
45.986 0.003829655779
45.988 0.003829469619
45.99 0.003829669916
45.992 0.003829488654
45.994 0.003829684556
45.996 0.003829507894
45.998 0.003829699883
46 0.003829527649
46.002 0.003829712879
46.004 0.003829547051
46.006 0.0038297277
46.008 0.003829567303
46.01 0.003829741092
46.012 0.003829587487
46.014 0.003829754658
46.016 0.00382960689
46.018 0.003829767643
46.02 0.003829628168
46.022 0.003829780918
46.024 0.003829647438
46.026 0.003829792814
46.028 0.003829667918
46.03 0.003829805335
46.032 0.003829687588
46.034 0.003829817915
46.036 0.003829706959
46.038 0.003829829159
46.04 0.003829727061
46.042 0.003829842755
46.044 0.003829746276
46.046 0.00382985354
46.048 0.00382976927
46.05 0.003829867105
46.052 0.003829785511
46.054 0.00382987877
46.056 0.003829804086
46.058 0.003829890969
46.06 0.003829823706
46.062 0.003829904516
46.064 0.003829841537
46.066 0.003829912823
46.068 0.003829859797
46.07 0.003829928088
46.072 0.003829876803
46.074 0.003829940274
46.076 0.003829895697
46.078 0.003829952579
46.08 0.003829915427
46.082 0.003829965292
46.084 0.003829932202
46.086 0.003829978282
46.088 0.003829947288
46.09 0.003829991652
46.092 0.003829968764
46.094 0.003830005475
46.096 0.003829982429
46.098 0.003830019708
46.1 0.003829999612
46.102 0.003830032126
46.104 0.003830019802
46.106 0.003830046724
46.108 0.00383003343
46.11 0.003830058213
46.112 0.003830048641
46.114 0.00383006709
46.116 0.003830063259
46.118 0.003830082637
46.12 0.003830080933
46.122 0.003830092678
46.124 0.003830097
46.126 0.003830109422
46.128 0.003830113615
46.13 0.003830119056
46.132 0.003830129109
46.134 0.003830135013
46.136 0.003830146072
46.138 0.003830146492
46.14 0.003830161986
46.142 0.003830161866
46.144 0.003830178854
46.146 0.003830172008
46.148 0.003830194962
46.15 0.00383018969
46.152 0.003830210518
46.154 0.003830198709
46.156 0.003830226468
46.158 0.003830215303
46.16 0.003830245331
46.162 0.003830229212
46.164 0.003830258059
46.166 0.00383023946
46.168 0.003830273034
46.17 0.00383025474
46.172 0.00383028834
46.174 0.003830266705
46.176 0.003830302518
46.178 0.00383028226
46.18 0.003830320537
46.182 0.003830297022
46.184 0.003830332709
46.186 0.003830306374
46.188 0.003830347164
46.19 0.003830321153
46.192 0.003830361716
46.194 0.003830337838
46.196 0.00383035604
46.198 0.003830350889
46.2 0.003830368377
46.202 0.0038303571
46.204 0.003830386456
46.206 0.003830367692
46.208 0.003830405119
46.21 0.00383038024
46.212 0.003830426338
46.214 0.003830393822
46.216 0.003830443545
46.218 0.003830406805
46.22 0.003830455277
46.222 0.003830417092
46.224 0.003830468689
46.226 0.003830430892
46.228 0.003830481402
46.23 0.003830447344
46.232 0.003830491929
46.234 0.003830465044
46.236 0.00383050619
46.238 0.003830484346
46.24 0.00383051732
46.242 0.003830501359
46.244 0.003830526682
46.246 0.003830518954
46.248 0.003830537224
46.25 0.003830537393
46.252 0.003830546211
46.254 0.003830555239
46.256 0.00383055731
46.258 0.003830574593
46.26 0.003830567012
46.262 0.00383059157
46.264 0.003830578935
46.266 0.003830610257
46.268 0.003830590645
46.27 0.003830628061
46.272 0.003830603747
46.274 0.003830646742
46.276 0.003830616678
46.278 0.003830662665
46.28 0.003830629654
46.282 0.00383067962
46.284 0.003830644136
46.286 0.003830694721
46.288 0.003830656358
46.29 0.003830708957
46.292 0.003830672213
46.294 0.003830723921
46.296 0.003830686826
46.298 0.003830739065
46.3 0.003830703413
46.302 0.003830751496
46.304 0.003830717011
46.306 0.003830766834
46.308 0.003830733891
46.31 0.003830783162
46.312 0.003830753731
46.314 0.003830801477
46.316 0.003830769239
46.318 0.003830814316
46.32 0.003830782283
46.322 0.003830829185
46.324 0.003830796858
46.326 0.003830845652
46.328 0.003830817546
46.33 0.003830867935
46.332 0.00383083379
46.334 0.003830883353
46.336 0.003830847323
46.338 0.003830902252
46.34 0.003830865075
46.342 0.003830923234
46.344 0.003830878231
46.346 0.003830938928
46.348 0.003830890307
46.35 0.003830958726
46.352 0.003830907167
46.354 0.003830978412
46.356 0.003830918219
46.358 0.003830999587
46.36 0.00383093517
46.362 0.003831022523
46.364 0.003830946498
46.366 0.00383103948
46.368 0.003830961453
46.37 0.003831064175
46.372 0.003830974461
46.374 0.003831082496
46.376 0.003830988888
46.378 0.003831107498
46.38 0.003831003522
46.382 0.003831126711
46.384 0.003831016705
46.386 0.003831148754
46.388 0.003831030633
46.39 0.00383116818
46.392 0.003831045995
46.394 0.003831186895
46.396 0.003831055121
46.398 0.003831205513
46.4 0.003831072904
46.402 0.003831226487
46.404 0.003831088732
46.406 0.003831246453
46.408 0.003831101799
46.41 0.003831266234
46.412 0.003831121184
46.414 0.00383128788
46.416 0.003831135774
46.418 0.00383130777
46.42 0.003831149631
46.422 0.003831327128
46.424 0.003831168633
46.426 0.003831344601
46.428 0.003831185246
46.43 0.003831363762
46.432 0.003831202719
46.434 0.003831382549
46.436 0.003831216632
46.438 0.003831401345
46.44 0.003831237179
46.442 0.003831420788
46.444 0.00383125481
46.446 0.003831439927
46.448 0.003831271855
46.45 0.003831459069
46.452 0.003831288733
46.454 0.003831477991
46.456 0.003831303166
46.458 0.003831497032
46.46 0.003831320212
46.462 0.00383151949
46.464 0.003831337597
46.466 0.003831539076
46.468 0.003831349329
46.47 0.003831559598
46.472 0.003831368947
46.474 0.00383158266
46.476 0.003831385093
46.478 0.00383160165
46.48 0.00383140028
46.482 0.003831623181
46.484 0.003831416263
46.486 0.003831644252
46.488 0.003831432301
46.49 0.003831667198
46.492 0.003831449155
46.494 0.003831688356
46.496 0.003831463044
46.498 0.003831709179
46.5 0.003831480206
46.502 0.003831730847
46.504 0.003831494826
46.506 0.003831751356
46.508 0.003831511592
46.51 0.003831773732
46.512 0.003831526349
46.514 0.003831794106
46.516 0.003831542644
46.518 0.003831816898
46.52 0.003831558514
46.522 0.003831834266
46.524 0.003831574885
46.526 0.003831856305
46.528 0.003831591566
46.53 0.003831876477
46.532 0.003831610644
46.534 0.003831898151
46.536 0.003831626491
46.538 0.003831917494
46.54 0.003831644922
46.542 0.003831937929
46.544 0.003831660788
46.546 0.003831956828
46.548 0.003831678505
46.55 0.00383197681
46.552 0.003831696088
46.554 0.003831996874
46.556 0.003831714263
46.558 0.003832017117
46.56 0.003831731554
46.562 0.00383203451
46.564 0.0038317482
46.566 0.00383205485
46.568 0.003831767607
46.57 0.00383207557
46.572 0.003831785654
46.574 0.00383209376
46.576 0.003831803708
46.578 0.003832114936
46.58 0.003831821832
46.582 0.003832133982
46.584 0.003831840696
46.586 0.003832155907
46.588 0.003831860394
46.59 0.003832174528
46.592 0.003831876643
46.594 0.003832194594
46.596 0.003831894995
46.598 0.003832215438
46.6 0.003831913988
46.602 0.003832234918
46.604 0.003831931865
46.606 0.003832255118
46.608 0.003831950335
46.61 0.00383227609
46.612 0.003831968116
46.614 0.003832297288
46.616 0.003831987194
46.618 0.003832319088
46.62 0.003832007318
46.622 0.003832338506
46.624 0.003832023902
46.626 0.003832359349
46.628 0.00383204401
46.63 0.003832381562
46.632 0.003832062677
46.634 0.003832400865
46.636 0.003832080012
46.638 0.003832421067
46.64 0.003832101054
46.642 0.003832442988
46.644 0.003832120486
46.646 0.0038324636
46.648 0.003832139247
46.65 0.003832483221
46.652 0.003832157766
46.654 0.003832503392
46.656 0.003832179077
46.658 0.003832525138
46.66 0.003832199227
46.662 0.003832543916
46.664 0.003832217885
46.666 0.003832564254
46.668 0.003832239971
46.67 0.003832586014
46.672 0.003832261918
46.674 0.003832604445
46.676 0.003832280178
46.678 0.003832624192
46.68 0.003832301294
46.682 0.003832644358
46.684 0.003832322812
46.686 0.003832664272
46.688 0.003832343236
46.69 0.003832683091
46.692 0.003832364148
46.694 0.003832703415
46.696 0.003832385427
46.698 0.003832722335
46.7 0.003832406975
46.702 0.00383274239
46.704 0.003832428919
46.706 0.003832761808
46.708 0.003832449407
46.71 0.00383278038
46.712 0.003832469619
46.714 0.003832799314
46.716 0.00383249251
46.718 0.003832820301
46.72 0.003832514008
46.722 0.003832839159
46.724 0.003832534448
46.726 0.00383285722
46.728 0.003832555361
46.73 0.003832877505
46.732 0.003832576401
46.734 0.003832895936
46.736 0.003832597728
46.738 0.003832916138
46.74 0.003832619606
46.742 0.003832936171
46.744 0.003832614556
46.746 0.003832978381
46.748 0.003832631498
46.75 0.003833002015
46.752 0.003832655254
46.754 0.003833021995
46.756 0.003832679862
46.758 0.003833040041
46.76 0.003832706374
46.762 0.003833058949
46.764 0.003832728987
46.766 0.003833079457
46.768 0.003832749044
46.77 0.003833100403
46.772 0.003832771256
46.774 0.003833124541
46.776 0.003832793357
46.778 0.003833144579
46.78 0.003832816366
46.782 0.003833162856
46.784 0.003832840177
46.786 0.003833182499
46.788 0.003832862666
46.79 0.003833202666
46.792 0.00383288692
46.794 0.003833224859
46.796 0.003832909711
46.798 0.003833244268
46.8 0.003832932438
46.802 0.003833264916
46.804 0.00383295433
46.806 0.003833286452
46.808 0.003832974968
46.81 0.003833308457
46.812 0.003832997211
46.814 0.003833332457
46.816 0.003833017848
46.818 0.003833354711
46.82 0.003833037955
46.822 0.003833377657
46.824 0.003833059707
46.826 0.003833399095
46.828 0.003833079266
46.83 0.00383342115
46.832 0.003833100002
46.834 0.003833444741
46.836 0.00383312129
46.838 0.003833467339
46.84 0.003833142563
46.842 0.00383348715
46.844 0.003833167437
46.846 0.003833506404
46.848 0.003833188338
46.85 0.003833527317
46.852 0.003833210717
46.854 0.003833548079
46.856 0.003833231959
46.858 0.003833569429
46.86 0.003833255624
46.862 0.003833591639
46.864 0.003833278252
46.866 0.003833611707
46.868 0.003833300547
46.87 0.003833631733
46.872 0.003833322174
46.874 0.003833651075
46.876 0.003833344996
46.878 0.003833671573
46.88 0.003833367665
46.882 0.003833689747
46.884 0.003833391151
46.886 0.003833709528
46.888 0.003833414452
46.89 0.003833729623
46.892 0.00383343688
46.894 0.003833749212
46.896 0.00383346003
46.898 0.003833767603
46.9 0.003833480859
46.902 0.003833786799
46.904 0.003833502884
46.906 0.003833806618
46.908 0.003833527259
46.91 0.003833825304
46.912 0.003833730342
46.914 0.003833833996
46.916 0.003833543814
46.918 0.003833904392
46.92 0.003833530858
46.922 0.003833950838
46.924 0.003833543773
46.926 0.003833973755
46.928 0.003833567609
46.93 0.003833987344
46.932 0.003833596144
46.934 0.003833996086
46.936 0.003833627606
46.938 0.003834005106
46.94 0.003833658969
46.942 0.003834013169
46.944 0.003833690777
46.946 0.003834023072
46.948 0.003833722972
46.95 0.003834032888
46.952 0.003833933393
46.954 0.003834031724
46.956 0.003833754981
46.958 0.003834093664
46.96 0.003833749753
46.962 0.003834131299
46.964 0.003833770484
46.966 0.003834146096
46.968 0.003833801391
46.97 0.003834150361
46.972 0.003833837421
46.974 0.003834151119
46.976 0.003833874852
46.978 0.003834156054
46.98 0.003833914425
46.982 0.003834157514
46.984 0.003834127366
46.986 0.003834147697
46.988 0.003833953641
46.99 0.003834200872
46.992 0.003833954576
46.994 0.003834227922
46.996 0.003833979021
46.998 0.003834239975
47 0.003834014603
47.002 0.003834239988
47.004 0.003834052207
47.006 0.003834236929
47.008 0.003834269746
47.01 0.00383422479
47.012 0.003834096591
47.014 0.003834275777
47.016 0.003834094712
47.018 0.003834305345
47.02 0.003834122394
47.022 0.003834313342
47.024 0.003834149074
47.026 0.003834314127
47.028 0.003834180375
47.03 0.003834313007
47.032 0.003834393126
47.034 0.003834302776
47.036 0.003834213204
47.038 0.003834357281
47.04 0.00383420703
47.042 0.003834387883
47.044 0.003834224571
47.046 0.003834398866
47.048 0.003834250771
47.05 0.003834402552
47.052 0.003834278898
47.054 0.003834403827
47.056 0.00383448878
47.058 0.003834394808
47.06 0.00383430645
47.062 0.003834448464
47.064 0.003834296526
47.066 0.003834481391
47.068 0.003834312001
47.07 0.003834492904
47.072 0.00383433669
47.074 0.003834493858
47.076 0.003834546646
47.078 0.003834482605
47.08 0.003834366239
47.082 0.003834532811
47.084 0.003834360041
47.086 0.003834559757
47.088 0.003834378411
47.09 0.003834564414
47.092 0.003834406725
47.094 0.003834561678
47.096 0.003834619085
47.098 0.003834544877
47.1 0.003834442374
47.102 0.00383459119
47.104 0.00383443755
47.106 0.003834613518
47.108 0.003834458979
47.11 0.003834615686
47.112 0.003834670542
47.114 0.003834598806
47.116 0.003834493736
47.118 0.003834641804
47.12 0.00383449123
47.122 0.003834661447
47.124 0.003834514446
47.126 0.00383466071
47.128 0.003834728386
47.13 0.003834641582
47.132 0.003834550499
47.134 0.003834683492
47.136 0.003834549406
47.138 0.003834700776
47.14 0.003834572513
47.142 0.00383469844
47.144 0.003834786673
47.146 0.003834676857
47.148 0.003834609952
47.15 0.003834717378
47.152 0.003834608551
47.154 0.003834733597
47.156 0.003834631761
47.158 0.003834731317
47.16 0.003834844468
47.162 0.003834710013
47.164 0.003834668577
47.166 0.003834751064
47.168 0.003834665624
47.17 0.003834767464
47.172 0.003834869065
47.174 0.003834753386
47.176 0.003834687812
47.178 0.00383479557
47.18 0.003834685751
47.182 0.003834812519
47.184 0.00383470881
47.186 0.003834807672
47.188 0.00383492355
47.19 0.003834784132
47.192 0.003834746593
47.194 0.003834822941
47.196 0.003834744891
47.198 0.003834837492
47.2 0.003834948899
47.202 0.003834823781
47.204 0.003834769679
47.206 0.003834864406
47.208 0.003834765869
47.21 0.003834878547
47.212 0.00383496997
47.214 0.003834861705
47.216 0.003834790782
47.218 0.003834902411
47.22 0.003834789185
47.222 0.003834915897
47.224 0.003834995009
47.226 0.003834897732
47.228 0.003834816649
47.23 0.003834937669
47.232 0.003834816836
47.234 0.003834950127
47.236 0.003835023837
47.238 0.003834932052
47.24 0.003834844535
47.242 0.00383496899
47.244 0.00383484411
47.246 0.003834981968
47.248 0.003835052047
47.25 0.003834963157
47.252 0.0038348746
47.254 0.003834999915
47.256 0.003834874657
47.258 0.003835013177
47.26 0.003835084192
47.262 0.003834993412
47.264 0.003834905543
47.266 0.003835030177
47.268 0.003834906186
47.27 0.003835041901
47.272 0.003835115924
47.274 0.003835022349
47.276 0.003834937606
47.278 0.003835059382
47.28 0.00383493976
47.282 0.003835071739
47.284 0.003835146088
47.286 0.003835051738
47.288 0.003834969257
47.29 0.003835089348
47.292 0.003834970872
47.294 0.003835101964
47.296 0.003835178933
47.298 0.003835081365
47.3 0.003835001237
47.302 0.003835119421
47.304 0.003835183266
47.306 0.003835119709
47.308 0.003834996924
47.31 0.003835165177
47.312 0.00383499437
47.314 0.003835178987
47.316 0.003835202566
47.318 0.003835158069
47.32 0.003835025614
47.322 0.003835195662
47.324 0.003835026484
47.326 0.00383520531
47.328 0.003835235521
47.33 0.003835185772
47.332 0.00383505795
47.334 0.003835223724
47.336 0.003835240212
47.338 0.003835225137
47.34 0.003835052982
47.342 0.003835270065
47.344 0.003835049306
47.346 0.003835283587
47.348 0.003835257615
47.35 0.00383526538
47.352 0.003835080114
47.354 0.003835300219
47.356 0.00383526463
47.358 0.003835300585
47.36 0.003835078958
47.362 0.003835343928
47.364 0.00383507842
47.366 0.003835355353
47.368 0.003835289346
47.37 0.003835333985
47.372 0.003835113901
47.374 0.00383536613
47.376 0.003835301134
47.378 0.003835363508
47.38 0.00383511757
47.382 0.003835402874
47.384 0.003835303302
47.386 0.003835401011
47.388 0.003835122008
47.39 0.003835440086
47.392 0.003835125278
47.394 0.003835445443
47.396 0.003835342199
47.398 0.003835417289
47.4 0.00383517133
47.402 0.003835444528
47.404 0.003835363518
47.406 0.003835436917
47.408 0.003835185274
47.41 0.003835473612
47.412 0.003835373212
47.414 0.003835466733
47.416 0.003835194083
47.418 0.003835501884
47.42 0.003835382745
47.422 0.003835491665
47.424 0.003835204645
47.426 0.003835526155
47.428 0.003835396209
47.43 0.003835517897
47.432 0.003835217464
47.434 0.003835550034
47.436 0.003835409719
47.438 0.003835539615
47.44 0.003835231316
47.442 0.003835570584
47.444 0.003835423301
47.446 0.003835559969
47.448 0.003835247181
47.45 0.00383559122
47.452 0.00383543793
47.454 0.003835578726
47.456 0.00383526157
47.458 0.003835610156
47.46 0.003835454926
47.462 0.003835599153
47.464 0.003835277397
47.466 0.003835628226
47.468 0.003835470173
47.47 0.003835616452
47.472 0.003835294192
47.474 0.00383564705
47.476 0.0038354865
47.478 0.003835632616
47.48 0.003835309812
47.482 0.003835662564
47.484 0.003835503349
47.486 0.003835649391
47.488 0.003835326901
47.49 0.003835676513
47.492 0.003835520077
47.494 0.003835663085
47.496 0.003835344804
47.498 0.003835691804
47.5 0.003835537193
47.502 0.003835676732
47.504 0.003835360424
47.506 0.003835704701
47.508 0.003835552974
47.51 0.003835691005
47.512 0.003835377126
47.514 0.003835719232
47.516 0.003835569276
47.518 0.003835704644
47.52 0.003835575212
47.522 0.003835721802
47.524 0.003835369296
47.526 0.003835772637
47.528 0.003835552973
47.53 0.00383576527
47.532 0.00383537128
47.534 0.003835793321
47.536 0.00383556467
47.538 0.003835777079
47.54 0.003835388626
47.542 0.003835803438
47.544 0.003835583898
47.546 0.003835787649
47.548 0.003835591799
47.55 0.003835802573
47.552 0.003835385469
47.554 0.003835850203
47.556 0.003835569313
47.558 0.003835841335
47.56 0.003835389007
47.562 0.003835868951
47.564 0.003835584974
47.566 0.003835851433
47.568 0.003835410403
47.57 0.00383587579
47.572 0.003835606463
47.574 0.003835858059
47.576 0.003835615532
47.578 0.003835869852
47.58 0.00383541296
47.582 0.003835915332
47.584 0.003835599998
47.586 0.003835903803
47.588 0.003835422871
47.59 0.003835928294
47.592 0.003835622726
47.594 0.003835907463
47.596 0.003835637027
47.598 0.003835916775
47.6 0.003835438859
47.602 0.003835958606
47.604 0.003835629917
47.606 0.003835942779
47.608 0.003835642472
47.61 0.003835951327
47.612 0.003835445658
47.614 0.003835990114
47.616 0.003835640064
47.618 0.00383597196
47.62 0.003835470237
47.622 0.003835989946
47.624 0.003835675277
47.626 0.003835963572
47.628 0.003835694442
47.63 0.003835968726
47.632 0.003835499659
47.634 0.003836007482
47.636 0.003835694277
47.638 0.00383599094
47.64 0.003835709261
47.642 0.003836000184
47.644 0.003835513412
47.646 0.003836039973
47.648 0.003835708181
47.65 0.003836023353
47.652 0.003835722548
47.654 0.003836031949
47.656 0.003835526588
47.658 0.003836072768
47.66 0.003835721944
47.662 0.003836055396
47.664 0.003835737185
47.666 0.003836064509
47.668 0.003835541882
47.67 0.003836104444
47.672 0.003835737642
47.674 0.003836087051
47.676 0.003835753789
47.678 0.003836096074
47.68 0.003835558846
47.682 0.003836136246
47.684 0.003835756239
47.686 0.003836118917
47.688 0.003835773522
47.69 0.003836127569
47.692 0.003835580208
47.694 0.003836167135
47.696 0.003835778837
47.698 0.003836150032
47.7 0.003835797463
47.702 0.003836158082
47.704 0.003835790486
47.706 0.0038361855
47.708 0.003835590948
47.71 0.003836231591
47.712 0.003835787705
47.714 0.003836216172
47.716 0.003835809865
47.718 0.003836221765
47.72 0.003835622126
47.722 0.003836256937
47.724 0.003835827884
47.726 0.003836234718
47.728 0.003835853208
47.73 0.003836238025
47.732 0.003835853544
47.734 0.00383626144
47.736 0.003835659631
47.738 0.003836303682
47.74 0.003835863681
47.742 0.003836282123
47.744 0.003835890883
47.746 0.003836284933
47.748 0.003835708871
47.75 0.003836318521
47.752 0.003835918422
47.754 0.003836295095
47.756 0.003835947832
47.758 0.003836298935
47.76 0.003835950614
47.762 0.003836323219
47.764 0.003835758738
47.766 0.003836366889
47.768 0.003835964739
47.77 0.003836346395
47.772 0.003835993324
47.774 0.003836350105
47.776 0.003835996621
47.778 0.003836372881
47.78 0.003835804925
47.782 0.003836415232
47.784 0.003836012297
47.786 0.00383639516
47.788 0.003836042233
47.79 0.003836397677
47.792 0.003836046758
47.794 0.003836422663
47.796 0.003835857225
47.798 0.003836465637
47.8 0.003836065501
47.802 0.003836446248
47.804 0.003836096114
47.806 0.003836450506
47.808 0.003836100781
47.81 0.003836475287
47.812 0.003836098094
47.814 0.003836506317
47.816 0.003835905315
47.818 0.003836550678
47.82 0.003836114737
47.822 0.003836529899
47.824 0.003836147626
47.826 0.003836531728
47.828 0.003836157215
47.83 0.003836553287
47.832 0.003835971255
47.834 0.003836594933
47.836 0.003836184443
47.838 0.003836573319
47.84 0.003836219613
47.842 0.003836576154
47.844 0.003836229417
47.846 0.003836597587
47.848 0.003836230205
47.85 0.003836626798
47.852 0.003836042187
47.854 0.003836668792
47.856 0.003836257972
47.858 0.003836645339
47.86 0.003836295788
47.862 0.00383664558
47.864 0.003836309519
47.866 0.003836665213
47.868 0.003836313897
47.87 0.003836691135
47.872 0.00383631498
47.874 0.003836719419
47.876 0.003836131522
47.878 0.003836756734
47.88 0.003836350926
47.882 0.003836729421
47.884 0.003836392246
47.886 0.003836724863
47.888 0.003836409563
47.89 0.00383674055
47.892 0.003836417922
47.894 0.003836765397
47.896 0.003836422655
47.898 0.003836791457
47.9 0.00383624115
47.902 0.003836828367
47.904 0.003836460666
47.906 0.003836800238
47.908 0.003836504496
47.91 0.003836794479
47.912 0.00383652248
47.914 0.00383680907
47.916 0.00383653092
47.918 0.00383683068
47.92 0.003836535537
47.922 0.003836856741
47.924 0.003836540122
47.926 0.003836882771
47.928 0.003836358206
47.93 0.003836918478
47.932 0.003836579575
47.934 0.003836887969
47.936 0.003836624714
47.938 0.003836880201
47.94 0.003836641365
47.942 0.003836893844
47.944 0.00383664951
47.946 0.003836916516
47.948 0.003836653656
47.95 0.003836941052
47.952 0.003836658115
47.954 0.003836965519
47.956 0.003836661706
47.958 0.003836989479
47.96 0.003836479877
47.962 0.003837022601
47.964 0.003836702956
47.966 0.003836989512
47.968 0.003836748478
47.97 0.003836979518
47.972 0.003836765667
47.974 0.003836990674
47.976 0.003836774231
47.978 0.003837011304
47.98 0.00383677864
47.982 0.003837032011
47.984 0.003836782041
47.986 0.003837055244
47.988 0.003836786454
47.99 0.003837076967
47.992 0.00383679158
47.994 0.003837096468
47.996 0.003836798718
47.998 0.003837114371
48 0.003836618024
48.002 0.003837141663
48.004 0.003836842679
48.006 0.003837102618
48.008 0.003836888453
48.01 0.003837087181
48.012 0.003836908209
48.014 0.00383709472
48.016 0.003836917771
48.018 0.003837110924
48.02 0.003836922684
48.022 0.003837130428
48.024 0.003836926956
48.026 0.003837151276
48.028 0.003836930668
48.03 0.003837169814
48.032 0.003836934865
48.034 0.00383718262
48.036 0.003836937895
48.038 0.003837198065
48.04 0.003836943811
48.042 0.003837211158
48.044 0.003836949977
48.046 0.0038372219
48.048 0.003836957489
48.05 0.003837233938
48.052 0.00383696584
48.054 0.003837243963
48.056 0.00383697488
48.058 0.003837252646
48.06 0.003836984235
48.062 0.003837261629
48.064 0.003836994997
48.066 0.003837270115
48.068 0.00383700633
48.07 0.003837277491
48.072 0.003837016469
48.074 0.00383728373
48.076 0.003837026912
48.078 0.003837289441
48.08 0.003837037225
48.082 0.003837295557
48.084 0.003837050256
48.086 0.003837298308
48.088 0.003837062682
48.09 0.003837300081
48.092 0.003837073041
48.094 0.003837301364
48.096 0.003837085921
48.098 0.00383730526
48.1 0.003837100317
48.102 0.003837304997
48.104 0.00383711279
48.106 0.003837308656
48.108 0.003837125862
48.11 0.003837305732
48.112 0.003837139698
48.114 0.003837310043
48.116 0.003837153062
48.118 0.00383730904
48.12 0.003837166944
48.122 0.003837311192
48.124 0.0038371778
48.126 0.003837312279
48.128 0.003837189355
48.13 0.003837312205
48.132 0.003837199736
48.134 0.003837312644
48.136 0.003837209848
48.138 0.003837314932
48.14 0.00383721801
48.142 0.003837318695
48.144 0.003837226915
48.146 0.003837322026
48.148 0.003837234818
48.15 0.003837325132
48.152 0.003837239967
48.154 0.003837329908
48.156 0.003837244185
48.158 0.003837333872
48.16 0.003837248084
48.162 0.003837340766
48.164 0.003837250679
48.166 0.003837346258
48.168 0.00383725195
48.17 0.003837354755
48.172 0.003837253816
48.174 0.003837361139
48.176 0.003837254402
48.178 0.003837370189
48.18 0.003837253933
48.182 0.003837378573
48.184 0.003837254494
48.186 0.003837387277
48.188 0.003837253446
48.19 0.003837395656
48.192 0.003837253161
48.194 0.003837404757
48.196 0.003837252424
48.198 0.003837412764
48.2 0.003837253326
48.202 0.003837420724
48.204 0.003837252495
48.206 0.003837427802
48.208 0.003837254507
48.21 0.003837435221
48.212 0.003837253487
48.214 0.003837442267
48.216 0.003837256229
48.218 0.003837447135
48.22 0.00383725802
48.222 0.003837451749
48.224 0.003837262778
48.226 0.003837455606
48.228 0.00383726636
48.23 0.003837458814
48.232 0.003837271255
48.234 0.003837461348
48.236 0.003837279911
48.238 0.003837462576
48.24 0.003837287203
48.242 0.003837460638
48.244 0.003837292613
48.246 0.003837461169
48.248 0.003837300109
48.25 0.003837462708
48.252 0.003837305987
48.254 0.003837463414
48.256 0.003837313321
48.258 0.003837464293
48.26 0.003837318772
48.262 0.003837465303
48.264 0.00383732613
48.266 0.00383746681
48.268 0.003837330546
48.27 0.003837466349
48.272 0.003837335634
48.274 0.003837468846
48.276 0.003837340834
48.278 0.003837470156
48.28 0.003837344884
48.282 0.003837474459
48.284 0.003837350035
48.286 0.003837477048
48.288 0.003837353533
48.29 0.003837481372
48.292 0.003837357169
48.294 0.003837485959
48.296 0.003837358121
48.298 0.003837491153
48.3 0.003837361409
48.302 0.003837497375
48.304 0.0038373629
48.306 0.003837502901
48.308 0.003837363258
48.31 0.003837510135
48.312 0.003837364191
48.314 0.003837515944
48.316 0.003837364466
48.318 0.0038375242
48.32 0.003837366103
48.322 0.00383753267
48.324 0.003837364528
48.326 0.00383753716
48.328 0.003837363881
48.33 0.003837545558
48.332 0.003837365355
48.334 0.003837554169
48.336 0.003837365102
48.338 0.003837561072
48.34 0.003837366828
48.342 0.003837568233
48.344 0.003837366644
48.346 0.003837575552
48.348 0.00383736811
48.35 0.003837582803
48.352 0.003837370935
48.354 0.00383758953
48.356 0.003837372248
48.358 0.00383759569
48.36 0.00383737477
48.362 0.00383760223
48.364 0.003837377598
48.366 0.003837607441
48.368 0.003837379206
48.37 0.003837612688
48.372 0.003837382548
48.374 0.003837618263
48.376 0.003837387404
48.378 0.003837623853
48.38 0.003837389986
48.382 0.003837628896
48.384 0.003837394556
48.386 0.003837634424
48.388 0.003837400436
48.39 0.003837639587
48.392 0.003837403119
48.394 0.003837643463
48.396 0.003837406915
48.398 0.003837648597
48.4 0.003837411866
48.402 0.003837653443
48.404 0.003837414592
48.406 0.00383765824
48.408 0.00383741908
48.41 0.003837664585
48.412 0.003837423959
48.414 0.003837671851
48.416 0.003837426998
48.418 0.003837675596
48.42 0.003837430288
48.422 0.003837681775
48.424 0.003837432492
48.426 0.003837692971
48.428 0.00383743642
48.43 0.003837700019
48.432 0.003837438341
48.434 0.003837705999
48.436 0.003837436019
48.438 0.003837709215
48.44 0.003837438914
48.442 0.00383771664
48.444 0.003837441448
48.446 0.003837727496
48.448 0.003837446606
48.45 0.003837734295
48.452 0.003837448142
48.454 0.003837742575
48.456 0.003837447264
48.458 0.003837745667
48.46 0.003837447583
48.462 0.003837755313
48.464 0.00383745218
48.466 0.003837764179
48.468 0.003837455709
48.47 0.003837772613
48.472 0.003837454693
48.474 0.003837776746
48.476 0.003837456109
48.478 0.003837786891
48.48 0.003837460148
48.482 0.003837792843
48.484 0.00383745785
48.486 0.003837796464
48.488 0.003837461239
48.49 0.003837807563
48.492 0.003837468199
48.494 0.003837815365
48.496 0.003837466017
48.498 0.003837820096
48.5 0.003837472269
48.502 0.003837826195
48.504 0.003837470256
48.506 0.00383782883
48.508 0.003837473913
48.51 0.003837837789
48.512 0.003837476439
48.514 0.003837840979
48.516 0.003837479844
48.518 0.003837848787
48.52 0.003837483009
48.522 0.003837851264
48.524 0.003837486183
48.526 0.00383785994
48.528 0.003837489414
48.53 0.003837860882
48.532 0.003837492389
48.534 0.0038378692
48.536 0.003837494887
48.538 0.003837871702
48.54 0.003837497841
48.542 0.003837873815
48.544 0.003837500396
48.546 0.003837882014
48.548 0.003837502402
48.55 0.00383788962
48.552 0.003837505246
48.554 0.003837890007
48.556 0.003837507704
48.558 0.003837898456
48.56 0.003837508485
48.562 0.003837904119
48.564 0.00383751219
48.566 0.003837908909
48.568 0.003837514813
48.57 0.003837914216
48.572 0.003837521616
48.574 0.003837919788
48.576 0.003837521618
48.578 0.003837924024
48.58 0.003837523897
48.582 0.003837929132
48.584 0.003837526917
48.586 0.003837933299
48.588 0.003837528234
48.59 0.003837937843
48.592 0.003837532388
48.594 0.003837942016
48.596 0.003837535469
48.598 0.003837947166
48.6 0.003837538302
48.602 0.003837950877
48.604 0.003837540764
48.606 0.003837955675
48.608 0.003837543894
48.61 0.003837959823
48.612 0.003837547614
48.614 0.003837964362
48.616 0.003837550099
48.618 0.003837968665
48.62 0.003837554165
48.622 0.003837973608
48.624 0.003837556268
48.626 0.003837977379
48.628 0.003837559062
48.63 0.00383798114
48.632 0.003837561332
48.634 0.00383798421
48.636 0.003837563702
48.638 0.003837988703
48.64 0.003837567163
48.642 0.003837992605
48.644 0.003837570701
48.646 0.003837998509
48.648 0.003837574607
48.65 0.003838003919
48.652 0.003837577784
48.654 0.003838009152
48.656 0.003837581008
48.658 0.003838012573
48.66 0.003837584156
48.662 0.003838015813
48.664 0.003837586808
48.666 0.003838019638
48.668 0.003837591086
48.67 0.003838023775
48.672 0.003837595457
48.674 0.00383802829
48.676 0.003837599727
48.678 0.00383803169
48.68 0.003837603317
48.682 0.003838034584
48.684 0.003837605468
48.686 0.003838037163
48.688 0.003837610202
48.69 0.003838041104
48.692 0.003837615058
48.694 0.003838045257
48.696 0.003837619164
48.698 0.00383804832
48.7 0.003837623672
48.702 0.003838052863
48.704 0.003837628506
48.706 0.003838056656
48.708 0.003837633697
48.71 0.003838060604
48.712 0.003837637678
48.714 0.003838064376
48.716 0.003837642746
48.718 0.003838067339
48.72 0.003837647728
48.722 0.003838073285
48.724 0.003837653434
48.726 0.003838076824
48.728 0.003837658678
48.73 0.003838080873
48.732 0.003837662292
48.734 0.003838084666
48.736 0.003837668676
48.738 0.003838088922
48.74 0.003837673963
48.742 0.003838094663
48.744 0.003837680153
48.746 0.003838098862
48.748 0.003837685625
48.75 0.003838102609
48.752 0.003837690147
48.754 0.003838107218
48.756 0.003837696576
48.758 0.003838112126
48.76 0.003837702544
48.762 0.003838118092
48.764 0.003837709155
48.766 0.003838122539
48.768 0.003837715546
48.77 0.003838127616
48.772 0.003837720635
48.774 0.003838131747
48.776 0.003837727682
48.778 0.003838137126
48.78 0.003837734348
48.782 0.003838143632
48.784 0.003837741693
48.786 0.003838148366
48.788 0.003837748768
48.79 0.00383815399
48.792 0.003837754554
48.794 0.003838158586
48.796 0.003837762323
48.798 0.003838164389
48.8 0.003837769451
48.802 0.003838171456
48.804 0.003837777651
48.806 0.003838176698
48.808 0.003837785416
48.81 0.003838182886
48.812 0.003837792031
48.814 0.003838188049
48.816 0.003837800451
48.818 0.003838193786
48.82 0.00383780841
48.822 0.003838200593
48.824 0.00383781622
48.826 0.003838206267
48.828 0.00383782536
48.83 0.00383821265
48.832 0.003837832915
48.834 0.003838218617
48.836 0.003837841761
48.838 0.003838223978
48.84 0.003837849134
48.842 0.003838230397
48.844 0.003837858452
48.846 0.003838237621
48.848 0.003837867235
48.85 0.003838243771
48.852 0.003837876818
48.854 0.00383825073
48.856 0.003837885397
48.858 0.003838256793
48.86 0.00383789615
48.862 0.003838264146
48.864 0.003837904859
48.866 0.003838272058
48.868 0.003837915411
48.87 0.00383827885
48.872 0.00383792414
48.874 0.00383828561
48.876 0.003837933678
48.878 0.003838292533
48.88 0.003837943461
48.882 0.003838299887
48.884 0.003837953045
48.886 0.003838306939
48.888 0.003837962957
48.89 0.003838314587
48.892 0.003837972875
48.894 0.003838320158
48.896 0.003837980472
48.898 0.003838326215
48.9 0.003837989539
48.902 0.003838333287
48.904 0.003837999834
48.906 0.003838341566
48.908 0.003838010037
48.91 0.003838349071
48.912 0.003838020236
48.914 0.003838355874
48.916 0.003838030682
48.918 0.003838364463
48.92 0.003838041086
48.922 0.003838371736
48.924 0.003838051136
48.926 0.003838378516
48.928 0.003838060471
48.93 0.003838385766
48.932 0.003838070443
48.934 0.003838391471
48.936 0.003838078195
48.938 0.003838399012
48.94 0.003838089536
48.942 0.003838406238
48.944 0.003838099414
48.946 0.003838416334
48.948 0.003838109017
48.95 0.003838420283
48.952 0.003838119665
48.954 0.003838428231
48.956 0.003838129106
48.958 0.003838435389
48.96 0.003838139783
48.962 0.003838444338
48.964 0.003838148443
48.966 0.003838460824
48.968 0.003838153498
48.97 0.003838471399
48.972 0.003838161872
48.974 0.003838480075
48.976 0.00383816934
48.978 0.003838490494
48.98 0.003838178063
48.982 0.00383849751
48.984 0.003838187002
48.986 0.003838504356
48.988 0.003838193906
48.99 0.003838508944
48.992 0.003838199994
48.994 0.003838515698
48.996 0.003838211348
48.998 0.003838521381
49 0.003838219713
49.002 0.003838527017
49.004 0.003838230871
49.006 0.00383853553
49.008 0.003838240945
49.01 0.003838539011
49.012 0.003838248857
49.014 0.003838541855
49.016 0.00383825762
49.018 0.003838548976
49.02 0.00383826772
49.022 0.003838551809
49.024 0.003838276378
49.026 0.003838556483
49.028 0.003838285537
49.03 0.003838560962
49.032 0.003838295288
49.034 0.003838564285
49.036 0.003838301382
49.038 0.00383856783
49.04 0.00383831259
49.042 0.003838569485
49.044 0.003838320785
49.046 0.003838570353
49.048 0.003838329511
49.05 0.003838575501
49.052 0.003838339693
49.054 0.003838578144
49.056 0.003838342762
49.058 0.003838584048
49.06 0.003838349306
49.062 0.003838589303
49.064 0.003838353514
49.066 0.003838594904
49.068 0.003838360713
49.07 0.003838600629
49.072 0.00383836319
49.074 0.003838602703
49.076 0.003838369286
49.078 0.003838609628
49.08 0.003838370762
49.082 0.003838616314
49.084 0.003838375462
49.086 0.003838622516
49.088 0.003838374762
49.09 0.003838625635
49.092 0.003838378765
49.094 0.003838634131
49.096 0.003838382164
49.098 0.003838637961
49.1 0.003838384763
49.102 0.003838644579
49.104 0.003838387776
49.106 0.003838642825
49.108 0.003838387535
49.11 0.003838645995
49.112 0.003838393104
49.114 0.003838651252
49.116 0.003838396163
49.118 0.003838649751
49.12 0.003838397088
49.122 0.003838651586
49.124 0.003838403355
49.126 0.003838656191
49.128 0.003838406657
49.13 0.003838653203
49.132 0.003838406328
49.134 0.003838654346
49.136 0.00383841157
49.138 0.00383865738
49.14 0.003838415364
49.142 0.003838655296
49.144 0.00383841547
49.146 0.003838656005
49.148 0.003838419769
49.15 0.003838659796
49.152 0.003838424917
49.154 0.003838662748
49.156 0.003838426961
49.158 0.003838661281
49.16 0.003838426877
49.162 0.003838660737
49.164 0.003838432268
49.166 0.003838666788
49.168 0.003838435383
49.17 0.003838663016
49.172 0.003838439098
49.174 0.003838661813
49.176 0.003838440623
49.178 0.00383866359
49.18 0.003838442975
49.182 0.003838664077
49.184 0.003838442118
49.186 0.003838665497
49.188 0.003838447656
49.19 0.003838667807
49.192 0.003838446643
49.194 0.00383866828
49.196 0.003838449198
49.198 0.003838670562
49.2 0.003838449585
49.202 0.00383866806
49.204 0.003838447638
49.206 0.00383866847
49.208 0.0038384474
49.21 0.003838669479
49.212 0.003838448372
49.214 0.003838668271
49.216 0.003838447184
49.218 0.003838668866
49.22 0.003838448414
49.222 0.003838667696
49.224 0.003838445458
49.226 0.003838667248
49.228 0.003838448003
49.23 0.00383867196
49.232 0.003838446095
49.234 0.003838672326
49.236 0.003838447417
49.238 0.003838674523
49.24 0.003838447276
49.242 0.003838674795
49.244 0.003838445565
49.246 0.003838675608
49.248 0.003838444497
49.25 0.003838675632
49.252 0.003838442868
49.254 0.003838675814
49.256 0.003838441736
49.258 0.003838676213
49.26 0.003838439922
49.262 0.003838675969
49.264 0.003838434808
49.266 0.003838677792
49.268 0.003838431501
49.27 0.003838678608
49.272 0.003838431283
49.274 0.003838678273
49.276 0.003838427063
49.278 0.003838676521
49.28 0.003838426504
49.282 0.003838676756
49.284 0.003838425617
49.286 0.00383867543
49.288 0.003838420147
49.29 0.003838672218
49.292 0.003838417146
49.294 0.003838670003
49.296 0.003838414514
49.298 0.003838671396
49.3 0.003838413134
49.302 0.00383867108
49.304 0.003838411011
49.306 0.003838670255
49.308 0.00383840784
49.31 0.00383866822
49.312 0.003838403826
49.314 0.003838668598
49.316 0.003838401129
49.318 0.003838666153
49.32 0.003838394927
49.322 0.003838663654
49.324 0.003838392708
49.326 0.003838664237
49.328 0.003838390531
49.33 0.003838665258
49.332 0.003838389465
49.334 0.003838664105
49.336 0.003838383856
49.338 0.003838661464
49.34 0.003838381307
49.342 0.003838661806
49.344 0.003838377828
49.346 0.003838660153
49.348 0.003838375974
49.35 0.003838659139
49.352 0.003838370517
49.354 0.003838655827
49.356 0.003838368247
49.358 0.003838658451
49.36 0.003838367601
49.362 0.003838659355
49.364 0.003838364358
49.366 0.003838657835
49.368 0.003838360813
49.37 0.003838659136
49.372 0.003838361601
49.374 0.003838660174
49.376 0.003838356356
49.378 0.003838658356
49.38 0.003838354457
49.382 0.003838660457
49.384 0.003838352607
49.386 0.003838659965
49.388 0.003838349102
49.39 0.00383865833
49.392 0.003838345803
49.394 0.003838661239
49.396 0.003838346986
49.398 0.003838661791
49.4 0.003838343427
49.402 0.003838662844
49.404 0.003838342974
49.406 0.00383866306
49.408 0.003838339809
49.41 0.003838662263
49.412 0.003838337579
49.414 0.003838663983
49.416 0.003838336017
49.418 0.003838662687
49.42 0.003838333455
49.422 0.003838665522
49.424 0.003838333233
49.426 0.003838664613
49.428 0.003838331041
49.43 0.003838667352
49.432 0.003838330421
49.434 0.003838666723
49.436 0.00383833014
49.438 0.003838670455
49.44 0.003838328252
49.442 0.003838668893
49.444 0.003838327435
49.446 0.003838671525
49.448 0.003838324958
49.45 0.003838670967
49.452 0.003838324893
49.454 0.003838673724
49.456 0.003838324241
49.458 0.003838676525
49.46 0.003838327538
49.462 0.003838677823
49.464 0.003838325135
49.466 0.003838678329
49.468 0.003838323259
49.47 0.003838677371
49.472 0.003838323487
49.474 0.003838679373
49.476 0.003838322783
49.478 0.003838682394
49.48 0.003838323976
49.482 0.003838682887
49.484 0.003838321321
49.486 0.003838683742
49.488 0.0038383225
49.49 0.003838687264
49.492 0.003838325949
49.494 0.003838688219
49.496 0.003838324771
49.498 0.003838687546
49.5 0.003838322547
49.502 0.003838689007
49.504 0.003838324538
49.506 0.003838689257
49.508 0.003838325061
49.51 0.003838692195
49.512 0.003838324952
49.514 0.003838692339
49.516 0.003838324935
49.518 0.003838693476
49.52 0.003838329882
49.522 0.003838696503
49.524 0.003838328531
49.526 0.003838695559
49.528 0.003838328252
49.53 0.003838696481
49.532 0.003838330445
49.534 0.003838699547
49.536 0.003838331312
49.538 0.003838696018
49.54 0.00383833052
49.542 0.003838697667
49.544 0.003838332927
49.546 0.003838701104
49.548 0.003838333776
49.55 0.003838699392
49.552 0.003838334299
49.554 0.003838700576
49.556 0.003838336381
49.558 0.003838702213
49.56 0.003838336247
49.562 0.003838702002
49.564 0.003838338144
49.566 0.003838702146
49.568 0.003838339509
49.57 0.003838703337
49.572 0.003838338855
49.574 0.003838705908
49.576 0.003838340696
49.578 0.003838706079
49.58 0.003838341229
49.582 0.003838707095
49.584 0.003838342847
49.586 0.003838707184
49.588 0.003838341947
49.59 0.003838708765
49.592 0.003838344868
49.594 0.003838709008
49.596 0.00383834627
49.598 0.003838707755
49.6 0.00383834909
49.602 0.003838707948
49.604 0.003838349839
49.606 0.003838708326
49.608 0.003838352189
49.61 0.003838708652
49.612 0.00383835173
49.614 0.003838708629
49.616 0.003838353992
49.618 0.003838708466
49.62 0.00383835483
49.622 0.003838710157
49.624 0.003838356284
49.626 0.003838709914
49.628 0.003838357601
49.63 0.003838708475
49.632 0.003838359355
49.634 0.003838710289
49.636 0.003838360681
49.638 0.003838708982
49.64 0.003838361871
49.642 0.003838708103
49.644 0.003838363115
49.646 0.003838708318
49.648 0.003838363064
49.65 0.00383870883
49.652 0.003838365525
49.654 0.003838708166
49.656 0.003838366727
49.658 0.00383870763
49.66 0.003838368041
49.662 0.003838707266
49.664 0.003838369335
49.666 0.003838706933
49.668 0.003838369463
49.67 0.003838706361
49.672 0.003838370556
49.674 0.003838705581
49.676 0.003838371768
49.678 0.003838705536
49.68 0.003838372884
49.682 0.003838705231
49.684 0.00383837359
49.686 0.003838704383
49.688 0.003838374243
49.69 0.003838704613
49.692 0.003838374833
49.694 0.003838703925
49.696 0.00383837611
49.698 0.00383870407
49.7 0.003838375707
49.702 0.003838703619
49.704 0.003838376593
49.706 0.003838703637
49.708 0.003838376539
49.71 0.003838703028
49.712 0.003838376276
49.714 0.00383870308
49.716 0.003838376739
49.718 0.003838702252
49.72 0.003838376431
49.722 0.003838702409
49.724 0.003838376131
49.726 0.00383870225
49.728 0.003838376087
49.73 0.003838701951
49.732 0.003838376409
49.734 0.003838702041
49.736 0.003838376225
49.738 0.003838702742
49.74 0.003838376117
49.742 0.003838702255
49.744 0.003838375858
49.746 0.003838702694
49.748 0.003838375515
49.75 0.003838701664
49.752 0.003838374506
49.754 0.003838701794
49.756 0.003838374011
49.758 0.003838701415
49.76 0.003838373865
49.762 0.003838702145
49.764 0.003838373896
49.766 0.003838702292
49.768 0.003838373752
49.77 0.003838703122
49.772 0.003838373369
49.774 0.003838702412
49.776 0.003838372396
49.778 0.003838702873
49.78 0.003838356169
49.782 0.003838705537
49.784 0.003838351262
49.786 0.003838709299
49.788 0.003838349096
49.79 0.003838711143
49.792 0.003838347377
49.794 0.003838713234
49.796 0.003838345581
49.798 0.003838714659
49.8 0.003838344409
49.802 0.003838716087
49.804 0.003838344022
49.806 0.003838717571
49.808 0.003838344162
49.81 0.003838718096
49.812 0.003838344431
49.814 0.003838718218
49.816 0.003838344473
49.818 0.003838718246
49.82 0.003838345246
49.822 0.003838718983
49.824 0.003838346798
49.826 0.00383871901
49.828 0.003838347678
49.83 0.003838718763
49.832 0.003838347492
49.834 0.00383871997
49.836 0.003838349867
49.838 0.003838717113
49.84 0.003838355699
49.842 0.003838646301
49.844 0.003838319196
49.846 0.003838712927
49.848 0.003838354726
49.85 0.003838709274
49.852 0.003838371253
49.854 0.003838707505
49.856 0.003838381319
49.858 0.00383870706
49.86 0.003838387852
49.862 0.003838708474
49.864 0.003838392446
49.866 0.003838711459
49.868 0.003838397157
49.87 0.003838715867
49.872 0.003838400628
49.874 0.003838721142
49.876 0.003838402659
49.878 0.003838726669
49.88 0.003838404295
49.882 0.003838733918
49.884 0.00383840587
49.886 0.003838741327
49.888 0.003838408269
49.89 0.003838749271
49.892 0.003838408812
49.894 0.003838756808
49.896 0.003838409744
49.898 0.003838764699
49.9 0.003838410245
49.902 0.003838772233
49.904 0.003838411777
49.906 0.003838779908
49.908 0.003838413373
49.91 0.003838786586
49.912 0.003838414502
49.914 0.003838793236
49.916 0.003838415403
49.918 0.003838799273
49.92 0.003838417681
49.922 0.003838805904
49.924 0.003838421195
49.926 0.003838810131
49.928 0.003838424766
49.93 0.003838813886
49.932 0.003838427852
49.934 0.003838819009
49.936 0.003838430396
49.938 0.003838822974
49.94 0.003838433974
49.942 0.003838828257
49.944 0.003838436952
49.946 0.003838832527
49.948 0.003838441001
49.95 0.00383860736
49.952 0.003838450429
49.954 0.003838866117
49.956 0.003838401458
49.958 0.003838911546
49.96 0.003838376762
49.962 0.003838926266
49.964 0.00383837387
49.966 0.003838929916
49.968 0.003838380986
49.97 0.00383892718
49.972 0.003838392015
49.974 0.003838923256
49.976 0.003838405327
49.978 0.003838918043
49.98 0.003838417411
49.982 0.003838914503
49.984 0.003838430488
49.986 0.003838911526
49.988 0.003838442487
49.99 0.003838678452
49.992 0.00383846221
49.994 0.003838932769
49.996 0.003838421489
49.998 0.0038389728
50 0.003838406479
50.002 0.003838981875
50.004 0.003838413127
50.006 0.003838979305
50.008 0.00383842969
50.01 0.003838970214
50.012 0.003838449718
50.014 0.003838959566
50.016 0.00383847161
50.018 0.003838719571
50.02 0.003838500808
50.022 0.003838964684
50.024 0.003838470029
50.026 0.003838996653
50.028 0.003838464029
50.03 0.00383899793
50.032 0.003838478224
50.034 0.003838988724
50.036 0.003838501628
50.038 0.003838745409
50.04 0.003838534093
50.042 0.003838987082
50.044 0.003838506972
50.046 0.003839015837
50.048 0.003838503781
50.05 0.003839014624
50.052 0.003838519906
50.054 0.003839003686
50.056 0.0038385445
50.058 0.003838759059
50.06 0.00383857641
50.062 0.003839001055
50.064 0.003838548124
50.066 0.003839030208
50.068 0.003838543567
50.07 0.003839030897
50.072 0.003838557065
50.074 0.003839020986
50.076 0.003838578543
50.078 0.003838777618
50.08 0.003838608199
50.082 0.003839022101
50.084 0.003838577329
50.086 0.003839053044
50.088 0.003838569258
50.09 0.003839053919
50.092 0.003838580856
50.094 0.003838815048
50.096 0.003838607338
50.098 0.003839060199
50.1 0.003838574877
50.102 0.003839089362
50.104 0.003838567393
50.106 0.00383908967
50.108 0.003838579944
50.11 0.003838847796
50.112 0.003838607468
50.114 0.003839089579
50.116 0.003838576798
50.118 0.00383911481
50.12 0.003838570651
50.122 0.003839110508
50.124 0.003838584651
50.126 0.003838864949
50.128 0.003838613944
50.13 0.003839105257
50.132 0.003838585297
50.134 0.003839129469
50.136 0.003838581004
50.138 0.003838910771
50.14 0.00383859232
50.142 0.003839142274
50.144 0.003838568436
50.146 0.003839159334
50.148 0.003838569282
50.15 0.003839146805
50.152 0.003838589724
50.154 0.003838893186
50.156 0.00383862528
50.158 0.003839125808
50.16 0.003838600863
50.162 0.003839142868
50.164 0.003838601661
50.166 0.003838899852
50.168 0.003838628672
50.17 0.00383913589
50.172 0.003838602386
50.174 0.003839153544
50.176 0.00383860351
50.178 0.003838908521
50.18 0.003838631987
50.182 0.003839143101
50.184 0.003838607036
50.186 0.00383915816
50.188 0.003838608927
50.19 0.003838910956
50.192 0.003838638493
50.194 0.00383914336
50.196 0.003838615994
50.198 0.003839157646
50.2 0.003838620329
50.202 0.003838909423
50.204 0.003838650626
50.206 0.003839140215
50.208 0.003838627726
50.21 0.003839153217
50.212 0.003838632345
50.214 0.003838903044
50.216 0.003838662699
50.218 0.003839133612
50.22 0.003838641109
50.222 0.003838914859
50.224 0.003838654788
50.226 0.003839154649
50.228 0.003838625024
50.23 0.003839168906
50.232 0.003838628313
50.234 0.00383891621
50.236 0.003838664212
50.238 0.003839143496
50.24 0.003838644017
50.242 0.003838920648
50.244 0.003838662859
50.246 0.003839157307
50.248 0.003838635336
50.25 0.003839167903
50.252 0.003838640452
50.254 0.003838912862
50.256 0.00383868139
50.258 0.003839138098
50.26 0.003838663
50.262 0.003838911325
50.264 0.0038386837
50.266 0.003839146214
50.268 0.003838656935
50.27 0.003839155496
50.272 0.003838663807
50.274 0.003838897899
50.276 0.003838705195
50.278 0.003839121946
50.28 0.003838688658
50.282 0.003838893798
50.284 0.003838710403
50.286 0.003839126974
50.288 0.003838684708
50.29 0.003838901563
50.292 0.003838704675
50.294 0.003839137136
50.296 0.003838680912
50.298 0.003838910337
50.3 0.003838700726
50.302 0.003839141347
50.304 0.003838678404
50.306 0.003838912994
50.308 0.003838701432
50.31 0.003839143459
50.312 0.003838680078
50.314 0.003839145851
50.316 0.003838692584
50.318 0.003838882126
50.32 0.003838740421
50.322 0.00383910316
50.324 0.003838727665
50.326 0.003838869356
50.328 0.003838754202
50.33 0.003839100875
50.332 0.003838730384
50.334 0.003838871446
50.336 0.003838751222
50.338 0.003839104731
50.34 0.003838728077
50.342 0.003838876576
50.344 0.003838748554
50.346 0.003839108362
50.348 0.003838725594
50.35 0.003838879872
50.352 0.003838748813
50.354 0.003839110813
50.356 0.003838727545
50.358 0.003838879888
50.36 0.00383875119
50.362 0.003839111238
50.364 0.003838730021
50.366 0.003838878412
50.368 0.003838754408
50.37 0.003839107258
50.372 0.00383873319
50.374 0.003838873511
50.376 0.003838757909
50.378 0.003839105166
50.38 0.003838737889
50.382 0.003838871507
50.384 0.003838762889
50.386 0.003839099182
50.388 0.003838742964
50.39 0.003838864936
50.392 0.003838765643
50.394 0.003838859546
50.396 0.003838759579
50.398 0.003839120451
50.4 0.003838716499
50.402 0.003838894814
50.404 0.003838734695
50.406 0.00383912529
50.408 0.003838715761
50.41 0.003838889824
50.412 0.003838744303
50.414 0.003839108441
50.416 0.003838729997
50.418 0.003838878058
50.42 0.003838760676
50.422 0.003838866902
50.424 0.003838756963
50.426 0.003839109275
50.428 0.003838718399
50.43 0.003838893727
50.432 0.00383874209
50.434 0.003839102592
50.436 0.003838725851
50.438 0.003838876819
50.44 0.003838756371
50.442 0.003838863807
50.444 0.003838758832
50.446 0.003839091463
50.448 0.003838723645
50.45 0.003838882732
50.452 0.003838749644
50.454 0.003839078712
50.456 0.003838738168
50.458 0.003838858756
50.46 0.003838770349
50.462 0.003838842818
50.464 0.003838774324
50.466 0.00383906727
50.468 0.003838738637
50.47 0.003838855805
50.472 0.003838767536
50.474 0.003838843955
50.476 0.003838767676
50.478 0.003839070171
50.48 0.003838733253
50.482 0.003838855415
50.484 0.003838760962
50.486 0.003838843883
50.488 0.003838761639
50.49 0.003839064981
50.492 0.003838727522
50.494 0.003838852825
50.496 0.003838755092
50.498 0.003838835837
50.5 0.003838755265
50.502 0.00383905915
50.504 0.003838720034
50.506 0.003838843461
50.508 0.003838744607
50.51 0.003838827145
50.512 0.003838743864
50.514 0.003839048282
50.516 0.003838706733
50.518 0.003838834928
50.52 0.003838734363
50.522 0.003838818749
50.524 0.003838729324
50.526 0.003839040119
50.528 0.003838695588
50.53 0.003838828791
50.532 0.003838719353
50.534 0.003838809578
50.536 0.003838713891
50.538 0.003838925515
50.54 0.003838684745
50.542 0.003838828531
50.544 0.0038386781
50.546 0.003839040897
50.548 0.003838650213
50.55 0.003838822651
50.552 0.003838678103
50.554 0.003838799941
50.556 0.003838675959
50.558 0.00383880815
50.56 0.003838654717
50.562 0.003839036501
50.564 0.003838610971
50.566 0.003838818457
50.568 0.003838633996
50.57 0.003838796893
50.572 0.003838634823
50.574 0.003838803934
50.576 0.003838613746
50.578 0.003839027192
50.58 0.003838570589
50.582 0.003838805808
50.584 0.003838598894
50.586 0.003838784619
50.588 0.003838601655
50.59 0.003838785852
50.592 0.003838579857
50.594 0.003839007928
50.596 0.00383854273
50.598 0.003838788275
50.6 0.003838570379
50.602 0.003838762857
50.604 0.003838573948
50.606 0.003838762851
50.608 0.00383855313
50.61 0.003838983631
50.612 0.003838516022
50.614 0.003838764807
50.616 0.003838546514
50.618 0.003838740054
50.62 0.003838549254
50.622 0.003838739622
50.624 0.00383852933
50.626 0.003838751105
50.628 0.003838504241
50.63 0.00383897847
50.632 0.003838465196
50.634 0.003838755212
50.636 0.003838494864
50.638 0.003838726519
50.64 0.003838499131
50.642 0.003838726646
50.644 0.003838482952
50.646 0.003838735253
50.648 0.00383846106
50.65 0.003838962358
50.652 0.003838423874
50.654 0.003838739261
50.656 0.003838456839
50.658 0.003838711476
50.66 0.003838463937
50.662 0.003838708942
50.664 0.003838447296
50.666 0.003838717613
50.668 0.00383842315
50.67 0.003838731651
50.672 0.003838399309
50.674 0.003838744394
50.676 0.003838375426
50.678 0.003838969607
50.68 0.003838340729
50.682 0.003838742774
50.684 0.003838377333
50.686 0.003838710556
50.688 0.003838388947
50.69 0.003838705562
50.692 0.003838377892
50.694 0.003838711456
50.696 0.003838358301
50.698 0.003838720331
50.7 0.003838336097
50.702 0.003838729734
50.704 0.003838314427
50.706 0.003838739949
50.708 0.003838295435
50.71 0.003838958478
50.712 0.003838264934
50.714 0.003838726629
50.716 0.00383830937
50.718 0.003838692228
50.72 0.003838325835
50.722 0.003838684711
50.724 0.003838320039
50.726 0.003838687462
50.728 0.003838304981
50.73 0.003838694854
50.732 0.003838287783
50.734 0.003838702991
50.736 0.003838271289
50.738 0.003838709291
50.74 0.003838254918
50.742 0.00383871651
50.744 0.003838241007
50.746 0.003838719043
50.748 0.003838227596
50.75 0.003838722258
50.752 0.003838214892
50.754 0.003838722534
50.756 0.0038382045
50.758 0.003838723452
50.76 0.003838195192
50.762 0.003838720176
50.764 0.003838184151
50.766 0.003838718828
50.768 0.003838177109
50.77 0.003838717271
50.772 0.003838168017
50.774 0.003838714238
50.776 0.003838160729
50.778 0.003838710569
50.78 0.003838152581
50.782 0.003838706488
50.784 0.003838146748
50.786 0.003838703484
50.788 0.003838139233
50.79 0.003838699
50.792 0.003838133006
50.794 0.003838694874
50.796 0.003838126809
50.798 0.003838689875
50.8 0.003838122786
50.802 0.003838686256
50.804 0.00383811838
50.806 0.003838679978
50.808 0.00383811383
50.81 0.003838673912
50.812 0.003838105997
50.814 0.003838666584
50.816 0.00383810476
50.818 0.003838661108
50.82 0.003838101931
50.822 0.003838654643
50.824 0.003838097695
50.826 0.003838649356
50.828 0.003838100402
50.83 0.003838644082
50.832 0.003838096461
50.834 0.003838639958
50.836 0.003838094708
50.838 0.003838635143
50.84 0.003838091225
50.842 0.003838630817
50.844 0.003838087274
50.846 0.003838624235
50.848 0.003838078262
50.85 0.003838619553
50.852 0.003838074561
50.854 0.003838617471
50.856 0.003838071364
50.858 0.003838618319
50.86 0.003838069564
50.862 0.003838622063
50.864 0.003838065327
50.866 0.003838622273
50.868 0.003838058064
50.87 0.003838619269
50.872 0.003838051594
50.874 0.003838620454
50.876 0.003838045021
50.878 0.003838623852
50.88 0.003838040944
50.882 0.00383862392
50.884 0.003838034955
50.886 0.003838630371
50.888 0.003838024175
50.89 0.003838633241
50.892 0.003838015531
50.894 0.003838639851
50.896 0.003838009646
50.898 0.003838643511
50.9 0.003838002059
50.902 0.003838650641
50.904 0.003837998279
50.906 0.003838653632
50.908 0.003837986566
50.91 0.003838659357
50.912 0.003837981466
50.914 0.003838665536
50.916 0.003837977221
50.918 0.003838667837
50.92 0.003837969833
50.922 0.003838664824
50.924 0.00383796594
50.926 0.00383867316
50.928 0.00383796664
50.93 0.003838674221
50.932 0.00383796392
50.934 0.003838672692
50.936 0.003837966132
50.938 0.00383867061
50.94 0.003837971268
50.942 0.003838672037
50.944 0.00383797412
50.946 0.003838668921
50.948 0.003837978119
50.95 0.00383866628
50.952 0.003837989787
50.954 0.003838664542
50.956 0.003837992111
50.958 0.003838657366
50.96 0.003837997903
50.962 0.003838655731
50.964 0.003838007308
50.966 0.003838647297
50.968 0.003838012575
50.97 0.003838643037
50.972 0.003838019605
50.974 0.003838642394
50.976 0.00383802812
50.978 0.003838631139
50.98 0.003838034117
50.982 0.003838632019
50.984 0.003838044398
50.986 0.003838629359
50.988 0.003838049297
50.99 0.003838623644
50.992 0.003838057088
50.994 0.003838622716
50.996 0.003838059822
50.998 0.003838618131
51 0.003838064373
51.002 0.003838617069
51.004 0.003838073107
51.006 0.003838616459
51.008 0.003838073051
51.01 0.003838614151
51.012 0.003838076752
51.014 0.003838614152
51.016 0.003838081332
51.018 0.003838614114
51.02 0.00383808217
51.022 0.003838614237
51.024 0.003838080824
51.026 0.003838612611
51.028 0.003838089427
51.03 0.003838613107
51.032 0.003838085328
51.034 0.003838610073
51.036 0.003838086676
51.038 0.003838607903
51.04 0.003838088301
51.042 0.003838610107
51.044 0.003838093098
51.046 0.003838609793
51.048 0.003838092525
51.05 0.003838605558
51.052 0.003838096555
51.054 0.003838607609
51.056 0.003838097557
51.058 0.003838604569
51.06 0.003838105901
51.062 0.003838602805
51.064 0.003838104499
51.066 0.003838599588
51.068 0.00383811068
51.07 0.003838591888
51.072 0.003838112183
51.074 0.003838591119
51.076 0.003838117239
51.078 0.00383858462
51.08 0.003838124425
51.082 0.003838580405
51.084 0.003838127837
51.086 0.00383857637
51.088 0.003838137422
51.09 0.003838567048
51.092 0.003838140907
51.094 0.003838563908
51.096 0.00383814616
51.098 0.003838552346
51.1 0.003838153118
51.102 0.003838551835
51.104 0.003838158789
51.106 0.00383854757
51.108 0.003838171809
51.11 0.003838541493
51.112 0.003838173094
51.114 0.003838536092
51.116 0.003838180983
51.118 0.003838529946
51.12 0.003838183993
51.122 0.003838523127
51.124 0.003838187031
51.126 0.003838513276
51.128 0.003838190959
51.13 0.00383850993
51.132 0.003838196509
51.134 0.003838501574
51.136 0.003838199221
51.138 0.003838502438
51.14 0.003838203382
51.142 0.003838496991
51.144 0.003838207527
51.146 0.003838495267
51.148 0.003838209151
51.15 0.003838490408
51.152 0.003838211135
51.154 0.003838491499
51.156 0.003838213464
51.158 0.003838486561
51.16 0.003838217455
51.162 0.003838486999
51.164 0.003838216504
51.166 0.00383848149
51.168 0.003838216701
51.17 0.003838483334
51.172 0.003838218318
51.174 0.003838475567
51.176 0.003838219166
51.178 0.003838477221
51.18 0.003838218193
51.182 0.003838470731
51.184 0.003838218647
51.186 0.003838472415
51.188 0.003838223836
51.19 0.003838469147
51.192 0.003838221831
51.194 0.003838465918
51.196 0.003838223817
51.198 0.003838461595
51.2 0.003838219936
51.202 0.003838459032
51.204 0.003838225953
51.206 0.003838452365
51.208 0.003838221656
51.21 0.003838443343
51.212 0.003838222819
51.214 0.00383844239
51.216 0.003838220618
51.218 0.003838435671
51.22 0.003838220103
51.222 0.003838433248
51.224 0.003838223259
51.226 0.003838429678
51.228 0.003838218671
51.23 0.003838419778
51.232 0.003838216848
51.234 0.003838415785
51.236 0.003838215432
51.238 0.003838410477
51.24 0.003838214566
51.242 0.003838408594
51.244 0.003838217499
51.246 0.003838404341
51.248 0.00383821195
51.25 0.003838394399
51.252 0.003838208826
51.254 0.003838392171
51.256 0.003838210552
51.258 0.003838388698
51.26 0.003838206056
51.262 0.003838380806
51.264 0.003838203439
51.266 0.003838376266
51.268 0.003838199136
51.27 0.003838369241
51.272 0.003838196029
51.274 0.003838368466
51.276 0.003838196999
51.278 0.003838365084
51.28 0.003838190729
51.282 0.003838357607
51.284 0.003838186788
51.286 0.003838354574
51.288 0.003838185671
51.29 0.003838351659
51.292 0.003838179044
51.294 0.003838344239
51.296 0.003838173041
51.298 0.003838342104
51.3 0.003838171933
51.302 0.003838337776
51.304 0.003838165255
51.306 0.003838331948
51.308 0.003838160644
51.31 0.003838327425
51.312 0.003838155407
51.314 0.003838327453
51.316 0.003838154472
51.318 0.003838322963
51.32 0.003838146286
51.322 0.003838314094
51.324 0.003838140533
51.326 0.003838313466
51.328 0.003838139694
51.33 0.003838310017
51.332 0.003838131855
51.334 0.00383830222
51.336 0.003838125357
51.338 0.003838295782
51.34 0.003838118959
51.342 0.003838294587
51.344 0.003838117885
51.346 0.003838291498
51.348 0.003838108978
51.35 0.003838283356
51.352 0.003838104097
51.354 0.00383827689
51.356 0.003838096915
51.358 0.003838275361
51.36 0.003838095303
51.362 0.003838272139
51.364 0.003838087805
51.366 0.003838263537
51.368 0.003838080442
51.37 0.003838257886
51.372 0.003838076556
51.374 0.00383825737
51.376 0.003838073029
51.378 0.003838251241
51.38 0.003838062993
51.382 0.003838242168
51.384 0.003838057357
51.386 0.003838237282
51.388 0.003838051525
51.39 0.003838233654
51.392 0.003838049076
51.394 0.003838229106
51.396 0.003838043941
51.398 0.00383822241
51.4 0.003838033267
51.402 0.0038382134
51.404 0.003838026679
51.406 0.003838206344
51.408 0.003838018544
51.41 0.003838204161
51.412 0.003838015877
51.414 0.003838198597
51.416 0.003838008376
51.418 0.003838193844
51.42 0.003837997752
51.422 0.003838183946
51.424 0.003837988544
51.426 0.003838178275
51.428 0.003837981673
51.43 0.003838177092
51.432 0.003837975709
51.434 0.003838171872
51.436 0.003837968997
51.438 0.003838166457
51.44 0.003837956555
51.442 0.003838158326
51.444 0.00383794524
51.446 0.003838151038
51.448 0.003837935998
51.45 0.003838145357
51.452 0.003837924762
51.454 0.003838143755
51.456 0.00383792023
51.458 0.003838139268
51.46 0.003837909325
51.462 0.003838133175
51.464 0.00383789471
51.466 0.003838124093
51.468 0.003837883673
51.47 0.003838086554
51.472 0.003837870294
51.474 0.003838075079
51.476 0.00383785701
51.478 0.003838072701
51.48 0.003837847183
51.482 0.003838066152
51.484 0.003837833832
51.486 0.003838060287
51.488 0.003837817442
51.49 0.003838051178
51.492 0.003837803615
51.494 0.0038380459
51.496 0.003837791711
51.498 0.003838042852
51.5 0.00383778082
51.502 0.003838042673
51.504 0.003837775611
51.506 0.003838040484
51.508 0.003837768346
51.51 0.003838039116
51.512 0.003837755772
51.514 0.003838033676
51.516 0.003837748291
51.518 0.003838032101
51.52 0.003837740636
51.522 0.003838031452
51.524 0.003837733513
51.526 0.003838034105
51.528 0.00383773109
51.53 0.003838033601
51.532 0.003837724373
51.534 0.00383803287
51.536 0.003837718175
51.538 0.003838034747
51.54 0.003837707408
51.542 0.003838030479
51.544 0.003837700309
51.546 0.003838030986
51.548 0.003837693136
51.55 0.003838033371
51.552 0.00383768578
51.554 0.003838038432
51.556 0.003837682392
51.558 0.003838039766
51.56 0.003837674728
51.562 0.003838041685
51.564 0.003837661328
51.566 0.003838039006
51.568 0.003837651794
51.57 0.003838040746
51.572 0.003837643639
51.574 0.003838042812
51.576 0.003837634028
51.578 0.003838048111
51.58 0.003837627607
51.582 0.00383805036
51.584 0.003837618515
51.586 0.003838051037
51.588 0.003837607789
51.59 0.003838053059
51.592 0.003837593728
51.594 0.003838050676
51.596 0.003837581938
51.598 0.003838050981
51.6 0.00383757171
51.602 0.003838059977
51.604 0.003837564616
51.606 0.003838064926
51.608 0.003837555567
51.61 0.003838069261
51.612 0.00383754445
51.614 0.003838074249
51.616 0.003837531089
51.618 0.00383807561
51.62 0.003837522115
51.622 0.003838080713
51.624 0.00383751388
51.626 0.003838089997
51.628 0.0038375076
51.63 0.003838094318
51.632 0.003837500802
51.634 0.003838099792
51.636 0.003837493377
51.638 0.003838104746
51.64 0.003837482967
51.642 0.00383810602
51.644 0.003837477214
51.646 0.003838110957
51.648 0.003837471422
51.65 0.003838118908
51.652 0.003837470295
51.654 0.003838124146
51.656 0.003837466814
51.658 0.003838129043
51.66 0.003837463811
51.662 0.003838133543
51.664 0.003837456365
51.666 0.003838135234
51.668 0.003837455234
51.67 0.003838137659
51.672 0.003837455607
51.674 0.003838145236
51.676 0.003837460462
51.678 0.003838150176
51.68 0.003837463513
51.682 0.00383815421
51.684 0.003837461602
51.686 0.003838154541
51.688 0.003837462969
51.69 0.003838155423
51.692 0.003837463664
51.694 0.003838159301
51.696 0.003837465304
51.698 0.003838165299
51.7 0.003837472804
51.702 0.00383817141
51.704 0.003837476342
51.706 0.00383817431
51.708 0.003837475035
51.71 0.003838173748
51.712 0.003837478302
51.714 0.00383817613
51.716 0.003837480829
51.718 0.003838182898
51.72 0.003837488461
51.722 0.003838186789
51.724 0.003837492967
51.726 0.003838188399
51.728 0.003837491581
51.73 0.00383818729
51.732 0.003837495435
51.734 0.003838188179
51.736 0.003837499664
51.738 0.003838190934
51.74 0.00383750479
51.742 0.003838197138
51.744 0.003837513264
51.746 0.003838200157
51.748 0.003837519353
51.75 0.003838202171
51.752 0.003837522193
51.754 0.003838201866
51.756 0.003837527629
51.758 0.003838201711
51.76 0.003837532634
51.762 0.003838207979
51.764 0.003837542576
51.766 0.003838211084
51.768 0.003837550524
51.77 0.003838213166
51.772 0.003837554466
51.774 0.003838212166
51.776 0.003837561187
51.778 0.003838213481
51.78 0.003837568162
51.782 0.003838219638
51.784 0.003837581189
51.786 0.003838223253
51.788 0.003837590005
51.79 0.003838225736
51.792 0.003837594849
51.794 0.003838225497
51.796 0.003837604495
51.798 0.003838228344
51.8 0.003837613726
51.802 0.003838232102
51.804 0.003837623364
51.806 0.003838238525
51.808 0.003837635703
51.81 0.003838242287
51.812 0.003837646851
51.814 0.003838248287
51.816 0.003837653834
51.818 0.003838247949
51.82 0.003837663721
51.822 0.003838252121
51.824 0.00383767298
51.826 0.003838260829
51.828 0.003837688425
51.83 0.003838267485
51.832 0.003837700395
51.834 0.003838272578
51.836 0.00383770744
51.838 0.00383827507
51.84 0.003837718343
51.842 0.003838281086
51.844 0.00383773149
51.846 0.003838292464
51.848 0.00383774632
51.85 0.003838299981
51.852 0.003837758283
51.854 0.003838306104
51.856 0.003837766603
51.858 0.003838311484
51.86 0.003837779378
51.862 0.003838318608
51.864 0.003837790693
51.866 0.003838329699
51.868 0.003837806317
51.87 0.003838338994
51.872 0.003837820081
51.874 0.003838349496
51.876 0.003837829917
51.878 0.003838353075
51.88 0.003837840683
51.882 0.003838361919
51.884 0.003837855537
51.886 0.003838376024
51.888 0.003837870949
51.89 0.003838384076
51.892 0.003837883901
51.894 0.003838394197
51.896 0.003837894528
51.898 0.00383840186
51.9 0.00383790864
51.902 0.003838410484
51.904 0.003837921441
51.906 0.003838422496
51.908 0.00383793768
51.91 0.003838432987
51.912 0.003837952488
51.914 0.00383844372
51.916 0.003837962933
51.918 0.003838449499
51.92 0.003837975892
51.922 0.003838458925
51.924 0.003837990405
51.926 0.003838473822
51.928 0.003838007874
51.93 0.003838482936
51.932 0.003838018321
51.934 0.003838489749
51.936 0.003838032837
51.938 0.003838499293
51.94 0.003838046465
51.942 0.003838512478
51.944 0.00383806409
51.946 0.003838523898
51.948 0.003838081004
51.95 0.003838535121
51.952 0.003838091573
51.954 0.003838539643
51.956 0.003838104766
51.958 0.003838549234
51.96 0.003838119773
51.962 0.003838563927
51.964 0.003838138325
51.966 0.003838573472
51.968 0.003838149594
51.97 0.003838581032
51.972 0.003838164056
51.974 0.003838589498
51.976 0.003838179552
51.978 0.003838603688
51.98 0.003838197963
51.982 0.003838614597
51.984 0.003838213343
51.986 0.003838623907
51.988 0.003838223882
51.99 0.003838630583
51.992 0.00383823858
51.994 0.003838644538
51.996 0.003838255777
51.998 0.003838653496
52 0.003838271945
52.002 0.003838665526
52.004 0.003838284474
52.006 0.003838672229
52.008 0.003838298208
52.01 0.003838685111
52.012 0.003838317253
52.014 0.003838696322
52.016 0.003838329377
52.018 0.003838703236
52.02 0.003838344172
52.022 0.003838712641
52.024 0.003838358355
52.026 0.003838725464
52.028 0.003838376581
52.03 0.003838737394
52.032 0.003838388783
52.034 0.003838744163
52.036 0.003838404021
52.038 0.003838753579
52.04 0.003838418368
52.042 0.003838767967
52.044 0.003838437938
52.046 0.003838780563
52.048 0.003838451345
52.05 0.003838786822
52.052 0.003838464729
52.054 0.003838800597
52.056 0.003838484013
52.058 0.003838813572
52.06 0.003838497375
52.062 0.003838819698
52.064 0.003838511458
52.066 0.003838829958
52.068 0.003838526884
52.07 0.003838846735
52.072 0.003838544852
52.074 0.003838858072
52.076 0.003838557836
52.078 0.003838866875
52.08 0.003838572185
52.082 0.003838878255
52.084 0.003838594423
52.086 0.003838889609
52.088 0.003838608305
52.09 0.003838896652
52.092 0.003838623624
52.094 0.003838910314
52.096 0.003838641299
52.098 0.003838920736
52.1 0.003838653692
52.102 0.003838928821
52.104 0.003838669933
52.106 0.003838941359
52.108 0.003838688777
52.11 0.003838953464
52.112 0.00383870171
52.114 0.003838960609
52.116 0.003838716027
52.118 0.003838975025
52.12 0.003838734156
52.122 0.003838988445
52.124 0.00383874695
52.126 0.003838996438
52.128 0.003838761911
52.13 0.003839011536
52.132 0.003838779913
52.134 0.003839024401
52.136 0.00383879138
52.138 0.003839032172
52.14 0.003838805844
52.142 0.003839046862
52.144 0.003838823747
52.146 0.003839058183
52.148 0.003838834308
52.15 0.003837350758
52.152 0.003839000258
52.154 0.00383716003
52.156 0.003839031251
52.158 0.003837222376
52.16 0.003838967944
52.162 0.003837351297
52.164 0.003838875111
52.166 0.003837495961
52.168 0.003838788394
52.17 0.003837627121
52.172 0.003838708655
52.174 0.003837730218
52.176 0.003838650975
52.178 0.003837818638
52.18 0.003838621184
52.182 0.003837879283
52.184 0.003838602219
52.186 0.003837917673
52.188 0.003838611279
52.19 0.0038379355
52.192 0.003838629562
52.194 0.003837933319
52.196 0.00383866413
52.198 0.003837924392
52.2 0.003838713253
52.202 0.003837901046
52.204 0.00383876231
52.206 0.003837867323
52.208 0.003838816898
52.21 0.003837837084
52.212 0.003838873807
52.214 0.00383779945
52.216 0.003838927656
52.218 0.003837769622
52.22 0.003838978644
52.222 0.00383774297
52.224 0.003839017223
52.226 0.00383771718
52.228 0.003839048533
52.23 0.003837707707
52.232 0.00383907166
52.234 0.003837700551
52.236 0.003839081475
52.238 0.00383771039
52.24 0.003839086767
52.242 0.003837728462
52.244 0.003839074426
52.246 0.003837755101
52.248 0.003839057474
52.25 0.003837790247
52.252 0.003839024598
52.254 0.003837829281
52.256 0.003838987314
52.258 0.003837883165
52.26 0.003838942407
52.262 0.0038379365
52.264 0.003838897217
52.266 0.003838000444
52.268 0.003838847702
52.27 0.003838063198
52.272 0.003838793102
52.274 0.003838127329
52.276 0.003838743418
52.278 0.003838188155
52.28 0.003838689306
52.282 0.003838247505
52.284 0.003838643762
52.286 0.003838303701
52.288 0.003838597582
52.29 0.00383835209
52.292 0.003838558479
52.294 0.0038384019
52.296 0.00383852798
52.298 0.003838439145
52.3 0.003838499647
52.302 0.00383847625
52.304 0.003838481596
52.306 0.003838500952
52.308 0.003838467686
52.31 0.003838526285
52.312 0.003838460692
52.314 0.003838539127
52.316 0.003838458901
52.318 0.003838552738
52.32 0.003838463459
52.322 0.003838555731
52.324 0.0038384705
52.326 0.00383856288
52.328 0.003838484764
52.33 0.003838558483
52.332 0.0038384995
52.334 0.003838559537
52.336 0.003838515576
52.338 0.003838550492
52.34 0.003838533076
52.342 0.003838548233
52.344 0.003838549517
52.346 0.003838542455
52.348 0.003838570398
52.35 0.003838538921
52.352 0.003838581865
52.354 0.003838535639
52.356 0.003838600129
52.358 0.003838534825
52.36 0.00383860843
52.362 0.003838537402
52.364 0.003838617397
52.366 0.003838536621
52.368 0.003838624022
52.37 0.003838547531
52.372 0.003838625662
52.374 0.003838553048
52.376 0.00383862535
52.378 0.003838567074
52.38 0.003838621631
52.382 0.003838583503
52.384 0.003838621272
52.386 0.003838600941
52.388 0.003838611006
52.39 0.003838619767
52.392 0.003838600183
52.394 0.003838634702
52.396 0.003838588549
52.398 0.003838658657
52.4 0.003838575176
52.402 0.003838682106
52.404 0.003838568066
52.406 0.003838703489
52.408 0.003838551779
52.41 0.003838726309
52.412 0.003838538383
52.414 0.003838742167
52.416 0.003838526758
52.418 0.00383876493
52.42 0.003838512458
52.422 0.003838783608
52.424 0.003838508603
52.426 0.003838802033
52.428 0.00383849718
52.43 0.00383881889
52.432 0.003838488578
52.434 0.003838831797
52.436 0.00383848621
52.438 0.003838843884
52.44 0.003838479943
52.442 0.003838855729
52.444 0.003838476234
52.446 0.003838861074
52.448 0.003838475972
52.45 0.003838872332
52.452 0.003838476036
52.454 0.003838879966
52.456 0.003838478056
52.458 0.00383888091
52.46 0.003838479954
52.462 0.00383888804
52.464 0.003838483084
52.466 0.003838892383
52.468 0.003838487588
52.47 0.003838897047
52.472 0.003838496624
52.474 0.003838900008
52.476 0.003838497318
52.478 0.003838903826
52.48 0.003838502446
52.482 0.003838907014
52.484 0.003838510292
52.486 0.003838910709
52.488 0.003838696668
52.49 0.003838872264
52.492 0.003838745108
52.494 0.003838849435
52.496 0.003838768635
52.498 0.003838839285
52.5 0.003838786276
52.502 0.003838838898
52.504 0.003838791665
52.506 0.003838841673
52.508 0.003838794389
52.51 0.003838849704
52.512 0.00383879432
52.514 0.003838857843
52.516 0.003838789431
52.518 0.003838874554
52.52 0.003838782017
52.522 0.003838894109
52.524 0.003838774192
52.526 0.003838915264
52.528 0.003838761117
52.53 0.003838938211
52.532 0.003838754887
52.534 0.003838961116
52.536 0.003838738071
52.538 0.003838986827
52.54 0.003838723289
52.542 0.003839014053
52.544 0.003838707792
52.546 0.003839039098
52.548 0.003838693315
52.55 0.00383906205
52.552 0.003838681678
52.554 0.003839090011
52.556 0.003838669476
52.558 0.003839114355
52.56 0.003838659836
52.562 0.003839134943
52.564 0.003838652579
52.566 0.003839153238
52.568 0.003838645975
52.57 0.003839169083
52.572 0.003838647833
52.574 0.003839185655
52.576 0.003838644933
52.578 0.003839197673
52.58 0.003838645992
52.582 0.003839206987
52.584 0.00383865115
52.586 0.003839217051
52.588 0.003838658616
52.59 0.003839222654
52.592 0.003838667421
52.594 0.003839227366
52.596 0.003838678475
52.598 0.003839228179
52.6 0.003838691627
52.602 0.003839234034
52.604 0.003838703739
52.606 0.003839237149
52.608 0.003838717921
52.61 0.003839238455
52.612 0.003838731064
52.614 0.003839241108
52.616 0.003838746458
52.618 0.003839242633
52.62 0.003838760627
52.622 0.003839245351
52.624 0.003838774118
52.626 0.003839249036
52.628 0.003838788339
52.63 0.00383925584
52.632 0.003838800492
52.634 0.003839261701
52.636 0.003838816254
52.638 0.00383926785
52.64 0.003838822496
52.642 0.003839276093
52.644 0.003838832902
52.646 0.003839285061
52.648 0.003838841627
52.65 0.003839296315
52.652 0.003838849989
52.654 0.003839306531
52.656 0.00383885782
52.658 0.003839319635
52.66 0.003838863076
52.662 0.003839330963
52.664 0.003838870785
52.666 0.003839346464
52.668 0.003838877947
52.67 0.003839361524
52.672 0.003838884525
52.674 0.003839374158
52.676 0.003838889539
52.678 0.003839388305
52.68 0.003838897352
52.682 0.003839404187
52.684 0.003838904283
52.686 0.003839418132
52.688 0.003838911267
52.69 0.003839432987
52.692 0.003838919818
52.694 0.003839448503
52.696 0.00383892886
52.698 0.003839460663
52.7 0.003838936753
52.702 0.003839474141
52.704 0.003838948163
52.706 0.003839486279
52.708 0.003838957476
52.71 0.003839497688
52.712 0.00383896826
52.714 0.003839509777
52.716 0.003838979963
52.718 0.003839522313
52.72 0.003838992863
52.722 0.003839533225
52.724 0.00383900481
52.726 0.003839544456
52.728 0.003839019128
52.73 0.003839555736
52.732 0.003839032725
52.734 0.003839566311
52.736 0.003839044889
52.738 0.003839575191
52.74 0.003839059361
52.742 0.003839585529
52.744 0.003839074589
52.746 0.003839597595
52.748 0.00383909103
52.75 0.003839606963
52.752 0.003839104478
52.754 0.003839618092
52.756 0.003839120533
52.758 0.003839628645
52.76 0.003839134649
52.762 0.003839638288
52.764 0.003839147863
52.766 0.003839646898
52.768 0.003839160866
52.77 0.003839658125
52.772 0.003839175295
52.774 0.003839669194
52.776 0.00383918976
52.778 0.003839679637
52.78 0.00383920447
52.782 0.003839692651
52.784 0.003839218145
52.786 0.003839704227
52.788 0.003839231518
52.79 0.003839715447
52.792 0.003839245516
52.794 0.003839728228
52.796 0.003839260496
52.798 0.003839740698
52.8 0.003839273315
52.802 0.003839751945
52.804 0.003839286505
52.806 0.003839763274
52.808 0.003839299974
52.81 0.003839776197
52.812 0.003839314063
52.814 0.003839787294
52.816 0.003839326801
52.818 0.003839799231
52.82 0.003839340459
52.822 0.00383981054
52.824 0.003839355493
52.826 0.003839823376
52.828 0.003839368687
52.83 0.003839833404
52.832 0.00383938312
52.834 0.003839845333
52.836 0.003839396232
52.838 0.003839854979
52.84 0.003839410291
52.842 0.003839865743
52.844 0.003839424692
52.846 0.003839875249
52.848 0.003839438107
52.85 0.003839885952
52.852 0.003839454197
52.854 0.003839897345
52.856 0.003839468345
52.858 0.003839905414
52.86 0.003839482441
52.862 0.003839916417
52.864 0.003839498875
52.866 0.003839926228
52.868 0.003839514451
52.87 0.003839934712
52.872 0.003839526521
52.874 0.003839943054
52.876 0.00383954248
52.878 0.003839953159
52.88 0.003839555598
52.882 0.003839961265
52.884 0.003839571935
52.886 0.003839973099
52.888 0.003839587774
52.89 0.003839981043
52.892 0.003839601589
52.894 0.003839989007
52.896 0.003839615014
52.898 0.003839998019
52.9 0.003839628956
52.902 0.003840005631
52.904 0.003839643396
52.906 0.003840015284
52.908 0.003839657819
52.91 0.003840024767
52.912 0.003839672491
52.914 0.00384003376
52.916 0.003839686819
52.918 0.003840041343
52.92 0.00383969902
52.922 0.00384005178
52.924 0.003839715458
52.926 0.00384006078
52.928 0.003839729304
52.93 0.003840071377
52.932 0.003839742533
52.934 0.003840079033
52.936 0.003839758422
52.938 0.003840089326
52.94 0.003839770364
52.942 0.003840097627
52.944 0.003839784756
52.946 0.00384010745
52.948 0.003839800082
52.95 0.003840116907
52.952 0.003839811504
52.954 0.003840125787
52.956 0.003839825833
52.958 0.003840137193
52.96 0.003839842011
52.962 0.00384014636
52.964 0.003839853358
52.966 0.003840155005
52.968 0.00383986641
52.97 0.003840165314
52.972 0.003839879936
52.974 0.003840175073
52.976 0.003839894231
52.978 0.003840188484
52.98 0.003839907726
52.982 0.003840198881
52.984 0.003839921526
52.986 0.00384021061
52.988 0.003839934547
52.99 0.003840219479
52.992 0.003839947625
52.994 0.003840233294
52.996 0.003839963268
52.998 0.003840244918
53 0.003839976734
53.002 0.003840255916
53.004 0.00383999053
53.006 0.003840268204
53.008 0.003840004359
53.01 0.00384028206
53.012 0.003840019078
53.014 0.003840292707
53.016 0.00384003337
53.018 0.003840304925
53.02 0.00384004616
53.022 0.003840317073
53.024 0.003840060129
53.026 0.003840330934
53.028 0.003840073715
53.03 0.003840344361
53.032 0.003840089513
53.034 0.003840360354
53.036 0.00384010475
53.038 0.003840372203
53.04 0.003840118272
53.042 0.003840384949
53.044 0.003840132582
53.046 0.003840399485
53.048 0.003840146695
53.05 0.003840413831
53.052 0.003840161599
53.054 0.003840427643
53.056 0.003840176401
53.058 0.003840442598
53.06 0.003840190928
53.062 0.003840456081
53.064 0.003840204461
53.066 0.003840471068
53.068 0.003840219779
53.07 0.003840487747
53.072 0.003840234373
53.074 0.003840501491
53.076 0.003840248889
53.078 0.00384051766
53.08 0.003840265006
53.082 0.003840534496
53.084 0.003840280334
53.086 0.003840549556
53.088 0.003840295883
53.09 0.003840568042
53.092 0.003840309414
53.094 0.003840583435
53.096 0.003840323765
53.098 0.003840599874
53.1 0.0038403404
53.102 0.00384061705
53.104 0.003840356104
53.106 0.003840633782
53.108 0.003840370715
53.11 0.003840650841
53.112 0.003840385129
53.114 0.003840667257
53.116 0.003840400622
53.118 0.003840684045
53.12 0.003840415653
53.122 0.003840701177
53.124 0.003840431365
53.126 0.003840719482
53.128 0.003840446835
53.13 0.0038407365
53.132 0.003840459932
53.134 0.0038407546
53.136 0.003840476549
53.138 0.003840770914
53.14 0.003840492709
53.142 0.003840790443
53.144 0.003840507986
53.146 0.003840806741
53.148 0.003840524533
53.15 0.003840824775
53.152 0.003840538867
53.154 0.003840841607
53.156 0.003840556312
53.158 0.003840859433
53.16 0.003840572582
53.162 0.003840876613
53.164 0.003840588438
53.166 0.003840894181
53.168 0.003840602913
53.17 0.003840910436
53.172 0.003840620654
53.174 0.003840926815
53.176 0.00384063662
53.178 0.003840943607
53.18 0.003840650666
53.182 0.003840961042
53.184 0.003840670145
53.186 0.003840979195
53.188 0.003840686111
53.19 0.003840994536
53.192 0.003840703801
53.194 0.003841014165
53.196 0.003840721051
53.198 0.003841030726
53.2 0.003840739464
53.202 0.003841047401
53.204 0.003840754846
53.206 0.003841064613
53.208 0.003840768085
53.21 0.003841081206
53.212 0.003840787969
53.214 0.003841097805
53.216 0.003840802939
53.218 0.003841113929
53.22 0.003840816854
53.222 0.003841131512
53.224 0.003840833757
53.226 0.003841147603
53.228 0.003840850518
53.23 0.003841164972
53.232 0.003840862852
53.234 0.003841183325
53.236 0.00384088155
53.238 0.003841199526
53.24 0.003840897011
53.242 0.003841218505
53.244 0.003840911754
53.246 0.003841236453
53.248 0.003840927939
53.25 0.003841253427
53.252 0.003840942868
53.254 0.003841271174
53.256 0.003840955247
53.258 0.003841288856
53.26 0.003840971577
53.262 0.00384130553
53.264 0.003840984528
53.266 0.003841323418
53.268 0.00384100016
53.27 0.003841342133
53.272 0.003841013498
53.274 0.00384135898
53.276 0.003841026371
53.278 0.003841375566
53.28 0.00384103964
53.282 0.003841181906
53.284 0.003841104815
53.286 0.003841360365
53.288 0.003841099804
53.29 0.003841194593
53.292 0.003841150093
53.294 0.003841173425
53.296 0.003841187545
53.298 0.003841172971
53.3 0.003841211852
53.302 0.003841180643
53.304 0.003841232192
53.306 0.00384119605
53.308 0.003841243995
53.31 0.00384121517
53.312 0.003841254752
53.314 0.003841235592
53.316 0.003841259738
53.318 0.003841259258
53.32 0.003841265958
53.322 0.003841290774
53.324 0.003841268329
53.326 0.003841319666
53.328 0.00384126746
53.33 0.003841351336
53.332 0.003841266448
53.334 0.003841384488
53.336 0.003841261754
53.338 0.003841416625
53.34 0.003841258936
53.342 0.003841448739
53.344 0.003841252082
53.346 0.003841481921
53.348 0.00384125176
53.35 0.003841515513
53.352 0.003841249619
53.354 0.003841546906
53.356 0.003841248097
53.358 0.003841575622
53.36 0.003841247042
53.362 0.003841604716
53.364 0.003841252517
53.366 0.003841631323
53.368 0.003841255071
53.37 0.003841652779
53.372 0.003841258915
53.374 0.00384167608
53.376 0.003841270269
53.378 0.00384169647
53.38 0.003841278838
53.382 0.003841713209
53.384 0.003841289706
53.386 0.003841729449
53.388 0.003841303934
53.39 0.003841747308
53.392 0.003841321626
53.394 0.003841761263
53.396 0.003841335159
53.398 0.003841771573
53.4 0.003841352742
53.402 0.003841782054
53.404 0.003841369458
53.406 0.003841793257
53.408 0.003841388359
53.41 0.003841800442
53.412 0.003841412031
53.414 0.003841808208
53.416 0.003841427857
53.418 0.003841816945
53.42 0.003841446134
53.422 0.003841827636
53.424 0.003841463017
53.426 0.003841841028
53.428 0.003841482952
53.43 0.00384185648
53.432 0.003841499028
53.434 0.003841867872
53.436 0.003841512758
53.438 0.003841879593
53.44 0.003841522795
53.442 0.00384189411
53.444 0.003841537593
53.446 0.003841906118
53.448 0.003841548121
53.45 0.003841922294
53.452 0.003841562744
53.454 0.003841941737
53.456 0.003841574336
53.458 0.003841957293
53.46 0.003841584416
53.462 0.003841975296
53.464 0.003841595768
53.466 0.003841993781
53.468 0.003841605108
53.47 0.003842010044
53.472 0.003841612034
53.474 0.003842026956
53.476 0.003841619806
53.478 0.00384204629
53.48 0.003841628536
53.482 0.003842060297
53.484 0.003841633525
53.486 0.003842077486
53.488 0.003841646404
53.49 0.003842096097
53.492 0.003841658127
53.494 0.003842116282
53.496 0.0038416688
53.498 0.003842129224
53.5 0.003841677385
53.502 0.003842146423
53.504 0.003841686406
53.506 0.003842159576
53.508 0.003841697591
53.51 0.003842175194
53.512 0.003841712078
53.514 0.003842191531
53.516 0.003841723481
53.518 0.003842205519
53.52 0.003841738197
53.522 0.003842220475
53.524 0.003841751957
53.526 0.003842231488
53.528 0.00384176359
53.53 0.003842245115
53.532 0.003841775118
53.534 0.003842256021
53.536 0.00384178914
53.538 0.003842269646
53.54 0.003841803001
53.542 0.003842282197
53.544 0.00384181507
53.546 0.003842293921
53.548 0.003841829691
53.55 0.003842305023
53.552 0.003841842051
53.554 0.003842318385
53.556 0.00384185674
53.558 0.00384233037
53.56 0.003841870866
53.562 0.003842345933
53.564 0.003841887612
53.566 0.003842361539
53.568 0.003841888128
53.57 0.003842366749
53.572 0.00384189647
53.574 0.00384237836
53.576 0.003841903082
53.578 0.003842385229
53.58 0.003841909952
53.582 0.003842397099
53.584 0.003841919725
53.586 0.003842406313
53.588 0.003841926837
53.59 0.00384241698
53.592 0.003841934772
53.594 0.003842426386
53.596 0.003841941147
53.598 0.00384243389
53.6 0.003841951046
53.602 0.003842443636
53.604 0.003841958718
53.606 0.003842456498
53.608 0.003841971221
53.61 0.00384246591
53.612 0.003841981541
53.614 0.003842478709
53.616 0.00384199689
53.618 0.003842493373
53.62 0.003842008421
53.622 0.003842505297
53.624 0.00384202387
53.626 0.003842517725
53.628 0.00384203455
53.63 0.003842549165
53.632 0.003842036755
53.634 0.003842561586
53.636 0.003842048866
53.638 0.003842574315
53.64 0.003842067175
53.642 0.003842587583
53.644 0.003842086766
53.646 0.003842603555
53.648 0.003842105474
53.65 0.003842616274
53.652 0.003842122431
53.654 0.003842630673
53.656 0.003842141266
53.658 0.003842645025
53.66 0.003842158008
53.662 0.003842662251
53.664 0.003842175049
53.666 0.003842677402
53.668 0.003842193804
53.67 0.00384269324
53.672 0.003842209523
53.674 0.00384270931
53.676 0.003842228939
53.678 0.003842727528
53.68 0.003842246788
53.682 0.003842744067
53.684 0.003842263404
53.686 0.003842761514
53.688 0.003842283203
53.69 0.003842779856
53.692 0.003842297404
53.694 0.003842796486
53.696 0.003842316048
53.698 0.003842813988
53.7 0.003842334464
53.702 0.0038428342
53.704 0.003842351065
53.706 0.00384284777
53.708 0.003842367349
53.71 0.003842863843
53.712 0.003842384276
53.714 0.003842883316
53.716 0.00384240553
53.718 0.003842902494
53.72 0.003842423393
53.722 0.003842920025
53.724 0.003842439907
53.726 0.003842938697
53.728 0.003842459717
53.73 0.003842956658
53.732 0.003842479547
53.734 0.003842976692
53.736 0.003842496715
53.738 0.003842994247
53.74 0.00384251592
53.742 0.003843013165
53.744 0.003842536138
53.746 0.003843031289
53.748 0.003842555871
53.75 0.003843050637
53.752 0.003842573843
53.754 0.003843068338
53.756 0.003842594559
53.758 0.003843086056
53.76 0.00384261441
53.762 0.003843102542
53.764 0.003842631195
53.766 0.00384312355
53.768 0.003842650925
53.77 0.00384313989
53.772 0.003842671211
53.774 0.003843160044
53.776 0.003842693153
53.778 0.003843178391
53.78 0.003842712176
53.782 0.003843199581
53.784 0.003842734982
53.786 0.003843218793
53.788 0.003842755002
53.79 0.003843235625
53.792 0.003842775304
53.794 0.003843255394
53.796 0.003842797201
53.798 0.003843277796
53.8 0.003842819645
53.802 0.003843297103
53.804 0.003842840717
53.806 0.003843315598
53.808 0.003842860533
53.81 0.003843335314
53.812 0.003842881204
53.814 0.003843357132
53.816 0.003842901207
53.818 0.003843376491
53.82 0.003842923745
53.822 0.003843397326
53.824 0.003842944495
53.826 0.003843417546
53.828 0.003842960374
53.83 0.003843431708
53.832 0.003842978679
53.834 0.00384345066
53.836 0.003842998555
53.838 0.003843471401
53.84 0.00384301569
53.842 0.00384351595
53.844 0.003843023573
53.846 0.003843534308
53.848 0.003843039497
53.85 0.003843552524
53.852 0.00384305879
53.854 0.003843573139
53.856 0.003843081609
53.858 0.003843586669
53.86 0.003843101799
53.862 0.003843606011
53.864 0.003843120776
53.866 0.003843626148
53.868 0.003843147364
53.87 0.003843644854
53.872 0.003843168987
53.874 0.003843664378
53.876 0.003843184923
53.878 0.003843678418
53.88 0.003843205107
53.882 0.003843696334
53.884 0.003843226489
53.886 0.003843716337
53.888 0.003843244112
53.89 0.003843731233
53.892 0.003843262284
53.894 0.003843746757
53.896 0.00384327765
53.898 0.003843767054
53.9 0.003843301958
53.902 0.003843783265
53.904 0.003843314295
53.906 0.003843798736
53.908 0.003843331917
53.91 0.003843813901
53.912 0.003843348951
53.914 0.003843835136
53.916 0.003843369582
53.918 0.003843854638
53.92 0.003843380222
53.922 0.003843872424
53.924 0.003843397005
53.926 0.003843888928
53.928 0.003843414847
53.93 0.00384390534
53.932 0.00384343365
53.934 0.003843924635
53.936 0.003843452995
53.938 0.003843938706
53.94 0.003843468544
53.942 0.00384395036
53.944 0.003843482412
53.946 0.003843966712
53.948 0.003843502431
53.95 0.003843984211
53.952 0.003843519745
53.954 0.003844001273
53.956 0.003843539573
53.958 0.003844015609
53.96 0.003843555146
53.962 0.003844029282
53.964 0.00384357022
53.966 0.003844042552
53.968 0.003843585652
53.97 0.003844060178
53.972 0.003843603503
53.974 0.003844075124
53.976 0.00384362257
53.978 0.003844092966
53.98 0.003843637626
53.982 0.003844105375
53.984 0.003843653818
53.986 0.003844120177
53.988 0.003843667733
53.99 0.003844135433
53.992 0.003843685639
53.994 0.003844151531
53.996 0.003843697645
53.998 0.003844165342
54 0.003843714226
54.002 0.003844180594
54.004 0.003843730091
54.006 0.003844198554
54.008 0.003843745183
54.01 0.003844210684
54.012 0.003843755921
54.014 0.00384422335
54.016 0.003843770252
54.018 0.003844237593
54.02 0.003843783584
54.022 0.003844252738
54.024 0.00384379813
54.026 0.003844267244
54.028 0.003843812877
54.03 0.003844281925
54.032 0.003843825944
54.034 0.003844296224
54.036 0.003843839398
54.038 0.003844311284
54.04 0.003843855039
54.042 0.003844327007
54.044 0.003843867806
54.046 0.00384434133
54.048 0.003843880398
54.05 0.003844356952
54.052 0.003843892906
54.054 0.003844369815
54.056 0.003843901986
54.058 0.00384438362
54.06 0.003843913742
54.062 0.003844396586
54.064 0.003843922511
54.066 0.003844411648
54.068 0.003843937138
54.07 0.003844426511
54.072 0.003843947612
54.074 0.003844438489
54.076 0.003843955636
54.078 0.00384444967
54.08 0.003843964729
54.082 0.003844462583
54.084 0.003843973757
54.086 0.003844479407
54.088 0.003843983717
54.09 0.003844493688
54.092 0.003843995163
54.094 0.003844508346
54.096 0.003844004963
54.098 0.003844521341
54.1 0.003844013521
54.102 0.003844532005
54.104 0.003844021484
54.106 0.003844543005
54.108 0.003844028645
54.11 0.00384455289
54.112 0.003844034844
54.114 0.003844563775
54.116 0.003844044294
54.118 0.003844577353
54.12 0.003844051779
54.122 0.003844587104
54.124 0.003844059164
54.126 0.003844594371
54.128 0.003844062059
54.13 0.003844601737
54.132 0.003844067163
54.134 0.003844612176
54.136 0.00384407834
54.138 0.003844624643
54.14 0.003844085794
54.142 0.003844634327
54.144 0.003844092287
54.146 0.003844641323
54.148 0.003844096541
54.15 0.003844648341
54.152 0.003844101587
54.154 0.003844654507
54.156 0.003844108449
54.158 0.003844662974
54.16 0.00384411236
54.162 0.00384466668
54.164 0.003844117961
54.166 0.003844672295
54.168 0.003844123178
54.17 0.003844677651
54.172 0.003844129239
54.174 0.003844684699
54.176 0.003844135358
54.178 0.00384468859
54.18 0.003844139621
54.182 0.003844694976
54.184 0.003844146767
54.186 0.003844699193
54.188 0.003844153207
54.19 0.003844704413
54.192 0.003844160313
54.194 0.003844708151
54.196 0.003844165744
54.198 0.003844712901
54.2 0.003844174036
54.202 0.003844719948
54.204 0.003844183483
54.206 0.003844723297
54.208 0.003844436313
54.21 0.003844719521
54.212 0.003844176707
54.214 0.00384477982
54.216 0.003844142151
54.218 0.003844811467
54.22 0.003844142984
54.222 0.003844824077
54.224 0.003844157195
54.226 0.003844823924
54.228 0.003844176005
54.23 0.003844818603
54.232 0.003844197812
54.234 0.003844813476
54.236 0.003844220605
54.238 0.003844808581
54.24 0.003844245045
54.242 0.003844804854
54.244 0.003844518001
54.246 0.003844793884
54.248 0.003844277676
54.25 0.003844847715
54.252 0.00384426048
54.254 0.003844877441
54.256 0.003844279731
54.258 0.003844884602
54.26 0.003844310532
54.262 0.003844883304
54.264 0.003844348551
54.266 0.003844877646
54.268 0.003844635685
54.27 0.003844865767
54.272 0.003844409025
54.274 0.003844918072
54.276 0.003844413154
54.278 0.003844946874
54.28 0.003844447131
54.282 0.003844952437
54.284 0.003844492979
54.286 0.00384495182
54.288 0.003844791085
54.29 0.00384494026
54.292 0.003844578295
54.294 0.00384499419
54.296 0.003844593003
54.298 0.003845024438
54.3 0.003844639416
54.302 0.003845036524
54.304 0.003844699208
54.306 0.003845042236
54.308 0.003845008199
54.31 0.003845038558
54.312 0.003844805598
54.314 0.003845102064
54.316 0.00384482933
54.318 0.003845140439
54.32 0.003844881742
54.322 0.003845161594
54.324 0.003845193741
54.326 0.003845170415
54.328 0.003844994028
54.33 0.003845239845
54.332 0.003845022038
54.334 0.003845286806
54.336 0.003845325573
54.338 0.003845306955
54.34 0.003845126814
54.342 0.003845382506
54.344 0.00384515906
54.346 0.003845434391
54.348 0.003845223366
54.35 0.003845464654
54.352 0.003845545188
54.354 0.003845481228
54.356 0.003845356659
54.358 0.003845560196
54.36 0.003845393493
54.362 0.003845612702
54.364 0.003845706979
54.366 0.003845641564
54.368 0.003845517233
54.37 0.003845721828
54.372 0.003845555312
54.374 0.003845778963
54.376 0.003845871042
54.378 0.00384580442
54.38 0.003845684825
54.382 0.003845883947
54.384 0.003845725761
54.386 0.003845936398
54.388 0.003846045103
54.39 0.003845961355
54.392 0.003845860898
54.394 0.003846039671
54.396 0.003846149822
54.398 0.003846082418
54.4 0.003845957542
54.402 0.003846165691
54.404 0.003845998258
54.406 0.003846212816
54.408 0.003846318842
54.41 0.003846232507
54.412 0.003846134436
54.414 0.003846298475
54.416 0.003846424665
54.418 0.003846334115
54.42 0.003846231144
54.422 0.003846408815
54.424 0.003846271118
54.426 0.003846448682
54.428 0.003846586324
54.43 0.003846460649
54.432 0.003846402009
54.434 0.003846524382
54.436 0.003846684383
54.438 0.003846552769
54.44 0.00384648436
54.442 0.003846620947
54.444 0.003846757497
54.446 0.00384665088
54.448 0.003846553863
54.45 0.003846718287
54.452 0.003846823713
54.454 0.003846741576
54.456 0.003846613442
54.458 0.003846803682
54.46 0.003846876892
54.462 0.003846822232
54.464 0.003846664951
54.466 0.003846884148
54.468 0.003846686204
54.47 0.003846909232
54.472 0.003846977017
54.474 0.003846904698
54.476 0.003846770098
54.478 0.003846951833
54.48 0.003847024202
54.482 0.003846964846
54.484 0.0038467994
54.486 0.003847023377
54.488 0.003847045158
54.49 0.003847035463
54.492 0.003846812826
54.494 0.003847089053
54.496 0.003847054019
54.498 0.003847103763
54.5 0.003846819825
54.502 0.003847150815
54.504 0.003847056298
54.506 0.003847159494
54.508 0.00384681954
54.51 0.003847207273
54.512 0.003847053751
54.514 0.003847210581
54.516 0.003846815029
54.518 0.003847254855
54.52 0.00384704825
54.522 0.003847259481
54.524 0.003846808759
54.526 0.003847299439
54.528 0.003846800026
54.53 0.00384730677
54.532 0.003847064219
54.534 0.003847286464
54.536 0.003846832962
54.538 0.003847315228
54.54 0.003847062775
54.542 0.003847310683
54.544 0.003846815512
54.546 0.00384735166
54.548 0.003847043554
54.55 0.003847352003
54.552 0.003846798163
54.554 0.00384739201
54.556 0.003847023586
54.558 0.003847389191
54.56 0.003846780959
54.562 0.003847427562
54.564 0.003847010147
54.566 0.003847425518
54.568 0.003846768428
54.57 0.00384746018
54.572 0.003847002164
54.574 0.00384745839
54.576 0.003846764248
54.578 0.003847489829
54.58 0.003846759255
54.582 0.003847491698
54.584 0.003847028107
54.586 0.003847462531
54.588 0.003846806041
54.59 0.003847488997
54.592 0.0038470491
54.594 0.003847485694
54.596 0.003846817441
54.598 0.003847519735
54.6 0.003847058242
54.602 0.003847521054
54.604 0.003846830903
54.606 0.003847556551
54.608 0.00384707388
54.61 0.00384755344
54.612 0.003846848745
54.614 0.003847590756
54.616 0.003847097901
54.618 0.003847585085
54.62 0.003846877685
54.622 0.003847623231
54.624 0.003847134163
54.626 0.003847619148
54.628 0.00384692092
54.63 0.003847657112
54.632 0.00384718273
54.634 0.003847653157
54.636 0.003846971357
54.638 0.003847689056
54.64 0.003847237052
54.642 0.003847684935
54.644 0.003847030846
54.646 0.003847723652
54.648 0.003847299991
54.65 0.003847719022
54.652 0.003847336359
54.654 0.003847748926
54.656 0.003847104812
54.658 0.003847808323
54.66 0.003847365849
54.662 0.003847811721
54.664 0.003847166804
54.666 0.003847847303
54.668 0.003847443349
54.67 0.003847842771
54.672 0.003847493135
54.674 0.003847869221
54.676 0.003847267371
54.678 0.003847921751
54.68 0.003847539413
54.682 0.003847924956
54.684 0.003847468442
54.686 0.003847952799
54.688 0.003847619399
54.69 0.003847971681
54.692 0.003847409912
54.694 0.003848015881
54.696 0.003847686162
54.698 0.003848007257
54.7 0.00384773771
54.702 0.003848028363
54.704 0.003847517319
54.706 0.003848078489
54.708 0.003847792559
54.71 0.003848074915
54.712 0.003847841399
54.714 0.003848093151
54.716 0.003847621229
54.718 0.003848143758
54.72 0.003847894082
54.722 0.003848137057
54.724 0.003847939742
54.726 0.003848155368
54.728 0.003847957228
54.73 0.003848194846
54.732 0.003847722547
54.734 0.003848250349
54.736 0.003847987475
54.738 0.003848249307
54.74 0.003848026798
54.742 0.003848267807
54.744 0.003848041204
54.746 0.003848308032
54.748 0.003847805176
54.75 0.003848359845
54.752 0.00384806508
54.754 0.00384835295
54.756 0.003848104286
54.758 0.003848370597
54.76 0.00384811156
54.762 0.003848410371
54.764 0.003847870762
54.766 0.003848465672
54.768 0.003848125315
54.77 0.003848459035
54.772 0.003848159211
54.774 0.003848478316
54.776 0.003848165272
54.778 0.003848519559
54.78 0.003847920775
54.782 0.003848576238
54.784 0.00384817377
54.786 0.003848571833
54.788 0.003848209118
54.79 0.00384859718
54.792 0.003848211469
54.794 0.003848638766
54.796 0.003847966099
54.798 0.003848693779
54.8 0.003848216618
54.802 0.003848691485
54.804 0.003848251294
54.806 0.003848717802
54.808 0.003848257613
54.81 0.003848759528
54.812 0.003848250743
54.814 0.003848810326
54.816 0.003848006415
54.818 0.003848870134
54.82 0.003848263257
54.822 0.003848867911
54.824 0.003848303828
54.826 0.003848886907
54.828 0.003848312937
54.83 0.003848927683
54.832 0.00384831845
54.834 0.003848977492
54.836 0.003848085023
54.838 0.003849036865
54.84 0.003848350137
54.842 0.003849035914
54.844 0.003848403864
54.846 0.003849056333
54.848 0.003848425664
54.85 0.003849097641
54.852 0.003848439901
54.854 0.003849147424
54.856 0.003848216182
54.858 0.003849205116
54.86 0.003848492171
54.862 0.003849202644
54.864 0.00384855443
54.866 0.00384922605
54.868 0.003848589516
54.87 0.003849267775
54.872 0.00384861212
54.874 0.003849315695
54.876 0.003848632771
54.878 0.003849365881
54.88 0.003848422356
54.882 0.003849429146
54.884 0.003848715286
54.886 0.003849426867
54.888 0.003848787689
54.89 0.003849444257
54.892 0.00384883206
54.894 0.003849485801
54.896 0.003848869975
54.898 0.003849535658
54.9 0.003848903095
54.902 0.003849586438
54.904 0.003848937975
54.906 0.003849639319
54.908 0.003848741852
54.91 0.003849697094
54.912 0.003849039626
54.914 0.003849690352
54.916 0.003849125017
54.918 0.003849712953
54.92 0.00384918355
54.922 0.003847771232
54.924 0.003849383331
54.926 0.003849536546
54.928 0.003849256547
54.93 0.003849871706
54.932 0.003849180321
54.934 0.0038500045
54.936 0.003849185644
54.938 0.003848091008
54.94 0.00384938841
54.942 0.003849844526
54.944 0.003849281564
54.946 0.00385016022
54.948 0.003849244304
54.95 0.003850265859
54.952 0.003849281145
54.954 0.00384831821
54.956 0.003849515637
54.958 0.003850042589
54.96 0.003849438709
54.962 0.003850332439
54.964 0.003849426749
54.966 0.003848431327
54.968 0.003849640509
54.97 0.003850162997
54.972 0.003849567206
54.974 0.003850443975
54.976 0.003849559476
54.978 0.003850516603
54.98 0.003849631185
54.982 0.003848540337
54.984 0.003849887464
54.986 0.003850239833
54.988 0.003849833487
54.99 0.003850510854
54.992 0.003849832529
54.994 0.003848600923
54.996 0.003850054481
54.998 0.003850322586
55 0.003849977321
55.002 0.003850605254
55.004 0.003849966744
55.006 0.003848697456
55.008 0.003850180754
55.01 0.003850428402
55.012 0.003850099384
55.014 0.003850710785
55.016 0.003850081758
55.018 0.003848810745
55.02 0.003850292426
55.022 0.003850545554
55.024 0.003850209768
55.026 0.003850835778
55.028 0.003850187153
55.03 0.003848932683
55.032 0.003850389008
55.034 0.003850665494
55.036 0.003850296905
55.038 0.003848976572
55.04 0.003850429015
55.042 0.003850774376
55.044 0.003850301712
55.046 0.003851086044
55.048 0.003850268041
55.05 0.003849191806
55.052 0.003850472226
55.054 0.003850925576
55.056 0.003850382654
55.058 0.003851209321
55.06 0.00385036223
55.062 0.003849300053
55.064 0.003850569005
55.066 0.003851029807
55.068 0.00385048175
55.07 0.003849329855
55.072 0.003850620604
55.074 0.003851120585
55.076 0.003850498606
55.078 0.003851419339
55.08 0.003850467838
55.082 0.003849511674
55.084 0.003850673405
55.086 0.003851233051
55.088 0.003850588381
55.09 0.003849523121
55.092 0.003850731668
55.094 0.003851304693
55.096 0.003850616684
55.098 0.00385159333
55.1 0.00385059012
55.102 0.003849674777
55.104 0.003850805807
55.106 0.003851390245
55.108 0.003850730162
55.11 0.00385165719
55.112 0.003850720698
55.114 0.003849727907
55.116 0.00385093727
55.118 0.003851440297
55.12 0.003850857251
55.122 0.003849722394
55.124 0.003850999797
55.126 0.00385149526
55.128 0.003850880872
55.13 0.003851778912
55.132 0.003850852175
55.134 0.003849854948
55.136 0.003851064666
55.138 0.003851568901
55.14 0.003850981247
55.142 0.003851831532
55.144 0.003850966551
55.146 0.003849904142
55.148 0.003851178299
55.15 0.003851618682
55.152 0.003851090629
55.154 0.003851882727
55.156 0.003851068332
55.158 0.003849956469
55.16 0.003851273231
55.162 0.003851677573
55.164 0.003851183446
55.166 0.003851950844
55.168 0.003851159054
55.17 0.003850030838
55.172 0.00385135414
55.174 0.003851751211
55.176 0.003851255444
55.178 0.00385202539
55.18 0.003851225097
55.182 0.003850112921
55.184 0.003851422789
55.186 0.003851842959
55.188 0.003851324223
55.19 0.003852119937
55.192 0.003851289018
55.194 0.003850206556
55.196 0.003851483406
55.198 0.003851934322
55.2 0.003851381848
55.202 0.00385221567
55.204 0.003851350336
55.206 0.003850306071
55.208 0.003851546345
55.21 0.003852036628
55.212 0.003851445044
55.214 0.003852315351
55.216 0.003851411754
55.218 0.003850403584
55.22 0.003851608369
55.222 0.00385213573
55.224 0.003851513559
55.226 0.003850430565
55.228 0.003851639686
55.23 0.003852224102
55.232 0.003851512923
55.234 0.003852524041
55.236 0.003851479026
55.238 0.003850614897
55.24 0.003851684919
55.242 0.003852345326
55.244 0.003851599576
55.246 0.003852617857
55.248 0.003851584387
55.25 0.003850698234
55.252 0.003851801005
55.254 0.003852421651
55.256 0.003851720934
55.258 0.003850709601
55.26 0.003851868039
55.262 0.003852497513
55.264 0.003851755734
55.266 0.003852796654
55.268 0.003851736888
55.27 0.003850883924
55.272 0.003851957755
55.274 0.003852612453
55.276 0.003851884971
55.278 0.003850905958
55.28 0.003852039996
55.282 0.003852697651
55.284 0.003851934773
55.286 0.003851006656
55.288 0.003852077949
55.29 0.003852809544
55.292 0.003851976611
55.294 0.00385311125
55.296 0.003851969815
55.298 0.00385119904
55.3 0.003852208555
55.302 0.003852933048
55.304 0.003852143538
55.306 0.003851224417
55.308 0.00385230491
55.31 0.003853015111
55.312 0.003852211008
55.314 0.003851332758
55.316 0.003852365614
55.318 0.003853139144
55.32 0.003852279918
55.322 0.003851454533
55.324 0.00385242988
55.326 0.003853262002
55.328 0.003852341358
55.33 0.003851578943
55.332 0.003852485744
55.334 0.003853390074
55.336 0.003852397816
55.338 0.003851713573
55.34 0.003852565685
55.342 0.003853518203
55.344 0.003852484573
55.346 0.003851826626
55.348 0.003852666089
55.35 0.003853629121
55.352 0.003852583739
55.354 0.003851936629
55.356 0.003852758859
55.358 0.003851747757
55.36 0.003852852892
55.362 0.003853768461
55.364 0.003852694988
55.366 0.003852143149
55.368 0.003852840803
55.37 0.003853956698
55.372 0.003852765566
55.374 0.003852267594
55.376 0.0038529518
55.378 0.003852074192
55.38 0.003853061182
55.382 0.003854087937
55.384 0.003852917796
55.386 0.003852453275
55.388 0.003853080983
55.39 0.003854255317
55.392 0.003853013123
55.394 0.00385255853
55.396 0.003853210793
55.398 0.003852357792
55.4 0.003853329329
55.402 0.003854366981
55.404 0.003853191921
55.406 0.003852729848
55.408 0.003853364125
55.41 0.003852546377
55.412 0.00385345297
55.414 0.003854558914
55.416 0.003853328399
55.418 0.003852835611
55.42 0.00385360358
55.422 0.003852593974
55.424 0.003853741757
55.426 0.00385459672
55.428 0.004159051334
55.43 0.00441339021
55.432 0.004582187195
55.434 0.004666044481
55.436 0.004664933155
55.438 0.004582141605
55.44 0.004433597781
55.442 0.004232813157
55.444 0.003994241547
55.446 0.003852972979
55.448 0.003853977955
55.45 0.003854990537
55.452 0.003853857359
55.454 0.003853348803
55.456 0.003854019074
55.458 0.003853155666
55.46 0.003854125991
55.462 0.003855164563
55.464 0.003853995809
55.466 0.003853504943
55.468 0.003854162434
55.47 0.003853315666
55.472 0.003854276437
55.474 0.00385532224
55.476 0.003854144022
55.478 0.003853660563
55.48 0.003854315889
55.482 0.00385346898
55.484 0.003854425323
55.486 0.003855472806
55.488 0.003854295173
55.49 0.003853812322
55.492 0.003854464906
55.494 0.003853619801
55.496 0.003854574226
55.498 0.003855624536
55.5 0.003854440995
55.502 0.003853965418
55.504 0.003854609991
55.506 0.003853764867
55.508 0.003854708626
55.51 0.003855780374
55.512 0.003854586382
55.514 0.00385412958
55.516 0.00385474841
55.518 0.003853926193
55.52 0.003854841892
55.522 0.003855933586
55.524 0.003854708815
55.526 0.003854290051
55.528 0.003854879406
55.53 0.003854099231
55.532 0.003854978158
55.534 0.003856109335
55.536 0.003854833525
55.538 0.003854452416
55.54 0.003854989887
55.542 0.003854258362
55.544 0.003855083553
55.546 0.003854280902
55.548 0.003855113195
55.55 0.003856362552
55.552 0.003854944849
55.554 0.003854731708
55.556 0.003855096755
55.558 0.003854545381
55.56 0.003855185221
55.562 0.003854548822
55.564 0.003855209298
55.566 0.003856620004
55.568 0.0038550474
55.57 0.003854982853
55.572 0.0038552081
55.574 0.003854782005
55.576 0.003855310888
55.578 0.003854798424
55.58 0.003855356623
55.582 0.003854867515
55.584 0.003855364655
55.586 0.003856951927
55.588 0.003855203863
55.59 0.003855311714
55.592 0.003855371188
55.594 0.003855106218
55.596 0.00385548581
55.598 0.003855105056
55.6 0.003855530972
55.602 0.003855163826
55.604 0.0038555498
55.606 0.003855243946
55.608 0.003855554463
55.61 0.003855331857
55.612 0.003855558496
55.614 0.003855415917
55.616 0.003855568406
55.618 0.00385549436
55.62 0.003855578289
55.622 0.003855571744
55.624 0.00385559594
55.626 0.00385564357
55.628 0.003855621323
55.63 0.003855712072
55.632 0.003855648993
55.634 0.00385577461
55.636 0.003855681458
55.638 0.003855836834
55.64 0.00385571984
55.642 0.003855896047
55.644 0.003855758284
55.646 0.003855953289
55.648 0.003855801637
55.65 0.003856008412
55.652 0.00385584408
55.654 0.00385606252
55.656 0.003855887291
55.658 0.003856118244
55.66 0.003855930042
55.662 0.003856172442
55.664 0.003855974505
55.666 0.003856227623
55.668 0.003856012148
55.67 0.003856283372
55.672 0.003856052693
55.674 0.003856340101
55.676 0.003856094025
55.678 0.00385639856
55.68 0.003856131834
55.682 0.00385644976
55.684 0.003856155656
55.686 0.003856505424
55.688 0.003856187369
55.69 0.003856564988
55.692 0.003856217141
55.694 0.00385662641
55.696 0.00385624866
55.698 0.003856686141
55.7 0.003856283579
55.702 0.003856753641
55.704 0.003856313348
55.706 0.003856815505
55.708 0.003856338878
55.71 0.003856866674
55.712 0.003856355793
55.714 0.003856920153
55.716 0.003856381874
55.718 0.003856975435
55.72 0.003856405715
55.722 0.003857027298
55.724 0.003856439196
55.726 0.003857084002
55.728 0.003856468679
55.73 0.003857127509
55.732 0.003856498489
55.734 0.003857165066
55.736 0.003856516698
55.738 0.003857199235
55.74 0.003856549411
55.742 0.0038572417
55.744 0.003856585312
55.746 0.003857275922
55.748 0.003856617107
55.75 0.003857294207
55.752 0.003856635944
55.754 0.003857315774
55.756 0.003856674078
55.758 0.003857338989
55.76 0.003856706812
55.762 0.003857359559
55.764 0.003856744044
55.766 0.003857364771
55.768 0.00385676974
55.77 0.003857372953
55.772 0.00385681038
55.774 0.003857385822
55.776 0.003856847067
55.778 0.003857384825
55.78 0.003856871698
55.782 0.003857382668
55.784 0.003856913562
55.786 0.003857390793
55.788 0.003856946705
55.79 0.003857408704
55.792 0.00385693909
55.794 0.00385739941
55.796 0.003856977699
55.798 0.003857394142
55.8 0.003857012002
55.802 0.003857373262
55.804 0.003857040049
55.806 0.003857354264
55.808 0.003857076378
55.81 0.003857347639
55.812 0.003857104391
55.814 0.003857328649
55.816 0.00385712088
55.818 0.003857312563
55.82 0.00385714937
55.822 0.003857297867
55.824 0.003857167147
55.826 0.003857281397
55.828 0.003857193858
55.83 0.003857274935
55.832 0.003857235414
55.834 0.003857253763
55.836 0.003857271265
55.838 0.003857244863
55.84 0.003857309997
55.842 0.003857224303
55.844 0.003857333763
55.846 0.003857204905
55.848 0.003857371904
55.85 0.003857192431
55.852 0.003857396007
55.854 0.003857175453
55.856 0.003857428603
55.858 0.003857158824
55.86 0.003857449872
55.862 0.003857140558
55.864 0.00385747926
55.866 0.003857125624
55.868 0.003857498406
55.87 0.003857107961
55.872 0.003857523084
55.874 0.003857094149
55.876 0.003857538518
55.878 0.003857083657
55.88 0.00385756332
55.882 0.003857075449
55.884 0.003857574387
55.886 0.003857064013
55.888 0.003857594919
55.89 0.003857050683
55.892 0.00385760216
55.894 0.003857035783
55.896 0.003857618018
55.898 0.003857020816
55.9 0.003857627249
55.902 0.003857016528
55.904 0.003857636001
55.906 0.003857004279
55.908 0.00385764151
55.91 0.003856999794
55.912 0.003857636313
55.914 0.003856998199
55.916 0.003857644302
55.918 0.003857000376
55.92 0.003857646746
55.922 0.003857012537
55.924 0.003857643453
55.926 0.003857016085
55.928 0.003857639003
55.93 0.003857026855
55.932 0.003857633229
55.934 0.003857047505
55.936 0.003857626422
55.938 0.003857060794
55.94 0.003857620841
55.942 0.003857080892
55.944 0.003857623608
55.946 0.003857112544
55.948 0.003857644603
55.95 0.003857137537
55.952 0.003857660204
55.954 0.003857170908
55.956 0.003857682364
55.958 0.00385721574
55.96 0.003857702914
55.962 0.00385926587
55.964 0.003857567064
55.966 0.003857566594
55.968 0.00385776522
55.97 0.003857321432
55.972 0.003857896657
55.974 0.003857295789
55.976 0.003857964478
55.978 0.003857329342
55.98 0.003857982936
55.982 0.003859429119
55.984 0.003857828839
55.986 0.003857770676
55.988 0.00385800031
55.99 0.003857568755
55.992 0.0038581004
55.994 0.003857577224
55.996 0.003858149119
55.998 0.003857658959
56 0.00385815267
56.002 0.003857763735
56.004 0.003858139291
56.006 0.003857879081
56.008 0.003858130753
56.01 0.003857995168
56.012 0.003858124162
56.014 0.003858107806
56.016 0.003858110741
56.018 0.003858215493
56.02 0.003858119816
56.022 0.003858321038
56.024 0.003858139404
56.026 0.003858417149
56.028 0.003858159136
56.03 0.003858507464
56.032 0.003858189324
56.034 0.003858590631
56.036 0.00385822548
56.038 0.003858667982
56.04 0.003858268532
56.042 0.003858741732
56.044 0.003858324228
56.046 0.003858807057
56.048 0.00385838172
56.05 0.003858867732
56.052 0.00385844316
56.054 0.003858922044
56.056 0.003858508941
56.058 0.003858976778
56.06 0.003858575542
56.062 0.003859030116
56.064 0.003858640189
56.066 0.003859079236
56.068 0.003858709836
56.07 0.003859126648
56.072 0.003858775316
56.074 0.003859172632
56.076 0.003858839933
56.078 0.00385922161
56.08 0.003858903754
56.082 0.003859270356
56.084 0.003858962287
56.086 0.003859319429
56.088 0.003859020588
56.09 0.003859370127
56.092 0.003859072314
56.094 0.003859421153
56.096 0.003859125234
56.098 0.003859474415
56.1 0.003859170295
56.102 0.003859526997
56.104 0.003859213754
56.106 0.003859581149
56.108 0.003859256059
56.11 0.003859633384
56.112 0.003859293315
56.114 0.003859685529
56.116 0.003859329142
56.118 0.003859734104
56.12 0.003859364709
56.122 0.003859783912
56.124 0.003859397917
56.126 0.003859832963
56.128 0.003859430798
56.13 0.003859874243
56.132 0.003859461856
56.134 0.003859914069
56.136 0.003859495072
56.138 0.003859953941
56.14 0.003859529922
56.142 0.003859988392
56.144 0.003859565448
56.146 0.00386001784
56.148 0.003859602848
56.15 0.003860048185
56.152 0.003859640454
56.154 0.003860073027
56.156 0.003859682997
56.158 0.003860095999
56.16 0.003859723296
56.162 0.003860113671
56.164 0.003859769203
56.166 0.00386013104
56.168 0.003859813529
56.17 0.003860145448
56.172 0.003859859202
56.174 0.003860156199
56.176 0.003859907913
56.178 0.003860167502
56.18 0.003859959503
56.182 0.003860177672
56.184 0.003860009452
56.186 0.003860185819
56.188 0.003860059868
56.19 0.003860194143
56.192 0.003860109501
56.194 0.003860204411
56.196 0.003860161319
56.198 0.003860213784
56.2 0.00386021141
56.202 0.003860225206
56.204 0.003860263194
56.206 0.00386024003
56.208 0.003860314106
56.21 0.003860257026
56.212 0.00386036209
56.214 0.003860272832
56.216 0.003860410825
56.218 0.003860295746
56.22 0.00386046058
56.222 0.003860319548
56.224 0.003860507662
56.226 0.00386034714
56.228 0.00386055457
56.23 0.0038603744
56.232 0.003860596948
56.234 0.003860406516
56.236 0.003860638589
56.238 0.003860438407
56.24 0.00386068065
56.242 0.003860478608
56.244 0.003860724717
56.246 0.003860517334
56.248 0.003860763372
56.25 0.003860556145
56.252 0.003860804742
56.254 0.003860598411
56.256 0.00386084261
56.258 0.003860641695
56.26 0.00386088501
56.262 0.003860689057
56.264 0.003860923349
56.266 0.003860734883
56.268 0.003860961778
56.27 0.003860781623
56.272 0.003861000953
56.274 0.003860830211
56.276 0.003861040372
56.278 0.003860881197
56.28 0.003861080361
56.282 0.003860932169
56.284 0.003861119789
56.286 0.003860981358
56.288 0.003861159376
56.29 0.003861028705
56.292 0.003861198698
56.294 0.003861080457
56.296 0.003861239253
56.298 0.003861128065
56.3 0.003861274432
56.302 0.00386117829
56.304 0.00386131481
56.306 0.003861226429
56.308 0.003861352161
56.31 0.003861272973
56.312 0.003861388628
56.314 0.003861319553
56.316 0.003861427991
56.318 0.003861367518
56.32 0.003861465729
56.322 0.00386141311
56.324 0.003861500899
56.326 0.003861456122
56.328 0.003861536874
56.33 0.003861500704
56.332 0.003861573034
56.334 0.003861541685
56.336 0.003861605287
56.338 0.003861583004
56.34 0.003861638725
56.342 0.003861622447
56.344 0.003861669901
56.346 0.003861662013
56.348 0.003861701627
56.35 0.003861700531
56.352 0.003861729596
56.354 0.0038617336
56.356 0.003861761698
56.358 0.003861764265
56.36 0.003861791774
56.362 0.003861792656
56.364 0.00386181931
56.366 0.003861821075
56.368 0.003861847469
56.37 0.003861850364
56.372 0.003861873744
56.374 0.003861879606
56.376 0.003861896327
56.378 0.003861908455
56.38 0.003861917632
56.382 0.003861939128
56.384 0.00386194133
56.386 0.003861969073
56.388 0.003861960007
56.39 0.003861999032
56.392 0.00386197444
56.394 0.003862028833
56.396 0.003861990037
56.398 0.003862062227
56.4 0.003862006413
56.402 0.00386209418
56.404 0.003862018704
56.406 0.003862124188
56.408 0.003862034077
56.41 0.003862157205
56.412 0.003862046838
56.414 0.003862187744
56.416 0.003862058634
56.418 0.003862219511
56.42 0.00386207299
56.422 0.003862253702
56.424 0.003862086859
56.426 0.003862283567
56.428 0.003862100224
56.43 0.003862316234
56.432 0.003862114944
56.434 0.00386235224
56.436 0.003862129408
56.438 0.003862384149
56.44 0.003862145121
56.442 0.003862419585
56.444 0.003862163659
56.446 0.003862457289
56.448 0.003862179407
56.45 0.003862493272
56.452 0.003862195429
56.454 0.003862531695
56.456 0.003862214559
56.458 0.003862570887
56.46 0.003862230071
56.462 0.003862609815
56.464 0.003862248772
56.466 0.003862654285
56.468 0.003862268802
56.47 0.003862695566
56.472 0.003862284725
56.474 0.00386273995
56.476 0.003862305986
56.478 0.003862784722
56.48 0.003862323019
56.482 0.003862829578
56.484 0.003862344131
56.486 0.003862880112
56.488 0.003862365718
56.49 0.003862928449
56.492 0.003862386432
56.494 0.003862979477
56.496 0.00386240917
56.498 0.003863029921
56.5 0.003862433375
56.502 0.003863083835
56.504 0.003862455802
56.506 0.003863133998
56.508 0.003862480599
56.51 0.003863189759
56.512 0.003862507252
56.514 0.003863241736
56.516 0.003862533648
56.518 0.003863295343
56.52 0.003862562584
56.522 0.003863349239
56.524 0.003862592227
56.526 0.003863404078
56.528 0.003862621289
56.53 0.003863455444
56.532 0.003862653618
56.534 0.003863508653
56.536 0.003862685057
56.538 0.003863560187
56.54 0.003862720314
56.542 0.003863613892
56.544 0.003862759316
56.546 0.003863669597
56.548 0.003862798815
56.55 0.003863720898
56.552 0.003862839349
56.554 0.00386377108
56.556 0.003862878738
56.558 0.003863824152
56.56 0.003862923977
56.562 0.003863875375
56.564 0.003862968426
56.566 0.003863924713
56.568 0.003863012644
56.57 0.003863974866
56.572 0.003863057799
56.574 0.003864024028
56.576 0.003863108782
56.578 0.003864075808
56.58 0.003863156761
56.582 0.003864126346
56.584 0.003863207833
56.586 0.003864177711
56.588 0.003863259345
56.59 0.003864225334
56.592 0.003863308773
56.594 0.003864274158
56.596 0.003863359382
56.598 0.00386432301
56.6 0.003863413436
56.602 0.003864373938
56.604 0.00386346568
56.606 0.00386442384
56.608 0.003863518819
56.61 0.00386447288
56.612 0.003863574017
56.614 0.003864523087
56.616 0.003863627769
56.618 0.003864573939
56.62 0.003863683317
56.622 0.003864625499
56.624 0.003863741717
56.626 0.003864679094
56.628 0.003863797321
56.63 0.003864728761
56.632 0.003863851324
56.634 0.003864780084
56.636 0.003863909378
56.638 0.00386483084
56.64 0.003863964845
56.642 0.003864880858
56.644 0.003864020692
56.646 0.003864931969
56.648 0.00386407775
56.65 0.003864981182
56.652 0.003864132572
56.654 0.003865033167
56.656 0.003864189608
56.658 0.003865082017
56.66 0.003864247319
56.662 0.003865133492
56.664 0.003864302816
56.666 0.003865185602
56.668 0.00386434843
56.67 0.003865236991
56.672 0.003864402513
56.674 0.003865289908
56.676 0.003864455834
56.678 0.003865339845
56.68 0.003864511296
56.682 0.003865390182
56.684 0.003864566844
56.686 0.003865437995
56.688 0.003864619742
56.69 0.003865486439
56.692 0.003864675741
56.694 0.003865534802
56.696 0.003864730275
56.698 0.00386558379
56.7 0.003864786254
56.702 0.003865629432
56.704 0.003864840624
56.706 0.003865674607
56.708 0.003864894256
56.71 0.00386571827
56.712 0.003864946955
56.714 0.00386576144
56.716 0.003865000208
56.718 0.003865805413
56.72 0.003865052401
56.722 0.003865849737
56.724 0.00386510535
56.726 0.003865892556
56.728 0.003865156294
56.73 0.003865933391
56.732 0.003865206109
56.734 0.003865975662
56.736 0.003865256881
56.738 0.003866015862
56.74 0.003865303703
56.742 0.003866057924
56.744 0.003865352347
56.746 0.003866097905
56.748 0.003865398484
56.75 0.003866138798
56.752 0.003865442094
56.754 0.003866177437
56.756 0.003865486629
56.758 0.003866217049
56.76 0.003865531013
56.762 0.003866257228
56.764 0.003865573381
56.766 0.003866295064
56.768 0.003865616126
56.77 0.003866335539
56.772 0.00386565705
56.774 0.003866374227
56.776 0.003865696733
56.778 0.003866410878
56.78 0.003865734998
56.782 0.003866447035
56.784 0.003865773796
56.786 0.003866483853
56.788 0.003865811928
56.79 0.003866517547
56.792 0.003865848255
56.794 0.003866552656
56.796 0.003865884954
56.798 0.003866585522
56.8 0.003865919185
56.802 0.003866617179
56.804 0.003865953702
56.806 0.003866647583
56.808 0.003865990395
56.81 0.003866679342
56.812 0.003866024946
56.814 0.003866708122
56.816 0.003866059762
56.818 0.003866737122
56.82 0.003866095725
56.822 0.003866767442
56.824 0.003866130407
56.826 0.003866794511
56.828 0.003866167085
56.83 0.003866820882
56.832 0.003866200608
56.834 0.003866845719
56.836 0.003866235433
56.838 0.003866868638
56.84 0.003866270214
56.842 0.003866892944
56.844 0.003866303919
56.846 0.003866917082
56.848 0.003866341905
56.85 0.00386693955
56.852 0.003866377179
56.854 0.003866960814
56.856 0.003866414113
56.858 0.00386698292
56.86 0.00386645065
56.862 0.003867004734
56.864 0.003866487457
56.866 0.003867024492
56.868 0.003866526137
56.87 0.003867045194
56.872 0.003866562841
56.874 0.003867062743
56.876 0.003866600254
56.878 0.003867081484
56.88 0.003866637311
56.882 0.003867099709
56.884 0.003866678021
56.886 0.003867117306
56.888 0.003866716406
56.89 0.003867134121
56.892 0.003866754154
56.894 0.00386715128
56.896 0.003866794545
56.898 0.003867168071
56.9 0.003866836565
56.902 0.003867183731
56.904 0.003866876282
56.906 0.003867198768
56.908 0.003866918317
56.91 0.003867213874
56.912 0.003866959958
56.914 0.00386722951
56.916 0.003867001947
56.918 0.003867242419
56.92 0.003867044811
56.922 0.003867256194
56.924 0.00386708877
56.926 0.003867271782
56.928 0.003867135197
56.93 0.003867285178
56.932 0.003867178316
56.934 0.003867298932
56.936 0.003867224759
56.938 0.003867313701
56.94 0.003867272718
56.942 0.0038673267
56.944 0.003867320496
56.946 0.003867342532
56.948 0.003867370403
56.95 0.003867356627
56.952 0.003867416841
56.954 0.003867369233
56.956 0.003867466859
56.958 0.003867382747
56.96 0.003867516751
56.962 0.003867395969
56.964 0.00386756479
56.966 0.003867409608
56.968 0.003867616545
56.97 0.003867424576
56.972 0.003867667938
56.974 0.003867439135
56.976 0.003867719789
56.978 0.003867455387
56.98 0.003867772641
56.982 0.003867469515
56.984 0.00386782252
56.986 0.003867484155
56.988 0.003867873535
56.99 0.003867500186
56.992 0.003867927354
56.994 0.003867517918
56.996 0.003867979689
56.998 0.003867535833
57 0.003868031679
57.002 0.003867551926
57.004 0.003868083937
57.006 0.003867571097
57.008 0.003868136957
57.01 0.003867589062
57.012 0.003868187744
57.014 0.003867608283
57.016 0.003868238222
57.018 0.00386762572
57.02 0.003868287624
57.022 0.003867645928
57.024 0.003868337163
57.026 0.00386766439
57.028 0.003868386344
57.03 0.003867688338
57.032 0.003868437833
57.034 0.003867711819
57.036 0.003868487628
57.038 0.003867734655
57.04 0.003868534579
57.042 0.003867757004
57.044 0.003868581768
57.046 0.003867781798
57.048 0.003868627253
57.05 0.003867806077
57.052 0.003868671758
57.054 0.003867832052
57.056 0.003868716945
57.058 0.003867859683
57.06 0.003868761936
57.062 0.003867887205
57.064 0.00386880527
57.066 0.003867914852
57.068 0.003868846172
57.07 0.003867943204
57.072 0.003868885634
57.074 0.003867970459
57.076 0.003868925591
57.078 0.003868001609
57.08 0.003868965123
57.082 0.003868032289
57.084 0.003869002507
57.086 0.003867880065
57.088 0.003869051885
57.09 0.003868130233
57.092 0.003869036175
57.094 0.003868200551
57.096 0.003869042133
57.098 0.003868242838
57.1 0.003869071149
57.102 0.003868275993
57.104 0.003869108113
57.106 0.003868305296
57.108 0.00386915144
57.11 0.003868333051
57.112 0.003869191541
57.114 0.003868293274
57.116 0.003869191959
57.118 0.00386839443
57.12 0.003869258434
57.122 0.003868420746
57.124 0.003869304954
57.126 0.003868263721
57.128 0.00386935604
57.13 0.003868507963
57.132 0.003869340375
57.134 0.003868577675
57.136 0.00386934788
57.138 0.00386862218
57.14 0.003869377263
57.142 0.003868654986
57.144 0.003869414474
57.146 0.003868685
57.148 0.003869453976
57.15 0.00386871035
57.152 0.003869493359
57.154 0.003868738531
57.156 0.003869534165
57.158 0.00386858596
57.16 0.00386958172
57.162 0.003868830056
57.164 0.003869566063
57.166 0.003868900786
57.168 0.003869571695
57.17 0.003868942858
57.172 0.003869599905
57.174 0.003868979319
57.176 0.003869636509
57.178 0.003869011026
57.18 0.003869675392
57.182 0.00386904438
57.184 0.003869713046
57.186 0.003868895435
57.188 0.003869758725
57.19 0.003869146247
57.192 0.003869741232
57.194 0.0038692226
57.196 0.003869744335
57.198 0.003869275679
57.2 0.003869769794
57.202 0.003869319611
57.204 0.003869801181
57.206 0.003869359911
57.208 0.00386983476
57.21 0.00386922075
57.212 0.003869879473
57.214 0.003869476621
57.216 0.003869855955
57.218 0.003869556817
57.22 0.003869858038
57.222 0.003869616205
57.224 0.003869882787
57.226 0.003869664852
57.228 0.003869910699
57.23 0.003869707263
57.232 0.003869944176
57.234 0.003869570472
57.236 0.003869988908
57.238 0.003869828227
57.24 0.00386996936
57.242 0.003869912462
57.244 0.003869974383
57.246 0.003869969862
57.248 0.003869999846
57.25 0.003870016567
57.252 0.003870035628
57.254 0.003870058902
57.256 0.003870073374
57.258 0.003869920177
57.26 0.003870123823
57.262 0.00387017522
57.264 0.00387011019
57.266 0.003870254081
57.268 0.003870120238
57.27 0.003870307391
57.272 0.003870154646
57.274 0.003870351836
57.276 0.003870197946
57.278 0.003870210291
57.28 0.003870255172
57.282 0.003870460812
57.284 0.003870248803
57.286 0.003870534542
57.288 0.003870266553
57.29 0.003870582649
57.292 0.003870306871
57.294 0.003870621486
57.296 0.003870354419
57.298 0.003870474781
57.3 0.003870414121
57.302 0.003870721334
57.304 0.003870412406
57.306 0.003870792827
57.308 0.003870434029
57.31 0.003870839211
57.312 0.003870477664
57.314 0.003870876106
57.316 0.003870525392
57.318 0.003870727204
57.32 0.003870589187
57.322 0.003870973648
57.324 0.00387058696
57.326 0.00387104068
57.328 0.003870607227
57.33 0.003871086148
57.332 0.003870648964
57.334 0.003871122171
57.336 0.003870699352
57.338 0.003871032105
57.34 0.003870703627
57.342 0.003871287581
57.344 0.003870687531
57.346 0.003871353551
57.348 0.003870707707
57.35 0.00387139317
57.352 0.003870751272
57.354 0.003871242264
57.356 0.003870812072
57.358 0.003871479265
57.36 0.003870812751
57.362 0.003871541291
57.364 0.003870839334
57.366 0.003871575363
57.368 0.003870883677
57.37 0.003871422653
57.372 0.003870945833
57.374 0.003871658032
57.376 0.003870944804
57.378 0.00387171717
57.38 0.003870967777
57.382 0.003871752304
57.384 0.003871008943
57.386 0.003871596696
57.388 0.003871069592
57.39 0.003871831922
57.392 0.003871066607
57.394 0.003871888518
57.396 0.003871087275
57.398 0.003871921226
57.4 0.003871130029
57.402 0.003871765274
57.404 0.00387118878
57.406 0.003871994842
57.408 0.003871185291
57.41 0.003872050509
57.412 0.003871208925
57.414 0.003871899995
57.416 0.003871259411
57.418 0.003872131819
57.42 0.003871257265
57.422 0.003872184475
57.424 0.003871279761
57.426 0.003872028474
57.428 0.003871335491
57.43 0.003872255766
57.432 0.003871335556
57.434 0.003872304034
57.436 0.003871360993
57.438 0.003872323595
57.44 0.003871411391
57.442 0.003872156673
57.444 0.003871476849
57.446 0.003872376052
57.448 0.003871481793
57.45 0.003872419191
57.452 0.003871511389
57.454 0.003872259825
57.456 0.00387157211
57.458 0.003872480775
57.46 0.00387157402
57.462 0.003872526621
57.464 0.003871603323
57.466 0.003872367735
57.468 0.003871662603
57.47 0.00387258763
57.472 0.003871669263
57.474 0.003872633667
57.476 0.003871701892
57.478 0.003872473339
57.48 0.003871763479
57.482 0.003872695502
57.484 0.003871770372
57.486 0.003872741012
57.488 0.003871800781
57.49 0.003872580616
57.492 0.00387186477
57.494 0.003872803203
57.496 0.003871867196
57.498 0.003872849755
57.5 0.003871900851
57.502 0.003872692847
57.504 0.003871964667
57.506 0.003872918339
57.508 0.00387197165
57.51 0.003872967281
57.512 0.003872005697
57.514 0.003872812411
57.516 0.003872072213
57.518 0.003873039319
57.52 0.003872079068
57.522 0.003872906064
57.524 0.003872127254
57.526 0.003873140058
57.528 0.00387213093
57.53 0.003873192002
57.532 0.003872165304
57.534 0.003873038259
57.536 0.003872234581
57.538 0.003873265147
57.54 0.003872250227
57.542 0.003873313975
57.544 0.003872289911
57.546 0.003873156232
57.548 0.003872362408
57.55 0.003873381368
57.552 0.003872380787
57.554 0.003873251692
57.556 0.003872436247
57.558 0.003873485224
57.56 0.003872447478
57.562 0.003873534204
57.564 0.003872491921
57.566 0.003873378094
57.568 0.003872572612
57.57 0.00387360091
57.572 0.0038725967
57.574 0.003873467285
57.576 0.003872661082
57.578 0.003873701218
57.58 0.003872682158
57.582 0.003873749047
57.584 0.003872736612
57.586 0.003873589025
57.588 0.003872821549
57.59 0.003873809419
57.592 0.003872851491
57.594 0.003873675148
57.596 0.003872921011
57.598 0.00387390642
57.6 0.003872945961
57.602 0.00387395335
57.604 0.003873002997
57.606 0.003873794846
57.608 0.003873095236
57.61 0.003874014228
57.612 0.003873128173
57.614 0.003873881415
57.616 0.003873199741
57.618 0.003874113467
57.62 0.003873229571
57.622 0.003873984626
57.624 0.003873300547
57.626 0.003874218357
57.628 0.00387508629
57.63 0.003874139279
57.632 0.003875376089
57.634 0.003873998353
57.636 0.003875445318
57.638 0.003874331554
57.64 0.003875383482
57.642 0.003874338574
57.644 0.003875345798
57.646 0.003874703629
57.648 0.003875271357
57.65 0.003874867821
57.652 0.003875247881
57.654 0.003874804403
57.656 0.003875282574
57.658 0.00387509575
57.66 0.003875284745
57.662 0.003875005103
57.664 0.003875340909
57.666 0.003875258069
57.668 0.003875373183
57.67 0.003875135425
57.672 0.003875462927
57.674 0.003875345119
57.676 0.003875526293
57.678 0.003875361144
57.68 0.00387563163
57.682 0.003875171479
57.684 0.003875774643
57.686 0.00387533961
57.688 0.003875864506
57.69 0.003875155824
57.692 0.003875985724
57.694 0.003875336895
57.696 0.00387606775
57.698 0.003875161157
57.7 0.003876182921
57.702 0.003875356171
57.704 0.003876250406
57.706 0.003875363963
57.708 0.003876337139
57.71 0.00387518715
57.712 0.003876452221
57.714 0.003875386281
57.716 0.003876497663
57.718 0.003875252914
57.72 0.003876564369
57.722 0.003875478703
57.724 0.003876570855
57.726 0.003875361746
57.728 0.00387662589
57.73 0.003875622936
57.732 0.003876622088
57.734 0.003875694753
57.736 0.003876636925
57.738 0.003875570197
57.74 0.003876690913
57.742 0.003875838188
57.744 0.003876679423
57.746 0.003875751222
57.748 0.0038767029
57.75 0.003876018508
57.752 0.003876671512
57.754 0.003875936015
57.756 0.003876691576
57.758 0.003876211113
57.76 0.003876679524
57.762 0.00387612892
57.764 0.003876704812
57.766 0.003876396962
57.768 0.003876696084
57.77 0.003876475368
57.772 0.003876725924
57.774 0.003876345529
57.776 0.003876792963
57.778 0.00387658621
57.78 0.003876812562
57.782 0.003876467165
57.784 0.003876869976
57.786 0.003876703159
57.788 0.003876890323
57.79 0.003876577787
57.792 0.003876961792
57.794 0.003876808009
57.796 0.003876995385
57.798 0.003876848361
57.8 0.00387706703
57.802 0.003876680455
57.804 0.003877173474
57.806 0.003876885676
57.808 0.003877227567
57.81 0.00387673584
57.812 0.00387731689
57.814 0.003876946611
57.816 0.003877359023
57.818 0.003876790433
57.82 0.003877447538
57.822 0.003877000088
57.824 0.003877494885
57.826 0.003877033167
57.828 0.003877580786
57.83 0.003876860941
57.832 0.00387768533
57.834 0.00387706017
57.836 0.003877738346
57.838 0.003876922527
57.84 0.003877828557
57.842 0.00387714347
57.844 0.003877860664
57.846 0.003877001714
57.848 0.003877931893
57.85 0.003877234728
57.852 0.003877968628
57.854 0.003877281879
57.856 0.003878022236
57.858 0.003877132342
57.86 0.003878118021
57.862 0.003877357086
57.864 0.003878141112
57.866 0.003877236254
57.868 0.003878208046
57.87 0.00387747504
57.872 0.003878218236
57.874 0.003877363685
57.876 0.003878279674
57.878 0.003877604384
57.88 0.003878285484
57.882 0.003877668298
57.884 0.00387832854
57.886 0.003877527046
57.888 0.003878411678
57.89 0.003877763493
57.892 0.003878427074
57.894 0.003877647014
57.896 0.003878483372
57.898 0.0038778927
57.9 0.003878495571
57.902 0.003877769693
57.904 0.003878550842
57.906 0.003878020162
57.908 0.003878564845
57.91 0.003877901522
57.912 0.003878623622
57.914 0.003878141425
57.916 0.003878641446
57.918 0.003878191727
57.92 0.003878693704
57.922 0.003878043355
57.924 0.003878782279
57.926 0.003878265556
57.928 0.003878814658
57.93 0.00387813796
57.932 0.003878883023
57.934 0.003878368333
57.936 0.003878909465
57.938 0.003878244412
57.94 0.003878975313
57.942 0.003878472174
57.944 0.00387900079
57.946 0.003878346708
57.948 0.003879071777
57.95 0.003878574892
57.952 0.003879097047
57.954 0.003878446192
57.956 0.003879169256
57.958 0.00387867485
57.96 0.003879195467
57.962 0.00387872114
57.964 0.003879257156
57.966 0.003878566454
57.968 0.00387934666
57.97 0.003878783687
57.972 0.003879380718
57.974 0.003878657689
57.976 0.003879448787
57.978 0.003878887437
57.98 0.003879471309
57.982 0.003878767548
57.984 0.003879537655
57.986 0.003879003771
57.988 0.003879556617
57.99 0.003878883325
57.992 0.003879619915
57.994 0.00387912122
57.996 0.003879640223
57.998 0.003879176475
58 0.003879691863
58.002 0.003879032661
58.004 0.003879776696
58.006 0.00387926206
58.008 0.00387980047
58.01 0.003879141434
58.012 0.003879863018
58.014 0.003879384007
58.016 0.003879880946
58.018 0.003879269729
58.02 0.003879937782
58.022 0.003879515481
58.024 0.003879956417
58.026 0.003879404524
58.028 0.003880011485
58.03 0.003879646739
58.032 0.003880029511
58.034 0.003879707348
58.036 0.003880077133
58.038 0.003879564448
58.04 0.003880158193
58.042 0.003879798499
58.044 0.003880187777
58.046 0.003879683142
58.048 0.003880245784
58.05 0.003879921275
58.052 0.003880262908
58.054 0.003879810028
58.056 0.00388032427
58.058 0.003880051086
58.06 0.003880340221
58.062 0.003879935821
58.064 0.003880403513
58.066 0.003880179166
58.068 0.003880427022
58.07 0.003880237017
58.072 0.003880478391
58.074 0.003880092663
58.076 0.003880567921
58.078 0.003880320236
58.08 0.003880596759
58.082 0.003880198642
58.084 0.003880662721
58.086 0.003880440442
58.088 0.003880687637
58.09 0.003880325464
58.092 0.003880749058
58.094 0.003880563005
58.096 0.003880770634
58.098 0.003880449094
58.1 0.003880836793
58.102 0.003880688198
58.104 0.003880860387
58.106 0.00388057147
58.108 0.003880928219
58.11 0.003880810986
58.112 0.003880955041
58.114 0.003880693788
58.116 0.003881022356
58.118 0.003880930316
58.12 0.003881050208
58.122 0.003880988436
58.124 0.003881111921
58.126 0.003880845243
58.128 0.003881203063
58.13 0.003881071914
58.132 0.003881238078
58.134 0.003880956608
58.136 0.003881309109
58.138 0.003881195385
58.14 0.003881332963
58.142 0.003881082954
58.144 0.003881400837
58.146 0.003881330059
58.148 0.003881427826
58.15 0.003881219477
58.152 0.00388149344
58.154 0.00388146298
58.156 0.003881517563
58.158 0.003881354074
58.16 0.003881588542
58.162 0.003881597609
58.164 0.003881613706
58.166 0.003881487147
58.168 0.003881684858
58.17 0.003881732671
58.172 0.003881713785
58.174 0.003881624242
58.176 0.003881783766
58.178 0.003881868145
58.18 0.003881814419
58.182 0.003881761202
58.184 0.003881888739
58.186 0.003882006002
58.188 0.003881918457
58.19 0.00388189615
58.192 0.003881988543
58.194 0.00388213928
58.196 0.003882020426
58.198 0.003882034996
58.2 0.003882095641
58.202 0.003882278717
58.204 0.003882125515
58.206 0.003882169622
58.208 0.003882199179
58.21 0.003882416027
58.212 0.003882234079
58.214 0.003882311512
58.216 0.003882310743
58.218 0.00388255688
58.22 0.003882343556
58.222 0.003882449916
58.224 0.003882419583
58.226 0.003882695482
58.228 0.003882454995
58.23 0.003882589518
58.232 0.003882533172
58.234 0.00388283718
58.236 0.003882567097
58.238 0.003882729182
58.24 0.00388264415
58.242 0.003882976065
58.244 0.003882682692
58.246 0.003882871131
58.248 0.003882762024
58.25 0.003882945288
58.252 0.003882807797
58.254 0.003883218586
58.256 0.00388282312
58.258 0.00388312061
58.26 0.00388289583
58.262 0.003883370939
58.264 0.003882936256
58.266 0.003883264627
58.268 0.003883020506
58.27 0.003883508233
58.272 0.003883059109
58.274 0.003883397126
58.276 0.003883142723
58.278 0.003883641214
58.28 0.003883186423
58.282 0.003883536326
58.284 0.003883271971
58.286 0.003883784292
58.288 0.003883315009
58.29 0.003883678138
58.292 0.003883394154
58.294 0.003883747951
58.296 0.003883442872
58.298 0.00388402192
58.3 0.003883463264
58.302 0.003883926224
58.304 0.003883538916
58.306 0.003884175044
58.308 0.003883579993
58.31 0.003884068475
58.312 0.003883667445
58.314 0.003884313692
58.316 0.003883709991
58.318 0.003884202637
58.32 0.003883796215
58.322 0.003884442704
58.324 0.003883839756
58.326 0.003884334643
58.328 0.003883925443
58.33 0.003884406786
58.332 0.003883981174
58.334 0.003884675927
58.336 0.00388400404
58.338 0.003884576886
58.34 0.003884083639
58.342 0.003884822262
58.344 0.003884127792
58.346 0.00388471197
58.348 0.003884215715
58.35 0.003884950765
58.352 0.003884261459
58.354 0.003884836939
58.356 0.003884350198
58.358 0.00388507793
58.36 0.003884397888
58.362 0.003884968208
58.364 0.003884486521
58.366 0.003885035319
58.368 0.003884541183
58.37 0.003885300423
58.372 0.003884564115
58.374 0.003885199467
58.376 0.003884645139
58.378 0.003885441549
58.38 0.003884687849
58.382 0.003885327034
58.384 0.003884775599
58.386 0.00388556136
58.388 0.003884823078
58.39 0.003885448067
58.392 0.003884914246
58.394 0.003885685722
58.396 0.003884961032
58.398 0.003885569838
58.4 0.003885049066
58.402 0.003885806766
58.404 0.003885095762
58.406 0.003885693239
58.408 0.003885183236
58.41 0.003885758194
58.412 0.003885239939
58.414 0.003886023642
58.416 0.003885264283
58.418 0.003885918899
58.42 0.003885346487
58.422 0.003886158643
58.424 0.003885393067
58.426 0.003886042874
58.428 0.003885483411
58.43 0.003886274932
58.432 0.003885532462
58.434 0.003886154763
58.436 0.003885623524
58.438 0.003886385735
58.44 0.003885671777
58.442 0.003886265337
58.444 0.003885762536
58.446 0.003886497964
58.448 0.003885812128
58.45 0.003886379651
58.452 0.003885902268
58.454 0.003886612982
58.456 0.003885950108
58.458 0.003886495076
58.46 0.003886040179
58.462 0.003886556755
58.464 0.00388609998
58.466 0.003886818225
58.468 0.003886128524
58.47 0.003886708669
58.472 0.003886212644
58.474 0.003886942953
58.476 0.003886264113
58.478 0.003886822959
58.48 0.003886358315
58.482 0.00388705079
58.484 0.003886413046
58.486 0.003886930269
58.488 0.003886511517
58.49 0.003887158764
58.492 0.003886563674
58.494 0.003887034913
58.496 0.003886658707
58.498 0.003887266948
58.5 0.003886714896
58.502 0.00388714648
58.504 0.003886810166
58.506 0.003887376291
58.508 0.003886864976
58.51 0.003887258194
58.512 0.003886960373
58.514 0.003887488157
58.516 0.003887012006
58.518 0.003887367839
58.52 0.003887108379
58.522 0.003887429252
58.524 0.00388717099
58.526 0.003887687019
58.528 0.003887204273
58.53 0.003887577465
58.532 0.003887292752
58.534 0.003887811543
58.536 0.003887348914
58.538 0.003887690995
58.54 0.003887447893
58.542 0.003887920304
58.544 0.003887506728
58.546 0.003887798285
58.548 0.003887606621
58.55 0.00388802798
58.552 0.003887666508
58.554 0.003887908269
58.556 0.003887766988
58.558 0.003888139647
58.56 0.003887823009
58.562 0.003888018693
58.564 0.003887922601
58.566 0.003888252903
58.568 0.003887981333
58.57 0.003888135838
58.572 0.003888081448
58.574 0.003888368516
58.576 0.003888138212
58.578 0.003888252394
58.58 0.003888237592
58.582 0.003888487332
58.584 0.003888296061
58.586 0.00388837104
58.588 0.003888393714
58.59 0.003888521837
58.592 0.003888456212
58.594 0.00388850999
58.596 0.003888528978
58.598 0.003888763873
58.6 0.003888572033
58.602 0.00388865515
58.604 0.003888664853
58.606 0.003888890603
58.608 0.003888725215
58.61 0.003888774722
58.612 0.003888827059
58.614 0.003889008787
58.616 0.003888888335
58.618 0.003888892719
58.62 0.003888988181
58.622 0.003889130562
58.624 0.00388904899
58.626 0.003889015204
58.628 0.003889150791
58.63 0.00388925059
58.632 0.003889208794
58.634 0.003889137051
58.636 0.003889309515
58.638 0.003889374145
58.64 0.003889367441
58.642 0.003889261696
58.644 0.003889465357
58.646 0.003889501486
58.648 0.003889524055
58.65 0.003889390307
58.652 0.003889621685
58.654 0.003889630303
58.656 0.003889678939
58.658 0.003889520441
58.66 0.003889776505
58.662 0.003889760278
58.664 0.003889830449
58.666 0.003889649209
58.668 0.003889923995
58.67 0.003889887607
58.672 0.003889978697
58.674 0.003889778367
58.676 0.003890073645
58.678 0.003890018356
58.68 0.003890125987
58.682 0.003889909846
58.684 0.003890220762
58.686 0.003890153506
58.688 0.003890275842
58.69 0.003890046905
58.692 0.003890369816
58.694 0.003890288926
58.696 0.003890420948
58.698 0.003890182555
58.7 0.003890512346
58.702 0.003890424057
58.704 0.003890563036
58.706 0.003890318144
58.708 0.003890653909
58.71 0.003890561058
58.712 0.003890703556
58.714 0.003890458564
58.716 0.003890796478
58.718 0.003890702472
58.72 0.003890844294
58.722 0.003890597167
58.724 0.003890935363
58.726 0.003890841879
58.728 0.003890981378
58.73 0.003890733843
58.732 0.003891068749
58.734 0.003890975636
58.736 0.003891116069
58.738 0.003890870539
58.74 0.003891206983
58.742 0.003891115856
58.744 0.003891254784
58.746 0.003891006927
58.748 0.003891344328
58.75 0.003891251096
58.752 0.003891392812
58.754 0.003891142647
58.756 0.003891480736
58.758 0.00389138396
58.76 0.003891529156
58.762 0.00389127375
58.764 0.003891615421
58.766 0.003891511707
58.768 0.003891665712
58.77 0.003891402034
58.772 0.003891753952
58.774 0.003891638914
58.776 0.003891803457
58.778 0.003891530765
58.78 0.003891894759
58.782 0.003891769349
58.784 0.003891944065
58.786 0.003891658567
58.788 0.003892033135
58.79 0.003891895096
58.792 0.003892080485
58.794 0.003891870348
58.796 0.003892165575
58.798 0.003892004427
58.8 0.003892239947
58.802 0.003891876275
58.804 0.003892343625
58.806 0.003892110466
58.808 0.003892392911
58.81 0.00389200043
58.812 0.003892479788
58.814 0.003892242136
58.816 0.003892521442
58.818 0.003892137736
58.82 0.003892604267
58.822 0.003892389946
58.824 0.003892646258
58.826 0.003892279591
58.828 0.003892721447
58.83 0.003892523795
58.832 0.00389276844
58.834 0.003892596552
58.836 0.003892842052
58.838 0.003892458936
58.84 0.003892938562
58.842 0.003892694875
58.844 0.003892984735
58.846 0.003892588301
58.848 0.003893071265
58.85 0.003892844353
58.852 0.003893108735
58.854 0.003892746232
58.856 0.003893187384
58.858 0.003892991508
58.86 0.003893213347
58.862 0.003893063079
58.864 0.00389327857
58.866 0.00389293456
58.868 0.003893374214
58.87 0.003893176499
58.872 0.003893415744
58.874 0.003893073824
58.876 0.003893493791
58.878 0.003893325564
58.88 0.003893528894
58.882 0.003893226707
58.884 0.003893603429
58.886 0.003893477029
58.888 0.003893635002
58.89 0.00389354779
58.892 0.0038937008
58.894 0.003893423036
58.896 0.003893801386
58.898 0.003893663373
58.9 0.00389384457
58.902 0.003893563014
58.904 0.003893926869
58.906 0.003893810064
58.908 0.003893958514
58.91 0.003893873293
58.912 0.003894024872
58.914 0.003893747361
58.916 0.003894128687
58.918 0.003893983393
58.92 0.003894169585
58.922 0.003893878455
58.924 0.003894254699
58.926 0.003894121306
58.928 0.003894284692
58.93 0.003894016554
58.932 0.0038943641
58.934 0.003894263031
58.936 0.003894407439
58.938 0.003894325589
58.94 0.003894471215
58.942 0.003894191654
58.944 0.003894574066
58.946 0.003894423993
58.948 0.003894617752
58.95 0.003894314543
58.952 0.003894697141
58.954 0.003894558941
58.956 0.003894733145
58.958 0.003894621411
58.96 0.003894800852
58.962 0.003894491742
58.964 0.003894896919
58.966 0.003894725439
58.968 0.003894937721
58.97 0.003894620418
58.972 0.003895015583
58.974 0.003894867781
58.976 0.003895045778
58.978 0.003894935408
58.98 0.003895106777
58.982 0.00389480534
58.984 0.00389519767
58.986 0.003895042896
58.988 0.003895236189
58.99 0.00389493794
58.992 0.003895304825
58.994 0.003895187365
58.996 0.003895335415
58.998 0.003895255596
59 0.003895393099
59.002 0.003895127274
59.004 0.003895483665
59.006 0.003895364309
59.008 0.003895514878
59.01 0.003895260118
59.012 0.003895584491
59.014 0.003895507194
59.016 0.003895609186
59.018 0.0038955759
59.02 0.003895665791
59.022 0.003895448828
59.024 0.003895755491
59.026 0.003895686167
59.028 0.003895787991
59.03 0.003895750889
59.032 0.003895845081
59.034 0.003895619976
59.036 0.00389593148
59.038 0.003895856854
59.04 0.003895961142
59.042 0.003895749646
59.044 0.003896025222
59.046 0.003895994607
59.048 0.003896047954
59.05 0.003896063023
59.052 0.003896102298
59.054 0.003895931255
59.056 0.003896188735
59.058 0.003896168063
59.06 0.003896219593
59.062 0.003896229657
59.064 0.003896276963
59.066 0.00389609834
59.068 0.003896363416
59.07 0.003896333091
59.072 0.003896392328
59.074 0.003896394954
59.076 0.003896445996
59.078 0.003896262157
59.08 0.003896530008
59.082 0.003896497761
59.084 0.003896555054
59.086 0.003896559467
59.088 0.003896607449
59.09 0.003896426757
59.092 0.003896688865
59.094 0.003896663498
59.096 0.003896714934
59.098 0.003896728122
59.1 0.003896764687
59.102 0.003896595642
59.104 0.003896845642
59.106 0.003896834965
59.108 0.003896869157
59.11 0.003896898157
59.112 0.003896917466
59.114 0.003896767792
59.116 0.003896995681
59.118 0.003897006131
59.12 0.003897018539
59.122 0.003897071214
59.124 0.003897067429
59.126 0.003896943709
59.128 0.0038971475
59.13 0.00389718342
59.132 0.003897171377
59.134 0.003897249088
59.136 0.003897219711
59.138 0.003897119965
59.14 0.003897296957
59.142 0.003897356511
59.144 0.00389731973
59.146 0.003897423262
59.148 0.003897368529
59.15 0.003897291333
59.152 0.003897444965
59.154 0.003897530207
59.156 0.0038974674
59.158 0.003897593728
59.16 0.003897515551
59.162 0.00389746497
59.164 0.003897594666
59.166 0.003897702252
59.168 0.003897617413
59.17 0.003897765904
59.172 0.003897668507
59.174 0.003897804374
59.176 0.003897738774
59.178 0.003897663522
59.18 0.003897826862
59.182 0.003897898839
59.184 0.003897851189
59.186 0.003897962553
59.188 0.003897901206
59.19 0.003897830141
59.192 0.003897978641
59.194 0.003898067433
59.196 0.003898003884
59.198 0.00389813224
59.2 0.003898054504
59.202 0.003898000131
59.204 0.003898136053
59.206 0.003898236579
59.208 0.003898161959
59.21 0.003898299731
59.212 0.003898214598
59.214 0.003898337794
59.216 0.003898287362
59.218 0.003898195378
59.22 0.003898377816
59.222 0.003898428404
59.224 0.003898405194
59.226 0.003898493805
59.228 0.003898457926
59.23 0.003898363662
59.232 0.003898536348
59.234 0.003898602342
59.236 0.003898559538
59.238 0.003898669624
59.24 0.003898609544
59.242 0.003898711955
59.244 0.003898679436
59.246 0.003898572616
59.248 0.003898764694
59.25 0.003898810815
59.252 0.003898788993
59.254 0.003898877896
59.256 0.003898836645
59.258 0.003898921114
59.26 0.003898902866
59.262 0.003898786309
59.264 0.003898987332
59.266 0.003899026999
59.268 0.003899010515
59.27 0.003899095954
59.272 0.003899059655
59.274 0.003898969941
59.276 0.003899136504
59.278 0.003899214966
59.28 0.003899157258
59.282 0.003899284106
59.284 0.003899203814
59.286 0.003899326871
59.288 0.003899271701
59.29 0.003899191414
59.292 0.003899356281
59.294 0.003899424297
59.296 0.003899377449
59.298 0.003899491697
59.3 0.00389942562
59.302 0.003899534207
59.304 0.003899494819
59.306 0.003899396274
59.308 0.003899578478
59.31 0.003899633644
59.312 0.003899602786
59.314 0.003899700459
59.316 0.003899649723
59.318 0.003899742039
59.32 0.003899717485
59.322 0.003899604097
59.324 0.003899802075
59.326 0.003899837499
59.328 0.003899822792
59.33 0.003899902688
59.332 0.003899870081
59.334 0.003899941929
59.336 0.003899936594
59.338 0.003899803922
59.34 0.003900022698
59.342 0.003900041086
59.344 0.00390004381
59.346 0.003900106969
59.348 0.00390008807
59.35 0.003900148847
59.352 0.003900154538
59.354 0.003900008069
59.356 0.003900234735
59.358 0.003900243071
59.36 0.003900256067
59.362 0.003900309729
59.364 0.00390029947
59.366 0.003900349279
59.368 0.003900363771
59.37 0.003900381895
59.372 0.003900432733
59.374 0.003900239789
59.376 0.003900512282
59.378 0.003900476227
59.38 0.003900530709
59.382 0.003900544958
59.384 0.003900569799
59.386 0.003900587407
59.388 0.003900628726
59.39 0.003900623254
59.392 0.003900696012
59.394 0.003900488963
59.396 0.003900772543
59.398 0.003900728879
59.4 0.003900786696
59.402 0.003900798449
59.404 0.003900822096
59.406 0.003900845932
59.408 0.003900878337
59.41 0.003900884986
59.412 0.003900941844
59.414 0.003900746979
59.416 0.003901013713
59.418 0.003900988375
59.42 0.003901025389
59.422 0.003901062044
59.424 0.003901060831
59.426 0.003901107847
59.428 0.003901113124
59.43 0.003901146032
59.432 0.003901176006
59.434 0.003901010369
59.436 0.003901250171
59.438 0.003901251923
59.44 0.003901259631
59.442 0.003901321232
59.444 0.003901292448
59.446 0.003901369155
59.448 0.003901349158
59.45 0.003901406654
59.452 0.003901410961
59.454 0.003901440691
59.456 0.003901475712
59.458 0.003901303491
59.46 0.003901549363
59.462 0.003901544152
59.464 0.0039015584
59.466 0.003901615475
59.468 0.00390159265
59.47 0.00390166273
59.472 0.003901645999
59.474 0.003901699462
59.476 0.003901708174
59.478 0.003901734265
59.48 0.003901774869
59.482 0.003901595512
59.484 0.003901845454
59.486 0.003901836021
59.488 0.003901856478
59.49 0.003901907481
59.492 0.003901890029
59.494 0.003901953094
59.496 0.003901943171
59.498 0.003901988959
59.5 0.003902006678
59.502 0.00390202195
59.504 0.003902070372
59.506 0.003902054315
59.508 0.003902136662
59.51 0.003901916824
59.512 0.003902207554
59.514 0.003902159082
59.516 0.003902216148
59.518 0.003902232268
59.52 0.003902248069
59.522 0.003902280041
59.524 0.003902301158
59.526 0.003902321304
59.528 0.003902362211
59.53 0.00390235601
59.532 0.003902424712
59.534 0.003902390743
59.536 0.003902487208
59.538 0.00390242755
59.54 0.003902549073
59.542 0.003902296932
59.544 0.003902617595
59.546 0.003902541767
59.548 0.003902620721
59.55 0.003902618787
59.552 0.003902647322
59.554 0.003902671705
59.556 0.003902697802
59.558 0.00390271525
59.56 0.003902754145
59.562 0.003902756658
59.564 0.00390281758
59.566 0.003902794455
59.568 0.003902874989
59.57 0.003902835434
59.572 0.003902933661
59.574 0.003902875469
59.576 0.00390299183
59.578 0.003902917539
59.58 0.003903045079
59.582 0.003902788102
59.584 0.003903110377
59.586 0.003903040611
59.588 0.003903111428
59.59 0.003903122629
59.592 0.003903135055
59.594 0.003903176895
59.596 0.00390318233
59.598 0.003903222269
59.6 0.003903239232
59.602 0.003903264388
59.604 0.003903297619
59.606 0.003903303445
59.608 0.003903358447
59.61 0.003903343916
59.612 0.003903417172
59.614 0.003903384522
59.616 0.003903476169
59.618 0.003903424314
59.62 0.003903532987
59.622 0.00390346493
59.624 0.003903588796
59.626 0.003903506818
59.628 0.003903642452
59.63 0.003903551393
59.632 0.003903699753
59.634 0.003903594448
59.636 0.003903753432
59.638 0.003903640928
59.64 0.00390380731
59.642 0.003903515139
59.644 0.003903867245
59.646 0.003903768035
59.648 0.003903866373
59.65 0.003903850023
59.652 0.003903891374
59.654 0.003903906477
59.656 0.003903937881
59.658 0.003903953974
59.66 0.003903993435
59.662 0.003903996231
59.664 0.003904051811
59.666 0.003904038868
59.668 0.003904110191
59.67 0.003904076694
59.672 0.003904167529
59.674 0.003904118384
59.676 0.003904224637
59.678 0.003904160609
59.68 0.003904280341
59.682 0.003904204609
59.684 0.003904335896
59.686 0.003904250677
59.688 0.003904391344
59.69 0.003904296743
59.692 0.003904445302
59.694 0.003904341551
59.696 0.00390449724
59.698 0.003904387955
59.7 0.003904549903
59.702 0.003904434737
59.704 0.00390460195
59.706 0.003904480191
59.708 0.003904652628
59.71 0.003904473589
59.712 0.003904667919
59.714 0.003904582826
59.716 0.00390474171
59.718 0.003904628282
59.72 0.003904795862
59.722 0.003904671945
59.724 0.003904848954
59.726 0.003904714803
59.728 0.003904901124
59.73 0.003904754802
59.732 0.003904950974
59.734 0.003904798325
59.736 0.003905001911
59.738 0.00390484404
59.74 0.003905049666
59.742 0.003904890077
59.744 0.003905097169
59.746 0.003904938243
59.748 0.003905144648
59.75 0.003904986619
59.752 0.003905190152
59.754 0.003905033388
59.756 0.003905234277
59.758 0.003905081968
59.76 0.003905279584
59.762 0.003905132408
59.764 0.003905322648
59.766 0.003905180385
59.768 0.003905365648
59.77 0.00390523077
59.772 0.003905409896
59.774 0.003905281166
59.776 0.003905452142
59.778 0.003905330226
59.78 0.003905493926
59.782 0.00390537953
59.784 0.003905536547
59.786 0.003905427159
59.788 0.003905577185
59.79 0.003905473625
59.792 0.003905618791
59.794 0.003905521707
59.796 0.003905662365
59.798 0.00390556796
59.8 0.003905705351
59.802 0.003905612984
59.804 0.003905748919
59.806 0.003905656826
59.808 0.0039057941
59.81 0.003905700118
59.812 0.003905838863
59.814 0.003905740536
59.816 0.003905885076
59.818 0.003905781079
59.82 0.003905932522
59.822 0.003905822212
59.824 0.003905982272
59.826 0.003905861569
59.828 0.003906030667
59.83 0.003905898056
59.832 0.003906079483
59.834 0.003905935327
59.836 0.00390612892
59.838 0.003905971987
59.84 0.003906177991
59.842 0.003906007665
59.844 0.003906228021
59.846 0.003906046142
59.848 0.003906279155
59.85 0.003906083103
59.852 0.003906329707
59.854 0.003906119734
59.856 0.003906377938
59.858 0.003906156778
59.86 0.003906426223
59.862 0.003906194651
59.864 0.003906474942
59.866 0.003906233514
59.868 0.003906523305
59.87 0.003906272311
59.872 0.00390656905
59.874 0.003906312339
59.876 0.00390661663
59.878 0.003906353976
59.88 0.003906662139
59.882 0.00390639452
59.884 0.003906705876
59.886 0.003906436691
59.888 0.003906751518
59.89 0.003906481659
59.892 0.003906795293
59.894 0.003906523265
59.896 0.003906838027
59.898 0.003906569293
59.9 0.003906883188
59.902 0.003906614195
59.904 0.003906925043
59.906 0.00390665898
59.908 0.003906967569
59.91 0.003906704048
59.912 0.003907010082
59.914 0.003906749987
59.916 0.003907052086
59.918 0.00390679364
59.92 0.003907092903
59.922 0.003906836796
59.924 0.003907136345
59.926 0.003906882066
59.928 0.003907177683
59.93 0.003906925486
59.932 0.003907221741
59.934 0.003906968989
59.936 0.003907264378
59.938 0.003907011135
59.94 0.003907307594
59.942 0.003907052245
59.944 0.003907350669
59.946 0.003907095002
59.948 0.00390739656
59.95 0.003907135271
59.952 0.00390743963
59.954 0.003907175117
59.956 0.003907484403
59.958 0.003907215654
59.96 0.003907531308
59.962 0.003907255213
59.964 0.003907576162
59.966 0.003907294949
59.968 0.003907623036
59.97 0.003907333968
59.972 0.003907670916
59.974 0.003907372749
59.976 0.003907716085
59.978 0.003907411255
59.98 0.003907761613
59.982 0.0039074488
59.984 0.003907808869
59.986 0.003907487099
59.988 0.003907853108
59.99 0.003907525547
59.992 0.003907899672
59.994 0.003907565348
59.996 0.003907944938
59.998 0.00390760322
60 0.003907989736
60.002 0.003907641345
60.004 0.003908033139
60.006 0.003907680902
60.008 0.00390807737
60.01 0.003907720462
60.012 0.003908121325
60.014 0.003907760688
60.016 0.003908165116
60.018 0.003907801807
60.02 0.003908207914
60.022 0.003907840989
60.024 0.003908251304
60.026 0.003907883373
60.028 0.003908293352
60.03 0.00390792541
60.032 0.003908334934
60.034 0.003907966204
60.036 0.003908376199
60.038 0.003908008275
60.04 0.003908417967
60.042 0.003908049621
60.044 0.003908458678
60.046 0.003908091428
60.048 0.003908499903
60.05 0.003908133171
60.052 0.003908540897
60.054 0.003908173782
60.056 0.003908580776
60.058 0.003908214583
60.06 0.003908621373
60.062 0.003908256095
60.064 0.00390866009
60.066 0.003908295703
60.068 0.0039087007
60.07 0.003908337057
60.072 0.003908741926
60.074 0.00390837736
60.076 0.003908782853
60.078 0.003908417499
60.08 0.003908823511
60.082 0.003908457584
60.084 0.003908865615
60.086 0.00390849766
60.088 0.003908907023
60.09 0.003908537295
60.092 0.00390894911
60.094 0.003908576716
60.096 0.003908990619
60.098 0.003908615673
60.1 0.003909029553
60.102 0.003908653187
60.104 0.00390907172
60.106 0.003908692457
60.108 0.003909114703
60.11 0.003908732935
60.112 0.003909155626
60.114 0.003908770783
60.116 0.003909197203
60.118 0.003908808995
60.12 0.003909236342
60.122 0.003908846991
60.124 0.003909278377
60.126 0.003908885221
60.128 0.003909318705
60.13 0.003908924774
60.132 0.003909359232
60.134 0.003908962931
60.136 0.003909400256
60.138 0.003909002838
60.14 0.003909440374
60.142 0.00390904053
60.144 0.003909479763
60.146 0.003909080158
60.148 0.003909520928
60.15 0.003909120079
60.152 0.003909559516
60.154 0.003909161315
60.156 0.003909602214
60.158 0.003909202463
60.16 0.003909640256
60.162 0.00390924117
60.164 0.003909679281
60.166 0.003909281617
60.168 0.003909720989
60.17 0.003909323442
60.172 0.003909760504
60.174 0.003909362878
60.176 0.003909798858
60.178 0.003909402984
60.18 0.003909837681
60.182 0.003909443479
60.184 0.003909876833
60.186 0.003909484617
60.188 0.003909916504
60.19 0.003909523352
60.192 0.003909952659
60.194 0.003909563208
60.196 0.003909991797
60.198 0.003909603775
60.2 0.003910032576
60.202 0.003909646269
60.204 0.003910072716
60.206 0.003909687923
60.208 0.003910112749
60.21 0.00390972837
60.212 0.003910152663
60.214 0.003909769594
60.216 0.003910192407
60.218 0.003909808855
60.22 0.003910231733
60.222 0.003909850194
60.224 0.003910271803
60.226 0.003909890939
60.228 0.003910311992
60.23 0.003909930821
60.232 0.003910352361
60.234 0.00390997082
60.236 0.003910393779
60.238 0.003910011428
60.24 0.003910432748
60.242 0.003910050501
60.244 0.003910473402
60.246 0.003910091707
60.248 0.003910514099
60.25 0.003910131157
60.252 0.003910554247
60.254 0.003910171579
60.256 0.003910595685
60.258 0.003910213088
60.26 0.003910635135
60.262 0.003910251679
60.264 0.00391067673
60.266 0.003910292527
60.268 0.003910718571
60.27 0.003910335269
60.272 0.003910760288
60.274 0.003910375452
60.276 0.0039108003
60.278 0.003910415664
60.28 0.003910842524
60.282 0.003910458327
60.284 0.003910884102
60.286 0.003910500164
60.288 0.003910924424
60.29 0.00391053999
60.292 0.00391096492
60.294 0.00391058169
60.296 0.00391100498
60.298 0.003910621469
60.3 0.003911046339
60.302 0.003910665223
60.304 0.003911087722
60.306 0.003910704519
60.308 0.003911127974
60.31 0.00391074685
60.312 0.00391116786
60.314 0.003910787572
60.316 0.003911208522
60.318 0.003910832114
60.32 0.00391125018
60.322 0.003910876086
60.324 0.003911292907
60.326 0.003910918641
60.328 0.003911333196
60.33 0.003910961542
60.332 0.003911373399
60.334 0.003911003049
60.336 0.003911414621
60.338 0.003911047124
60.34 0.003911455291
60.342 0.003911089703
60.344 0.003911495466
60.346 0.003911130283
60.348 0.003911535921
60.35 0.003911174229
60.352 0.003911575658
60.354 0.003911217281
60.356 0.003911616832
60.358 0.003911260349
60.36 0.00391165957
60.362 0.003911302444
60.364 0.003911698504
60.366 0.003911344484
60.368 0.003911739068
60.37 0.003911387833
60.372 0.003911780896
60.374 0.00391143034
60.376 0.003911821792
60.378 0.00391147169
60.38 0.003911862542
60.382 0.003911514748
60.384 0.003911902733
60.386 0.003911556498
60.388 0.003911943153
60.39 0.003911599336
60.392 0.003911985559
60.394 0.003911641507
60.396 0.003912025616
60.398 0.003911683353
60.4 0.003912065578
60.402 0.003911725984
60.404 0.003912106319
60.406 0.003911768494
60.408 0.003912147693
60.41 0.003911811849
60.412 0.003912189598
60.414 0.003911854489
60.416 0.003912228506
60.418 0.003911896404
60.42 0.00391226773
60.422 0.003911938193
60.424 0.003912308342
60.426 0.00391198165
60.428 0.003912348062
60.43 0.003912023902
60.432 0.003912387727
60.434 0.003911997911
60.436 0.003912506151
60.438 0.003912013686
60.44 0.00391255624
60.442 0.003912054108
60.444 0.003912587028
60.446 0.003912105325
60.448 0.003912609354
60.45 0.003912160256
60.452 0.003912628244
60.454 0.003912214525
60.456 0.003912648957
60.458 0.003912266431
60.46 0.00391267148
60.462 0.003912316928
60.464 0.003912696506
60.466 0.003912363243
60.468 0.003912724732
60.47 0.003912407571
60.472 0.003912754213
60.474 0.003912449237
60.476 0.00391278829
60.478 0.003912486079
60.48 0.003912825082
60.482 0.003912522479
60.484 0.003912865171
60.486 0.003912556555
60.488 0.003912904774
60.49 0.003912588044
60.492 0.003912944918
60.494 0.003912620303
60.496 0.0039129861
60.498 0.003912653405
60.5 0.003913026472
60.502 0.003912685343
60.504 0.003913066931
60.506 0.003912719003
60.508 0.00391310595
60.51 0.003912752124
60.512 0.003913143764
60.514 0.003912787215
60.516 0.003913182441
60.518 0.003912822784
60.52 0.003913218412
60.522 0.003912858828
60.524 0.003913253273
60.526 0.003912895979
60.528 0.003913288585
60.53 0.003912933701
60.532 0.003913322925
60.534 0.003912973028
60.536 0.00391335742
60.538 0.003913013021
60.54 0.003913390617
60.542 0.003913052743
60.544 0.003913423979
60.546 0.003913092212
60.548 0.003913457475
60.55 0.003913132209
60.552 0.003913492179
60.554 0.00391317325
60.556 0.003913529352
60.558 0.003913209509
60.56 0.003913563372
60.562 0.003913249263
60.564 0.003913599697
60.566 0.003913287856
60.568 0.003913633381
60.57 0.003913326635
60.572 0.003913668394
60.574 0.003913366697
60.576 0.003913704083
60.578 0.00391340513
60.58 0.003913738108
60.582 0.003913444276
60.584 0.003913774795
60.586 0.003913483674
60.588 0.003913811555
60.59 0.003913521952
60.592 0.003913847635
60.594 0.003913559315
60.596 0.003913883427
60.598 0.003913597846
60.6 0.00391392011
60.602 0.003913635349
60.604 0.003913957109
60.606 0.00391367347
60.608 0.003913994575
60.61 0.003913710736
60.612 0.003914030144
60.614 0.00391374937
60.616 0.003914067029
60.618 0.00391378673
60.62 0.003914103886
60.622 0.003913824895
60.624 0.003914143094
60.626 0.003913863497
60.628 0.003914179604
60.63 0.003913900576
60.632 0.003914216476
60.634 0.003913937956
60.636 0.003914253082
60.638 0.003913975493
60.64 0.003914289953
60.642 0.00391401239
60.644 0.003914326155
60.646 0.003914050467
60.648 0.003914362351
60.65 0.003914087473
60.652 0.003914398063
60.654 0.003914124867
60.656 0.003914433567
60.658 0.003914163258
60.66 0.003914469558
60.662 0.003914201156
60.664 0.00391450556
60.666 0.003914238718
60.668 0.003914540396
60.67 0.003914275899
60.672 0.003914575708
60.674 0.00391431397
60.676 0.003914611345
60.678 0.003914351642
60.68 0.003914647125
60.682 0.00391439036
60.684 0.003914682846
60.686 0.003914426418
60.688 0.003914716888
60.69 0.003914464131
60.692 0.003914753063
60.694 0.003914502315
60.696 0.003914789422
60.698 0.003914537919
60.7 0.00391482217
60.702 0.003914573417
60.704 0.003914858795
60.706 0.00391461075
60.708 0.003914894127
60.71 0.00391464694
60.712 0.003914930428
60.714 0.003914681517
60.716 0.003914963731
60.718 0.003914716347
60.72 0.003914998465
60.722 0.003914751361
60.724 0.003915034869
60.726 0.003914786895
60.728 0.003915070412
60.73 0.003914821302
60.732 0.003915106159
60.734 0.00391485561
60.736 0.003915140489
60.738 0.003914887361
60.74 0.003915174704
60.742 0.003914921979
60.744 0.00391521097
60.746 0.003914956678
60.748 0.003915246079
60.75 0.003914990713
60.752 0.003915281585
60.754 0.003915024699
60.756 0.003915318292
60.758 0.003915058359
60.76 0.003915352404
60.762 0.003915091526
60.764 0.003915387844
60.766 0.003915126264
60.768 0.003915423705
60.77 0.003915160495
60.772 0.003915459355
60.774 0.003915193792
60.776 0.003915492963
60.778 0.003915227198
60.78 0.003915528004
60.782 0.003915262204
60.784 0.003915562562
60.786 0.003915294868
60.788 0.00391559643
60.79 0.003915330288
60.792 0.003915632485
60.794 0.003915365026
60.796 0.003915668332
60.798 0.003915399323
60.8 0.003915702003
60.802 0.003915432681
60.804 0.003915735707
60.806 0.003915507884
60.808 0.003915738475
60.81 0.003915525635
60.812 0.003915783254
60.814 0.003915545542
60.816 0.003915819606
60.818 0.00391556836
60.82 0.003915852655
60.822 0.003915594411
60.824 0.003915884133
60.826 0.003915621482
60.828 0.003915912086
60.83 0.003915648496
60.832 0.003915939882
60.834 0.003915675753
60.836 0.003915966136
60.838 0.003915702207
60.84 0.00391599196
60.842 0.003915730795
60.844 0.00391601939
60.846 0.003915760569
60.848 0.003916044658
60.85 0.003915788273
60.852 0.003916071597
60.854 0.003915815549
60.856 0.003916094926
60.858 0.003915843266
60.86 0.003916121674
60.862 0.003915868875
60.864 0.003916147768
60.866 0.003915894996
60.868 0.003916176834
60.87 0.003915919586
60.872 0.003916202351
60.874 0.003915942678
60.876 0.00391622919
60.878 0.003915966159
60.88 0.003916257463
60.882 0.003915990464
60.884 0.003916285249
60.886 0.003916015034
60.888 0.003916312564
60.89 0.003916038322
60.892 0.003916338372
60.894 0.003916062966
60.896 0.003916364522
60.898 0.003916086012
60.9 0.003916391415
60.902 0.00391611112
60.904 0.003916416663
60.906 0.003916137371
60.908 0.003916438805
60.91 0.003916161494
60.912 0.00391646378
60.914 0.003916186695
60.916 0.003916488646
60.918 0.003916213455
60.92 0.003916512991
60.922 0.003916238587
60.924 0.003916538216
60.926 0.003916264878
60.928 0.003916565842
60.93 0.003916290717
60.932 0.003916588802
60.934 0.003916316317
60.936 0.00391661317
60.938 0.00391634164
60.94 0.003916638343
60.942 0.003916367146
60.944 0.003916663964
60.946 0.003916393615
60.948 0.003916689715
60.95 0.003916417958
60.952 0.00391671578
60.954 0.003916445067
60.956 0.003916743028
60.958 0.00391647127
60.96 0.003916768941
60.962 0.003916498439
60.964 0.003916797346
60.966 0.003916522956
60.968 0.003916825708
60.97 0.003916548642
60.972 0.003916853595
60.974 0.003916572853
60.976 0.00391688307
60.978 0.00391659705
60.98 0.003916913861
60.982 0.003916623212
60.984 0.003916943883
60.986 0.0039166481
60.988 0.003916973961
60.99 0.003916674099
60.992 0.003917005042
60.994 0.003916699586
60.996 0.003917036597
60.998 0.003916725233
61 0.003917068205
61.002 0.003916748955
61.004 0.003917099337
61.006 0.003916774487
61.008 0.00391713116
61.01 0.003916799981
61.012 0.003917163509
61.014 0.003916825072
61.016 0.003917196925
61.018 0.003916851108
61.02 0.003917229728
61.022 0.003916876749
61.024 0.003917262782
61.026 0.003916901259
61.028 0.003917295817
61.03 0.003916927986
61.032 0.003917329321
61.034 0.00391695327
61.036 0.003917363298
61.038 0.003916978905
61.04 0.003917396031
61.042 0.003917003627
61.044 0.003917429494
61.046 0.003917028956
61.048 0.003917463057
61.05 0.0039170559
61.052 0.003917496939
61.054 0.003917080875
61.056 0.00391753141
61.058 0.003917107638
61.06 0.003917565623
61.062 0.003917134437
61.064 0.003917600265
61.066 0.003917158709
61.068 0.003917633681
61.07 0.003917184864
61.072 0.003917669092
61.074 0.003917210363
61.076 0.003917702698
61.078 0.00391723712
61.08 0.003917737135
61.082 0.003917262817
61.084 0.003917771012
61.086 0.003917287768
61.088 0.003917805033
61.09 0.003917313606
61.092 0.003917838823
61.094 0.003917338474
61.096 0.003917872975
61.098 0.003917365186
61.1 0.003917908792
61.102 0.003917391412
61.104 0.003917942547
61.106 0.003917417176
61.108 0.003917977217
61.11 0.003917442522
61.112 0.003918010463
61.114 0.003917469245
61.116 0.003918045476
61.118 0.003917495658
61.12 0.003918078538
61.122 0.003917520744
61.124 0.003918111844
61.126 0.003917547234
61.128 0.003918146254
61.13 0.003917573327
61.132 0.003918180033
61.134 0.003917602117
61.136 0.003918214094
61.138 0.003917628988
61.14 0.003918248495
61.142 0.003917656017
61.144 0.00391828158
61.146 0.003917683291
61.148 0.003918311929
61.15 0.003917708249
61.152 0.003918129805
61.154 0.003917738317
61.156 0.003918342263
61.158 0.003917670275
61.16 0.003918486221
61.162 0.003917702493
61.164 0.003918527562
61.166 0.003917735002
61.168 0.003918557358
61.17 0.003917771675
61.172 0.003918583125
61.174 0.003917810978
61.176 0.003918605772
61.178 0.00391785081
61.18 0.003918414211
61.182 0.003917895254
61.184 0.003918682959
61.186 0.003917883744
61.188 0.003918745318
61.19 0.003917895675
61.192 0.003918778206
61.194 0.003917934933
61.196 0.003918800415
61.198 0.003917980062
61.2 0.003918602085
61.202 0.003918035363
61.204 0.003918858747
61.206 0.003918034371
61.208 0.003918913241
61.21 0.003918060102
61.212 0.003918938429
61.214 0.003918107336
61.216 0.003918737389
61.218 0.003918167081
61.22 0.003918992117
61.222 0.003918174137
61.224 0.003919040352
61.226 0.003918207345
61.228 0.003919059771
61.23 0.003918262569
61.232 0.003918853253
61.234 0.003918329383
61.236 0.003919103995
61.238 0.003918344482
61.24 0.003919147467
61.242 0.003918384146
61.244 0.003919165049
61.246 0.003918443505
61.248 0.003918957443
61.25 0.003918513459
61.252 0.003919208865
61.254 0.003918527439
61.256 0.003919253381
61.258 0.003918566925
61.26 0.003919056117
61.262 0.003918626571
61.264 0.003919311738
61.266 0.003918639372
61.268 0.003919358369
61.27 0.003920405351
61.272 0.003919034651
61.274 0.003920692178
61.276 0.003919306166
61.278 0.003920674848
61.28 0.003919461773
61.282 0.003920614215
61.284 0.003919401035
61.286 0.003920563309
61.288 0.003919791665
61.29 0.00392047303
61.292 0.003919954591
61.294 0.00392042769
61.296 0.003919849452
61.298 0.003920427716
61.3 0.003920174719
61.302 0.003920399795
61.304 0.003920050736
61.306 0.003920424116
61.308 0.003920340079
61.31 0.003920429554
61.312 0.003920394619
61.314 0.003920485362
61.316 0.003920183628
61.318 0.003920575297
61.32 0.00392041277
61.322 0.003920631358
61.324 0.003920208375
61.326 0.003920722028
61.328 0.003920434099
61.33 0.003920778413
61.332 0.003920438205
61.334 0.003920867582
61.336 0.003920195706
61.338 0.003920977894
61.34 0.003920412502
61.342 0.003921036355
61.344 0.003920202086
61.346 0.003921115099
61.348 0.003920436899
61.35 0.003921150762
61.352 0.003920247173
61.354 0.003921212151
61.356 0.003920500541
61.358 0.003921226742
61.36 0.003920542432
61.362 0.003921265803
61.364 0.003920347605
61.366 0.003921320836
61.368 0.003920615737
61.37 0.003921316162
61.372 0.003920466297
61.374 0.003921332387
61.376 0.003920761495
61.378 0.003921305249
61.38 0.003920629925
61.382 0.003921306918
61.384 0.003920935498
61.386 0.003921270041
61.388 0.003920809469
61.39 0.003921266124
61.392 0.003921120496
61.394 0.003921228273
61.396 0.003921009604
61.398 0.003921221505
61.4 0.003921321874
61.402 0.003921186112
61.404 0.003921195308
61.406 0.003921187952
61.408 0.003921496261
61.41 0.003921162084
61.412 0.003921359514
61.414 0.003921175058
61.416 0.003921650507
61.418 0.003921158883
61.42 0.00392150108
61.422 0.003921186305
61.424 0.003921780262
61.426 0.003921183936
61.428 0.003921616878
61.43 0.00392122404
61.432 0.003921665046
61.434 0.003921237718
61.436 0.003921956783
61.438 0.003921233803
61.44 0.003921784063
61.442 0.003921284464
61.444 0.003922033498
61.446 0.003921312661
61.448 0.003921840552
61.45 0.003921382174
61.452 0.003921859725
61.454 0.003921420627
61.456 0.003922123763
61.458 0.003921440276
61.46 0.003921928599
61.462 0.00392151327
61.464 0.003922161732
61.466 0.00392155609
61.468 0.003921953687
61.47 0.00392163655
61.472 0.003921964111
61.474 0.003921684788
61.476 0.003922224761
61.478 0.003921707993
61.48 0.003922029555
61.482 0.003921777098
61.484 0.003922046346
61.486 0.003921817001
61.488 0.003922311254
61.49 0.00392183429
61.492 0.003922120005
61.494 0.003921898855
61.496 0.003922139039
61.498 0.003921932816
61.5 0.00392240812
61.502 0.003921942757
61.504 0.003922218873
61.506 0.003922000894
61.508 0.00391983004
61.51 0.003922226293
61.512 0.003921977003
61.514 0.003922023815
61.516 0.003922610025
61.518 0.003921882672
61.52 0.00392252923
61.522 0.00392189049
61.524 0.003920159345
61.526 0.00392211501
61.528 0.003922512268
61.53 0.00392193383
61.532 0.003922648638
61.534 0.003921883234
61.536 0.003922743881
61.538 0.003921902616
61.54 0.003920371174
61.542 0.003922143193
61.544 0.003922699567
61.546 0.003921987028
61.548 0.003922811256
61.55 0.00392192349
61.552 0.003920478393
61.554 0.003922195646
61.556 0.003922574033
61.558 0.003922068705
61.56 0.003922914667
61.562 0.003922016255
61.564 0.003920810156
61.566 0.003922247335
61.568 0.003922662452
61.57 0.003922173673
61.572 0.003922961192
61.574 0.00392215787
61.576 0.003920619254
61.578 0.003922406809
61.58 0.003922717246
61.582 0.003922281488
61.584 0.003923276892
61.586 0.003922239057
61.588 0.00392069941
61.59 0.003922530007
61.592 0.0039227626
61.594 0.003922431115
61.596 0.003920679323
61.598 0.003922589432
61.6 0.003922863669
61.602 0.003922420237
61.604 0.003923235392
61.606 0.003922358265
61.608 0.003920922285
61.61 0.003922591813
61.612 0.003923254338
61.614 0.003922462049
61.616 0.003920931899
61.618 0.003922666826
61.62 0.003923077947
61.622 0.003922532981
61.624 0.003921019179
61.626 0.003922681068
61.628 0.003923209805
61.63 0.003922515865
61.632 0.003921161723
61.634 0.003922659364
61.636 0.003923352951
61.638 0.003922500111
61.64 0.003922507937
61.642 0.003922557927
61.644 0.003923642081
61.646 0.003922513866
61.648 0.003921399966
61.65 0.00392274907
61.652 0.003923519183
61.654 0.003922632863
61.656 0.003921433506
61.658 0.003922808845
61.66 0.003923600694
61.662 0.003922666039
61.664 0.003921528668
61.666 0.003922835118
61.668 0.0039239208
61.67 0.003922693044
61.672 0.003921592502
61.674 0.003922918945
61.676 0.003923719166
61.678 0.003922812451
61.68 0.003921626807
61.682 0.003922996256
61.684 0.003923792908
61.686 0.003922866441
61.688 0.003921715599
61.69 0.003923040054
61.692 0.003923880741
61.694 0.003922907477
61.696 0.003921801851
61.698 0.003923086605
61.7 0.003923964571
61.702 0.003922956699
61.704 0.003921879277
61.706 0.003923136706
61.708 0.003924038634
61.71 0.003923012263
61.712 0.003921951077
61.714 0.003923194376
61.716 0.003924108421
61.718 0.003923067387
61.72 0.003922017962
61.722 0.003923249943
61.724 0.003924177699
61.726 0.00392312566
61.728 0.003922089276
61.73 0.003923308579
61.732 0.003924249803
61.734 0.003923177049
61.736 0.003922162183
61.738 0.003923358193
61.74 0.00392432435
61.742 0.003923227685
61.744 0.003922239716
61.746 0.003923406026
61.748 0.00392440479
61.75 0.003923274241
61.752 0.003922320363
61.754 0.003923451407
61.756 0.003922065147
61.758 0.003923513378
61.76 0.003924501308
61.762 0.003923281554
61.764 0.00392249933
61.766 0.003923417507
61.768 0.003924687188
61.77 0.003923278748
61.772 0.003922602005
61.774 0.003923464172
61.776 0.00392475804
61.778 0.003923348555
61.78 0.003922656317
61.782 0.003923544464
61.784 0.003922383336
61.786 0.0039236286
61.788 0.003924800589
61.79 0.003923418335
61.792 0.003922777459
61.794 0.003923574695
61.796 0.003924945903
61.798 0.003923454595
61.8 0.003922842209
61.802 0.003923658719
61.804 0.003922558231
61.806 0.003923748412
61.808 0.003924967699
61.81 0.003923549389
61.812 0.003922939405
61.814 0.00392371577
61.816 0.003925102623
61.818 0.003923604438
61.82 0.003922992319
61.822 0.003923812368
61.824 0.003922705682
61.826 0.003923910037
61.828 0.00392511476
61.83 0.003923710029
61.832 0.003923081446
61.834 0.003923873294
61.836 0.003922822051
61.838 0.003923950557
61.84 0.003925240636
61.842 0.003923744358
61.844 0.00392321129
61.846 0.003923906089
61.848 0.003922952385
61.85 0.00392398279
61.852 0.003925370723
61.854 0.003923778781
61.856 0.003923341055
61.858 0.003923943045
61.86 0.003923081608
61.862 0.003924022548
61.864 0.00392549864
61.866 0.003923820847
61.868 0.003923469242
61.87 0.003923988897
61.872 0.003923203186
61.874 0.00392406827
61.876 0.003923192762
61.878 0.003924061836
61.88 0.003925683838
61.882 0.003923800132
61.884 0.003923674569
61.886 0.003923950461
61.888 0.0039234189
61.89 0.003924035599
61.892 0.003923406033
61.894 0.00392403608
61.896 0.003925889379
61.898 0.003923805379
61.9 0.003923864668
61.902 0.003923972281
61.904 0.003923590673
61.906 0.003924073286
61.908 0.003923563304
61.91 0.00392408957
61.912 0.003923606802
61.914 0.003924066608
61.916 0.003926098952
61.918 0.003923840262
61.92 0.003924065644
61.922 0.003924023287
61.924 0.003923775038
61.926 0.003924139462
61.928 0.003923729785
61.93 0.003924174871
61.932 0.003923760531
61.934 0.003924169606
61.936 0.003923814416
61.938 0.003924151873
61.94 0.003926302208
61.942 0.003923933784
61.944 0.003924252213
61.946 0.003924127254
61.948 0.003923951838
61.95 0.003924257135
61.952 0.003923897202
61.954 0.003924296314
61.956 0.003923914909
61.958 0.00392429543
61.96 0.003923963475
61.962 0.003924278315
61.964 0.003924018631
61.966 0.003924257638
61.968 0.003924073848
61.97 0.003924234834
61.972 0.003924128244
61.974 0.003924222266
61.976 0.003924177187
61.978 0.003924208211
61.98 0.003924222128
61.982 0.003924200118
61.984 0.003924261875
61.986 0.003924198571
61.988 0.003924296164
61.99 0.003924196899
61.992 0.003924329076
61.994 0.003924203118
61.996 0.003924358399
61.998 0.00392421214
62 0.003924384555
62.002 0.003924223642
62.004 0.003924405415
62.006 0.003924231986
62.008 0.003924426815
62.01 0.003924246038
62.012 0.00392444634
62.014 0.003924260166
62.016 0.00392446403
62.018 0.003924273784
62.02 0.003924482557
62.022 0.003924287961
62.024 0.003924500023
62.026 0.003924301208
62.028 0.003924519872
62.03 0.003924312035
62.032 0.003924538636
62.034 0.003924324301
62.036 0.003924561215
62.038 0.00392433355
62.04 0.003924581572
62.042 0.003924339639
62.044 0.003924605211
62.046 0.00392434798
62.048 0.003924629432
62.05 0.003924350123
62.052 0.003924650516
62.054 0.00392435199
62.056 0.003924678159
62.058 0.00392435366
62.06 0.003924703241
62.062 0.003924352659
62.064 0.003924728208
62.066 0.003924350704
62.068 0.003924753261
62.07 0.003924348188
62.072 0.003924778036
62.074 0.003924347059
62.076 0.00392480366
62.078 0.003924343172
62.08 0.003924828203
62.082 0.003924340827
62.084 0.003924851849
62.086 0.003924339548
62.088 0.003924873195
62.09 0.003924334428
62.092 0.003924893275
62.094 0.00392433221
62.096 0.003924911756
62.098 0.003924331094
62.1 0.003924932092
62.102 0.003924331299
62.104 0.003924949388
62.106 0.003924332116
62.108 0.003924965023
62.11 0.003924331376
62.112 0.003924980269
62.114 0.003924333724
62.116 0.003924989758
62.118 0.003924334335
62.12 0.003925001934
62.122 0.00392433678
62.124 0.003925011146
62.126 0.003924339434
62.128 0.003925021881
62.13 0.003924343164
62.132 0.003925030263
62.134 0.00392434687
62.136 0.00392503912
62.138 0.003924350519
62.14 0.003925046688
62.142 0.003924354356
62.144 0.003925053667
62.146 0.003924359423
62.148 0.003925061866
62.15 0.00392436068
62.152 0.003925066077
62.154 0.003924363555
62.156 0.003925073095
62.158 0.003924366895
62.16 0.003925079985
62.162 0.003924369598
62.164 0.003925086858
62.166 0.003924372379
62.168 0.003925093579
62.17 0.0039243746
62.172 0.003925102824
62.174 0.0039243878
62.176 0.003925095425
62.178 0.00392439087
62.18 0.00392510485
62.182 0.003924393391
62.184 0.003925119541
62.186 0.003924390132
62.188 0.00392513967
62.19 0.003924390473
62.192 0.003925157574
62.194 0.003924389407
62.196 0.003925174187
62.198 0.003924391096
62.2 0.003925192064
62.202 0.003924394677
62.204 0.003925206708
62.206 0.003924399969
62.208 0.00392522351
62.21 0.00392440732
62.212 0.003925238454
62.214 0.003924413669
62.216 0.003925253707
62.218 0.003924420671
62.22 0.003925267549
62.222 0.003924429752
62.224 0.003925285526
62.226 0.003924439855
62.228 0.003925300829
62.23 0.003924450647
62.232 0.003925316652
62.234 0.003924460161
62.236 0.003925333769
62.238 0.003924472495
62.24 0.003925350619
62.242 0.003924483152
62.244 0.003925368888
62.246 0.003924494458
62.248 0.003925385138
62.25 0.003924506127
62.252 0.003925402766
62.254 0.003924517976
62.256 0.003925420623
62.258 0.003924531492
62.26 0.003925440973
62.262 0.00392454574
62.264 0.003925460604
62.266 0.003924561098
62.268 0.003925478881
62.27 0.003924573156
62.272 0.00392549742
62.274 0.003924588077
62.276 0.003925516624
62.278 0.003924604001
62.28 0.003925537543
62.282 0.003924620573
62.284 0.003925554742
62.286 0.003924636183
62.288 0.003925575261
62.29 0.003924654314
62.292 0.003925593249
62.294 0.003924670078
62.296 0.003925615033
62.298 0.003924688777
62.3 0.003925633502
62.302 0.003924706276
62.304 0.003925652896
62.306 0.003924724491
62.308 0.003925670972
62.31 0.003924740649
62.312 0.003925691206
62.314 0.003924762515
62.316 0.003925709662
62.318 0.003924779572
62.32 0.003925727368
62.322 0.003924798752
62.324 0.003925746188
62.326 0.00392481901
62.328 0.003925765459
62.33 0.003924839691
62.332 0.003925785049
62.334 0.003924859162
62.336 0.003925799929
62.338 0.003927309469
62.34 0.003925620524
62.342 0.003925218874
62.344 0.003925849574
62.346 0.003924883197
62.348 0.003926003493
62.35 0.003926018396
62.352 0.003925970006
62.354 0.003924966278
62.356 0.00392609119
62.358 0.003927254718
62.36 0.003925953022
62.362 0.003925136321
62.364 0.003926167524
62.366 0.003924821738
62.368 0.003926283264
62.37 0.003927209395
62.372 0.003926100085
62.374 0.003925142796
62.376 0.00392627257
62.378 0.003924861953
62.38 0.003926352918
62.382 0.003927276079
62.384 0.003926138766
62.386 0.00392522798
62.388 0.003926289003
62.39 0.003924962983
62.392 0.003926347139
62.394 0.003927384715
62.396 0.003926118268
62.398 0.00392534459
62.4 0.00392625915
62.402 0.00392751551
62.404 0.003926117691
62.406 0.00392539276
62.408 0.003926298556
62.41 0.003925100765
62.412 0.003926365832
62.414 0.003927512813
62.416 0.003926139323
62.418 0.003925463188
62.42 0.00392627841
62.422 0.003927620815
62.424 0.003926138091
62.426 0.00392548588
62.428 0.00392632437
62.43 0.003927613473
62.432 0.0039262005
62.434 0.003925464435
62.436 0.003926392535
62.438 0.003927585475
62.44 0.003926267628
62.442 0.003925432529
62.444 0.003926456338
62.446 0.003927554566
62.448 0.003926328617
62.45 0.003925400316
62.452 0.003926509543
62.454 0.003927524287
62.456 0.003926380848
62.458 0.00392537497
62.46 0.003926557151
62.462 0.003927500347
62.464 0.003926421668
62.466 0.003925353285
62.468 0.003926592328
62.47 0.00392747976
62.472 0.003926449317
62.474 0.003925333215
62.476 0.00392661627
62.478 0.003927462836
62.48 0.003926468381
62.482 0.003925319159
62.484 0.003926630775
62.486 0.003927469766
62.488 0.003926480051
62.49 0.003925310128
62.492 0.003926638422
62.494 0.003927485567
62.496 0.003926483411
62.498 0.003925300186
62.5 0.003926639181
62.502 0.003927498786
62.504 0.003926479848
62.506 0.003925288779
62.508 0.003926650464
62.51 0.003927514347
62.512 0.003926481987
62.514 0.003925282942
62.516 0.003926668356
62.518 0.003927526782
62.52 0.003926497555
62.522 0.003927827477
62.524 0.003926435494
62.526 0.003925292147
62.528 0.003926717439
62.53 0.003927452054
62.532 0.003926585626
62.534 0.00392519007
62.536 0.003926779854
62.538 0.003927436751
62.54 0.003926601132
62.542 0.003925205974
62.544 0.003926770907
62.546 0.003927464422
62.548 0.003926585095
62.55 0.003927775578
62.552 0.003926503581
62.554 0.003925257126
62.556 0.003926764973
62.558 0.003927430076
62.56 0.003926611792
62.562 0.003925177987
62.564 0.003926785021
62.566 0.003927434009
62.568 0.003926591218
62.57 0.003927750127
62.572 0.003926506277
62.574 0.003925234695
62.576 0.003926766338
62.578 0.003927403704
62.58 0.003926610052
62.582 0.003925150373
62.584 0.003926783825
62.586 0.003927402331
62.588 0.003926586194
62.59 0.003927715864
62.592 0.003926501568
62.594 0.003925191919
62.596 0.0039267583
62.598 0.003927362724
62.6 0.003926603625
62.602 0.003927648224
62.604 0.003926535238
62.606 0.003925118643
62.608 0.003926792424
62.61 0.003927285828
62.612 0.003926634335
62.614 0.003927573237
62.616 0.003926558193
62.618 0.003925048842
62.62 0.00392681118
62.622 0.003927222068
62.624 0.003926647322
62.626 0.003927514427
62.628 0.003926565661
62.63 0.00392499677
62.632 0.003926813568
62.634 0.003927177033
62.636 0.00392664497
62.638 0.003927474105
62.64 0.003926555418
62.642 0.00392749922
62.644 0.003926555882
62.646 0.003924899837
62.648 0.003926837838
62.65 0.003927058907
62.652 0.003926674497
62.654 0.003927355372
62.656 0.003926580757
62.658 0.003927389032
62.66 0.003926569019
62.662 0.003924798194
62.664 0.003926840066
62.666 0.003926968428
62.668 0.003926668608
62.67 0.003927276861
62.672 0.003926564809
62.674 0.003927319002
62.676 0.003926546909
62.678 0.003924737166
62.68 0.003926809219
62.682 0.003926906393
62.684 0.003926627686
62.686 0.003927220146
62.688 0.003926519571
62.69 0.00392726378
62.692 0.003926498491
62.694 0.003927222212
62.696 0.003926514712
62.698 0.003927155604
62.7 0.003926545549
62.702 0.003924540257
62.704 0.003926824484
62.706 0.00392671284
62.708 0.003926640999
62.71 0.003927030192
62.712 0.00392652482
62.714 0.003927082929
62.716 0.003926489693
62.718 0.003927052217
62.72 0.003926494142
62.722 0.003926997497
62.724 0.00392651287
62.726 0.00392439434
62.728 0.003926779735
62.73 0.003926573968
62.732 0.003926589546
62.734 0.003926899048
62.736 0.003926463204
62.738 0.00392695798
62.74 0.003926422054
62.742 0.003926932573
62.744 0.003926423893
62.746 0.003926882393
62.748 0.003926441731
62.75 0.003926824314
62.752 0.003926463708
62.754 0.003926765055
62.756 0.003926483359
62.758 0.003926710964
62.76 0.003926500494
62.762 0.003924118878
62.764 0.00392675693
62.766 0.003926313345
62.768 0.003926553988
62.77 0.003926651746
62.772 0.003926416972
62.774 0.003926725257
62.776 0.003926367983
62.778 0.003926714769
62.78 0.003926359967
62.782 0.003926673599
62.784 0.003926371584
62.786 0.003926625621
62.788 0.00392638938
62.79 0.003926573929
62.792 0.003926406188
62.794 0.003926523214
62.796 0.003926424115
62.798 0.003926478378
62.8 0.003926440527
62.802 0.003926436158
62.804 0.00392645104
62.806 0.003926397702
62.808 0.003926460839
62.81 0.003926364279
62.812 0.003926467948
62.814 0.003926333009
62.816 0.003926472989
62.818 0.003926305585
62.82 0.0039264733
62.822 0.003926280534
62.824 0.003926471214
62.826 0.003926260296
62.828 0.003926468217
62.83 0.00392624342
62.832 0.003926466797
62.834 0.003926229254
62.836 0.00392646276
62.838 0.003926214733
62.84 0.003926456699
62.842 0.003926200118
62.844 0.003926451078
62.846 0.00392618812
62.848 0.003926445315
62.85 0.003926174722
62.852 0.003926441603
62.854 0.003926161478
62.856 0.003926437506
62.858 0.003926146095
62.86 0.003926434858
62.862 0.003926131004
62.864 0.003926435776
62.866 0.003926115763
62.868 0.003926441466
62.87 0.003926098149
62.872 0.003926448619
62.874 0.003926079951
62.876 0.003926457694
62.878 0.003926060016
62.88 0.003926468723
62.882 0.003926040541
62.884 0.003926479593
62.886 0.003926022234
62.888 0.003926487752
62.89 0.003926001634
62.892 0.003926500483
62.894 0.003925980666
62.896 0.00392651722
62.898 0.003925960597
62.9 0.00392653258
62.902 0.003925939015
62.904 0.003926548533
62.906 0.003925917688
62.908 0.003926565003
62.91 0.003925900233
62.912 0.003926581213
62.914 0.003925881965
62.916 0.003926596574
62.918 0.003925861714
62.92 0.003926576668
62.922 0.003925845812
62.924 0.003926620676
62.926 0.003925830387
62.928 0.00392663766
62.93 0.003925813492
62.932 0.003926650547
62.934 0.003925800964
62.936 0.003926646028
62.938 0.003925807611
62.94 0.003926670392
62.942 0.003925784527
62.944 0.003926683344
62.946 0.003925773119
62.948 0.003926691396
62.95 0.003925763647
62.952 0.00392668163
62.954 0.003925759486
62.956 0.003926687404
62.958 0.003925754268
62.96 0.003926708896
62.962 0.003925750279
62.964 0.003926718823
62.966 0.003925763556
62.968 0.003926724927
62.97 0.003925749086
62.972 0.003926711991
62.974 0.003925742621
62.976 0.003926731926
62.978 0.003925759022
62.98 0.003926739063
62.982 0.003925742719
62.984 0.003926745171
62.986 0.003925738126
62.988 0.003926748297
62.99 0.003925769697
62.992 0.003926752011
62.994 0.00392573827
62.996 0.003926756882
62.998 0.003925731066
63 0.003926762181
63.002 0.003925744759
63.004 0.003926767129
63.006 0.003925746136
63.008 0.003926773712
63.01 0.003925726854
63.012 0.003926760596
63.014 0.003925721232
63.016 0.003926780876
63.018 0.003925719184
63.02 0.003926788957
63.022 0.003925747282
63.024 0.003926792339
63.026 0.00392571482
63.028 0.003926797669
63.03 0.00392570451
63.032 0.003926784178
63.034 0.003925699242
63.036 0.003926785874
63.038 0.003925693747
63.04 0.003926788802
63.042 0.003925688074
63.044 0.003926807722
63.046 0.003925684421
63.048 0.003926798786
63.05 0.00392569675
63.052 0.003926816275
63.054 0.003925677391
63.056 0.003926803606
63.058 0.00392567027
63.06 0.003926821303
63.062 0.003925663131
63.064 0.003926785918
63.066 0.003925660048
63.068 0.003926813099
63.07 0.003925654631
63.072 0.00392680031
63.074 0.003925649688
63.076 0.003926798558
63.078 0.003925643399
63.08 0.003926799957
63.082 0.003925638189
63.084 0.003926821926
63.086 0.003925644161
63.088 0.003926833172
63.09 0.003925616961
63.092 0.00392684055
63.094 0.003925623051
63.096 0.003926848296
63.098 0.003925597191
63.1 0.003926838545
63.102 0.00392558243
63.104 0.003926857508
63.106 0.003925589467
63.108 0.003926858681
63.11 0.003925566369
63.112 0.003926843108
63.114 0.003925555574
63.116 0.00392685687
63.118 0.003925548055
63.12 0.003926843282
63.122 0.003925542525
63.124 0.003926853061
63.126 0.003925551931
63.128 0.003926852049
63.13 0.003925532477
63.132 0.00392683441
63.134 0.003925523856
63.136 0.003926847704
63.138 0.003925528081
63.14 0.0039268479
63.142 0.003925501482
63.144 0.003926832881
63.146 0.003925484943
63.148 0.003926827675
63.15 0.003925491667
63.152 0.003926833386
63.154 0.003925482539
63.156 0.003926839201
63.158 0.00392545647
63.16 0.003926827697
63.162 0.003925439967
63.164 0.003926848034
63.166 0.00392544603
63.168 0.003926857429
63.17 0.003925420033
63.172 0.003926848435
63.174 0.003925405986
63.176 0.003926853007
63.178 0.003925395944
63.18 0.003926877871
63.182 0.003925403225
63.184 0.00392688425
63.186 0.003925401539
63.188 0.003926888454
63.19 0.00392538093
63.192 0.003926875421
63.194 0.00392537647
63.196 0.00392687286
63.198 0.003925375855
63.2 0.003926890373
63.202 0.003925393635
63.204 0.00392689201
63.206 0.003925400176
63.208 0.003926888131
63.21 0.003925386895
63.212 0.003926867201
63.214 0.003925389908
63.216 0.003926863181
63.218 0.003925392345
63.22 0.003926861281
63.222 0.00392539719
63.224 0.003926877364
63.226 0.003925418874
63.228 0.003926877916
63.23 0.003925425704
63.232 0.003926877604
63.234 0.003925430989
63.236 0.003926877856
63.238 0.003925436492
63.24 0.003926878057
63.242 0.003925423066
63.244 0.003926861736
63.246 0.003925426563
63.248 0.003926862783
63.25 0.003925431031
63.252 0.003926860243
63.254 0.003925438051
63.256 0.003926879008
63.258 0.003925433832
63.26 0.003926887177
63.262 0.003925443833
63.264 0.003926891238
63.266 0.003925457281
63.268 0.003926895343
63.27 0.003925473555
63.272 0.003926899709
63.274 0.003925493842
63.276 0.003926900788
63.278 0.003925429947
63.28 0.003926973683
63.282 0.003925460218
63.284 0.00392698021
63.286 0.003925491276
63.288 0.003926997762
63.29 0.003925543656
63.292 0.003926999292
63.294 0.003925579183
63.296 0.003926999663
63.298 0.003925610093
63.3 0.003927001752
63.302 0.003925640683
63.304 0.003927006746
63.306 0.003925669681
63.308 0.003927014252
63.31 0.003925681919
63.312 0.003927006372
63.314 0.003925704687
63.316 0.003927017397
63.318 0.003925733926
63.32 0.00392703215
63.322 0.003925760099
63.324 0.003926980906
63.326 0.003925743341
63.328 0.003927089415
63.33 0.003925817251
63.332 0.003927108552
63.334 0.003925857851
63.336 0.00392713026
63.338 0.003925890623
63.34 0.003927148612
63.342 0.003925917254
63.344 0.003927169735
63.346 0.00392592891
63.348 0.003927175311
63.35 0.003925956991
63.352 0.003927196117
63.354 0.003925985759
63.356 0.003927216945
63.358 0.003926016778
63.36 0.003927257292
63.362 0.003926066291
63.364 0.003927281352
63.366 0.003926100246
63.368 0.003927303872
63.37 0.003926132607
63.372 0.003927325461
63.374 0.003926149761
63.376 0.003927332984
63.378 0.003926183603
63.38 0.003927353648
63.382 0.00392621777
63.384 0.003927373447
63.386 0.003926250518
63.388 0.003927412997
63.39 0.003926303272
63.392 0.003927440326
63.394 0.003926341236
63.396 0.003927461048
63.398 0.003926356758
63.4 0.003927467529
63.402 0.003926389798
63.404 0.003927487346
63.406 0.00392642227
63.408 0.003927525286
63.41 0.00392647256
63.412 0.003927551285
63.414 0.003926510357
63.416 0.003927575943
63.418 0.003926525694
63.42 0.003927581857
63.422 0.003926554992
63.424 0.003927601702
63.426 0.003926585697
63.428 0.003927641572
63.43 0.003926634465
63.432 0.003927668262
63.434 0.003926666445
63.436 0.003927690693
63.438 0.003926678447
63.44 0.003927697099
63.442 0.003926704192
63.444 0.003927717848
63.446 0.003926732355
63.448 0.00392775911
63.45 0.003926776881
63.452 0.003927784958
63.454 0.003926806418
63.456 0.003927809773
63.458 0.003926815591
63.46 0.003927813413
63.462 0.00392683672
63.464 0.00392785195
63.466 0.003926879126
63.468 0.003927876742
63.47 0.003926904883
63.472 0.003927899262
63.474 0.003926910983
63.476 0.003927903162
63.478 0.003926930163
63.48 0.003927939759
63.482 0.003926968904
63.484 0.003927962323
63.486 0.003926990733
63.488 0.003927982327
63.49 0.003926993761
63.492 0.003927986123
63.494 0.003927010248
63.496 0.003928020773
63.498 0.003927045008
63.5 0.003928042781
63.502 0.003927047686
63.504 0.003928046973
63.506 0.003927064467
63.508 0.003928081326
63.51 0.00392709713
63.512 0.003928101299
63.514 0.003927115307
63.516 0.003928120604
63.518 0.003927112929
63.52 0.003928121484
63.522 0.003927125074
63.524 0.003928155816
63.526 0.003927156311
63.528 0.003928174529
63.53 0.003927152792
63.532 0.003928174528
63.534 0.00392716203
63.536 0.003928204891
63.538 0.003927190002
63.54 0.003928224346
63.542 0.003927187432
63.544 0.003928223503
63.546 0.003927193666
63.548 0.003928252684
63.55 0.003927222096
63.552 0.003928271807
63.554 0.003927216281
63.556 0.003928269211
63.558 0.003927221771
63.56 0.00392829801
63.562 0.003927229535
63.564 0.003928297044
63.566 0.003927236127
63.568 0.003928324901
63.57 0.003927260714
63.572 0.003928342098
63.574 0.003927253961
63.576 0.003928338928
63.578 0.003927257468
63.58 0.00392836691
63.582 0.003927280428
63.584 0.003928384419
63.586 0.003927272222
63.588 0.003928397273
63.59 0.003927447337
63.592 0.003928374772
63.594 0.003927474029
63.596 0.003928347052
63.598 0.003927493899
63.6 0.003928361753
63.602 0.003927507983
63.604 0.003928352338
63.606 0.003927517709
63.608 0.003928376404
63.61 0.003927540041
63.612 0.003928389849
63.614 0.003927528509
63.616 0.003928406807
63.618 0.003927547362
63.62 0.003928423655
63.622 0.003927530428
63.624 0.003928442316
63.626 0.003927545018
63.628 0.003928463979
63.63 0.003927527666
63.632 0.003928484831
63.634 0.003927537215
63.636 0.00392850721
63.638 0.003927518566
63.64 0.003928531406
63.642 0.003927527805
63.644 0.003928554472
63.646 0.003927511315
63.648 0.003928580167
63.65 0.003927524779
63.652 0.003928605194
63.654 0.003927509738
63.656 0.003928628343
63.658 0.003927524187
63.66 0.003928649182
63.662 0.003927511247
63.664 0.003928671845
63.666 0.003927516164
63.668 0.00392867778
63.67 0.003927523605
63.672 0.003928710339
63.674 0.003927533039
63.676 0.003928713633
63.678 0.003927547445
63.68 0.003928748273
63.682 0.00392756455
63.684 0.003928768161
63.686 0.003927599951
63.688 0.003928782983
63.69 0.003927610043
63.692 0.003928799879
63.694 0.003927631453
63.696 0.00392879589
63.698 0.003927655663
63.7 0.00392882371
63.702 0.003927682964
63.704 0.003928840995
63.706 0.003927713434
63.708 0.003928857245
63.71 0.003927762177
63.712 0.003928871023
63.714 0.003927780108
63.716 0.003928887819
63.718 0.003927813603
63.72 0.003928889651
63.722 0.003927848875
63.724 0.003928920744
63.726 0.003927882972
63.728 0.00392894309
63.73 0.003927922185
63.732 0.003928949831
63.734 0.003927961787
63.736 0.003928987303
63.738 0.003928000516
63.74 0.003929013084
63.742 0.003928037166
63.744 0.003929021608
63.746 0.003928077499
63.748 0.003929064216
63.75 0.003928116775
63.752 0.003929095225
63.754 0.003928157009
63.756 0.003929128697
63.758 0.003928210056
63.76 0.003929159376
63.762 0.003928237792
63.764 0.00392919544
63.766 0.003928276429
63.768 0.003929228841
63.77 0.003928315872
63.772 0.00392926487
63.774 0.003928374829
63.776 0.003929299708
63.778 0.00392840236
63.78 0.003929338149
63.782 0.003928441293
63.784 0.003929376073
63.786 0.003928481175
63.788 0.003929414816
63.79 0.003928523708
63.792 0.003929439344
63.794 0.00392856647
63.796 0.003929492624
63.798 0.003928606011
63.8 0.003929540647
63.802 0.003928646629
63.804 0.003929573593
63.806 0.003928684432
63.808 0.003929612319
63.81 0.003928719153
63.812 0.003929652227
63.814 0.003928765941
63.816 0.003929670062
63.818 0.003928805242
63.82 0.003929725063
63.822 0.003928830812
63.824 0.003929766621
63.826 0.003928872441
63.828 0.003929807188
63.83 0.003928903355
63.832 0.003929845207
63.834 0.003928941302
63.836 0.00392988857
63.838 0.003928973756
63.84 0.00392991856
63.842 0.003929003729
63.844 0.003929962381
63.846 0.003929033037
63.848 0.003929992739
63.85 0.003929052272
63.852 0.003930027338
63.854 0.003929081923
63.856 0.003930054327
63.858 0.003929106345
63.86 0.003930095558
63.862 0.003929122739
63.864 0.003930138231
63.866 0.003929139835
63.868 0.003930166329
63.87 0.003929146296
63.872 0.003930198426
63.874 0.003929157386
63.876 0.003930230389
63.878 0.003929166082
63.88 0.003930261934
63.882 0.003929179047
63.884 0.003930299185
63.886 0.003929183563
63.888 0.003930329878
63.89 0.003929185213
63.892 0.003930361291
63.894 0.003929184877
63.896 0.003930388188
63.898 0.00392918069
63.9 0.003930416096
63.902 0.003929177229
63.904 0.003930442798
63.906 0.003929168729
63.908 0.003930468149
63.91 0.00392916164
63.912 0.003930495318
63.914 0.003929150793
63.916 0.003930518505
63.918 0.003929140053
63.92 0.003930541668
63.922 0.003929127665
63.924 0.003930561065
63.926 0.003929113179
63.928 0.003930585921
63.93 0.003929095967
63.932 0.003930597359
63.934 0.003929075271
63.936 0.003930620533
63.938 0.003929054078
63.94 0.003930650009
63.942 0.003929042734
63.944 0.003930673612
63.946 0.003929033328
63.948 0.003930688202
63.95 0.003929030161
63.952 0.003930706371
63.954 0.003929027876
63.956 0.003930730406
63.958 0.003929025834
63.96 0.003930736533
63.962 0.003929021762
63.964 0.003930752691
63.966 0.003929029078
63.968 0.003930762804
63.97 0.003929021049
63.972 0.003930771902
63.974 0.003929027212
63.976 0.003930778168
63.978 0.003929016163
63.98 0.003930782675
63.982 0.003929020435
63.984 0.003930789837
63.986 0.003929012075
63.988 0.003930794784
63.99 0.003929004558
63.992 0.003930794678
63.994 0.003929000841
63.996 0.003930807287
63.998 0.003928991761
64 0.003930814898
64.002 0.003928984596
64.004 0.003930825135
64.006 0.003928977969
64.008 0.003930826443
64.01 0.003928969859
64.012 0.003930843277
64.014 0.003928960976
64.016 0.003930854273
64.018 0.003928952864
64.02 0.00393086549
64.022 0.003928945826
64.024 0.003930877489
64.026 0.003928946845
64.028 0.003930890791
64.03 0.003928935847
64.032 0.003930903343
64.034 0.003928932068
64.036 0.003930915942
64.038 0.003928949933
64.04 0.003930931042
64.042 0.003928975809
64.044 0.003930944471
64.046 0.003929005654
64.048 0.003930959104
64.05 0.003929038851
64.052 0.003930973923
64.054 0.003929076282
64.056 0.003930989582
64.058 0.003929114286
64.06 0.003931003688
64.062 0.003929155872
64.064 0.003931018515
64.066 0.003929198049
64.068 0.003931035514
64.07 0.003929245763
64.072 0.003931053407
64.074 0.003929292304
64.076 0.003931068188
64.078 0.003929340485
64.08 0.003931085508
64.082 0.003929391177
64.084 0.003931102908
64.086 0.003929441087
64.088 0.003931122949
64.09 0.003929495221
64.092 0.003931143902
64.094 0.003929546248
64.096 0.003931161083
64.098 0.00392959622
64.1 0.003931181477
64.102 0.003929647853
64.104 0.003931201814
64.106 0.003929698139
64.108 0.003931223696
64.11 0.00392974718
64.112 0.003931244913
64.114 0.003929782053
64.116 0.003931260979
64.118 0.00392982205
64.12 0.003931278993
64.122 0.003929861081
64.124 0.003931296326
64.126 0.003929897287
64.128 0.003931314148
64.13 0.003929932002
64.132 0.003931332647
64.134 0.003929963929
64.136 0.003931347136
64.138 0.003929992309
64.14 0.003931363435
64.142 0.00393002299
64.144 0.0039313813
64.146 0.003930048439
64.148 0.003931397401
64.15 0.003930074378
64.152 0.003931415829
64.154 0.003930096854
64.156 0.003931430734
64.158 0.003930118814
64.16 0.003931448176
64.162 0.003930139356
64.164 0.003931465445
64.166 0.003930157897
64.168 0.00393148313
64.17 0.003930175139
64.172 0.003931500419
64.174 0.003930189758
64.176 0.003931517388
64.178 0.003930203004
64.18 0.003931534801
64.182 0.003930215569
64.184 0.003931553335
64.186 0.003930226703
64.188 0.003931569674
64.19 0.003930235521
64.192 0.003931587682
64.194 0.003930245963
64.196 0.003931601261
64.198 0.003930251225
64.2 0.003931616393
64.202 0.003930256855
64.204 0.00393163424
64.206 0.003930262741
64.208 0.003931651007
64.21 0.003930266706
64.212 0.003931667574
64.214 0.003930269998
64.216 0.003931683498
64.218 0.003930272934
64.22 0.003931700711
64.222 0.003930275882
64.224 0.003931715167
64.226 0.003930278562
64.228 0.003931731141
64.23 0.003930280895
64.232 0.003931744879
64.234 0.003930285037
64.236 0.003931760708
64.238 0.00393028957
64.24 0.003931525098
64.242 0.003930349204
64.244 0.003931479059
64.246 0.003930389715
64.248 0.003931464458
64.25 0.003930415234
64.252 0.003931462065
64.254 0.003930434732
64.256 0.003931470197
64.258 0.00393044879
64.26 0.003931478445
64.262 0.003930457479
64.264 0.003931492274
64.266 0.003930464621
64.268 0.003931510649
64.27 0.003930470954
64.272 0.003931531083
64.274 0.003930474398
64.276 0.003931554853
64.278 0.003930476354
64.28 0.003931580669
64.282 0.003930479825
64.284 0.003931609783
64.286 0.003930482096
64.288 0.003931638845
64.29 0.003930483867
64.292 0.003931670636
64.294 0.003930486813
64.296 0.003931705736
64.298 0.003930493599
64.3 0.003931736867
64.302 0.003930500705
64.304 0.003931765502
64.306 0.003930508385
64.308 0.003931793666
64.31 0.003930521309
64.312 0.003931825849
64.314 0.003930538131
64.316 0.003931854277
64.318 0.003930554849
64.32 0.00393188121
64.322 0.003930577248
64.324 0.003931907266
64.326 0.003930601816
64.328 0.003931931692
64.33 0.003930630789
64.332 0.003931953085
64.334 0.003930661359
64.336 0.00393197453
64.338 0.003930697136
64.34 0.003931993414
64.342 0.003930732037
64.344 0.003932010366
64.346 0.003930770493
64.348 0.003932026745
64.35 0.003930812885
64.352 0.003932042431
64.354 0.003930856876
64.356 0.003932055812
64.358 0.003930903015
64.36 0.003932068343
64.362 0.00393095162
64.364 0.003932081896
64.366 0.003931000021
64.368 0.003932094683
64.37 0.003931046965
64.372 0.003932108166
64.374 0.003931094238
64.376 0.003932123959
64.378 0.003931136894
64.38 0.003932141169
64.382 0.003931179059
64.384 0.0039321643
64.386 0.003931217125
64.388 0.003932186501
64.39 0.003931252273
64.392 0.003932213137
64.394 0.003931285389
64.396 0.003932242255
64.398 0.00393131713
64.4 0.003932272321
64.402 0.003931342852
64.404 0.003932301553
64.406 0.003931366327
64.408 0.003932336619
64.41 0.003931389997
64.412 0.00393237073
64.414 0.003931410159
64.416 0.003932406672
64.418 0.003931430019
64.42 0.004143056685
64.422 0.003786656709
64.424 0.004077225673
64.426 0.003822133659
64.428 0.004034976749
64.43 0.00406414472
64.432 0.00385815883
64.434 0.00401884521
64.436 0.003871281727
64.438 0.003996140342
64.44 0.003886307223
64.442 0.003982497426
64.444 0.003894702479
64.446 0.003978907842
64.448 0.00390401405
64.45 0.003978107604
64.452 0.003909529482
64.454 0.003975422095
64.456 0.003912778583
64.458 0.003970970322
64.46 0.003915243969
64.462 0.003965268588
64.464 0.003917596083
64.466 0.003961490568
64.468 0.003920492809
64.47 0.003955453316
64.472 0.003924406514
64.474 0.003949383912
64.476 0.003929182437
64.478 0.003943798864
64.48 0.003934502738
64.482 0.003938907993
64.484 0.003940028547
64.486 0.00393478445
64.488 0.003945406062
64.49 0.003931421474
64.492 0.003950327716
64.494 0.003928763041
64.496 0.003954542332
64.498 0.003926735957
64.5 0.003957867103
64.502 0.003925284251
64.504 0.003960200408
64.506 0.003924363338
64.508 0.003961479788
64.51 0.003923935112
64.512 0.00416615262
64.514 0.003772238987
64.516 0.004098660986
64.518 0.003804937065
64.52 0.004052937538
64.522 0.004050625572
64.524 0.003876821743
64.526 0.004218032837
64.528 0.003741069604
64.53 0.004124846362
64.532 0.003784142226
64.534 0.004069085352
64.536 0.003823016616
64.538 0.004035514424
64.54 0.00385467036
64.542 0.004022860259
64.544 0.003882884055
64.546 0.004009401943
64.548 0.003903794249
64.55 0.003993864232
64.552 0.003920353559
64.554 0.003976461282
64.556 0.003934348809
64.558 0.003958371388
64.56 0.003946698064
64.562 0.003940722054
64.564 0.003958148901
64.566 0.003991913069
64.568 0.004326496358
64.57 0.004555247848
64.572 0.004692505939
64.574 0.004741920226
64.576 0.004716303767
64.578 0.004629524674
64.58 0.00449057304
64.582 0.004311716828
64.584 0.00408930052
64.586 0.003849702754
64.588 0.004045545215
64.59 0.003842660458
64.592 0.004029861622
64.594 0.003863750688
64.596 0.004013357404
64.598 0.003882148552
64.6 0.003996528048
64.602 0.004088523276
64.604 0.00381403936
64.606 0.004252462651
64.608 0.003691180178
64.61 0.004157853441
64.612 0.003738467484
64.614 0.004098178275
64.616 0.003781542794
64.618 0.004067225021
64.62 0.003820173972
64.622 0.004047261794
64.624 0.003848757606
64.626 0.004027716303
64.628 0.003872835426
64.63 0.004007372854
64.632 0.003894907531
64.634 0.003986216098
64.636 0.004096176492
64.638 0.003789688107
64.64 0.004262747563
64.642 0.003662234908
64.644 0.004174025584
64.646 0.003711818179
64.648 0.004118970779
64.65 0.003759270407
64.652 0.004097700209
64.654 0.003797976369
64.656 0.00407819769
64.658 0.003826148351
64.66 0.004057731372
64.662 0.003849936339
64.664 0.004035589583
64.666 0.003872237013
64.668 0.004012204308
64.67 0.003896984712
64.672 0.00398834322
64.674 0.004095417814
64.676 0.003787330877
64.678 0.004262237357
64.68 0.003661360767
64.682 0.004173166456
64.684 0.003708923011
64.686 0.004117580058
64.688 0.003759492558
64.69 0.00409697243
64.692 0.003797134989
64.694 0.004076817104
64.696 0.003825086128
64.698 0.004056155419
64.7 0.003849572831
64.702 0.00403407634
64.704 0.003873157956
64.706 0.004010881231
64.708 0.004071535382
64.71 0.003719301546
64.712 0.004453303377
64.714 0.003587736074
64.716 0.004295220127
64.718 0.00364448158
64.72 0.004193851782
64.722 0.003704003449
64.724 0.004146512659
64.726 0.003763562342
64.728 0.004114209557
64.73 0.003808630051
64.732 0.004082357021
64.734 0.003846154706
64.736 0.004048839892
64.738 0.00387980678
64.74 0.005653461034
64.742 0.001636599237
64.744 0.004970182247
64.746 0.002249032802
64.748 0.004508291581
64.75 0.003573193622
64.752 0.003891051614
64.754 0.004325577484
64.756 0.003612718789
64.758 0.004293994649
64.76 0.003608265305
64.762 0.004234848451
64.764 0.003652886186
64.766 0.004203258409
64.768 0.003705615788
64.77 0.004170168891
64.772 0.00375221246
64.774 0.004132996954
64.776 0.003795679476
64.778 0.004092589664
64.78 0.003999956096
64.782 0.003764237682
64.784 0.004393993649
64.786 0.003923703903
64.788 0.004676348885
64.79 0.003422780669
64.792 0.004451379568
64.794 0.003515955813
64.796 0.00431665494
64.798 0.003608948162
64.8 0.005418726484
64.802 0.001905592767
64.804 0.005203729121
64.806 0.00208864542
64.808 0.004995334295
64.81 0.002354074775
64.812 0.004370850468
64.814 0.003606404986
64.816 0.005691955814
64.818 0.001604039136
64.82 0.004854878931
64.822 0.002386129176
64.824 0.004393865084
64.826 0.003519502491
64.828 0.004096085662
64.83 0.003865483791
64.832 0.00397705891
64.834 0.003966967467
64.836 0.00573480997
64.838 0.001786175046
64.84 0.005319077475
64.842 0.002035077604
64.844 0.004919802159
64.846 0.002402312113
64.848 0.004303846063
64.85 0.00365187134
64.852 0.00394013877
64.854 0.004047092867
64.856 0.003791350644
64.858 0.004161656143
64.86 0.003916936275
64.862 0.003999770079
64.864 0.004073809175
64.866 0.003792326248
64.868 0.004417271563
64.87 0.003671355213
64.872 0.005485896844
64.874 0.001812347601
64.876 0.005108783945
64.878 0.002097669875
64.88 0.00503260792
64.882 0.00226978737
64.884 0.005293433559
64.886 0.002014758153
64.888 0.00501751824
64.89 0.00229176607
64.892 0.004429235291
64.894 0.003537075663
64.896 0.004067032977
64.898 0.003926413014
64.9 0.003912766885
64.902 0.004041060867
64.904 0.003862531467
64.906 0.004063457572
64.908 0.003856467974
64.91 0.00405555075
64.912 0.003866691422
64.914 0.004039546776
64.916 0.004050053621
64.918 0.003834756443
64.92 0.004004460098
64.922 0.003874977992
64.924 0.005655077801
64.926 0.001836178145
64.928 0.005159145642
64.93 0.002324597016
64.932 0.005413527962
64.934 0.002019445421
64.936 0.00506235324
64.938 0.002202113454
64.94 0.004480611388
64.942 0.003422930416
64.944 0.004130911443
64.946 0.003834155436
64.948 0.005702095931
64.95 0.001585748261
64.952 0.004904143404
64.954 0.002340223106
64.956 0.004447241477
64.958 0.003484238814
64.96 0.004123583742
64.962 0.003856044545
64.964 0.003968527966
64.966 0.003982429522
64.968 0.003902456196
64.97 0.004025366717
64.972 0.003876142064
64.974 0.004034484322
64.976 0.003867322099
64.978 0.004207685189
64.98 0.003683784532
64.982 0.004145857641
64.984 0.003733120986
64.986 0.004116696089
64.988 0.0037806515
64.99 0.004093434877
64.992 0.003998178978
64.994 0.003902198035
64.996 0.004168719217
64.998 0.003772450297
65 0.004077259219
65.002 0.003815925686
65.004 0.004020764361
65.006 0.003861749818
65.008 0.004002089574
65.01 0.003897798725
65.012 0.003986170415
65.014 0.003922850794
65.016 0.003970846466
65.018 0.003942219967
65.02 0.003954996365
65.022 0.004130728975
65.024 0.003755194045
65.026 0.00429143326
65.028 0.003631870903
65.03 0.004198708382
65.032 0.003688338684
65.034 0.004146377971
65.036 0.003746385788
65.038 0.004123521734
65.04 0.003788804216
65.042 0.004100642591
65.044 0.00381946053
65.046 0.004077120003
65.048 0.003844703967
65.05 0.004052620306
65.052 0.004036518334
65.054 0.003840710689
65.056 0.004203315013
65.058 0.003709683505
65.06 0.004118395859
65.062 0.003756949397
65.064 0.004076040881
65.066 0.00381055979
65.068 0.004060002914
65.07 0.003843159067
65.072 0.004044054351
65.074 0.003866411997
65.076 0.004027183674
65.078 0.003885555751
65.08 0.004008895913
65.082 0.003903553236
65.084 0.003989515801
65.086 0.003921670031
65.088 0.003969998736
65.09 0.00410974069
65.092 0.003767823241
65.094 0.004279718432
65.096 0.003645718024
65.098 0.004188377347
65.1 0.003694662025
65.102 0.004134737474
65.104 0.003753143054
65.106 0.004110894837
65.108 0.003791984574
65.11 0.004088380463
65.112 0.003821277556
65.114 0.004066161802
65.116 0.003846758302
65.118 0.004043335224
65.12 0.004046156706
65.122 0.00383732492
65.124 0.004214150277
65.126 0.003707465476
65.128 0.004127645586
65.13 0.003751294223
65.132 0.004082121304
65.134 0.003802856887
65.136 0.004066390096
65.138 0.003835886929
65.14 0.004051581418
65.142 0.00385671216
65.144 0.004036508873
65.146 0.003874874741
65.148 0.004019848531
65.15 0.003892076763
65.152 0.004001802718
65.154 0.004079805581
65.156 0.003799511333
65.158 0.004247004607
65.16 0.003675151086
65.162 0.004156819403
65.164 0.003724814321
65.166 0.004105976577
65.168 0.00378055762
65.17 0.004085222745
65.172 0.003818090943
65.174 0.00406573857
65.176 0.003847967471
65.178 0.004046208878
65.18 0.00387047584
65.182 0.004026287104
65.184 0.003890785794
65.186 0.00400600847
65.188 0.00408187928
65.19 0.003803036588
65.192 0.004245713986
65.194 0.003678230584
65.196 0.004368387887
65.198 0.003584970021
65.2 0.004243434039
65.202 0.003658942136
65.204 0.004163844525
65.206 0.003732377114
65.208 0.004126941861
65.21 0.003792214775
65.212 0.004091114894
65.214 0.004008218202
65.216 0.003863613048
65.218 0.004187448471
65.22 0.003715966167
65.222 0.004323664448
65.224 0.003604796436
65.226 0.004220059223
65.228 0.003669058081
65.23 0.00417628319
65.232 0.00373668022
65.234 0.00415749035
65.236 0.003781527121
65.238 0.004135390646
65.24 0.003812034525
65.242 0.004109419382
65.244 0.003836621809
65.246 0.004080138187
65.248 0.003859896559
65.25 0.004049329362
65.252 0.003887430759
65.254 0.004018610004
65.256 0.003913859397
65.258 0.003990286924
65.26 0.004097072864
65.262 0.003769202961
65.264 0.004273877835
65.266 0.003645494621
65.268 0.004406668627
65.27 0.003551545522
65.272 0.00428234672
65.274 0.003626198412
65.276 0.004206688691
65.278 0.003702500482
65.28 0.004165919329
65.282 0.003757920836
65.284 0.004126780079
65.286 0.003804156871
65.288 0.00408806857
65.29 0.0040066915
65.292 0.003767530782
65.294 0.00440441419
65.296 0.003855984039
65.298 0.004685325509
65.3 0.003425654657
65.302 0.004454918196
65.304 0.00351487968
65.306 0.004318476133
65.308 0.003611931926
65.31 0.004267191051
65.312 0.00370323613
65.314 0.005500783818
65.316 0.001858950124
65.318 0.005155286781
65.32 0.002146695102
65.322 0.005053010361
65.324 0.002294864304
65.326 0.005289274756
65.328 0.002043655271
65.33 0.005044168321
65.332 0.00224160248
65.334 0.004605926889
65.336 0.003271682679
65.338 0.005420461543
65.34 0.00200432172
65.342 0.004335750156
65.344 0.003901618364
65.346 0.003731543208
65.348 0.004225603225
65.35 0.003584495948
65.352 0.004291042012
65.354 0.003594081425
65.356 0.004295929704
65.358 0.003635606118
65.36 0.004260807184
65.362 0.003688400593
65.364 0.004212378292
65.366 0.003889281493
65.368 0.003856346761
65.37 0.004300307295
65.372 0.003761103558
65.374 0.004599873158
65.376 0.004392449768
65.378 0.004594848089
65.38 0.003460871052
65.382 0.004398578058
65.384 0.003549972271
65.386 0.005367294931
65.388 0.001958736351
65.39 0.005262917818
65.392 0.002056871785
65.394 0.004968952168
65.396 0.002409608061
65.398 0.004348954715
65.4 0.003655936661
65.402 0.003989476494
65.404 0.004026748133
65.406 0.003852529578
65.408 0.004115671886
65.41 0.003826305584
65.412 0.004112844296
65.414 0.003973280149
65.416 0.003886345735
65.418 0.004169291274
65.42 0.003728720691
65.422 0.004323556009
65.424 0.003618302777
65.426 0.005451726004
65.428 0.001867479013
65.43 0.00452438076
65.432 0.003497800427
65.434 0.005686733837
65.436 0.00159614799
65.438 0.004795069919
65.44 0.002484981322
65.442 0.004446858435
65.444 0.003366759165
65.446 0.004502699412
65.448 0.003579258215
65.45 0.005278062369
65.452 0.003507773215
65.454 0.004254888693
65.456 0.003718137958
65.458 0.003810461391
65.46 0.004121538381
65.462 0.003688939815
65.464 0.004255842178
65.466 0.003689833801
65.468 0.004273964583
65.47 0.003726899039
65.472 0.004245255899
65.474 0.003772812424
65.476 0.004195840827
65.478 0.003940384772
65.48 0.0038019289
65.482 0.004328027031
65.484 0.003644167078
65.486 0.004410442706
65.488 0.003539062497
65.49 0.004269617053
65.492 0.003634127057
65.494 0.00423256415
65.496 0.003721701061
65.498 0.005514007026
65.5 0.001825198685
65.502 0.005150810506
65.504 0.002130118258
65.506 0.005040958236
65.508 0.002295943404
65.51 0.004401428923
65.512 0.003577903163
65.514 0.005679289764
65.516 0.001743145009
65.518 0.005217108604
65.52 0.003008179047
65.522 0.004797797786
65.524 0.003369369754
65.526 0.004294921719
65.528 0.004313932326
65.53 0.003493323246
65.532 0.004443221104
65.534 0.003430918373
65.536 0.004425544868
65.538 0.003509783481
65.54 0.004391379093
65.542 0.003606297323
65.544 0.005416756702
65.546 0.001942302683
65.548 0.00504280167
65.55 0.002404075812
65.552 0.004283684585
65.554 0.003890426028
65.556 0.004231444142
65.558 0.004523913428
65.56 0.00344680454
65.562 0.004435636719
65.564 0.003480956741
65.566 0.004415245501
65.568 0.003577236025
65.57 0.004387687378
65.572 0.003647065237
65.574 0.005433268333
65.576 0.00197814519
65.578 0.005270156038
65.58 0.002069433637
65.582 0.004979153194
65.584 0.002382930288
65.586 0.00435572178
65.588 0.00363739512
65.59 0.004102556969
65.592 0.003676504589
65.594 0.005428188922
65.596 0.002766766025
65.598 0.005575694283
65.6 0.002540650097
65.602 0.004783505798
65.604 0.002492846901
65.606 0.00422053219
65.608 0.003738785757
65.61 0.003885809305
65.612 0.004122233495
65.614 0.003758089186
65.616 0.004226809838
65.618 0.00373498643
65.62 0.004233217658
65.622 0.003869121406
65.624 0.003885884776
65.626 0.004277692633
65.628 0.003655107284
65.63 0.004576822922
65.632 0.004135391328
65.634 0.004782647497
65.636 0.003363644218
65.638 0.005201713177
65.64 0.002156646622
65.642 0.005359846763
65.644 0.001927610914
65.646 0.004891471023
65.648 0.002467376123
65.65 0.004304731553
65.652 0.003716615849
65.654 0.004078782164
65.656 0.003720906728
65.658 0.00429375527
65.66 0.00374824164
65.662 0.005291924191
65.664 0.003666975636
65.666 0.004224117587
65.668 0.0037155046
65.67 0.003783723874
65.672 0.004207988127
65.674 0.003664093294
65.676 0.004354113828
65.678 0.003649085485
65.68 0.004370577768
65.682 0.003671783189
65.684 0.004334467986
65.686 0.003708733996
65.688 0.004276691816
65.69 0.003753768854
65.692 0.004212436351
65.694 0.003901525422
65.696 0.003804026471
65.698 0.004318525202
65.7 0.003613109764
65.702 0.004630340495
65.704 0.004211697654
65.706 0.004845658016
65.708 0.00329180536
65.71 0.005125292535
65.712 0.002362670229
65.714 0.004275665976
65.716 0.003711101895
65.718 0.00383529362
65.72 0.004194858144
65.722 0.003685804552
65.724 0.004312369266
65.726 0.003775073324
65.728 0.003947108346
65.73 0.004161406142
65.732 0.003694024269
65.734 0.004466916522
65.736 0.004260019985
65.738 0.005238353769
65.74 0.002156480281
65.742 0.004348016659
65.744 0.003635096673
65.746 0.00389653216
65.748 0.004158572132
65.75 0.003721915701
65.752 0.004312349194
65.754 0.003676265706
65.756 0.004332441385
65.758 0.003685039604
65.76 0.004301423202
65.762 0.003718562594
65.764 0.004251794484
65.766 0.003863875156
65.768 0.003856022645
65.77 0.004278216367
65.772 0.003624915545
65.774 0.004588650688
65.776 0.004119125486
65.778 0.004582945849
65.78 0.003479782801
65.782 0.00529578906
65.784 0.001958571441
65.786 0.005293137694
65.788 0.002002783736
65.79 0.004944558246
65.792 0.002397614061
65.794 0.00433386005
65.796 0.003666401461
65.798 0.004090246832
65.8 0.003702381957
65.802 0.00431623559
65.804 0.003673125423
65.806 0.005295599546
65.808 0.003581660422
65.81 0.004455996495
65.812 0.00424188715
65.814 0.003532552795
65.816 0.004405865376
65.818 0.003434012716
65.82 0.004484013034
65.822 0.003507939449
65.824 0.004472179302
65.826 0.003600750182
65.828 0.005407087134
65.83 0.00204387988
65.832 0.005315059703
65.834 0.002178039251
65.836 0.005288370153
65.838 0.003046638244
65.84 0.004807154233
65.842 0.003423778361
65.844 0.004402107827
65.846 0.004213009375
65.848 0.003539436103
65.85 0.004350515928
65.852 0.003499293004
65.854 0.004421169931
65.856 0.003566430832
65.858 0.005366813305
65.86 0.002045514896
65.862 0.00534242065
65.864 0.002016356684
65.866 0.004939213113
65.868 0.002447100704
65.87 0.004326568797
65.872 0.003475764625
65.874 0.004270901179
65.876 0.003599245932
65.878 0.00533400364
65.88 0.003087741919
65.882 0.004208945983
65.884 0.004081373089
65.886 0.003586783638
65.888 0.004356726714
65.89 0.003486092485
65.892 0.004439467063
65.894 0.003514657009
65.896 0.004435452599
65.898 0.003573199254
65.9 0.004390591252
65.902 0.00364082174
65.904 0.005439339985
65.906 0.001922753759
65.908 0.005040822062
65.91 0.002384104745
65.912 0.005464072573
65.914 0.003217237425
65.916 0.00473596069
65.918 0.003490061776
65.92 0.004384396801
65.922 0.004278507593
65.924 0.003507193075
65.926 0.004396774797
65.928 0.003484199705
65.93 0.005302274188
65.932 0.002055762974
65.934 0.005383494211
65.936 0.001959126788
65.938 0.004903508726
65.94 0.002494436884
65.942 0.004392588932
65.944 0.003351530893
65.946 0.004394433603
65.948 0.003593243194
65.95 0.005274129381
65.952 0.00347781768
65.954 0.004401279568
65.956 0.004153873808
65.958 0.003542428447
65.96 0.004376345159
65.962 0.003456707967
65.964 0.004488995334
65.966 0.003513109911
65.968 0.004483577031
65.97 0.00358772762
65.972 0.00538864506
65.974 0.002047888321
65.976 0.005340232758
65.978 0.002125191343
65.98 0.005241967898
65.982 0.002803622745
65.984 0.004837599625
65.986 0.00300602709
65.988 0.004082667361
65.99 0.00415417094
65.992 0.003566998324
65.994 0.004319509648
65.996 0.003538137248
65.998 0.004390577464
66 0.00359169959
66.002 0.004378841815
66.004 0.003654072492
66.006 0.005451691956
66.008 0.001983994632
66.01 0.005265560201
66.012 0.002179431461
66.014 0.005291362689
66.016 0.002702344198
66.018 0.004824857647
66.02 0.002810516436
66.022 0.004035782151
66.024 0.004187791157
66.026 0.004292147112
66.028 0.004542021864
66.03 0.003408111331
66.032 0.004491002185
66.034 0.003499249814
66.036 0.005315816494
66.038 0.002048752844
66.04 0.005373999815
66.042 0.001988968049
66.044 0.004932912014
66.046 0.002463165384
66.048 0.004420805301
66.05 0.003330928595
66.052 0.004412336559
66.054 0.003578919009
66.056 0.005270854183
66.058 0.003466270207
66.06 0.004373039923
66.062 0.004127182516
66.064 0.003548088842
66.066 0.004371823582
66.068 0.003472644062
66.07 0.00446366822
66.072 0.003529216482
66.074 0.004447815304
66.076 0.003708276775
66.078 0.005707707046
66.08 0.002514672331
66.082 0.004715759718
66.084 0.002729725082
66.086 0.004043209716
66.088 0.004101373956
66.09 0.004260532671
66.092 0.004443805623
66.094 0.003487974471
66.096 0.004451095895
66.098 0.003588820598
66.1 0.005395260664
66.102 0.002078671504
66.104 0.005369497227
66.106 0.002059330195
66.108 0.004969689517
66.11 0.002489203077
66.112 0.004341622156
66.114 0.003728707992
66.116 0.003981794804
66.118 0.004095459194
66.12 0.003953155878
66.122 0.003811446352
66.124 0.004275051625
66.126 0.003641943593
66.128 0.005309207513
66.13 0.003346310065
66.132 0.004225590998
66.134 0.004207469759
66.136 0.003536790546
66.138 0.004441448836
66.14 0.003464874967
66.142 0.004484971483
66.144 0.003624565949
66.146 0.004118417056
66.148 0.004042002061
66.15 0.003822099022
66.152 0.004363100465
66.154 0.003761008301
66.156 0.004605842959
66.158 0.004229066811
66.16 0.004791332362
66.162 0.003293854575
66.164 0.005156493337
66.166 0.002359967244
66.168 0.005497138253
66.17 0.002108624805
66.172 0.00489208661
66.174 0.0026492179
66.176 0.004296381219
66.178 0.003860386102
66.18 0.003946861837
66.182 0.004202463632
66.184 0.003898800999
66.186 0.003849492314
66.188 0.004185516933
66.19 0.003638755599
66.192 0.00447400179
66.194 0.003949739051
66.196 0.005132044181
66.198 0.003820945698
66.2 0.004077191105
66.202 0.003839693366
66.204 0.003701571341
66.206 0.004302331602
66.208 0.003600987399
66.21 0.00441005044
66.212 0.003613871179
66.214 0.004181864589
66.216 0.003939018954
66.218 0.003857444239
66.22 0.004296342959
66.222 0.003601125527
66.224 0.004570438937
66.226 0.004007481281
66.228 0.004774503332
66.23 0.003303391437
66.232 0.005170626753
66.234 0.002123645742
66.236 0.004327112621
66.238 0.003744837032
66.24 0.00387343217
66.242 0.004240960028
66.244 0.003707279858
66.246 0.004367497869
66.248 0.003769437456
66.25 0.003966566187
66.252 0.004109357115
66.254 0.00373103021
66.256 0.00441464417
66.258 0.003786646467
66.26 0.005204007231
66.262 0.003576697671
66.264 0.004297757933
66.266 0.003986030336
66.268 0.003613734949
66.27 0.004370935381
66.272 0.003546235579
66.274 0.004463109797
66.276 0.003583952303
66.278 0.004222319268
66.28 0.003922160419
66.282 0.003873221513
66.284 0.004271493226
66.286 0.003603909181
66.288 0.004541950194
66.29 0.004054347758
66.292 0.004747574685
66.294 0.003311972289
66.296 0.005183859658
66.298 0.002147770552
66.3 0.004344695869
66.302 0.003766257753
66.304 0.003890763394
66.306 0.004261334135
66.308 0.003719494222
66.31 0.004384170027
66.312 0.003682788232
66.314 0.004376427326
66.316 0.003800244227
66.318 0.003925598166
66.32 0.004161072644
66.322 0.003686434211
66.324 0.004483959636
66.326 0.003801467229
66.328 0.004718552549
66.33 0.004260714071
66.332 0.005009824886
66.334 0.003075483532
66.336 0.004146118054
66.338 0.003840313243
66.34 0.003761610711
66.342 0.004085736108
66.344 0.00394216369
66.346 0.003914755487
66.348 0.00421990723
66.35 0.003687241474
66.352 0.00446389669
66.354 0.003967822809
66.356 0.004663682099
66.358 0.004414093024
66.36 0.005107280032
66.362 0.002533716014
66.364 0.004294424335
66.366 0.003805379557
66.368 0.003884902927
66.37 0.004302428596
66.372 0.003736691365
66.374 0.004421877108
66.376 0.003705842237
66.378 0.004404571821
66.38 0.003810589878
66.382 0.003917627568
66.384 0.004148543349
66.386 0.003657554301
66.388 0.004462886534
66.39 0.003748186216
66.392 0.004699214186
66.394 0.004189544998
66.396 0.005066844231
66.398 0.002287976827
66.4 0.004263696798
66.402 0.00375769367
66.404 0.003844256549
66.406 0.004238117622
66.408 0.003799573638
66.41 0.003968451153
66.412 0.004097060773
66.414 0.003758958077
66.416 0.004382378755
66.418 0.003658609931
66.42 0.004605538397
66.422 0.004080056866
66.424 0.005069619546
66.426 0.003946079372
66.428 0.004023602762
66.43 0.00389839459
66.432 0.003678269626
66.434 0.004362555763
66.436 0.003605960194
66.438 0.004463848836
66.44 0.00372144235
66.442 0.004007534862
66.444 0.004081499101
66.446 0.003726164646
66.448 0.004392487743
66.45 0.003767559327
66.452 0.004635123311
66.454 0.004221608556
66.456 0.004819553487
66.458 0.003236652244
66.46 0.00513317932
66.462 0.002440759096
66.464 0.004309158498
66.466 0.003811368838
66.468 0.00387146058
66.47 0.004286487192
66.472 0.003716837145
66.474 0.004174168924
66.476 0.00393459078
66.478 0.003850595891
66.48 0.004254553851
66.482 0.003617014543
66.484 0.004523029861
66.486 0.003840053591
66.488 0.005103138066
66.49 0.003673687537
66.492 0.004293855595
66.494 0.004276791148
66.496 0.00336348258
66.498 0.004555002379
66.5 0.003360456437
66.502 0.004619036609
66.504 0.003542298347
66.506 0.00554663584
66.508 0.002452452292
66.51 0.004849546102
66.512 0.002583302625
66.514 0.004146301821
66.516 0.00398139663
66.518 0.004050406419
66.52 0.004556280863
66.522 0.003379362226
66.524 0.00450873636
66.526 0.003518502218
66.528 0.004494194497
66.53 0.00363127579
66.532 0.005450049529
66.534 0.002595742759
66.536 0.004518536134
66.538 0.003669944801
66.54 0.004103948871
66.542 0.003740928914
66.544 0.004189397648
66.546 0.003665821958
66.548 0.005378736661
66.55 0.002580628938
66.552 0.004231840956
66.554 0.004042133407
66.556 0.003883346187
66.558 0.004741463273
66.56 0.003255833305
66.562 0.004645410192
66.564 0.003374912891
66.566 0.005226444429
66.568 0.002337021376
66.57 0.005292885528
66.572 0.002175610257
66.574 0.005279174138
66.576 0.002837769321
66.578 0.004873357181
66.58 0.002842077676
66.582 0.004054955492
66.584 0.004125538598
66.586 0.004234431382
66.588 0.004703818611
66.59 0.003261110294
66.592 0.004615225797
66.594 0.003418502655
66.596 0.005281697406
66.598 0.002518506659
66.6 0.004483241873
66.602 0.003346036405
66.604 0.005436697021
66.606 0.001997024977
66.608 0.005376609667
66.61 0.003157355788
66.612 0.004713338327
66.614 0.003227565754
66.616 0.004007075002
66.618 0.004260103699
66.62 0.004293044831
66.622 0.004625709401
66.624 0.003341321332
66.626 0.005189106386
66.628 0.002395821898
66.63 0.005584544427
66.632 0.001984132202
66.634 0.00508896322
66.636 0.002556643616
66.638 0.004759752792
66.64 0.003289430523
66.642 0.00514378356
66.644 0.00303654129
66.646 0.004124234267
66.648 0.004040784847
66.65 0.004205377904
66.652 0.00451421877
66.654 0.003421641235
66.656 0.00457554115
66.658 0.003518654904
66.66 0.005343509442
66.662 0.002633544303
66.664 0.005459246762
66.666 0.002093505104
66.668 0.005198575489
66.67 0.00250366606
66.672 0.004892044683
66.674 0.002592566295
66.676 0.004079096703
66.678 0.004105319834
66.68 0.00376084683
66.682 0.0047086665
66.684 0.004110039315
66.686 0.004994512289
66.688 0.003114706562
66.69 0.005001303953
66.692 0.00284592938
66.694 0.004182128567
66.696 0.003712369833
66.698 0.004010650009
66.7 0.003862527964
66.702 0.004150016592
66.704 0.003752114155
66.706 0.004350633418
66.708 0.003700701748
66.71 0.00526947808
66.712 0.003418662659
66.714 0.004157823528
66.716 0.004114360568
66.718 0.004414107283
66.72 0.004610458148
66.722 0.003341507345
66.724 0.004681416773
66.726 0.003543520899
66.728 0.005543333198
66.73 0.002293696409
66.732 0.004868826957
66.734 0.00256553726
66.736 0.004162198282
66.738 0.003955643521
66.74 0.003655670652
66.742 0.004528121953
66.744 0.003977630991
66.746 0.004821336264
66.748 0.003209981107
66.75 0.005121355902
66.752 0.002627078689
66.754 0.004294765585
66.756 0.003910395455
66.758 0.003855161263
66.76 0.004371971543
66.762 0.003781886995
66.764 0.004040401257
66.766 0.004013452084
66.768 0.003774774915
66.77 0.00430309418
66.772 0.003575285675
66.774 0.005259317786
66.776 0.002994451657
66.778 0.004097259313
66.78 0.004147991939
66.782 0.004028559037
66.784 0.004832862256
66.786 0.003179390786
66.788 0.004753637147
66.79 0.003423227177
66.792 0.005452922819
66.794 0.002318239446
66.796 0.004945180656
66.798 0.002516258376
66.8 0.004212245176
66.802 0.003929140333
66.804 0.003654483912
66.806 0.004516145166
66.808 0.003984287865
66.81 0.004820305991
66.812 0.004358334051
66.814 0.00480119021
66.816 0.003332419195
66.818 0.004005301093
66.82 0.004112491081
66.822 0.003653025853
66.824 0.004549366966
66.826 0.003646289189
66.828 0.004180702778
66.83 0.003912337662
66.832 0.003859626498
66.834 0.004217346696
66.836 0.003614798923
66.838 0.00447598114
66.84 0.003712037548
66.842 0.00468607651
66.844 0.004093759654
66.846 0.004937498736
66.848 0.004004897604
66.85 0.003949170021
66.852 0.004039140778
66.854 0.003621851799
66.856 0.004480650516
66.858 0.003649159479
66.86 0.004134717171
66.862 0.003938919168
66.864 0.003848182093
66.866 0.004253948753
66.868 0.003604220329
66.87 0.004513248705
66.872 0.003550008983
66.874 0.004721523578
66.876 0.00391491359
66.878 0.004889679253
66.88 0.00429230576
66.882 0.004791335778
66.884 0.004220304778
66.886 0.003833639606
66.888 0.004147818456
66.89 0.003633978367
66.892 0.004141230631
66.894 0.003869791694
66.896 0.003945740564
66.898 0.004147669882
66.9 0.00370329035
66.902 0.004400727222
66.904 0.003617895734
66.906 0.004617403791
66.908 0.003997826702
66.91 0.004801385014
66.912 0.004389895404
66.914 0.004844409584
66.916 0.00337647127
66.918 0.004069698968
66.92 0.004072062144
66.922 0.003707316896
66.924 0.004508113103
66.926 0.003694887389
66.928 0.004143618496
66.93 0.003960129654
66.932 0.00381931774
66.934 0.004251111409
66.936 0.003581915736
66.938 0.004513509154
66.94 0.003491351537
66.942 0.004727164139
66.944 0.003842988741
66.946 0.004907981286
66.948 0.003746237128
66.95 0.004160189513
66.952 0.004399555393
66.954 0.003521619293
66.956 0.004720068162
66.958 0.003394791689
66.96 0.005395058016
66.962 0.002454200404
66.964 0.005030556202
66.966 0.002403059565
66.968 0.004299125847
66.97 0.003826005186
66.972 0.003732128941
66.974 0.004431780655
66.976 0.003860110458
66.978 0.004753135035
66.98 0.004233693603
66.982 0.004945883989
66.984 0.004564451338
66.986 0.004870276061
66.988 0.00349797988
66.99 0.004210571062
66.992 0.003606329249
66.994 0.00409825192
66.996 0.003770121986
66.998 0.004206998343
67 0.003670808732
67.002 0.004383960775
67.004 0.00350088656
67.006 0.004566485557
67.008 0.00365333083
67.01 0.005040051905
67.012 0.003477922749
67.014 0.003974990407
67.016 0.004254573438
67.018 0.003396250491
67.02 0.004655613464
67.022 0.003388519326
67.024 0.004504525361
67.026 0.003718113215
67.028 0.00566424632
67.03 0.002386169714
67.032 0.004769211818
67.034 0.002628783346
67.036 0.004079546353
67.038 0.004010199541
67.04 0.003556955617
67.042 0.004581760429
67.044 0.003851147954
67.046 0.00486438137
67.048 0.004162446085
67.05 0.004932527175
67.052 0.003465540414
67.054 0.004253737573
67.056 0.003562335918
67.058 0.004119553258
67.06 0.003751991636
67.062 0.004222269413
67.064 0.003661788656
67.066 0.004397330301
67.068 0.003499649558
67.07 0.005211965662
67.072 0.00286732434
67.074 0.004036586106
67.076 0.004135053296
67.078 0.00381546404
67.08 0.004818088886
67.082 0.004045694408
67.084 0.004962109016
67.086 0.003277577017
67.088 0.005313100292
67.09 0.002363933483
67.092 0.004721488059
67.094 0.00318740165
67.096 0.005300938758
67.098 0.002332168261
67.1 0.004282461242
67.102 0.003865781682
67.104 0.003665553101
67.106 0.004559334252
67.108 0.003967770562
67.11 0.004882162564
67.112 0.00426691176
67.114 0.004894005259
67.116 0.003504117224
67.118 0.004210795625
67.12 0.003639111361
67.122 0.004067982132
67.124 0.003790495138
67.126 0.004165574167
67.128 0.003694424865
67.13 0.004342503537
67.132 0.003528582197
67.134 0.005236612159
67.136 0.002784610469
67.138 0.004063814855
67.14 0.004093372467
67.142 0.003729923487
67.144 0.004783479233
67.146 0.003956988238
67.148 0.004886136636
67.15 0.002676050197
67.152 0.004322472883
67.154 0.003536862809
67.156 0.004154071022
67.158 0.003747262376
67.16 0.005543779464
67.162 0.002195676169
67.164 0.005395663141
67.166 0.003181157992
67.168 0.00464598666
67.17 0.003247397682
67.172 0.003824786581
67.174 0.004301780264
67.176 0.004041187797
67.178 0.004737033561
67.18 0.003444088766
67.182 0.005451165043
67.184 0.002282506002
67.186 0.004788711039
67.188 0.003124356428
67.19 0.005252860742
67.192 0.002143140109
67.194 0.004255603083
67.196 0.00387297954
67.198 0.003586081703
67.2 0.004554787637
67.202 0.003523041968
67.204 0.004870054361
67.206 0.003800228875
67.208 0.004734963296
67.21 0.003668151677
67.212 0.003928394344
67.214 0.003838982509
67.216 0.003887135524
67.218 0.003962708177
67.22 0.004040655435
67.222 0.003807740965
67.224 0.004254606336
67.226 0.003601339798
67.228 0.004466076603
67.23 0.003554203802
67.232 0.005116369503
67.234 0.003313005186
67.236 0.003947885299
67.238 0.004192427337
67.24 0.004026168091
67.242 0.004773148262
67.244 0.003401177108
67.246 0.004390703417
67.248 0.00376374363
67.25 0.00573902539
67.252 0.002255505052
67.254 0.004735858544
67.256 0.002650360513
67.258 0.004049894395
67.26 0.004023044583
67.262 0.003522999919
67.264 0.004582784151
67.266 0.003559771358
67.268 0.004861103211
67.27 0.003870199167
67.272 0.004753116824
67.274 0.003772732248
67.276 0.003945602003
67.278 0.003827375394
67.28 0.003897802647
67.282 0.003952144226
67.284 0.004050686628
67.286 0.003797156818
67.288 0.004264975067
67.29 0.003589704379
67.292 0.004481446105
67.294 0.003392555801
67.296 0.00466811126
67.298 0.003730242809
67.3 0.004949403619
67.302 0.003626528679
67.304 0.003960055353
67.306 0.004309903052
67.308 0.003460225516
67.31 0.004313067779
67.312 0.003732132589
67.314 0.004068939178
67.316 0.004032012595
67.318 0.003790210665
67.32 0.004305138186
67.322 0.003541137591
67.324 0.004540144013
67.326 0.003324198292
67.328 0.004734354324
67.33 0.003604860823
67.332 0.004892302922
67.334 0.003958986875
67.336 0.004763045439
67.338 0.003895002611
67.34 0.003860625988
67.342 0.004014012493
67.344 0.003815582093
67.346 0.004075513511
67.348 0.003977625482
67.35 0.003884787409
67.352 0.004206688775
67.354 0.003649353083
67.356 0.004431436612
67.358 0.003429402664
67.36 0.004636755344
67.362 0.003614754969
67.364 0.004807019625
67.366 0.003987858564
67.368 0.004846870074
67.37 0.003914761512
67.372 0.003927456798
67.374 0.003940504737
67.376 0.003873401585
67.378 0.004015326055
67.38 0.004027279448
67.382 0.00383680687
67.384 0.004243863098
67.386 0.003610904999
67.388 0.004469264422
67.39 0.003407510597
67.392 0.004666814482
67.394 0.003575206889
67.396 0.004961139968
67.398 0.003470956782
67.4 0.003907393686
67.402 0.004329776919
67.404 0.004098767582
67.406 0.004872875083
67.408 0.003320935719
67.41 0.004476927046
67.412 0.003703543188
67.414 0.005691244034
67.416 0.002355049248
67.418 0.004792289952
67.42 0.002624227308
67.422 0.004087931148
67.424 0.004013322711
67.426 0.003625365887
67.428 0.004584536808
67.43 0.003997123821
67.432 0.004869798636
67.434 0.004348001336
67.436 0.004775996138
67.438 0.003638221155
67.44 0.004047303691
67.442 0.003941008661
67.444 0.003934694736
67.446 0.004002107581
67.448 0.004053805989
67.45 0.003821336243
67.452 0.004256818124
67.454 0.003603434675
67.456 0.004490659096
67.458 0.003402554503
67.46 0.004688883495
67.462 0.003779257185
67.464 0.004963347824
67.466 0.003721991229
67.468 0.004104808469
67.47 0.004345823968
67.472 0.003615730668
67.474 0.004738258589
67.476 0.003461703702
67.478 0.005478604173
67.48 0.002342609812
67.482 0.005031601484
67.484 0.002403057821
67.486 0.004286297554
67.488 0.003834867685
67.49 0.003724206323
67.492 0.004441087852
67.494 0.003651121398
67.496 0.00475927616
67.498 0.00404903465
67.5 0.004952400287
67.502 0.004406167836
67.504 0.004917326613
67.506 0.003488765985
67.508 0.00426035875
67.51 0.003625163547
67.512 0.004114296144
67.514 0.003784420077
67.516 0.004205918598
67.518 0.003679484595
67.52 0.004391997117
67.522 0.003513184571
67.524 0.004581147104
67.526 0.003599021031
67.528 0.005080433565
67.53 0.003472097264
67.532 0.003968249222
67.534 0.004257974997
67.536 0.003414901269
67.538 0.004660656896
67.54 0.003448421306
67.542 0.005407082032
67.544 0.002194730098
67.546 0.005115885627
67.548 0.002361085635
67.55 0.005466595183
67.552 0.002734090904
67.554 0.004790663963
67.556 0.002766901857
67.558 0.003988058931
67.56 0.004163166759
67.562 0.003955949534
67.564 0.004731676857
67.566 0.003438632014
67.568 0.005218047508
67.57 0.003106179357
67.572 0.004439862149
67.574 0.003503443277
67.576 0.004223132834
67.578 0.003698728831
67.58 0.004284581492
67.582 0.0036368612
67.584 0.00539735695
67.586 0.002502159576
67.588 0.004219166551
67.59 0.004008639399
67.592 0.003692877463
67.594 0.004714230345
67.596 0.004004497534
67.598 0.004867773898
67.6 0.003291634817
67.602 0.005196284755
67.604 0.002723869042
67.606 0.004439593359
67.608 0.003502228173
67.61 0.00423046148
67.612 0.003685099402
67.614 0.005523549876
67.616 0.002381474873
67.618 0.005497772382
67.62 0.003472872616
67.622 0.004645505539
67.624 0.003663864032
67.626 0.004202519657
67.628 0.004372902441
67.63 0.003403252701
67.632 0.00529656489
67.634 0.002912256265
67.636 0.005455584934
67.638 0.002100020618
67.64 0.005218946171
67.642 0.00240639478
67.644 0.004999352838
67.646 0.002526367733
67.648 0.00570872146
67.65 0.003257884032
67.652 0.004591509618
67.654 0.003499548639
67.656 0.004062087279
67.658 0.004363731837
67.66 0.003415911234
67.662 0.004612302193
67.664 0.003500464819
67.666 0.005384884367
67.668 0.002723605477
67.67 0.004546932939
67.672 0.003432106614
67.674 0.004298879599
67.676 0.003644016111
67.678 0.005496202818
67.68 0.002357622409
67.682 0.005532298926
67.684 0.003434385036
67.686 0.004647577865
67.688 0.003619799842
67.69 0.004147585791
67.692 0.004206433708
67.694 0.003608645761
67.696 0.004513591799
67.698 0.003711143628
67.7 0.005704901117
67.702 0.002103252167
67.704 0.004858704992
67.706 0.002611067573
67.708 0.004170475427
67.71 0.004004962217
67.712 0.003640090478
67.714 0.004573980578
67.716 0.003845788
67.718 0.004856756491
67.72 0.003247705828
67.722 0.005201767368
67.724 0.00244236271
67.726 0.004366581358
67.728 0.003904981109
67.73 0.003930657126
67.732 0.00436772886
67.734 0.003867460888
67.736 0.004053828816
67.738 0.004087741447
67.74 0.003789409994
67.742 0.004361138216
67.744 0.003589836876
67.746 0.005322257502
67.748 0.003169525186
67.75 0.004130557672
67.752 0.0041706866
67.754 0.004233349642
67.756 0.004651020572
67.758 0.003376729733
67.76 0.004695437882
67.762 0.003578456808
67.764 0.004222244767
67.766 0.003965620253
67.768 0.005970681176
67.77 0.002651119641
67.772 0.004662005342
67.774 0.00285595759
67.776 0.003990052744
67.778 0.004199062008
67.78 0.00418032232
67.782 0.004735438591
67.784 0.003307052017
67.786 0.00523714116
67.788 0.002449301736
67.79 0.00437249984
67.792 0.003927759355
67.794 0.003926486588
67.796 0.004397999402
67.798 0.003856390466
67.8 0.004076706414
67.802 0.004073735486
67.804 0.003813200784
67.806 0.004344760967
67.808 0.003608512031
67.81 0.004578645407
67.812 0.003866730399
67.814 0.005176144197
67.816 0.003771694499
67.818 0.004118267459
67.82 0.003926869569
67.822 0.003774893204
67.824 0.004393174777
67.826 0.003692813494
67.828 0.004278282831
67.83 0.003947862316
67.832 0.003935077684
67.834 0.00425563048
67.836 0.003685589421
67.838 0.004519439544
67.84 0.003598809551
67.842 0.004734058486
67.844 0.00405110147
67.846 0.00504278025
67.848 0.004007798158
67.85 0.003989095641
67.852 0.004046293022
67.854 0.00366934484
67.856 0.004508652279
67.858 0.003608804215
67.86 0.004593288339
67.862 0.003733287229
67.864 0.004135156874
67.866 0.004057977267
67.868 0.003826797387
67.87 0.004367272362
67.872 0.003589239024
67.874 0.004617926693
67.876 0.004018249591
67.878 0.004810974725
67.88 0.003325549711
67.882 0.005287307562
67.884 0.002464421689
67.886 0.004430309954
67.888 0.003810941627
67.89 0.003979666219
67.892 0.004299243353
67.894 0.003817878754
67.896 0.004415873842
67.898 0.003878492303
67.9 0.004005198935
67.902 0.004171429159
67.904 0.003756320969
67.906 0.004474331151
67.908 0.003554605386
67.91 0.004705105413
67.912 0.003999992126
67.914 0.005124602863
67.916 0.003962519677
67.918 0.004046692145
67.92 0.003978934387
67.922 0.003696282621
67.924 0.004434851925
67.926 0.00370928464
67.928 0.004132413764
67.93 0.004039271741
67.932 0.003888018781
67.934 0.00432904726
67.936 0.003658191113
67.938 0.004563652348
67.94 0.00407316671
67.942 0.004758085626
67.944 0.003401437889
67.946 0.005336129423
67.948 0.002276815516
67.95 0.005532851941
67.952 0.00227597778
67.954 0.005064462082
67.956 0.002609680196
67.958 0.004446158189
67.96 0.003844523623
67.962 0.004084519668
67.964 0.00420439785
67.966 0.004029015756
67.968 0.003878743376
67.97 0.004278276477
67.972 0.003677160348
67.974 0.004554494425
67.976 0.003713164562
67.978 0.005252372085
67.98 0.003622123877
67.982 0.004276959655
67.984 0.00409430407
67.986 0.003628685999
67.988 0.00448275627
67.99 0.003560938281
67.992 0.004557040684
67.994 0.003613035253
67.996 0.004314304237
67.998 0.003939615644
68 0.003963572489
68.002 0.004287981553
68.004 0.003696936482
68.006 0.004560708146
68.008 0.004024642117
68.01 0.004777178586
68.012 0.003384408055
68.014 0.004569072714
68.016 0.003557144601
68.018 0.005478456466
68.02 0.002094317604
68.022 0.005466699188
68.024 0.002253699027
68.026 0.005096422043
68.028 0.00251928496
68.03 0.004454324467
68.032 0.003782295013
68.034 0.00416911328
68.036 0.00376679777
68.038 0.004324122126
68.04 0.003679980419
68.042 0.005454242571
68.044 0.003015689506
68.046 0.004262505806
68.048 0.004143226509
68.05 0.004333652325
68.052 0.004634602223
68.054 0.003398319177
68.056 0.004642075394
68.058 0.003489983883
68.06 0.004593724373
68.062 0.003609456129
68.064 0.005499074316
68.066 0.002069887331
68.068 0.005251249886
68.07 0.002336601398
68.072 0.005491441371
68.074 0.003120198021
68.076 0.004888153953
68.078 0.003422809018
68.08 0.004318267896
68.082 0.004243220131
68.084 0.003597088575
68.086 0.004432514597
68.088 0.003585648356
68.09 0.004499349435
68.092 0.003671531846
68.094 0.005549518867
68.096 0.002068030034
68.098 0.005451113463
68.1 0.002113486651
68.102 0.00520209688
68.104 0.002148836398
68.106 0.004857420801
68.108 0.003163210652
68.11 0.005265526572
68.112 0.003104162831
68.114 0.00422329463
68.116 0.004137012684
68.118 0.00363674472
68.12 0.004411283396
68.122 0.003579841569
68.124 0.004505235694
68.126 0.003648271937
68.128 0.004492944823
68.13 0.003724471485
68.132 0.005598333638
68.134 0.001999036728
68.136 0.005407631131
68.138 0.00213721967
68.14 0.005154238396
68.142 0.00241234817
68.144 0.004593888978
68.146 0.003335959969
68.148 0.005442105435
68.15 0.002633495039
68.152 0.004374533009
68.154 0.004054412671
68.156 0.004298932484
68.158 0.004755962098
68.16 0.003376981904
68.162 0.004634923888
68.164 0.003456186541
68.166 0.00456654363
68.168 0.003588397287
68.17 0.005488821227
68.172 0.002036905698
68.174 0.004645430355
68.176 0.003304939048
68.178 0.005486401465
68.18 0.00243393109
68.182 0.004439286994
68.184 0.003922948119
68.186 0.004206713002
68.188 0.004641897628
68.19 0.00343848466
68.192 0.004587085108
68.194 0.00349692721
68.196 0.004585606798
68.198 0.003620654831
68.2 0.004547022793
68.202 0.003715989516
68.204 0.005585775763
68.206 0.002071266152
68.208 0.005447069142
68.21 0.002135184719
68.212 0.005138058965
68.214 0.002453592315
68.216 0.0044879665
68.218 0.003725670187
68.22 0.004204891151
68.222 0.003752635024
68.224 0.005610104438
68.226 0.002686253077
68.228 0.005658735062
68.23 0.002473802738
68.232 0.004955622824
68.234 0.002510268266
68.236 0.00436369894
68.238 0.003784050305
68.24 0.004013194723
68.242 0.004175068848
68.244 0.003879231293
68.246 0.004281476414
68.248 0.003852712749
68.25 0.004288266412
68.252 0.003966042798
68.254 0.003939829285
68.256 0.004346060471
68.258 0.003717600548
68.26 0.00463167824
68.262 0.00397730042
68.264 0.00483187626
68.266 0.003425641772
68.268 0.005345524383
68.27 0.002144221905
68.272 0.004443742595
68.274 0.003710765948
68.276 0.003983904016
68.278 0.004219811164
68.28 0.00382210061
68.282 0.004357104812
68.284 0.003795500246
68.286 0.00436286789
68.288 0.003820747382
68.29 0.004321165783
68.292 0.003956443287
68.294 0.003929905829
68.296 0.004335708252
68.298 0.003809766076
68.3 0.004621386648
68.302 0.003576956261
68.304 0.00548642565
68.306 0.001962935622
68.308 0.005376253524
68.31 0.002062207544
68.312 0.005098883687
68.314 0.002433544612
68.316 0.004453558596
68.318 0.003729725019
68.32 0.004078549404
68.322 0.004125592281
68.324 0.003933791991
68.326 0.004229050066
68.328 0.004004475466
68.33 0.003912088015
68.332 0.004361152224
68.334 0.003699770051
68.336 0.004635779073
68.338 0.003591884557
68.34 0.005500050425
68.342 0.00194431183
68.344 0.004557751109
68.346 0.003612025038
68.348 0.004058197551
68.35 0.004142520318
68.352 0.003863223221
68.354 0.004301601991
68.356 0.003810775781
68.358 0.004329517352
68.36 0.003816745251
68.362 0.004309260949
68.364 0.003845705777
68.366 0.004272097979
68.368 0.00388295338
68.37 0.004230367899
68.372 0.004037450056
68.374 0.003889956794
68.376 0.004424812583
68.378 0.003788104593
68.38 0.004701420823
68.382 0.003564849975
68.384 0.005474906438
68.386 0.001974880533
68.388 0.005377472612
68.39 0.002039334721
68.392 0.005083448686
68.394 0.002406274215
68.396 0.004447161876
68.398 0.003702240249
68.4 0.004081551016
68.402 0.004095681464
68.404 0.004067424675
68.406 0.003891326464
68.408 0.00436937851
68.41 0.00378952243
68.412 0.005693983626
68.414 0.002202638777
68.416 0.005379935669
68.418 0.002065567257
68.42 0.005079601952
68.422 0.002397202497
68.424 0.004438492352
68.426 0.003721048433
68.428 0.004056539041
68.43 0.004140394019
68.432 0.003898471325
68.434 0.004265220374
68.436 0.003851557415
68.438 0.004286634145
68.44 0.00385256357
68.442 0.004270610173
68.444 0.00387346534
68.446 0.004241787662
68.448 0.003902468536
68.45 0.00420916856
68.452 0.003933932792
68.454 0.004176938184
68.456 0.004100503006
68.458 0.003958163332
68.46 0.00427570558
68.462 0.003820640452
68.464 0.004195181556
68.466 0.003882209757
68.468 0.004164840716
68.47 0.003929474469
68.472 0.004143078374
68.474 0.003958794372
68.476 0.004122999155
68.478 0.003980567155
68.48 0.0041034384
68.482 0.004153087358
68.484 0.003824186546
68.486 0.004513302769
68.488 0.003667690961
68.49 0.004765711795
68.492 0.003519500028
68.494 0.004528113951
68.496 0.003625058745
68.498 0.004381775483
68.5 0.003731010103
68.502 0.004319256296
68.504 0.003827775682
68.506 0.005712487923
68.508 0.001855890808
68.51 0.005255885033
68.512 0.002256932397
68.514 0.004753380935
68.516 0.003440021286
68.518 0.005625728204
68.52 0.001886837129
68.522 0.005219701138
68.524 0.002292266294
68.526 0.005332023506
68.528 0.002186681193
68.53 0.005315316624
68.532 0.002199611157
68.534 0.004662840857
68.536 0.003511622855
68.538 0.005733685287
68.54 0.001729088727
68.542 0.00509352598
68.544 0.002379385315
68.546 0.004549953963
68.548 0.003595587092
68.55 0.004186961681
68.552 0.003994442323
68.554 0.004019692532
68.556 0.004129641673
68.558 0.003954054911
68.56 0.004171622357
68.562 0.003933668905
68.564 0.004177876172
68.566 0.003932545529
68.568 0.004166331267
68.57 0.004112430374
68.572 0.003992182379
68.574 0.004267737679
68.576 0.003876749614
68.578 0.004378136077
68.58 0.003783449156
68.582 0.004249379314
68.584 0.003846975341
68.586 0.005748072338
68.588 0.001719225919
68.59 0.005165863324
68.592 0.002224890899
68.594 0.005242565107
68.596 0.002242603125
68.598 0.005377811604
68.6 0.002100933815
68.602 0.005203179297
68.604 0.002272100811
68.606 0.005374932318
68.608 0.002124703225
68.61 0.005236790757
68.612 0.002235359313
68.614 0.005340137043
68.616 0.002154222662
68.618 0.005270923874
68.62 0.002196364381
68.622 0.00530879956
68.624 0.002175386772
68.626 0.00529500972
68.628 0.002168930309
68.63 0.005288038149
68.632 0.00218720758
68.634 0.005307830111
68.636 0.002155237745
68.638 0.005278625009
68.64 0.002190407013
68.642 0.005310038522
68.644 0.002153164497
68.646 0.005279062664
68.648 0.002185346058
68.65 0.005303562318
68.652 0.002159538885
68.654 0.005286409127
68.656 0.002174039693
68.658 0.00464708488
68.66 0.003473899104
68.662 0.005689640575
68.664 0.001744448403
68.666 0.005117811436
68.668 0.002302398316
68.67 0.004589178001
68.672 0.003504574516
68.674 0.005695930608
68.676 0.001743322728
68.678 0.005125104611
68.68 0.002287076546
68.682 0.00460231281
68.684 0.00348650916
68.686 0.00567792945
68.688 0.00175674646
68.69 0.005138008315
68.692 0.002271784286
68.694 0.004613195488
68.696 0.003474006287
68.698 0.005667243191
68.7 0.001764015354
68.702 0.005144160945
68.704 0.002266156532
68.706 0.005309013993
68.708 0.002162207843
68.71 0.005311919802
68.712 0.002130071666
68.714 0.005242443144
68.716 0.002211698793
68.718 0.005337972645
68.72 0.002116360289
68.722 0.005237162928
68.724 0.00221556009
68.726 0.005338443282
68.728 0.002119993528
68.73 0.005242534002
68.732 0.00221186039
68.734 0.005334161232
68.736 0.002126428594
68.738 0.005249819479
68.74 0.002206346137
68.742 0.005328749839
68.744 0.002133169481
68.746 0.005257311603
68.748 0.002200282415
68.75 0.005323181341
68.752 0.002139468217
68.754 0.005264355107
68.756 0.002194288827
68.758 0.005317955583
68.76 0.002144942814
68.762 0.005270567976
68.764 0.002188830648
68.766 0.00531344723
68.768 0.002149372072
68.77 0.005275703798
68.772 0.002184252796
68.774 0.005309911436
68.776 0.002152644562
68.778 0.005279633322
68.78 0.002180747714
68.782 0.005307456306
68.784 0.002154780189
68.786 0.005282373899
68.788 0.002178371493
68.79 0.005306068299
68.792 0.002155902867
68.794 0.005284060266
68.796 0.002177041534
68.798 0.004637669794
68.8 0.003485334499
68.802 0.005713338041
68.804 0.00172293659
68.806 0.005097746497
68.808 0.002328750785
68.81 0.004560487167
68.812 0.003540953458
68.814 0.005744901402
68.816 0.001701680273
68.818 0.005085886671
68.82 0.002337087246
68.822 0.004555896263
68.824 0.003544835346
68.826 0.005747603875
68.828 0.001700002529
68.83 0.005085625462
68.832 0.002337881485
68.834 0.004556554992
68.836 0.003544995679
68.838 0.004199680005
68.84 0.003941347877
68.842 0.00591398421
68.844 0.001563506648
68.846 0.00501988283
68.848 0.002385436914
68.85 0.004534169453
68.852 0.003559832854
68.854 0.004195268233
68.856 0.003943480723
68.858 0.004036547813
68.86 0.004076097859
68.862 0.003971711788
68.864 0.004122689816
68.866 0.003947804917
68.868 0.004138346801
68.87 0.00394054435
68.872 0.00413963974
68.874 0.003940205015
68.876 0.004139054587
68.878 0.003942388015
68.88 0.004137232116
68.882 0.00394524596
68.884 0.004134767923
68.886 0.003948720271
68.888 0.004131757861
68.89 0.003952305301
68.892 0.00412855642
68.894 0.003956092722
68.896 0.004125086134
68.898 0.003960209089
68.9 0.004121255808
68.902 0.003964328863
68.904 0.004117423082
68.906 0.003968758088
68.908 0.004113289875
68.91 0.003973109469
68.912 0.004109221534
68.914 0.003977569866
68.916 0.004104912578
68.918 0.003981982428
68.92 0.004100783809
68.922 0.003986553399
68.924 0.004096542465
68.926 0.003990872065
68.928 0.004092572005
68.93 0.003995223131
68.932 0.004088564686
68.934 0.003999221637
68.936 0.004084972943
68.938 0.004003178693
68.94 0.004081413979
68.942 0.004006701672
68.944 0.004078297597
68.946 0.004010120384
68.948 0.004075183178
68.95 0.004013198044
68.952 0.004072627583
68.954 0.004016032688
68.956 0.004070243257
68.958 0.004018359972
68.96 0.004068353162
68.962 0.004020546342
68.964 0.004066609332
68.966 0.00402225479
68.968 0.004065331181
68.97 0.004023859998
68.972 0.004064160251
68.974 0.004025013482
68.976 0.004063421378
68.978 0.004026105932
68.98 0.004062746292
68.982 0.004026816225
68.984 0.004062436289
68.986 0.004027531723
68.988 0.004062117805
68.99 0.004027920026
68.992 0.00406208039
68.994 0.004028399478
68.996 0.004061996698
68.998 0.004028592947
69 0.00406216219
69.002 0.004028904819
69.004 0.004062203144
69.006 0.004029010079
69.008 0.00406243531
69.01 0.004029283719
69.012 0.004062495082
69.014 0.004029387887
69.016 0.004062713157
69.018 0.004029705538
69.02 0.004062717108
69.022 0.004029890296
69.024 0.004062839614
69.026 0.004030304019
69.028 0.004062735836
69.03 0.00403060507
69.032 0.004062741217
69.034 0.004031141266
69.036 0.004062511026
69.038 0.00403156149
69.04 0.004062382002
69.042 0.004032175971
69.044 0.004062062127
69.046 0.004032697845
69.048 0.004061824173
69.05 0.00403344747
69.052 0.004061361692
69.054 0.004034057217
69.056 0.004061031571
69.058 0.004034867051
69.06 0.004060496276
69.062 0.004035672116
69.064 0.004059962298
69.066 0.004036327276
69.068 0.004059592513
69.07 0.004037140104
69.072 0.004059054688
69.074 0.004037906943
69.076 0.004058537112
69.078 0.00403865774
69.08 0.004058052988
69.082 0.00403921573
69.084 0.00405775909
69.086 0.00403990081
69.088 0.004057309905
69.09 0.004040525465
69.092 0.004056926711
69.094 0.004041096685
69.096 0.004056597884
69.098 0.004041606867
69.1 0.004056320678
69.102 0.004042055719
69.104 0.004056094609
69.106 0.004042294951
69.108 0.004056078605
69.11 0.004042651996
69.112 0.004055917573
69.114 0.004042934054
69.116 0.004055801654
69.118 0.004043181292
69.12 0.004055728386
69.122 0.004043396051
69.124 0.004055685845
69.126 0.004043572688
69.128 0.004055672736
69.13 0.004043717492
69.132 0.00405567675
69.134 0.00404383408
69.136 0.004055700304
69.138 0.004043934035
69.14 0.004055725582
69.142 0.004044019428
69.144 0.004055758471
69.146 0.004044098009
69.148 0.004055790809
69.15 0.004044167255
69.152 0.004055817388
69.154 0.004044236574
69.156 0.004055836404
69.158 0.00404415907
69.16 0.00405599927
69.162 0.004044264577
69.164 0.004055962823
69.166 0.004044356627
69.168 0.004055919691
69.17 0.004044482102
69.172 0.00405586319
69.174 0.004044612158
69.176 0.004055792469
69.178 0.004044778978
69.18 0.004055714716
69.182 0.004044921
69.184 0.00405560242
69.186 0.004045085474
69.188 0.004055494583
69.19 0.004045259767
69.192 0.004055376527
69.194 0.00404542985
69.196 0.004055249008
69.198 0.004045604855
69.2 0.004055123999
69.202 0.004045785479
69.204 0.00405499582
69.206 0.004045959483
69.208 0.004054870609
69.21 0.004046129426
69.212 0.004054749435
69.214 0.004046287778
69.216 0.004054642474
69.218 0.004046438055
69.22 0.004054575806
69.222 0.004046578593
69.224 0.004054515896
69.226 0.004046727908
69.228 0.004054463061
69.23 0.004046870277
69.232 0.004054421844
69.234 0.004046998045
69.236 0.004054384147
69.238 0.004047103022
69.24 0.004054358487
69.242 0.004047200923
69.244 0.004054347693
69.246 0.004047275984
69.248 0.004054343465
69.25 0.00404733983
69.252 0.004054341152
69.254 0.004047390318
69.256 0.004054349708
69.258 0.004047429774
69.26 0.004054363524
69.262 0.004047455907
69.264 0.004054385644
69.266 0.004047473906
69.268 0.004054403884
69.27 0.004047486522
69.272 0.004054432047
69.274 0.004047500044
69.276 0.004054476524
69.278 0.004047541525
69.28 0.004054497034
69.282 0.004047579801
69.284 0.004054539868
69.286 0.004047634925
69.288 0.00405460733
69.29 0.004047699637
69.292 0.004054677401
69.294 0.00404777399
69.296 0.004054743688
69.298 0.004047853515
69.3 0.004054812644
69.302 0.004047943943
69.304 0.004054883951
69.306 0.004048047183
69.308 0.004054949641
69.31 0.004048158059
69.312 0.004055016163
69.314 0.004048288759
69.316 0.004055086528
69.318 0.004048423348
69.32 0.004055150874
69.322 0.004048574154
69.324 0.00405522277
69.326 0.004048736364
69.328 0.004055224914
69.33 0.004048864546
69.332 0.004055369436
69.334 0.004049076866
69.336 0.004055439934
69.338 0.004049280168
69.34 0.004055514089
69.342 0.004049484591
69.344 0.004055596517
69.346 0.004049698999
69.348 0.004055674735
69.35 0.004049921136
69.352 0.004055768324
69.354 0.004050150016
69.356 0.004055864343
69.358 0.004050384081
69.36 0.004055970718
69.362 0.004050626051
69.364 0.004056086825
69.366 0.004050871832
69.368 0.004056259951
69.37 0.00405109158
69.372 0.004056369959
69.374 0.004051363709
69.376 0.00405649188
69.378 0.00405163723
69.38 0.004056626208
69.382 0.004051915612
69.384 0.004056769098
69.386 0.004052195597
69.388 0.004056921222
69.39 0.004052477097
69.392 0.004057074352
69.394 0.004052761951
69.396 0.004057242022
69.398 0.004053047932
69.4 0.004057425829
69.402 0.00405334886
69.404 0.004057610369
69.406 0.004053637538
69.408 0.004057798721
69.41 0.004053917887
69.412 0.004057982658
69.414 0.004054205433
69.416 0.004058187586
69.418 0.004054508744
69.42 0.004058389337
69.422 0.004054801852
69.424 0.004058590359
69.426 0.004055095374
69.428 0.004058792762
69.43 0.004055376144
69.432 0.004058984542
69.434 0.004055669112
69.436 0.004059185092
69.438 0.004055959065
69.44 0.004059385371
69.442 0.004056248836
69.444 0.004059586278
69.446 0.00405653509
69.448 0.004059784073
69.45 0.004056820516
69.452 0.004059979365
69.454 0.004057100738
69.456 0.004060171523
69.458 0.004057378387
69.46 0.004060358997
69.462 0.004057652203
69.464 0.004060542535
69.466 0.004057929838
69.468 0.004060723969
69.47 0.004058184586
69.472 0.004060896441
69.474 0.004058449946
69.476 0.004061069288
69.478 0.004058686326
69.48 0.004061237082
69.482 0.00405893362
69.484 0.004061401253
69.486 0.004059165346
69.488 0.004061571343
69.49 0.004059384817
69.492 0.00406171649
69.494 0.004059596943
69.496 0.004061876432
69.498 0.004059798604
69.5 0.004062010693
69.502 0.004059986642
69.504 0.00406216407
69.506 0.004060167748
69.508 0.004062289645
69.51 0.004060339761
69.512 0.004062430428
69.514 0.004060503219
69.516 0.004062545716
69.518 0.004060643626
69.52 0.00406266387
69.522 0.004060795851
69.524 0.004062793
69.526 0.004060930229
69.528 0.004062893124
69.53 0.004061042931
69.532 0.004063000738
69.534 0.004061166699
69.536 0.004063117382
69.538 0.004061220794
69.54 0.004063272893
69.542 0.004061281339
69.544 0.004063390148
69.546 0.004061354684
69.548 0.004063461276
69.55 0.004061628373
69.552 0.004063488287
69.554 0.004061650886
69.556 0.004063571917
69.558 0.004061669272
69.56 0.004063676163
69.562 0.004061691555
69.564 0.004063748286
69.566 0.00406190974
69.568 0.004063785798
69.57 0.004061882752
69.572 0.00406387417
69.574 0.004061854607
69.576 0.004064010721
69.578 0.004061835297
69.58 0.004064066622
69.582 0.004062015705
69.584 0.004064141934
69.586 0.004061926547
69.588 0.004064248505
69.59 0.004061788347
69.592 0.004064372524
69.594 0.004061894382
69.596 0.004064466547
69.598 0.004061772838
69.6 0.004064572358
69.602 0.00406188206
69.604 0.004064635608
69.606 0.004061770592
69.608 0.004064738755
69.61 0.004061870176
69.612 0.004064808182
69.614 0.004061756004
69.616 0.004064919766
69.618 0.004061660529
69.62 0.004065040861
69.622 0.004061770553
69.624 0.004065117591
69.626 0.004061657212
69.628 0.004065218925
69.63 0.00406175783
69.632 0.004065305171
69.634 0.004061642073
69.636 0.004065407323
69.638 0.004061741605
69.64 0.004065477994
69.642 0.004061826885
69.644 0.00406554712
69.646 0.00406169453
69.648 0.004065655457
69.65 0.004061792786
69.652 0.00406574579
69.654 0.004061685651
69.656 0.004065855837
69.658 0.004061817778
69.66 0.004065916836
69.662 0.004061928683
69.664 0.004065984679
69.666 0.004061822128
69.668 0.004066105827
69.67 0.004061945107
69.672 0.00406619081
69.674 0.004062055881
69.676 0.004066273296
69.678 0.004061953936
69.68 0.004066409287
69.682 0.004062093279
69.684 0.004066477473
69.686 0.004062245694
69.688 0.004487309472
69.69 0.004062077576
69.692 0.004066529084
69.694 0.00406230855
69.696 0.004066721067
69.698 0.004062530575
69.7 0.004066793288
69.702 0.004175582309
69.704 0.004066889166
69.706 0.00406278063
69.708 0.00406694613
69.71 0.004062972442
69.712 0.004066983483
69.714 0.004125264618
69.716 0.004067017897
69.718 0.00406322831
69.72 0.004067135944
69.722 0.00406345968
69.724 0.00406693278
69.726 0.004063594713
69.728 0.004067165416
69.73 0.004063925573
69.732 0.00408823878
69.734 0.004064059054
69.736 0.004067200698
69.738 0.004064148212
69.74 0.004067206386
69.742 0.004064332436
69.744 0.004067431877
69.746 0.004064833852
69.748 0.004067631156
69.75 0.004064930897
69.752 0.004067758204
69.754 0.004065316153
69.756 0.004067867388
69.758 0.004065156704
69.76 0.004067783052
69.762 0.004065276458
69.764 0.004068010205
69.766 0.004065768226
69.768 0.004068206147
69.77 0.004065882531
69.772 0.004068042737
69.774 0.00406600044
69.776 0.004068237942
69.778 0.004066482106
69.78 0.004068425347
69.782 0.004066783601
69.784 0.004068529954
69.786 0.004066631311
69.788 0.004068429111
69.79 0.004066754448
69.792 0.004068454295
69.794 0.00406698933
69.796 0.004068697465
69.798 0.004067478013
69.8 0.004068887218
69.802 0.00406777734
69.804 0.004068959066
69.806 0.0040680115
69.808 0.004069022233
69.81 0.004068233742
69.812 0.004069082455
69.814 0.004068241668
69.816 0.004068913343
69.818 0.004068293094
69.82 0.004068917257
69.822 0.004068460898
69.824 0.004068975098
69.826 0.004068632409
69.828 0.004069044645
69.83 0.004068793817
69.832 0.004069130132
69.834 0.004068945586
69.836 0.004069216404
69.838 0.00406908775
69.84 0.004069306284
69.842 0.004069214719
69.844 0.004069407453
69.846 0.00406933665
69.848 0.004069505791
69.85 0.004069451962
69.852 0.004069606433
69.854 0.004069559437
69.856 0.004069707532
69.858 0.004069661022
69.86 0.004069816634
69.862 0.004069949901
69.864 0.004070163989
69.866 0.004070181693
69.868 0.004070341873
69.87 0.004070284592
69.872 0.004070276
69.874 0.004070113792
69.876 0.004070258711
69.878 0.004070120691
69.88 0.004070357264
69.882 0.004070375652
69.884 0.004070715584
69.886 0.004070587333
69.888 0.00407070941
69.89 0.00407042054
69.892 0.004070710644
69.894 0.004070620922
69.896 0.004071061169
69.898 0.004070830157
69.9 0.004071053281
69.902 0.00407065836
69.904 0.004071057157
69.906 0.004070861609
69.908 0.004071412121
69.91 0.004071060481
69.912 0.004071413939
69.914 0.004071160898
69.916 0.004071702481
69.918 0.004071235205
69.92 0.004071675625
69.922 0.004071327133
69.924 0.004071967093
69.926 0.004071402682
69.928 0.004071938372
69.93 0.004071494937
69.932 0.004072227982
69.934 0.004071576386
69.936 0.004072208696
69.938 0.004071672293
69.94 0.004072313565
69.942 0.004071498937
69.944 0.004072356887
69.946 0.004071713571
69.948 0.004072549186
69.95 0.004071937457
69.952 0.004181470399
69.954 0.00407203722
69.956 0.004072922238
69.958 0.004072145677
69.96 0.004073049367
69.962 0.004072249573
69.964 0.004254952873
69.966 0.004072341084
69.968 0.004073392625
69.97 0.004072445858
69.972 0.004073519991
69.974 0.00407255234
69.976 0.004073668872
69.978 0.004072657826
69.98 0.004766234787
69.982 0.004072755836
69.984 0.004074027477
69.986 0.004072867555
69.988 0.004074159907
69.99 0.004072978765
69.992 0.004074305768
69.994 0.004073090583
69.996 0.004074458582
69.998 0.004073203129
70 0.004074608279
70.002 0.004073313855
70.004 0.00407475803
70.006 0.00407342753
70.008 0.004074903513
70.01 0.00407353806
70.012 0.004075047918
70.014 0.004073649177
70.016 0.004075188981
70.018 0.004073756739
70.02 0.004075327106
70.022 0.004073867179
70.024 0.004075460168
70.026 0.00407397213
70.028 0.004075590725
70.03 0.004074076456
70.032 0.004075715852
70.034 0.00407417786
70.036 0.004075841446
70.038 0.004074272584
70.04 0.004075962783
70.042 0.004074366382
70.044 0.004076077219
70.046 0.004074451487
70.048 0.00407618987
70.05 0.004074533593
70.052 0.004076298077
70.054 0.004074613352
70.056 0.004076400407
70.058 0.004074683263
70.06 0.00407650142
70.062 0.004074745675
70.064 0.004076600705
70.066 0.004074807371
70.068 0.004076691871
70.07 0.004074859035
70.072 0.004076779513
70.074 0.004074915396
70.076 0.004076871377
70.078 0.004074955492
70.08 0.004076956387
70.082 0.00407498095
70.084 0.004077038067
70.086 0.004075001277
70.088 0.004077114079
70.09 0.004075019295
70.092 0.00407718346
70.094 0.004075029554
70.096 0.004077247862
70.098 0.004075036696
70.1 0.004077303292
70.102 0.004075041146
70.104 0.004077357358
70.106 0.004075039432
70.108 0.004077400855
70.11 0.004075035855
70.112 0.004077444507
70.114 0.004075025832
70.116 0.004077477153
70.118 0.004075013746
70.12 0.004077509009
70.122 0.00407499861
70.124 0.004077534631
70.126 0.004074975761
70.128 0.00407748857
70.13 0.004074908441
70.132 0.00407757554
70.134 0.004074907654
70.136 0.004077582693
70.138 0.004074884571
70.14 0.004077588471
70.142 0.004074850569
70.144 0.004077594547
70.146 0.004074809944
70.148 0.004077596814
70.15 0.004074770514
70.152 0.00407759943
70.154 0.004074816699
70.156 0.004077687828
70.158 0.004074859429
70.16 0.004077771358
70.162 0.004074897612
70.164 0.004077849338
70.166 0.004074932396
70.168 0.004077922939
70.17 0.004074961406
70.172 0.004077993111
70.174 0.004074986532
70.176 0.00407805796
70.178 0.004075008433
70.18 0.004078115714
70.182 0.004075024848
70.184 0.00407816901
70.186 0.004075034713
70.188 0.00407830137
70.19 0.004074979526
70.192 0.004078351813
70.194 0.004074976989
70.196 0.004078389001
70.198 0.004074979363
70.2 0.004078420051
70.202 0.004074975992
70.204 0.004078445439
70.206 0.004074967051
70.208 0.004078462549
70.21 0.004074952602
70.212 0.004078476739
70.214 0.004074937707
70.216 0.004078485918
70.218 0.004074914446
70.22 0.004078486218
70.222 0.004074888992
70.224 0.004078484272
70.226 0.004074856525
70.228 0.004078483315
70.23 0.004074819371
70.232 0.004078465706
70.234 0.004074774797
70.236 0.004078447036
70.238 0.004074729886
70.24 0.004078426029
70.242 0.004074677696
70.244 0.004078396576
70.246 0.004074613733
70.248 0.00407836426
70.25 0.004074560637
70.252 0.004078329937
70.254 0.004074494839
70.256 0.004078287911
70.258 0.004074425039
70.26 0.00407824387
70.262 0.004074341982
70.264 0.004078195519
70.266 0.004074270088
70.268 0.004078143189
70.27 0.004074186759
70.272 0.004078088303
70.274 0.004074101432
70.276 0.004078037667
70.278 0.004074009772
70.28 0.00407796889
70.282 0.004073915463
70.284 0.004077903022
70.286 0.004073817182
70.288 0.004077835261
70.29 0.004073705896
70.292 0.004077766601
70.294 0.004073607144
70.296 0.00407770001
70.298 0.00407349356
70.3 0.004077627303
70.302 0.004073373339
70.304 0.004077551514
70.306 0.004073267909
70.308 0.004077472557
70.31 0.004073155116
70.312 0.004077391699
70.314 0.004073030191
70.316 0.004077309637
70.318 0.004072919843
70.32 0.004077225306
70.322 0.004072801856
70.324 0.004077148153
70.326 0.004072682274
70.328 0.00407705424
70.33 0.004072563145
70.332 0.004076967753
70.334 0.004072434258
70.336 0.004076879845
70.338 0.00407232115
70.34 0.004076791499
70.342 0.004072194432
70.344 0.004076703786
70.346 0.004072083565
70.348 0.004076614032
70.35 0.004071966799
70.352 0.004076533975
70.354 0.004071851545
70.356 0.004076437121
70.358 0.004071738716
70.36 0.004076355219
70.362 0.004071626583
70.364 0.004076258359
70.366 0.004071517896
70.368 0.004076178345
70.37 0.004071410801
70.372 0.004076081829
70.374 0.004071310872
70.376 0.004076000418
70.378 0.004071211642
70.38 0.004075903504
70.382 0.004071118006
70.384 0.004075823296
70.386 0.004071027844
70.388 0.004075728415
70.39 0.004070933196
70.392 0.004075640603
70.394 0.004070859882
70.396 0.004075554084
70.398 0.004070775048
70.4 0.004075470312
70.402 0.004070711193
70.404 0.004075395577
70.406 0.004070645248
70.408 0.004075304927
70.41 0.004070583643
70.412 0.004075233541
70.414 0.004070527587
70.416 0.004075146867
70.418 0.004070467058
70.42 0.00407506858
70.422 0.004070428271
70.424 0.004075002508
70.426 0.004070386819
70.428 0.004074922306
70.43 0.004070340468
70.432 0.004074851419
70.434 0.004070315481
70.436 0.004074791599
70.438 0.004070288741
70.44 0.004074718625
70.442 0.00407025761
70.444 0.004074654489
70.446 0.004070250407
70.448 0.004074598214
70.45 0.00407023577
70.452 0.004074588146
70.454 0.004070246939
70.456 0.004074591793
70.458 0.004070309649
70.46 0.00407460607
70.462 0.004070369772
70.464 0.004074604671
70.466 0.004070423882
70.468 0.004074613607
70.47 0.004070490478
70.472 0.004074622583
70.474 0.004070572221
70.476 0.004074642982
70.478 0.004070649471
70.48 0.004074646716
70.482 0.0040707252
70.484 0.004074660065
70.486 0.004070810266
70.488 0.004074674835
70.49 0.004070911697
70.492 0.004074699588
70.494 0.004071008272
70.496 0.004074718281
70.498 0.004071111593
70.5 0.004074727399
70.502 0.004071208989
70.504 0.004074745265
70.506 0.004071317183
70.508 0.004074766089
70.51 0.004071440359
70.512 0.004074799347
70.514 0.004071561549
70.516 0.004074804333
70.518 0.004071670576
70.52 0.004074821133
70.522 0.004071777305
70.524 0.004074852665
70.526 0.00407189799
70.528 0.004074887842
70.53 0.004072034937
70.532 0.004074932831
70.534 0.00407216874
70.536 0.004074971426
70.538 0.004072306366
70.54 0.004075012088
70.542 0.004072449475
70.544 0.004075052666
70.546 0.004072596718
70.548 0.004075084145
70.55 0.004072740359
70.552 0.004075124592
70.554 0.00407289625
70.556 0.004075169976
70.558 0.00407324633
70.56 0.00407522757
70.562 0.004073433022
70.564 0.004075292588
70.566 0.00407360582
70.568 0.004075372058
70.57 0.004073765647
70.572 0.004075443767
70.574 0.004073930061
70.576 0.00407551541
70.578 0.004074101397
70.58 0.004075584004
70.582 0.004074279451
70.584 0.004075656808
70.586 0.004074466184
70.588 0.004075725762
70.59 0.004074660518
70.592 0.004075796204
70.594 0.004074861076
70.596 0.004075856197
70.598 0.004075056347
70.6 0.004075928276
70.602 0.004075266186
70.604 0.004076002726
70.606 0.004075482209
70.608 0.004076080862
70.61 0.004075701231
70.612 0.004076162307
70.614 0.004075924992
70.616 0.004076249728
70.618 0.004076151116
70.62 0.004076340075
70.622 0.004076379553
70.624 0.004076436676
70.626 0.004076610539
70.628 0.004076536656
70.63 0.004076843997
70.632 0.004076645504
70.634 0.004077079169
70.636 0.004076758704
70.638 0.004077315756
70.64 0.004076878613
70.642 0.004077553446
70.644 0.004077005085
70.646 0.004077792828
70.648 0.004077138324
70.65 0.004078035133
70.652 0.004077277737
70.654 0.004078276279
70.656 0.004077422801
70.658 0.00407852017
70.66 0.004077573628
70.662 0.004078764581
70.664 0.004077731935
70.666 0.004079011755
70.668 0.004077895677
70.67 0.004079260186
70.672 0.004078063958
70.674 0.004079499363
70.676 0.004078248654
70.678 0.004079750012
70.68 0.004078427876
70.682 0.004080005716
70.684 0.004078613262
70.686 0.004080263456
70.688 0.004078799462
70.69 0.004080524654
70.692 0.004078992058
70.694 0.004080788235
70.696 0.00407922993
70.698 0.004081047677
70.7 0.004079453408
70.702 0.004081301722
70.704 0.004079683629
70.706 0.004081554397
70.708 0.004079911518
70.71 0.004081814824
70.712 0.004080139779
70.714 0.004082079706
70.716 0.004080367942
70.718 0.004082337567
70.72 0.004080587548
70.722 0.004082609401
70.724 0.004080813701
70.726 0.004082884879
70.728 0.004081041434
70.73 0.004083167334
70.732 0.00408126877
70.734 0.004083448595
70.736 0.004081507167
70.738 0.004083744265
70.74 0.004081737632
70.742 0.00408403092
70.744 0.004081966106
70.746 0.0040843195
70.748 0.004082196211
70.75 0.004084594752
70.752 0.004082451617
70.754 0.004084857369
70.756 0.004082844359
70.758 0.004084971142
70.76 0.004083076679
70.762 0.004085271186
70.764 0.004083328151
70.766 0.004085569179
70.768 0.004083573373
70.77 0.004085872392
70.772 0.004083803033
70.774 0.004086167914
70.776 0.004084177868
70.778 0.004086287365
70.78 0.004084374822
70.782 0.004086602183
70.784 0.004084598988
70.786 0.00408691122
70.788 0.00408495595
70.79 0.004087053485
70.792 0.004085154117
70.794 0.004087391296
70.796 0.004085359115
70.798 0.004087709317
70.8 0.004085696149
70.802 0.004087847024
70.804 0.004085856377
70.806 0.004088172777
70.808 0.004086044101
70.81 0.004088485116
70.812 0.004086380939
70.814 0.004088637347
70.816 0.004086546601
70.818 0.004088958597
70.82 0.00408673161
70.822 0.004089250567
70.824 0.00408704289
70.826 0.004089377498
70.828 0.004087203741
70.83 0.004089679942
70.832 0.004087548715
70.834 0.004089814733
70.836 0.004087711803
70.838 0.004090101849
70.84 0.004088031025
70.842 0.004090221889
70.844 0.004088186214
70.846 0.004090512342
70.848 0.004088524519
70.85 0.004090632782
70.852 0.004088680232
70.854 0.004090905182
70.856 0.004088994324
70.858 0.004091005706
70.86 0.004089144419
70.862 0.004091280014
70.864 0.004089390755
70.866 0.004091385616
70.868 0.004089526787
70.87 0.004091637466
70.872 0.004089832305
70.874 0.004091716509
70.876 0.004089987776
70.878 0.004091984927
70.88 0.004090305519
70.882 0.004092053487
70.884 0.004090440102
70.886 0.004092284222
70.888 0.004090740043
70.89 0.004092344432
70.892 0.004091034414
70.894 0.004092432492
70.896 0.004091179663
70.898 0.004092676356
70.9 0.004091466425
70.902 0.004092743721
70.904 0.00409173989
70.906 0.004092831072
70.908 0.004091857281
70.91 0.004093067772
70.912 0.004092121216
70.914 0.004093128561
70.916 0.00409237516
70.918 0.004093212761
70.92 0.004092471683
70.922 0.004093443721
70.924 0.004092712607
70.926 0.004093505449
70.928 0.004092949343
70.93 0.00409358122
70.932 0.004093027511
70.934 0.004093793211
70.936 0.004093259858
70.938 0.004093839457
70.94 0.004093495327
70.942 0.004093899208
70.944 0.004093565761
70.946 0.004094093801
70.948 0.004093789541
70.95 0.004094120633
70.952 0.004094017949
70.954 0.004094160475
70.956 0.004094232437
70.958 0.004094179248
70.96 0.004094288379
70.962 0.004094365945
70.964 0.004094519097
70.966 0.004094375489
70.968 0.004094724924
70.97 0.004094367336
70.972 0.004094914901
70.974 0.004094367471
70.976 0.004094973244
70.978 0.004094484285
70.98 0.004095181351
70.982 0.004094452012
70.984 0.004095381627
70.986 0.004094434655
70.988 0.004095577902
70.99 0.00409439488
70.992 0.004095758688
70.994 0.00409435878
70.996 0.004095794207
70.998 0.004094505887
71 0.004095985953
71.002 0.00409443948
71.004 0.004096146943
71.006 0.004094395006
71.008 0.004096312064
71.01 0.004094331081
71.012 0.004096460266
71.014 0.004094275706
71.016 0.00409646999
71.018 0.004094377506
71.02 0.004096620483
71.022 0.004094293603
71.024 0.00409675451
71.026 0.00409420658
71.028 0.004096887541
71.03 0.004094140396
71.032 0.00409701421
71.034 0.004094055673
71.036 0.004097138729
71.038 0.004093971521
71.04 0.004097077584
71.042 0.004094044079
71.044 0.004097200276
71.046 0.004093935403
71.048 0.004097290558
71.05 0.004093816745
71.052 0.004097391592
71.054 0.004093702912
71.056 0.004097469457
71.058 0.004093587172
71.06 0.004097563349
71.062 0.004093447808
71.064 0.00409747641
71.066 0.004093489557
71.068 0.004097561265
71.07 0.00409332865
71.072 0.004097614561
71.074 0.004093272875
71.076 0.004097669762
71.078 0.004093265743
71.08 0.004097815249
71.082 0.004093242303
71.084 0.004097991698
71.086 0.0040932269
71.088 0.004098173892
71.09 0.004093198066
71.092 0.004098323013
71.094 0.00409338401
71.096 0.004098412303
71.098 0.00409334203
71.1 0.004098540883
71.102 0.004093285541
71.104 0.004098684545
71.106 0.004093242138
71.108 0.004098827604
71.11 0.00409321363
71.112 0.004098962112
71.114 0.00409316109
71.116 0.004099087909
71.118 0.004093131447
71.12 0.004099203724
71.122 0.004093077668
71.124 0.004099316135
71.126 0.004093041455
71.128 0.004099414536
71.13 0.004092992344
71.132 0.004099492576
71.134 0.004092959401
71.136 0.004099566345
71.138 0.004092895211
71.14 0.004099620507
71.142 0.004093051184
71.144 0.004099605072
71.146 0.00409297935
71.148 0.004099633754
71.15 0.004092889697
71.152 0.004099684644
71.154 0.004092808975
71.156 0.004099717509
71.158 0.004092718197
71.16 0.004099769018
71.162 0.00409262116
71.164 0.0040998062
71.166 0.004092529591
71.168 0.004099821366
71.17 0.004092438012
71.172 0.004099816379
71.174 0.004092358041
71.176 0.004099802375
71.178 0.004092251293
71.18 0.004099787463
71.182 0.004092151551
71.184 0.004099728759
71.186 0.004092248237
71.188 0.004099620958
71.19 0.00409212273
71.192 0.004099548889
71.194 0.004091968999
71.196 0.004099491649
71.198 0.004091824492
71.2 0.004099423045
71.202 0.004091687891
71.204 0.004099364803
71.206 0.004091519496
71.208 0.004099367001
71.21 0.004091355664
71.212 0.004099253918
71.214 0.004091401857
71.216 0.004099084391
71.218 0.004091198915
71.22 0.004098943578
71.222 0.004091015987
71.224 0.004098813969
71.226 0.004090810836
71.228 0.004098678999
71.23 0.004090609485
71.232 0.004098502794
71.234 0.004090604826
71.236 0.004098286806
71.238 0.004090369837
71.24 0.004098092441
71.242 0.004090121772
71.244 0.004097933019
71.246 0.00408988011
71.248 0.004097760187
71.25 0.004089634708
71.252 0.004097539902
71.254 0.004089590386
71.256 0.004097272712
71.258 0.004089314924
71.26 0.004097037689
71.262 0.004089056686
71.264 0.004096811954
71.266 0.004088780137
71.268 0.004096547493
71.27 0.004088712716
71.272 0.00409624131
71.274 0.00408841592
71.276 0.004095966866
71.278 0.004088128742
71.28 0.004095670008
71.282 0.004088046602
71.284 0.004095324972
71.286 0.004087736544
71.288 0.004095036073
71.29 0.004087436096
71.292 0.004094716425
71.294 0.004087342877
71.296 0.004094360881
71.298 0.004087022877
71.3 0.004094039166
71.302 0.00408671482
71.304 0.004093696198
71.306 0.004086628001
71.308 0.004093320393
71.31 0.004086292445
71.312 0.004092975256
71.314 0.004085979925
71.316 0.004092622518
71.318 0.004085879999
71.32 0.004092226012
71.322 0.004085570234
71.324 0.00409184441
71.326 0.004085454496
71.328 0.004091438342
71.33 0.004085152508
71.332 0.004091083607
71.334 0.004084818634
71.336 0.004090710123
71.338 0.00408472824
71.34 0.004090314197
71.342 0.004084400164
71.344 0.004089921749
71.346 0.004084307143
71.348 0.004089517657
71.35 0.004083979705
71.352 0.00408913262
71.354 0.004083889901
71.356 0.004088729793
71.358 0.004083563092
71.36 0.004088361658
71.362 0.004083473584
71.364 0.004087970059
71.366 0.004083163852
71.368 0.004087615228
71.37 0.004083060344
71.372 0.004087238074
71.374 0.004082758382
71.376 0.00408688729
71.378 0.004082682559
71.38 0.004086523189
71.382 0.00408239283
71.384 0.004086192832
71.386 0.004082295024
71.388 0.004085843486
71.39 0.004082008753
71.392 0.004085532224
71.394 0.004081947073
71.396 0.00408519723
71.398 0.004081676924
71.4 0.004084891217
71.402 0.004081642299
71.404 0.004084570779
71.406 0.0040813871
71.408 0.004084281699
71.41 0.004081376987
71.412 0.004083978657
71.414 0.004081140704
71.416 0.004083707412
71.418 0.00408113773
71.42 0.004083423657
71.422 0.004080931698
71.424 0.004083166697
71.426 0.004080958641
71.428 0.004082878561
71.43 0.004080977424
71.432 0.004082605527
71.434 0.004080794487
71.436 0.004082388686
71.438 0.00408084037
71.44 0.004082375171
71.442 0.004080854986
71.444 0.004082274954
71.446 0.004081088491
71.448 0.004082371671
71.45 0.004081167686
71.452 0.004082318108
71.454 0.004081426161
71.456 0.004082449481
71.458 0.004081528731
71.46 0.004082388437
71.462 0.004081817368
71.464 0.004082533289
71.466 0.004081957382
71.468 0.004082499224
71.47 0.004082276515
71.472 0.004082504492
71.474 0.004082605157
71.476 0.004082678474
71.478 0.004082753969
71.48 0.004082689237
71.482 0.004083099703
71.484 0.004082903628
71.486 0.004083281826
71.488 0.004082936408
71.49 0.004083650785
71.492 0.004083171417
71.494 0.004083862586
71.496 0.004083234086
71.498 0.004084257689
71.5 0.004083496631
71.502 0.004084495523
71.504 0.004083577974
71.506 0.004084918069
71.508 0.004083841692
71.51 0.004085185835
71.512 0.004083957674
71.514 0.004085621159
71.516 0.004084248142
71.518 0.004085899531
71.52 0.004084379086
71.522 0.004086366737
71.524 0.004084700372
71.526 0.004086663024
71.528 0.00408494418
71.53 0.004087022509
71.532 0.004085111941
71.534 0.004087525895
71.536 0.004085462705
71.538 0.004087853311
71.54 0.004085648827
71.542 0.004088353999
71.544 0.004086016202
71.546 0.004088685129
71.548 0.004086350734
71.55 0.004089035192
71.552 0.004086577791
71.554 0.004089569398
71.556 0.004086968193
71.558 0.004089924846
71.56 0.004087171769
71.562 0.004090460604
71.564 0.004087563377
71.566 0.004090822334
71.568 0.004087941514
71.57 0.004091188927
71.572 0.004088184382
71.574 0.004091740807
71.576 0.004088597046
71.578 0.004092103373
71.58 0.004088988185
71.582 0.004092477015
71.584 0.004089392488
71.586 0.004092863993
71.588 0.004089642147
71.59 0.004093432247
71.592 0.004090057204
71.594 0.00409379394
71.596 0.004090444498
71.598 0.004094171638
71.6 0.004090845813
71.602 0.004094552932
71.604 0.004091100316
71.606 0.004095108368
71.608 0.00409151087
71.61 0.004095472525
71.612 0.004091898555
71.614 0.004095839063
71.616 0.004092303961
71.618 0.004096207609
71.62 0.004092700536
71.622 0.004096577631
71.624 0.004093093412
71.626 0.004096946576
71.628 0.004093479404
71.63 0.004097313525
71.632 0.004093861862
71.634 0.00409767946
71.636 0.004094214982
71.638 0.004098041371
71.64 0.004094587351
71.642 0.004098399988
71.644 0.004094943476
71.646 0.004098753554
71.648 0.004095288669
71.65 0.004099102988
71.652 0.004095625363
71.654 0.00409944559
71.656 0.004095954769
71.658 0.004099780604
71.66 0.004096277808
71.662 0.004100107699
71.664 0.004096592869
71.666 0.004100424729
71.668 0.004096820469
71.67 0.004100735244
71.672 0.004097111021
71.674 0.004101030711
71.676 0.004097406571
71.678 0.004101313211
71.68 0.004097700432
71.682 0.004101583723
71.684 0.004097990278
71.686 0.004101855352
71.688 0.004098275451
71.69 0.004102091851
71.692 0.004098555768
71.694 0.004102326572
71.696 0.004098832297
71.698 0.004102551184
71.7 0.004099104421
71.702 0.004102764996
71.704 0.004099372138
71.706 0.004102966558
71.708 0.004099636688
71.71 0.004103156155
71.712 0.00409989527
71.714 0.004103338354
71.716 0.004100150283
71.718 0.004103508082
71.72 0.004100404148
71.722 0.004103660227
71.724 0.004100659387
71.726 0.004103805663
71.728 0.004100907891
71.73 0.004103941054
71.732 0.004101149445
71.734 0.004104053397
71.736 0.004101393647
71.738 0.004104161893
71.74 0.004101635237
71.742 0.004104277855
71.744 0.004101871962
71.746 0.004104363652
71.748 0.004102102766
71.75 0.004104452294
71.752 0.004102327566
71.754 0.004104535488
71.756 0.004102546586
71.758 0.004104612395
71.76 0.004102759671
71.762 0.004104682866
71.764 0.004102966322
71.766 0.004104747936
71.768 0.004103064798
71.77 0.004104903445
71.772 0.00410324706
71.774 0.004104953593
71.776 0.004103430065
71.778 0.004104883547
71.78 0.004103636876
71.782 0.004104926217
71.784 0.004103877661
71.786 0.004104933893
71.788 0.004103981421
71.79 0.004105050261
71.792 0.004104148755
71.794 0.004105070161
71.796 0.004104309197
71.798 0.004104973373
71.8 0.004104489471
71.802 0.004105075227
71.804 0.004104685177
71.806 0.004105073973
71.808 0.004104759042
71.81 0.004105171296
71.812 0.004104894354
71.814 0.004105169383
71.816 0.004105025606
71.818 0.004105051123
71.82 0.004105178174
71.822 0.004105046613
71.824 0.004105364343
71.826 0.004105014479
71.828 0.004105500857
71.83 0.004104996966
71.832 0.004105616073
71.834 0.004104957727
71.836 0.004105922062
71.838 0.004104879344
71.84 0.004105996265
71.842 0.004104848465
71.844 0.004106059421
71.846 0.004104839682
71.848 0.004106028233
71.85 0.004104936712
71.852 0.004106077913
71.854 0.004104905748
71.856 0.004106340367
71.858 0.00410471656
71.86 0.004106388034
71.862 0.004104684653
71.864 0.004106476747
71.866 0.004104647514
71.868 0.004106531732
71.87 0.004104634286
71.872 0.004106561463
71.874 0.004104600024
71.876 0.004106797694
71.878 0.004104500036
71.88 0.004106794753
71.882 0.004104458461
71.884 0.004106802454
71.886 0.004104437612
71.888 0.004106817704
71.89 0.004104418202
71.892 0.004106838022
71.894 0.004104382177
71.896 0.004107076376
71.898 0.004104284918
71.9 0.004107070654
71.902 0.004104229566
71.904 0.004107074444
71.906 0.004104190762
71.908 0.004107087235
71.91 0.004104129629
71.912 0.004107310182
71.914 0.004104075045
71.916 0.004107285995
71.918 0.00410408593
71.92 0.004107282129
71.922 0.004104114885
71.924 0.004107353218
71.926 0.004104136094
71.928 0.004107429011
71.93 0.004103978524
71.932 0.004107664949
71.934 0.004104018735
71.936 0.004107732384
71.938 0.004103772516
71.94 0.004107869589
71.942 0.004103664065
71.944 0.004108003327
71.946 0.004103571098
71.948 0.004108134123
71.95 0.004103329232
71.952 0.004108416296
71.954 0.004103294785
71.956 0.004108501253
71.958 0.004103238209
71.96 0.004108559099
71.962 0.004103194236
71.964 0.004108603532
71.966 0.00410318049
71.968 0.00410864802
71.97 0.004103001193
71.972 0.004108820494
71.974 0.004103005073
71.976 0.004108799079
71.978 0.004102923754
71.98 0.004108776007
71.982 0.004102916156
71.984 0.004108742979
71.986 0.004102943851
71.988 0.004108700584
71.99 0.004102957472
71.992 0.004108655904
71.994 0.004102824877
71.996 0.004108759542
71.998 0.004102867924
72 0.004108679892
72.002 0.004102872588
72.004 0.004108604336
72.006 0.004102906889
72.008 0.004108537071
72.01 0.004102927885
72.012 0.004108464594
72.014 0.00410294852
72.016 0.004108395534
72.018 0.004102900371
72.02 0.004108288745
72.022 0.004102973214
72.024 0.004108252467
72.026 0.004102808887
72.028 0.004108356777
72.03 0.004102822351
72.032 0.004108274461
72.034 0.004102808344
72.036 0.004108197289
72.038 0.004102806162
72.04 0.00410812081
72.042 0.004102800538
72.044 0.004108050899
72.046 0.004102790479
72.048 0.004107982495
72.05 0.004102776051
72.052 0.004107915725
72.054 0.004102756926
72.056 0.004107850054
72.058 0.004102733273
72.06 0.00410778937
72.062 0.004102703512
72.064 0.004107733022
72.066 0.004102668342
72.068 0.004107679894
72.07 0.004102466118
72.072 0.004107789397
72.074 0.004102445893
72.076 0.004107717248
72.078 0.00410240241
72.08 0.004107651204
72.082 0.004102373771
72.084 0.004107591065
72.086 0.004102348286
72.088 0.004107532226
72.09 0.004102326237
72.092 0.004107472914
72.094 0.00410230069
72.096 0.004107417647
72.098 0.004102275578
72.1 0.004107364052
72.102 0.004102166005
72.104 0.004107339292
72.106 0.004102109033
72.108 0.004107307674
72.11 0.004102063127
72.112 0.004107271255
72.114 0.004102031082
72.116 0.004107227398
72.118 0.004102000324
72.12 0.004107182888
72.122 0.00410197211
72.124 0.004107135957
72.126 0.004101948414
72.128 0.004107132467
72.13 0.004101891844
72.132 0.004107057822
72.134 0.004101891639
72.136 0.004106984677
72.138 0.00410189255
72.14 0.004106993252
72.142 0.004101891235
72.144 0.004106925751
72.146 0.004101896682
72.148 0.004106842664
72.15 0.004101907368
72.152 0.004106753251
72.154 0.004101921577
72.156 0.004106660837
72.158 0.004101936584
72.16 0.004106566007
72.162 0.004101953445
72.164 0.004106470147
72.166 0.004101969589
72.168 0.004106371678
72.17 0.004101990405
72.172 0.004106266683
72.174 0.004102011381
72.176 0.004106160636
72.178 0.004102029716
72.18 0.00410605612
72.182 0.004102046078
72.184 0.004105950635
72.186 0.004102061003
72.188 0.004105843959
72.19 0.004102074549
72.192 0.004105736468
72.194 0.004102086229
72.196 0.004105627192
72.198 0.0041020964
72.2 0.004105516423
72.202 0.004102104686
72.204 0.004105404625
72.206 0.004102111076
72.208 0.004105293801
72.21 0.004102116782
72.212 0.004105180162
72.214 0.004102119944
72.216 0.004105064523
72.218 0.00410212978
72.22 0.004104946949
72.222 0.004102115953
72.224 0.004104832206
72.226 0.004102108382
72.228 0.004104717806
72.23 0.004102097852
72.232 0.004104603098
72.234 0.004102083911
72.236 0.00410448718
72.238 0.004102077659
72.24 0.004104370144
72.242 0.004102046754
72.244 0.004104256348
72.246 0.004102018801
72.248 0.004104139296
72.25 0.004101997914
72.252 0.004104022971
72.254 0.004101954139
72.256 0.004103942484
72.258 0.004101893169
72.26 0.004103832972
72.262 0.00410185189
72.264 0.00410371301
72.266 0.0041018153
72.268 0.004103562884
72.27 0.004101779341
72.272 0.004103454915
72.274 0.004101739367
72.276 0.004103327594
72.278 0.004101687589
72.28 0.004103185515
72.282 0.004101654106
72.284 0.004103059626
72.286 0.004101609923
72.288 0.004102924905
72.29 0.004101575393
72.292 0.004102783707
72.294 0.004101518148
72.296 0.004102635692
72.298 0.004101397384
72.3 0.004102372721
72.302 0.004101309969
72.304 0.004102236788
72.306 0.004101244087
72.308 0.00410208326
72.31 0.004101198491
72.312 0.00410193019
72.314 0.004101205854
72.316 0.004101878102
72.318 0.004101193831
72.32 0.004101739618
72.322 0.004101134569
72.324 0.004101577988
72.326 0.004101006703
72.328 0.004101311256
72.33 0.004100909666
72.332 0.004101142627
72.334 0.004100921958
72.336 0.004101091576
72.338 0.004100880763
72.34 0.004100938439
72.342 0.004100831843
72.344 0.004100765703
72.346 0.00410067678
72.348 0.004100497544
72.35 0.004100590926
72.352 0.004100311501
72.354 0.004100575253
72.356 0.00410026156
72.358 0.004100536104
72.36 0.004100111515
72.362 0.004100388447
72.364 0.004099835603
72.366 0.004100363445
72.368 0.00409979237
72.37 0.004100326473
72.372 0.004099640571
72.374 0.004100241238
72.376 0.004099474906
72.378 0.00410008434
72.38 0.004099214327
72.382 0.004100063643
72.384 0.004099179439
72.386 0.004100002855
72.388 0.004099020051
72.39 0.004099937088
72.392 0.004098903013
72.394 0.004099870988
72.396 0.004098746378
72.398 0.0040997135
72.4 0.004098487389
72.402 0.004099676076
72.404 0.00409846665
72.406 0.004099628306
72.408 0.004098319402
72.41 0.004099561329
72.412 0.004098200153
72.414 0.004099491801
72.416 0.004098078653
72.418 0.004099349848
72.42 0.004097854561
72.422 0.004099327923
72.424 0.004097835013
72.426 0.004099206809
72.428 0.004097610768
72.43 0.004099192257
72.432 0.004097611441
72.434 0.004099096782
72.436 0.004097406816
72.438 0.004099086975
72.44 0.004097412479
72.442 0.004099053907
72.444 0.004097314451
72.446 0.004099011746
72.448 0.004097282068
72.45 0.004098970431
72.452 0.00409730151
72.454 0.004098907874
72.456 0.004097222279
72.458 0.00409904091
72.46 0.004097303451
72.462 0.004099126827
72.464 0.004097346712
72.466 0.004099212007
72.468 0.004097385525
72.47 0.004099296598
72.472 0.004097692621
72.474 0.004099302361
72.476 0.004097803114
72.478 0.00409932359
72.48 0.004097933728
72.482 0.004099340723
72.484 0.004098161185
72.486 0.004099363679
72.488 0.004098321207
72.49 0.004099322907
72.492 0.00409836223
72.494 0.004099421713
72.496 0.004098590097
72.498 0.004099541681
72.5 0.004098748188
72.502 0.004099657559
72.504 0.004098857161
72.506 0.004099792027
72.508 0.004098972373
72.51 0.00409995693
72.512 0.004099097155
72.514 0.004100146621
72.516 0.004099216741
72.518 0.004100341183
72.52 0.004099311296
72.522 0.004100537907
72.524 0.004099405544
72.526 0.004100742588
72.528 0.004099530602
72.53 0.004100972334
72.532 0.00409965123
72.534 0.004101195078
72.536 0.004099777115
72.538 0.004101438458
72.54 0.004099906383
72.542 0.004101680134
72.544 0.004100053069
72.546 0.004101923594
72.548 0.004100214472
72.55 0.00410216888
72.552 0.004100370616
72.554 0.004102415889
72.556 0.004100553754
72.558 0.004102664321
72.56 0.004100731839
72.562 0.004102914308
72.564 0.004100865583
72.566 0.004103122235
72.568 0.004101151334
72.57 0.004103394892
72.572 0.004101360775
72.574 0.004103664829
72.576 0.004101595167
72.578 0.004103920174
72.58 0.004101837055
72.582 0.004104178913
72.584 0.004102091316
72.586 0.004104431761
72.588 0.004102355456
72.59 0.004104690796
72.592 0.004102635477
72.594 0.004104958743
72.596 0.004102908875
72.598 0.004105200441
72.6 0.004103197853
72.602 0.004105439168
72.604 0.004103696478
72.606 0.004105613605
72.608 0.004103970508
72.61 0.004105863891
72.612 0.004104280716
72.614 0.004106125805
72.616 0.004104560935
72.618 0.004106382929
72.62 0.004104876884
72.622 0.004106656973
72.624 0.004105174687
72.626 0.004106900397
72.628 0.004105487721
72.63 0.00410715102
72.632 0.004106026193
72.634 0.004107350541
72.636 0.004106295223
72.638 0.004107570977
72.64 0.004106587214
72.642 0.004107864762
72.644 0.004106910245
72.646 0.004108122003
72.648 0.004107192131
72.65 0.004108412096
72.652 0.004107688351
72.654 0.004108619789
72.656 0.004107970268
72.658 0.004108867157
72.66 0.004108257581
72.662 0.004109114302
72.664 0.004108540618
72.666 0.004109343838
72.668 0.004109018646
72.67 0.00410952166
72.672 0.004109255444
72.674 0.004109747894
72.676 0.004109502194
72.678 0.004110012203
72.68 0.00410976077
72.682 0.004110242076
72.684 0.004110199836
72.686 0.004110446181
72.688 0.004110425174
72.69 0.00411069693
72.692 0.004110654275
72.694 0.00411094018
72.696 0.004111064272
72.698 0.004111124978
72.7 0.004111249994
72.702 0.004111334018
72.704 0.004111643274
72.706 0.004111542019
72.708 0.004111817634
72.71 0.004111790692
72.712 0.004111984842
72.714 0.004112002372
72.716 0.004112351186
72.718 0.004112209177
72.72 0.004112509969
72.722 0.004112419414
72.724 0.004112884195
72.726 0.004112623976
72.728 0.004113014379
72.73 0.00411280835
72.732 0.004113337214
72.734 0.004113002347
72.736 0.004113493791
72.738 0.004113198065
72.74 0.004113821396
72.742 0.004113371169
72.744 0.004113948381
72.746 0.004113552313
72.748 0.004114287728
72.75 0.004113698536
72.752 0.004114428628
72.754 0.004113874379
72.756 0.00411477563
72.758 0.004114034039
72.76 0.004114876169
72.762 0.004114196067
72.764 0.004115182892
72.766 0.004114334669
72.768 0.004115500343
72.77 0.004114453301
72.772 0.004115586954
72.774 0.004114606136
72.776 0.004115879942
72.778 0.004114735497
72.78 0.004115959171
72.782 0.00411488464
72.784 0.004116255884
72.786 0.004114985607
72.788 0.004116544648
72.79 0.00411509635
72.792 0.004116588093
72.794 0.004115234754
72.796 0.004116864825
72.798 0.00411532036
72.8 0.004117116458
72.802 0.004115393856
72.804 0.00411734875
72.806 0.004115505187
72.808 0.004117361291
72.81 0.004115636967
72.812 0.004117599358
72.814 0.004115732512
72.816 0.004117793362
72.818 0.004115803147
72.82 0.004117999744
72.822 0.004115907983
72.824 0.004117982081
72.826 0.004116053306
72.828 0.004118187006
72.83 0.004116162204
72.832 0.004118382128
72.834 0.004116244873
72.836 0.004118553251
72.838 0.004116334589
72.84 0.004118700425
72.842 0.004116433669
72.844 0.004118658518
72.846 0.004116578431
72.848 0.00411883595
72.85 0.004116677885
72.852 0.004118995664
72.854 0.00411676717
72.856 0.004119150214
72.858 0.004116845088
72.86 0.004119262916
72.862 0.004116912292
72.864 0.004119402446
72.866 0.004116989241
72.868 0.00411952624
72.87 0.004117067844
72.872 0.004119633628
72.874 0.004117141268
72.876 0.004119739952
72.878 0.004117236653
72.88 0.004119836806
72.882 0.004117325126
72.884 0.004119942719
72.886 0.004117442874
72.888 0.004119831184
72.89 0.004117607967
72.892 0.004119950079
72.894 0.004117707536
72.896 0.004120063852
72.898 0.004117787907
72.9 0.004120156691
72.902 0.004117860108
72.904 0.00412027063
72.906 0.004117940183
72.908 0.004120381392
72.91 0.004118009049
72.912 0.004120470478
72.914 0.004118069006
72.916 0.004120561396
72.918 0.004118149649
72.92 0.00412063801
72.922 0.004118198565
72.924 0.00412072362
72.926 0.004118266208
72.928 0.004120805665
72.93 0.004118349661
72.932 0.004120894527
72.934 0.004118437168
72.936 0.004120970461
72.938 0.004118501923
72.94 0.00412103042
72.942 0.004118568595
72.944 0.004121097276
72.946 0.004118647914
72.948 0.004121160456
72.95 0.004118764122
72.952 0.004121238328
72.954 0.00411884014
72.956 0.004121308272
72.958 0.004118916675
72.96 0.004121352792
72.962 0.004118994467
72.964 0.004121405791
72.966 0.004119094385
72.968 0.00412145541
72.97 0.004119186912
72.972 0.004121514565
72.974 0.004119279138
72.976 0.004121554044
72.978 0.004119364721
72.98 0.004121600918
72.982 0.004119472923
72.984 0.004121646901
72.986 0.004119570633
72.988 0.004121703282
72.99 0.00411966785
72.992 0.004121739249
72.994 0.004119756882
72.996 0.004121772881
72.998 0.004119867412
73 0.004121840303
73.002 0.004119968048
73.004 0.00412188068
73.006 0.004120059159
73.008 0.004121930493
73.01 0.004120183976
73.012 0.004121990778
73.014 0.004120274841
73.016 0.004122024167
73.018 0.004120374984
73.02 0.004122076829
73.022 0.004120487808
73.024 0.004122128246
73.026 0.004120591217
73.028 0.004122189199
73.03 0.004120680487
73.032 0.004122249062
73.034 0.004120794583
73.036 0.004122305594
73.038 0.004120899909
73.04 0.004122366714
73.042 0.004120982271
73.044 0.004122430305
73.046 0.004121110304
73.048 0.00412251844
73.05 0.004121231632
73.052 0.004122562463
73.054 0.004121305527
73.056 0.004122628134
73.058 0.004121420343
73.06 0.004122694316
73.062 0.004121538726
73.064 0.004122768198
73.066 0.004121648336
73.068 0.00412285015
73.07 0.004121758332
73.072 0.004122910948
73.074 0.004121886709
73.076 0.004122992544
73.078 0.004121989356
73.08 0.004123054158
73.082 0.004122094439
73.084 0.004123126186
73.086 0.004122235159
73.088 0.004123198194
73.09 0.004122332339
73.092 0.004123282406
73.094 0.004122468955
73.096 0.004123358293
73.098 0.004122593718
73.1 0.004123435578
73.102 0.004122714433
73.104 0.004123511717
73.106 0.004122824716
73.108 0.004123578172
73.11 0.004122946138
73.112 0.004123651268
73.114 0.004123050519
73.116 0.004123735589
73.118 0.00412319279
73.12 0.004123802898
73.122 0.004123297377
73.124 0.004123896646
73.126 0.004123443132
73.128 0.004123977952
73.13 0.004123561498
73.132 0.004124069825
73.134 0.004123692625
73.136 0.004124141629
73.138 0.004123819656
73.14 0.004124246109
73.142 0.004123956992
73.144 0.004124321385
73.146 0.004124065391
73.148 0.004124407636
73.15 0.004124186246
73.152 0.004124467339
73.154 0.004124312648
73.156 0.004124561749
73.158 0.004124425255
73.16 0.004124658336
73.162 0.004124579884
73.164 0.004124744741
73.166 0.004124694603
73.168 0.004124843789
73.17 0.004124813743
73.172 0.004124909096
73.174 0.004124926749
73.176 0.004124998498
73.178 0.004125033225
73.18 0.00412508779
73.182 0.004125174617
73.184 0.004125181799
73.186 0.004125291529
73.188 0.004125270813
73.19 0.004125398119
73.192 0.004125338403
73.194 0.004125525636
73.196 0.004125425161
73.198 0.004125736357
73.2 0.004125407046
73.202 0.004125867214
73.204 0.004125499746
73.206 0.004125970897
73.208 0.004125587909
73.21 0.004126083747
73.212 0.004125684951
73.214 0.004126101709
73.216 0.004125740058
73.218 0.00412626998
73.22 0.00412583752
73.222 0.004126368905
73.224 0.004125955545
73.226 0.004126476359
73.228 0.004126037276
73.23 0.004126560194
73.232 0.004126130935
73.234 0.004126670176
73.236 0.004126215543
73.238 0.004126787066
73.24 0.004126306316
73.242 0.004126887519
73.244 0.004126389784
73.246 0.004126994621
73.248 0.004126474682
73.25 0.004127080189
73.252 0.004126551807
73.254 0.004127200613
73.256 0.004126629436
73.258 0.00412729014
73.26 0.004126707492
73.262 0.004127378789
73.264 0.004126762183
73.266 0.004127475338
73.268 0.004126864639
73.27 0.004127578311
73.272 0.004126917491
73.274 0.004127670459
73.276 0.004126990728
73.278 0.004127765693
73.28 0.004127056416
73.282 0.004127868587
73.284 0.004127141639
73.286 0.00412795334
73.288 0.00412719284
73.29 0.004128044058
73.292 0.004127281129
73.294 0.004128132862
73.296 0.004127347335
73.298 0.004128219665
73.3 0.004127424642
73.302 0.004128317949
73.304 0.004127482986
73.306 0.004128399302
73.308 0.004127557212
73.31 0.004128495937
73.312 0.004127636338
73.314 0.004128573044
73.316 0.004127702351
73.318 0.004128662347
73.32 0.004127780429
73.322 0.004128739412
73.324 0.004127854014
73.326 0.004128824415
73.328 0.00412792623
73.33 0.004128899802
73.332 0.004127985218
73.334 0.004128972007
73.336 0.004128060575
73.338 0.004129054245
73.34 0.004128128444
73.342 0.004129129335
73.344 0.004128205365
73.346 0.004129219877
73.348 0.004128286318
73.35 0.004129287833
73.352 0.004128354363
73.354 0.004129377473
73.356 0.004128430488
73.358 0.00412944438
73.36 0.004128489943
73.362 0.004129522493
73.364 0.004128583963
73.366 0.00412962231
73.368 0.004128663417
73.37 0.004129685228
73.372 0.00412873756
73.374 0.004129774578
73.376 0.004128812972
73.378 0.004129845494
73.38 0.004128887705
73.382 0.004129971446
73.384 0.004128968066
73.386 0.004130083261
73.388 0.004128990472
73.39 0.004130115933
73.392 0.004129122871
73.394 0.004130232171
73.396 0.004129138041
73.398 0.004130365246
73.4 0.004129200463
73.402 0.004130465393
73.404 0.004129260413
73.406 0.004130561594
73.408 0.004129350923
73.41 0.004130680049
73.412 0.004129431561
73.414 0.004130766377
73.416 0.004129517557
73.418 0.004130865161
73.42 0.00412962055
73.422 0.00413097753
73.424 0.00412971987
73.426 0.004131068243
73.428 0.004129821217
73.43 0.004131173456
73.432 0.004129946322
73.434 0.004131285039
73.436 0.004130064328
73.438 0.004131384721
73.44 0.004130169348
73.442 0.004131482742
73.444 0.004130311288
73.446 0.004131602337
73.448 0.004130445042
73.45 0.004131707162
73.452 0.004130572323
73.454 0.004131821003
73.456 0.004130710372
73.458 0.004131936808
73.46 0.004130867574
73.462 0.004132066809
73.464 0.004131017132
73.466 0.004132181901
73.468 0.004131150127
73.47 0.004132313363
73.472 0.004131308148
73.474 0.004132449709
73.476 0.004131475404
73.478 0.004132606988
73.48 0.004131643322
73.482 0.004132747914
73.484 0.004131793424
73.486 0.004132903253
73.488 0.004131965708
73.49 0.004133066668
73.492 0.004132149292
73.494 0.004133247441
73.496 0.004132334386
73.498 0.004133424758
73.5 0.004132515628
73.502 0.004133592212
73.504 0.00413269557
73.506 0.004133779187
73.508 0.004132884331
73.51 0.004133971211
73.512 0.004133101006
73.514 0.004134183312
73.516 0.004133305054
73.518 0.004134389751
73.52 0.004133521135
73.522 0.004134589068
73.524 0.004133722498
73.526 0.004134803325
73.528 0.00413394818
73.53 0.004135030501
73.532 0.004134192845
73.534 0.004135265583
73.536 0.004134432923
73.538 0.004135505446
73.54 0.004134677203
73.542 0.004135742045
73.544 0.004134922045
73.546 0.004135973173
73.548 0.004135169767
73.55 0.004136222983
73.552 0.004135427217
73.554 0.004136479805
73.556 0.00413569983
73.558 0.004136746491
73.56 0.00413597908
73.562 0.004137007712
73.564 0.004136278121
73.566 0.004137295831
73.568 0.004136572158
73.57 0.004137571721
73.572 0.004136868974
73.574 0.004137860318
73.576 0.004137172272
73.578 0.004138146118
73.58 0.004137480308
73.582 0.004138444345
73.584 0.004137794741
73.586 0.004138730952
73.588 0.004138095373
73.59 0.004139035736
73.592 0.004138420552
73.594 0.00413934943
73.596 0.004138745436
73.598 0.004139666833
73.6 0.004139083269
73.602 0.004139996722
73.604 0.004139422801
73.606 0.004140322643
73.608 0.004139765212
73.61 0.004140661302
73.612 0.004140113415
73.614 0.004140997237
73.616 0.004140458671
73.618 0.004141340492
73.62 0.004140815954
73.622 0.00414169563
73.624 0.004141175958
73.626 0.004142046106
73.628 0.00414153713
73.63 0.004142408276
73.632 0.004141902323
73.634 0.004142765108
73.636 0.004142264692
73.638 0.004143129691
73.64 0.004142682703
73.642 0.0041435028
73.644 0.004143023049
73.646 0.004143871609
73.648 0.004143386724
73.65 0.004144248128
73.652 0.004143766425
73.654 0.004144632766
73.656 0.004144148762
73.658 0.004145010232
73.66 0.004144566484
73.662 0.004145392335
73.664 0.004144915677
73.666 0.004145782943
73.668 0.004145220515
73.67 0.004146121826
73.672 0.004145680179
73.674 0.004146498233
73.676 0.00414606631
73.678 0.004146940249
73.68 0.004146453246
73.682 0.004147336811
73.684 0.004146833081
73.686 0.00414768357
73.688 0.004147224344
73.69 0.004148132662
73.692 0.004147618598
73.694 0.004148529465
73.696 0.004148051696
73.698 0.004148919577
73.7 0.004148396018
73.702 0.004149306547
73.704 0.004148781265
73.706 0.004149647432
73.708 0.004149163163
73.71 0.004150073533
73.712 0.004149544615
73.714 0.004150442984
73.716 0.00414994824
73.718 0.004150867567
73.72 0.004150336441
73.722 0.004151255591
73.724 0.004150746201
73.726 0.004151627733
73.728 0.004151094009
73.73 0.004152024079
73.732 0.004151513
73.734 0.004152408206
73.736 0.004151860724
73.738 0.004152791684
73.74 0.004152271917
73.742 0.004153170629
73.744 0.004152591088
73.746 0.004153512835
73.748 0.004152973749
73.75 0.004153919085
73.752 0.004153329734
73.754 0.004154251706
73.756 0.004153698088
73.758 0.004154653453
73.76 0.00415410671
73.762 0.004155034454
73.764 0.004154427213
73.766 0.004155401535
73.768 0.004154819818
73.77 0.004155758566
73.772 0.004155145109
73.774 0.00415607738
73.776 0.004155508238
73.778 0.004156470302
73.78 0.004155894667
73.782 0.004156820514
73.784 0.004156195458
73.786 0.004157168366
73.788 0.004156585717
73.79 0.004157518142
73.792 0.004156887694
73.794 0.004157809387
73.796 0.004157221401
73.798 0.004158181374
73.8 0.00415760614
73.802 0.004158517512
73.804 0.004157886084
73.806 0.004158809803
73.808 0.004158221126
73.81 0.004159172046
73.812 0.004158586058
73.814 0.004159473619
73.816 0.004158874187
73.818 0.004159766585
73.82 0.004159190136
73.822 0.004160112441
73.824 0.004159548783
73.826 0.004160431606
73.828 0.004159829073
73.83 0.004160689671
73.832 0.004160124616
73.834 0.004161033864
73.836 0.004160473845
73.838 0.00416132953
73.84 0.004160784311
73.842 0.004161707349
73.844 0.004161025073
73.846 0.004161971873
73.848 0.004161287959
73.85 0.004162313218
73.852 0.004161606913
73.854 0.004162594553
73.856 0.004161897109
73.858 0.004162885051
73.86 0.004162138102
73.862 0.004163111984
73.864 0.004162399116
73.866 0.00416342375
73.868 0.0041626714
73.87 0.00416368405
73.872 0.004162946731
73.874 0.004163952999
73.876 0.004163164931
73.878 0.004164163367
73.88 0.004163437603
73.882 0.004164397117
73.884 0.004163685949
73.886 0.004164678466
73.888 0.004163990577
73.89 0.004164918853
73.892 0.004164277008
73.894 0.004165154003
73.896 0.004164484748
73.898 0.004165335983
73.9 0.004164733392
73.902 0.00416554387
73.904 0.004164992077
73.906 0.004165799615
73.908 0.004165272402
73.91 0.004166017165
73.912 0.004165528748
73.914 0.004166230021
73.916 0.004165786163
73.918 0.004166434485
73.92 0.00416596884
73.922 0.004166590779
73.924 0.004166193037
73.926 0.004166777015
73.928 0.00416641254
73.93 0.004167011263
73.932 0.004166690747
73.934 0.004167206976
73.936 0.004166905674
73.938 0.004167404478
73.94 0.004167131218
73.942 0.004167595586
73.944 0.004167341923
73.946 0.004167778441
73.948 0.004167493994
73.95 0.00416790455
73.952 0.004167698759
73.954 0.004168069822
73.956 0.004167884887
73.958 0.004168241324
73.96 0.004168074612
73.962 0.004168453223
73.964 0.00416829499
73.966 0.004168617462
73.968 0.004168482535
73.97 0.004168788144
73.972 0.004168663162
73.974 0.00416893752
73.976 0.004168836879
73.978 0.004169100317
73.98 0.00416901305
73.982 0.004169252862
73.984 0.004169171676
73.986 0.004169401138
73.988 0.004169297073
73.99 0.004169489074
73.992 0.004169451853
73.994 0.004169632272
73.996 0.004169597282
73.998 0.004169769771
74 0.004169762416
74.002 0.004169901533
74.004 0.004169907178
74.006 0.004170030976
74.008 0.00417005382
74.01 0.004170148914
74.012 0.004170198131
74.014 0.004170278138
74.016 0.004170338105
74.018 0.004170399037
74.02 0.004170483377
74.022 0.00417051569
74.024 0.004170610638
74.026 0.004170629447
74.028 0.004170740901
74.03 0.004170740825
74.032 0.004170877612
74.034 0.004170847835
74.036 0.004170993915
74.038 0.004170953498
74.04 0.004171116419
74.042 0.004171055499
74.044 0.004171232488
74.046 0.004171152913
74.048 0.004171358073
74.05 0.004171236927
74.052 0.004171465712
74.054 0.004171345432
74.056 0.004171577073
74.058 0.004171438006
74.06 0.004171683574
74.062 0.004171530312
74.064 0.00417178182
74.066 0.004171601597
74.068 0.004171881608
74.07 0.004171694493
74.072 0.004171978994
74.074 0.004171778009
74.076 0.004172070251
74.078 0.004171862624
74.08 0.004172165205
74.082 0.004171929889
74.084 0.004172251487
74.086 0.004172010286
74.088 0.004172336247
74.09 0.004172084434
74.092 0.004172416756
74.094 0.004172160025
74.096 0.004172497686
74.098 0.004172228147
74.1 0.004172581839
74.102 0.004172290089
74.104 0.004172644762
74.106 0.004172354981
74.108 0.00417271777
74.11 0.004172421087
74.112 0.004172785474
74.114 0.00417247646
74.116 0.004172851147
74.118 0.004172519371
74.12 0.00417291775
74.122 0.004172587187
74.124 0.004172976553
74.126 0.004172637002
74.128 0.004173029757
74.13 0.004172687176
74.132 0.004173092473
74.134 0.004172738275
74.136 0.004173145753
74.138 0.004172767783
74.14 0.004173206012
74.142 0.004172818889
74.144 0.004173244133
74.146 0.004172853694
74.148 0.004173286251
74.15 0.00417289714
74.152 0.004173370975
74.154 0.004172976289
74.156 0.00417341629
74.158 0.004173010601
74.16 0.004173457153
74.162 0.004173048382
74.164 0.004173487531
74.166 0.004173083303
74.168 0.004173522721
74.17 0.004173111785
74.172 0.004173555095
74.174 0.004173144863
74.176 0.004173580741
74.178 0.004173129189
74.18 0.004173560189
74.182 0.004173145688
74.184 0.004173569768
74.186 0.00417316877
74.188 0.004173585509
74.19 0.004173181299
74.192 0.004173648447
74.194 0.004173245878
74.196 0.004173669136
74.198 0.004173266938
74.2 0.00417367946
74.202 0.004173283756
74.204 0.004173695072
74.206 0.004173269947
74.208 0.004173697899
74.21 0.004173236348
74.212 0.004173663964
74.214 0.004173245138
74.216 0.004173660609
74.218 0.00417323836
74.22 0.004173706915
74.222 0.004173300443
74.224 0.004173725863
74.226 0.004173347616
74.228 0.004173714788
74.23 0.004173389681
74.232 0.004173736108
74.234 0.004173380241
74.236 0.004173723556
74.238 0.004173405842
74.24 0.004173747658
74.242 0.004173427077
74.244 0.004173817433
74.246 0.004173503865
74.248 0.004173853729
74.25 0.004173537534
74.252 0.004173887234
74.254 0.004173518636
74.256 0.004173857109
74.258 0.004173530883
74.26 0.004173867383
74.262 0.004173546514
74.264 0.004173935846
74.266 0.004173610745
74.268 0.004173951478
74.27 0.00417362746
74.272 0.004173963265
74.274 0.004173637037
74.276 0.004173974502
74.278 0.004173558362
74.28 0.004173934492
74.282 0.004173552044
74.284 0.004173977286
74.286 0.004173598919
74.288 0.00417398142
74.29 0.004173608791
74.292 0.004173982385
74.294 0.004173610691
74.296 0.004173978889
74.298 0.004173563461
74.3 0.004173930584
74.302 0.004173551397
74.304 0.004173961247
74.306 0.004173587766
74.308 0.004173960329
74.31 0.00417358565
74.312 0.00417395307
74.314 0.004173573892
74.316 0.004173946398
74.318 0.00417351363
74.32 0.004173891004
74.322 0.004173488908
74.324 0.004173919545
74.326 0.004173512714
74.328 0.004173914746
74.33 0.004173499197
74.332 0.004173902412
74.334 0.004173475382
74.336 0.004173887864
74.338 0.004173406136
74.34 0.004173829331
74.342 0.004173373289
74.344 0.004173850907
74.346 0.004173389605
74.348 0.004173842862
74.35 0.004173362884
74.352 0.004173826264
74.354 0.00417333755
74.356 0.004173813773
74.358 0.00417326626
74.36 0.004173755209
74.362 0.004173228843
74.364 0.00417376612
74.366 0.004173242554
74.368 0.004173751362
74.37 0.004173217265
74.372 0.004173729298
74.374 0.004173191299
74.376 0.004173709793
74.378 0.004173111999
74.38 0.004173640882
74.382 0.004173080049
74.384 0.004173614278
74.386 0.004173050082
74.388 0.004173630134
74.39 0.004173067751
74.392 0.004173618784
74.394 0.004173043112
74.396 0.004173591316
74.398 0.004172968857
74.4 0.004173520809
74.402 0.004172935068
74.404 0.004173487942
74.406 0.00417291291
74.408 0.004173511012
74.41 0.004172933556
74.412 0.0041734919
74.414 0.004172917801
74.416 0.004173465956
74.418 0.004172892649
74.42 0.004173441764
74.422 0.004172824824
74.424 0.00417337197
74.426 0.004172796669
74.428 0.004173350275
74.43 0.004172778986
74.432 0.004173369308
74.434 0.004172805953
74.436 0.00417335225
74.438 0.004172797712
74.44 0.004173333017
74.442 0.004172784278
74.444 0.004173339898
74.446 0.004172726527
74.448 0.004173312153
74.45 0.004172701916
74.452 0.004173322194
74.454 0.004172734012
74.456 0.004173341361
74.458 0.004172761688
74.46 0.00417340483
74.462 0.004172839879
74.464 0.0041734398
74.466 0.004172880907
74.468 0.00417346775
74.47 0.004172930091
74.472 0.004173498277
74.474 0.004172968449
74.476 0.004173528235
74.478 0.004172967344
74.48 0.004173522404
74.482 0.00417301164
74.484 0.004173551301
74.486 0.004173048895
74.488 0.00417358239
74.49 0.00417310809
74.492 0.004173673078
74.494 0.004173211264
74.496 0.004173723886
74.498 0.004173274772
74.5 0.004173771101
74.502 0.004173343009
74.504 0.004173819563
74.506 0.004173413924
74.508 0.004173870948
74.51 0.004173479293
74.512 0.004173924245
74.514 0.004173497266
74.516 0.00417393035
74.518 0.004173572351
74.52 0.004173982993
74.522 0.00417365144
74.524 0.004174040805
74.526 0.004173722965
74.528 0.004174103098
74.53 0.00417381273
74.532 0.004174164723
74.534 0.00417389958
74.536 0.004174280757
74.538 0.00417403333
74.54 0.004174365252
74.542 0.004174133091
74.544 0.004174434428
74.546 0.004174227502
74.548 0.004174509248
74.55 0.004174323005
74.552 0.004174594452
74.554 0.004174421894
74.556 0.004174666117
74.558 0.004174523945
74.56 0.00417474637
74.562 0.004174618425
74.564 0.004174830232
74.566 0.004174728865
74.568 0.004174916779
74.57 0.004174835558
74.572 0.004175006937
74.574 0.004174934755
74.576 0.00417509883
74.578 0.004175050893
74.58 0.004175192958
74.582 0.00417516362
74.584 0.004175287912
74.586 0.00417526844
74.588 0.004175388322
74.59 0.004175389229
74.592 0.004175485387
74.594 0.004175506954
74.596 0.0041755894
74.598 0.004175624449
74.6 0.004175697822
74.602 0.004175738143
74.604 0.004175796758
74.606 0.004175863812
74.608 0.004175900643
74.61 0.004175985107
74.612 0.004176009346
74.614 0.004176097604
74.616 0.004176116567
74.618 0.00417622079
74.62 0.004176228743
74.622 0.004176341071
74.624 0.004176343062
74.626 0.004176461139
74.628 0.004176452366
74.63 0.004176582659
74.632 0.004176573907
74.634 0.004176705966
74.636 0.004176689067
74.638 0.004176828147
74.64 0.00417681065
74.642 0.004176949622
74.644 0.004176938654
74.646 0.004177069421
74.648 0.004177053277
74.65 0.004177194092
74.652 0.004177175988
74.654 0.004177319918
74.656 0.004177298881
74.658 0.004177433729
74.66 0.004177420387
74.662 0.004177561229
74.664 0.004177548105
74.666 0.004177683114
74.668 0.004177674859
74.67 0.004177799813
74.672 0.004177800922
74.674 0.00417792373
74.676 0.004177928963
74.678 0.00417804383
74.68 0.004178058733
74.682 0.004178152963
74.684 0.004178187883
74.686 0.004178276359
74.688 0.004178314224
74.69 0.004178393061
74.692 0.004178454361
74.694 0.004178508345
74.696 0.004178578377
74.698 0.004178622102
74.7 0.004178708811
74.702 0.004178726238
74.704 0.00417883941
74.706 0.004178844438
74.708 0.004178970121
74.71 0.004178947534
74.712 0.004179100446
74.714 0.004179063178
74.716 0.004179230836
74.718 0.004179171237
74.72 0.004179369056
74.722 0.004179277156
74.724 0.004179492561
74.726 0.004179379869
74.728 0.00417962877
74.73 0.004179481989
74.732 0.004179750871
74.734 0.004179582184
74.736 0.004179885499
74.738 0.004179681657
74.74 0.004179959305
74.742 0.004179732295
74.744 0.004180085793
74.746 0.00417982235
74.748 0.004180203959
74.75 0.004179908387
74.752 0.00418033502
74.754 0.004179997276
74.756 0.004180448865
74.758 0.004180087292
74.76 0.004180572734
74.762 0.004180220456
74.764 0.004180732849
74.766 0.004180310572
74.768 0.004180858254
74.77 0.004180384793
74.772 0.004180972604
74.774 0.004180470536
74.776 0.004181090029
74.778 0.004180540634
74.78 0.004181157077
74.782 0.004180576345
74.784 0.004181260014
74.786 0.004180637192
74.788 0.00418136599
74.79 0.004180708969
74.792 0.004181470235
74.794 0.004180822939
74.796 0.004181625103
74.798 0.004180899677
74.8 0.004181725379
74.802 0.004180961518
74.804 0.004181822119
74.806 0.004181014613
74.808 0.004181869257
74.81 0.004181034555
74.812 0.00418195245
74.814 0.004181076312
74.816 0.004182033093
74.818 0.004181182047
74.82 0.004182164659
74.822 0.00418124182
74.824 0.004182261497
74.826 0.004181293278
74.828 0.004182287946
74.83 0.004181295272
74.832 0.004182362331
74.834 0.004181332835
74.836 0.004182424446
74.838 0.004181417998
74.84 0.004182542363
74.842 0.004181469077
74.844 0.004182608329
74.846 0.004181505401
74.848 0.004182623581
74.85 0.004181486742
74.852 0.004182672624
74.854 0.004181567577
74.856 0.004182766363
74.858 0.004181605744
74.86 0.004182830103
74.862 0.004181637504
74.864 0.0041828236
74.866 0.004181620754
74.868 0.004182857102
74.87 0.004181676742
74.872 0.004182934709
74.874 0.004181711764
74.876 0.004182980039
74.878 0.004181736191
74.88 0.004182975416
74.882 0.004181710758
74.884 0.004182989758
74.886 0.004181766263
74.888 0.004183054146
74.89 0.004181777383
74.892 0.004183086053
74.894 0.004181798852
74.896 0.004183061684
74.898 0.004181765437
74.9 0.004183066763
74.902 0.004181803727
74.904 0.004183130119
74.906 0.004181821563
74.908 0.004183098977
74.91 0.004181781805
74.912 0.00418310073
74.914 0.004181810205
74.916 0.004183148433
74.918 0.004181823372
74.92 0.004183116217
74.922 0.004181771104
74.924 0.004183110382
74.926 0.004181806624
74.928 0.004183147841
74.93 0.004181793834
74.932 0.004183100963
74.934 0.004181736021
74.936 0.004183087712
74.938 0.004181781614
74.94 0.004183110274
74.942 0.004181829065
74.944 0.004183069058
74.946 0.004181827608
74.948 0.004183099612
74.95 0.00418189037
74.952 0.004183176602
74.954 0.004181940672
74.956 0.004183163792
74.958 0.004181993532
74.96 0.00418323294
74.962 0.004182002099
74.964 0.004183217666
74.966 0.004181995076
74.968 0.004183243318
74.97 0.004182036973
74.972 0.004183271316
74.974 0.004182058346
74.976 0.004183261712
74.978 0.00418209786
74.98 0.004183317623
74.982 0.004182094106
74.984 0.004183266777
74.986 0.004182056468
74.988 0.004183285009
74.99 0.004182123905
74.992 0.004183290824
74.994 0.004182080901
74.996 0.004183292361
74.998 0.004182115424
75 0.004183314467
75.002 0.004182120598
75.004 0.004183266348
75.006 0.004182120469
75.008 0.004183319921
75.01 0.004182141897
75.012 0.004183279176
75.014 0.004182140702
75.016 0.004183318028
75.018 0.004182128333
75.02 0.004183251419
75.022 0.004182120404
75.024 0.004183276355
75.026 0.004182106766
75.028 0.004183212968
75.03 0.004182087858
75.032 0.004183235453
75.034 0.004182064712
75.036 0.00418318333
75.038 0.0041820399
75.04 0.004183189507
75.042 0.004182014146
75.044 0.004183114564
75.046 0.004181987085
75.048 0.004183075004
75.05 0.004181912128
75.052 0.004183018691
75.054 0.004181879671
75.056 0.004182979716
75.058 0.004181858774
75.06 0.004182968486
75.062 0.004181857095
75.064 0.004182903534
75.066 0.004181826798
75.068 0.004182878535
75.07 0.004181765533
75.072 0.004182796402
75.074 0.004181740655
75.076 0.00418272622
75.078 0.004181678295
75.08 0.004182712392
75.082 0.00418164666
75.084 0.004182614916
75.086 0.004181578855
75.088 0.004182546058
75.09 0.004181529508
75.092 0.00418252486
75.094 0.004181488148
75.096 0.004182439756
75.098 0.004181433115
75.1 0.004182345245
75.102 0.004181371934
75.104 0.004182314538
75.106 0.004181289204
75.108 0.004182223456
75.11 0.004181236307
75.112 0.004182115927
75.114 0.004181168033
75.116 0.004182078356
75.118 0.004181096848
75.12 0.004181952928
75.122 0.004181011087
75.124 0.004181855843
75.126 0.004180956872
75.128 0.004181753588
75.13 0.004180881381
75.132 0.004181704178
75.134 0.004180799047
75.136 0.004181564098
75.138 0.004180702921
75.14 0.004181459538
75.142 0.004180628104
75.144 0.004181356961
75.146 0.004180538079
75.148 0.004181299649
75.15 0.004180446539
75.152 0.004181150092
75.154 0.004180340746
75.156 0.004181031883
75.158 0.004180253965
75.16 0.004180915905
75.162 0.004180154517
75.164 0.004180798509
75.166 0.004180052415
75.168 0.004180724772
75.17 0.004179931555
75.172 0.004180561566
75.174 0.004179836071
75.176 0.004180425011
75.178 0.004179729229
75.18 0.004180294422
75.182 0.004179616419
75.184 0.004180162679
75.186 0.004179487358
75.188 0.004179977639
75.19 0.00417942758
75.192 0.004179836576
75.194 0.004179314943
75.196 0.004179698275
75.198 0.004179191708
75.2 0.004179563292
75.202 0.004179048749
75.204 0.004179468979
75.206 0.004178929441
75.208 0.004179289431
75.21 0.004178800542
75.212 0.004179133645
75.214 0.004178670111
75.216 0.004178982084
75.218 0.004178520164
75.22 0.004178812706
75.222 0.004178411266
75.224 0.004178653825
75.226 0.004178274749
75.228 0.004178495787
75.23 0.004178135517
75.232 0.004178334538
75.234 0.004177977431
75.236 0.004178170802
75.238 0.004177845137
75.24 0.004178003939
75.242 0.004177699242
75.244 0.004177834276
75.246 0.004177552818
75.248 0.004177661979
75.25 0.004177388653
75.252 0.004177485534
75.254 0.004177249695
75.256 0.004177308971
75.258 0.00417710046
75.26 0.004177126151
75.262 0.00417694818
75.264 0.004176944002
75.266 0.004176781359
75.268 0.004176759698
75.27 0.004176634165
75.272 0.004176569372
75.274 0.004176479595
75.276 0.004176379916
75.278 0.004176319333
75.28 0.004176191148
75.282 0.004176161207
75.284 0.004176015081
75.286 0.004175999671
75.288 0.004175809954
75.29 0.004175834196
75.292 0.004175612087
75.294 0.004175668067
75.296 0.00417541671
75.298 0.004175501598
75.3 0.004175219574
75.302 0.00417531762
75.304 0.004175019991
75.306 0.004175158524
75.308 0.004174821263
75.31 0.004174989601
75.312 0.004174620343
75.314 0.004174816998
75.316 0.004174416763
75.318 0.004174642521
75.32 0.00417422629
75.322 0.004174465039
75.324 0.004174012141
75.326 0.004174289293
75.328 0.004173808561
75.33 0.004174111456
75.332 0.004173601539
75.334 0.004173929066
75.336 0.004173398086
75.338 0.004173752184
75.34 0.004173206957
75.342 0.004173568076
75.344 0.004172988246
75.346 0.00417338916
75.348 0.004172781303
75.35 0.004173207156
75.352 0.00417257909
75.354 0.004173022486
75.356 0.004172373059
75.358 0.004172838299
75.36 0.004172160128
75.362 0.004172646554
75.364 0.00417194903
75.366 0.004172478172
75.368 0.004171744707
75.37 0.004172296771
75.372 0.004171541139
75.374 0.004172107208
75.376 0.004171334687
75.378 0.004171919419
75.38 0.004171127866
75.382 0.004171732741
75.384 0.004170922499
75.386 0.004171545924
75.388 0.004170719433
75.39 0.004171359838
75.392 0.004170515233
75.394 0.004171174194
75.396 0.004170312865
75.398 0.004170982283
75.4 0.004170112631
75.402 0.00417079188
75.404 0.004169910759
75.406 0.004170603816
75.408 0.004169712125
75.41 0.004170415394
75.412 0.004169519066
75.414 0.004170228535
75.416 0.004169324607
75.418 0.00417004217
75.42 0.004169132258
75.422 0.004169850166
75.424 0.004168937354
75.426 0.004169649648
75.428 0.004168782209
75.43 0.004169460233
75.432 0.004168603289
75.434 0.00416924807
75.436 0.004168418323
75.438 0.004169050333
75.44 0.004168203793
75.442 0.004168861632
75.444 0.004168041764
75.446 0.00416867841
75.448 0.004167861944
75.45 0.004168494428
75.452 0.004167679745
75.454 0.004168307736
75.456 0.004167496866
75.458 0.004168124741
75.46 0.004167319981
75.462 0.004167972622
75.464 0.004167146662
75.466 0.004167769188
75.468 0.00416696888
75.47 0.00416758486
75.472 0.004166798853
75.474 0.004167408968
75.476 0.004166629701
75.478 0.004167229259
75.48 0.004166458993
75.482 0.00416705375
75.484 0.004166294927
75.486 0.004166882135
75.488 0.00416613122
75.49 0.004166706702
75.492 0.004165968298
75.494 0.004166534528
75.496 0.004165800739
75.498 0.004166376107
75.5 0.004165638739
75.502 0.004166240445
75.504 0.004165486017
75.506 0.004166054012
75.508 0.004165303772
75.51 0.004165882902
75.512 0.004165179284
75.514 0.004165721261
75.516 0.00416500723
75.518 0.004165558235
75.52 0.004164884252
75.522 0.004165402701
75.524 0.004164718128
75.526 0.00416524686
75.528 0.004164602589
75.53 0.004165094312
75.532 0.004164472279
75.534 0.004164974819
75.536 0.004164336841
75.538 0.004164802041
75.54 0.004164204918
75.542 0.004164684669
75.544 0.004164083636
75.546 0.004164514854
75.548 0.004163945159
75.55 0.00416440396
75.552 0.004163815948
75.554 0.004164242888
75.556 0.004163688749
75.558 0.004164089474
75.56 0.0041635331
75.562 0.004163968858
75.564 0.004163436895
75.566 0.0041638422
75.568 0.004163287792
75.57 0.004163703788
75.572 0.004163195597
75.574 0.004163591853
75.576 0.004163053338
75.578 0.004163474638
75.58 0.004162966607
75.582 0.004163348752
75.584 0.004162859533
75.586 0.004163276089
75.588 0.004162750078
75.59 0.004163138876
75.592 0.00416264131
75.594 0.004163048835
75.596 0.004162536732
75.598 0.004162919606
75.6 0.004162433257
75.602 0.004162846027
75.604 0.004162332271
75.606 0.004162702136
75.608 0.004162231108
75.61 0.0041626437
75.612 0.004162135152
75.614 0.00416251884
75.616 0.004162050965
75.618 0.004162452686
75.62 0.004161949895
75.622 0.004162333776
75.624 0.00416185398
75.626 0.004162272191
75.628 0.004161775844
75.63 0.004162154499
75.632 0.004161674557
75.634 0.004162101618
75.636 0.004161585393
75.638 0.004161977124
75.64 0.004161456273
75.642 0.004161903688
75.644 0.004161403492
75.646 0.004161864458
75.648 0.004161339895
75.65 0.004161758579
75.652 0.004161248265
75.654 0.004161717624
75.656 0.004161179838
75.658 0.00416161391
75.66 0.004161051675
75.662 0.004161538653
75.664 0.004161003055
75.666 0.004161511811
75.668 0.004160946846
75.67 0.00416141353
75.672 0.004160824164
75.674 0.004161344229
75.676 0.00416074004
75.678 0.004161270894
75.68 0.004160704141
75.682 0.004161258793
75.684 0.0041606411
75.686 0.004161158672
75.688 0.004160534972
75.69 0.004161112497
75.692 0.004160454894
75.694 0.004161059001
75.696 0.00416039908
75.698 0.004161004715
75.7 0.004160360005
75.702 0.00416099074
75.704 0.0041603037
75.706 0.004160932466
75.708 0.004160242548
75.71 0.004160895655
75.712 0.004160180993
75.714 0.004160835533
75.716 0.004160120834
75.718 0.00416079996
75.72 0.004160059123
75.722 0.004160755315
75.724 0.004160012561
75.726 0.00416070881
75.728 0.004159944025
75.73 0.004160665821
75.732 0.004159898314
75.734 0.004160622627
75.736 0.004159828602
75.738 0.004160580122
75.74 0.004159770495
75.742 0.004160524077
75.744 0.004159715738
75.746 0.004160496101
75.748 0.004159661491
75.75 0.004160442389
75.752 0.004159606741
75.754 0.004160413517
75.756 0.00415955248
75.758 0.004160375832
75.76 0.004159472849
75.762 0.004160297412
75.764 0.00415940292
75.766 0.004160254851
75.768 0.004159344506
75.77 0.00416024094
75.772 0.004159333334
75.774 0.004160221162
75.776 0.004159290584
75.778 0.004160185696
75.78 0.004159217316
75.782 0.004160107346
75.784 0.004159149291
75.786 0.004160061145
75.788 0.004159098197
75.79 0.004160046962
75.792 0.004159091476
75.794 0.004160015347
75.796 0.004159051464
75.798 0.004159977603
75.8 0.00415901929
75.802 0.004159938285
75.804 0.004158961449
75.806 0.004159903406
75.808 0.004158925391
75.81 0.004159864579
75.812 0.004158840479
75.814 0.004159798551
75.816 0.004158786556
75.818 0.004159754037
75.82 0.004158740323
75.822 0.004159685756
75.824 0.004158695734
75.826 0.004159665945
75.828 0.004158651263
75.83 0.004159656237
75.832 0.004158635256
75.834 0.004159607782
75.836 0.004158610607
75.838 0.004159578168
75.84 0.004158556624
75.842 0.004159538713
75.844 0.004158483189
75.846 0.004159457354
75.848 0.004158434302
75.85 0.004159448451
75.852 0.004158429822
75.854 0.004159411665
75.856 0.004158353417
75.858 0.004159330152
75.86 0.004158318356
75.862 0.004159291481
75.864 0.004158261516
75.866 0.004159275506
75.868 0.004158215792
75.87 0.00415919803
75.872 0.004158172211
75.874 0.004159186655
75.876 0.004158182162
75.878 0.004159145153
75.88 0.00415809377
75.882 0.004159062873
75.884 0.004158041625
75.886 0.004159049901
75.888 0.004157997237
75.89 0.004158972246
75.892 0.004157955568
75.894 0.004158961626
75.896 0.004157926592
75.898 0.004158881064
75.9 0.004157868748
75.902 0.004158867053
75.904 0.004157824896
75.906 0.004158786873
75.908 0.004157779693
75.91 0.004158775989
75.912 0.004157738565
75.914 0.004158736971
75.916 0.004157693084
75.918 0.004158649447
75.92 0.00415765093
75.922 0.004158634429
75.924 0.004157607634
75.926 0.004158594287
75.928 0.004157575826
75.93 0.004158549075
75.932 0.00415755956
75.934 0.004158505034
75.936 0.004157480127
75.938 0.00415845886
75.94 0.004157428908
75.942 0.004158416032
75.944 0.004157379984
75.946 0.004158368517
75.948 0.004157332078
75.95 0.004158322447
75.952 0.004157284714
75.954 0.004158274194
75.956 0.004157233665
75.958 0.004158229768
75.96 0.004157225906
75.962 0.004158186534
75.964 0.004157143073
75.966 0.004158141745
75.968 0.004157132117
75.97 0.004158057491
75.972 0.004157086432
75.974 0.004158008821
75.976 0.004157024997
75.978 0.004157972929
75.98 0.004156967196
75.982 0.004157946054
75.984 0.004156900368
75.986 0.004157912427
75.988 0.004156836498
75.99 0.004157884868
75.992 0.004156769936
75.994 0.00415785376
75.996 0.004156712603
75.998 0.004157821654
76 0.004156645876
76.002 0.004157784284
76.004 0.004156582392
76.006 0.004157749526
76.008 0.004156520209
76.01 0.004157708521
76.012 0.004156455361
76.014 0.004157670236
76.016 0.00415639526
76.018 0.004157626663
76.02 0.004156330373
76.022 0.004157584672
76.024 0.004156272026
76.026 0.004157538729
76.028 0.004156204574
76.03 0.004157495132
76.032 0.004156141928
76.034 0.004157447622
76.036 0.004156072922
76.038 0.004157400767
76.04 0.004156008936
76.042 0.004157355642
76.044 0.004155942237
76.046 0.004157305135
76.048 0.004155867457
76.05 0.004157258835
76.052 0.004155796331
76.054 0.004157207405
76.056 0.00415572066
76.058 0.004157162031
76.06 0.004155641808
76.062 0.004157108931
76.064 0.004155559124
76.066 0.004157057132
76.068 0.004155477478
76.07 0.004157004692
76.072 0.004155393261
76.074 0.004156951283
76.076 0.004155311139
76.078 0.004156896062
76.08 0.004155262193
76.082 0.004156841962
76.084 0.004155140547
76.086 0.004156744657
76.088 0.004155041727
76.09 0.004156675118
76.092 0.004154944966
76.094 0.004156614967
76.096 0.004154847853
76.098 0.004156552371
76.1 0.004154746518
76.102 0.004156486678
76.104 0.004154647669
76.106 0.004156421199
76.108 0.004154542285
76.11 0.004156353403
76.112 0.004154442722
76.114 0.004156284912
76.116 0.004154336684
76.118 0.004156209545
76.12 0.004154273358
76.122 0.004156182693
76.124 0.004154173363
76.126 0.004156067409
76.128 0.004154020422
76.13 0.004155983125
76.132 0.004153944897
76.134 0.004155943084
76.136 0.00415384012
76.138 0.004155818796
76.14 0.004153684824
76.142 0.004155722633
76.144 0.004153604654
76.146 0.0041556331
76.148 0.004153450113
76.15 0.004155544025
76.152 0.004153369938
76.154 0.004155449473
76.156 0.004153256687
76.158 0.004155400691
76.16 0.004153138319
76.162 0.004155264849
76.164 0.004153011145
76.166 0.004155154077
76.168 0.004152887691
76.17 0.004155053646
76.172 0.004152708438
76.174 0.004154943914
76.176 0.004152624243
76.178 0.004154839518
76.18 0.004152497713
76.182 0.004154724966
76.184 0.004152364893
76.186 0.00415460905
76.188 0.004152237955
76.19 0.004154493542
76.192 0.004152108066
76.194 0.004154381093
76.196 0.004151980388
76.198 0.004154257544
76.2 0.004151840011
76.202 0.004154133356
76.204 0.004151702536
76.206 0.004154011641
76.208 0.004151564534
76.21 0.004153878959
76.212 0.004151423252
76.214 0.004153756577
76.216 0.004151290358
76.218 0.004153628333
76.22 0.00415114585
76.222 0.004153486371
76.224 0.004151003617
76.226 0.004153358281
76.228 0.004150866781
76.23 0.004153216514
76.232 0.004150715178
76.234 0.004153067388
76.236 0.004150568817
76.238 0.004152932582
76.24 0.004150424672
76.242 0.004152788703
76.244 0.004150280718
76.246 0.004152639788
76.248 0.004150126115
76.25 0.004152492662
76.252 0.004149976672
76.254 0.004152341395
76.256 0.004149822292
76.258 0.004152186602
76.26 0.00414966746
76.262 0.004152035651
76.264 0.004149514425
76.266 0.004151878727
76.268 0.004149355403
76.27 0.004151717635
76.272 0.004149197226
76.274 0.004151559061
76.276 0.004149041171
76.278 0.004151396202
76.28 0.004148879388
76.282 0.004151228218
76.284 0.004148718568
76.286 0.004151061497
76.288 0.00414855817
76.29 0.004150891526
76.292 0.004148392272
76.294 0.004150718141
76.296 0.004148226597
76.298 0.004150547372
76.3 0.004148061353
76.302 0.004150374816
76.304 0.004147920612
76.306 0.004150194282
76.308 0.004147749917
76.31 0.004149987031
76.312 0.004147579303
76.314 0.004149803015
76.316 0.004147407867
76.318 0.004149604838
76.32 0.004147216887
76.322 0.004149419189
76.324 0.004147063094
76.326 0.004149231527
76.328 0.004146889541
76.33 0.004149049872
76.332 0.004146707199
76.334 0.004148783864
76.336 0.004146470622
76.338 0.004148703367
76.34 0.00414631528
76.342 0.004148488768
76.344 0.004146141969
76.346 0.00414829454
76.348 0.004145957504
76.35 0.004148095801
76.352 0.004145765324
76.354 0.00414789498
76.356 0.004145572683
76.358 0.004147723875
76.36 0.004145383012
76.362 0.004147499493
76.364 0.004145192918
76.366 0.004147295008
76.368 0.004144998316
76.37 0.004147088753
76.372 0.004144798989
76.374 0.004146880393
76.376 0.00414459535
76.378 0.004146702239
76.38 0.004144397952
76.382 0.004146475065
76.384 0.004144199805
76.386 0.004146263504
76.388 0.0041439985
76.39 0.004146050143
76.392 0.004143793213
76.394 0.004145835953
76.396 0.004143586123
76.398 0.004145641576
76.4 0.004143367338
76.402 0.004145439041
76.404 0.004143168435
76.406 0.004145230779
76.408 0.004142973246
76.41 0.004145022471
76.412 0.004142774438
76.414 0.004144808574
76.416 0.004142570177
76.418 0.004144599186
76.42 0.004142361314
76.422 0.004144386766
76.424 0.004142158987
76.426 0.004144171918
76.428 0.00414195679
76.43 0.004143961867
76.432 0.004141753206
76.434 0.004143751868
76.436 0.00414154379
76.438 0.004143542592
76.44 0.004141335544
76.442 0.004143329379
76.444 0.004141125824
76.446 0.004143114939
76.448 0.004140844326
76.45 0.004142843556
76.452 0.00414071868
76.454 0.004142653569
76.456 0.004140503242
76.458 0.00414246466
76.46 0.004140274403
76.462 0.004142269979
76.464 0.004140060884
76.466 0.004142069405
76.468 0.004139849295
76.47 0.004141866841
76.472 0.004139636247
76.474 0.004141661985
76.476 0.00413942685
76.478 0.004141455466
76.48 0.00413921538
76.482 0.004141248457
76.484 0.004139007195
76.486 0.004141047869
76.488 0.004138795375
76.49 0.004140846139
76.492 0.004138587179
76.494 0.004140645565
76.496 0.004138375462
76.498 0.004140445513
76.5 0.004138177596
76.502 0.004140249839
76.504 0.004137977679
76.506 0.004140053464
76.508 0.004137774443
76.51 0.004139861005
76.512 0.004137570804
76.514 0.004139667789
76.516 0.004137369922
76.518 0.004139412455
76.52 0.004137130044
76.522 0.004139277249
76.524 0.004136961343
76.526 0.004139075109
76.528 0.004136763653
76.53 0.004138894271
76.532 0.004136567705
76.534 0.004138711014
76.536 0.004136378349
76.538 0.004138532388
76.54 0.004136187875
76.542 0.004138357952
76.544 0.004135996674
76.546 0.004138172591
76.548 0.004135808009
76.55 0.004137993943
76.552 0.004135622147
76.554 0.00413781929
76.556 0.004135438647
76.558 0.004137649146
76.56 0.00413525468
76.562 0.004137472941
76.564 0.004135075197
76.566 0.004137302162
76.568 0.004134897493
76.57 0.004137132772
76.572 0.004134719204
76.574 0.004136966491
76.576 0.004134552533
76.578 0.004136804727
76.58 0.004134385537
76.582 0.004136645465
76.584 0.004134212584
76.586 0.004136482721
76.588 0.004134047088
76.59 0.004136324008
76.592 0.004133885576
76.594 0.00413617304
76.596 0.004133721639
76.598 0.004136012018
76.6 0.004133558209
76.602 0.004135858368
76.604 0.004133396537
76.606 0.004135711903
76.608 0.004133243953
76.61 0.004135558821
76.612 0.00413309083
76.614 0.004135414412
76.616 0.004132938508
76.618 0.004135263779
76.62 0.004132788164
76.622 0.00413511291
76.624 0.004132630956
76.626 0.004134964677
76.628 0.004132488365
76.63 0.004134819548
76.632 0.004132339952
76.634 0.004134676217
76.636 0.004132204606
76.638 0.00413454196
76.64 0.004132058634
76.642 0.004134402992
76.644 0.004131921709
76.646 0.004134262485
76.648 0.004131776839
76.65 0.004134123135
76.652 0.004131641653
76.654 0.004133987489
76.656 0.004131504908
76.658 0.004133857554
76.66 0.004131374593
76.662 0.004133727068
76.664 0.004131236021
76.666 0.004133593182
76.668 0.004131097636
76.67 0.004133470764
76.672 0.004130971806
76.674 0.00413334772
76.676 0.004130835837
76.678 0.004133212819
76.68 0.004130698432
76.682 0.004133088863
76.684 0.004130575195
76.686 0.00413296571
76.688 0.004130427748
76.69 0.00413284821
76.692 0.00413032073
76.694 0.004132738978
76.696 0.004130189353
76.698 0.004132634295
76.7 0.004130022736
76.702 0.004132535724
76.704 0.004129894179
76.706 0.004132399604
76.708 0.004129750687
76.71 0.004132273332
76.712 0.004129628812
76.714 0.004132146221
76.716 0.004129518315
76.718 0.004132040612
76.72 0.004129407741
76.722 0.004131936882
76.724 0.004129293428
76.726 0.004131817144
76.728 0.004129161206
76.73 0.004131688092
76.732 0.004129034881
76.734 0.004131581794
76.736 0.004128918316
76.738 0.004131400592
76.74 0.00412876698
76.742 0.004131345405
76.744 0.004128682869
76.746 0.004131228327
76.748 0.004128544219
76.75 0.00413113581
76.752 0.004128415751
76.754 0.004131034813
76.756 0.004128291702
76.758 0.004130932957
76.76 0.004128139387
76.762 0.004130817426
76.764 0.004128000642
76.766 0.004130729278
76.768 0.00412787113
76.77 0.004130619087
76.772 0.004127746509
76.774 0.004130535987
76.776 0.004127616347
76.778 0.004130444022
76.78 0.004127490517
76.782 0.004130345424
76.784 0.004127379673
76.786 0.004130249201
76.788 0.004127248051
76.79 0.004130157419
76.792 0.004127120387
76.794 0.00413006106
76.796 0.004126995213
76.798 0.004129965268
76.8 0.004126870855
76.802 0.004129872663
76.804 0.004126746556
76.806 0.004129781408
76.808 0.004126626652
76.81 0.004129689107
76.812 0.004126502998
76.814 0.004129594364
76.816 0.004126380831
76.818 0.004129502552
76.82 0.004126261883
76.822 0.004129413245
76.824 0.004126142624
76.826 0.004129323426
76.828 0.004126025305
76.83 0.004129229936
76.832 0.004125906038
76.834 0.004129139353
76.836 0.004125788505
76.838 0.004129047935
76.84 0.004125663841
76.842 0.004128950593
76.844 0.004125543907
76.846 0.004128859648
76.848 0.004125426506
76.85 0.004128767089
76.852 0.004125315408
76.854 0.004128674131
76.856 0.004124911587
76.858 0.004128690913
76.86 0.004124628625
76.862 0.004128703378
76.864 0.004124376538
76.866 0.004128714528
76.868 0.004124152089
76.87 0.004128702209
76.872 0.004123945902
76.874 0.004128675756
76.876 0.004123762595
76.878 0.004128632748
76.88 0.004123607743
76.882 0.00412856289
76.884 0.004123471599
76.886 0.00412846808
76.888 0.004123356003
76.89 0.004128365725
76.892 0.004123264661
76.894 0.004128244809
76.896 0.004123178517
76.898 0.004128106532
76.9 0.004123102748
76.902 0.004127962689
76.904 0.004123036797
76.906 0.004127809517
76.908 0.004122976776
76.91 0.004127655102
76.912 0.004122924714
76.914 0.004127493293
76.916 0.00412287632
76.918 0.004127327959
76.92 0.004122820491
76.922 0.004127160634
76.924 0.004122767793
76.926 0.004126989635
76.928 0.004122714179
76.93 0.004126830089
76.932 0.004122658299
76.934 0.004126669926
76.936 0.004122587641
76.938 0.004126504053
76.94 0.004122538206
76.942 0.00412636143
76.944 0.004122469936
76.946 0.004126216928
76.948 0.004122398454
76.95 0.004126072099
76.952 0.00412232498
76.954 0.004125934436
76.956 0.004122245191
76.958 0.00412579723
76.96 0.004122158813
76.962 0.004125673077
76.964 0.004122069692
76.966 0.004125551078
76.968 0.00412190348
76.97 0.004125319554
76.972 0.004121854438
76.974 0.004125292101
76.976 0.004121776488
76.978 0.004125201514
76.98 0.004121669908
76.982 0.004125096893
76.984 0.004121558828
76.986 0.004124995673
76.988 0.004121445111
76.99 0.004124895395
76.992 0.004121328039
76.994 0.004124794866
76.996 0.004121208342
76.998 0.004124699615
77 0.004121084378
77.002 0.004124604705
77.004 0.004120955588
77.006 0.004124508421
77.008 0.004120822645
77.01 0.00412441267
77.012 0.004120731903
77.014 0.004124309468
77.016 0.004120608584
77.018 0.004124210294
77.02 0.004120475035
77.022 0.004124109307
77.024 0.00412033553
77.026 0.004124008955
77.028 0.004120120886
77.03 0.004123852546
77.032 0.004120063692
77.034 0.00412377275
77.036 0.004119919779
77.038 0.004123686014
77.04 0.004119769596
77.042 0.004123579541
77.044 0.004119625886
77.046 0.004123471873
77.048 0.004119410379
77.05 0.004123300208
77.052 0.004119355774
77.054 0.004123203046
77.056 0.004119220275
77.058 0.004123099106
77.06 0.004119082424
77.062 0.004122973051
77.064 0.004118950047
77.066 0.004122845717
77.068 0.004118748102
77.07 0.004122658059
77.072 0.004118638963
77.074 0.004122500666
77.076 0.00411858819
77.078 0.00412240736
77.08 0.00411846396
77.082 0.004122279285
77.084 0.004118345935
77.086 0.00412213679
77.088 0.004118155914
77.09 0.004121936498
77.092 0.004118126361
77.094 0.004121813751
77.096 0.004118015426
77.098 0.00412167126
77.1 0.004117898896
77.102 0.004121526421
77.104 0.004117785561
77.106 0.004121375892
77.108 0.004117604548
77.11 0.004121200765
77.112 0.004117561607
77.114 0.004121088875
77.116 0.004117449637
77.118 0.004120891275
77.12 0.004117291758
77.122 0.004120807067
77.124 0.004117205815
77.126 0.004120660338
77.128 0.004117028108
77.13 0.004120489223
77.132 0.00411696562
77.134 0.004120384231
77.136 0.004116851726
77.138 0.004120195186
77.14 0.004116684722
77.142 0.004120119481
77.144 0.004116584763
77.146 0.004119982547
77.148 0.004116458338
77.15 0.004119849642
77.152 0.004116320536
77.154 0.004119719825
77.156 0.004116175646
77.158 0.004119605947
77.16 0.004116028639
77.162 0.004119481951
77.164 0.004115880542
77.166 0.004119360425
77.168 0.004115657973
77.17 0.004119184526
77.172 0.004115588702
77.174 0.004119083824
77.176 0.004115434433
77.178 0.004118966191
77.18 0.004115276596
77.182 0.004118838024
77.184 0.004115120776
77.186 0.004118707454
77.188 0.004114965979
77.19 0.004118577948
77.192 0.004114807095
77.194 0.004118448241
77.196 0.004114650037
77.198 0.004118263195
77.2 0.004114454146
77.202 0.004118201729
77.204 0.004114328093
77.206 0.004118070285
77.208 0.004114107076
77.21 0.004117883803
77.212 0.004114039026
77.214 0.004117724325
77.216 0.004113892806
77.218 0.004117578722
77.22 0.004113742603
77.222 0.004117433378
77.224 0.004113591309
77.226 0.004117285626
77.228 0.004113439918
77.23 0.004117137654
77.232 0.004113287751
77.234 0.004116976813
77.236 0.004113148753
77.238 0.004117103446
77.24 0.004112871625
77.242 0.004117099094
77.244 0.004112592222
77.246 0.004117068703
77.248 0.004112259087
77.25 0.004116984863
77.252 0.004112081471
77.254 0.004116943773
77.256 0.0041118557
77.258 0.004116799096
77.26 0.004111604781
77.262 0.004116744176
77.264 0.004111448684
77.266 0.004116607849
77.268 0.004111283168
77.27 0.004116453364
77.272 0.004111129708
77.274 0.004116283035
77.276 0.004110987445
77.278 0.004116100235
77.28 0.004110848115
77.282 0.004115911296
77.284 0.004110724148
77.286 0.004115709743
77.288 0.004110532768
77.29 0.004115464454
77.292 0.004110497837
77.294 0.004115288125
77.296 0.004110387313
77.298 0.004115025725
77.3 0.00411016025
77.302 0.004114825633
77.304 0.004110148165
77.306 0.004114635382
77.308 0.004110038156
77.31 0.004114424758
77.312 0.004109913048
77.314 0.004114209063
77.316 0.004109784468
77.318 0.004113994845
77.32 0.004109651647
77.322 0.004113782281
77.324 0.004109522556
77.326 0.004113576691
77.328 0.004109378795
77.33 0.004113531649
77.332 0.004109063526
77.334 0.004113337244
77.336 0.004108941812
77.338 0.004113092715
77.34 0.004108757126
77.342 0.00411293652
77.344 0.004108645493
77.346 0.0041127458
77.348 0.004108440941
77.35 0.004112497588
77.352 0.004108380348
77.354 0.004112454437
77.356 0.00410806715
77.358 0.004112253037
77.36 0.004107945343
77.362 0.00411205515
77.364 0.004107812117
77.366 0.004111842501
77.368 0.004107671191
77.37 0.004111630379
77.372 0.004107520946
77.374 0.00411157173
77.376 0.004107203055
77.378 0.004111342093
77.38 0.004107069259
77.382 0.004111142077
77.384 0.004106919102
77.386 0.004110931717
77.388 0.004106754758
77.39 0.004110878241
77.392 0.004106426493
77.394 0.004110654421
77.396 0.004106276971
77.398 0.004110451709
77.4 0.004106115342
77.402 0.004110240243
77.404 0.004105942346
77.406 0.00411018186
77.408 0.004105540698
77.41 0.004109915056
77.412 0.004105471831
77.414 0.004109746607
77.416 0.004105311049
77.418 0.004109648099
77.42 0.00410492443
77.422 0.004109471249
77.424 0.004104799206
77.426 0.004109251114
77.428 0.004104648935
77.43 0.004109180249
77.432 0.004104325972
77.434 0.00410892632
77.436 0.004104188056
77.438 0.004108694229
77.44 0.004104036071
77.442 0.004108606187
77.444 0.004103720928
77.446 0.004108343268
77.448 0.004103592824
77.45 0.00410825368
77.452 0.004103295898
77.454 0.0041079855
77.456 0.004103182878
77.458 0.004107657367
77.46 0.004103042322
77.462 0.004107620634
77.464 0.004102791025
77.466 0.004107340997
77.468 0.004102606119
77.47 0.004107211202
77.472 0.004102425389
77.474 0.004106954959
77.476 0.00410233526
77.478 0.004106854549
77.48 0.004102072677
77.482 0.004106563596
77.484 0.004101995525
77.486 0.004106455559
77.488 0.004101745051
77.49 0.004106164082
77.492 0.004101671442
77.494 0.004106051376
77.496 0.004101427434
77.498 0.004105755558
77.5 0.004101361654
77.502 0.004105646267
77.504 0.004101123792
77.506 0.004105356785
77.508 0.004101056864
77.51 0.004105255705
77.512 0.004100818886
77.514 0.004105001233
77.516 0.004100719671
77.518 0.004104924854
77.52 0.004100468237
77.522 0.004104656179
77.524 0.004100403292
77.526 0.004104568557
77.528 0.004100170698
77.53 0.004104301337
77.532 0.004100107812
77.534 0.004104224408
77.536 0.004099872137
77.538 0.004103970554
77.54 0.004099808424
77.542 0.004103902501
77.544 0.004099566019
77.546 0.004103813808
77.548 0.004099211035
77.55 0.004103515534
77.552 0.004099245824
77.554 0.0041034756
77.556 0.004099033483
77.558 0.004103192738
77.56 0.004098931159
77.562 0.004103191919
77.564 0.004098743866
77.566 0.004103100884
77.568 0.004098554772
77.57 0.004102867799
77.572 0.004098520216
77.574 0.004102811744
77.576 0.004098316429
77.578 0.004102571143
77.58 0.004098283245
77.582 0.004102521128
77.584 0.004098080475
77.586 0.004102449068
77.588 0.004097888611
77.59 0.004102232718
77.592 0.004097867185
77.594 0.004102195851
77.596 0.004097668513
77.598 0.004102140634
77.6 0.00409748783
77.602 0.004101933633
77.604 0.00409748098
77.606 0.004101902297
77.608 0.004097302319
77.61 0.004101685521
77.612 0.004097299271
77.614 0.004101661705
77.616 0.004097128309
77.618 0.004101615359
77.62 0.004096971932
77.622 0.004101421247
77.624 0.004096990493
77.626 0.00410140868
77.628 0.004096837337
77.63 0.004101369123
77.632 0.004096702514
77.634 0.0041011716
77.636 0.004096744374
77.638 0.004101166772
77.64 0.004096612946
77.642 0.004101130944
77.644 0.004096495503
77.646 0.004100948407
77.648 0.004096482912
77.65 0.004100909208
77.652 0.004096434347
77.654 0.004100914637
77.656 0.004096327637
77.658 0.004100748259
77.66 0.004096391475
77.662 0.004100764655
77.664 0.004096283561
77.666 0.004100753732
77.668 0.004096223094
77.67 0.004100606911
77.672 0.004096384546
77.674 0.004100616235
77.676 0.004096316402
77.678 0.004100616879
77.68 0.00409626595
77.682 0.004100634138
77.684 0.004096432953
77.686 0.004100617801
77.688 0.004096369915
77.69 0.004100656174
77.692 0.004096325158
77.694 0.004100697495
77.696 0.004096496668
77.698 0.004100694442
77.7 0.004096438194
77.702 0.004100825315
77.704 0.004096409125
77.706 0.004100876243
77.708 0.004096601873
77.71 0.004100868124
77.712 0.004096567248
77.714 0.004100911329
77.716 0.004096550456
77.718 0.004100956505
77.72 0.004096749359
77.722 0.004100961127
77.724 0.004096715937
77.726 0.004101021702
77.728 0.00409669732
77.73 0.004101087302
77.732 0.004096893951
77.734 0.004101114446
77.736 0.00409685825
77.738 0.004101173954
77.74 0.004097039392
77.742 0.004101208467
77.744 0.004096994276
77.746 0.004101299055
77.748 0.004096969363
77.75 0.004101393803
77.752 0.004097160673
77.754 0.004101446723
77.756 0.004097124248
77.758 0.004101549967
77.76 0.004097104527
77.762 0.004101650093
77.764 0.004097303956
77.766 0.00410170424
77.768 0.00409727476
77.77 0.004101786197
77.772 0.004097467389
77.774 0.004101840293
77.776 0.004097436775
77.778 0.004101946773
77.78 0.004097428037
77.782 0.004102050767
77.784 0.004097637935
77.786 0.004102108674
77.788 0.004097652772
77.79 0.004102169855
77.792 0.004097853386
77.794 0.004102218834
77.796 0.004097830076
77.798 0.004102297957
77.8 0.004098026291
77.802 0.004102350671
77.804 0.004098000632
77.806 0.004102455885
77.808 0.00409799487
77.81 0.004102557034
77.812 0.00409821981
77.814 0.004102600437
77.816 0.004098207972
77.818 0.004102677992
77.82 0.004098412199
77.822 0.004102721594
77.824 0.0040983819
77.826 0.004102813753
77.828 0.004098586003
77.83 0.004102871897
77.832 0.004098562456
77.834 0.00410295932
77.836 0.004098758061
77.838 0.004103023283
77.84 0.004098729403
77.842 0.004103116676
77.844 0.00409891998
77.846 0.004103187282
77.848 0.004098886539
77.85 0.004103287187
77.852 0.004099073915
77.854 0.004103362324
77.856 0.004099037813
77.858 0.004103465328
77.86 0.004099222124
77.862 0.004103545477
77.864 0.004099184771
77.866 0.00410365323
77.868 0.004099367237
77.87 0.004103737933
77.872 0.004099328123
77.874 0.004103849253
77.876 0.004099509974
77.878 0.004103936889
77.88 0.00409947015
77.882 0.004104052133
77.884 0.004099651256
77.886 0.004104117701
77.888 0.004099812947
77.89 0.004104190593
77.892 0.004099761043
77.894 0.004104308093
77.896 0.004099930082
77.898 0.004104408478
77.9 0.004099882377
77.902 0.004104535711
77.904 0.004100059051
77.906 0.004104634422
77.908 0.004100014563
77.91 0.00410476326
77.912 0.004100193498
77.914 0.004104839985
77.916 0.004100354521
77.918 0.00410492531
77.92 0.004100300298
77.922 0.004105051976
77.924 0.004100474677
77.926 0.004105134168
77.928 0.004100632461
77.93 0.004105225318
77.932 0.004100577372
77.934 0.004105358832
77.936 0.004100748425
77.938 0.004105447077
77.94 0.004100902354
77.942 0.004105531843
77.944 0.004100843463
77.946 0.004105683119
77.948 0.004101008457
77.95 0.004105783653
77.952 0.004101160857
77.954 0.004105888847
77.956 0.004101099962
77.958 0.004106034251
77.96 0.004101280404
77.962 0.004106135543
77.964 0.004101421303
77.966 0.004106243987
77.968 0.00410135997
77.97 0.004106395452
77.972 0.004101543163
77.974 0.00410650189
77.976 0.004101686003
77.978 0.004106590597
77.98 0.004101826734
77.982 0.004106703135
77.984 0.004101773505
77.986 0.004106860803
77.988 0.004101928439
77.99 0.004106979147
77.992 0.00410207514
77.994 0.004107066515
77.996 0.004102216406
77.998 0.004107202892
78 0.004102149185
78.002 0.004107362251
78.004 0.004102313437
78.006 0.004107500084
78.008 0.004102467772
78.01 0.004107598261
78.012 0.004102610876
78.014 0.00410771739
78.016 0.004102747668
78.018 0.004107844333
78.02 0.004102677406
78.022 0.004108040111
78.024 0.004102842707
78.026 0.004108167942
78.028 0.004102997279
78.03 0.004108303832
78.032 0.004103143341
78.034 0.004108416127
78.036 0.004103283743
78.038 0.004108551542
78.04 0.004103421034
78.042 0.004108695029
78.044 0.004103353122
78.046 0.004108903162
78.048 0.004103531412
78.05 0.004109058851
78.052 0.004103678459
78.054 0.004109192856
78.056 0.004103847872
78.058 0.004109329825
78.06 0.004103986325
78.062 0.004109453646
78.064 0.004104116316
78.066 0.004109593493
78.068 0.004104273589
78.07 0.004109728687
78.072 0.004104415557
78.074 0.004109893032
78.076 0.004104572193
78.078 0.004110044946
78.08 0.004104700512
78.082 0.004110187902
78.084 0.00410484131
78.086 0.00411036033
78.088 0.004105006978
78.09 0.004110521767
78.092 0.00410512595
78.094 0.004110681379
78.096 0.004105261782
78.098 0.00411086402
78.1 0.004105415569
78.102 0.004111044019
78.104 0.004105547026
78.106 0.004111195036
78.108 0.004105648315
78.11 0.004111406532
78.112 0.004105788681
78.114 0.004111597093
78.116 0.004105921663
78.118 0.004111771584
78.12 0.004106068025
78.122 0.004111957636
78.124 0.004106235312
78.126 0.004112155153
78.128 0.004106392057
78.13 0.004112347358
78.132 0.004106537623
78.134 0.004112509951
78.136 0.004106706142
78.138 0.004112718036
78.14 0.004106883131
78.142 0.004112907431
78.144 0.004107071753
78.146 0.004113086647
78.148 0.004107227221
78.15 0.004113265929
78.152 0.004107405264
78.154 0.004113444096
78.156 0.004107607665
78.158 0.004113647344
78.16 0.004107797577
78.162 0.004113831634
78.164 0.004107987031
78.166 0.004114009686
78.168 0.004108166029
78.17 0.004114183427
78.172 0.004108360207
78.174 0.004114389798
78.176 0.0041085538
78.178 0.004114581428
78.18 0.004108766722
78.182 0.004114792074
78.184 0.00410898083
78.186 0.004114984568
78.188 0.004109175333
78.19 0.004115185775
78.192 0.004109381803
78.194 0.004115418753
78.196 0.004109569586
78.198 0.004115605901
78.2 0.004109779736
78.202 0.004115821222
78.204 0.004110000581
78.206 0.004116005633
78.208 0.004110215009
78.21 0.004116205918
78.212 0.004110435228
78.214 0.004116422454
78.216 0.004110663092
78.218 0.004116645109
78.22 0.004110888133
78.222 0.004116855048
78.224 0.004111105274
78.226 0.004117070316
78.228 0.004111313739
78.23 0.004117275704
78.232 0.004111532858
78.234 0.004117496661
78.236 0.004111746873
78.238 0.004117725392
78.24 0.004111972747
78.242 0.004117945708
78.244 0.004112196129
78.246 0.004118178803
78.248 0.0041124259
78.25 0.004118422891
78.252 0.004112651649
78.254 0.004118648887
78.256 0.004112878628
78.258 0.004118877588
78.26 0.00411309363
78.262 0.004119107647
78.264 0.004113322888
78.266 0.004119337692
78.268 0.004113555045
78.27 0.00411956622
78.272 0.004113788901
78.274 0.004119805492
78.276 0.004114017563
78.278 0.004120037948
78.28 0.004114258355
78.282 0.004120273501
78.284 0.004114502028
78.286 0.004120507727
78.288 0.004114745789
78.29 0.004120740685
78.292 0.004114991182
78.294 0.004120970546
78.296 0.00411523718
78.298 0.004121204283
78.3 0.004115494406
78.302 0.004121453192
78.304 0.004115746444
78.306 0.0041216804
78.308 0.004115987024
78.31 0.004121922901
78.312 0.004116247413
78.314 0.004122175318
78.316 0.004116507298
78.318 0.004122402407
78.32 0.004116741117
78.322 0.004122635345
78.324 0.004116981107
78.326 0.004122882747
78.328 0.004117263583
78.33 0.004123158156
78.332 0.004117524468
78.334 0.004123388944
78.336 0.004117770711
78.338 0.004123656413
78.34 0.004118056377
78.342 0.004123932749
78.344 0.004118315688
78.346 0.004124186262
78.348 0.004118577458
78.35 0.00412441894
78.352 0.004118822573
78.354 0.004124686376
78.356 0.004119106501
78.358 0.00412493932
78.36 0.004119366008
78.362 0.004125215877
78.364 0.004119661149
78.366 0.004125504225
78.368 0.004119936106
78.37 0.004125745146
78.372 0.004120192533
78.374 0.004126015289
78.376 0.004120474806
78.378 0.004126274919
78.38 0.004120752005
78.382 0.004126571154
78.384 0.004121044353
78.386 0.004126831703
78.388 0.004121319088
78.39 0.00412709478
78.392 0.004121603253
78.394 0.004127396826
78.396 0.004121894932
78.398 0.004127655828
78.4 0.004122174917
78.402 0.004127939476
78.404 0.004122468237
78.406 0.004128269151
78.408 0.004122768026
78.41 0.004128556974
78.412 0.004123045406
78.414 0.00412883978
78.416 0.004123335158
78.418 0.00412914482
78.42 0.004123633133
78.422 0.004129425756
78.424 0.004123925025
78.426 0.004129571151
78.428 0.004124224631
78.43 0.004129863191
78.432 0.004124498288
78.434 0.00413016474
78.436 0.004124795549
78.438 0.004130491955
78.44 0.004125087357
78.442 0.004130805887
78.444 0.004125381538
78.446 0.00413112672
78.448 0.004125703069
78.45 0.00413140557
78.452 0.004125998403
78.454 0.004131714898
78.456 0.004126309549
78.458 0.00413202449
78.46 0.004126611945
78.462 0.004132334693
78.464 0.004126940284
78.466 0.004132643114
78.468 0.004127250621
78.47 0.004132951682
78.472 0.004127588592
78.474 0.0041332614
78.476 0.004127905681
78.478 0.004133572879
78.48 0.004128241922
78.482 0.004133884875
78.484 0.004128574188
78.486 0.004134199467
78.488 0.004128925474
78.49 0.004134514274
78.492 0.004129268923
78.494 0.004134847153
78.496 0.004129613291
78.498 0.004135157463
78.5 0.004129959197
78.502 0.004135492958
78.504 0.004130305856
78.506 0.00413580944
78.508 0.004130652245
78.51 0.004136152831
78.512 0.004130959164
78.514 0.004136501011
78.516 0.004131293501
78.518 0.004136850802
78.52 0.004131620834
78.522 0.00413721646
78.524 0.0041319597
78.526 0.00413755316
78.528 0.004132297441
78.53 0.00413790736
78.532 0.004132637424
78.534 0.004138277146
78.536 0.004132948535
78.538 0.00413863996
78.54 0.004133259546
78.542 0.00413902917
78.544 0.00413359103
78.546 0.004139401789
78.548 0.00413391846
78.55 0.00413977551
78.552 0.004134268577
78.554 0.004140141991
78.556 0.004134623664
78.558 0.004140506721
78.56 0.00413498843
78.562 0.00414087158
78.564 0.004135346755
78.566 0.004141237708
78.568 0.004135732028
78.57 0.004141604348
78.572 0.004136117622
78.574 0.004141967196
78.576 0.004136507594
78.578 0.004142328017
78.58 0.004136899683
78.582 0.004142696596
78.584 0.004137280936
78.586 0.004143081868
78.588 0.004137671738
78.59 0.00414344893
78.592 0.004138068722
78.594 0.004143821737
78.596 0.004138470335
78.598 0.004144197104
78.6 0.004138873143
78.602 0.004144573982
78.604 0.004139281595
78.606 0.004144955784
78.608 0.004139692216
78.61 0.004145335493
78.612 0.004140104141
78.614 0.004145736282
78.616 0.004140511006
78.618 0.004146132485
78.62 0.004140918105
78.622 0.004146530968
78.624 0.004141325178
78.626 0.004146923265
78.628 0.004141736748
78.63 0.004147320758
78.632 0.004142147109
78.634 0.004147720583
78.636 0.00414255781
78.638 0.004148123373
78.64 0.004142971095
78.642 0.004148527082
78.644 0.004143384929
78.646 0.004148931102
78.648 0.004143797544
78.65 0.00414933741
78.652 0.004144210609
78.654 0.00414974582
78.656 0.004144627576
78.658 0.004150154654
78.66 0.004145043855
78.662 0.004150564608
78.664 0.004145454998
78.666 0.004150982182
78.668 0.00414587373
78.67 0.004151394015
78.672 0.004146294752
78.674 0.00415180549
78.676 0.004146718521
78.678 0.004152216316
78.68 0.004147142968
78.682 0.004152626323
78.684 0.004147571385
78.686 0.004153035862
78.688 0.004148000141
78.69 0.004153445572
78.692 0.00414842957
78.694 0.004153856543
78.696 0.004148858665
78.698 0.004154268892
78.7 0.004149288769
78.702 0.004154679755
78.704 0.004149719713
78.706 0.004155091545
78.708 0.004150151311
78.71 0.004155501055
78.712 0.004150585219
78.714 0.00415590886
78.716 0.004151018362
78.718 0.004156320484
78.72 0.004151445753
78.722 0.00415673331
78.724 0.004151878462
78.726 0.004157142733
78.728 0.004152312266
78.73 0.004157551489
78.732 0.004152744559
78.734 0.004157963568
78.736 0.004153174826
78.738 0.004158375778
78.74 0.004153604924
78.742 0.004158790337
78.744 0.004154033802
78.746 0.004159206386
78.748 0.004154392487
78.75 0.004159581217
78.752 0.004154873858
78.754 0.004160049614
78.756 0.004155295515
78.758 0.0041604816
78.76 0.004155715568
78.762 0.004160906869
78.764 0.00415616338
78.766 0.00416135017
78.768 0.004156678124
78.77 0.004161682649
78.772 0.00415711122
78.774 0.004162107167
78.776 0.004157515468
78.778 0.00416248662
78.78 0.004157861207
78.782 0.004163025083
78.784 0.004158269405
78.786 0.00416347751
78.788 0.004158666372
78.79 0.004163925286
78.792 0.004159063317
78.794 0.00416436513
78.796 0.004159463321
78.798 0.00416480343
78.8 0.004159869525
78.802 0.004165233748
78.804 0.004160275514
78.806 0.004165659604
78.808 0.004160688258
78.81 0.004166079485
78.812 0.004161100325
78.814 0.004166496265
78.816 0.004161516369
78.818 0.00416691139
78.82 0.004161930429
78.822 0.004167319438
78.824 0.004162347618
78.826 0.00416773025
78.828 0.004162763906
78.83 0.004168135536
78.832 0.004163179507
78.834 0.004168543256
78.836 0.004163596938
78.838 0.00416901994
78.84 0.004163998263
78.842 0.00416944316
78.844 0.004164399934
78.846 0.004169861325
78.848 0.004164800027
78.85 0.004170273082
78.852 0.004165200319
78.854 0.004170614719
78.856 0.004165671198
78.858 0.004170962177
78.86 0.004166147725
78.862 0.004171316716
78.864 0.004166615705
78.866 0.004171684442
78.868 0.004167068477
78.87 0.004172061511
78.872 0.004167502329
78.874 0.004172451062
78.876 0.0041679126
78.878 0.004172851224
78.88 0.004168304875
78.882 0.004173266153
78.884 0.004168682814
78.886 0.004173690618
78.888 0.004169048996
78.89 0.004174118994
78.892 0.00416940309
78.894 0.004174550386
78.896 0.004169745893
78.898 0.004174982769
78.9 0.004170092459
78.902 0.004175422393
78.904 0.00417041647
78.906 0.004175854265
78.908 0.004170742766
78.91 0.004176289719
78.912 0.00417106649
78.914 0.004176726354
78.916 0.004171393992
78.918 0.00417715601
78.92 0.004171720955
78.922 0.004177582333
78.924 0.004172049373
78.926 0.004178002114
78.928 0.004172384844
78.93 0.004178411916
78.932 0.004172728936
78.934 0.004178817838
78.936 0.004173090092
78.938 0.004179211352
78.94 0.004173452301
78.942 0.004179597625
78.944 0.00417381525
78.946 0.00417997934
78.948 0.004174180438
78.95 0.004180356955
78.952 0.004174550905
78.954 0.004180731101
78.956 0.004174924231
78.958 0.004181100864
78.96 0.004175302197
78.962 0.004181467762
78.964 0.004175682081
78.966 0.004181832751
78.968 0.004176063383
78.97 0.004182194541
78.972 0.004176443649
78.974 0.004182559489
78.976 0.00417682903
78.978 0.004182924436
78.98 0.004177212356
78.982 0.004183288327
78.984 0.004177595455
78.986 0.004183650251
78.988 0.004177975275
78.99 0.004184014836
78.992 0.004178362725
78.994 0.004184366909
78.996 0.004178745371
78.998 0.004184723077
79 0.004179125352
79.002 0.004185082666
79.004 0.004179502587
79.006 0.004185450645
79.008 0.004179873041
79.01 0.004185820175
79.012 0.004180235933
79.014 0.004186191414
79.016 0.004180608123
79.018 0.004186554035
79.02 0.004180971326
79.022 0.00418692556
79.024 0.004181330714
79.026 0.004187298505
79.028 0.004181685716
79.03 0.004187671229
79.032 0.004182038082
79.034 0.004188044478
79.036 0.004182390745
79.038 0.004188418941
79.04 0.004182742764
79.042 0.004188795983
79.044 0.004183092255
79.046 0.004189165243
79.048 0.004183439245
79.05 0.004189533911
79.052 0.004183790588
79.054 0.004189904165
79.056 0.004184138642
79.058 0.004190267028
79.06 0.004184487883
79.062 0.004190634092
79.064 0.004184833701
79.066 0.004191054223
79.068 0.004185273533
79.07 0.004191366466
79.072 0.004185734868
79.074 0.004191670828
79.076 0.004186196723
79.078 0.004191945916
79.08 0.0041866189
79.082 0.004192247365
79.084 0.004187020186
79.086 0.004192568781
79.088 0.00418730866
79.09 0.004192796
79.092 0.004187696341
79.094 0.004193248417
79.096 0.004188060787
79.098 0.004193509091
79.1 0.004188388583
79.102 0.004193949441
79.104 0.004188744403
79.106 0.004194313155
79.108 0.004189065037
79.11 0.004194677915
79.112 0.004189371041
79.114 0.004195044494
79.116 0.004189669339
79.118 0.004195451208
79.12 0.004189910711
79.122 0.004195812972
79.124 0.004190200658
79.126 0.004196157589
79.128 0.004190499861
79.13 0.004196494487
79.132 0.004190800721
79.134 0.004196826961
79.136 0.004191103188
79.138 0.004197151899
79.14 0.00419140989
79.142 0.004197466814
79.144 0.004191724165
79.146 0.004197778312
79.148 0.00419195545
79.15 0.00419801061
79.152 0.004192293617
79.154 0.004198406977
79.156 0.004192644658
79.158 0.004198612918
79.16 0.004192988713
79.162 0.004198970578
79.164 0.004193354421
79.166 0.004199258837
79.168 0.004193697635
79.17 0.004199545722
79.172 0.004194034707
79.174 0.004199829835
79.176 0.004194374693
79.178 0.004200111407
79.18 0.004194713585
79.182 0.004200393277
79.184 0.004195053007
79.186 0.004200676052
79.188 0.004195305465
79.19 0.004200885623
79.192 0.004195660587
79.194 0.004201268714
79.196 0.004196020247
79.198 0.004201462784
79.2 0.004196361544
79.202 0.004201818823
79.204 0.004196724201
79.206 0.00420210908
79.208 0.004197108625
79.21 0.004202283388
79.212 0.004197521428
79.214 0.004202592856
79.216 0.004197828465
79.218 0.004202909153
79.22 0.004198127434
79.222 0.004203225643
79.224 0.004198421174
79.226 0.0042035454
79.228 0.004198715854
79.23 0.004203861679
79.232 0.004199008709
79.234 0.004204094425
79.236 0.004199249023
79.238 0.004204495519
79.24 0.004199582123
79.242 0.004204806035
79.244 0.004199887569
79.246 0.004205113394
79.248 0.00420018806
79.25 0.004205417148
79.252 0.004200489958
79.254 0.00420572824
79.256 0.004200789792
79.258 0.004206011105
79.26 0.004201066315
79.262 0.004206340096
79.264 0.00420136237
79.266 0.004206642771
79.268 0.004201670671
79.27 0.00420688352
79.272 0.004202023748
79.274 0.004207162435
79.276 0.004202338351
79.278 0.004207450868
79.28 0.004202635505
79.282 0.00420774403
79.284 0.004202930823
79.286 0.0042080351
79.288 0.004203229875
79.29 0.004208329506
79.292 0.004203514888
79.294 0.004208619794
79.296 0.004203793446
79.298 0.004208909695
79.3 0.004204086277
79.302 0.004209199931
79.304 0.004204376396
79.306 0.004209484275
79.308 0.004204652962
79.31 0.004209771547
79.312 0.004204933451
79.314 0.004210058871
79.316 0.004205210813
79.318 0.004210342194
79.32 0.004205499276
79.322 0.004210633592
79.324 0.004205774594
79.326 0.004210907761
79.328 0.004206040373
79.33 0.004211188469
79.332 0.004206309262
79.334 0.004211469723
79.336 0.004206578789
79.338 0.004211743301
79.34 0.004206855308
79.342 0.004212028286
79.344 0.004207103136
79.346 0.004212284456
79.348 0.004207386329
79.35 0.004212562488
79.352 0.00420764342
79.354 0.004212838299
79.356 0.004207882742
79.358 0.004213103161
79.36 0.004208132412
79.362 0.004213374494
79.364 0.004208387053
79.366 0.004213626054
79.368 0.004208631337
79.37 0.00421390787
79.372 0.004208873855
79.374 0.004214166366
79.376 0.004209114505
79.378 0.004214436938
79.38 0.004209345665
79.382 0.004214689795
79.384 0.00420957075
79.386 0.004214939584
79.388 0.004209802613
79.39 0.004215177605
79.392 0.00421003319
79.394 0.004215434563
79.396 0.004210269065
79.398 0.004215693519
79.4 0.004210468226
79.402 0.004215915235
79.404 0.004210683411
79.406 0.004216142287
79.408 0.004210931559
79.41 0.004216369629
79.412 0.004211079928
79.414 0.004216605367
79.416 0.00421126121
79.418 0.004216860853
79.42 0.004211430952
79.422 0.004217099196
79.424 0.004211618537
79.426 0.004217329127
79.428 0.004211792485
79.43 0.004217551801
79.432 0.004211980772
79.434 0.00421782609
79.436 0.004212130176
79.438 0.004217988264
79.44 0.00421222199
79.442 0.00421830949
79.444 0.004212423603
79.446 0.004218526145
79.448 0.004212585903
79.45 0.004218734892
79.452 0.004212749366
79.454 0.004218935109
79.456 0.004212908908
79.458 0.004219135965
79.46 0.004213075565
79.462 0.004219323737
79.464 0.004213254666
79.466 0.004219502755
79.468 0.004213439247
79.47 0.004219656337
79.472 0.004213615375
79.474 0.004219823155
79.476 0.004213788417
79.478 0.004219988927
79.48 0.004213961006
79.482 0.004220150014
79.484 0.004214126368
79.486 0.004220315441
79.488 0.004214299227
79.49 0.004220472142
79.492 0.004214470221
79.494 0.004220628262
79.496 0.004214615638
79.498 0.004220805815
79.5 0.004214776728
79.502 0.00422096392
79.504 0.004214937153
79.506 0.004221118353
79.508 0.004215100723
79.51 0.004221267689
79.512 0.004215261664
79.514 0.004221418439
79.516 0.004215419199
79.518 0.004221570565
79.52 0.00421557157
79.522 0.004221725008
79.524 0.004215722143
79.526 0.004221878608
79.528 0.004215869965
79.53 0.004222035101
79.532 0.004216013699
79.534 0.00422219311
79.536 0.004216154803
79.538 0.004222350132
79.54 0.004216295094
79.542 0.004222508228
79.544 0.004216432934
79.546 0.004222668434
79.548 0.004216566677
79.55 0.004222830327
79.552 0.004216697373
79.554 0.004223001303
79.556 0.004216814042
79.558 0.00422316717
79.56 0.004216935055
79.562 0.004223331855
79.564 0.004217054445
79.566 0.004223497669
79.568 0.004217174411
79.57 0.004223659327
79.572 0.004217292558
79.574 0.004223820711
79.576 0.004217409637
79.578 0.004223982564
79.58 0.004217526775
79.582 0.004224137521
79.584 0.004217640639
79.586 0.004224311918
79.588 0.004217738084
79.59 0.004224469463
79.592 0.004217848532
79.594 0.00422462115
79.596 0.004217961453
79.598 0.004224767964
79.6 0.004218075913
79.602 0.004224910651
79.604 0.004218116371
79.606 0.004225063193
79.608 0.004218208185
79.61 0.004225212494
79.612 0.004218308355
79.614 0.004225357103
79.616 0.004218410378
79.618 0.00422552182
79.62 0.004218485858
79.622 0.004225674946
79.624 0.004218587901
79.626 0.004225811777
79.628 0.004218699954
79.63 0.004225944441
79.632 0.00421881338
79.634 0.004226071999
79.636 0.004218927507
79.638 0.004226194066
79.64 0.004219043076
79.642 0.004226310176
79.644 0.004219160663
79.646 0.004226421185
79.648 0.004219274741
79.65 0.004226530477
79.652 0.004219387176
79.654 0.004226635775
79.656 0.004219497904
79.658 0.004226735669
79.66 0.004219605404
79.662 0.004226841695
79.664 0.004219709302
79.666 0.00422692888
79.668 0.004219823551
79.67 0.004227019303
79.672 0.004219922693
79.674 0.004227117517
79.676 0.004220019552
79.678 0.004227206777
79.68 0.004220115339
79.682 0.004227292863
79.684 0.004220208642
79.686 0.004227380883
79.688 0.00422029521
79.69 0.004227462044
79.692 0.004220381144
79.694 0.004227540506
79.696 0.004220466393
79.698 0.004227613418
79.7 0.004220546776
79.702 0.004227685553
79.704 0.004220624498
79.706 0.004227754752
79.708 0.00422070005
79.71 0.004227820816
79.712 0.004220768628
79.714 0.004227886894
79.716 0.004220827808
79.718 0.004227949238
79.72 0.004220898767
79.722 0.004228006242
79.724 0.004220955459
79.726 0.004228065397
79.728 0.004221009153
79.73 0.004228118108
79.732 0.004221063942
79.734 0.004228164512
79.736 0.004221119599
79.738 0.004228197903
79.74 0.004221177218
79.742 0.004228234433
79.744 0.004221230311
79.746 0.004228265785
79.748 0.004221280337
79.75 0.00422829335
79.752 0.004221327376
79.754 0.004228317293
79.756 0.004221364869
79.758 0.004228349344
79.76 0.004221401497
79.762 0.004228374779
79.764 0.004221434101
79.766 0.004228395537
79.768 0.004221464726
79.77 0.004228417101
79.772 0.004221487939
79.774 0.004228437949
79.776 0.00422151165
79.778 0.004228452357
79.78 0.004221532367
79.782 0.004228464422
79.784 0.004221549074
79.786 0.004228475428
79.788 0.004221563586
79.79 0.004228482081
79.792 0.004221577159
79.794 0.004228483276
79.796 0.004221590289
79.798 0.004228484328
79.8 0.004221600519
79.802 0.004228481735
79.804 0.004221610437
79.806 0.004228459314
79.808 0.004221614595
79.81 0.004228470677
79.812 0.004221618402
79.814 0.00422846299
79.816 0.004221630253
79.818 0.004228539205
79.82 0.004221589327
79.822 0.00422858371
79.824 0.004221626164
79.826 0.004228608588
79.828 0.004221679654
79.83 0.004228623468
79.832 0.004221732997
79.834 0.00422855068
79.836 0.004221731145
79.838 0.004228643999
79.84 0.004221817109
79.842 0.004228647162
79.844 0.004221868767
79.846 0.004228561159
79.848 0.004221832522
79.85 0.004228669162
79.852 0.004221908034
79.854 0.004228656091
79.856 0.004221958035
79.858 0.004228632276
79.86 0.004222000849
79.862 0.004228610158
79.864 0.00422204264
79.866 0.004228582876
79.868 0.004222024076
79.87 0.004228567431
79.872 0.004222043811
79.874 0.004228545484
79.876 0.004222075999
79.878 0.004228509946
79.88 0.004222104482
79.882 0.004228469584
79.884 0.00422213439
79.886 0.004228428169
79.888 0.004222160416
79.89 0.004228382638
79.892 0.004222188934
79.894 0.004228334014
79.896 0.004222211161
79.898 0.0042282867
79.9 0.004222302018
79.902 0.004228230419
79.904 0.004222340034
79.906 0.004228172205
79.908 0.00422236673
79.91 0.004228116548
79.912 0.004222393248
79.914 0.004228058805
79.916 0.004222818142
79.918 0.004227557017
79.92 0.004223154617
79.922 0.004227109361
79.924 0.004223558973
79.926 0.004226707921
79.928 0.004223913639
79.93 0.004226450611
79.932 0.004224192043
79.934 0.004225878877
79.936 0.004224836942
79.938 0.004225462428
79.94 0.004225354952
79.942 0.004225126267
79.944 0.004225750342
79.946 0.004224904891
79.948 0.004226016094
79.95 0.00422479358
79.952 0.004226168405
79.954 0.00422479747
79.956 0.004226196297
79.958 0.004224869979
79.96 0.004226124909
79.962 0.004225019728
79.964 0.004225959915
79.966 0.00422523456
79.968 0.004225619074
79.97 0.004225391543
79.972 0.004225325396
79.974 0.004225802308
79.976 0.004225006684
79.978 0.004226010947
79.98 0.004224578543
79.982 0.004226366047
79.984 0.004224328174
79.986 0.004226706611
79.988 0.004223967027
79.99 0.004227006952
79.992 0.004223615824
79.994 0.004227274493
79.996 0.004223302101
79.998 0.004227545535
80 0.004223047868
