
FEMechanicsExplicitIntegrator: mesh part 0 is using FIRST order LAGRANGE finite elements.


IIMethod: mesh part 0 is using FIRST order LAGRANGE finite elements.


IIMethod: mesh part 1 is using FIRST order LAGRANGE finite elements.


IIMethod: mesh part 2 is using FIRST order LAGRANGE finite elements.


IIMethod: mesh part 3 is using FIRST order LAGRANGE finite elements.


IIMethod: mesh part 4 is using FIRST order LAGRANGE finite elements.

IBHierarchyIntegrator::initializePatchHierarchy(): tag_buffer = 3
Warning in file ``/home/mfacci/sfw/ibamr/IBAMR/ibtk/src/coarsen_ops/CartSideDoubleCubicCoarsen.cpp'' at line 133
WARNING MESSAGE: 
CartSideDoubleCubicCoarsen::coarsen():
  cubic coarsening requires a refinement ratio of 4 or larger.
  reverting to weighted averaging.

INSStaggeredHierarchyIntegrator::initializeCompositeHierarchyData():
  projecting the interpolated velocity field
INSStaggeredHierarchyIntegrator::regridProjection(): regrid projection solve number of iterations = 0
INSStaggeredHierarchyIntegrator::regridProjection(): regrid projection solve residual norm        = 0
Warning in file ``/home/mfacci/sfw/ibamr/IBAMR/ibtk/src/coarsen_ops/CartCellDoubleCubicCoarsen.cpp'' at line 125
WARNING MESSAGE: 
CartCellDoubleCubicCoarsen::coarsen():
  cubic coarsening requires a refinement ratio of 4 or larger.
  reverting to weighted averaging.

Input database:
input_db {
   MU                             = 0.01                    // input used
   RHO                            = 1                       // input used
   L                              = 2                       // input used
   H                              = 1                       // input used
   MAX_LEVELS                     = 2                       // input used
   REF_RATIO                      = 2                       // input used
   N                              = 32                      // input used
   NFINEST                        = 64                      // input used
   DX0                            = 0.0625                  // input not used
   DX                             = 0.03125                 // input used
   MFAC                           = 1.1                     // input used
   ELEM_TYPE                      = "TRI3"                  // input used
   PK1_DEV_QUAD_ORDER             = "THIRD"                 // input used
   PK1_DIL_QUAD_ORDER             = "FIRST"                 // input used
   P_E                            = 2                       // input used
   U_MAX                          = 2                       // input used
   C1_S                           = 0.1                     // input used
   P0_S                           = 0.1                     // input used
   BETA_S                         = 1                       // input used
   STRESS_FUNCTION                = "MODIFIED"              // input used
   USE_VOLUMETRIC_TERM            = TRUE                    // input used
   YOUNGS_MOD                     = 1000                    // input not used
   TRACTION_FORCE                 = 6.25                    // input not used
   SHEAR_MOD                      = 10                      // input used
   POISSON_RATIO                  = 0.499                   // input used
   BULK_MOD                       = 4996.67                 // input used
   SAFETY                         = 0.5                     // input not used
   IB_DELTA_FUNCTION              = "IB_3"                  // input used
   SPLIT_FORCES                   = FALSE                   // input not used
   USE_PRESSURE_JUMP_CONDITIONS   = TRUE                    // input used
   USE_VELOCITY_JUMP_CONDITIONS   = TRUE                    // input used
   COMPUTE_FLUID_TRACTION         = TRUE                    // input used
   WSS_CALC_WIDTH                 = 1.05                    // input used
   P_CALC_WIDTH                   = 1.3                     // input used
   USE_CONSISTENT_MASS_MATRIX     = TRUE                    // input used
   IB_POINT_DENSITY               = 3                       // input used
   SOLVER_TYPE                    = "STAGGERED"             // input used
   CFL_MAX                        = 0.25                    // input used
   DT                             = 0.0002                  // input used
   START_TIME                     = 0                       // input used
   END_TIME                       = 10                      // input used
   GROW_DT                        = 2                       // input used
   NUM_CYCLES                     = 1                       // input used
   CONVECTIVE_TS_TYPE             = "ADAMS_BASHFORTH"       // input used
   CONVECTIVE_OP_TYPE             = "PPM"                   // input used
   CONVECTIVE_FORM                = "ADVECTIVE"             // input used
   NORMALIZE_PRESSURE             = FALSE                   // input used
   ERROR_ON_DT_CHANGE             = TRUE                    // input used
   VORTICITY_TAGGING              = TRUE                    // input used
   TAG_BUFFER                     = 1                       // input used
   REGRID_CFL_INTERVAL            = 0.5                     // input used
   OUTPUT_U                       = TRUE                    // input used
   OUTPUT_P                       = TRUE                    // input used
   OUTPUT_F                       = TRUE                    // input used
   OUTPUT_OMEGA                   = TRUE                    // input used
   OUTPUT_DIV_U                   = TRUE                    // input used
   ENABLE_LOGGING                 = TRUE                    // input used
   NCYCLE                         = 5                       // input not used
   KAPPA_S                        = 1500                    // input used
   ETA_S                          = 0.5                     // input used
   KAPPA_PLATE                    = 10000                   // input not used
   SIM_NUM                        = 9                       // input not used
   LOWER_PLATE_HEIGHT             = 0.2                     // input used
   UPPER_PLATE_HEIGHT             = 0.8                     // input used
   D                              = 0.6                     // input used
   BALL_COM_X                     = 0.2                     // input used
   BALL_COM_Y                     = 0.5                     // input used
   BALL_RADIUS                    = 0.05                    // input used
   KAPPA_STATIONARY               = 10000                   // input used
   BOTTOM_PLANE_HEIGHT            = 0.2                     // input not used
   USE_SECOND_VELOCITY_CORRECTION = FALSE                   // input used
   USE_CURR_MESH_CONFIG           = TRUE                    // input used
   USE_DISCON_ELEMS               = TRUE                    // input used
   EPSILON                        = 0                       // input used
   LEFT_END                       = 0                       // input used
   RIGHT_END                      = 2                       // input used
   USE_RECTANGULAR_BLOCKAGE       = TRUE                    // input used
   EXTERIOR_CALC_COEF             = 0                       // input not used
   X1_lower                       = 0.2                     // input used
   X1_upper                       = 0.8                     // input used
   PROJECTION_METHOD_TYPE         = "PRESSURE_UPDATE"       // input used
   SECOND_ORDER_PRESSURE_UPDATE   = TRUE                    // input used
   THETA                          = 0                       // input not used
   U                              = "( sqrt((X1 - 0.5*H)*(X1 - 0.5*H)) >= D/2 ? 0.0 : U_MAX*(1.0 - 4.0*((X1 - 0.5*H)*(X1 - 0.5*H) )/(D*D)))" // input not used
   V                              = "0.0"                   // input not used
   W                              = "0.0"                   // input not used
   P                              = " sqrt((X1 - 0.5*H)*(X1 - 0.5*H))  > D/2  ? 0.0 : (-2.0*p_e*(X0)/(L) + p_e)" // input not used
   VelocityBcCoefs_0 {
      p_e              = 2                                  // input used
      D                = 0.6                                // input used
      L                = 2                                  // input used
      mu               = 0.01                               // input used
      H                = 1                                  // input used
      U_MAX            = 2                                  // input used
      acoef_function_0 = "1.0"                              // input used
      acoef_function_1 = "1.0"                              // input used
      acoef_function_2 = "1.0"                              // input used
      acoef_function_3 = "1.0"                              // input used
      bcoef_function_0 = "0.0"                              // input used
      bcoef_function_1 = "0.0"                              // input used
      bcoef_function_2 = "0.0"                              // input used
      bcoef_function_3 = "0.0"                              // input used
      gcoef_function_0 = "( sqrt((X1 - 0.5*H)*(X1 - 0.5*H) ) < D/2 ? 1.0 : 0.0 )" // input used
      gcoef_function_1 = "( sqrt((X1 - 0.5*H)*(X1 - 0.5*H) ) < D/2 ? 1.0 : 0.0 )" // input used
      gcoef_function_2 = "0.0"                              // input used
      gcoef_function_3 = "0.0"                              // input used
   }
   VelocityBcCoefs_1 {
      p_e              = 2                                  // input used
      D                = 0.6                                // input used
      L                = 2                                  // input used
      X1_lower         = 0.2                                // input used
      X1_upper         = 0.8                                // input used
      mu               = 0.01                               // input used
      H                = 1                                  // input used
      acoef_function_0 = "1.0"                              // input used
      acoef_function_1 = "1.0"                              // input used
      acoef_function_2 = "0.0"                              // input used
      acoef_function_3 = "0.0"                              // input used
      bcoef_function_0 = "0.0"                              // input used
      bcoef_function_1 = "0.0"                              // input used
      bcoef_function_2 = "1.0"                              // input used
      bcoef_function_3 = "1.0"                              // input used
      gcoef_function_0 = "0.0"                              // input used
      gcoef_function_1 = "0.0"                              // input used
      gcoef_function_2 = "0.0"                              // input used
      gcoef_function_3 = "0.0"                              // input used
   }
   IBHierarchyIntegrator {
      start_time          = 0                               // input used
      end_time            = 10                              // input used
      grow_dt             = 2                               // input used
      num_cycles          = 1                               // input used
      regrid_cfl_interval = 0.5                             // input used
      dt_max              = 0.0002                          // input used
      error_on_dt_change  = TRUE                            // input used
      enable_logging      = TRUE                            // input used
   }
   IIMethod {
      IB_delta_fcn                   = "IB_3"               // input used
      use_pressure_jump_conditions   = TRUE                 // input used
      use_velocity_jump_conditions   = TRUE                 // input used
      use_consistent_mass_matrix     = TRUE                 // input used
      IB_point_density               = 3                    // input used
      compute_fluid_traction         = TRUE                 // input used
      wss_calc_width                 = 1.05                 // input used
      p_calc_width                   = 1.3                  // input used
      exterior_calc_coef             = 0                    // input used
      min_ghost_cell_width           = 6                    // input used
      use_second_velocity_correction = FALSE                // input used
      use_current_mesh_configuration = TRUE                 // input used
   }
   INSCollocatedHierarchyIntegrator {
      mu                            = 0.01                  // input not used
      rho                           = 1                     // input not used
      start_time                    = 0                     // input not used
      end_time                      = 10                    // input not used
      grow_dt                       = 2                     // input not used
      convective_time_stepping_type = "ADAMS_BASHFORTH"     // input not used
      convective_op_type            = "PPM"                 // input not used
      convective_difference_form    = "ADVECTIVE"           // input not used
      normalize_pressure            = FALSE                 // input not used
      cfl                           = 0.25                  // input not used
      dt_max                        = 0.0002                // input not used
      using_vorticity_tagging       = TRUE                  // input not used
      vorticity_rel_thresh          = 0.01                  // input not used
      tag_buffer                    = 1                     // input not used
      output_U                      = TRUE                  // input not used
      output_P                      = TRUE                  // input not used
      output_F                      = TRUE                  // input not used
      output_Omega                  = TRUE                  // input not used
      output_Div_U                  = TRUE                  // input not used
      enable_logging                = TRUE                  // input not used
      projection_method_type        = "PRESSURE_UPDATE"     // input not used
      use_2nd_order_pressure_update = TRUE                  // input not used
   }
   FEMechanicsExplicitIntegrator {
      use_consistent_mass_matrix = TRUE                     // input used
      libmesh_partitioner_type   = "LIBMESH_DEFAULT"        // from default
   }
   INSStaggeredHierarchyIntegrator {
      mu                            = 0.01                  // input used
      rho                           = 1                     // input used
      start_time                    = 0                     // input used
      end_time                      = 10                    // input used
      grow_dt                       = 2                     // input used
      convective_time_stepping_type = "ADAMS_BASHFORTH"     // input used
      convective_op_type            = "PPM"                 // input used
      convective_difference_form    = "ADVECTIVE"           // input used
      normalize_pressure            = FALSE                 // input used
      cfl                           = 0.25                  // input used
      dt_max                        = 0.0002                // input used
      using_vorticity_tagging       = TRUE                  // input used
      vorticity_rel_thresh          = 0.01                  // input used
      tag_buffer                    = 1                     // input used
      output_U                      = TRUE                  // input used
      output_P                      = TRUE                  // input used
      output_F                      = TRUE                  // input used
      output_Omega                  = TRUE                  // input used
      output_Div_U                  = TRUE                  // input used
      enable_logging                = TRUE                  // input used
      U_P_bdry_interp_type          = "LINEAR"              // from default
   }
   Main {
      solver_type                 = "STAGGERED"             // input used
      log_file_name               = "IIM2d.log"             // input used
      log_all_nodes               = FALSE                   // input used
      viz_writer                  = "VisIt", "ExodusII"     // input used
      viz_dump_interval           = 400                     // input used
      viz_dump_dirname            = "viz_IB2d_PR_499_dt5em4_k1000_em5" // input used
      visit_number_procs_per_file = 1                       // input used
      restart_dump_interval       = 0                       // input used
      restart_dump_dirname        = "restart_IB2d_test"     // input used
      data_dump_interval          = 0                       // input used
      data_dump_dirname           = "hier_data_IB2d_test"   // input used
      timer_dump_interval         = 0                       // input used
   }
   CartesianGeometry {
      domain_boxes       = [(0,0),(63,31)]                  // input used
      x_lo               = 0, 0                             // input used
      x_up               = 2, 1                             // input used
      periodic_dimension = 0, 0                             // input used
   }
   GriddingAlgorithm {
      max_levels                = 2                         // input used
      efficiency_tolerance      = 0.85                      // input used
      combine_efficiency        = 0.85                      // input used
      check_nonrefined_tags     = 'w'                       // from default
      check_overlapping_patches = 'i'                       // from default
      extend_tags_to_bdry       = FALSE                     // from default
      ratio_to_coarser {
         level_1 = 2, 2                                     // input used
         level_2 = 2, 2                                     // input not used
         level_3 = 2, 2                                     // input not used
         level_4 = 2, 2                                     // input not used
         level_5 = 2, 2                                     // input not used
      }
      largest_patch_size {
         level_0 = 512, 512                                 // input used
      }
      smallest_patch_size {
         level_0 = 8, 8                                     // input used
      }
   }
   StandardTagAndInitialize {
      tagging_method = "GRADIENT_DETECTOR"                  // input used
   }
   LoadBalancer {
      bin_pack_method                      = "SPATIAL"      // input used
      max_workload_factor                  = 1              // input used
      ignore_level_box_union_is_single_box = FALSE          // from default
   }
   TimerManager {
      print_exclusive      = FALSE                          // input used
      print_total          = TRUE                           // input used
      print_threshold      = 0.1                            // input used
      timer_list           = "IBAMR::*::*", "IBTK::*::*", "*::*::*" // input used
      print_processor      = TRUE                           // from default
      print_max            = FALSE                          // from default
      print_summed         = FALSE                          // from default
      print_user           = FALSE                          // from default
      print_sys            = FALSE                          // from default
      print_wall           = TRUE                           // from default
      print_percentage     = TRUE                           // from default
      print_concurrent     = FALSE                          // from default
      print_timer_overhead = FALSE                          // from default
   }
}


Writing visualization files...


+++++++++++++++++++++++++++++++++++++++++++++++++++
At beginning of timestep # 0
Simulation time is 0
IBHierarchyIntegrator::advanceHierarchy(): time interval = [0,0.0002], dt = 0.0002
IBHierarchyIntegrator::advanceHierarchy(): regridding prior to timestep 0
IBHierarchyIntegrator::regridHierarchy(): starting Lagrangian data movement
IBHierarchyIntegrator::regridHierarchy(): regridding the patch hierarchy
IBHierarchyIntegrator::regridHierarchy(): finishing Lagrangian data movement
INSStaggeredHierarchyIntegrator::preprocessIntegrateHierarchy(): initializing convective operator
INSStaggeredHierarchyIntegrator::preprocessIntegrateHierarchy(): initializing velocity subdomain solver
INSStaggeredHierarchyIntegrator::preprocessIntegrateHierarchy(): initializing pressure subdomain solver
INSStaggeredHierarchyIntegrator::preprocessIntegrateHierarchy(): initializing incompressible Stokes solver
IBHierarchyIntegrator::preprocessIntegrateHierarchy(): performing Lagrangian forward Euler step
IBHierarchyIntegrator::advanceHierarchy(): integrating hierarchy
IBHierarchyIntegrator::integrateHierarchy(): computing Lagrangian force
IBHierarchyIntegrator::integrateHierarchy(): spreading Lagrangian force to the Eulerian grid
IBHierarchyIntegrator::integrateHierarchy(): solving the incompressible Navier-Stokes equations
INSStaggeredHierarchyIntegrator::integrateHierarchy(): stokes solve number of iterations = 5
INSStaggeredHierarchyIntegrator::integrateHierarchy(): stokes solve residual norm        = 1.97124e-06
INSStaggeredHierarchyIntegrator::integrateHierarchy(): stokes solve number of iterations = 3
INSStaggeredHierarchyIntegrator::integrateHierarchy(): stokes solve residual norm        = 5.99682e-06
IBHierarchyIntegrator::integrateHierarchy(): interpolating Eulerian velocity to the Lagrangian mesh
IBHierarchyIntegrator::integrateHierarchy(): performing Lagrangian midpoint-rule step
IBHierarchyIntegrator::postprocessIntegrateHierarchy(): interpolating Eulerian velocity to the Lagrangian mesh
IBHierarchyIntegrator::postprocessIntegrateHierarchy(): CFL number = 0.0195189
IBHierarchyIntegrator::postprocessIntegrateHierarchy(): Eulerian estimate of upper bound on IB point displacement since last regrid = 0.0195189
IBHierarchyIntegrator::advanceHierarchy(): synchronizing updated data
IBHierarchyIntegrator::advanceHierarchy(): resetting time dependent data

At end       of timestep # 0
Simulation time is 0.0002
+++++++++++++++++++++++++++++++++++++++++++++++++++


+++++++++++++++++++++++++++++++++++++++++++++++++++
At beginning of timestep # 1
Simulation time is 0.0002
IBHierarchyIntegrator::advanceHierarchy(): time interval = [0.0002,0.0004], dt = 0.0002
IBHierarchyIntegrator::preprocessIntegrateHierarchy(): performing Lagrangian forward Euler step
IBHierarchyIntegrator::advanceHierarchy(): integrating hierarchy
IBHierarchyIntegrator::integrateHierarchy(): computing Lagrangian force
IBHierarchyIntegrator::integrateHierarchy(): spreading Lagrangian force to the Eulerian grid
IBHierarchyIntegrator::integrateHierarchy(): solving the incompressible Navier-Stokes equations
INSStaggeredHierarchyIntegrator::integrateHierarchy(): stokes solve number of iterations = 3
INSStaggeredHierarchyIntegrator::integrateHierarchy(): stokes solve residual norm        = 0.0157679
IBHierarchyIntegrator::integrateHierarchy(): interpolating Eulerian velocity to the Lagrangian mesh
IBHierarchyIntegrator::integrateHierarchy(): performing Lagrangian midpoint-rule step
IBHierarchyIntegrator::postprocessIntegrateHierarchy(): interpolating Eulerian velocity to the Lagrangian mesh
IBHierarchyIntegrator::postprocessIntegrateHierarchy(): CFL number = 0.0192497
IBHierarchyIntegrator::postprocessIntegrateHierarchy(): Eulerian estimate of upper bound on IB point displacement since last regrid = 0.0387685
IBHierarchyIntegrator::advanceHierarchy(): synchronizing updated data
IBHierarchyIntegrator::advanceHierarchy(): resetting time dependent data

At end       of timestep # 1
Simulation time is 0.0004
+++++++++++++++++++++++++++++++++++++++++++++++++++


+++++++++++++++++++++++++++++++++++++++++++++++++++
At beginning of timestep # 2
Simulation time is 0.0004
IBHierarchyIntegrator::advanceHierarchy(): time interval = [0.0004,0.0006], dt = 0.0002
IBHierarchyIntegrator::preprocessIntegrateHierarchy(): performing Lagrangian forward Euler step
IBHierarchyIntegrator::advanceHierarchy(): integrating hierarchy
IBHierarchyIntegrator::integrateHierarchy(): computing Lagrangian force
IBHierarchyIntegrator::integrateHierarchy(): spreading Lagrangian force to the Eulerian grid
IBHierarchyIntegrator::integrateHierarchy(): solving the incompressible Navier-Stokes equations
INSStaggeredHierarchyIntegrator::integrateHierarchy(): stokes solve number of iterations = 2
INSStaggeredHierarchyIntegrator::integrateHierarchy(): stokes solve residual norm        = 0.00123458
IBHierarchyIntegrator::integrateHierarchy(): interpolating Eulerian velocity to the Lagrangian mesh
IBHierarchyIntegrator::integrateHierarchy(): performing Lagrangian midpoint-rule step
IBHierarchyIntegrator::postprocessIntegrateHierarchy(): interpolating Eulerian velocity to the Lagrangian mesh
IBHierarchyIntegrator::postprocessIntegrateHierarchy(): CFL number = 0.01898
IBHierarchyIntegrator::postprocessIntegrateHierarchy(): Eulerian estimate of upper bound on IB point displacement since last regrid = 0.0577485
IBHierarchyIntegrator::advanceHierarchy(): synchronizing updated data
IBHierarchyIntegrator::advanceHierarchy(): resetting time dependent data

At end       of timestep # 2
Simulation time is 0.0006
+++++++++++++++++++++++++++++++++++++++++++++++++++


+++++++++++++++++++++++++++++++++++++++++++++++++++
At beginning of timestep # 3
Simulation time is 0.0006
IBHierarchyIntegrator::advanceHierarchy(): time interval = [0.0006,0.0008], dt = 0.0002
IBHierarchyIntegrator::preprocessIntegrateHierarchy(): performing Lagrangian forward Euler step
IBHierarchyIntegrator::advanceHierarchy(): integrating hierarchy
IBHierarchyIntegrator::integrateHierarchy(): computing Lagrangian force
IBHierarchyIntegrator::integrateHierarchy(): spreading Lagrangian force to the Eulerian grid
IBHierarchyIntegrator::integrateHierarchy(): solving the incompressible Navier-Stokes equations
INSStaggeredHierarchyIntegrator::integrateHierarchy(): stokes solve number of iterations = 2
INSStaggeredHierarchyIntegrator::integrateHierarchy(): stokes solve residual norm        = 0.00126184
IBHierarchyIntegrator::integrateHierarchy(): interpolating Eulerian velocity to the Lagrangian mesh
IBHierarchyIntegrator::integrateHierarchy(): performing Lagrangian midpoint-rule step
IBHierarchyIntegrator::postprocessIntegrateHierarchy(): interpolating Eulerian velocity to the Lagrangian mesh
IBHierarchyIntegrator::postprocessIntegrateHierarchy(): CFL number = 0.0187002
IBHierarchyIntegrator::postprocessIntegrateHierarchy(): Eulerian estimate of upper bound on IB point displacement since last regrid = 0.0764487
IBHierarchyIntegrator::advanceHierarchy(): synchronizing updated data
IBHierarchyIntegrator::advanceHierarchy(): resetting time dependent data

At end       of timestep # 3
Simulation time is 0.0008
+++++++++++++++++++++++++++++++++++++++++++++++++++


+++++++++++++++++++++++++++++++++++++++++++++++++++
At beginning of timestep # 4
Simulation time is 0.0008
IBHierarchyIntegrator::advanceHierarchy(): time interval = [0.0008,0.001], dt = 0.0002
IBHierarchyIntegrator::preprocessIntegrateHierarchy(): performing Lagrangian forward Euler step
IBHierarchyIntegrator::advanceHierarchy(): integrating hierarchy
IBHierarchyIntegrator::integrateHierarchy(): computing Lagrangian force
IBHierarchyIntegrator::integrateHierarchy(): spreading Lagrangian force to the Eulerian grid
IBHierarchyIntegrator::integrateHierarchy(): solving the incompressible Navier-Stokes equations
INSStaggeredHierarchyIntegrator::integrateHierarchy(): stokes solve number of iterations = 2
INSStaggeredHierarchyIntegrator::integrateHierarchy(): stokes solve residual norm        = 0.00126697
IBHierarchyIntegrator::integrateHierarchy(): interpolating Eulerian velocity to the Lagrangian mesh
IBHierarchyIntegrator::integrateHierarchy(): performing Lagrangian midpoint-rule step
IBHierarchyIntegrator::postprocessIntegrateHierarchy(): interpolating Eulerian velocity to the Lagrangian mesh
IBHierarchyIntegrator::postprocessIntegrateHierarchy(): CFL number = 0.0184284
IBHierarchyIntegrator::postprocessIntegrateHierarchy(): Eulerian estimate of upper bound on IB point displacement since last regrid = 0.0948771
IBHierarchyIntegrator::advanceHierarchy(): synchronizing updated data
IBHierarchyIntegrator::advanceHierarchy(): resetting time dependent data

At end       of timestep # 4
Simulation time is 0.001
+++++++++++++++++++++++++++++++++++++++++++++++++++


+++++++++++++++++++++++++++++++++++++++++++++++++++
At beginning of timestep # 5
Simulation time is 0.001
IBHierarchyIntegrator::advanceHierarchy(): time interval = [0.001,0.0012], dt = 0.0002
IBHierarchyIntegrator::preprocessIntegrateHierarchy(): performing Lagrangian forward Euler step
IBHierarchyIntegrator::advanceHierarchy(): integrating hierarchy
IBHierarchyIntegrator::integrateHierarchy(): computing Lagrangian force
IBHierarchyIntegrator::integrateHierarchy(): spreading Lagrangian force to the Eulerian grid
IBHierarchyIntegrator::integrateHierarchy(): solving the incompressible Navier-Stokes equations
INSStaggeredHierarchyIntegrator::integrateHierarchy(): stokes solve number of iterations = 2
INSStaggeredHierarchyIntegrator::integrateHierarchy(): stokes solve residual norm        = 0.00122482
IBHierarchyIntegrator::integrateHierarchy(): interpolating Eulerian velocity to the Lagrangian mesh
IBHierarchyIntegrator::integrateHierarchy(): performing Lagrangian midpoint-rule step
IBHierarchyIntegrator::postprocessIntegrateHierarchy(): interpolating Eulerian velocity to the Lagrangian mesh
IBHierarchyIntegrator::postprocessIntegrateHierarchy(): CFL number = 0.0181541
IBHierarchyIntegrator::postprocessIntegrateHierarchy(): Eulerian estimate of upper bound on IB point displacement since last regrid = 0.113031
IBHierarchyIntegrator::advanceHierarchy(): synchronizing updated data
IBHierarchyIntegrator::advanceHierarchy(): resetting time dependent data

At end       of timestep # 5
Simulation time is 0.0012
+++++++++++++++++++++++++++++++++++++++++++++++++++


+++++++++++++++++++++++++++++++++++++++++++++++++++
At beginning of timestep # 6
Simulation time is 0.0012
IBHierarchyIntegrator::advanceHierarchy(): time interval = [0.0012,0.0014], dt = 0.0002
IBHierarchyIntegrator::preprocessIntegrateHierarchy(): performing Lagrangian forward Euler step
IBHierarchyIntegrator::advanceHierarchy(): integrating hierarchy
IBHierarchyIntegrator::integrateHierarchy(): computing Lagrangian force
IBHierarchyIntegrator::integrateHierarchy(): spreading Lagrangian force to the Eulerian grid
IBHierarchyIntegrator::integrateHierarchy(): solving the incompressible Navier-Stokes equations
INSStaggeredHierarchyIntegrator::integrateHierarchy(): stokes solve number of iterations = 2
INSStaggeredHierarchyIntegrator::integrateHierarchy(): stokes solve residual norm        = 0.00119235
IBHierarchyIntegrator::integrateHierarchy(): interpolating Eulerian velocity to the Lagrangian mesh
IBHierarchyIntegrator::integrateHierarchy(): performing Lagrangian midpoint-rule step
IBHierarchyIntegrator::postprocessIntegrateHierarchy(): interpolating Eulerian velocity to the Lagrangian mesh
IBHierarchyIntegrator::postprocessIntegrateHierarchy(): CFL number = 0.0178874
IBHierarchyIntegrator::postprocessIntegrateHierarchy(): Eulerian estimate of upper bound on IB point displacement since last regrid = 0.130919
IBHierarchyIntegrator::advanceHierarchy(): synchronizing updated data
IBHierarchyIntegrator::advanceHierarchy(): resetting time dependent data

At end       of timestep # 6
Simulation time is 0.0014
+++++++++++++++++++++++++++++++++++++++++++++++++++


+++++++++++++++++++++++++++++++++++++++++++++++++++
At beginning of timestep # 7
Simulation time is 0.0014
IBHierarchyIntegrator::advanceHierarchy(): time interval = [0.0014,0.0016], dt = 0.0002
IBHierarchyIntegrator::preprocessIntegrateHierarchy(): performing Lagrangian forward Euler step
IBHierarchyIntegrator::advanceHierarchy(): integrating hierarchy
IBHierarchyIntegrator::integrateHierarchy(): computing Lagrangian force
IBHierarchyIntegrator::integrateHierarchy(): spreading Lagrangian force to the Eulerian grid
IBHierarchyIntegrator::integrateHierarchy(): solving the incompressible Navier-Stokes equations
INSStaggeredHierarchyIntegrator::integrateHierarchy(): stokes solve number of iterations = 2
INSStaggeredHierarchyIntegrator::integrateHierarchy(): stokes solve residual norm        = 0.00121747
IBHierarchyIntegrator::integrateHierarchy(): interpolating Eulerian velocity to the Lagrangian mesh
IBHierarchyIntegrator::integrateHierarchy(): performing Lagrangian midpoint-rule step
IBHierarchyIntegrator::postprocessIntegrateHierarchy(): interpolating Eulerian velocity to the Lagrangian mesh
IBHierarchyIntegrator::postprocessIntegrateHierarchy(): CFL number = 0.0176211
IBHierarchyIntegrator::postprocessIntegrateHierarchy(): Eulerian estimate of upper bound on IB point displacement since last regrid = 0.14854
IBHierarchyIntegrator::advanceHierarchy(): synchronizing updated data
IBHierarchyIntegrator::advanceHierarchy(): resetting time dependent data

At end       of timestep # 7
Simulation time is 0.0016
+++++++++++++++++++++++++++++++++++++++++++++++++++


+++++++++++++++++++++++++++++++++++++++++++++++++++
At beginning of timestep # 8
Simulation time is 0.0016
IBHierarchyIntegrator::advanceHierarchy(): time interval = [0.0016,0.0018], dt = 0.0002
IBHierarchyIntegrator::preprocessIntegrateHierarchy(): performing Lagrangian forward Euler step
IBHierarchyIntegrator::advanceHierarchy(): integrating hierarchy
IBHierarchyIntegrator::integrateHierarchy(): computing Lagrangian force
IBHierarchyIntegrator::integrateHierarchy(): spreading Lagrangian force to the Eulerian grid
IBHierarchyIntegrator::integrateHierarchy(): solving the incompressible Navier-Stokes equations
INSStaggeredHierarchyIntegrator::integrateHierarchy(): stokes solve number of iterations = 2
INSStaggeredHierarchyIntegrator::integrateHierarchy(): stokes solve residual norm        = 0.0012177
IBHierarchyIntegrator::integrateHierarchy(): interpolating Eulerian velocity to the Lagrangian mesh
IBHierarchyIntegrator::integrateHierarchy(): performing Lagrangian midpoint-rule step
IBHierarchyIntegrator::postprocessIntegrateHierarchy(): interpolating Eulerian velocity to the Lagrangian mesh
IBHierarchyIntegrator::postprocessIntegrateHierarchy(): CFL number = 0.017361
IBHierarchyIntegrator::postprocessIntegrateHierarchy(): Eulerian estimate of upper bound on IB point displacement since last regrid = 0.165901
IBHierarchyIntegrator::advanceHierarchy(): synchronizing updated data
IBHierarchyIntegrator::advanceHierarchy(): resetting time dependent data

At end       of timestep # 8
Simulation time is 0.0018
+++++++++++++++++++++++++++++++++++++++++++++++++++


+++++++++++++++++++++++++++++++++++++++++++++++++++
At beginning of timestep # 9
Simulation time is 0.0018
IBHierarchyIntegrator::advanceHierarchy(): time interval = [0.0018,0.002], dt = 0.0002
IBHierarchyIntegrator::preprocessIntegrateHierarchy(): performing Lagrangian forward Euler step
IBHierarchyIntegrator::advanceHierarchy(): integrating hierarchy
IBHierarchyIntegrator::integrateHierarchy(): computing Lagrangian force
IBHierarchyIntegrator::integrateHierarchy(): spreading Lagrangian force to the Eulerian grid
IBHierarchyIntegrator::integrateHierarchy(): solving the incompressible Navier-Stokes equations
INSStaggeredHierarchyIntegrator::integrateHierarchy(): stokes solve number of iterations = 2
INSStaggeredHierarchyIntegrator::integrateHierarchy(): stokes solve residual norm        = 0.00116984
IBHierarchyIntegrator::integrateHierarchy(): interpolating Eulerian velocity to the Lagrangian mesh
IBHierarchyIntegrator::integrateHierarchy(): performing Lagrangian midpoint-rule step
IBHierarchyIntegrator::postprocessIntegrateHierarchy(): interpolating Eulerian velocity to the Lagrangian mesh
IBHierarchyIntegrator::postprocessIntegrateHierarchy(): CFL number = 0.0171021
IBHierarchyIntegrator::postprocessIntegrateHierarchy(): Eulerian estimate of upper bound on IB point displacement since last regrid = 0.183003
IBHierarchyIntegrator::advanceHierarchy(): synchronizing updated data
IBHierarchyIntegrator::advanceHierarchy(): resetting time dependent data

At end       of timestep # 9
Simulation time is 0.002
+++++++++++++++++++++++++++++++++++++++++++++++++++


+++++++++++++++++++++++++++++++++++++++++++++++++++
At beginning of timestep # 10
Simulation time is 0.002
IBHierarchyIntegrator::advanceHierarchy(): time interval = [0.002,0.0022], dt = 0.0002
IBHierarchyIntegrator::preprocessIntegrateHierarchy(): performing Lagrangian forward Euler step
IBHierarchyIntegrator::advanceHierarchy(): integrating hierarchy
IBHierarchyIntegrator::integrateHierarchy(): computing Lagrangian force
IBHierarchyIntegrator::integrateHierarchy(): spreading Lagrangian force to the Eulerian grid
IBHierarchyIntegrator::integrateHierarchy(): solving the incompressible Navier-Stokes equations
INSStaggeredHierarchyIntegrator::integrateHierarchy(): stokes solve number of iterations = 2
INSStaggeredHierarchyIntegrator::integrateHierarchy(): stokes solve residual norm        = 0.00119775
IBHierarchyIntegrator::integrateHierarchy(): interpolating Eulerian velocity to the Lagrangian mesh
IBHierarchyIntegrator::integrateHierarchy(): performing Lagrangian midpoint-rule step
IBHierarchyIntegrator::postprocessIntegrateHierarchy(): interpolating Eulerian velocity to the Lagrangian mesh
IBHierarchyIntegrator::postprocessIntegrateHierarchy(): CFL number = 0.0168481
IBHierarchyIntegrator::postprocessIntegrateHierarchy(): Eulerian estimate of upper bound on IB point displacement since last regrid = 0.199851
IBHierarchyIntegrator::advanceHierarchy(): synchronizing updated data
IBHierarchyIntegrator::advanceHierarchy(): resetting time dependent data

At end       of timestep # 10
Simulation time is 0.0022
+++++++++++++++++++++++++++++++++++++++++++++++++++


+++++++++++++++++++++++++++++++++++++++++++++++++++
At beginning of timestep # 11
Simulation time is 0.0022
IBHierarchyIntegrator::advanceHierarchy(): time interval = [0.0022,0.0024], dt = 0.0002
IBHierarchyIntegrator::preprocessIntegrateHierarchy(): performing Lagrangian forward Euler step
IBHierarchyIntegrator::advanceHierarchy(): integrating hierarchy
IBHierarchyIntegrator::integrateHierarchy(): computing Lagrangian force
IBHierarchyIntegrator::integrateHierarchy(): spreading Lagrangian force to the Eulerian grid
IBHierarchyIntegrator::integrateHierarchy(): solving the incompressible Navier-Stokes equations
INSStaggeredHierarchyIntegrator::integrateHierarchy(): stokes solve number of iterations = 2
INSStaggeredHierarchyIntegrator::integrateHierarchy(): stokes solve residual norm        = 0.0012284
IBHierarchyIntegrator::integrateHierarchy(): interpolating Eulerian velocity to the Lagrangian mesh
IBHierarchyIntegrator::integrateHierarchy(): performing Lagrangian midpoint-rule step
IBHierarchyIntegrator::postprocessIntegrateHierarchy(): interpolating Eulerian velocity to the Lagrangian mesh
IBHierarchyIntegrator::postprocessIntegrateHierarchy(): CFL number = 0.0165948
IBHierarchyIntegrator::postprocessIntegrateHierarchy(): Eulerian estimate of upper bound on IB point displacement since last regrid = 0.216446
IBHierarchyIntegrator::advanceHierarchy(): synchronizing updated data
IBHierarchyIntegrator::advanceHierarchy(): resetting time dependent data

At end       of timestep # 11
Simulation time is 0.0024
+++++++++++++++++++++++++++++++++++++++++++++++++++


+++++++++++++++++++++++++++++++++++++++++++++++++++
At beginning of timestep # 12
Simulation time is 0.0024
IBHierarchyIntegrator::advanceHierarchy(): time interval = [0.0024,0.0026], dt = 0.0002
IBHierarchyIntegrator::preprocessIntegrateHierarchy(): performing Lagrangian forward Euler step
IBHierarchyIntegrator::advanceHierarchy(): integrating hierarchy
IBHierarchyIntegrator::integrateHierarchy(): computing Lagrangian force
IBHierarchyIntegrator::integrateHierarchy(): spreading Lagrangian force to the Eulerian grid
IBHierarchyIntegrator::integrateHierarchy(): solving the incompressible Navier-Stokes equations
INSStaggeredHierarchyIntegrator::integrateHierarchy(): stokes solve number of iterations = 2
INSStaggeredHierarchyIntegrator::integrateHierarchy(): stokes solve residual norm        = 0.00121765
IBHierarchyIntegrator::integrateHierarchy(): interpolating Eulerian velocity to the Lagrangian mesh
IBHierarchyIntegrator::integrateHierarchy(): performing Lagrangian midpoint-rule step
IBHierarchyIntegrator::postprocessIntegrateHierarchy(): interpolating Eulerian velocity to the Lagrangian mesh
IBHierarchyIntegrator::postprocessIntegrateHierarchy(): CFL number = 0.0163452
IBHierarchyIntegrator::postprocessIntegrateHierarchy(): Eulerian estimate of upper bound on IB point displacement since last regrid = 0.232791
IBHierarchyIntegrator::advanceHierarchy(): synchronizing updated data
IBHierarchyIntegrator::advanceHierarchy(): resetting time dependent data

At end       of timestep # 12
Simulation time is 0.0026
+++++++++++++++++++++++++++++++++++++++++++++++++++


+++++++++++++++++++++++++++++++++++++++++++++++++++
At beginning of timestep # 13
Simulation time is 0.0026
IBHierarchyIntegrator::advanceHierarchy(): time interval = [0.0026,0.0028], dt = 0.0002
IBHierarchyIntegrator::preprocessIntegrateHierarchy(): performing Lagrangian forward Euler step
IBHierarchyIntegrator::advanceHierarchy(): integrating hierarchy
IBHierarchyIntegrator::integrateHierarchy(): computing Lagrangian force
IBHierarchyIntegrator::integrateHierarchy(): spreading Lagrangian force to the Eulerian grid
IBHierarchyIntegrator::integrateHierarchy(): solving the incompressible Navier-Stokes equations
INSStaggeredHierarchyIntegrator::integrateHierarchy(): stokes solve number of iterations = 2
INSStaggeredHierarchyIntegrator::integrateHierarchy(): stokes solve residual norm        = 0.00119842
IBHierarchyIntegrator::integrateHierarchy(): interpolating Eulerian velocity to the Lagrangian mesh
IBHierarchyIntegrator::integrateHierarchy(): performing Lagrangian midpoint-rule step
IBHierarchyIntegrator::postprocessIntegrateHierarchy(): interpolating Eulerian velocity to the Lagrangian mesh
IBHierarchyIntegrator::postprocessIntegrateHierarchy(): CFL number = 0.0160956
IBHierarchyIntegrator::postprocessIntegrateHierarchy(): Eulerian estimate of upper bound on IB point displacement since last regrid = 0.248886
IBHierarchyIntegrator::advanceHierarchy(): synchronizing updated data
IBHierarchyIntegrator::advanceHierarchy(): resetting time dependent data

At end       of timestep # 13
Simulation time is 0.0028
+++++++++++++++++++++++++++++++++++++++++++++++++++


+++++++++++++++++++++++++++++++++++++++++++++++++++
At beginning of timestep # 14
Simulation time is 0.0028
IBHierarchyIntegrator::advanceHierarchy(): time interval = [0.0028,0.003], dt = 0.0002
IBHierarchyIntegrator::preprocessIntegrateHierarchy(): performing Lagrangian forward Euler step
IBHierarchyIntegrator::advanceHierarchy(): integrating hierarchy
IBHierarchyIntegrator::integrateHierarchy(): computing Lagrangian force
IBHierarchyIntegrator::integrateHierarchy(): spreading Lagrangian force to the Eulerian grid
IBHierarchyIntegrator::integrateHierarchy(): solving the incompressible Navier-Stokes equations
INSStaggeredHierarchyIntegrator::integrateHierarchy(): stokes solve number of iterations = 2
INSStaggeredHierarchyIntegrator::integrateHierarchy(): stokes solve residual norm        = 0.00117826
IBHierarchyIntegrator::integrateHierarchy(): interpolating Eulerian velocity to the Lagrangian mesh
IBHierarchyIntegrator::integrateHierarchy(): performing Lagrangian midpoint-rule step
IBHierarchyIntegrator::postprocessIntegrateHierarchy(): interpolating Eulerian velocity to the Lagrangian mesh
IBHierarchyIntegrator::postprocessIntegrateHierarchy(): CFL number = 0.0158472
IBHierarchyIntegrator::postprocessIntegrateHierarchy(): Eulerian estimate of upper bound on IB point displacement since last regrid = 0.264734
IBHierarchyIntegrator::advanceHierarchy(): synchronizing updated data
IBHierarchyIntegrator::advanceHierarchy(): resetting time dependent data

At end       of timestep # 14
Simulation time is 0.003
+++++++++++++++++++++++++++++++++++++++++++++++++++


+++++++++++++++++++++++++++++++++++++++++++++++++++
At beginning of timestep # 15
Simulation time is 0.003
IBHierarchyIntegrator::advanceHierarchy(): time interval = [0.003,0.0032], dt = 0.0002
IBHierarchyIntegrator::preprocessIntegrateHierarchy(): performing Lagrangian forward Euler step
IBHierarchyIntegrator::advanceHierarchy(): integrating hierarchy
IBHierarchyIntegrator::integrateHierarchy(): computing Lagrangian force
IBHierarchyIntegrator::integrateHierarchy(): spreading Lagrangian force to the Eulerian grid
IBHierarchyIntegrator::integrateHierarchy(): solving the incompressible Navier-Stokes equations
INSStaggeredHierarchyIntegrator::integrateHierarchy(): stokes solve number of iterations = 2
INSStaggeredHierarchyIntegrator::integrateHierarchy(): stokes solve residual norm        = 0.00119782
IBHierarchyIntegrator::integrateHierarchy(): interpolating Eulerian velocity to the Lagrangian mesh
IBHierarchyIntegrator::integrateHierarchy(): performing Lagrangian midpoint-rule step
IBHierarchyIntegrator::postprocessIntegrateHierarchy(): interpolating Eulerian velocity to the Lagrangian mesh
IBHierarchyIntegrator::postprocessIntegrateHierarchy(): CFL number = 0.0155973
IBHierarchyIntegrator::postprocessIntegrateHierarchy(): Eulerian estimate of upper bound on IB point displacement since last regrid = 0.280331
IBHierarchyIntegrator::advanceHierarchy(): synchronizing updated data
IBHierarchyIntegrator::advanceHierarchy(): resetting time dependent data

At end       of timestep # 15
Simulation time is 0.0032
+++++++++++++++++++++++++++++++++++++++++++++++++++


+++++++++++++++++++++++++++++++++++++++++++++++++++
At beginning of timestep # 16
Simulation time is 0.0032
IBHierarchyIntegrator::advanceHierarchy(): time interval = [0.0032,0.0034], dt = 0.0002
IBHierarchyIntegrator::preprocessIntegrateHierarchy(): performing Lagrangian forward Euler step
IBHierarchyIntegrator::advanceHierarchy(): integrating hierarchy
IBHierarchyIntegrator::integrateHierarchy(): computing Lagrangian force
IBHierarchyIntegrator::integrateHierarchy(): spreading Lagrangian force to the Eulerian grid
IBHierarchyIntegrator::integrateHierarchy(): solving the incompressible Navier-Stokes equations
INSStaggeredHierarchyIntegrator::integrateHierarchy(): stokes solve number of iterations = 2
INSStaggeredHierarchyIntegrator::integrateHierarchy(): stokes solve residual norm        = 0.00118416
IBHierarchyIntegrator::integrateHierarchy(): interpolating Eulerian velocity to the Lagrangian mesh
IBHierarchyIntegrator::integrateHierarchy(): performing Lagrangian midpoint-rule step
IBHierarchyIntegrator::postprocessIntegrateHierarchy(): interpolating Eulerian velocity to the Lagrangian mesh
IBHierarchyIntegrator::postprocessIntegrateHierarchy(): CFL number = 0.0153471
IBHierarchyIntegrator::postprocessIntegrateHierarchy(): Eulerian estimate of upper bound on IB point displacement since last regrid = 0.295678
IBHierarchyIntegrator::advanceHierarchy(): synchronizing updated data
IBHierarchyIntegrator::advanceHierarchy(): resetting time dependent data

At end       of timestep # 16
Simulation time is 0.0034
+++++++++++++++++++++++++++++++++++++++++++++++++++


+++++++++++++++++++++++++++++++++++++++++++++++++++
At beginning of timestep # 17
Simulation time is 0.0034
IBHierarchyIntegrator::advanceHierarchy(): time interval = [0.0034,0.0036], dt = 0.0002
IBHierarchyIntegrator::preprocessIntegrateHierarchy(): performing Lagrangian forward Euler step
IBHierarchyIntegrator::advanceHierarchy(): integrating hierarchy
IBHierarchyIntegrator::integrateHierarchy(): computing Lagrangian force
IBHierarchyIntegrator::integrateHierarchy(): spreading Lagrangian force to the Eulerian grid
IBHierarchyIntegrator::integrateHierarchy(): solving the incompressible Navier-Stokes equations
INSStaggeredHierarchyIntegrator::integrateHierarchy(): stokes solve number of iterations = 2
INSStaggeredHierarchyIntegrator::integrateHierarchy(): stokes solve residual norm        = 0.0012014
IBHierarchyIntegrator::integrateHierarchy(): interpolating Eulerian velocity to the Lagrangian mesh
IBHierarchyIntegrator::integrateHierarchy(): performing Lagrangian midpoint-rule step
IBHierarchyIntegrator::postprocessIntegrateHierarchy(): interpolating Eulerian velocity to the Lagrangian mesh
IBHierarchyIntegrator::postprocessIntegrateHierarchy(): CFL number = 0.015095
IBHierarchyIntegrator::postprocessIntegrateHierarchy(): Eulerian estimate of upper bound on IB point displacement since last regrid = 0.310773
IBHierarchyIntegrator::advanceHierarchy(): synchronizing updated data
IBHierarchyIntegrator::advanceHierarchy(): resetting time dependent data

At end       of timestep # 17
Simulation time is 0.0036
+++++++++++++++++++++++++++++++++++++++++++++++++++


+++++++++++++++++++++++++++++++++++++++++++++++++++
At beginning of timestep # 18
Simulation time is 0.0036
IBHierarchyIntegrator::advanceHierarchy(): time interval = [0.0036,0.0038], dt = 0.0002
IBHierarchyIntegrator::preprocessIntegrateHierarchy(): performing Lagrangian forward Euler step
IBHierarchyIntegrator::advanceHierarchy(): integrating hierarchy
IBHierarchyIntegrator::integrateHierarchy(): computing Lagrangian force
IBHierarchyIntegrator::integrateHierarchy(): spreading Lagrangian force to the Eulerian grid
IBHierarchyIntegrator::integrateHierarchy(): solving the incompressible Navier-Stokes equations
INSStaggeredHierarchyIntegrator::integrateHierarchy(): stokes solve number of iterations = 2
INSStaggeredHierarchyIntegrator::integrateHierarchy(): stokes solve residual norm        = 0.00120094
IBHierarchyIntegrator::integrateHierarchy(): interpolating Eulerian velocity to the Lagrangian mesh
IBHierarchyIntegrator::integrateHierarchy(): performing Lagrangian midpoint-rule step
IBHierarchyIntegrator::postprocessIntegrateHierarchy(): interpolating Eulerian velocity to the Lagrangian mesh
IBHierarchyIntegrator::postprocessIntegrateHierarchy(): CFL number = 0.0148408
IBHierarchyIntegrator::postprocessIntegrateHierarchy(): Eulerian estimate of upper bound on IB point displacement since last regrid = 0.325614
IBHierarchyIntegrator::advanceHierarchy(): synchronizing updated data
IBHierarchyIntegrator::advanceHierarchy(): resetting time dependent data

At end       of timestep # 18
Simulation time is 0.0038
+++++++++++++++++++++++++++++++++++++++++++++++++++


+++++++++++++++++++++++++++++++++++++++++++++++++++
At beginning of timestep # 19
Simulation time is 0.0038
IBHierarchyIntegrator::advanceHierarchy(): time interval = [0.0038,0.004], dt = 0.0002
IBHierarchyIntegrator::preprocessIntegrateHierarchy(): performing Lagrangian forward Euler step
IBHierarchyIntegrator::advanceHierarchy(): integrating hierarchy
IBHierarchyIntegrator::integrateHierarchy(): computing Lagrangian force
IBHierarchyIntegrator::integrateHierarchy(): spreading Lagrangian force to the Eulerian grid
IBHierarchyIntegrator::integrateHierarchy(): solving the incompressible Navier-Stokes equations
INSStaggeredHierarchyIntegrator::integrateHierarchy(): stokes solve number of iterations = 2
INSStaggeredHierarchyIntegrator::integrateHierarchy(): stokes solve residual norm        = 0.00122522
IBHierarchyIntegrator::integrateHierarchy(): interpolating Eulerian velocity to the Lagrangian mesh
IBHierarchyIntegrator::integrateHierarchy(): performing Lagrangian midpoint-rule step
IBHierarchyIntegrator::postprocessIntegrateHierarchy(): interpolating Eulerian velocity to the Lagrangian mesh
IBHierarchyIntegrator::postprocessIntegrateHierarchy(): CFL number = 0.0145842
IBHierarchyIntegrator::postprocessIntegrateHierarchy(): Eulerian estimate of upper bound on IB point displacement since last regrid = 0.340198
IBHierarchyIntegrator::advanceHierarchy(): synchronizing updated data
IBHierarchyIntegrator::advanceHierarchy(): resetting time dependent data

At end       of timestep # 19
Simulation time is 0.004
+++++++++++++++++++++++++++++++++++++++++++++++++++


+++++++++++++++++++++++++++++++++++++++++++++++++++
At beginning of timestep # 20
Simulation time is 0.004
IBHierarchyIntegrator::advanceHierarchy(): time interval = [0.004,0.0042], dt = 0.0002
IBHierarchyIntegrator::preprocessIntegrateHierarchy(): performing Lagrangian forward Euler step
IBHierarchyIntegrator::advanceHierarchy(): integrating hierarchy
IBHierarchyIntegrator::integrateHierarchy(): computing Lagrangian force
IBHierarchyIntegrator::integrateHierarchy(): spreading Lagrangian force to the Eulerian grid
IBHierarchyIntegrator::integrateHierarchy(): solving the incompressible Navier-Stokes equations
INSStaggeredHierarchyIntegrator::integrateHierarchy(): stokes solve number of iterations = 2
INSStaggeredHierarchyIntegrator::integrateHierarchy(): stokes solve residual norm        = 0.00120528
IBHierarchyIntegrator::integrateHierarchy(): interpolating Eulerian velocity to the Lagrangian mesh
IBHierarchyIntegrator::integrateHierarchy(): performing Lagrangian midpoint-rule step
IBHierarchyIntegrator::postprocessIntegrateHierarchy(): interpolating Eulerian velocity to the Lagrangian mesh
IBHierarchyIntegrator::postprocessIntegrateHierarchy(): CFL number = 0.0143244
IBHierarchyIntegrator::postprocessIntegrateHierarchy(): Eulerian estimate of upper bound on IB point displacement since last regrid = 0.354522
IBHierarchyIntegrator::advanceHierarchy(): synchronizing updated data
IBHierarchyIntegrator::advanceHierarchy(): resetting time dependent data

At end       of timestep # 20
Simulation time is 0.0042
+++++++++++++++++++++++++++++++++++++++++++++++++++


+++++++++++++++++++++++++++++++++++++++++++++++++++
At beginning of timestep # 21
Simulation time is 0.0042
IBHierarchyIntegrator::advanceHierarchy(): time interval = [0.0042,0.0044], dt = 0.0002
IBHierarchyIntegrator::preprocessIntegrateHierarchy(): performing Lagrangian forward Euler step
IBHierarchyIntegrator::advanceHierarchy(): integrating hierarchy
IBHierarchyIntegrator::integrateHierarchy(): computing Lagrangian force
IBHierarchyIntegrator::integrateHierarchy(): spreading Lagrangian force to the Eulerian grid
IBHierarchyIntegrator::integrateHierarchy(): solving the incompressible Navier-Stokes equations
INSStaggeredHierarchyIntegrator::integrateHierarchy(): stokes solve number of iterations = 2
INSStaggeredHierarchyIntegrator::integrateHierarchy(): stokes solve residual norm        = 0.00122377
IBHierarchyIntegrator::integrateHierarchy(): interpolating Eulerian velocity to the Lagrangian mesh
IBHierarchyIntegrator::integrateHierarchy(): performing Lagrangian midpoint-rule step
IBHierarchyIntegrator::postprocessIntegrateHierarchy(): interpolating Eulerian velocity to the Lagrangian mesh
IBHierarchyIntegrator::postprocessIntegrateHierarchy(): CFL number = 0.0140619
IBHierarchyIntegrator::postprocessIntegrateHierarchy(): Eulerian estimate of upper bound on IB point displacement since last regrid = 0.368584
IBHierarchyIntegrator::advanceHierarchy(): synchronizing updated data
IBHierarchyIntegrator::advanceHierarchy(): resetting time dependent data

At end       of timestep # 21
Simulation time is 0.0044
+++++++++++++++++++++++++++++++++++++++++++++++++++


+++++++++++++++++++++++++++++++++++++++++++++++++++
At beginning of timestep # 22
Simulation time is 0.0044
IBHierarchyIntegrator::advanceHierarchy(): time interval = [0.0044,0.0046], dt = 0.0002
IBHierarchyIntegrator::preprocessIntegrateHierarchy(): performing Lagrangian forward Euler step
IBHierarchyIntegrator::advanceHierarchy(): integrating hierarchy
IBHierarchyIntegrator::integrateHierarchy(): computing Lagrangian force
IBHierarchyIntegrator::integrateHierarchy(): spreading Lagrangian force to the Eulerian grid
IBHierarchyIntegrator::integrateHierarchy(): solving the incompressible Navier-Stokes equations
INSStaggeredHierarchyIntegrator::integrateHierarchy(): stokes solve number of iterations = 2
INSStaggeredHierarchyIntegrator::integrateHierarchy(): stokes solve residual norm        = 0.00121777
IBHierarchyIntegrator::integrateHierarchy(): interpolating Eulerian velocity to the Lagrangian mesh
IBHierarchyIntegrator::integrateHierarchy(): performing Lagrangian midpoint-rule step
IBHierarchyIntegrator::postprocessIntegrateHierarchy(): interpolating Eulerian velocity to the Lagrangian mesh
IBHierarchyIntegrator::postprocessIntegrateHierarchy(): CFL number = 0.0137955
IBHierarchyIntegrator::postprocessIntegrateHierarchy(): Eulerian estimate of upper bound on IB point displacement since last regrid = 0.38238
IBHierarchyIntegrator::advanceHierarchy(): synchronizing updated data
IBHierarchyIntegrator::advanceHierarchy(): resetting time dependent data

At end       of timestep # 22
Simulation time is 0.0046
+++++++++++++++++++++++++++++++++++++++++++++++++++


+++++++++++++++++++++++++++++++++++++++++++++++++++
At beginning of timestep # 23
Simulation time is 0.0046
IBHierarchyIntegrator::advanceHierarchy(): time interval = [0.0046,0.0048], dt = 0.0002
IBHierarchyIntegrator::preprocessIntegrateHierarchy(): performing Lagrangian forward Euler step
IBHierarchyIntegrator::advanceHierarchy(): integrating hierarchy
IBHierarchyIntegrator::integrateHierarchy(): computing Lagrangian force
IBHierarchyIntegrator::integrateHierarchy(): spreading Lagrangian force to the Eulerian grid
IBHierarchyIntegrator::integrateHierarchy(): solving the incompressible Navier-Stokes equations
INSStaggeredHierarchyIntegrator::integrateHierarchy(): stokes solve number of iterations = 2
INSStaggeredHierarchyIntegrator::integrateHierarchy(): stokes solve residual norm        = 0.00123668
IBHierarchyIntegrator::integrateHierarchy(): interpolating Eulerian velocity to the Lagrangian mesh
IBHierarchyIntegrator::integrateHierarchy(): performing Lagrangian midpoint-rule step
IBHierarchyIntegrator::postprocessIntegrateHierarchy(): interpolating Eulerian velocity to the Lagrangian mesh
IBHierarchyIntegrator::postprocessIntegrateHierarchy(): CFL number = 0.0135261
IBHierarchyIntegrator::postprocessIntegrateHierarchy(): Eulerian estimate of upper bound on IB point displacement since last regrid = 0.395906
IBHierarchyIntegrator::advanceHierarchy(): synchronizing updated data
IBHierarchyIntegrator::advanceHierarchy(): resetting time dependent data

At end       of timestep # 23
Simulation time is 0.0048
+++++++++++++++++++++++++++++++++++++++++++++++++++


+++++++++++++++++++++++++++++++++++++++++++++++++++
At beginning of timestep # 24
Simulation time is 0.0048
IBHierarchyIntegrator::advanceHierarchy(): time interval = [0.0048,0.005], dt = 0.0002
IBHierarchyIntegrator::preprocessIntegrateHierarchy(): performing Lagrangian forward Euler step
IBHierarchyIntegrator::advanceHierarchy(): integrating hierarchy
IBHierarchyIntegrator::integrateHierarchy(): computing Lagrangian force
IBHierarchyIntegrator::integrateHierarchy(): spreading Lagrangian force to the Eulerian grid
IBHierarchyIntegrator::integrateHierarchy(): solving the incompressible Navier-Stokes equations
INSStaggeredHierarchyIntegrator::integrateHierarchy(): stokes solve number of iterations = 2
INSStaggeredHierarchyIntegrator::integrateHierarchy(): stokes solve residual norm        = 0.0128339
IBHierarchyIntegrator::integrateHierarchy(): interpolating Eulerian velocity to the Lagrangian mesh
IBHierarchyIntegrator::integrateHierarchy(): performing Lagrangian midpoint-rule step
IBHierarchyIntegrator::postprocessIntegrateHierarchy(): interpolating Eulerian velocity to the Lagrangian mesh
IBHierarchyIntegrator::postprocessIntegrateHierarchy(): CFL number = 0.0132522
IBHierarchyIntegrator::postprocessIntegrateHierarchy(): Eulerian estimate of upper bound on IB point displacement since last regrid = 0.409158
IBHierarchyIntegrator::advanceHierarchy(): synchronizing updated data
IBHierarchyIntegrator::advanceHierarchy(): resetting time dependent data

At end       of timestep # 24
Simulation time is 0.005
+++++++++++++++++++++++++++++++++++++++++++++++++++


+++++++++++++++++++++++++++++++++++++++++++++++++++
At beginning of timestep # 25
Simulation time is 0.005
IBHierarchyIntegrator::advanceHierarchy(): time interval = [0.005,0.0052], dt = 0.0002
IBHierarchyIntegrator::preprocessIntegrateHierarchy(): performing Lagrangian forward Euler step
IBHierarchyIntegrator::advanceHierarchy(): integrating hierarchy
IBHierarchyIntegrator::integrateHierarchy(): computing Lagrangian force
IBHierarchyIntegrator::integrateHierarchy(): spreading Lagrangian force to the Eulerian grid
IBHierarchyIntegrator::integrateHierarchy(): solving the incompressible Navier-Stokes equations
INSStaggeredHierarchyIntegrator::integrateHierarchy(): stokes solve number of iterations = 2
INSStaggeredHierarchyIntegrator::integrateHierarchy(): stokes solve residual norm        = 0.00412577
IBHierarchyIntegrator::integrateHierarchy(): interpolating Eulerian velocity to the Lagrangian mesh
IBHierarchyIntegrator::integrateHierarchy(): performing Lagrangian midpoint-rule step
IBHierarchyIntegrator::postprocessIntegrateHierarchy(): interpolating Eulerian velocity to the Lagrangian mesh
IBHierarchyIntegrator::postprocessIntegrateHierarchy(): CFL number = 0.0131612
IBHierarchyIntegrator::postprocessIntegrateHierarchy(): Eulerian estimate of upper bound on IB point displacement since last regrid = 0.422319
IBHierarchyIntegrator::advanceHierarchy(): synchronizing updated data
IBHierarchyIntegrator::advanceHierarchy(): resetting time dependent data

At end       of timestep # 25
Simulation time is 0.0052
+++++++++++++++++++++++++++++++++++++++++++++++++++


+++++++++++++++++++++++++++++++++++++++++++++++++++
At beginning of timestep # 26
Simulation time is 0.0052
IBHierarchyIntegrator::advanceHierarchy(): time interval = [0.0052,0.0054], dt = 0.0002
IBHierarchyIntegrator::preprocessIntegrateHierarchy(): performing Lagrangian forward Euler step
IBHierarchyIntegrator::advanceHierarchy(): integrating hierarchy
IBHierarchyIntegrator::integrateHierarchy(): computing Lagrangian force
IBHierarchyIntegrator::integrateHierarchy(): spreading Lagrangian force to the Eulerian grid
IBHierarchyIntegrator::integrateHierarchy(): solving the incompressible Navier-Stokes equations
INSStaggeredHierarchyIntegrator::integrateHierarchy(): stokes solve number of iterations = 2
INSStaggeredHierarchyIntegrator::integrateHierarchy(): stokes solve residual norm        = 0.00126977
IBHierarchyIntegrator::integrateHierarchy(): interpolating Eulerian velocity to the Lagrangian mesh
IBHierarchyIntegrator::integrateHierarchy(): performing Lagrangian midpoint-rule step
IBHierarchyIntegrator::postprocessIntegrateHierarchy(): interpolating Eulerian velocity to the Lagrangian mesh
IBHierarchyIntegrator::postprocessIntegrateHierarchy(): CFL number = 0.0132628
IBHierarchyIntegrator::postprocessIntegrateHierarchy(): Eulerian estimate of upper bound on IB point displacement since last regrid = 0.435582
IBHierarchyIntegrator::advanceHierarchy(): synchronizing updated data
IBHierarchyIntegrator::advanceHierarchy(): resetting time dependent data

At end       of timestep # 26
Simulation time is 0.0054
+++++++++++++++++++++++++++++++++++++++++++++++++++


+++++++++++++++++++++++++++++++++++++++++++++++++++
At beginning of timestep # 27
Simulation time is 0.0054
IBHierarchyIntegrator::advanceHierarchy(): time interval = [0.0054,0.0056], dt = 0.0002
IBHierarchyIntegrator::preprocessIntegrateHierarchy(): performing Lagrangian forward Euler step
IBHierarchyIntegrator::advanceHierarchy(): integrating hierarchy
IBHierarchyIntegrator::integrateHierarchy(): computing Lagrangian force
IBHierarchyIntegrator::integrateHierarchy(): spreading Lagrangian force to the Eulerian grid
IBHierarchyIntegrator::integrateHierarchy(): solving the incompressible Navier-Stokes equations
INSStaggeredHierarchyIntegrator::integrateHierarchy(): stokes solve number of iterations = 2
INSStaggeredHierarchyIntegrator::integrateHierarchy(): stokes solve residual norm        = 0.00211936
IBHierarchyIntegrator::integrateHierarchy(): interpolating Eulerian velocity to the Lagrangian mesh
IBHierarchyIntegrator::integrateHierarchy(): performing Lagrangian midpoint-rule step
IBHierarchyIntegrator::postprocessIntegrateHierarchy(): interpolating Eulerian velocity to the Lagrangian mesh
IBHierarchyIntegrator::postprocessIntegrateHierarchy(): CFL number = 0.0133597
IBHierarchyIntegrator::postprocessIntegrateHierarchy(): Eulerian estimate of upper bound on IB point displacement since last regrid = 0.448942
IBHierarchyIntegrator::advanceHierarchy(): synchronizing updated data
IBHierarchyIntegrator::advanceHierarchy(): resetting time dependent data

At end       of timestep # 27
Simulation time is 0.0056
+++++++++++++++++++++++++++++++++++++++++++++++++++


+++++++++++++++++++++++++++++++++++++++++++++++++++
At beginning of timestep # 28
Simulation time is 0.0056
IBHierarchyIntegrator::advanceHierarchy(): time interval = [0.0056,0.0058], dt = 0.0002
IBHierarchyIntegrator::preprocessIntegrateHierarchy(): performing Lagrangian forward Euler step
IBHierarchyIntegrator::advanceHierarchy(): integrating hierarchy
IBHierarchyIntegrator::integrateHierarchy(): computing Lagrangian force
IBHierarchyIntegrator::integrateHierarchy(): spreading Lagrangian force to the Eulerian grid
IBHierarchyIntegrator::integrateHierarchy(): solving the incompressible Navier-Stokes equations
INSStaggeredHierarchyIntegrator::integrateHierarchy(): stokes solve number of iterations = 2
INSStaggeredHierarchyIntegrator::integrateHierarchy(): stokes solve residual norm        = 0.0148788
IBHierarchyIntegrator::integrateHierarchy(): interpolating Eulerian velocity to the Lagrangian mesh
IBHierarchyIntegrator::integrateHierarchy(): performing Lagrangian midpoint-rule step
IBHierarchyIntegrator::postprocessIntegrateHierarchy(): interpolating Eulerian velocity to the Lagrangian mesh
IBHierarchyIntegrator::postprocessIntegrateHierarchy(): CFL number = 0.013449
IBHierarchyIntegrator::postprocessIntegrateHierarchy(): Eulerian estimate of upper bound on IB point displacement since last regrid = 0.462391
IBHierarchyIntegrator::advanceHierarchy(): synchronizing updated data
IBHierarchyIntegrator::advanceHierarchy(): resetting time dependent data

At end       of timestep # 28
Simulation time is 0.0058
+++++++++++++++++++++++++++++++++++++++++++++++++++


+++++++++++++++++++++++++++++++++++++++++++++++++++
At beginning of timestep # 29
Simulation time is 0.0058
IBHierarchyIntegrator::advanceHierarchy(): time interval = [0.0058,0.006], dt = 0.0002
IBHierarchyIntegrator::preprocessIntegrateHierarchy(): performing Lagrangian forward Euler step
IBHierarchyIntegrator::advanceHierarchy(): integrating hierarchy
IBHierarchyIntegrator::integrateHierarchy(): computing Lagrangian force
IBHierarchyIntegrator::integrateHierarchy(): spreading Lagrangian force to the Eulerian grid
IBHierarchyIntegrator::integrateHierarchy(): solving the incompressible Navier-Stokes equations
INSStaggeredHierarchyIntegrator::integrateHierarchy(): stokes solve number of iterations = 2
INSStaggeredHierarchyIntegrator::integrateHierarchy(): stokes solve residual norm        = 0.00128258
IBHierarchyIntegrator::integrateHierarchy(): interpolating Eulerian velocity to the Lagrangian mesh
IBHierarchyIntegrator::integrateHierarchy(): performing Lagrangian midpoint-rule step
IBHierarchyIntegrator::postprocessIntegrateHierarchy(): interpolating Eulerian velocity to the Lagrangian mesh
IBHierarchyIntegrator::postprocessIntegrateHierarchy(): CFL number = 0.0135331
IBHierarchyIntegrator::postprocessIntegrateHierarchy(): Eulerian estimate of upper bound on IB point displacement since last regrid = 0.475924
IBHierarchyIntegrator::advanceHierarchy(): synchronizing updated data
IBHierarchyIntegrator::advanceHierarchy(): resetting time dependent data

At end       of timestep # 29
Simulation time is 0.006
+++++++++++++++++++++++++++++++++++++++++++++++++++


+++++++++++++++++++++++++++++++++++++++++++++++++++
At beginning of timestep # 30
Simulation time is 0.006
IBHierarchyIntegrator::advanceHierarchy(): time interval = [0.006,0.0062], dt = 0.0002
IBHierarchyIntegrator::preprocessIntegrateHierarchy(): performing Lagrangian forward Euler step
IBHierarchyIntegrator::advanceHierarchy(): integrating hierarchy
IBHierarchyIntegrator::integrateHierarchy(): computing Lagrangian force
IBHierarchyIntegrator::integrateHierarchy(): spreading Lagrangian force to the Eulerian grid
IBHierarchyIntegrator::integrateHierarchy(): solving the incompressible Navier-Stokes equations
INSStaggeredHierarchyIntegrator::integrateHierarchy(): stokes solve number of iterations = 2
INSStaggeredHierarchyIntegrator::integrateHierarchy(): stokes solve residual norm        = 0.00131564
IBHierarchyIntegrator::integrateHierarchy(): interpolating Eulerian velocity to the Lagrangian mesh
IBHierarchyIntegrator::integrateHierarchy(): performing Lagrangian midpoint-rule step
IBHierarchyIntegrator::postprocessIntegrateHierarchy(): interpolating Eulerian velocity to the Lagrangian mesh
IBHierarchyIntegrator::postprocessIntegrateHierarchy(): CFL number = 0.0136095
IBHierarchyIntegrator::postprocessIntegrateHierarchy(): Eulerian estimate of upper bound on IB point displacement since last regrid = 0.489534
IBHierarchyIntegrator::advanceHierarchy(): synchronizing updated data
IBHierarchyIntegrator::advanceHierarchy(): resetting time dependent data

At end       of timestep # 30
Simulation time is 0.0062
+++++++++++++++++++++++++++++++++++++++++++++++++++


+++++++++++++++++++++++++++++++++++++++++++++++++++
At beginning of timestep # 31
Simulation time is 0.0062
IBHierarchyIntegrator::advanceHierarchy(): time interval = [0.0062,0.0064], dt = 0.0002
IBHierarchyIntegrator::preprocessIntegrateHierarchy(): performing Lagrangian forward Euler step
IBHierarchyIntegrator::advanceHierarchy(): integrating hierarchy
IBHierarchyIntegrator::integrateHierarchy(): computing Lagrangian force
IBHierarchyIntegrator::integrateHierarchy(): spreading Lagrangian force to the Eulerian grid
IBHierarchyIntegrator::integrateHierarchy(): solving the incompressible Navier-Stokes equations
INSStaggeredHierarchyIntegrator::integrateHierarchy(): stokes solve number of iterations = 2
INSStaggeredHierarchyIntegrator::integrateHierarchy(): stokes solve residual norm        = 0.00237515
IBHierarchyIntegrator::integrateHierarchy(): interpolating Eulerian velocity to the Lagrangian mesh
IBHierarchyIntegrator::integrateHierarchy(): performing Lagrangian midpoint-rule step
IBHierarchyIntegrator::postprocessIntegrateHierarchy(): interpolating Eulerian velocity to the Lagrangian mesh
IBHierarchyIntegrator::postprocessIntegrateHierarchy(): CFL number = 0.0136813
IBHierarchyIntegrator::postprocessIntegrateHierarchy(): Eulerian estimate of upper bound on IB point displacement since last regrid = 0.503215
IBHierarchyIntegrator::advanceHierarchy(): synchronizing updated data
IBHierarchyIntegrator::advanceHierarchy(): resetting time dependent data

At end       of timestep # 31
Simulation time is 0.0064
+++++++++++++++++++++++++++++++++++++++++++++++++++


+++++++++++++++++++++++++++++++++++++++++++++++++++
At beginning of timestep # 32
Simulation time is 0.0064
IBHierarchyIntegrator::advanceHierarchy(): time interval = [0.0064,0.0066], dt = 0.0002
IBHierarchyIntegrator::advanceHierarchy(): regridding prior to timestep 32
IBHierarchyIntegrator::regridHierarchy(): starting Lagrangian data movement
IBHierarchyIntegrator::regridHierarchy(): regridding the patch hierarchy
IBHierarchyIntegrator::regridHierarchy(): finishing Lagrangian data movement
INSStaggeredHierarchyIntegrator::preprocessIntegrateHierarchy(): initializing convective operator
INSStaggeredHierarchyIntegrator::preprocessIntegrateHierarchy(): initializing velocity subdomain solver
INSStaggeredHierarchyIntegrator::preprocessIntegrateHierarchy(): initializing pressure subdomain solver
INSStaggeredHierarchyIntegrator::preprocessIntegrateHierarchy(): initializing incompressible Stokes solver
IBHierarchyIntegrator::preprocessIntegrateHierarchy(): performing Lagrangian forward Euler step
IBHierarchyIntegrator::advanceHierarchy(): integrating hierarchy
IBHierarchyIntegrator::integrateHierarchy(): computing Lagrangian force
IBHierarchyIntegrator::integrateHierarchy(): spreading Lagrangian force to the Eulerian grid
IBHierarchyIntegrator::integrateHierarchy(): solving the incompressible Navier-Stokes equations
INSStaggeredHierarchyIntegrator::integrateHierarchy(): stokes solve number of iterations = 2
INSStaggeredHierarchyIntegrator::integrateHierarchy(): stokes solve residual norm        = 0.0132885
IBHierarchyIntegrator::integrateHierarchy(): interpolating Eulerian velocity to the Lagrangian mesh
IBHierarchyIntegrator::integrateHierarchy(): performing Lagrangian midpoint-rule step
IBHierarchyIntegrator::postprocessIntegrateHierarchy(): interpolating Eulerian velocity to the Lagrangian mesh
IBHierarchyIntegrator::postprocessIntegrateHierarchy(): CFL number = 0.0137449
IBHierarchyIntegrator::postprocessIntegrateHierarchy(): Eulerian estimate of upper bound on IB point displacement since last regrid = 0.0137449
IBHierarchyIntegrator::advanceHierarchy(): synchronizing updated data
IBHierarchyIntegrator::advanceHierarchy(): resetting time dependent data

At end       of timestep # 32
Simulation time is 0.0066
+++++++++++++++++++++++++++++++++++++++++++++++++++


+++++++++++++++++++++++++++++++++++++++++++++++++++
At beginning of timestep # 33
Simulation time is 0.0066
IBHierarchyIntegrator::advanceHierarchy(): time interval = [0.0066,0.0068], dt = 0.0002
IBHierarchyIntegrator::preprocessIntegrateHierarchy(): performing Lagrangian forward Euler step
IBHierarchyIntegrator::advanceHierarchy(): integrating hierarchy
IBHierarchyIntegrator::integrateHierarchy(): computing Lagrangian force
IBHierarchyIntegrator::integrateHierarchy(): spreading Lagrangian force to the Eulerian grid
IBHierarchyIntegrator::integrateHierarchy(): solving the incompressible Navier-Stokes equations
INSStaggeredHierarchyIntegrator::integrateHierarchy(): stokes solve number of iterations = 2
INSStaggeredHierarchyIntegrator::integrateHierarchy(): stokes solve residual norm        = 0.00641509
IBHierarchyIntegrator::integrateHierarchy(): interpolating Eulerian velocity to the Lagrangian mesh
IBHierarchyIntegrator::integrateHierarchy(): performing Lagrangian midpoint-rule step
IBHierarchyIntegrator::postprocessIntegrateHierarchy(): interpolating Eulerian velocity to the Lagrangian mesh
IBHierarchyIntegrator::postprocessIntegrateHierarchy(): CFL number = 0.0138022
IBHierarchyIntegrator::postprocessIntegrateHierarchy(): Eulerian estimate of upper bound on IB point displacement since last regrid = 0.0275471
IBHierarchyIntegrator::advanceHierarchy(): synchronizing updated data
IBHierarchyIntegrator::advanceHierarchy(): resetting time dependent data

At end       of timestep # 33
Simulation time is 0.0068
+++++++++++++++++++++++++++++++++++++++++++++++++++


+++++++++++++++++++++++++++++++++++++++++++++++++++
At beginning of timestep # 34
Simulation time is 0.0068
IBHierarchyIntegrator::advanceHierarchy(): time interval = [0.0068,0.007], dt = 0.0002
IBHierarchyIntegrator::preprocessIntegrateHierarchy(): performing Lagrangian forward Euler step
IBHierarchyIntegrator::advanceHierarchy(): integrating hierarchy
IBHierarchyIntegrator::integrateHierarchy(): computing Lagrangian force
IBHierarchyIntegrator::integrateHierarchy(): spreading Lagrangian force to the Eulerian grid
IBHierarchyIntegrator::integrateHierarchy(): solving the incompressible Navier-Stokes equations
INSStaggeredHierarchyIntegrator::integrateHierarchy(): stokes solve number of iterations = 2
INSStaggeredHierarchyIntegrator::integrateHierarchy(): stokes solve residual norm        = 0.00146952
IBHierarchyIntegrator::integrateHierarchy(): interpolating Eulerian velocity to the Lagrangian mesh
IBHierarchyIntegrator::integrateHierarchy(): performing Lagrangian midpoint-rule step
IBHierarchyIntegrator::postprocessIntegrateHierarchy(): interpolating Eulerian velocity to the Lagrangian mesh
IBHierarchyIntegrator::postprocessIntegrateHierarchy(): CFL number = 0.0138521
IBHierarchyIntegrator::postprocessIntegrateHierarchy(): Eulerian estimate of upper bound on IB point displacement since last regrid = 0.0413992
IBHierarchyIntegrator::advanceHierarchy(): synchronizing updated data
IBHierarchyIntegrator::advanceHierarchy(): resetting time dependent data

At end       of timestep # 34
Simulation time is 0.007
+++++++++++++++++++++++++++++++++++++++++++++++++++


+++++++++++++++++++++++++++++++++++++++++++++++++++
At beginning of timestep # 35
Simulation time is 0.007
IBHierarchyIntegrator::advanceHierarchy(): time interval = [0.007,0.0072], dt = 0.0002
IBHierarchyIntegrator::preprocessIntegrateHierarchy(): performing Lagrangian forward Euler step
IBHierarchyIntegrator::advanceHierarchy(): integrating hierarchy
IBHierarchyIntegrator::integrateHierarchy(): computing Lagrangian force
IBHierarchyIntegrator::integrateHierarchy(): spreading Lagrangian force to the Eulerian grid
IBHierarchyIntegrator::integrateHierarchy(): solving the incompressible Navier-Stokes equations
INSStaggeredHierarchyIntegrator::integrateHierarchy(): stokes solve number of iterations = 2
INSStaggeredHierarchyIntegrator::integrateHierarchy(): stokes solve residual norm        = 0.00121839
IBHierarchyIntegrator::integrateHierarchy(): interpolating Eulerian velocity to the Lagrangian mesh
IBHierarchyIntegrator::integrateHierarchy(): performing Lagrangian midpoint-rule step
IBHierarchyIntegrator::postprocessIntegrateHierarchy(): interpolating Eulerian velocity to the Lagrangian mesh
IBHierarchyIntegrator::postprocessIntegrateHierarchy(): CFL number = 0.0138956
IBHierarchyIntegrator::postprocessIntegrateHierarchy(): Eulerian estimate of upper bound on IB point displacement since last regrid = 0.0552948
IBHierarchyIntegrator::advanceHierarchy(): synchronizing updated data
IBHierarchyIntegrator::advanceHierarchy(): resetting time dependent data

At end       of timestep # 35
Simulation time is 0.0072
+++++++++++++++++++++++++++++++++++++++++++++++++++


+++++++++++++++++++++++++++++++++++++++++++++++++++
At beginning of timestep # 36
Simulation time is 0.0072
IBHierarchyIntegrator::advanceHierarchy(): time interval = [0.0072,0.0074], dt = 0.0002
IBHierarchyIntegrator::preprocessIntegrateHierarchy(): performing Lagrangian forward Euler step
IBHierarchyIntegrator::advanceHierarchy(): integrating hierarchy
IBHierarchyIntegrator::integrateHierarchy(): computing Lagrangian force
IBHierarchyIntegrator::integrateHierarchy(): spreading Lagrangian force to the Eulerian grid
IBHierarchyIntegrator::integrateHierarchy(): solving the incompressible Navier-Stokes equations
INSStaggeredHierarchyIntegrator::integrateHierarchy(): stokes solve number of iterations = 2
INSStaggeredHierarchyIntegrator::integrateHierarchy(): stokes solve residual norm        = 0.0013736
IBHierarchyIntegrator::integrateHierarchy(): interpolating Eulerian velocity to the Lagrangian mesh
IBHierarchyIntegrator::integrateHierarchy(): performing Lagrangian midpoint-rule step
IBHierarchyIntegrator::postprocessIntegrateHierarchy(): interpolating Eulerian velocity to the Lagrangian mesh
IBHierarchyIntegrator::postprocessIntegrateHierarchy(): CFL number = 0.013932
IBHierarchyIntegrator::postprocessIntegrateHierarchy(): Eulerian estimate of upper bound on IB point displacement since last regrid = 0.0692268
IBHierarchyIntegrator::advanceHierarchy(): synchronizing updated data
IBHierarchyIntegrator::advanceHierarchy(): resetting time dependent data

At end       of timestep # 36
Simulation time is 0.0074
+++++++++++++++++++++++++++++++++++++++++++++++++++


+++++++++++++++++++++++++++++++++++++++++++++++++++
At beginning of timestep # 37
Simulation time is 0.0074
IBHierarchyIntegrator::advanceHierarchy(): time interval = [0.0074,0.0076], dt = 0.0002
IBHierarchyIntegrator::preprocessIntegrateHierarchy(): performing Lagrangian forward Euler step
IBHierarchyIntegrator::advanceHierarchy(): integrating hierarchy
IBHierarchyIntegrator::integrateHierarchy(): computing Lagrangian force
IBHierarchyIntegrator::integrateHierarchy(): spreading Lagrangian force to the Eulerian grid
IBHierarchyIntegrator::integrateHierarchy(): solving the incompressible Navier-Stokes equations
INSStaggeredHierarchyIntegrator::integrateHierarchy(): stokes solve number of iterations = 2
INSStaggeredHierarchyIntegrator::integrateHierarchy(): stokes solve residual norm        = 0.00377041
IBHierarchyIntegrator::integrateHierarchy(): interpolating Eulerian velocity to the Lagrangian mesh
IBHierarchyIntegrator::integrateHierarchy(): performing Lagrangian midpoint-rule step
IBHierarchyIntegrator::postprocessIntegrateHierarchy(): interpolating Eulerian velocity to the Lagrangian mesh
IBHierarchyIntegrator::postprocessIntegrateHierarchy(): CFL number = 0.013962
IBHierarchyIntegrator::postprocessIntegrateHierarchy(): Eulerian estimate of upper bound on IB point displacement since last regrid = 0.0831888
IBHierarchyIntegrator::advanceHierarchy(): synchronizing updated data
IBHierarchyIntegrator::advanceHierarchy(): resetting time dependent data

At end       of timestep # 37
Simulation time is 0.0076
+++++++++++++++++++++++++++++++++++++++++++++++++++


+++++++++++++++++++++++++++++++++++++++++++++++++++
At beginning of timestep # 38
Simulation time is 0.0076
IBHierarchyIntegrator::advanceHierarchy(): time interval = [0.0076,0.0078], dt = 0.0002
IBHierarchyIntegrator::preprocessIntegrateHierarchy(): performing Lagrangian forward Euler step
IBHierarchyIntegrator::advanceHierarchy(): integrating hierarchy
IBHierarchyIntegrator::integrateHierarchy(): computing Lagrangian force
IBHierarchyIntegrator::integrateHierarchy(): spreading Lagrangian force to the Eulerian grid
IBHierarchyIntegrator::integrateHierarchy(): solving the incompressible Navier-Stokes equations
INSStaggeredHierarchyIntegrator::integrateHierarchy(): stokes solve number of iterations = 2
INSStaggeredHierarchyIntegrator::integrateHierarchy(): stokes solve residual norm        = 0.00114171
IBHierarchyIntegrator::integrateHierarchy(): interpolating Eulerian velocity to the Lagrangian mesh
IBHierarchyIntegrator::integrateHierarchy(): performing Lagrangian midpoint-rule step
IBHierarchyIntegrator::postprocessIntegrateHierarchy(): interpolating Eulerian velocity to the Lagrangian mesh
IBHierarchyIntegrator::postprocessIntegrateHierarchy(): CFL number = 0.0139857
IBHierarchyIntegrator::postprocessIntegrateHierarchy(): Eulerian estimate of upper bound on IB point displacement since last regrid = 0.0971745
IBHierarchyIntegrator::advanceHierarchy(): synchronizing updated data
IBHierarchyIntegrator::advanceHierarchy(): resetting time dependent data

At end       of timestep # 38
Simulation time is 0.0078
+++++++++++++++++++++++++++++++++++++++++++++++++++


+++++++++++++++++++++++++++++++++++++++++++++++++++
At beginning of timestep # 39
Simulation time is 0.0078
IBHierarchyIntegrator::advanceHierarchy(): time interval = [0.0078,0.008], dt = 0.0002
IBHierarchyIntegrator::preprocessIntegrateHierarchy(): performing Lagrangian forward Euler step
IBHierarchyIntegrator::advanceHierarchy(): integrating hierarchy
IBHierarchyIntegrator::integrateHierarchy(): computing Lagrangian force
IBHierarchyIntegrator::integrateHierarchy(): spreading Lagrangian force to the Eulerian grid
IBHierarchyIntegrator::integrateHierarchy(): solving the incompressible Navier-Stokes equations
INSStaggeredHierarchyIntegrator::integrateHierarchy(): stokes solve number of iterations = 2
INSStaggeredHierarchyIntegrator::integrateHierarchy(): stokes solve residual norm        = 0.000809624
IBHierarchyIntegrator::integrateHierarchy(): interpolating Eulerian velocity to the Lagrangian mesh
IBHierarchyIntegrator::integrateHierarchy(): performing Lagrangian midpoint-rule step
IBHierarchyIntegrator::postprocessIntegrateHierarchy(): interpolating Eulerian velocity to the Lagrangian mesh
IBHierarchyIntegrator::postprocessIntegrateHierarchy(): CFL number = 0.0140029
IBHierarchyIntegrator::postprocessIntegrateHierarchy(): Eulerian estimate of upper bound on IB point displacement since last regrid = 0.111177
IBHierarchyIntegrator::advanceHierarchy(): synchronizing updated data
IBHierarchyIntegrator::advanceHierarchy(): resetting time dependent data

At end       of timestep # 39
Simulation time is 0.008
+++++++++++++++++++++++++++++++++++++++++++++++++++


+++++++++++++++++++++++++++++++++++++++++++++++++++
At beginning of timestep # 40
Simulation time is 0.008
IBHierarchyIntegrator::advanceHierarchy(): time interval = [0.008,0.0082], dt = 0.0002
IBHierarchyIntegrator::preprocessIntegrateHierarchy(): performing Lagrangian forward Euler step
IBHierarchyIntegrator::advanceHierarchy(): integrating hierarchy
IBHierarchyIntegrator::integrateHierarchy(): computing Lagrangian force
IBHierarchyIntegrator::integrateHierarchy(): spreading Lagrangian force to the Eulerian grid
IBHierarchyIntegrator::integrateHierarchy(): solving the incompressible Navier-Stokes equations
INSStaggeredHierarchyIntegrator::integrateHierarchy(): stokes solve number of iterations = 2
INSStaggeredHierarchyIntegrator::integrateHierarchy(): stokes solve residual norm        = 0.00136038
IBHierarchyIntegrator::integrateHierarchy(): interpolating Eulerian velocity to the Lagrangian mesh
IBHierarchyIntegrator::integrateHierarchy(): performing Lagrangian midpoint-rule step
IBHierarchyIntegrator::postprocessIntegrateHierarchy(): interpolating Eulerian velocity to the Lagrangian mesh
IBHierarchyIntegrator::postprocessIntegrateHierarchy(): CFL number = 0.0140143
IBHierarchyIntegrator::postprocessIntegrateHierarchy(): Eulerian estimate of upper bound on IB point displacement since last regrid = 0.125192
IBHierarchyIntegrator::advanceHierarchy(): synchronizing updated data
IBHierarchyIntegrator::advanceHierarchy(): resetting time dependent data

At end       of timestep # 40
Simulation time is 0.0082
+++++++++++++++++++++++++++++++++++++++++++++++++++


+++++++++++++++++++++++++++++++++++++++++++++++++++
At beginning of timestep # 41
Simulation time is 0.0082
IBHierarchyIntegrator::advanceHierarchy(): time interval = [0.0082,0.0084], dt = 0.0002
IBHierarchyIntegrator::preprocessIntegrateHierarchy(): performing Lagrangian forward Euler step
IBHierarchyIntegrator::advanceHierarchy(): integrating hierarchy
IBHierarchyIntegrator::integrateHierarchy(): computing Lagrangian force
IBHierarchyIntegrator::integrateHierarchy(): spreading Lagrangian force to the Eulerian grid
IBHierarchyIntegrator::integrateHierarchy(): solving the incompressible Navier-Stokes equations
INSStaggeredHierarchyIntegrator::integrateHierarchy(): stokes solve number of iterations = 2
INSStaggeredHierarchyIntegrator::integrateHierarchy(): stokes solve residual norm        = 0.000812068
IBHierarchyIntegrator::integrateHierarchy(): interpolating Eulerian velocity to the Lagrangian mesh
IBHierarchyIntegrator::integrateHierarchy(): performing Lagrangian midpoint-rule step
IBHierarchyIntegrator::postprocessIntegrateHierarchy(): interpolating Eulerian velocity to the Lagrangian mesh
IBHierarchyIntegrator::postprocessIntegrateHierarchy(): CFL number = 0.0140205
IBHierarchyIntegrator::postprocessIntegrateHierarchy(): Eulerian estimate of upper bound on IB point displacement since last regrid = 0.139212
IBHierarchyIntegrator::advanceHierarchy(): synchronizing updated data
IBHierarchyIntegrator::advanceHierarchy(): resetting time dependent data

At end       of timestep # 41
Simulation time is 0.0084
+++++++++++++++++++++++++++++++++++++++++++++++++++


+++++++++++++++++++++++++++++++++++++++++++++++++++
At beginning of timestep # 42
Simulation time is 0.0084
IBHierarchyIntegrator::advanceHierarchy(): time interval = [0.0084,0.0086], dt = 0.0002
IBHierarchyIntegrator::preprocessIntegrateHierarchy(): performing Lagrangian forward Euler step
IBHierarchyIntegrator::advanceHierarchy(): integrating hierarchy
IBHierarchyIntegrator::integrateHierarchy(): computing Lagrangian force
IBHierarchyIntegrator::integrateHierarchy(): spreading Lagrangian force to the Eulerian grid
IBHierarchyIntegrator::integrateHierarchy(): solving the incompressible Navier-Stokes equations
INSStaggeredHierarchyIntegrator::integrateHierarchy(): stokes solve number of iterations = 2
INSStaggeredHierarchyIntegrator::integrateHierarchy(): stokes solve residual norm        = 0.000948655
IBHierarchyIntegrator::integrateHierarchy(): interpolating Eulerian velocity to the Lagrangian mesh
IBHierarchyIntegrator::integrateHierarchy(): performing Lagrangian midpoint-rule step
IBHierarchyIntegrator::postprocessIntegrateHierarchy(): interpolating Eulerian velocity to the Lagrangian mesh
IBHierarchyIntegrator::postprocessIntegrateHierarchy(): CFL number = 0.0140212
IBHierarchyIntegrator::postprocessIntegrateHierarchy(): Eulerian estimate of upper bound on IB point displacement since last regrid = 0.153233
IBHierarchyIntegrator::advanceHierarchy(): synchronizing updated data
IBHierarchyIntegrator::advanceHierarchy(): resetting time dependent data

At end       of timestep # 42
Simulation time is 0.0086
+++++++++++++++++++++++++++++++++++++++++++++++++++


+++++++++++++++++++++++++++++++++++++++++++++++++++
At beginning of timestep # 43
Simulation time is 0.0086
IBHierarchyIntegrator::advanceHierarchy(): time interval = [0.0086,0.0088], dt = 0.0002
IBHierarchyIntegrator::preprocessIntegrateHierarchy(): performing Lagrangian forward Euler step
IBHierarchyIntegrator::advanceHierarchy(): integrating hierarchy
IBHierarchyIntegrator::integrateHierarchy(): computing Lagrangian force
IBHierarchyIntegrator::integrateHierarchy(): spreading Lagrangian force to the Eulerian grid
IBHierarchyIntegrator::integrateHierarchy(): solving the incompressible Navier-Stokes equations
INSStaggeredHierarchyIntegrator::integrateHierarchy(): stokes solve number of iterations = 2
INSStaggeredHierarchyIntegrator::integrateHierarchy(): stokes solve residual norm        = 0.00311286
IBHierarchyIntegrator::integrateHierarchy(): interpolating Eulerian velocity to the Lagrangian mesh
IBHierarchyIntegrator::integrateHierarchy(): performing Lagrangian midpoint-rule step
IBHierarchyIntegrator::postprocessIntegrateHierarchy(): interpolating Eulerian velocity to the Lagrangian mesh
IBHierarchyIntegrator::postprocessIntegrateHierarchy(): CFL number = 0.0140379
IBHierarchyIntegrator::postprocessIntegrateHierarchy(): Eulerian estimate of upper bound on IB point displacement since last regrid = 0.167271
IBHierarchyIntegrator::advanceHierarchy(): synchronizing updated data
IBHierarchyIntegrator::advanceHierarchy(): resetting time dependent data

At end       of timestep # 43
Simulation time is 0.0088
+++++++++++++++++++++++++++++++++++++++++++++++++++


+++++++++++++++++++++++++++++++++++++++++++++++++++
At beginning of timestep # 44
Simulation time is 0.0088
IBHierarchyIntegrator::advanceHierarchy(): time interval = [0.0088,0.009], dt = 0.0002
IBHierarchyIntegrator::preprocessIntegrateHierarchy(): performing Lagrangian forward Euler step
IBHierarchyIntegrator::advanceHierarchy(): integrating hierarchy
IBHierarchyIntegrator::integrateHierarchy(): computing Lagrangian force
IBHierarchyIntegrator::integrateHierarchy(): spreading Lagrangian force to the Eulerian grid
IBHierarchyIntegrator::integrateHierarchy(): solving the incompressible Navier-Stokes equations
INSStaggeredHierarchyIntegrator::integrateHierarchy(): stokes solve number of iterations = 2
INSStaggeredHierarchyIntegrator::integrateHierarchy(): stokes solve residual norm        = 0.00113943
IBHierarchyIntegrator::integrateHierarchy(): interpolating Eulerian velocity to the Lagrangian mesh
IBHierarchyIntegrator::integrateHierarchy(): performing Lagrangian midpoint-rule step
IBHierarchyIntegrator::postprocessIntegrateHierarchy(): interpolating Eulerian velocity to the Lagrangian mesh
IBHierarchyIntegrator::postprocessIntegrateHierarchy(): CFL number = 0.0140947
IBHierarchyIntegrator::postprocessIntegrateHierarchy(): Eulerian estimate of upper bound on IB point displacement since last regrid = 0.181366
IBHierarchyIntegrator::advanceHierarchy(): synchronizing updated data
IBHierarchyIntegrator::advanceHierarchy(): resetting time dependent data

At end       of timestep # 44
Simulation time is 0.009
+++++++++++++++++++++++++++++++++++++++++++++++++++


+++++++++++++++++++++++++++++++++++++++++++++++++++
At beginning of timestep # 45
Simulation time is 0.009
IBHierarchyIntegrator::advanceHierarchy(): time interval = [0.009,0.0092], dt = 0.0002
IBHierarchyIntegrator::preprocessIntegrateHierarchy(): performing Lagrangian forward Euler step
IBHierarchyIntegrator::advanceHierarchy(): integrating hierarchy
IBHierarchyIntegrator::integrateHierarchy(): computing Lagrangian force
IBHierarchyIntegrator::integrateHierarchy(): spreading Lagrangian force to the Eulerian grid
IBHierarchyIntegrator::integrateHierarchy(): solving the incompressible Navier-Stokes equations
INSStaggeredHierarchyIntegrator::integrateHierarchy(): stokes solve number of iterations = 2
INSStaggeredHierarchyIntegrator::integrateHierarchy(): stokes solve residual norm        = 0.00125697
IBHierarchyIntegrator::integrateHierarchy(): interpolating Eulerian velocity to the Lagrangian mesh
IBHierarchyIntegrator::integrateHierarchy(): performing Lagrangian midpoint-rule step
IBHierarchyIntegrator::postprocessIntegrateHierarchy(): interpolating Eulerian velocity to the Lagrangian mesh
IBHierarchyIntegrator::postprocessIntegrateHierarchy(): CFL number = 0.0141472
IBHierarchyIntegrator::postprocessIntegrateHierarchy(): Eulerian estimate of upper bound on IB point displacement since last regrid = 0.195513
IBHierarchyIntegrator::advanceHierarchy(): synchronizing updated data
IBHierarchyIntegrator::advanceHierarchy(): resetting time dependent data

At end       of timestep # 45
Simulation time is 0.0092
+++++++++++++++++++++++++++++++++++++++++++++++++++


+++++++++++++++++++++++++++++++++++++++++++++++++++
At beginning of timestep # 46
Simulation time is 0.0092
IBHierarchyIntegrator::advanceHierarchy(): time interval = [0.0092,0.0094], dt = 0.0002
IBHierarchyIntegrator::preprocessIntegrateHierarchy(): performing Lagrangian forward Euler step
IBHierarchyIntegrator::advanceHierarchy(): integrating hierarchy
IBHierarchyIntegrator::integrateHierarchy(): computing Lagrangian force
IBHierarchyIntegrator::integrateHierarchy(): spreading Lagrangian force to the Eulerian grid
IBHierarchyIntegrator::integrateHierarchy(): solving the incompressible Navier-Stokes equations
INSStaggeredHierarchyIntegrator::integrateHierarchy(): stokes solve number of iterations = 2
INSStaggeredHierarchyIntegrator::integrateHierarchy(): stokes solve residual norm        = 0.000840993
IBHierarchyIntegrator::integrateHierarchy(): interpolating Eulerian velocity to the Lagrangian mesh
IBHierarchyIntegrator::integrateHierarchy(): performing Lagrangian midpoint-rule step
IBHierarchyIntegrator::postprocessIntegrateHierarchy(): interpolating Eulerian velocity to the Lagrangian mesh
IBHierarchyIntegrator::postprocessIntegrateHierarchy(): CFL number = 0.0142278
IBHierarchyIntegrator::postprocessIntegrateHierarchy(): Eulerian estimate of upper bound on IB point displacement since last regrid = 0.209741
IBHierarchyIntegrator::advanceHierarchy(): synchronizing updated data
IBHierarchyIntegrator::advanceHierarchy(): resetting time dependent data

At end       of timestep # 46
Simulation time is 0.0094
+++++++++++++++++++++++++++++++++++++++++++++++++++


+++++++++++++++++++++++++++++++++++++++++++++++++++
At beginning of timestep # 47
Simulation time is 0.0094
IBHierarchyIntegrator::advanceHierarchy(): time interval = [0.0094,0.0096], dt = 0.0002
IBHierarchyIntegrator::preprocessIntegrateHierarchy(): performing Lagrangian forward Euler step
IBHierarchyIntegrator::advanceHierarchy(): integrating hierarchy
IBHierarchyIntegrator::integrateHierarchy(): computing Lagrangian force
IBHierarchyIntegrator::integrateHierarchy(): spreading Lagrangian force to the Eulerian grid
IBHierarchyIntegrator::integrateHierarchy(): solving the incompressible Navier-Stokes equations
INSStaggeredHierarchyIntegrator::integrateHierarchy(): stokes solve number of iterations = 2
INSStaggeredHierarchyIntegrator::integrateHierarchy(): stokes solve residual norm        = 0.00110309
IBHierarchyIntegrator::integrateHierarchy(): interpolating Eulerian velocity to the Lagrangian mesh
IBHierarchyIntegrator::integrateHierarchy(): performing Lagrangian midpoint-rule step
IBHierarchyIntegrator::postprocessIntegrateHierarchy(): interpolating Eulerian velocity to the Lagrangian mesh
IBHierarchyIntegrator::postprocessIntegrateHierarchy(): CFL number = 0.0143035
IBHierarchyIntegrator::postprocessIntegrateHierarchy(): Eulerian estimate of upper bound on IB point displacement since last regrid = 0.224044
IBHierarchyIntegrator::advanceHierarchy(): synchronizing updated data
IBHierarchyIntegrator::advanceHierarchy(): resetting time dependent data

At end       of timestep # 47
Simulation time is 0.0096
+++++++++++++++++++++++++++++++++++++++++++++++++++


+++++++++++++++++++++++++++++++++++++++++++++++++++
At beginning of timestep # 48
Simulation time is 0.0096
IBHierarchyIntegrator::advanceHierarchy(): time interval = [0.0096,0.0098], dt = 0.0002
IBHierarchyIntegrator::preprocessIntegrateHierarchy(): performing Lagrangian forward Euler step
IBHierarchyIntegrator::advanceHierarchy(): integrating hierarchy
IBHierarchyIntegrator::integrateHierarchy(): computing Lagrangian force
IBHierarchyIntegrator::integrateHierarchy(): spreading Lagrangian force to the Eulerian grid
IBHierarchyIntegrator::integrateHierarchy(): solving the incompressible Navier-Stokes equations
INSStaggeredHierarchyIntegrator::integrateHierarchy(): stokes solve number of iterations = 2
INSStaggeredHierarchyIntegrator::integrateHierarchy(): stokes solve residual norm        = 0.000817438
IBHierarchyIntegrator::integrateHierarchy(): interpolating Eulerian velocity to the Lagrangian mesh
IBHierarchyIntegrator::integrateHierarchy(): performing Lagrangian midpoint-rule step
IBHierarchyIntegrator::postprocessIntegrateHierarchy(): interpolating Eulerian velocity to the Lagrangian mesh
IBHierarchyIntegrator::postprocessIntegrateHierarchy(): CFL number = 0.0143739
IBHierarchyIntegrator::postprocessIntegrateHierarchy(): Eulerian estimate of upper bound on IB point displacement since last regrid = 0.238418
IBHierarchyIntegrator::advanceHierarchy(): synchronizing updated data
IBHierarchyIntegrator::advanceHierarchy(): resetting time dependent data

At end       of timestep # 48
Simulation time is 0.0098
+++++++++++++++++++++++++++++++++++++++++++++++++++


+++++++++++++++++++++++++++++++++++++++++++++++++++
At beginning of timestep # 49
Simulation time is 0.0098
IBHierarchyIntegrator::advanceHierarchy(): time interval = [0.0098,0.01], dt = 0.0002
IBHierarchyIntegrator::preprocessIntegrateHierarchy(): performing Lagrangian forward Euler step
IBHierarchyIntegrator::advanceHierarchy(): integrating hierarchy
IBHierarchyIntegrator::integrateHierarchy(): computing Lagrangian force
IBHierarchyIntegrator::integrateHierarchy(): spreading Lagrangian force to the Eulerian grid
IBHierarchyIntegrator::integrateHierarchy(): solving the incompressible Navier-Stokes equations
INSStaggeredHierarchyIntegrator::integrateHierarchy(): stokes solve number of iterations = 2
INSStaggeredHierarchyIntegrator::integrateHierarchy(): stokes solve residual norm        = 0.00119607
IBHierarchyIntegrator::integrateHierarchy(): interpolating Eulerian velocity to the Lagrangian mesh
IBHierarchyIntegrator::integrateHierarchy(): performing Lagrangian midpoint-rule step
IBHierarchyIntegrator::postprocessIntegrateHierarchy(): interpolating Eulerian velocity to the Lagrangian mesh
IBHierarchyIntegrator::postprocessIntegrateHierarchy(): CFL number = 0.0144388
IBHierarchyIntegrator::postprocessIntegrateHierarchy(): Eulerian estimate of upper bound on IB point displacement since last regrid = 0.252857
IBHierarchyIntegrator::advanceHierarchy(): synchronizing updated data
IBHierarchyIntegrator::advanceHierarchy(): resetting time dependent data

At end       of timestep # 49
Simulation time is 0.01
+++++++++++++++++++++++++++++++++++++++++++++++++++


+++++++++++++++++++++++++++++++++++++++++++++++++++
At beginning of timestep # 50
Simulation time is 0.01
IBHierarchyIntegrator::advanceHierarchy(): time interval = [0.01,0.0102], dt = 0.0002
IBHierarchyIntegrator::preprocessIntegrateHierarchy(): performing Lagrangian forward Euler step
IBHierarchyIntegrator::advanceHierarchy(): integrating hierarchy
IBHierarchyIntegrator::integrateHierarchy(): computing Lagrangian force
IBHierarchyIntegrator::integrateHierarchy(): spreading Lagrangian force to the Eulerian grid
IBHierarchyIntegrator::integrateHierarchy(): solving the incompressible Navier-Stokes equations
INSStaggeredHierarchyIntegrator::integrateHierarchy(): stokes solve number of iterations = 2
INSStaggeredHierarchyIntegrator::integrateHierarchy(): stokes solve residual norm        = 0.000838502
IBHierarchyIntegrator::integrateHierarchy(): interpolating Eulerian velocity to the Lagrangian mesh
IBHierarchyIntegrator::integrateHierarchy(): performing Lagrangian midpoint-rule step
IBHierarchyIntegrator::postprocessIntegrateHierarchy(): interpolating Eulerian velocity to the Lagrangian mesh
IBHierarchyIntegrator::postprocessIntegrateHierarchy(): CFL number = 0.0144985
IBHierarchyIntegrator::postprocessIntegrateHierarchy(): Eulerian estimate of upper bound on IB point displacement since last regrid = 0.267356
IBHierarchyIntegrator::advanceHierarchy(): synchronizing updated data
IBHierarchyIntegrator::advanceHierarchy(): resetting time dependent data

At end       of timestep # 50
Simulation time is 0.0102
+++++++++++++++++++++++++++++++++++++++++++++++++++


+++++++++++++++++++++++++++++++++++++++++++++++++++
At beginning of timestep # 51
Simulation time is 0.0102
IBHierarchyIntegrator::advanceHierarchy(): time interval = [0.0102,0.0104], dt = 0.0002
IBHierarchyIntegrator::preprocessIntegrateHierarchy(): performing Lagrangian forward Euler step
IBHierarchyIntegrator::advanceHierarchy(): integrating hierarchy
IBHierarchyIntegrator::integrateHierarchy(): computing Lagrangian force
IBHierarchyIntegrator::integrateHierarchy(): spreading Lagrangian force to the Eulerian grid
IBHierarchyIntegrator::integrateHierarchy(): solving the incompressible Navier-Stokes equations
INSStaggeredHierarchyIntegrator::integrateHierarchy(): stokes solve number of iterations = 2
INSStaggeredHierarchyIntegrator::integrateHierarchy(): stokes solve residual norm        = 0.000962152
IBHierarchyIntegrator::integrateHierarchy(): interpolating Eulerian velocity to the Lagrangian mesh
IBHierarchyIntegrator::integrateHierarchy(): performing Lagrangian midpoint-rule step
IBHierarchyIntegrator::postprocessIntegrateHierarchy(): interpolating Eulerian velocity to the Lagrangian mesh
IBHierarchyIntegrator::postprocessIntegrateHierarchy(): CFL number = 0.014553
IBHierarchyIntegrator::postprocessIntegrateHierarchy(): Eulerian estimate of upper bound on IB point displacement since last regrid = 0.281908
IBHierarchyIntegrator::advanceHierarchy(): synchronizing updated data
IBHierarchyIntegrator::advanceHierarchy(): resetting time dependent data

At end       of timestep # 51
Simulation time is 0.0104
+++++++++++++++++++++++++++++++++++++++++++++++++++


+++++++++++++++++++++++++++++++++++++++++++++++++++
At beginning of timestep # 52
Simulation time is 0.0104
IBHierarchyIntegrator::advanceHierarchy(): time interval = [0.0104,0.0106], dt = 0.0002
IBHierarchyIntegrator::preprocessIntegrateHierarchy(): performing Lagrangian forward Euler step
IBHierarchyIntegrator::advanceHierarchy(): integrating hierarchy
IBHierarchyIntegrator::integrateHierarchy(): computing Lagrangian force
IBHierarchyIntegrator::integrateHierarchy(): spreading Lagrangian force to the Eulerian grid
IBHierarchyIntegrator::integrateHierarchy(): solving the incompressible Navier-Stokes equations
INSStaggeredHierarchyIntegrator::integrateHierarchy(): stokes solve number of iterations = 2
INSStaggeredHierarchyIntegrator::integrateHierarchy(): stokes solve residual norm        = 0.00105465
IBHierarchyIntegrator::integrateHierarchy(): interpolating Eulerian velocity to the Lagrangian mesh
IBHierarchyIntegrator::integrateHierarchy(): performing Lagrangian midpoint-rule step
IBHierarchyIntegrator::postprocessIntegrateHierarchy(): interpolating Eulerian velocity to the Lagrangian mesh
IBHierarchyIntegrator::postprocessIntegrateHierarchy(): CFL number = 0.0146023
IBHierarchyIntegrator::postprocessIntegrateHierarchy(): Eulerian estimate of upper bound on IB point displacement since last regrid = 0.296511
IBHierarchyIntegrator::advanceHierarchy(): synchronizing updated data
IBHierarchyIntegrator::advanceHierarchy(): resetting time dependent data

At end       of timestep # 52
Simulation time is 0.0106
+++++++++++++++++++++++++++++++++++++++++++++++++++


+++++++++++++++++++++++++++++++++++++++++++++++++++
At beginning of timestep # 53
Simulation time is 0.0106
IBHierarchyIntegrator::advanceHierarchy(): time interval = [0.0106,0.0108], dt = 0.0002
IBHierarchyIntegrator::preprocessIntegrateHierarchy(): performing Lagrangian forward Euler step
IBHierarchyIntegrator::advanceHierarchy(): integrating hierarchy
IBHierarchyIntegrator::integrateHierarchy(): computing Lagrangian force
IBHierarchyIntegrator::integrateHierarchy(): spreading Lagrangian force to the Eulerian grid
IBHierarchyIntegrator::integrateHierarchy(): solving the incompressible Navier-Stokes equations
INSStaggeredHierarchyIntegrator::integrateHierarchy(): stokes solve number of iterations = 2
INSStaggeredHierarchyIntegrator::integrateHierarchy(): stokes solve residual norm        = 0.000899222
IBHierarchyIntegrator::integrateHierarchy(): interpolating Eulerian velocity to the Lagrangian mesh
IBHierarchyIntegrator::integrateHierarchy(): performing Lagrangian midpoint-rule step
IBHierarchyIntegrator::postprocessIntegrateHierarchy(): interpolating Eulerian velocity to the Lagrangian mesh
IBHierarchyIntegrator::postprocessIntegrateHierarchy(): CFL number = 0.0146466
IBHierarchyIntegrator::postprocessIntegrateHierarchy(): Eulerian estimate of upper bound on IB point displacement since last regrid = 0.311157
IBHierarchyIntegrator::advanceHierarchy(): synchronizing updated data
IBHierarchyIntegrator::advanceHierarchy(): resetting time dependent data

At end       of timestep # 53
Simulation time is 0.0108
+++++++++++++++++++++++++++++++++++++++++++++++++++


+++++++++++++++++++++++++++++++++++++++++++++++++++
At beginning of timestep # 54
Simulation time is 0.0108
IBHierarchyIntegrator::advanceHierarchy(): time interval = [0.0108,0.011], dt = 0.0002
IBHierarchyIntegrator::preprocessIntegrateHierarchy(): performing Lagrangian forward Euler step
IBHierarchyIntegrator::advanceHierarchy(): integrating hierarchy
IBHierarchyIntegrator::integrateHierarchy(): computing Lagrangian force
IBHierarchyIntegrator::integrateHierarchy(): spreading Lagrangian force to the Eulerian grid
IBHierarchyIntegrator::integrateHierarchy(): solving the incompressible Navier-Stokes equations
INSStaggeredHierarchyIntegrator::integrateHierarchy(): stokes solve number of iterations = 2
INSStaggeredHierarchyIntegrator::integrateHierarchy(): stokes solve residual norm        = 0.00119911
IBHierarchyIntegrator::integrateHierarchy(): interpolating Eulerian velocity to the Lagrangian mesh
IBHierarchyIntegrator::integrateHierarchy(): performing Lagrangian midpoint-rule step
IBHierarchyIntegrator::postprocessIntegrateHierarchy(): interpolating Eulerian velocity to the Lagrangian mesh
IBHierarchyIntegrator::postprocessIntegrateHierarchy(): CFL number = 0.0146897
IBHierarchyIntegrator::postprocessIntegrateHierarchy(): Eulerian estimate of upper bound on IB point displacement since last regrid = 0.325847
IBHierarchyIntegrator::advanceHierarchy(): synchronizing updated data
IBHierarchyIntegrator::advanceHierarchy(): resetting time dependent data

At end       of timestep # 54
Simulation time is 0.011
+++++++++++++++++++++++++++++++++++++++++++++++++++


+++++++++++++++++++++++++++++++++++++++++++++++++++
At beginning of timestep # 55
Simulation time is 0.011
IBHierarchyIntegrator::advanceHierarchy(): time interval = [0.011,0.0112], dt = 0.0002
IBHierarchyIntegrator::preprocessIntegrateHierarchy(): performing Lagrangian forward Euler step
IBHierarchyIntegrator::advanceHierarchy(): integrating hierarchy
IBHierarchyIntegrator::integrateHierarchy(): computing Lagrangian force
IBHierarchyIntegrator::integrateHierarchy(): spreading Lagrangian force to the Eulerian grid
IBHierarchyIntegrator::integrateHierarchy(): solving the incompressible Navier-Stokes equations
INSStaggeredHierarchyIntegrator::integrateHierarchy(): stokes solve number of iterations = 2
INSStaggeredHierarchyIntegrator::integrateHierarchy(): stokes solve residual norm        = 0.000840182
IBHierarchyIntegrator::integrateHierarchy(): interpolating Eulerian velocity to the Lagrangian mesh
IBHierarchyIntegrator::integrateHierarchy(): performing Lagrangian midpoint-rule step
IBHierarchyIntegrator::postprocessIntegrateHierarchy(): interpolating Eulerian velocity to the Lagrangian mesh
IBHierarchyIntegrator::postprocessIntegrateHierarchy(): CFL number = 0.0147477
IBHierarchyIntegrator::postprocessIntegrateHierarchy(): Eulerian estimate of upper bound on IB point displacement since last regrid = 0.340595
IBHierarchyIntegrator::advanceHierarchy(): synchronizing updated data
IBHierarchyIntegrator::advanceHierarchy(): resetting time dependent data

At end       of timestep # 55
Simulation time is 0.0112
+++++++++++++++++++++++++++++++++++++++++++++++++++


+++++++++++++++++++++++++++++++++++++++++++++++++++
At beginning of timestep # 56
Simulation time is 0.0112
IBHierarchyIntegrator::advanceHierarchy(): time interval = [0.0112,0.0114], dt = 0.0002
IBHierarchyIntegrator::preprocessIntegrateHierarchy(): performing Lagrangian forward Euler step
IBHierarchyIntegrator::advanceHierarchy(): integrating hierarchy
IBHierarchyIntegrator::integrateHierarchy(): computing Lagrangian force
IBHierarchyIntegrator::integrateHierarchy(): spreading Lagrangian force to the Eulerian grid
IBHierarchyIntegrator::integrateHierarchy(): solving the incompressible Navier-Stokes equations
INSStaggeredHierarchyIntegrator::integrateHierarchy(): stokes solve number of iterations = 2
INSStaggeredHierarchyIntegrator::integrateHierarchy(): stokes solve residual norm        = 0.00111217
IBHierarchyIntegrator::integrateHierarchy(): interpolating Eulerian velocity to the Lagrangian mesh
IBHierarchyIntegrator::integrateHierarchy(): performing Lagrangian midpoint-rule step
IBHierarchyIntegrator::postprocessIntegrateHierarchy(): interpolating Eulerian velocity to the Lagrangian mesh
IBHierarchyIntegrator::postprocessIntegrateHierarchy(): CFL number = 0.0147998
IBHierarchyIntegrator::postprocessIntegrateHierarchy(): Eulerian estimate of upper bound on IB point displacement since last regrid = 0.355395
IBHierarchyIntegrator::advanceHierarchy(): synchronizing updated data
IBHierarchyIntegrator::advanceHierarchy(): resetting time dependent data

At end       of timestep # 56
Simulation time is 0.0114
+++++++++++++++++++++++++++++++++++++++++++++++++++


+++++++++++++++++++++++++++++++++++++++++++++++++++
At beginning of timestep # 57
Simulation time is 0.0114
IBHierarchyIntegrator::advanceHierarchy(): time interval = [0.0114,0.0116], dt = 0.0002
IBHierarchyIntegrator::preprocessIntegrateHierarchy(): performing Lagrangian forward Euler step
IBHierarchyIntegrator::advanceHierarchy(): integrating hierarchy
IBHierarchyIntegrator::integrateHierarchy(): computing Lagrangian force
IBHierarchyIntegrator::integrateHierarchy(): spreading Lagrangian force to the Eulerian grid
IBHierarchyIntegrator::integrateHierarchy(): solving the incompressible Navier-Stokes equations
INSStaggeredHierarchyIntegrator::integrateHierarchy(): stokes solve number of iterations = 2
INSStaggeredHierarchyIntegrator::integrateHierarchy(): stokes solve residual norm        = 0.000876035
IBHierarchyIntegrator::integrateHierarchy(): interpolating Eulerian velocity to the Lagrangian mesh
IBHierarchyIntegrator::integrateHierarchy(): performing Lagrangian midpoint-rule step
IBHierarchyIntegrator::postprocessIntegrateHierarchy(): interpolating Eulerian velocity to the Lagrangian mesh
IBHierarchyIntegrator::postprocessIntegrateHierarchy(): CFL number = 0.0148462
IBHierarchyIntegrator::postprocessIntegrateHierarchy(): Eulerian estimate of upper bound on IB point displacement since last regrid = 0.370241
IBHierarchyIntegrator::advanceHierarchy(): synchronizing updated data
IBHierarchyIntegrator::advanceHierarchy(): resetting time dependent data

At end       of timestep # 57
Simulation time is 0.0116
+++++++++++++++++++++++++++++++++++++++++++++++++++


+++++++++++++++++++++++++++++++++++++++++++++++++++
At beginning of timestep # 58
Simulation time is 0.0116
IBHierarchyIntegrator::advanceHierarchy(): time interval = [0.0116,0.0118], dt = 0.0002
IBHierarchyIntegrator::preprocessIntegrateHierarchy(): performing Lagrangian forward Euler step
IBHierarchyIntegrator::advanceHierarchy(): integrating hierarchy
IBHierarchyIntegrator::integrateHierarchy(): computing Lagrangian force
IBHierarchyIntegrator::integrateHierarchy(): spreading Lagrangian force to the Eulerian grid
IBHierarchyIntegrator::integrateHierarchy(): solving the incompressible Navier-Stokes equations
INSStaggeredHierarchyIntegrator::integrateHierarchy(): stokes solve number of iterations = 2
INSStaggeredHierarchyIntegrator::integrateHierarchy(): stokes solve residual norm        = 0.001047
IBHierarchyIntegrator::integrateHierarchy(): interpolating Eulerian velocity to the Lagrangian mesh
IBHierarchyIntegrator::integrateHierarchy(): performing Lagrangian midpoint-rule step
IBHierarchyIntegrator::postprocessIntegrateHierarchy(): interpolating Eulerian velocity to the Lagrangian mesh
IBHierarchyIntegrator::postprocessIntegrateHierarchy(): CFL number = 0.014887
IBHierarchyIntegrator::postprocessIntegrateHierarchy(): Eulerian estimate of upper bound on IB point displacement since last regrid = 0.385128
IBHierarchyIntegrator::advanceHierarchy(): synchronizing updated data
IBHierarchyIntegrator::advanceHierarchy(): resetting time dependent data

At end       of timestep # 58
Simulation time is 0.0118
+++++++++++++++++++++++++++++++++++++++++++++++++++


+++++++++++++++++++++++++++++++++++++++++++++++++++
At beginning of timestep # 59
Simulation time is 0.0118
IBHierarchyIntegrator::advanceHierarchy(): time interval = [0.0118,0.012], dt = 0.0002
IBHierarchyIntegrator::preprocessIntegrateHierarchy(): performing Lagrangian forward Euler step
IBHierarchyIntegrator::advanceHierarchy(): integrating hierarchy
IBHierarchyIntegrator::integrateHierarchy(): computing Lagrangian force
IBHierarchyIntegrator::integrateHierarchy(): spreading Lagrangian force to the Eulerian grid
IBHierarchyIntegrator::integrateHierarchy(): solving the incompressible Navier-Stokes equations
INSStaggeredHierarchyIntegrator::integrateHierarchy(): stokes solve number of iterations = 2
INSStaggeredHierarchyIntegrator::integrateHierarchy(): stokes solve residual norm        = 0.00101652
IBHierarchyIntegrator::integrateHierarchy(): interpolating Eulerian velocity to the Lagrangian mesh
IBHierarchyIntegrator::integrateHierarchy(): performing Lagrangian midpoint-rule step
IBHierarchyIntegrator::postprocessIntegrateHierarchy(): interpolating Eulerian velocity to the Lagrangian mesh
IBHierarchyIntegrator::postprocessIntegrateHierarchy(): CFL number = 0.0149222
IBHierarchyIntegrator::postprocessIntegrateHierarchy(): Eulerian estimate of upper bound on IB point displacement since last regrid = 0.40005
IBHierarchyIntegrator::advanceHierarchy(): synchronizing updated data
IBHierarchyIntegrator::advanceHierarchy(): resetting time dependent data

At end       of timestep # 59
Simulation time is 0.012
+++++++++++++++++++++++++++++++++++++++++++++++++++


+++++++++++++++++++++++++++++++++++++++++++++++++++
At beginning of timestep # 60
Simulation time is 0.012
IBHierarchyIntegrator::advanceHierarchy(): time interval = [0.012,0.0122], dt = 0.0002
IBHierarchyIntegrator::preprocessIntegrateHierarchy(): performing Lagrangian forward Euler step
IBHierarchyIntegrator::advanceHierarchy(): integrating hierarchy
IBHierarchyIntegrator::integrateHierarchy(): computing Lagrangian force
IBHierarchyIntegrator::integrateHierarchy(): spreading Lagrangian force to the Eulerian grid
IBHierarchyIntegrator::integrateHierarchy(): solving the incompressible Navier-Stokes equations
INSStaggeredHierarchyIntegrator::integrateHierarchy(): stokes solve number of iterations = 2
INSStaggeredHierarchyIntegrator::integrateHierarchy(): stokes solve residual norm        = 0.000931509
IBHierarchyIntegrator::integrateHierarchy(): interpolating Eulerian velocity to the Lagrangian mesh
IBHierarchyIntegrator::integrateHierarchy(): performing Lagrangian midpoint-rule step
IBHierarchyIntegrator::postprocessIntegrateHierarchy(): interpolating Eulerian velocity to the Lagrangian mesh
IBHierarchyIntegrator::postprocessIntegrateHierarchy(): CFL number = 0.014952
IBHierarchyIntegrator::postprocessIntegrateHierarchy(): Eulerian estimate of upper bound on IB point displacement since last regrid = 0.415002
IBHierarchyIntegrator::advanceHierarchy(): synchronizing updated data
IBHierarchyIntegrator::advanceHierarchy(): resetting time dependent data

At end       of timestep # 60
Simulation time is 0.0122
+++++++++++++++++++++++++++++++++++++++++++++++++++


+++++++++++++++++++++++++++++++++++++++++++++++++++
At beginning of timestep # 61
Simulation time is 0.0122
IBHierarchyIntegrator::advanceHierarchy(): time interval = [0.0122,0.0124], dt = 0.0002
IBHierarchyIntegrator::preprocessIntegrateHierarchy(): performing Lagrangian forward Euler step
IBHierarchyIntegrator::advanceHierarchy(): integrating hierarchy
IBHierarchyIntegrator::integrateHierarchy(): computing Lagrangian force
IBHierarchyIntegrator::integrateHierarchy(): spreading Lagrangian force to the Eulerian grid
IBHierarchyIntegrator::integrateHierarchy(): solving the incompressible Navier-Stokes equations
INSStaggeredHierarchyIntegrator::integrateHierarchy(): stokes solve number of iterations = 2
INSStaggeredHierarchyIntegrator::integrateHierarchy(): stokes solve residual norm        = 0.00130013
IBHierarchyIntegrator::integrateHierarchy(): interpolating Eulerian velocity to the Lagrangian mesh
IBHierarchyIntegrator::integrateHierarchy(): performing Lagrangian midpoint-rule step
IBHierarchyIntegrator::postprocessIntegrateHierarchy(): interpolating Eulerian velocity to the Lagrangian mesh
IBHierarchyIntegrator::postprocessIntegrateHierarchy(): CFL number = 0.0149766
IBHierarchyIntegrator::postprocessIntegrateHierarchy(): Eulerian estimate of upper bound on IB point displacement since last regrid = 0.429979
IBHierarchyIntegrator::advanceHierarchy(): synchronizing updated data
IBHierarchyIntegrator::advanceHierarchy(): resetting time dependent data

At end       of timestep # 61
Simulation time is 0.0124
+++++++++++++++++++++++++++++++++++++++++++++++++++


+++++++++++++++++++++++++++++++++++++++++++++++++++
At beginning of timestep # 62
Simulation time is 0.0124
IBHierarchyIntegrator::advanceHierarchy(): time interval = [0.0124,0.0126], dt = 0.0002
IBHierarchyIntegrator::preprocessIntegrateHierarchy(): performing Lagrangian forward Euler step
IBHierarchyIntegrator::advanceHierarchy(): integrating hierarchy
IBHierarchyIntegrator::integrateHierarchy(): computing Lagrangian force
IBHierarchyIntegrator::integrateHierarchy(): spreading Lagrangian force to the Eulerian grid
IBHierarchyIntegrator::integrateHierarchy(): solving the incompressible Navier-Stokes equations
INSStaggeredHierarchyIntegrator::integrateHierarchy(): stokes solve number of iterations = 2
INSStaggeredHierarchyIntegrator::integrateHierarchy(): stokes solve residual norm        = 0.000914835
IBHierarchyIntegrator::integrateHierarchy(): interpolating Eulerian velocity to the Lagrangian mesh
IBHierarchyIntegrator::integrateHierarchy(): performing Lagrangian midpoint-rule step
IBHierarchyIntegrator::postprocessIntegrateHierarchy(): interpolating Eulerian velocity to the Lagrangian mesh
IBHierarchyIntegrator::postprocessIntegrateHierarchy(): CFL number = 0.0150068
IBHierarchyIntegrator::postprocessIntegrateHierarchy(): Eulerian estimate of upper bound on IB point displacement since last regrid = 0.444985
IBHierarchyIntegrator::advanceHierarchy(): synchronizing updated data
IBHierarchyIntegrator::advanceHierarchy(): resetting time dependent data

At end       of timestep # 62
Simulation time is 0.0126
+++++++++++++++++++++++++++++++++++++++++++++++++++


+++++++++++++++++++++++++++++++++++++++++++++++++++
At beginning of timestep # 63
Simulation time is 0.0126
IBHierarchyIntegrator::advanceHierarchy(): time interval = [0.0126,0.0128], dt = 0.0002
IBHierarchyIntegrator::preprocessIntegrateHierarchy(): performing Lagrangian forward Euler step
IBHierarchyIntegrator::advanceHierarchy(): integrating hierarchy
IBHierarchyIntegrator::integrateHierarchy(): computing Lagrangian force
IBHierarchyIntegrator::integrateHierarchy(): spreading Lagrangian force to the Eulerian grid
IBHierarchyIntegrator::integrateHierarchy(): solving the incompressible Navier-Stokes equations
INSStaggeredHierarchyIntegrator::integrateHierarchy(): stokes solve number of iterations = 2
INSStaggeredHierarchyIntegrator::integrateHierarchy(): stokes solve residual norm        = 0.00118229
IBHierarchyIntegrator::integrateHierarchy(): interpolating Eulerian velocity to the Lagrangian mesh
IBHierarchyIntegrator::integrateHierarchy(): performing Lagrangian midpoint-rule step
IBHierarchyIntegrator::postprocessIntegrateHierarchy(): interpolating Eulerian velocity to the Lagrangian mesh
IBHierarchyIntegrator::postprocessIntegrateHierarchy(): CFL number = 0.0150455
IBHierarchyIntegrator::postprocessIntegrateHierarchy(): Eulerian estimate of upper bound on IB point displacement since last regrid = 0.460031
IBHierarchyIntegrator::advanceHierarchy(): synchronizing updated data
IBHierarchyIntegrator::advanceHierarchy(): resetting time dependent data

At end       of timestep # 63
Simulation time is 0.0128
+++++++++++++++++++++++++++++++++++++++++++++++++++


+++++++++++++++++++++++++++++++++++++++++++++++++++
At beginning of timestep # 64
Simulation time is 0.0128
IBHierarchyIntegrator::advanceHierarchy(): time interval = [0.0128,0.013], dt = 0.0002
IBHierarchyIntegrator::preprocessIntegrateHierarchy(): performing Lagrangian forward Euler step
IBHierarchyIntegrator::advanceHierarchy(): integrating hierarchy
IBHierarchyIntegrator::integrateHierarchy(): computing Lagrangian force
IBHierarchyIntegrator::integrateHierarchy(): spreading Lagrangian force to the Eulerian grid
IBHierarchyIntegrator::integrateHierarchy(): solving the incompressible Navier-Stokes equations
INSStaggeredHierarchyIntegrator::integrateHierarchy(): stokes solve number of iterations = 2
INSStaggeredHierarchyIntegrator::integrateHierarchy(): stokes solve residual norm        = 0.000875189
IBHierarchyIntegrator::integrateHierarchy(): interpolating Eulerian velocity to the Lagrangian mesh
IBHierarchyIntegrator::integrateHierarchy(): performing Lagrangian midpoint-rule step
IBHierarchyIntegrator::postprocessIntegrateHierarchy(): interpolating Eulerian velocity to the Lagrangian mesh
IBHierarchyIntegrator::postprocessIntegrateHierarchy(): CFL number = 0.0150784
IBHierarchyIntegrator::postprocessIntegrateHierarchy(): Eulerian estimate of upper bound on IB point displacement since last regrid = 0.475109
IBHierarchyIntegrator::advanceHierarchy(): synchronizing updated data
IBHierarchyIntegrator::advanceHierarchy(): resetting time dependent data

At end       of timestep # 64
Simulation time is 0.013
+++++++++++++++++++++++++++++++++++++++++++++++++++


+++++++++++++++++++++++++++++++++++++++++++++++++++
At beginning of timestep # 65
Simulation time is 0.013
IBHierarchyIntegrator::advanceHierarchy(): time interval = [0.013,0.0132], dt = 0.0002
IBHierarchyIntegrator::preprocessIntegrateHierarchy(): performing Lagrangian forward Euler step
IBHierarchyIntegrator::advanceHierarchy(): integrating hierarchy
IBHierarchyIntegrator::integrateHierarchy(): computing Lagrangian force
IBHierarchyIntegrator::integrateHierarchy(): spreading Lagrangian force to the Eulerian grid
IBHierarchyIntegrator::integrateHierarchy(): solving the incompressible Navier-Stokes equations
INSStaggeredHierarchyIntegrator::integrateHierarchy(): stokes solve number of iterations = 2
INSStaggeredHierarchyIntegrator::integrateHierarchy(): stokes solve residual norm        = 0.00117754
IBHierarchyIntegrator::integrateHierarchy(): interpolating Eulerian velocity to the Lagrangian mesh
IBHierarchyIntegrator::integrateHierarchy(): performing Lagrangian midpoint-rule step
IBHierarchyIntegrator::postprocessIntegrateHierarchy(): interpolating Eulerian velocity to the Lagrangian mesh
IBHierarchyIntegrator::postprocessIntegrateHierarchy(): CFL number = 0.0151057
IBHierarchyIntegrator::postprocessIntegrateHierarchy(): Eulerian estimate of upper bound on IB point displacement since last regrid = 0.490215
IBHierarchyIntegrator::advanceHierarchy(): synchronizing updated data
IBHierarchyIntegrator::advanceHierarchy(): resetting time dependent data

At end       of timestep # 65
Simulation time is 0.0132
+++++++++++++++++++++++++++++++++++++++++++++++++++


+++++++++++++++++++++++++++++++++++++++++++++++++++
At beginning of timestep # 66
Simulation time is 0.0132
IBHierarchyIntegrator::advanceHierarchy(): time interval = [0.0132,0.0134], dt = 0.0002
IBHierarchyIntegrator::preprocessIntegrateHierarchy(): performing Lagrangian forward Euler step
IBHierarchyIntegrator::advanceHierarchy(): integrating hierarchy
IBHierarchyIntegrator::integrateHierarchy(): computing Lagrangian force
IBHierarchyIntegrator::integrateHierarchy(): spreading Lagrangian force to the Eulerian grid
IBHierarchyIntegrator::integrateHierarchy(): solving the incompressible Navier-Stokes equations
INSStaggeredHierarchyIntegrator::integrateHierarchy(): stokes solve number of iterations = 2
INSStaggeredHierarchyIntegrator::integrateHierarchy(): stokes solve residual norm        = 0.000876452
IBHierarchyIntegrator::integrateHierarchy(): interpolating Eulerian velocity to the Lagrangian mesh
IBHierarchyIntegrator::integrateHierarchy(): performing Lagrangian midpoint-rule step
IBHierarchyIntegrator::postprocessIntegrateHierarchy(): interpolating Eulerian velocity to the Lagrangian mesh
IBHierarchyIntegrator::postprocessIntegrateHierarchy(): CFL number = 0.0151275
IBHierarchyIntegrator::postprocessIntegrateHierarchy(): Eulerian estimate of upper bound on IB point displacement since last regrid = 0.505342
IBHierarchyIntegrator::advanceHierarchy(): synchronizing updated data
IBHierarchyIntegrator::advanceHierarchy(): resetting time dependent data

At end       of timestep # 66
Simulation time is 0.0134
+++++++++++++++++++++++++++++++++++++++++++++++++++


+++++++++++++++++++++++++++++++++++++++++++++++++++
At beginning of timestep # 67
Simulation time is 0.0134
IBHierarchyIntegrator::advanceHierarchy(): time interval = [0.0134,0.0136], dt = 0.0002
IBHierarchyIntegrator::advanceHierarchy(): regridding prior to timestep 67
IBHierarchyIntegrator::regridHierarchy(): starting Lagrangian data movement
IBHierarchyIntegrator::regridHierarchy(): regridding the patch hierarchy
IBHierarchyIntegrator::regridHierarchy(): finishing Lagrangian data movement
INSStaggeredHierarchyIntegrator::preprocessIntegrateHierarchy(): initializing convective operator
INSStaggeredHierarchyIntegrator::preprocessIntegrateHierarchy(): initializing velocity subdomain solver
INSStaggeredHierarchyIntegrator::preprocessIntegrateHierarchy(): initializing pressure subdomain solver
INSStaggeredHierarchyIntegrator::preprocessIntegrateHierarchy(): initializing incompressible Stokes solver
IBHierarchyIntegrator::preprocessIntegrateHierarchy(): performing Lagrangian forward Euler step
IBHierarchyIntegrator::advanceHierarchy(): integrating hierarchy
IBHierarchyIntegrator::integrateHierarchy(): computing Lagrangian force
IBHierarchyIntegrator::integrateHierarchy(): spreading Lagrangian force to the Eulerian grid
IBHierarchyIntegrator::integrateHierarchy(): solving the incompressible Navier-Stokes equations
INSStaggeredHierarchyIntegrator::integrateHierarchy(): stokes solve number of iterations = 2
INSStaggeredHierarchyIntegrator::integrateHierarchy(): stokes solve residual norm        = 0.00101104
IBHierarchyIntegrator::integrateHierarchy(): interpolating Eulerian velocity to the Lagrangian mesh
IBHierarchyIntegrator::integrateHierarchy(): performing Lagrangian midpoint-rule step
IBHierarchyIntegrator::postprocessIntegrateHierarchy(): interpolating Eulerian velocity to the Lagrangian mesh
IBHierarchyIntegrator::postprocessIntegrateHierarchy(): CFL number = 0.0151537
IBHierarchyIntegrator::postprocessIntegrateHierarchy(): Eulerian estimate of upper bound on IB point displacement since last regrid = 0.0151537
IBHierarchyIntegrator::advanceHierarchy(): synchronizing updated data
IBHierarchyIntegrator::advanceHierarchy(): resetting time dependent data

At end       of timestep # 67
Simulation time is 0.0136
+++++++++++++++++++++++++++++++++++++++++++++++++++


+++++++++++++++++++++++++++++++++++++++++++++++++++
At beginning of timestep # 68
Simulation time is 0.0136
IBHierarchyIntegrator::advanceHierarchy(): time interval = [0.0136,0.0138], dt = 0.0002
IBHierarchyIntegrator::preprocessIntegrateHierarchy(): performing Lagrangian forward Euler step
IBHierarchyIntegrator::advanceHierarchy(): integrating hierarchy
IBHierarchyIntegrator::integrateHierarchy(): computing Lagrangian force
IBHierarchyIntegrator::integrateHierarchy(): spreading Lagrangian force to the Eulerian grid
IBHierarchyIntegrator::integrateHierarchy(): solving the incompressible Navier-Stokes equations
INSStaggeredHierarchyIntegrator::integrateHierarchy(): stokes solve number of iterations = 2
INSStaggeredHierarchyIntegrator::integrateHierarchy(): stokes solve residual norm        = 0.000769831
IBHierarchyIntegrator::integrateHierarchy(): interpolating Eulerian velocity to the Lagrangian mesh
IBHierarchyIntegrator::integrateHierarchy(): performing Lagrangian midpoint-rule step
IBHierarchyIntegrator::postprocessIntegrateHierarchy(): interpolating Eulerian velocity to the Lagrangian mesh
IBHierarchyIntegrator::postprocessIntegrateHierarchy(): CFL number = 0.0151888
IBHierarchyIntegrator::postprocessIntegrateHierarchy(): Eulerian estimate of upper bound on IB point displacement since last regrid = 0.0303425
IBHierarchyIntegrator::advanceHierarchy(): synchronizing updated data
IBHierarchyIntegrator::advanceHierarchy(): resetting time dependent data

At end       of timestep # 68
Simulation time is 0.0138
+++++++++++++++++++++++++++++++++++++++++++++++++++


+++++++++++++++++++++++++++++++++++++++++++++++++++
At beginning of timestep # 69
Simulation time is 0.0138
IBHierarchyIntegrator::advanceHierarchy(): time interval = [0.0138,0.014], dt = 0.0002
IBHierarchyIntegrator::preprocessIntegrateHierarchy(): performing Lagrangian forward Euler step
IBHierarchyIntegrator::advanceHierarchy(): integrating hierarchy
IBHierarchyIntegrator::integrateHierarchy(): computing Lagrangian force
IBHierarchyIntegrator::integrateHierarchy(): spreading Lagrangian force to the Eulerian grid
IBHierarchyIntegrator::integrateHierarchy(): solving the incompressible Navier-Stokes equations
INSStaggeredHierarchyIntegrator::integrateHierarchy(): stokes solve number of iterations = 2
INSStaggeredHierarchyIntegrator::integrateHierarchy(): stokes solve residual norm        = 0.00107338
IBHierarchyIntegrator::integrateHierarchy(): interpolating Eulerian velocity to the Lagrangian mesh
IBHierarchyIntegrator::integrateHierarchy(): performing Lagrangian midpoint-rule step
IBHierarchyIntegrator::postprocessIntegrateHierarchy(): interpolating Eulerian velocity to the Lagrangian mesh
IBHierarchyIntegrator::postprocessIntegrateHierarchy(): CFL number = 0.0152181
IBHierarchyIntegrator::postprocessIntegrateHierarchy(): Eulerian estimate of upper bound on IB point displacement since last regrid = 0.0455606
IBHierarchyIntegrator::advanceHierarchy(): synchronizing updated data
IBHierarchyIntegrator::advanceHierarchy(): resetting time dependent data

At end       of timestep # 69
Simulation time is 0.014
+++++++++++++++++++++++++++++++++++++++++++++++++++


+++++++++++++++++++++++++++++++++++++++++++++++++++
At beginning of timestep # 70
Simulation time is 0.014
IBHierarchyIntegrator::advanceHierarchy(): time interval = [0.014,0.0142], dt = 0.0002
IBHierarchyIntegrator::preprocessIntegrateHierarchy(): performing Lagrangian forward Euler step
IBHierarchyIntegrator::advanceHierarchy(): integrating hierarchy
IBHierarchyIntegrator::integrateHierarchy(): computing Lagrangian force
IBHierarchyIntegrator::integrateHierarchy(): spreading Lagrangian force to the Eulerian grid
IBHierarchyIntegrator::integrateHierarchy(): solving the incompressible Navier-Stokes equations
INSStaggeredHierarchyIntegrator::integrateHierarchy(): stokes solve number of iterations = 2
INSStaggeredHierarchyIntegrator::integrateHierarchy(): stokes solve residual norm        = 0.000738163
IBHierarchyIntegrator::integrateHierarchy(): interpolating Eulerian velocity to the Lagrangian mesh
IBHierarchyIntegrator::integrateHierarchy(): performing Lagrangian midpoint-rule step
IBHierarchyIntegrator::postprocessIntegrateHierarchy(): interpolating Eulerian velocity to the Lagrangian mesh
IBHierarchyIntegrator::postprocessIntegrateHierarchy(): CFL number = 0.0152416
IBHierarchyIntegrator::postprocessIntegrateHierarchy(): Eulerian estimate of upper bound on IB point displacement since last regrid = 0.0608022
IBHierarchyIntegrator::advanceHierarchy(): synchronizing updated data
IBHierarchyIntegrator::advanceHierarchy(): resetting time dependent data

At end       of timestep # 70
Simulation time is 0.0142
+++++++++++++++++++++++++++++++++++++++++++++++++++


+++++++++++++++++++++++++++++++++++++++++++++++++++
At beginning of timestep # 71
Simulation time is 0.0142
IBHierarchyIntegrator::advanceHierarchy(): time interval = [0.0142,0.0144], dt = 0.0002
IBHierarchyIntegrator::preprocessIntegrateHierarchy(): performing Lagrangian forward Euler step
IBHierarchyIntegrator::advanceHierarchy(): integrating hierarchy
IBHierarchyIntegrator::integrateHierarchy(): computing Lagrangian force
IBHierarchyIntegrator::integrateHierarchy(): spreading Lagrangian force to the Eulerian grid
IBHierarchyIntegrator::integrateHierarchy(): solving the incompressible Navier-Stokes equations
INSStaggeredHierarchyIntegrator::integrateHierarchy(): stokes solve number of iterations = 2
INSStaggeredHierarchyIntegrator::integrateHierarchy(): stokes solve residual norm        = 0.000953605
IBHierarchyIntegrator::integrateHierarchy(): interpolating Eulerian velocity to the Lagrangian mesh
IBHierarchyIntegrator::integrateHierarchy(): performing Lagrangian midpoint-rule step
IBHierarchyIntegrator::postprocessIntegrateHierarchy(): interpolating Eulerian velocity to the Lagrangian mesh
IBHierarchyIntegrator::postprocessIntegrateHierarchy(): CFL number = 0.0152594
IBHierarchyIntegrator::postprocessIntegrateHierarchy(): Eulerian estimate of upper bound on IB point displacement since last regrid = 0.0760615
IBHierarchyIntegrator::advanceHierarchy(): synchronizing updated data
IBHierarchyIntegrator::advanceHierarchy(): resetting time dependent data

At end       of timestep # 71
Simulation time is 0.0144
+++++++++++++++++++++++++++++++++++++++++++++++++++


+++++++++++++++++++++++++++++++++++++++++++++++++++
At beginning of timestep # 72
Simulation time is 0.0144
IBHierarchyIntegrator::advanceHierarchy(): time interval = [0.0144,0.0146], dt = 0.0002
IBHierarchyIntegrator::preprocessIntegrateHierarchy(): performing Lagrangian forward Euler step
IBHierarchyIntegrator::advanceHierarchy(): integrating hierarchy
IBHierarchyIntegrator::integrateHierarchy(): computing Lagrangian force
IBHierarchyIntegrator::integrateHierarchy(): spreading Lagrangian force to the Eulerian grid
IBHierarchyIntegrator::integrateHierarchy(): solving the incompressible Navier-Stokes equations
INSStaggeredHierarchyIntegrator::integrateHierarchy(): stokes solve number of iterations = 2
INSStaggeredHierarchyIntegrator::integrateHierarchy(): stokes solve residual norm        = 0.000750522
IBHierarchyIntegrator::integrateHierarchy(): interpolating Eulerian velocity to the Lagrangian mesh
IBHierarchyIntegrator::integrateHierarchy(): performing Lagrangian midpoint-rule step
IBHierarchyIntegrator::postprocessIntegrateHierarchy(): interpolating Eulerian velocity to the Lagrangian mesh
IBHierarchyIntegrator::postprocessIntegrateHierarchy(): CFL number = 0.0152868
IBHierarchyIntegrator::postprocessIntegrateHierarchy(): Eulerian estimate of upper bound on IB point displacement since last regrid = 0.0913484
IBHierarchyIntegrator::advanceHierarchy(): synchronizing updated data
IBHierarchyIntegrator::advanceHierarchy(): resetting time dependent data

At end       of timestep # 72
Simulation time is 0.0146
+++++++++++++++++++++++++++++++++++++++++++++++++++


+++++++++++++++++++++++++++++++++++++++++++++++++++
At beginning of timestep # 73
Simulation time is 0.0146
IBHierarchyIntegrator::advanceHierarchy(): time interval = [0.0146,0.0148], dt = 0.0002
IBHierarchyIntegrator::preprocessIntegrateHierarchy(): performing Lagrangian forward Euler step
IBHierarchyIntegrator::advanceHierarchy(): integrating hierarchy
IBHierarchyIntegrator::integrateHierarchy(): computing Lagrangian force
IBHierarchyIntegrator::integrateHierarchy(): spreading Lagrangian force to the Eulerian grid
IBHierarchyIntegrator::integrateHierarchy(): solving the incompressible Navier-Stokes equations
INSStaggeredHierarchyIntegrator::integrateHierarchy(): stokes solve number of iterations = 2
INSStaggeredHierarchyIntegrator::integrateHierarchy(): stokes solve residual norm        = 0.000965788
IBHierarchyIntegrator::integrateHierarchy(): interpolating Eulerian velocity to the Lagrangian mesh
IBHierarchyIntegrator::integrateHierarchy(): performing Lagrangian midpoint-rule step
IBHierarchyIntegrator::postprocessIntegrateHierarchy(): interpolating Eulerian velocity to the Lagrangian mesh
IBHierarchyIntegrator::postprocessIntegrateHierarchy(): CFL number = 0.0153168
IBHierarchyIntegrator::postprocessIntegrateHierarchy(): Eulerian estimate of upper bound on IB point displacement since last regrid = 0.106665
IBHierarchyIntegrator::advanceHierarchy(): synchronizing updated data
IBHierarchyIntegrator::advanceHierarchy(): resetting time dependent data

At end       of timestep # 73
Simulation time is 0.0148
+++++++++++++++++++++++++++++++++++++++++++++++++++


+++++++++++++++++++++++++++++++++++++++++++++++++++
At beginning of timestep # 74
Simulation time is 0.0148
IBHierarchyIntegrator::advanceHierarchy(): time interval = [0.0148,0.015], dt = 0.0002
IBHierarchyIntegrator::preprocessIntegrateHierarchy(): performing Lagrangian forward Euler step
IBHierarchyIntegrator::advanceHierarchy(): integrating hierarchy
IBHierarchyIntegrator::integrateHierarchy(): computing Lagrangian force
IBHierarchyIntegrator::integrateHierarchy(): spreading Lagrangian force to the Eulerian grid
IBHierarchyIntegrator::integrateHierarchy(): solving the incompressible Navier-Stokes equations
INSStaggeredHierarchyIntegrator::integrateHierarchy(): stokes solve number of iterations = 2
INSStaggeredHierarchyIntegrator::integrateHierarchy(): stokes solve residual norm        = 0.000735089
IBHierarchyIntegrator::integrateHierarchy(): interpolating Eulerian velocity to the Lagrangian mesh
IBHierarchyIntegrator::integrateHierarchy(): performing Lagrangian midpoint-rule step
IBHierarchyIntegrator::postprocessIntegrateHierarchy(): interpolating Eulerian velocity to the Lagrangian mesh
IBHierarchyIntegrator::postprocessIntegrateHierarchy(): CFL number = 0.0153409
IBHierarchyIntegrator::postprocessIntegrateHierarchy(): Eulerian estimate of upper bound on IB point displacement since last regrid = 0.122006
IBHierarchyIntegrator::advanceHierarchy(): synchronizing updated data
IBHierarchyIntegrator::advanceHierarchy(): resetting time dependent data

At end       of timestep # 74
Simulation time is 0.015
+++++++++++++++++++++++++++++++++++++++++++++++++++


+++++++++++++++++++++++++++++++++++++++++++++++++++
At beginning of timestep # 75
Simulation time is 0.015
IBHierarchyIntegrator::advanceHierarchy(): time interval = [0.015,0.0152], dt = 0.0002
IBHierarchyIntegrator::preprocessIntegrateHierarchy(): performing Lagrangian forward Euler step
IBHierarchyIntegrator::advanceHierarchy(): integrating hierarchy
IBHierarchyIntegrator::integrateHierarchy(): computing Lagrangian force
IBHierarchyIntegrator::integrateHierarchy(): spreading Lagrangian force to the Eulerian grid
IBHierarchyIntegrator::integrateHierarchy(): solving the incompressible Navier-Stokes equations
INSStaggeredHierarchyIntegrator::integrateHierarchy(): stokes solve number of iterations = 2
INSStaggeredHierarchyIntegrator::integrateHierarchy(): stokes solve residual norm        = 0.000961871
IBHierarchyIntegrator::integrateHierarchy(): interpolating Eulerian velocity to the Lagrangian mesh
IBHierarchyIntegrator::integrateHierarchy(): performing Lagrangian midpoint-rule step
IBHierarchyIntegrator::postprocessIntegrateHierarchy(): interpolating Eulerian velocity to the Lagrangian mesh
IBHierarchyIntegrator::postprocessIntegrateHierarchy(): CFL number = 0.0153593
IBHierarchyIntegrator::postprocessIntegrateHierarchy(): Eulerian estimate of upper bound on IB point displacement since last regrid = 0.137365
IBHierarchyIntegrator::advanceHierarchy(): synchronizing updated data
IBHierarchyIntegrator::advanceHierarchy(): resetting time dependent data

At end       of timestep # 75
Simulation time is 0.0152
+++++++++++++++++++++++++++++++++++++++++++++++++++


+++++++++++++++++++++++++++++++++++++++++++++++++++
At beginning of timestep # 76
Simulation time is 0.0152
IBHierarchyIntegrator::advanceHierarchy(): time interval = [0.0152,0.0154], dt = 0.0002
IBHierarchyIntegrator::preprocessIntegrateHierarchy(): performing Lagrangian forward Euler step
IBHierarchyIntegrator::advanceHierarchy(): integrating hierarchy
IBHierarchyIntegrator::integrateHierarchy(): computing Lagrangian force
IBHierarchyIntegrator::integrateHierarchy(): spreading Lagrangian force to the Eulerian grid
IBHierarchyIntegrator::integrateHierarchy(): solving the incompressible Navier-Stokes equations
INSStaggeredHierarchyIntegrator::integrateHierarchy(): stokes solve number of iterations = 2
INSStaggeredHierarchyIntegrator::integrateHierarchy(): stokes solve residual norm        = 0.000784579
IBHierarchyIntegrator::integrateHierarchy(): interpolating Eulerian velocity to the Lagrangian mesh
IBHierarchyIntegrator::integrateHierarchy(): performing Lagrangian midpoint-rule step
IBHierarchyIntegrator::postprocessIntegrateHierarchy(): interpolating Eulerian velocity to the Lagrangian mesh
IBHierarchyIntegrator::postprocessIntegrateHierarchy(): CFL number = 0.0153836
IBHierarchyIntegrator::postprocessIntegrateHierarchy(): Eulerian estimate of upper bound on IB point displacement since last regrid = 0.152749
IBHierarchyIntegrator::advanceHierarchy(): synchronizing updated data
IBHierarchyIntegrator::advanceHierarchy(): resetting time dependent data

At end       of timestep # 76
Simulation time is 0.0154
+++++++++++++++++++++++++++++++++++++++++++++++++++


+++++++++++++++++++++++++++++++++++++++++++++++++++
At beginning of timestep # 77
Simulation time is 0.0154
IBHierarchyIntegrator::advanceHierarchy(): time interval = [0.0154,0.0156], dt = 0.0002
IBHierarchyIntegrator::preprocessIntegrateHierarchy(): performing Lagrangian forward Euler step
IBHierarchyIntegrator::advanceHierarchy(): integrating hierarchy
IBHierarchyIntegrator::integrateHierarchy(): computing Lagrangian force
IBHierarchyIntegrator::integrateHierarchy(): spreading Lagrangian force to the Eulerian grid
IBHierarchyIntegrator::integrateHierarchy(): solving the incompressible Navier-Stokes equations
INSStaggeredHierarchyIntegrator::integrateHierarchy(): stokes solve number of iterations = 2
INSStaggeredHierarchyIntegrator::integrateHierarchy(): stokes solve residual norm        = 0.00103253
IBHierarchyIntegrator::integrateHierarchy(): interpolating Eulerian velocity to the Lagrangian mesh
IBHierarchyIntegrator::integrateHierarchy(): performing Lagrangian midpoint-rule step
IBHierarchyIntegrator::postprocessIntegrateHierarchy(): interpolating Eulerian velocity to the Lagrangian mesh
IBHierarchyIntegrator::postprocessIntegrateHierarchy(): CFL number = 0.0154135
IBHierarchyIntegrator::postprocessIntegrateHierarchy(): Eulerian estimate of upper bound on IB point displacement since last regrid = 0.168163
IBHierarchyIntegrator::advanceHierarchy(): synchronizing updated data
IBHierarchyIntegrator::advanceHierarchy(): resetting time dependent data

At end       of timestep # 77
Simulation time is 0.0156
+++++++++++++++++++++++++++++++++++++++++++++++++++


+++++++++++++++++++++++++++++++++++++++++++++++++++
At beginning of timestep # 78
Simulation time is 0.0156
IBHierarchyIntegrator::advanceHierarchy(): time interval = [0.0156,0.0158], dt = 0.0002
IBHierarchyIntegrator::preprocessIntegrateHierarchy(): performing Lagrangian forward Euler step
IBHierarchyIntegrator::advanceHierarchy(): integrating hierarchy
IBHierarchyIntegrator::integrateHierarchy(): computing Lagrangian force
IBHierarchyIntegrator::integrateHierarchy(): spreading Lagrangian force to the Eulerian grid
IBHierarchyIntegrator::integrateHierarchy(): solving the incompressible Navier-Stokes equations
INSStaggeredHierarchyIntegrator::integrateHierarchy(): stokes solve number of iterations = 2
INSStaggeredHierarchyIntegrator::integrateHierarchy(): stokes solve residual norm        = 0.000884596
IBHierarchyIntegrator::integrateHierarchy(): interpolating Eulerian velocity to the Lagrangian mesh
IBHierarchyIntegrator::integrateHierarchy(): performing Lagrangian midpoint-rule step
IBHierarchyIntegrator::postprocessIntegrateHierarchy(): interpolating Eulerian velocity to the Lagrangian mesh
IBHierarchyIntegrator::postprocessIntegrateHierarchy(): CFL number = 0.0157524
IBHierarchyIntegrator::postprocessIntegrateHierarchy(): Eulerian estimate of upper bound on IB point displacement since last regrid = 0.183915
IBHierarchyIntegrator::advanceHierarchy(): synchronizing updated data
IBHierarchyIntegrator::advanceHierarchy(): resetting time dependent data

At end       of timestep # 78
Simulation time is 0.0158
+++++++++++++++++++++++++++++++++++++++++++++++++++


+++++++++++++++++++++++++++++++++++++++++++++++++++
At beginning of timestep # 79
Simulation time is 0.0158
IBHierarchyIntegrator::advanceHierarchy(): time interval = [0.0158,0.016], dt = 0.0002
IBHierarchyIntegrator::preprocessIntegrateHierarchy(): performing Lagrangian forward Euler step
IBHierarchyIntegrator::advanceHierarchy(): integrating hierarchy
IBHierarchyIntegrator::integrateHierarchy(): computing Lagrangian force
IBHierarchyIntegrator::integrateHierarchy(): spreading Lagrangian force to the Eulerian grid
IBHierarchyIntegrator::integrateHierarchy(): solving the incompressible Navier-Stokes equations
INSStaggeredHierarchyIntegrator::integrateHierarchy(): stokes solve number of iterations = 2
INSStaggeredHierarchyIntegrator::integrateHierarchy(): stokes solve residual norm        = 0.00332244
IBHierarchyIntegrator::integrateHierarchy(): interpolating Eulerian velocity to the Lagrangian mesh
IBHierarchyIntegrator::integrateHierarchy(): performing Lagrangian midpoint-rule step
IBHierarchyIntegrator::postprocessIntegrateHierarchy(): interpolating Eulerian velocity to the Lagrangian mesh
IBHierarchyIntegrator::postprocessIntegrateHierarchy(): CFL number = 0.0161078
IBHierarchyIntegrator::postprocessIntegrateHierarchy(): Eulerian estimate of upper bound on IB point displacement since last regrid = 0.200023
IBHierarchyIntegrator::advanceHierarchy(): synchronizing updated data
IBHierarchyIntegrator::advanceHierarchy(): resetting time dependent data

At end       of timestep # 79
Simulation time is 0.016
+++++++++++++++++++++++++++++++++++++++++++++++++++


+++++++++++++++++++++++++++++++++++++++++++++++++++
At beginning of timestep # 80
Simulation time is 0.016
IBHierarchyIntegrator::advanceHierarchy(): time interval = [0.016,0.0162], dt = 0.0002
IBHierarchyIntegrator::preprocessIntegrateHierarchy(): performing Lagrangian forward Euler step
IBHierarchyIntegrator::advanceHierarchy(): integrating hierarchy
IBHierarchyIntegrator::integrateHierarchy(): computing Lagrangian force
IBHierarchyIntegrator::integrateHierarchy(): spreading Lagrangian force to the Eulerian grid
IBHierarchyIntegrator::integrateHierarchy(): solving the incompressible Navier-Stokes equations
INSStaggeredHierarchyIntegrator::integrateHierarchy(): stokes solve number of iterations = 2
INSStaggeredHierarchyIntegrator::integrateHierarchy(): stokes solve residual norm        = 0.000959281
IBHierarchyIntegrator::integrateHierarchy(): interpolating Eulerian velocity to the Lagrangian mesh
IBHierarchyIntegrator::integrateHierarchy(): performing Lagrangian midpoint-rule step
IBHierarchyIntegrator::postprocessIntegrateHierarchy(): interpolating Eulerian velocity to the Lagrangian mesh
IBHierarchyIntegrator::postprocessIntegrateHierarchy(): CFL number = 0.0164696
IBHierarchyIntegrator::postprocessIntegrateHierarchy(): Eulerian estimate of upper bound on IB point displacement since last regrid = 0.216492
IBHierarchyIntegrator::advanceHierarchy(): synchronizing updated data
IBHierarchyIntegrator::advanceHierarchy(): resetting time dependent data

At end       of timestep # 80
Simulation time is 0.0162
+++++++++++++++++++++++++++++++++++++++++++++++++++


+++++++++++++++++++++++++++++++++++++++++++++++++++
At beginning of timestep # 81
Simulation time is 0.0162
IBHierarchyIntegrator::advanceHierarchy(): time interval = [0.0162,0.0164], dt = 0.0002
IBHierarchyIntegrator::preprocessIntegrateHierarchy(): performing Lagrangian forward Euler step
IBHierarchyIntegrator::advanceHierarchy(): integrating hierarchy
IBHierarchyIntegrator::integrateHierarchy(): computing Lagrangian force
IBHierarchyIntegrator::integrateHierarchy(): spreading Lagrangian force to the Eulerian grid
IBHierarchyIntegrator::integrateHierarchy(): solving the incompressible Navier-Stokes equations
INSStaggeredHierarchyIntegrator::integrateHierarchy(): stokes solve number of iterations = 2
INSStaggeredHierarchyIntegrator::integrateHierarchy(): stokes solve residual norm        = 0.00095751
IBHierarchyIntegrator::integrateHierarchy(): interpolating Eulerian velocity to the Lagrangian mesh
IBHierarchyIntegrator::integrateHierarchy(): performing Lagrangian midpoint-rule step
IBHierarchyIntegrator::postprocessIntegrateHierarchy(): interpolating Eulerian velocity to the Lagrangian mesh
IBHierarchyIntegrator::postprocessIntegrateHierarchy(): CFL number = 0.0168376
IBHierarchyIntegrator::postprocessIntegrateHierarchy(): Eulerian estimate of upper bound on IB point displacement since last regrid = 0.23333
IBHierarchyIntegrator::advanceHierarchy(): synchronizing updated data
IBHierarchyIntegrator::advanceHierarchy(): resetting time dependent data

At end       of timestep # 81
Simulation time is 0.0164
+++++++++++++++++++++++++++++++++++++++++++++++++++


+++++++++++++++++++++++++++++++++++++++++++++++++++
At beginning of timestep # 82
Simulation time is 0.0164
IBHierarchyIntegrator::advanceHierarchy(): time interval = [0.0164,0.0166], dt = 0.0002
IBHierarchyIntegrator::preprocessIntegrateHierarchy(): performing Lagrangian forward Euler step
IBHierarchyIntegrator::advanceHierarchy(): integrating hierarchy
IBHierarchyIntegrator::integrateHierarchy(): computing Lagrangian force
IBHierarchyIntegrator::integrateHierarchy(): spreading Lagrangian force to the Eulerian grid
IBHierarchyIntegrator::integrateHierarchy(): solving the incompressible Navier-Stokes equations
INSStaggeredHierarchyIntegrator::integrateHierarchy(): stokes solve number of iterations = 2
INSStaggeredHierarchyIntegrator::integrateHierarchy(): stokes solve residual norm        = 0.000874331
IBHierarchyIntegrator::integrateHierarchy(): interpolating Eulerian velocity to the Lagrangian mesh
IBHierarchyIntegrator::integrateHierarchy(): performing Lagrangian midpoint-rule step
IBHierarchyIntegrator::postprocessIntegrateHierarchy(): interpolating Eulerian velocity to the Lagrangian mesh
IBHierarchyIntegrator::postprocessIntegrateHierarchy(): CFL number = 0.0172116
IBHierarchyIntegrator::postprocessIntegrateHierarchy(): Eulerian estimate of upper bound on IB point displacement since last regrid = 0.250542
IBHierarchyIntegrator::advanceHierarchy(): synchronizing updated data
IBHierarchyIntegrator::advanceHierarchy(): resetting time dependent data

At end       of timestep # 82
Simulation time is 0.0166
+++++++++++++++++++++++++++++++++++++++++++++++++++


+++++++++++++++++++++++++++++++++++++++++++++++++++
At beginning of timestep # 83
Simulation time is 0.0166
IBHierarchyIntegrator::advanceHierarchy(): time interval = [0.0166,0.0168], dt = 0.0002
IBHierarchyIntegrator::preprocessIntegrateHierarchy(): performing Lagrangian forward Euler step
IBHierarchyIntegrator::advanceHierarchy(): integrating hierarchy
IBHierarchyIntegrator::integrateHierarchy(): computing Lagrangian force
IBHierarchyIntegrator::integrateHierarchy(): spreading Lagrangian force to the Eulerian grid
IBHierarchyIntegrator::integrateHierarchy(): solving the incompressible Navier-Stokes equations
INSStaggeredHierarchyIntegrator::integrateHierarchy(): stokes solve number of iterations = 2
INSStaggeredHierarchyIntegrator::integrateHierarchy(): stokes solve residual norm        = 0.000764405
IBHierarchyIntegrator::integrateHierarchy(): interpolating Eulerian velocity to the Lagrangian mesh
IBHierarchyIntegrator::integrateHierarchy(): performing Lagrangian midpoint-rule step
IBHierarchyIntegrator::postprocessIntegrateHierarchy(): interpolating Eulerian velocity to the Lagrangian mesh
IBHierarchyIntegrator::postprocessIntegrateHierarchy(): CFL number = 0.0175915
IBHierarchyIntegrator::postprocessIntegrateHierarchy(): Eulerian estimate of upper bound on IB point displacement since last regrid = 0.268133
IBHierarchyIntegrator::advanceHierarchy(): synchronizing updated data
IBHierarchyIntegrator::advanceHierarchy(): resetting time dependent data

At end       of timestep # 83
Simulation time is 0.0168
+++++++++++++++++++++++++++++++++++++++++++++++++++


+++++++++++++++++++++++++++++++++++++++++++++++++++
At beginning of timestep # 84
Simulation time is 0.0168
IBHierarchyIntegrator::advanceHierarchy(): time interval = [0.0168,0.017], dt = 0.0002
IBHierarchyIntegrator::preprocessIntegrateHierarchy(): performing Lagrangian forward Euler step
IBHierarchyIntegrator::advanceHierarchy(): integrating hierarchy
IBHierarchyIntegrator::integrateHierarchy(): computing Lagrangian force
IBHierarchyIntegrator::integrateHierarchy(): spreading Lagrangian force to the Eulerian grid
IBHierarchyIntegrator::integrateHierarchy(): solving the incompressible Navier-Stokes equations
INSStaggeredHierarchyIntegrator::integrateHierarchy(): stokes solve number of iterations = 2
INSStaggeredHierarchyIntegrator::integrateHierarchy(): stokes solve residual norm        = 0.00105248
IBHierarchyIntegrator::integrateHierarchy(): interpolating Eulerian velocity to the Lagrangian mesh
IBHierarchyIntegrator::integrateHierarchy(): performing Lagrangian midpoint-rule step
IBHierarchyIntegrator::postprocessIntegrateHierarchy(): interpolating Eulerian velocity to the Lagrangian mesh
IBHierarchyIntegrator::postprocessIntegrateHierarchy(): CFL number = 0.0179773
IBHierarchyIntegrator::postprocessIntegrateHierarchy(): Eulerian estimate of upper bound on IB point displacement since last regrid = 0.28611
IBHierarchyIntegrator::advanceHierarchy(): synchronizing updated data
IBHierarchyIntegrator::advanceHierarchy(): resetting time dependent data

At end       of timestep # 84
Simulation time is 0.017
+++++++++++++++++++++++++++++++++++++++++++++++++++


+++++++++++++++++++++++++++++++++++++++++++++++++++
At beginning of timestep # 85
Simulation time is 0.017
IBHierarchyIntegrator::advanceHierarchy(): time interval = [0.017,0.0172], dt = 0.0002
IBHierarchyIntegrator::preprocessIntegrateHierarchy(): performing Lagrangian forward Euler step
IBHierarchyIntegrator::advanceHierarchy(): integrating hierarchy
IBHierarchyIntegrator::integrateHierarchy(): computing Lagrangian force
IBHierarchyIntegrator::integrateHierarchy(): spreading Lagrangian force to the Eulerian grid
IBHierarchyIntegrator::integrateHierarchy(): solving the incompressible Navier-Stokes equations
INSStaggeredHierarchyIntegrator::integrateHierarchy(): stokes solve number of iterations = 2
INSStaggeredHierarchyIntegrator::integrateHierarchy(): stokes solve residual norm        = 0.000935905
IBHierarchyIntegrator::integrateHierarchy(): interpolating Eulerian velocity to the Lagrangian mesh
IBHierarchyIntegrator::integrateHierarchy(): performing Lagrangian midpoint-rule step
IBHierarchyIntegrator::postprocessIntegrateHierarchy(): interpolating Eulerian velocity to the Lagrangian mesh
IBHierarchyIntegrator::postprocessIntegrateHierarchy(): CFL number = 0.0183635
IBHierarchyIntegrator::postprocessIntegrateHierarchy(): Eulerian estimate of upper bound on IB point displacement since last regrid = 0.304474
IBHierarchyIntegrator::advanceHierarchy(): synchronizing updated data
IBHierarchyIntegrator::advanceHierarchy(): resetting time dependent data

At end       of timestep # 85
Simulation time is 0.0172
+++++++++++++++++++++++++++++++++++++++++++++++++++


+++++++++++++++++++++++++++++++++++++++++++++++++++
At beginning of timestep # 86
Simulation time is 0.0172
IBHierarchyIntegrator::advanceHierarchy(): time interval = [0.0172,0.0174], dt = 0.0002
IBHierarchyIntegrator::preprocessIntegrateHierarchy(): performing Lagrangian forward Euler step
IBHierarchyIntegrator::advanceHierarchy(): integrating hierarchy
IBHierarchyIntegrator::integrateHierarchy(): computing Lagrangian force
IBHierarchyIntegrator::integrateHierarchy(): spreading Lagrangian force to the Eulerian grid
IBHierarchyIntegrator::integrateHierarchy(): solving the incompressible Navier-Stokes equations
INSStaggeredHierarchyIntegrator::integrateHierarchy(): stokes solve number of iterations = 2
INSStaggeredHierarchyIntegrator::integrateHierarchy(): stokes solve residual norm        = 0.000726178
IBHierarchyIntegrator::integrateHierarchy(): interpolating Eulerian velocity to the Lagrangian mesh
IBHierarchyIntegrator::integrateHierarchy(): performing Lagrangian midpoint-rule step
IBHierarchyIntegrator::postprocessIntegrateHierarchy(): interpolating Eulerian velocity to the Lagrangian mesh
IBHierarchyIntegrator::postprocessIntegrateHierarchy(): CFL number = 0.0187532
IBHierarchyIntegrator::postprocessIntegrateHierarchy(): Eulerian estimate of upper bound on IB point displacement since last regrid = 0.323227
IBHierarchyIntegrator::advanceHierarchy(): synchronizing updated data
IBHierarchyIntegrator::advanceHierarchy(): resetting time dependent data

At end       of timestep # 86
Simulation time is 0.0174
+++++++++++++++++++++++++++++++++++++++++++++++++++


+++++++++++++++++++++++++++++++++++++++++++++++++++
At beginning of timestep # 87
Simulation time is 0.0174
IBHierarchyIntegrator::advanceHierarchy(): time interval = [0.0174,0.0176], dt = 0.0002
IBHierarchyIntegrator::preprocessIntegrateHierarchy(): performing Lagrangian forward Euler step
IBHierarchyIntegrator::advanceHierarchy(): integrating hierarchy
IBHierarchyIntegrator::integrateHierarchy(): computing Lagrangian force
IBHierarchyIntegrator::integrateHierarchy(): spreading Lagrangian force to the Eulerian grid
IBHierarchyIntegrator::integrateHierarchy(): solving the incompressible Navier-Stokes equations
INSStaggeredHierarchyIntegrator::integrateHierarchy(): stokes solve number of iterations = 2
INSStaggeredHierarchyIntegrator::integrateHierarchy(): stokes solve residual norm        = 0.00100492
IBHierarchyIntegrator::integrateHierarchy(): interpolating Eulerian velocity to the Lagrangian mesh
IBHierarchyIntegrator::integrateHierarchy(): performing Lagrangian midpoint-rule step
IBHierarchyIntegrator::postprocessIntegrateHierarchy(): interpolating Eulerian velocity to the Lagrangian mesh
IBHierarchyIntegrator::postprocessIntegrateHierarchy(): CFL number = 0.0191467
IBHierarchyIntegrator::postprocessIntegrateHierarchy(): Eulerian estimate of upper bound on IB point displacement since last regrid = 0.342374
IBHierarchyIntegrator::advanceHierarchy(): synchronizing updated data
IBHierarchyIntegrator::advanceHierarchy(): resetting time dependent data

At end       of timestep # 87
Simulation time is 0.0176
+++++++++++++++++++++++++++++++++++++++++++++++++++


+++++++++++++++++++++++++++++++++++++++++++++++++++
At beginning of timestep # 88
Simulation time is 0.0176
IBHierarchyIntegrator::advanceHierarchy(): time interval = [0.0176,0.0178], dt = 0.0002
IBHierarchyIntegrator::preprocessIntegrateHierarchy(): performing Lagrangian forward Euler step
IBHierarchyIntegrator::advanceHierarchy(): integrating hierarchy
IBHierarchyIntegrator::integrateHierarchy(): computing Lagrangian force
IBHierarchyIntegrator::integrateHierarchy(): spreading Lagrangian force to the Eulerian grid
IBHierarchyIntegrator::integrateHierarchy(): solving the incompressible Navier-Stokes equations
INSStaggeredHierarchyIntegrator::integrateHierarchy(): stokes solve number of iterations = 2
INSStaggeredHierarchyIntegrator::integrateHierarchy(): stokes solve residual norm        = 0.00355762
IBHierarchyIntegrator::integrateHierarchy(): interpolating Eulerian velocity to the Lagrangian mesh
IBHierarchyIntegrator::integrateHierarchy(): performing Lagrangian midpoint-rule step
IBHierarchyIntegrator::postprocessIntegrateHierarchy(): interpolating Eulerian velocity to the Lagrangian mesh
IBHierarchyIntegrator::postprocessIntegrateHierarchy(): CFL number = 0.0195423
IBHierarchyIntegrator::postprocessIntegrateHierarchy(): Eulerian estimate of upper bound on IB point displacement since last regrid = 0.361916
IBHierarchyIntegrator::advanceHierarchy(): synchronizing updated data
IBHierarchyIntegrator::advanceHierarchy(): resetting time dependent data

At end       of timestep # 88
Simulation time is 0.0178
+++++++++++++++++++++++++++++++++++++++++++++++++++


+++++++++++++++++++++++++++++++++++++++++++++++++++
At beginning of timestep # 89
Simulation time is 0.0178
IBHierarchyIntegrator::advanceHierarchy(): time interval = [0.0178,0.018], dt = 0.0002
IBHierarchyIntegrator::preprocessIntegrateHierarchy(): performing Lagrangian forward Euler step
IBHierarchyIntegrator::advanceHierarchy(): integrating hierarchy
IBHierarchyIntegrator::integrateHierarchy(): computing Lagrangian force
IBHierarchyIntegrator::integrateHierarchy(): spreading Lagrangian force to the Eulerian grid
IBHierarchyIntegrator::integrateHierarchy(): solving the incompressible Navier-Stokes equations
INSStaggeredHierarchyIntegrator::integrateHierarchy(): stokes solve number of iterations = 2
INSStaggeredHierarchyIntegrator::integrateHierarchy(): stokes solve residual norm        = 0.000737165
IBHierarchyIntegrator::integrateHierarchy(): interpolating Eulerian velocity to the Lagrangian mesh
IBHierarchyIntegrator::integrateHierarchy(): performing Lagrangian midpoint-rule step
IBHierarchyIntegrator::postprocessIntegrateHierarchy(): interpolating Eulerian velocity to the Lagrangian mesh
IBHierarchyIntegrator::postprocessIntegrateHierarchy(): CFL number = 0.0199807
IBHierarchyIntegrator::postprocessIntegrateHierarchy(): Eulerian estimate of upper bound on IB point displacement since last regrid = 0.381897
IBHierarchyIntegrator::advanceHierarchy(): synchronizing updated data
IBHierarchyIntegrator::advanceHierarchy(): resetting time dependent data

At end       of timestep # 89
Simulation time is 0.018
+++++++++++++++++++++++++++++++++++++++++++++++++++


+++++++++++++++++++++++++++++++++++++++++++++++++++
At beginning of timestep # 90
Simulation time is 0.018
IBHierarchyIntegrator::advanceHierarchy(): time interval = [0.018,0.0182], dt = 0.0002
IBHierarchyIntegrator::preprocessIntegrateHierarchy(): performing Lagrangian forward Euler step
IBHierarchyIntegrator::advanceHierarchy(): integrating hierarchy
IBHierarchyIntegrator::integrateHierarchy(): computing Lagrangian force
IBHierarchyIntegrator::integrateHierarchy(): spreading Lagrangian force to the Eulerian grid
IBHierarchyIntegrator::integrateHierarchy(): solving the incompressible Navier-Stokes equations
INSStaggeredHierarchyIntegrator::integrateHierarchy(): stokes solve number of iterations = 2
INSStaggeredHierarchyIntegrator::integrateHierarchy(): stokes solve residual norm        = 0.000991929
IBHierarchyIntegrator::integrateHierarchy(): interpolating Eulerian velocity to the Lagrangian mesh
IBHierarchyIntegrator::integrateHierarchy(): performing Lagrangian midpoint-rule step
IBHierarchyIntegrator::postprocessIntegrateHierarchy(): interpolating Eulerian velocity to the Lagrangian mesh
IBHierarchyIntegrator::postprocessIntegrateHierarchy(): CFL number = 0.02044
IBHierarchyIntegrator::postprocessIntegrateHierarchy(): Eulerian estimate of upper bound on IB point displacement since last regrid = 0.402337
IBHierarchyIntegrator::advanceHierarchy(): synchronizing updated data
IBHierarchyIntegrator::advanceHierarchy(): resetting time dependent data

At end       of timestep # 90
Simulation time is 0.0182
+++++++++++++++++++++++++++++++++++++++++++++++++++


+++++++++++++++++++++++++++++++++++++++++++++++++++
At beginning of timestep # 91
Simulation time is 0.0182
IBHierarchyIntegrator::advanceHierarchy(): time interval = [0.0182,0.0184], dt = 0.0002
IBHierarchyIntegrator::preprocessIntegrateHierarchy(): performing Lagrangian forward Euler step
IBHierarchyIntegrator::advanceHierarchy(): integrating hierarchy
IBHierarchyIntegrator::integrateHierarchy(): computing Lagrangian force
IBHierarchyIntegrator::integrateHierarchy(): spreading Lagrangian force to the Eulerian grid
IBHierarchyIntegrator::integrateHierarchy(): solving the incompressible Navier-Stokes equations
INSStaggeredHierarchyIntegrator::integrateHierarchy(): stokes solve number of iterations = 2
INSStaggeredHierarchyIntegrator::integrateHierarchy(): stokes solve residual norm        = 0.000987933
IBHierarchyIntegrator::integrateHierarchy(): interpolating Eulerian velocity to the Lagrangian mesh
IBHierarchyIntegrator::integrateHierarchy(): performing Lagrangian midpoint-rule step
IBHierarchyIntegrator::postprocessIntegrateHierarchy(): interpolating Eulerian velocity to the Lagrangian mesh
IBHierarchyIntegrator::postprocessIntegrateHierarchy(): CFL number = 0.020906
IBHierarchyIntegrator::postprocessIntegrateHierarchy(): Eulerian estimate of upper bound on IB point displacement since last regrid = 0.423243
IBHierarchyIntegrator::advanceHierarchy(): synchronizing updated data
IBHierarchyIntegrator::advanceHierarchy(): resetting time dependent data

At end       of timestep # 91
Simulation time is 0.0184
+++++++++++++++++++++++++++++++++++++++++++++++++++


+++++++++++++++++++++++++++++++++++++++++++++++++++
At beginning of timestep # 92
Simulation time is 0.0184
IBHierarchyIntegrator::advanceHierarchy(): time interval = [0.0184,0.0186], dt = 0.0002
IBHierarchyIntegrator::preprocessIntegrateHierarchy(): performing Lagrangian forward Euler step
IBHierarchyIntegrator::advanceHierarchy(): integrating hierarchy
IBHierarchyIntegrator::integrateHierarchy(): computing Lagrangian force
IBHierarchyIntegrator::integrateHierarchy(): spreading Lagrangian force to the Eulerian grid
IBHierarchyIntegrator::integrateHierarchy(): solving the incompressible Navier-Stokes equations
INSStaggeredHierarchyIntegrator::integrateHierarchy(): stokes solve number of iterations = 2
INSStaggeredHierarchyIntegrator::integrateHierarchy(): stokes solve residual norm        = 0.00101319
IBHierarchyIntegrator::integrateHierarchy(): interpolating Eulerian velocity to the Lagrangian mesh
IBHierarchyIntegrator::integrateHierarchy(): performing Lagrangian midpoint-rule step
IBHierarchyIntegrator::postprocessIntegrateHierarchy(): interpolating Eulerian velocity to the Lagrangian mesh
IBHierarchyIntegrator::postprocessIntegrateHierarchy(): CFL number = 0.0213786
IBHierarchyIntegrator::postprocessIntegrateHierarchy(): Eulerian estimate of upper bound on IB point displacement since last regrid = 0.444622
IBHierarchyIntegrator::advanceHierarchy(): synchronizing updated data
IBHierarchyIntegrator::advanceHierarchy(): resetting time dependent data

At end       of timestep # 92
Simulation time is 0.0186
+++++++++++++++++++++++++++++++++++++++++++++++++++


+++++++++++++++++++++++++++++++++++++++++++++++++++
At beginning of timestep # 93
Simulation time is 0.0186
IBHierarchyIntegrator::advanceHierarchy(): time interval = [0.0186,0.0188], dt = 0.0002
IBHierarchyIntegrator::preprocessIntegrateHierarchy(): performing Lagrangian forward Euler step
IBHierarchyIntegrator::advanceHierarchy(): integrating hierarchy
IBHierarchyIntegrator::integrateHierarchy(): computing Lagrangian force
IBHierarchyIntegrator::integrateHierarchy(): spreading Lagrangian force to the Eulerian grid
IBHierarchyIntegrator::integrateHierarchy(): solving the incompressible Navier-Stokes equations
INSStaggeredHierarchyIntegrator::integrateHierarchy(): stokes solve number of iterations = 2
INSStaggeredHierarchyIntegrator::integrateHierarchy(): stokes solve residual norm        = 0.000949814
IBHierarchyIntegrator::integrateHierarchy(): interpolating Eulerian velocity to the Lagrangian mesh
IBHierarchyIntegrator::integrateHierarchy(): performing Lagrangian midpoint-rule step
IBHierarchyIntegrator::postprocessIntegrateHierarchy(): interpolating Eulerian velocity to the Lagrangian mesh
IBHierarchyIntegrator::postprocessIntegrateHierarchy(): CFL number = 0.021858
IBHierarchyIntegrator::postprocessIntegrateHierarchy(): Eulerian estimate of upper bound on IB point displacement since last regrid = 0.46648
IBHierarchyIntegrator::advanceHierarchy(): synchronizing updated data
IBHierarchyIntegrator::advanceHierarchy(): resetting time dependent data

At end       of timestep # 93
Simulation time is 0.0188
+++++++++++++++++++++++++++++++++++++++++++++++++++


+++++++++++++++++++++++++++++++++++++++++++++++++++
At beginning of timestep # 94
Simulation time is 0.0188
IBHierarchyIntegrator::advanceHierarchy(): time interval = [0.0188,0.019], dt = 0.0002
IBHierarchyIntegrator::preprocessIntegrateHierarchy(): performing Lagrangian forward Euler step
IBHierarchyIntegrator::advanceHierarchy(): integrating hierarchy
IBHierarchyIntegrator::integrateHierarchy(): computing Lagrangian force
IBHierarchyIntegrator::integrateHierarchy(): spreading Lagrangian force to the Eulerian grid
IBHierarchyIntegrator::integrateHierarchy(): solving the incompressible Navier-Stokes equations
INSStaggeredHierarchyIntegrator::integrateHierarchy(): stokes solve number of iterations = 2
INSStaggeredHierarchyIntegrator::integrateHierarchy(): stokes solve residual norm        = 0.00402413
IBHierarchyIntegrator::integrateHierarchy(): interpolating Eulerian velocity to the Lagrangian mesh
IBHierarchyIntegrator::integrateHierarchy(): performing Lagrangian midpoint-rule step
IBHierarchyIntegrator::postprocessIntegrateHierarchy(): interpolating Eulerian velocity to the Lagrangian mesh
IBHierarchyIntegrator::postprocessIntegrateHierarchy(): CFL number = 0.0223441
IBHierarchyIntegrator::postprocessIntegrateHierarchy(): Eulerian estimate of upper bound on IB point displacement since last regrid = 0.488824
IBHierarchyIntegrator::advanceHierarchy(): synchronizing updated data
IBHierarchyIntegrator::advanceHierarchy(): resetting time dependent data

At end       of timestep # 94
Simulation time is 0.019
+++++++++++++++++++++++++++++++++++++++++++++++++++


+++++++++++++++++++++++++++++++++++++++++++++++++++
At beginning of timestep # 95
Simulation time is 0.019
IBHierarchyIntegrator::advanceHierarchy(): time interval = [0.019,0.0192], dt = 0.0002
IBHierarchyIntegrator::preprocessIntegrateHierarchy(): performing Lagrangian forward Euler step
IBHierarchyIntegrator::advanceHierarchy(): integrating hierarchy
IBHierarchyIntegrator::integrateHierarchy(): computing Lagrangian force
IBHierarchyIntegrator::integrateHierarchy(): spreading Lagrangian force to the Eulerian grid
IBHierarchyIntegrator::integrateHierarchy(): solving the incompressible Navier-Stokes equations
INSStaggeredHierarchyIntegrator::integrateHierarchy(): stokes solve number of iterations = 2
INSStaggeredHierarchyIntegrator::integrateHierarchy(): stokes solve residual norm        = 0.000733525
IBHierarchyIntegrator::integrateHierarchy(): interpolating Eulerian velocity to the Lagrangian mesh
IBHierarchyIntegrator::integrateHierarchy(): performing Lagrangian midpoint-rule step
IBHierarchyIntegrator::postprocessIntegrateHierarchy(): interpolating Eulerian velocity to the Lagrangian mesh
IBHierarchyIntegrator::postprocessIntegrateHierarchy(): CFL number = 0.0228373
IBHierarchyIntegrator::postprocessIntegrateHierarchy(): Eulerian estimate of upper bound on IB point displacement since last regrid = 0.511661
IBHierarchyIntegrator::advanceHierarchy(): synchronizing updated data
IBHierarchyIntegrator::advanceHierarchy(): resetting time dependent data

At end       of timestep # 95
Simulation time is 0.0192
+++++++++++++++++++++++++++++++++++++++++++++++++++


+++++++++++++++++++++++++++++++++++++++++++++++++++
At beginning of timestep # 96
Simulation time is 0.0192
IBHierarchyIntegrator::advanceHierarchy(): time interval = [0.0192,0.0194], dt = 0.0002
IBHierarchyIntegrator::advanceHierarchy(): regridding prior to timestep 96
IBHierarchyIntegrator::regridHierarchy(): starting Lagrangian data movement
IBHierarchyIntegrator::regridHierarchy(): regridding the patch hierarchy
IBHierarchyIntegrator::regridHierarchy(): finishing Lagrangian data movement
INSStaggeredHierarchyIntegrator::preprocessIntegrateHierarchy(): initializing convective operator
INSStaggeredHierarchyIntegrator::preprocessIntegrateHierarchy(): initializing velocity subdomain solver
INSStaggeredHierarchyIntegrator::preprocessIntegrateHierarchy(): initializing pressure subdomain solver
INSStaggeredHierarchyIntegrator::preprocessIntegrateHierarchy(): initializing incompressible Stokes solver
IBHierarchyIntegrator::preprocessIntegrateHierarchy(): performing Lagrangian forward Euler step
IBHierarchyIntegrator::advanceHierarchy(): integrating hierarchy
IBHierarchyIntegrator::integrateHierarchy(): computing Lagrangian force
IBHierarchyIntegrator::integrateHierarchy(): spreading Lagrangian force to the Eulerian grid
IBHierarchyIntegrator::integrateHierarchy(): solving the incompressible Navier-Stokes equations
INSStaggeredHierarchyIntegrator::integrateHierarchy(): stokes solve number of iterations = 2
INSStaggeredHierarchyIntegrator::integrateHierarchy(): stokes solve residual norm        = 0.00104182
IBHierarchyIntegrator::integrateHierarchy(): interpolating Eulerian velocity to the Lagrangian mesh
IBHierarchyIntegrator::integrateHierarchy(): performing Lagrangian midpoint-rule step
IBHierarchyIntegrator::postprocessIntegrateHierarchy(): interpolating Eulerian velocity to the Lagrangian mesh
IBHierarchyIntegrator::postprocessIntegrateHierarchy(): CFL number = 0.0233372
IBHierarchyIntegrator::postprocessIntegrateHierarchy(): Eulerian estimate of upper bound on IB point displacement since last regrid = 0.0233372
IBHierarchyIntegrator::advanceHierarchy(): synchronizing updated data
IBHierarchyIntegrator::advanceHierarchy(): resetting time dependent data

At end       of timestep # 96
Simulation time is 0.0194
+++++++++++++++++++++++++++++++++++++++++++++++++++


+++++++++++++++++++++++++++++++++++++++++++++++++++
At beginning of timestep # 97
Simulation time is 0.0194
IBHierarchyIntegrator::advanceHierarchy(): time interval = [0.0194,0.0196], dt = 0.0002
IBHierarchyIntegrator::preprocessIntegrateHierarchy(): performing Lagrangian forward Euler step
IBHierarchyIntegrator::advanceHierarchy(): integrating hierarchy
IBHierarchyIntegrator::integrateHierarchy(): computing Lagrangian force
IBHierarchyIntegrator::integrateHierarchy(): spreading Lagrangian force to the Eulerian grid
IBHierarchyIntegrator::integrateHierarchy(): solving the incompressible Navier-Stokes equations
INSStaggeredHierarchyIntegrator::integrateHierarchy(): stokes solve number of iterations = 2
INSStaggeredHierarchyIntegrator::integrateHierarchy(): stokes solve residual norm        = 0.000935686
IBHierarchyIntegrator::integrateHierarchy(): interpolating Eulerian velocity to the Lagrangian mesh
IBHierarchyIntegrator::integrateHierarchy(): performing Lagrangian midpoint-rule step
IBHierarchyIntegrator::postprocessIntegrateHierarchy(): interpolating Eulerian velocity to the Lagrangian mesh
IBHierarchyIntegrator::postprocessIntegrateHierarchy(): CFL number = 0.023844
IBHierarchyIntegrator::postprocessIntegrateHierarchy(): Eulerian estimate of upper bound on IB point displacement since last regrid = 0.0471812
IBHierarchyIntegrator::advanceHierarchy(): synchronizing updated data
IBHierarchyIntegrator::advanceHierarchy(): resetting time dependent data

At end       of timestep # 97
Simulation time is 0.0196
+++++++++++++++++++++++++++++++++++++++++++++++++++


+++++++++++++++++++++++++++++++++++++++++++++++++++
At beginning of timestep # 98
Simulation time is 0.0196
IBHierarchyIntegrator::advanceHierarchy(): time interval = [0.0196,0.0198], dt = 0.0002
IBHierarchyIntegrator::preprocessIntegrateHierarchy(): performing Lagrangian forward Euler step
IBHierarchyIntegrator::advanceHierarchy(): integrating hierarchy
IBHierarchyIntegrator::integrateHierarchy(): computing Lagrangian force
IBHierarchyIntegrator::integrateHierarchy(): spreading Lagrangian force to the Eulerian grid
IBHierarchyIntegrator::integrateHierarchy(): solving the incompressible Navier-Stokes equations
INSStaggeredHierarchyIntegrator::integrateHierarchy(): stokes solve number of iterations = 2
INSStaggeredHierarchyIntegrator::integrateHierarchy(): stokes solve residual norm        = 0.00096249
IBHierarchyIntegrator::integrateHierarchy(): interpolating Eulerian velocity to the Lagrangian mesh
IBHierarchyIntegrator::integrateHierarchy(): performing Lagrangian midpoint-rule step
IBHierarchyIntegrator::postprocessIntegrateHierarchy(): interpolating Eulerian velocity to the Lagrangian mesh
IBHierarchyIntegrator::postprocessIntegrateHierarchy(): CFL number = 0.0243573
IBHierarchyIntegrator::postprocessIntegrateHierarchy(): Eulerian estimate of upper bound on IB point displacement since last regrid = 0.0715385
IBHierarchyIntegrator::advanceHierarchy(): synchronizing updated data
IBHierarchyIntegrator::advanceHierarchy(): resetting time dependent data

At end       of timestep # 98
Simulation time is 0.0198
+++++++++++++++++++++++++++++++++++++++++++++++++++


+++++++++++++++++++++++++++++++++++++++++++++++++++
At beginning of timestep # 99
Simulation time is 0.0198
IBHierarchyIntegrator::advanceHierarchy(): time interval = [0.0198,0.02], dt = 0.0002
IBHierarchyIntegrator::preprocessIntegrateHierarchy(): performing Lagrangian forward Euler step
IBHierarchyIntegrator::advanceHierarchy(): integrating hierarchy
IBHierarchyIntegrator::integrateHierarchy(): computing Lagrangian force
IBHierarchyIntegrator::integrateHierarchy(): spreading Lagrangian force to the Eulerian grid
IBHierarchyIntegrator::integrateHierarchy(): solving the incompressible Navier-Stokes equations
INSStaggeredHierarchyIntegrator::integrateHierarchy(): stokes solve number of iterations = 2
INSStaggeredHierarchyIntegrator::integrateHierarchy(): stokes solve residual norm        = 0.00096179
IBHierarchyIntegrator::integrateHierarchy(): interpolating Eulerian velocity to the Lagrangian mesh
IBHierarchyIntegrator::integrateHierarchy(): performing Lagrangian midpoint-rule step
IBHierarchyIntegrator::postprocessIntegrateHierarchy(): interpolating Eulerian velocity to the Lagrangian mesh
IBHierarchyIntegrator::postprocessIntegrateHierarchy(): CFL number = 0.0248772
IBHierarchyIntegrator::postprocessIntegrateHierarchy(): Eulerian estimate of upper bound on IB point displacement since last regrid = 0.0964158
IBHierarchyIntegrator::advanceHierarchy(): synchronizing updated data
IBHierarchyIntegrator::advanceHierarchy(): resetting time dependent data

At end       of timestep # 99
Simulation time is 0.02
+++++++++++++++++++++++++++++++++++++++++++++++++++


+++++++++++++++++++++++++++++++++++++++++++++++++++
At beginning of timestep # 100
Simulation time is 0.02
IBHierarchyIntegrator::advanceHierarchy(): time interval = [0.02,0.0202], dt = 0.0002
IBHierarchyIntegrator::preprocessIntegrateHierarchy(): performing Lagrangian forward Euler step
IBHierarchyIntegrator::advanceHierarchy(): integrating hierarchy
IBHierarchyIntegrator::integrateHierarchy(): computing Lagrangian force
IBHierarchyIntegrator::integrateHierarchy(): spreading Lagrangian force to the Eulerian grid
IBHierarchyIntegrator::integrateHierarchy(): solving the incompressible Navier-Stokes equations
INSStaggeredHierarchyIntegrator::integrateHierarchy(): stokes solve number of iterations = 2
INSStaggeredHierarchyIntegrator::integrateHierarchy(): stokes solve residual norm        = 0.000905603
IBHierarchyIntegrator::integrateHierarchy(): interpolating Eulerian velocity to the Lagrangian mesh
IBHierarchyIntegrator::integrateHierarchy(): performing Lagrangian midpoint-rule step
IBHierarchyIntegrator::postprocessIntegrateHierarchy(): interpolating Eulerian velocity to the Lagrangian mesh
IBHierarchyIntegrator::postprocessIntegrateHierarchy(): CFL number = 0.0254036
IBHierarchyIntegrator::postprocessIntegrateHierarchy(): Eulerian estimate of upper bound on IB point displacement since last regrid = 0.121819
IBHierarchyIntegrator::advanceHierarchy(): synchronizing updated data
IBHierarchyIntegrator::advanceHierarchy(): resetting time dependent data

At end       of timestep # 100
Simulation time is 0.0202
+++++++++++++++++++++++++++++++++++++++++++++++++++


+++++++++++++++++++++++++++++++++++++++++++++++++++
At beginning of timestep # 101
Simulation time is 0.0202
IBHierarchyIntegrator::advanceHierarchy(): time interval = [0.0202,0.0204], dt = 0.0002
IBHierarchyIntegrator::preprocessIntegrateHierarchy(): performing Lagrangian forward Euler step
IBHierarchyIntegrator::advanceHierarchy(): integrating hierarchy
IBHierarchyIntegrator::integrateHierarchy(): computing Lagrangian force
IBHierarchyIntegrator::integrateHierarchy(): spreading Lagrangian force to the Eulerian grid
IBHierarchyIntegrator::integrateHierarchy(): solving the incompressible Navier-Stokes equations
INSStaggeredHierarchyIntegrator::integrateHierarchy(): stokes solve number of iterations = 2
INSStaggeredHierarchyIntegrator::integrateHierarchy(): stokes solve residual norm        = 0.000792485
IBHierarchyIntegrator::integrateHierarchy(): interpolating Eulerian velocity to the Lagrangian mesh
IBHierarchyIntegrator::integrateHierarchy(): performing Lagrangian midpoint-rule step
IBHierarchyIntegrator::postprocessIntegrateHierarchy(): interpolating Eulerian velocity to the Lagrangian mesh
IBHierarchyIntegrator::postprocessIntegrateHierarchy(): CFL number = 0.0259365
IBHierarchyIntegrator::postprocessIntegrateHierarchy(): Eulerian estimate of upper bound on IB point displacement since last regrid = 0.147756
IBHierarchyIntegrator::advanceHierarchy(): synchronizing updated data
IBHierarchyIntegrator::advanceHierarchy(): resetting time dependent data

At end       of timestep # 101
Simulation time is 0.0204
+++++++++++++++++++++++++++++++++++++++++++++++++++


+++++++++++++++++++++++++++++++++++++++++++++++++++
At beginning of timestep # 102
Simulation time is 0.0204
IBHierarchyIntegrator::advanceHierarchy(): time interval = [0.0204,0.0206], dt = 0.0002
IBHierarchyIntegrator::preprocessIntegrateHierarchy(): performing Lagrangian forward Euler step
IBHierarchyIntegrator::advanceHierarchy(): integrating hierarchy
IBHierarchyIntegrator::integrateHierarchy(): computing Lagrangian force
IBHierarchyIntegrator::integrateHierarchy(): spreading Lagrangian force to the Eulerian grid
IBHierarchyIntegrator::integrateHierarchy(): solving the incompressible Navier-Stokes equations
INSStaggeredHierarchyIntegrator::integrateHierarchy(): stokes solve number of iterations = 2
INSStaggeredHierarchyIntegrator::integrateHierarchy(): stokes solve residual norm        = 0.00104318
IBHierarchyIntegrator::integrateHierarchy(): interpolating Eulerian velocity to the Lagrangian mesh
IBHierarchyIntegrator::integrateHierarchy(): performing Lagrangian midpoint-rule step
IBHierarchyIntegrator::postprocessIntegrateHierarchy(): interpolating Eulerian velocity to the Lagrangian mesh
IBHierarchyIntegrator::postprocessIntegrateHierarchy(): CFL number = 0.0264761
IBHierarchyIntegrator::postprocessIntegrateHierarchy(): Eulerian estimate of upper bound on IB point displacement since last regrid = 0.174232
IBHierarchyIntegrator::advanceHierarchy(): synchronizing updated data
IBHierarchyIntegrator::advanceHierarchy(): resetting time dependent data

At end       of timestep # 102
Simulation time is 0.0206
+++++++++++++++++++++++++++++++++++++++++++++++++++


+++++++++++++++++++++++++++++++++++++++++++++++++++
At beginning of timestep # 103
Simulation time is 0.0206
IBHierarchyIntegrator::advanceHierarchy(): time interval = [0.0206,0.0208], dt = 0.0002
IBHierarchyIntegrator::preprocessIntegrateHierarchy(): performing Lagrangian forward Euler step
IBHierarchyIntegrator::advanceHierarchy(): integrating hierarchy
IBHierarchyIntegrator::integrateHierarchy(): computing Lagrangian force
IBHierarchyIntegrator::integrateHierarchy(): spreading Lagrangian force to the Eulerian grid
IBHierarchyIntegrator::integrateHierarchy(): solving the incompressible Navier-Stokes equations
INSStaggeredHierarchyIntegrator::integrateHierarchy(): stokes solve number of iterations = 2
INSStaggeredHierarchyIntegrator::integrateHierarchy(): stokes solve residual norm        = 0.000945493
IBHierarchyIntegrator::integrateHierarchy(): interpolating Eulerian velocity to the Lagrangian mesh
IBHierarchyIntegrator::integrateHierarchy(): performing Lagrangian midpoint-rule step
IBHierarchyIntegrator::postprocessIntegrateHierarchy(): interpolating Eulerian velocity to the Lagrangian mesh
IBHierarchyIntegrator::postprocessIntegrateHierarchy(): CFL number = 0.0270224
IBHierarchyIntegrator::postprocessIntegrateHierarchy(): Eulerian estimate of upper bound on IB point displacement since last regrid = 0.201254
IBHierarchyIntegrator::advanceHierarchy(): synchronizing updated data
IBHierarchyIntegrator::advanceHierarchy(): resetting time dependent data

At end       of timestep # 103
Simulation time is 0.0208
+++++++++++++++++++++++++++++++++++++++++++++++++++


+++++++++++++++++++++++++++++++++++++++++++++++++++
At beginning of timestep # 104
Simulation time is 0.0208
IBHierarchyIntegrator::advanceHierarchy(): time interval = [0.0208,0.021], dt = 0.0002
IBHierarchyIntegrator::preprocessIntegrateHierarchy(): performing Lagrangian forward Euler step
IBHierarchyIntegrator::advanceHierarchy(): integrating hierarchy
IBHierarchyIntegrator::integrateHierarchy(): computing Lagrangian force
IBHierarchyIntegrator::integrateHierarchy(): spreading Lagrangian force to the Eulerian grid
IBHierarchyIntegrator::integrateHierarchy(): solving the incompressible Navier-Stokes equations
INSStaggeredHierarchyIntegrator::integrateHierarchy(): stokes solve number of iterations = 2
INSStaggeredHierarchyIntegrator::integrateHierarchy(): stokes solve residual norm        = 0.00072179
IBHierarchyIntegrator::integrateHierarchy(): interpolating Eulerian velocity to the Lagrangian mesh
IBHierarchyIntegrator::integrateHierarchy(): performing Lagrangian midpoint-rule step
IBHierarchyIntegrator::postprocessIntegrateHierarchy(): interpolating Eulerian velocity to the Lagrangian mesh
IBHierarchyIntegrator::postprocessIntegrateHierarchy(): CFL number = 0.0275754
IBHierarchyIntegrator::postprocessIntegrateHierarchy(): Eulerian estimate of upper bound on IB point displacement since last regrid = 0.22883
IBHierarchyIntegrator::advanceHierarchy(): synchronizing updated data
IBHierarchyIntegrator::advanceHierarchy(): resetting time dependent data

At end       of timestep # 104
Simulation time is 0.021
+++++++++++++++++++++++++++++++++++++++++++++++++++


+++++++++++++++++++++++++++++++++++++++++++++++++++
At beginning of timestep # 105
Simulation time is 0.021
IBHierarchyIntegrator::advanceHierarchy(): time interval = [0.021,0.0212], dt = 0.0002
IBHierarchyIntegrator::preprocessIntegrateHierarchy(): performing Lagrangian forward Euler step
IBHierarchyIntegrator::advanceHierarchy(): integrating hierarchy
IBHierarchyIntegrator::integrateHierarchy(): computing Lagrangian force
IBHierarchyIntegrator::integrateHierarchy(): spreading Lagrangian force to the Eulerian grid
IBHierarchyIntegrator::integrateHierarchy(): solving the incompressible Navier-Stokes equations
INSStaggeredHierarchyIntegrator::integrateHierarchy(): stokes solve number of iterations = 2
INSStaggeredHierarchyIntegrator::integrateHierarchy(): stokes solve residual norm        = 0.000773636
IBHierarchyIntegrator::integrateHierarchy(): interpolating Eulerian velocity to the Lagrangian mesh
IBHierarchyIntegrator::integrateHierarchy(): performing Lagrangian midpoint-rule step
IBHierarchyIntegrator::postprocessIntegrateHierarchy(): interpolating Eulerian velocity to the Lagrangian mesh
IBHierarchyIntegrator::postprocessIntegrateHierarchy(): CFL number = 0.0281348
IBHierarchyIntegrator::postprocessIntegrateHierarchy(): Eulerian estimate of upper bound on IB point displacement since last regrid = 0.256965
IBHierarchyIntegrator::advanceHierarchy(): synchronizing updated data
IBHierarchyIntegrator::advanceHierarchy(): resetting time dependent data

At end       of timestep # 105
Simulation time is 0.0212
+++++++++++++++++++++++++++++++++++++++++++++++++++


+++++++++++++++++++++++++++++++++++++++++++++++++++
At beginning of timestep # 106
Simulation time is 0.0212
IBHierarchyIntegrator::advanceHierarchy(): time interval = [0.0212,0.0214], dt = 0.0002
IBHierarchyIntegrator::preprocessIntegrateHierarchy(): performing Lagrangian forward Euler step
IBHierarchyIntegrator::advanceHierarchy(): integrating hierarchy
IBHierarchyIntegrator::integrateHierarchy(): computing Lagrangian force
IBHierarchyIntegrator::integrateHierarchy(): spreading Lagrangian force to the Eulerian grid
IBHierarchyIntegrator::integrateHierarchy(): solving the incompressible Navier-Stokes equations
INSStaggeredHierarchyIntegrator::integrateHierarchy(): stokes solve number of iterations = 2
INSStaggeredHierarchyIntegrator::integrateHierarchy(): stokes solve residual norm        = 0.000730189
IBHierarchyIntegrator::integrateHierarchy(): interpolating Eulerian velocity to the Lagrangian mesh
IBHierarchyIntegrator::integrateHierarchy(): performing Lagrangian midpoint-rule step
IBHierarchyIntegrator::postprocessIntegrateHierarchy(): interpolating Eulerian velocity to the Lagrangian mesh
IBHierarchyIntegrator::postprocessIntegrateHierarchy(): CFL number = 0.0287006
IBHierarchyIntegrator::postprocessIntegrateHierarchy(): Eulerian estimate of upper bound on IB point displacement since last regrid = 0.285665
IBHierarchyIntegrator::advanceHierarchy(): synchronizing updated data
IBHierarchyIntegrator::advanceHierarchy(): resetting time dependent data

At end       of timestep # 106
Simulation time is 0.0214
+++++++++++++++++++++++++++++++++++++++++++++++++++


+++++++++++++++++++++++++++++++++++++++++++++++++++
At beginning of timestep # 107
Simulation time is 0.0214
IBHierarchyIntegrator::advanceHierarchy(): time interval = [0.0214,0.0216], dt = 0.0002
IBHierarchyIntegrator::preprocessIntegrateHierarchy(): performing Lagrangian forward Euler step
IBHierarchyIntegrator::advanceHierarchy(): integrating hierarchy
IBHierarchyIntegrator::integrateHierarchy(): computing Lagrangian force
IBHierarchyIntegrator::integrateHierarchy(): spreading Lagrangian force to the Eulerian grid
IBHierarchyIntegrator::integrateHierarchy(): solving the incompressible Navier-Stokes equations
INSStaggeredHierarchyIntegrator::integrateHierarchy(): stokes solve number of iterations = 2
INSStaggeredHierarchyIntegrator::integrateHierarchy(): stokes solve residual norm        = 0.00073994
IBHierarchyIntegrator::integrateHierarchy(): interpolating Eulerian velocity to the Lagrangian mesh
IBHierarchyIntegrator::integrateHierarchy(): performing Lagrangian midpoint-rule step
IBHierarchyIntegrator::postprocessIntegrateHierarchy(): interpolating Eulerian velocity to the Lagrangian mesh
IBHierarchyIntegrator::postprocessIntegrateHierarchy(): CFL number = 0.0292727
IBHierarchyIntegrator::postprocessIntegrateHierarchy(): Eulerian estimate of upper bound on IB point displacement since last regrid = 0.314938
IBHierarchyIntegrator::advanceHierarchy(): synchronizing updated data
IBHierarchyIntegrator::advanceHierarchy(): resetting time dependent data

At end       of timestep # 107
Simulation time is 0.0216
+++++++++++++++++++++++++++++++++++++++++++++++++++


+++++++++++++++++++++++++++++++++++++++++++++++++++
At beginning of timestep # 108
Simulation time is 0.0216
IBHierarchyIntegrator::advanceHierarchy(): time interval = [0.0216,0.0218], dt = 0.0002
IBHierarchyIntegrator::preprocessIntegrateHierarchy(): performing Lagrangian forward Euler step
IBHierarchyIntegrator::advanceHierarchy(): integrating hierarchy
IBHierarchyIntegrator::integrateHierarchy(): computing Lagrangian force
IBHierarchyIntegrator::integrateHierarchy(): spreading Lagrangian force to the Eulerian grid
IBHierarchyIntegrator::integrateHierarchy(): solving the incompressible Navier-Stokes equations
INSStaggeredHierarchyIntegrator::integrateHierarchy(): stokes solve number of iterations = 2
INSStaggeredHierarchyIntegrator::integrateHierarchy(): stokes solve residual norm        = 0.000713391
IBHierarchyIntegrator::integrateHierarchy(): interpolating Eulerian velocity to the Lagrangian mesh
IBHierarchyIntegrator::integrateHierarchy(): performing Lagrangian midpoint-rule step
IBHierarchyIntegrator::postprocessIntegrateHierarchy(): interpolating Eulerian velocity to the Lagrangian mesh
IBHierarchyIntegrator::postprocessIntegrateHierarchy(): CFL number = 0.0298512
IBHierarchyIntegrator::postprocessIntegrateHierarchy(): Eulerian estimate of upper bound on IB point displacement since last regrid = 0.344789
IBHierarchyIntegrator::advanceHierarchy(): synchronizing updated data
IBHierarchyIntegrator::advanceHierarchy(): resetting time dependent data

At end       of timestep # 108
Simulation time is 0.0218
+++++++++++++++++++++++++++++++++++++++++++++++++++


+++++++++++++++++++++++++++++++++++++++++++++++++++
At beginning of timestep # 109
Simulation time is 0.0218
IBHierarchyIntegrator::advanceHierarchy(): time interval = [0.0218,0.022], dt = 0.0002
IBHierarchyIntegrator::preprocessIntegrateHierarchy(): performing Lagrangian forward Euler step
IBHierarchyIntegrator::advanceHierarchy(): integrating hierarchy
IBHierarchyIntegrator::integrateHierarchy(): computing Lagrangian force
IBHierarchyIntegrator::integrateHierarchy(): spreading Lagrangian force to the Eulerian grid
IBHierarchyIntegrator::integrateHierarchy(): solving the incompressible Navier-Stokes equations
INSStaggeredHierarchyIntegrator::integrateHierarchy(): stokes solve number of iterations = 2
INSStaggeredHierarchyIntegrator::integrateHierarchy(): stokes solve residual norm        = 0.00067347
IBHierarchyIntegrator::integrateHierarchy(): interpolating Eulerian velocity to the Lagrangian mesh
IBHierarchyIntegrator::integrateHierarchy(): performing Lagrangian midpoint-rule step
IBHierarchyIntegrator::postprocessIntegrateHierarchy(): interpolating Eulerian velocity to the Lagrangian mesh
IBHierarchyIntegrator::postprocessIntegrateHierarchy(): CFL number = 0.0304362
IBHierarchyIntegrator::postprocessIntegrateHierarchy(): Eulerian estimate of upper bound on IB point displacement since last regrid = 0.375225
IBHierarchyIntegrator::advanceHierarchy(): synchronizing updated data
IBHierarchyIntegrator::advanceHierarchy(): resetting time dependent data

At end       of timestep # 109
Simulation time is 0.022
+++++++++++++++++++++++++++++++++++++++++++++++++++


+++++++++++++++++++++++++++++++++++++++++++++++++++
At beginning of timestep # 110
Simulation time is 0.022
IBHierarchyIntegrator::advanceHierarchy(): time interval = [0.022,0.0222], dt = 0.0002
IBHierarchyIntegrator::preprocessIntegrateHierarchy(): performing Lagrangian forward Euler step
IBHierarchyIntegrator::advanceHierarchy(): integrating hierarchy
IBHierarchyIntegrator::integrateHierarchy(): computing Lagrangian force
IBHierarchyIntegrator::integrateHierarchy(): spreading Lagrangian force to the Eulerian grid
IBHierarchyIntegrator::integrateHierarchy(): solving the incompressible Navier-Stokes equations
INSStaggeredHierarchyIntegrator::integrateHierarchy(): stokes solve number of iterations = 2
INSStaggeredHierarchyIntegrator::integrateHierarchy(): stokes solve residual norm        = 0.000672228
IBHierarchyIntegrator::integrateHierarchy(): interpolating Eulerian velocity to the Lagrangian mesh
IBHierarchyIntegrator::integrateHierarchy(): performing Lagrangian midpoint-rule step
IBHierarchyIntegrator::postprocessIntegrateHierarchy(): interpolating Eulerian velocity to the Lagrangian mesh
IBHierarchyIntegrator::postprocessIntegrateHierarchy(): CFL number = 0.0310278
IBHierarchyIntegrator::postprocessIntegrateHierarchy(): Eulerian estimate of upper bound on IB point displacement since last regrid = 0.406253
IBHierarchyIntegrator::advanceHierarchy(): synchronizing updated data
IBHierarchyIntegrator::advanceHierarchy(): resetting time dependent data

At end       of timestep # 110
Simulation time is 0.0222
+++++++++++++++++++++++++++++++++++++++++++++++++++


+++++++++++++++++++++++++++++++++++++++++++++++++++
At beginning of timestep # 111
Simulation time is 0.0222
IBHierarchyIntegrator::advanceHierarchy(): time interval = [0.0222,0.0224], dt = 0.0002
IBHierarchyIntegrator::preprocessIntegrateHierarchy(): performing Lagrangian forward Euler step
IBHierarchyIntegrator::advanceHierarchy(): integrating hierarchy
IBHierarchyIntegrator::integrateHierarchy(): computing Lagrangian force
IBHierarchyIntegrator::integrateHierarchy(): spreading Lagrangian force to the Eulerian grid
IBHierarchyIntegrator::integrateHierarchy(): solving the incompressible Navier-Stokes equations
INSStaggeredHierarchyIntegrator::integrateHierarchy(): stokes solve number of iterations = 2
INSStaggeredHierarchyIntegrator::integrateHierarchy(): stokes solve residual norm        = 0.000679531
IBHierarchyIntegrator::integrateHierarchy(): interpolating Eulerian velocity to the Lagrangian mesh
IBHierarchyIntegrator::integrateHierarchy(): performing Lagrangian midpoint-rule step
IBHierarchyIntegrator::postprocessIntegrateHierarchy(): interpolating Eulerian velocity to the Lagrangian mesh
IBHierarchyIntegrator::postprocessIntegrateHierarchy(): CFL number = 0.0316259
IBHierarchyIntegrator::postprocessIntegrateHierarchy(): Eulerian estimate of upper bound on IB point displacement since last regrid = 0.437879
IBHierarchyIntegrator::advanceHierarchy(): synchronizing updated data
IBHierarchyIntegrator::advanceHierarchy(): resetting time dependent data

At end       of timestep # 111
Simulation time is 0.0224
+++++++++++++++++++++++++++++++++++++++++++++++++++


+++++++++++++++++++++++++++++++++++++++++++++++++++
At beginning of timestep # 112
Simulation time is 0.0224
IBHierarchyIntegrator::advanceHierarchy(): time interval = [0.0224,0.0226], dt = 0.0002
IBHierarchyIntegrator::preprocessIntegrateHierarchy(): performing Lagrangian forward Euler step
IBHierarchyIntegrator::advanceHierarchy(): integrating hierarchy
IBHierarchyIntegrator::integrateHierarchy(): computing Lagrangian force
IBHierarchyIntegrator::integrateHierarchy(): spreading Lagrangian force to the Eulerian grid
IBHierarchyIntegrator::integrateHierarchy(): solving the incompressible Navier-Stokes equations
INSStaggeredHierarchyIntegrator::integrateHierarchy(): stokes solve number of iterations = 2
INSStaggeredHierarchyIntegrator::integrateHierarchy(): stokes solve residual norm        = 0.000636841
IBHierarchyIntegrator::integrateHierarchy(): interpolating Eulerian velocity to the Lagrangian mesh
IBHierarchyIntegrator::integrateHierarchy(): performing Lagrangian midpoint-rule step
IBHierarchyIntegrator::postprocessIntegrateHierarchy(): interpolating Eulerian velocity to the Lagrangian mesh
IBHierarchyIntegrator::postprocessIntegrateHierarchy(): CFL number = 0.0322307
IBHierarchyIntegrator::postprocessIntegrateHierarchy(): Eulerian estimate of upper bound on IB point displacement since last regrid = 0.47011
IBHierarchyIntegrator::advanceHierarchy(): synchronizing updated data
IBHierarchyIntegrator::advanceHierarchy(): resetting time dependent data

At end       of timestep # 112
Simulation time is 0.0226
+++++++++++++++++++++++++++++++++++++++++++++++++++


+++++++++++++++++++++++++++++++++++++++++++++++++++
At beginning of timestep # 113
Simulation time is 0.0226
IBHierarchyIntegrator::advanceHierarchy(): time interval = [0.0226,0.0228], dt = 0.0002
IBHierarchyIntegrator::preprocessIntegrateHierarchy(): performing Lagrangian forward Euler step
IBHierarchyIntegrator::advanceHierarchy(): integrating hierarchy
IBHierarchyIntegrator::integrateHierarchy(): computing Lagrangian force
IBHierarchyIntegrator::integrateHierarchy(): spreading Lagrangian force to the Eulerian grid
IBHierarchyIntegrator::integrateHierarchy(): solving the incompressible Navier-Stokes equations
INSStaggeredHierarchyIntegrator::integrateHierarchy(): stokes solve number of iterations = 2
INSStaggeredHierarchyIntegrator::integrateHierarchy(): stokes solve residual norm        = 0.000629812
IBHierarchyIntegrator::integrateHierarchy(): interpolating Eulerian velocity to the Lagrangian mesh
IBHierarchyIntegrator::integrateHierarchy(): performing Lagrangian midpoint-rule step
IBHierarchyIntegrator::postprocessIntegrateHierarchy(): interpolating Eulerian velocity to the Lagrangian mesh
IBHierarchyIntegrator::postprocessIntegrateHierarchy(): CFL number = 0.032842
IBHierarchyIntegrator::postprocessIntegrateHierarchy(): Eulerian estimate of upper bound on IB point displacement since last regrid = 0.502952
IBHierarchyIntegrator::advanceHierarchy(): synchronizing updated data
IBHierarchyIntegrator::advanceHierarchy(): resetting time dependent data

At end       of timestep # 113
Simulation time is 0.0228
+++++++++++++++++++++++++++++++++++++++++++++++++++


+++++++++++++++++++++++++++++++++++++++++++++++++++
At beginning of timestep # 114
Simulation time is 0.0228
IBHierarchyIntegrator::advanceHierarchy(): time interval = [0.0228,0.023], dt = 0.0002
IBHierarchyIntegrator::advanceHierarchy(): regridding prior to timestep 114
IBHierarchyIntegrator::regridHierarchy(): starting Lagrangian data movement
IBHierarchyIntegrator::regridHierarchy(): regridding the patch hierarchy
IBHierarchyIntegrator::regridHierarchy(): finishing Lagrangian data movement
INSStaggeredHierarchyIntegrator::preprocessIntegrateHierarchy(): initializing convective operator
INSStaggeredHierarchyIntegrator::preprocessIntegrateHierarchy(): initializing velocity subdomain solver
INSStaggeredHierarchyIntegrator::preprocessIntegrateHierarchy(): initializing pressure subdomain solver
INSStaggeredHierarchyIntegrator::preprocessIntegrateHierarchy(): initializing incompressible Stokes solver
IBHierarchyIntegrator::preprocessIntegrateHierarchy(): performing Lagrangian forward Euler step
IBHierarchyIntegrator::advanceHierarchy(): integrating hierarchy
IBHierarchyIntegrator::integrateHierarchy(): computing Lagrangian force
IBHierarchyIntegrator::integrateHierarchy(): spreading Lagrangian force to the Eulerian grid
IBHierarchyIntegrator::integrateHierarchy(): solving the incompressible Navier-Stokes equations
INSStaggeredHierarchyIntegrator::integrateHierarchy(): stokes solve number of iterations = 2
INSStaggeredHierarchyIntegrator::integrateHierarchy(): stokes solve residual norm        = 0.000754135
IBHierarchyIntegrator::integrateHierarchy(): interpolating Eulerian velocity to the Lagrangian mesh
IBHierarchyIntegrator::integrateHierarchy(): performing Lagrangian midpoint-rule step
IBHierarchyIntegrator::postprocessIntegrateHierarchy(): interpolating Eulerian velocity to the Lagrangian mesh
IBHierarchyIntegrator::postprocessIntegrateHierarchy(): CFL number = 0.0334585
IBHierarchyIntegrator::postprocessIntegrateHierarchy(): Eulerian estimate of upper bound on IB point displacement since last regrid = 0.0334585
IBHierarchyIntegrator::advanceHierarchy(): synchronizing updated data
IBHierarchyIntegrator::advanceHierarchy(): resetting time dependent data

At end       of timestep # 114
Simulation time is 0.023
+++++++++++++++++++++++++++++++++++++++++++++++++++


+++++++++++++++++++++++++++++++++++++++++++++++++++
At beginning of timestep # 115
Simulation time is 0.023
IBHierarchyIntegrator::advanceHierarchy(): time interval = [0.023,0.0232], dt = 0.0002
IBHierarchyIntegrator::preprocessIntegrateHierarchy(): performing Lagrangian forward Euler step
IBHierarchyIntegrator::advanceHierarchy(): integrating hierarchy
IBHierarchyIntegrator::integrateHierarchy(): computing Lagrangian force
IBHierarchyIntegrator::integrateHierarchy(): spreading Lagrangian force to the Eulerian grid
IBHierarchyIntegrator::integrateHierarchy(): solving the incompressible Navier-Stokes equations
INSStaggeredHierarchyIntegrator::integrateHierarchy(): stokes solve number of iterations = 2
INSStaggeredHierarchyIntegrator::integrateHierarchy(): stokes solve residual norm        = 0.00066532
IBHierarchyIntegrator::integrateHierarchy(): interpolating Eulerian velocity to the Lagrangian mesh
IBHierarchyIntegrator::integrateHierarchy(): performing Lagrangian midpoint-rule step
IBHierarchyIntegrator::postprocessIntegrateHierarchy(): interpolating Eulerian velocity to the Lagrangian mesh
IBHierarchyIntegrator::postprocessIntegrateHierarchy(): CFL number = 0.0340816
IBHierarchyIntegrator::postprocessIntegrateHierarchy(): Eulerian estimate of upper bound on IB point displacement since last regrid = 0.0675401
IBHierarchyIntegrator::advanceHierarchy(): synchronizing updated data
IBHierarchyIntegrator::advanceHierarchy(): resetting time dependent data

At end       of timestep # 115
Simulation time is 0.0232
+++++++++++++++++++++++++++++++++++++++++++++++++++


+++++++++++++++++++++++++++++++++++++++++++++++++++
At beginning of timestep # 116
Simulation time is 0.0232
IBHierarchyIntegrator::advanceHierarchy(): time interval = [0.0232,0.0234], dt = 0.0002
IBHierarchyIntegrator::preprocessIntegrateHierarchy(): performing Lagrangian forward Euler step
IBHierarchyIntegrator::advanceHierarchy(): integrating hierarchy
IBHierarchyIntegrator::integrateHierarchy(): computing Lagrangian force
IBHierarchyIntegrator::integrateHierarchy(): spreading Lagrangian force to the Eulerian grid
IBHierarchyIntegrator::integrateHierarchy(): solving the incompressible Navier-Stokes equations
INSStaggeredHierarchyIntegrator::integrateHierarchy(): stokes solve number of iterations = 2
INSStaggeredHierarchyIntegrator::integrateHierarchy(): stokes solve residual norm        = 0.000600464
IBHierarchyIntegrator::integrateHierarchy(): interpolating Eulerian velocity to the Lagrangian mesh
IBHierarchyIntegrator::integrateHierarchy(): performing Lagrangian midpoint-rule step
IBHierarchyIntegrator::postprocessIntegrateHierarchy(): interpolating Eulerian velocity to the Lagrangian mesh
IBHierarchyIntegrator::postprocessIntegrateHierarchy(): CFL number = 0.0347114
IBHierarchyIntegrator::postprocessIntegrateHierarchy(): Eulerian estimate of upper bound on IB point displacement since last regrid = 0.102252
IBHierarchyIntegrator::advanceHierarchy(): synchronizing updated data
IBHierarchyIntegrator::advanceHierarchy(): resetting time dependent data

At end       of timestep # 116
Simulation time is 0.0234
+++++++++++++++++++++++++++++++++++++++++++++++++++


+++++++++++++++++++++++++++++++++++++++++++++++++++
At beginning of timestep # 117
Simulation time is 0.0234
IBHierarchyIntegrator::advanceHierarchy(): time interval = [0.0234,0.0236], dt = 0.0002
IBHierarchyIntegrator::preprocessIntegrateHierarchy(): performing Lagrangian forward Euler step
IBHierarchyIntegrator::advanceHierarchy(): integrating hierarchy
IBHierarchyIntegrator::integrateHierarchy(): computing Lagrangian force
IBHierarchyIntegrator::integrateHierarchy(): spreading Lagrangian force to the Eulerian grid
IBHierarchyIntegrator::integrateHierarchy(): solving the incompressible Navier-Stokes equations
INSStaggeredHierarchyIntegrator::integrateHierarchy(): stokes solve number of iterations = 2
INSStaggeredHierarchyIntegrator::integrateHierarchy(): stokes solve residual norm        = 0.000579457
IBHierarchyIntegrator::integrateHierarchy(): interpolating Eulerian velocity to the Lagrangian mesh
IBHierarchyIntegrator::integrateHierarchy(): performing Lagrangian midpoint-rule step
IBHierarchyIntegrator::postprocessIntegrateHierarchy(): interpolating Eulerian velocity to the Lagrangian mesh
IBHierarchyIntegrator::postprocessIntegrateHierarchy(): CFL number = 0.0353479
IBHierarchyIntegrator::postprocessIntegrateHierarchy(): Eulerian estimate of upper bound on IB point displacement since last regrid = 0.137599
IBHierarchyIntegrator::advanceHierarchy(): synchronizing updated data
IBHierarchyIntegrator::advanceHierarchy(): resetting time dependent data

At end       of timestep # 117
Simulation time is 0.0236
+++++++++++++++++++++++++++++++++++++++++++++++++++


+++++++++++++++++++++++++++++++++++++++++++++++++++
At beginning of timestep # 118
Simulation time is 0.0236
IBHierarchyIntegrator::advanceHierarchy(): time interval = [0.0236,0.0238], dt = 0.0002
IBHierarchyIntegrator::preprocessIntegrateHierarchy(): performing Lagrangian forward Euler step
IBHierarchyIntegrator::advanceHierarchy(): integrating hierarchy
IBHierarchyIntegrator::integrateHierarchy(): computing Lagrangian force
IBHierarchyIntegrator::integrateHierarchy(): spreading Lagrangian force to the Eulerian grid
IBHierarchyIntegrator::integrateHierarchy(): solving the incompressible Navier-Stokes equations
INSStaggeredHierarchyIntegrator::integrateHierarchy(): stokes solve number of iterations = 2
INSStaggeredHierarchyIntegrator::integrateHierarchy(): stokes solve residual norm        = 0.000606981
IBHierarchyIntegrator::integrateHierarchy(): interpolating Eulerian velocity to the Lagrangian mesh
IBHierarchyIntegrator::integrateHierarchy(): performing Lagrangian midpoint-rule step
IBHierarchyIntegrator::postprocessIntegrateHierarchy(): interpolating Eulerian velocity to the Lagrangian mesh
IBHierarchyIntegrator::postprocessIntegrateHierarchy(): CFL number = 0.0359913
IBHierarchyIntegrator::postprocessIntegrateHierarchy(): Eulerian estimate of upper bound on IB point displacement since last regrid = 0.173591
IBHierarchyIntegrator::advanceHierarchy(): synchronizing updated data
IBHierarchyIntegrator::advanceHierarchy(): resetting time dependent data

At end       of timestep # 118
Simulation time is 0.0238
+++++++++++++++++++++++++++++++++++++++++++++++++++


+++++++++++++++++++++++++++++++++++++++++++++++++++
At beginning of timestep # 119
Simulation time is 0.0238
IBHierarchyIntegrator::advanceHierarchy(): time interval = [0.0238,0.024], dt = 0.0002
IBHierarchyIntegrator::preprocessIntegrateHierarchy(): performing Lagrangian forward Euler step
IBHierarchyIntegrator::advanceHierarchy(): integrating hierarchy
IBHierarchyIntegrator::integrateHierarchy(): computing Lagrangian force
IBHierarchyIntegrator::integrateHierarchy(): spreading Lagrangian force to the Eulerian grid
IBHierarchyIntegrator::integrateHierarchy(): solving the incompressible Navier-Stokes equations
INSStaggeredHierarchyIntegrator::integrateHierarchy(): stokes solve number of iterations = 2
INSStaggeredHierarchyIntegrator::integrateHierarchy(): stokes solve residual norm        = 0.000593337
IBHierarchyIntegrator::integrateHierarchy(): interpolating Eulerian velocity to the Lagrangian mesh
IBHierarchyIntegrator::integrateHierarchy(): performing Lagrangian midpoint-rule step
IBHierarchyIntegrator::postprocessIntegrateHierarchy(): interpolating Eulerian velocity to the Lagrangian mesh
IBHierarchyIntegrator::postprocessIntegrateHierarchy(): CFL number = 0.0366415
IBHierarchyIntegrator::postprocessIntegrateHierarchy(): Eulerian estimate of upper bound on IB point displacement since last regrid = 0.210232
IBHierarchyIntegrator::advanceHierarchy(): synchronizing updated data
IBHierarchyIntegrator::advanceHierarchy(): resetting time dependent data

At end       of timestep # 119
Simulation time is 0.024
+++++++++++++++++++++++++++++++++++++++++++++++++++


+++++++++++++++++++++++++++++++++++++++++++++++++++
At beginning of timestep # 120
Simulation time is 0.024
IBHierarchyIntegrator::advanceHierarchy(): time interval = [0.024,0.0242], dt = 0.0002
IBHierarchyIntegrator::preprocessIntegrateHierarchy(): performing Lagrangian forward Euler step
IBHierarchyIntegrator::advanceHierarchy(): integrating hierarchy
IBHierarchyIntegrator::integrateHierarchy(): computing Lagrangian force
IBHierarchyIntegrator::integrateHierarchy(): spreading Lagrangian force to the Eulerian grid
IBHierarchyIntegrator::integrateHierarchy(): solving the incompressible Navier-Stokes equations
INSStaggeredHierarchyIntegrator::integrateHierarchy(): stokes solve number of iterations = 2
INSStaggeredHierarchyIntegrator::integrateHierarchy(): stokes solve residual norm        = 0.000687505
IBHierarchyIntegrator::integrateHierarchy(): interpolating Eulerian velocity to the Lagrangian mesh
IBHierarchyIntegrator::integrateHierarchy(): performing Lagrangian midpoint-rule step
IBHierarchyIntegrator::postprocessIntegrateHierarchy(): interpolating Eulerian velocity to the Lagrangian mesh
IBHierarchyIntegrator::postprocessIntegrateHierarchy(): CFL number = 0.0372985
IBHierarchyIntegrator::postprocessIntegrateHierarchy(): Eulerian estimate of upper bound on IB point displacement since last regrid = 0.247531
IBHierarchyIntegrator::advanceHierarchy(): synchronizing updated data
IBHierarchyIntegrator::advanceHierarchy(): resetting time dependent data

At end       of timestep # 120
Simulation time is 0.0242
+++++++++++++++++++++++++++++++++++++++++++++++++++


+++++++++++++++++++++++++++++++++++++++++++++++++++
At beginning of timestep # 121
Simulation time is 0.0242
IBHierarchyIntegrator::advanceHierarchy(): time interval = [0.0242,0.0244], dt = 0.0002
IBHierarchyIntegrator::preprocessIntegrateHierarchy(): performing Lagrangian forward Euler step
IBHierarchyIntegrator::advanceHierarchy(): integrating hierarchy
IBHierarchyIntegrator::integrateHierarchy(): computing Lagrangian force
IBHierarchyIntegrator::integrateHierarchy(): spreading Lagrangian force to the Eulerian grid
IBHierarchyIntegrator::integrateHierarchy(): solving the incompressible Navier-Stokes equations
INSStaggeredHierarchyIntegrator::integrateHierarchy(): stokes solve number of iterations = 2
INSStaggeredHierarchyIntegrator::integrateHierarchy(): stokes solve residual norm        = 0.000663698
IBHierarchyIntegrator::integrateHierarchy(): interpolating Eulerian velocity to the Lagrangian mesh
IBHierarchyIntegrator::integrateHierarchy(): performing Lagrangian midpoint-rule step
IBHierarchyIntegrator::postprocessIntegrateHierarchy(): interpolating Eulerian velocity to the Lagrangian mesh
IBHierarchyIntegrator::postprocessIntegrateHierarchy(): CFL number = 0.0379652
IBHierarchyIntegrator::postprocessIntegrateHierarchy(): Eulerian estimate of upper bound on IB point displacement since last regrid = 0.285496
IBHierarchyIntegrator::advanceHierarchy(): synchronizing updated data
IBHierarchyIntegrator::advanceHierarchy(): resetting time dependent data

At end       of timestep # 121
Simulation time is 0.0244
+++++++++++++++++++++++++++++++++++++++++++++++++++


+++++++++++++++++++++++++++++++++++++++++++++++++++
At beginning of timestep # 122
Simulation time is 0.0244
IBHierarchyIntegrator::advanceHierarchy(): time interval = [0.0244,0.0246], dt = 0.0002
IBHierarchyIntegrator::preprocessIntegrateHierarchy(): performing Lagrangian forward Euler step
IBHierarchyIntegrator::advanceHierarchy(): integrating hierarchy
IBHierarchyIntegrator::integrateHierarchy(): computing Lagrangian force
IBHierarchyIntegrator::integrateHierarchy(): spreading Lagrangian force to the Eulerian grid
IBHierarchyIntegrator::integrateHierarchy(): solving the incompressible Navier-Stokes equations
INSStaggeredHierarchyIntegrator::integrateHierarchy(): stokes solve number of iterations = 2
INSStaggeredHierarchyIntegrator::integrateHierarchy(): stokes solve residual norm        = 0.000722768
IBHierarchyIntegrator::integrateHierarchy(): interpolating Eulerian velocity to the Lagrangian mesh
IBHierarchyIntegrator::integrateHierarchy(): performing Lagrangian midpoint-rule step
IBHierarchyIntegrator::postprocessIntegrateHierarchy(): interpolating Eulerian velocity to the Lagrangian mesh
IBHierarchyIntegrator::postprocessIntegrateHierarchy(): CFL number = 0.0386372
IBHierarchyIntegrator::postprocessIntegrateHierarchy(): Eulerian estimate of upper bound on IB point displacement since last regrid = 0.324133
IBHierarchyIntegrator::advanceHierarchy(): synchronizing updated data
IBHierarchyIntegrator::advanceHierarchy(): resetting time dependent data

At end       of timestep # 122
Simulation time is 0.0246
+++++++++++++++++++++++++++++++++++++++++++++++++++


+++++++++++++++++++++++++++++++++++++++++++++++++++
At beginning of timestep # 123
Simulation time is 0.0246
IBHierarchyIntegrator::advanceHierarchy(): time interval = [0.0246,0.0248], dt = 0.0002
IBHierarchyIntegrator::preprocessIntegrateHierarchy(): performing Lagrangian forward Euler step
IBHierarchyIntegrator::advanceHierarchy(): integrating hierarchy
IBHierarchyIntegrator::integrateHierarchy(): computing Lagrangian force
IBHierarchyIntegrator::integrateHierarchy(): spreading Lagrangian force to the Eulerian grid
IBHierarchyIntegrator::integrateHierarchy(): solving the incompressible Navier-Stokes equations
INSStaggeredHierarchyIntegrator::integrateHierarchy(): stokes solve number of iterations = 2
INSStaggeredHierarchyIntegrator::integrateHierarchy(): stokes solve residual norm        = 0.000567511
IBHierarchyIntegrator::integrateHierarchy(): interpolating Eulerian velocity to the Lagrangian mesh
IBHierarchyIntegrator::integrateHierarchy(): performing Lagrangian midpoint-rule step
IBHierarchyIntegrator::postprocessIntegrateHierarchy(): interpolating Eulerian velocity to the Lagrangian mesh
IBHierarchyIntegrator::postprocessIntegrateHierarchy(): CFL number = 0.0393158
IBHierarchyIntegrator::postprocessIntegrateHierarchy(): Eulerian estimate of upper bound on IB point displacement since last regrid = 0.363449
IBHierarchyIntegrator::advanceHierarchy(): synchronizing updated data
IBHierarchyIntegrator::advanceHierarchy(): resetting time dependent data

At end       of timestep # 123
Simulation time is 0.0248
+++++++++++++++++++++++++++++++++++++++++++++++++++


+++++++++++++++++++++++++++++++++++++++++++++++++++
At beginning of timestep # 124
Simulation time is 0.0248
IBHierarchyIntegrator::advanceHierarchy(): time interval = [0.0248,0.025], dt = 0.0002
IBHierarchyIntegrator::preprocessIntegrateHierarchy(): performing Lagrangian forward Euler step
IBHierarchyIntegrator::advanceHierarchy(): integrating hierarchy
IBHierarchyIntegrator::integrateHierarchy(): computing Lagrangian force
IBHierarchyIntegrator::integrateHierarchy(): spreading Lagrangian force to the Eulerian grid
IBHierarchyIntegrator::integrateHierarchy(): solving the incompressible Navier-Stokes equations
INSStaggeredHierarchyIntegrator::integrateHierarchy(): stokes solve number of iterations = 2
INSStaggeredHierarchyIntegrator::integrateHierarchy(): stokes solve residual norm        = 0.000507192
IBHierarchyIntegrator::integrateHierarchy(): interpolating Eulerian velocity to the Lagrangian mesh
IBHierarchyIntegrator::integrateHierarchy(): performing Lagrangian midpoint-rule step
IBHierarchyIntegrator::postprocessIntegrateHierarchy(): interpolating Eulerian velocity to the Lagrangian mesh
IBHierarchyIntegrator::postprocessIntegrateHierarchy(): CFL number = 0.0400009
IBHierarchyIntegrator::postprocessIntegrateHierarchy(): Eulerian estimate of upper bound on IB point displacement since last regrid = 0.40345
IBHierarchyIntegrator::advanceHierarchy(): synchronizing updated data
IBHierarchyIntegrator::advanceHierarchy(): resetting time dependent data

At end       of timestep # 124
Simulation time is 0.025
+++++++++++++++++++++++++++++++++++++++++++++++++++


+++++++++++++++++++++++++++++++++++++++++++++++++++
At beginning of timestep # 125
Simulation time is 0.025
IBHierarchyIntegrator::advanceHierarchy(): time interval = [0.025,0.0252], dt = 0.0002
IBHierarchyIntegrator::preprocessIntegrateHierarchy(): performing Lagrangian forward Euler step
IBHierarchyIntegrator::advanceHierarchy(): integrating hierarchy
IBHierarchyIntegrator::integrateHierarchy(): computing Lagrangian force
IBHierarchyIntegrator::integrateHierarchy(): spreading Lagrangian force to the Eulerian grid
IBHierarchyIntegrator::integrateHierarchy(): solving the incompressible Navier-Stokes equations
INSStaggeredHierarchyIntegrator::integrateHierarchy(): stokes solve number of iterations = 2
INSStaggeredHierarchyIntegrator::integrateHierarchy(): stokes solve residual norm        = 0.000508808
IBHierarchyIntegrator::integrateHierarchy(): interpolating Eulerian velocity to the Lagrangian mesh
IBHierarchyIntegrator::integrateHierarchy(): performing Lagrangian midpoint-rule step
IBHierarchyIntegrator::postprocessIntegrateHierarchy(): interpolating Eulerian velocity to the Lagrangian mesh
IBHierarchyIntegrator::postprocessIntegrateHierarchy(): CFL number = 0.0406927
IBHierarchyIntegrator::postprocessIntegrateHierarchy(): Eulerian estimate of upper bound on IB point displacement since last regrid = 0.444142
IBHierarchyIntegrator::advanceHierarchy(): synchronizing updated data
IBHierarchyIntegrator::advanceHierarchy(): resetting time dependent data

At end       of timestep # 125
Simulation time is 0.0252
+++++++++++++++++++++++++++++++++++++++++++++++++++


+++++++++++++++++++++++++++++++++++++++++++++++++++
At beginning of timestep # 126
Simulation time is 0.0252
IBHierarchyIntegrator::advanceHierarchy(): time interval = [0.0252,0.0254], dt = 0.0002
IBHierarchyIntegrator::preprocessIntegrateHierarchy(): performing Lagrangian forward Euler step
IBHierarchyIntegrator::advanceHierarchy(): integrating hierarchy
IBHierarchyIntegrator::integrateHierarchy(): computing Lagrangian force
IBHierarchyIntegrator::integrateHierarchy(): spreading Lagrangian force to the Eulerian grid
IBHierarchyIntegrator::integrateHierarchy(): solving the incompressible Navier-Stokes equations
INSStaggeredHierarchyIntegrator::integrateHierarchy(): stokes solve number of iterations = 2
INSStaggeredHierarchyIntegrator::integrateHierarchy(): stokes solve residual norm        = 0.000539306
IBHierarchyIntegrator::integrateHierarchy(): interpolating Eulerian velocity to the Lagrangian mesh
IBHierarchyIntegrator::integrateHierarchy(): performing Lagrangian midpoint-rule step
IBHierarchyIntegrator::postprocessIntegrateHierarchy(): interpolating Eulerian velocity to the Lagrangian mesh
IBHierarchyIntegrator::postprocessIntegrateHierarchy(): CFL number = 0.0413913
IBHierarchyIntegrator::postprocessIntegrateHierarchy(): Eulerian estimate of upper bound on IB point displacement since last regrid = 0.485534
IBHierarchyIntegrator::advanceHierarchy(): synchronizing updated data
IBHierarchyIntegrator::advanceHierarchy(): resetting time dependent data

At end       of timestep # 126
Simulation time is 0.0254
+++++++++++++++++++++++++++++++++++++++++++++++++++


+++++++++++++++++++++++++++++++++++++++++++++++++++
At beginning of timestep # 127
Simulation time is 0.0254
IBHierarchyIntegrator::advanceHierarchy(): time interval = [0.0254,0.0256], dt = 0.0002
IBHierarchyIntegrator::preprocessIntegrateHierarchy(): performing Lagrangian forward Euler step
IBHierarchyIntegrator::advanceHierarchy(): integrating hierarchy
IBHierarchyIntegrator::integrateHierarchy(): computing Lagrangian force
IBHierarchyIntegrator::integrateHierarchy(): spreading Lagrangian force to the Eulerian grid
IBHierarchyIntegrator::integrateHierarchy(): solving the incompressible Navier-Stokes equations
INSStaggeredHierarchyIntegrator::integrateHierarchy(): stokes solve number of iterations = 2
INSStaggeredHierarchyIntegrator::integrateHierarchy(): stokes solve residual norm        = 0.000509127
IBHierarchyIntegrator::integrateHierarchy(): interpolating Eulerian velocity to the Lagrangian mesh
IBHierarchyIntegrator::integrateHierarchy(): performing Lagrangian midpoint-rule step
IBHierarchyIntegrator::postprocessIntegrateHierarchy(): interpolating Eulerian velocity to the Lagrangian mesh
IBHierarchyIntegrator::postprocessIntegrateHierarchy(): CFL number = 0.042097
IBHierarchyIntegrator::postprocessIntegrateHierarchy(): Eulerian estimate of upper bound on IB point displacement since last regrid = 0.527631
IBHierarchyIntegrator::advanceHierarchy(): synchronizing updated data
IBHierarchyIntegrator::advanceHierarchy(): resetting time dependent data

At end       of timestep # 127
Simulation time is 0.0256
+++++++++++++++++++++++++++++++++++++++++++++++++++


+++++++++++++++++++++++++++++++++++++++++++++++++++
At beginning of timestep # 128
Simulation time is 0.0256
IBHierarchyIntegrator::advanceHierarchy(): time interval = [0.0256,0.0258], dt = 0.0002
IBHierarchyIntegrator::advanceHierarchy(): regridding prior to timestep 128
IBHierarchyIntegrator::regridHierarchy(): starting Lagrangian data movement
IBHierarchyIntegrator::regridHierarchy(): regridding the patch hierarchy
IBHierarchyIntegrator::regridHierarchy(): finishing Lagrangian data movement
INSStaggeredHierarchyIntegrator::preprocessIntegrateHierarchy(): initializing convective operator
INSStaggeredHierarchyIntegrator::preprocessIntegrateHierarchy(): initializing velocity subdomain solver
INSStaggeredHierarchyIntegrator::preprocessIntegrateHierarchy(): initializing pressure subdomain solver
INSStaggeredHierarchyIntegrator::preprocessIntegrateHierarchy(): initializing incompressible Stokes solver
IBHierarchyIntegrator::preprocessIntegrateHierarchy(): performing Lagrangian forward Euler step
IBHierarchyIntegrator::advanceHierarchy(): integrating hierarchy
IBHierarchyIntegrator::integrateHierarchy(): computing Lagrangian force
IBHierarchyIntegrator::integrateHierarchy(): spreading Lagrangian force to the Eulerian grid
IBHierarchyIntegrator::integrateHierarchy(): solving the incompressible Navier-Stokes equations
INSStaggeredHierarchyIntegrator::integrateHierarchy(): stokes solve number of iterations = 2
INSStaggeredHierarchyIntegrator::integrateHierarchy(): stokes solve residual norm        = 0.000535364
IBHierarchyIntegrator::integrateHierarchy(): interpolating Eulerian velocity to the Lagrangian mesh
IBHierarchyIntegrator::integrateHierarchy(): performing Lagrangian midpoint-rule step
IBHierarchyIntegrator::postprocessIntegrateHierarchy(): interpolating Eulerian velocity to the Lagrangian mesh
IBHierarchyIntegrator::postprocessIntegrateHierarchy(): CFL number = 0.0428089
IBHierarchyIntegrator::postprocessIntegrateHierarchy(): Eulerian estimate of upper bound on IB point displacement since last regrid = 0.0428089
IBHierarchyIntegrator::advanceHierarchy(): synchronizing updated data
IBHierarchyIntegrator::advanceHierarchy(): resetting time dependent data

At end       of timestep # 128
Simulation time is 0.0258
+++++++++++++++++++++++++++++++++++++++++++++++++++


+++++++++++++++++++++++++++++++++++++++++++++++++++
At beginning of timestep # 129
Simulation time is 0.0258
IBHierarchyIntegrator::advanceHierarchy(): time interval = [0.0258,0.026], dt = 0.0002
IBHierarchyIntegrator::preprocessIntegrateHierarchy(): performing Lagrangian forward Euler step
IBHierarchyIntegrator::advanceHierarchy(): integrating hierarchy
IBHierarchyIntegrator::integrateHierarchy(): computing Lagrangian force
IBHierarchyIntegrator::integrateHierarchy(): spreading Lagrangian force to the Eulerian grid
IBHierarchyIntegrator::integrateHierarchy(): solving the incompressible Navier-Stokes equations
INSStaggeredHierarchyIntegrator::integrateHierarchy(): stokes solve number of iterations = 2
INSStaggeredHierarchyIntegrator::integrateHierarchy(): stokes solve residual norm        = 0.000497982
IBHierarchyIntegrator::integrateHierarchy(): interpolating Eulerian velocity to the Lagrangian mesh
IBHierarchyIntegrator::integrateHierarchy(): performing Lagrangian midpoint-rule step
IBHierarchyIntegrator::postprocessIntegrateHierarchy(): interpolating Eulerian velocity to the Lagrangian mesh
IBHierarchyIntegrator::postprocessIntegrateHierarchy(): CFL number = 0.0435272
IBHierarchyIntegrator::postprocessIntegrateHierarchy(): Eulerian estimate of upper bound on IB point displacement since last regrid = 0.0863361
IBHierarchyIntegrator::advanceHierarchy(): synchronizing updated data
IBHierarchyIntegrator::advanceHierarchy(): resetting time dependent data

At end       of timestep # 129
Simulation time is 0.026
+++++++++++++++++++++++++++++++++++++++++++++++++++


+++++++++++++++++++++++++++++++++++++++++++++++++++
At beginning of timestep # 130
Simulation time is 0.026
IBHierarchyIntegrator::advanceHierarchy(): time interval = [0.026,0.0262], dt = 0.0002
IBHierarchyIntegrator::preprocessIntegrateHierarchy(): performing Lagrangian forward Euler step
IBHierarchyIntegrator::advanceHierarchy(): integrating hierarchy
IBHierarchyIntegrator::integrateHierarchy(): computing Lagrangian force
IBHierarchyIntegrator::integrateHierarchy(): spreading Lagrangian force to the Eulerian grid
IBHierarchyIntegrator::integrateHierarchy(): solving the incompressible Navier-Stokes equations
INSStaggeredHierarchyIntegrator::integrateHierarchy(): stokes solve number of iterations = 2
INSStaggeredHierarchyIntegrator::integrateHierarchy(): stokes solve residual norm        = 0.000525587
IBHierarchyIntegrator::integrateHierarchy(): interpolating Eulerian velocity to the Lagrangian mesh
IBHierarchyIntegrator::integrateHierarchy(): performing Lagrangian midpoint-rule step
IBHierarchyIntegrator::postprocessIntegrateHierarchy(): interpolating Eulerian velocity to the Lagrangian mesh
IBHierarchyIntegrator::postprocessIntegrateHierarchy(): CFL number = 0.0442512
IBHierarchyIntegrator::postprocessIntegrateHierarchy(): Eulerian estimate of upper bound on IB point displacement since last regrid = 0.130587
IBHierarchyIntegrator::advanceHierarchy(): synchronizing updated data
IBHierarchyIntegrator::advanceHierarchy(): resetting time dependent data

At end       of timestep # 130
Simulation time is 0.0262
+++++++++++++++++++++++++++++++++++++++++++++++++++


+++++++++++++++++++++++++++++++++++++++++++++++++++
At beginning of timestep # 131
Simulation time is 0.0262
IBHierarchyIntegrator::advanceHierarchy(): time interval = [0.0262,0.0264], dt = 0.0002
IBHierarchyIntegrator::preprocessIntegrateHierarchy(): performing Lagrangian forward Euler step
IBHierarchyIntegrator::advanceHierarchy(): integrating hierarchy
IBHierarchyIntegrator::integrateHierarchy(): computing Lagrangian force
IBHierarchyIntegrator::integrateHierarchy(): spreading Lagrangian force to the Eulerian grid
IBHierarchyIntegrator::integrateHierarchy(): solving the incompressible Navier-Stokes equations
INSStaggeredHierarchyIntegrator::integrateHierarchy(): stokes solve number of iterations = 2
INSStaggeredHierarchyIntegrator::integrateHierarchy(): stokes solve residual norm        = 0.000469412
IBHierarchyIntegrator::integrateHierarchy(): interpolating Eulerian velocity to the Lagrangian mesh
IBHierarchyIntegrator::integrateHierarchy(): performing Lagrangian midpoint-rule step
IBHierarchyIntegrator::postprocessIntegrateHierarchy(): interpolating Eulerian velocity to the Lagrangian mesh
IBHierarchyIntegrator::postprocessIntegrateHierarchy(): CFL number = 0.0449808
IBHierarchyIntegrator::postprocessIntegrateHierarchy(): Eulerian estimate of upper bound on IB point displacement since last regrid = 0.175568
IBHierarchyIntegrator::advanceHierarchy(): synchronizing updated data
IBHierarchyIntegrator::advanceHierarchy(): resetting time dependent data

At end       of timestep # 131
Simulation time is 0.0264
+++++++++++++++++++++++++++++++++++++++++++++++++++


+++++++++++++++++++++++++++++++++++++++++++++++++++
At beginning of timestep # 132
Simulation time is 0.0264
IBHierarchyIntegrator::advanceHierarchy(): time interval = [0.0264,0.0266], dt = 0.0002
IBHierarchyIntegrator::preprocessIntegrateHierarchy(): performing Lagrangian forward Euler step
IBHierarchyIntegrator::advanceHierarchy(): integrating hierarchy
IBHierarchyIntegrator::integrateHierarchy(): computing Lagrangian force
IBHierarchyIntegrator::integrateHierarchy(): spreading Lagrangian force to the Eulerian grid
IBHierarchyIntegrator::integrateHierarchy(): solving the incompressible Navier-Stokes equations
INSStaggeredHierarchyIntegrator::integrateHierarchy(): stokes solve number of iterations = 2
INSStaggeredHierarchyIntegrator::integrateHierarchy(): stokes solve residual norm        = 0.000421154
IBHierarchyIntegrator::integrateHierarchy(): interpolating Eulerian velocity to the Lagrangian mesh
IBHierarchyIntegrator::integrateHierarchy(): performing Lagrangian midpoint-rule step
IBHierarchyIntegrator::postprocessIntegrateHierarchy(): interpolating Eulerian velocity to the Lagrangian mesh
IBHierarchyIntegrator::postprocessIntegrateHierarchy(): CFL number = 0.0457138
IBHierarchyIntegrator::postprocessIntegrateHierarchy(): Eulerian estimate of upper bound on IB point displacement since last regrid = 0.221282
IBHierarchyIntegrator::advanceHierarchy(): synchronizing updated data
IBHierarchyIntegrator::advanceHierarchy(): resetting time dependent data

At end       of timestep # 132
Simulation time is 0.0266
+++++++++++++++++++++++++++++++++++++++++++++++++++


+++++++++++++++++++++++++++++++++++++++++++++++++++
At beginning of timestep # 133
Simulation time is 0.0266
IBHierarchyIntegrator::advanceHierarchy(): time interval = [0.0266,0.0268], dt = 0.0002
IBHierarchyIntegrator::preprocessIntegrateHierarchy(): performing Lagrangian forward Euler step
IBHierarchyIntegrator::advanceHierarchy(): integrating hierarchy
IBHierarchyIntegrator::integrateHierarchy(): computing Lagrangian force
IBHierarchyIntegrator::integrateHierarchy(): spreading Lagrangian force to the Eulerian grid
IBHierarchyIntegrator::integrateHierarchy(): solving the incompressible Navier-Stokes equations
INSStaggeredHierarchyIntegrator::integrateHierarchy(): stokes solve number of iterations = 2
INSStaggeredHierarchyIntegrator::integrateHierarchy(): stokes solve residual norm        = 0.000450919
IBHierarchyIntegrator::integrateHierarchy(): interpolating Eulerian velocity to the Lagrangian mesh
IBHierarchyIntegrator::integrateHierarchy(): performing Lagrangian midpoint-rule step
IBHierarchyIntegrator::postprocessIntegrateHierarchy(): interpolating Eulerian velocity to the Lagrangian mesh
IBHierarchyIntegrator::postprocessIntegrateHierarchy(): CFL number = 0.0464536
IBHierarchyIntegrator::postprocessIntegrateHierarchy(): Eulerian estimate of upper bound on IB point displacement since last regrid = 0.267736
IBHierarchyIntegrator::advanceHierarchy(): synchronizing updated data
IBHierarchyIntegrator::advanceHierarchy(): resetting time dependent data

At end       of timestep # 133
Simulation time is 0.0268
+++++++++++++++++++++++++++++++++++++++++++++++++++


+++++++++++++++++++++++++++++++++++++++++++++++++++
At beginning of timestep # 134
Simulation time is 0.0268
IBHierarchyIntegrator::advanceHierarchy(): time interval = [0.0268,0.027], dt = 0.0002
IBHierarchyIntegrator::preprocessIntegrateHierarchy(): performing Lagrangian forward Euler step
IBHierarchyIntegrator::advanceHierarchy(): integrating hierarchy
IBHierarchyIntegrator::integrateHierarchy(): computing Lagrangian force
IBHierarchyIntegrator::integrateHierarchy(): spreading Lagrangian force to the Eulerian grid
IBHierarchyIntegrator::integrateHierarchy(): solving the incompressible Navier-Stokes equations
INSStaggeredHierarchyIntegrator::integrateHierarchy(): stokes solve number of iterations = 2
INSStaggeredHierarchyIntegrator::integrateHierarchy(): stokes solve residual norm        = 0.000469765
IBHierarchyIntegrator::integrateHierarchy(): interpolating Eulerian velocity to the Lagrangian mesh
IBHierarchyIntegrator::integrateHierarchy(): performing Lagrangian midpoint-rule step
IBHierarchyIntegrator::postprocessIntegrateHierarchy(): interpolating Eulerian velocity to the Lagrangian mesh
IBHierarchyIntegrator::postprocessIntegrateHierarchy(): CFL number = 0.047199
IBHierarchyIntegrator::postprocessIntegrateHierarchy(): Eulerian estimate of upper bound on IB point displacement since last regrid = 0.314935
IBHierarchyIntegrator::advanceHierarchy(): synchronizing updated data
IBHierarchyIntegrator::advanceHierarchy(): resetting time dependent data

At end       of timestep # 134
Simulation time is 0.027
+++++++++++++++++++++++++++++++++++++++++++++++++++


+++++++++++++++++++++++++++++++++++++++++++++++++++
At beginning of timestep # 135
Simulation time is 0.027
IBHierarchyIntegrator::advanceHierarchy(): time interval = [0.027,0.0272], dt = 0.0002
IBHierarchyIntegrator::preprocessIntegrateHierarchy(): performing Lagrangian forward Euler step
IBHierarchyIntegrator::advanceHierarchy(): integrating hierarchy
IBHierarchyIntegrator::integrateHierarchy(): computing Lagrangian force
IBHierarchyIntegrator::integrateHierarchy(): spreading Lagrangian force to the Eulerian grid
IBHierarchyIntegrator::integrateHierarchy(): solving the incompressible Navier-Stokes equations
INSStaggeredHierarchyIntegrator::integrateHierarchy(): stokes solve number of iterations = 2
INSStaggeredHierarchyIntegrator::integrateHierarchy(): stokes solve residual norm        = 0.000421231
IBHierarchyIntegrator::integrateHierarchy(): interpolating Eulerian velocity to the Lagrangian mesh
IBHierarchyIntegrator::integrateHierarchy(): performing Lagrangian midpoint-rule step
IBHierarchyIntegrator::postprocessIntegrateHierarchy(): interpolating Eulerian velocity to the Lagrangian mesh
IBHierarchyIntegrator::postprocessIntegrateHierarchy(): CFL number = 0.0479501
IBHierarchyIntegrator::postprocessIntegrateHierarchy(): Eulerian estimate of upper bound on IB point displacement since last regrid = 0.362885
IBHierarchyIntegrator::advanceHierarchy(): synchronizing updated data
IBHierarchyIntegrator::advanceHierarchy(): resetting time dependent data

At end       of timestep # 135
Simulation time is 0.0272
+++++++++++++++++++++++++++++++++++++++++++++++++++


+++++++++++++++++++++++++++++++++++++++++++++++++++
At beginning of timestep # 136
Simulation time is 0.0272
IBHierarchyIntegrator::advanceHierarchy(): time interval = [0.0272,0.0274], dt = 0.0002
IBHierarchyIntegrator::preprocessIntegrateHierarchy(): performing Lagrangian forward Euler step
IBHierarchyIntegrator::advanceHierarchy(): integrating hierarchy
IBHierarchyIntegrator::integrateHierarchy(): computing Lagrangian force
IBHierarchyIntegrator::integrateHierarchy(): spreading Lagrangian force to the Eulerian grid
IBHierarchyIntegrator::integrateHierarchy(): solving the incompressible Navier-Stokes equations
INSStaggeredHierarchyIntegrator::integrateHierarchy(): stokes solve number of iterations = 2
INSStaggeredHierarchyIntegrator::integrateHierarchy(): stokes solve residual norm        = 0.000387662
IBHierarchyIntegrator::integrateHierarchy(): interpolating Eulerian velocity to the Lagrangian mesh
IBHierarchyIntegrator::integrateHierarchy(): performing Lagrangian midpoint-rule step
IBHierarchyIntegrator::postprocessIntegrateHierarchy(): interpolating Eulerian velocity to the Lagrangian mesh
IBHierarchyIntegrator::postprocessIntegrateHierarchy(): CFL number = 0.0487062
IBHierarchyIntegrator::postprocessIntegrateHierarchy(): Eulerian estimate of upper bound on IB point displacement since last regrid = 0.411591
IBHierarchyIntegrator::advanceHierarchy(): synchronizing updated data
IBHierarchyIntegrator::advanceHierarchy(): resetting time dependent data

At end       of timestep # 136
Simulation time is 0.0274
+++++++++++++++++++++++++++++++++++++++++++++++++++


+++++++++++++++++++++++++++++++++++++++++++++++++++
At beginning of timestep # 137
Simulation time is 0.0274
IBHierarchyIntegrator::advanceHierarchy(): time interval = [0.0274,0.0276], dt = 0.0002
IBHierarchyIntegrator::preprocessIntegrateHierarchy(): performing Lagrangian forward Euler step
IBHierarchyIntegrator::advanceHierarchy(): integrating hierarchy
IBHierarchyIntegrator::integrateHierarchy(): computing Lagrangian force
IBHierarchyIntegrator::integrateHierarchy(): spreading Lagrangian force to the Eulerian grid
IBHierarchyIntegrator::integrateHierarchy(): solving the incompressible Navier-Stokes equations
INSStaggeredHierarchyIntegrator::integrateHierarchy(): stokes solve number of iterations = 2
INSStaggeredHierarchyIntegrator::integrateHierarchy(): stokes solve residual norm        = 0.00044104
IBHierarchyIntegrator::integrateHierarchy(): interpolating Eulerian velocity to the Lagrangian mesh
IBHierarchyIntegrator::integrateHierarchy(): performing Lagrangian midpoint-rule step
IBHierarchyIntegrator::postprocessIntegrateHierarchy(): interpolating Eulerian velocity to the Lagrangian mesh
IBHierarchyIntegrator::postprocessIntegrateHierarchy(): CFL number = 0.0494673
IBHierarchyIntegrator::postprocessIntegrateHierarchy(): Eulerian estimate of upper bound on IB point displacement since last regrid = 0.461058
IBHierarchyIntegrator::advanceHierarchy(): synchronizing updated data
IBHierarchyIntegrator::advanceHierarchy(): resetting time dependent data

At end       of timestep # 137
Simulation time is 0.0276
+++++++++++++++++++++++++++++++++++++++++++++++++++


+++++++++++++++++++++++++++++++++++++++++++++++++++
At beginning of timestep # 138
Simulation time is 0.0276
IBHierarchyIntegrator::advanceHierarchy(): time interval = [0.0276,0.0278], dt = 0.0002
IBHierarchyIntegrator::preprocessIntegrateHierarchy(): performing Lagrangian forward Euler step
IBHierarchyIntegrator::advanceHierarchy(): integrating hierarchy
IBHierarchyIntegrator::integrateHierarchy(): computing Lagrangian force
IBHierarchyIntegrator::integrateHierarchy(): spreading Lagrangian force to the Eulerian grid
IBHierarchyIntegrator::integrateHierarchy(): solving the incompressible Navier-Stokes equations
INSStaggeredHierarchyIntegrator::integrateHierarchy(): stokes solve number of iterations = 2
INSStaggeredHierarchyIntegrator::integrateHierarchy(): stokes solve residual norm        = 0.000457091
IBHierarchyIntegrator::integrateHierarchy(): interpolating Eulerian velocity to the Lagrangian mesh
IBHierarchyIntegrator::integrateHierarchy(): performing Lagrangian midpoint-rule step
IBHierarchyIntegrator::postprocessIntegrateHierarchy(): interpolating Eulerian velocity to the Lagrangian mesh
IBHierarchyIntegrator::postprocessIntegrateHierarchy(): CFL number = 0.0502329
IBHierarchyIntegrator::postprocessIntegrateHierarchy(): Eulerian estimate of upper bound on IB point displacement since last regrid = 0.511291
IBHierarchyIntegrator::advanceHierarchy(): synchronizing updated data
IBHierarchyIntegrator::advanceHierarchy(): resetting time dependent data

At end       of timestep # 138
Simulation time is 0.0278
+++++++++++++++++++++++++++++++++++++++++++++++++++


+++++++++++++++++++++++++++++++++++++++++++++++++++
At beginning of timestep # 139
Simulation time is 0.0278
IBHierarchyIntegrator::advanceHierarchy(): time interval = [0.0278,0.028], dt = 0.0002
IBHierarchyIntegrator::advanceHierarchy(): regridding prior to timestep 139
IBHierarchyIntegrator::regridHierarchy(): starting Lagrangian data movement
IBHierarchyIntegrator::regridHierarchy(): regridding the patch hierarchy
IBHierarchyIntegrator::regridHierarchy(): finishing Lagrangian data movement
INSStaggeredHierarchyIntegrator::preprocessIntegrateHierarchy(): initializing convective operator
INSStaggeredHierarchyIntegrator::preprocessIntegrateHierarchy(): initializing velocity subdomain solver
INSStaggeredHierarchyIntegrator::preprocessIntegrateHierarchy(): initializing pressure subdomain solver
INSStaggeredHierarchyIntegrator::preprocessIntegrateHierarchy(): initializing incompressible Stokes solver
IBHierarchyIntegrator::preprocessIntegrateHierarchy(): performing Lagrangian forward Euler step
IBHierarchyIntegrator::advanceHierarchy(): integrating hierarchy
IBHierarchyIntegrator::integrateHierarchy(): computing Lagrangian force
IBHierarchyIntegrator::integrateHierarchy(): spreading Lagrangian force to the Eulerian grid
IBHierarchyIntegrator::integrateHierarchy(): solving the incompressible Navier-Stokes equations
INSStaggeredHierarchyIntegrator::integrateHierarchy(): stokes solve number of iterations = 2
INSStaggeredHierarchyIntegrator::integrateHierarchy(): stokes solve residual norm        = 0.000386818
IBHierarchyIntegrator::integrateHierarchy(): interpolating Eulerian velocity to the Lagrangian mesh
IBHierarchyIntegrator::integrateHierarchy(): performing Lagrangian midpoint-rule step
IBHierarchyIntegrator::postprocessIntegrateHierarchy(): interpolating Eulerian velocity to the Lagrangian mesh
IBHierarchyIntegrator::postprocessIntegrateHierarchy(): CFL number = 0.051003
IBHierarchyIntegrator::postprocessIntegrateHierarchy(): Eulerian estimate of upper bound on IB point displacement since last regrid = 0.051003
IBHierarchyIntegrator::advanceHierarchy(): synchronizing updated data
IBHierarchyIntegrator::advanceHierarchy(): resetting time dependent data

At end       of timestep # 139
Simulation time is 0.028
+++++++++++++++++++++++++++++++++++++++++++++++++++


+++++++++++++++++++++++++++++++++++++++++++++++++++
At beginning of timestep # 140
Simulation time is 0.028
IBHierarchyIntegrator::advanceHierarchy(): time interval = [0.028,0.0282], dt = 0.0002
IBHierarchyIntegrator::preprocessIntegrateHierarchy(): performing Lagrangian forward Euler step
IBHierarchyIntegrator::advanceHierarchy(): integrating hierarchy
IBHierarchyIntegrator::integrateHierarchy(): computing Lagrangian force
IBHierarchyIntegrator::integrateHierarchy(): spreading Lagrangian force to the Eulerian grid
IBHierarchyIntegrator::integrateHierarchy(): solving the incompressible Navier-Stokes equations
INSStaggeredHierarchyIntegrator::integrateHierarchy(): stokes solve number of iterations = 2
INSStaggeredHierarchyIntegrator::integrateHierarchy(): stokes solve residual norm        = 0.000360083
IBHierarchyIntegrator::integrateHierarchy(): interpolating Eulerian velocity to the Lagrangian mesh
IBHierarchyIntegrator::integrateHierarchy(): performing Lagrangian midpoint-rule step
IBHierarchyIntegrator::postprocessIntegrateHierarchy(): interpolating Eulerian velocity to the Lagrangian mesh
IBHierarchyIntegrator::postprocessIntegrateHierarchy(): CFL number = 0.0517768
IBHierarchyIntegrator::postprocessIntegrateHierarchy(): Eulerian estimate of upper bound on IB point displacement since last regrid = 0.10278
IBHierarchyIntegrator::advanceHierarchy(): synchronizing updated data
IBHierarchyIntegrator::advanceHierarchy(): resetting time dependent data

At end       of timestep # 140
Simulation time is 0.0282
+++++++++++++++++++++++++++++++++++++++++++++++++++


+++++++++++++++++++++++++++++++++++++++++++++++++++
At beginning of timestep # 141
Simulation time is 0.0282
IBHierarchyIntegrator::advanceHierarchy(): time interval = [0.0282,0.0284], dt = 0.0002
IBHierarchyIntegrator::preprocessIntegrateHierarchy(): performing Lagrangian forward Euler step
IBHierarchyIntegrator::advanceHierarchy(): integrating hierarchy
IBHierarchyIntegrator::integrateHierarchy(): computing Lagrangian force
IBHierarchyIntegrator::integrateHierarchy(): spreading Lagrangian force to the Eulerian grid
IBHierarchyIntegrator::integrateHierarchy(): solving the incompressible Navier-Stokes equations
INSStaggeredHierarchyIntegrator::integrateHierarchy(): stokes solve number of iterations = 2
INSStaggeredHierarchyIntegrator::integrateHierarchy(): stokes solve residual norm        = 0.000412595
IBHierarchyIntegrator::integrateHierarchy(): interpolating Eulerian velocity to the Lagrangian mesh
IBHierarchyIntegrator::integrateHierarchy(): performing Lagrangian midpoint-rule step
IBHierarchyIntegrator::postprocessIntegrateHierarchy(): interpolating Eulerian velocity to the Lagrangian mesh
IBHierarchyIntegrator::postprocessIntegrateHierarchy(): CFL number = 0.0525562
IBHierarchyIntegrator::postprocessIntegrateHierarchy(): Eulerian estimate of upper bound on IB point displacement since last regrid = 0.155336
IBHierarchyIntegrator::advanceHierarchy(): synchronizing updated data
IBHierarchyIntegrator::advanceHierarchy(): resetting time dependent data

At end       of timestep # 141
Simulation time is 0.0284
+++++++++++++++++++++++++++++++++++++++++++++++++++


+++++++++++++++++++++++++++++++++++++++++++++++++++
At beginning of timestep # 142
Simulation time is 0.0284
IBHierarchyIntegrator::advanceHierarchy(): time interval = [0.0284,0.0286], dt = 0.0002
IBHierarchyIntegrator::preprocessIntegrateHierarchy(): performing Lagrangian forward Euler step
IBHierarchyIntegrator::advanceHierarchy(): integrating hierarchy
IBHierarchyIntegrator::integrateHierarchy(): computing Lagrangian force
IBHierarchyIntegrator::integrateHierarchy(): spreading Lagrangian force to the Eulerian grid
IBHierarchyIntegrator::integrateHierarchy(): solving the incompressible Navier-Stokes equations
INSStaggeredHierarchyIntegrator::integrateHierarchy(): stokes solve number of iterations = 2
INSStaggeredHierarchyIntegrator::integrateHierarchy(): stokes solve residual norm        = 0.000410711
IBHierarchyIntegrator::integrateHierarchy(): interpolating Eulerian velocity to the Lagrangian mesh
IBHierarchyIntegrator::integrateHierarchy(): performing Lagrangian midpoint-rule step
IBHierarchyIntegrator::postprocessIntegrateHierarchy(): interpolating Eulerian velocity to the Lagrangian mesh
IBHierarchyIntegrator::postprocessIntegrateHierarchy(): CFL number = 0.0533403
IBHierarchyIntegrator::postprocessIntegrateHierarchy(): Eulerian estimate of upper bound on IB point displacement since last regrid = 0.208676
IBHierarchyIntegrator::advanceHierarchy(): synchronizing updated data
IBHierarchyIntegrator::advanceHierarchy(): resetting time dependent data

At end       of timestep # 142
Simulation time is 0.0286
+++++++++++++++++++++++++++++++++++++++++++++++++++


+++++++++++++++++++++++++++++++++++++++++++++++++++
At beginning of timestep # 143
Simulation time is 0.0286
IBHierarchyIntegrator::advanceHierarchy(): time interval = [0.0286,0.0288], dt = 0.0002
IBHierarchyIntegrator::preprocessIntegrateHierarchy(): performing Lagrangian forward Euler step
IBHierarchyIntegrator::advanceHierarchy(): integrating hierarchy
IBHierarchyIntegrator::integrateHierarchy(): computing Lagrangian force
IBHierarchyIntegrator::integrateHierarchy(): spreading Lagrangian force to the Eulerian grid
IBHierarchyIntegrator::integrateHierarchy(): solving the incompressible Navier-Stokes equations
INSStaggeredHierarchyIntegrator::integrateHierarchy(): stokes solve number of iterations = 2
INSStaggeredHierarchyIntegrator::integrateHierarchy(): stokes solve residual norm        = 0.000342471
IBHierarchyIntegrator::integrateHierarchy(): interpolating Eulerian velocity to the Lagrangian mesh
IBHierarchyIntegrator::integrateHierarchy(): performing Lagrangian midpoint-rule step
IBHierarchyIntegrator::postprocessIntegrateHierarchy(): interpolating Eulerian velocity to the Lagrangian mesh
IBHierarchyIntegrator::postprocessIntegrateHierarchy(): CFL number = 0.0541261
IBHierarchyIntegrator::postprocessIntegrateHierarchy(): Eulerian estimate of upper bound on IB point displacement since last regrid = 0.262802
IBHierarchyIntegrator::advanceHierarchy(): synchronizing updated data
IBHierarchyIntegrator::advanceHierarchy(): resetting time dependent data

At end       of timestep # 143
Simulation time is 0.0288
+++++++++++++++++++++++++++++++++++++++++++++++++++


+++++++++++++++++++++++++++++++++++++++++++++++++++
At beginning of timestep # 144
Simulation time is 0.0288
IBHierarchyIntegrator::advanceHierarchy(): time interval = [0.0288,0.029], dt = 0.0002
IBHierarchyIntegrator::preprocessIntegrateHierarchy(): performing Lagrangian forward Euler step
IBHierarchyIntegrator::advanceHierarchy(): integrating hierarchy
IBHierarchyIntegrator::integrateHierarchy(): computing Lagrangian force
IBHierarchyIntegrator::integrateHierarchy(): spreading Lagrangian force to the Eulerian grid
IBHierarchyIntegrator::integrateHierarchy(): solving the incompressible Navier-Stokes equations
INSStaggeredHierarchyIntegrator::integrateHierarchy(): stokes solve number of iterations = 2
INSStaggeredHierarchyIntegrator::integrateHierarchy(): stokes solve residual norm        = 0.000340768
IBHierarchyIntegrator::integrateHierarchy(): interpolating Eulerian velocity to the Lagrangian mesh
IBHierarchyIntegrator::integrateHierarchy(): performing Lagrangian midpoint-rule step
IBHierarchyIntegrator::postprocessIntegrateHierarchy(): interpolating Eulerian velocity to the Lagrangian mesh
IBHierarchyIntegrator::postprocessIntegrateHierarchy(): CFL number = 0.0549173
IBHierarchyIntegrator::postprocessIntegrateHierarchy(): Eulerian estimate of upper bound on IB point displacement since last regrid = 0.31772
IBHierarchyIntegrator::advanceHierarchy(): synchronizing updated data
IBHierarchyIntegrator::advanceHierarchy(): resetting time dependent data

At end       of timestep # 144
Simulation time is 0.029
+++++++++++++++++++++++++++++++++++++++++++++++++++


+++++++++++++++++++++++++++++++++++++++++++++++++++
At beginning of timestep # 145
Simulation time is 0.029
IBHierarchyIntegrator::advanceHierarchy(): time interval = [0.029,0.0292], dt = 0.0002
IBHierarchyIntegrator::preprocessIntegrateHierarchy(): performing Lagrangian forward Euler step
IBHierarchyIntegrator::advanceHierarchy(): integrating hierarchy
IBHierarchyIntegrator::integrateHierarchy(): computing Lagrangian force
IBHierarchyIntegrator::integrateHierarchy(): spreading Lagrangian force to the Eulerian grid
IBHierarchyIntegrator::integrateHierarchy(): solving the incompressible Navier-Stokes equations
INSStaggeredHierarchyIntegrator::integrateHierarchy(): stokes solve number of iterations = 2
INSStaggeredHierarchyIntegrator::integrateHierarchy(): stokes solve residual norm        = 0.00054216
IBHierarchyIntegrator::integrateHierarchy(): interpolating Eulerian velocity to the Lagrangian mesh
IBHierarchyIntegrator::integrateHierarchy(): performing Lagrangian midpoint-rule step
IBHierarchyIntegrator::postprocessIntegrateHierarchy(): interpolating Eulerian velocity to the Lagrangian mesh
IBHierarchyIntegrator::postprocessIntegrateHierarchy(): CFL number = 0.055712
IBHierarchyIntegrator::postprocessIntegrateHierarchy(): Eulerian estimate of upper bound on IB point displacement since last regrid = 0.373432
IBHierarchyIntegrator::advanceHierarchy(): synchronizing updated data
IBHierarchyIntegrator::advanceHierarchy(): resetting time dependent data

At end       of timestep # 145
Simulation time is 0.0292
+++++++++++++++++++++++++++++++++++++++++++++++++++


+++++++++++++++++++++++++++++++++++++++++++++++++++
At beginning of timestep # 146
Simulation time is 0.0292
IBHierarchyIntegrator::advanceHierarchy(): time interval = [0.0292,0.0294], dt = 0.0002
IBHierarchyIntegrator::preprocessIntegrateHierarchy(): performing Lagrangian forward Euler step
IBHierarchyIntegrator::advanceHierarchy(): integrating hierarchy
IBHierarchyIntegrator::integrateHierarchy(): computing Lagrangian force
IBHierarchyIntegrator::integrateHierarchy(): spreading Lagrangian force to the Eulerian grid
IBHierarchyIntegrator::integrateHierarchy(): solving the incompressible Navier-Stokes equations
INSStaggeredHierarchyIntegrator::integrateHierarchy(): stokes solve number of iterations = 2
INSStaggeredHierarchyIntegrator::integrateHierarchy(): stokes solve residual norm        = 0.00038736
IBHierarchyIntegrator::integrateHierarchy(): interpolating Eulerian velocity to the Lagrangian mesh
IBHierarchyIntegrator::integrateHierarchy(): performing Lagrangian midpoint-rule step
IBHierarchyIntegrator::postprocessIntegrateHierarchy(): interpolating Eulerian velocity to the Lagrangian mesh
IBHierarchyIntegrator::postprocessIntegrateHierarchy(): CFL number = 0.0565099
IBHierarchyIntegrator::postprocessIntegrateHierarchy(): Eulerian estimate of upper bound on IB point displacement since last regrid = 0.429942
IBHierarchyIntegrator::advanceHierarchy(): synchronizing updated data
IBHierarchyIntegrator::advanceHierarchy(): resetting time dependent data

At end       of timestep # 146
Simulation time is 0.0294
+++++++++++++++++++++++++++++++++++++++++++++++++++


+++++++++++++++++++++++++++++++++++++++++++++++++++
At beginning of timestep # 147
Simulation time is 0.0294
IBHierarchyIntegrator::advanceHierarchy(): time interval = [0.0294,0.0296], dt = 0.0002
IBHierarchyIntegrator::preprocessIntegrateHierarchy(): performing Lagrangian forward Euler step
IBHierarchyIntegrator::advanceHierarchy(): integrating hierarchy
IBHierarchyIntegrator::integrateHierarchy(): computing Lagrangian force
IBHierarchyIntegrator::integrateHierarchy(): spreading Lagrangian force to the Eulerian grid
IBHierarchyIntegrator::integrateHierarchy(): solving the incompressible Navier-Stokes equations
INSStaggeredHierarchyIntegrator::integrateHierarchy(): stokes solve number of iterations = 2
INSStaggeredHierarchyIntegrator::integrateHierarchy(): stokes solve residual norm        = 0.000317004
IBHierarchyIntegrator::integrateHierarchy(): interpolating Eulerian velocity to the Lagrangian mesh
IBHierarchyIntegrator::integrateHierarchy(): performing Lagrangian midpoint-rule step
IBHierarchyIntegrator::postprocessIntegrateHierarchy(): interpolating Eulerian velocity to the Lagrangian mesh
IBHierarchyIntegrator::postprocessIntegrateHierarchy(): CFL number = 0.057311
IBHierarchyIntegrator::postprocessIntegrateHierarchy(): Eulerian estimate of upper bound on IB point displacement since last regrid = 0.487253
IBHierarchyIntegrator::advanceHierarchy(): synchronizing updated data
IBHierarchyIntegrator::advanceHierarchy(): resetting time dependent data

At end       of timestep # 147
Simulation time is 0.0296
+++++++++++++++++++++++++++++++++++++++++++++++++++


+++++++++++++++++++++++++++++++++++++++++++++++++++
At beginning of timestep # 148
Simulation time is 0.0296
IBHierarchyIntegrator::advanceHierarchy(): time interval = [0.0296,0.0298], dt = 0.0002
IBHierarchyIntegrator::preprocessIntegrateHierarchy(): performing Lagrangian forward Euler step
IBHierarchyIntegrator::advanceHierarchy(): integrating hierarchy
IBHierarchyIntegrator::integrateHierarchy(): computing Lagrangian force
IBHierarchyIntegrator::integrateHierarchy(): spreading Lagrangian force to the Eulerian grid
IBHierarchyIntegrator::integrateHierarchy(): solving the incompressible Navier-Stokes equations
INSStaggeredHierarchyIntegrator::integrateHierarchy(): stokes solve number of iterations = 2
INSStaggeredHierarchyIntegrator::integrateHierarchy(): stokes solve residual norm        = 0.000325247
IBHierarchyIntegrator::integrateHierarchy(): interpolating Eulerian velocity to the Lagrangian mesh
IBHierarchyIntegrator::integrateHierarchy(): performing Lagrangian midpoint-rule step
IBHierarchyIntegrator::postprocessIntegrateHierarchy(): interpolating Eulerian velocity to the Lagrangian mesh
IBHierarchyIntegrator::postprocessIntegrateHierarchy(): CFL number = 0.0581151
IBHierarchyIntegrator::postprocessIntegrateHierarchy(): Eulerian estimate of upper bound on IB point displacement since last regrid = 0.545368
IBHierarchyIntegrator::advanceHierarchy(): synchronizing updated data
IBHierarchyIntegrator::advanceHierarchy(): resetting time dependent data

At end       of timestep # 148
Simulation time is 0.0298
+++++++++++++++++++++++++++++++++++++++++++++++++++


+++++++++++++++++++++++++++++++++++++++++++++++++++
At beginning of timestep # 149
Simulation time is 0.0298
IBHierarchyIntegrator::advanceHierarchy(): time interval = [0.0298,0.03], dt = 0.0002
IBHierarchyIntegrator::advanceHierarchy(): regridding prior to timestep 149
IBHierarchyIntegrator::regridHierarchy(): starting Lagrangian data movement
IBHierarchyIntegrator::regridHierarchy(): regridding the patch hierarchy
IBHierarchyIntegrator::regridHierarchy(): finishing Lagrangian data movement
INSStaggeredHierarchyIntegrator::preprocessIntegrateHierarchy(): initializing convective operator
INSStaggeredHierarchyIntegrator::preprocessIntegrateHierarchy(): initializing velocity subdomain solver
INSStaggeredHierarchyIntegrator::preprocessIntegrateHierarchy(): initializing pressure subdomain solver
INSStaggeredHierarchyIntegrator::preprocessIntegrateHierarchy(): initializing incompressible Stokes solver
IBHierarchyIntegrator::preprocessIntegrateHierarchy(): performing Lagrangian forward Euler step
IBHierarchyIntegrator::advanceHierarchy(): integrating hierarchy
IBHierarchyIntegrator::integrateHierarchy(): computing Lagrangian force
IBHierarchyIntegrator::integrateHierarchy(): spreading Lagrangian force to the Eulerian grid
IBHierarchyIntegrator::integrateHierarchy(): solving the incompressible Navier-Stokes equations
INSStaggeredHierarchyIntegrator::integrateHierarchy(): stokes solve number of iterations = 2
INSStaggeredHierarchyIntegrator::integrateHierarchy(): stokes solve residual norm        = 0.000360167
IBHierarchyIntegrator::integrateHierarchy(): interpolating Eulerian velocity to the Lagrangian mesh
IBHierarchyIntegrator::integrateHierarchy(): performing Lagrangian midpoint-rule step
IBHierarchyIntegrator::postprocessIntegrateHierarchy(): interpolating Eulerian velocity to the Lagrangian mesh
IBHierarchyIntegrator::postprocessIntegrateHierarchy(): CFL number = 0.0589161
IBHierarchyIntegrator::postprocessIntegrateHierarchy(): Eulerian estimate of upper bound on IB point displacement since last regrid = 0.0589161
IBHierarchyIntegrator::advanceHierarchy(): synchronizing updated data
IBHierarchyIntegrator::advanceHierarchy(): resetting time dependent data

At end       of timestep # 149
Simulation time is 0.03
+++++++++++++++++++++++++++++++++++++++++++++++++++


+++++++++++++++++++++++++++++++++++++++++++++++++++
At beginning of timestep # 150
Simulation time is 0.03
IBHierarchyIntegrator::advanceHierarchy(): time interval = [0.03,0.0302], dt = 0.0002
IBHierarchyIntegrator::preprocessIntegrateHierarchy(): performing Lagrangian forward Euler step
IBHierarchyIntegrator::advanceHierarchy(): integrating hierarchy
IBHierarchyIntegrator::integrateHierarchy(): computing Lagrangian force
IBHierarchyIntegrator::integrateHierarchy(): spreading Lagrangian force to the Eulerian grid
IBHierarchyIntegrator::integrateHierarchy(): solving the incompressible Navier-Stokes equations
INSStaggeredHierarchyIntegrator::integrateHierarchy(): stokes solve number of iterations = 2
INSStaggeredHierarchyIntegrator::integrateHierarchy(): stokes solve residual norm        = 0.000342926
IBHierarchyIntegrator::integrateHierarchy(): interpolating Eulerian velocity to the Lagrangian mesh
IBHierarchyIntegrator::integrateHierarchy(): performing Lagrangian midpoint-rule step
IBHierarchyIntegrator::postprocessIntegrateHierarchy(): interpolating Eulerian velocity to the Lagrangian mesh
IBHierarchyIntegrator::postprocessIntegrateHierarchy(): CFL number = 0.0597218
IBHierarchyIntegrator::postprocessIntegrateHierarchy(): Eulerian estimate of upper bound on IB point displacement since last regrid = 0.118638
IBHierarchyIntegrator::advanceHierarchy(): synchronizing updated data
IBHierarchyIntegrator::advanceHierarchy(): resetting time dependent data

At end       of timestep # 150
Simulation time is 0.0302
+++++++++++++++++++++++++++++++++++++++++++++++++++


+++++++++++++++++++++++++++++++++++++++++++++++++++
At beginning of timestep # 151
Simulation time is 0.0302
IBHierarchyIntegrator::advanceHierarchy(): time interval = [0.0302,0.0304], dt = 0.0002
IBHierarchyIntegrator::preprocessIntegrateHierarchy(): performing Lagrangian forward Euler step
IBHierarchyIntegrator::advanceHierarchy(): integrating hierarchy
IBHierarchyIntegrator::integrateHierarchy(): computing Lagrangian force
IBHierarchyIntegrator::integrateHierarchy(): spreading Lagrangian force to the Eulerian grid
IBHierarchyIntegrator::integrateHierarchy(): solving the incompressible Navier-Stokes equations
INSStaggeredHierarchyIntegrator::integrateHierarchy(): stokes solve number of iterations = 2
INSStaggeredHierarchyIntegrator::integrateHierarchy(): stokes solve residual norm        = 0.000266358
IBHierarchyIntegrator::integrateHierarchy(): interpolating Eulerian velocity to the Lagrangian mesh
IBHierarchyIntegrator::integrateHierarchy(): performing Lagrangian midpoint-rule step
IBHierarchyIntegrator::postprocessIntegrateHierarchy(): interpolating Eulerian velocity to the Lagrangian mesh
IBHierarchyIntegrator::postprocessIntegrateHierarchy(): CFL number = 0.0605286
IBHierarchyIntegrator::postprocessIntegrateHierarchy(): Eulerian estimate of upper bound on IB point displacement since last regrid = 0.179167
IBHierarchyIntegrator::advanceHierarchy(): synchronizing updated data
IBHierarchyIntegrator::advanceHierarchy(): resetting time dependent data

At end       of timestep # 151
Simulation time is 0.0304
+++++++++++++++++++++++++++++++++++++++++++++++++++


+++++++++++++++++++++++++++++++++++++++++++++++++++
At beginning of timestep # 152
Simulation time is 0.0304
IBHierarchyIntegrator::advanceHierarchy(): time interval = [0.0304,0.0306], dt = 0.0002
IBHierarchyIntegrator::preprocessIntegrateHierarchy(): performing Lagrangian forward Euler step
IBHierarchyIntegrator::advanceHierarchy(): integrating hierarchy
IBHierarchyIntegrator::integrateHierarchy(): computing Lagrangian force
IBHierarchyIntegrator::integrateHierarchy(): spreading Lagrangian force to the Eulerian grid
IBHierarchyIntegrator::integrateHierarchy(): solving the incompressible Navier-Stokes equations
INSStaggeredHierarchyIntegrator::integrateHierarchy(): stokes solve number of iterations = 2
INSStaggeredHierarchyIntegrator::integrateHierarchy(): stokes solve residual norm        = 0.000310301
IBHierarchyIntegrator::integrateHierarchy(): interpolating Eulerian velocity to the Lagrangian mesh
IBHierarchyIntegrator::integrateHierarchy(): performing Lagrangian midpoint-rule step
IBHierarchyIntegrator::postprocessIntegrateHierarchy(): interpolating Eulerian velocity to the Lagrangian mesh
IBHierarchyIntegrator::postprocessIntegrateHierarchy(): CFL number = 0.0613358
IBHierarchyIntegrator::postprocessIntegrateHierarchy(): Eulerian estimate of upper bound on IB point displacement since last regrid = 0.240502
IBHierarchyIntegrator::advanceHierarchy(): synchronizing updated data
IBHierarchyIntegrator::advanceHierarchy(): resetting time dependent data

At end       of timestep # 152
Simulation time is 0.0306
+++++++++++++++++++++++++++++++++++++++++++++++++++


+++++++++++++++++++++++++++++++++++++++++++++++++++
At beginning of timestep # 153
Simulation time is 0.0306
IBHierarchyIntegrator::advanceHierarchy(): time interval = [0.0306,0.0308], dt = 0.0002
IBHierarchyIntegrator::preprocessIntegrateHierarchy(): performing Lagrangian forward Euler step
IBHierarchyIntegrator::advanceHierarchy(): integrating hierarchy
IBHierarchyIntegrator::integrateHierarchy(): computing Lagrangian force
IBHierarchyIntegrator::integrateHierarchy(): spreading Lagrangian force to the Eulerian grid
IBHierarchyIntegrator::integrateHierarchy(): solving the incompressible Navier-Stokes equations
INSStaggeredHierarchyIntegrator::integrateHierarchy(): stokes solve number of iterations = 2
INSStaggeredHierarchyIntegrator::integrateHierarchy(): stokes solve residual norm        = 0.000375206
IBHierarchyIntegrator::integrateHierarchy(): interpolating Eulerian velocity to the Lagrangian mesh
IBHierarchyIntegrator::integrateHierarchy(): performing Lagrangian midpoint-rule step
IBHierarchyIntegrator::postprocessIntegrateHierarchy(): interpolating Eulerian velocity to the Lagrangian mesh
IBHierarchyIntegrator::postprocessIntegrateHierarchy(): CFL number = 0.0621427
IBHierarchyIntegrator::postprocessIntegrateHierarchy(): Eulerian estimate of upper bound on IB point displacement since last regrid = 0.302645
IBHierarchyIntegrator::advanceHierarchy(): synchronizing updated data
IBHierarchyIntegrator::advanceHierarchy(): resetting time dependent data

At end       of timestep # 153
Simulation time is 0.0308
+++++++++++++++++++++++++++++++++++++++++++++++++++


+++++++++++++++++++++++++++++++++++++++++++++++++++
At beginning of timestep # 154
Simulation time is 0.0308
IBHierarchyIntegrator::advanceHierarchy(): time interval = [0.0308,0.031], dt = 0.0002
IBHierarchyIntegrator::preprocessIntegrateHierarchy(): performing Lagrangian forward Euler step
IBHierarchyIntegrator::advanceHierarchy(): integrating hierarchy
IBHierarchyIntegrator::integrateHierarchy(): computing Lagrangian force
IBHierarchyIntegrator::integrateHierarchy(): spreading Lagrangian force to the Eulerian grid
IBHierarchyIntegrator::integrateHierarchy(): solving the incompressible Navier-Stokes equations
INSStaggeredHierarchyIntegrator::integrateHierarchy(): stokes solve number of iterations = 2
INSStaggeredHierarchyIntegrator::integrateHierarchy(): stokes solve residual norm        = 0.000326991
IBHierarchyIntegrator::integrateHierarchy(): interpolating Eulerian velocity to the Lagrangian mesh
IBHierarchyIntegrator::integrateHierarchy(): performing Lagrangian midpoint-rule step
IBHierarchyIntegrator::postprocessIntegrateHierarchy(): interpolating Eulerian velocity to the Lagrangian mesh
IBHierarchyIntegrator::postprocessIntegrateHierarchy(): CFL number = 0.06295
IBHierarchyIntegrator::postprocessIntegrateHierarchy(): Eulerian estimate of upper bound on IB point displacement since last regrid = 0.365595
IBHierarchyIntegrator::advanceHierarchy(): synchronizing updated data
IBHierarchyIntegrator::advanceHierarchy(): resetting time dependent data

At end       of timestep # 154
Simulation time is 0.031
+++++++++++++++++++++++++++++++++++++++++++++++++++


+++++++++++++++++++++++++++++++++++++++++++++++++++
At beginning of timestep # 155
Simulation time is 0.031
IBHierarchyIntegrator::advanceHierarchy(): time interval = [0.031,0.0312], dt = 0.0002
IBHierarchyIntegrator::preprocessIntegrateHierarchy(): performing Lagrangian forward Euler step
IBHierarchyIntegrator::advanceHierarchy(): integrating hierarchy
IBHierarchyIntegrator::integrateHierarchy(): computing Lagrangian force
IBHierarchyIntegrator::integrateHierarchy(): spreading Lagrangian force to the Eulerian grid
IBHierarchyIntegrator::integrateHierarchy(): solving the incompressible Navier-Stokes equations
INSStaggeredHierarchyIntegrator::integrateHierarchy(): stokes solve number of iterations = 2
INSStaggeredHierarchyIntegrator::integrateHierarchy(): stokes solve residual norm        = 0.00024814
IBHierarchyIntegrator::integrateHierarchy(): interpolating Eulerian velocity to the Lagrangian mesh
IBHierarchyIntegrator::integrateHierarchy(): performing Lagrangian midpoint-rule step
IBHierarchyIntegrator::postprocessIntegrateHierarchy(): interpolating Eulerian velocity to the Lagrangian mesh
IBHierarchyIntegrator::postprocessIntegrateHierarchy(): CFL number = 0.0637584
IBHierarchyIntegrator::postprocessIntegrateHierarchy(): Eulerian estimate of upper bound on IB point displacement since last regrid = 0.429353
IBHierarchyIntegrator::advanceHierarchy(): synchronizing updated data
IBHierarchyIntegrator::advanceHierarchy(): resetting time dependent data

At end       of timestep # 155
Simulation time is 0.0312
+++++++++++++++++++++++++++++++++++++++++++++++++++


+++++++++++++++++++++++++++++++++++++++++++++++++++
At beginning of timestep # 156
Simulation time is 0.0312
IBHierarchyIntegrator::advanceHierarchy(): time interval = [0.0312,0.0314], dt = 0.0002
IBHierarchyIntegrator::preprocessIntegrateHierarchy(): performing Lagrangian forward Euler step
IBHierarchyIntegrator::advanceHierarchy(): integrating hierarchy
IBHierarchyIntegrator::integrateHierarchy(): computing Lagrangian force
IBHierarchyIntegrator::integrateHierarchy(): spreading Lagrangian force to the Eulerian grid
IBHierarchyIntegrator::integrateHierarchy(): solving the incompressible Navier-Stokes equations
INSStaggeredHierarchyIntegrator::integrateHierarchy(): stokes solve number of iterations = 2
INSStaggeredHierarchyIntegrator::integrateHierarchy(): stokes solve residual norm        = 0.000295284
IBHierarchyIntegrator::integrateHierarchy(): interpolating Eulerian velocity to the Lagrangian mesh
IBHierarchyIntegrator::integrateHierarchy(): performing Lagrangian midpoint-rule step
IBHierarchyIntegrator::postprocessIntegrateHierarchy(): interpolating Eulerian velocity to the Lagrangian mesh
IBHierarchyIntegrator::postprocessIntegrateHierarchy(): CFL number = 0.0645676
IBHierarchyIntegrator::postprocessIntegrateHierarchy(): Eulerian estimate of upper bound on IB point displacement since last regrid = 0.493921
IBHierarchyIntegrator::advanceHierarchy(): synchronizing updated data
IBHierarchyIntegrator::advanceHierarchy(): resetting time dependent data

At end       of timestep # 156
Simulation time is 0.0314
+++++++++++++++++++++++++++++++++++++++++++++++++++


+++++++++++++++++++++++++++++++++++++++++++++++++++
At beginning of timestep # 157
Simulation time is 0.0314
IBHierarchyIntegrator::advanceHierarchy(): time interval = [0.0314,0.0316], dt = 0.0002
IBHierarchyIntegrator::preprocessIntegrateHierarchy(): performing Lagrangian forward Euler step
IBHierarchyIntegrator::advanceHierarchy(): integrating hierarchy
IBHierarchyIntegrator::integrateHierarchy(): computing Lagrangian force
IBHierarchyIntegrator::integrateHierarchy(): spreading Lagrangian force to the Eulerian grid
IBHierarchyIntegrator::integrateHierarchy(): solving the incompressible Navier-Stokes equations
INSStaggeredHierarchyIntegrator::integrateHierarchy(): stokes solve number of iterations = 2
INSStaggeredHierarchyIntegrator::integrateHierarchy(): stokes solve residual norm        = 0.000592222
IBHierarchyIntegrator::integrateHierarchy(): interpolating Eulerian velocity to the Lagrangian mesh
IBHierarchyIntegrator::integrateHierarchy(): performing Lagrangian midpoint-rule step
IBHierarchyIntegrator::postprocessIntegrateHierarchy(): interpolating Eulerian velocity to the Lagrangian mesh
IBHierarchyIntegrator::postprocessIntegrateHierarchy(): CFL number = 0.0653775
IBHierarchyIntegrator::postprocessIntegrateHierarchy(): Eulerian estimate of upper bound on IB point displacement since last regrid = 0.559298
IBHierarchyIntegrator::advanceHierarchy(): synchronizing updated data
IBHierarchyIntegrator::advanceHierarchy(): resetting time dependent data

At end       of timestep # 157
Simulation time is 0.0316
+++++++++++++++++++++++++++++++++++++++++++++++++++


+++++++++++++++++++++++++++++++++++++++++++++++++++
At beginning of timestep # 158
Simulation time is 0.0316
IBHierarchyIntegrator::advanceHierarchy(): time interval = [0.0316,0.0318], dt = 0.0002
IBHierarchyIntegrator::advanceHierarchy(): regridding prior to timestep 158
IBHierarchyIntegrator::regridHierarchy(): starting Lagrangian data movement
IBHierarchyIntegrator::regridHierarchy(): regridding the patch hierarchy
IBHierarchyIntegrator::regridHierarchy(): finishing Lagrangian data movement
INSStaggeredHierarchyIntegrator::preprocessIntegrateHierarchy(): initializing convective operator
INSStaggeredHierarchyIntegrator::preprocessIntegrateHierarchy(): initializing velocity subdomain solver
INSStaggeredHierarchyIntegrator::preprocessIntegrateHierarchy(): initializing pressure subdomain solver
INSStaggeredHierarchyIntegrator::preprocessIntegrateHierarchy(): initializing incompressible Stokes solver
IBHierarchyIntegrator::preprocessIntegrateHierarchy(): performing Lagrangian forward Euler step
IBHierarchyIntegrator::advanceHierarchy(): integrating hierarchy
IBHierarchyIntegrator::integrateHierarchy(): computing Lagrangian force
IBHierarchyIntegrator::integrateHierarchy(): spreading Lagrangian force to the Eulerian grid
IBHierarchyIntegrator::integrateHierarchy(): solving the incompressible Navier-Stokes equations
INSStaggeredHierarchyIntegrator::integrateHierarchy(): stokes solve number of iterations = 2
INSStaggeredHierarchyIntegrator::integrateHierarchy(): stokes solve residual norm        = 0.000321644
IBHierarchyIntegrator::integrateHierarchy(): interpolating Eulerian velocity to the Lagrangian mesh
IBHierarchyIntegrator::integrateHierarchy(): performing Lagrangian midpoint-rule step
IBHierarchyIntegrator::postprocessIntegrateHierarchy(): interpolating Eulerian velocity to the Lagrangian mesh
IBHierarchyIntegrator::postprocessIntegrateHierarchy(): CFL number = 0.0661882
IBHierarchyIntegrator::postprocessIntegrateHierarchy(): Eulerian estimate of upper bound on IB point displacement since last regrid = 0.0661882
IBHierarchyIntegrator::advanceHierarchy(): synchronizing updated data
IBHierarchyIntegrator::advanceHierarchy(): resetting time dependent data

At end       of timestep # 158
Simulation time is 0.0318
+++++++++++++++++++++++++++++++++++++++++++++++++++


+++++++++++++++++++++++++++++++++++++++++++++++++++
At beginning of timestep # 159
Simulation time is 0.0318
IBHierarchyIntegrator::advanceHierarchy(): time interval = [0.0318,0.032], dt = 0.0002
IBHierarchyIntegrator::preprocessIntegrateHierarchy(): performing Lagrangian forward Euler step
IBHierarchyIntegrator::advanceHierarchy(): integrating hierarchy
IBHierarchyIntegrator::integrateHierarchy(): computing Lagrangian force
IBHierarchyIntegrator::integrateHierarchy(): spreading Lagrangian force to the Eulerian grid
IBHierarchyIntegrator::integrateHierarchy(): solving the incompressible Navier-Stokes equations
INSStaggeredHierarchyIntegrator::integrateHierarchy(): stokes solve number of iterations = 2
INSStaggeredHierarchyIntegrator::integrateHierarchy(): stokes solve residual norm        = 0.000269364
IBHierarchyIntegrator::integrateHierarchy(): interpolating Eulerian velocity to the Lagrangian mesh
IBHierarchyIntegrator::integrateHierarchy(): performing Lagrangian midpoint-rule step
IBHierarchyIntegrator::postprocessIntegrateHierarchy(): interpolating Eulerian velocity to the Lagrangian mesh
IBHierarchyIntegrator::postprocessIntegrateHierarchy(): CFL number = 0.0669995
IBHierarchyIntegrator::postprocessIntegrateHierarchy(): Eulerian estimate of upper bound on IB point displacement since last regrid = 0.133188
IBHierarchyIntegrator::advanceHierarchy(): synchronizing updated data
IBHierarchyIntegrator::advanceHierarchy(): resetting time dependent data

At end       of timestep # 159
Simulation time is 0.032
+++++++++++++++++++++++++++++++++++++++++++++++++++


+++++++++++++++++++++++++++++++++++++++++++++++++++
At beginning of timestep # 160
Simulation time is 0.032
IBHierarchyIntegrator::advanceHierarchy(): time interval = [0.032,0.0322], dt = 0.0002
IBHierarchyIntegrator::preprocessIntegrateHierarchy(): performing Lagrangian forward Euler step
IBHierarchyIntegrator::advanceHierarchy(): integrating hierarchy
IBHierarchyIntegrator::integrateHierarchy(): computing Lagrangian force
IBHierarchyIntegrator::integrateHierarchy(): spreading Lagrangian force to the Eulerian grid
IBHierarchyIntegrator::integrateHierarchy(): solving the incompressible Navier-Stokes equations
INSStaggeredHierarchyIntegrator::integrateHierarchy(): stokes solve number of iterations = 2
INSStaggeredHierarchyIntegrator::integrateHierarchy(): stokes solve residual norm        = 0.000341629
IBHierarchyIntegrator::integrateHierarchy(): interpolating Eulerian velocity to the Lagrangian mesh
IBHierarchyIntegrator::integrateHierarchy(): performing Lagrangian midpoint-rule step
IBHierarchyIntegrator::postprocessIntegrateHierarchy(): interpolating Eulerian velocity to the Lagrangian mesh
IBHierarchyIntegrator::postprocessIntegrateHierarchy(): CFL number = 0.0678111
IBHierarchyIntegrator::postprocessIntegrateHierarchy(): Eulerian estimate of upper bound on IB point displacement since last regrid = 0.200999
IBHierarchyIntegrator::advanceHierarchy(): synchronizing updated data
IBHierarchyIntegrator::advanceHierarchy(): resetting time dependent data

At end       of timestep # 160
Simulation time is 0.0322
+++++++++++++++++++++++++++++++++++++++++++++++++++


+++++++++++++++++++++++++++++++++++++++++++++++++++
At beginning of timestep # 161
Simulation time is 0.0322
IBHierarchyIntegrator::advanceHierarchy(): time interval = [0.0322,0.0324], dt = 0.0002
IBHierarchyIntegrator::preprocessIntegrateHierarchy(): performing Lagrangian forward Euler step
IBHierarchyIntegrator::advanceHierarchy(): integrating hierarchy
IBHierarchyIntegrator::integrateHierarchy(): computing Lagrangian force
IBHierarchyIntegrator::integrateHierarchy(): spreading Lagrangian force to the Eulerian grid
IBHierarchyIntegrator::integrateHierarchy(): solving the incompressible Navier-Stokes equations
INSStaggeredHierarchyIntegrator::integrateHierarchy(): stokes solve number of iterations = 2
INSStaggeredHierarchyIntegrator::integrateHierarchy(): stokes solve residual norm        = 0.000379159
IBHierarchyIntegrator::integrateHierarchy(): interpolating Eulerian velocity to the Lagrangian mesh
IBHierarchyIntegrator::integrateHierarchy(): performing Lagrangian midpoint-rule step
IBHierarchyIntegrator::postprocessIntegrateHierarchy(): interpolating Eulerian velocity to the Lagrangian mesh
IBHierarchyIntegrator::postprocessIntegrateHierarchy(): CFL number = 0.0686244
IBHierarchyIntegrator::postprocessIntegrateHierarchy(): Eulerian estimate of upper bound on IB point displacement since last regrid = 0.269623
IBHierarchyIntegrator::advanceHierarchy(): synchronizing updated data
IBHierarchyIntegrator::advanceHierarchy(): resetting time dependent data

At end       of timestep # 161
Simulation time is 0.0324
+++++++++++++++++++++++++++++++++++++++++++++++++++


+++++++++++++++++++++++++++++++++++++++++++++++++++
At beginning of timestep # 162
Simulation time is 0.0324
IBHierarchyIntegrator::advanceHierarchy(): time interval = [0.0324,0.0326], dt = 0.0002
IBHierarchyIntegrator::preprocessIntegrateHierarchy(): performing Lagrangian forward Euler step
IBHierarchyIntegrator::advanceHierarchy(): integrating hierarchy
IBHierarchyIntegrator::integrateHierarchy(): computing Lagrangian force
IBHierarchyIntegrator::integrateHierarchy(): spreading Lagrangian force to the Eulerian grid
IBHierarchyIntegrator::integrateHierarchy(): solving the incompressible Navier-Stokes equations
INSStaggeredHierarchyIntegrator::integrateHierarchy(): stokes solve number of iterations = 2
INSStaggeredHierarchyIntegrator::integrateHierarchy(): stokes solve residual norm        = 0.000311752
IBHierarchyIntegrator::integrateHierarchy(): interpolating Eulerian velocity to the Lagrangian mesh
IBHierarchyIntegrator::integrateHierarchy(): performing Lagrangian midpoint-rule step
IBHierarchyIntegrator::postprocessIntegrateHierarchy(): interpolating Eulerian velocity to the Lagrangian mesh
IBHierarchyIntegrator::postprocessIntegrateHierarchy(): CFL number = 0.0694394
IBHierarchyIntegrator::postprocessIntegrateHierarchy(): Eulerian estimate of upper bound on IB point displacement since last regrid = 0.339063
IBHierarchyIntegrator::advanceHierarchy(): synchronizing updated data
IBHierarchyIntegrator::advanceHierarchy(): resetting time dependent data

At end       of timestep # 162
Simulation time is 0.0326
+++++++++++++++++++++++++++++++++++++++++++++++++++


+++++++++++++++++++++++++++++++++++++++++++++++++++
At beginning of timestep # 163
Simulation time is 0.0326
IBHierarchyIntegrator::advanceHierarchy(): time interval = [0.0326,0.0328], dt = 0.0002
IBHierarchyIntegrator::preprocessIntegrateHierarchy(): performing Lagrangian forward Euler step
IBHierarchyIntegrator::advanceHierarchy(): integrating hierarchy
IBHierarchyIntegrator::integrateHierarchy(): computing Lagrangian force
IBHierarchyIntegrator::integrateHierarchy(): spreading Lagrangian force to the Eulerian grid
IBHierarchyIntegrator::integrateHierarchy(): solving the incompressible Navier-Stokes equations
INSStaggeredHierarchyIntegrator::integrateHierarchy(): stokes solve number of iterations = 2
INSStaggeredHierarchyIntegrator::integrateHierarchy(): stokes solve residual norm        = 0.000278893
IBHierarchyIntegrator::integrateHierarchy(): interpolating Eulerian velocity to the Lagrangian mesh
IBHierarchyIntegrator::integrateHierarchy(): performing Lagrangian midpoint-rule step
IBHierarchyIntegrator::postprocessIntegrateHierarchy(): interpolating Eulerian velocity to the Lagrangian mesh
IBHierarchyIntegrator::postprocessIntegrateHierarchy(): CFL number = 0.0702567
IBHierarchyIntegrator::postprocessIntegrateHierarchy(): Eulerian estimate of upper bound on IB point displacement since last regrid = 0.409319
IBHierarchyIntegrator::advanceHierarchy(): synchronizing updated data
IBHierarchyIntegrator::advanceHierarchy(): resetting time dependent data

At end       of timestep # 163
Simulation time is 0.0328
+++++++++++++++++++++++++++++++++++++++++++++++++++


+++++++++++++++++++++++++++++++++++++++++++++++++++
At beginning of timestep # 164
Simulation time is 0.0328
IBHierarchyIntegrator::advanceHierarchy(): time interval = [0.0328,0.033], dt = 0.0002
IBHierarchyIntegrator::preprocessIntegrateHierarchy(): performing Lagrangian forward Euler step
IBHierarchyIntegrator::advanceHierarchy(): integrating hierarchy
IBHierarchyIntegrator::integrateHierarchy(): computing Lagrangian force
IBHierarchyIntegrator::integrateHierarchy(): spreading Lagrangian force to the Eulerian grid
IBHierarchyIntegrator::integrateHierarchy(): solving the incompressible Navier-Stokes equations
INSStaggeredHierarchyIntegrator::integrateHierarchy(): stokes solve number of iterations = 2
INSStaggeredHierarchyIntegrator::integrateHierarchy(): stokes solve residual norm        = 0.000350639
IBHierarchyIntegrator::integrateHierarchy(): interpolating Eulerian velocity to the Lagrangian mesh
IBHierarchyIntegrator::integrateHierarchy(): performing Lagrangian midpoint-rule step
IBHierarchyIntegrator::postprocessIntegrateHierarchy(): interpolating Eulerian velocity to the Lagrangian mesh
IBHierarchyIntegrator::postprocessIntegrateHierarchy(): CFL number = 0.0710765
IBHierarchyIntegrator::postprocessIntegrateHierarchy(): Eulerian estimate of upper bound on IB point displacement since last regrid = 0.480396
IBHierarchyIntegrator::advanceHierarchy(): synchronizing updated data
IBHierarchyIntegrator::advanceHierarchy(): resetting time dependent data

At end       of timestep # 164
Simulation time is 0.033
+++++++++++++++++++++++++++++++++++++++++++++++++++


+++++++++++++++++++++++++++++++++++++++++++++++++++
At beginning of timestep # 165
Simulation time is 0.033
IBHierarchyIntegrator::advanceHierarchy(): time interval = [0.033,0.0332], dt = 0.0002
IBHierarchyIntegrator::preprocessIntegrateHierarchy(): performing Lagrangian forward Euler step
IBHierarchyIntegrator::advanceHierarchy(): integrating hierarchy
IBHierarchyIntegrator::integrateHierarchy(): computing Lagrangian force
IBHierarchyIntegrator::integrateHierarchy(): spreading Lagrangian force to the Eulerian grid
IBHierarchyIntegrator::integrateHierarchy(): solving the incompressible Navier-Stokes equations
INSStaggeredHierarchyIntegrator::integrateHierarchy(): stokes solve number of iterations = 2
INSStaggeredHierarchyIntegrator::integrateHierarchy(): stokes solve residual norm        = 0.000368246
IBHierarchyIntegrator::integrateHierarchy(): interpolating Eulerian velocity to the Lagrangian mesh
IBHierarchyIntegrator::integrateHierarchy(): performing Lagrangian midpoint-rule step
IBHierarchyIntegrator::postprocessIntegrateHierarchy(): interpolating Eulerian velocity to the Lagrangian mesh
IBHierarchyIntegrator::postprocessIntegrateHierarchy(): CFL number = 0.0718993
IBHierarchyIntegrator::postprocessIntegrateHierarchy(): Eulerian estimate of upper bound on IB point displacement since last regrid = 0.552295
IBHierarchyIntegrator::advanceHierarchy(): synchronizing updated data
IBHierarchyIntegrator::advanceHierarchy(): resetting time dependent data

At end       of timestep # 165
Simulation time is 0.0332
+++++++++++++++++++++++++++++++++++++++++++++++++++


+++++++++++++++++++++++++++++++++++++++++++++++++++
At beginning of timestep # 166
Simulation time is 0.0332
IBHierarchyIntegrator::advanceHierarchy(): time interval = [0.0332,0.0334], dt = 0.0002
IBHierarchyIntegrator::advanceHierarchy(): regridding prior to timestep 166
IBHierarchyIntegrator::regridHierarchy(): starting Lagrangian data movement
IBHierarchyIntegrator::regridHierarchy(): regridding the patch hierarchy
IBHierarchyIntegrator::regridHierarchy(): finishing Lagrangian data movement
INSStaggeredHierarchyIntegrator::preprocessIntegrateHierarchy(): initializing convective operator
INSStaggeredHierarchyIntegrator::preprocessIntegrateHierarchy(): initializing velocity subdomain solver
INSStaggeredHierarchyIntegrator::preprocessIntegrateHierarchy(): initializing pressure subdomain solver
INSStaggeredHierarchyIntegrator::preprocessIntegrateHierarchy(): initializing incompressible Stokes solver
IBHierarchyIntegrator::preprocessIntegrateHierarchy(): performing Lagrangian forward Euler step
IBHierarchyIntegrator::advanceHierarchy(): integrating hierarchy
IBHierarchyIntegrator::integrateHierarchy(): computing Lagrangian force
IBHierarchyIntegrator::integrateHierarchy(): spreading Lagrangian force to the Eulerian grid
IBHierarchyIntegrator::integrateHierarchy(): solving the incompressible Navier-Stokes equations
INSStaggeredHierarchyIntegrator::integrateHierarchy(): stokes solve number of iterations = 2
INSStaggeredHierarchyIntegrator::integrateHierarchy(): stokes solve residual norm        = 0.000271884
IBHierarchyIntegrator::integrateHierarchy(): interpolating Eulerian velocity to the Lagrangian mesh
IBHierarchyIntegrator::integrateHierarchy(): performing Lagrangian midpoint-rule step
IBHierarchyIntegrator::postprocessIntegrateHierarchy(): interpolating Eulerian velocity to the Lagrangian mesh
IBHierarchyIntegrator::postprocessIntegrateHierarchy(): CFL number = 0.0727252
IBHierarchyIntegrator::postprocessIntegrateHierarchy(): Eulerian estimate of upper bound on IB point displacement since last regrid = 0.0727252
IBHierarchyIntegrator::advanceHierarchy(): synchronizing updated data
IBHierarchyIntegrator::advanceHierarchy(): resetting time dependent data

At end       of timestep # 166
Simulation time is 0.0334
+++++++++++++++++++++++++++++++++++++++++++++++++++


+++++++++++++++++++++++++++++++++++++++++++++++++++
At beginning of timestep # 167
Simulation time is 0.0334
IBHierarchyIntegrator::advanceHierarchy(): time interval = [0.0334,0.0336], dt = 0.0002
IBHierarchyIntegrator::preprocessIntegrateHierarchy(): performing Lagrangian forward Euler step
IBHierarchyIntegrator::advanceHierarchy(): integrating hierarchy
IBHierarchyIntegrator::integrateHierarchy(): computing Lagrangian force
IBHierarchyIntegrator::integrateHierarchy(): spreading Lagrangian force to the Eulerian grid
IBHierarchyIntegrator::integrateHierarchy(): solving the incompressible Navier-Stokes equations
INSStaggeredHierarchyIntegrator::integrateHierarchy(): stokes solve number of iterations = 2
INSStaggeredHierarchyIntegrator::integrateHierarchy(): stokes solve residual norm        = 0.000378393
IBHierarchyIntegrator::integrateHierarchy(): interpolating Eulerian velocity to the Lagrangian mesh
IBHierarchyIntegrator::integrateHierarchy(): performing Lagrangian midpoint-rule step
IBHierarchyIntegrator::postprocessIntegrateHierarchy(): interpolating Eulerian velocity to the Lagrangian mesh
IBHierarchyIntegrator::postprocessIntegrateHierarchy(): CFL number = 0.0735543
IBHierarchyIntegrator::postprocessIntegrateHierarchy(): Eulerian estimate of upper bound on IB point displacement since last regrid = 0.14628
IBHierarchyIntegrator::advanceHierarchy(): synchronizing updated data
IBHierarchyIntegrator::advanceHierarchy(): resetting time dependent data

At end       of timestep # 167
Simulation time is 0.0336
+++++++++++++++++++++++++++++++++++++++++++++++++++


+++++++++++++++++++++++++++++++++++++++++++++++++++
At beginning of timestep # 168
Simulation time is 0.0336
IBHierarchyIntegrator::advanceHierarchy(): time interval = [0.0336,0.0338], dt = 0.0002
IBHierarchyIntegrator::preprocessIntegrateHierarchy(): performing Lagrangian forward Euler step
IBHierarchyIntegrator::advanceHierarchy(): integrating hierarchy
IBHierarchyIntegrator::integrateHierarchy(): computing Lagrangian force
IBHierarchyIntegrator::integrateHierarchy(): spreading Lagrangian force to the Eulerian grid
IBHierarchyIntegrator::integrateHierarchy(): solving the incompressible Navier-Stokes equations
INSStaggeredHierarchyIntegrator::integrateHierarchy(): stokes solve number of iterations = 2
INSStaggeredHierarchyIntegrator::integrateHierarchy(): stokes solve residual norm        = 0.000348194
IBHierarchyIntegrator::integrateHierarchy(): interpolating Eulerian velocity to the Lagrangian mesh
IBHierarchyIntegrator::integrateHierarchy(): performing Lagrangian midpoint-rule step
IBHierarchyIntegrator::postprocessIntegrateHierarchy(): interpolating Eulerian velocity to the Lagrangian mesh
IBHierarchyIntegrator::postprocessIntegrateHierarchy(): CFL number = 0.0743864
IBHierarchyIntegrator::postprocessIntegrateHierarchy(): Eulerian estimate of upper bound on IB point displacement since last regrid = 0.220666
IBHierarchyIntegrator::advanceHierarchy(): synchronizing updated data
IBHierarchyIntegrator::advanceHierarchy(): resetting time dependent data

At end       of timestep # 168
Simulation time is 0.0338
+++++++++++++++++++++++++++++++++++++++++++++++++++


+++++++++++++++++++++++++++++++++++++++++++++++++++
At beginning of timestep # 169
Simulation time is 0.0338
IBHierarchyIntegrator::advanceHierarchy(): time interval = [0.0338,0.034], dt = 0.0002
IBHierarchyIntegrator::preprocessIntegrateHierarchy(): performing Lagrangian forward Euler step
IBHierarchyIntegrator::advanceHierarchy(): integrating hierarchy
IBHierarchyIntegrator::integrateHierarchy(): computing Lagrangian force
IBHierarchyIntegrator::integrateHierarchy(): spreading Lagrangian force to the Eulerian grid
IBHierarchyIntegrator::integrateHierarchy(): solving the incompressible Navier-Stokes equations
INSStaggeredHierarchyIntegrator::integrateHierarchy(): stokes solve number of iterations = 2
INSStaggeredHierarchyIntegrator::integrateHierarchy(): stokes solve residual norm        = 0.000342544
IBHierarchyIntegrator::integrateHierarchy(): interpolating Eulerian velocity to the Lagrangian mesh
IBHierarchyIntegrator::integrateHierarchy(): performing Lagrangian midpoint-rule step
IBHierarchyIntegrator::postprocessIntegrateHierarchy(): interpolating Eulerian velocity to the Lagrangian mesh
IBHierarchyIntegrator::postprocessIntegrateHierarchy(): CFL number = 0.0752219
IBHierarchyIntegrator::postprocessIntegrateHierarchy(): Eulerian estimate of upper bound on IB point displacement since last regrid = 0.295888
IBHierarchyIntegrator::advanceHierarchy(): synchronizing updated data
IBHierarchyIntegrator::advanceHierarchy(): resetting time dependent data

At end       of timestep # 169
Simulation time is 0.034
+++++++++++++++++++++++++++++++++++++++++++++++++++


+++++++++++++++++++++++++++++++++++++++++++++++++++
At beginning of timestep # 170
Simulation time is 0.034
IBHierarchyIntegrator::advanceHierarchy(): time interval = [0.034,0.0342], dt = 0.0002
IBHierarchyIntegrator::preprocessIntegrateHierarchy(): performing Lagrangian forward Euler step
IBHierarchyIntegrator::advanceHierarchy(): integrating hierarchy
IBHierarchyIntegrator::integrateHierarchy(): computing Lagrangian force
IBHierarchyIntegrator::integrateHierarchy(): spreading Lagrangian force to the Eulerian grid
IBHierarchyIntegrator::integrateHierarchy(): solving the incompressible Navier-Stokes equations
INSStaggeredHierarchyIntegrator::integrateHierarchy(): stokes solve number of iterations = 2
INSStaggeredHierarchyIntegrator::integrateHierarchy(): stokes solve residual norm        = 0.000268362
IBHierarchyIntegrator::integrateHierarchy(): interpolating Eulerian velocity to the Lagrangian mesh
IBHierarchyIntegrator::integrateHierarchy(): performing Lagrangian midpoint-rule step
IBHierarchyIntegrator::postprocessIntegrateHierarchy(): interpolating Eulerian velocity to the Lagrangian mesh
IBHierarchyIntegrator::postprocessIntegrateHierarchy(): CFL number = 0.0760608
IBHierarchyIntegrator::postprocessIntegrateHierarchy(): Eulerian estimate of upper bound on IB point displacement since last regrid = 0.371949
IBHierarchyIntegrator::advanceHierarchy(): synchronizing updated data
IBHierarchyIntegrator::advanceHierarchy(): resetting time dependent data

At end       of timestep # 170
Simulation time is 0.0342
+++++++++++++++++++++++++++++++++++++++++++++++++++


+++++++++++++++++++++++++++++++++++++++++++++++++++
At beginning of timestep # 171
Simulation time is 0.0342
IBHierarchyIntegrator::advanceHierarchy(): time interval = [0.0342,0.0344], dt = 0.0002
IBHierarchyIntegrator::preprocessIntegrateHierarchy(): performing Lagrangian forward Euler step
IBHierarchyIntegrator::advanceHierarchy(): integrating hierarchy
IBHierarchyIntegrator::integrateHierarchy(): computing Lagrangian force
IBHierarchyIntegrator::integrateHierarchy(): spreading Lagrangian force to the Eulerian grid
IBHierarchyIntegrator::integrateHierarchy(): solving the incompressible Navier-Stokes equations
INSStaggeredHierarchyIntegrator::integrateHierarchy(): stokes solve number of iterations = 2
INSStaggeredHierarchyIntegrator::integrateHierarchy(): stokes solve residual norm        = 0.000299246
IBHierarchyIntegrator::integrateHierarchy(): interpolating Eulerian velocity to the Lagrangian mesh
IBHierarchyIntegrator::integrateHierarchy(): performing Lagrangian midpoint-rule step
IBHierarchyIntegrator::postprocessIntegrateHierarchy(): interpolating Eulerian velocity to the Lagrangian mesh
IBHierarchyIntegrator::postprocessIntegrateHierarchy(): CFL number = 0.0769029
IBHierarchyIntegrator::postprocessIntegrateHierarchy(): Eulerian estimate of upper bound on IB point displacement since last regrid = 0.448852
IBHierarchyIntegrator::advanceHierarchy(): synchronizing updated data
IBHierarchyIntegrator::advanceHierarchy(): resetting time dependent data

At end       of timestep # 171
Simulation time is 0.0344
+++++++++++++++++++++++++++++++++++++++++++++++++++


+++++++++++++++++++++++++++++++++++++++++++++++++++
At beginning of timestep # 172
Simulation time is 0.0344
IBHierarchyIntegrator::advanceHierarchy(): time interval = [0.0344,0.0346], dt = 0.0002
IBHierarchyIntegrator::preprocessIntegrateHierarchy(): performing Lagrangian forward Euler step
IBHierarchyIntegrator::advanceHierarchy(): integrating hierarchy
IBHierarchyIntegrator::integrateHierarchy(): computing Lagrangian force
IBHierarchyIntegrator::integrateHierarchy(): spreading Lagrangian force to the Eulerian grid
IBHierarchyIntegrator::integrateHierarchy(): solving the incompressible Navier-Stokes equations
INSStaggeredHierarchyIntegrator::integrateHierarchy(): stokes solve number of iterations = 2
INSStaggeredHierarchyIntegrator::integrateHierarchy(): stokes solve residual norm        = 0.000347254
IBHierarchyIntegrator::integrateHierarchy(): interpolating Eulerian velocity to the Lagrangian mesh
IBHierarchyIntegrator::integrateHierarchy(): performing Lagrangian midpoint-rule step
IBHierarchyIntegrator::postprocessIntegrateHierarchy(): interpolating Eulerian velocity to the Lagrangian mesh
IBHierarchyIntegrator::postprocessIntegrateHierarchy(): CFL number = 0.0777485
IBHierarchyIntegrator::postprocessIntegrateHierarchy(): Eulerian estimate of upper bound on IB point displacement since last regrid = 0.5266
IBHierarchyIntegrator::advanceHierarchy(): synchronizing updated data
IBHierarchyIntegrator::advanceHierarchy(): resetting time dependent data

At end       of timestep # 172
Simulation time is 0.0346
+++++++++++++++++++++++++++++++++++++++++++++++++++


+++++++++++++++++++++++++++++++++++++++++++++++++++
At beginning of timestep # 173
Simulation time is 0.0346
IBHierarchyIntegrator::advanceHierarchy(): time interval = [0.0346,0.0348], dt = 0.0002
IBHierarchyIntegrator::advanceHierarchy(): regridding prior to timestep 173
IBHierarchyIntegrator::regridHierarchy(): starting Lagrangian data movement
IBHierarchyIntegrator::regridHierarchy(): regridding the patch hierarchy
IBHierarchyIntegrator::regridHierarchy(): finishing Lagrangian data movement
INSStaggeredHierarchyIntegrator::preprocessIntegrateHierarchy(): initializing convective operator
INSStaggeredHierarchyIntegrator::preprocessIntegrateHierarchy(): initializing velocity subdomain solver
INSStaggeredHierarchyIntegrator::preprocessIntegrateHierarchy(): initializing pressure subdomain solver
INSStaggeredHierarchyIntegrator::preprocessIntegrateHierarchy(): initializing incompressible Stokes solver
IBHierarchyIntegrator::preprocessIntegrateHierarchy(): performing Lagrangian forward Euler step
IBHierarchyIntegrator::advanceHierarchy(): integrating hierarchy
IBHierarchyIntegrator::integrateHierarchy(): computing Lagrangian force
IBHierarchyIntegrator::integrateHierarchy(): spreading Lagrangian force to the Eulerian grid
IBHierarchyIntegrator::integrateHierarchy(): solving the incompressible Navier-Stokes equations
INSStaggeredHierarchyIntegrator::integrateHierarchy(): stokes solve number of iterations = 2
INSStaggeredHierarchyIntegrator::integrateHierarchy(): stokes solve residual norm        = 0.000270044
IBHierarchyIntegrator::integrateHierarchy(): interpolating Eulerian velocity to the Lagrangian mesh
IBHierarchyIntegrator::integrateHierarchy(): performing Lagrangian midpoint-rule step
IBHierarchyIntegrator::postprocessIntegrateHierarchy(): interpolating Eulerian velocity to the Lagrangian mesh
IBHierarchyIntegrator::postprocessIntegrateHierarchy(): CFL number = 0.0785978
IBHierarchyIntegrator::postprocessIntegrateHierarchy(): Eulerian estimate of upper bound on IB point displacement since last regrid = 0.0785978
IBHierarchyIntegrator::advanceHierarchy(): synchronizing updated data
IBHierarchyIntegrator::advanceHierarchy(): resetting time dependent data

At end       of timestep # 173
Simulation time is 0.0348
+++++++++++++++++++++++++++++++++++++++++++++++++++


+++++++++++++++++++++++++++++++++++++++++++++++++++
At beginning of timestep # 174
Simulation time is 0.0348
IBHierarchyIntegrator::advanceHierarchy(): time interval = [0.0348,0.035], dt = 0.0002
IBHierarchyIntegrator::preprocessIntegrateHierarchy(): performing Lagrangian forward Euler step
IBHierarchyIntegrator::advanceHierarchy(): integrating hierarchy
IBHierarchyIntegrator::integrateHierarchy(): computing Lagrangian force
IBHierarchyIntegrator::integrateHierarchy(): spreading Lagrangian force to the Eulerian grid
IBHierarchyIntegrator::integrateHierarchy(): solving the incompressible Navier-Stokes equations
INSStaggeredHierarchyIntegrator::integrateHierarchy(): stokes solve number of iterations = 2
INSStaggeredHierarchyIntegrator::integrateHierarchy(): stokes solve residual norm        = 0.000326753
IBHierarchyIntegrator::integrateHierarchy(): interpolating Eulerian velocity to the Lagrangian mesh
IBHierarchyIntegrator::integrateHierarchy(): performing Lagrangian midpoint-rule step
IBHierarchyIntegrator::postprocessIntegrateHierarchy(): interpolating Eulerian velocity to the Lagrangian mesh
IBHierarchyIntegrator::postprocessIntegrateHierarchy(): CFL number = 0.0794506
IBHierarchyIntegrator::postprocessIntegrateHierarchy(): Eulerian estimate of upper bound on IB point displacement since last regrid = 0.158048
IBHierarchyIntegrator::advanceHierarchy(): synchronizing updated data
IBHierarchyIntegrator::advanceHierarchy(): resetting time dependent data

At end       of timestep # 174
Simulation time is 0.035
+++++++++++++++++++++++++++++++++++++++++++++++++++


+++++++++++++++++++++++++++++++++++++++++++++++++++
At beginning of timestep # 175
Simulation time is 0.035
IBHierarchyIntegrator::advanceHierarchy(): time interval = [0.035,0.0352], dt = 0.0002
IBHierarchyIntegrator::preprocessIntegrateHierarchy(): performing Lagrangian forward Euler step
IBHierarchyIntegrator::advanceHierarchy(): integrating hierarchy
IBHierarchyIntegrator::integrateHierarchy(): computing Lagrangian force
IBHierarchyIntegrator::integrateHierarchy(): spreading Lagrangian force to the Eulerian grid
IBHierarchyIntegrator::integrateHierarchy(): solving the incompressible Navier-Stokes equations
INSStaggeredHierarchyIntegrator::integrateHierarchy(): stokes solve number of iterations = 2
INSStaggeredHierarchyIntegrator::integrateHierarchy(): stokes solve residual norm        = 0.000230956
IBHierarchyIntegrator::integrateHierarchy(): interpolating Eulerian velocity to the Lagrangian mesh
IBHierarchyIntegrator::integrateHierarchy(): performing Lagrangian midpoint-rule step
IBHierarchyIntegrator::postprocessIntegrateHierarchy(): interpolating Eulerian velocity to the Lagrangian mesh
IBHierarchyIntegrator::postprocessIntegrateHierarchy(): CFL number = 0.080307
IBHierarchyIntegrator::postprocessIntegrateHierarchy(): Eulerian estimate of upper bound on IB point displacement since last regrid = 0.238355
IBHierarchyIntegrator::advanceHierarchy(): synchronizing updated data
IBHierarchyIntegrator::advanceHierarchy(): resetting time dependent data

At end       of timestep # 175
Simulation time is 0.0352
+++++++++++++++++++++++++++++++++++++++++++++++++++


+++++++++++++++++++++++++++++++++++++++++++++++++++
At beginning of timestep # 176
Simulation time is 0.0352
IBHierarchyIntegrator::advanceHierarchy(): time interval = [0.0352,0.0354], dt = 0.0002
IBHierarchyIntegrator::preprocessIntegrateHierarchy(): performing Lagrangian forward Euler step
IBHierarchyIntegrator::advanceHierarchy(): integrating hierarchy
IBHierarchyIntegrator::integrateHierarchy(): computing Lagrangian force
IBHierarchyIntegrator::integrateHierarchy(): spreading Lagrangian force to the Eulerian grid
IBHierarchyIntegrator::integrateHierarchy(): solving the incompressible Navier-Stokes equations
INSStaggeredHierarchyIntegrator::integrateHierarchy(): stokes solve number of iterations = 2
INSStaggeredHierarchyIntegrator::integrateHierarchy(): stokes solve residual norm        = 0.000294502
IBHierarchyIntegrator::integrateHierarchy(): interpolating Eulerian velocity to the Lagrangian mesh
IBHierarchyIntegrator::integrateHierarchy(): performing Lagrangian midpoint-rule step
IBHierarchyIntegrator::postprocessIntegrateHierarchy(): interpolating Eulerian velocity to the Lagrangian mesh
IBHierarchyIntegrator::postprocessIntegrateHierarchy(): CFL number = 0.081167
IBHierarchyIntegrator::postprocessIntegrateHierarchy(): Eulerian estimate of upper bound on IB point displacement since last regrid = 0.319522
IBHierarchyIntegrator::advanceHierarchy(): synchronizing updated data
IBHierarchyIntegrator::advanceHierarchy(): resetting time dependent data

At end       of timestep # 176
Simulation time is 0.0354
+++++++++++++++++++++++++++++++++++++++++++++++++++


+++++++++++++++++++++++++++++++++++++++++++++++++++
At beginning of timestep # 177
Simulation time is 0.0354
IBHierarchyIntegrator::advanceHierarchy(): time interval = [0.0354,0.0356], dt = 0.0002
IBHierarchyIntegrator::preprocessIntegrateHierarchy(): performing Lagrangian forward Euler step
IBHierarchyIntegrator::advanceHierarchy(): integrating hierarchy
IBHierarchyIntegrator::integrateHierarchy(): computing Lagrangian force
IBHierarchyIntegrator::integrateHierarchy(): spreading Lagrangian force to the Eulerian grid
IBHierarchyIntegrator::integrateHierarchy(): solving the incompressible Navier-Stokes equations
INSStaggeredHierarchyIntegrator::integrateHierarchy(): stokes solve number of iterations = 2
INSStaggeredHierarchyIntegrator::integrateHierarchy(): stokes solve residual norm        = 0.000255015
IBHierarchyIntegrator::integrateHierarchy(): interpolating Eulerian velocity to the Lagrangian mesh
IBHierarchyIntegrator::integrateHierarchy(): performing Lagrangian midpoint-rule step
IBHierarchyIntegrator::postprocessIntegrateHierarchy(): interpolating Eulerian velocity to the Lagrangian mesh
IBHierarchyIntegrator::postprocessIntegrateHierarchy(): CFL number = 0.0820305
IBHierarchyIntegrator::postprocessIntegrateHierarchy(): Eulerian estimate of upper bound on IB point displacement since last regrid = 0.401553
IBHierarchyIntegrator::advanceHierarchy(): synchronizing updated data
IBHierarchyIntegrator::advanceHierarchy(): resetting time dependent data

At end       of timestep # 177
Simulation time is 0.0356
+++++++++++++++++++++++++++++++++++++++++++++++++++


+++++++++++++++++++++++++++++++++++++++++++++++++++
At beginning of timestep # 178
Simulation time is 0.0356
IBHierarchyIntegrator::advanceHierarchy(): time interval = [0.0356,0.0358], dt = 0.0002
IBHierarchyIntegrator::preprocessIntegrateHierarchy(): performing Lagrangian forward Euler step
IBHierarchyIntegrator::advanceHierarchy(): integrating hierarchy
IBHierarchyIntegrator::integrateHierarchy(): computing Lagrangian force
IBHierarchyIntegrator::integrateHierarchy(): spreading Lagrangian force to the Eulerian grid
IBHierarchyIntegrator::integrateHierarchy(): solving the incompressible Navier-Stokes equations
INSStaggeredHierarchyIntegrator::integrateHierarchy(): stokes solve number of iterations = 2
INSStaggeredHierarchyIntegrator::integrateHierarchy(): stokes solve residual norm        = 0.000194577
IBHierarchyIntegrator::integrateHierarchy(): interpolating Eulerian velocity to the Lagrangian mesh
IBHierarchyIntegrator::integrateHierarchy(): performing Lagrangian midpoint-rule step
IBHierarchyIntegrator::postprocessIntegrateHierarchy(): interpolating Eulerian velocity to the Lagrangian mesh
IBHierarchyIntegrator::postprocessIntegrateHierarchy(): CFL number = 0.0828975
IBHierarchyIntegrator::postprocessIntegrateHierarchy(): Eulerian estimate of upper bound on IB point displacement since last regrid = 0.484451
IBHierarchyIntegrator::advanceHierarchy(): synchronizing updated data
IBHierarchyIntegrator::advanceHierarchy(): resetting time dependent data

At end       of timestep # 178
Simulation time is 0.0358
+++++++++++++++++++++++++++++++++++++++++++++++++++


+++++++++++++++++++++++++++++++++++++++++++++++++++
At beginning of timestep # 179
Simulation time is 0.0358
IBHierarchyIntegrator::advanceHierarchy(): time interval = [0.0358,0.036], dt = 0.0002
IBHierarchyIntegrator::preprocessIntegrateHierarchy(): performing Lagrangian forward Euler step
IBHierarchyIntegrator::advanceHierarchy(): integrating hierarchy
IBHierarchyIntegrator::integrateHierarchy(): computing Lagrangian force
IBHierarchyIntegrator::integrateHierarchy(): spreading Lagrangian force to the Eulerian grid
IBHierarchyIntegrator::integrateHierarchy(): solving the incompressible Navier-Stokes equations
INSStaggeredHierarchyIntegrator::integrateHierarchy(): stokes solve number of iterations = 2
INSStaggeredHierarchyIntegrator::integrateHierarchy(): stokes solve residual norm        = 0.000247962
IBHierarchyIntegrator::integrateHierarchy(): interpolating Eulerian velocity to the Lagrangian mesh
IBHierarchyIntegrator::integrateHierarchy(): performing Lagrangian midpoint-rule step
IBHierarchyIntegrator::postprocessIntegrateHierarchy(): interpolating Eulerian velocity to the Lagrangian mesh
IBHierarchyIntegrator::postprocessIntegrateHierarchy(): CFL number = 0.083768
IBHierarchyIntegrator::postprocessIntegrateHierarchy(): Eulerian estimate of upper bound on IB point displacement since last regrid = 0.568219
IBHierarchyIntegrator::advanceHierarchy(): synchronizing updated data
IBHierarchyIntegrator::advanceHierarchy(): resetting time dependent data

At end       of timestep # 179
Simulation time is 0.036
+++++++++++++++++++++++++++++++++++++++++++++++++++


+++++++++++++++++++++++++++++++++++++++++++++++++++
At beginning of timestep # 180
Simulation time is 0.036
IBHierarchyIntegrator::advanceHierarchy(): time interval = [0.036,0.0362], dt = 0.0002
IBHierarchyIntegrator::advanceHierarchy(): regridding prior to timestep 180
IBHierarchyIntegrator::regridHierarchy(): starting Lagrangian data movement
IBHierarchyIntegrator::regridHierarchy(): regridding the patch hierarchy
IBHierarchyIntegrator::regridHierarchy(): finishing Lagrangian data movement
INSStaggeredHierarchyIntegrator::preprocessIntegrateHierarchy(): initializing convective operator
INSStaggeredHierarchyIntegrator::preprocessIntegrateHierarchy(): initializing velocity subdomain solver
INSStaggeredHierarchyIntegrator::preprocessIntegrateHierarchy(): initializing pressure subdomain solver
INSStaggeredHierarchyIntegrator::preprocessIntegrateHierarchy(): initializing incompressible Stokes solver
IBHierarchyIntegrator::preprocessIntegrateHierarchy(): performing Lagrangian forward Euler step
IBHierarchyIntegrator::advanceHierarchy(): integrating hierarchy
IBHierarchyIntegrator::integrateHierarchy(): computing Lagrangian force
IBHierarchyIntegrator::integrateHierarchy(): spreading Lagrangian force to the Eulerian grid
IBHierarchyIntegrator::integrateHierarchy(): solving the incompressible Navier-Stokes equations
INSStaggeredHierarchyIntegrator::integrateHierarchy(): stokes solve number of iterations = 2
INSStaggeredHierarchyIntegrator::integrateHierarchy(): stokes solve residual norm        = 0.000348476
IBHierarchyIntegrator::integrateHierarchy(): interpolating Eulerian velocity to the Lagrangian mesh
IBHierarchyIntegrator::integrateHierarchy(): performing Lagrangian midpoint-rule step
IBHierarchyIntegrator::postprocessIntegrateHierarchy(): interpolating Eulerian velocity to the Lagrangian mesh
IBHierarchyIntegrator::postprocessIntegrateHierarchy(): CFL number = 0.0846419
IBHierarchyIntegrator::postprocessIntegrateHierarchy(): Eulerian estimate of upper bound on IB point displacement since last regrid = 0.0846419
IBHierarchyIntegrator::advanceHierarchy(): synchronizing updated data
IBHierarchyIntegrator::advanceHierarchy(): resetting time dependent data

At end       of timestep # 180
Simulation time is 0.0362
+++++++++++++++++++++++++++++++++++++++++++++++++++


+++++++++++++++++++++++++++++++++++++++++++++++++++
At beginning of timestep # 181
Simulation time is 0.0362
IBHierarchyIntegrator::advanceHierarchy(): time interval = [0.0362,0.0364], dt = 0.0002
IBHierarchyIntegrator::preprocessIntegrateHierarchy(): performing Lagrangian forward Euler step
IBHierarchyIntegrator::advanceHierarchy(): integrating hierarchy
IBHierarchyIntegrator::integrateHierarchy(): computing Lagrangian force
IBHierarchyIntegrator::integrateHierarchy(): spreading Lagrangian force to the Eulerian grid
IBHierarchyIntegrator::integrateHierarchy(): solving the incompressible Navier-Stokes equations
INSStaggeredHierarchyIntegrator::integrateHierarchy(): stokes solve number of iterations = 2
INSStaggeredHierarchyIntegrator::integrateHierarchy(): stokes solve residual norm        = 0.000311897
IBHierarchyIntegrator::integrateHierarchy(): interpolating Eulerian velocity to the Lagrangian mesh
IBHierarchyIntegrator::integrateHierarchy(): performing Lagrangian midpoint-rule step
IBHierarchyIntegrator::postprocessIntegrateHierarchy(): interpolating Eulerian velocity to the Lagrangian mesh
IBHierarchyIntegrator::postprocessIntegrateHierarchy(): CFL number = 0.085519
IBHierarchyIntegrator::postprocessIntegrateHierarchy(): Eulerian estimate of upper bound on IB point displacement since last regrid = 0.170161
IBHierarchyIntegrator::advanceHierarchy(): synchronizing updated data
IBHierarchyIntegrator::advanceHierarchy(): resetting time dependent data

At end       of timestep # 181
Simulation time is 0.0364
+++++++++++++++++++++++++++++++++++++++++++++++++++


+++++++++++++++++++++++++++++++++++++++++++++++++++
At beginning of timestep # 182
Simulation time is 0.0364
IBHierarchyIntegrator::advanceHierarchy(): time interval = [0.0364,0.0366], dt = 0.0002
IBHierarchyIntegrator::preprocessIntegrateHierarchy(): performing Lagrangian forward Euler step
IBHierarchyIntegrator::advanceHierarchy(): integrating hierarchy
IBHierarchyIntegrator::integrateHierarchy(): computing Lagrangian force
IBHierarchyIntegrator::integrateHierarchy(): spreading Lagrangian force to the Eulerian grid
IBHierarchyIntegrator::integrateHierarchy(): solving the incompressible Navier-Stokes equations
INSStaggeredHierarchyIntegrator::integrateHierarchy(): stokes solve number of iterations = 2
INSStaggeredHierarchyIntegrator::integrateHierarchy(): stokes solve residual norm        = 0.000977922
IBHierarchyIntegrator::integrateHierarchy(): interpolating Eulerian velocity to the Lagrangian mesh
IBHierarchyIntegrator::integrateHierarchy(): performing Lagrangian midpoint-rule step
IBHierarchyIntegrator::postprocessIntegrateHierarchy(): interpolating Eulerian velocity to the Lagrangian mesh
IBHierarchyIntegrator::postprocessIntegrateHierarchy(): CFL number = 0.0863994
IBHierarchyIntegrator::postprocessIntegrateHierarchy(): Eulerian estimate of upper bound on IB point displacement since last regrid = 0.25656
IBHierarchyIntegrator::advanceHierarchy(): synchronizing updated data
IBHierarchyIntegrator::advanceHierarchy(): resetting time dependent data

At end       of timestep # 182
Simulation time is 0.0366
+++++++++++++++++++++++++++++++++++++++++++++++++++


+++++++++++++++++++++++++++++++++++++++++++++++++++
At beginning of timestep # 183
Simulation time is 0.0366
IBHierarchyIntegrator::advanceHierarchy(): time interval = [0.0366,0.0368], dt = 0.0002
IBHierarchyIntegrator::preprocessIntegrateHierarchy(): performing Lagrangian forward Euler step
IBHierarchyIntegrator::advanceHierarchy(): integrating hierarchy
IBHierarchyIntegrator::integrateHierarchy(): computing Lagrangian force
IBHierarchyIntegrator::integrateHierarchy(): spreading Lagrangian force to the Eulerian grid
IBHierarchyIntegrator::integrateHierarchy(): solving the incompressible Navier-Stokes equations
INSStaggeredHierarchyIntegrator::integrateHierarchy(): stokes solve number of iterations = 2
INSStaggeredHierarchyIntegrator::integrateHierarchy(): stokes solve residual norm        = 0.000333874
IBHierarchyIntegrator::integrateHierarchy(): interpolating Eulerian velocity to the Lagrangian mesh
IBHierarchyIntegrator::integrateHierarchy(): performing Lagrangian midpoint-rule step
IBHierarchyIntegrator::postprocessIntegrateHierarchy(): interpolating Eulerian velocity to the Lagrangian mesh
IBHierarchyIntegrator::postprocessIntegrateHierarchy(): CFL number = 0.0872833
IBHierarchyIntegrator::postprocessIntegrateHierarchy(): Eulerian estimate of upper bound on IB point displacement since last regrid = 0.343844
IBHierarchyIntegrator::advanceHierarchy(): synchronizing updated data
IBHierarchyIntegrator::advanceHierarchy(): resetting time dependent data

At end       of timestep # 183
Simulation time is 0.0368
+++++++++++++++++++++++++++++++++++++++++++++++++++


+++++++++++++++++++++++++++++++++++++++++++++++++++
At beginning of timestep # 184
Simulation time is 0.0368
IBHierarchyIntegrator::advanceHierarchy(): time interval = [0.0368,0.037], dt = 0.0002
IBHierarchyIntegrator::preprocessIntegrateHierarchy(): performing Lagrangian forward Euler step
IBHierarchyIntegrator::advanceHierarchy(): integrating hierarchy
IBHierarchyIntegrator::integrateHierarchy(): computing Lagrangian force
IBHierarchyIntegrator::integrateHierarchy(): spreading Lagrangian force to the Eulerian grid
IBHierarchyIntegrator::integrateHierarchy(): solving the incompressible Navier-Stokes equations
INSStaggeredHierarchyIntegrator::integrateHierarchy(): stokes solve number of iterations = 2
INSStaggeredHierarchyIntegrator::integrateHierarchy(): stokes solve residual norm        = 0.000355473
IBHierarchyIntegrator::integrateHierarchy(): interpolating Eulerian velocity to the Lagrangian mesh
IBHierarchyIntegrator::integrateHierarchy(): performing Lagrangian midpoint-rule step
IBHierarchyIntegrator::postprocessIntegrateHierarchy(): interpolating Eulerian velocity to the Lagrangian mesh
IBHierarchyIntegrator::postprocessIntegrateHierarchy(): CFL number = 0.0881702
IBHierarchyIntegrator::postprocessIntegrateHierarchy(): Eulerian estimate of upper bound on IB point displacement since last regrid = 0.432014
IBHierarchyIntegrator::advanceHierarchy(): synchronizing updated data
IBHierarchyIntegrator::advanceHierarchy(): resetting time dependent data

At end       of timestep # 184
Simulation time is 0.037
+++++++++++++++++++++++++++++++++++++++++++++++++++


+++++++++++++++++++++++++++++++++++++++++++++++++++
At beginning of timestep # 185
Simulation time is 0.037
IBHierarchyIntegrator::advanceHierarchy(): time interval = [0.037,0.0372], dt = 0.0002
IBHierarchyIntegrator::preprocessIntegrateHierarchy(): performing Lagrangian forward Euler step
IBHierarchyIntegrator::advanceHierarchy(): integrating hierarchy
IBHierarchyIntegrator::integrateHierarchy(): computing Lagrangian force
IBHierarchyIntegrator::integrateHierarchy(): spreading Lagrangian force to the Eulerian grid
IBHierarchyIntegrator::integrateHierarchy(): solving the incompressible Navier-Stokes equations
INSStaggeredHierarchyIntegrator::integrateHierarchy(): stokes solve number of iterations = 2
INSStaggeredHierarchyIntegrator::integrateHierarchy(): stokes solve residual norm        = 0.000308357
IBHierarchyIntegrator::integrateHierarchy(): interpolating Eulerian velocity to the Lagrangian mesh
IBHierarchyIntegrator::integrateHierarchy(): performing Lagrangian midpoint-rule step
IBHierarchyIntegrator::postprocessIntegrateHierarchy(): interpolating Eulerian velocity to the Lagrangian mesh
IBHierarchyIntegrator::postprocessIntegrateHierarchy(): CFL number = 0.0890596
IBHierarchyIntegrator::postprocessIntegrateHierarchy(): Eulerian estimate of upper bound on IB point displacement since last regrid = 0.521073
IBHierarchyIntegrator::advanceHierarchy(): synchronizing updated data
IBHierarchyIntegrator::advanceHierarchy(): resetting time dependent data

At end       of timestep # 185
Simulation time is 0.0372
+++++++++++++++++++++++++++++++++++++++++++++++++++


+++++++++++++++++++++++++++++++++++++++++++++++++++
At beginning of timestep # 186
Simulation time is 0.0372
IBHierarchyIntegrator::advanceHierarchy(): time interval = [0.0372,0.0374], dt = 0.0002
IBHierarchyIntegrator::advanceHierarchy(): regridding prior to timestep 186
IBHierarchyIntegrator::regridHierarchy(): starting Lagrangian data movement
IBHierarchyIntegrator::regridHierarchy(): regridding the patch hierarchy
IBHierarchyIntegrator::regridHierarchy(): finishing Lagrangian data movement
INSStaggeredHierarchyIntegrator::preprocessIntegrateHierarchy(): initializing convective operator
INSStaggeredHierarchyIntegrator::preprocessIntegrateHierarchy(): initializing velocity subdomain solver
INSStaggeredHierarchyIntegrator::preprocessIntegrateHierarchy(): initializing pressure subdomain solver
INSStaggeredHierarchyIntegrator::preprocessIntegrateHierarchy(): initializing incompressible Stokes solver
IBHierarchyIntegrator::preprocessIntegrateHierarchy(): performing Lagrangian forward Euler step
IBHierarchyIntegrator::advanceHierarchy(): integrating hierarchy
IBHierarchyIntegrator::integrateHierarchy(): computing Lagrangian force
IBHierarchyIntegrator::integrateHierarchy(): spreading Lagrangian force to the Eulerian grid
IBHierarchyIntegrator::integrateHierarchy(): solving the incompressible Navier-Stokes equations
INSStaggeredHierarchyIntegrator::integrateHierarchy(): stokes solve number of iterations = 2
INSStaggeredHierarchyIntegrator::integrateHierarchy(): stokes solve residual norm        = 0.00107175
IBHierarchyIntegrator::integrateHierarchy(): interpolating Eulerian velocity to the Lagrangian mesh
IBHierarchyIntegrator::integrateHierarchy(): performing Lagrangian midpoint-rule step
IBHierarchyIntegrator::postprocessIntegrateHierarchy(): interpolating Eulerian velocity to the Lagrangian mesh
IBHierarchyIntegrator::postprocessIntegrateHierarchy(): CFL number = 0.0899514
IBHierarchyIntegrator::postprocessIntegrateHierarchy(): Eulerian estimate of upper bound on IB point displacement since last regrid = 0.0899514
IBHierarchyIntegrator::advanceHierarchy(): synchronizing updated data
IBHierarchyIntegrator::advanceHierarchy(): resetting time dependent data

At end       of timestep # 186
Simulation time is 0.0374
+++++++++++++++++++++++++++++++++++++++++++++++++++


+++++++++++++++++++++++++++++++++++++++++++++++++++
At beginning of timestep # 187
Simulation time is 0.0374
IBHierarchyIntegrator::advanceHierarchy(): time interval = [0.0374,0.0376], dt = 0.0002
IBHierarchyIntegrator::preprocessIntegrateHierarchy(): performing Lagrangian forward Euler step
IBHierarchyIntegrator::advanceHierarchy(): integrating hierarchy
IBHierarchyIntegrator::integrateHierarchy(): computing Lagrangian force
IBHierarchyIntegrator::integrateHierarchy(): spreading Lagrangian force to the Eulerian grid
IBHierarchyIntegrator::integrateHierarchy(): solving the incompressible Navier-Stokes equations
INSStaggeredHierarchyIntegrator::integrateHierarchy(): stokes solve number of iterations = 2
INSStaggeredHierarchyIntegrator::integrateHierarchy(): stokes solve residual norm        = 0.000887687
IBHierarchyIntegrator::integrateHierarchy(): interpolating Eulerian velocity to the Lagrangian mesh
IBHierarchyIntegrator::integrateHierarchy(): performing Lagrangian midpoint-rule step
IBHierarchyIntegrator::postprocessIntegrateHierarchy(): interpolating Eulerian velocity to the Lagrangian mesh
IBHierarchyIntegrator::postprocessIntegrateHierarchy(): CFL number = 0.0908446
IBHierarchyIntegrator::postprocessIntegrateHierarchy(): Eulerian estimate of upper bound on IB point displacement since last regrid = 0.180796
IBHierarchyIntegrator::advanceHierarchy(): synchronizing updated data
IBHierarchyIntegrator::advanceHierarchy(): resetting time dependent data

At end       of timestep # 187
Simulation time is 0.0376
+++++++++++++++++++++++++++++++++++++++++++++++++++


+++++++++++++++++++++++++++++++++++++++++++++++++++
At beginning of timestep # 188
Simulation time is 0.0376
IBHierarchyIntegrator::advanceHierarchy(): time interval = [0.0376,0.0378], dt = 0.0002
IBHierarchyIntegrator::preprocessIntegrateHierarchy(): performing Lagrangian forward Euler step
IBHierarchyIntegrator::advanceHierarchy(): integrating hierarchy
IBHierarchyIntegrator::integrateHierarchy(): computing Lagrangian force
IBHierarchyIntegrator::integrateHierarchy(): spreading Lagrangian force to the Eulerian grid
IBHierarchyIntegrator::integrateHierarchy(): solving the incompressible Navier-Stokes equations
INSStaggeredHierarchyIntegrator::integrateHierarchy(): stokes solve number of iterations = 2
INSStaggeredHierarchyIntegrator::integrateHierarchy(): stokes solve residual norm        = 0.000378667
IBHierarchyIntegrator::integrateHierarchy(): interpolating Eulerian velocity to the Lagrangian mesh
IBHierarchyIntegrator::integrateHierarchy(): performing Lagrangian midpoint-rule step
IBHierarchyIntegrator::postprocessIntegrateHierarchy(): interpolating Eulerian velocity to the Lagrangian mesh
IBHierarchyIntegrator::postprocessIntegrateHierarchy(): CFL number = 0.0917395
IBHierarchyIntegrator::postprocessIntegrateHierarchy(): Eulerian estimate of upper bound on IB point displacement since last regrid = 0.272535
IBHierarchyIntegrator::advanceHierarchy(): synchronizing updated data
IBHierarchyIntegrator::advanceHierarchy(): resetting time dependent data

At end       of timestep # 188
Simulation time is 0.0378
+++++++++++++++++++++++++++++++++++++++++++++++++++


+++++++++++++++++++++++++++++++++++++++++++++++++++
At beginning of timestep # 189
Simulation time is 0.0378
IBHierarchyIntegrator::advanceHierarchy(): time interval = [0.0378,0.038], dt = 0.0002
IBHierarchyIntegrator::preprocessIntegrateHierarchy(): performing Lagrangian forward Euler step
IBHierarchyIntegrator::advanceHierarchy(): integrating hierarchy
IBHierarchyIntegrator::integrateHierarchy(): computing Lagrangian force
IBHierarchyIntegrator::integrateHierarchy(): spreading Lagrangian force to the Eulerian grid
IBHierarchyIntegrator::integrateHierarchy(): solving the incompressible Navier-Stokes equations
INSStaggeredHierarchyIntegrator::integrateHierarchy(): stokes solve number of iterations = 2
INSStaggeredHierarchyIntegrator::integrateHierarchy(): stokes solve residual norm        = 0.000313024
IBHierarchyIntegrator::integrateHierarchy(): interpolating Eulerian velocity to the Lagrangian mesh
IBHierarchyIntegrator::integrateHierarchy(): performing Lagrangian midpoint-rule step
IBHierarchyIntegrator::postprocessIntegrateHierarchy(): interpolating Eulerian velocity to the Lagrangian mesh
IBHierarchyIntegrator::postprocessIntegrateHierarchy(): CFL number = 0.0926361
IBHierarchyIntegrator::postprocessIntegrateHierarchy(): Eulerian estimate of upper bound on IB point displacement since last regrid = 0.365172
IBHierarchyIntegrator::advanceHierarchy(): synchronizing updated data
IBHierarchyIntegrator::advanceHierarchy(): resetting time dependent data

At end       of timestep # 189
Simulation time is 0.038
+++++++++++++++++++++++++++++++++++++++++++++++++++


+++++++++++++++++++++++++++++++++++++++++++++++++++
At beginning of timestep # 190
Simulation time is 0.038
IBHierarchyIntegrator::advanceHierarchy(): time interval = [0.038,0.0382], dt = 0.0002
IBHierarchyIntegrator::preprocessIntegrateHierarchy(): performing Lagrangian forward Euler step
IBHierarchyIntegrator::advanceHierarchy(): integrating hierarchy
IBHierarchyIntegrator::integrateHierarchy(): computing Lagrangian force
IBHierarchyIntegrator::integrateHierarchy(): spreading Lagrangian force to the Eulerian grid
IBHierarchyIntegrator::integrateHierarchy(): solving the incompressible Navier-Stokes equations
INSStaggeredHierarchyIntegrator::integrateHierarchy(): stokes solve number of iterations = 2
INSStaggeredHierarchyIntegrator::integrateHierarchy(): stokes solve residual norm        = 0.000313337
IBHierarchyIntegrator::integrateHierarchy(): interpolating Eulerian velocity to the Lagrangian mesh
IBHierarchyIntegrator::integrateHierarchy(): performing Lagrangian midpoint-rule step
IBHierarchyIntegrator::postprocessIntegrateHierarchy(): interpolating Eulerian velocity to the Lagrangian mesh
IBHierarchyIntegrator::postprocessIntegrateHierarchy(): CFL number = 0.093534
IBHierarchyIntegrator::postprocessIntegrateHierarchy(): Eulerian estimate of upper bound on IB point displacement since last regrid = 0.458706
IBHierarchyIntegrator::advanceHierarchy(): synchronizing updated data
IBHierarchyIntegrator::advanceHierarchy(): resetting time dependent data

At end       of timestep # 190
Simulation time is 0.0382
+++++++++++++++++++++++++++++++++++++++++++++++++++


+++++++++++++++++++++++++++++++++++++++++++++++++++
At beginning of timestep # 191
Simulation time is 0.0382
IBHierarchyIntegrator::advanceHierarchy(): time interval = [0.0382,0.0384], dt = 0.0002
IBHierarchyIntegrator::preprocessIntegrateHierarchy(): performing Lagrangian forward Euler step
IBHierarchyIntegrator::advanceHierarchy(): integrating hierarchy
IBHierarchyIntegrator::integrateHierarchy(): computing Lagrangian force
IBHierarchyIntegrator::integrateHierarchy(): spreading Lagrangian force to the Eulerian grid
IBHierarchyIntegrator::integrateHierarchy(): solving the incompressible Navier-Stokes equations
INSStaggeredHierarchyIntegrator::integrateHierarchy(): stokes solve number of iterations = 2
INSStaggeredHierarchyIntegrator::integrateHierarchy(): stokes solve residual norm        = 0.000374895
IBHierarchyIntegrator::integrateHierarchy(): interpolating Eulerian velocity to the Lagrangian mesh
IBHierarchyIntegrator::integrateHierarchy(): performing Lagrangian midpoint-rule step
IBHierarchyIntegrator::postprocessIntegrateHierarchy(): interpolating Eulerian velocity to the Lagrangian mesh
IBHierarchyIntegrator::postprocessIntegrateHierarchy(): CFL number = 0.0944324
IBHierarchyIntegrator::postprocessIntegrateHierarchy(): Eulerian estimate of upper bound on IB point displacement since last regrid = 0.553138
IBHierarchyIntegrator::advanceHierarchy(): synchronizing updated data
IBHierarchyIntegrator::advanceHierarchy(): resetting time dependent data

At end       of timestep # 191
Simulation time is 0.0384
+++++++++++++++++++++++++++++++++++++++++++++++++++


+++++++++++++++++++++++++++++++++++++++++++++++++++
At beginning of timestep # 192
Simulation time is 0.0384
IBHierarchyIntegrator::advanceHierarchy(): time interval = [0.0384,0.0386], dt = 0.0002
IBHierarchyIntegrator::advanceHierarchy(): regridding prior to timestep 192
IBHierarchyIntegrator::regridHierarchy(): starting Lagrangian data movement
IBHierarchyIntegrator::regridHierarchy(): regridding the patch hierarchy
IBHierarchyIntegrator::regridHierarchy(): finishing Lagrangian data movement
INSStaggeredHierarchyIntegrator::preprocessIntegrateHierarchy(): initializing convective operator
INSStaggeredHierarchyIntegrator::preprocessIntegrateHierarchy(): initializing velocity subdomain solver
INSStaggeredHierarchyIntegrator::preprocessIntegrateHierarchy(): initializing pressure subdomain solver
INSStaggeredHierarchyIntegrator::preprocessIntegrateHierarchy(): initializing incompressible Stokes solver
IBHierarchyIntegrator::preprocessIntegrateHierarchy(): performing Lagrangian forward Euler step
IBHierarchyIntegrator::advanceHierarchy(): integrating hierarchy
IBHierarchyIntegrator::integrateHierarchy(): computing Lagrangian force
IBHierarchyIntegrator::integrateHierarchy(): spreading Lagrangian force to the Eulerian grid
IBHierarchyIntegrator::integrateHierarchy(): solving the incompressible Navier-Stokes equations
INSStaggeredHierarchyIntegrator::integrateHierarchy(): stokes solve number of iterations = 2
INSStaggeredHierarchyIntegrator::integrateHierarchy(): stokes solve residual norm        = 0.000362608
IBHierarchyIntegrator::integrateHierarchy(): interpolating Eulerian velocity to the Lagrangian mesh
IBHierarchyIntegrator::integrateHierarchy(): performing Lagrangian midpoint-rule step
IBHierarchyIntegrator::postprocessIntegrateHierarchy(): interpolating Eulerian velocity to the Lagrangian mesh
IBHierarchyIntegrator::postprocessIntegrateHierarchy(): CFL number = 0.0953313
IBHierarchyIntegrator::postprocessIntegrateHierarchy(): Eulerian estimate of upper bound on IB point displacement since last regrid = 0.0953313
IBHierarchyIntegrator::advanceHierarchy(): synchronizing updated data
IBHierarchyIntegrator::advanceHierarchy(): resetting time dependent data

At end       of timestep # 192
Simulation time is 0.0386
+++++++++++++++++++++++++++++++++++++++++++++++++++


+++++++++++++++++++++++++++++++++++++++++++++++++++
At beginning of timestep # 193
Simulation time is 0.0386
IBHierarchyIntegrator::advanceHierarchy(): time interval = [0.0386,0.0388], dt = 0.0002
IBHierarchyIntegrator::preprocessIntegrateHierarchy(): performing Lagrangian forward Euler step
IBHierarchyIntegrator::advanceHierarchy(): integrating hierarchy
IBHierarchyIntegrator::integrateHierarchy(): computing Lagrangian force
IBHierarchyIntegrator::integrateHierarchy(): spreading Lagrangian force to the Eulerian grid
IBHierarchyIntegrator::integrateHierarchy(): solving the incompressible Navier-Stokes equations
INSStaggeredHierarchyIntegrator::integrateHierarchy(): stokes solve number of iterations = 2
INSStaggeredHierarchyIntegrator::integrateHierarchy(): stokes solve residual norm        = 0.000405755
IBHierarchyIntegrator::integrateHierarchy(): interpolating Eulerian velocity to the Lagrangian mesh
IBHierarchyIntegrator::integrateHierarchy(): performing Lagrangian midpoint-rule step
IBHierarchyIntegrator::postprocessIntegrateHierarchy(): interpolating Eulerian velocity to the Lagrangian mesh
IBHierarchyIntegrator::postprocessIntegrateHierarchy(): CFL number = 0.0962312
IBHierarchyIntegrator::postprocessIntegrateHierarchy(): Eulerian estimate of upper bound on IB point displacement since last regrid = 0.191563
IBHierarchyIntegrator::advanceHierarchy(): synchronizing updated data
IBHierarchyIntegrator::advanceHierarchy(): resetting time dependent data

At end       of timestep # 193
Simulation time is 0.0388
+++++++++++++++++++++++++++++++++++++++++++++++++++


+++++++++++++++++++++++++++++++++++++++++++++++++++
At beginning of timestep # 194
Simulation time is 0.0388
IBHierarchyIntegrator::advanceHierarchy(): time interval = [0.0388,0.039], dt = 0.0002
IBHierarchyIntegrator::preprocessIntegrateHierarchy(): performing Lagrangian forward Euler step
IBHierarchyIntegrator::advanceHierarchy(): integrating hierarchy
IBHierarchyIntegrator::integrateHierarchy(): computing Lagrangian force
IBHierarchyIntegrator::integrateHierarchy(): spreading Lagrangian force to the Eulerian grid
IBHierarchyIntegrator::integrateHierarchy(): solving the incompressible Navier-Stokes equations
INSStaggeredHierarchyIntegrator::integrateHierarchy(): stokes solve number of iterations = 2
INSStaggeredHierarchyIntegrator::integrateHierarchy(): stokes solve residual norm        = 0.00425015
IBHierarchyIntegrator::integrateHierarchy(): interpolating Eulerian velocity to the Lagrangian mesh
IBHierarchyIntegrator::integrateHierarchy(): performing Lagrangian midpoint-rule step
IBHierarchyIntegrator::postprocessIntegrateHierarchy(): interpolating Eulerian velocity to the Lagrangian mesh
IBHierarchyIntegrator::postprocessIntegrateHierarchy(): CFL number = 0.0971311
IBHierarchyIntegrator::postprocessIntegrateHierarchy(): Eulerian estimate of upper bound on IB point displacement since last regrid = 0.288694
IBHierarchyIntegrator::advanceHierarchy(): synchronizing updated data
IBHierarchyIntegrator::advanceHierarchy(): resetting time dependent data

At end       of timestep # 194
Simulation time is 0.039
+++++++++++++++++++++++++++++++++++++++++++++++++++


+++++++++++++++++++++++++++++++++++++++++++++++++++
At beginning of timestep # 195
Simulation time is 0.039
IBHierarchyIntegrator::advanceHierarchy(): time interval = [0.039,0.0392], dt = 0.0002
IBHierarchyIntegrator::preprocessIntegrateHierarchy(): performing Lagrangian forward Euler step
IBHierarchyIntegrator::advanceHierarchy(): integrating hierarchy
IBHierarchyIntegrator::integrateHierarchy(): computing Lagrangian force
IBHierarchyIntegrator::integrateHierarchy(): spreading Lagrangian force to the Eulerian grid
IBHierarchyIntegrator::integrateHierarchy(): solving the incompressible Navier-Stokes equations
INSStaggeredHierarchyIntegrator::integrateHierarchy(): stokes solve number of iterations = 2
INSStaggeredHierarchyIntegrator::integrateHierarchy(): stokes solve residual norm        = 0.000679987
IBHierarchyIntegrator::integrateHierarchy(): interpolating Eulerian velocity to the Lagrangian mesh
IBHierarchyIntegrator::integrateHierarchy(): performing Lagrangian midpoint-rule step
IBHierarchyIntegrator::postprocessIntegrateHierarchy(): interpolating Eulerian velocity to the Lagrangian mesh
IBHierarchyIntegrator::postprocessIntegrateHierarchy(): CFL number = 0.0980323
IBHierarchyIntegrator::postprocessIntegrateHierarchy(): Eulerian estimate of upper bound on IB point displacement since last regrid = 0.386726
IBHierarchyIntegrator::advanceHierarchy(): synchronizing updated data
IBHierarchyIntegrator::advanceHierarchy(): resetting time dependent data

At end       of timestep # 195
Simulation time is 0.0392
+++++++++++++++++++++++++++++++++++++++++++++++++++


+++++++++++++++++++++++++++++++++++++++++++++++++++
At beginning of timestep # 196
Simulation time is 0.0392
IBHierarchyIntegrator::advanceHierarchy(): time interval = [0.0392,0.0394], dt = 0.0002
IBHierarchyIntegrator::preprocessIntegrateHierarchy(): performing Lagrangian forward Euler step
IBHierarchyIntegrator::advanceHierarchy(): integrating hierarchy
IBHierarchyIntegrator::integrateHierarchy(): computing Lagrangian force
IBHierarchyIntegrator::integrateHierarchy(): spreading Lagrangian force to the Eulerian grid
IBHierarchyIntegrator::integrateHierarchy(): solving the incompressible Navier-Stokes equations
INSStaggeredHierarchyIntegrator::integrateHierarchy(): stokes solve number of iterations = 2
INSStaggeredHierarchyIntegrator::integrateHierarchy(): stokes solve residual norm        = 0.000681462
IBHierarchyIntegrator::integrateHierarchy(): interpolating Eulerian velocity to the Lagrangian mesh
IBHierarchyIntegrator::integrateHierarchy(): performing Lagrangian midpoint-rule step
IBHierarchyIntegrator::postprocessIntegrateHierarchy(): interpolating Eulerian velocity to the Lagrangian mesh
IBHierarchyIntegrator::postprocessIntegrateHierarchy(): CFL number = 0.0989336
IBHierarchyIntegrator::postprocessIntegrateHierarchy(): Eulerian estimate of upper bound on IB point displacement since last regrid = 0.48566
IBHierarchyIntegrator::advanceHierarchy(): synchronizing updated data
IBHierarchyIntegrator::advanceHierarchy(): resetting time dependent data

At end       of timestep # 196
Simulation time is 0.0394
+++++++++++++++++++++++++++++++++++++++++++++++++++


+++++++++++++++++++++++++++++++++++++++++++++++++++
At beginning of timestep # 197
Simulation time is 0.0394
IBHierarchyIntegrator::advanceHierarchy(): time interval = [0.0394,0.0396], dt = 0.0002
IBHierarchyIntegrator::preprocessIntegrateHierarchy(): performing Lagrangian forward Euler step
IBHierarchyIntegrator::advanceHierarchy(): integrating hierarchy
IBHierarchyIntegrator::integrateHierarchy(): computing Lagrangian force
IBHierarchyIntegrator::integrateHierarchy(): spreading Lagrangian force to the Eulerian grid
IBHierarchyIntegrator::integrateHierarchy(): solving the incompressible Navier-Stokes equations
INSStaggeredHierarchyIntegrator::integrateHierarchy(): stokes solve number of iterations = 2
INSStaggeredHierarchyIntegrator::integrateHierarchy(): stokes solve residual norm        = 0.000402515
IBHierarchyIntegrator::integrateHierarchy(): interpolating Eulerian velocity to the Lagrangian mesh
IBHierarchyIntegrator::integrateHierarchy(): performing Lagrangian midpoint-rule step
IBHierarchyIntegrator::postprocessIntegrateHierarchy(): interpolating Eulerian velocity to the Lagrangian mesh
IBHierarchyIntegrator::postprocessIntegrateHierarchy(): CFL number = 0.0998357
IBHierarchyIntegrator::postprocessIntegrateHierarchy(): Eulerian estimate of upper bound on IB point displacement since last regrid = 0.585495
IBHierarchyIntegrator::advanceHierarchy(): synchronizing updated data
IBHierarchyIntegrator::advanceHierarchy(): resetting time dependent data

At end       of timestep # 197
Simulation time is 0.0396
+++++++++++++++++++++++++++++++++++++++++++++++++++


+++++++++++++++++++++++++++++++++++++++++++++++++++
At beginning of timestep # 198
Simulation time is 0.0396
IBHierarchyIntegrator::advanceHierarchy(): time interval = [0.0396,0.0398], dt = 0.0002
IBHierarchyIntegrator::advanceHierarchy(): regridding prior to timestep 198
IBHierarchyIntegrator::regridHierarchy(): starting Lagrangian data movement
IBHierarchyIntegrator::regridHierarchy(): regridding the patch hierarchy
IBHierarchyIntegrator::regridHierarchy(): finishing Lagrangian data movement
INSStaggeredHierarchyIntegrator::preprocessIntegrateHierarchy(): initializing convective operator
INSStaggeredHierarchyIntegrator::preprocessIntegrateHierarchy(): initializing velocity subdomain solver
INSStaggeredHierarchyIntegrator::preprocessIntegrateHierarchy(): initializing pressure subdomain solver
INSStaggeredHierarchyIntegrator::preprocessIntegrateHierarchy(): initializing incompressible Stokes solver
IBHierarchyIntegrator::preprocessIntegrateHierarchy(): performing Lagrangian forward Euler step
IBHierarchyIntegrator::advanceHierarchy(): integrating hierarchy
IBHierarchyIntegrator::integrateHierarchy(): computing Lagrangian force
IBHierarchyIntegrator::integrateHierarchy(): spreading Lagrangian force to the Eulerian grid
IBHierarchyIntegrator::integrateHierarchy(): solving the incompressible Navier-Stokes equations
INSStaggeredHierarchyIntegrator::integrateHierarchy(): stokes solve number of iterations = 2
INSStaggeredHierarchyIntegrator::integrateHierarchy(): stokes solve residual norm        = 0.00108442
IBHierarchyIntegrator::integrateHierarchy(): interpolating Eulerian velocity to the Lagrangian mesh
IBHierarchyIntegrator::integrateHierarchy(): performing Lagrangian midpoint-rule step
IBHierarchyIntegrator::postprocessIntegrateHierarchy(): interpolating Eulerian velocity to the Lagrangian mesh
IBHierarchyIntegrator::postprocessIntegrateHierarchy(): CFL number = 0.100739
IBHierarchyIntegrator::postprocessIntegrateHierarchy(): Eulerian estimate of upper bound on IB point displacement since last regrid = 0.100739
IBHierarchyIntegrator::advanceHierarchy(): synchronizing updated data
IBHierarchyIntegrator::advanceHierarchy(): resetting time dependent data

At end       of timestep # 198
Simulation time is 0.0398
+++++++++++++++++++++++++++++++++++++++++++++++++++


+++++++++++++++++++++++++++++++++++++++++++++++++++
At beginning of timestep # 199
Simulation time is 0.0398
IBHierarchyIntegrator::advanceHierarchy(): time interval = [0.0398,0.04], dt = 0.0002
IBHierarchyIntegrator::preprocessIntegrateHierarchy(): performing Lagrangian forward Euler step
IBHierarchyIntegrator::advanceHierarchy(): integrating hierarchy
IBHierarchyIntegrator::integrateHierarchy(): computing Lagrangian force
IBHierarchyIntegrator::integrateHierarchy(): spreading Lagrangian force to the Eulerian grid
IBHierarchyIntegrator::integrateHierarchy(): solving the incompressible Navier-Stokes equations
INSStaggeredHierarchyIntegrator::integrateHierarchy(): stokes solve number of iterations = 2
INSStaggeredHierarchyIntegrator::integrateHierarchy(): stokes solve residual norm        = 0.000919487
IBHierarchyIntegrator::integrateHierarchy(): interpolating Eulerian velocity to the Lagrangian mesh
IBHierarchyIntegrator::integrateHierarchy(): performing Lagrangian midpoint-rule step
IBHierarchyIntegrator::postprocessIntegrateHierarchy(): interpolating Eulerian velocity to the Lagrangian mesh
IBHierarchyIntegrator::postprocessIntegrateHierarchy(): CFL number = 0.101643
IBHierarchyIntegrator::postprocessIntegrateHierarchy(): Eulerian estimate of upper bound on IB point displacement since last regrid = 0.202382
IBHierarchyIntegrator::advanceHierarchy(): synchronizing updated data
IBHierarchyIntegrator::advanceHierarchy(): resetting time dependent data

At end       of timestep # 199
Simulation time is 0.04
+++++++++++++++++++++++++++++++++++++++++++++++++++


+++++++++++++++++++++++++++++++++++++++++++++++++++
At beginning of timestep # 200
Simulation time is 0.04
IBHierarchyIntegrator::advanceHierarchy(): time interval = [0.04,0.0402], dt = 0.0002
IBHierarchyIntegrator::preprocessIntegrateHierarchy(): performing Lagrangian forward Euler step
IBHierarchyIntegrator::advanceHierarchy(): integrating hierarchy
IBHierarchyIntegrator::integrateHierarchy(): computing Lagrangian force
IBHierarchyIntegrator::integrateHierarchy(): spreading Lagrangian force to the Eulerian grid
IBHierarchyIntegrator::integrateHierarchy(): solving the incompressible Navier-Stokes equations
INSStaggeredHierarchyIntegrator::integrateHierarchy(): stokes solve number of iterations = 2
INSStaggeredHierarchyIntegrator::integrateHierarchy(): stokes solve residual norm        = 0.00045013
IBHierarchyIntegrator::integrateHierarchy(): interpolating Eulerian velocity to the Lagrangian mesh
IBHierarchyIntegrator::integrateHierarchy(): performing Lagrangian midpoint-rule step
IBHierarchyIntegrator::postprocessIntegrateHierarchy(): interpolating Eulerian velocity to the Lagrangian mesh
IBHierarchyIntegrator::postprocessIntegrateHierarchy(): CFL number = 0.102549
IBHierarchyIntegrator::postprocessIntegrateHierarchy(): Eulerian estimate of upper bound on IB point displacement since last regrid = 0.30493
IBHierarchyIntegrator::advanceHierarchy(): synchronizing updated data
IBHierarchyIntegrator::advanceHierarchy(): resetting time dependent data

At end       of timestep # 200
Simulation time is 0.0402
+++++++++++++++++++++++++++++++++++++++++++++++++++


+++++++++++++++++++++++++++++++++++++++++++++++++++
At beginning of timestep # 201
Simulation time is 0.0402
IBHierarchyIntegrator::advanceHierarchy(): time interval = [0.0402,0.0404], dt = 0.0002
IBHierarchyIntegrator::preprocessIntegrateHierarchy(): performing Lagrangian forward Euler step
IBHierarchyIntegrator::advanceHierarchy(): integrating hierarchy
IBHierarchyIntegrator::integrateHierarchy(): computing Lagrangian force
IBHierarchyIntegrator::integrateHierarchy(): spreading Lagrangian force to the Eulerian grid
IBHierarchyIntegrator::integrateHierarchy(): solving the incompressible Navier-Stokes equations
INSStaggeredHierarchyIntegrator::integrateHierarchy(): stokes solve number of iterations = 2
INSStaggeredHierarchyIntegrator::integrateHierarchy(): stokes solve residual norm        = 0.000497755
IBHierarchyIntegrator::integrateHierarchy(): interpolating Eulerian velocity to the Lagrangian mesh
IBHierarchyIntegrator::integrateHierarchy(): performing Lagrangian midpoint-rule step
IBHierarchyIntegrator::postprocessIntegrateHierarchy(): interpolating Eulerian velocity to the Lagrangian mesh
IBHierarchyIntegrator::postprocessIntegrateHierarchy(): CFL number = 0.103455
IBHierarchyIntegrator::postprocessIntegrateHierarchy(): Eulerian estimate of upper bound on IB point displacement since last regrid = 0.408385
IBHierarchyIntegrator::advanceHierarchy(): synchronizing updated data
IBHierarchyIntegrator::advanceHierarchy(): resetting time dependent data

At end       of timestep # 201
Simulation time is 0.0404
+++++++++++++++++++++++++++++++++++++++++++++++++++


+++++++++++++++++++++++++++++++++++++++++++++++++++
At beginning of timestep # 202
Simulation time is 0.0404
IBHierarchyIntegrator::advanceHierarchy(): time interval = [0.0404,0.0406], dt = 0.0002
IBHierarchyIntegrator::preprocessIntegrateHierarchy(): performing Lagrangian forward Euler step
IBHierarchyIntegrator::advanceHierarchy(): integrating hierarchy
IBHierarchyIntegrator::integrateHierarchy(): computing Lagrangian force
IBHierarchyIntegrator::integrateHierarchy(): spreading Lagrangian force to the Eulerian grid
IBHierarchyIntegrator::integrateHierarchy(): solving the incompressible Navier-Stokes equations
INSStaggeredHierarchyIntegrator::integrateHierarchy(): stokes solve number of iterations = 2
INSStaggeredHierarchyIntegrator::integrateHierarchy(): stokes solve residual norm        = 0.000988748
IBHierarchyIntegrator::integrateHierarchy(): interpolating Eulerian velocity to the Lagrangian mesh
IBHierarchyIntegrator::integrateHierarchy(): performing Lagrangian midpoint-rule step
IBHierarchyIntegrator::postprocessIntegrateHierarchy(): interpolating Eulerian velocity to the Lagrangian mesh
IBHierarchyIntegrator::postprocessIntegrateHierarchy(): CFL number = 0.104361
IBHierarchyIntegrator::postprocessIntegrateHierarchy(): Eulerian estimate of upper bound on IB point displacement since last regrid = 0.512746
IBHierarchyIntegrator::advanceHierarchy(): synchronizing updated data
IBHierarchyIntegrator::advanceHierarchy(): resetting time dependent data

At end       of timestep # 202
Simulation time is 0.0406
+++++++++++++++++++++++++++++++++++++++++++++++++++


+++++++++++++++++++++++++++++++++++++++++++++++++++
At beginning of timestep # 203
Simulation time is 0.0406
IBHierarchyIntegrator::advanceHierarchy(): time interval = [0.0406,0.0408], dt = 0.0002
IBHierarchyIntegrator::advanceHierarchy(): regridding prior to timestep 203
IBHierarchyIntegrator::regridHierarchy(): starting Lagrangian data movement
IBHierarchyIntegrator::regridHierarchy(): regridding the patch hierarchy
IBHierarchyIntegrator::regridHierarchy(): finishing Lagrangian data movement
INSStaggeredHierarchyIntegrator::preprocessIntegrateHierarchy(): initializing convective operator
INSStaggeredHierarchyIntegrator::preprocessIntegrateHierarchy(): initializing velocity subdomain solver
INSStaggeredHierarchyIntegrator::preprocessIntegrateHierarchy(): initializing pressure subdomain solver
INSStaggeredHierarchyIntegrator::preprocessIntegrateHierarchy(): initializing incompressible Stokes solver
IBHierarchyIntegrator::preprocessIntegrateHierarchy(): performing Lagrangian forward Euler step
IBHierarchyIntegrator::advanceHierarchy(): integrating hierarchy
IBHierarchyIntegrator::integrateHierarchy(): computing Lagrangian force
IBHierarchyIntegrator::integrateHierarchy(): spreading Lagrangian force to the Eulerian grid
IBHierarchyIntegrator::integrateHierarchy(): solving the incompressible Navier-Stokes equations
INSStaggeredHierarchyIntegrator::integrateHierarchy(): stokes solve number of iterations = 2
INSStaggeredHierarchyIntegrator::integrateHierarchy(): stokes solve residual norm        = 0.00109164
IBHierarchyIntegrator::integrateHierarchy(): interpolating Eulerian velocity to the Lagrangian mesh
IBHierarchyIntegrator::integrateHierarchy(): performing Lagrangian midpoint-rule step
IBHierarchyIntegrator::postprocessIntegrateHierarchy(): interpolating Eulerian velocity to the Lagrangian mesh
IBHierarchyIntegrator::postprocessIntegrateHierarchy(): CFL number = 0.105265
IBHierarchyIntegrator::postprocessIntegrateHierarchy(): Eulerian estimate of upper bound on IB point displacement since last regrid = 0.105265
IBHierarchyIntegrator::advanceHierarchy(): synchronizing updated data
IBHierarchyIntegrator::advanceHierarchy(): resetting time dependent data

At end       of timestep # 203
Simulation time is 0.0408
+++++++++++++++++++++++++++++++++++++++++++++++++++


+++++++++++++++++++++++++++++++++++++++++++++++++++
At beginning of timestep # 204
Simulation time is 0.0408
IBHierarchyIntegrator::advanceHierarchy(): time interval = [0.0408,0.041], dt = 0.0002
IBHierarchyIntegrator::preprocessIntegrateHierarchy(): performing Lagrangian forward Euler step
IBHierarchyIntegrator::advanceHierarchy(): integrating hierarchy
IBHierarchyIntegrator::integrateHierarchy(): computing Lagrangian force
IBHierarchyIntegrator::integrateHierarchy(): spreading Lagrangian force to the Eulerian grid
IBHierarchyIntegrator::integrateHierarchy(): solving the incompressible Navier-Stokes equations
INSStaggeredHierarchyIntegrator::integrateHierarchy(): stokes solve number of iterations = 2
INSStaggeredHierarchyIntegrator::integrateHierarchy(): stokes solve residual norm        = 0.000720967
IBHierarchyIntegrator::integrateHierarchy(): interpolating Eulerian velocity to the Lagrangian mesh
IBHierarchyIntegrator::integrateHierarchy(): performing Lagrangian midpoint-rule step
IBHierarchyIntegrator::postprocessIntegrateHierarchy(): interpolating Eulerian velocity to the Lagrangian mesh
IBHierarchyIntegrator::postprocessIntegrateHierarchy(): CFL number = 0.10617
IBHierarchyIntegrator::postprocessIntegrateHierarchy(): Eulerian estimate of upper bound on IB point displacement since last regrid = 0.211435
IBHierarchyIntegrator::advanceHierarchy(): synchronizing updated data
IBHierarchyIntegrator::advanceHierarchy(): resetting time dependent data

At end       of timestep # 204
Simulation time is 0.041
+++++++++++++++++++++++++++++++++++++++++++++++++++


+++++++++++++++++++++++++++++++++++++++++++++++++++
At beginning of timestep # 205
Simulation time is 0.041
IBHierarchyIntegrator::advanceHierarchy(): time interval = [0.041,0.0412], dt = 0.0002
IBHierarchyIntegrator::preprocessIntegrateHierarchy(): performing Lagrangian forward Euler step
IBHierarchyIntegrator::advanceHierarchy(): integrating hierarchy
IBHierarchyIntegrator::integrateHierarchy(): computing Lagrangian force
IBHierarchyIntegrator::integrateHierarchy(): spreading Lagrangian force to the Eulerian grid
IBHierarchyIntegrator::integrateHierarchy(): solving the incompressible Navier-Stokes equations
INSStaggeredHierarchyIntegrator::integrateHierarchy(): stokes solve number of iterations = 2
INSStaggeredHierarchyIntegrator::integrateHierarchy(): stokes solve residual norm        = 0.000429165
IBHierarchyIntegrator::integrateHierarchy(): interpolating Eulerian velocity to the Lagrangian mesh
IBHierarchyIntegrator::integrateHierarchy(): performing Lagrangian midpoint-rule step
IBHierarchyIntegrator::postprocessIntegrateHierarchy(): interpolating Eulerian velocity to the Lagrangian mesh
IBHierarchyIntegrator::postprocessIntegrateHierarchy(): CFL number = 0.107072
IBHierarchyIntegrator::postprocessIntegrateHierarchy(): Eulerian estimate of upper bound on IB point displacement since last regrid = 0.318507
IBHierarchyIntegrator::advanceHierarchy(): synchronizing updated data
IBHierarchyIntegrator::advanceHierarchy(): resetting time dependent data

At end       of timestep # 205
Simulation time is 0.0412
+++++++++++++++++++++++++++++++++++++++++++++++++++


+++++++++++++++++++++++++++++++++++++++++++++++++++
At beginning of timestep # 206
Simulation time is 0.0412
IBHierarchyIntegrator::advanceHierarchy(): time interval = [0.0412,0.0414], dt = 0.0002
IBHierarchyIntegrator::preprocessIntegrateHierarchy(): performing Lagrangian forward Euler step
IBHierarchyIntegrator::advanceHierarchy(): integrating hierarchy
IBHierarchyIntegrator::integrateHierarchy(): computing Lagrangian force
IBHierarchyIntegrator::integrateHierarchy(): spreading Lagrangian force to the Eulerian grid
IBHierarchyIntegrator::integrateHierarchy(): solving the incompressible Navier-Stokes equations
INSStaggeredHierarchyIntegrator::integrateHierarchy(): stokes solve number of iterations = 2
INSStaggeredHierarchyIntegrator::integrateHierarchy(): stokes solve residual norm        = 0.000911984
IBHierarchyIntegrator::integrateHierarchy(): interpolating Eulerian velocity to the Lagrangian mesh
IBHierarchyIntegrator::integrateHierarchy(): performing Lagrangian midpoint-rule step
IBHierarchyIntegrator::postprocessIntegrateHierarchy(): interpolating Eulerian velocity to the Lagrangian mesh
IBHierarchyIntegrator::postprocessIntegrateHierarchy(): CFL number = 0.107974
IBHierarchyIntegrator::postprocessIntegrateHierarchy(): Eulerian estimate of upper bound on IB point displacement since last regrid = 0.426481
IBHierarchyIntegrator::advanceHierarchy(): synchronizing updated data
IBHierarchyIntegrator::advanceHierarchy(): resetting time dependent data

At end       of timestep # 206
Simulation time is 0.0414
+++++++++++++++++++++++++++++++++++++++++++++++++++


+++++++++++++++++++++++++++++++++++++++++++++++++++
At beginning of timestep # 207
Simulation time is 0.0414
IBHierarchyIntegrator::advanceHierarchy(): time interval = [0.0414,0.0416], dt = 0.0002
IBHierarchyIntegrator::preprocessIntegrateHierarchy(): performing Lagrangian forward Euler step
IBHierarchyIntegrator::advanceHierarchy(): integrating hierarchy
IBHierarchyIntegrator::integrateHierarchy(): computing Lagrangian force
IBHierarchyIntegrator::integrateHierarchy(): spreading Lagrangian force to the Eulerian grid
IBHierarchyIntegrator::integrateHierarchy(): solving the incompressible Navier-Stokes equations
INSStaggeredHierarchyIntegrator::integrateHierarchy(): stokes solve number of iterations = 2
INSStaggeredHierarchyIntegrator::integrateHierarchy(): stokes solve residual norm        = 0.00046278
IBHierarchyIntegrator::integrateHierarchy(): interpolating Eulerian velocity to the Lagrangian mesh
IBHierarchyIntegrator::integrateHierarchy(): performing Lagrangian midpoint-rule step
IBHierarchyIntegrator::postprocessIntegrateHierarchy(): interpolating Eulerian velocity to the Lagrangian mesh
IBHierarchyIntegrator::postprocessIntegrateHierarchy(): CFL number = 0.108876
IBHierarchyIntegrator::postprocessIntegrateHierarchy(): Eulerian estimate of upper bound on IB point displacement since last regrid = 0.535357
IBHierarchyIntegrator::advanceHierarchy(): synchronizing updated data
IBHierarchyIntegrator::advanceHierarchy(): resetting time dependent data

At end       of timestep # 207
Simulation time is 0.0416
+++++++++++++++++++++++++++++++++++++++++++++++++++


+++++++++++++++++++++++++++++++++++++++++++++++++++
At beginning of timestep # 208
Simulation time is 0.0416
IBHierarchyIntegrator::advanceHierarchy(): time interval = [0.0416,0.0418], dt = 0.0002
IBHierarchyIntegrator::advanceHierarchy(): regridding prior to timestep 208
IBHierarchyIntegrator::regridHierarchy(): starting Lagrangian data movement
IBHierarchyIntegrator::regridHierarchy(): regridding the patch hierarchy
IBHierarchyIntegrator::regridHierarchy(): finishing Lagrangian data movement
INSStaggeredHierarchyIntegrator::preprocessIntegrateHierarchy(): initializing convective operator
INSStaggeredHierarchyIntegrator::preprocessIntegrateHierarchy(): initializing velocity subdomain solver
INSStaggeredHierarchyIntegrator::preprocessIntegrateHierarchy(): initializing pressure subdomain solver
INSStaggeredHierarchyIntegrator::preprocessIntegrateHierarchy(): initializing incompressible Stokes solver
IBHierarchyIntegrator::preprocessIntegrateHierarchy(): performing Lagrangian forward Euler step
IBHierarchyIntegrator::advanceHierarchy(): integrating hierarchy
IBHierarchyIntegrator::integrateHierarchy(): computing Lagrangian force
IBHierarchyIntegrator::integrateHierarchy(): spreading Lagrangian force to the Eulerian grid
IBHierarchyIntegrator::integrateHierarchy(): solving the incompressible Navier-Stokes equations
INSStaggeredHierarchyIntegrator::integrateHierarchy(): stokes solve number of iterations = 2
INSStaggeredHierarchyIntegrator::integrateHierarchy(): stokes solve residual norm        = 0.000444035
IBHierarchyIntegrator::integrateHierarchy(): interpolating Eulerian velocity to the Lagrangian mesh
IBHierarchyIntegrator::integrateHierarchy(): performing Lagrangian midpoint-rule step
IBHierarchyIntegrator::postprocessIntegrateHierarchy(): interpolating Eulerian velocity to the Lagrangian mesh
IBHierarchyIntegrator::postprocessIntegrateHierarchy(): CFL number = 0.109783
IBHierarchyIntegrator::postprocessIntegrateHierarchy(): Eulerian estimate of upper bound on IB point displacement since last regrid = 0.109783
IBHierarchyIntegrator::advanceHierarchy(): synchronizing updated data
IBHierarchyIntegrator::advanceHierarchy(): resetting time dependent data

At end       of timestep # 208
Simulation time is 0.0418
+++++++++++++++++++++++++++++++++++++++++++++++++++


+++++++++++++++++++++++++++++++++++++++++++++++++++
At beginning of timestep # 209
Simulation time is 0.0418
IBHierarchyIntegrator::advanceHierarchy(): time interval = [0.0418,0.042], dt = 0.0002
IBHierarchyIntegrator::preprocessIntegrateHierarchy(): performing Lagrangian forward Euler step
IBHierarchyIntegrator::advanceHierarchy(): integrating hierarchy
IBHierarchyIntegrator::integrateHierarchy(): computing Lagrangian force
IBHierarchyIntegrator::integrateHierarchy(): spreading Lagrangian force to the Eulerian grid
IBHierarchyIntegrator::integrateHierarchy(): solving the incompressible Navier-Stokes equations
INSStaggeredHierarchyIntegrator::integrateHierarchy(): stokes solve number of iterations = 2
INSStaggeredHierarchyIntegrator::integrateHierarchy(): stokes solve residual norm        = 0.000508962
IBHierarchyIntegrator::integrateHierarchy(): interpolating Eulerian velocity to the Lagrangian mesh
IBHierarchyIntegrator::integrateHierarchy(): performing Lagrangian midpoint-rule step
IBHierarchyIntegrator::postprocessIntegrateHierarchy(): interpolating Eulerian velocity to the Lagrangian mesh
IBHierarchyIntegrator::postprocessIntegrateHierarchy(): CFL number = 0.110691
IBHierarchyIntegrator::postprocessIntegrateHierarchy(): Eulerian estimate of upper bound on IB point displacement since last regrid = 0.220474
IBHierarchyIntegrator::advanceHierarchy(): synchronizing updated data
IBHierarchyIntegrator::advanceHierarchy(): resetting time dependent data

At end       of timestep # 209
Simulation time is 0.042
+++++++++++++++++++++++++++++++++++++++++++++++++++


+++++++++++++++++++++++++++++++++++++++++++++++++++
At beginning of timestep # 210
Simulation time is 0.042
IBHierarchyIntegrator::advanceHierarchy(): time interval = [0.042,0.0422], dt = 0.0002
IBHierarchyIntegrator::preprocessIntegrateHierarchy(): performing Lagrangian forward Euler step
IBHierarchyIntegrator::advanceHierarchy(): integrating hierarchy
IBHierarchyIntegrator::integrateHierarchy(): computing Lagrangian force
IBHierarchyIntegrator::integrateHierarchy(): spreading Lagrangian force to the Eulerian grid
IBHierarchyIntegrator::integrateHierarchy(): solving the incompressible Navier-Stokes equations
INSStaggeredHierarchyIntegrator::integrateHierarchy(): stokes solve number of iterations = 2
INSStaggeredHierarchyIntegrator::integrateHierarchy(): stokes solve residual norm        = 0.000435908
IBHierarchyIntegrator::integrateHierarchy(): interpolating Eulerian velocity to the Lagrangian mesh
IBHierarchyIntegrator::integrateHierarchy(): performing Lagrangian midpoint-rule step
IBHierarchyIntegrator::postprocessIntegrateHierarchy(): interpolating Eulerian velocity to the Lagrangian mesh
IBHierarchyIntegrator::postprocessIntegrateHierarchy(): CFL number = 0.111591
IBHierarchyIntegrator::postprocessIntegrateHierarchy(): Eulerian estimate of upper bound on IB point displacement since last regrid = 0.332065
IBHierarchyIntegrator::advanceHierarchy(): synchronizing updated data
IBHierarchyIntegrator::advanceHierarchy(): resetting time dependent data

At end       of timestep # 210
Simulation time is 0.0422
+++++++++++++++++++++++++++++++++++++++++++++++++++


+++++++++++++++++++++++++++++++++++++++++++++++++++
At beginning of timestep # 211
Simulation time is 0.0422
IBHierarchyIntegrator::advanceHierarchy(): time interval = [0.0422,0.0424], dt = 0.0002
IBHierarchyIntegrator::preprocessIntegrateHierarchy(): performing Lagrangian forward Euler step
IBHierarchyIntegrator::advanceHierarchy(): integrating hierarchy
IBHierarchyIntegrator::integrateHierarchy(): computing Lagrangian force
IBHierarchyIntegrator::integrateHierarchy(): spreading Lagrangian force to the Eulerian grid
IBHierarchyIntegrator::integrateHierarchy(): solving the incompressible Navier-Stokes equations
INSStaggeredHierarchyIntegrator::integrateHierarchy(): stokes solve number of iterations = 2
INSStaggeredHierarchyIntegrator::integrateHierarchy(): stokes solve residual norm        = 0.000446828
IBHierarchyIntegrator::integrateHierarchy(): interpolating Eulerian velocity to the Lagrangian mesh
IBHierarchyIntegrator::integrateHierarchy(): performing Lagrangian midpoint-rule step
IBHierarchyIntegrator::postprocessIntegrateHierarchy(): interpolating Eulerian velocity to the Lagrangian mesh
IBHierarchyIntegrator::postprocessIntegrateHierarchy(): CFL number = 0.112491
IBHierarchyIntegrator::postprocessIntegrateHierarchy(): Eulerian estimate of upper bound on IB point displacement since last regrid = 0.444556
IBHierarchyIntegrator::advanceHierarchy(): synchronizing updated data
IBHierarchyIntegrator::advanceHierarchy(): resetting time dependent data

At end       of timestep # 211
Simulation time is 0.0424
+++++++++++++++++++++++++++++++++++++++++++++++++++


+++++++++++++++++++++++++++++++++++++++++++++++++++
At beginning of timestep # 212
Simulation time is 0.0424
IBHierarchyIntegrator::advanceHierarchy(): time interval = [0.0424,0.0426], dt = 0.0002
IBHierarchyIntegrator::preprocessIntegrateHierarchy(): performing Lagrangian forward Euler step
IBHierarchyIntegrator::advanceHierarchy(): integrating hierarchy
IBHierarchyIntegrator::integrateHierarchy(): computing Lagrangian force
IBHierarchyIntegrator::integrateHierarchy(): spreading Lagrangian force to the Eulerian grid
IBHierarchyIntegrator::integrateHierarchy(): solving the incompressible Navier-Stokes equations
INSStaggeredHierarchyIntegrator::integrateHierarchy(): stokes solve number of iterations = 2
INSStaggeredHierarchyIntegrator::integrateHierarchy(): stokes solve residual norm        = 0.00067681
IBHierarchyIntegrator::integrateHierarchy(): interpolating Eulerian velocity to the Lagrangian mesh
IBHierarchyIntegrator::integrateHierarchy(): performing Lagrangian midpoint-rule step
IBHierarchyIntegrator::postprocessIntegrateHierarchy(): interpolating Eulerian velocity to the Lagrangian mesh
IBHierarchyIntegrator::postprocessIntegrateHierarchy(): CFL number = 0.113387
IBHierarchyIntegrator::postprocessIntegrateHierarchy(): Eulerian estimate of upper bound on IB point displacement since last regrid = 0.557943
IBHierarchyIntegrator::advanceHierarchy(): synchronizing updated data
IBHierarchyIntegrator::advanceHierarchy(): resetting time dependent data

At end       of timestep # 212
Simulation time is 0.0426
+++++++++++++++++++++++++++++++++++++++++++++++++++


+++++++++++++++++++++++++++++++++++++++++++++++++++
At beginning of timestep # 213
Simulation time is 0.0426
IBHierarchyIntegrator::advanceHierarchy(): time interval = [0.0426,0.0428], dt = 0.0002
IBHierarchyIntegrator::advanceHierarchy(): regridding prior to timestep 213
IBHierarchyIntegrator::regridHierarchy(): starting Lagrangian data movement
IBHierarchyIntegrator::regridHierarchy(): regridding the patch hierarchy
IBHierarchyIntegrator::regridHierarchy(): finishing Lagrangian data movement
INSStaggeredHierarchyIntegrator::preprocessIntegrateHierarchy(): initializing convective operator
INSStaggeredHierarchyIntegrator::preprocessIntegrateHierarchy(): initializing velocity subdomain solver
INSStaggeredHierarchyIntegrator::preprocessIntegrateHierarchy(): initializing pressure subdomain solver
INSStaggeredHierarchyIntegrator::preprocessIntegrateHierarchy(): initializing incompressible Stokes solver
IBHierarchyIntegrator::preprocessIntegrateHierarchy(): performing Lagrangian forward Euler step
IBHierarchyIntegrator::advanceHierarchy(): integrating hierarchy
IBHierarchyIntegrator::integrateHierarchy(): computing Lagrangian force
IBHierarchyIntegrator::integrateHierarchy(): spreading Lagrangian force to the Eulerian grid
IBHierarchyIntegrator::integrateHierarchy(): solving the incompressible Navier-Stokes equations
INSStaggeredHierarchyIntegrator::integrateHierarchy(): stokes solve number of iterations = 2
INSStaggeredHierarchyIntegrator::integrateHierarchy(): stokes solve residual norm        = 0.000744843
IBHierarchyIntegrator::integrateHierarchy(): interpolating Eulerian velocity to the Lagrangian mesh
IBHierarchyIntegrator::integrateHierarchy(): performing Lagrangian midpoint-rule step
IBHierarchyIntegrator::postprocessIntegrateHierarchy(): interpolating Eulerian velocity to the Lagrangian mesh
IBHierarchyIntegrator::postprocessIntegrateHierarchy(): CFL number = 0.114254
IBHierarchyIntegrator::postprocessIntegrateHierarchy(): Eulerian estimate of upper bound on IB point displacement since last regrid = 0.114254
IBHierarchyIntegrator::advanceHierarchy(): synchronizing updated data
IBHierarchyIntegrator::advanceHierarchy(): resetting time dependent data

At end       of timestep # 213
Simulation time is 0.0428
+++++++++++++++++++++++++++++++++++++++++++++++++++


+++++++++++++++++++++++++++++++++++++++++++++++++++
At beginning of timestep # 214
Simulation time is 0.0428
IBHierarchyIntegrator::advanceHierarchy(): time interval = [0.0428,0.043], dt = 0.0002
IBHierarchyIntegrator::preprocessIntegrateHierarchy(): performing Lagrangian forward Euler step
IBHierarchyIntegrator::advanceHierarchy(): integrating hierarchy
IBHierarchyIntegrator::integrateHierarchy(): computing Lagrangian force
IBHierarchyIntegrator::integrateHierarchy(): spreading Lagrangian force to the Eulerian grid
IBHierarchyIntegrator::integrateHierarchy(): solving the incompressible Navier-Stokes equations
INSStaggeredHierarchyIntegrator::integrateHierarchy(): stokes solve number of iterations = 2
INSStaggeredHierarchyIntegrator::integrateHierarchy(): stokes solve residual norm        = 0.00110823
IBHierarchyIntegrator::integrateHierarchy(): interpolating Eulerian velocity to the Lagrangian mesh
IBHierarchyIntegrator::integrateHierarchy(): performing Lagrangian midpoint-rule step
IBHierarchyIntegrator::postprocessIntegrateHierarchy(): interpolating Eulerian velocity to the Lagrangian mesh
IBHierarchyIntegrator::postprocessIntegrateHierarchy(): CFL number = 0.115073
IBHierarchyIntegrator::postprocessIntegrateHierarchy(): Eulerian estimate of upper bound on IB point displacement since last regrid = 0.229327
IBHierarchyIntegrator::advanceHierarchy(): synchronizing updated data
IBHierarchyIntegrator::advanceHierarchy(): resetting time dependent data

At end       of timestep # 214
Simulation time is 0.043
+++++++++++++++++++++++++++++++++++++++++++++++++++


+++++++++++++++++++++++++++++++++++++++++++++++++++
At beginning of timestep # 215
Simulation time is 0.043
IBHierarchyIntegrator::advanceHierarchy(): time interval = [0.043,0.0432], dt = 0.0002
IBHierarchyIntegrator::preprocessIntegrateHierarchy(): performing Lagrangian forward Euler step
IBHierarchyIntegrator::advanceHierarchy(): integrating hierarchy
IBHierarchyIntegrator::integrateHierarchy(): computing Lagrangian force
IBHierarchyIntegrator::integrateHierarchy(): spreading Lagrangian force to the Eulerian grid
IBHierarchyIntegrator::integrateHierarchy(): solving the incompressible Navier-Stokes equations
INSStaggeredHierarchyIntegrator::integrateHierarchy(): stokes solve number of iterations = 2
INSStaggeredHierarchyIntegrator::integrateHierarchy(): stokes solve residual norm        = 0.00113893
IBHierarchyIntegrator::integrateHierarchy(): interpolating Eulerian velocity to the Lagrangian mesh
IBHierarchyIntegrator::integrateHierarchy(): performing Lagrangian midpoint-rule step
IBHierarchyIntegrator::postprocessIntegrateHierarchy(): interpolating Eulerian velocity to the Lagrangian mesh
IBHierarchyIntegrator::postprocessIntegrateHierarchy(): CFL number = 0.115868
IBHierarchyIntegrator::postprocessIntegrateHierarchy(): Eulerian estimate of upper bound on IB point displacement since last regrid = 0.345195
IBHierarchyIntegrator::advanceHierarchy(): synchronizing updated data
IBHierarchyIntegrator::advanceHierarchy(): resetting time dependent data

At end       of timestep # 215
Simulation time is 0.0432
+++++++++++++++++++++++++++++++++++++++++++++++++++


+++++++++++++++++++++++++++++++++++++++++++++++++++
At beginning of timestep # 216
Simulation time is 0.0432
IBHierarchyIntegrator::advanceHierarchy(): time interval = [0.0432,0.0434], dt = 0.0002
IBHierarchyIntegrator::preprocessIntegrateHierarchy(): performing Lagrangian forward Euler step
IBHierarchyIntegrator::advanceHierarchy(): integrating hierarchy
IBHierarchyIntegrator::integrateHierarchy(): computing Lagrangian force
IBHierarchyIntegrator::integrateHierarchy(): spreading Lagrangian force to the Eulerian grid
IBHierarchyIntegrator::integrateHierarchy(): solving the incompressible Navier-Stokes equations
INSStaggeredHierarchyIntegrator::integrateHierarchy(): stokes solve number of iterations = 2
INSStaggeredHierarchyIntegrator::integrateHierarchy(): stokes solve residual norm        = 0.000425971
IBHierarchyIntegrator::integrateHierarchy(): interpolating Eulerian velocity to the Lagrangian mesh
IBHierarchyIntegrator::integrateHierarchy(): performing Lagrangian midpoint-rule step
IBHierarchyIntegrator::postprocessIntegrateHierarchy(): interpolating Eulerian velocity to the Lagrangian mesh
IBHierarchyIntegrator::postprocessIntegrateHierarchy(): CFL number = 0.116662
IBHierarchyIntegrator::postprocessIntegrateHierarchy(): Eulerian estimate of upper bound on IB point displacement since last regrid = 0.461857
IBHierarchyIntegrator::advanceHierarchy(): synchronizing updated data
IBHierarchyIntegrator::advanceHierarchy(): resetting time dependent data

At end       of timestep # 216
Simulation time is 0.0434
+++++++++++++++++++++++++++++++++++++++++++++++++++


+++++++++++++++++++++++++++++++++++++++++++++++++++
At beginning of timestep # 217
Simulation time is 0.0434
IBHierarchyIntegrator::advanceHierarchy(): time interval = [0.0434,0.0436], dt = 0.0002
IBHierarchyIntegrator::preprocessIntegrateHierarchy(): performing Lagrangian forward Euler step
IBHierarchyIntegrator::advanceHierarchy(): integrating hierarchy
IBHierarchyIntegrator::integrateHierarchy(): computing Lagrangian force
IBHierarchyIntegrator::integrateHierarchy(): spreading Lagrangian force to the Eulerian grid
IBHierarchyIntegrator::integrateHierarchy(): solving the incompressible Navier-Stokes equations
INSStaggeredHierarchyIntegrator::integrateHierarchy(): stokes solve number of iterations = 2
INSStaggeredHierarchyIntegrator::integrateHierarchy(): stokes solve residual norm        = 0.000486927
IBHierarchyIntegrator::integrateHierarchy(): interpolating Eulerian velocity to the Lagrangian mesh
IBHierarchyIntegrator::integrateHierarchy(): performing Lagrangian midpoint-rule step
IBHierarchyIntegrator::postprocessIntegrateHierarchy(): interpolating Eulerian velocity to the Lagrangian mesh
IBHierarchyIntegrator::postprocessIntegrateHierarchy(): CFL number = 0.117457
IBHierarchyIntegrator::postprocessIntegrateHierarchy(): Eulerian estimate of upper bound on IB point displacement since last regrid = 0.579314
IBHierarchyIntegrator::advanceHierarchy(): synchronizing updated data
IBHierarchyIntegrator::advanceHierarchy(): resetting time dependent data

At end       of timestep # 217
Simulation time is 0.0436
+++++++++++++++++++++++++++++++++++++++++++++++++++


+++++++++++++++++++++++++++++++++++++++++++++++++++
At beginning of timestep # 218
Simulation time is 0.0436
IBHierarchyIntegrator::advanceHierarchy(): time interval = [0.0436,0.0438], dt = 0.0002
IBHierarchyIntegrator::advanceHierarchy(): regridding prior to timestep 218
IBHierarchyIntegrator::regridHierarchy(): starting Lagrangian data movement
IBHierarchyIntegrator::regridHierarchy(): regridding the patch hierarchy
IBHierarchyIntegrator::regridHierarchy(): finishing Lagrangian data movement
INSStaggeredHierarchyIntegrator::preprocessIntegrateHierarchy(): initializing convective operator
INSStaggeredHierarchyIntegrator::preprocessIntegrateHierarchy(): initializing velocity subdomain solver
INSStaggeredHierarchyIntegrator::preprocessIntegrateHierarchy(): initializing pressure subdomain solver
INSStaggeredHierarchyIntegrator::preprocessIntegrateHierarchy(): initializing incompressible Stokes solver
IBHierarchyIntegrator::preprocessIntegrateHierarchy(): performing Lagrangian forward Euler step
IBHierarchyIntegrator::advanceHierarchy(): integrating hierarchy
IBHierarchyIntegrator::integrateHierarchy(): computing Lagrangian force
IBHierarchyIntegrator::integrateHierarchy(): spreading Lagrangian force to the Eulerian grid
IBHierarchyIntegrator::integrateHierarchy(): solving the incompressible Navier-Stokes equations
INSStaggeredHierarchyIntegrator::integrateHierarchy(): stokes solve number of iterations = 2
INSStaggeredHierarchyIntegrator::integrateHierarchy(): stokes solve residual norm        = 0.000703583
IBHierarchyIntegrator::integrateHierarchy(): interpolating Eulerian velocity to the Lagrangian mesh
IBHierarchyIntegrator::integrateHierarchy(): performing Lagrangian midpoint-rule step
IBHierarchyIntegrator::postprocessIntegrateHierarchy(): interpolating Eulerian velocity to the Lagrangian mesh
IBHierarchyIntegrator::postprocessIntegrateHierarchy(): CFL number = 0.11825
IBHierarchyIntegrator::postprocessIntegrateHierarchy(): Eulerian estimate of upper bound on IB point displacement since last regrid = 0.11825
IBHierarchyIntegrator::advanceHierarchy(): synchronizing updated data
IBHierarchyIntegrator::advanceHierarchy(): resetting time dependent data

At end       of timestep # 218
Simulation time is 0.0438
+++++++++++++++++++++++++++++++++++++++++++++++++++


+++++++++++++++++++++++++++++++++++++++++++++++++++
At beginning of timestep # 219
Simulation time is 0.0438
IBHierarchyIntegrator::advanceHierarchy(): time interval = [0.0438,0.044], dt = 0.0002
IBHierarchyIntegrator::preprocessIntegrateHierarchy(): performing Lagrangian forward Euler step
IBHierarchyIntegrator::advanceHierarchy(): integrating hierarchy
IBHierarchyIntegrator::integrateHierarchy(): computing Lagrangian force
IBHierarchyIntegrator::integrateHierarchy(): spreading Lagrangian force to the Eulerian grid
IBHierarchyIntegrator::integrateHierarchy(): solving the incompressible Navier-Stokes equations
INSStaggeredHierarchyIntegrator::integrateHierarchy(): stokes solve number of iterations = 2
INSStaggeredHierarchyIntegrator::integrateHierarchy(): stokes solve residual norm        = 0.000442007
IBHierarchyIntegrator::integrateHierarchy(): interpolating Eulerian velocity to the Lagrangian mesh
IBHierarchyIntegrator::integrateHierarchy(): performing Lagrangian midpoint-rule step
IBHierarchyIntegrator::postprocessIntegrateHierarchy(): interpolating Eulerian velocity to the Lagrangian mesh
IBHierarchyIntegrator::postprocessIntegrateHierarchy(): CFL number = 0.119036
IBHierarchyIntegrator::postprocessIntegrateHierarchy(): Eulerian estimate of upper bound on IB point displacement since last regrid = 0.237286
IBHierarchyIntegrator::advanceHierarchy(): synchronizing updated data
IBHierarchyIntegrator::advanceHierarchy(): resetting time dependent data

At end       of timestep # 219
Simulation time is 0.044
+++++++++++++++++++++++++++++++++++++++++++++++++++


+++++++++++++++++++++++++++++++++++++++++++++++++++
At beginning of timestep # 220
Simulation time is 0.044
IBHierarchyIntegrator::advanceHierarchy(): time interval = [0.044,0.0442], dt = 0.0002
IBHierarchyIntegrator::preprocessIntegrateHierarchy(): performing Lagrangian forward Euler step
IBHierarchyIntegrator::advanceHierarchy(): integrating hierarchy
IBHierarchyIntegrator::integrateHierarchy(): computing Lagrangian force
IBHierarchyIntegrator::integrateHierarchy(): spreading Lagrangian force to the Eulerian grid
IBHierarchyIntegrator::integrateHierarchy(): solving the incompressible Navier-Stokes equations
INSStaggeredHierarchyIntegrator::integrateHierarchy(): stokes solve number of iterations = 2
INSStaggeredHierarchyIntegrator::integrateHierarchy(): stokes solve residual norm        = 0.000663906
IBHierarchyIntegrator::integrateHierarchy(): interpolating Eulerian velocity to the Lagrangian mesh
IBHierarchyIntegrator::integrateHierarchy(): performing Lagrangian midpoint-rule step
IBHierarchyIntegrator::postprocessIntegrateHierarchy(): interpolating Eulerian velocity to the Lagrangian mesh
IBHierarchyIntegrator::postprocessIntegrateHierarchy(): CFL number = 0.119814
IBHierarchyIntegrator::postprocessIntegrateHierarchy(): Eulerian estimate of upper bound on IB point displacement since last regrid = 0.3571
IBHierarchyIntegrator::advanceHierarchy(): synchronizing updated data
IBHierarchyIntegrator::advanceHierarchy(): resetting time dependent data

At end       of timestep # 220
Simulation time is 0.0442
+++++++++++++++++++++++++++++++++++++++++++++++++++


+++++++++++++++++++++++++++++++++++++++++++++++++++
At beginning of timestep # 221
Simulation time is 0.0442
IBHierarchyIntegrator::advanceHierarchy(): time interval = [0.0442,0.0444], dt = 0.0002
IBHierarchyIntegrator::preprocessIntegrateHierarchy(): performing Lagrangian forward Euler step
IBHierarchyIntegrator::advanceHierarchy(): integrating hierarchy
IBHierarchyIntegrator::integrateHierarchy(): computing Lagrangian force
IBHierarchyIntegrator::integrateHierarchy(): spreading Lagrangian force to the Eulerian grid
IBHierarchyIntegrator::integrateHierarchy(): solving the incompressible Navier-Stokes equations
INSStaggeredHierarchyIntegrator::integrateHierarchy(): stokes solve number of iterations = 2
INSStaggeredHierarchyIntegrator::integrateHierarchy(): stokes solve residual norm        = 0.0004835
IBHierarchyIntegrator::integrateHierarchy(): interpolating Eulerian velocity to the Lagrangian mesh
IBHierarchyIntegrator::integrateHierarchy(): performing Lagrangian midpoint-rule step
IBHierarchyIntegrator::postprocessIntegrateHierarchy(): interpolating Eulerian velocity to the Lagrangian mesh
IBHierarchyIntegrator::postprocessIntegrateHierarchy(): CFL number = 0.120585
IBHierarchyIntegrator::postprocessIntegrateHierarchy(): Eulerian estimate of upper bound on IB point displacement since last regrid = 0.477685
IBHierarchyIntegrator::advanceHierarchy(): synchronizing updated data
IBHierarchyIntegrator::advanceHierarchy(): resetting time dependent data

At end       of timestep # 221
Simulation time is 0.0444
+++++++++++++++++++++++++++++++++++++++++++++++++++


+++++++++++++++++++++++++++++++++++++++++++++++++++
At beginning of timestep # 222
Simulation time is 0.0444
IBHierarchyIntegrator::advanceHierarchy(): time interval = [0.0444,0.0446], dt = 0.0002
IBHierarchyIntegrator::preprocessIntegrateHierarchy(): performing Lagrangian forward Euler step
IBHierarchyIntegrator::advanceHierarchy(): integrating hierarchy
IBHierarchyIntegrator::integrateHierarchy(): computing Lagrangian force
IBHierarchyIntegrator::integrateHierarchy(): spreading Lagrangian force to the Eulerian grid
IBHierarchyIntegrator::integrateHierarchy(): solving the incompressible Navier-Stokes equations
INSStaggeredHierarchyIntegrator::integrateHierarchy(): stokes solve number of iterations = 2
INSStaggeredHierarchyIntegrator::integrateHierarchy(): stokes solve residual norm        = 0.0004292
IBHierarchyIntegrator::integrateHierarchy(): interpolating Eulerian velocity to the Lagrangian mesh
IBHierarchyIntegrator::integrateHierarchy(): performing Lagrangian midpoint-rule step
IBHierarchyIntegrator::postprocessIntegrateHierarchy(): interpolating Eulerian velocity to the Lagrangian mesh
IBHierarchyIntegrator::postprocessIntegrateHierarchy(): CFL number = 0.121342
IBHierarchyIntegrator::postprocessIntegrateHierarchy(): Eulerian estimate of upper bound on IB point displacement since last regrid = 0.599028
IBHierarchyIntegrator::advanceHierarchy(): synchronizing updated data
IBHierarchyIntegrator::advanceHierarchy(): resetting time dependent data

At end       of timestep # 222
Simulation time is 0.0446
+++++++++++++++++++++++++++++++++++++++++++++++++++


+++++++++++++++++++++++++++++++++++++++++++++++++++
At beginning of timestep # 223
Simulation time is 0.0446
IBHierarchyIntegrator::advanceHierarchy(): time interval = [0.0446,0.0448], dt = 0.0002
IBHierarchyIntegrator::advanceHierarchy(): regridding prior to timestep 223
IBHierarchyIntegrator::regridHierarchy(): starting Lagrangian data movement
IBHierarchyIntegrator::regridHierarchy(): regridding the patch hierarchy
IBHierarchyIntegrator::regridHierarchy(): finishing Lagrangian data movement
INSStaggeredHierarchyIntegrator::preprocessIntegrateHierarchy(): initializing convective operator
INSStaggeredHierarchyIntegrator::preprocessIntegrateHierarchy(): initializing velocity subdomain solver
INSStaggeredHierarchyIntegrator::preprocessIntegrateHierarchy(): initializing pressure subdomain solver
INSStaggeredHierarchyIntegrator::preprocessIntegrateHierarchy(): initializing incompressible Stokes solver
IBHierarchyIntegrator::preprocessIntegrateHierarchy(): performing Lagrangian forward Euler step
IBHierarchyIntegrator::advanceHierarchy(): integrating hierarchy
IBHierarchyIntegrator::integrateHierarchy(): computing Lagrangian force
IBHierarchyIntegrator::integrateHierarchy(): spreading Lagrangian force to the Eulerian grid
IBHierarchyIntegrator::integrateHierarchy(): solving the incompressible Navier-Stokes equations
INSStaggeredHierarchyIntegrator::integrateHierarchy(): stokes solve number of iterations = 2
INSStaggeredHierarchyIntegrator::integrateHierarchy(): stokes solve residual norm        = 0.000401689
IBHierarchyIntegrator::integrateHierarchy(): interpolating Eulerian velocity to the Lagrangian mesh
IBHierarchyIntegrator::integrateHierarchy(): performing Lagrangian midpoint-rule step
IBHierarchyIntegrator::postprocessIntegrateHierarchy(): interpolating Eulerian velocity to the Lagrangian mesh
IBHierarchyIntegrator::postprocessIntegrateHierarchy(): CFL number = 0.122071
IBHierarchyIntegrator::postprocessIntegrateHierarchy(): Eulerian estimate of upper bound on IB point displacement since last regrid = 0.122071
IBHierarchyIntegrator::advanceHierarchy(): synchronizing updated data
IBHierarchyIntegrator::advanceHierarchy(): resetting time dependent data

At end       of timestep # 223
Simulation time is 0.0448
+++++++++++++++++++++++++++++++++++++++++++++++++++


+++++++++++++++++++++++++++++++++++++++++++++++++++
At beginning of timestep # 224
Simulation time is 0.0448
IBHierarchyIntegrator::advanceHierarchy(): time interval = [0.0448,0.045], dt = 0.0002
IBHierarchyIntegrator::preprocessIntegrateHierarchy(): performing Lagrangian forward Euler step
IBHierarchyIntegrator::advanceHierarchy(): integrating hierarchy
IBHierarchyIntegrator::integrateHierarchy(): computing Lagrangian force
IBHierarchyIntegrator::integrateHierarchy(): spreading Lagrangian force to the Eulerian grid
IBHierarchyIntegrator::integrateHierarchy(): solving the incompressible Navier-Stokes equations
INSStaggeredHierarchyIntegrator::integrateHierarchy(): stokes solve number of iterations = 2
INSStaggeredHierarchyIntegrator::integrateHierarchy(): stokes solve residual norm        = 0.000377445
IBHierarchyIntegrator::integrateHierarchy(): interpolating Eulerian velocity to the Lagrangian mesh
IBHierarchyIntegrator::integrateHierarchy(): performing Lagrangian midpoint-rule step
IBHierarchyIntegrator::postprocessIntegrateHierarchy(): interpolating Eulerian velocity to the Lagrangian mesh
IBHierarchyIntegrator::postprocessIntegrateHierarchy(): CFL number = 0.122772
IBHierarchyIntegrator::postprocessIntegrateHierarchy(): Eulerian estimate of upper bound on IB point displacement since last regrid = 0.244842
IBHierarchyIntegrator::advanceHierarchy(): synchronizing updated data
IBHierarchyIntegrator::advanceHierarchy(): resetting time dependent data

At end       of timestep # 224
Simulation time is 0.045
+++++++++++++++++++++++++++++++++++++++++++++++++++


+++++++++++++++++++++++++++++++++++++++++++++++++++
At beginning of timestep # 225
Simulation time is 0.045
IBHierarchyIntegrator::advanceHierarchy(): time interval = [0.045,0.0452], dt = 0.0002
IBHierarchyIntegrator::preprocessIntegrateHierarchy(): performing Lagrangian forward Euler step
IBHierarchyIntegrator::advanceHierarchy(): integrating hierarchy
IBHierarchyIntegrator::integrateHierarchy(): computing Lagrangian force
IBHierarchyIntegrator::integrateHierarchy(): spreading Lagrangian force to the Eulerian grid
IBHierarchyIntegrator::integrateHierarchy(): solving the incompressible Navier-Stokes equations
INSStaggeredHierarchyIntegrator::integrateHierarchy(): stokes solve number of iterations = 2
INSStaggeredHierarchyIntegrator::integrateHierarchy(): stokes solve residual norm        = 0.000600978
IBHierarchyIntegrator::integrateHierarchy(): interpolating Eulerian velocity to the Lagrangian mesh
IBHierarchyIntegrator::integrateHierarchy(): performing Lagrangian midpoint-rule step
IBHierarchyIntegrator::postprocessIntegrateHierarchy(): interpolating Eulerian velocity to the Lagrangian mesh
IBHierarchyIntegrator::postprocessIntegrateHierarchy(): CFL number = 0.123437
IBHierarchyIntegrator::postprocessIntegrateHierarchy(): Eulerian estimate of upper bound on IB point displacement since last regrid = 0.368279
IBHierarchyIntegrator::advanceHierarchy(): synchronizing updated data
IBHierarchyIntegrator::advanceHierarchy(): resetting time dependent data

At end       of timestep # 225
Simulation time is 0.0452
+++++++++++++++++++++++++++++++++++++++++++++++++++


+++++++++++++++++++++++++++++++++++++++++++++++++++
At beginning of timestep # 226
Simulation time is 0.0452
IBHierarchyIntegrator::advanceHierarchy(): time interval = [0.0452,0.0454], dt = 0.0002
IBHierarchyIntegrator::preprocessIntegrateHierarchy(): performing Lagrangian forward Euler step
IBHierarchyIntegrator::advanceHierarchy(): integrating hierarchy
IBHierarchyIntegrator::integrateHierarchy(): computing Lagrangian force
IBHierarchyIntegrator::integrateHierarchy(): spreading Lagrangian force to the Eulerian grid
IBHierarchyIntegrator::integrateHierarchy(): solving the incompressible Navier-Stokes equations
INSStaggeredHierarchyIntegrator::integrateHierarchy(): stokes solve number of iterations = 2
INSStaggeredHierarchyIntegrator::integrateHierarchy(): stokes solve residual norm        = 0.000357599
IBHierarchyIntegrator::integrateHierarchy(): interpolating Eulerian velocity to the Lagrangian mesh
IBHierarchyIntegrator::integrateHierarchy(): performing Lagrangian midpoint-rule step
IBHierarchyIntegrator::postprocessIntegrateHierarchy(): interpolating Eulerian velocity to the Lagrangian mesh
IBHierarchyIntegrator::postprocessIntegrateHierarchy(): CFL number = 0.124072
IBHierarchyIntegrator::postprocessIntegrateHierarchy(): Eulerian estimate of upper bound on IB point displacement since last regrid = 0.492351
IBHierarchyIntegrator::advanceHierarchy(): synchronizing updated data
IBHierarchyIntegrator::advanceHierarchy(): resetting time dependent data

At end       of timestep # 226
Simulation time is 0.0454
+++++++++++++++++++++++++++++++++++++++++++++++++++


+++++++++++++++++++++++++++++++++++++++++++++++++++
At beginning of timestep # 227
Simulation time is 0.0454
IBHierarchyIntegrator::advanceHierarchy(): time interval = [0.0454,0.0456], dt = 0.0002
IBHierarchyIntegrator::preprocessIntegrateHierarchy(): performing Lagrangian forward Euler step
IBHierarchyIntegrator::advanceHierarchy(): integrating hierarchy
IBHierarchyIntegrator::integrateHierarchy(): computing Lagrangian force
IBHierarchyIntegrator::integrateHierarchy(): spreading Lagrangian force to the Eulerian grid
IBHierarchyIntegrator::integrateHierarchy(): solving the incompressible Navier-Stokes equations
INSStaggeredHierarchyIntegrator::integrateHierarchy(): stokes solve number of iterations = 2
INSStaggeredHierarchyIntegrator::integrateHierarchy(): stokes solve residual norm        = 0.000380016
IBHierarchyIntegrator::integrateHierarchy(): interpolating Eulerian velocity to the Lagrangian mesh
IBHierarchyIntegrator::integrateHierarchy(): performing Lagrangian midpoint-rule step
IBHierarchyIntegrator::postprocessIntegrateHierarchy(): interpolating Eulerian velocity to the Lagrangian mesh
IBHierarchyIntegrator::postprocessIntegrateHierarchy(): CFL number = 0.124674
IBHierarchyIntegrator::postprocessIntegrateHierarchy(): Eulerian estimate of upper bound on IB point displacement since last regrid = 0.617026
IBHierarchyIntegrator::advanceHierarchy(): synchronizing updated data
IBHierarchyIntegrator::advanceHierarchy(): resetting time dependent data

At end       of timestep # 227
Simulation time is 0.0456
+++++++++++++++++++++++++++++++++++++++++++++++++++


+++++++++++++++++++++++++++++++++++++++++++++++++++
At beginning of timestep # 228
Simulation time is 0.0456
IBHierarchyIntegrator::advanceHierarchy(): time interval = [0.0456,0.0458], dt = 0.0002
IBHierarchyIntegrator::advanceHierarchy(): regridding prior to timestep 228
IBHierarchyIntegrator::regridHierarchy(): starting Lagrangian data movement
IBHierarchyIntegrator::regridHierarchy(): regridding the patch hierarchy
IBHierarchyIntegrator::regridHierarchy(): finishing Lagrangian data movement
INSStaggeredHierarchyIntegrator::preprocessIntegrateHierarchy(): initializing convective operator
INSStaggeredHierarchyIntegrator::preprocessIntegrateHierarchy(): initializing velocity subdomain solver
INSStaggeredHierarchyIntegrator::preprocessIntegrateHierarchy(): initializing pressure subdomain solver
INSStaggeredHierarchyIntegrator::preprocessIntegrateHierarchy(): initializing incompressible Stokes solver
IBHierarchyIntegrator::preprocessIntegrateHierarchy(): performing Lagrangian forward Euler step
IBHierarchyIntegrator::advanceHierarchy(): integrating hierarchy
IBHierarchyIntegrator::integrateHierarchy(): computing Lagrangian force
IBHierarchyIntegrator::integrateHierarchy(): spreading Lagrangian force to the Eulerian grid
IBHierarchyIntegrator::integrateHierarchy(): solving the incompressible Navier-Stokes equations
INSStaggeredHierarchyIntegrator::integrateHierarchy(): stokes solve number of iterations = 2
INSStaggeredHierarchyIntegrator::integrateHierarchy(): stokes solve residual norm        = 0.000661628
IBHierarchyIntegrator::integrateHierarchy(): interpolating Eulerian velocity to the Lagrangian mesh
IBHierarchyIntegrator::integrateHierarchy(): performing Lagrangian midpoint-rule step
IBHierarchyIntegrator::postprocessIntegrateHierarchy(): interpolating Eulerian velocity to the Lagrangian mesh
IBHierarchyIntegrator::postprocessIntegrateHierarchy(): CFL number = 0.125243
IBHierarchyIntegrator::postprocessIntegrateHierarchy(): Eulerian estimate of upper bound on IB point displacement since last regrid = 0.125243
IBHierarchyIntegrator::advanceHierarchy(): synchronizing updated data
IBHierarchyIntegrator::advanceHierarchy(): resetting time dependent data

At end       of timestep # 228
Simulation time is 0.0458
+++++++++++++++++++++++++++++++++++++++++++++++++++


+++++++++++++++++++++++++++++++++++++++++++++++++++
At beginning of timestep # 229
Simulation time is 0.0458
IBHierarchyIntegrator::advanceHierarchy(): time interval = [0.0458,0.046], dt = 0.0002
IBHierarchyIntegrator::preprocessIntegrateHierarchy(): performing Lagrangian forward Euler step
IBHierarchyIntegrator::advanceHierarchy(): integrating hierarchy
IBHierarchyIntegrator::integrateHierarchy(): computing Lagrangian force
IBHierarchyIntegrator::integrateHierarchy(): spreading Lagrangian force to the Eulerian grid
IBHierarchyIntegrator::integrateHierarchy(): solving the incompressible Navier-Stokes equations
INSStaggeredHierarchyIntegrator::integrateHierarchy(): stokes solve number of iterations = 2
INSStaggeredHierarchyIntegrator::integrateHierarchy(): stokes solve residual norm        = 0.000415341
IBHierarchyIntegrator::integrateHierarchy(): interpolating Eulerian velocity to the Lagrangian mesh
IBHierarchyIntegrator::integrateHierarchy(): performing Lagrangian midpoint-rule step
IBHierarchyIntegrator::postprocessIntegrateHierarchy(): interpolating Eulerian velocity to the Lagrangian mesh
IBHierarchyIntegrator::postprocessIntegrateHierarchy(): CFL number = 0.12578
IBHierarchyIntegrator::postprocessIntegrateHierarchy(): Eulerian estimate of upper bound on IB point displacement since last regrid = 0.251023
IBHierarchyIntegrator::advanceHierarchy(): synchronizing updated data
IBHierarchyIntegrator::advanceHierarchy(): resetting time dependent data

At end       of timestep # 229
Simulation time is 0.046
+++++++++++++++++++++++++++++++++++++++++++++++++++


+++++++++++++++++++++++++++++++++++++++++++++++++++
At beginning of timestep # 230
Simulation time is 0.046
IBHierarchyIntegrator::advanceHierarchy(): time interval = [0.046,0.0462], dt = 0.0002
IBHierarchyIntegrator::preprocessIntegrateHierarchy(): performing Lagrangian forward Euler step
IBHierarchyIntegrator::advanceHierarchy(): integrating hierarchy
IBHierarchyIntegrator::integrateHierarchy(): computing Lagrangian force
IBHierarchyIntegrator::integrateHierarchy(): spreading Lagrangian force to the Eulerian grid
IBHierarchyIntegrator::integrateHierarchy(): solving the incompressible Navier-Stokes equations
INSStaggeredHierarchyIntegrator::integrateHierarchy(): stokes solve number of iterations = 2
INSStaggeredHierarchyIntegrator::integrateHierarchy(): stokes solve residual norm        = 0.00035415
IBHierarchyIntegrator::integrateHierarchy(): interpolating Eulerian velocity to the Lagrangian mesh
IBHierarchyIntegrator::integrateHierarchy(): performing Lagrangian midpoint-rule step
IBHierarchyIntegrator::postprocessIntegrateHierarchy(): interpolating Eulerian velocity to the Lagrangian mesh
IBHierarchyIntegrator::postprocessIntegrateHierarchy(): CFL number = 0.126284
IBHierarchyIntegrator::postprocessIntegrateHierarchy(): Eulerian estimate of upper bound on IB point displacement since last regrid = 0.377307
IBHierarchyIntegrator::advanceHierarchy(): synchronizing updated data
IBHierarchyIntegrator::advanceHierarchy(): resetting time dependent data

At end       of timestep # 230
Simulation time is 0.0462
+++++++++++++++++++++++++++++++++++++++++++++++++++


+++++++++++++++++++++++++++++++++++++++++++++++++++
At beginning of timestep # 231
Simulation time is 0.0462
IBHierarchyIntegrator::advanceHierarchy(): time interval = [0.0462,0.0464], dt = 0.0002
IBHierarchyIntegrator::preprocessIntegrateHierarchy(): performing Lagrangian forward Euler step
IBHierarchyIntegrator::advanceHierarchy(): integrating hierarchy
IBHierarchyIntegrator::integrateHierarchy(): computing Lagrangian force
IBHierarchyIntegrator::integrateHierarchy(): spreading Lagrangian force to the Eulerian grid
IBHierarchyIntegrator::integrateHierarchy(): solving the incompressible Navier-Stokes equations
INSStaggeredHierarchyIntegrator::integrateHierarchy(): stokes solve number of iterations = 2
INSStaggeredHierarchyIntegrator::integrateHierarchy(): stokes solve residual norm        = 0.00037736
IBHierarchyIntegrator::integrateHierarchy(): interpolating Eulerian velocity to the Lagrangian mesh
IBHierarchyIntegrator::integrateHierarchy(): performing Lagrangian midpoint-rule step
IBHierarchyIntegrator::postprocessIntegrateHierarchy(): interpolating Eulerian velocity to the Lagrangian mesh
IBHierarchyIntegrator::postprocessIntegrateHierarchy(): CFL number = 0.126758
IBHierarchyIntegrator::postprocessIntegrateHierarchy(): Eulerian estimate of upper bound on IB point displacement since last regrid = 0.504065
IBHierarchyIntegrator::advanceHierarchy(): synchronizing updated data
IBHierarchyIntegrator::advanceHierarchy(): resetting time dependent data

At end       of timestep # 231
Simulation time is 0.0464
+++++++++++++++++++++++++++++++++++++++++++++++++++


+++++++++++++++++++++++++++++++++++++++++++++++++++
At beginning of timestep # 232
Simulation time is 0.0464
IBHierarchyIntegrator::advanceHierarchy(): time interval = [0.0464,0.0466], dt = 0.0002
IBHierarchyIntegrator::advanceHierarchy(): regridding prior to timestep 232
IBHierarchyIntegrator::regridHierarchy(): starting Lagrangian data movement
IBHierarchyIntegrator::regridHierarchy(): regridding the patch hierarchy
IBHierarchyIntegrator::regridHierarchy(): finishing Lagrangian data movement
INSStaggeredHierarchyIntegrator::preprocessIntegrateHierarchy(): initializing convective operator
INSStaggeredHierarchyIntegrator::preprocessIntegrateHierarchy(): initializing velocity subdomain solver
INSStaggeredHierarchyIntegrator::preprocessIntegrateHierarchy(): initializing pressure subdomain solver
INSStaggeredHierarchyIntegrator::preprocessIntegrateHierarchy(): initializing incompressible Stokes solver
IBHierarchyIntegrator::preprocessIntegrateHierarchy(): performing Lagrangian forward Euler step
IBHierarchyIntegrator::advanceHierarchy(): integrating hierarchy
IBHierarchyIntegrator::integrateHierarchy(): computing Lagrangian force
IBHierarchyIntegrator::integrateHierarchy(): spreading Lagrangian force to the Eulerian grid
IBHierarchyIntegrator::integrateHierarchy(): solving the incompressible Navier-Stokes equations
INSStaggeredHierarchyIntegrator::integrateHierarchy(): stokes solve number of iterations = 2
INSStaggeredHierarchyIntegrator::integrateHierarchy(): stokes solve residual norm        = 0.00033401
IBHierarchyIntegrator::integrateHierarchy(): interpolating Eulerian velocity to the Lagrangian mesh
IBHierarchyIntegrator::integrateHierarchy(): performing Lagrangian midpoint-rule step
IBHierarchyIntegrator::postprocessIntegrateHierarchy(): interpolating Eulerian velocity to the Lagrangian mesh
IBHierarchyIntegrator::postprocessIntegrateHierarchy(): CFL number = 0.127207
IBHierarchyIntegrator::postprocessIntegrateHierarchy(): Eulerian estimate of upper bound on IB point displacement since last regrid = 0.127207
IBHierarchyIntegrator::advanceHierarchy(): synchronizing updated data
IBHierarchyIntegrator::advanceHierarchy(): resetting time dependent data

At end       of timestep # 232
Simulation time is 0.0466
+++++++++++++++++++++++++++++++++++++++++++++++++++


+++++++++++++++++++++++++++++++++++++++++++++++++++
At beginning of timestep # 233
Simulation time is 0.0466
IBHierarchyIntegrator::advanceHierarchy(): time interval = [0.0466,0.0468], dt = 0.0002
IBHierarchyIntegrator::preprocessIntegrateHierarchy(): performing Lagrangian forward Euler step
IBHierarchyIntegrator::advanceHierarchy(): integrating hierarchy
IBHierarchyIntegrator::integrateHierarchy(): computing Lagrangian force
IBHierarchyIntegrator::integrateHierarchy(): spreading Lagrangian force to the Eulerian grid
IBHierarchyIntegrator::integrateHierarchy(): solving the incompressible Navier-Stokes equations
INSStaggeredHierarchyIntegrator::integrateHierarchy(): stokes solve number of iterations = 2
INSStaggeredHierarchyIntegrator::integrateHierarchy(): stokes solve residual norm        = 0.000303433
IBHierarchyIntegrator::integrateHierarchy(): interpolating Eulerian velocity to the Lagrangian mesh
IBHierarchyIntegrator::integrateHierarchy(): performing Lagrangian midpoint-rule step
IBHierarchyIntegrator::postprocessIntegrateHierarchy(): interpolating Eulerian velocity to the Lagrangian mesh
IBHierarchyIntegrator::postprocessIntegrateHierarchy(): CFL number = 0.127628
IBHierarchyIntegrator::postprocessIntegrateHierarchy(): Eulerian estimate of upper bound on IB point displacement since last regrid = 0.254835
IBHierarchyIntegrator::advanceHierarchy(): synchronizing updated data
IBHierarchyIntegrator::advanceHierarchy(): resetting time dependent data

At end       of timestep # 233
Simulation time is 0.0468
+++++++++++++++++++++++++++++++++++++++++++++++++++


+++++++++++++++++++++++++++++++++++++++++++++++++++
At beginning of timestep # 234
Simulation time is 0.0468
IBHierarchyIntegrator::advanceHierarchy(): time interval = [0.0468,0.047], dt = 0.0002
IBHierarchyIntegrator::preprocessIntegrateHierarchy(): performing Lagrangian forward Euler step
IBHierarchyIntegrator::advanceHierarchy(): integrating hierarchy
IBHierarchyIntegrator::integrateHierarchy(): computing Lagrangian force
IBHierarchyIntegrator::integrateHierarchy(): spreading Lagrangian force to the Eulerian grid
IBHierarchyIntegrator::integrateHierarchy(): solving the incompressible Navier-Stokes equations
INSStaggeredHierarchyIntegrator::integrateHierarchy(): stokes solve number of iterations = 2
INSStaggeredHierarchyIntegrator::integrateHierarchy(): stokes solve residual norm        = 0.000319199
IBHierarchyIntegrator::integrateHierarchy(): interpolating Eulerian velocity to the Lagrangian mesh
IBHierarchyIntegrator::integrateHierarchy(): performing Lagrangian midpoint-rule step
IBHierarchyIntegrator::postprocessIntegrateHierarchy(): interpolating Eulerian velocity to the Lagrangian mesh
IBHierarchyIntegrator::postprocessIntegrateHierarchy(): CFL number = 0.128026
IBHierarchyIntegrator::postprocessIntegrateHierarchy(): Eulerian estimate of upper bound on IB point displacement since last regrid = 0.382861
IBHierarchyIntegrator::advanceHierarchy(): synchronizing updated data
IBHierarchyIntegrator::advanceHierarchy(): resetting time dependent data

At end       of timestep # 234
Simulation time is 0.047
+++++++++++++++++++++++++++++++++++++++++++++++++++


+++++++++++++++++++++++++++++++++++++++++++++++++++
At beginning of timestep # 235
Simulation time is 0.047
IBHierarchyIntegrator::advanceHierarchy(): time interval = [0.047,0.0472], dt = 0.0002
IBHierarchyIntegrator::preprocessIntegrateHierarchy(): performing Lagrangian forward Euler step
IBHierarchyIntegrator::advanceHierarchy(): integrating hierarchy
IBHierarchyIntegrator::integrateHierarchy(): computing Lagrangian force
IBHierarchyIntegrator::integrateHierarchy(): spreading Lagrangian force to the Eulerian grid
IBHierarchyIntegrator::integrateHierarchy(): solving the incompressible Navier-Stokes equations
INSStaggeredHierarchyIntegrator::integrateHierarchy(): stokes solve number of iterations = 2
INSStaggeredHierarchyIntegrator::integrateHierarchy(): stokes solve residual norm        = 0.000336018
IBHierarchyIntegrator::integrateHierarchy(): interpolating Eulerian velocity to the Lagrangian mesh
IBHierarchyIntegrator::integrateHierarchy(): performing Lagrangian midpoint-rule step
IBHierarchyIntegrator::postprocessIntegrateHierarchy(): interpolating Eulerian velocity to the Lagrangian mesh
IBHierarchyIntegrator::postprocessIntegrateHierarchy(): CFL number = 0.128463
IBHierarchyIntegrator::postprocessIntegrateHierarchy(): Eulerian estimate of upper bound on IB point displacement since last regrid = 0.511324
IBHierarchyIntegrator::advanceHierarchy(): synchronizing updated data
IBHierarchyIntegrator::advanceHierarchy(): resetting time dependent data

At end       of timestep # 235
Simulation time is 0.0472
+++++++++++++++++++++++++++++++++++++++++++++++++++


+++++++++++++++++++++++++++++++++++++++++++++++++++
At beginning of timestep # 236
Simulation time is 0.0472
IBHierarchyIntegrator::advanceHierarchy(): time interval = [0.0472,0.0474], dt = 0.0002
IBHierarchyIntegrator::advanceHierarchy(): regridding prior to timestep 236
IBHierarchyIntegrator::regridHierarchy(): starting Lagrangian data movement
IBHierarchyIntegrator::regridHierarchy(): regridding the patch hierarchy
IBHierarchyIntegrator::regridHierarchy(): finishing Lagrangian data movement
INSStaggeredHierarchyIntegrator::preprocessIntegrateHierarchy(): initializing convective operator
INSStaggeredHierarchyIntegrator::preprocessIntegrateHierarchy(): initializing velocity subdomain solver
INSStaggeredHierarchyIntegrator::preprocessIntegrateHierarchy(): initializing pressure subdomain solver
INSStaggeredHierarchyIntegrator::preprocessIntegrateHierarchy(): initializing incompressible Stokes solver
IBHierarchyIntegrator::preprocessIntegrateHierarchy(): performing Lagrangian forward Euler step
IBHierarchyIntegrator::advanceHierarchy(): integrating hierarchy
IBHierarchyIntegrator::integrateHierarchy(): computing Lagrangian force
IBHierarchyIntegrator::integrateHierarchy(): spreading Lagrangian force to the Eulerian grid
IBHierarchyIntegrator::integrateHierarchy(): solving the incompressible Navier-Stokes equations
INSStaggeredHierarchyIntegrator::integrateHierarchy(): stokes solve number of iterations = 2
INSStaggeredHierarchyIntegrator::integrateHierarchy(): stokes solve residual norm        = 0.000723917
IBHierarchyIntegrator::integrateHierarchy(): interpolating Eulerian velocity to the Lagrangian mesh
IBHierarchyIntegrator::integrateHierarchy(): performing Lagrangian midpoint-rule step
IBHierarchyIntegrator::postprocessIntegrateHierarchy(): interpolating Eulerian velocity to the Lagrangian mesh
IBHierarchyIntegrator::postprocessIntegrateHierarchy(): CFL number = 0.129008
IBHierarchyIntegrator::postprocessIntegrateHierarchy(): Eulerian estimate of upper bound on IB point displacement since last regrid = 0.129008
IBHierarchyIntegrator::advanceHierarchy(): synchronizing updated data
IBHierarchyIntegrator::advanceHierarchy(): resetting time dependent data

At end       of timestep # 236
Simulation time is 0.0474
+++++++++++++++++++++++++++++++++++++++++++++++++++


+++++++++++++++++++++++++++++++++++++++++++++++++++
At beginning of timestep # 237
Simulation time is 0.0474
IBHierarchyIntegrator::advanceHierarchy(): time interval = [0.0474,0.0476], dt = 0.0002
IBHierarchyIntegrator::preprocessIntegrateHierarchy(): performing Lagrangian forward Euler step
IBHierarchyIntegrator::advanceHierarchy(): integrating hierarchy
IBHierarchyIntegrator::integrateHierarchy(): computing Lagrangian force
IBHierarchyIntegrator::integrateHierarchy(): spreading Lagrangian force to the Eulerian grid
IBHierarchyIntegrator::integrateHierarchy(): solving the incompressible Navier-Stokes equations
INSStaggeredHierarchyIntegrator::integrateHierarchy(): stokes solve number of iterations = 2
INSStaggeredHierarchyIntegrator::integrateHierarchy(): stokes solve residual norm        = 0.00032855
IBHierarchyIntegrator::integrateHierarchy(): interpolating Eulerian velocity to the Lagrangian mesh
IBHierarchyIntegrator::integrateHierarchy(): performing Lagrangian midpoint-rule step
IBHierarchyIntegrator::postprocessIntegrateHierarchy(): interpolating Eulerian velocity to the Lagrangian mesh
IBHierarchyIntegrator::postprocessIntegrateHierarchy(): CFL number = 0.129521
IBHierarchyIntegrator::postprocessIntegrateHierarchy(): Eulerian estimate of upper bound on IB point displacement since last regrid = 0.25853
IBHierarchyIntegrator::advanceHierarchy(): synchronizing updated data
IBHierarchyIntegrator::advanceHierarchy(): resetting time dependent data

At end       of timestep # 237
Simulation time is 0.0476
+++++++++++++++++++++++++++++++++++++++++++++++++++


+++++++++++++++++++++++++++++++++++++++++++++++++++
At beginning of timestep # 238
Simulation time is 0.0476
IBHierarchyIntegrator::advanceHierarchy(): time interval = [0.0476,0.0478], dt = 0.0002
IBHierarchyIntegrator::preprocessIntegrateHierarchy(): performing Lagrangian forward Euler step
IBHierarchyIntegrator::advanceHierarchy(): integrating hierarchy
IBHierarchyIntegrator::integrateHierarchy(): computing Lagrangian force
IBHierarchyIntegrator::integrateHierarchy(): spreading Lagrangian force to the Eulerian grid
IBHierarchyIntegrator::integrateHierarchy(): solving the incompressible Navier-Stokes equations
INSStaggeredHierarchyIntegrator::integrateHierarchy(): stokes solve number of iterations = 2
INSStaggeredHierarchyIntegrator::integrateHierarchy(): stokes solve residual norm        = 0.000292797
IBHierarchyIntegrator::integrateHierarchy(): interpolating Eulerian velocity to the Lagrangian mesh
IBHierarchyIntegrator::integrateHierarchy(): performing Lagrangian midpoint-rule step
IBHierarchyIntegrator::postprocessIntegrateHierarchy(): interpolating Eulerian velocity to the Lagrangian mesh
IBHierarchyIntegrator::postprocessIntegrateHierarchy(): CFL number = 0.130004
IBHierarchyIntegrator::postprocessIntegrateHierarchy(): Eulerian estimate of upper bound on IB point displacement since last regrid = 0.388533
IBHierarchyIntegrator::advanceHierarchy(): synchronizing updated data
IBHierarchyIntegrator::advanceHierarchy(): resetting time dependent data

At end       of timestep # 238
Simulation time is 0.0478
+++++++++++++++++++++++++++++++++++++++++++++++++++


+++++++++++++++++++++++++++++++++++++++++++++++++++
At beginning of timestep # 239
Simulation time is 0.0478
IBHierarchyIntegrator::advanceHierarchy(): time interval = [0.0478,0.048], dt = 0.0002
IBHierarchyIntegrator::preprocessIntegrateHierarchy(): performing Lagrangian forward Euler step
IBHierarchyIntegrator::advanceHierarchy(): integrating hierarchy
IBHierarchyIntegrator::integrateHierarchy(): computing Lagrangian force
IBHierarchyIntegrator::integrateHierarchy(): spreading Lagrangian force to the Eulerian grid
IBHierarchyIntegrator::integrateHierarchy(): solving the incompressible Navier-Stokes equations
INSStaggeredHierarchyIntegrator::integrateHierarchy(): stokes solve number of iterations = 2
INSStaggeredHierarchyIntegrator::integrateHierarchy(): stokes solve residual norm        = 0.000414979
IBHierarchyIntegrator::integrateHierarchy(): interpolating Eulerian velocity to the Lagrangian mesh
IBHierarchyIntegrator::integrateHierarchy(): performing Lagrangian midpoint-rule step
IBHierarchyIntegrator::postprocessIntegrateHierarchy(): interpolating Eulerian velocity to the Lagrangian mesh
IBHierarchyIntegrator::postprocessIntegrateHierarchy(): CFL number = 0.130458
IBHierarchyIntegrator::postprocessIntegrateHierarchy(): Eulerian estimate of upper bound on IB point displacement since last regrid = 0.518991
IBHierarchyIntegrator::advanceHierarchy(): synchronizing updated data
IBHierarchyIntegrator::advanceHierarchy(): resetting time dependent data

At end       of timestep # 239
Simulation time is 0.048
+++++++++++++++++++++++++++++++++++++++++++++++++++


+++++++++++++++++++++++++++++++++++++++++++++++++++
At beginning of timestep # 240
Simulation time is 0.048
IBHierarchyIntegrator::advanceHierarchy(): time interval = [0.048,0.0482], dt = 0.0002
IBHierarchyIntegrator::advanceHierarchy(): regridding prior to timestep 240
IBHierarchyIntegrator::regridHierarchy(): starting Lagrangian data movement
IBHierarchyIntegrator::regridHierarchy(): regridding the patch hierarchy
IBHierarchyIntegrator::regridHierarchy(): finishing Lagrangian data movement
INSStaggeredHierarchyIntegrator::preprocessIntegrateHierarchy(): initializing convective operator
INSStaggeredHierarchyIntegrator::preprocessIntegrateHierarchy(): initializing velocity subdomain solver
INSStaggeredHierarchyIntegrator::preprocessIntegrateHierarchy(): initializing pressure subdomain solver
INSStaggeredHierarchyIntegrator::preprocessIntegrateHierarchy(): initializing incompressible Stokes solver
IBHierarchyIntegrator::preprocessIntegrateHierarchy(): performing Lagrangian forward Euler step
IBHierarchyIntegrator::advanceHierarchy(): integrating hierarchy
IBHierarchyIntegrator::integrateHierarchy(): computing Lagrangian force
IBHierarchyIntegrator::integrateHierarchy(): spreading Lagrangian force to the Eulerian grid
IBHierarchyIntegrator::integrateHierarchy(): solving the incompressible Navier-Stokes equations
INSStaggeredHierarchyIntegrator::integrateHierarchy(): stokes solve number of iterations = 2
INSStaggeredHierarchyIntegrator::integrateHierarchy(): stokes solve residual norm        = 0.000359321
IBHierarchyIntegrator::integrateHierarchy(): interpolating Eulerian velocity to the Lagrangian mesh
IBHierarchyIntegrator::integrateHierarchy(): performing Lagrangian midpoint-rule step
IBHierarchyIntegrator::postprocessIntegrateHierarchy(): interpolating Eulerian velocity to the Lagrangian mesh
IBHierarchyIntegrator::postprocessIntegrateHierarchy(): CFL number = 0.130884
IBHierarchyIntegrator::postprocessIntegrateHierarchy(): Eulerian estimate of upper bound on IB point displacement since last regrid = 0.130884
IBHierarchyIntegrator::advanceHierarchy(): synchronizing updated data
IBHierarchyIntegrator::advanceHierarchy(): resetting time dependent data

At end       of timestep # 240
Simulation time is 0.0482
+++++++++++++++++++++++++++++++++++++++++++++++++++


+++++++++++++++++++++++++++++++++++++++++++++++++++
At beginning of timestep # 241
Simulation time is 0.0482
IBHierarchyIntegrator::advanceHierarchy(): time interval = [0.0482,0.0484], dt = 0.0002
IBHierarchyIntegrator::preprocessIntegrateHierarchy(): performing Lagrangian forward Euler step
IBHierarchyIntegrator::advanceHierarchy(): integrating hierarchy
IBHierarchyIntegrator::integrateHierarchy(): computing Lagrangian force
IBHierarchyIntegrator::integrateHierarchy(): spreading Lagrangian force to the Eulerian grid
IBHierarchyIntegrator::integrateHierarchy(): solving the incompressible Navier-Stokes equations
INSStaggeredHierarchyIntegrator::integrateHierarchy(): stokes solve number of iterations = 2
INSStaggeredHierarchyIntegrator::integrateHierarchy(): stokes solve residual norm        = 0.000295212
IBHierarchyIntegrator::integrateHierarchy(): interpolating Eulerian velocity to the Lagrangian mesh
IBHierarchyIntegrator::integrateHierarchy(): performing Lagrangian midpoint-rule step
IBHierarchyIntegrator::postprocessIntegrateHierarchy(): interpolating Eulerian velocity to the Lagrangian mesh
IBHierarchyIntegrator::postprocessIntegrateHierarchy(): CFL number = 0.131285
IBHierarchyIntegrator::postprocessIntegrateHierarchy(): Eulerian estimate of upper bound on IB point displacement since last regrid = 0.262169
IBHierarchyIntegrator::advanceHierarchy(): synchronizing updated data
IBHierarchyIntegrator::advanceHierarchy(): resetting time dependent data

At end       of timestep # 241
Simulation time is 0.0484
+++++++++++++++++++++++++++++++++++++++++++++++++++


+++++++++++++++++++++++++++++++++++++++++++++++++++
At beginning of timestep # 242
Simulation time is 0.0484
IBHierarchyIntegrator::advanceHierarchy(): time interval = [0.0484,0.0486], dt = 0.0002
IBHierarchyIntegrator::preprocessIntegrateHierarchy(): performing Lagrangian forward Euler step
IBHierarchyIntegrator::advanceHierarchy(): integrating hierarchy
IBHierarchyIntegrator::integrateHierarchy(): computing Lagrangian force
IBHierarchyIntegrator::integrateHierarchy(): spreading Lagrangian force to the Eulerian grid
IBHierarchyIntegrator::integrateHierarchy(): solving the incompressible Navier-Stokes equations
INSStaggeredHierarchyIntegrator::integrateHierarchy(): stokes solve number of iterations = 2
INSStaggeredHierarchyIntegrator::integrateHierarchy(): stokes solve residual norm        = 0.000819276
IBHierarchyIntegrator::integrateHierarchy(): interpolating Eulerian velocity to the Lagrangian mesh
IBHierarchyIntegrator::integrateHierarchy(): performing Lagrangian midpoint-rule step
IBHierarchyIntegrator::postprocessIntegrateHierarchy(): interpolating Eulerian velocity to the Lagrangian mesh
IBHierarchyIntegrator::postprocessIntegrateHierarchy(): CFL number = 0.131662
IBHierarchyIntegrator::postprocessIntegrateHierarchy(): Eulerian estimate of upper bound on IB point displacement since last regrid = 0.393831
IBHierarchyIntegrator::advanceHierarchy(): synchronizing updated data
IBHierarchyIntegrator::advanceHierarchy(): resetting time dependent data

At end       of timestep # 242
Simulation time is 0.0486
+++++++++++++++++++++++++++++++++++++++++++++++++++


+++++++++++++++++++++++++++++++++++++++++++++++++++
At beginning of timestep # 243
Simulation time is 0.0486
IBHierarchyIntegrator::advanceHierarchy(): time interval = [0.0486,0.0488], dt = 0.0002
IBHierarchyIntegrator::preprocessIntegrateHierarchy(): performing Lagrangian forward Euler step
IBHierarchyIntegrator::advanceHierarchy(): integrating hierarchy
IBHierarchyIntegrator::integrateHierarchy(): computing Lagrangian force
IBHierarchyIntegrator::integrateHierarchy(): spreading Lagrangian force to the Eulerian grid
IBHierarchyIntegrator::integrateHierarchy(): solving the incompressible Navier-Stokes equations
INSStaggeredHierarchyIntegrator::integrateHierarchy(): stokes solve number of iterations = 2
INSStaggeredHierarchyIntegrator::integrateHierarchy(): stokes solve residual norm        = 0.000342031
IBHierarchyIntegrator::integrateHierarchy(): interpolating Eulerian velocity to the Lagrangian mesh
IBHierarchyIntegrator::integrateHierarchy(): performing Lagrangian midpoint-rule step
IBHierarchyIntegrator::postprocessIntegrateHierarchy(): interpolating Eulerian velocity to the Lagrangian mesh
IBHierarchyIntegrator::postprocessIntegrateHierarchy(): CFL number = 0.132015
IBHierarchyIntegrator::postprocessIntegrateHierarchy(): Eulerian estimate of upper bound on IB point displacement since last regrid = 0.525846
IBHierarchyIntegrator::advanceHierarchy(): synchronizing updated data
IBHierarchyIntegrator::advanceHierarchy(): resetting time dependent data

At end       of timestep # 243
Simulation time is 0.0488
+++++++++++++++++++++++++++++++++++++++++++++++++++


+++++++++++++++++++++++++++++++++++++++++++++++++++
At beginning of timestep # 244
Simulation time is 0.0488
IBHierarchyIntegrator::advanceHierarchy(): time interval = [0.0488,0.049], dt = 0.0002
IBHierarchyIntegrator::advanceHierarchy(): regridding prior to timestep 244
IBHierarchyIntegrator::regridHierarchy(): starting Lagrangian data movement
IBHierarchyIntegrator::regridHierarchy(): regridding the patch hierarchy
IBHierarchyIntegrator::regridHierarchy(): finishing Lagrangian data movement
INSStaggeredHierarchyIntegrator::preprocessIntegrateHierarchy(): initializing convective operator
INSStaggeredHierarchyIntegrator::preprocessIntegrateHierarchy(): initializing velocity subdomain solver
INSStaggeredHierarchyIntegrator::preprocessIntegrateHierarchy(): initializing pressure subdomain solver
INSStaggeredHierarchyIntegrator::preprocessIntegrateHierarchy(): initializing incompressible Stokes solver
IBHierarchyIntegrator::preprocessIntegrateHierarchy(): performing Lagrangian forward Euler step
IBHierarchyIntegrator::advanceHierarchy(): integrating hierarchy
IBHierarchyIntegrator::integrateHierarchy(): computing Lagrangian force
IBHierarchyIntegrator::integrateHierarchy(): spreading Lagrangian force to the Eulerian grid
IBHierarchyIntegrator::integrateHierarchy(): solving the incompressible Navier-Stokes equations
INSStaggeredHierarchyIntegrator::integrateHierarchy(): stokes solve number of iterations = 2
INSStaggeredHierarchyIntegrator::integrateHierarchy(): stokes solve residual norm        = 0.000357408
IBHierarchyIntegrator::integrateHierarchy(): interpolating Eulerian velocity to the Lagrangian mesh
IBHierarchyIntegrator::integrateHierarchy(): performing Lagrangian midpoint-rule step
IBHierarchyIntegrator::postprocessIntegrateHierarchy(): interpolating Eulerian velocity to the Lagrangian mesh
IBHierarchyIntegrator::postprocessIntegrateHierarchy(): CFL number = 0.13235
IBHierarchyIntegrator::postprocessIntegrateHierarchy(): Eulerian estimate of upper bound on IB point displacement since last regrid = 0.13235
IBHierarchyIntegrator::advanceHierarchy(): synchronizing updated data
IBHierarchyIntegrator::advanceHierarchy(): resetting time dependent data

At end       of timestep # 244
Simulation time is 0.049
+++++++++++++++++++++++++++++++++++++++++++++++++++


+++++++++++++++++++++++++++++++++++++++++++++++++++
At beginning of timestep # 245
Simulation time is 0.049
IBHierarchyIntegrator::advanceHierarchy(): time interval = [0.049,0.0492], dt = 0.0002
IBHierarchyIntegrator::preprocessIntegrateHierarchy(): performing Lagrangian forward Euler step
IBHierarchyIntegrator::advanceHierarchy(): integrating hierarchy
IBHierarchyIntegrator::integrateHierarchy(): computing Lagrangian force
IBHierarchyIntegrator::integrateHierarchy(): spreading Lagrangian force to the Eulerian grid
IBHierarchyIntegrator::integrateHierarchy(): solving the incompressible Navier-Stokes equations
INSStaggeredHierarchyIntegrator::integrateHierarchy(): stokes solve number of iterations = 2
INSStaggeredHierarchyIntegrator::integrateHierarchy(): stokes solve residual norm        = 0.000298156
IBHierarchyIntegrator::integrateHierarchy(): interpolating Eulerian velocity to the Lagrangian mesh
IBHierarchyIntegrator::integrateHierarchy(): performing Lagrangian midpoint-rule step
IBHierarchyIntegrator::postprocessIntegrateHierarchy(): interpolating Eulerian velocity to the Lagrangian mesh
IBHierarchyIntegrator::postprocessIntegrateHierarchy(): CFL number = 0.132667
IBHierarchyIntegrator::postprocessIntegrateHierarchy(): Eulerian estimate of upper bound on IB point displacement since last regrid = 0.265016
IBHierarchyIntegrator::advanceHierarchy(): synchronizing updated data
IBHierarchyIntegrator::advanceHierarchy(): resetting time dependent data

At end       of timestep # 245
Simulation time is 0.0492
+++++++++++++++++++++++++++++++++++++++++++++++++++


+++++++++++++++++++++++++++++++++++++++++++++++++++
At beginning of timestep # 246
Simulation time is 0.0492
IBHierarchyIntegrator::advanceHierarchy(): time interval = [0.0492,0.0494], dt = 0.0002
IBHierarchyIntegrator::preprocessIntegrateHierarchy(): performing Lagrangian forward Euler step
IBHierarchyIntegrator::advanceHierarchy(): integrating hierarchy
IBHierarchyIntegrator::integrateHierarchy(): computing Lagrangian force
IBHierarchyIntegrator::integrateHierarchy(): spreading Lagrangian force to the Eulerian grid
IBHierarchyIntegrator::integrateHierarchy(): solving the incompressible Navier-Stokes equations
INSStaggeredHierarchyIntegrator::integrateHierarchy(): stokes solve number of iterations = 2
INSStaggeredHierarchyIntegrator::integrateHierarchy(): stokes solve residual norm        = 0.000646155
IBHierarchyIntegrator::integrateHierarchy(): interpolating Eulerian velocity to the Lagrangian mesh
IBHierarchyIntegrator::integrateHierarchy(): performing Lagrangian midpoint-rule step
IBHierarchyIntegrator::postprocessIntegrateHierarchy(): interpolating Eulerian velocity to the Lagrangian mesh
IBHierarchyIntegrator::postprocessIntegrateHierarchy(): CFL number = 0.13297
IBHierarchyIntegrator::postprocessIntegrateHierarchy(): Eulerian estimate of upper bound on IB point displacement since last regrid = 0.397987
IBHierarchyIntegrator::advanceHierarchy(): synchronizing updated data
IBHierarchyIntegrator::advanceHierarchy(): resetting time dependent data

At end       of timestep # 246
Simulation time is 0.0494
+++++++++++++++++++++++++++++++++++++++++++++++++++


+++++++++++++++++++++++++++++++++++++++++++++++++++
At beginning of timestep # 247
Simulation time is 0.0494
IBHierarchyIntegrator::advanceHierarchy(): time interval = [0.0494,0.0496], dt = 0.0002
IBHierarchyIntegrator::preprocessIntegrateHierarchy(): performing Lagrangian forward Euler step
IBHierarchyIntegrator::advanceHierarchy(): integrating hierarchy
IBHierarchyIntegrator::integrateHierarchy(): computing Lagrangian force
IBHierarchyIntegrator::integrateHierarchy(): spreading Lagrangian force to the Eulerian grid
IBHierarchyIntegrator::integrateHierarchy(): solving the incompressible Navier-Stokes equations
INSStaggeredHierarchyIntegrator::integrateHierarchy(): stokes solve number of iterations = 2
INSStaggeredHierarchyIntegrator::integrateHierarchy(): stokes solve residual norm        = 0.00034024
IBHierarchyIntegrator::integrateHierarchy(): interpolating Eulerian velocity to the Lagrangian mesh
IBHierarchyIntegrator::integrateHierarchy(): performing Lagrangian midpoint-rule step
IBHierarchyIntegrator::postprocessIntegrateHierarchy(): interpolating Eulerian velocity to the Lagrangian mesh
IBHierarchyIntegrator::postprocessIntegrateHierarchy(): CFL number = 0.133263
IBHierarchyIntegrator::postprocessIntegrateHierarchy(): Eulerian estimate of upper bound on IB point displacement since last regrid = 0.531249
IBHierarchyIntegrator::advanceHierarchy(): synchronizing updated data
IBHierarchyIntegrator::advanceHierarchy(): resetting time dependent data

At end       of timestep # 247
Simulation time is 0.0496
+++++++++++++++++++++++++++++++++++++++++++++++++++


+++++++++++++++++++++++++++++++++++++++++++++++++++
At beginning of timestep # 248
Simulation time is 0.0496
IBHierarchyIntegrator::advanceHierarchy(): time interval = [0.0496,0.0498], dt = 0.0002
IBHierarchyIntegrator::advanceHierarchy(): regridding prior to timestep 248
IBHierarchyIntegrator::regridHierarchy(): starting Lagrangian data movement
IBHierarchyIntegrator::regridHierarchy(): regridding the patch hierarchy
IBHierarchyIntegrator::regridHierarchy(): finishing Lagrangian data movement
INSStaggeredHierarchyIntegrator::preprocessIntegrateHierarchy(): initializing convective operator
INSStaggeredHierarchyIntegrator::preprocessIntegrateHierarchy(): initializing velocity subdomain solver
INSStaggeredHierarchyIntegrator::preprocessIntegrateHierarchy(): initializing pressure subdomain solver
INSStaggeredHierarchyIntegrator::preprocessIntegrateHierarchy(): initializing incompressible Stokes solver
IBHierarchyIntegrator::preprocessIntegrateHierarchy(): performing Lagrangian forward Euler step
IBHierarchyIntegrator::advanceHierarchy(): integrating hierarchy
IBHierarchyIntegrator::integrateHierarchy(): computing Lagrangian force
IBHierarchyIntegrator::integrateHierarchy(): spreading Lagrangian force to the Eulerian grid
IBHierarchyIntegrator::integrateHierarchy(): solving the incompressible Navier-Stokes equations
INSStaggeredHierarchyIntegrator::integrateHierarchy(): stokes solve number of iterations = 2
INSStaggeredHierarchyIntegrator::integrateHierarchy(): stokes solve residual norm        = 0.0003494
IBHierarchyIntegrator::integrateHierarchy(): interpolating Eulerian velocity to the Lagrangian mesh
IBHierarchyIntegrator::integrateHierarchy(): performing Lagrangian midpoint-rule step
IBHierarchyIntegrator::postprocessIntegrateHierarchy(): interpolating Eulerian velocity to the Lagrangian mesh
IBHierarchyIntegrator::postprocessIntegrateHierarchy(): CFL number = 0.133546
IBHierarchyIntegrator::postprocessIntegrateHierarchy(): Eulerian estimate of upper bound on IB point displacement since last regrid = 0.133546
IBHierarchyIntegrator::advanceHierarchy(): synchronizing updated data
IBHierarchyIntegrator::advanceHierarchy(): resetting time dependent data

At end       of timestep # 248
Simulation time is 0.0498
+++++++++++++++++++++++++++++++++++++++++++++++++++


+++++++++++++++++++++++++++++++++++++++++++++++++++
At beginning of timestep # 249
Simulation time is 0.0498
IBHierarchyIntegrator::advanceHierarchy(): time interval = [0.0498,0.05], dt = 0.0002
IBHierarchyIntegrator::preprocessIntegrateHierarchy(): performing Lagrangian forward Euler step
IBHierarchyIntegrator::advanceHierarchy(): integrating hierarchy
IBHierarchyIntegrator::integrateHierarchy(): computing Lagrangian force
IBHierarchyIntegrator::integrateHierarchy(): spreading Lagrangian force to the Eulerian grid
IBHierarchyIntegrator::integrateHierarchy(): solving the incompressible Navier-Stokes equations
INSStaggeredHierarchyIntegrator::integrateHierarchy(): stokes solve number of iterations = 2
INSStaggeredHierarchyIntegrator::integrateHierarchy(): stokes solve residual norm        = 0.00043699
IBHierarchyIntegrator::integrateHierarchy(): interpolating Eulerian velocity to the Lagrangian mesh
IBHierarchyIntegrator::integrateHierarchy(): performing Lagrangian midpoint-rule step
IBHierarchyIntegrator::postprocessIntegrateHierarchy(): interpolating Eulerian velocity to the Lagrangian mesh
IBHierarchyIntegrator::postprocessIntegrateHierarchy(): CFL number = 0.133822
IBHierarchyIntegrator::postprocessIntegrateHierarchy(): Eulerian estimate of upper bound on IB point displacement since last regrid = 0.267367
IBHierarchyIntegrator::advanceHierarchy(): synchronizing updated data
IBHierarchyIntegrator::advanceHierarchy(): resetting time dependent data

At end       of timestep # 249
Simulation time is 0.05
+++++++++++++++++++++++++++++++++++++++++++++++++++


+++++++++++++++++++++++++++++++++++++++++++++++++++
At beginning of timestep # 250
Simulation time is 0.05
IBHierarchyIntegrator::advanceHierarchy(): time interval = [0.05,0.0502], dt = 0.0002
IBHierarchyIntegrator::preprocessIntegrateHierarchy(): performing Lagrangian forward Euler step
IBHierarchyIntegrator::advanceHierarchy(): integrating hierarchy
IBHierarchyIntegrator::integrateHierarchy(): computing Lagrangian force
IBHierarchyIntegrator::integrateHierarchy(): spreading Lagrangian force to the Eulerian grid
IBHierarchyIntegrator::integrateHierarchy(): solving the incompressible Navier-Stokes equations
INSStaggeredHierarchyIntegrator::integrateHierarchy(): stokes solve number of iterations = 2
INSStaggeredHierarchyIntegrator::integrateHierarchy(): stokes solve residual norm        = 0.000244738
IBHierarchyIntegrator::integrateHierarchy(): interpolating Eulerian velocity to the Lagrangian mesh
IBHierarchyIntegrator::integrateHierarchy(): performing Lagrangian midpoint-rule step
IBHierarchyIntegrator::postprocessIntegrateHierarchy(): interpolating Eulerian velocity to the Lagrangian mesh
IBHierarchyIntegrator::postprocessIntegrateHierarchy(): CFL number = 0.134092
IBHierarchyIntegrator::postprocessIntegrateHierarchy(): Eulerian estimate of upper bound on IB point displacement since last regrid = 0.401459
IBHierarchyIntegrator::advanceHierarchy(): synchronizing updated data
IBHierarchyIntegrator::advanceHierarchy(): resetting time dependent data

At end       of timestep # 250
Simulation time is 0.0502
+++++++++++++++++++++++++++++++++++++++++++++++++++


+++++++++++++++++++++++++++++++++++++++++++++++++++
At beginning of timestep # 251
Simulation time is 0.0502
IBHierarchyIntegrator::advanceHierarchy(): time interval = [0.0502,0.0504], dt = 0.0002
IBHierarchyIntegrator::preprocessIntegrateHierarchy(): performing Lagrangian forward Euler step
IBHierarchyIntegrator::advanceHierarchy(): integrating hierarchy
IBHierarchyIntegrator::integrateHierarchy(): computing Lagrangian force
IBHierarchyIntegrator::integrateHierarchy(): spreading Lagrangian force to the Eulerian grid
IBHierarchyIntegrator::integrateHierarchy(): solving the incompressible Navier-Stokes equations
INSStaggeredHierarchyIntegrator::integrateHierarchy(): stokes solve number of iterations = 2
INSStaggeredHierarchyIntegrator::integrateHierarchy(): stokes solve residual norm        = 0.000268085
IBHierarchyIntegrator::integrateHierarchy(): interpolating Eulerian velocity to the Lagrangian mesh
IBHierarchyIntegrator::integrateHierarchy(): performing Lagrangian midpoint-rule step
IBHierarchyIntegrator::postprocessIntegrateHierarchy(): interpolating Eulerian velocity to the Lagrangian mesh
IBHierarchyIntegrator::postprocessIntegrateHierarchy(): CFL number = 0.134359
IBHierarchyIntegrator::postprocessIntegrateHierarchy(): Eulerian estimate of upper bound on IB point displacement since last regrid = 0.535818
IBHierarchyIntegrator::advanceHierarchy(): synchronizing updated data
IBHierarchyIntegrator::advanceHierarchy(): resetting time dependent data

At end       of timestep # 251
Simulation time is 0.0504
+++++++++++++++++++++++++++++++++++++++++++++++++++


+++++++++++++++++++++++++++++++++++++++++++++++++++
At beginning of timestep # 252
Simulation time is 0.0504
IBHierarchyIntegrator::advanceHierarchy(): time interval = [0.0504,0.0506], dt = 0.0002
IBHierarchyIntegrator::advanceHierarchy(): regridding prior to timestep 252
IBHierarchyIntegrator::regridHierarchy(): starting Lagrangian data movement
IBHierarchyIntegrator::regridHierarchy(): regridding the patch hierarchy
IBHierarchyIntegrator::regridHierarchy(): finishing Lagrangian data movement
INSStaggeredHierarchyIntegrator::preprocessIntegrateHierarchy(): initializing convective operator
INSStaggeredHierarchyIntegrator::preprocessIntegrateHierarchy(): initializing velocity subdomain solver
INSStaggeredHierarchyIntegrator::preprocessIntegrateHierarchy(): initializing pressure subdomain solver
INSStaggeredHierarchyIntegrator::preprocessIntegrateHierarchy(): initializing incompressible Stokes solver
IBHierarchyIntegrator::preprocessIntegrateHierarchy(): performing Lagrangian forward Euler step
IBHierarchyIntegrator::advanceHierarchy(): integrating hierarchy
IBHierarchyIntegrator::integrateHierarchy(): computing Lagrangian force
IBHierarchyIntegrator::integrateHierarchy(): spreading Lagrangian force to the Eulerian grid
IBHierarchyIntegrator::integrateHierarchy(): solving the incompressible Navier-Stokes equations
INSStaggeredHierarchyIntegrator::integrateHierarchy(): stokes solve number of iterations = 2
INSStaggeredHierarchyIntegrator::integrateHierarchy(): stokes solve residual norm        = 0.00085684
IBHierarchyIntegrator::integrateHierarchy(): interpolating Eulerian velocity to the Lagrangian mesh
IBHierarchyIntegrator::integrateHierarchy(): performing Lagrangian midpoint-rule step
IBHierarchyIntegrator::postprocessIntegrateHierarchy(): interpolating Eulerian velocity to the Lagrangian mesh
IBHierarchyIntegrator::postprocessIntegrateHierarchy(): CFL number = 0.134622
IBHierarchyIntegrator::postprocessIntegrateHierarchy(): Eulerian estimate of upper bound on IB point displacement since last regrid = 0.134622
IBHierarchyIntegrator::advanceHierarchy(): synchronizing updated data
IBHierarchyIntegrator::advanceHierarchy(): resetting time dependent data

At end       of timestep # 252
Simulation time is 0.0506
+++++++++++++++++++++++++++++++++++++++++++++++++++


+++++++++++++++++++++++++++++++++++++++++++++++++++
At beginning of timestep # 253
Simulation time is 0.0506
IBHierarchyIntegrator::advanceHierarchy(): time interval = [0.0506,0.0508], dt = 0.0002
IBHierarchyIntegrator::preprocessIntegrateHierarchy(): performing Lagrangian forward Euler step
IBHierarchyIntegrator::advanceHierarchy(): integrating hierarchy
IBHierarchyIntegrator::integrateHierarchy(): computing Lagrangian force
IBHierarchyIntegrator::integrateHierarchy(): spreading Lagrangian force to the Eulerian grid
IBHierarchyIntegrator::integrateHierarchy(): solving the incompressible Navier-Stokes equations
INSStaggeredHierarchyIntegrator::integrateHierarchy(): stokes solve number of iterations = 2
INSStaggeredHierarchyIntegrator::integrateHierarchy(): stokes solve residual norm        = 0.00024658
IBHierarchyIntegrator::integrateHierarchy(): interpolating Eulerian velocity to the Lagrangian mesh
IBHierarchyIntegrator::integrateHierarchy(): performing Lagrangian midpoint-rule step
IBHierarchyIntegrator::postprocessIntegrateHierarchy(): interpolating Eulerian velocity to the Lagrangian mesh
IBHierarchyIntegrator::postprocessIntegrateHierarchy(): CFL number = 0.134883
IBHierarchyIntegrator::postprocessIntegrateHierarchy(): Eulerian estimate of upper bound on IB point displacement since last regrid = 0.269505
IBHierarchyIntegrator::advanceHierarchy(): synchronizing updated data
IBHierarchyIntegrator::advanceHierarchy(): resetting time dependent data

At end       of timestep # 253
Simulation time is 0.0508
+++++++++++++++++++++++++++++++++++++++++++++++++++


+++++++++++++++++++++++++++++++++++++++++++++++++++
At beginning of timestep # 254
Simulation time is 0.0508
IBHierarchyIntegrator::advanceHierarchy(): time interval = [0.0508,0.051], dt = 0.0002
IBHierarchyIntegrator::preprocessIntegrateHierarchy(): performing Lagrangian forward Euler step
IBHierarchyIntegrator::advanceHierarchy(): integrating hierarchy
IBHierarchyIntegrator::integrateHierarchy(): computing Lagrangian force
IBHierarchyIntegrator::integrateHierarchy(): spreading Lagrangian force to the Eulerian grid
IBHierarchyIntegrator::integrateHierarchy(): solving the incompressible Navier-Stokes equations
INSStaggeredHierarchyIntegrator::integrateHierarchy(): stokes solve number of iterations = 2
INSStaggeredHierarchyIntegrator::integrateHierarchy(): stokes solve residual norm        = 0.000895503
IBHierarchyIntegrator::integrateHierarchy(): interpolating Eulerian velocity to the Lagrangian mesh
IBHierarchyIntegrator::integrateHierarchy(): performing Lagrangian midpoint-rule step
IBHierarchyIntegrator::postprocessIntegrateHierarchy(): interpolating Eulerian velocity to the Lagrangian mesh
IBHierarchyIntegrator::postprocessIntegrateHierarchy(): CFL number = 0.135142
IBHierarchyIntegrator::postprocessIntegrateHierarchy(): Eulerian estimate of upper bound on IB point displacement since last regrid = 0.404646
IBHierarchyIntegrator::advanceHierarchy(): synchronizing updated data
IBHierarchyIntegrator::advanceHierarchy(): resetting time dependent data

At end       of timestep # 254
Simulation time is 0.051
+++++++++++++++++++++++++++++++++++++++++++++++++++


+++++++++++++++++++++++++++++++++++++++++++++++++++
At beginning of timestep # 255
Simulation time is 0.051
IBHierarchyIntegrator::advanceHierarchy(): time interval = [0.051,0.0512], dt = 0.0002
IBHierarchyIntegrator::preprocessIntegrateHierarchy(): performing Lagrangian forward Euler step
IBHierarchyIntegrator::advanceHierarchy(): integrating hierarchy
IBHierarchyIntegrator::integrateHierarchy(): computing Lagrangian force
IBHierarchyIntegrator::integrateHierarchy(): spreading Lagrangian force to the Eulerian grid
IBHierarchyIntegrator::integrateHierarchy(): solving the incompressible Navier-Stokes equations
INSStaggeredHierarchyIntegrator::integrateHierarchy(): stokes solve number of iterations = 2
INSStaggeredHierarchyIntegrator::integrateHierarchy(): stokes solve residual norm        = 0.000864466
IBHierarchyIntegrator::integrateHierarchy(): interpolating Eulerian velocity to the Lagrangian mesh
IBHierarchyIntegrator::integrateHierarchy(): performing Lagrangian midpoint-rule step
IBHierarchyIntegrator::postprocessIntegrateHierarchy(): interpolating Eulerian velocity to the Lagrangian mesh
IBHierarchyIntegrator::postprocessIntegrateHierarchy(): CFL number = 0.135395
IBHierarchyIntegrator::postprocessIntegrateHierarchy(): Eulerian estimate of upper bound on IB point displacement since last regrid = 0.540041
IBHierarchyIntegrator::advanceHierarchy(): synchronizing updated data
IBHierarchyIntegrator::advanceHierarchy(): resetting time dependent data

At end       of timestep # 255
Simulation time is 0.0512
+++++++++++++++++++++++++++++++++++++++++++++++++++


+++++++++++++++++++++++++++++++++++++++++++++++++++
At beginning of timestep # 256
Simulation time is 0.0512
IBHierarchyIntegrator::advanceHierarchy(): time interval = [0.0512,0.0514], dt = 0.0002
IBHierarchyIntegrator::advanceHierarchy(): regridding prior to timestep 256
IBHierarchyIntegrator::regridHierarchy(): starting Lagrangian data movement
IBHierarchyIntegrator::regridHierarchy(): regridding the patch hierarchy
IBHierarchyIntegrator::regridHierarchy(): finishing Lagrangian data movement
INSStaggeredHierarchyIntegrator::preprocessIntegrateHierarchy(): initializing convective operator
INSStaggeredHierarchyIntegrator::preprocessIntegrateHierarchy(): initializing velocity subdomain solver
INSStaggeredHierarchyIntegrator::preprocessIntegrateHierarchy(): initializing pressure subdomain solver
INSStaggeredHierarchyIntegrator::preprocessIntegrateHierarchy(): initializing incompressible Stokes solver
IBHierarchyIntegrator::preprocessIntegrateHierarchy(): performing Lagrangian forward Euler step
IBHierarchyIntegrator::advanceHierarchy(): integrating hierarchy
IBHierarchyIntegrator::integrateHierarchy(): computing Lagrangian force
IBHierarchyIntegrator::integrateHierarchy(): spreading Lagrangian force to the Eulerian grid
IBHierarchyIntegrator::integrateHierarchy(): solving the incompressible Navier-Stokes equations
INSStaggeredHierarchyIntegrator::integrateHierarchy(): stokes solve number of iterations = 2
INSStaggeredHierarchyIntegrator::integrateHierarchy(): stokes solve residual norm        = 0.000259046
IBHierarchyIntegrator::integrateHierarchy(): interpolating Eulerian velocity to the Lagrangian mesh
IBHierarchyIntegrator::integrateHierarchy(): performing Lagrangian midpoint-rule step
IBHierarchyIntegrator::postprocessIntegrateHierarchy(): interpolating Eulerian velocity to the Lagrangian mesh
IBHierarchyIntegrator::postprocessIntegrateHierarchy(): CFL number = 0.135649
IBHierarchyIntegrator::postprocessIntegrateHierarchy(): Eulerian estimate of upper bound on IB point displacement since last regrid = 0.135649
IBHierarchyIntegrator::advanceHierarchy(): synchronizing updated data
IBHierarchyIntegrator::advanceHierarchy(): resetting time dependent data

At end       of timestep # 256
Simulation time is 0.0514
+++++++++++++++++++++++++++++++++++++++++++++++++++


+++++++++++++++++++++++++++++++++++++++++++++++++++
At beginning of timestep # 257
Simulation time is 0.0514
IBHierarchyIntegrator::advanceHierarchy(): time interval = [0.0514,0.0516], dt = 0.0002
IBHierarchyIntegrator::preprocessIntegrateHierarchy(): performing Lagrangian forward Euler step
IBHierarchyIntegrator::advanceHierarchy(): integrating hierarchy
IBHierarchyIntegrator::integrateHierarchy(): computing Lagrangian force
IBHierarchyIntegrator::integrateHierarchy(): spreading Lagrangian force to the Eulerian grid
IBHierarchyIntegrator::integrateHierarchy(): solving the incompressible Navier-Stokes equations
INSStaggeredHierarchyIntegrator::integrateHierarchy(): stokes solve number of iterations = 2
INSStaggeredHierarchyIntegrator::integrateHierarchy(): stokes solve residual norm        = 0.000819266
IBHierarchyIntegrator::integrateHierarchy(): interpolating Eulerian velocity to the Lagrangian mesh
IBHierarchyIntegrator::integrateHierarchy(): performing Lagrangian midpoint-rule step
IBHierarchyIntegrator::postprocessIntegrateHierarchy(): interpolating Eulerian velocity to the Lagrangian mesh
IBHierarchyIntegrator::postprocessIntegrateHierarchy(): CFL number = 0.135903
IBHierarchyIntegrator::postprocessIntegrateHierarchy(): Eulerian estimate of upper bound on IB point displacement since last regrid = 0.271552
IBHierarchyIntegrator::advanceHierarchy(): synchronizing updated data
IBHierarchyIntegrator::advanceHierarchy(): resetting time dependent data

At end       of timestep # 257
Simulation time is 0.0516
+++++++++++++++++++++++++++++++++++++++++++++++++++


+++++++++++++++++++++++++++++++++++++++++++++++++++
At beginning of timestep # 258
Simulation time is 0.0516
IBHierarchyIntegrator::advanceHierarchy(): time interval = [0.0516,0.0518], dt = 0.0002
IBHierarchyIntegrator::preprocessIntegrateHierarchy(): performing Lagrangian forward Euler step
IBHierarchyIntegrator::advanceHierarchy(): integrating hierarchy
IBHierarchyIntegrator::integrateHierarchy(): computing Lagrangian force
IBHierarchyIntegrator::integrateHierarchy(): spreading Lagrangian force to the Eulerian grid
IBHierarchyIntegrator::integrateHierarchy(): solving the incompressible Navier-Stokes equations
INSStaggeredHierarchyIntegrator::integrateHierarchy(): stokes solve number of iterations = 2
INSStaggeredHierarchyIntegrator::integrateHierarchy(): stokes solve residual norm        = 0.000147801
IBHierarchyIntegrator::integrateHierarchy(): interpolating Eulerian velocity to the Lagrangian mesh
IBHierarchyIntegrator::integrateHierarchy(): performing Lagrangian midpoint-rule step
IBHierarchyIntegrator::postprocessIntegrateHierarchy(): interpolating Eulerian velocity to the Lagrangian mesh
IBHierarchyIntegrator::postprocessIntegrateHierarchy(): CFL number = 0.136155
IBHierarchyIntegrator::postprocessIntegrateHierarchy(): Eulerian estimate of upper bound on IB point displacement since last regrid = 0.407708
IBHierarchyIntegrator::advanceHierarchy(): synchronizing updated data
IBHierarchyIntegrator::advanceHierarchy(): resetting time dependent data

At end       of timestep # 258
Simulation time is 0.0518
+++++++++++++++++++++++++++++++++++++++++++++++++++


+++++++++++++++++++++++++++++++++++++++++++++++++++
At beginning of timestep # 259
Simulation time is 0.0518
IBHierarchyIntegrator::advanceHierarchy(): time interval = [0.0518,0.052], dt = 0.0002
IBHierarchyIntegrator::preprocessIntegrateHierarchy(): performing Lagrangian forward Euler step
IBHierarchyIntegrator::advanceHierarchy(): integrating hierarchy
IBHierarchyIntegrator::integrateHierarchy(): computing Lagrangian force
IBHierarchyIntegrator::integrateHierarchy(): spreading Lagrangian force to the Eulerian grid
IBHierarchyIntegrator::integrateHierarchy(): solving the incompressible Navier-Stokes equations
INSStaggeredHierarchyIntegrator::integrateHierarchy(): stokes solve number of iterations = 2
INSStaggeredHierarchyIntegrator::integrateHierarchy(): stokes solve residual norm        = 0.000187945
IBHierarchyIntegrator::integrateHierarchy(): interpolating Eulerian velocity to the Lagrangian mesh
IBHierarchyIntegrator::integrateHierarchy(): performing Lagrangian midpoint-rule step
IBHierarchyIntegrator::postprocessIntegrateHierarchy(): interpolating Eulerian velocity to the Lagrangian mesh
IBHierarchyIntegrator::postprocessIntegrateHierarchy(): CFL number = 0.136407
IBHierarchyIntegrator::postprocessIntegrateHierarchy(): Eulerian estimate of upper bound on IB point displacement since last regrid = 0.544114
IBHierarchyIntegrator::advanceHierarchy(): synchronizing updated data
IBHierarchyIntegrator::advanceHierarchy(): resetting time dependent data

At end       of timestep # 259
Simulation time is 0.052
+++++++++++++++++++++++++++++++++++++++++++++++++++


+++++++++++++++++++++++++++++++++++++++++++++++++++
At beginning of timestep # 260
Simulation time is 0.052
IBHierarchyIntegrator::advanceHierarchy(): time interval = [0.052,0.0522], dt = 0.0002
IBHierarchyIntegrator::advanceHierarchy(): regridding prior to timestep 260
IBHierarchyIntegrator::regridHierarchy(): starting Lagrangian data movement
IBHierarchyIntegrator::regridHierarchy(): regridding the patch hierarchy
IBHierarchyIntegrator::regridHierarchy(): finishing Lagrangian data movement
INSStaggeredHierarchyIntegrator::preprocessIntegrateHierarchy(): initializing convective operator
INSStaggeredHierarchyIntegrator::preprocessIntegrateHierarchy(): initializing velocity subdomain solver
INSStaggeredHierarchyIntegrator::preprocessIntegrateHierarchy(): initializing pressure subdomain solver
INSStaggeredHierarchyIntegrator::preprocessIntegrateHierarchy(): initializing incompressible Stokes solver
IBHierarchyIntegrator::preprocessIntegrateHierarchy(): performing Lagrangian forward Euler step
IBHierarchyIntegrator::advanceHierarchy(): integrating hierarchy
IBHierarchyIntegrator::integrateHierarchy(): computing Lagrangian force
IBHierarchyIntegrator::integrateHierarchy(): spreading Lagrangian force to the Eulerian grid
IBHierarchyIntegrator::integrateHierarchy(): solving the incompressible Navier-Stokes equations
INSStaggeredHierarchyIntegrator::integrateHierarchy(): stokes solve number of iterations = 2
INSStaggeredHierarchyIntegrator::integrateHierarchy(): stokes solve residual norm        = 0.000301709
IBHierarchyIntegrator::integrateHierarchy(): interpolating Eulerian velocity to the Lagrangian mesh
IBHierarchyIntegrator::integrateHierarchy(): performing Lagrangian midpoint-rule step
IBHierarchyIntegrator::postprocessIntegrateHierarchy(): interpolating Eulerian velocity to the Lagrangian mesh
IBHierarchyIntegrator::postprocessIntegrateHierarchy(): CFL number = 0.136657
IBHierarchyIntegrator::postprocessIntegrateHierarchy(): Eulerian estimate of upper bound on IB point displacement since last regrid = 0.136657
IBHierarchyIntegrator::advanceHierarchy(): synchronizing updated data
IBHierarchyIntegrator::advanceHierarchy(): resetting time dependent data

At end       of timestep # 260
Simulation time is 0.0522
+++++++++++++++++++++++++++++++++++++++++++++++++++


+++++++++++++++++++++++++++++++++++++++++++++++++++
At beginning of timestep # 261
Simulation time is 0.0522
IBHierarchyIntegrator::advanceHierarchy(): time interval = [0.0522,0.0524], dt = 0.0002
IBHierarchyIntegrator::preprocessIntegrateHierarchy(): performing Lagrangian forward Euler step
IBHierarchyIntegrator::advanceHierarchy(): integrating hierarchy
IBHierarchyIntegrator::integrateHierarchy(): computing Lagrangian force
IBHierarchyIntegrator::integrateHierarchy(): spreading Lagrangian force to the Eulerian grid
IBHierarchyIntegrator::integrateHierarchy(): solving the incompressible Navier-Stokes equations
INSStaggeredHierarchyIntegrator::integrateHierarchy(): stokes solve number of iterations = 2
INSStaggeredHierarchyIntegrator::integrateHierarchy(): stokes solve residual norm        = 0.000271457
IBHierarchyIntegrator::integrateHierarchy(): interpolating Eulerian velocity to the Lagrangian mesh
IBHierarchyIntegrator::integrateHierarchy(): performing Lagrangian midpoint-rule step
IBHierarchyIntegrator::postprocessIntegrateHierarchy(): interpolating Eulerian velocity to the Lagrangian mesh
IBHierarchyIntegrator::postprocessIntegrateHierarchy(): CFL number = 0.136907
IBHierarchyIntegrator::postprocessIntegrateHierarchy(): Eulerian estimate of upper bound on IB point displacement since last regrid = 0.273564
IBHierarchyIntegrator::advanceHierarchy(): synchronizing updated data
IBHierarchyIntegrator::advanceHierarchy(): resetting time dependent data

At end       of timestep # 261
Simulation time is 0.0524
+++++++++++++++++++++++++++++++++++++++++++++++++++


+++++++++++++++++++++++++++++++++++++++++++++++++++
At beginning of timestep # 262
Simulation time is 0.0524
IBHierarchyIntegrator::advanceHierarchy(): time interval = [0.0524,0.0526], dt = 0.0002
IBHierarchyIntegrator::preprocessIntegrateHierarchy(): performing Lagrangian forward Euler step
IBHierarchyIntegrator::advanceHierarchy(): integrating hierarchy
IBHierarchyIntegrator::integrateHierarchy(): computing Lagrangian force
IBHierarchyIntegrator::integrateHierarchy(): spreading Lagrangian force to the Eulerian grid
IBHierarchyIntegrator::integrateHierarchy(): solving the incompressible Navier-Stokes equations
INSStaggeredHierarchyIntegrator::integrateHierarchy(): stokes solve number of iterations = 2
INSStaggeredHierarchyIntegrator::integrateHierarchy(): stokes solve residual norm        = 0.000233086
IBHierarchyIntegrator::integrateHierarchy(): interpolating Eulerian velocity to the Lagrangian mesh
IBHierarchyIntegrator::integrateHierarchy(): performing Lagrangian midpoint-rule step
IBHierarchyIntegrator::postprocessIntegrateHierarchy(): interpolating Eulerian velocity to the Lagrangian mesh
IBHierarchyIntegrator::postprocessIntegrateHierarchy(): CFL number = 0.137154
IBHierarchyIntegrator::postprocessIntegrateHierarchy(): Eulerian estimate of upper bound on IB point displacement since last regrid = 0.410719
IBHierarchyIntegrator::advanceHierarchy(): synchronizing updated data
IBHierarchyIntegrator::advanceHierarchy(): resetting time dependent data

At end       of timestep # 262
Simulation time is 0.0526
+++++++++++++++++++++++++++++++++++++++++++++++++++


+++++++++++++++++++++++++++++++++++++++++++++++++++
At beginning of timestep # 263
Simulation time is 0.0526
IBHierarchyIntegrator::advanceHierarchy(): time interval = [0.0526,0.0528], dt = 0.0002
IBHierarchyIntegrator::preprocessIntegrateHierarchy(): performing Lagrangian forward Euler step
IBHierarchyIntegrator::advanceHierarchy(): integrating hierarchy
IBHierarchyIntegrator::integrateHierarchy(): computing Lagrangian force
IBHierarchyIntegrator::integrateHierarchy(): spreading Lagrangian force to the Eulerian grid
IBHierarchyIntegrator::integrateHierarchy(): solving the incompressible Navier-Stokes equations
INSStaggeredHierarchyIntegrator::integrateHierarchy(): stokes solve number of iterations = 2
INSStaggeredHierarchyIntegrator::integrateHierarchy(): stokes solve residual norm        = 0.000256788
IBHierarchyIntegrator::integrateHierarchy(): interpolating Eulerian velocity to the Lagrangian mesh
IBHierarchyIntegrator::integrateHierarchy(): performing Lagrangian midpoint-rule step
IBHierarchyIntegrator::postprocessIntegrateHierarchy(): interpolating Eulerian velocity to the Lagrangian mesh
IBHierarchyIntegrator::postprocessIntegrateHierarchy(): CFL number = 0.137399
IBHierarchyIntegrator::postprocessIntegrateHierarchy(): Eulerian estimate of upper bound on IB point displacement since last regrid = 0.548118
IBHierarchyIntegrator::advanceHierarchy(): synchronizing updated data
IBHierarchyIntegrator::advanceHierarchy(): resetting time dependent data

At end       of timestep # 263
Simulation time is 0.0528
+++++++++++++++++++++++++++++++++++++++++++++++++++


+++++++++++++++++++++++++++++++++++++++++++++++++++
At beginning of timestep # 264
Simulation time is 0.0528
IBHierarchyIntegrator::advanceHierarchy(): time interval = [0.0528,0.053], dt = 0.0002
IBHierarchyIntegrator::advanceHierarchy(): regridding prior to timestep 264
IBHierarchyIntegrator::regridHierarchy(): starting Lagrangian data movement
IBHierarchyIntegrator::regridHierarchy(): regridding the patch hierarchy
IBHierarchyIntegrator::regridHierarchy(): finishing Lagrangian data movement
INSStaggeredHierarchyIntegrator::preprocessIntegrateHierarchy(): initializing convective operator
INSStaggeredHierarchyIntegrator::preprocessIntegrateHierarchy(): initializing velocity subdomain solver
INSStaggeredHierarchyIntegrator::preprocessIntegrateHierarchy(): initializing pressure subdomain solver
INSStaggeredHierarchyIntegrator::preprocessIntegrateHierarchy(): initializing incompressible Stokes solver
IBHierarchyIntegrator::preprocessIntegrateHierarchy(): performing Lagrangian forward Euler step
IBHierarchyIntegrator::advanceHierarchy(): integrating hierarchy
IBHierarchyIntegrator::integrateHierarchy(): computing Lagrangian force
IBHierarchyIntegrator::integrateHierarchy(): spreading Lagrangian force to the Eulerian grid
IBHierarchyIntegrator::integrateHierarchy(): solving the incompressible Navier-Stokes equations
INSStaggeredHierarchyIntegrator::integrateHierarchy(): stokes solve number of iterations = 2
INSStaggeredHierarchyIntegrator::integrateHierarchy(): stokes solve residual norm        = 0.000285979
IBHierarchyIntegrator::integrateHierarchy(): interpolating Eulerian velocity to the Lagrangian mesh
IBHierarchyIntegrator::integrateHierarchy(): performing Lagrangian midpoint-rule step
IBHierarchyIntegrator::postprocessIntegrateHierarchy(): interpolating Eulerian velocity to the Lagrangian mesh
IBHierarchyIntegrator::postprocessIntegrateHierarchy(): CFL number = 0.137641
IBHierarchyIntegrator::postprocessIntegrateHierarchy(): Eulerian estimate of upper bound on IB point displacement since last regrid = 0.137641
IBHierarchyIntegrator::advanceHierarchy(): synchronizing updated data
IBHierarchyIntegrator::advanceHierarchy(): resetting time dependent data

At end       of timestep # 264
Simulation time is 0.053
+++++++++++++++++++++++++++++++++++++++++++++++++++


+++++++++++++++++++++++++++++++++++++++++++++++++++
At beginning of timestep # 265
Simulation time is 0.053
IBHierarchyIntegrator::advanceHierarchy(): time interval = [0.053,0.0532], dt = 0.0002
IBHierarchyIntegrator::preprocessIntegrateHierarchy(): performing Lagrangian forward Euler step
IBHierarchyIntegrator::advanceHierarchy(): integrating hierarchy
IBHierarchyIntegrator::integrateHierarchy(): computing Lagrangian force
IBHierarchyIntegrator::integrateHierarchy(): spreading Lagrangian force to the Eulerian grid
IBHierarchyIntegrator::integrateHierarchy(): solving the incompressible Navier-Stokes equations
INSStaggeredHierarchyIntegrator::integrateHierarchy(): stokes solve number of iterations = 2
INSStaggeredHierarchyIntegrator::integrateHierarchy(): stokes solve residual norm        = 0.000267299
IBHierarchyIntegrator::integrateHierarchy(): interpolating Eulerian velocity to the Lagrangian mesh
IBHierarchyIntegrator::integrateHierarchy(): performing Lagrangian midpoint-rule step
IBHierarchyIntegrator::postprocessIntegrateHierarchy(): interpolating Eulerian velocity to the Lagrangian mesh
IBHierarchyIntegrator::postprocessIntegrateHierarchy(): CFL number = 0.137878
IBHierarchyIntegrator::postprocessIntegrateHierarchy(): Eulerian estimate of upper bound on IB point displacement since last regrid = 0.275519
IBHierarchyIntegrator::advanceHierarchy(): synchronizing updated data
IBHierarchyIntegrator::advanceHierarchy(): resetting time dependent data

At end       of timestep # 265
Simulation time is 0.0532
+++++++++++++++++++++++++++++++++++++++++++++++++++


+++++++++++++++++++++++++++++++++++++++++++++++++++
At beginning of timestep # 266
Simulation time is 0.0532
IBHierarchyIntegrator::advanceHierarchy(): time interval = [0.0532,0.0534], dt = 0.0002
IBHierarchyIntegrator::preprocessIntegrateHierarchy(): performing Lagrangian forward Euler step
IBHierarchyIntegrator::advanceHierarchy(): integrating hierarchy
IBHierarchyIntegrator::integrateHierarchy(): computing Lagrangian force
IBHierarchyIntegrator::integrateHierarchy(): spreading Lagrangian force to the Eulerian grid
IBHierarchyIntegrator::integrateHierarchy(): solving the incompressible Navier-Stokes equations
INSStaggeredHierarchyIntegrator::integrateHierarchy(): stokes solve number of iterations = 2
INSStaggeredHierarchyIntegrator::integrateHierarchy(): stokes solve residual norm        = 0.000247223
IBHierarchyIntegrator::integrateHierarchy(): interpolating Eulerian velocity to the Lagrangian mesh
IBHierarchyIntegrator::integrateHierarchy(): performing Lagrangian midpoint-rule step
IBHierarchyIntegrator::postprocessIntegrateHierarchy(): interpolating Eulerian velocity to the Lagrangian mesh
IBHierarchyIntegrator::postprocessIntegrateHierarchy(): CFL number = 0.13811
IBHierarchyIntegrator::postprocessIntegrateHierarchy(): Eulerian estimate of upper bound on IB point displacement since last regrid = 0.413629
IBHierarchyIntegrator::advanceHierarchy(): synchronizing updated data
IBHierarchyIntegrator::advanceHierarchy(): resetting time dependent data

At end       of timestep # 266
Simulation time is 0.0534
+++++++++++++++++++++++++++++++++++++++++++++++++++


+++++++++++++++++++++++++++++++++++++++++++++++++++
At beginning of timestep # 267
Simulation time is 0.0534
IBHierarchyIntegrator::advanceHierarchy(): time interval = [0.0534,0.0536], dt = 0.0002
IBHierarchyIntegrator::preprocessIntegrateHierarchy(): performing Lagrangian forward Euler step
IBHierarchyIntegrator::advanceHierarchy(): integrating hierarchy
IBHierarchyIntegrator::integrateHierarchy(): computing Lagrangian force
IBHierarchyIntegrator::integrateHierarchy(): spreading Lagrangian force to the Eulerian grid
IBHierarchyIntegrator::integrateHierarchy(): solving the incompressible Navier-Stokes equations
INSStaggeredHierarchyIntegrator::integrateHierarchy(): stokes solve number of iterations = 2
INSStaggeredHierarchyIntegrator::integrateHierarchy(): stokes solve residual norm        = 0.000277816
IBHierarchyIntegrator::integrateHierarchy(): interpolating Eulerian velocity to the Lagrangian mesh
IBHierarchyIntegrator::integrateHierarchy(): performing Lagrangian midpoint-rule step
IBHierarchyIntegrator::postprocessIntegrateHierarchy(): interpolating Eulerian velocity to the Lagrangian mesh
IBHierarchyIntegrator::postprocessIntegrateHierarchy(): CFL number = 0.138335
IBHierarchyIntegrator::postprocessIntegrateHierarchy(): Eulerian estimate of upper bound on IB point displacement since last regrid = 0.551963
IBHierarchyIntegrator::advanceHierarchy(): synchronizing updated data
IBHierarchyIntegrator::advanceHierarchy(): resetting time dependent data

At end       of timestep # 267
Simulation time is 0.0536
+++++++++++++++++++++++++++++++++++++++++++++++++++


+++++++++++++++++++++++++++++++++++++++++++++++++++
At beginning of timestep # 268
Simulation time is 0.0536
IBHierarchyIntegrator::advanceHierarchy(): time interval = [0.0536,0.0538], dt = 0.0002
IBHierarchyIntegrator::advanceHierarchy(): regridding prior to timestep 268
IBHierarchyIntegrator::regridHierarchy(): starting Lagrangian data movement
IBHierarchyIntegrator::regridHierarchy(): regridding the patch hierarchy
IBHierarchyIntegrator::regridHierarchy(): finishing Lagrangian data movement
INSStaggeredHierarchyIntegrator::preprocessIntegrateHierarchy(): initializing convective operator
INSStaggeredHierarchyIntegrator::preprocessIntegrateHierarchy(): initializing velocity subdomain solver
INSStaggeredHierarchyIntegrator::preprocessIntegrateHierarchy(): initializing pressure subdomain solver
INSStaggeredHierarchyIntegrator::preprocessIntegrateHierarchy(): initializing incompressible Stokes solver
IBHierarchyIntegrator::preprocessIntegrateHierarchy(): performing Lagrangian forward Euler step
IBHierarchyIntegrator::advanceHierarchy(): integrating hierarchy
IBHierarchyIntegrator::integrateHierarchy(): computing Lagrangian force
IBHierarchyIntegrator::integrateHierarchy(): spreading Lagrangian force to the Eulerian grid
IBHierarchyIntegrator::integrateHierarchy(): solving the incompressible Navier-Stokes equations
INSStaggeredHierarchyIntegrator::integrateHierarchy(): stokes solve number of iterations = 2
INSStaggeredHierarchyIntegrator::integrateHierarchy(): stokes solve residual norm        = 0.000300182
IBHierarchyIntegrator::integrateHierarchy(): interpolating Eulerian velocity to the Lagrangian mesh
IBHierarchyIntegrator::integrateHierarchy(): performing Lagrangian midpoint-rule step
IBHierarchyIntegrator::postprocessIntegrateHierarchy(): interpolating Eulerian velocity to the Lagrangian mesh
IBHierarchyIntegrator::postprocessIntegrateHierarchy(): CFL number = 0.138553
IBHierarchyIntegrator::postprocessIntegrateHierarchy(): Eulerian estimate of upper bound on IB point displacement since last regrid = 0.138553
IBHierarchyIntegrator::advanceHierarchy(): synchronizing updated data
IBHierarchyIntegrator::advanceHierarchy(): resetting time dependent data

At end       of timestep # 268
Simulation time is 0.0538
+++++++++++++++++++++++++++++++++++++++++++++++++++


+++++++++++++++++++++++++++++++++++++++++++++++++++
At beginning of timestep # 269
Simulation time is 0.0538
IBHierarchyIntegrator::advanceHierarchy(): time interval = [0.0538,0.054], dt = 0.0002
IBHierarchyIntegrator::preprocessIntegrateHierarchy(): performing Lagrangian forward Euler step
IBHierarchyIntegrator::advanceHierarchy(): integrating hierarchy
IBHierarchyIntegrator::integrateHierarchy(): computing Lagrangian force
P=00000:Program abort called in file ``/home/mfacci/sfw/ibamr/IBAMR/examples/IIM/flow-through-blockage/example_falling.cpp'' at line 249
P=00000:ERROR MESSAGE: 
P=00000:Failed assertion: dx_length < 0.5 * DX
