0.002 -3.214182978e-06
0.004 -1.178314429e-05
0.006 -2.55196362e-05
0.008 -4.402795417e-05
0.01 -6.717433668e-05
0.012 -9.478457381e-05
0.014 -0.0001267651847
0.016 -0.0001630165518
0.018 -0.0002034643015
0.02 -0.0002480335515
0.022 -0.0002966567521
0.024 -0.0003492658593
0.026 -0.0004057941573
0.028 -0.0004661738227
0.03 -0.0005303362991
0.032 -0.0005982115384
0.034 -0.0006697280971
0.036 -0.0007448112
0.038 -0.0008233856962
0.04 -0.0009053755846
0.042 -0.0009907033445
0.044 -0.001079289782
0.046 -0.001171054209
0.048 -0.001265914504
0.05 -0.001363787213
0.052 -0.001464587637
0.054 -0.001568229918
0.056 -0.001674627149
0.058 -0.001783691399
0.06 -0.00189533384
0.062 -0.002009464808
0.064 -0.002125993909
0.066 -0.002244829986
0.068 -0.002365881459
0.07 -0.002489056144
0.072 -0.002614261415
0.074 -0.002741404249
0.076 -0.002870388637
0.078 -0.003001123135
0.08 -0.003133514322
0.082 -0.003267468289
0.084 -0.0034028911
0.086 -0.003539688838
0.088 -0.003677767604
0.09 -0.003817033579
0.092 -0.003957393088
0.094 -0.004098752643
0.096 -0.004241018985
0.098 -0.004384099136
0.1 -0.004527913687
0.102 -0.00467235377
0.104 -0.004817330155
0.106 -0.00496275116
0.108 -0.005108526103
0.11 -0.005254564625
0.112 -0.00540077689
0.114 -0.005547073601
0.116 -0.005693366044
0.118 -0.005839566123
0.12 -0.005985586399
0.122 -0.006131340117
0.124 -0.006276741244
0.126 -0.006421704495
0.128 -0.006566145367
0.13 -0.00670998016
0.132 -0.006853126015
0.134 -0.006995500916
0.136 -0.007137023755
0.138 -0.007277614344
0.14 -0.007417193444
0.142 -0.007555682784
0.144 -0.007693005088
0.146 -0.007829084104
0.148 -0.007963844626
0.15 -0.008097212521
0.152 -0.008229114754
0.154 -0.008359479415
0.156 -0.008488235737
0.158 -0.00861531413
0.16 -0.008740646196
0.162 -0.008864164757
0.164 -0.008985803879
0.166 -0.009105498891
0.168 -0.009223186416
0.17 -0.009338804247
0.172 -0.009452291906
0.174 -0.009563589844
0.176 -0.009672640119
0.178 -0.009779386063
0.18 -0.009883772428
0.182 -0.009985745538
0.184 -0.010085253
0.186 -0.01018224398
0.188 -0.01027666909
0.19 -0.01036848045
0.192 -0.01045763171
0.194 -0.01054407803
0.196 -0.01062777614
0.198 -0.01070868431
0.2 -0.0107867624
0.202 -0.01086197183
0.204 -0.01093427564
0.206 -0.01100363847
0.208 -0.01107002656
0.21 -0.0111334078
0.212 -0.01119375169
0.214 -0.0112510294
0.216 -0.01130521372
0.218 -0.01135627912
0.22 -0.01140420172
0.222 -0.01144895929
0.224 -0.01149053128
0.226 -0.01152889882
0.228 -0.0115640447
0.23 -0.0115959534
0.232 -0.01162461108
0.234 -0.01165000557
0.236 -0.01167212638
0.238 -0.0116909647
0.24 -0.01170651339
0.242 -0.01171876699
0.244 -0.01172772171
0.246 -0.01173337542
0.248 -0.01173572765
0.25 -0.01173477961
0.252 -0.01173053414
0.254 -0.01172299564
0.256 -0.01171217041
0.258 -0.0116980661
0.26 -0.01168069215
0.262 -0.01166005951
0.264 -0.01163618081
0.266 -0.01160907021
0.268 -0.01157874351
0.27 -0.01154521807
0.272 -0.0115085128
0.274 -0.01146864811
0.276 -0.01142564598
0.278 -0.01137952992
0.28 -0.0113303249
0.282 -0.01127805743
0.284 -0.01122275511
0.286 -0.01116444787
0.288 -0.01110316656
0.29 -0.01103894344
0.292 -0.01097181215
0.294 -0.01090175929
0.296 -0.01082888532
0.298 -0.01075321572
0.3 -0.01067479054
0.302 -0.01059364865
0.304 -0.01050983112
0.306 -0.0104233803
0.308 -0.01033434
0.31 -0.01024275529
0.312 -0.01014867255
0.314 -0.01005213995
0.316 -0.009953205673
0.318 -0.009851919636
0.32 -0.009748332859
0.322 -0.009642497437
0.324 -0.009534466506
0.326 -0.009424294212
0.328 -0.009312035678
0.33 -0.009197746978
0.332 -0.009081485104
0.334 -0.008963307932
0.336 -0.008843274195
0.338 -0.008721443448
0.34 -0.008597876043
0.342 -0.008472633088
0.344 -0.008345776424
0.346 -0.008217368587
0.348 -0.008087472777
0.35 -0.007956152826
0.352 -0.007823473165
0.354 -0.007689498788
0.356 -0.007554295221
0.358 -0.007417928486
0.36 -0.007280465057
0.362 -0.007141971851
0.364 -0.007002516181
0.366 -0.006862165711
0.368 -0.006720988437
0.37 -0.006579052629
0.372 -0.006436438319
0.374 -0.006293203538
0.376 -0.006149416125
0.378 -0.00600514516
0.38 -0.005860459656
0.382 -0.005715428773
0.384 -0.00557012172
0.386 -0.005424607726
0.388 -0.005278956002
0.39 -0.005133235695
0.392 -0.004987515861
0.394 -0.004841865416
0.396 -0.004696353024
0.398 -0.004551047237
0.4 -0.004406016362
0.402 -0.004261328448
0.404 -0.004117051202
0.406 -0.003973251984
0.408 -0.003829997757
0.41 -0.003687355067
0.412 -0.003545389995
0.414 -0.003404168131
0.416 -0.003263754549
0.418 -0.003124213757
0.42 -0.002985609676
0.422 -0.002848005583
0.424 -0.002711467233
0.426 -0.00257605642
0.428 -0.002441832699
0.43 -0.002308855067
0.432 -0.002177181197
0.434 -0.002046870526
0.436 -0.001917978541
0.438 -0.001790564098
0.44 -0.001664684362
0.442 -0.001540393971
0.444 -0.001417747478
0.446 -0.001296798337
0.448 -0.001177599041
0.45 -0.00106020103
0.452 -0.0009446546918
0.454 -0.0008310094033
0.456 -0.0007193133163
0.458 -0.0006096134178
0.46 -0.0005019555898
0.462 -0.0003963845452
0.464 -0.0002929437887
0.466 -0.0001916756076
0.468 -9.262104539e-05
0.47 4.180112253e-06
0.472 9.868935736e-05
0.474 0.0001908694761
0.476 0.0002806845641
0.478 0.000368100043
0.48 0.0004530826751
0.482 0.0005356005787
0.484 0.0006156047398
0.486 0.0006930984594
0.488 0.0007680298833
0.49 0.0008403864594
0.492 0.0009101390464
0.494 0.0009772656463
0.496 0.001041742914
0.498 0.001103550758
0.5 0.001162669736
0.502 0.001219082398
0.504 0.001272771826
0.506 0.001323723469
0.508 0.001371923844
0.51 0.001417361176
0.512 0.001460025062
0.514 0.001499906652
0.516 0.001536998556
0.518 0.001571294894
0.52 0.001602791271
0.522 0.001631484765
0.524 0.001657373966
0.526 0.001680458973
0.528 0.001700741346
0.53 0.001718224126
0.532 0.001732911829
0.534 0.001744810442
0.536 0.001753927415
0.538 0.001760271653
0.54 0.001763853513
0.542 0.00176468479
0.544 0.00176277871
0.546 0.00175814997
0.548 0.00175081814
0.55 0.001740796816
0.552 0.001728104785
0.554 0.001712762417
0.556 0.001694791337
0.558 0.001674214538
0.56 0.001651056318
0.562 0.00162534229
0.564 0.001597099352
0.566 0.001566355682
0.568 0.001533140711
0.57 0.001497485112
0.572 0.001459420778
0.574 0.001418980804
0.576 0.001376199461
0.578 0.001331112186
0.58 0.001283755556
0.582 0.001234167262
0.584 0.001182386091
0.586 0.001128451899
0.588 0.001072405596
0.59 0.001014289114
0.592 0.0009541453761
0.594 0.0008920182808
0.596 0.0008279526772
0.598 0.0007619943405
0.6 0.0006941932403
0.602 0.000624593662
0.604 0.00055324395
0.606 0.0004801932911
0.608 0.0004054916524
0.61 0.0003291897582
0.612 0.0002513390599
0.614 0.0001719917065
0.616 9.120068314e-05
0.618 9.019277617e-06
0.62 -7.449844883e-05
0.622 -0.0001592978588
0.624 -0.0002453237698
0.626 -0.0003325204852
0.628 -0.000420831827
0.63 -0.000510201167
0.632 -0.0006005714589
0.634 -0.0006918852713
0.636 -0.0007840848186
0.638 -0.0008771124113
0.64 -0.0009709088602
0.642 -0.001065416017
0.644 -0.0011605748
0.646 -0.001256326295
0.648 -0.001352611233
0.65 -0.001449370325
0.652 -0.001546544134
0.654 -0.001644073197
0.656 -0.001741898011
0.658 -0.001839959093
0.66 -0.001938196999
0.662 -0.002036552366
0.664 -0.002134965937
0.666 -0.002233378602
0.668 -0.002331731425
0.67 -0.002429965681
0.672 -0.002528022886
0.674 -0.002625844831
0.676 -0.002723373153
0.678 -0.002820550752
0.68 -0.002917320434
0.682 -0.003013625404
0.684 -0.003109409301
0.686 -0.003204616226
0.688 -0.003299190774
0.69 -0.003393078067
0.692 -0.003486223778
0.694 -0.003578574167
0.696 -0.003670049905
0.698 -0.003760644441
0.7 -0.003850282209
0.702 -0.003938921201
0.704 -0.004026504858
0.706 -0.00411298574
0.708 -0.00419831314
0.71 -0.004282440225
0.712 -0.004365319493
0.714 -0.004446907971
0.716 -0.004527156282
0.718 -0.004606019667
0.72 -0.00468345427
0.722 -0.004759416263
0.724 -0.004833864862
0.726 -0.004906759235
0.728 -0.004978059579
0.73 -0.00504772714
0.732 -0.005115724228
0.734 -0.005182008483
0.736 -0.005246550158
0.738 -0.005309315039
0.74 -0.005370269799
0.742 -0.005429382356
0.744 -0.005486621741
0.746 -0.005541958172
0.748 -0.005595363542
0.75 -0.005646809527
0.752 -0.005696270603
0.754 -0.005743721524
0.756 -0.005789138737
0.758 -0.005832499667
0.76 -0.005873783115
0.762 -0.005912969061
0.764 -0.005950038783
0.766 -0.005984974803
0.768 -0.006017760925
0.77 -0.006048382223
0.772 -0.006076825055
0.774 -0.006103077058
0.776 -0.006127127157
0.778 -0.006148965565
0.78 -0.006168583779
0.782 -0.006185974585
0.784 -0.006201132059
0.786 -0.006214051559
0.788 -0.006224729729
0.79 -0.006233164493
0.792 -0.006239355052
0.794 -0.00624330188
0.796 -0.006245006717
0.798 -0.006244472565
0.8 -0.006241703684
0.802 -0.006236705617
0.804 -0.006229485102
0.806 -0.006220050116
0.808 -0.006208409837
0.81 -0.006194574675
0.812 -0.006178556235
0.814 -0.006160367314
0.816 -0.006140021889
0.818 -0.0061175351
0.82 -0.006092923239
0.822 -0.006066203737
0.824 -0.006037395144
0.826 -0.00600651712
0.828 -0.005973590415
0.83 -0.005938636854
0.832 -0.005901679319
0.834 -0.005862741733
0.836 -0.005821849039
0.838 -0.005779027186
0.84 -0.005734303113
0.842 -0.005687704724
0.844 -0.005639260859
0.846 -0.005589001279
0.848 -0.005536956649
0.85 -0.005483158516
0.852 -0.005427639286
0.854 -0.0053704322
0.856 -0.005311574445
0.858 -0.005251097901
0.86 -0.00518903803
0.862 -0.005125431234
0.864 -0.005060314561
0.866 -0.004993725789
0.868 -0.004925703354
0.87 -0.004856286344
0.872 -0.004785514467
0.874 -0.004713428026
0.876 -0.004640067894
0.878 -0.004565475487
0.88 -0.004489692742
0.882 -0.004412762084
0.884 -0.004334726406
0.886 -0.004255627993
0.888 -0.004175510198
0.89 -0.004094417527
0.892 -0.004012394815
0.894 -0.003929487139
0.896 -0.003845739187
0.898 -0.003761197229
0.9 -0.003675907062
0.902 -0.003589914689
0.904 -0.003503266293
0.906 -0.00341600821
0.908 -0.003328186908
0.91 -0.003239848963
0.912 -0.003151041032
0.914 -0.003061809829
0.916 -0.002972202104
0.918 -0.00288226461
0.92 -0.002792044086
0.922 -0.002701587225
0.924 -0.002610940647
0.926 -0.002520150884
0.928 -0.002429264351
0.93 -0.002338327328
0.932 -0.002247385928
0.934 -0.002156485324
0.936 -0.00206567276
0.938 -0.001974992742
0.94 -0.001884490935
0.942 -0.001794211999
0.944 -0.0017042007
0.946 -0.001614501274
0.948 -0.001525157727
0.95 -0.001436213642
0.952 -0.001347712238
0.954 -0.001259696803
0.956 -0.001172209224
0.958 -0.001085291422
0.96 -0.0009989848513
0.962 -0.0009133304788
0.964 -0.0008283687603
0.966 -0.0007441396243
0.968 -0.0006606824531
0.97 -0.0005780360659
0.972 -0.0004962387005
0.974 -0.0004153281316
0.976 -0.0003353412581
0.978 -0.0002563144721
0.98 -0.0001782835179
0.982 -0.0001012834772
0.984 -2.534875508e-05
0.986 4.948693912e-05
0.988 0.0001231906056
0.99 0.000195729967
0.992 0.0002670734765
0.994 0.0003371903378
0.996 0.0004060505138
0.998 0.0004736247402
1 0.0005398845396
1.002 0.0006048026384
1.004 0.0006683517465
1.006 0.0007305058049
1.008 0.0007912395814
1.01 0.0008505286784
1.012 0.000908349542
1.014 0.0009646460209
1.016 0.001019455039
1.018 0.001072725112
1.02 0.001124447805
1.022 0.001174596008
1.024 0.00122315421
1.026 0.001270102626
1.028 0.001315425384
1.03 0.001359106109
1.032 0.001401130211
1.034 0.001441483638
1.036 0.001480153524
1.038 0.001517127829
1.04 0.001552395505
1.042 0.00158594642
1.044 0.001617771395
1.046 0.001647862184
1.048 0.001676211477
1.05 0.001702812896
1.052 0.001727660998
1.054 0.00175075127
1.056 0.001772080128
1.058 0.001791644912
1.06 0.00180944774
1.062 0.001825484028
1.064 0.001839753839
1.066 0.00185225818
1.068 0.001862998964
1.07 0.001871979008
1.072 0.001879202021
1.074 0.00188467261
1.076 0.001888396263
1.078 0.001890379349
1.08 0.001890629112
1.082 0.001889154038
1.084 0.001885962381
1.086 0.001881064408
1.088 0.001874470582
1.09 0.001866192526
1.092 0.001856242509
1.094 0.001844633708
1.096 0.00183138007
1.098 0.001816496576
1.1 0.001799998895
1.102 0.001781903386
1.104 0.001762227066
1.106 0.001740987663
1.108 0.001718203615
1.11 0.001693894075
1.112 0.001668078506
1.114 0.0016407779
1.116 0.00161201354
1.118 0.001581807404
1.12 0.001550182152
1.122 0.001517161114
1.124 0.001482768279
1.126 0.001447028278
1.128 0.001409966375
1.13 0.001371608415
1.132 0.001331980884
1.134 0.001291110883
1.136 0.001249026046
1.138 0.001205754557
1.14 0.001161325144
1.142 0.001115767059
1.144 0.001069111006
1.146 0.001021386281
1.148 0.0009726236021
1.15 0.0009228541406
1.152 0.0008721095064
1.154 0.0008204217295
1.156 0.0007678232418
1.158 0.0007143468584
1.16 0.0006600257608
1.162 0.0006048934793
1.164 0.0005489838735
1.166 0.0004923311136
1.168 0.0004349696577
1.17 0.0003769342422
1.172 0.0003182598577
1.174 0.0002589817316
1.176 0.0001991353065
1.178 0.0001387562232
1.18 7.788030011e-05
1.182 1.654351464e-05
1.184 -4.521801743e-05
1.186 -0.0001073680587
1.188 -0.0001698702707
1.19 -0.0002326882337
1.192 -0.0002957854707
1.194 -0.0003591254592
1.196 -0.0004226716512
1.198 -0.000486387387
1.2 -0.0005502359049
1.202 -0.0006141805618
1.204 -0.000678184868
1.206 -0.0007422125034
1.208 -0.0008062272905
1.21 -0.0008701932036
1.212 -0.0009340752655
1.214 -0.0009978360533
1.216 -0.001061441111
1.218 -0.001124854642
1.22 -0.001188041823
1.222 -0.001250967628
1.224 -0.001313597481
1.226 -0.001375896945
1.228 -0.001437831913
1.23 -0.001499368535
1.232 -0.001560473287
1.234 -0.001621112956
1.236 -0.001681254679
1.238 -0.001740865951
1.24 -0.001799914642
1.242 -0.001858369014
1.244 -0.001916197736
1.246 -0.001973369906
1.248 -0.002029855061
1.25 -0.002085623196
1.252 -0.002140644777
1.254 -0.00219489076
1.256 -0.002248332603
1.258 -0.002300942279
1.26 -0.002352692291
1.262 -0.002403555694
1.264 -0.0024535061
1.266 -0.002502517694
1.268 -0.002550565247
1.27 -0.002597624128
1.272 -0.002643670317
1.274 -0.002688680418
1.276 -0.002732631667
1.278 -0.00277550195
1.28 -0.002817269805
1.282 -0.002857914438
1.284 -0.002897415734
1.286 -0.002935754258
1.288 -0.002972911278
1.29 -0.00300886876
1.292 -0.003043609387
1.294 -0.003077116564
1.296 -0.003109374419
1.298 -0.003140367789
1.3 -0.003170082289
1.302 -0.003198504296
1.304 -0.00322562092
1.306 -0.003251420027
1.308 -0.003275890245
1.31 -0.003299020976
1.312 -0.003320802389
1.314 -0.003341177926
1.316 -0.003360222682
1.318 -0.003377886028
1.32 -0.003394177771
1.322 -0.003409080783
1.324 -0.003422593899
1.326 -0.003434709404
1.328 -0.003445424636
1.33 -0.003454735725
1.332 -0.003462640818
1.334 -0.003469138317
1.336 -0.003474227774
1.338 -0.003477909388
1.34 -0.003480184252
1.342 -0.003481054211
1.344 -0.003480523031
1.346 -0.003478593029
1.348 -0.003475268408
1.35 -0.003470554136
1.352 -0.003464455942
1.354 -0.003456980303
1.356 -0.003448134448
1.358 -0.003437926337
1.36 -0.003426364666
1.362 -0.00341345885
1.364 -0.003399219014
1.366 -0.003383655987
1.368 -0.003366781295
1.37 -0.003348607144
1.372 -0.003329146422
1.374 -0.003308412673
1.376 -0.003286420098
1.378 -0.003263183539
1.38 -0.003238718471
1.382 -0.003213040988
1.384 -0.003186167793
1.386 -0.003158116167
1.388 -0.003128903999
1.39 -0.003098549742
1.392 -0.003067072412
1.394 -0.003034491571
1.396 -0.003000827312
1.398 -0.002966100245
1.4 -0.002930331486
1.402 -0.002893542644
1.404 -0.002855755803
1.406 -0.002816993521
1.408 -0.002777278799
1.41 -0.00273663507
1.412 -0.002695086189
1.414 -0.00265265642
1.416 -0.002609370415
1.418 -0.002565253203
1.42 -0.002520330176
1.422 -0.002474627071
1.424 -0.002428169954
1.426 -0.002380985207
1.428 -0.002333099513
1.43 -0.002284539839
1.432 -0.002235333421
1.434 -0.002185507749
1.436 -0.002135090553
1.438 -0.00208410979
1.44 -0.002032593625
1.442 -0.001980570416
1.444 -0.001928068697
1.446 -0.001875117165
1.448 -0.001821744664
1.45 -0.001767980165
1.452 -0.001713852755
1.454 -0.001659391614
1.456 -0.001604626002
1.458 -0.001549585244
1.46 -0.001494298712
1.462 -0.001438795807
1.464 -0.001383105947
1.466 -0.001327258544
1.468 -0.001271282995
1.47 -0.001215208668
1.472 -0.001159064876
1.474 -0.001102880864
1.476 -0.001046685797
1.478 -0.0009905087452
1.48 -0.0009343786687
1.482 -0.0008783243994
1.484 -0.0008223746305
1.486 -0.0007665578971
1.488 -0.0007109025626
1.49 -0.0006554368019
1.492 -0.0006001885957
1.494 -0.00054518571
1.496 -0.0004904556824
1.498 -0.0004360258099
1.5 -0.0003819231331
1.502 -0.0003281744237
1.504 -0.0002748061708
1.506 -0.0002218445684
1.508 -0.0001693155027
1.51 -0.000117243208
1.512 -6.56542479e-05
1.514 -1.457351249e-05
1.516 3.597446686e-05
1.518 8.596552735e-05
1.52 0.0001353758836
1.522 0.0001841821429
1.524 0.0002323613166
1.526 0.0002798908331
1.528 0.000326748544
1.53 0.0003729127376
1.532 0.0004183621431
1.534 0.0004630759458
1.536 0.0005069780064
1.538 0.0005501463909
1.54 0.0005925109213
1.542 0.0006340720917
1.544 0.000674798315
1.546 0.0007146763496
1.548 0.0007536848486
1.55 0.0007918080035
1.552 0.0008290281846
1.554 0.0008653297539
1.556 0.0009006969917
1.558 0.0009351151563
1.56 0.0009685699106
1.562 0.001001047619
1.564 0.001032535178
1.566 0.001063020103
1.568 0.001092490485
1.57 0.001120935012
1.572 0.001148342962
1.574 0.001174704209
1.576 0.001200009222
1.578 0.001224249071
1.58 0.001247415421
1.582 0.001269500542
1.584 0.0012904973
1.586 0.001310399161
1.588 0.001329200196
1.59 0.001346895076
1.592 0.001363479077
1.594 0.001378948076
1.596 0.001393298549
1.598 0.00140652757
1.6 0.001418632818
1.602 0.001429612564
1.604 0.001439465681
1.606 0.001448191855
1.608 0.001455790919
1.61 0.001462263519
1.612 0.001467610889
1.614 0.001471834849
1.616 0.001474937799
1.618 0.001476922718
1.62 0.001477793159
1.622 0.001477553245
1.624 0.001476207671
1.626 0.001473761691
1.628 0.001470221122
1.63 0.001465592327
1.632 0.001459882227
1.634 0.001453099884
1.636 0.001445250214
1.638 0.001436343665
1.64 0.001426388472
1.642 0.001415394772
1.644 0.001403372444
1.646 0.001390332266
1.648 0.001376285298
1.65 0.001361243206
1.652 0.001345218078
1.654 0.00132822251
1.656 0.001310269555
1.658 0.001291372739
1.66 0.001271546039
1.662 0.001250803884
1.664 0.001229161134
1.666 0.001206633085
1.668 0.001183235453
1.67 0.001158984368
1.672 0.00113389636
1.674 0.001107988355
1.676 0.001081277659
1.678 0.001053781951
1.68 0.001025519274
1.682 0.0009965080232
1.684 0.0009667669385
1.686 0.0009363150838
1.688 0.0009051718429
1.69 0.0008733569082
1.692 0.0008408901364
1.694 0.0008077919353
1.696 0.0007740828548
1.698 0.0007397837108
1.7 0.0007049155649
1.702 0.0006694997156
1.704 0.0006335576887
1.706 0.0005971112249
1.708 0.0005601822671
1.71 0.0005227929469
1.712 0.0004849655733
1.714 0.0004467226197
1.716 0.0004080867119
1.718 0.0003690806152
1.72 0.0003297272216
1.722 0.0002900495371
1.724 0.0002500706692
1.726 0.0002098138149
1.728 0.0001693022465
1.73 0.0001285592984
1.732 8.760835543e-05
1.734 4.647283987e-05
1.736 5.176198551e-06
1.738 -3.625810937e-05
1.74 -7.780662635e-05
1.742 -0.0001194459078
1.744 -0.000161152535
1.746 -0.000202903128
1.748 -0.0002446743584
1.75 -0.0002864429612
1.752 -0.0003281857478
1.754 -0.0003698796178
1.756 -0.0004115015717
1.758 -0.0004530287227
1.76 -0.000494438309
1.762 -0.0005357077053
1.764 -0.0005768144354
1.766 -0.0006177361831
1.768 -0.0006584508046
1.77 -0.0006989363393
1.772 -0.0007391710213
1.774 -0.0007791332908
1.776 -0.0008188018055
1.778 -0.0008581554508
1.78 -0.0008971733511
1.782 -0.0009358364001
1.784 -0.0009741213206
1.786 -0.001012009832
1.788 -0.001049481337
1.79 -0.001086516833
1.792 -0.001123096891
1.794 -0.001159202754
1.796 -0.00119481578
1.798 -0.001229917754
1.8 -0.00126449074
1.802 -0.001298517174
1.804 -0.001331979829
1.806 -0.001364861848
1.808 -0.001397146739
1.81 -0.001428818391
1.812 -0.001459861076
1.814 -0.001490259455
1.816 -0.001519998592
1.818 -0.001549063953
1.82 -0.001577441419
1.822 -0.00160511729
1.824 -0.001632078294
1.826 -0.001658311585
1.828 -0.001683804752
1.83 -0.001708545828
1.832 -0.001732523291
1.834 -0.001755726071
1.836 -0.001778143554
1.838 -0.001799765588
1.84 -0.001820582482
1.842 -0.001840585015
1.844 -0.001859764438
1.846 -0.001878112477
1.848 -0.001895621335
1.85 -0.001912283696
1.852 -0.001928092725
1.854 -0.001943042075
1.856 -0.001957125885
1.858 -0.001970338643
1.86 -0.001982675607
1.862 -0.001994132387
1.864 -0.002004705087
1.866 -0.002014390301
1.868 -0.002023185127
1.87 -0.002031087147
1.872 -0.002038094427
1.874 -0.002044205533
1.876 -0.002049419522
1.878 -0.002053735939
1.88 -0.002057154819
1.882 -0.002059676683
1.884 -0.002061302544
1.886 -0.002062033894
1.888 -0.002061872708
1.89 -0.002060821443
1.892 -0.002058883029
1.894 -0.002056060867
1.896 -0.002052358829
1.898 -0.002047781253
1.9 -0.002042332938
1.902 -0.002036019145
1.904 -0.00202884559
1.906 -0.002020818429
1.908 -0.002011944264
1.91 -0.002002230134
1.912 -0.001991683514
1.914 -0.001980312305
1.916 -0.001968124832
1.918 -0.001955129837
1.92 -0.00194133647
1.922 -0.001926754286
1.924 -0.001911393235
1.926 -0.00189526366
1.928 -0.001878376286
1.93 -0.001860742213
1.932 -0.001842372912
1.934 -0.001823280214
1.936 -0.001803476302
1.938 -0.001782973707
1.94 -0.001761785296
1.942 -0.001739924266
1.944 -0.001717404135
1.946 -0.001694238734
1.948 -0.001670442199
1.95 -0.001646028958
1.952 -0.001621013728
1.954 -0.001595411503
1.956 -0.001569237546
1.958 -0.001542507377
1.96 -0.001515236773
1.962 -0.001487441744
1.964 -0.001459138532
1.966 -0.001430343597
1.968 -0.001401073614
1.97 -0.001371345459
1.972 -0.001341176204
1.974 -0.001310583099
1.976 -0.001279583565
1.978 -0.001248195197
1.98 -0.001216435731
1.982 -0.001184323045
1.984 -0.001151875151
1.986 -0.00111911018
1.988 -0.001086046377
1.99 -0.001052702085
1.992 -0.00101909574
1.994 -0.0009852458554
1.996 -0.0009511710167
1.998 -0.0009168898671
2 -0.0008824210997
2.002 -0.0008477834464
2.004 -0.0008129956677
2.006 -0.0007780765435
2.008 -0.0007430448623
2.01 -0.0007079194117
2.012 -0.0006727189683
2.014 -0.000637462288
2.016 -0.0006021680955
2.018 -0.0005668550745
2.02 -0.000531541857
2.022 -0.0004962470137
2.024 -0.0004609890438
2.026 -0.0004257863662
2.028 -0.0003906573084
2.03 -0.0003556200983
2.032 -0.0003206928538
2.034 -0.0002858935727
2.036 -0.0002512401251
2.038 -0.0002167502448
2.04 -0.000182441519
2.042 -0.0001483315466
2.044 -0.0001144374263
2.046 -8.077624403e-05
2.048 -4.736276114e-05
2.05 -1.421785366e-05
2.052 1.864451109e-05
2.054 5.120692547e-05
2.056 8.345403394e-05
2.058 0.0001153696761
2.06 0.0001469384374
2.062 0.0001781448501
2.064 0.0002089738355
2.066 0.0002394104861
2.068 0.0002694401935
2.07 0.0002990485935
2.072 0.0003282216062
2.074 0.0003569454256
2.076 0.0003852065352
2.078 0.0004129917097
2.08 0.0004402880234
2.082 0.0004670828551
2.084 0.0004933638942
2.086 0.0005191191459
2.088 0.0005443369388
2.09 0.000569005927
2.092 0.0005931150948
2.094 0.0006166537627
2.096 0.0006396115967
2.098 0.0006619785973
2.1 0.0006837451199
2.102 0.0007049018716
2.104 0.0007254399194
2.106 0.000745350691
2.108 0.00076462598
2.11 0.0007832579492
2.112 0.0008012391339
2.114 0.0008185624441
2.116 0.0008352211767
2.118 0.0008512090034
2.12 0.0008665199756
2.122 0.0008811485269
2.124 0.0008950894785
2.126 0.0009083380389
2.128 0.0009208898064
2.13 0.0009327407698
2.132 0.0009438873091
2.134 0.0009543261939
2.136 0.000964054589
2.138 0.0009730700439
2.14 0.0009813704974
2.142 0.0009889542785
2.144 0.0009958201054
2.146 0.001001967084
2.148 0.001007394712
2.15 0.001012102869
2.152 0.001016091819
2.154 0.001019362213
2.156 0.001021915081
2.158 0.001023751839
2.16 0.001024874241
2.162 0.001025284237
2.164 0.001024984234
2.166 0.0010239771
2.168 0.001022266182
2.17 0.001019855235
2.172 0.001016748418
2.174 0.001012950262
2.176 0.001008465668
2.178 0.001003299887
2.18 0.0009974585165
2.182 0.0009909474917
2.184 0.0009837730786
2.186 0.0009759418686
2.188 0.000967460773
2.19 0.000958337018
2.192 0.0009485781395
2.194 0.000938191978
2.196 0.0009271866734
2.198 0.0009155706607
2.2 0.0009033526732
2.202 0.0008905417179
2.204 0.0008771470784
2.206 0.0008631783134
2.208 0.0008486452492
2.21 0.0008335579745
2.212 0.0008179268351
2.214 0.0008017624266
2.216 0.0007850755888
2.218 0.0007678773992
2.22 0.0007501791665
2.222 0.0007319924246
2.224 0.0007133289254
2.226 0.0006942006322
2.228 0.0006746197131
2.23 0.0006545985336
2.232 0.0006341496501
2.234 0.0006132858029
2.236 0.0005920199083
2.238 0.0005703650517
2.24 0.0005483344793
2.242 0.000525941593
2.244 0.0005031999409
2.246 0.000480123211
2.248 0.000456725222
2.25 0.0004330199165
2.252 0.0004090213536
2.254 0.0003847437003
2.256 0.0003602012244
2.258 0.000335408286
2.26 0.0003103793302
2.262 0.0002851288785
2.264 0.0002596715218
2.266 0.0002340219121
2.268 0.000208194754
2.27 0.0001822047968
2.272 0.0001560668271
2.274 0.0001297956642
2.276 0.000103406147
2.278 7.691312258e-05
2.28 5.033144425e-05
2.282 2.367596297e-05
2.284 -3.038481164e-06
2.286 -2.979706668e-05
2.288 -5.658499858e-05
2.29 -8.338751585e-05
2.292 -0.0001101898999
2.294 -0.0001369774817
2.296 -0.0001637356496
2.298 -0.0001904498566
2.3 -0.0002171056286
2.302 -0.0002436885712
2.304 -0.0002701843774
2.306 -0.0002965788351
2.308 -0.0003228578339
2.31 -0.0003490073729
2.312 -0.0003750135676
2.314 -0.0004008626565
2.316 -0.0004265410087
2.318 -0.0004520351305
2.32 -0.0004773316721
2.322 -0.0005024174338
2.324 -0.000527279374
2.326 -0.0005519046135
2.328 -0.0005762804439
2.33 -0.0006003943318
2.332 -0.0006242339268
2.334 -0.000647787066
2.336 -0.0006710417815
2.338 -0.0006939863056
2.34 -0.000716609075
2.342 -0.0007388987377
2.344 -0.0007608441578
2.346 -0.000782434421
2.348 -0.0008036588417
2.35 -0.0008245069636
2.352 -0.0008449685659
2.354 -0.0008650336689
2.356 -0.0008846925403
2.358 -0.0009039356972
2.36 -0.0009227539115
2.362 -0.0009411382135
2.364 -0.0009590798957
2.366 -0.0009765705166
2.368 -0.000993601905
2.37 -0.001010166178
2.372 -0.001026255714
2.374 -0.001041863164
2.376 -0.001056981467
2.378 -0.001071603848
2.38 -0.00108572382
2.382 -0.001099335189
2.384 -0.001112432055
2.386 -0.001125008812
2.388 -0.001137060153
2.39 -0.001148581069
2.392 -0.001159566855
2.394 -0.001170013105
2.396 -0.001179915719
2.398 -0.001189270902
2.4 -0.001198075163
2.402 -0.001206325322
2.404 -0.001214018504
2.406 -0.001221152146
2.408 -0.00122772399
2.41 -0.001233732089
2.412 -0.001239174806
2.414 -0.001244050811
2.416 -0.001248359082
2.418 -0.001252098909
2.42 -0.001255269886
2.422 -0.001257871916
2.424 -0.001259905205
2.426 -0.001261370272
2.428 -0.001262267934
2.43 -0.001262599317
2.432 -0.001262365838
2.434 -0.001261569213
2.436 -0.001260211454
2.438 -0.00125829487
2.44 -0.001255822064
2.442 -0.001252795928
2.444 -0.001249219642
2.446 -0.001245096674
2.448 -0.001240430772
2.45 -0.001235225973
2.452 -0.001229486583
2.454 -0.001223217176
2.456 -0.001216422608
2.458 -0.001209107998
2.46 -0.001201278724
2.462 -0.001192940423
2.464 -0.001184098998
2.466 -0.001174760581
2.468 -0.001164931561
2.47 -0.001154618571
2.472 -0.001143828482
2.474 -0.001132568404
2.476 -0.001120845674
2.478 -0.001108667856
2.48 -0.001096042735
2.482 -0.00108297831
2.484 -0.001069482792
2.486 -0.001055564598
2.488 -0.001041232347
2.49 -0.00102649485
2.492 -0.00101136111
2.494 -0.000995840313
2.496 -0.0009799418244
2.498 -0.0009636751827
2.5 -0.0009470500942
2.502 -0.0009300764266
2.504 -0.0009127642036
2.506 -0.0008951235989
2.508 -0.0008771649302
2.51 -0.0008588986536
2.512 -0.0008403353495
2.514 -0.0008214857351
2.516 -0.0008023606541
2.518 -0.0007829710487
2.52 -0.0007633279669
2.522 -0.0007434425597
2.524 -0.0007233260743
2.526 -0.0007029898487
2.528 -0.0006824453025
2.53 -0.0006617039309
2.532 -0.000640777298
2.534 -0.0006196770311
2.536 -0.0005984148136
2.538 -0.0005770023788
2.54 -0.0005554515027
2.542 -0.0005337739979
2.544 -0.0005119817073
2.546 -0.0004900864875
2.548 -0.000468100236
2.55 -0.0004460348507
2.552 -0.0004239022357
2.554 -0.000401714289
2.556 -0.0003794829
2.558 -0.000357219942
2.56 -0.0003349372684
2.562 -0.0003126467041
2.564 -0.0002903600379
2.566 -0.0002680890187
2.568 -0.000245845349
2.57 -0.0002236406676
2.572 -0.0002014865554
2.574 -0.0001793945441
2.576 -0.0001573760954
2.578 -0.0001354425911
2.58 -0.000113605329
2.582 -9.18755179e-05
2.584 -7.026427194e-05
2.586 -4.878260493e-05
2.588 -2.744142496e-05
2.59 -6.251528872e-06
2.592 1.477640325e-05
2.594 3.563181332e-05
2.596 5.630427023e-05
2.598 7.678347566e-05
2.6 9.705926908e-05
2.602 0.0001171216325
2.604 0.0001369606939
2.606 0.0001565667345
2.608 0.0001759301941
2.61 0.0001950416735
2.612 0.0002138919402
2.614 0.0002324719325
2.616 0.0002507727642
2.618 0.0002687857285
2.62 0.000286502306
2.622 0.0003039141581
2.624 0.0003210131392
2.626 0.0003377913008
2.628 0.0003542408899
2.63 0.0003703543576
2.632 0.0003861243597
2.634 0.0004015437618
2.636 0.000416605638
2.638 0.0004313032788
2.64 0.0004456301964
2.642 0.0004595801229
2.644 0.0004731470139
2.646 0.000486325051
2.648 0.0004991086446
2.65 0.0005114924356
2.652 0.000523471298
2.654 0.0005350403408
2.656 0.0005461949094
2.658 0.0005569305879
2.66 0.0005672432129
2.662 0.0005771288485
2.664 0.0005865841371
2.666 0.0005956052903
2.668 0.0006041890888
2.67 0.0006123325653
2.672 0.0006200330151
2.674 0.0006272879761
2.676 0.0006340952341
2.678 0.0006404528234
2.68 0.0006463590267
2.682 0.0006518123751
2.684 0.0006568116483
2.686 0.0006613558741
2.688 0.000665444328
2.69 0.0006690765327
2.692 0.0006722522583
2.694 0.0006749715207
2.696 0.0006772345811
2.698 0.0006790419446
2.7 0.0006803943601
2.702 0.0006812928174
2.704 0.0006816643335
2.706 0.0006815502657
2.708 0.0006810164785
2.71 0.0006800634336
2.712 0.0006786884206
2.714 0.0006768908212
2.716 0.0006746701922
2.718 0.0006720266724
2.72 0.0006689607828
2.722 0.0006654734353
2.724 0.000661565916
2.726 0.0006572398821
2.728 0.000652497367
2.73 0.0006473407852
2.732 0.0006417729371
2.734 0.0006357970119
2.736 0.000629416588
2.738 0.0006226356304
2.74 0.0006154584859
2.742 0.0006078126914
2.744 0.0005997448107
2.746 0.0005913269928
2.748 0.0005825634516
2.75 0.0005734551838
2.752 0.0005640054194
2.754 0.0005542176079
2.756 0.0005440958241
2.758 0.0005336445448
2.76 0.0005228686415
2.762 0.0005117733446
2.764 0.0005003642251
2.766 0.0004886471836
2.768 0.0004766284431
2.77 0.0004642350997
2.772 0.0004515166983
2.774 0.0004385490608
2.776 0.0004253380266
2.778 0.000411886072
2.78 0.000398197927
2.782 0.0003842785059
2.784 0.0003701333291
2.786 0.0003557682943
2.788 0.000341189667
2.79 0.0003264040511
2.792 0.0003114183675
2.794 0.0002962398426
2.796 0.0002807943922
2.798 0.0002651336824
2.8 0.0002493363391
2.802 0.0002334090705
2.804 0.0002173550965
2.806 0.0002011799167
2.808 0.0001848891838
2.81 0.0001684891337
2.812 0.0001519863491
2.814 0.0001353877495
2.816 0.0001187005528
2.818 0.0001019322533
2.82 8.500695556e-05
2.822 6.79776162e-05
2.824 5.092478894e-05
2.826 3.385526731e-05
2.828 1.677221983e-05
2.83 -3.188947625e-07
2.832 -1.741251168e-05
2.834 -3.450250354e-05
2.836 -5.158244182e-05
2.838 -6.864559779e-05
2.84 -8.568498668e-05
2.842 -0.0001026933886
2.844 -0.0001197491152
2.846 -0.0001367984317
2.848 -0.0001537593708
2.85 -0.0001706256368
2.852 -0.0001873946979
2.854 -0.0002040617254
2.856 -0.00022062183
2.858 -0.0002370696091
2.86 -0.000253399397
2.862 -0.0002696052749
2.864 -0.0002856811121
2.866 -0.0003016205901
2.868 -0.0003175051216
2.87 -0.0003332808088
2.872 -0.0003488648689
2.874 -0.0003642521381
2.876 -0.0003794413618
2.878 -0.0003944289813
2.88 -0.0004092114259
2.882 -0.0004237846477
2.884 -0.0004381443768
2.886 -0.0004522861308
2.888 -0.0004662052561
2.89 -0.0004798969507
2.892 -0.0004934463924
2.894 -0.0005068000884
2.896 -0.0005198749804
2.898 -0.0005326676173
2.9 -0.0005451785907
2.902 -0.000557406168
2.904 -0.0005693486401
2.906 -0.0005810038422
2.908 -0.0005923694144
2.91 -0.00060344281
2.912 -0.0006142213363
2.914 -0.0006247021765
2.916 -0.000634974784
2.918 -0.0006449864769
2.92 -0.0006546542914
2.922 -0.0006639768953
2.924 -0.0006729571216
2.926 -0.000681595441
2.928 -0.0006898923671
2.93 -0.0006978479643
2.932 -0.0007054621131
2.934 -0.0007127345201
2.936 -0.0007196647516
2.938 -0.0007262522619
2.94 -0.0007325911076
2.942 -0.0007386296415
2.944 -0.0007442851845
2.946 -0.0007495587514
2.948 -0.0007544556303
2.95 -0.0007589786937
2.952 -0.0007631308625
2.954 -0.0007669145991
2.956 -0.000770332179
2.958 -0.0007733856974
2.96 -0.0007760771086
2.962 -0.0007785051395
2.964 -0.0007806194304
2.966 -0.0007823378658
2.968 -0.0007836639334
2.97 -0.0007846054719
2.972 -0.0007851678457
2.974 -0.0007853564203
2.976 -0.0007851760563
2.978 -0.0007846313956
2.98 -0.0007837268629
2.982 -0.0007824667037
2.984 -0.0007809541336
2.986 -0.0007791397999
2.988 -0.0007769418279
2.99 -0.000774365882
2.992 -0.000771422038
2.994 -0.0007681177828
2.996 -0.0007644605903
2.998 -0.0007604573874
3 -0.0007561148372
3.002 -0.0007515403432
3.004 -0.0007466857961
3.006 -0.0007414698986
3.008 -0.0007359005002
3.01 -0.0007299898914
3.012 -0.0007237476524
3.014 -0.0007171832919
3.016 -0.0007103057027
3.018 -0.0007031234444
3.02 -0.0006956447445
3.022 -0.0006879806565
3.024 -0.0006800834042
3.026 -0.00067187127
3.028 -0.0006633534785
3.03 -0.0006545437292
3.032 -0.0006454529115
3.034 -0.0006360917889
3.036 -0.0006265750679
3.038 -0.0006168561902
3.04 -0.0006068540435
3.042 -0.0005965797061
3.044 -0.0005860487243
3.046 -0.0005752737266
3.048 -0.0005642671457
3.05 -0.0005530406489
3.052 -0.0005416054333
3.054 -0.0005300788297
3.056 -0.0005185203464
3.058 -0.0005067906584
3.06 -0.0004948093382
3.062 -0.0004825943812
3.064 -0.0004701658882
3.066 -0.000457541043
3.068 -0.000444736263
3.07 -0.0004317669272
3.072 -0.0004186476641
3.074 -0.0004053923875
3.076 -0.0003920143466
3.078 -0.000378526145
3.08 -0.0003650492738
3.082 -0.0003516456274
3.084 -0.0003381726222
3.086 -0.000324548001
3.088 -0.0003107904361
3.09 -0.0002969205808
3.092 -0.00028295593
3.094 -0.0002689130472
3.096 -0.0002548073013
3.098 -0.0002406531807
3.1 -0.0002265761714
3.102 -0.0002125290539
3.104 -0.0001984273761
3.106 -0.0001842848774
3.108 -0.0001702324793
3.11 -0.0001562242703
3.112 -0.0001421769799
3.114 -0.0001281059106
3.116 -0.0001140307086
3.118 -9.99674127e-05
3.12 -8.604560153e-05
3.122 -7.221808061e-05
3.124 -5.839949687e-05
3.126 -4.460459817e-05
3.128 -3.085253762e-05
3.13 -1.727420412e-05
3.132 -3.822446589e-06
3.134 9.588810301e-06
3.136 2.294454818e-05
3.138 3.622538982e-05
3.14 4.929912679e-05
3.142 6.221350416e-05
3.144 7.505565227e-05
3.146 8.781059958e-05
3.148 0.000100459018
3.15 0.0001128676149
3.152 0.0001250849743
3.154 0.0001371995192
3.156 0.0001491965465
3.158 0.0001609382266
3.16 0.0001724732481
3.162 0.0001838898881
3.164 0.0001951728308
3.166 0.0002063024138
3.168 0.000217142999
3.17 0.0002277443681
3.172 0.0002381969903
3.174 0.0002484863622
3.176 0.0002584726231
3.178 0.000268206043
3.18 0.0002777773154
3.182 0.000287171674
3.184 0.0002963700114
3.186 0.0003052351416
3.188 0.0003136967006
3.19 0.0003219135098
3.192 0.0003299776409
3.194 0.0003378690586
3.196 0.0003455660051
3.198 0.0003530507469
3.2 0.000360307094
3.202 0.000367320684
3.204 0.0003739540589
3.206 0.0003801382515
3.208 0.0003860374884
3.21 0.0003917479675
3.212 0.0003972516623
3.214 0.0004025288521
3.216 0.0004074378257
3.218 0.0004120324198
3.22 0.0004164095352
3.222 0.0004205560421
3.224 0.0004243272974
3.226 0.0004277787091
3.228 0.0004310083667
3.23 0.000433875719
3.232 0.0004364325996
3.234 0.0004387771884
3.236 0.0004408956809
3.238 0.0004427702524
3.24 0.0004442584031
3.242 0.000445288542
3.244 0.0004460316593
3.246 0.0004465883123
3.248 0.0004469406676
3.25 0.0004470692503
3.252 0.0004469589912
3.254 0.000446596584
3.256 0.0004458393098
3.258 0.0004446169215
3.26 0.0004431054659
3.262 0.0004414093444
3.264 0.0004395125312
3.266 0.0004373973215
3.268 0.0004349174038
3.27 0.0004319998793
3.272 0.0004288216655
3.274 0.000425487326
3.276 0.0004219796375
3.278 0.0004182797487
3.28 0.0004143733973
3.282 0.0004102481795
3.284 0.000405758514
3.286 0.0004008334619
3.288 0.0003956556582
3.29 0.0003903340158
3.292 0.0003848535065
3.294 0.0003790606537
3.296 0.0003730168754
3.298 0.000366830091
3.3 0.0003604894479
3.302 0.0003538416924
3.304 0.0003469506442
3.306 0.0003399265394
3.308 0.00033262101
3.31 0.000325094363
3.312 0.0003174572364
3.314 0.000309698937
3.316 0.0003016645812
3.318 0.0002932796942
3.32 0.0002847316086
3.322 0.000276131953
3.324 0.0002674643388
3.326 0.0002587107092
3.328 0.0002498578367
3.33 0.0002408944518
3.332 0.0002316693112
3.334 0.0002221096104
3.336 0.0002122665968
3.338 0.0002023327329
3.34 0.000192416989
3.342 0.0001825009591
3.344 0.0001725641612
3.346 0.0001625915565
3.348 0.0001525702177
3.35 0.0001424896628
3.352 0.0001321961636
3.354 0.000121616039
3.356 0.0001108022018
3.358 9.995170693e-05
3.36 8.917635763e-05
3.362 7.845790242e-05
3.364 6.777596611e-05
3.366 5.711571725e-05
3.368 4.646446018e-05
3.37 3.566402947e-05
3.372 2.463789633e-05
3.374 1.358671735e-05
3.376 2.630559001e-06
3.378 -8.246006619e-06
3.38 -1.90602951e-05
3.382 -2.997438558e-05
3.384 -4.106770828e-05
3.386 -5.213860788e-05
3.388 -6.306689165e-05
3.39 -7.386944921e-05
3.392 -8.456505774e-05
3.394 -9.51673999e-05
3.396 -0.000105840119
3.398 -0.0001166626819
3.4 -0.0001274298319
3.402 -0.0001380190899
3.404 -0.00014844719
3.406 -0.0001587328545
3.408 -0.0001690435678
3.41 -0.0001794619646
3.412 -0.0001897819797
3.414 -0.0001998812775
3.416 -0.0002097783805
3.418 -0.0002194937881
3.42 -0.000229042798
3.422 -0.0002385947839
3.424 -0.000248232664
3.426 -0.0002577468827
3.428 -0.000267012934
3.43 -0.0002760493282
3.432 -0.0002848766224
3.434 -0.0002936681989
3.436 -0.0003023523226
3.438 -0.000310962015
3.44 -0.0003194241125
3.442 -0.0003276190565
3.444 -0.0003355620335
3.446 -0.0003432740749
3.448 -0.0003509304107
3.45 -0.0003586183408
3.452 -0.0003661242989
3.454 -0.0003733221172
3.456 -0.0003802325161
3.458 -0.0003868783338
3.46 -0.0003934394347
3.462 -0.000399843929
3.464 -0.0004059645178
3.466 -0.0004119789264
3.468 -0.0004178192125
3.47 -0.0004233583833
3.472 -0.0004287769098
3.474 -0.0004340076369
3.476 -0.0004389239243
3.478 -0.0004435429779
3.48 -0.0004480529828
3.482 -0.000452546957
3.484 -0.0004568078102
3.486 -0.0004607083249
3.488 -0.0004642730926
3.49 -0.0004675288341
3.492 -0.0004704966819
3.494 -0.0004733638083
3.496 -0.0004762242481
3.498 -0.0004788569424
3.5 -0.0004811324967
3.502 -0.000483075612
3.504 -0.0004847131986
3.506 -0.0004862368341
3.508 -0.0004877441793
3.51 -0.0004890133395
3.512 -0.0004899151085
3.514 -0.0004904761677
3.516 -0.00049072537
3.518 -0.0004906857983
3.52 -0.0004905510685
3.522 -0.000490419076
3.524 -0.0004900639751
3.526 -0.0004893540744
3.528 -0.0004883159634
3.53 -0.0004871530874
3.532 -0.0004857945713
3.534 -0.0004841103113
3.536 -0.0004822976451
3.538 -0.0004802895855
3.54 -0.000477955472
3.542 -0.0004753183147
3.544 -0.0004725837621
3.546 -0.0004698556773
3.548 -0.0004669064546
3.55 -0.0004636044445
3.552 -0.0004599801384
3.554 -0.0004560661949
3.556 -0.0004518889117
3.558 -0.0004476535213
3.56 -0.0004434627563
3.562 -0.0004392641298
3.564 -0.0004348265929
3.566 -0.0004300246036
3.568 -0.0004248935528
3.57 -0.0004194714128
3.572 -0.0004137892759
3.574 -0.0004078755443
3.576 -0.0004019386473
3.578 -0.0003960858477
3.58 -0.0003900812489
3.582 -0.0003837884764
3.584 -0.0003772388595
3.586 -0.0003706509685
3.588 -0.0003641374073
3.59 -0.0003574637862
3.592 -0.000350495695
3.594 -0.000343267786
3.596 -0.0003358167611
3.598 -0.0003281727987
3.6 -0.0003205511518
3.602 -0.0003130628338
3.604 -0.0003056549034
3.606 -0.0002980877498
3.608 -0.0002902318485
3.61 -0.0002821256456
3.612 -0.0002738101598
3.614 -0.0002653191011
3.616 -0.000256683255
3.618 -0.000248121355
3.62 -0.0002397463426
3.622 -0.0002315040924
3.624 -0.0002231503171
3.626 -0.0002145528515
3.628 -0.0002057506121
3.63 -0.0001967850849
3.632 -0.0001876901927
3.634 -0.0001786914692
3.636 -0.0001699061015
3.638 -0.0001610864363
3.64 -0.0001520904184
3.642 -0.0001429537745
3.644 -0.0001339109482
3.646 -0.0001250835948
3.648 -0.0001162246424
3.65 -0.0001071930138
3.652 -9.802703202e-05
3.654 -8.876700033e-05
3.656 -7.964514233e-05
3.658 -7.07834054e-05
3.66 -6.192984625e-05
3.662 -5.294040978e-05
3.664 -4.38527458e-05
3.666 -3.470658088e-05
3.668 -2.573598465e-05
3.67 -1.706336023e-05
3.672 -8.63431956e-06
3.674 -1.937198361e-07
3.676 8.395746151e-06
3.678 1.709141568e-05
3.68 2.584819696e-05
3.682 3.462909838e-05
3.684 4.34005285e-05
3.686 5.192742241e-05
3.688 6.008852764e-05
3.69 6.794215238e-05
3.692 7.575093724e-05
3.694 8.365739756e-05
3.696 9.162064413e-05
3.698 9.959723014e-05
3.7 0.0001073436172
3.702 0.000114731957
3.704 0.0001220260884
3.706 0.0001293770954
3.708 0.0001367459976
3.71 0.0001438812178
3.712 0.0001508626437
3.714 0.0001576307301
3.716 0.0001642687141
3.718 0.0001709223545
3.72 0.0001773460012
3.722 0.0001836141606
3.724 0.0001898796604
3.726 0.0001958959146
3.728 0.0002015258032
3.73 0.0002070390407
3.732 0.0002125890422
3.734 0.0002181346741
3.736 0.0002236328763
3.738 0.0002288319052
3.74 0.0002336004494
3.742 0.0002382147054
3.744 0.0002428336107
3.746 0.0002471998499
3.748 0.0002513902844
3.75 0.0002555611303
3.752 0.0002594589696
3.754 0.0002631627693
3.756 0.0002666111588
3.758 0.0002698909718
3.76 0.0002731550689
3.762 0.0002761475112
3.764 0.0002789470557
3.766 0.0002817144391
3.768 0.0002841932357
3.77 0.0002862415239
3.772 0.0002881425424
3.774 0.0002900581259
3.776 0.0002919469557
3.778 0.0002937657977
3.78 0.000295253487
3.782 0.000296274772
3.784 0.0002968934373
3.786 0.0002973992454
3.788 0.0002979498053
3.79 0.0002985007882
3.792 0.0002990054715
3.794 0.0002994265208
3.796 0.0002995004045
3.798 0.0002990923112
3.8 0.0002982692408
3.802 0.0002973278421
3.804 0.0002964303412
3.806 0.0002955335911
3.808 0.000294591925
3.81 0.0002933355261
3.812 0.0002916246437
3.814 0.0002897590967
3.816 0.0002879124723
3.818 0.0002858097857
3.82 0.00028353643
3.822 0.0002812634382
3.824 0.0002787203417
3.826 0.0002757581222
3.828 0.000272678672
3.83 0.0002696552658
3.832 0.0002666458768
3.834 0.0002636065122
3.836 0.0002602621775
3.838 0.0002564714344
3.84 0.0002523038971
3.842 0.0002480688206
3.844 0.0002439353375
3.846 0.0002398585145
3.848 0.0002357909353
3.85 0.0002314514807
3.852 0.0002266946934
3.854 0.0002218334773
3.856 0.0002170491697
3.858 0.0002123011709
3.86 0.0002073005736
3.862 0.0002019003912
3.864 0.0001964160547
3.866 0.0001910306804
3.868 0.0001854549003
3.87 0.0001797791981
3.872 0.0001741843801
3.874 0.0001683861463
3.876 0.0001622282154
3.878 0.0001560294314
3.88 0.00014997313
3.882 0.0001440158241
3.884 0.0001381119826
3.886 0.0001319726918
3.888 0.0001254497813
3.89 0.0001186174522
3.892 0.0001118024211
3.894 0.0001051837209
3.896 9.871483211e-05
3.898 9.234664134e-05
3.9 8.578377019e-05
3.902 7.88737752e-05
3.904 7.194713361e-05
3.906 6.519565485e-05
3.908 5.831837801e-05
3.91 5.141030076e-05
3.912 4.466049907e-05
3.914 3.777302739e-05
3.916 3.05854151e-05
3.918 2.343057759e-05
3.92 1.650010025e-05
3.922 9.749041382e-06
3.924 2.867031199e-06
3.926 -4.304437723e-06
3.928 -1.142942984e-05
3.93 -1.831345047e-05
3.932 -2.500168514e-05
3.934 -3.180752107e-05
3.936 -3.889095924e-05
3.938 -4.591239107e-05
3.94 -5.267515529e-05
3.942 -5.922480244e-05
3.944 -6.587790207e-05
3.946 -7.279601907e-05
3.948 -7.963585668e-05
3.95 -8.61985838e-05
3.952 -9.253013928e-05
3.954 -9.895034465e-05
3.956 -0.0001056224003
3.958 -0.0001121993576
3.96 -0.0001184802831
3.962 -0.0001247855639
3.964 -0.0001310165261
3.966 -0.0001369749146
3.968 -0.0001429756746
3.97 -0.0001491925279
3.972 -0.0001552750004
3.974 -0.0001610222377
3.976 -0.0001664836762
3.978 -0.000171989584
3.98 -0.0001774311446
3.982 -0.0001828837636
3.984 -0.0001885130886
3.986 -0.000193972284
3.988 -0.0001990591494
3.99 -0.0002038269523
3.992 -0.0002083302851
3.994 -0.0002128962765
3.996 -0.0002176943101
3.998 -0.0002226447431
4 -0.0002273850708
4.002 -0.0002317182383
4.004 -0.0002356997029
4.006 -0.0002393876851
4.008 -0.0002431161585
4.01 -0.0002470589919
4.012 -0.0002508493148
4.014 -0.0002542755344
4.016 -0.0002576777768
4.018 -0.0002609527415
4.02 -0.0002641829394
4.022 -0.0002672545237
4.024 -0.0002699664655
4.026 -0.0002726561638
4.028 -0.0002755124326
4.03 -0.0002781661903
4.032 -0.0002804074073
4.034 -0.0002822918743
4.036 -0.0002838776235
4.038 -0.0002855080732
4.04 -0.0002873615574
4.042 -0.0002893557065
4.044 -0.0002911119908
4.046 -0.0002924252038
4.048 -0.0002933545874
4.05 -0.0002939623147
4.052 -0.0002945993687
4.054 -0.0002954490931
4.056 -0.0002964301005
4.058 -0.0002971602678
4.06 -0.0002974333908
4.062 -0.0002973115959
4.064 -0.0002968598382
4.066 -0.0002964361452
4.068 -0.0002962283594
4.07 -0.0002958496503
4.072 -0.0002950781814
4.074 -0.0002942783817
4.076 -0.0002933433611
4.078 -0.0002923636754
4.08 -0.0002912211129
4.082 -0.0002897047671
4.084 -0.0002881758675
4.086 -0.0002868374279
4.088 -0.0002853000169
4.09 -0.0002833429481
4.092 -0.000281028019
4.094 -0.0002787338471
4.096 -0.0002766574636
4.098 -0.0002744048662
4.1 -0.0002717510619
4.102 -0.0002687573258
4.104 -0.0002658053004
4.106 -0.0002630931513
4.108 -0.0002602218787
4.11 -0.0002569632788
4.112 -0.0002536990971
4.114 -0.0002503203879
4.116 -0.0002469235751
4.118 -0.000243387721
4.12 -0.0002394953588
4.122 -0.0002356243797
4.124 -0.0002319881862
4.126 -0.0002281829852
4.128 -0.000223980854
4.13 -0.0002194477252
4.132 -0.0002149792482
4.134 -0.00021078198
4.136 -0.0002064473191
4.138 -0.0002017424853
4.14 -0.0001967325436
4.142 -0.0001918158834
4.144 -0.0001871998322
4.146 -0.0001828015275
4.148 -0.0001782063455
4.15 -0.00017319279
4.152 -0.0001678338983
4.154 -0.0001622054031
4.156 -0.0001563691372
4.158 -0.0001507171134
4.16 -0.0001454528501
4.162 -0.0001404847898
4.164 -0.0001357232391
4.166 -0.0001307557242
4.168 -0.0001253596007
4.17 -0.0001196134088
4.172 -0.0001135973015
4.174 -0.0001073768933
4.176 -0.0001013541251
4.178 -9.573869672e-05
4.18 -9.043951885e-05
4.182 -8.502301481e-05
4.184 -7.925589136e-05
4.186 -7.321033008e-05
4.188 -6.730898081e-05
4.19 -6.177285536e-05
4.192 -5.617018442e-05
4.194 -5.025547872e-05
4.196 -4.409898945e-05
4.198 -3.812430408e-05
4.2 -3.255223885e-05
4.202 -2.729571999e-05
4.204 -2.191568089e-05
4.206 -1.61778394e-05
4.208 -1.016022897e-05
4.21 -3.943649632e-06
4.212 2.04973857e-06
4.214 7.596635499e-06
4.216 1.314411466e-05
4.218 1.858866536e-05
4.22 2.405409292e-05
4.222 2.977836081e-05
4.224 3.533580237e-05
4.226 4.084575023e-05
4.228 4.619884544e-05
4.23 5.15298132e-05
4.232 5.671854156e-05
4.234 6.189933645e-05
4.236 6.73139371e-05
4.238 7.253270457e-05
4.24 7.73121864e-05
4.242 8.21068293e-05
4.244 8.717257899e-05
4.246 9.24337086e-05
4.248 9.744237179e-05
4.25 0.000101964752
4.252 0.0001064624066
4.254 0.0001111984403
4.256 0.0001157265848
4.258 0.0001197992194
4.26 0.0001238778714
4.262 0.0001282227561
4.264 0.0001327560554
4.266 0.000137020966
4.268 0.0001407788769
4.27 0.0001444999726
4.272 0.0001484521887
4.274 0.0001521805183
4.276 0.0001554324984
4.278 0.0001586784665
4.28 0.0001621835938
4.282 0.0001658685779
4.284 0.0001692679386
4.286 0.0001721386297
4.288 0.0001749600525
4.29 0.00017800552
4.292 0.0001808115856
4.294 0.000183121306
4.296 0.0001854144573
4.298 0.0001879617478
4.3 0.000190682849
4.302 0.0001931038857
4.304 0.0001949777425
4.306 0.0001967936489
4.308 0.0001988308058
4.31 0.000200617534
4.312 0.0002018926598
4.314 0.0002031458937
4.316 0.0002046538512
4.318 0.0002063353788
4.32 0.0002077082298
4.322 0.0002085212856
4.324 0.0002088740787
4.326 0.0002092667815
4.328 0.0002099669655
4.33 0.0002108873489
4.332 0.000211937815
4.334 0.0002126403114
4.336 0.0002127433416
4.338 0.0002123524069
4.34 0.0002119785007
4.342 0.0002118964461
4.344 0.0002120207447
4.346 0.0002118525141
4.348 0.0002111315839
4.35 0.0002103695516
4.352 0.0002098581218
4.354 0.0002091025214
4.356 0.0002082424428
4.358 0.0002071529064
4.36 0.0002059902945
4.362 0.0002046187206
4.364 0.0002031946322
4.366 0.0002019979102
4.368 0.0002005384472
4.37 0.0001985400699
4.372 0.0001965275244
4.374 0.0001947978145
4.376 0.0001928440099
4.378 0.000190808668
4.38 0.0001885635128
4.382 0.0001862683085
4.384 0.0001837836502
4.386 0.0001812694341
4.388 0.0001790117952
4.39 0.0001765087319
4.392 0.0001734772731
4.394 0.0001704542865
4.396 0.0001677434896
4.398 0.0001652593123
4.4 0.0001624795163
4.402 0.0001591334865
4.404 0.0001553322178
4.406 0.000151622738
4.408 0.0001482989077
4.41 0.000145268407
4.412 0.0001424358056
4.414 0.0001392834097
4.416 0.0001355401425
4.418 0.0001313234308
4.42 0.0001267493139
4.422 0.0001223574156
4.424 0.0001184391316
4.426 0.0001148917591
4.428 0.0001116110282
4.43 0.0001085125264
4.432 0.0001050714925
4.434 0.0001010158447
4.436 9.64682515e-05
4.438 9.154962115e-05
4.44 8.681239221e-05
4.442 8.25560148e-05
4.444 7.867834625e-05
4.446 7.507559066e-05
4.448 7.120690605e-05
4.45 6.678748383e-05
4.452 6.193555629e-05
4.454 5.722719578e-05
4.456 5.297203119e-05
4.458 4.907325542e-05
4.46 4.54308297e-05
4.462 4.150041529e-05
4.464 3.699731181e-05
4.466 3.204574102e-05
4.468 2.676847698e-05
4.47 2.173409775e-05
4.472 1.725003927e-05
4.474 1.320909071e-05
4.476 9.502410694e-06
4.478 6.042038897e-06
4.48 2.276627047e-06
4.482 -2.079293938e-06
4.484 -6.895868514e-06
4.486 -1.204518613e-05
4.488 -1.69453089e-05
4.49 -2.128060399e-05
4.492 -2.515820063e-05
4.494 -2.868706394e-05
4.496 -3.243613482e-05
4.498 -3.670502536e-05
4.5 -4.136930975e-05
4.502 -4.582291948e-05
4.504 -4.974032103e-05
4.506 -5.322374905e-05
4.508 -5.686624831e-05
4.51 -6.097729794e-05
4.512 -6.494969872e-05
4.514 -6.843770252e-05
4.516 -7.202954227e-05
4.518 -7.555953032e-05
4.52 -7.917648955e-05
4.522 -8.318823734e-05
4.524 -8.699550089e-05
4.526 -9.025377497e-05
4.528 -9.306794332e-05
4.53 -9.604240437e-05
4.532 -9.949259917e-05
4.534 -0.000102795614
4.536 -0.0001055963229
4.538 -0.0001084957933
4.54 -0.0001118263033
4.542 -0.000114963647
4.544 -0.0001175552076
4.546 -0.0001202113256
4.548 -0.0001227637184
4.55 -0.0001253685874
4.552 -0.0001278367916
4.554 -0.0001303376437
4.556 -0.0001326815662
4.558 -0.0001345279365
4.56 -0.0001364802797
4.562 -0.0001388793859
4.564 -0.000141083799
4.566 -0.0001427316144
4.568 -0.0001444467148
4.57 -0.0001465753017
4.572 -0.0001484757984
4.574 -0.0001497869754
4.576 -0.0001506178348
4.578 -0.0001516044906
4.58 -0.0001530788112
4.582 -0.0001549112725
4.584 -0.0001564455615
4.586 -0.0001573312904
4.588 -0.000157684435
4.59 -0.0001576245977
4.592 -0.0001577814226
4.594 -0.0001584862844
4.596 -0.0001596009865
4.598 -0.0001609889421
4.6 -0.0001620014793
4.602 -0.0001622899461
4.604 -0.0001619817608
4.606 -0.0001612060342
4.608 -0.0001600678214
4.61 -0.0001592042975
4.612 -0.0001589453828
4.614 -0.0001591463546
4.616 -0.0001596642919
4.618 -0.0001598348625
4.62 -0.0001592990777
4.622 -0.0001581835217
4.624 -0.000156616597
4.626 -0.0001552546239
4.628 -0.0001544448745
4.63 -0.0001540475808
4.632 -0.0001533696901
4.634 -0.0001520403721
4.636 -0.0001501800552
4.638 -0.0001484728684
4.64 -0.0001472770734
4.642 -0.0001458979452
4.644 -0.0001439413391
4.646 -0.0001420859626
4.648 -0.0001407085524
4.65 -0.00013911254
4.652 -0.0001369062089
4.654 -0.0001347783176
4.656 -0.0001325436599
4.658 -0.0001303812454
4.66 -0.0001280823224
4.662 -0.0001258404483
4.664 -0.0001234461932
4.666 -0.0001205206515
4.668 -0.0001177443529
4.67 -0.0001155026718
4.672 -0.0001130786347
4.674 -0.0001100690208
4.676 -0.0001071767447
4.678 -0.0001047928308
4.68 -0.0001021997244
4.682 -9.899453331e-05
4.684 -9.530194709e-05
4.686 -9.183779195e-05
4.688 -8.897680417e-05
4.69 -8.657588924e-05
4.692 -8.390038668e-05
4.694 -8.055909658e-05
4.696 -7.668378039e-05
4.698 -7.300735377e-05
4.7 -6.991509584e-05
4.702 -6.66696053e-05
4.704 -6.285330113e-05
4.706 -5.919235235e-05
4.708 -5.609104169e-05
4.71 -5.280925491e-05
4.712 -4.893122264e-05
4.714 -4.458585957e-05
4.716 -4.05131575e-05
4.718 -3.710042971e-05
4.72 -3.419955031e-05
4.722 -3.105206145e-05
4.724 -2.725345512e-05
4.726 -2.293954914e-05
4.728 -1.886694119e-05
4.73 -1.543281522e-05
4.732 -1.187472959e-05
4.734 -7.761134486e-06
4.736 -3.841572927e-06
4.738 -5.327201676e-07
4.74 2.93073804e-06
4.742 6.978498608e-06
4.744 1.085072325e-05
4.746 1.47503125e-05
4.748 1.847910425e-05
4.75 2.163672038e-05
4.752 2.498043544e-05
4.754 2.894245864e-05
4.756 3.338205354e-05
4.758 3.752162591e-05
4.76 4.095273796e-05
4.762 4.382694307e-05
4.764 4.693458084e-05
4.766 5.069535667e-05
4.768 5.496412083e-05
4.77 5.959165291e-05
4.772 6.381095679e-05
4.774 6.721712222e-05
4.776 6.997487113e-05
4.778 7.224706557e-05
4.78 7.481778298e-05
4.782 7.810751784e-05
4.784 8.196002368e-05
4.786 8.621730106e-05
4.788 9.009339147e-05
4.79 9.317106784e-05
4.792 9.561283755e-05
4.794 9.823949431e-05
4.796 0.000101488697
4.798 0.0001052143886
4.8 0.0001086004622
4.802 0.0001112190788
4.804 0.0001132282235
4.806 0.0001154544666
4.808 0.000118336874
4.81 0.0001217236874
4.812 0.0001254589605
4.814 0.0001287405887
4.816 0.0001311453306
4.818 0.000132845854
4.82 0.0001340129239
4.822 0.0001354672212
4.824 0.0001376490349
4.826 0.0001403953812
4.828 0.0001435415107
4.83 0.0001462657665
4.832 0.0001481323196
4.834 0.0001493118776
4.836 0.0001506637597
4.838 0.0001526464583
4.84 0.0001551078897
4.842 0.0001571950284
4.844 0.0001584611445
4.846 0.0001590723573
4.848 0.0001598942451
4.85 0.0001613870019
4.852 0.0001633926561
4.854 0.000165043313
4.856 0.0001658832476
4.858 0.0001667845172
4.86 0.0001682404822
4.862 0.000169392704
4.864 0.0001697644339
4.866 0.0001702319598
4.868 0.0001712882237
4.87 0.0001720646632
4.872 0.0001720773916
4.874 0.0001722078874
4.876 0.0001729511336
4.878 0.0001741530619
4.88 0.0001749313429
4.882 0.0001748252462
4.884 0.0001740117073
4.886 0.0001733962483
4.888 0.0001734621339
4.89 0.0001740485245
4.892 0.0001742554128
4.894 0.0001736111266
4.896 0.0001722906081
4.898 0.0001712074512
4.9 0.0001708472249
4.902 0.0001710431372
4.904 0.0001716239264
4.906 0.000171705477
4.908 0.0001708212239
4.91 0.0001691624262
4.912 0.0001669187828
4.914 0.0001649974328
4.916 0.0001638854864
4.918 0.0001634041596
4.92 0.0001633728273
4.922 0.0001628856243
4.924 0.0001614628872
4.926 0.0001592947047
4.928 0.0001573313541
4.93 0.0001560804867
4.932 0.0001553757584
4.934 0.0001542769732
4.936 0.0001522927569
4.938 0.0001496083383
4.94 0.0001471812357
4.942 0.0001455212625
4.944 0.0001444557338
4.946 0.00014302816
4.948 0.0001407372989
4.95 0.0001385479456
4.952 0.0001370065256
4.954 0.0001351668366
4.956 0.0001325043411
4.958 0.0001299889046
4.96 0.0001281658633
4.962 0.0001260771766
4.964 0.0001231904681
4.966 0.0001204812283
4.968 0.0001184970329
4.97 0.0001162694919
4.972 0.0001140580625
4.974 0.0001116112114
4.976 0.0001084198408
4.978 0.0001054515406
4.98 0.0001032590982
4.982 0.0001016652172
4.984 9.968084213e-05
4.986 9.678830682e-05
4.988 9.318416131e-05
4.99 8.98797408e-05
4.992 8.741370616e-05
4.994 8.560443327e-05
4.996 8.344310721e-05
4.998 8.040152206e-05
5 7.74987994e-05
5.002 7.44846955e-05
5.004 7.163841619e-05
5.006 6.950294192e-05
5.008 6.70895867e-05
5.01 6.383954359e-05
5.012 6.078320207e-05
5.014 5.849888664e-05
5.016 5.597154134e-05
5.018 5.263713988e-05
5.02 4.952999798e-05
5.022 4.723065041e-05
5.024 4.471226833e-05
5.026 4.140326922e-05
5.028 3.834451572e-05
5.03 3.611923389e-05
5.032 3.454438752e-05
5.034 3.420089357e-05
5.036 3.17174848e-05
5.038 2.874931078e-05
5.04 2.581351852e-05
5.042 2.385401643e-05
5.044 2.254800973e-05
5.046 2.094432334e-05
5.048 1.845663521e-05
5.05 1.532843175e-05
5.052 1.263344639e-05
5.054 1.095671567e-05
5.056 1.010142256e-05
5.058 8.991021668e-06
5.06 7.058723958e-06
5.062 5.392932898e-06
5.064 4.6080543e-06
5.066 3.633913974e-06
5.068 1.8759198e-06
5.07 -1.245303499e-06
5.072 -2.207494148e-06
5.074 -3.583360598e-06
5.076 -5.409577811e-06
5.078 -6.97369492e-06
5.08 -7.525738102e-06
5.082 -8.278968892e-06
5.084 -9.815356161e-06
5.086 -1.106841431e-05
5.088 -1.141669782e-05
5.09 -1.107263872e-05
5.092 -1.115034246e-05
5.094 -1.223804329e-05
5.096 -1.411761421e-05
5.098 -1.565615272e-05
5.1 -1.625066426e-05
5.102 -1.610724307e-05
5.104 -1.636084625e-05
5.106 -1.760580379e-05
5.108 -1.962299972e-05
5.11 -2.126489725e-05
5.112 -2.192182933e-05
5.114 -2.180361716e-05
5.116 -2.206130333e-05
5.118 -2.329818138e-05
5.12 -2.435641546e-05
5.122 -2.457925764e-05
5.124 -2.510356491e-05
5.126 -2.65599465e-05
5.128 -2.778228292e-05
5.13 -2.906543143e-05
5.132 -3.009385496e-05
5.134 -3.02480962e-05
5.136 -3.066673471e-05
5.138 -3.199407078e-05
5.14 -3.30489196e-05
5.142 -3.316964877e-05
5.144 -3.352443843e-05
5.146 -3.379790787e-05
5.148 -3.429300902e-05
5.15 -3.562285368e-05
5.152 -3.661807951e-05
5.154 -3.66104741e-05
5.156 -3.581295934e-05
5.158 -3.541828476e-05
5.16 -3.604985098e-05
5.162 -3.746938168e-05
5.164 -3.845520558e-05
5.166 -3.835675197e-05
5.168 -3.739295601e-05
5.17 -3.678125106e-05
5.172 -3.715883322e-05
5.174 -3.829001957e-05
5.176 -3.894251796e-05
5.178 -3.846264723e-05
5.18 -3.707743619e-05
5.182 -3.602533225e-05
5.184 -3.595680768e-05
5.186 -3.563011805e-05
5.188 -3.434446317e-05
5.19 -3.332557217e-05
5.192 -3.325395964e-05
5.194 -3.389772003e-05
5.196 -3.400933546e-05
5.198 -3.292964143e-05
5.2 -3.089879942e-05
5.202 -2.81617915e-05
5.204 -2.594762609e-05
5.206 -2.490684284e-05
5.208 -2.478184517e-05
5.21 -2.531795519e-05
5.212 -2.526950064e-05
5.214 -2.397104583e-05
5.216 -2.167547312e-05
5.218 -1.863735516e-05
5.22 -1.611206591e-05
5.222 -1.476567412e-05
5.224 -1.433949301e-05
5.226 -1.352563378e-05
5.228 -1.162766551e-05
5.23 -9.938403531e-06
5.232 -9.183735673e-06
5.234 -8.071574394e-06
5.236 -5.882293813e-06
5.238 -2.852358359e-06
5.24 -2.911438205e-07
5.242 1.115121991e-06
5.244 1.622162455e-06
5.246 2.560714312e-06
5.248 4.637274361e-06
5.25 7.608505537e-06
5.252 1.014029562e-05
5.254 1.15333199e-05
5.256 1.204270542e-05
5.258 1.3013274e-05
5.26 1.515764567e-05
5.262 1.822634003e-05
5.264 2.086494715e-05
5.266 2.236225924e-05
5.268 2.407563052e-05
5.27 2.566463764e-05
5.272 2.749688074e-05
5.274 3.029320134e-05
5.276 3.272754788e-05
5.278 3.404962603e-05
5.28 3.451771835e-05
5.282 3.550238903e-05
5.284 3.772864678e-05
5.286 4.093418832e-05
5.288 4.485167569e-05
5.29 4.81336e-05
5.292 5.00677523e-05
5.294 5.093892597e-05
5.296 5.102858549e-05
5.298 5.170616779e-05
5.3 5.370400594e-05
5.302 5.674642814e-05
5.304 6.05560732e-05
5.306 6.375685731e-05
5.308 6.561977482e-05
5.31 6.643093849e-05
5.312 6.64725696e-05
5.314 6.713386213e-05
5.316 6.915630457e-05
5.318 7.225587468e-05
5.32 7.614692846e-05
5.322 7.942579444e-05
5.324 8.134742476e-05
5.326 8.219987215e-05
5.328 8.344303281e-05
5.33 8.585372266e-05
5.332 8.7986867e-05
5.334 9.021466458e-05
5.336 9.215350738e-05
5.338 9.304086177e-05
5.34 9.430137081e-05
5.342 9.674495043e-05
5.344 0.0001001016089
5.346 0.0001029008671
5.348 0.0001043717081
5.35 0.0001048000832
5.352 0.0001056780142
5.354 0.0001077970069
5.356 0.0001108832183
5.358 0.0001134394436
5.36 0.0001146808828
5.362 0.0001148934202
5.364 0.0001155853281
5.366 0.0001175553548
5.368 0.0001205230774
5.37 0.0001229688327
5.372 0.0001240947816
5.374 0.000124187878
5.376 0.0001247739429
5.378 0.0001266594149
5.38 0.0001295575195
5.382 0.0001319265862
5.384 0.0001329564928
5.386 0.0001341882185
5.388 0.000135232834
5.39 0.0001365067679
5.392 0.0001388280321
5.394 0.0001406884079
5.396 0.0001412348767
5.398 0.0001407607384
5.4 0.0001408235627
5.402 0.0001422468831
5.404 0.0001447325739
5.406 0.0001479773385
5.408 0.0001504503849
5.41 0.0001513433117
5.412 0.0001509808699
5.414 0.0001496837599
5.416 0.0001490092328
5.418 0.0001497902289
5.42 0.0001517143204
5.422 0.0001544675022
5.424 0.0001564870736
5.426 0.0001569460269
5.428 0.0001561708797
5.43 0.0001544834718
5.432 0.0001534636678
5.434 0.0001539548464
5.436 0.0001556348859
5.438 0.0001581801936
5.44 0.0001599967923
5.442 0.0001602393828
5.444 0.0001592365532
5.446 0.000158648392
5.448 0.0001593585286
5.45 0.0001597254769
5.452 0.0001588285509
5.454 0.000158308995
5.456 0.0001590805526
5.458 0.0001608433929
5.46 0.0001619365403
5.462 0.0001614908203
5.464 0.0001598325177
5.466 0.0001586522626
5.468 0.0001588477338
5.47 0.0001587369625
5.472 0.0001587490608
5.474 0.000158435479
5.476 0.0001582879008
5.478 0.0001578273603
5.48 0.0001575512314
5.482 0.0001569737967
5.484 0.0001565933103
5.486 0.0001559203487
5.488 0.0001554541775
5.49 0.0001547022797
5.492 0.0001541652245
5.494 0.0001533475939
5.496 0.0001527514058
5.498 0.0001518784285
5.5 0.0001512322325
5.502 0.0001517346286
5.504 0.0001516956334
5.506 0.0001501595188
5.508 0.0001474616831
5.51 0.0001453606742
5.512 0.0001447879734
5.514 0.0001454114426
5.516 0.0001454487309
5.518 0.0001439635378
5.52 0.000142737703
5.522 0.0001413215372
5.524 0.0001401967972
5.526 0.0001403095085
5.528 0.0001399162941
5.53 0.0001380318058
5.532 0.0001349956823
5.534 0.0001326087625
5.536 0.0001318233235
5.538 0.0001322951152
5.54 0.0001336743193
5.542 0.0001341920993
5.544 0.0001329151367
5.546 0.0001302200018
5.548 0.0001264781522
5.55 0.0001234906421
5.552 0.0001222209761
5.554 0.0001223089433
5.556 0.0001233929519
5.558 0.0001236679377
5.56 0.0001221796848
5.562 0.0001193072366
5.564 0.0001154239062
5.566 0.0001123572812
5.568 0.0001110830888
5.57 0.0001112300712
5.572 0.0001124257521
5.574 0.0001128290159
5.576 0.0001114646464
5.578 0.0001087141082
5.58 0.0001049531397
5.582 0.0001020372964
5.584 0.0001009556595
5.586 0.000101327134
5.588 0.0001027697833
5.59 0.0001034080191
5.592 0.000102247534
5.594 9.967477028e-05
5.596 9.763622837e-05
5.598 9.717603154e-05
5.6 9.63636201e-05
5.602 9.411757478e-05
5.604 9.237503626e-05
5.606 9.220494552e-05
5.608 9.165979527e-05
5.61 9.12497752e-05
5.612 9.046076678e-05
5.614 8.826807203e-05
5.616 8.659551566e-05
5.618 8.653589944e-05
5.62 8.772659582e-05
5.622 8.818820294e-05
5.624 8.68851753e-05
5.626 8.420642296e-05
5.628 8.053929272e-05
5.63 7.783032203e-05
5.632 7.711420572e-05
5.634 7.798305819e-05
5.636 8.002901551e-05
5.638 8.127149523e-05
5.64 8.065832872e-05
5.642 7.859147126e-05
5.644 7.712180436e-05
5.646 7.733801183e-05
5.648 7.886788705e-05
5.65 7.966312778e-05
5.652 7.865366937e-05
5.654 7.62374863e-05
5.656 7.281181049e-05
5.658 7.038131307e-05
5.66 7.00110199e-05
5.662 7.127928045e-05
5.664 7.376496426e-05
5.666 7.542613061e-05
5.668 7.517767994e-05
5.67 7.343335129e-05
5.672 7.23062851e-05
5.674 7.291786053e-05
5.676 7.488377662e-05
5.678 7.609202257e-05
5.68 7.543930336e-05
5.682 7.333611758e-05
5.684 7.019136141e-05
5.686 6.807051344e-05
5.688 6.807056947e-05
5.69 6.975649691e-05
5.692 7.269407621e-05
5.694 7.477866668e-05
5.696 7.489175872e-05
5.698 7.345970395e-05
5.7 7.266022882e-05
5.702 7.364885232e-05
5.704 7.426006453e-05
5.706 7.504861413e-05
5.708 7.543818474e-05
5.71 7.428682578e-05
5.712 7.372432775e-05
5.714 7.495881175e-05
5.716 7.758481691e-05
5.718 7.940482688e-05
5.72 7.926853506e-05
5.722 7.760560395e-05
5.724 7.664755892e-05
5.726 7.757726691e-05
5.728 7.817028476e-05
5.73 7.899526717e-05
5.732 7.945872226e-05
5.734 7.838592746e-05
5.736 7.795912608e-05
5.738 7.941467959e-05
5.74 8.233301044e-05
5.742 8.445531714e-05
5.744 8.459703987e-05
5.746 8.319502529e-05
5.748 8.25350925e-05
5.75 8.382697364e-05
5.752 8.664718638e-05
5.754 8.869830604e-05
5.756 8.877715273e-05
5.758 8.732269131e-05
5.76 8.66462528e-05
5.762 8.797054317e-05
5.764 9.086459717e-05
5.766 9.299925372e-05
5.768 9.315349403e-05
5.77 9.176987878e-05
5.772 9.118898024e-05
5.774 9.264747813e-05
5.776 9.570639516e-05
5.778 9.800402038e-05
5.78 9.830153953e-05
5.782 9.70452203e-05
5.784 9.660417874e-05
5.786 9.822939916e-05
5.788 0.0001014746606
5.79 0.0001039462573
5.792 0.0001043881133
5.794 0.0001032512779
5.796 0.000102934704
5.798 0.000104704876
5.8 0.0001081094898
5.802 0.0001107235318
5.804 0.0001112743645
5.806 0.0001102188066
5.808 0.0001099868954
5.81 0.0001118616089
5.812 0.0001153846921
5.814 0.0001181000774
5.816 0.0001187190762
5.818 0.0001177048107
5.82 0.0001175192076
5.822 0.0001194622853
5.824 0.0001230702771
5.826 0.0001258558503
5.828 0.0001265141071
5.83 0.0001255146243
5.832 0.0001253515643
5.834 0.0001273420821
5.836 0.0001310166978
5.838 0.0001338562624
5.84 0.000134539299
5.842 0.0001335417137
5.844 0.0001333898042
5.846 0.0001354181544
5.848 0.000139151312
5.85 0.0001420423631
5.852 0.0001427475253
5.854 0.0001417475207
5.856 0.0001416024591
5.858 0.0001436641986
5.86 0.0001474510386
5.862 0.0001503833765
5.864 0.0001511001303
5.866 0.0001500880673
5.868 0.000149939589
5.87 0.0001520240839
5.872 0.0001558535318
5.874 0.0001588151128
5.876 0.0001595301219
5.878 0.0001584894354
5.88 0.0001583178561
5.882 0.0001604080296
5.884 0.0001642663043
5.886 0.0001672447801
5.888 0.0001679463054
5.89 0.000166865108
5.892 0.0001666616089
5.894 0.0001687420695
5.896 0.0001726115572
5.898 0.0001755894557
5.9 0.0001762544577
5.902 0.000175112322
5.904 0.0001748590426
5.906 0.0001769177292
5.908 0.0001807838363
5.91 0.0001837399813
5.912 0.000184353002
5.914 0.0001831361757
5.916 0.0001828186874
5.918 0.0001848410777
5.92 0.0001886895755
5.922 0.0001916147726
5.924 0.0001921658852
5.926 0.000190862196
5.928 0.0001904676994
5.93 0.0001924414669
5.932 0.0001962629061
5.934 0.0001991474501
5.936 0.0001996257126
5.938 0.0001982236113
5.94 0.0001977403778
5.942 0.0001996533423
5.944 0.0002034378864
5.946 0.0002062714903
5.948 0.0002066651496
5.95 0.0002051520825
5.952 0.0002045675006
5.954 0.0002064079055
5.956 0.0002101452687
5.958 0.0002129175443
5.96 0.000213234195
5.962 0.0002116173186
5.964 0.0002109377857
5.966 0.0002127118974
5.968 0.0002164050621
5.97 0.0002191030891
5.972 0.0002192996867
5.974 0.0002175363018
5.976 0.0002167197136
5.978 0.0002183918735
5.98 0.0002220051522
5.982 0.0002246226256
5.984 0.000224704389
5.986 0.0002228024214
5.988 0.0002218573199
5.99 0.0002234300073
5.992 0.0002269665792
5.994 0.0002294932611
5.996 0.0002294507732
5.998 0.0002274013437
6 0.0002263196377
6.002 0.0002277856326
6.004 0.000231239034
6.006 0.0002336687768
6.008 0.0002334966457
6.01 0.0002312914739
6.012 0.0002300716078
6.014 0.0002314304396
6.016 0.00023479888
6.018 0.0002371291401
6.02 0.0002368231254
6.022 0.0002344578745
6.024 0.0002330888657
6.026 0.0002343314078
6.028 0.0002376104746
6.03 0.0002398384881
6.032 0.0002393971715
6.034 0.0002368710555
6.036 0.0002353557493
6.038 0.0002365794202
6.04 0.0002398644884
6.042 0.000242085721
6.044 0.0002416046157
6.046 0.000239013129
6.048 0.000237350813
6.05 0.0002383672566
6.052 0.0002414717745
6.054 0.0002435000646
6.056 0.000242793198
6.058 0.0002399508425
6.06 0.0002381476021
6.062 0.0002390591581
6.064 0.0002420871927
6.066 0.0002440274649
6.068 0.0002432004028
6.07 0.0002402137371
6.072 0.0002382816676
6.074 0.0002391007494
6.076 0.0002420652271
6.078 0.0002439310275
6.08 0.0002429975218
6.082 0.0002398798584
6.084 0.0002378327104
6.086 0.0002385736733
6.088 0.0002414892025
6.09 0.0002432947913
6.092 0.0002422685409
6.094 0.0002390334474
6.096 0.0002368850316
6.098 0.0002375627241
6.1 0.0002404455041
6.102 0.0002422078077
6.104 0.0002411064068
6.106 0.0002377722886
6.108 0.0002355421856
6.11 0.0002361772639
6.112 0.000239048719
6.114 0.0002407895508
6.116 0.0002396348629
6.118 0.0002362236081
6.12 0.0002339341709
6.122 0.0002345496609
6.124 0.0002374333592
6.126 0.0002391781201
6.128 0.0002379953541
6.13 0.0002345303767
6.132 0.0002322054231
6.134 0.0002328257387
6.136 0.0002357465766
6.138 0.000237518486
6.14 0.0002363306828
6.142 0.0002328364926
6.144 0.0002305007228
6.146 0.0002311509716
6.148 0.0002341343821
6.15 0.0002359587932
6.152 0.0002347908916
6.154 0.0002312922379
6.156 0.0002289704696
6.158 0.0002296756953
6.16 0.0002327468068
6.162 0.0002346483172
6.164 0.0002335242305
6.166 0.0002300443077
6.168 0.0002277595424
6.17 0.000228542812
6.172 0.0002317246353
6.174 0.0002337258753
6.176 0.0002326675362
6.178 0.0002292276877
6.18 0.0002270010722
6.182 0.0002278835442
6.184 0.0002311972311
6.186 0.0002333188118
6.188 0.0002323460478
6.19 0.0002289653351
6.192 0.0002268156006
6.194 0.0002278158829
6.196 0.0002312797584
6.198 0.0002335392805
6.2 0.0002326687177
6.202 0.0002293628624
6.204 0.0002273052323
6.206 0.0002284364123
6.208 0.0002320603928
6.21 0.0002344650766
6.212 0.0002337010826
6.214 0.0002304718516
6.216 0.0002285060157
6.218 0.0002297697489
6.22 0.0002335592623
6.222 0.0002361160696
6.224 0.0002354667586
6.226 0.0002323232242
6.228 0.0002304595353
6.23 0.0002318657002
6.232 0.0002358290872
6.234 0.000238545217
6.236 0.0002380164643
6.238 0.0002349633769
6.24 0.000233205933
6.242 0.0002347582381
6.244 0.0002389008226
6.246 0.0002417836097
6.248 0.0002413835154
6.25 0.0002384297285
6.252 0.0002357499325
6.254 0.0002372705919
6.256 0.0002416001046
6.258 0.0002446120737
6.26 0.000244326898
6.262 0.000241456598
6.264 0.0002399192803
6.266 0.000241774003
6.268 0.0002462805919
6.27 0.0002494929863
6.272 0.0002493389574
6.274 0.0002465647925
6.276 0.0002451310499
6.278 0.0002471253967
6.28 0.0002517987265
6.282 0.0002551581773
6.284 0.0002551068034
6.286 0.0002524005712
6.288 0.0002510474873
6.29 0.0002531603457
6.292 0.0002579810008
6.294 0.0002614685118
6.296 0.0002615005298
6.298 0.0002588421207
6.3 0.0002575494737
6.302 0.0002597607097
6.304 0.0002647085973
6.306 0.0002683035492
6.308 0.0002683977953
6.31 0.0002657653126
6.312 0.0002645110002
6.314 0.0002667985112
6.316 0.0002718510601
6.318 0.0002754993974
6.32 0.0002755940684
6.322 0.0002729360131
6.324 0.0002716782732
6.326 0.0002740070464
6.328 0.0002791344699
6.33 0.0002828712633
6.332 0.0002830168039
6.334 0.000280363464
6.336 0.000279114144
6.338 0.0002814841673
6.34 0.00028667755
6.342 0.0002904564666
6.344 0.0002905949129
6.346 0.0002878954164
6.348 0.0002866113119
6.35 0.0002889845288
6.352 0.0002942097484
6.354 0.0002979992982
6.356 0.0002981009801
6.358 0.0002953269537
6.36 0.0002939810445
6.362 0.0002963318452
6.364 0.0003015644465
6.366 0.0003053403669
6.368 0.0003053804611
6.37 0.0003025060658
6.372 0.0003010734252
6.374 0.0003033766025
6.376 0.0003085911737
6.378 0.0003123274622
6.38 0.00031227979
6.382 0.0003092799335
6.384 0.0003077338833
6.386 0.000309964011
6.388 0.000315135841
6.39 0.0003187560453
6.392 0.0003185440386
6.394 0.0003153416071
6.396 0.0003136064534
6.398 0.0003157409192
6.4 0.0003208479743
6.402 0.0003244346526
6.404 0.0003241408064
6.406 0.0003208181902
6.408 0.0003189766622
6.41 0.0003209932991
6.412 0.0003260137091
6.414 0.0003294926235
6.416 0.0003290423877
6.418 0.00032552505
6.42 0.0003235027857
6.422 0.0003253803515
6.424 0.0003302932981
6.426 0.0003336436549
6.428 0.0003330160308
6.43 0.0003292824304
6.432 0.0003270582307
6.434 0.0003287760949
6.436 0.000333561425
6.438 0.000336763043
6.44 0.0003359376192
6.442 0.0003319688662
6.444 0.000329523972
6.446 0.0003310638743
6.448 0.0003357036967
6.45 0.0003387387614
6.452 0.0003376975696
6.454 0.0003334727608
6.456 0.0003307869065
6.458 0.0003321291408
6.46 0.0003366043012
6.462 0.0003394537385
6.464 0.0003381775922
6.466 0.0003336789385
6.468 0.0003307345618
6.47 0.0003318694218
6.472 0.0003361679707
6.474 0.0003388143256
6.476 0.0003372838922
6.478 0.000332494322
6.48 0.0003292805204
6.482 0.0003301848132
6.484 0.0003342876055
6.486 0.0003367175516
6.488 0.000334921096
6.49 0.0003298264401
6.492 0.0003263237767
6.494 0.0003269817534
6.496 0.0003308712438
6.498 0.0003330632843
6.5 0.0003309757174
6.502 0.0003255517593
6.504 0.0003217394524
6.506 0.0003221381851
6.508 0.0003258056924
6.51 0.0003277596016
6.512 0.0003253891345
6.514 0.0003196445518
6.516 0.0003155275223
6.518 0.0003156672438
6.52 0.0003191115461
6.522 0.00032082187
6.524 0.0003181584677
6.526 0.0003121082821
6.528 0.0003077022891
6.53 0.0003076015459
6.532 0.0003108426696
6.534 0.000312330454
6.536 0.0003093951352
6.538 0.0003030085629
6.54 0.0002982860028
6.542 0.00029791608
6.544 0.0003009252966
6.546 0.0003021616608
6.548 0.0002988889109
6.55 0.0002921169363
6.552 0.0002870614243
6.554 0.0002864285951
6.556 0.0002892279413
6.558 0.0002902368955
6.56 0.000286727671
6.562 0.0002796953078
6.564 0.0002743704993
6.566 0.0002734998549
6.568 0.0002760937014
6.57 0.0002768871216
6.572 0.0002731119712
6.574 0.0002468129229
6.576 0.0002387670889
6.578 0.0002316128974
6.58 0.0002301868075
6.582 0.0002326555816
6.584 0.0002382073962
6.586 0.0002458796583
6.588 0.0002505624379
6.59 0.000249586297
6.592 0.0002441117744
6.594 0.0002352666055
6.596 0.0002239776597
6.598 0.0002154573538
6.6 0.0002124198915
6.602 0.0002137161478
6.604 0.0002182162789
6.606 0.0002205675583
6.608 0.00021793714
6.61 0.0002114029294
6.612 0.0002064755939
6.614 0.0002060430288
6.616 0.0002090633449
6.618 0.0002100115722
6.62 0.0002060118255
6.622 0.0001981371447
6.624 0.0001919540241
6.626 0.000190379104
6.628 0.0001878358727
6.63 0.0001857499025
6.632 0.0001826247418
6.634 0.000175534376
6.636 0.0001699333562
6.638 0.0001688798425
6.64 0.0001713061082
6.642 0.000171586781
6.644 0.0001667934197
6.646 0.0001580333003
6.648 0.000151004013
6.65 0.0001486967301
6.652 0.0001454166327
6.654 0.0001426252237
6.656 0.0001387956496
6.658 0.0001309379042
6.66 0.0001246325108
6.662 0.0001230065792
6.664 0.0001249699787
6.666 0.000124774301
6.668 0.0001194287715
6.67 0.0001100640952
6.672 0.0001025090328
6.674 9.981906363e-05
6.676 9.616948789e-05
6.678 9.305512964e-05
6.68 8.891547221e-05
6.682 8.069698535e-05
6.684 7.410052569e-05
6.686 7.231993957e-05
6.688 7.423928512e-05
6.69 7.39850448e-05
6.692 6.85013024e-05
6.694 5.894525332e-05
6.696 5.126864809e-05
6.698 4.858784387e-05
6.7 4.495212442e-05
6.702 4.187402905e-05
6.704 3.776366469e-05
6.706 2.95158277e-05
6.708 2.305355668e-05
6.71 2.138708583e-05
6.712 2.336158733e-05
6.714 2.336413358e-05
6.716 1.801284041e-05
6.718 8.680758057e-06
6.72 1.218867167e-06
6.722 -1.308764291e-06
6.724 -4.759268931e-06
6.726 -7.629516879e-06
6.728 -1.150165473e-05
6.73 -1.944812912e-05
6.732 -2.573645053e-05
6.734 -2.717257003e-05
6.736 -2.486129425e-05
6.738 -2.471217851e-05
6.74 -2.978832422e-05
6.742 -3.89469672e-05
6.744 -4.620288801e-05
6.746 -4.843430627e-05
6.748 -5.162313878e-05
6.75 -5.422243533e-05
6.752 -5.785018859e-05
6.754 -6.562723461e-05
6.756 -7.170142051e-05
6.758 -7.278988284e-05
6.76 -7.004429202e-05
6.762 -6.950812743e-05
6.764 -7.432713503e-05
6.766 -8.331141765e-05
6.768 -9.033955692e-05
6.77 -9.222513883e-05
6.772 -9.508079037e-05
6.774 -9.732659327e-05
6.776 -0.0001006151435
6.778 -0.0001081342573
6.78 -0.0001139049611
6.782 -0.0001145935968
6.784 -0.0001113761282
6.786 -0.0001104162385
6.788 -0.00011490369
6.79 -0.0001236227127
6.792 -0.0001303292399
6.794 -0.0001317717447
6.796 -0.0001341933068
6.798 -0.0001359826285
6.8 -0.0001388267952
6.802 -0.000145980773
6.804 -0.0001513412959
6.806 -0.0001515066847
6.808 -0.0001476787652
6.81 -0.0001461491045
6.812 -0.0001501728694
6.814 -0.0001585075982
6.816 -0.0001647811739
6.818 -0.0001656767329
6.82 -0.0001675663699
6.822 -0.0001688050602
6.824 -0.0001711147438
6.826 -0.0001778172012
6.828 -0.0001826843959
6.83 -0.0001822477002
6.832 -0.0001777353685
6.834 -0.0001755653544
6.836 -0.0001790578254
6.838 -0.0001869458917
6.84 -0.0001927310034
6.842 -0.000193080094
6.844 -0.0001944273589
6.846 -0.0001950925818
6.848 -0.0001968859365
6.85 -0.0002031501835
6.852 -0.0002075320378
6.854 -0.000206494302
6.856 -0.0002012985417
6.858 -0.000198486043
6.86 -0.0002014516148
6.862 -0.0002089090227
6.864 -0.0002142336129
6.866 -0.0002139663147
6.868 -0.0002147378622
6.87 -0.0002148312713
6.872 -0.0002160437621
6.874 -0.0002218362947
6.876 -0.0002257293584
6.878 -0.0002241193122
6.88 -0.000218291729
6.882 -0.0002149077121
6.884 -0.0002174118837
6.886 -0.0002244922124
6.888 -0.0002293870725
6.89 -0.0002285919486
6.892 -0.0002288569844
6.894 -0.0002284381545
6.896 -0.0002291667127
6.898 -0.0002345684913
6.9 -0.000238016515
6.902 -0.0002358489329
6.904 -0.0002293913205
6.906 -0.0002254349786
6.908 -0.0002275003835
6.91 -0.0002342217447
6.912 -0.0002386988342
6.914 -0.0002373608437
6.916 -0.0002371311412
6.918 -0.0002362102908
6.92 -0.0002364887815
6.922 -0.0002415498535
6.924 -0.0002446268693
6.926 -0.0002419876175
6.928 -0.0002349919438
6.93 -0.0002305754883
6.932 -0.0002323110835
6.934 -0.000238805394
6.936 -0.0002430262707
6.938 -0.0002413431569
6.94 -0.0002407937872
6.942 -0.000239536721
6.944 -0.000239487857
6.946 -0.0002443091113
6.948 -0.0002471174355
6.95 -0.0002441148936
6.952 -0.0002366675163
6.954 -0.0002318731515
6.956 -0.0002333680441
6.958 -0.000239749603
6.96 -0.0002438507393
6.962 -0.0002419780779
6.964 -0.0002412994679
6.966 -0.0002399497743
6.968 -0.0002398690278
6.97 -0.00024477895
6.972 -0.0002476630148
6.974 -0.0002446628696
6.976 -0.0002371747559
6.978 -0.0002323861444
6.98 -0.0002339992266
6.982 -0.0002405707094
6.984 -0.0002447998781
6.986 -0.000242935529
6.988 -0.0002422398637
6.99 -0.0002408160828
6.992 -0.0002410542438
6.994 -0.0002465860972
6.996 -0.0002501779551
6.998 -0.0002477669695
7 -0.0002403538473
7.002 -0.0002353818585
7.004 -0.0002367118095
7.006 -0.0002429874683
7.008 -0.0002467889161
7.01 -0.0002443262573
7.012 -0.0002430435325
7.014 -0.0002413867836
7.016 -0.0002410099097
7.018 -0.0002454065911
7.02 -0.0002476884615
7.022 -0.0002438578037
7.024 -0.000235376461
7.026 -0.0002297035743
7.028 -0.0002306770363
7.03 -0.0002368049674
7.032 -0.0002405280191
7.034 -0.0002379551166
7.036 -0.0002366536364
7.038 -0.0002346488965
7.04 -0.0002339940784
7.042 -0.0002386155249
7.044 -0.0002411256509
7.046 -0.0002374534509
7.048 -0.0002290936192
7.05 -0.0002236265
7.052 -0.0002249534486
7.054 -0.000231536534
7.056 -0.0002356920034
7.058 -0.0002334545734
7.06 -0.0002325225892
7.062 -0.0002308868365
7.064 -0.0002306362347
7.066 -0.0002357570855
7.068 -0.0002387333249
7.07 -0.0002354298971
7.072 -0.0002273527763
7.074 -0.0002222093109
7.076 -0.0002239630198
7.078 -0.0002310661794
7.08 -0.0002356950731
7.082 -0.0002338244349
7.084 -0.0002332786843
7.086 -0.0002314940142
7.088 -0.0002307855309
7.09 -0.0002353240963
7.092 -0.0002381502522
7.094 -0.0002348654493
7.096 -0.0002269391945
7.098 -0.0002220614811
7.1 -0.0002242769358
7.102 -0.0002319611748
7.104 -0.0002371586725
7.106 -0.0002357607075
7.108 -0.0002357168155
7.11 -0.0002349402142
7.112 -0.0002355880914
7.114 -0.0002417756227
7.116 -0.0002457313736
7.118 -0.000243181587
7.12 -0.0002356866987
7.122 -0.000231215589
7.124 -0.0002338579025
7.126 -0.0002420130475
7.128 -0.0002475985218
7.13 -0.0002464609093
7.132 -0.0002466827471
7.134 -0.0002461519379
7.136 -0.0002470622651
7.138 -0.0002535957988
7.14 -0.000257861315
7.142 -0.0002555183757
7.144 -0.0002481526523
7.146 -0.0002438599597
7.148 -0.0002467953219
7.15 -0.0002553336664
7.152 -0.0002612661518
7.154 -0.0002603765647
7.156 -0.0002608752771
7.158 -0.0002606162873
7.16 -0.0002618304637
7.162 -0.0002687631437
7.164 -0.0002733978759
7.166 -0.0002713284416
7.168 -0.0002641663287
7.17 -0.000260132414
7.172 -0.0002634435821
7.174 -0.0002724487369
7.176 -0.000278812534
7.178 -0.0002782558481
7.18 -0.0002791145431
7.182 -0.0002792079914
7.184 -0.0002808014222
7.186 -0.0002882026317
7.188 -0.00029327307
7.19 -0.0002915411496
7.192 -0.0002846449407
7.194 -0.0002809314583
7.196 -0.0002846762266
7.198 -0.0002941990218
7.2 -0.0003010392461
7.202 -0.0003008552899
7.204 -0.0003021069465
7.206 -0.0003025795664
7.208 -0.0003045722863
7.21 -0.0003124544079
7.212 -0.000317966623
7.214 -0.0003165726332
7.216 -0.000309932759
7.218 -0.0003065126929
7.22 -0.0003106476056
7.222 -0.0003206356629
7.224 -0.000327895959
7.226 -0.0003280245363
7.228 -0.000329603061
7.23 -0.0003303837427
7.232 -0.0003326997776
7.234 -0.0003409814554
7.236 -0.0003468232536
7.238 -0.0003456536744
7.24 -0.0003391681036
7.242 -0.0003359542725
7.244 -0.0003403930908
7.246 -0.0003507632222
7.248 -0.0003583486883
7.25 -0.0003586899103
7.252 -0.0003604977621
7.254 -0.0003614890154
7.256 -0.0003640318228
7.258 -0.0003726172108
7.26 -0.0003787498462
7.262 -0.0003777692039
7.264 -0.0003713836547
7.266 -0.0003682951007
7.268 -0.0003729606249
7.27 -0.0003836291892
7.272 -0.0003914749639
7.274 -0.0003919746189
7.276 -0.0003939502607
7.278 -0.0003950891379
7.28 -0.0003977902927
7.282 -0.0004066029961
7.284 -0.000412917453
7.286 -0.0004120093354
7.288 -0.000405617042
7.29 -0.0004025531123
7.292 -0.000407333901
7.294 -0.0004181795415
7.296 -0.0004261472758
7.298 -0.0004266574112
7.3 -0.0004286491106
7.302 -0.0004297776459
7.304 -0.0004324758679
7.306 -0.0004413499418
7.308 -0.0004476788546
7.31 -0.0004466811704
7.312 -0.000440113428
7.314 -0.000436909354
7.316 -0.0004416384918
7.318 -0.0004525007498
7.32 -0.0004604407675
7.322 -0.0004608227049
7.324 -0.0004626988105
7.326 -0.0004636939878
7.328 -0.000466271504
7.33 -0.000475095472
7.332 -0.0004813351481
7.334 -0.0004801504528
7.336 -0.0004733206644
7.338 -0.000469890821
7.34 -0.0004744853262
7.342 -0.0004853268003
7.344 -0.0004931491629
7.346 -0.0004933034195
7.348 -0.000494941509
7.35 -0.0004956792389
7.352 -0.0004980024609
7.354 -0.0005066259297
7.356 -0.000512609059
7.358 -0.0005110631803
7.36 -0.0005037918761
7.362 -0.0004999507966
7.364 -0.0005042190424
7.366 -0.0005147518168
7.368 -0.0005222735235
7.37 -0.0005220403302
7.372 -0.000523325449
7.374 -0.0005236947249
7.376 -0.000525673054
7.378 -0.0005340345084
7.38 -0.0005397373084
7.382 -0.0005378298899
7.384 -0.0005301367248
7.386 -0.0005259172794
7.388 -0.0005299018162
7.39 -0.0005402223569
7.392 -0.000547496512
7.394 -0.0005469282548
7.396 -0.0005478967782
7.398 -0.0005479391555
7.4 -0.0005496088547
7.402 -0.000557731622
7.404 -0.0005631646977
7.406 -0.0005609043825
7.408 -0.0005527974194
7.41 -0.0005482099782
7.412 -0.0005519158452
7.414 -0.000562023844
7.416 -0.0005690506625
7.418 -0.0005681501008
7.42 -0.0005688025693
7.422 -0.0005685178396
7.424 -0.000569878333
7.426 -0.0005777608564
7.428 -0.0005829238023
7.43 -0.0005803089714
7.432 -0.0005717831848
7.434 -0.0005668069745
7.436 -0.0005702097455
7.438 -0.0005800805833
7.44 -0.0005868359073
7.442 -0.0005855804835
7.444 -0.0005858936104
7.446 -0.0005852581862
7.448 -0.0005862829918
7.45 -0.0005938938013
7.452 -0.0005987548704
7.454 -0.0005957753002
7.456 -0.0005868331935
7.458 -0.0005814857574
7.46 -0.0005846027991
7.462 -0.0005942407123
7.464 -0.0006007276873
7.466 -0.000599121484
7.468 -0.0005992227515
7.47 -0.0005982460984
7.472 -0.0005989485353
7.474 -0.0006063012209
7.476 -0.0006108788891
7.478 -0.0006075281115
7.48 -0.0005981552907
7.482 -0.0005924055226
7.484 -0.0005952020168
7.486 -0.0006045973516
7.488 -0.0006108228208
7.49 -0.0006088908347
7.492 -0.0006085655928
7.494 -0.000607281465
7.496 -0.0006076989248
7.498 -0.0006148345528
7.5 -0.0006191788287
7.502 -0.0006155307929
7.504 -0.0006058121853
7.506 -0.0005997552922
7.508 -0.0006023340903
7.51 -0.0006115862712
7.512 -0.0006176547489
7.514 -0.0006155059142
7.516 -0.0006149851418
7.518 -0.0006135066173
7.52 -0.0006137508551
7.522 -0.000620769405
7.524 -0.000624972448
7.526 -0.0006211366149
7.528 -0.0006111997247
7.53 -0.0006049630155
7.532 -0.000607432775
7.534 -0.0006166330328
7.536 -0.0006226334815
7.538 -0.0006203575245
7.54 -0.0006197261513
7.542 -0.0006181345657
7.544 -0.0006182864928
7.546 -0.000625284607
7.548 -0.0006294671518
7.55 -0.0006255420962
7.552 -0.0006154558826
7.554 -0.0006090993043
7.556 -0.0006115239609
7.558 -0.000620741756
7.56 -0.0006267426412
7.562 -0.0006244095045
7.564 -0.0006237395789
7.566 -0.0006221097836
7.568 -0.0006222443531
7.57 -0.0006292851406
7.572 -0.0006335005663
7.574 -0.0006295584559
7.576 -0.0006194185205
7.578 -0.0006130411528
7.58 -0.0006155196077
7.582 -0.000624851042
7.584 -0.00063095278
7.586 -0.0006286709274
7.588 -0.0006280746246
7.59 -0.0006265218918
7.592 -0.0006267646505
7.594 -0.0006339655504
7.596 -0.0006383274518
7.598 -0.0006344807543
7.6 -0.0006244036089
7.602 -0.0006181242936
7.604 -0.0006207671354
7.606 -0.0006303150292
7.608 -0.0006366170814
7.61 -0.0006344866578
7.612 -0.0006340590043
7.614 -0.0006326716287
7.616 -0.0006330865575
7.618 -0.0006405128685
7.62 -0.0006450856909
7.622 -0.000641404356
7.624 -0.0006314571711
7.626 -0.0006253375369
7.628 -0.000628198894
7.63 -0.0006380102201
7.632 -0.0006445560798
7.634 -0.0006426197074
7.636 -0.0006423984789
7.638 -0.0006412157535
7.64 -0.0006418506441
7.642 -0.0006495410118
7.644 -0.0006543634555
7.646 -0.000650886386
7.648 -0.0006411103174
7.65 -0.0006351864852
7.652 -0.0006382978634
7.654 -0.0006484013686
7.656 -0.0006552250817
7.658 -0.0006535239196
7.66 -0.0006535509792
7.662 -0.0006526141079
7.664 -0.0006535070367
7.666 -0.0006614946116
7.668 -0.00066657525
7.67 -0.0006633136446
7.672 -0.0006537322847
7.674 -0.000648028972
7.676 -0.0006514086234
7.678 -0.0006618160176
7.68 -0.0006689273155
7.682 -0.0006674724424
7.684 -0.0006677554852
7.686 -0.0006670705336
7.688 -0.000668225127
7.69 -0.0006765083068
7.692 -0.0006818958098
7.694 -0.0006789040431
7.696 -0.000669555782
7.698 -0.0006641029316
7.7 -0.0006677722003
7.702 -0.0006784968704
7.704 -0.0006859084429
7.706 -0.0006847121353
7.708 -0.0006852581972
7.71 -0.0006848290554
7.712 -0.0006862448165
7.714 -0.0006948156702
7.716 -0.0007004773764
7.718 -0.0006977258528
7.72 -0.0006885929709
7.722 -0.000683370963
7.724 -0.00068730785
7.726 -0.0006983274623
7.728 -0.0007060203752
7.73 -0.0007050757242
7.732 -0.000705884212
7.734 -0.0007057163538
7.736 -0.0007074026672
7.738 -0.0007162694362
7.74 -0.0007222149195
7.742 -0.0007197156312
7.744 -0.000710804745
7.746 -0.0007058112339
7.748 -0.0007100011216
7.75 -0.0007212938032
7.752 -0.0007292513969
7.754 -0.0007285434852
7.756 -0.0007295921815
7.758 -0.000729656524
7.76 -0.0007315766984
7.762 -0.0007406984602
7.764 -0.000746887622
7.766 -0.0007435355211
7.768 -0.000734240047
7.77 -0.0007292764437
7.772 -0.0007338458844
7.774 -0.0007456074916
7.776 -0.0007541357482
7.778 -0.000754002226
7.78 -0.0007556611327
7.782 -0.0007563358206
7.784 -0.000758866841
7.786 -0.0007685378055
7.788 -0.0007752437278
7.79 -0.000773450573
7.792 -0.0007652013482
7.794 -0.0007608764264
7.796 -0.0007657577717
7.798 -0.0007777397169
7.8 -0.0007863404626
7.802 -0.0007862075191
7.804 -0.0007878145906
7.806 -0.0007884085765
7.808 -0.0007908488404
7.81 -0.0007920576114
7.812 -0.0007950440284
7.814 -0.0008051511593
7.816 -0.0008122168205
7.818 -0.0008106859028
7.82 -0.0008026293735
7.822 -0.0007984570497
7.824 -0.0008034737696
7.826 -0.0008155774994
7.828 -0.0008242477857
7.83 -0.0008241311811
7.832 -0.0008257333186
7.834 -0.0008263007452
7.836 -0.0008286983281
7.838 -0.0008298532507
7.84 -0.0008327870462
7.842 -0.0008428521374
7.844 -0.0008498696539
7.846 -0.0008482770706
7.848 -0.0008401494692
7.85 -0.0008359067522
7.852 -0.0008408578747
7.854 -0.0008528989771
7.856 -0.0008615028453
7.858 -0.0008613137147
7.86 -0.0008543916209
7.862 -0.0008512042733
7.864 -0.0008570758475
7.866 -0.0008699113913
7.868 -0.0008791831948
7.87 -0.0008795380571
7.872 -0.0008730416942
7.874 -0.0008701196915
7.876 -0.0008762005548
7.878 -0.0008892235769
7.88 -0.0008985852947
7.882 -0.0008989246638
7.884 -0.0008923332317
7.886 -0.0008893012431
7.888 -0.000895170634
7.89 -0.0009078627438
7.892 -0.0009168853034
7.894 -0.0009168927188
7.896 -0.0009099335984
7.898 -0.0009065146515
7.9 -0.0009119978506
7.902 -0.0009243110257
7.904 -0.0009329501873
7.906 -0.0009325732387
7.908 -0.0009252612629
7.91 -0.0009215169242
7.912 -0.0009266905653
7.914 -0.0009387035175
7.916 -0.0009470724051
7.918 -0.0009464592513
7.92 -0.0009389365788
7.922 -0.0009350081806
7.924 -0.0009400153091
7.926 -0.0009518844699
7.928 -0.0009601251832
7.93 -0.0009593991939
7.932 -0.0009517832643
7.934 -0.0009477710435
7.936 -0.0009527010562
7.938 -0.0009644973748
7.94 -0.0009726736874
7.942 -0.0009718919896
7.944 -0.0009642271763
7.946 -0.0009601660151
7.948 -0.0009650647158
7.95 -0.0009768238401
7.952 -0.00098493878
7.954 -0.0009840865646
7.956 -0.0009763425232
7.958 -0.0009721920759
7.96 -0.0009769641705
7.962 -0.0009885842677
7.964 -0.0009965781429
7.966 -0.0009956166667
7.968 -0.0009877775978
7.97 -0.0009835407537
7.972 -0.0009882219466
7.974 -0.0009997351355
7.976 -0.0010076223
7.978 -0.001006562202
7.98 -0.0009986296934
7.982 -0.00099429227
7.984 -0.000998859964
7.986 -0.001010254622
7.988 -0.001018092146
7.99 -0.001017027877
7.992 -0.001009148611
7.994 -0.001004833323
7.996 -0.001009420552
7.998 -0.001020814063
8 -0.00102858873
8.002 -0.001028001627
8.004 -0.00102090606
8.006 -0.001017078899
8.008 -0.001021865381
8.01 -0.001033287595
8.012 -0.00104104681
8.014 -0.001039826302
8.016 -0.001031727826
8.018 -0.001027176539
8.02 -0.00103147763
8.022 -0.001042562025
8.024 -0.001050033181
8.026 -0.001048599264
8.028 -0.001040327182
8.03 -0.001035622641
8.032 -0.001039765989
8.034 -0.001050690252
8.036 -0.001058011932
8.038 -0.001056446822
8.04 -0.001048050214
8.042 -0.001043217113
8.044 -0.001047226676
8.046 -0.001058012913
8.048 -0.001065211558
8.05 -0.001063545053
8.052 -0.001055129763
8.054 -0.001050260622
8.056 -0.001054210802
8.058 -0.001064903808
8.06 -0.001072015453
8.062 -0.001070276476
8.064 -0.001061746391
8.066 -0.001056777539
8.068 -0.001060625116
8.07 -0.00107123455
8.072 -0.001078284878
8.074 -0.001076520201
8.076 -0.001067989199
8.078 -0.001063027933
8.08 -0.001066874456
8.082 -0.001077475451
8.084 -0.001084529612
8.086 -0.001082793131
8.088 -0.00107431392
8.09 -0.001069387463
8.092 -0.001073249552
8.094 -0.001083847725
8.096 -0.001090912108
8.098 -0.001089208529
8.1 -0.001080780288
8.102 -0.00107590828
8.104 -0.001079810902
8.106 -0.00109044367
8.108 -0.001097555006
8.11 -0.001095927637
8.112 -0.001087597267
8.114 -0.001082814729
8.116 -0.001086782275
8.118 -0.001097463884
8.12 -0.001104636239
8.122 -0.001103094289
8.124 -0.001094868592
8.126 -0.001090184295
8.128 -0.001094230293
8.13 -0.00110497131
8.132 -0.001112210708
8.134 -0.001110761388
8.136 -0.00110265444
8.138 -0.001098090347
8.14 -0.001102243455
8.142 -0.001113075535
8.144 -0.001120414099
8.146 -0.001119079951
8.148 -0.001111087965
8.15 -0.001106600349
8.152 -0.001110774982
8.154 -0.001121587804
8.156 -0.001128904325
8.158 -0.00112756663
8.16 -0.001119587819
8.162 -0.001115100444
8.164 -0.001119247262
8.166 -0.0011300112
8.168 -0.001137291213
8.17 -0.0011359466
8.172 -0.001127984722
8.174 -0.001123504944
8.176 -0.001127632957
8.178 -0.001138358349
8.18 -0.001145614763
8.182 -0.001144279373
8.184 -0.001136353269
8.186 -0.001131900714
8.188 -0.001136029432
8.19 -0.001146735442
8.192 -0.001153986425
8.194 -0.001152678207
8.196 -0.001144805914
8.198 -0.001140397389
8.2 -0.0011445415
8.202 -0.001155240867
8.204 -0.001162593865
8.206 -0.001161519447
8.208 -0.00115396616
8.21 -0.001149911119
8.212 -0.001154416952
8.214 -0.001165392972
8.216 -0.001172875753
8.218 -0.001171832694
8.22 -0.00116425428
8.222 -0.001160096914
8.224 -0.001164415601
8.226 -0.001175230325
8.228 -0.001182629347
8.23 -0.001181566097
8.232 -0.00117401235
8.234 -0.001169878817
8.236 -0.001174194671
8.238 -0.001184984326
8.24 -0.001192374632
8.242 -0.001191338199
8.244 -0.001183838234
8.246 -0.001179742972
8.248 -0.001184059899
8.25 -0.001194821307
8.252 -0.001202196508
8.254 -0.001201179715
8.256 -0.001193725832
8.258 -0.001189660277
8.26 -0.001193990001
8.262 -0.00120473504
8.264 -0.001212098902
8.266 -0.001211103786
8.268 -0.001203699117
8.27 -0.001199666048
8.272 -0.001203968425
8.274 -0.001214655494
8.276 -0.001221985964
8.278 -0.001221000611
8.28 -0.001213638659
8.282 -0.001209636015
8.284 -0.001213932624
8.286 -0.001224586166
8.288 -0.001231901491
8.29 -0.00123094219
8.292 -0.001223638674
8.294 -0.001219679406
8.296 -0.001223981171
8.298 -0.001234610856
8.3 -0.001241920643
8.302 -0.001240998032
8.304 -0.001233764214
8.306 -0.001229859786
8.308 -0.001234177023
8.31 -0.001244791599
8.312 -0.001252104293
8.314 -0.001251227045
8.316 -0.00124407161
8.318 -0.001240229084
8.32 -0.001244566716
8.322 -0.001255169674
8.324 -0.001262488571
8.326 -0.001261660458
8.328 -0.001254587097
8.33 -0.001250808921
8.332 -0.001255168263
8.334 -0.001265759398
8.336 -0.001273105151
8.338 -0.0012723644
8.34 -0.001265421315
8.342 -0.00126176512
8.344 -0.001266211083
8.346 -0.001276866967
8.348 -0.001284288175
8.35 -0.00128366354
8.352 -0.001276875405
8.354 -0.001273324435
8.356 -0.00127774145
8.358 -0.001288434391
8.36 -0.001295943171
8.362 -0.001295552296
8.364 -0.001289123123
8.366 -0.001286056258
8.368 -0.001291109875
8.37 -0.001302411065
8.372 -0.001310616745
8.374 -0.001310967257
8.376 -0.001305378316
8.378 -0.001302986521
8.38 -0.001308591179
8.382 -0.001320250045
8.384 -0.001328684565
8.386 -0.001329139699
8.388 -0.001323461431
8.39 -0.0013209081
8.392 -0.001326178931
8.394 -0.001337412647
8.396 -0.001345377432
8.398 -0.00134533215
8.4 -0.001339111546
8.402 -0.001335922931
8.404 -0.001340443854
8.406 -0.00135083292
8.408 -0.001358082274
8.41 -0.001357459517
8.412 -0.001350804881
8.414 -0.001347241407
8.416 -0.001351434124
8.418 -0.001361546952
8.42 -0.001368477892
8.422 -0.00136758859
8.424 -0.001360705032
8.426 -0.001356931377
8.428 -0.001360893445
8.43 -0.001370776773
8.432 -0.00137753501
8.434 -0.001376561174
8.436 -0.001369668125
8.438 -0.001365899577
8.44 -0.001369848904
8.442 -0.001379710505
8.444 -0.001386442642
8.446 -0.001385512208
8.448 -0.001378747545
8.45 -0.001375115478
8.452 -0.001379173295
8.454 -0.001389125247
8.456 -0.001396041043
8.458 -0.001395369237
8.46 -0.001388894269
8.462 -0.00138553223
8.464 -0.001389810498
8.466 -0.001399942438
8.468 -0.001407059688
8.47 -0.001406641179
8.472 -0.001400457451
8.474 -0.001397359557
8.476 -0.001401842591
8.478 -0.001412132542
8.48 -0.001419423022
8.482 -0.001419223397
8.484 -0.001413290493
8.486 -0.001410411165
8.488 -0.001415045568
8.49 -0.001425639359
8.492 -0.001433097914
8.494 -0.001433103181
8.496 -0.001427307959
8.498 -0.001424531535
8.5 -0.001429161227
8.502 -0.001439475273
8.504 -0.001446784467
8.506 -0.001446668361
8.508 -0.001440854897
8.51 -0.001438003785
8.512 -0.001442513869
8.514 -0.001452650246
8.516 -0.001464704935
8.518 -0.001466476948
8.52 -0.001466672458
8.522 -0.001470094008
8.524 -0.001482068147
8.526 -0.001493580147
8.528 -0.001504584464
8.53 -0.001502978785
8.532 -0.001494378665
8.534 -0.001486142837
8.536 -0.00148509366
8.538 -0.001488962101
8.54 -0.001490033598
8.542 -0.001483912802
8.544 -0.001472560151
8.546 -0.001464462615
8.548 -0.00146402182
8.55 -0.00146956988
8.552 -0.001472735124
8.554 -0.001469239108
8.556 -0.001460775418
8.558 -0.001455736959
8.56 -0.001458386954
8.562 -0.001467032809
8.564 -0.001473317619
8.566 -0.00147296536
8.568 -0.001467652068
8.57 -0.001465659582
8.572 -0.001471194404
8.574 -0.001482547362
8.576 -0.001491416742
8.578 -0.001493545493
8.58 -0.001490557668
8.582 -0.001490645584
8.584 -0.001497994208
8.586 -0.001510915755
8.588 -0.00152118456
8.59 -0.001524577947
8.592 -0.0015227097
8.594 -0.001523734393
8.596 -0.001531787629
8.598 -0.001545199993
8.6 -0.001555810059
8.602 -0.001559438964
8.604 -0.001557689604
8.606 -0.001558657625
8.608 -0.00156644994
8.61 -0.001579420518
8.612 -0.001589488024
8.614 -0.001592519738
8.616 -0.001590116208
8.618 -0.001590310941
8.62 -0.001597188205
8.622 -0.001609126808
8.624 -0.001618125053
8.626 -0.001620097496
8.628 -0.001616641675
8.63 -0.00161572484
8.632 -0.001621404495
8.634 -0.00163208367
8.636 -0.00163984693
8.638 -0.001640652295
8.64 -0.001636088314
8.642 -0.001634061928
8.644 -0.001638601707
8.646 -0.001648127474
8.648 -0.001654795527
8.65 -0.001654602564
8.652 -0.001649144784
8.654 -0.001646220101
8.656 -0.001649831184
8.658 -0.001658436884
8.66 -0.001664288071
8.662 -0.001663446778
8.664 -0.001657455133
8.666 -0.001657207658
8.668 -0.001660398549
8.67 -0.001666264634
8.672 -0.001671665873
8.674 -0.001669818028
8.676 -0.00166353163
8.678 -0.00165968858
8.68 -0.001662543641
8.682 -0.001670360498
8.684 -0.001675612397
8.686 -0.001674337983
8.688 -0.001668070553
8.69 -0.001664391944
8.692 -0.001667188731
8.694 -0.001674950801
8.696 -0.00168013718
8.698 -0.001678879955
8.7 -0.0016726743
8.702 -0.001669043434
8.704 -0.001671827898
8.706 -0.001679533525
8.708 -0.001684686488
8.71 -0.00168345707
8.712 -0.001677323934
8.714 -0.001673737604
8.716 -0.001676501368
8.718 -0.001684150663
8.72 -0.001689272726
8.722 -0.001688069933
8.724 -0.001681980883
8.726 -0.001678391446
8.728 -0.001681066981
8.73 -0.001688545083
8.732 -0.001693493847
8.734 -0.001692159917
8.736 -0.001685994122
8.738 -0.001682303104
8.74 -0.001684819108
8.742 -0.001692085536
8.744 -0.001696844601
8.746 -0.001695394474
8.748 -0.001689175275
8.75 -0.001685401055
8.752 -0.001687765289
8.754 -0.001694829901
8.756 -0.001699412251
8.758 -0.00169783413
8.76 -0.001691523657
8.762 -0.001687644215
8.764 -0.001689849779
8.766 -0.001696715869
8.768 -0.001701131763
8.77 -0.001699458487
8.772 -0.001693110388
8.774 -0.001689178497
8.776 -0.001691279397
8.778 -0.001698003056
8.78 -0.001702312524
8.782 -0.001700607275
8.784 -0.001694287236
8.786 -0.001690370821
8.788 -0.001692436708
8.79 -0.001699090308
8.792 -0.001703377154
8.794 -0.001701731096
8.796 -0.001695525647
8.798 -0.001691700299
8.8 -0.00169380037
8.802 -0.001700444376
8.804 -0.001704743389
8.806 -0.001703173079
8.808 -0.001697104701
8.81 -0.001693407374
8.812 -0.001695582652
8.814 -0.001702263166
8.816 -0.001706632808
8.818 -0.001705204929
8.82 -0.001699335556
8.822 -0.001695818991
8.824 -0.001698117742
8.826 -0.001704878249
8.828 -0.001709357964
8.83 -0.001708107947
8.832 -0.001702567794
8.834 -0.001699151354
8.836 -0.001701262291
8.838 -0.001707356995
8.84 -0.001711061081
8.842 -0.001708948497
8.844 -0.001702444904
8.846 -0.00169819943
8.848 -0.001699634721
8.85 -0.0017054351
8.852 -0.001709020749
8.854 -0.001707026322
8.856 -0.001700770152
8.858 -0.001696825894
8.86 -0.001698563323
8.862 -0.001704651668
8.864 -0.001708572985
8.866 -0.001706987836
8.868 -0.001701194896
8.87 -0.001697685159
8.872 -0.001699775905
8.874 -0.001706170415
8.876 -0.00171042829
8.878 -0.001709252859
8.88 -0.00170391779
8.882 -0.001700825032
8.884 -0.001703247383
8.886 -0.0017099097
8.888 -0.001714459859
8.89 -0.001713636125
8.892 -0.001708693998
8.894 -0.001705966286
8.896 -0.001708683738
8.898 -0.001715586968
8.9 -0.001720400815
8.902 -0.001719903135
8.904 -0.001715333199
8.906 -0.001712930341
8.908 -0.001715881905
8.91 -0.001722942405
8.912 -0.001727918627
8.914 -0.001727621855
8.916 -0.001723289164
8.918 -0.001721081403
8.92 -0.001724145756
8.922 -0.001731251742
8.924 -0.001736282823
8.926 -0.001736100485
8.928 -0.001731916252
8.93 -0.001729815602
8.932 -0.001732906316
8.934 -0.001739973562
8.936 -0.001744976206
8.938 -0.001744814927
8.94 -0.001740686462
8.942 -0.001738602087
8.944 -0.001741631313
8.946 -0.001748574862
8.948 -0.001753467192
8.95 -0.001753248034
8.952 -0.001749100617
8.954 -0.001746959189
8.956 -0.001749857129
8.958 -0.001756616334
8.96 -0.001761349992
8.962 -0.001761032044
8.964 -0.001756827295
8.966 -0.001754596822
8.968 -0.001757341264
8.97 -0.001763896642
8.972 -0.001768449284
8.974 -0.001768010875
8.976 -0.001763731968
8.978 -0.001761401996
8.98 -0.001763984669
8.982 -0.001770331262
8.984 -0.00177470073
8.986 -0.001774143051
8.988 -0.001769797423
8.99 -0.001767386571
8.992 -0.001769839818
8.994 -0.001776025614
8.996 -0.00178027608
8.998 -0.001779681228
9 -0.00177536746
9.002 -0.001772985134
9.004 -0.001775425348
9.006 -0.001781566615
9.008 -0.001785809348
9.01 -0.001785273021
9.012 -0.001781063292
9.014 -0.001778752296
9.016 -0.001781187915
9.018 -0.001787070476
9.02 -0.001791068578
9.022 -0.001790217375
9.024 -0.001785773177
9.026 -0.001783096023
9.028 -0.00178516719
9.03 -0.001790941728
9.032 -0.001794916763
9.034 -0.001794267954
9.036 -0.001790075052
9.038 -0.001787759967
9.04 -0.001789921838
9.042 -0.001805900491
9.044 -0.001806598463
9.046 -0.001805562177
9.048 -0.001800073912
9.05 -0.001797011001
9.052 -0.001798632942
9.054 -0.001804113684
9.056 -0.001807925628
9.058 -0.001807182387
9.06 -0.001802928513
9.062 -0.00180062416
9.064 -0.001803084951
9.066 -0.00180922559
9.068 -0.001813606203
9.07 -0.001813410501
9.072 -0.00180970326
9.074 -0.001807873949
9.076 -0.001810691077
9.078 -0.001817089976
9.08 -0.001821708458
9.082 -0.001821788609
9.084 -0.00181837993
9.086 -0.001816801458
9.088 -0.001819796209
9.09 -0.0018263157
9.092 -0.001831074842
9.094 -0.001831346351
9.096 -0.001828172987
9.098 -0.001826803688
9.1 -0.00182995121
9.102 -0.001836583228
9.104 -0.001841295625
9.106 -0.001841500621
9.108 -0.001838259244
9.11 -0.001836845682
9.112 -0.001840154816
9.114 -0.001847098968
9.116 -0.001852520329
9.118 -0.001853681882
9.12 -0.001851581501
9.122 -0.001851292423
9.124 -0.001855443242
9.126 -0.001863019838
9.128 -0.001868954925
9.13 -0.001870627832
9.132 -0.001869033854
9.134 -0.001869198802
9.136 -0.001873719156
9.138 -0.001881601874
9.14 -0.001887854921
9.142 -0.001889897322
9.144 -0.001888709361
9.146 -0.001889244564
9.148 -0.001894059482
9.15 -0.001902170576
9.152 -0.001908650682
9.154 -0.001910951419
9.156 -0.001910037063
9.158 -0.001910788219
9.16 -0.00191572479
9.162 -0.00192387945
9.164 -0.001930397736
9.166 -0.001932768806
9.168 -0.001931943064
9.17 -0.0019327309
9.172 -0.001937615799
9.174 -0.001945645437
9.176 -0.001952037052
9.178 -0.001954317263
9.18 -0.001953424596
9.182 -0.001954099552
9.184 -0.001958789749
9.186 -0.001966558539
9.188 -0.001972694935
9.19 -0.001974763183
9.192 -0.001973688548
9.194 -0.001974142048
9.196 -0.00197853594
9.198 -0.001985948622
9.2 -0.00199174131
9.202 -0.001993517114
9.204 -0.001992187957
9.206 -0.00199235691
9.208 -0.001996401057
9.21 -0.002003413668
9.212 -0.002008825088
9.214 -0.00201027623
9.216 -0.002008666551
9.218 -0.002008528464
9.22 -0.002012204673
9.222 -0.002018804397
9.224 -0.002023831458
9.226 -0.002024963685
9.228 -0.002023088021
9.23 -0.002022668506
9.232 -0.002026012045
9.234 -0.002032242047
9.236 -0.002036932602
9.238 -0.002037797753
9.24 -0.002035710806
9.242 -0.002035065647
9.244 -0.002038133215
9.246 -0.002044058828
9.248 -0.002048486504
9.25 -0.002049165656
9.252 -0.002046953746
9.254 -0.002046175474
9.256 -0.002049064647
9.258 -0.002054771359
9.26 -0.002059008303
9.262 -0.002059553978
9.264 -0.002057244704
9.266 -0.00205633904
9.268 -0.002059045332
9.27 -0.002064528911
9.272 -0.002068570726
9.274 -0.002068993175
9.276 -0.002066629353
9.278 -0.00206566628
9.28 -0.002068186598
9.282 -0.002073362539
9.284 -0.002077059328
9.286 -0.002077147932
9.288 -0.002074528152
9.29 -0.002073328842
9.292 -0.00207566396
9.294 -0.002080712082
9.296 -0.002084394063
9.298 -0.002084599482
9.3 -0.002082141796
9.302 -0.002081062613
9.304 -0.002083452539
9.306 -0.002088517479
9.308 -0.002092245369
9.31 -0.002092563974
9.312 -0.002090265151
9.314 -0.002089331027
9.316 -0.002091818981
9.318 -0.002096946527
9.32 -0.002100767515
9.322 -0.002101243747
9.324 -0.002099152795
9.326 -0.002098408449
9.328 -0.002101032674
9.33 -0.002106255533
9.332 -0.002110197493
9.334 -0.002110853989
9.336 -0.002108988955
9.338 -0.002108449857
9.34 -0.00211121107
9.342 -0.00211654687
9.344 -0.002120606736
9.346 -0.002121451468
9.348 -0.002119817035
9.35 -0.002119495782
9.352 -0.00212243644
9.354 -0.002127895702
9.356 -0.002132123118
9.358 -0.002133191498
9.36 -0.002131824937
9.362 -0.002131735503
9.364 -0.002134844097
9.366 -0.002140432275
9.368 -0.002144784526
9.37 -0.002146033701
9.372 -0.002144858968
9.374 -0.002144958105
9.376 -0.002148182145
9.378 -0.002153829598
9.38 -0.002158268435
9.382 -0.002159633104
9.384 -0.002158635187
9.386 -0.0021588663
9.388 -0.002162180004
9.39 -0.002167872633
9.392 -0.002172388458
9.394 -0.00217389324
9.396 -0.002173089524
9.398 -0.002173503044
9.4 -0.002176956086
9.402 -0.002182756633
9.404 -0.0021874117
9.406 -0.002189118295
9.408 -0.002188565491
9.41 -0.002189223317
9.412 -0.002192876998
9.414 -0.002198846527
9.416 -0.002203699127
9.418 -0.002205660755
9.42 -0.002205406281
9.422 -0.002206337539
9.424 -0.002210212382
9.426 -0.002216361329
9.428 -0.002221411876
9.43 -0.002223621082
9.432 -0.002223651203
9.434 -0.002224850758
9.436 -0.002228950401
9.438 -0.002235289056
9.44 -0.002240553857
9.442 -0.002243032165
9.444 -0.002243373672
9.446 -0.002244857379
9.448 -0.00224917763
9.45 -0.002255686937
9.452 -0.002261134478
9.454 -0.002263835878
9.456 -0.002264428238
9.458 -0.002266131266
9.46 -0.00227060857
9.462 -0.002277224096
9.464 -0.002282781673
9.466 -0.002285628365
9.468 -0.002286389951
9.47 -0.002288221277
9.472 -0.002292750267
9.474 -0.002299356035
9.476 -0.002304902719
9.478 -0.002307766268
9.48 -0.002308556592
9.482 -0.002310379297
9.484 -0.002314839081
9.486 -0.002321323962
9.488 -0.002326753886
9.49 -0.002329536502
9.492 -0.002330275936
9.494 -0.002332021502
9.496 -0.002336348715
9.498 -0.002342656882
9.5 -0.002348032092
9.502 -0.002350906904
9.504 -0.002351827934
9.506 -0.002353772334
9.508 -0.002358282426
9.51 -0.00236476262
9.512 -0.002370244119
9.514 -0.002373190825
9.516 -0.002374184649
9.518 -0.00237605251
9.52 -0.002380315989
9.522 -0.002386442703
9.524 -0.002391536351
9.526 -0.002394094828
9.528 -0.002394694571
9.53 -0.002396218658
9.532 -0.002400157407
9.534 -0.002405941813
9.536 -0.0024107144
9.538 -0.00241299719
9.54 -0.00241334985
9.542 -0.002414599289
9.544 -0.002418206327
9.546 -0.002423613798
9.548 -0.002428019517
9.55 -0.00242997365
9.552 -0.002430035214
9.554 -0.002430972342
9.556 -0.002434217746
9.558 -0.002439230163
9.56 -0.002443261685
9.562 -0.00244489066
9.564 -0.002444668379
9.566 -0.002445319714
9.568 -0.002448256971
9.57 -0.002452936622
9.572 -0.002456663182
9.574 -0.002458042531
9.576 -0.002457604749
9.578 -0.002458017001
9.58 -0.002460658994
9.582 -0.002465007568
9.584 -0.002468423261
9.586 -0.002469541663
9.588 -0.002468884684
9.59 -0.00246907089
9.592 -0.002471452572
9.594 -0.002475518414
9.596 -0.002478680592
9.598 -0.002479602422
9.6 -0.002478794759
9.602 -0.002478822945
9.604 -0.002481014083
9.606 -0.002484865115
9.608 -0.002487839521
9.61 -0.002488626884
9.612 -0.002487728302
9.614 -0.002487656588
9.616 -0.002489711798
9.618 -0.002493401431
9.62 -0.002496240404
9.622 -0.002496944263
9.624 -0.002496003156
9.626 -0.002495879336
9.628 -0.002497847193
9.63 -0.002501424242
9.632 -0.002504175398
9.634 -0.002504841998
9.636 -0.00250390374
9.638 -0.002503772347
9.64 -0.002505695364
9.642 -0.002509199409
9.644 -0.002511899393
9.646 -0.002512562394
9.648 -0.002511668539
9.65 -0.00251158241
9.652 -0.002513509843
9.654 -0.002516983312
9.656 -0.002519671065
9.658 -0.002520364982
9.66 -0.002519526828
9.662 -0.002519469188
9.664 -0.002521254828
9.666 -0.002524359268
9.668 -0.002526539533
9.67 -0.002526614356
9.672 -0.002525033686
9.674 -0.002524063849
9.676 -0.002524876045
9.678 -0.002527025377
9.68 -0.00252827211
9.682 -0.002527457801
9.684 -0.002525022448
9.686 -0.002523180385
9.688 -0.002523077788
9.69 -0.002524280417
9.692 -0.002524597597
9.694 -0.002522896419
9.696 -0.002519608627
9.698 -0.002516902731
9.7 -0.002515902247
9.702 -0.002516186398
9.704 -0.002515613014
9.706 -0.002513073504
9.708 -0.002508990111
9.71 -0.002505485584
9.712 -0.002503659994
9.714 -0.002503099554
9.716 -0.002501709547
9.718 -0.002498293447
9.72 -0.002493273031
9.722 -0.002488766671
9.724 -0.002485866166
9.726 -0.002484173202
9.728 -0.002481646451
9.73 -0.002477229231
9.732 -0.002471329861
9.734 -0.002465981701
9.736 -0.002462354043
9.738 -0.002460051169
9.74 -0.002457025049
9.742 -0.00245222499
9.744 -0.002446045344
9.746 -0.002440469124
9.748 -0.00243652748
9.75 -0.002433834709
9.752 -0.002430434166
9.754 -0.002425314956
9.756 -0.002418867531
9.758 -0.002413036816
9.76 -0.002408832906
9.762 -0.002405880347
9.764 -0.002402266574
9.766 -0.002397003152
9.768 -0.002390471166
9.77 -0.002384569848
9.772 -0.002380285479
9.774 -0.002377242091
9.776 -0.002373582762
9.778 -0.00236834363
9.78 -0.002361894133
9.782 -0.002356091386
9.784 -0.002351896664
9.786 -0.002348958486
9.788 -0.002345435356
9.79 -0.002340379781
9.792 -0.002334156505
9.794 -0.002328577533
9.796 -0.002324584393
9.798 -0.00232182451
9.8 -0.002318511975
9.802 -0.002313721979
9.804 -0.002307808071
9.806 -0.002302540647
9.808 -0.002298838555
9.81 -0.002296357197
9.812 -0.002293351362
9.814 -0.002288917598
9.816 -0.002283401279
9.818 -0.002278531791
9.82 -0.002275206846
9.822 -0.002273090329
9.824 -0.002270478632
9.826 -0.00226648973
9.828 -0.00226146098
9.83 -0.002257078362
9.832 -0.00225421726
9.834 -0.002252553272
9.836 -0.002250425205
9.838 -0.002246971716
9.84 -0.002242522545
9.842 -0.002238726231
9.844 -0.002236439217
9.846 -0.002235343079
9.848 -0.002233815489
9.85 -0.002231021379
9.852 -0.002227279592
9.854 -0.002224197354
9.856 -0.002222611752
9.858 -0.002222210729
9.86 -0.002221410831
9.862 -0.002219392366
9.864 -0.002216467223
9.866 -0.002214204263
9.868 -0.00221341918
9.87 -0.002213807577
9.872 -0.002213824692
9.874 -0.0022126703
9.876 -0.002210070252
9.878 -0.002207880464
9.88 -0.002206902905
9.882 -0.002207041248
9.884 -0.002206873778
9.886 -0.002206314782
9.888 -0.002205313661
9.89 -0.00220533046
9.892 -0.002206948111
9.894 -0.002209904551
9.896 -0.002212546707
9.898 -0.002214051363
9.9 -0.002214735525
9.902 -0.002216059982
9.904 -0.002218777286
9.906 -0.002222606121
9.908 -0.002226114055
9.91 -0.002228558958
9.912 -0.002230223854
9.914 -0.002232526395
9.916 -0.002236202772
9.918 -0.002240976441
9.92 -0.002245451083
9.922 -0.002248901487
9.924 -0.002251600779
9.926 -0.002254926906
9.928 -0.002259594745
9.93 -0.002265332882
9.932 -0.002270778952
9.934 -0.002275224636
9.936 -0.002278934564
9.938 -0.002283247776
9.94 -0.002288859628
9.942 -0.002295512083
9.944 -0.002301876642
9.946 -0.002307260827
9.948 -0.002311918872
9.95 -0.00231715333
9.952 -0.002323637858
9.954 -0.002331111929
9.956 -0.00233828248
9.958 -0.002344475318
9.96 -0.002349937741
9.962 -0.002355933553
9.964 -0.002363117749
9.966 -0.002371236904
9.968 -0.002379033481
9.97 -0.002385850431
9.972 -0.002391925681
9.974 -0.002398488441
9.976 -0.002406188254
9.978 -0.00241475944
9.98 -0.002423014396
9.982 -0.002430307907
9.984 -0.002436886758
9.986 -0.002443945848
9.988 -0.002452110285
9.99 -0.002461136404
9.992 -0.002469835376
9.994 -0.002477586449
9.996 -0.002484615632
9.998 -0.002492078238
10 -0.002500577105
10.002 -0.00250987583
10.004 -0.002518818089
10.006 -0.002526799157
10.008 -0.002534033559
10.01 -0.00254165358
10.012 -0.002550240015
10.014 -0.002559560391
10.016 -0.002568493838
10.018 -0.002576460351
10.02 -0.002583662299
10.022 -0.00259120354
10.024 -0.002599615713
10.026 -0.002608687724
10.028 -0.002617318548
10.03 -0.002624936392
10.032 -0.002631746782
10.034 -0.002638816957
10.036 -0.002646698616
10.038 -0.002655182091
10.04 -0.002663214695
10.042 -0.002670248591
10.044 -0.002676490062
10.046 -0.002682976044
10.048 -0.002690244788
10.05 -0.002698094105
10.052 -0.002704686319
10.054 -0.002710744915
10.056 -0.002715281016
10.058 -0.002719943555
10.06 -0.002725014248
10.062 -0.002729883332
10.064 -0.002734680363
10.066 -0.002739259819
10.068 -0.002743864468
10.07 -0.002748258937
10.072 -0.002752764915
10.074 -0.002757049868
10.076 -0.002762833839
10.078 -0.002769282515
10.08 -0.002775696553
10.082 -0.002781197464
10.084 -0.002786081971
10.086 -0.002790429921
10.088 -0.00279516074
10.09 -0.002800716395
10.092 -0.002806907558
10.094 -0.002813570433
10.096 -0.002819819321
10.098 -0.002825193796
10.1 -0.002829873951
10.102 -0.002834011556
10.104 -0.002838467902
10.106 -0.002843666268
10.108 -0.002849424286
10.11 -0.002855547858
10.112 -0.002861195208
10.114 -0.002865913672
10.116 -0.002869871933
10.118 -0.002873242956
10.12 -0.002876844753
10.122 -0.002881104406
10.124 -0.002885839843
10.126 -0.002890202668
10.128 -0.002893749684
10.13 -0.002897291024
10.132 -0.002900618866
10.134 -0.002903934017
10.136 -0.002907647296
10.138 -0.002910969611
10.14 -0.002913416924
10.142 -0.002915138292
10.144 -0.002916899101
10.146 -0.00291909881
10.148 -0.002921571834
10.15 -0.00292353629
10.152 -0.002924582622
10.154 -0.002924858598
10.156 -0.002925129789
10.158 -0.002925814043
10.16 -0.002926789452
10.162 -0.00292732424
10.164 -0.002927035841
10.166 -0.0029260784
10.168 -0.00292518917
10.17 -0.00292475498
10.172 -0.002924637568
10.174 -0.002924124031
10.176 -0.002921373049
10.178 -0.002917559287
10.18 -0.002913825345
10.182 -0.002911922103
10.184 -0.002910207762
10.186 -0.002908420347
10.188 -0.002906499659
10.19 -0.002904040221
10.192 -0.002901706537
10.194 -0.002899862385
10.196 -0.002898381212
10.198 -0.002896610791
10.2 -0.002894214022
10.202 -0.002891330825
10.204 -0.002888102947
10.206 -0.002885161645
10.208 -0.002883018456
10.21 -0.002881642451
10.212 -0.002880857394
10.214 -0.002880054083
10.216 -0.00287891571
10.218 -0.00287757568
10.22 -0.002876169455
10.222 -0.002875293257
10.224 -0.002875263386
10.226 -0.002875953619
10.228 -0.002877239529
10.23 -0.002878548926
10.232 -0.002879581101
10.234 -0.002880458632
10.236 -0.002881299323
10.238 -0.002882658327
10.24 -0.002884815318
10.242 -0.002887652129
10.244 -0.002890601883
10.246 -0.002893368214
10.248 -0.002896491149
10.25 -0.002900268952
10.252 -0.002904161687
10.254 -0.002907868532
10.256 -0.002911485879
10.258 -0.002915530605
10.26 -0.002920267957
10.262 -0.002925583222
10.264 -0.002930950391
10.266 -0.002936089902
10.268 -0.002941092878
10.27 -0.002946451698
10.272 -0.002952419207
10.274 -0.00295888661
10.276 -0.002965353264
10.278 -0.002971553768
10.28 -0.002977577348
10.282 -0.002983896918
10.284 -0.002990752889
10.286 -0.002998077448
10.288 -0.003005378578
10.29 -0.003012404626
10.292 -0.003019229857
10.294 -0.003025939719
10.296 -0.003032958289
10.298 -0.003040509303
10.3 -0.003048490025
10.302 -0.003056802081
10.304 -0.003065019328
10.306 -0.00307291206
10.308 -0.003080563283
10.31 -0.003088064537
10.312 -0.003095812199
10.314 -0.003104015807
10.316 -0.003112582721
10.318 -0.003121427061
10.32 -0.003130160642
10.322 -0.003138571945
10.324 -0.003146744725
10.326 -0.003154758691
10.328 -0.003162986496
10.33 -0.003171622839
10.332 -0.003180585302
10.334 -0.003189501394
10.336 -0.003198176057
10.338 -0.003206677228
10.34 -0.003215357217
10.342 -0.003224402111
10.344 -0.003233739456
10.346 -0.003243016984
10.348 -0.003252053559
10.35 -0.003260917252
10.352 -0.003269935596
10.354 -0.003279281687
10.356 -0.003288629449
10.358 -0.003297789733
10.36 -0.003307072204
10.362 -0.003316646487
10.364 -0.003326197844
10.366 -0.003335552458
10.368 -0.003345003922
10.37 -0.003354712499
10.372 -0.003364384869
10.374 -0.003373851248
10.376 -0.0033831637
10.378 -0.003392602104
10.38 -0.003402270701
10.382 -0.003412128427
10.384 -0.003421896647
10.386 -0.003431439421
10.388 -0.003440805947
10.39 -0.003450044551
10.392 -0.003459400695
10.394 -0.003468990608
10.396 -0.00347875749
10.398 -0.003488639831
10.4 -0.003498402874
10.402 -0.003507910553
10.404 -0.003517209966
10.406 -0.003526347737
10.408 -0.003535362056
10.41 -0.00354445413
10.412 -0.003553728662
10.414 -0.003563122092
10.416 -0.003572583125
10.418 -0.00358190584
10.42 -0.003590957307
10.422 -0.003599781558
10.424 -0.003608433075
10.426 -0.003616934421
10.428 -0.003625455012
10.43 -0.003634084181
10.432 -0.00364278016
10.434 -0.003651488254
10.436 -0.003660035982
10.438 -0.003668331414
10.44 -0.00367640374
10.442 -0.003684279492
10.444 -0.003691985084
10.446 -0.003699665481
10.448 -0.003707388025
10.45 -0.003715118173
10.452 -0.003722705905
10.454 -0.003730069401
10.456 -0.003737229334
10.458 -0.003744311617
10.46 -0.003751382128
10.462 -0.003758307705
10.464 -0.003765019299
10.466 -0.003771537015
10.468 -0.003777875191
10.47 -0.003784136714
10.472 -0.003790377791
10.474 -0.003796565667
10.476 -0.003802600225
10.478 -0.003808431945
10.48 -0.003814071794
10.482 -0.003819540024
10.484 -0.003824852678
10.486 -0.003830078623
10.488 -0.003835259584
10.49 -0.003840364197
10.492 -0.003845324282
10.494 -0.003850093985
10.496 -0.003854685429
10.498 -0.003859110783
10.5 -0.00386338381
10.502 -0.003867506311
10.504 -0.003871525825
10.506 -0.003875457946
10.508 -0.003879286516
10.51 -0.003882967844
10.512 -0.003886493502
10.514 -0.003889863429
10.516 -0.003893082652
10.518 -0.003896150151
10.52 -0.003900583534
10.522 -0.003904869151
10.524 -0.003909006819
10.526 -0.003912988565
10.528 -0.003916832426
10.53 -0.003920539854
10.532 -0.003924105579
10.534 -0.003927529168
10.536 -0.003930812569
10.538 -0.003933953197
10.54 -0.003935442333
10.542 -0.003936788916
10.544 -0.003937996365
10.546 -0.003939062794
10.548 -0.00393997663
10.55 -0.003940753166
10.552 -0.003941393385
10.554 -0.003941888932
10.556 -0.003942240278
10.558 -0.003942452391
10.56 -0.003942519734
10.562 -0.00394244503
10.564 -0.003942232512
10.566 -0.003941877247
10.568 -0.00394138262
10.57 -0.003940754998
10.572 -0.003939989549
10.574 -0.003939089741
10.576 -0.003938060871
10.578 -0.003936899904
10.58 -0.003935611634
10.582 -0.003934198111
10.584 -0.003932662936
10.586 -0.003931013096
10.588 -0.00392925045
10.59 -0.003927369775
10.592 -0.003925375893
10.594 -0.003923273756
10.596 -0.003921070203
10.598 -0.003918769872
10.6 -0.003916376406
10.602 -0.003913897401
10.604 -0.003911335338
10.606 -0.003908689649
10.608 -0.00390596924
10.61 -0.003903177868
10.612 -0.003900319341
10.614 -0.003897396981
10.616 -0.003894415044
10.618 -0.003891381361
10.62 -0.003888293409
10.622 -0.003885157083
10.624 -0.003881979851
10.626 -0.003878760669
10.628 -0.003875504829
10.63 -0.003872220234
10.632 -0.003868904149
10.634 -0.003865559688
10.636 -0.003862195613
10.638 -0.003858814861
10.64 -0.003855416507
10.642 -0.003852006493
10.644 -0.003848593347
10.646 -0.003845179402
10.648 -0.003841768269
10.65 -0.003838357705
10.652 -0.003834954905
10.654 -0.003831567719
10.656 -0.003828197912
10.658 -0.003824848998
10.66 -0.003821524358
10.662 -0.003818226593
10.664 -0.003814958577
10.666 -0.003811718906
10.668 -0.0038085122
10.67 -0.003805344897
10.672 -0.003802218418
10.674 -0.003799132964
10.676 -0.00379609096
10.678 -0.003793096994
10.68 -0.003790162653
10.682 -0.003787297602
10.684 -0.003784510289
10.686 -0.003781809075
10.688 -0.003779202139
10.69 -0.003776697004
10.692 -0.003774301219
10.694 -0.003772020631
10.696 -0.003769860859
10.698 -0.003767826196
10.7 -0.003765921945
10.702 -0.00376416361
10.704 -0.003762543434
10.706 -0.003761059839
10.708 -0.003759705899
10.71 -0.003758477218
10.712 -0.003757366992
10.714 -0.003756369645
10.716 -0.003755479822
10.718 -0.003754692553
10.72 -0.003754003588
10.722 -0.003753408402
10.724 -0.003752879908
10.726 -0.003752397816
10.728 -0.00375198213
10.73 -0.003751625119
10.732 -0.00375132627
10.734 -0.003751083165
10.736 -0.003750895839
10.738 -0.003750763186
10.74 -0.003750685159
10.742 -0.003750661249
10.744 -0.003750690682
10.746 -0.003750771838
10.748 -0.00375089933
10.75 -0.003751077508
10.752 -0.003751306028
10.754 -0.003751585853
10.756 -0.003751917638
10.758 -0.003752302073
10.76 -0.003752740107
10.762 -0.003753232783
10.764 -0.003753781353
10.766 -0.003754386709
10.768 -0.003755049984
10.77 -0.003755772486
10.772 -0.003756555678
10.774 -0.003757401211
10.776 -0.003758310494
10.778 -0.003759285446
10.78 -0.003760328768
10.782 -0.003761441271
10.784 -0.003762624497
10.786 -0.003763881209
10.788 -0.003765212753
10.79 -0.003766620599
10.792 -0.003768106148
10.794 -0.003769670664
10.796 -0.00377131637
10.798 -0.003773047011
10.8 -0.003774866225
10.802 -0.00377677791
10.804 -0.003778784545
10.806 -0.00378088872
10.808 -0.003783093365
10.81 -0.003785401196
10.812 -0.003787812665
10.814 -0.003790329657
10.816 -0.003792954462
10.818 -0.003795689413
10.82 -0.003798535458
10.822 -0.003801491891
10.824 -0.003804554507
10.826 -0.003807719494
10.828 -0.003810983621
10.83 -0.003814343582
10.832 -0.003817797332
10.834 -0.003821342181
10.836 -0.003824975516
10.838 -0.003828694754
10.84 -0.003832497653
10.842 -0.00383638182
10.844 -0.003840344875
10.846 -0.003844384513
10.848 -0.003848498375
10.85 -0.003852684208
10.852 -0.003856939855
10.854 -0.00386126309
10.856 -0.003865651836
10.858 -0.003870104046
10.86 -0.003874617612
10.862 -0.003879190545
10.864 -0.003883821255
10.866 -0.003888508033
10.868 -0.003893249769
10.87 -0.003898043919
10.872 -0.003902890082
10.874 -0.003907785726
10.876 -0.003912732036
10.878 -0.00391772639
10.88 -0.003922345506
10.882 -0.003926326634
10.884 -0.003929800047
10.886 -0.003932480162
10.888 -0.003934949264
10.89 -0.003936915812
10.892 -0.003938379989
10.894 -0.003939341278
10.896 -0.003939799937
10.898 -0.003939756005
10.9 -0.003939209561
10.902 -0.003938161276
10.904 -0.00393661565
10.906 -0.003934573526
10.908 -0.00394305135
10.91 -0.0039444518
10.912 -0.003954418428
10.914 -0.003964267681
10.916 -0.003976065121
10.918 -0.00398475664
10.92 -0.003991598801
10.922 -0.003995264483
10.924 -0.003996089695
10.926 -0.003993851614
10.928 -0.003988776819
10.93 -0.003969928822
10.932 -0.003955201436
10.934 -0.003929142185
10.936 -0.003900731178
10.938 -0.003868167408
10.94 -0.003836791948
10.942 -0.003805615259
10.944 -0.00377621681
10.946 -0.003748508773
10.948 -0.003722957986
10.95 -0.003699567507
10.952 -0.003678443327
10.954 -0.003659545642
10.956 -0.00364283424
10.958 -0.003617984691
10.96 -0.00359117146
10.962 -0.003563838654
10.964 -0.00353947294
10.966 -0.003517779637
10.968 -0.003499669482
10.97 -0.003485024201
10.972 -0.00347393619
10.974 -0.003466185718
10.976 -0.003461568629
10.978 -0.003459778147
10.98 -0.003470766683
10.982 -0.003487899421
10.984 -0.003509255684
10.986 -0.003530847732
10.988 -0.003552477783
10.99 -0.003572755377
10.992 -0.003591332343
10.994 -0.003607650768
10.996 -0.003621492781
10.998 -0.003632633773
11 -0.003640966698
11.002 -0.003646415259
11.004 -0.003648968857
11.006 -0.003648648906
11.008 -0.003645504129
11.01 -0.003650844517
11.012 -0.003658025936
11.014 -0.00366511059
11.016 -0.003668307003
11.018 -0.003667830912
11.02 -0.003662676133
11.022 -0.003652978804
11.024 -0.003638687175
11.026 -0.003620076864
11.028 -0.003597414561
11.03 -0.003571081974
11.032 -0.00353020191
11.034 -0.00348195541
11.036 -0.003428836413
11.038 -0.003375218184
11.04 -0.003321459189
11.042 -0.003269143464
11.044 -0.003218705595
11.046 -0.003170758665
11.048 -0.003125572319
11.05 -0.003083407561
11.052 -0.003044389698
11.054 -0.003008604751
11.056 -0.002976079231
11.058 -0.00294680443
11.06 -0.002920739695
11.062 -0.002897817491
11.064 -0.002877947279
11.066 -0.002861022088
11.068 -0.002846917311
11.07 -0.002835496488
11.072 -0.002826612127
11.074 -0.002820109364
11.076 -0.002815826448
11.078 -0.002813598906
11.08 -0.002813257535
11.082 -0.002814631396
11.084 -0.002817548983
11.086 -0.002821836864
11.088 -0.002827326791
11.09 -0.002833853783
11.092 -0.002841257406
11.094 -0.002849381379
11.096 -0.002858078758
11.098 -0.002867202993
11.1 -0.002876620974
11.102 -0.002886206477
11.104 -0.002895829189
11.106 -0.002906056854
11.108 -0.002916139957
11.11 -0.00292679694
11.112 -0.002937825909
11.114 -0.002949355063
11.116 -0.00296065573
11.118 -0.002971707211
11.12 -0.002982284738
11.122 -0.002992324828
11.124 -0.003001735603
11.126 -0.003010476239
11.128 -0.003018513173
11.13 -0.003025835774
11.132 -0.00303244241
11.134 -0.00303834388
11.136 -0.003043559271
11.138 -0.003048116038
11.14 -0.003052048123
11.142 -0.003055394484
11.144 -0.0030581984
11.146 -0.003060506404
11.148 -0.003062368884
11.15 -0.003063826651
11.152 -0.003064907556
11.154 -0.003065701878
11.156 -0.003066266937
11.158 -0.003066678232
11.16 -0.003066993134
11.162 -0.003067273023
11.164 -0.003067562432
11.166 -0.003067927153
11.168 -0.003068411992
11.17 -0.003069061119
11.172 -0.003069930436
11.174 -0.003071065625
11.176 -0.003072506651
11.178 -0.003074286792
11.18 -0.003076446324
11.182 -0.0030790199
11.184 -0.003082022345
11.186 -0.003085470485
11.188 -0.003089383886
11.19 -0.00309377819
11.192 -0.00309866288
11.194 -0.003104053515
11.196 -0.003109948689
11.198 -0.00311634003
11.2 -0.003123227126
11.202 -0.003130604336
11.204 -0.003138464165
11.206 -0.003146797278
11.208 -0.003155591908
11.21 -0.003164832997
11.212 -0.003174506153
11.214 -0.003184595348
11.216 -0.003195083279
11.218 -0.0032059525
11.22 -0.003217184463
11.222 -0.003228759127
11.224 -0.003240655812
11.226 -0.003252853311
11.228 -0.003265329495
11.23 -0.003278062107
11.232 -0.003291028925
11.234 -0.003304204855
11.236 -0.003317563829
11.238 -0.003331080896
11.24 -0.003344730901
11.242 -0.003358491181
11.244 -0.003372338535
11.246 -0.003386252028
11.248 -0.003400212171
11.25 -0.003414200494
11.252 -0.003428200166
11.254 -0.003442195874
11.256 -0.003456173832
11.258 -0.003470120749
11.26 -0.003484015997
11.262 -0.003497849581
11.264 -0.003511615653
11.266 -0.00352530747
11.268 -0.003538918341
11.27 -0.003552442789
11.272 -0.003565877007
11.274 -0.003579218168
11.276 -0.003592468871
11.278 -0.003605620057
11.28 -0.003618669254
11.282 -0.003631616188
11.284 -0.003644473784
11.286 -0.003657245309
11.288 -0.003669926112
11.29 -0.003682514745
11.292 -0.003695011069
11.294 -0.003707415431
11.296 -0.003719727936
11.298 -0.003731947549
11.3 -0.003744074937
11.302 -0.003756111553
11.304 -0.003768058353
11.306 -0.003779918558
11.308 -0.003791684463
11.31 -0.003803357824
11.312 -0.003814937933
11.314 -0.003826418238
11.316 -0.00383780833
11.318 -0.003849104662
11.32 -0.003860296759
11.322 -0.003871387047
11.324 -0.003882376032
11.326 -0.003893298993
11.328 -0.003904115847
11.33 -0.00391482117
11.332 -0.003925391471
11.334 -0.00393581983
11.336 -0.003946097115
11.338 -0.003956218217
11.34 -0.003966176329
11.342 -0.003975965361
11.344 -0.003985578928
11.346 -0.003995011168
11.348 -0.00400425734
11.35 -0.004013312116
11.352 -0.004022170037
11.354 -0.004030826115
11.356 -0.004039274889
11.358 -0.00404751154
11.36 -0.004055531435
11.362 -0.004063332443
11.364 -0.004070909985
11.366 -0.004078248461
11.368 -0.004085353109
11.37 -0.004092221506
11.372 -0.004098858069
11.374 -0.004105258616
11.376 -0.004111425718
11.378 -0.004117355826
11.38 -0.004123055705
11.382 -0.004128523706
11.384 -0.004133766239
11.386 -0.004138780847
11.388 -0.004143573123
11.39 -0.004148142962
11.392 -0.004152497461
11.394 -0.004156634935
11.396 -0.004160551214
11.398 -0.004164262184
11.4 -0.00416779074
11.402 -0.004171131008
11.404 -0.004174279343
11.406 -0.00417724312
11.408 -0.004180027906
11.41 -0.004182638891
11.412 -0.004185092774
11.414 -0.004187388726
11.416 -0.004189524257
11.418 -0.004191508944
11.42 -0.004193348237
11.422 -0.004195046465
11.424 -0.004196610363
11.426 -0.004198045589
11.428 -0.004199358624
11.43 -0.004200555953
11.432 -0.004201643687
11.434 -0.004202627647
11.436 -0.004203512757
11.438 -0.004204302058
11.44 -0.00420500121
11.442 -0.004205614034
11.444 -0.004206145696
11.446 -0.004206601848
11.448 -0.004206985452
11.45 -0.00420729767
11.452 -0.004207540296
11.454 -0.00420771498
11.456 -0.004207823295
11.458 -0.004207867563
11.46 -0.004207848609
11.462 -0.004207765683
11.464 -0.004207618657
11.466 -0.004207409334
11.468 -0.004207138448
11.47 -0.004206807225
11.472 -0.004206416937
11.474 -0.004205968276
11.476 -0.004205459333
11.478 -0.004204897738
11.48 -0.004204281859
11.482 -0.004203613113
11.484 -0.004202890104
11.486 -0.004202112755
11.488 -0.00420127999
11.49 -0.004200390875
11.492 -0.004199444141
11.494 -0.004198441193
11.496 -0.004197374849
11.498 -0.004196245336
11.5 -0.004195167844
11.502 -0.004193396417
11.504 -0.004191496598
11.506 -0.004189345146
11.508 -0.004187195909
11.51 -0.004184291804
11.512 -0.004181260073
11.514 -0.004178091052
11.516 -0.004174203193
11.518 -0.004170164115
11.52 -0.004166013715
11.522 -0.00416116378
11.524 -0.004156303155
11.526 -0.004150623337
11.528 -0.00414484475
11.53 -0.004138991185
11.532 -0.004132503478
11.534 -0.004126077537
11.536 -0.004118905349
11.538 -0.004111846995
11.54 -0.004104033
11.542 -0.004096366197
11.544 -0.004087967924
11.546 -0.004079754074
11.548 -0.004070844083
11.55 -0.004062163673
11.552 -0.004052847008
11.554 -0.004043782444
11.556 -0.004034106752
11.558 -0.004024714067
11.56 -0.004014901669
11.562 -0.004004650905
11.564 -0.003994527977
11.566 -0.003984054868
11.568 -0.003973269379
11.57 -0.003961908833
11.572 -0.003950784611
11.574 -0.003939333045
11.576 -0.003927652787
11.578 -0.003915466116
11.58 -0.003903483564
11.582 -0.003891899837
11.584 -0.003880253777
11.586 -0.003868383002
11.588 -0.003856957503
11.59 -0.00384543219
11.592 -0.003833727479
11.594 -0.003822449875
11.596 -0.003811089855
11.598 -0.003799611039
11.6 -0.003788596594
11.602 -0.003777373389
11.604 -0.003766808793
11.606 -0.003756074798
11.608 -0.003746061208
11.61 -0.003735903235
11.612 -0.003726497047
11.614 -0.003716964213
11.616 -0.00370820042
11.618 -0.003699327811
11.62 -0.003691246448
11.622 -0.003683063168
11.624 -0.003675671026
11.626 -0.003668178426
11.628 -0.003661474302
11.63 -0.003654642854
11.632 -0.003648464703
11.634 -0.003642957428
11.636 -0.003637534441
11.638 -0.003632706311
11.64 -0.003628593023
11.642 -0.003624576348
11.644 -0.003621167772
11.646 -0.00361834095
11.648 -0.003616196415
11.65 -0.003614888803
11.652 -0.003613674801
11.654 -0.003613067759
11.656 -0.003612939881
11.658 -0.003613455804
11.66 -0.003614590163
11.662 -0.003616346157
11.664 -0.003618714691
11.666 -0.003621671936
11.668 -0.003625230009
11.67 -0.00362938134
11.672 -0.003634084446
11.674 -0.003639325821
11.676 -0.003645065896
11.678 -0.003651314323
11.68 -0.003658057454
11.682 -0.003665251734
11.684 -0.003672882712
11.686 -0.003680911963
11.688 -0.003689350003
11.69 -0.003698185729
11.692 -0.003707360958
11.694 -0.003716873399
11.696 -0.003726703932
11.698 -0.003736861239
11.7 -0.003747336482
11.702 -0.003758092263
11.704 -0.003769120264
11.706 -0.003780408911
11.708 -0.003791925237
11.71 -0.00380366684
11.712 -0.003815640157
11.714 -0.003827853225
11.716 -0.003840282486
11.718 -0.003852900338
11.72 -0.003865684544
11.722 -0.00387863909
11.724 -0.003891773942
11.726 -0.003905077415
11.728 -0.003918557825
11.73 -0.003932182437
11.732 -0.00394594251
11.734 -0.003959849466
11.736 -0.003973901645
11.738 -0.003988090203
11.74 -0.004002400888
11.742 -0.00401682972
11.744 -0.004031397527
11.746 -0.00404611106
11.748 -0.004060938627
11.75 -0.004075864721
11.752 -0.004090916848
11.754 -0.004106075583
11.756 -0.004121344027
11.758 -0.004136716917
11.76 -0.004152189236
11.762 -0.004167767349
11.764 -0.004183443327
11.766 -0.004199236918
11.768 -0.004215110591
11.77 -0.004231056728
11.772 -0.00424716152
11.774 -0.004263431643
11.776 -0.004279844644
11.778 -0.004296315328
11.78 -0.004312904573
11.782 -0.004329672983
11.784 -0.004346592297
11.786 -0.004363665053
11.788 -0.00438089072
11.79 -0.004398269035
11.792 -0.004415799287
11.794 -0.004433478294
11.796 -0.004451328817
11.798 -0.004469309762
11.8 -0.00448740895
11.802 -0.004505647296
11.804 -0.004524011569
11.806 -0.004542492498
11.808 -0.004561083371
11.81 -0.004579759205
11.812 -0.004598522749
11.814 -0.004617385409
11.816 -0.004636338101
11.818 -0.004655375754
11.82 -0.004674493453
11.822 -0.004693685772
11.824 -0.00471294627
11.826 -0.004732268529
11.828 -0.004751647047
11.83 -0.004771076404
11.832 -0.004790550779
11.834 -0.004810064011
11.836 -0.004829609629
11.838 -0.004849162253
11.84 -0.004868724618
11.842 -0.004888308251
11.844 -0.00490789975
11.846 -0.004927492109
11.848 -0.00494707888
11.85 -0.004966654236
11.852 -0.004986210233
11.854 -0.005005739429
11.856 -0.005025233697
11.858 -0.005044692417
11.86 -0.005064112948
11.862 -0.00508346335
11.864 -0.005102743113
11.866 -0.005121960866
11.868 -0.005141101022
11.87 -0.005160153872
11.872 -0.005179109664
11.874 -0.005197958321
11.876 -0.005216691117
11.878 -0.005235299032
11.88 -0.005253773365
11.882 -0.005272104503
11.884 -0.005290283752
11.886 -0.005308283005
11.888 -0.005326102187
11.89 -0.005343752011
11.892 -0.005361217431
11.894 -0.00537848936
11.896 -0.00539556303
11.898 -0.005412430386
11.9 -0.005429081282
11.902 -0.005445507488
11.904 -0.005461699701
11.906 -0.0054776486
11.908 -0.00549332676
11.91 -0.005508734603
11.912 -0.005523882434
11.914 -0.005538756257
11.916 -0.005553348407
11.918 -0.005567651661
11.92 -0.005581615924
11.922 -0.005595258258
11.924 -0.00560857676
11.926 -0.005621578023
11.928 -0.005634253655
11.93 -0.00564658247
11.932 -0.005658566728
11.934 -0.005670219162
11.936 -0.00568152446
11.938 -0.005692476341
11.94 -0.005703424433
11.942 -0.005714428539
11.944 -0.005725379825
11.946 -0.005736168965
11.948 -0.005746728158
11.95 -0.005756599089
11.952 -0.005765656242
11.954 -0.005774003105
11.956 -0.005781759328
11.958 -0.005788976122
11.96 -0.005795696678
11.962 -0.00580195087
11.964 -0.005807759078
11.966 -0.005813131019
11.968 -0.005818072747
11.97 -0.005822589313
11.972 -0.005826681822
11.974 -0.005830347968
11.976 -0.005833566453
11.978 -0.005836349278
11.98 -0.005838714119
11.982 -0.005840653428
11.984 -0.005842166038
11.986 -0.005843251004
11.988 -0.005843907931
11.99 -0.005844137909
11.992 -0.00584393864
11.994 -0.005843304075
11.996 -0.005842233936
11.998 -0.005840733589
12 -0.005839275886
12.002 -0.005836905108
12.004 -0.005834100313
12.006 -0.005830864605
12.008 -0.005827224307
12.01 -0.005823173302
12.012 -0.005818713354
12.014 -0.005813850438
12.016 -0.005808590183
12.018 -0.005802937413
12.02 -0.005797157276
12.022 -0.005791481497
12.024 -0.005785878386
12.026 -0.005780342777
12.028 -0.005774881042
12.03 -0.005769497543
12.032 -0.005764195169
12.034 -0.005758977078
12.036 -0.005753846815
12.038 -0.005748807716
12.04 -0.005743863053
12.042 -0.005739015355
12.044 -0.00573424634
12.046 -0.005729567009
12.048 -0.00572499775
12.05 -0.00572053834
12.052 -0.005716192639
12.054 -0.005711959936
12.056 -0.005707840773
12.058 -0.005703835458
12.06 -0.005699943855
12.062 -0.005696165065
12.064 -0.005692500121
12.066 -0.005688946959
12.068 -0.005685500837
12.07 -0.00568216051
12.072 -0.005678923952
12.074 -0.005675789064
12.076 -0.00567274936
12.078 -0.005669805283
12.08 -0.005666954583
12.082 -0.005664192938
12.084 -0.005661521339
12.086 -0.005658938478
12.088 -0.005656443716
12.09 -0.005654037235
12.092 -0.005651717648
12.094 -0.005649484222
12.096 -0.005647335281
12.098 -0.005645270075
12.1 -0.005643288136
12.102 -0.005641388918
12.104 -0.005639571214
12.106 -0.005637833849
12.108 -0.005636176814
12.11 -0.00563460037
12.112 -0.005633104648
12.114 -0.005631686628
12.116 -0.005630345183
12.118 -0.005629076216
12.12 -0.005627887838
12.122 -0.005626781268
12.124 -0.005625757136
12.126 -0.005624815584
12.128 -0.005623954372
12.13 -0.005623173989
12.132 -0.005622477498
12.134 -0.005621867299
12.136 -0.005621346039
12.138 -0.00562091596
12.14 -0.005620578949
12.142 -0.005620336063
12.144 -0.005620189652
12.146 -0.005620141489
12.148 -0.005620193591
12.15 -0.005620349378
12.152 -0.005620611708
12.154 -0.005620981883
12.156 -0.005621460627
12.158 -0.005622049763
12.16 -0.005622748621
12.162 -0.005623559204
12.164 -0.005624484964
12.166 -0.005625532599
12.168 -0.005626702794
12.17 -0.005628001385
12.172 -0.005629433252
12.174 -0.005630998711
12.176 -0.005632700495
12.178 -0.00563454003
12.18 -0.005636519495
12.182 -0.005638640703
12.184 -0.005640906193
12.186 -0.005643317601
12.188 -0.005645878243
12.19 -0.005648591336
12.192 -0.005651461367
12.194 -0.00565445954
12.196 -0.005657606457
12.198 -0.005660909611
12.2 -0.005664378013
12.202 -0.005668010346
12.204 -0.005671812642
12.206 -0.005675790027
12.208 -0.005679948874
12.21 -0.00568430039
12.212 -0.00568885303
12.214 -0.005693645832
12.216 -0.005698666889
12.218 -0.005703914431
12.22 -0.005709382021
12.222 -0.00571507557
12.224 -0.005720994012
12.226 -0.005727139498
12.228 -0.005733513839
12.23 -0.005740118342
12.232 -0.005746952935
12.234 -0.005754018183
12.236 -0.005761314239
12.238 -0.005768847323
12.24 -0.005776615745
12.242 -0.005784618151
12.244 -0.005792855314
12.246 -0.005801325359
12.248 -0.005810028056
12.25 -0.005818964214
12.252 -0.005828131369
12.254 -0.005837527421
12.256 -0.005847148188
12.258 -0.005856991987
12.26 -0.005869508775
12.262 -0.005879964678
12.264 -0.005891168122
12.266 -0.005902025683
12.268 -0.005913228282
12.27 -0.00592453702
12.272 -0.005936129849
12.274 -0.005945505206
12.276 -0.005957438863
12.278 -0.005969107985
12.28 -0.005981610629
12.282 -0.005994249073
12.284 -0.006007254291
12.286 -0.006020440882
12.288 -0.006033848187
12.29 -0.00604741951
12.292 -0.006061152321
12.294 -0.006075024951
12.296 -0.00608903037
12.298 -0.006103152206
12.3 -0.006117381243
12.302 -0.006131708418
12.304 -0.006146121461
12.306 -0.00616061036
12.308 -0.006175163265
12.31 -0.00618977017
12.312 -0.006204422682
12.314 -0.006219112196
12.316 -0.006233830381
12.318 -0.006248569458
12.32 -0.006263324724
12.322 -0.006278087175
12.324 -0.006292847483
12.326 -0.006307597604
12.328 -0.006322330136
12.33 -0.006337038012
12.332 -0.006351714752
12.334 -0.006366354412
12.336 -0.006380950935
12.338 -0.006395498445
12.34 -0.006409991323
12.342 -0.006424423826
12.344 -0.006438790199
12.346 -0.006453084492
12.348 -0.006467301518
12.35 -0.006481435721
12.352 -0.006496444155
12.354 -0.006511354593
12.356 -0.006526157304
12.358 -0.006540843869
12.36 -0.006555407715
12.362 -0.006569843357
12.364 -0.00658414499
12.366 -0.006598306965
12.368 -0.006612328556
12.37 -0.006626204946
12.372 -0.006639931887
12.374 -0.006653504227
12.376 -0.006666916433
12.378 -0.006680162316
12.38 -0.006693239023
12.382 -0.006706137852
12.384 -0.00671885007
12.386 -0.006730417226
12.388 -0.006741787753
12.39 -0.006752955625
12.392 -0.006763497177
12.394 -0.006773084921
12.396 -0.00678186376
12.398 -0.006789823388
12.4 -0.00679695533
12.402 -0.006803254284
12.404 -0.006808719313
12.406 -0.006813347565
12.408 -0.006817137869
12.41 -0.00682009021
12.412 -0.006822202359
12.414 -0.006823474359
12.416 -0.006823907771
12.418 -0.006823504811
12.42 -0.006822268065
12.422 -0.006820200798
12.424 -0.006817307439
12.426 -0.006813593164
12.428 -0.006809064745
12.43 -0.006803733048
12.432 -0.006797607671
12.434 -0.006790695817
12.436 -0.006783014265
12.438 -0.006774572612
12.44 -0.006765377707
12.442 -0.006755439037
12.444 -0.006744767942
12.446 -0.006733377423
12.448 -0.006721281611
12.45 -0.00670849477
12.452 -0.006695031698
12.454 -0.006680908031
12.456 -0.006666139721
12.458 -0.006650742862
12.46 -0.006634734123
12.462 -0.006618130971
12.464 -0.00660095129
12.466 -0.006583201265
12.468 -0.006564899178
12.47 -0.006546069399
12.472 -0.006526739574
12.474 -0.006506920529
12.476 -0.006486634873
12.478 -0.006465904837
12.48 -0.006444751399
12.482 -0.00642319614
12.484 -0.006401261934
12.486 -0.006378965221
12.488 -0.006356329772
12.49 -0.006333377131
12.492 -0.00631013069
12.494 -0.006286621296
12.496 -0.00626286623
12.498 -0.006238885959
12.5 -0.006214703786
12.502 -0.006190342628
12.504 -0.006165820581
12.506 -0.006141160843
12.508 -0.006116387382
12.51 -0.006091525082
12.512 -0.006066597056
12.514 -0.006041623683
12.516 -0.006016626943
12.518 -0.005991628765
12.52 -0.005966650199
12.522 -0.005941712224
12.524 -0.005916719477
12.526 -0.005891651837
12.528 -0.005866581448
12.53 -0.005841533344
12.532 -0.00581653331
12.534 -0.005791604345
12.536 -0.005766863639
12.538 -0.005742384615
12.54 -0.005718160909
12.542 -0.005694207256
12.544 -0.005670536176
12.546 -0.005647160274
12.548 -0.005624094011
12.55 -0.005601352674
12.552 -0.005578945571
12.554 -0.005556884654
12.556 -0.005535186017
12.558 -0.005513864226
12.56 -0.005492934651
12.562 -0.005472413688
12.564 -0.005452317038
12.566 -0.005432659821
12.568 -0.005413456549
12.57 -0.005394721087
12.572 -0.005376466767
12.574 -0.00535870536
12.576 -0.005341448045
12.578 -0.00532471097
12.58 -0.005308507544
12.582 -0.005292847166
12.584 -0.005277741081
12.586 -0.005263199018
12.588 -0.00524922725
12.59 -0.005235809199
12.592 -0.005222944343
12.594 -0.005210680413
12.596 -0.005199027664
12.598 -0.005187973488
12.6 -0.005177462364
12.602 -0.00516756263
12.604 -0.005158257263
12.606 -0.005149559326
12.608 -0.005141489598
12.61 -0.005134040217
12.612 -0.005127165423
12.614 -0.005120926361
12.616 -0.005115302175
12.618 -0.005110308581
12.62 -0.005105945197
12.622 -0.005102219185
12.624 -0.005099122933
12.626 -0.005096639659
12.628 -0.00509478325
12.63 -0.005093596276
12.632 -0.005093025197
12.634 -0.005093095337
12.636 -0.005093791227
12.638 -0.005095115349
12.64 -0.005097061352
12.642 -0.005099627308
12.644 -0.0051028122
12.646 -0.005106607041
12.648 -0.005111001125
12.65 -0.005116029141
12.652 -0.005121664451
12.654 -0.005127910843
12.656 -0.005134749246
12.658 -0.00514216979
12.66 -0.005150194935
12.662 -0.005158825905
12.664 -0.005168011555
12.666 -0.005177763745
12.668 -0.005188073147
12.67 -0.005198933515
12.672 -0.005210312018
12.674 -0.005222200225
12.676 -0.005234629809
12.678 -0.005247577091
12.68 -0.005261035763
12.682 -0.005274994044
12.684 -0.005289447443
12.686 -0.005304384685
12.688 -0.005319792191
12.69 -0.005335661281
12.692 -0.005352336879
12.694 -0.005370163498
12.696 -0.005389081624
12.698 -0.005409092233
12.7 -0.005430179075
12.702 -0.005452332793
12.704 -0.005475540775
12.706 -0.00549978394
12.708 -0.005525042687
12.71 -0.005551297094
12.712 -0.005578526285
12.714 -0.00560670837
12.716 -0.005635820736
12.718 -0.005665836508
12.72 -0.00569673338
12.722 -0.005728490417
12.724 -0.00576108254
12.726 -0.005794506352
12.728 -0.005828725615
12.73 -0.005863711275
12.732 -0.005899430012
12.734 -0.005935856657
12.736 -0.005972963007
12.738 -0.006010721879
12.74 -0.006049106136
12.742 -0.006088088798
12.744 -0.006127642647
12.746 -0.006167740128
12.748 -0.00620835367
12.75 -0.00624945732
12.752 -0.006291020817
12.754 -0.006333019591
12.756 -0.00637542878
12.758 -0.006418218236
12.76 -0.006461358745
12.762 -0.006504800703
12.764 -0.006548526491
12.766 -0.006592508952
12.768 -0.006636725446
12.77 -0.006681147607
12.772 -0.006725749101
12.774 -0.006770501084
12.776 -0.006815372893
12.778 -0.006860337057
12.78 -0.006905365952
12.782 -0.006950429776
12.784 -0.006995503257
12.786 -0.007040562397
12.788 -0.007085582951
12.79 -0.00713054191
12.792 -0.007175416134
12.794 -0.007220181545
12.796 -0.007264813066
12.798 -0.007309110661
12.8 -0.007353228165
12.802 -0.007397324211
12.804 -0.007441195004
12.806 -0.007484820081
12.808 -0.007528177745
12.81 -0.007571246188
12.812 -0.007614003995
12.814 -0.00765642435
12.816 -0.007698487102
12.818 -0.00774017487
12.82 -0.007781469146
12.822 -0.007822351203
12.824 -0.007862802936
12.826 -0.007902814021
12.828 -0.007942370374
12.83 -0.007981453029
12.832 -0.008020042612
12.834 -0.00805812165
12.836 -0.008095673922
12.838 -0.008132683502
12.84 -0.008169134989
12.842 -0.008205013611
12.844 -0.00824030501
12.846 -0.008274994435
12.848 -0.008309069066
12.85 -0.008342509021
12.852 -0.008375298747
12.854 -0.008407434692
12.856 -0.008438907252
12.858 -0.008469704465
12.86 -0.008499815827
12.862 -0.008529231643
12.864 -0.00855794264
12.866 -0.008585940109
12.868 -0.008613216011
12.87 -0.008639762805
12.872 -0.008665573171
12.874 -0.00869064037
12.876 -0.008714958349
12.878 -0.008738521568
12.88 -0.008761324922
12.882 -0.008783363576
12.884 -0.008804632482
12.886 -0.008825128192
12.888 -0.008844847817
12.89 -0.008863789054
12.892 -0.008881949709
12.894 -0.008899327683
12.896 -0.008915921844
12.898 -0.008931731197
12.9 -0.008946753001
12.902 -0.00896098633
12.904 -0.008974432767
12.906 -0.008987093341
12.908 -0.00899889344
12.91 -0.009009791476
12.912 -0.009019823825
12.914 -0.009029000511
12.916 -0.009037332241
12.918 -0.009044829981
12.92 -0.00905150505
12.922 -0.009057369128
12.924 -0.009062433189
12.926 -0.009066708553
12.928 -0.009070206905
12.93 -0.009072939361
12.932 -0.009074916975
12.934 -0.009076417023
12.936 -0.00907752398
12.938 -0.009077855992
12.94 -0.009077434716
12.942 -0.009076259233
12.944 -0.009074393919
12.946 -0.009071831011
12.948 -0.009068593614
12.95 -0.00906468963
12.952 -0.00906013312
12.954 -0.00905467224
12.956 -0.00904824757
12.958 -0.009041260444
12.96 -0.009033712867
12.962 -0.009025628508
12.964 -0.009016966662
12.966 -0.009007758698
12.968 -0.008998005576
12.97 -0.008987721844
12.972 -0.008976917782
12.974 -0.008965608297
12.976 -0.008953807199
12.978 -0.008941529138
12.98 -0.008928788037
12.982 -0.008915597782
12.984 -0.008901972646
12.986 -0.008887926881
12.988 -0.008873474735
12.99 -0.008858630522
12.992 -0.008843672517
12.994 -0.008828498639
12.996 -0.008813080497
12.998 -0.008797356548
13 -0.008781339107
13.002 -0.008765021294
13.004 -0.008748412877
13.006 -0.008731520532
13.008 -0.008714357933
13.01 -0.008696936292
13.012 -0.008679266786
13.014 -0.008661100174
13.016 -0.008642564217
13.018 -0.008623713995
13.02 -0.008604636945
13.022 -0.00858534665
13.024 -0.008565877035
13.026 -0.008546244682
13.028 -0.008526130517
13.03 -0.008505307252
13.032 -0.008483920277
13.034 -0.008461981639
13.036 -0.008439509841
13.038 -0.008416523197
13.04 -0.008393040072
13.042 -0.008369079169
13.044 -0.008344659812
13.046 -0.008319801535
13.048 -0.00829452652
13.05 -0.008268857444
13.052 -0.008242814045
13.054 -0.008216417292
13.056 -0.008189688279
13.058 -0.008162648289
13.06 -0.008135318308
13.062 -0.008107725159
13.064 -0.008079894943
13.066 -0.008051847786
13.068 -0.008023605788
13.07 -0.007995191159
13.072 -0.007966627272
13.074 -0.007937936455
13.076 -0.007909141436
13.078 -0.007880264202
13.08 -0.007851326441
13.082 -0.007822350186
13.084 -0.007793357538
13.086 -0.007764370617
13.088 -0.007735410336
13.09 -0.007706498589
13.092 -0.007677658177
13.094 -0.007648910178
13.096 -0.007620275957
13.098 -0.007591776633
13.1 -0.00756343307
13.102 -0.007535265851
13.104 -0.007507295401
13.106 -0.007479541861
13.108 -0.007452025048
13.11 -0.00742476457
13.112 -0.0073977797
13.114 -0.007371093448
13.116 -0.007344726399
13.118 -0.007318695618
13.12 -0.00729301913
13.122 -0.007267717138
13.124 -0.007242807571
13.126 -0.007218307998
13.128 -0.007194235513
13.13 -0.007170605205
13.132 -0.007147431413
13.134 -0.007124726908
13.136 -0.00710250533
13.138 -0.007080780673
13.14 -0.007059567357
13.142 -0.007038878911
13.144 -0.007018728153
13.146 -0.00699913008
13.148 -0.006980096991
13.15 -0.006961639634
13.152 -0.006943767333
13.154 -0.006926489507
13.156 -0.006909815854
13.158 -0.006893755847
13.16 -0.006878318223
13.162 -0.006863510479
13.164 -0.00684934065
13.166 -0.006835815711
13.168 -0.006822943176
13.17 -0.006810732071
13.172 -0.006799190931
13.174 -0.006788322338
13.176 -0.006778130378
13.178 -0.006768621251
13.18 -0.006759797384
13.182 -0.0067516644
13.184 -0.006744220913
13.186 -0.006737472994
13.188 -0.006731420137
13.19 -0.006726064388
13.192 -0.006721406706
13.194 -0.006717448617
13.196 -0.006714191276
13.198 -0.006711595804
13.2 -0.006709675616
13.202 -0.006708449178
13.204 -0.006707931904
13.206 -0.006708125919
13.208 -0.006709032249
13.21 -0.006710658148
13.212 -0.006713002554
13.214 -0.006716066822
13.216 -0.006719848128
13.218 -0.006724341062
13.22 -0.006729543245
13.222 -0.006735451491
13.224 -0.006742061886
13.226 -0.006749369823
13.228 -0.006757369862
13.23 -0.0067660565
13.232 -0.006775423871
13.234 -0.006785468976
13.236 -0.006796185571
13.238 -0.006807564909
13.24 -0.006819598945
13.242 -0.006832281938
13.244 -0.006845609565
13.246 -0.006859572155
13.248 -0.006874160494
13.25 -0.006889366432
13.252 -0.006905181341
13.254 -0.006921596367
13.256 -0.00693860251
13.258 -0.00695619048
13.26 -0.006974350788
13.262 -0.006993073762
13.264 -0.007012350114
13.266 -0.007032170363
13.268 -0.0070525239
13.27 -0.007073397745
13.272 -0.00709478485
13.274 -0.007116675149
13.276 -0.007139058736
13.278 -0.007161924212
13.28 -0.007185260749
13.282 -0.007209055813
13.284 -0.007233296918
13.286 -0.007257971972
13.288 -0.007283068261
13.29 -0.007308572474
13.292 -0.007334471359
13.294 -0.007360752089
13.296 -0.007387400676
13.298 -0.007414403157
13.3 -0.007441747194
13.302 -0.007469418317
13.304 -0.007497400422
13.306 -0.007525679451
13.308 -0.007554241418
13.31 -0.007583071781
13.312 -0.007612156585
13.314 -0.007641481737
13.316 -0.007671032403
13.318 -0.007700796259
13.32 -0.007730760734
13.322 -0.007760910092
13.324 -0.00779122974
13.326 -0.007821816296
13.328 -0.007852720001
13.33 -0.007883875971
13.332 -0.007915258623
13.334 -0.007946842032
13.336 -0.007978597693
13.338 -0.008010504951
13.34 -0.008042554179
13.342 -0.008074730432
13.344 -0.008107022567
13.346 -0.008139417663
13.348 -0.008171895381
13.35 -0.008204435839
13.352 -0.008236994221
13.354 -0.008269535788
13.356 -0.008302057233
13.358 -0.008334539472
13.36 -0.008366964714
13.362 -0.008399314763
13.364 -0.008431573694
13.366 -0.008463722709
13.368 -0.008495748027
13.37 -0.008527637112
13.372 -0.008559381337
13.374 -0.008590968545
13.376 -0.008622382411
13.378 -0.008653606611
13.38 -0.008684625487
13.382 -0.008715424004
13.384 -0.008745987454
13.386 -0.008776301211
13.388 -0.008806330428
13.39 -0.008836055682
13.392 -0.008865469123
13.394 -0.008894559339
13.396 -0.008923314276
13.398 -0.008951721874
13.4 -0.008979768916
13.402 -0.009007442762
13.404 -0.009034733038
13.406 -0.009061669472
13.408 -0.009088227416
13.41 -0.009114384559
13.412 -0.009140119679
13.414 -0.009165421736
13.416 -0.009190269808
13.418 -0.009214651174
13.42 -0.009238558683
13.422 -0.009261986803
13.424 -0.009284926397
13.426 -0.009307369344
13.428 -0.00932930936
13.43 -0.009350741483
13.432 -0.009371668756
13.434 -0.009392091552
13.436 -0.009412000519
13.438 -0.009431385807
13.44 -0.009450233807
13.442 -0.009468540838
13.444 -0.00948630464
13.446 -0.009503522966
13.448 -0.009520191923
13.45 -0.009536308507
13.452 -0.009551870024
13.454 -0.009566870613
13.456 -0.009581307372
13.458 -0.009595176076
13.46 -0.009608463515
13.462 -0.009621170913
13.464 -0.009633290409
13.466 -0.009644822653
13.468 -0.009655770684
13.47 -0.009666134811
13.472 -0.00967591362
13.474 -0.009685121098
13.476 -0.009693735005
13.478 -0.009701750692
13.48 -0.009709167916
13.482 -0.00971597875
13.484 -0.009722178766
13.486 -0.00972777286
13.488 -0.009732751991
13.49 -0.009737125997
13.492 -0.009740887361
13.494 -0.009744034769
13.496 -0.009746574675
13.498 -0.009748501733
13.5 -0.009749823305
13.502 -0.00975053296
13.504 -0.009750639732
13.506 -0.009750137679
13.508 -0.009749036585
13.51 -0.00974733108
13.512 -0.009745016841
13.514 -0.009742107567
13.516 -0.009738615955
13.518 -0.009734542404
13.52 -0.009729899525
13.522 -0.009724704705
13.524 -0.0097189588
13.526 -0.009712655982
13.528 -0.009705808956
13.53 -0.009698435727
13.532 -0.00969053928
13.534 -0.009682114171
13.536 -0.009673181837
13.538 -0.009663749547
13.54 -0.00965381102
13.542 -0.00964339063
13.544 -0.009632507302
13.546 -0.009621158757
13.548 -0.009609366447
13.55 -0.009597138895
13.552 -0.00958446833
13.554 -0.009571379111
13.556 -0.009557880105
13.558 -0.009543972524
13.56 -0.009529681755
13.562 -0.009515006765
13.564 -0.009499955237
13.566 -0.009484522359
13.568 -0.009468728759
13.57 -0.009452573537
13.572 -0.009436075188
13.574 -0.009419232335
13.576 -0.009402062751
13.578 -0.009384563332
13.58 -0.009366753289
13.582 -0.009348629865
13.584 -0.009330211632
13.586 -0.009311495808
13.588 -0.00929250094
13.59 -0.009273225322
13.592 -0.009253696916
13.594 -0.009233905765
13.596 -0.009213859886
13.598 -0.009193582195
13.6 -0.009173063474
13.602 -0.009152311317
13.604 -0.009131349259
13.606 -0.009110176542
13.608 -0.009088793276
13.61 -0.009067204736
13.612 -0.009045435844
13.614 -0.009023485799
13.616 -0.009001355457
13.618 -0.008979050348
13.62 -0.008956596258
13.622 -0.008933993497
13.624 -0.008911252553
13.626 -0.00888837996
13.628 -0.008865384393
13.63 -0.008842273727
13.632 -0.008819056658
13.634 -0.008795741608
13.636 -0.008772337359
13.638 -0.008748844027
13.64 -0.008725268796
13.642 -0.008701624193
13.644 -0.008677920473
13.646 -0.008654166468
13.648 -0.008630371424
13.65 -0.008606545564
13.652 -0.008582697367
13.654 -0.008558836132
13.656 -0.008534859985
13.658 -0.008510824321
13.66 -0.008486767056
13.662 -0.008462733321
13.664 -0.008438725563
13.666 -0.008414760898
13.668 -0.008390961703
13.67 -0.008367294618
13.672 -0.008343754519
13.674 -0.008320318029
13.676 -0.008296995916
13.678 -0.008273790188
13.68 -0.008250710573
13.682 -0.008227764671
13.684 -0.00820496231
13.686 -0.008182312983
13.688 -0.008159826678
13.69 -0.008137513853
13.692 -0.008115383981
13.694 -0.008093446344
13.696 -0.008071710273
13.698 -0.008050185258
13.7 -0.008028880668
13.702 -0.008007805195
13.704 -0.007986967744
13.706 -0.007966377201
13.708 -0.007946042239
13.71 -0.007925971539
13.712 -0.007906173909
13.714 -0.007886657201
13.716 -0.007867428903
13.718 -0.007848496713
13.72 -0.007830169626
13.722 -0.007812120383
13.724 -0.007794297518
13.726 -0.007776659301
13.728 -0.007759294924
13.73 -0.007742218656
13.732 -0.007725457995
13.734 -0.007709023435
13.736 -0.00769293076
13.738 -0.007677189234
13.74 -0.007661808316
13.742 -0.007646795999
13.744 -0.007633591176
13.746 -0.00762176964
13.748 -0.007611074722
13.75 -0.007601127016
13.752 -0.007590488176
13.754 -0.007579769094
13.756 -0.007568866158
13.758 -0.007558079772
13.76 -0.007547363474
13.762 -0.007536882393
13.764 -0.007526649422
13.766 -0.007516717997
13.768 -0.007507101317
13.77 -0.007497815122
13.772 -0.007488866129
13.774 -0.007480256014
13.776 -0.007471986513
13.778 -0.007464361411
13.78 -0.007457044824
13.782 -0.007450000727
13.784 -0.007443186572
13.786 -0.007436669676
13.788 -0.007430453254
13.79 -0.007424557731
13.792 -0.007418977356
13.794 -0.00741372537
13.796 -0.007408799389
13.798 -0.007404505178
13.8 -0.007400510777
13.802 -0.007396783393
13.804 -0.007393281674
13.806 -0.007390075442
13.808 -0.007387167539
13.81 -0.00738457845
13.812 -0.007382312677
13.814 -0.007380681428
13.816 -0.007379352953
13.818 -0.00737828936
13.82 -0.007377453294
13.822 -0.00737691251
13.824 -0.007376669345
13.826 -0.00737674165
13.828 -0.00737743682
13.83 -0.007378424426
13.832 -0.007379664474
13.834 -0.007381118008
13.836 -0.007382849975
13.838 -0.007384859901
13.84 -0.00738716257
13.842 -0.007390062677
13.844 -0.007393226768
13.846 -0.007396611413
13.848 -0.007400174022
13.85 -0.007403975798
13.852 -0.00740801287
13.854 -0.007412600863
13.856 -0.007417400072
13.858 -0.007422375022
13.86 -0.007427476677
13.862 -0.007432767368
13.864 -0.007438240213
13.866 -0.00744421156
13.868 -0.007450338954
13.87 -0.00745658015
13.872 -0.007462893086
13.874 -0.007469319636
13.876 -0.007476149458
13.878 -0.007483071139
13.88 -0.00749003606
13.882 -0.007497003632
13.884 -0.007504037381
13.886 -0.007511441224
13.888 -0.007518886187
13.89 -0.007526329594
13.892 -0.007533732839
13.894 -0.007541156127
13.896 -0.007548901298
13.898 -0.007556643781
13.9 -0.007564336292
13.902 -0.007571937283
13.904 -0.007579813083
13.906 -0.007587623217
13.908 -0.007595341135
13.91 -0.007602929294
13.912 -0.007610449283
13.914 -0.007618201443
13.916 -0.00762586346
13.918 -0.007633395298
13.92 -0.007640754574
13.922 -0.007648312372
13.924 -0.007655735054
13.926 -0.007662990486
13.928 -0.007670034436
13.93 -0.007677236678
13.932 -0.007684266304
13.934 -0.007691095064
13.936 -0.00769768221
13.938 -0.007704399672
13.94 -0.007710917519
13.942 -0.007717203742
13.944 -0.007723529839
13.946 -0.007729620637
13.948 -0.007735440018
13.95 -0.007740961575
13.952 -0.007746561754
13.954 -0.007751910394
13.956 -0.007756983211
13.958 -0.007762046375
13.96 -0.007766833515
13.962 -0.007771295993
13.964 -0.007775387187
13.966 -0.007779471419
13.968 -0.007783227983
13.97 -0.007786622294
13.972 -0.007789920415
13.974 -0.007792849702
13.976 -0.007795366944
13.978 -0.007797758063
13.98 -0.007799751329
13.982 -0.007801313957
13.984 -0.007802730422
13.986 -0.00780372705
13.988 -0.007804276349
13.99 -0.00780465917
13.992 -0.007804605711
13.994 -0.007804083671
13.996 -0.007803377108
13.998 -0.007802219495
14 -0.007800583867
14.002 -0.007798741892
14.004 -0.007796435477
14.006 -0.007793629655
14.008 -0.007790608801
14.01 -0.007787105282
14.012 -0.007783395924
14.014 -0.007779120955
14.016 -0.007774308384
14.018 -0.007768938087
14.02 -0.007763396593
14.022 -0.007757346156
14.024 -0.007751085011
14.026 -0.00774424531
14.028 -0.00773715885
14.03 -0.007729456222
14.032 -0.007721187491
14.034 -0.007712616523
14.036 -0.007703502105
14.038 -0.007694124412
14.04 -0.00768413437
14.042 -0.0076735626
14.044 -0.007662692828
14.046 -0.007651276217
14.048 -0.007639589564
14.05 -0.007627281362
14.052 -0.00761439238
14.054 -0.007601201637
14.056 -0.00758745877
14.058 -0.007573445682
14.06 -0.00755881332
14.062 -0.007543904125
14.064 -0.007528357935
14.066 -0.007512227966
14.068 -0.007495794301
14.07 -0.007478815567
14.072 -0.007461572254
14.074 -0.007443718355
14.076 -0.007425601232
14.078 -0.007406855706
14.08 -0.007387847664
14.082 -0.007368215178
14.084 -0.007348277586
14.086 -0.007327671676
14.088 -0.007306475682
14.09 -0.007284974656
14.092 -0.007262938577
14.094 -0.007240654923
14.096 -0.007217784501
14.098 -0.007194679879
14.1 -0.00717098516
14.102 -0.007147067941
14.104 -0.007122569729
14.106 -0.007097859124
14.108 -0.007072581862
14.11 -0.007047106105
14.112 -0.007021064597
14.114 -0.006994823511
14.116 -0.006968030285
14.118 -0.00694105184
14.12 -0.00691353447
14.122 -0.006885853849
14.124 -0.006857651297
14.126 -0.006829298091
14.128 -0.00680044102
14.13 -0.006771451043
14.132 -0.006741972588
14.134 -0.006712376887
14.136 -0.006682603583
14.138 -0.006652397871
14.14 -0.006621697668
14.142 -0.006590865392
14.144 -0.006559969388
14.146 -0.006528672454
14.148 -0.006497231234
14.15 -0.006465368238
14.152 -0.006433449654
14.154 -0.006401135256
14.156 -0.006368801592
14.158 -0.006336398407
14.16 -0.006303647865
14.162 -0.006270811242
14.164 -0.006237613298
14.166 -0.006204400344
14.168 -0.006170840947
14.17 -0.006137305574
14.172 -0.006103453505
14.174 -0.006069652372
14.176 -0.006035843951
14.178 -0.006001764786
14.18 -0.005967664252
14.182 -0.005933278978
14.184 -0.005898956503
14.186 -0.005864664583
14.188 -0.005830135531
14.19 -0.005795617436
14.192 -0.005760842743
14.194 -0.005726171313
14.196 -0.005691573476
14.198 -0.005656772994
14.2 -0.00562203319
14.202 -0.005587387319
14.204 -0.00555254045
14.206 -0.005517763789
14.208 -0.005482786114
14.21 -0.005447966473
14.212 -0.005413276675
14.214 -0.005378752086
14.216 -0.005344003446
14.218 -0.005309364485
14.22 -0.005274547153
14.222 -0.005239929312
14.224 -0.005205481515
14.226 -0.005170934458
14.228 -0.005136538634
14.23 -0.005102336105
14.232 -0.005068040776
14.234 -0.005033918005
14.236 -0.004999999788
14.238 -0.004966310976
14.24 -0.004932482534
14.242 -0.004898843884
14.244 -0.004865107363
14.246 -0.004831649058
14.248 -0.004798440692
14.25 -0.004765521651
14.252 -0.00473249772
14.254 -0.004699701041
14.256 -0.004667152085
14.258 -0.00463458148
14.26 -0.004602254953
14.262 -0.004570209592
14.264 -0.004538465202
14.266 -0.004506646249
14.268 -0.004475081109
14.27 -0.00444379535
14.272 -0.004412824943
14.274 -0.004381788968
14.276 -0.004351020727
14.278 -0.004320543049
14.28 -0.004290090318
14.282 -0.004259926484
14.284 -0.004230086542
14.286 -0.004200588818
14.288 -0.004171364341
14.29 -0.00414210429
14.292 -0.004113124274
14.294 -0.00408445453
14.296 -0.004056130118
14.298 -0.004027778586
14.3 -0.00399973233
14.302 -0.003972012825
14.304 -0.003944650148
14.306 -0.003917263593
14.308 -0.003890187805
14.31 -0.003863440186
14.312 -0.003837055933
14.314 -0.003810956688
14.316 -0.00378482907
14.318 -0.003758991049
14.32 -0.003733475478
14.322 -0.003708309678
14.324 -0.003683425402
14.326 -0.003658816426
14.328 -0.003634152146
14.33 -0.003609763427
14.332 -0.003585679207
14.334 -0.003561961934
14.336 -0.003538532999
14.338 -0.003515073914
14.34 -0.003491890261
14.342 -0.003469011673
14.344 -0.003446466341
14.346 -0.003424185338
14.348 -0.003402158119
14.35 -0.003380053779
14.352 -0.003358197889
14.354 -0.003336621384
14.356 -0.003315363492
14.358 -0.003294351172
14.36 -0.003273546519
14.362 -0.003252910476
14.364 -0.0032321457
14.366 -0.003211591711
14.368 -0.003191291152
14.37 -0.003171280264
14.372 -0.003151488294
14.374 -0.003131906679
14.376 -0.003112510786
14.378 -0.003093352602
14.38 -0.003074398934
14.382 -0.003055619539
14.384 -0.003036681036
14.386 -0.00301791421
14.388 -0.002999354887
14.39 -0.002981040745
14.392 -0.002962900781
14.394 -0.002944929388
14.396 -0.002927100582
14.398 -0.00290940219
14.4 -0.002891823171
14.402 -0.002874353032
14.404 -0.002856985109
14.406 -0.002839717253
14.408 -0.002822540901
14.41 -0.002805447595
14.412 -0.002788432549
14.414 -0.002771490277
14.416 -0.002754321665
14.418 -0.002737241411
14.42 -0.002720285446
14.422 -0.002703484487
14.424 -0.002686765342
14.426 -0.002670119802
14.428 -0.002653524014
14.43 -0.002636968422
14.432 -0.002620443925
14.434 -0.0026039372
14.436 -0.002587438594
14.438 -0.002570942366
14.44 -0.002554440327
14.442 -0.002537925109
14.444 -0.002521388901
14.446 -0.002504827084
14.448 -0.002488231333
14.45 -0.002471592458
14.452 -0.002454904201
14.454 -0.002438157186
14.456 -0.002421345663
14.458 -0.002404464346
14.46 -0.002387508393
14.462 -0.002370469142
14.464 -0.002353337569
14.466 -0.00233616123
14.468 -0.002318952797
14.47 -0.002301699282
14.472 -0.002284387473
14.474 -0.002267015669
14.476 -0.002249572767
14.478 -0.002232046001
14.48 -0.002214428551
14.482 -0.002196712829
14.484 -0.002178887764
14.486 -0.002160942533
14.488 -0.002142866369
14.49 -0.002124650859
14.492 -0.00210628367
14.494 -0.002087751854
14.496 -0.00206904535
14.498 -0.002050152938
14.5 -0.002031065857
14.502 -0.002011775153
14.504 -0.001992272982
14.506 -0.00197254874
14.508 -0.00195258908
14.51 -0.001932387544
14.512 -0.001911937381
14.514 -0.001891229653
14.516 -0.00187025601
14.518 -0.001849008179
14.52 -0.001827480891
14.522 -0.001805666013
14.524 -0.001783553947
14.526 -0.001761138659
14.528 -0.001738413707
14.53 -0.001715372809
14.532 -0.001692009618
14.534 -0.001668318236
14.536 -0.00164429656
14.538 -0.00161993841
14.54 -0.001595182927
14.542 -0.001570007501
14.544 -0.001544414006
14.546 -0.001518404234
14.548 -0.001491971991
14.55 -0.001465116717
14.552 -0.001437838625
14.554 -0.00141014108
14.556 -0.001382021613
14.558 -0.001353479097
14.56 -0.001324516486
14.562 -0.001295132293
14.564 -0.001265326599
14.566 -0.001235102523
14.568 -0.001204463171
14.57 -0.001173414491
14.572 -0.001141958907
14.574 -0.001110097622
14.576 -0.001077835291
14.578 -0.00104517587
14.58 -0.001012123197
14.582 -0.0009786811736
14.584 -0.0009448571892
14.586 -0.0009106544065
14.588 -0.0008760746529
14.59 -0.0008411230444
14.592 -0.0008058040212
14.594 -0.0007701220785
14.596 -0.0007340819305
14.598 -0.0006976880956
14.6 -0.0006609483241
14.602 -0.0006238651888
14.604 -0.0005864403161
14.606 -0.0005486765159
14.608 -0.0005105772035
14.61 -0.0004721470859
14.612 -0.0004333898586
14.614 -0.0003943093104
14.616 -0.000354912072
14.618 -0.0003151935001
14.62 -0.0002751557681
14.622 -0.0002348056916
14.624 -0.0001941481322
14.626 -0.0001531868903
14.628 -0.0001119258592
14.63 -7.036900497e-05
14.632 -2.852284398e-05
14.634 1.361024912e-05
14.636 5.602913137e-05
14.638 9.872917999e-05
14.64 0.0001417064318
14.642 0.0001849565372
14.644 0.0002284756321
14.646 0.0002722592826
14.648 0.0003163001239
14.65 0.000360595544
14.652 0.0004051441477
14.654 0.0004499411022
14.656 0.0004949821971
14.658 0.0005402631323
14.66 0.0005857798924
14.662 0.0006315253743
14.664 0.0006774901358
14.666 0.0007236718901
14.668 0.0007700675142
14.67 0.0008166729178
14.672 0.000863484002
14.674 0.0009104965109
14.676 0.0009577060751
14.678 0.001005105213
14.68 0.00105269064
14.682 0.001100456745
14.684 0.001148398933
14.686 0.00119651406
14.688 0.001244798347
14.69 0.001293247535
14.692 0.001341856247
14.694 0.001390619701
14.696 0.00143953102
14.698 0.001488586692
14.7 0.001537786443
14.702 0.00158712467
14.704 0.001636595597
14.706 0.001686193753
14.708 0.001735913827
14.71 0.001785749588
14.712 0.001835694764
14.714 0.001885744851
14.716 0.001935998539
14.718 0.001986434824
14.72 0.002037036988
14.722 0.002087773782
14.724 0.002138642911
14.726 0.002189631498
14.728 0.002240732973
14.73 0.002291938385
14.732 0.00234323986
14.734 0.002394629247
14.736 0.002446095438
14.738 0.002497630077
14.74 0.002549226546
14.742 0.002600875987
14.744 0.002652569369
14.746 0.002704298341
14.748 0.002756053873
14.75 0.002807837259
14.752 0.002859645761
14.754 0.002911466977
14.756 0.002963291948
14.758 0.003015112551
14.76 0.003066917576
14.762 0.003118700391
14.764 0.00317045608
14.766 0.003222177727
14.768 0.00327385705
14.77 0.003325485556
14.772 0.003377057522
14.774 0.00342856719
14.776 0.003480009071
14.778 0.003531377895
14.78 0.003582668635
14.782 0.003633877303
14.784 0.003684998732
14.786 0.00373603005
14.788 0.003786964845
14.79 0.003837799189
14.792 0.003888516574
14.794 0.003939102905
14.796 0.003989559724
14.798 0.00403988409
14.8 0.00409007323
14.802 0.004140124129
14.804 0.00419003436
14.806 0.004239802261
14.808 0.004289426649
14.81 0.00433890711
14.812 0.004388242127
14.814 0.004437430703
14.816 0.004486471744
14.818 0.00453536356
14.82 0.004584104589
14.822 0.004632692271
14.824 0.004681122189
14.826 0.004729395783
14.828 0.004777515631
14.83 0.004825480808
14.832 0.004873290832
14.834 0.004920944331
14.836 0.004968441255
14.838 0.005015781985
14.84 0.005062966459
14.842 0.005109994954
14.844 0.005156867827
14.846 0.005203585066
14.848 0.005250147382
14.85 0.005296555123
14.852 0.005342806621
14.854 0.00538890099
14.856 0.005434839195
14.858 0.005480625044
14.86 0.005526261281
14.862 0.005571747379
14.864 0.005617084029
14.866 0.005662270843
14.868 0.005707308779
14.87 0.005752198688
14.872 0.005796941454
14.874 0.005841537651
14.876 0.005885987768
14.878 0.005930292185
14.88 0.005974451459
14.882 0.006018466191
14.884 0.006062337022
14.886 0.006105957068
14.888 0.006149342687
14.89 0.006192508505
14.892 0.006235479493
14.894 0.006278253342
14.896 0.006320838585
14.898 0.006363237189
14.9 0.006405455278
14.902 0.006447496714
14.904 0.00648936507
14.906 0.006531064655
14.908 0.006572600429
14.91 0.006613976985
14.912 0.006655199187
14.914 0.006696272638
14.916 0.006737202902
14.918 0.006777995669
14.92 0.006818656675
14.922 0.006859191647
14.924 0.006899606248
14.926 0.00693990618
14.928 0.00698009711
14.93 0.007020185027
14.932 0.007060175431
14.934 0.007100073613
14.936 0.007139884687
14.938 0.007179613632
14.94 0.007219265224
14.942 0.007258843964
14.944 0.007298354243
14.946 0.007337800206
14.948 0.00737719048
14.95 0.007416529913
14.952 0.007455820723
14.954 0.00749506563
14.956 0.007534267862
14.958 0.007573430636
14.96 0.007612557252
14.962 0.007651651252
14.964 0.007690716639
14.966 0.0077297568
14.968 0.007768774783
14.97 0.007807774075
14.972 0.007846757762
14.974 0.007885728845
14.976 0.007924690326
14.978 0.007963645079
14.98 0.00800259594
14.982 0.008041545648
14.984 0.008080496903
14.986 0.008119451998
14.988 0.008158414568
14.99 0.008197387472
14.992 0.008236373445
14.994 0.008275374945
14.996 0.008314393105
14.998 0.008353429158
15 0.008392484629
15.002 0.008431562438
15.004 0.008470665054
15.006 0.008509794424
15.008 0.008548952551
15.01 0.00858814191
15.012 0.008627364672
15.014 0.008666622746
15.016 0.008705918268
15.018 0.008745253678
15.02 0.008784631375
15.022 0.008824053784
15.024 0.008863523386
15.026 0.00890304263
15.028 0.008942614015
15.03 0.008982239937
15.032 0.009021923188
15.034 0.009061666786
15.036 0.009101473478
15.038 0.009141346239
15.04 0.009181288179
15.042 0.009221302236
15.044 0.009261391396
15.046 0.009301558581
15.048 0.009341806577
15.05 0.009382138094
15.052 0.009422555934
15.054 0.00946306313
15.056 0.009503663224
15.058 0.009544358957
15.06 0.00958515265
15.062 0.009626046449
15.064 0.009667042543
15.066 0.0097081434
15.068 0.009749351237
15.07 0.009790668246
15.072 0.009832096415
15.074 0.009873637136
15.076 0.009915291762
15.078 0.00995706258
15.08 0.009998951545
15.082 0.01004095979
15.084 0.01008308861
15.086 0.01012533952
15.088 0.0101677138
15.09 0.01021021245
15.092 0.01025283663
15.094 0.01029558768
15.096 0.01033846673
15.098 0.01038147471
15.1 0.01042461251
15.102 0.01046788106
15.104 0.01051128086
15.106 0.0105548124
15.108 0.01059847611
15.11 0.01064227232
15.112 0.01068620107
15.114 0.01073026241
15.116 0.01077451612
15.118 0.01081899678
15.12 0.01086368082
15.122 0.01090856564
15.124 0.01095364964
15.126 0.01099893026
15.128 0.01104440482
15.13 0.01109007068
15.132 0.01113592518
15.134 0.01118196098
15.136 0.01122817244
15.138 0.01127455779
15.14 0.01132111395
15.142 0.01136783754
15.144 0.01141472507
15.146 0.01146177303
15.148 0.01150897827
15.15 0.01155633694
15.152 0.01160384565
15.154 0.01165150089
15.156 0.01169929939
15.158 0.01174723695
15.16 0.01179531088
15.162 0.01184351741
15.164 0.01189185305
15.166 0.01194031441
15.168 0.01198889873
15.17 0.01203760244
15.172 0.0120864227
15.174 0.01213535605
15.176 0.01218439579
15.178 0.01223354191
15.18 0.01228279609
15.182 0.01233215158
15.184 0.01238160653
15.186 0.01243115684
15.188 0.0124807937
15.19 0.01253051552
15.192 0.01258032441
15.194 0.01263021231
15.196 0.01268017643
15.198 0.01273020899
15.2 0.01278030862
15.202 0.01283047648
15.204 0.01288070027
15.206 0.01293098039
15.208 0.01298131754
15.21 0.01303169933
15.212 0.01308212503
15.214 0.01313259537
15.216 0.01318309795
15.218 0.01323363111
15.22 0.01328419123
15.222 0.01333477299
15.224 0.01338537843
15.226 0.01343599506
15.228 0.01348662141
15.23 0.01353725441
15.232 0.01358788418
15.234 0.01363850709
15.236 0.01368911711
15.238 0.01373971381
15.24 0.01379029012
15.242 0.01384084456
15.244 0.01389136855
15.246 0.01394186118
15.248 0.01399231507
15.25 0.014042729
15.252 0.014093096
15.254 0.01414341641
15.256 0.01419368332
15.258 0.0142438958
15.26 0.01429406732
15.262 0.01434421401
15.264 0.01439430696
15.266 0.0144443497
15.268 0.0144943347
15.27 0.01454426409
15.272 0.01459413192
15.274 0.01464393273
15.276 0.01469366289
15.278 0.01474332
15.28 0.01479289402
15.282 0.01484239135
15.284 0.01489180764
15.286 0.01494113928
15.288 0.01499038556
15.29 0.01503953643
15.292 0.01508859844
15.294 0.01513756629
15.296 0.01518643282
15.298 0.01523520395
15.3 0.01528387356
15.302 0.01533243356
15.304 0.01538088558
15.306 0.01542922613
15.308 0.01547745247
15.31 0.01552555758
15.312 0.01557354457
15.314 0.01562141218
15.316 0.01566915707
15.318 0.01571677168
15.32 0.01576425873
15.322 0.01581161543
15.324 0.0158588416
15.326 0.0159059368
15.328 0.01595290383
15.33 0.01599974059
15.332 0.01604643902
15.334 0.01609300331
15.336 0.01613943467
15.338 0.01618573016
15.34 0.01623188827
15.342 0.01627790689
15.344 0.0163237842
15.346 0.01636951868
15.348 0.0164151088
15.35 0.01646055294
15.352 0.01650584953
15.354 0.01655099688
15.356 0.01659599351
15.358 0.01664083791
15.36 0.0166855287
15.362 0.01673006451
15.364 0.01677444396
15.366 0.01681866564
15.368 0.01686272824
15.37 0.01690663247
15.372 0.01695037824
15.374 0.0169939639
15.376 0.01703738838
15.378 0.01708065087
15.38 0.01712375071
15.382 0.01716668717
15.384 0.01720945945
15.386 0.01725193751
15.388 0.01729417498
15.39 0.01733619487
15.392 0.01737803227
15.394 0.01741968823
15.396 0.01746117271
15.398 0.01750248797
15.4 0.01754363719
15.402 0.01758462156
15.404 0.01762544232
15.406 0.01766609984
15.408 0.01770659367
15.41 0.01774692449
15.412 0.01778709274
15.414 0.0178270993
15.416 0.017866945
15.418 0.01790663089
15.42 0.01794622479
15.422 0.01798576651
15.424 0.01802521678
15.426 0.01806445567
15.428 0.01810350322
15.43 0.01814237071
15.432 0.01818107794
15.434 0.01821975517
15.436 0.01825844375
15.438 0.01829695299
15.44 0.01833528829
15.442 0.01837344903
15.444 0.01841146133
15.446 0.01844941359
15.448 0.01848727344
15.45 0.01852502393
15.452 0.01856250703
15.454 0.01859978077
15.456 0.01863667957
15.458 0.0186733176
15.46 0.01870972917
15.462 0.01874611084
15.464 0.0187824107
15.466 0.01881862387
15.468 0.01885471963
15.47 0.01889070465
15.472 0.01892666744
15.474 0.01896256987
15.476 0.01899839363
15.478 0.0190341147
15.48 0.01906973415
15.482 0.01910510919
15.484 0.01914020097
15.486 0.01917520813
15.488 0.01921012797
15.49 0.01924505841
15.492 0.0192799369
15.494 0.01931475395
15.496 0.01934947979
15.498 0.01938411624
15.5 0.01941865441
15.502 0.01945309649
15.504 0.01948743889
15.506 0.0195216847
15.508 0.01955583139
15.51 0.01958988228
15.512 0.01962383529
15.514 0.01965769349
15.516 0.01969145467
15.518 0.01972512237
15.52 0.01975869596
15.522 0.01979217591
15.524 0.01982556463
15.526 0.01985886092
15.528 0.01989206509
15.53 0.01992517698
15.532 0.01995819987
15.534 0.01999113414
15.536 0.0200239816
15.538 0.02005674197
15.54 0.02008941624
15.542 0.02012200531
15.544 0.02015451123
15.546 0.02018693566
15.548 0.02021927968
15.55 0.02025154462
15.552 0.02028373181
15.554 0.02031584357
15.556 0.02034788161
15.558 0.02037984716
15.56 0.02041174237
15.562 0.02044356076
15.564 0.02047532332
15.566 0.02050703085
15.568 0.02053869136
15.57 0.02057029654
15.572 0.02060185792
15.574 0.02063336713
15.576 0.02066483131
15.578 0.02069624242
15.58 0.02072760656
15.582 0.02075892639
15.584 0.02079021402
15.586 0.0208214613
15.588 0.02085267102
15.59 0.02088384529
15.592 0.02091499024
15.594 0.02094610182
15.596 0.02097717807
15.598 0.02100822307
15.6 0.02103923885
15.602 0.02107022777
15.604 0.0211011812
15.606 0.0211320944
15.608 0.02116297255
15.61 0.0211938173
15.612 0.02122463075
15.614 0.02125540586
15.616 0.02128613883
15.618 0.02131682983
15.62 0.02134747821
15.622 0.0213780829
15.624 0.02140863658
15.626 0.02143913558
15.628 0.02146957777
15.63 0.02149996236
15.632 0.02153029018
15.634 0.02156056082
15.636 0.02159077584
15.638 0.02162093902
15.64 0.02165105514
15.642 0.02168112903
15.644 0.02171116354
15.646 0.02174116262
15.648 0.02177113027
15.65 0.02180107035
15.652 0.02183099259
15.654 0.0218609083
15.656 0.02189082366
15.658 0.02192074487
15.66 0.02195067708
15.662 0.02198063352
15.664 0.02201062321
15.666 0.02204065209
15.668 0.02207072563
15.67 0.022100848
15.672 0.02213113233
15.674 0.02216156607
15.676 0.02219208872
15.678 0.02222266827
15.68 0.02225328131
15.682 0.02228390576
15.684 0.02231452386
15.686 0.0223451206
15.688 0.0223756855
15.69 0.02240621014
15.692 0.02243668844
15.694 0.02246711661
15.696 0.02249749242
15.698 0.02252781685
15.7 0.02255809221
15.702 0.02258832168
15.704 0.02261850991
15.706 0.02264866135
15.708 0.02267878151
15.71 0.02270887692
15.712 0.02273895353
15.714 0.02276901818
15.716 0.02279907715
15.718 0.02282913562
15.72 0.02285919675
15.722 0.02288926326
15.724 0.02291933752
15.726 0.02294942227
15.728 0.02297952018
15.73 0.02300963315
15.732 0.02303976238
15.734 0.02306990927
15.736 0.02310007421
15.738 0.02313025665
15.74 0.02316045504
15.742 0.02319066703
15.744 0.02322089014
15.746 0.02325112166
15.748 0.02328135889
15.75 0.02331160569
15.752 0.02334185097
15.754 0.02337209406
15.756 0.02340233246
15.758 0.02343256414
15.76 0.02346278133
15.762 0.02349298173
15.764 0.0235231646
15.766 0.02355332059
15.768 0.0235834418
15.77 0.02361353237
15.772 0.02364358978
15.774 0.02367360391
15.776 0.02370356637
15.778 0.02373348068
15.78 0.02376334424
15.782 0.02379314711
15.784 0.02382289442
15.786 0.02385256986
15.788 0.0238821722
15.79 0.02391171928
15.792 0.02394120846
15.794 0.02397064098
15.796 0.02400001333
15.798 0.02402930337
15.8 0.02405851679
15.802 0.02408765886
15.804 0.02411672762
15.806 0.02414572116
15.808 0.02417463143
15.81 0.02420345521
15.812 0.02423218693
15.814 0.02426083182
15.816 0.024289391
15.818 0.02431785872
15.82 0.02434623284
15.822 0.02437451027
15.824 0.02440268164
15.826 0.02443074319
15.828 0.02445869519
15.83 0.024486533
15.832 0.02451425496
15.834 0.02454185834
15.836 0.02456934148
15.838 0.02459670204
15.84 0.02462393726
15.842 0.02465104593
15.844 0.0246780257
15.846 0.0247048753
15.848 0.02473159311
15.85 0.02475817796
15.852 0.02478462776
15.854 0.02481094102
15.856 0.0248371186
15.858 0.02486315868
15.86 0.02488906005
15.862 0.02491482183
15.864 0.02494044412
15.866 0.02496592795
15.868 0.02499127362
15.87 0.02501648051
15.872 0.02504154775
15.874 0.02506647614
15.876 0.0250912657
15.878 0.0251159165
15.88 0.02514042861
15.882 0.02516480272
15.884 0.02518903903
15.886 0.02521313779
15.888 0.02523710073
15.89 0.02526092767
15.892 0.02528461951
15.894 0.02530817667
15.896 0.02533159949
15.898 0.0253548883
15.9 0.02537804102
15.902 0.02540105682
15.904 0.02542393952
15.906 0.02544669248
15.908 0.02546931563
15.91 0.02549181151
15.912 0.02551418163
15.914 0.02553642136
15.916 0.02555853454
15.918 0.02558052324
15.92 0.02560239987
15.922 0.02562416367
15.924 0.02564580874
15.926 0.02566733581
15.928 0.02568874078
15.93 0.02571003034
15.932 0.02573120941
15.934 0.02575228951
15.936 0.02577326721
15.938 0.02579413091
15.94 0.02581488421
15.942 0.0258355289
15.944 0.02585592994
15.946 0.0258761078
15.948 0.02589614269
15.95 0.02591607318
15.952 0.0259359366
15.954 0.0259557614
15.956 0.02597556563
15.958 0.0259953739
15.96 0.02601520143
15.962 0.02603505495
15.964 0.02605494883
15.966 0.02607488904
15.968 0.02609487518
15.97 0.02611491214
15.972 0.02613499302
15.974 0.02615511943
15.976 0.02617528044
15.978 0.02619547447
15.98 0.02621568836
15.982 0.02623591875
15.984 0.02625615044
15.986 0.02627638633
15.988 0.02629660086
15.99 0.02631678972
15.992 0.02633694386
15.994 0.02635705063
15.996 0.02637710283
15.998 0.02639708682
16 0.02641699874
16.002 0.02643682511
16.004 0.02645656379
16.006 0.02647620994
16.008 0.02649575259
16.01 0.02651517964
16.012 0.02653449064
16.014 0.02655368742
16.016 0.02657275997
16.018 0.02659170354
16.02 0.02661051881
16.022 0.0266291986
16.024 0.02664774722
16.026 0.02666615762
16.028 0.02668442842
16.03 0.02670256181
16.032 0.02672055327
16.034 0.02673840274
16.036 0.02675611539
16.038 0.0267736865
16.04 0.02679114247
16.042 0.02680848373
16.044 0.02682569612
16.046 0.02684276724
16.048 0.02685968951
16.05 0.02687647775
16.052 0.02689313812
16.054 0.02690967179
16.056 0.02692605904
16.058 0.02694230127
16.06 0.02695841378
16.062 0.02697440485
16.064 0.02699027668
16.066 0.02700602163
16.068 0.02702164053
16.07 0.02703713511
16.072 0.02705250676
16.074 0.02706775581
16.076 0.02708288525
16.078 0.02709789696
16.08 0.02711279146
16.082 0.02712757088
16.084 0.02714223666
16.086 0.02715679046
16.088 0.02717123412
16.09 0.0271855693
16.092 0.02719979772
16.094 0.02721392039
16.096 0.02722793968
16.098 0.0272418577
16.1 0.02725567545
16.102 0.02726939476
16.104 0.02728301631
16.106 0.0272965429
16.108 0.02730997345
16.11 0.02732330857
16.112 0.02733655278
16.114 0.02734970769
16.116 0.02736277525
16.118 0.02737575812
16.12 0.02738865831
16.122 0.02740147745
16.124 0.02741421599
16.126 0.02742687658
16.128 0.02743946385
16.13 0.02745197976
16.132 0.02746443078
16.134 0.02747681989
16.136 0.02748913842
16.138 0.02750139297
16.14 0.02751359586
16.142 0.0275257489
16.144 0.0275378664
16.146 0.02754994201
16.148 0.02756198191
16.15 0.02757399925
16.152 0.02758599064
16.154 0.02759795753
16.156 0.02760990476
16.158 0.02762183491
16.16 0.02763375203
16.162 0.02764565999
16.164 0.02765756108
16.166 0.0276694567
16.168 0.02768134824
16.17 0.02769323752
16.172 0.02770512539
16.174 0.02771701354
16.176 0.02772890427
16.178 0.02774079929
16.18 0.02775269974
16.182 0.02776460741
16.184 0.02777652317
16.186 0.02778844879
16.188 0.02780038655
16.19 0.02781232681
16.192 0.02782428433
16.194 0.02783626762
16.196 0.02784827347
16.198 0.02786030193
16.2 0.02787235379
16.202 0.02788442976
16.204 0.02789653098
16.206 0.02790865756
16.208 0.02792081061
16.21 0.02793299263
16.212 0.02794520644
16.214 0.02795745347
16.216 0.02796973442
16.218 0.02798205056
16.22 0.02799440234
16.222 0.02800679035
16.224 0.02801921576
16.226 0.02803167973
16.228 0.02804418323
16.23 0.02805672819
16.232 0.02806931417
16.234 0.02808194163
16.236 0.02809461299
16.238 0.02810732316
16.24 0.0281200744
16.242 0.02813287126
16.244 0.02814571297
16.246 0.02815859986
16.248 0.02817153149
16.25 0.02818450666
16.252 0.02819752658
16.254 0.02821059302
16.256 0.02822370411
16.258 0.02823685984
16.26 0.02825006166
16.262 0.02826330931
16.264 0.02827660322
16.266 0.02828994288
16.268 0.02830333047
16.27 0.02831676632
16.272 0.02833024947
16.274 0.02834377714
16.276 0.02835735064
16.278 0.02837097765
16.28 0.02838466413
16.282 0.02839841053
16.284 0.02841221561
16.286 0.02842607873
16.288 0.02844000411
16.29 0.02845399174
16.292 0.02846803906
16.294 0.02848214449
16.296 0.02849630747
16.298 0.0285105258
16.3 0.02852479748
16.302 0.0285391209
16.304 0.02855349481
16.306 0.02856792093
16.308 0.02858239671
16.31 0.02859692051
16.312 0.0286114914
16.314 0.02862610777
16.316 0.0286407544
16.318 0.02865544271
16.32 0.02867017806
16.322 0.02868494878
16.324 0.02869974919
16.326 0.02871457627
16.328 0.02872943185
16.33 0.02874431
16.332 0.02875919951
16.334 0.02877410194
16.336 0.02878901955
16.338 0.0288039583
16.34 0.02881892206
16.342 0.02883391581
16.344 0.02884893975
16.346 0.02886399156
16.348 0.02887906203
16.35 0.02889416374
16.352 0.02890930354
16.354 0.0289244726
16.356 0.02893966646
16.358 0.02895486851
16.36 0.0289700702
16.362 0.02898527843
16.364 0.02900050258
16.366 0.02901572855
16.368 0.02903095022
16.37 0.02904618225
16.372 0.02906141174
16.374 0.02907663252
16.376 0.02909185096
16.378 0.02910706915
16.38 0.02912228419
16.382 0.02913749807
16.384 0.0291527082
16.386 0.02916791628
16.388 0.02918311837
16.39 0.02919831539
16.392 0.02921350554
16.394 0.02922869017
16.396 0.02924386727
16.398 0.02925903865
16.4 0.02927424699
16.402 0.02928950844
16.404 0.02930480519
16.406 0.0293201432
16.408 0.02933552199
16.41 0.02935094524
16.412 0.02936640474
16.414 0.02938189968
16.416 0.02939742776
16.418 0.02941299007
16.42 0.02942858604
16.422 0.02944421447
16.424 0.02945986557
16.426 0.02947553006
16.428 0.02949121237
16.43 0.02950691253
16.432 0.02952263143
16.434 0.02953836913
16.436 0.0295541264
16.438 0.02956990965
16.44 0.02958570639
16.442 0.02960153628
16.444 0.02961738488
16.446 0.02963325288
16.448 0.02964913085
16.45 0.02966501541
16.452 0.02968090945
16.454 0.02969680955
16.456 0.02971271533
16.458 0.02972862167
16.46 0.02974452623
16.462 0.02976042032
16.464 0.02977630197
16.466 0.0297921715
16.468 0.02980802526
16.47 0.02982386208
16.472 0.02983968574
16.474 0.0298555004
16.476 0.02987130321
16.478 0.02988709071
16.48 0.02990286226
16.482 0.02991861697
16.484 0.02993434988
16.486 0.02995006165
16.488 0.02996576122
16.49 0.0299814484
16.492 0.02999711182
16.494 0.03001274903
16.496 0.03002835948
16.498 0.03004394277
16.5 0.03005949862
16.502 0.0300750267
16.504 0.03009052677
16.506 0.03010599815
16.508 0.03012144036
16.51 0.03013685162
16.512 0.03015223028
16.514 0.03016757742
16.516 0.03018289355
16.518 0.0301981769
16.52 0.03021342587
16.522 0.03022863921
16.524 0.03024381612
16.526 0.03025895477
16.528 0.03027405203
16.53 0.03028910634
16.532 0.03030411629
16.534 0.03031908072
16.536 0.03033399808
16.538 0.03034886686
16.54 0.03036367617
16.542 0.03037843347
16.544 0.03039315616
16.546 0.03040783937
16.548 0.03042247508
16.55 0.03043706253
16.552 0.03045160208
16.554 0.03046609379
16.556 0.03048053665
16.558 0.03049493022
16.56 0.03050927343
16.562 0.03052356464
16.564 0.03053780349
16.566 0.03055199004
16.568 0.0305661232
16.57 0.03058020173
16.572 0.03059422435
16.574 0.03060818982
16.576 0.03062209853
16.578 0.03063594616
16.58 0.03064973079
16.582 0.0306634577
16.584 0.03067712718
16.586 0.03069073841
16.588 0.03070429577
16.59 0.03071780354
16.592 0.03073126197
16.594 0.0307446726
16.596 0.0307580364
16.598 0.03077135484
16.6 0.0307846319
16.602 0.03079787115
16.604 0.03081107292
16.606 0.03082423742
16.608 0.03083736677
16.61 0.03085046182
16.612 0.03086352334
16.614 0.03087655188
16.616 0.03088954728
16.618 0.03090251168
16.62 0.0309154471
16.622 0.03092835264
16.624 0.03094122881
16.626 0.03095407803
16.628 0.03096689997
16.63 0.03097969587
16.632 0.03099247037
16.634 0.03100522812
16.636 0.03101794215
16.638 0.03103061253
16.64 0.03104325265
16.642 0.0310558787
16.644 0.03106851077
16.646 0.03108114084
16.648 0.03109376128
16.65 0.03110636892
16.652 0.03111895666
16.654 0.03113153156
16.656 0.03114411217
16.658 0.03115668288
16.66 0.03116924683
16.662 0.03118180865
16.664 0.03119436334
16.666 0.03120691033
16.668 0.03121945113
16.67 0.03123198686
16.672 0.03124451583
16.674 0.03125703653
16.676 0.0312695475
16.678 0.03128204866
16.68 0.03129454297
16.682 0.0313070321
16.684 0.03131951708
16.686 0.03133196954
16.688 0.03134438257
16.69 0.03135678389
16.692 0.03136917274
16.694 0.03138154228
16.696 0.03139389426
16.698 0.03140623023
16.7 0.03141855521
16.702 0.03143089274
16.704 0.03144324656
16.706 0.03145561195
16.708 0.03146798923
16.71 0.03148038134
16.712 0.03149279061
16.714 0.03150521908
16.716 0.03151766855
16.718 0.03153014087
16.72 0.03154263801
16.722 0.03155516189
16.724 0.03156771468
16.726 0.03158029859
16.728 0.03159291552
16.73 0.0316055674
16.732 0.03161825783
16.734 0.03163098885
16.736 0.03164376127
16.738 0.0316565767
16.74 0.03166943701
16.742 0.03168234367
16.744 0.03169529828
16.746 0.0317083023
16.748 0.03172135734
16.75 0.03173446558
16.752 0.03174762866
16.754 0.03176084855
16.756 0.031774142
16.758 0.03178751182
16.76 0.0318008721
16.762 0.03181421021
16.764 0.03182758242
16.766 0.0318409898
16.768 0.03185442386
16.77 0.0318678861
16.772 0.03188137922
16.774 0.03189490639
16.776 0.03190845071
16.778 0.03192202004
16.78 0.03193561651
16.782 0.03194924922
16.784 0.03196292501
16.786 0.03197662562
16.788 0.03199035207
16.79 0.03200413413
16.792 0.03201797205
16.794 0.03203186284
16.796 0.03204580048
16.798 0.03205978973
16.8 0.03207383831
16.802 0.03208795305
16.804 0.03210213846
16.806 0.03211639824
16.808 0.03213073672
16.81 0.03214515739
16.812 0.03215966285
16.814 0.03217425599
16.816 0.03218893968
16.818 0.03220372162
16.82 0.03221860645
16.822 0.03223359513
16.824 0.03224868961
16.826 0.03226389098
16.828 0.03227920085
16.83 0.03229462114
16.832 0.03231015339
16.834 0.0323257992
16.836 0.03234156004
16.838 0.03235743728
16.84 0.03237343336
16.842 0.03238954906
16.844 0.03240578506
16.846 0.03242214305
16.848 0.03243862431
16.85 0.0324552312
16.852 0.03247196605
16.854 0.0324888304
16.856 0.03250582539
16.858 0.03252295214
16.86 0.03254021135
16.862 0.0325576036
16.864 0.03257512982
16.866 0.03259279157
16.868 0.03261059025
16.87 0.03262852665
16.872 0.03264660108
16.874 0.0326648135
16.876 0.03268316364
16.878 0.03270164546
16.88 0.03272025835
16.882 0.03273900378
16.884 0.03275788161
16.886 0.03277688966
16.888 0.03279602608
16.89 0.03281528808
16.892 0.0328346726
16.894 0.03285417687
16.896 0.03287379875
16.898 0.03289353409
16.9 0.03291337944
16.902 0.03293333312
16.904 0.0329533914
16.906 0.03297355179
16.908 0.03299381283
16.91 0.03301417221
16.912 0.03303462966
16.914 0.03305518271
16.916 0.03307582871
16.918 0.03309656632
16.92 0.03311739367
16.922 0.03313830691
16.924 0.03315930486
16.926 0.03318038522
16.928 0.03320154585
16.93 0.03322278557
16.932 0.03324410287
16.934 0.03326549487
16.936 0.03328696202
16.938 0.03330850678
16.94 0.03333012845
16.942 0.03335182499
16.944 0.03337359099
16.946 0.03339542294
16.948 0.03341731884
16.95 0.0334392751
16.952 0.03346128751
16.954 0.03348335287
16.956 0.03350546775
16.958 0.03352762925
16.96 0.033549835
16.962 0.03357208282
16.964 0.03359437027
16.966 0.03361669557
16.968 0.03363905675
16.97 0.03366145128
16.972 0.03368387654
16.974 0.03370633022
16.976 0.03372880989
16.978 0.03375131236
16.98 0.03377383463
16.982 0.03379637408
16.984 0.033818928
16.986 0.03384149394
16.988 0.03386406922
16.99 0.0338866606
16.992 0.033909265
16.994 0.03393187602
16.996 0.03395448873
16.998 0.03397710008
17 0.03399970749
17.002 0.03402230814
17.004 0.03404490121
17.006 0.03406748743
17.008 0.03409006758
17.01 0.03411264232
17.012 0.03413521325
17.014 0.03415778133
17.016 0.03418034775
17.018 0.03420291334
17.02 0.03422547877
17.022 0.03424804574
17.024 0.03427061543
17.026 0.03429318871
17.028 0.03431576673
17.03 0.03433835047
17.032 0.03436094086
17.034 0.03438353864
17.036 0.03440614443
17.038 0.03442875965
17.04 0.03445139466
17.042 0.03447405238
17.044 0.03449673011
17.046 0.0345194301
17.048 0.03454215263
17.05 0.03456489825
17.052 0.03458766747
17.054 0.03461046079
17.056 0.03463327799
17.058 0.03465611872
17.06 0.03467898282
17.062 0.03470186982
17.064 0.03472477932
17.066 0.03474771105
17.068 0.0347706649
17.07 0.03479363353
17.072 0.03481662691
17.074 0.03483964388
17.076 0.03486267967
17.078 0.03488573186
17.08 0.03490880013
17.082 0.03493185944
17.084 0.03495492136
17.086 0.03497799355
17.088 0.03500106569
17.09 0.03502413829
17.092 0.03504721289
17.094 0.0350703074
17.096 0.03509342366
17.098 0.03511655547
17.1 0.03513970996
17.102 0.03516288657
17.104 0.03518608549
17.106 0.03520930751
17.108 0.03523255344
17.11 0.0352558001
17.112 0.03527905281
17.114 0.03530231781
17.116 0.03532558979
17.118 0.03534886766
17.12 0.03537217332
17.122 0.0353955163
17.124 0.03541888404
17.126 0.03544227727
17.128 0.03546569627
17.13 0.03548914206
17.132 0.03551261493
17.134 0.03553611369
17.136 0.03555962705
17.138 0.03558314908
17.14 0.03560668213
17.142 0.03563016853
17.144 0.03565358215
17.146 0.03567695064
17.148 0.03570028041
17.15 0.03572357728
17.152 0.03574684642
17.154 0.03577009316
17.156 0.03579332175
17.158 0.03581653572
17.16 0.03583973869
17.162 0.03586294012
17.164 0.03588614657
17.166 0.03590935986
17.168 0.03593262889
17.17 0.03595597494
17.172 0.03597937744
17.174 0.03600283858
17.176 0.03602636117
17.178 0.03604994759
17.18 0.03607359956
17.182 0.03609731875
17.184 0.03612112019
17.186 0.03614500103
17.188 0.03616895241
17.19 0.03619297473
17.192 0.03621707488
17.194 0.03624126799
17.196 0.03626557145
17.198 0.03628998149
17.2 0.03631448736
17.202 0.03633908829
17.204 0.03636378453
17.206 0.03638857949
17.208 0.0364134661
17.21 0.03643844015
17.212 0.03646350457
17.214 0.03648865706
17.216 0.03651389567
17.218 0.03653921733
17.22 0.036564619
17.222 0.03659009762
17.224 0.03661564961
17.226 0.0366412717
17.228 0.0366669607
17.23 0.03669271374
17.232 0.03671852722
17.234 0.03674439761
17.236 0.03677032156
17.238 0.03679629584
17.24 0.03682230733
17.242 0.03684836668
17.244 0.03687447498
17.246 0.03690062214
17.248 0.0369268038
17.25 0.03695301779
17.252 0.03697926046
17.254 0.03700552854
17.256 0.03703181917
17.258 0.03705812998
17.26 0.03708445799
17.262 0.03711080043
17.264 0.03713715467
17.266 0.03716351726
17.268 0.03718988351
17.27 0.03721624774
17.272 0.03724260368
17.274 0.03726894543
17.276 0.03729526705
17.278 0.03732156308
17.28 0.03734782818
17.282 0.03737405753
17.284 0.03740024622
17.286 0.03742639867
17.288 0.03745251518
17.29 0.0374785871
17.292 0.03750460928
17.294 0.03753057667
17.296 0.03755648492
17.298 0.03758233043
17.3 0.03760810916
17.302 0.0376338172
17.304 0.03765945124
17.306 0.03768500789
17.308 0.03771048456
17.31 0.03773588036
17.312 0.03776119429
17.314 0.03778642471
17.316 0.03781157014
17.318 0.03783662863
17.32 0.03786159889
17.322 0.03788647984
17.324 0.03791126997
17.326 0.03793596791
17.328 0.03796057232
17.33 0.03798508196
17.332 0.03800949565
17.334 0.03803381202
17.336 0.03805803008
17.338 0.03808215038
17.34 0.03810617541
17.342 0.03813010561
17.344 0.0381539406
17.346 0.03817768141
17.348 0.03820132888
17.35 0.03822488455
17.352 0.03824834911
17.354 0.03827172345
17.356 0.03829500919
17.358 0.03831820729
17.36 0.03834131991
17.362 0.03836434881
17.364 0.03838729509
17.366 0.03841016065
17.368 0.03843294734
17.37 0.03845565716
17.372 0.03847829699
17.374 0.03850087226
17.376 0.0385233891
17.378 0.03854584463
17.38 0.03856823086
17.382 0.03859054973
17.384 0.03861280521
17.386 0.03863500506
17.388 0.03865715944
17.39 0.03867927496
17.392 0.03870135693
17.394 0.03872341204
17.396 0.03874544711
17.398 0.0387674652
17.4 0.03878947
17.402 0.03881146523
17.404 0.03883345387
17.406 0.03885543813
17.408 0.03887742152
17.41 0.0388993943
17.412 0.03892137414
17.414 0.0389433674
17.416 0.03896536816
17.418 0.03898737615
17.42 0.0390093931
17.422 0.0390314207
17.424 0.03905346081
17.426 0.03907551419
17.428 0.03909757978
17.43 0.0391196588
17.432 0.03914175316
17.434 0.03916386274
17.436 0.03918598521
17.438 0.0392081161
17.44 0.0392302525
17.442 0.03925239369
17.444 0.03927453283
17.446 0.03929667638
17.448 0.03931882634
17.45 0.0393409759
17.452 0.03936314143
17.454 0.03938533042
17.456 0.03940752775
17.458 0.03942974797
17.46 0.03945200017
17.462 0.03947428155
17.464 0.03949659235
17.466 0.03951893464
17.468 0.03954131004
17.47 0.03956372038
17.472 0.03958616525
17.474 0.03960864626
17.476 0.0396311661
17.478 0.03965372619
17.48 0.03967633117
17.482 0.03969897126
17.484 0.0397216604
17.486 0.03974440684
17.488 0.03976720418
17.49 0.03979005152
17.492 0.03981295113
17.494 0.03983590441
17.496 0.03985891216
17.498 0.03988197567
17.5 0.03990509645
17.502 0.03992827345
17.504 0.03995150833
17.506 0.03997480251
17.508 0.03999815374
17.51 0.04002156194
17.512 0.04004502633
17.514 0.04006854621
17.516 0.04009211894
17.518 0.04011574755
17.52 0.04013943185
17.522 0.04016316765
17.524 0.04018695282
17.526 0.04021078573
17.528 0.04023466445
17.53 0.04025858694
17.532 0.04028255151
17.534 0.04030655669
17.536 0.04033060117
17.538 0.04035468371
17.54 0.04037880012
17.542 0.04040294828
17.544 0.04042712803
17.546 0.04045133766
17.548 0.04047557552
17.55 0.04049983974
17.552 0.04052412005
17.554 0.04054842375
17.556 0.04057275643
17.558 0.04059711543
17.56 0.0406214997
17.562 0.04064590736
17.564 0.04067033732
17.566 0.04069478825
17.568 0.04071925976
17.57 0.04074375061
17.572 0.04076826033
17.574 0.0407927904
17.576 0.0408173422
17.578 0.04084191492
17.58 0.04086650618
17.582 0.04089111429
17.584 0.04091573527
17.586 0.04094036689
17.588 0.04096500829
17.59 0.04098965764
17.592 0.04101431338
17.594 0.04103897409
17.596 0.04106363788
17.598 0.04108830338
17.6 0.04111297743
17.602 0.04113764462
17.604 0.04116230796
17.606 0.04118696135
17.608 0.04121160478
17.61 0.04123624602
17.612 0.04126088785
17.614 0.04128553061
17.616 0.04131017581
17.618 0.04133482504
17.62 0.04135949037
17.622 0.04138415995
17.624 0.04140883084
17.626 0.04143351061
17.628 0.04145820936
17.63 0.04148291482
17.632 0.04150762439
17.634 0.04153234135
17.636 0.04155706613
17.638 0.04158179884
17.64 0.0416065387
17.642 0.04163128817
17.644 0.04165604793
17.646 0.04168082487
17.648 0.04170560922
17.65 0.04173040733
17.652 0.04175521174
17.654 0.04178002811
17.656 0.04180484824
17.658 0.0418296639
17.66 0.04185448577
17.662 0.04187930368
17.664 0.04190412046
17.666 0.04192892885
17.668 0.04195372576
17.67 0.04197852349
17.672 0.04200330954
17.674 0.04202807926
17.676 0.042052842
17.678 0.04207760026
17.68 0.04210235206
17.682 0.04212710522
17.684 0.04215184541
17.686 0.04217657726
17.688 0.04220129351
17.69 0.0422259918
17.692 0.0422506852
17.694 0.04227536298
17.696 0.04230002136
17.698 0.04232467413
17.7 0.0423493082
17.702 0.04237391942
17.704 0.0423985218
17.706 0.04242310133
17.708 0.04244765313
17.71 0.04247219195
17.712 0.04249670568
17.714 0.04252119001
17.716 0.04254565939
17.718 0.04257010116
17.72 0.04259451249
17.722 0.042618907
17.724 0.04264327108
17.726 0.04266760121
17.728 0.04269191134
17.73 0.04271618838
17.732 0.04274042773
17.734 0.04276464301
17.736 0.04278882121
17.738 0.0428129575
17.74 0.04283705729
17.742 0.04286112923
17.744 0.0428851606
17.746 0.04290914686
17.748 0.0429330997
17.75 0.04295700722
17.752 0.04298086479
17.754 0.04300468514
17.756 0.04302845497
17.758 0.04305216901
17.76 0.04307583198
17.762 0.04309945181
17.764 0.04312301527
17.766 0.04314651753
17.768 0.04316997019
17.77 0.04319336087
17.772 0.04321668491
17.774 0.04323994719
17.776 0.04326315601
17.778 0.04328629661
17.78 0.0433093646
17.782 0.04333236612
17.784 0.04335530844
17.786 0.04337817547
17.788 0.04340096353
17.79 0.04342367774
17.792 0.04344632685
17.794 0.04346889644
17.796 0.04349138472
17.798 0.04351379837
17.8 0.04353614556
17.802 0.04355841273
17.804 0.04358059781
17.806 0.04360270674
17.808 0.04362475023
17.81 0.0436467141
17.812 0.04366859467
17.814 0.0436903984
17.816 0.04371213479
17.818 0.04373379018
17.82 0.04375536291
17.822 0.04377685796
17.824 0.04379828354
17.826 0.04381962638
17.828 0.04384088368
17.83 0.04386206115
17.832 0.04388316974
17.834 0.04390419532
17.836 0.04392513279
17.838 0.0439459877
17.84 0.04396677039
17.842 0.04398746939
17.844 0.04400808157
17.846 0.0440286118
17.848 0.04404907043
17.85 0.04406944491
17.852 0.0440897343
17.854 0.0441099448
17.856 0.04413008388
17.858 0.04415014037
17.86 0.04417011471
17.862 0.04419001996
17.864 0.04420984384
17.866 0.04422959161
17.868 0.04424925905
17.87 0.04426884389
17.872 0.04428835041
17.874 0.0443077854
17.876 0.04432713702
17.878 0.04434640625
17.88 0.04436559751
17.882 0.0443847197
17.884 0.04440376268
17.886 0.04442272407
17.888 0.04444160901
17.89 0.04446042859
17.892 0.04447917226
17.894 0.04449784471
17.896 0.04451643778
17.898 0.04453495067
17.9 0.04455339584
17.902 0.04457173574
17.904 0.04458997994
17.906 0.04460817144
17.908 0.04462629449
17.91 0.04464432729
17.912 0.04466227828
17.914 0.04468015715
17.916 0.04469796531
17.918 0.04471570875
17.92 0.04473338052
17.922 0.04475097955
17.924 0.04477674869
17.926 0.04481473225
17.928 0.04486179004
17.93 0.04491495639
17.932 0.04497184142
17.934 0.0450303353
17.936 0.04508864659
17.938 0.04514518264
17.94 0.04519864945
17.942 0.04524804511
17.944 0.04529254888
17.946 0.04533153581
17.948 0.04536459231
17.95 0.04539151378
17.952 0.04541226153
17.954 0.04542695514
17.956 0.04543585336
17.958 0.04543929907
17.96 0.04543774855
17.962 0.04543174527
17.964 0.04542187258
17.966 0.04540875367
17.968 0.0453930369
17.97 0.0453753372
17.972 0.04535627248
17.974 0.04533644427
17.976 0.04531641746
17.978 0.04529671249
17.98 0.04527781859
17.982 0.04526013475
17.984 0.04524401507
17.986 0.04522978199
17.988 0.04521768726
17.99 0.04520791908
17.992 0.04520061277
17.994 0.04519585056
17.996 0.04519366647
17.998 0.04519404929
18 0.0451969471
18.002 0.04520228996
18.004 0.0452099425
18.006 0.04521976909
18.008 0.04523160357
18.01 0.04524526639
18.012 0.04526059264
18.014 0.04527739046
18.016 0.04529545012
18.018 0.04531458688
18.02 0.0453346389
18.022 0.04535542328
18.024 0.04537678324
18.026 0.04539857285
18.028 0.04542065222
18.03 0.0454429002
18.032 0.04546520519
18.034 0.04548748015
18.036 0.04550965405
18.038 0.0455316649
18.04 0.04555356044
18.042 0.04557521518
18.044 0.04559670833
18.046 0.04561799317
18.048 0.0456390979
18.05 0.04566000482
18.052 0.0456807309
18.054 0.04570130284
18.056 0.04572175598
18.058 0.04574210848
18.06 0.04576240708
18.062 0.04578269322
18.064 0.04580299413
18.066 0.04582335915
18.068 0.04584383255
18.07 0.04586444111
18.072 0.04588523341
18.074 0.04590624878
18.076 0.04592751566
18.078 0.04594906218
18.08 0.04597091501
18.082 0.04599309002
18.084 0.04601561838
18.086 0.0460385194
18.088 0.04606180279
18.09 0.0460854781
18.092 0.04610955493
18.094 0.04613403398
18.096 0.04615892056
18.098 0.04618422868
18.1 0.04620995572
18.102 0.04623608704
18.104 0.04626262292
18.106 0.04628957061
18.108 0.04631692266
18.11 0.04634468609
18.112 0.04637287797
18.114 0.04640148061
18.116 0.04643048963
18.118 0.04645990352
18.12 0.04648970801
18.122 0.04651989296
18.124 0.04655044348
18.126 0.04658135849
18.128 0.04661263089
18.13 0.04664424625
18.132 0.04667619442
18.134 0.04670846768
18.136 0.04674105454
18.138 0.04677393835
18.14 0.04680712115
18.142 0.04684059405
18.144 0.04687434242
18.146 0.04690834846
18.148 0.0469426119
18.15 0.04697712572
18.152 0.04701186718
18.154 0.04704683387
18.156 0.04708201866
18.158 0.0471173976
18.16 0.04715296148
18.162 0.04718871186
18.164 0.04722463301
18.166 0.04726069927
18.168 0.04729690685
18.17 0.04733324502
18.172 0.04736968781
18.174 0.04740623279
18.176 0.04744286947
18.178 0.04747957262
18.18 0.04751633974
18.182 0.04755315502
18.184 0.04759001409
18.186 0.04762690089
18.188 0.04766379333
18.19 0.04770069392
18.192 0.04773758534
18.194 0.04777446292
18.196 0.04781131915
18.198 0.04784813732
18.2 0.04788490505
18.202 0.0479216141
18.204 0.04795825642
18.206 0.0479948221
18.208 0.04803130212
18.21 0.04806768944
18.212 0.04810396704
18.214 0.04814013672
18.216 0.0481761946
18.218 0.04821212919
18.22 0.04824793092
18.222 0.04828359167
18.224 0.0483191046
18.226 0.04835446544
18.228 0.04838966074
18.23 0.04842467346
18.232 0.04845950699
18.234 0.04849414864
18.236 0.04852859822
18.238 0.04856282434
18.24 0.04859680737
18.242 0.04863054329
18.244 0.04866401757
18.246 0.04869721939
18.248 0.04873013051
18.25 0.04876275484
18.252 0.04879507774
18.254 0.04882709453
18.256 0.0488587936
18.258 0.04889015162
18.26 0.04892117216
18.262 0.04895184092
18.264 0.0489821453
18.266 0.0490120876
18.268 0.04904165087
18.27 0.04907081282
18.272 0.04909957837
18.274 0.04912793164
18.276 0.04915586911
18.278 0.04918338169
18.28 0.04921045643
18.282 0.04923707649
18.284 0.04926324407
18.286 0.04928894399
18.288 0.04931416583
18.29 0.04933891159
18.292 0.04936316354
18.294 0.04938691922
18.296 0.04941017577
18.298 0.04943291194
18.3 0.04945510652
18.302 0.04947675919
18.304 0.04949787523
18.306 0.04951843831
18.308 0.04953843839
18.31 0.04955787223
18.312 0.04957674344
18.314 0.04959503555
18.316 0.04961274685
18.318 0.04962987454
18.32 0.04964640195
18.322 0.04966233322
18.324 0.04967765972
18.326 0.04969237523
18.328 0.04970647812
18.33 0.04971997373
18.332 0.04973285457
18.334 0.04974511231
18.336 0.04975674411
18.338 0.04976775937
18.34 0.04977815537
18.342 0.04978791971
18.344 0.04979705164
18.346 0.04980556202
18.348 0.04981344638
18.35 0.04982068901
18.352 0.04982730134
18.354 0.04983328589
18.356 0.04983863622
18.358 0.04984334444
18.36 0.04984742321
18.362 0.04985087358
18.364 0.04985368316
18.366 0.04985586479
18.368 0.04985741406
18.37 0.04985833707
18.372 0.04985862887
18.374 0.0498582979
18.376 0.04985734801
18.378 0.04985576792
18.38 0.0498535707
18.382 0.04985076479
18.384 0.04984733847
18.386 0.04984329555
18.388 0.04983865503
18.39 0.04983341187
18.392 0.04982756879
18.394 0.04982114312
18.396 0.04981413745
18.398 0.04980654438
18.4 0.04979838126
18.402 0.04978965397
18.404 0.04978035656
18.406 0.04977050845
18.408 0.04976011033
18.41 0.04974916481
18.412 0.04973769213
18.414 0.0497256905
18.416 0.04971316245
18.418 0.04970012865
18.42 0.04968658763
18.422 0.049672544
18.424 0.04965801619
18.426 0.04964301509
18.428 0.04962753795
18.43 0.04961160125
18.432 0.049595207
18.434 0.04957836918
18.436 0.04956109189
18.438 0.04954338182
18.44 0.04952525725
18.442 0.0495067255
18.444 0.04948778388
18.446 0.0494684507
18.448 0.04944873186
18.45 0.04942864476
18.452 0.04940819987
18.454 0.04938740112
18.456 0.04936625769
18.458 0.04934477606
18.46 0.04932297799
18.462 0.0493008679
18.464 0.04927843201
18.466 0.04925569902
18.468 0.04923267681
18.47 0.04920938245
18.472 0.04918582244
18.474 0.04916199393
18.476 0.04913792986
18.478 0.04911363451
18.48 0.04908910856
18.482 0.04906438648
18.484 0.04903946873
18.486 0.04901435558
18.488 0.04898908466
18.49 0.04896365663
18.492 0.04893808929
18.494 0.0489123918
18.496 0.04888656331
18.498 0.04886063609
18.5 0.04883461407
18.502 0.04880849871
18.504 0.04878232364
18.506 0.04875609213
18.508 0.0487298062
18.51 0.04870350008
18.512 0.04867717389
18.514 0.04865082808
18.516 0.04862449812
18.518 0.04859818464
18.52 0.0485719051
18.522 0.04854566707
18.524 0.04851951096
18.526 0.0484934518
18.528 0.04846745319
18.53 0.04844154336
18.532 0.04841575663
18.534 0.0483900967
18.536 0.04836457105
18.538 0.04833915589
18.54 0.04831387517
18.542 0.04828876948
18.544 0.0482638393
18.546 0.04823910024
18.548 0.04821452686
18.55 0.04819016397
18.552 0.04816603698
18.554 0.04814213538
18.556 0.04811844152
18.558 0.04809498066
18.56 0.04807178881
18.562 0.04804886916
18.564 0.04802622656
18.566 0.04800383538
18.568 0.04798171842
18.57 0.04795991294
18.572 0.04793842212
18.574 0.04791724309
18.576 0.04789635643
18.578 0.04787581157
18.58 0.04785562602
18.582 0.04783578555
18.584 0.04781626935
18.586 0.04779709864
18.588 0.04777830637
18.59 0.04775988648
18.592 0.04774184952
18.594 0.04772420032
18.596 0.04770690788
18.598 0.04768999085
18.6 0.04767348446
18.602 0.04765738349
18.604 0.04764169821
18.606 0.04762639572
18.608 0.0476114911
18.61 0.04759701364
18.612 0.04758295115
18.614 0.04756931332
18.616 0.04755610183
18.618 0.0475431888
18.62 0.04753069907
18.622 0.04751856803
18.624 0.04750681014
18.626 0.0474954172
18.628 0.04748442269
18.63 0.04747378058
18.632 0.047463517
18.634 0.04745364408
18.636 0.04744416577
18.638 0.04743508162
18.64 0.04742638585
18.642 0.04741807379
18.644 0.04741014407
18.646 0.04740260215
18.648 0.04739543574
18.65 0.04738864159
18.652 0.04738223093
18.654 0.04737619051
18.656 0.04737051374
18.658 0.04736520207
18.66 0.04736025234
18.662 0.04735565796
18.664 0.04735141477
18.666 0.04734751736
18.668 0.04734396163
18.67 0.04734075155
18.672 0.04733787662
18.674 0.04733531324
18.676 0.04733306458
18.678 0.04733111839
18.68 0.0473294632
18.682 0.0473280943
18.684 0.04732700354
18.686 0.0473261803
18.688 0.04732561451
18.69 0.04732529534
18.692 0.04732521297
18.694 0.04732536405
18.696 0.04732573463
18.698 0.04732630083
18.7 0.0473270611
18.702 0.0473280088
18.704 0.04732912988
18.706 0.04733041436
18.708 0.04733185094
18.71 0.04733342934
18.712 0.04733514002
18.714 0.04733697148
18.716 0.04733891171
18.718 0.04734092047
18.72 0.04734299383
18.722 0.04734512669
18.724 0.04734730869
18.726 0.04734952091
18.728 0.04735176314
18.73 0.04735402727
18.732 0.04735629919
18.734 0.04735856625
18.736 0.04736082366
18.738 0.04736306313
18.74 0.04736527512
18.742 0.04736744657
18.744 0.04736957671
18.746 0.04737165214
18.748 0.0473736492
18.75 0.04737557034
18.752 0.04737740796
18.754 0.04737914834
18.756 0.04738078243
18.758 0.04738230217
18.76 0.04738369844
18.762 0.04738496503
18.764 0.04738609532
18.766 0.04738708072
18.768 0.04738791415
18.77 0.04738857849
18.772 0.04738906751
18.774 0.04738938059
18.776 0.04738951827
18.778 0.04738946262
18.78 0.04738920374
18.782 0.04738874656
18.784 0.04738808226
18.786 0.04738719828
18.788 0.04738608049
18.79 0.04738473191
18.792 0.0473831488
18.794 0.04738132181
18.796 0.04737924291
18.798 0.04737690716
18.8 0.04737430986
18.802 0.04737144521
18.804 0.04736830855
18.806 0.04736489509
18.808 0.04736119957
18.81 0.04735721581
18.812 0.04735293848
18.814 0.04734836309
18.816 0.04734347086
18.818 0.04733826224
18.82 0.04733275032
18.822 0.04732692797
18.824 0.04732078621
18.826 0.04731432279
18.828 0.04730753703
18.83 0.04730042775
18.832 0.04729299108
18.834 0.04728522615
18.836 0.04727713265
18.838 0.04726870979
18.84 0.04725995879
18.842 0.04725088033
18.844 0.04724147298
18.846 0.04723173549
18.848 0.0472216669
18.85 0.04721118807
18.852 0.04720036782
18.854 0.0471891554
18.856 0.04717753981
18.858 0.04716554614
18.86 0.04715318206
18.862 0.04714044842
18.864 0.04712733493
18.866 0.04711384491
18.868 0.04709998342
18.87 0.04708574828
18.872 0.04707114144
18.874 0.04705616441
18.876 0.0470408212
18.878 0.04702511467
18.88 0.0470090475
18.882 0.046992628
18.884 0.04697586279
18.886 0.04695874608
18.888 0.04694128968
18.89 0.04692349826
18.892 0.0469053683
18.894 0.04688689531
18.896 0.04686809343
18.898 0.04684896563
18.9 0.04682950138
18.902 0.04680971164
18.904 0.04678960149
18.906 0.04676916545
18.908 0.04674840713
18.91 0.04672732278
18.912 0.04670591368
18.914 0.04668418703
18.916 0.04666214621
18.918 0.04663979319
18.92 0.04661713056
18.922 0.04659416089
18.924 0.04657088666
18.926 0.04654731021
18.928 0.04652343385
18.93 0.04649926131
18.932 0.04647479393
18.934 0.0464500328
18.936 0.04642498876
18.938 0.04639965817
18.94 0.04637403555
18.942 0.0463481145
18.944 0.04632189996
18.946 0.04629540646
18.948 0.04626863287
18.95 0.04624157717
18.952 0.04621423741
18.954 0.04618662481
18.956 0.04615874387
18.958 0.0461305943
18.96 0.04610218066
18.962 0.04607350476
18.964 0.04604456697
18.966 0.0460153697
18.968 0.0459859161
18.97 0.04595620902
18.972 0.04592625056
18.974 0.0458960437
18.976 0.04586559149
18.978 0.04583489704
18.98 0.045803963
18.982 0.04577279374
18.984 0.04574139147
18.986 0.04570976063
18.988 0.04567790478
18.99 0.04564582614
18.992 0.04561352849
18.994 0.04558101551
18.996 0.04554829097
18.998 0.04551536001
19 0.04548222388
19.002 0.045448886
19.004 0.04541535125
19.006 0.04538162248
19.008 0.04534770159
19.01 0.04531359286
19.012 0.04527930034
19.014 0.04524481918
19.016 0.04521015494
19.018 0.04517531978
19.02 0.04514032169
19.022 0.04510517337
19.024 0.04506993672
19.026 0.0450345867
19.028 0.04499910777
19.03 0.04496350214
19.032 0.0449277584
19.034 0.04489187857
19.036 0.04485586784
19.038 0.04481972799
19.04 0.04478346144
19.042 0.04474706986
19.044 0.04471055879
19.046 0.04467393404
19.048 0.0446372013
19.05 0.04460036552
19.052 0.04456343036
19.054 0.04452640049
19.056 0.04448928013
19.058 0.04445207358
19.06 0.04441478515
19.062 0.04437741901
19.064 0.04433997983
19.066 0.04430247232
19.068 0.04426490116
19.07 0.0442272701
19.072 0.04418957802
19.074 0.04415183351
19.076 0.04411404686
19.078 0.04407622403
19.08 0.04403837206
19.082 0.04400049757
19.084 0.04396260592
19.086 0.04392470346
19.088 0.04388679674
19.09 0.04384889247
19.092 0.04381099736
19.094 0.04377311813
19.096 0.04373526146
19.098 0.04369743428
19.1 0.04365964358
19.102 0.0436218942
19.104 0.04358419907
19.106 0.04354657434
19.108 0.04350903878
19.11 0.04347159104
19.112 0.04343425481
19.114 0.04339702697
19.116 0.04335991322
19.118 0.04332290805
19.12 0.04328601711
19.122 0.04324924613
19.124 0.04321259948
19.126 0.04317608191
19.128 0.04313969857
19.13 0.04310345469
19.132 0.04306735526
19.134 0.04303140507
19.136 0.0429956088
19.138 0.04295997771
19.14 0.04292451402
19.142 0.04288921678
19.144 0.04285408966
19.146 0.04281913254
19.148 0.04278435817
19.15 0.04274975764
19.152 0.04271533929
19.154 0.04268110929
19.156 0.04264706629
19.158 0.04261321276
19.16 0.04257955004
19.162 0.04254607889
19.164 0.04251280087
19.166 0.04247971295
19.168 0.0424468171
19.17 0.04241411497
19.172 0.0423816047
19.174 0.04234928671
19.176 0.04231716041
19.178 0.04228522515
19.18 0.04225348081
19.182 0.04222192721
19.184 0.04219056403
19.186 0.04215939132
19.188 0.04212840935
19.19 0.04209761905
19.192 0.04206702194
19.194 0.04203661939
19.196 0.04200641293
19.198 0.04197640359
19.2 0.04194659171
19.202 0.04191694694
19.204 0.04188746296
19.206 0.04185815792
19.208 0.0418290288
19.21 0.04180006924
19.212 0.04177127159
19.214 0.04174265938
19.216 0.04171424943
19.218 0.04168604029
19.22 0.04165801821
19.222 0.04163017775
19.224 0.04160252091
19.226 0.04157504565
19.228 0.04154774812
19.23 0.04152062497
19.232 0.04149367259
19.234 0.04146688769
19.236 0.0414402652
19.238 0.04141380043
19.24 0.04138748969
19.242 0.04136134237
19.244 0.04133534762
19.246 0.0413094879
19.248 0.04128376683
19.25 0.04125818285
19.252 0.04123272777
19.254 0.04120739525
19.256 0.04118217897
19.258 0.04115707324
19.26 0.04113207227
19.262 0.04110717007
19.264 0.04108236115
19.266 0.04105763976
19.268 0.04103299961
19.27 0.04100843242
19.272 0.0409839304
19.274 0.04095948811
19.276 0.04093510016
19.278 0.04091076021
19.28 0.04088645897
19.282 0.04086218776
19.284 0.04083794054
19.286 0.04081371193
19.288 0.0407894959
19.29 0.04076528573
19.292 0.04074107427
19.294 0.04071685292
19.296 0.04069262291
19.298 0.04066837049
19.3 0.04064408596
19.302 0.04061976705
19.304 0.04059540708
19.306 0.04057099873
19.308 0.04054653533
19.31 0.04052200996
19.312 0.04049741585
19.314 0.04047274681
19.316 0.04044800442
19.318 0.0404231741
19.32 0.04039824604
19.322 0.04037321797
19.324 0.04034808398
19.326 0.04032283716
19.328 0.04029747131
19.33 0.04027197956
19.332 0.04024635582
19.334 0.04022059423
19.336 0.04019468845
19.338 0.04016863259
19.34 0.04014242037
19.342 0.04011604565
19.344 0.04008950799
19.346 0.04006281253
19.348 0.04003594367
19.35 0.04000890064
19.352 0.03998167584
19.354 0.0399542604
19.356 0.03992665989
19.358 0.03989886211
19.36 0.0398708655
19.362 0.03984268022
19.364 0.03981428775
19.366 0.03978568514
19.368 0.03975686977
19.37 0.03972784103
19.372 0.03969859145
19.374 0.03966912226
19.376 0.03963943109
19.378 0.03960952037
19.38 0.03957939895
19.382 0.03954906651
19.384 0.03951851365
19.386 0.03948774073
19.388 0.03945673636
19.39 0.03942549272
19.392 0.03939399729
19.394 0.03936218131
19.396 0.03933003796
19.398 0.03929757073
19.4 0.0392647861
19.402 0.03923166846
19.404 0.03919821818
19.406 0.03916444041
19.408 0.03913033857
19.41 0.03909589672
19.412 0.03906110937
19.414 0.03902598502
19.416 0.03899051033
19.418 0.0389546905
19.42 0.03891853387
19.422 0.03888202759
19.424 0.03884517643
19.426 0.03880797616
19.428 0.03877042494
19.43 0.03873254439
19.432 0.03869432691
19.434 0.0386557677
19.436 0.0386168683
19.438 0.03857763943
19.44 0.0385380774
19.442 0.03849818585
19.444 0.03845796083
19.446 0.03841740746
19.448 0.03837652216
19.45 0.03833531025
19.452 0.03829376776
19.454 0.03825190015
19.456 0.03820970341
19.458 0.03816718285
19.46 0.03812433501
19.462 0.03808116595
19.464 0.03803767155
19.466 0.03799385674
19.468 0.03794971755
19.47 0.03790525912
19.472 0.03786048329
19.474 0.03781537944
19.476 0.03776995599
19.478 0.03772421512
19.48 0.03767815359
19.482 0.03763177244
19.484 0.03758507702
19.486 0.03753805346
19.488 0.03749071353
19.49 0.03744305564
19.492 0.03739507943
19.494 0.03734677337
19.496 0.03729814986
19.498 0.0372492078
19.5 0.03719994939
19.502 0.03715036285
19.504 0.03710045259
19.506 0.03705023188
19.508 0.03699969463
19.51 0.03694883563
19.512 0.03689765659
19.514 0.03684616448
19.516 0.03679435916
19.518 0.03674224667
19.52 0.03668982439
19.522 0.03663709049
19.524 0.03658404873
19.526 0.0365306923
19.528 0.03647702488
19.53 0.03642304525
19.532 0.03636876101
19.534 0.03631417164
19.536 0.0362592759
19.538 0.03620407628
19.54 0.03614857415
19.542 0.03609277117
19.544 0.03603667196
19.546 0.03598025281
19.548 0.03592352862
19.55 0.03586650474
19.552 0.03580919021
19.554 0.03575158401
19.556 0.03569367749
19.558 0.03563548506
19.56 0.03557701003
19.562 0.03551826534
19.564 0.03545924839
19.566 0.03539995556
19.568 0.03534040296
19.57 0.0352805941
19.572 0.03522054278
19.574 0.03516024719
19.576 0.03509970461
19.578 0.03503893157
19.58 0.03497793153
19.582 0.03491671829
19.584 0.03485529089
19.586 0.03479364864
19.588 0.03473181025
19.59 0.03466978138
19.592 0.03460756511
19.594 0.03454518121
19.596 0.03448263027
19.598 0.03441991171
19.6 0.03435704406
19.602 0.03429403281
19.604 0.03423088147
19.606 0.034167598
19.608 0.03410422226
19.61 0.03404074414
19.612 0.03397716543
19.614 0.03391351526
19.616 0.03384980193
19.618 0.03378602938
19.62 0.03372220062
19.622 0.03365832262
19.624 0.0335944028
19.626 0.03353044839
19.628 0.03346646713
19.63 0.03340246611
19.632 0.03333845266
19.634 0.03327443385
19.636 0.0332104167
19.638 0.03314640819
19.64 0.03308241506
19.642 0.03301844614
19.644 0.03295451093
19.646 0.03289061711
19.648 0.03282677236
19.65 0.03276298426
19.652 0.03269926123
19.654 0.03263561094
19.656 0.03257204057
19.658 0.03250855757
19.66 0.03244516806
19.662 0.03238187807
19.664 0.03231869396
19.666 0.03225562121
19.668 0.03219266562
19.67 0.03212983491
19.672 0.0320671325
19.674 0.03200456288
19.676 0.03194213209
19.678 0.03187984458
19.68 0.03181770455
19.682 0.03175571597
19.684 0.03169388312
19.686 0.03163220984
19.688 0.03157070004
19.69 0.03150935732
19.692 0.03144818535
19.694 0.03138718744
19.696 0.03132636428
19.698 0.03126572974
19.7 0.03120528726
19.702 0.03114503393
19.704 0.031084972
19.706 0.03102510366
19.708 0.03096543037
19.71 0.03090595376
19.712 0.03084667534
19.714 0.03078759636
19.716 0.03072872393
19.718 0.03067005904
19.72 0.03061160003
19.722 0.03055334887
19.724 0.03049530585
19.726 0.03043747254
19.728 0.03037984842
19.73 0.03032243297
19.732 0.03026522539
19.734 0.03020822517
19.736 0.03015143116
19.738 0.0300948423
19.74 0.03003845763
19.742 0.02998227592
19.744 0.02992629743
19.746 0.0298705192
19.748 0.02981493885
19.75 0.02975955274
19.752 0.02970435674
19.754 0.02964934907
19.756 0.02959452435
19.758 0.02953987802
19.76 0.02948540688
19.762 0.02943110826
19.764 0.0293769814
19.766 0.02932302169
19.768 0.02926922542
19.77 0.02921558975
19.772 0.02916211119
19.774 0.02910878808
19.776 0.02905561476
19.778 0.02900258734
19.78 0.02894970314
19.782 0.02889695754
19.784 0.02884434672
19.786 0.02879186715
19.788 0.0287395071
19.79 0.02868726408
19.792 0.0286351349
19.794 0.02858311317
19.796 0.02853119682
19.798 0.02847938126
19.8 0.02842766271
19.802 0.02837603722
19.804 0.02832450038
19.806 0.02827304806
19.808 0.02822167556
19.81 0.02817037859
19.812 0.02811915233
19.814 0.02806799232
19.816 0.02801689313
19.818 0.02796585119
19.82 0.02791486208
19.822 0.02786392005
19.824 0.0278130204
19.826 0.02776215821
19.828 0.02771132825
19.83 0.02766052326
19.832 0.0276097385
19.834 0.0275589697
19.836 0.02750821164
19.838 0.02745745871
19.84 0.02740670432
19.842 0.02735594484
19.844 0.02730517645
19.846 0.0272543927
19.848 0.0272035893
19.85 0.02715276196
19.852 0.02710190354
19.854 0.02705100854
19.856 0.02700007342
19.858 0.02694909292
19.86 0.02689805988
19.862 0.0268469691
19.864 0.02679581757
19.866 0.02674460005
19.868 0.02669330918
19.87 0.02664193975
19.872 0.02659048875
19.874 0.02653895102
19.876 0.02648731931
19.878 0.02643558865
19.88 0.0263837545
19.882 0.02633181179
19.884 0.02627975441
19.886 0.02622757871
19.888 0.02617528007
19.89 0.02612285162
19.892 0.02607028854
19.894 0.02601758679
19.896 0.02596474059
19.898 0.02591174507
19.9 0.02585859609
19.902 0.02580528017
19.904 0.02575179745
19.906 0.02569814857
19.908 0.02564432653
19.91 0.0255903267
19.912 0.02553614611
19.914 0.02548178073
19.916 0.02542722685
19.918 0.02537248202
19.92 0.02531754293
19.922 0.02526240595
19.924 0.02520706786
19.926 0.02515151706
19.928 0.02509575677
19.93 0.02503979998
19.932 0.02498365037
19.934 0.02492730464
19.936 0.024870757
19.938 0.02481400628
19.94 0.02475705193
19.942 0.02469989308
19.944 0.02464252893
19.946 0.0245849559
19.948 0.02452717491
19.95 0.02446918623
19.952 0.02441098714
19.954 0.02435257757
19.956 0.02429395714
19.958 0.02423512491
19.96 0.02417608043
19.962 0.02411682328
19.964 0.02405736286
19.966 0.02399769916
19.968 0.0239378288
19.97 0.02387774848
19.972 0.02381745205
19.974 0.02375693824
19.976 0.02369620667
19.978 0.02363525606
19.98 0.02357408514
19.982 0.02351269514
19.984 0.02345108239
19.986 0.02338924024
19.988 0.02332717596
19.99 0.02326489535
19.992 0.02320239361
19.994 0.02313966408
19.996 0.02307671256
19.998 0.02301354514
20 0.02295014692
20.002 0.02288652576
20.004 0.02282268718
20.006 0.02275861634
20.008 0.02269432113
20.01 0.02262980005
20.012 0.02256505487
20.014 0.02250008406
20.016 0.02243488913
20.018 0.02236947036
20.02 0.02230382731
20.022 0.02223795945
20.024 0.02217186718
20.026 0.02210555051
20.028 0.02203900962
20.03 0.02197224322
20.032 0.02190525109
20.034 0.02183803281
20.036 0.02177058748
20.038 0.02170291381
20.04 0.02163500405
20.042 0.02156686939
20.044 0.02149849426
20.046 0.02142987343
20.048 0.02136102162
20.05 0.02129193003
20.052 0.0212225921
20.054 0.02115301486
20.056 0.02108319799
20.058 0.02101314197
20.06 0.02094285489
20.062 0.02087233177
20.064 0.02080156764
20.066 0.0207305705
20.068 0.02065934204
20.07 0.02058788698
20.072 0.02051620865
20.074 0.02044430961
20.076 0.02037219284
20.078 0.02029986171
20.08 0.02022732066
20.082 0.02015457412
20.084 0.02008162525
20.086 0.02000847882
20.088 0.01993513655
20.09 0.01986160109
20.092 0.01978787731
20.094 0.01971396965
20.096 0.01963988324
20.098 0.01956562086
20.1 0.01949118701
20.102 0.01941658582
20.104 0.01934181973
20.106 0.01926689202
20.108 0.01919180508
20.11 0.01911656104
20.112 0.0190411627
20.114 0.01896561347
20.116 0.01888991665
20.118 0.01881407567
20.12 0.01873809391
20.122 0.01866197414
20.124 0.01858572086
20.126 0.01850933499
20.128 0.01843281676
20.13 0.01835617074
20.132 0.01827938639
20.134 0.0182024699
20.136 0.01812543202
20.138 0.01804827169
20.14 0.01797099243
20.142 0.01789359813
20.144 0.01781609304
20.146 0.01773848136
20.148 0.01766077792
20.15 0.01758298823
20.152 0.01750511283
20.154 0.01742715706
20.156 0.01734911803
20.158 0.01727099826
20.16 0.01719282043
20.162 0.01711459327
20.164 0.01703631485
20.166 0.01695798732
20.168 0.01687961557
20.17 0.01680120479
20.172 0.01672275968
20.174 0.01664428206
20.176 0.01656577204
20.178 0.01648723037
20.18 0.01640865936
20.182 0.01633006016
20.184 0.01625142858
20.186 0.01617276479
20.188 0.01609407194
20.19 0.01601535175
20.192 0.01593660701
20.194 0.01585784011
20.196 0.01577905319
20.198 0.0157002492
20.2 0.01562143242
20.202 0.01554262202
20.204 0.01546382168
20.206 0.01538502844
20.208 0.01530625098
20.21 0.01522749066
20.212 0.01514874985
20.214 0.01507003153
20.216 0.01499133831
20.218 0.01491267232
20.22 0.01483403645
20.222 0.01475543303
20.224 0.01467686375
20.226 0.01459833067
20.228 0.01451983612
20.23 0.014441382
20.232 0.01436297026
20.234 0.0142846029
20.236 0.0142062813
20.238 0.01412800726
20.24 0.01404978258
20.242 0.01397160874
20.244 0.01389348474
20.246 0.0138154099
20.248 0.0137373864
20.25 0.0136594159
20.252 0.01358149997
20.254 0.01350364079
20.256 0.01342584006
20.258 0.01334810721
20.26 0.01327044322
20.262 0.01319284093
20.264 0.01311529971
20.266 0.01303781778
20.268 0.01296039396
20.27 0.01288302784
20.272 0.01280571882
20.274 0.01272846633
20.276 0.01265127023
20.278 0.01257413055
20.28 0.01249704741
20.282 0.01242002135
20.284 0.01234305312
20.286 0.01226614439
20.288 0.01218929797
20.29 0.01211251289
20.292 0.01203578862
20.294 0.01195912524
20.296 0.01188252174
20.298 0.01180601959
20.3 0.01172963583
20.302 0.01165336832
20.304 0.0115772067
20.306 0.01150114869
20.308 0.01142519971
20.31 0.01134936179
20.312 0.01127362976
20.314 0.01119800138
20.316 0.01112246774
20.318 0.01104703375
20.32 0.01097169865
20.322 0.01089645554
20.324 0.01082129354
20.326 0.01074621264
20.328 0.01067120991
20.33 0.01059627351
20.332 0.01052140426
20.334 0.01044659799
20.336 0.01037184302
20.338 0.01029713256
20.34 0.01022247293
20.342 0.01014785753
20.344 0.01007327198
20.346 0.009998719537
20.348 0.009924192291
20.35 0.009849691098
20.352 0.00977521353
20.354 0.009700746747
20.356 0.009626294442
20.358 0.009551848492
20.36 0.009477409866
20.362 0.009402971146
20.364 0.00932853348
20.366 0.009254089395
20.368 0.009179640051
20.37 0.00910517868
20.372 0.009030707143
20.374 0.008956218759
20.376 0.00888171529
20.378 0.008807190303
20.38 0.008732646011
20.382 0.008658076247
20.384 0.008583482792
20.386 0.008508857381
20.388 0.008434200128
20.39 0.008359503546
20.392 0.008284769163
20.394 0.008209990773
20.396 0.008135170319
20.398 0.008060302805
20.4 0.007985385057
20.402 0.007910424553
20.404 0.007835412831
20.406 0.007760346181
20.408 0.007685232059
20.41 0.007610061684
20.412 0.007534831303
20.414 0.007459548096
20.416 0.007384202765
20.418 0.007308791643
20.42 0.007233316531
20.422 0.007157782455
20.424 0.007082180465
20.426 0.007006504978
20.428 0.006930754619
20.43 0.006854926743
20.432 0.006779021694
20.434 0.006703044768
20.436 0.00662698623
20.438 0.006550843298
20.44 0.00647461868
20.442 0.00639830918
20.444 0.006321915467
20.446 0.006245435959
20.448 0.006168869385
20.45 0.006092214734
20.452 0.006015472206
20.454 0.005938638525
20.456 0.0058617097
20.458 0.005784682823
20.46 0.005707554957
20.462 0.005630323962
20.464 0.005552986788
20.466 0.005475541331
20.468 0.005397986247
20.47 0.005320319346
20.472 0.005242540164
20.474 0.005164644313
20.476 0.0050866295
20.478 0.005008495739
20.48 0.004930240945
20.482 0.004851862984
20.484 0.004773360097
20.486 0.004694730632
20.488 0.004616003864
20.49 0.004537167988
20.492 0.004458221527
20.494 0.004379160016
20.496 0.004299984976
20.498 0.004220691804
20.5 0.004141282071
20.502 0.004061751294
20.504 0.003982101104
20.506 0.003902355373
20.508 0.003822472204
20.51 0.003742458486
20.512 0.003662343904
20.514 0.003582086317
20.516 0.003501692935
20.518 0.00342119393
20.52 0.003340546519
20.522 0.003259758482
20.524 0.003178861037
20.526 0.003097811046
20.528 0.003016616418
20.53 0.002935309382
20.532 0.002853846926
20.534 0.002772237279
20.536 0.002690513247
20.538 0.002608631621
20.54 0.002526601022
20.542 0.002444454316
20.544 0.002362182918
20.546 0.002279749903
20.548 0.002197166138
20.55 0.00211446577
20.552 0.002031639597
20.554 0.001948649695
20.556 0.00186575263
20.558 0.001782694097
20.56 0.001699462082
20.562 0.001616017015
20.564 0.001532382126
20.566 0.001448566026
20.568 0.001364620998
20.57 0.001280540252
20.572 0.0011963287
20.574 0.001111950311
20.576 0.001027417477
20.578 0.0009427690782
20.58 0.0008582411011
20.582 0.000773542284
20.584 0.0006886699062
20.586 0.0006035870245
20.588 0.0005183144317
20.59 0.0004328602565
20.592 0.0003472799688
20.594 0.000261541229
20.596 0.0001756400723
20.598 8.983670484e-05
20.6 3.865461043e-06
20.602 -8.227015595e-05
20.604 -0.0001686120325
20.606 -0.0002551046206
20.608 -0.0003417487167
20.61 -0.0004285276833
20.612 -0.0005154781554
20.614 -0.000602336498
20.616 -0.0006893601168
20.618 -0.0007765598174
20.62 -0.0008639718567
20.622 -0.0009515394722
20.624 -0.001039264872
20.626 -0.001127129591
20.628 -0.001214886538
20.63 -0.001302818027
20.632 -0.001390925435
20.634 -0.001479243035
20.636 -0.001567711704
20.638 -0.001656333965
20.64 -0.001745091021
20.642 -0.001833735502
20.644 -0.001922549946
20.646 -0.002011535559
20.648 -0.002100726937
20.65 -0.002190065112
20.652 -0.002279308722
20.654 -0.002368727842
20.656 -0.002458322639
20.658 -0.002548123934
20.66 -0.0026380722
20.662 -0.002728169065
20.664 -0.002818151095
20.666 -0.002908303436
20.668 -0.002998622499
20.67 -0.003089142815
20.672 -0.003179804173
20.674 -0.003270364388
20.676 -0.00336109224
20.678 -0.003451987483
20.68 -0.003543080282
20.682 -0.003634310619
20.684 -0.003725435359
20.686 -0.003816723111
20.688 -0.003908173339
20.69 -0.003999816265
20.692 -0.004091347558
20.694 -0.004183056805
20.696 -0.004274927997
20.698 -0.004366994061
20.7 -0.004459190026
20.702 -0.004551273114
20.704 -0.004643510984
20.706 -0.004735902797
20.708 -0.00482847844
20.71 -0.00492093416
20.712 -0.005013558148
20.714 -0.005106333634
20.716 -0.005199294704
20.718 -0.005292133066
20.72 -0.005385138501
20.722 -0.005478293756
20.724 -0.005571632293
20.726 -0.00566484633
20.728 -0.005758224559
20.73 -0.005851749145
20.732 -0.005945454251
20.734 -0.006039031736
20.736 -0.006132770575
20.738 -0.00622665304
20.74 -0.006320712818
20.742 -0.006414642156
20.744 -0.006508730073
20.746 -0.006602958573
20.748 -0.006697118572
20.75 -0.006791432839
20.752 -0.006885905023
20.754 -0.006980552122
20.756 -0.007075069844
20.758 -0.007169742971
20.76 -0.007264554681
20.762 -0.007359294461
20.764 -0.007454184939
20.766 -0.007549229802
20.768 -0.007644200966
20.77 -0.007739324364
20.772 -0.00783460033
20.774 -0.007930045669
20.776 -0.008025355323
20.778 -0.00812081372
20.78 -0.008216159853
20.782 -0.008311713853
20.784 -0.008407413997
20.786 -0.008503298374
20.788 -0.008599045942
20.79 -0.008694944787
20.792 -0.008790729786
20.794 -0.008886721205
20.796 -0.008982856437
20.798 -0.009079173554
20.8 -0.009175351671
20.802 -0.009271678839
20.804 -0.009367890176
20.806 -0.009464305966
20.808 -0.009560863814
20.81 -0.00965735968
20.812 -0.009754002836
20.814 -0.009850796145
20.816 -0.009947509082
20.818 -0.01004436764
20.82 -0.01014115565
20.822 -0.01023815078
20.824 -0.01033530333
20.826 -0.0104326275
20.828 -0.01052982271
20.83 -0.01062716751
20.832 -0.01072439587
20.834 -0.01082182349
20.836 -0.01091913859
20.838 -0.01101666108
20.84 -0.01111433688
20.842 -0.01121195966
20.844 -0.01130973488
20.846 -0.01140742231
20.848 -0.01150532215
20.85 -0.01160337595
20.852 -0.01170137259
20.854 -0.01179952333
20.856 -0.01189759065
20.858 -0.01199586259
20.86 -0.01209403856
20.862 -0.01219244597
20.864 -0.01229100526
20.866 -0.01238950999
20.868 -0.01248816914
20.87 -0.01258674415
20.872 -0.01268553155
20.874 -0.01278422978
20.876 -0.01288316668
20.878 -0.01298227336
20.88 -0.01308134256
20.882 -0.01318057775
20.884 -0.01327973893
20.886 -0.0133791261
20.888 -0.01347849115
20.89 -0.01357813227
20.892 -0.01367768953
20.894 -0.01377749905
20.896 -0.01387724331
20.898 -0.0139772986
20.9 -0.0140773295
20.902 -0.0141775954
20.904 -0.01427803056
20.906 -0.01437843837
20.908 -0.0144788344
20.91 -0.01457948309
20.912 -0.01468035476
20.914 -0.01478119528
20.916 -0.0148820433
20.918 -0.01498314623
20.92 -0.0150844786
20.922 -0.01518578261
20.924 -0.01528709767
20.926 -0.01538866981
20.928 -0.01549047339
20.93 -0.01559229702
20.932 -0.01569410925
20.934 -0.01579612908
20.936 -0.01589814363
20.938 -0.01600046914
20.94 -0.01610279341
20.942 -0.01620535894
20.944 -0.01630791343
20.946 -0.01641076007
20.948 -0.01651353341
20.95 -0.01661662174
20.952 -0.01671969413
20.954 -0.01682276648
20.956 -0.01692611327
20.958 -0.0170295287
20.96 -0.01713318999
20.962 -0.01723686843
20.964 -0.01734085092
20.966 -0.01744484247
20.968 -0.01754913063
20.97 -0.01765334743
20.972 -0.01775764713
20.974 -0.01786221662
20.976 -0.01796687377
20.978 -0.018071825
20.98 -0.01817674077
20.982 -0.01828200169
20.984 -0.01838727932
20.986 -0.01849265039
20.988 -0.01859830202
20.99 -0.01870405725
20.992 -0.01880989832
20.994 -0.01891605398
20.996 -0.01902230996
20.998 -0.01912890425
21 -0.01923553792
21.002 -0.01934227141
21.004 -0.0194492956
21.006 -0.01955642699
21.008 -0.01966388203
21.01 -0.01977138209
21.012 -0.0198789691
21.014 -0.01998661653
21.016 -0.02009462845
21.018 -0.02020274493
21.02 -0.02031120255
21.022 -0.02041970433
21.024 -0.02052829486
21.026 -0.02063717753
21.028 -0.02074615199
21.03 -0.0208552157
21.032 -0.02096463713
21.034 -0.0210741218
21.036 -0.02118369854
21.038 -0.02129363658
21.04 -0.02140363888
21.042 -0.02151373232
21.044 -0.02162418725
21.046 -0.02173470594
21.048 -0.02184531519
21.05 -0.02195628505
21.052 -0.02206731773
21.054 -0.02217843982
21.056 -0.02228967975
21.058 -0.02240126659
21.06 -0.02251294623
21.062 -0.02262501268
21.064 -0.02273712804
21.066 -0.02284930186
21.068 -0.0229615234
21.07 -0.02307391278
21.072 -0.02318669431
21.074 -0.02329960596
21.076 -0.02341259385
21.078 -0.02352588893
21.08 -0.02363931874
21.082 -0.02375286048
21.084 -0.02386649316
21.086 -0.02398051644
21.088 -0.02409464604
21.09 -0.02420884336
21.092 -0.02432309932
21.094 -0.02443776203
21.096 -0.02455252488
21.098 -0.02466740559
21.1 -0.02478236964
21.102 -0.02489771936
21.104 -0.02501316508
21.106 -0.02512872232
21.108 -0.02524435461
21.11 -0.0253601226
21.112 -0.02547626249
21.114 -0.02559250683
21.116 -0.02570885417
21.118 -0.0258252713
21.12 -0.02594205565
21.122 -0.02605891792
21.124 -0.02617587227
21.126 -0.02629288174
21.128 -0.0264100066
21.13 -0.02652724186
21.132 -0.02664484491
21.134 -0.02676253018
21.136 -0.02688029888
21.138 -0.02699811268
21.14 -0.02711602748
21.142 -0.02723427256
21.144 -0.02735257735
21.146 -0.02747094103
21.148 -0.02758932868
21.15 -0.02770779615
21.152 -0.02782635071
21.154 -0.0279452546
21.156 -0.02806421905
21.158 -0.02818324431
21.16 -0.0283022901
21.162 -0.02842141393
21.164 -0.02854061037
21.166 -0.02865989373
21.168 -0.02877926302
21.17 -0.02889896147
21.172 -0.02901870297
21.174 -0.02913848449
21.176 -0.02925826673
21.178 -0.0293781044
21.18 -0.02949799105
21.182 -0.02961794196
21.184 -0.0297379562
21.186 -0.02985827693
21.188 -0.02997861822
21.19 -0.03009897733
21.192 -0.0302193155
21.194 -0.03033968747
21.196 -0.03046008671
21.198 -0.03058053015
21.2 -0.03070102049
21.202 -0.03082155933
21.204 -0.03094214306
21.206 -0.03106277079
21.208 -0.03118344031
21.21 -0.03130438932
21.212 -0.03142533078
21.214 -0.03154626015
21.216 -0.03166713762
21.218 -0.0317880173
21.22 -0.03190888538
21.222 -0.03202974912
21.224 -0.03215060538
21.226 -0.03227145763
21.228 -0.03239231636
21.23 -0.03251318634
21.232 -0.03263405129
21.234 -0.03275491037
21.236 -0.03287576358
21.238 -0.03299660877
21.24 -0.03311744279
21.242 -0.0332382607
21.244 -0.03335906846
21.246 -0.03347985323
21.248 -0.03360061373
21.25 -0.03372135927
21.252 -0.03384207717
21.254 -0.03396276886
21.256 -0.03408343298
21.258 -0.03420407747
21.26 -0.03432468966
21.262 -0.03444527173
21.264 -0.0345658175
21.266 -0.0346863263
21.268 -0.03480680109
21.27 -0.0349272462
21.272 -0.03504766232
21.274 -0.03516805211
21.276 -0.03528840696
21.278 -0.03540873573
21.28 -0.03552902738
21.282 -0.03564929226
21.284 -0.03576951912
21.286 -0.03588971868
21.288 -0.03600987934
21.29 -0.03613001208
21.292 -0.03625010545
21.294 -0.03637017068
21.296 -0.03649019641
21.298 -0.03661019407
21.3 -0.03673015308
21.302 -0.03685008539
21.304 -0.03696997974
21.306 -0.03708984799
21.308 -0.03720967929
21.31 -0.03732948518
21.312 -0.03744925431
21.314 -0.03756899833
21.316 -0.03768870612
21.318 -0.03780838952
21.32 -0.03792803759
21.322 -0.03804766231
21.324 -0.0381672518
21.326 -0.0382868176
21.328 -0.03840634936
21.33 -0.03852585958
21.332 -0.03864533703
21.334 -0.03876479352
21.336 -0.03888421906
21.338 -0.03900362694
21.34 -0.03912300736
21.342 -0.03924237303
21.344 -0.03936171404
21.346 -0.03948104239
21.348 -0.03960034913
21.35 -0.03971964708
21.352 -0.03983892571
21.354 -0.03995819884
21.356 -0.04007745717
21.358 -0.04019671442
21.36 -0.04031594279
21.362 -0.04043515455
21.364 -0.04055438245
21.366 -0.04067363967
21.368 -0.04079293278
21.37 -0.04091226557
21.372 -0.0410316302
21.374 -0.04115105236
21.376 -0.04127051946
21.378 -0.04139004973
21.38 -0.04150963273
21.382 -0.04162928357
21.384 -0.04174899417
21.386 -0.04186877994
21.388 -0.04198862988
21.39 -0.04210855852
21.392 -0.04222857244
21.394 -0.04234868142
21.396 -0.04246888245
21.398 -0.04258919128
21.4 -0.04270959871
21.402 -0.04283011958
21.404 -0.04295076089
21.406 -0.04307153241
21.408 -0.04319247388
21.41 -0.0433135751
21.412 -0.04343483457
21.414 -0.04355623929
21.416 -0.04367778701
21.418 -0.04379946952
21.42 -0.04392129334
21.422 -0.04404331652
21.424 -0.04416546885
21.426 -0.04428778685
21.428 -0.04441028887
21.43 -0.04453293194
21.432 -0.04465573395
21.434 -0.04477871603
21.436 -0.04490182632
21.438 -0.04502508215
21.44 -0.04514851272
21.442 -0.04527204306
21.444 -0.0453956986
21.446 -0.0455195018
21.448 -0.04564342226
21.45 -0.04576743436
21.452 -0.04589152814
21.454 -0.04601573012
21.456 -0.04614003965
21.458 -0.04626442615
21.46 -0.04638888247
21.462 -0.04651335534
21.464 -0.04663783215
21.466 -0.04676236526
21.468 -0.04688693507
21.47 -0.04701152637
21.472 -0.04713614232
21.474 -0.04726078241
21.476 -0.047385452
21.478 -0.04751013601
21.48 -0.04763483116
21.482 -0.04775955759
21.484 -0.04788430157
21.486 -0.04800902566
21.488 -0.04813374355
21.49 -0.04825852446
21.492 -0.04838329245
21.494 -0.04850808481
21.496 -0.0486329351
21.498 -0.04875781106
21.5 -0.04888272423
21.502 -0.04900768884
21.504 -0.04913270503
21.506 -0.04925778227
21.508 -0.04938294021
21.51 -0.0495082314
21.512 -0.04963359407
21.514 -0.04975906875
21.516 -0.04988464252
21.518 -0.05001034208
21.52 -0.05013616954
21.522 -0.05026214752
21.524 -0.05038826689
21.526 -0.05051455566
21.528 -0.05064100187
21.53 -0.05076763361
21.532 -0.05089443748
21.534 -0.05102144094
21.536 -0.05114862978
21.538 -0.05127603092
21.54 -0.05140362881
21.542 -0.0515314039
21.544 -0.05165942043
21.546 -0.0517876747
21.548 -0.05191612233
21.55 -0.0520448451
21.552 -0.05217381666
21.554 -0.05230301892
21.556 -0.05243251409
21.558 -0.05256228847
21.56 -0.05269228414
21.562 -0.05282255776
21.564 -0.05295312777
21.566 -0.05308398102
21.568 -0.05321505759
21.57 -0.05334638584
21.572 -0.05347799442
21.574 -0.05360986863
21.576 -0.05374197418
21.578 -0.05387427485
21.58 -0.05400676147
21.582 -0.05413945344
21.584 -0.05427231958
21.586 -0.05440535053
21.588 -0.05453851055
21.59 -0.05467176886
21.592 -0.0548052806
21.594 -0.0549389387
21.596 -0.05507272788
21.598 -0.05520663418
21.6 -0.05534071874
21.602 -0.05547490806
21.604 -0.05560924953
21.606 -0.05574378657
21.608 -0.05587850884
21.61 -0.05601342926
21.612 -0.05614850601
21.614 -0.05628377216
21.616 -0.05641926188
21.618 -0.05655495845
21.62 -0.05669087446
21.622 -0.05682701188
21.624 -0.05696336101
21.626 -0.05709990286
21.628 -0.05723665188
21.63 -0.0573736324
21.632 -0.05751072064
21.634 -0.05764788388
21.636 -0.05778529045
21.638 -0.05792293521
21.64 -0.05806082256
21.642 -0.05819891092
21.644 -0.0583372121
21.646 -0.0584757147
21.648 -0.05861441855
21.65 -0.05875330743
21.652 -0.0588923893
21.654 -0.05903166009
21.656 -0.059171189
21.658 -0.05931093687
21.66 -0.05945101276
21.662 -0.05959133591
21.664 -0.0597318781
21.666 -0.0598726022
21.668 -0.06001350512
21.67 -0.06015457992
21.672 -0.06029570382
21.674 -0.06043683291
21.676 -0.06057815047
21.678 -0.06071964412
21.68 -0.06086132838
21.682 -0.06100317822
21.684 -0.06114519184
21.686 -0.06128745605
21.688 -0.06142993107
21.69 -0.06157248608
21.692 -0.06171506919
21.694 -0.06185786248
21.696 -0.06200085089
21.698 -0.06214403071
21.7 -0.06228738049
21.702 -0.06243099358
21.704 -0.06257482347
21.706 -0.06271873756
21.708 -0.06286267982
21.71 -0.06300682848
21.712 -0.06315116598
21.714 -0.06329578563
21.716 -0.06344061716
21.718 -0.06358553442
21.72 -0.06373047452
21.722 -0.06387561723
21.724 -0.06402090101
21.726 -0.06416643436
21.728 -0.06431201932
21.73 -0.06445771324
21.732 -0.06460340952
21.734 -0.06474914714
21.736 -0.06489485985
21.738 -0.06504074776
21.74 -0.06518684989
21.742 -0.06533313591
21.744 -0.06547956164
21.746 -0.06562614655
21.748 -0.06577286597
21.75 -0.06591966877
21.752 -0.06606648365
21.754 -0.06621337904
21.756 -0.06636030833
21.758 -0.06650730695
21.76 -0.06665440428
21.762 -0.06680171099
21.764 -0.06694912583
21.766 -0.06709673223
21.768 -0.0672444876
21.77 -0.06739220625
21.772 -0.06753992415
21.774 -0.06768768996
21.776 -0.06783551293
21.778 -0.06798326266
21.78 -0.06813100014
21.782 -0.068278773
21.784 -0.06842659537
21.786 -0.06857453953
21.788 -0.06872265368
21.79 -0.06887079707
21.792 -0.0690189675
21.794 -0.06916711448
21.796 -0.06931528066
21.798 -0.06946348945
21.8 -0.06961173361
21.802 -0.069759968
21.804 -0.0699082127
21.806 -0.0700565022
21.808 -0.07020482318
21.81 -0.07035313224
21.812 -0.07050144556
21.814 -0.07064979622
21.816 -0.07079817015
21.818 -0.07094656447
21.82 -0.07109493683
21.822 -0.0712433027
21.824 -0.07139169489
21.826 -0.07154009889
21.828 -0.07168847123
21.83 -0.07183682705
21.832 -0.07198519871
21.834 -0.07213357157
21.836 -0.0722819015
21.838 -0.07243020212
21.84 -0.07257850445
21.842 -0.07272679414
21.844 -0.07287506755
21.846 -0.07302328193
21.848 -0.07317979519
21.85 -0.07334865891
21.852 -0.0735266528
21.854 -0.0737107736
21.856 -0.07389853332
21.858 -0.07408776449
21.86 -0.07427661049
21.862 -0.07446346379
21.864 -0.07464696711
21.866 -0.07482608194
21.868 -0.07500003737
21.87 -0.07516824883
21.872 -0.07533035261
21.874 -0.07548613732
21.876 -0.07563561874
21.878 -0.07577898195
21.88 -0.07591649223
21.882 -0.0760485335
21.884 -0.07617565825
21.886 -0.07629833497
21.888 -0.07641715682
21.89 -0.07653270184
21.892 -0.07664560757
21.894 -0.07675649615
21.896 -0.07686594277
21.898 -0.07697455569
21.9 -0.07708280713
21.902 -0.07719126209
21.904 -0.0773003229
21.906 -0.07741057209
21.908 -0.07752234797
21.91 -0.07763601791
21.912 -0.07775178974
21.914 -0.0778698861
21.916 -0.07799045022
21.918 -0.07811361906
21.92 -0.07823941194
21.922 -0.07836785077
21.924 -0.0784988566
21.926 -0.07863235342
21.928 -0.07876822755
21.93 -0.07890631855
21.932 -0.07904649678
21.934 -0.07918850668
21.936 -0.07933213143
21.938 -0.07947736559
21.94 -0.07962401389
21.942 -0.07977186012
21.944 -0.07992080145
21.946 -0.08007066943
21.948 -0.08022127124
21.95 -0.08037230729
21.952 -0.08052360943
21.954 -0.08067518494
21.956 -0.08082692941
21.958 -0.0809787865
21.96 -0.08113063531
21.962 -0.08128250365
21.964 -0.08143429056
21.966 -0.0815859057
21.968 -0.08173707137
21.97 -0.08188783453
21.972 -0.08203836508
21.974 -0.08218869257
21.976 -0.08233888093
21.978 -0.08248878535
21.98 -0.08263843414
21.982 -0.08278799463
21.984 -0.08293749269
21.986 -0.08308696434
21.988 -0.0832363787
21.99 -0.08338588467
21.992 -0.08353550782
21.994 -0.08368526401
21.996 -0.0838350396
21.998 -0.08398484192
22 -0.08413483498
22.002 -0.08428514443
22.004 -0.08443567557
22.006 -0.08458637505
22.008 -0.08473742915
22.01 -0.08488884304
22.012 -0.08504059852
22.014 -0.08519290349
22.016 -0.08534571593
22.018 -0.08549900086
22.02 -0.08565270655
22.022 -0.08580667852
22.024 -0.08596098107
22.026 -0.08611557842
22.028 -0.08627065415
22.03 -0.08642616096
22.032 -0.08658220247
22.034 -0.08673865993
22.036 -0.08689554746
22.038 -0.08705280019
22.04 -0.08721037301
22.042 -0.08736820189
22.044 -0.08752647169
22.046 -0.08768510689
22.048 -0.08784422003
22.05 -0.08800376445
22.052 -0.0881637201
22.054 -0.08832404664
22.056 -0.08848470194
22.058 -0.0886456879
22.06 -0.0888069093
22.062 -0.08896840295
22.064 -0.08913009047
22.066 -0.08929212676
22.068 -0.08945447331
22.07 -0.0896171748
22.072 -0.08978017314
22.074 -0.08994355651
22.076 -0.09010723054
22.078 -0.09027119414
22.08 -0.09043544294
22.082 -0.09059995955
22.084 -0.09076472619
22.086 -0.09092969452
22.088 -0.09109486653
22.09 -0.09126014224
22.092 -0.09142547088
22.094 -0.09159102331
22.096 -0.09175674316
22.098 -0.09192264453
22.1 -0.09208872545
22.102 -0.09225497597
22.104 -0.09242137856
22.106 -0.09258788712
22.108 -0.09275450679
22.11 -0.09292126137
22.112 -0.09308813042
22.114 -0.09325510443
22.116 -0.09342221829
22.118 -0.09358944952
22.12 -0.09375678058
22.122 -0.09392421773
22.124 -0.09409172917
22.126 -0.09425918007
22.128 -0.09442649159
22.13 -0.09459372752
22.132 -0.09476096161
22.134 -0.09492820054
22.136 -0.09509544656
22.138 -0.09526266317
22.14 -0.09542986328
22.142 -0.09559707762
22.144 -0.09576429265
22.146 -0.0959315059
22.148 -0.09609867695
22.15 -0.09626581735
22.152 -0.09643295467
22.154 -0.09660007409
22.156 -0.09676717079
22.158 -0.09693420363
22.16 -0.09710118492
22.162 -0.09726814416
22.164 -0.09743506733
22.166 -0.09760195012
22.168 -0.09776875292
22.17 -0.09793548788
22.172 -0.09810218223
22.174 -0.09826882044
22.176 -0.09843539665
22.178 -0.0986018699
22.18 -0.09876825132
22.182 -0.09893456781
22.184 -0.09910080312
22.186 -0.09926695077
22.188 -0.09943296909
22.19 -0.0995988675
22.192 -0.09976467108
22.194 -0.09993035903
22.196 -0.1000959228
22.198 -0.1002613223
22.2 -0.1004265669
22.202 -0.1005918034
22.204 -0.1007569563
22.206 -0.1009219664
22.208 -0.1010868059
22.21 -0.1012514992
22.212 -0.1014160175
22.214 -0.1015803505
22.216 -0.1017444522
22.218 -0.1019083286
22.22 -0.1020720873
22.222 -0.1022355456
22.224 -0.102398619
22.226 -0.102561346
22.228 -0.1027237987
22.23 -0.1028859735
22.232 -0.1030479913
22.234 -0.1032097583
22.236 -0.1033712687
22.238 -0.1035325114
22.24 -0.1036934709
22.242 -0.1038541793
22.244 -0.1040144809
22.246 -0.1041743564
22.248 -0.1043338184
22.25 -0.1044928723
22.252 -0.1046515432
22.254 -0.1048098639
22.256 -0.1049679497
22.258 -0.1051257401
22.26 -0.1052831785
22.262 -0.1054402383
22.264 -0.1055969467
22.266 -0.1057532774
22.268 -0.1059091878
22.27 -0.1060646852
22.272 -0.1062197938
22.274 -0.1063745545
22.276 -0.1065290144
22.278 -0.1066832119
22.28 -0.106837159
22.282 -0.1069908345
22.284 -0.1071441952
22.286 -0.1072972489
22.288 -0.1074500212
22.29 -0.1076024954
22.292 -0.1077545431
22.294 -0.1079061832
22.296 -0.1080574426
22.298 -0.1082083848
22.3 -0.1083589943
22.302 -0.1085092422
22.304 -0.1086591422
22.306 -0.1088087254
22.308 -0.1089579803
22.31 -0.1091068693
22.312 -0.1092554053
22.314 -0.1094036167
22.316 -0.1095514913
22.318 -0.109698992
22.32 -0.1098461321
22.322 -0.1099929402
22.324 -0.110139405
22.326 -0.1102855257
22.328 -0.110431268
22.33 -0.1105766452
22.332 -0.1107216866
22.334 -0.1108663804
22.336 -0.1110106914
22.338 -0.1111546345
22.34 -0.1112982393
22.342 -0.1114414941
22.344 -0.1115843643
22.346 -0.1117268658
22.348 -0.1118690285
22.35 -0.1120108432
22.352 -0.1121522762
22.354 -0.1122933444
22.356 -0.1124340636
22.358 -0.1125744146
22.36 -0.1127144014
22.362 -0.1128539906
22.364 -0.1129931975
22.366 -0.1131320541
22.368 -0.1132705524
22.37 -0.1134086607
22.372 -0.1135463969
22.374 -0.1136837932
22.376 -0.1138208433
22.378 -0.1139575172
22.38 -0.1140938339
22.382 -0.1142298269
22.384 -0.1143654909
22.386 -0.1145008298
22.388 -0.1146358157
22.39 -0.1147704687
22.392 -0.1149048231
22.394 -0.1150388751
22.396 -0.1151725967
22.398 -0.1153061313
22.4 -0.1154394567
22.402 -0.1155725525
22.404 -0.1157053531
22.406 -0.1158378827
22.408 -0.1159701683
22.41 -0.1161022067
22.412 -0.1162340026
22.414 -0.1163655306
22.416 -0.116496814
22.418 -0.116627891
22.42 -0.1167588466
22.422 -0.1168896151
22.424 -0.1170200861
22.426 -0.1171502434
22.428 -0.1172801441
22.43 -0.1174098044
22.432 -0.1175392703
22.434 -0.1176687067
22.436 -0.1177980609
22.438 -0.1179273265
22.44 -0.1180564427
22.442 -0.1181854336
22.444 -0.1183143245
22.446 -0.1184431111
22.448 -0.1185717623
22.45 -0.1187002927
22.452 -0.1188287389
22.454 -0.1189571012
22.456 -0.1190854364
22.458 -0.1192137239
22.46 -0.1193419857
22.462 -0.1194700689
22.464 -0.1195979511
22.466 -0.1197256554
22.468 -0.1198533664
22.47 -0.1199809681
22.472 -0.1201085071
22.474 -0.1202359338
22.476 -0.1203633057
22.478 -0.1204906496
22.48 -0.1206179728
22.482 -0.1207452472
22.484 -0.1208724907
22.486 -0.1209997397
22.488 -0.1211270816
22.49 -0.1212544785
22.492 -0.1213818927
22.494 -0.1215093126
22.496 -0.1216367753
22.498 -0.1217641501
22.5 -0.1218913791
22.502 -0.1220186539
22.504 -0.1221459603
22.506 -0.1222733716
22.508 -0.1224008147
22.51 -0.1225281973
22.512 -0.1226556215
22.514 -0.1227832981
22.516 -0.1229111617
22.518 -0.1230391349
22.52 -0.1231671727
22.522 -0.1232953208
22.524 -0.1234235705
22.526 -0.1235518953
22.528 -0.1236803054
22.53 -0.1238087133
22.532 -0.1239371754
22.534 -0.1240656212
22.536 -0.1241942247
22.538 -0.1243230364
22.54 -0.1244520696
22.542 -0.1245812689
22.544 -0.1247105925
22.546 -0.1248400532
22.548 -0.1249695518
22.55 -0.1250991358
22.552 -0.1252287298
22.554 -0.1253584976
22.556 -0.1254884025
22.558 -0.125618499
22.56 -0.1257488293
22.562 -0.1258793267
22.564 -0.1260099833
22.566 -0.1261408097
22.568 -0.1262719149
22.57 -0.12640323
22.572 -0.1265347098
22.574 -0.1266663304
22.576 -0.1267979997
22.578 -0.1269296699
22.58 -0.1270614908
22.582 -0.1271934633
22.584 -0.1273256242
22.586 -0.1274579359
22.588 -0.1275903791
22.59 -0.1277229599
22.592 -0.1278557035
22.594 -0.1279886068
22.596 -0.1281216661
22.598 -0.1282548492
22.6 -0.128388167
22.602 -0.1285216426
22.604 -0.1286552728
22.606 -0.1287890525
22.608 -0.1289229512
22.61 -0.1290569794
22.612 -0.1291911576
22.614 -0.1293254769
22.616 -0.1294599099
22.618 -0.1295943412
22.62 -0.1297288497
22.622 -0.1298634422
22.624 -0.1299981579
22.626 -0.1301329592
22.628 -0.1302678626
22.63 -0.1304028948
22.632 -0.130538047
22.634 -0.1306732911
22.636 -0.1308086346
22.638 -0.1309440965
22.64 -0.1310796659
22.642 -0.1312153383
22.644 -0.1313510856
22.646 -0.1314869142
22.648 -0.1316228426
22.65 -0.1317588604
22.652 -0.1318949632
22.654 -0.1320311178
22.656 -0.1321673333
22.658 -0.1323036322
22.66 -0.1324396129
22.662 -0.1325750209
22.664 -0.1327100458
22.666 -0.1328447493
22.668 -0.1329791593
22.67 -0.1331133096
22.672 -0.1332472031
22.674 -0.1333808817
22.676 -0.1335143976
22.678 -0.1336477656
22.68 -0.1337810048
22.682 -0.1339141034
22.684 -0.1340470892
22.686 -0.1341800006
22.688 -0.1343128396
22.69 -0.134445615
22.692 -0.1345783054
22.694 -0.1347109296
22.696 -0.1348435185
22.698 -0.1349760678
22.7 -0.135108581
22.702 -0.1352410335
22.704 -0.1353734406
22.706 -0.1355058153
22.708 -0.1356381449
22.71 -0.1357704375
22.712 -0.1359026687
22.714 -0.1360348559
22.716 -0.1361670294
22.718 -0.1362991862
22.72 -0.1364313318
22.722 -0.1365634663
22.724 -0.1366955696
22.726 -0.1368276608
22.728 -0.1369597735
22.73 -0.1370919052
22.732 -0.1372240618
22.734 -0.1373562137
22.736 -0.1374883754
22.738 -0.1376205794
22.74 -0.1377528227
22.742 -0.1378851089
22.744 -0.1380174416
22.746 -0.1381497953
22.748 -0.1382821852
22.75 -0.138414638
22.752 -0.1385471467
22.754 -0.1386797114
22.756 -0.13881233
22.758 -0.1389449721
22.76 -0.1390776497
22.762 -0.1392103863
22.764 -0.1393431713
22.766 -0.1394760015
22.768 -0.1396088739
22.77 -0.1397417566
22.772 -0.1398746578
22.774 -0.1400075997
22.776 -0.1401405702
22.778 -0.140273565
22.78 -0.1404065803
22.782 -0.1405395819
22.784 -0.1406725768
22.786 -0.1408055841
22.788 -0.1409385899
22.79 -0.1410715883
22.792 -0.1412045742
22.794 -0.1413375144
22.796 -0.1414704161
22.798 -0.1416032988
22.8 -0.1417361493
22.802 -0.1418689625
22.804 -0.1420017343
22.806 -0.142134432
22.808 -0.1422670645
22.81 -0.1423996525
22.812 -0.1425321843
22.814 -0.142664656
22.816 -0.1427970646
22.818 -0.1429293793
22.82 -0.1430616097
22.822 -0.1431937776
22.824 -0.1433258721
22.826 -0.1434578905
22.828 -0.1435898307
22.83 -0.1437216634
22.832 -0.1438533988
22.834 -0.1439850596
22.836 -0.1441166366
22.838 -0.1442481286
22.84 -0.1443795334
22.842 -0.1445108208
22.844 -0.1446420024
22.846 -0.1447731011
22.848 -0.1449041064
22.85 -0.1450350164
22.852 -0.1451658297
22.854 -0.1452965177
22.856 -0.1454270907
22.858 -0.1455575706
22.86 -0.1456879473
22.862 -0.1458182185
22.864 -0.1459483103
22.866 -0.1460783232
22.868 -0.1462081329
22.87 -0.1463377932
22.872 -0.1464673082
22.874 -0.1465966992
22.876 -0.146725954
22.878 -0.1468550783
22.88 -0.1469840676
22.882 -0.1471128948
22.884 -0.1472415684
22.886 -0.1473701092
22.888 -0.147498507
22.89 -0.1476267585
22.892 -0.1477548617
22.894 -0.1478827882
22.896 -0.1480105463
22.898 -0.1481381564
22.9 -0.1482656083
22.902 -0.1483928989
22.904 -0.1485200257
22.906 -0.1486469861
22.908 -0.1487737514
22.91 -0.1489003301
22.912 -0.1490267425
22.914 -0.1491529783
22.916 -0.1492790341
22.918 -0.1494049075
22.92 -0.1495305958
22.922 -0.1496560705
22.924 -0.1497813406
22.926 -0.1499064263
22.928 -0.1500313176
22.93 -0.1501560109
22.932 -0.1502805043
22.934 -0.1504047966
22.936 -0.1505288906
22.938 -0.1506527613
22.94 -0.150776415
22.942 -0.1508998724
22.944 -0.1510231248
22.946 -0.1511461696
22.948 -0.1512690052
22.95 -0.1513916289
22.952 -0.1515140141
22.954 -0.1516361712
22.956 -0.1517581204
22.958 -0.151879852
22.96 -0.1520013529
22.962 -0.1521226174
22.964 -0.152243647
22.966 -0.1523644412
22.968 -0.1524849743
22.97 -0.1526052553
22.972 -0.1527253063
22.974 -0.1528451219
22.976 -0.1529647008
22.978 -0.1530840431
22.98 -0.1532031495
22.982 -0.153322021
22.984 -0.1534406338
22.986 -0.1535589984
22.988 -0.153677138
22.99 -0.1537950469
22.992 -0.1539127263
22.994 -0.1540301786
22.996 -0.1541474044
22.998 -0.1542644054
23 -0.1543811596
23.002 -0.1544976808
23.004 -0.1546139936
23.006 -0.1547300926
23.008 -0.1548459813
23.01 -0.1549616648
23.012 -0.1550771441
23.014 -0.1551924239
23.016 -0.1553074831
23.018 -0.1554223372
23.02 -0.1555370123
23.022 -0.1556515041
23.024 -0.1557658161
23.026 -0.1558799548
23.028 -0.1559939237
23.03 -0.156107728
23.032 -0.1562213752
23.034 -0.1563348459
23.036 -0.1564481549
23.038 -0.1565613291
23.04 -0.1566743687
23.042 -0.1567872793
23.044 -0.1569000667
23.046 -0.1570127386
23.048 -0.1571253013
23.05 -0.1572377603
23.052 -0.1573501234
23.054 -0.1574623728
23.056 -0.1575745244
23.058 -0.1576866062
23.06 -0.1577986188
23.062 -0.1579105677
23.064 -0.1580224586
23.066 -0.158134298
23.068 -0.158246093
23.07 -0.1583578494
23.072 -0.1584695727
23.074 -0.1585812689
23.076 -0.1586929443
23.078 -0.1588045825
23.08 -0.1589161992
23.082 -0.1590278197
23.084 -0.1591394432
23.086 -0.1592508608
23.088 -0.1593619734
23.09 -0.1594728615
23.092 -0.1595835403
23.094 -0.159694019
23.096 -0.159804306
23.098 -0.1599144118
23.1 -0.160024345
23.102 -0.1601341124
23.104 -0.160243725
23.106 -0.1603531674
23.108 -0.1604624577
23.11 -0.1605716228
23.112 -0.1606806577
23.114 -0.1607895628
23.116 -0.1608983358
23.118 -0.1610069839
23.12 -0.1611155078
23.122 -0.1612239107
23.124 -0.1613322013
23.126 -0.161440381
23.128 -0.1615484538
23.13 -0.1616564232
23.132 -0.1617642923
23.134 -0.1618720644
23.136 -0.1619797427
23.138 -0.1620873304
23.14 -0.1621948306
23.142 -0.1623022237
23.144 -0.1624095224
23.146 -0.1625167504
23.148 -0.1626239045
23.15 -0.1627309867
23.152 -0.1628379994
23.154 -0.1629449454
23.156 -0.1630518713
23.158 -0.1631588105
23.16 -0.1632657594
23.162 -0.1633727152
23.164 -0.1634796703
23.166 -0.1635866233
23.168 -0.1636935834
23.17 -0.163800547
23.172 -0.1639075101
23.174 -0.1640144769
23.176 -0.1641214485
23.178 -0.1642284234
23.18 -0.1643354015
23.182 -0.164442385
23.184 -0.1645493667
23.186 -0.1646563447
23.188 -0.1647633236
23.19 -0.1648703008
23.192 -0.1649772755
23.194 -0.16508425
23.196 -0.1651912223
23.198 -0.1652981917
23.2 -0.1654052014
23.202 -0.1655122841
23.204 -0.1656193437
23.206 -0.165726465
23.208 -0.1658336319
23.21 -0.1659408541
23.212 -0.1660481028
23.214 -0.1661553828
23.216 -0.1662626868
23.218 -0.1663700108
23.22 -0.1664773483
23.222 -0.1665846918
23.224 -0.1666920343
23.226 -0.1667993749
23.228 -0.1669067105
23.23 -0.1670140381
23.232 -0.1671213543
23.234 -0.1672286648
23.236 -0.1673359685
23.238 -0.1674432602
23.24 -0.1675505373
23.242 -0.1676577968
23.244 -0.1677650364
23.246 -0.1678722538
23.248 -0.1679794478
23.25 -0.1680866169
23.252 -0.1681937591
23.254 -0.1683008727
23.256 -0.1684079564
23.258 -0.1685150087
23.26 -0.1686220289
23.262 -0.168729016
23.264 -0.1688359693
23.266 -0.1689428878
23.268 -0.1690497714
23.27 -0.1691566192
23.272 -0.1692634311
23.274 -0.1693702071
23.276 -0.1694769473
23.278 -0.169583652
23.28 -0.1696903215
23.282 -0.1697969562
23.284 -0.1699035558
23.286 -0.1700101179
23.288 -0.1701166441
23.29 -0.1702231524
23.292 -0.1703296522
23.294 -0.1704361368
23.296 -0.1705426015
23.298 -0.1706490497
23.3 -0.1707554812
23.302 -0.1708618961
23.304 -0.1709682962
23.306 -0.1710746808
23.308 -0.1711810517
23.31 -0.1712874099
23.312 -0.1713937534
23.314 -0.1715000842
23.316 -0.1716064026
23.318 -0.1717127076
23.32 -0.1718189991
23.322 -0.1719252749
23.324 -0.1720315343
23.326 -0.1721377763
23.328 -0.1722439985
23.33 -0.1723502028
23.332 -0.1724563891
23.334 -0.172562554
23.336 -0.1726686986
23.338 -0.1727748226
23.34 -0.1728809209
23.342 -0.1729869936
23.344 -0.1730930409
23.346 -0.1731990593
23.348 -0.1733050507
23.35 -0.1734110151
23.352 -0.1735169492
23.354 -0.1736228511
23.356 -0.1737287219
23.358 -0.1738345606
23.36 -0.1739403637
23.362 -0.174046131
23.364 -0.1741518612
23.366 -0.1742575506
23.368 -0.1743631973
23.37 -0.1744688019
23.372 -0.1745743629
23.374 -0.1746798763
23.376 -0.1747853403
23.378 -0.1748907553
23.38 -0.1749961197
23.382 -0.1751014297
23.384 -0.1752066837
23.386 -0.1753118819
23.388 -0.1754170225
23.39 -0.1755221041
23.392 -0.1756271255
23.394 -0.1757320842
23.396 -0.1758369773
23.398 -0.175941799
23.4 -0.1760465462
23.402 -0.1761512189
23.404 -0.1762558152
23.406 -0.1763603313
23.408 -0.1764647647
23.41 -0.1765691227
23.412 -0.1766734087
23.414 -0.1767776169
23.416 -0.1768817426
23.418 -0.1769857831
23.42 -0.1770897359
23.422 -0.1771936
23.424 -0.1772973731
23.426 -0.1774010497
23.428 -0.1775046268
23.43 -0.1776081013
23.432 -0.1777114723
23.434 -0.1778147371
23.436 -0.1779178905
23.438 -0.1780209291
23.44 -0.17812385
23.442 -0.1782266515
23.444 -0.178329331
23.446 -0.1784318825
23.448 -0.1785343028
23.45 -0.1786365881
23.452 -0.1787387372
23.454 -0.1788407468
23.456 -0.1789426111
23.458 -0.179044326
23.46 -0.1791458882
23.462 -0.1792472939
23.464 -0.1793485418
23.466 -0.1794496284
23.468 -0.1795505477
23.47 -0.1796512958
23.472 -0.1797518688
23.474 -0.1798522636
23.476 -0.1799524789
23.478 -0.180052512
23.48 -0.1801523571
23.482 -0.1802520107
23.484 -0.1803514695
23.486 -0.1804507294
23.488 -0.1805497885
23.49 -0.1806486441
23.492 -0.1807472909
23.494 -0.1808457251
23.496 -0.1809439438
23.498 -0.1810419435
23.5 -0.1811397234
23.502 -0.1812372807
23.504 -0.1813346101
23.506 -0.1814317087
23.508 -0.1815285733
23.51 -0.1816252008
23.512 -0.181721588
23.514 -0.1818177334
23.516 -0.1819136343
23.518 -0.182009286
23.52 -0.1821046859
23.522 -0.1821998319
23.524 -0.1822947216
23.526 -0.1823893554
23.528 -0.1824837316
23.53 -0.182577846
23.532 -0.1826716966
23.534 -0.1827652813
23.536 -0.1828585985
23.538 -0.1829516463
23.54 -0.1830444256
23.542 -0.1831369356
23.544 -0.1832291728
23.546 -0.1833211361
23.548 -0.1834128257
23.55 -0.183504241
23.552 -0.183595382
23.554 -0.183686248
23.556 -0.1837768357
23.558 -0.1838671434
23.56 -0.1839571701
23.562 -0.184046915
23.564 -0.1841363799
23.566 -0.1842255646
23.568 -0.1843144664
23.57 -0.1844030849
23.572 -0.1844914202
23.574 -0.1845794723
23.576 -0.1846672432
23.578 -0.1847557479
23.58 -0.1848446548
23.582 -0.1849337979
23.584 -0.1850228924
23.586 -0.185111939
23.588 -0.1852008492
23.59 -0.1852896104
23.592 -0.1853781872
23.594 -0.1854665625
23.596 -0.1855547192
23.598 -0.1856426482
23.6 -0.1857303387
23.602 -0.185817779
23.604 -0.1859049597
23.606 -0.1859918718
23.608 -0.1860785065
23.61 -0.1861648571
23.612 -0.1862509156
23.614 -0.1863366714
23.616 -0.1864221159
23.618 -0.1865072412
23.62 -0.1865920416
23.622 -0.1866765102
23.624 -0.1867606376
23.626 -0.1868444176
23.628 -0.1869278445
23.63 -0.1870109154
23.632 -0.1870936264
23.634 -0.187175972
23.636 -0.1872579498
23.638 -0.1873395609
23.64 -0.1874208053
23.642 -0.187501681
23.644 -0.1875821893
23.646 -0.1876623332
23.648 -0.1877421247
23.65 -0.1878215654
23.652 -0.1879006599
23.654 -0.1879794132
23.656 -0.1880578357
23.658 -0.1881359349
23.66 -0.1882137182
23.662 -0.1882911938
23.664 -0.1883683748
23.666 -0.1884452634
23.668 -0.1885218779
23.67 -0.1885982345
23.672 -0.1886743407
23.674 -0.1887502078
23.676 -0.1888258471
23.678 -0.1889012697
23.68 -0.1889764915
23.682 -0.1890515246
23.684 -0.1891263806
23.686 -0.1892010782
23.688 -0.1892756291
23.69 -0.1893500636
23.692 -0.1894243802
23.694 -0.1894985898
23.696 -0.1895727032
23.698 -0.1896467282
23.7 -0.1897206763
23.702 -0.1897945573
23.704 -0.1898683776
23.706 -0.1899421475
23.708 -0.1900158751
23.71 -0.1900895633
23.712 -0.1901632201
23.714 -0.1902368533
23.716 -0.190310467
23.718 -0.1903840693
23.72 -0.190457666
23.722 -0.1905312583
23.724 -0.190604856
23.726 -0.190678466
23.728 -0.190752088
23.73 -0.1908257262
23.732 -0.1908993838
23.734 -0.190973058
23.736 -0.1910467519
23.738 -0.1911204686
23.74 -0.1911942075
23.742 -0.191267972
23.744 -0.1913417638
23.746 -0.1914155838
23.748 -0.1914894328
23.75 -0.1915633089
23.752 -0.1916372147
23.754 -0.191711151
23.756 -0.1917851178
23.758 -0.1918591155
23.76 -0.1919331419
23.762 -0.1920071988
23.764 -0.1920812867
23.766 -0.1921554051
23.768 -0.1922295541
23.77 -0.1923037314
23.772 -0.1923779387
23.774 -0.1924521764
23.776 -0.1925264441
23.778 -0.1926007418
23.78 -0.1926750693
23.782 -0.1927494268
23.784 -0.1928238118
23.786 -0.1928982301
23.788 -0.1929726835
23.79 -0.1930471706
23.792 -0.1931216913
23.794 -0.1931962454
23.796 -0.1932708331
23.798 -0.1933454539
23.8 -0.1934201078
23.802 -0.1934947937
23.804 -0.1935695133
23.806 -0.1936442662
23.808 -0.1937190517
23.81 -0.1937938688
23.812 -0.1938687176
23.814 -0.193943597
23.816 -0.1940185061
23.818 -0.194093443
23.82 -0.1941684072
23.822 -0.194243398
23.824 -0.1943184146
23.826 -0.1943934545
23.828 -0.1944685167
23.83 -0.1945435992
23.832 -0.1946186996
23.834 -0.1946938161
23.836 -0.1947689455
23.838 -0.1948440865
23.84 -0.1949191474
23.842 -0.1949940669
23.844 -0.1950688779
23.846 -0.1951435829
23.848 -0.1952181853
23.85 -0.1952926871
23.852 -0.1953670877
23.854 -0.1954413867
23.856 -0.1955155876
23.858 -0.195589691
23.86 -0.1956636987
23.862 -0.1957376106
23.864 -0.1958114281
23.866 -0.1958851502
23.868 -0.1959587768
23.87 -0.1960323084
23.872 -0.1961057424
23.874 -0.1961790777
23.876 -0.1962523141
23.878 -0.1963254502
23.88 -0.1963984851
23.882 -0.1964714173
23.884 -0.196544246
23.886 -0.1966169691
23.888 -0.1966895883
23.89 -0.1967621033
23.892 -0.1968345115
23.894 -0.1969068134
23.896 -0.1969790046
23.898 -0.1970510827
23.9 -0.1971230472
23.902 -0.1971948971
23.904 -0.197266631
23.906 -0.1973382475
23.908 -0.1974097446
23.91 -0.197481122
23.912 -0.197552378
23.914 -0.1976235096
23.916 -0.197694515
23.918 -0.197765389
23.92 -0.1978361253
23.922 -0.197906724
23.924 -0.1979771824
23.926 -0.1980474973
23.928 -0.1981176661
23.93 -0.1981876868
23.932 -0.1982575565
23.934 -0.198327272
23.936 -0.1983968305
23.938 -0.1984662285
23.94 -0.1985354619
23.942 -0.1986045245
23.944 -0.1986734147
23.946 -0.1987421291
23.948 -0.1988106639
23.95 -0.1988790153
23.952 -0.1989471796
23.954 -0.1990151533
23.956 -0.1990829306
23.958 -0.19915051
23.96 -0.1992178882
23.962 -0.1992850611
23.964 -0.1993520255
23.966 -0.1994187765
23.968 -0.1994853131
23.97 -0.199551633
23.972 -0.1996177333
23.974 -0.1996836117
23.976 -0.1997492638
23.978 -0.1998146886
23.98 -0.1998798845
23.982 -0.1999448475
23.984 -0.2000095775
23.986 -0.2000740735
23.988 -0.2001383345
23.99 -0.2002023598
23.992 -0.2002661484
23.994 -0.2003297004
23.996 -0.2003930161
23.998 -0.2004560945
24 -0.2005189363
24.002 -0.2005815418
24.004 -0.2006439079
24.006 -0.2007060358
24.008 -0.2007679264
24.01 -0.2008295778
24.012 -0.20089099
24.014 -0.2009521655
24.016 -0.2010131051
24.018 -0.2010738075
24.02 -0.2011342749
24.022 -0.2011945086
24.024 -0.2012545072
24.026 -0.2013142714
24.028 -0.2013738039
24.03 -0.201433106
24.032 -0.2014921766
24.034 -0.2015510168
24.036 -0.2016096273
24.038 -0.2016680113
24.04 -0.2017261701
24.042 -0.2017841029
24.044 -0.2018418102
24.046 -0.2018992935
24.048 -0.2019565554
24.05 -0.2020135939
24.052 -0.2020704055
24.054 -0.2021269918
24.056 -0.2021833537
24.058 -0.2022394918
24.06 -0.2022954067
24.062 -0.2023511048
24.064 -0.202406589
24.066 -0.2024618536
24.068 -0.2025168983
24.07 -0.2025717248
24.072 -0.2026263333
24.074 -0.2026807245
24.076 -0.2027348975
24.078 -0.2027888519
24.08 -0.2028425884
24.082 -0.2028961074
24.084 -0.2029494093
24.086 -0.2030024943
24.088 -0.2030553626
24.09 -0.2031080147
24.092 -0.203160451
24.094 -0.2032126716
24.096 -0.2032646769
24.098 -0.2033164687
24.1 -0.203368048
24.102 -0.2034194147
24.104 -0.2034705686
24.106 -0.2035215099
24.108 -0.2035722386
24.11 -0.2036227546
24.112 -0.2036730577
24.114 -0.2037231477
24.116 -0.2037730246
24.118 -0.2038226853
24.12 -0.2038721284
24.122 -0.2039213551
24.124 -0.2039703634
24.126 -0.2040191522
24.128 -0.2040677221
24.13 -0.204116073
24.132 -0.2041642047
24.134 -0.2042121172
24.136 -0.2042598105
24.138 -0.2043072846
24.14 -0.2043545395
24.142 -0.2044015756
24.144 -0.2044483932
24.146 -0.2044949925
24.148 -0.2045413735
24.15 -0.204587536
24.152 -0.20463348
24.154 -0.2046792059
24.156 -0.2047247124
24.158 -0.2047699992
24.16 -0.2048150673
24.162 -0.2048599175
24.164 -0.2049045504
24.166 -0.2049489664
24.168 -0.204993166
24.17 -0.20503715
24.172 -0.2050809188
24.174 -0.2051244733
24.176 -0.2051678141
24.178 -0.2052109421
24.18 -0.2052538579
24.182 -0.2052965619
24.184 -0.2053390544
24.186 -0.2053813358
24.188 -0.2054234069
24.19 -0.2054652675
24.192 -0.2055069177
24.194 -0.2055483581
24.196 -0.2055895893
24.198 -0.2056306117
24.2 -0.2056714257
24.202 -0.2057120317
24.204 -0.20575243
24.206 -0.2057926208
24.208 -0.2058326042
24.21 -0.2058723808
24.212 -0.2059119512
24.214 -0.2059513159
24.216 -0.2059904755
24.218 -0.2060294306
24.22 -0.2060681819
24.222 -0.2061067302
24.224 -0.2061450762
24.226 -0.2061832208
24.228 -0.2062211645
24.23 -0.2062589083
24.232 -0.2062964535
24.234 -0.206333835
24.236 -0.2063710585
24.238 -0.2064081122
24.24 -0.2064449948
24.242 -0.2064817063
24.244 -0.2065182466
24.246 -0.2065546151
24.248 -0.2065908118
24.25 -0.2066268379
24.252 -0.2066626943
24.254 -0.206698382
24.256 -0.2067339021
24.258 -0.2067692557
24.26 -0.2068044436
24.262 -0.2068394672
24.264 -0.2068743275
24.266 -0.2069090257
24.268 -0.206943563
24.27 -0.2069779405
24.272 -0.2070121595
24.274 -0.207046221
24.276 -0.2070801259
24.278 -0.2071138757
24.28 -0.2071474718
24.282 -0.2071809151
24.284 -0.2072142102
24.286 -0.2072473594
24.288 -0.2072803622
24.29 -0.2073132192
24.292 -0.2073459325
24.294 -0.2073785034
24.296 -0.2074109321
24.298 -0.2074432192
24.3 -0.2074753651
24.302 -0.2075073704
24.304 -0.2075392354
24.306 -0.2075709601
24.308 -0.2076025452
24.31 -0.2076339915
24.312 -0.2076652992
24.314 -0.2076964684
24.316 -0.2077274991
24.318 -0.2077583913
24.32 -0.2077891449
24.322 -0.2078197598
24.324 -0.2078502356
24.326 -0.2078805717
24.328 -0.2079107676
24.33 -0.207940833
24.332 -0.2079707617
24.334 -0.2080005547
24.336 -0.2080302091
24.338 -0.2080597258
24.34 -0.2080891121
24.342 -0.2081183635
24.344 -0.2081474681
24.346 -0.2081764307
24.348 -0.2082052596
24.35 -0.2082339506
24.352 -0.2082625029
24.354 -0.2082909155
24.356 -0.2083191873
24.358 -0.2083473176
24.36 -0.208375305
24.362 -0.2084031481
24.364 -0.2084308458
24.366 -0.208458397
24.368 -0.2084858
24.37 -0.2085130532
24.372 -0.2085401552
24.374 -0.2085671055
24.376 -0.2085939025
24.378 -0.2086205438
24.38 -0.2086470273
24.382 -0.2086733507
24.384 -0.2086995116
24.386 -0.2087255075
24.388 -0.2087513359
24.39 -0.2087769936
24.392 -0.2088024761
24.394 -0.2088277784
24.396 -0.2088528958
24.398 -0.2088778231
24.4 -0.2089025553
24.402 -0.2089270871
24.404 -0.2089514129
24.406 -0.2089755273
24.408 -0.208999425
24.41 -0.2090231006
24.412 -0.2090465491
24.414 -0.2090697652
24.416 -0.2090927434
24.418 -0.2091154786
24.42 -0.2091379662
24.422 -0.2091601999
24.424 -0.2091821745
24.426 -0.2092038863
24.428 -0.2092253315
24.43 -0.2092465061
24.432 -0.2092674051
24.434 -0.2092880244
24.436 -0.2093083611
24.438 -0.2093284123
24.44 -0.209348175
24.442 -0.2093676466
24.444 -0.2093868243
24.446 -0.209405706
24.448 -0.2094242893
24.45 -0.209442572
24.452 -0.2094605518
24.454 -0.2094782273
24.456 -0.209495597
24.458 -0.2095126546
24.46 -0.2095293971
24.462 -0.2095458227
24.464 -0.2095619291
24.466 -0.2095777156
24.468 -0.2095931817
24.47 -0.2096083268
24.472 -0.2096231514
24.474 -0.2096376557
24.476 -0.2096518399
24.478 -0.2096657036
24.48 -0.2096792469
24.482 -0.2096924696
24.484 -0.2097053717
24.486 -0.2097179533
24.488 -0.209730214
24.49 -0.2097421534
24.492 -0.2097537709
24.494 -0.2097650663
24.496 -0.2097760386
24.498 -0.2097866869
24.5 -0.2097970101
24.502 -0.2098070069
24.504 -0.2098166758
24.506 -0.2098260148
24.508 -0.2098350219
24.51 -0.2098436954
24.512 -0.209852033
24.514 -0.2098600329
24.516 -0.2098676926
24.518 -0.2098750102
24.52 -0.2098819832
24.522 -0.2098886096
24.524 -0.2098948873
24.526 -0.2099008145
24.528 -0.2099063892
24.53 -0.2099116087
24.532 -0.2099164709
24.534 -0.2099209693
24.536 -0.2099251032
24.538 -0.20992887
24.54 -0.2099322644
24.542 -0.2099352838
24.544 -0.209937926
24.546 -0.2099401945
24.548 -0.209942085
24.55 -0.2099435929
24.552 -0.2099447189
24.554 -0.2099454614
24.556 -0.2099458196
24.558 -0.2099457929
24.56 -0.20994538
24.562 -0.2099445806
24.564 -0.2099433944
24.566 -0.2099418213
24.568 -0.209939861
24.57 -0.2099375444
24.572 -0.2099348935
24.574 -0.2099318912
24.576 -0.2099285403
24.578 -0.2099248347
24.58 -0.2099207806
24.582 -0.2099163721
24.584 -0.2099116131
24.586 -0.2099065039
24.588 -0.2099010437
24.59 -0.2098952344
24.592 -0.2098890761
24.594 -0.2098825716
24.596 -0.2098757212
24.598 -0.2098685284
24.6 -0.2098609903
24.602 -0.2098531094
24.604 -0.2098448853
24.606 -0.2098363216
24.608 -0.2098274199
24.61 -0.2098181821
24.612 -0.2098086117
24.614 -0.2097987134
24.616 -0.2097884861
24.618 -0.2097779319
24.62 -0.2097670538
24.622 -0.2097558548
24.624 -0.2097443353
24.626 -0.209732497
24.628 -0.2097203422
24.63 -0.2097078725
24.632 -0.2096950883
24.634 -0.209681991
24.636 -0.2096685826
24.638 -0.2096548641
24.64 -0.2096408365
24.642 -0.2096265012
24.644 -0.2096118597
24.646 -0.2095969136
24.648 -0.2095816639
24.65 -0.2095661117
24.652 -0.2095502582
24.654 -0.2095341763
24.656 -0.2095179608
24.658 -0.2095016464
24.66 -0.209485225
24.662 -0.209468696
24.664 -0.2094520586
24.666 -0.2094353127
24.668 -0.2094184582
24.67 -0.2094015029
24.672 -0.2093844534
24.674 -0.2093673074
24.676 -0.2093500647
24.678 -0.209332725
24.68 -0.2093152877
24.682 -0.2092977521
24.684 -0.2092801178
24.686 -0.2092623846
24.688 -0.2092445516
24.69 -0.2092266181
24.692 -0.2092085832
24.694 -0.2091904456
24.696 -0.2091722045
24.698 -0.209153859
24.7 -0.2091354079
24.702 -0.2091168498
24.704 -0.2090981838
24.706 -0.2090794089
24.708 -0.2090605245
24.71 -0.2090415289
24.712 -0.2090224213
24.714 -0.2090032004
24.716 -0.2089838647
24.718 -0.2089644114
24.72 -0.2089448389
24.722 -0.208925146
24.724 -0.2089053308
24.726 -0.2088853909
24.728 -0.2088653241
24.73 -0.2088451277
24.732 -0.2088247991
24.734 -0.2088043354
24.736 -0.2087837343
24.738 -0.208762993
24.74 -0.2087421085
24.742 -0.2087210779
24.744 -0.2086998982
24.746 -0.2086785665
24.748 -0.2086570806
24.75 -0.2086354395
24.752 -0.2086136375
24.754 -0.2085916701
24.756 -0.2085695346
24.758 -0.2085472284
24.76 -0.2085247506
24.762 -0.2085020962
24.764 -0.2084792602
24.766 -0.2084562399
24.768 -0.2084330323
24.77 -0.2084096309
24.772 -0.2083860306
24.774 -0.2083622225
24.776 -0.208338198
24.778 -0.2083139486
24.78 -0.2082894696
24.782 -0.2082647605
24.784 -0.2082398137
24.786 -0.2082146346
24.788 -0.2081892214
24.79 -0.2081635671
24.792 -0.2081376711
24.794 -0.2081115258
24.796 -0.2080851262
24.798 -0.2080584706
24.8 -0.2080315528
24.802 -0.2080043689
24.804 -0.2079769145
24.806 -0.2079491859
24.808 -0.2079211783
24.81 -0.207892877
24.812 -0.2078642699
24.814 -0.2078353582
24.816 -0.2078061378
24.818 -0.2077766056
24.82 -0.2077467594
24.822 -0.2077165964
24.824 -0.2076861121
24.826 -0.2076553049
24.828 -0.2076241707
24.83 -0.2075927075
24.832 -0.2075609125
24.834 -0.2075287836
24.836 -0.2074963163
24.838 -0.2074635101
24.84 -0.2074303627
24.842 -0.2073968676
24.844 -0.2073630239
24.846 -0.2073288297
24.848 -0.2072942797
24.85 -0.2072593744
24.852 -0.2072241122
24.854 -0.2071884883
24.856 -0.2071525036
24.858 -0.2071161573
24.86 -0.2070794453
24.862 -0.2070423639
24.864 -0.2070049138
24.866 -0.2069670943
24.868 -0.2069289035
24.87 -0.2068903381
24.872 -0.2068513939
24.874 -0.2068120726
24.876 -0.2067723733
24.878 -0.2067322939
24.88 -0.2066918335
24.882 -0.2066509911
24.884 -0.2066097659
24.886 -0.2065681541
24.888 -0.2065261529
24.89 -0.2064837635
24.892 -0.2064409862
24.894 -0.2063978169
24.896 -0.2063542558
24.898 -0.206310302
24.9 -0.2062659541
24.902 -0.2062212143
24.904 -0.2061760821
24.906 -0.2061305567
24.908 -0.2060846369
24.91 -0.2060383147
24.912 -0.2059915879
24.914 -0.2059444589
24.916 -0.2058969257
24.918 -0.2058489875
24.92 -0.2058006444
24.922 -0.2057518963
24.924 -0.2057027427
24.926 -0.2056531824
24.928 -0.2056032158
24.93 -0.2055528425
24.932 -0.2055020627
24.934 -0.2054508765
24.936 -0.2053992837
24.938 -0.2053472846
24.94 -0.2052948785
24.942 -0.2052420661
24.944 -0.2051888469
24.946 -0.2051352214
24.948 -0.20508119
24.95 -0.2050267535
24.952 -0.204971912
24.954 -0.2049166665
24.956 -0.2048610178
24.958 -0.2048049672
24.96 -0.2047485145
24.962 -0.2046916607
24.964 -0.2046344061
24.966 -0.2045767519
24.968 -0.2045186982
24.97 -0.2044602474
24.972 -0.2044014003
24.974 -0.204342158
24.976 -0.2042825224
24.978 -0.2042224938
24.98 -0.2041620742
24.982 -0.2041012643
24.984 -0.204040063
24.986 -0.2039784717
24.988 -0.2039164938
24.99 -0.2038541314
24.992 -0.2037913861
24.994 -0.2037282595
24.996 -0.2036647535
24.998 -0.2036008697
25 -0.2035366104
25.002 -0.2034719773
25.004 -0.2034069732
25.006 -0.2033416003
25.008 -0.203275862
25.01 -0.2032097607
25.012 -0.2031432995
25.014 -0.20307648
25.016 -0.2030093059
25.018 -0.2029417791
25.02 -0.2028739025
25.022 -0.2028056789
25.024 -0.2027371118
25.026 -0.2026682038
25.028 -0.2025989576
25.03 -0.202529376
25.032 -0.2024594617
25.034 -0.2023892176
25.036 -0.202318648
25.038 -0.2022477556
25.04 -0.2021765415
25.042 -0.2021050086
25.044 -0.2020331616
25.046 -0.2019610039
25.048 -0.2018885388
25.05 -0.201815769
25.052 -0.2017426985
25.054 -0.201669331
25.056 -0.2015956701
25.058 -0.2015217189
25.06 -0.2014474813
25.062 -0.2013729604
25.064 -0.2012981607
25.066 -0.2012230893
25.068 -0.2011477468
25.07 -0.2010721369
25.072 -0.2009962625
25.074 -0.2009198857
25.076 -0.2008428972
25.078 -0.2007653804
25.08 -0.2006873522
25.082 -0.200608821
25.084 -0.2005297963
25.086 -0.200450284
25.088 -0.2003702903
25.09 -0.2002898216
25.092 -0.2002088835
25.094 -0.2001274813
25.096 -0.200045621
25.098 -0.1999633084
25.1 -0.1998805496
25.102 -0.1997973509
25.104 -0.1997137188
25.106 -0.1996296591
25.108 -0.1995451787
25.11 -0.1994602841
25.112 -0.1993749808
25.114 -0.1992892747
25.116 -0.1992031716
25.118 -0.1991166772
25.12 -0.1990297976
25.122 -0.1989425393
25.124 -0.1988549084
25.126 -0.198766911
25.128 -0.1986785533
25.13 -0.1985898415
25.132 -0.1985007818
25.134 -0.1984113808
25.136 -0.1983216443
25.138 -0.1982315786
25.14 -0.1981411901
25.142 -0.198050485
25.144 -0.1979594683
25.146 -0.1978681456
25.148 -0.1977765234
25.15 -0.1976846079
25.152 -0.1975924056
25.154 -0.1974999228
25.156 -0.1974071657
25.158 -0.1973141406
25.16 -0.1972208541
25.162 -0.1971273125
25.164 -0.1970335197
25.166 -0.1969394788
25.168 -0.1968451958
25.17 -0.1967506778
25.172 -0.196655931
25.174 -0.1965609623
25.176 -0.1964657776
25.178 -0.1963703834
25.18 -0.1962747854
25.182 -0.1961789892
25.184 -0.1960830017
25.186 -0.1959868286
25.188 -0.1958904762
25.19 -0.1957939503
25.192 -0.1956972571
25.194 -0.1956004023
25.196 -0.1955033917
25.198 -0.1954062305
25.2 -0.1953089245
25.202 -0.1952114792
25.204 -0.1951139004
25.206 -0.1950161934
25.208 -0.1949183636
25.21 -0.1948204164
25.212 -0.194722357
25.214 -0.1946241908
25.216 -0.1945259223
25.218 -0.1944275567
25.22 -0.1943290992
25.222 -0.1942305543
25.224 -0.1941319262
25.226 -0.1940332195
25.228 -0.1939344382
25.23 -0.1938355861
25.232 -0.1937366673
25.234 -0.1936376862
25.236 -0.1935386461
25.238 -0.1934395501
25.24 -0.1933404016
25.242 -0.1932412035
25.244 -0.1931419586
25.246 -0.1930426697
25.248 -0.1929433391
25.25 -0.1928439692
25.252 -0.1927445619
25.254 -0.1926451193
25.256 -0.1925456379
25.258 -0.192446116
25.26 -0.1923465568
25.262 -0.1922469616
25.264 -0.1921473313
25.266 -0.1920476672
25.268 -0.1919479699
25.27 -0.1918483344
25.272 -0.1917488616
25.274 -0.1916495742
25.276 -0.1915504649
25.278 -0.1914515319
25.28 -0.1913527725
25.282 -0.1912541854
25.284 -0.1911557697
25.286 -0.191057525
25.288 -0.190959451
25.29 -0.1908615472
25.292 -0.1907638134
25.294 -0.1906662489
25.296 -0.1905688531
25.298 -0.1904716249
25.3 -0.1903745636
25.302 -0.1902776676
25.304 -0.1901809357
25.306 -0.1900843663
25.308 -0.189987958
25.31 -0.1898917094
25.312 -0.1897956187
25.314 -0.1896996837
25.316 -0.1896039022
25.318 -0.1895082722
25.32 -0.1894127911
25.322 -0.1893174555
25.324 -0.1892222627
25.326 -0.1891272092
25.328 -0.1890322942
25.33 -0.1889375079
25.332 -0.1888428581
25.334 -0.1887483551
25.336 -0.1886539819
25.338 -0.1885597346
25.34 -0.1884656144
25.342 -0.1883716133
25.344 -0.1882777176
25.346 -0.1881839244
25.348 -0.1880902345
25.35 -0.187996639
25.352 -0.1879031306
25.354 -0.1878097024
25.356 -0.1877163471
25.358 -0.1876230579
25.36 -0.1875298194
25.362 -0.1874366209
25.364 -0.1873434578
25.366 -0.187250322
25.368 -0.1871572054
25.37 -0.1870641
25.372 -0.1869709974
25.374 -0.1868778893
25.376 -0.1867847673
25.378 -0.1866916227
25.38 -0.1865984472
25.382 -0.1865052319
25.384 -0.1864119679
25.386 -0.1863186462
25.388 -0.1862252578
25.39 -0.1861317939
25.392 -0.1860382453
25.394 -0.185944603
25.396 -0.1858508578
25.398 -0.1857570014
25.4 -0.1856630249
25.402 -0.1855689187
25.404 -0.1854746736
25.406 -0.18538028
25.408 -0.1852857285
25.41 -0.1851910099
25.412 -0.1850961149
25.414 -0.1850010341
25.416 -0.1849057581
25.418 -0.1848102778
25.42 -0.184714584
25.422 -0.1846186675
25.424 -0.1845225189
25.426 -0.1844261291
25.428 -0.1843294889
25.43 -0.1842325897
25.432 -0.1841354228
25.434 -0.184037979
25.436 -0.1839402493
25.438 -0.1838422247
25.44 -0.1837438927
25.442 -0.1836452421
25.444 -0.1835462656
25.446 -0.1834469544
25.448 -0.1833472999
25.45 -0.1832472937
25.452 -0.1831469271
25.454 -0.1830461919
25.456 -0.1829450803
25.458 -0.1828435843
25.46 -0.1827416959
25.462 -0.1826394073
25.464 -0.1825367108
25.466 -0.1824335989
25.468 -0.1823300646
25.47 -0.1822261004
25.472 -0.1821216799
25.474 -0.1820167851
25.476 -0.1819114156
25.478 -0.1818055655
25.48 -0.1816992287
25.482 -0.1815923993
25.484 -0.1814850705
25.486 -0.1813772361
25.488 -0.1812688905
25.49 -0.1811600282
25.492 -0.1810506437
25.494 -0.1809407313
25.496 -0.1808302857
25.498 -0.1807193013
25.5 -0.1806077731
25.502 -0.1804956958
25.504 -0.1803830637
25.506 -0.1802698715
25.508 -0.1801561145
25.51 -0.1800417879
25.512 -0.1799268872
25.514 -0.1798114077
25.516 -0.179695342
25.518 -0.1795786846
25.52 -0.1794614322
25.522 -0.179343581
25.524 -0.1792251271
25.526 -0.1791060668
25.528 -0.1789863966
25.53 -0.1788661127
25.532 -0.178745212
25.534 -0.1786236911
25.536 -0.1785015471
25.538 -0.1783787769
25.54 -0.1782553776
25.542 -0.1781313465
25.544 -0.178006681
25.546 -0.1778813789
25.548 -0.1777554378
25.55 -0.1776288553
25.552 -0.1775016295
25.554 -0.1773737584
25.556 -0.1772452409
25.558 -0.1771160755
25.56 -0.1769862588
25.562 -0.1768557888
25.564 -0.1767246654
25.566 -0.1765928883
25.568 -0.1764604565
25.57 -0.1763273694
25.572 -0.1761936263
25.574 -0.176059227
25.576 -0.1759241717
25.578 -0.1757884606
25.58 -0.1756520939
25.582 -0.1755150723
25.584 -0.1753773966
25.586 -0.1752390678
25.588 -0.175100087
25.59 -0.1749604557
25.592 -0.1748201756
25.594 -0.1746792485
25.596 -0.1745376762
25.598 -0.174395461
25.6 -0.1742526109
25.602 -0.1741091316
25.604 -0.1739650248
25.606 -0.173820294
25.608 -0.1736749428
25.61 -0.1735289753
25.612 -0.1733823957
25.614 -0.1732352082
25.616 -0.1730874176
25.618 -0.1729390286
25.62 -0.1727900462
25.622 -0.1726404755
25.624 -0.172490322
25.626 -0.1723395915
25.628 -0.1721882898
25.63 -0.1720364236
25.632 -0.1718839985
25.634 -0.1717310201
25.636 -0.1715774951
25.638 -0.1714234302
25.64 -0.1712688331
25.642 -0.1711137104
25.644 -0.1709580685
25.646 -0.1708019157
25.648 -0.1706452592
25.65 -0.1704881059
25.652 -0.1703304637
25.654 -0.1701723412
25.656 -0.1700137458
25.658 -0.1698546853
25.66 -0.1696951678
25.662 -0.1695352009
25.664 -0.169374794
25.666 -0.1692139555
25.668 -0.1690526934
25.67 -0.1688910162
25.672 -0.168728933
25.674 -0.1685664529
25.676 -0.1684035849
25.678 -0.1682403382
25.68 -0.1680767225
25.682 -0.1679127472
25.684 -0.167748422
25.686 -0.1675837566
25.688 -0.1674187607
25.69 -0.167253444
25.692 -0.1670878105
25.694 -0.1669218668
25.696 -0.1667556178
25.698 -0.1665890789
25.7 -0.1664222603
25.702 -0.1662551724
25.704 -0.1660878234
25.706 -0.1659202233
25.708 -0.1657523828
25.71 -0.1655843103
25.712 -0.165416016
25.714 -0.1652475103
25.716 -0.1650788016
25.718 -0.1649089602
25.72 -0.1647383033
25.722 -0.1645669815
25.724 -0.1643952618
25.726 -0.164223157
25.728 -0.1640507624
25.73 -0.1638781032
25.732 -0.1637052221
25.734 -0.1635321413
25.736 -0.1633588862
25.738 -0.1631854779
25.74 -0.1630119339
25.742 -0.1628382587
25.744 -0.1626644792
25.746 -0.1624906112
25.748 -0.1623166758
25.75 -0.1621426894
25.752 -0.1619686719
25.754 -0.161794638
25.756 -0.1616206089
25.758 -0.1614465994
25.76 -0.1612726291
25.762 -0.1610987121
25.764 -0.1609248678
25.766 -0.1607511092
25.768 -0.1605774386
25.77 -0.160403887
25.772 -0.1602304619
25.774 -0.1600571648
25.776 -0.1598840246
25.778 -0.1597110462
25.78 -0.1595382288
25.782 -0.1593655976
25.784 -0.1591931532
25.786 -0.1590208906
25.788 -0.1588488191
25.79 -0.1586769422
25.792 -0.1585052627
25.794 -0.1583337952
25.796 -0.1581625337
25.798 -0.1579914672
25.8 -0.1578205983
25.802 -0.1576499253
25.804 -0.1574794578
25.806 -0.1573091854
25.808 -0.157139094
25.81 -0.1569691826
25.812 -0.1567994453
25.814 -0.1566298759
25.816 -0.1564604676
25.818 -0.1562912133
25.82 -0.1561221055
25.822 -0.1559531363
25.824 -0.1557842977
25.826 -0.1556155813
25.828 -0.1554469788
25.83 -0.1552784816
25.832 -0.1551100815
25.834 -0.1549417702
25.836 -0.1547735392
25.838 -0.1546053802
25.84 -0.154437285
25.842 -0.1542692455
25.844 -0.1541012538
25.846 -0.1539333021
25.848 -0.153765383
25.85 -0.153597489
25.852 -0.1534296128
25.854 -0.1532617474
25.856 -0.1530938861
25.858 -0.1529260225
25.86 -0.15275815
25.862 -0.1525902626
25.864 -0.1524223537
25.866 -0.152254417
25.868 -0.1520864465
25.87 -0.1519184359
25.872 -0.1517503798
25.874 -0.151582194
25.876 -0.1514139727
25.878 -0.1512456199
25.88 -0.1510771572
25.882 -0.1509085632
25.884 -0.1507398625
25.886 -0.1505710402
25.888 -0.150402099
25.89 -0.1502330322
25.892 -0.1500638385
25.894 -0.149894514
25.896 -0.1497250562
25.898 -0.1495554617
25.9 -0.1493857275
25.902 -0.1492158506
25.904 -0.1490458278
25.906 -0.1488756557
25.908 -0.1487053308
25.91 -0.1485348498
25.912 -0.1483642086
25.914 -0.1481934028
25.916 -0.148022428
25.918 -0.1478512794
25.92 -0.1476799523
25.922 -0.1475084414
25.924 -0.1473367414
25.926 -0.1471648467
25.928 -0.1469927513
25.93 -0.146820449
25.932 -0.1466479334
25.934 -0.1464751979
25.936 -0.1463022356
25.938 -0.1461290385
25.94 -0.1459555993
25.942 -0.1457819112
25.944 -0.1456079669
25.946 -0.1454337588
25.948 -0.145259279
25.95 -0.1450845199
25.952 -0.144909544
25.954 -0.1447343164
25.956 -0.1445588217
25.958 -0.1443830314
25.96 -0.1442069402
25.962 -0.1440305285
25.964 -0.1438537832
25.966 -0.1436766958
25.968 -0.1434992585
25.97 -0.1433214631
25.972 -0.1431432971
25.974 -0.142964756
25.976 -0.1427858338
25.978 -0.1426065257
25.98 -0.1424268255
25.982 -0.1422467276
25.984 -0.1420662261
25.986 -0.1418853151
25.988 -0.1417039897
25.99 -0.1415222448
25.992 -0.1413400755
25.994 -0.141157477
25.996 -0.140974445
25.998 -0.1407909751
26 -0.1406070632
26.002 -0.1404227055
26.004 -0.1402378986
26.006 -0.1400526391
26.008 -0.1398669243
26.01 -0.1396807513
26.012 -0.1394941178
26.014 -0.1393070217
26.016 -0.1391194612
26.018 -0.1389314348
26.02 -0.138742941
26.022 -0.138553979
26.024 -0.1383645477
26.026 -0.1381746467
26.028 -0.1379842756
26.03 -0.137793435
26.032 -0.1376021252
26.034 -0.1374103463
26.036 -0.1372180989
26.038 -0.1370253835
26.04 -0.1368322012
26.042 -0.1366385528
26.044 -0.1364444396
26.046 -0.1362498629
26.048 -0.1360548292
26.05 -0.1358593375
26.052 -0.1356633887
26.054 -0.1354669831
26.056 -0.1352701224
26.058 -0.1350728074
26.06 -0.1348750395
26.062 -0.1346768206
26.064 -0.1344781525
26.066 -0.134279037
26.068 -0.1340794762
26.07 -0.1338794727
26.072 -0.1336790279
26.074 -0.1334781433
26.076 -0.1332768209
26.078 -0.133075063
26.08 -0.1328728717
26.082 -0.1326702487
26.084 -0.1324671959
26.086 -0.1322637148
26.088 -0.1320598071
26.09 -0.1318554743
26.092 -0.1316507179
26.094 -0.1314455396
26.096 -0.1312399406
26.098 -0.1310339237
26.1 -0.1308274908
26.102 -0.130620643
26.104 -0.1304133816
26.106 -0.1302057079
26.108 -0.1299976231
26.11 -0.1297891285
26.112 -0.1295802253
26.114 -0.1293709146
26.116 -0.1291611975
26.118 -0.1289510755
26.12 -0.1287405494
26.122 -0.1285296203
26.124 -0.1283182901
26.126 -0.1281065599
26.128 -0.1278944314
26.13 -0.1276819064
26.132 -0.1274689857
26.134 -0.1272556698
26.136 -0.1270419596
26.138 -0.1268278562
26.14 -0.1266133604
26.142 -0.1263984732
26.144 -0.1261831962
26.146 -0.1259675307
26.148 -0.1257514775
26.15 -0.1255350381
26.152 -0.1253182138
26.154 -0.1251010057
26.156 -0.1248834148
26.158 -0.1246654424
26.16 -0.1244470896
26.162 -0.1242283575
26.164 -0.124009248
26.166 -0.1237897625
26.168 -0.1235699022
26.17 -0.1233496683
26.172 -0.1231290622
26.174 -0.1229080851
26.176 -0.1226867382
26.178 -0.122465023
26.18 -0.1222429409
26.182 -0.1220204939
26.184 -0.1217976837
26.186 -0.1215745101
26.188 -0.1213509748
26.19 -0.1211270806
26.192 -0.1209028291
26.194 -0.1206782222
26.196 -0.1204532619
26.198 -0.1202279501
26.2 -0.1200022885
26.202 -0.119776279
26.204 -0.1195499236
26.206 -0.1193232241
26.208 -0.1190961827
26.21 -0.1188688014
26.212 -0.1186410818
26.214 -0.1184130259
26.216 -0.1181846358
26.218 -0.1179559132
26.22 -0.1177268603
26.222 -0.1174974794
26.224 -0.1172677728
26.226 -0.117037737
26.228 -0.1168073709
26.23 -0.1165766788
26.232 -0.1163456638
26.234 -0.1161143364
26.236 -0.1158826908
26.238 -0.1156507235
26.24 -0.1154184445
26.242 -0.115185857
26.244 -0.1149529637
26.246 -0.1147197676
26.248 -0.1144862718
26.25 -0.1142524498
26.252 -0.114018287
26.254 -0.1137837997
26.256 -0.1135489929
26.258 -0.1133138792
26.26 -0.1130784608
26.262 -0.1128427369
26.264 -0.1126067144
26.266 -0.1123703986
26.268 -0.1121337942
26.27 -0.1118969078
26.272 -0.1116597462
26.274 -0.1114223162
26.276 -0.1111846244
26.278 -0.1109466773
26.28 -0.1107084757
26.282 -0.1104700243
26.284 -0.1102313312
26.286 -0.1099924029
26.288 -0.1097532457
26.29 -0.109513843
26.292 -0.1092742117
26.294 -0.1090343782
26.296 -0.1087943126
26.298 -0.1085540335
26.3 -0.1083135718
26.302 -0.1080729242
26.304 -0.1078320724
26.306 -0.107591032
26.308 -0.1073498284
26.31 -0.10710843
26.312 -0.1068668546
26.314 -0.1066251316
26.316 -0.1063832328
26.318 -0.1061411721
26.32 -0.1058989736
26.322 -0.1056566047
26.324 -0.1054140815
26.326 -0.1051714322
26.328 -0.1049286294
26.33 -0.1046856839
26.332 -0.1044426111
26.334 -0.1041993861
26.336 -0.1039560258
26.338 -0.103712551
26.34 -0.1034689315
26.342 -0.1032251727
26.344 -0.1029812992
26.346 -0.1027372849
26.348 -0.1024931393
26.35 -0.1022488553
26.352 -0.1020044391
26.354 -0.1017599158
26.356 -0.1015152528
26.358 -0.1012704541
26.36 -0.1010255187
26.362 -0.1007804013
26.364 -0.1005350843
26.366 -0.1002895529
26.368 -0.100043825
26.37 -0.09979789017
26.372 -0.09955175521
26.374 -0.09930542177
26.376 -0.09905888528
26.378 -0.09881214361
26.38 -0.09856520379
26.382 -0.09831805535
26.384 -0.09807070419
26.386 -0.0978231752
26.388 -0.09757542835
26.39 -0.09732747621
26.392 -0.09707932062
26.394 -0.09683095764
26.396 -0.09658238671
26.398 -0.09633361077
26.4 -0.09608462787
26.402 -0.09583544038
26.404 -0.09558604627
26.406 -0.09533645386
26.408 -0.0950866531
26.41 -0.09483665073
26.412 -0.09458644285
26.414 -0.09433603479
26.416 -0.09408542248
26.418 -0.09383461131
26.42 -0.09358359712
26.422 -0.09333238532
26.424 -0.09308097177
26.426 -0.09282933724
26.428 -0.09257751411
26.43 -0.09232549296
26.432 -0.09207327584
26.434 -0.09182086968
26.436 -0.0915682722
26.438 -0.09131547367
26.44 -0.0910624791
26.442 -0.09080929478
26.444 -0.09055591815
26.446 -0.09030233969
26.448 -0.09004853995
26.45 -0.08979455338
26.452 -0.08954037661
26.454 -0.08928600892
26.456 -0.08903143798
26.458 -0.08877664567
26.46 -0.08852166376
26.462 -0.08826649032
26.464 -0.08801112164
26.466 -0.08775554204
26.468 -0.08749974552
26.47 -0.08724377593
26.472 -0.08698761448
26.474 -0.08673122977
26.476 -0.08647465326
26.478 -0.08621788738
26.48 -0.0859609261
26.482 -0.0857037701
26.484 -0.08544642083
26.486 -0.08518885561
26.488 -0.08493105134
26.49 -0.08467303901
26.492 -0.08441483066
26.494 -0.0841564008
26.496 -0.08389776744
26.498 -0.08363891145
26.5 -0.08337980764
26.502 -0.08312046668
26.504 -0.08286088601
26.506 -0.08260108323
26.508 -0.08234104738
26.51 -0.08208076494
26.512 -0.08182023859
26.514 -0.08155948865
26.516 -0.08129849906
26.518 -0.08103726598
26.52 -0.08077579445
26.522 -0.08051404922
26.524 -0.08025203255
26.526 -0.07998974367
26.528 -0.07972718248
26.53 -0.07946438483
26.532 -0.07920133068
26.534 -0.07893798982
26.536 -0.07867437136
26.538 -0.07841050072
26.54 -0.07814636318
26.542 -0.07788192947
26.544 -0.07761721782
26.546 -0.07735224207
26.548 -0.07708699234
26.55 -0.07682144099
26.552 -0.07655559989
26.554 -0.07628946319
26.556 -0.07602303308
26.558 -0.07575632993
26.56 -0.07548934267
26.562 -0.07522204859
26.564 -0.0749544569
26.566 -0.0746865614
26.568 -0.07441836268
26.57 -0.07414989074
26.572 -0.07388112087
26.574 -0.07361204014
26.576 -0.07334264269
26.578 -0.07307293521
26.58 -0.0728029203
26.582 -0.07253258633
26.584 -0.07226193559
26.586 -0.07199097616
26.588 -0.07171972888
26.59 -0.0714481815
26.592 -0.07117630748
26.594 -0.07090410801
26.596 -0.07063158531
26.598 -0.07035874736
26.6 -0.07008559765
26.602 -0.06981211531
26.604 -0.06953830977
26.606 -0.06926419285
26.608 -0.06898974062
26.61 -0.06871496149
26.612 -0.06843986859
26.614 -0.0681644748
26.616 -0.06788877098
26.618 -0.0676127309
26.62 -0.06733636459
26.622 -0.06705967914
26.624 -0.06678267102
26.626 -0.06650533134
26.628 -0.06622766524
26.63 -0.06594967102
26.632 -0.06567135087
26.634 -0.06539270364
26.636 -0.06511373269
26.638 -0.06483444533
26.64 -0.06455483907
26.642 -0.06427491421
26.644 -0.06399467116
26.646 -0.06371410177
26.648 -0.06343321129
26.65 -0.06315200764
26.652 -0.06287048919
26.654 -0.06258865637
26.656 -0.06230650741
26.658 -0.06202408078
26.66 -0.06174139042
26.662 -0.06145843433
26.664 -0.06117519981
26.666 -0.06089169507
26.668 -0.0606079258
26.67 -0.06032389013
26.672 -0.06003958707
26.674 -0.05975501573
26.676 -0.0594701747
26.678 -0.05918506256
26.68 -0.0588996736
26.682 -0.0586140146
26.684 -0.05832809106
26.686 -0.05804189803
26.688 -0.05775543251
26.69 -0.05746869227
26.692 -0.05718167475
26.694 -0.0568943761
26.696 -0.05660679314
26.698 -0.056318925
26.7 -0.05603077086
26.702 -0.05574232972
26.704 -0.05545360044
26.706 -0.05516458181
26.708 -0.05487527271
26.71 -0.05458567245
26.712 -0.05429578059
26.714 -0.05400559618
26.716 -0.05371511823
26.718 -0.05342434646
26.72 -0.05313328135
26.722 -0.05284192328
26.724 -0.05255027291
26.726 -0.05225833089
26.728 -0.05196609776
26.73 -0.05167357417
26.732 -0.05138076088
26.734 -0.05108765877
26.736 -0.05079426879
26.738 -0.05050059267
26.74 -0.05020663199
26.742 -0.04991238778
26.744 -0.04961786132
26.746 -0.04932305405
26.748 -0.04902796747
26.75 -0.04873260307
26.752 -0.0484369624
26.754 -0.04814104711
26.756 -0.04784485884
26.758 -0.04754839943
26.76 -0.04725167042
26.762 -0.0469546737
26.764 -0.04665741087
26.766 -0.04635988359
26.768 -0.04606209398
26.77 -0.04576404427
26.772 -0.04546573633
26.774 -0.04516717213
26.776 -0.04486835398
26.778 -0.0445692842
26.78 -0.04426996493
26.782 -0.04397039819
26.784 -0.04367058611
26.786 -0.04337053079
26.788 -0.04307024302
26.79 -0.04276973094
26.792 -0.04246899323
26.794 -0.04216803141
26.796 -0.0418668469
26.798 -0.04156544125
26.8 -0.04126381585
26.802 -0.04096197182
26.804 -0.04065991065
26.806 -0.04035763367
26.808 -0.04005514194
26.81 -0.03975243665
26.812 -0.03944951887
26.814 -0.0391463897
26.816 -0.03884304973
26.818 -0.03853949973
26.82 -0.03823574079
26.822 -0.03793177385
26.824 -0.03762759982
26.826 -0.03732321955
26.828 -0.03701863388
26.83 -0.03671384454
26.832 -0.0364088521
26.834 -0.03610365677
26.836 -0.03579825974
26.838 -0.03549266198
26.84 -0.03518686515
26.842 -0.03488087161
26.844 -0.03457468179
26.846 -0.03426829566
26.848 -0.03396171408
26.85 -0.03365493784
26.852 -0.0333478913
26.854 -0.0330405622
26.856 -0.0327329903
26.858 -0.03242518207
26.86 -0.03211714124
26.862 -0.03180887106
26.864 -0.03150037307
26.866 -0.03119165018
26.868 -0.0308827055
26.87 -0.03057354115
26.872 -0.0302641589
26.874 -0.0299545611
26.876 -0.02964475043
26.878 -0.02933460721
26.88 -0.02902412094
26.882 -0.02871331795
26.884 -0.02840221968
26.886 -0.02809082606
26.888 -0.02777914591
26.89 -0.02746717892
26.892 -0.02715492763
26.894 -0.02684239811
26.896 -0.02652959513
26.898 -0.02621652292
26.9 -0.02590318789
26.902 -0.02558959522
26.904 -0.02527575038
26.906 -0.02496165936
26.908 -0.02464732798
26.91 -0.02433276382
26.912 -0.02401797342
26.914 -0.02370296356
26.916 -0.02338774096
26.918 -0.02307231234
26.92 -0.02275668453
26.922 -0.02244086411
26.924 -0.02212485748
26.926 -0.02180867013
26.928 -0.02149230908
26.93 -0.02117578019
26.932 -0.02085908891
26.934 -0.02054224127
26.936 -0.02022524237
26.938 -0.01990809423
26.94 -0.0195908031
26.942 -0.01927337325
26.944 -0.0189558081
26.946 -0.01863811054
26.948 -0.01832028383
26.95 -0.01800232844
26.952 -0.01768425133
26.954 -0.01736605371
26.956 -0.01704773733
26.958 -0.0167293087
26.96 -0.01641077031
26.962 -0.01609212383
26.964 -0.01577337102
26.966 -0.01545451295
26.968 -0.01513554633
26.97 -0.01481647412
26.972 -0.01449729742
26.974 -0.01417802144
26.976 -0.01385864114
26.978 -0.01353915729
26.98 -0.01321956875
26.982 -0.01289987398
26.984 -0.01258007295
26.986 -0.01226016612
26.988 -0.01194015288
26.99 -0.01162002845
26.992 -0.01129979424
26.994 -0.01097945049
26.996 -0.0106589933
26.998 -0.01033842226
27 -0.01001773499
27.002 -0.009696932843
27.004 -0.009376014403
27.006 -0.009054975161
27.008 -0.008733809178
27.01 -0.008412505505
27.012 -0.008091062939
27.014 -0.007769480319
27.016 -0.007447753039
27.018 -0.007125882202
27.02 -0.006803872016
27.022 -0.006481731027
27.024 -0.006159458346
27.026 -0.005837056034
27.028 -0.005514520996
27.03 -0.005191855168
27.032 -0.004869056572
27.034 -0.004546126062
27.036 -0.004223060167
27.038 -0.003899859525
27.04 -0.003576518184
27.042 -0.003253037619
27.044 -0.002929411814
27.046 -0.002605635849
27.048 -0.00228170339
27.05 -0.001957613049
27.052 -0.001633356805
27.054 -0.001308935446
27.056 -0.0009843457018
27.058 -0.0006595861424
27.06 -0.0003346582878
27.062 -9.565695236e-06
27.064 0.0003156928334
27.066 0.0006411165108
27.068 0.000966704317
27.07 0.0012924572
27.072 0.001618373316
27.074 0.001944453431
27.076 0.002270697502
27.078 0.002597107035
27.08 0.002923679107
27.082 0.003250416234
27.084 0.003577319199
27.086 0.003904388557
27.088 0.004231621428
27.09 0.004559021002
27.092 0.004886588056
27.094 0.005214323033
27.096 0.005542223368
27.098 0.005870292827
27.1 0.006198532003
27.102 0.006526941688
27.104 0.006855521959
27.106 0.007184272161
27.108 0.007513195158
27.11 0.007842293804
27.112 0.008171567246
27.114 0.008501013753
27.116 0.008830633022
27.118 0.009160432528
27.12 0.009490417383
27.122 0.009820585666
27.124 0.01015094074
27.126 0.01048148465
27.128 0.01081221753
27.13 0.01114314104
27.132 0.01147425811
27.134 0.01180557091
27.136 0.01213707789
27.138 0.01246878185
27.14 0.01280068363
27.142 0.0131327764
27.144 0.01346505502
27.146 0.01379752067
27.148 0.01413017242
27.15 0.014463009
27.152 0.01479602903
27.154 0.01512923155
27.156 0.01546261421
27.158 0.01579617019
27.16 0.01612989469
27.162 0.01646378635
27.164 0.01679784442
27.166 0.01713206865
27.168 0.01746645898
27.17 0.01780101556
27.172 0.0181357387
27.174 0.01847062914
27.176 0.01880568694
27.178 0.01914091267
27.18 0.0194763077
27.182 0.01981187318
27.184 0.02014761028
27.186 0.02048352022
27.188 0.02081960431
27.19 0.02115586383
27.192 0.02149230011
27.194 0.02182891443
27.196 0.02216570606
27.198 0.02250267492
27.2 0.02283982312
27.202 0.02317715206
27.204 0.02351466278
27.206 0.02385235561
27.208 0.02419023231
27.21 0.02452829588
27.212 0.02486654826
27.214 0.02520499103
27.216 0.02554362553
27.218 0.02588245295
27.22 0.02622147425
27.222 0.02656069023
27.224 0.02690010023
27.226 0.027239704
27.228 0.02757950269
27.23 0.02791949684
27.232 0.02825968691
27.234 0.02860007209
27.236 0.02894065176
27.238 0.02928142616
27.24 0.02962239585
27.242 0.0299635558
27.244 0.03030490045
27.246 0.03064642964
27.248 0.0309881431
27.25 0.03133004172
27.252 0.03167212611
27.254 0.03201439725
27.256 0.0323568561
27.258 0.03269950387
27.26 0.0330423416
27.262 0.03338537049
27.264 0.03372854908
27.266 0.03407186841
27.268 0.0344153339
27.27 0.03475895198
27.272 0.03510272063
27.274 0.03544664329
27.276 0.03579072147
27.278 0.03613495823
27.28 0.03647935608
27.282 0.03682392052
27.284 0.03716865591
27.286 0.03751356486
27.288 0.03785865068
27.29 0.03820391694
27.292 0.03854936708
27.294 0.03889500451
27.296 0.03924083252
27.298 0.0395868544
27.3 0.03993307326
27.302 0.04027949216
27.304 0.04062611396
27.306 0.04097294146
27.308 0.04131997721
27.31 0.04166722347
27.312 0.04201468228
27.314 0.04236235562
27.316 0.04271024527
27.318 0.04305835286
27.32 0.04340660403
27.322 0.04375495173
27.324 0.04410342678
27.326 0.04445203448
27.328 0.04480077998
27.33 0.04514966835
27.332 0.04549870447
27.334 0.04584789302
27.336 0.04619723839
27.338 0.04654674462
27.34 0.04689641562
27.342 0.04724625499
27.344 0.04759626608
27.346 0.0479464557
27.348 0.04829682405
27.35 0.04864736908
27.352 0.04899809055
27.354 0.04934898822
27.356 0.0497000621
27.358 0.05005131244
27.36 0.05040273974
27.362 0.05075434482
27.364 0.05110612873
27.366 0.05145809262
27.368 0.0518102379
27.37 0.05216256615
27.372 0.05251507913
27.374 0.05286777881
27.376 0.05322066713
27.378 0.05357374625
27.38 0.05392701865
27.382 0.05428048671
27.384 0.05463415337
27.386 0.05498802123
27.388 0.05534209232
27.39 0.05569636788
27.392 0.05605084999
27.394 0.05640554095
27.396 0.05676044226
27.398 0.05711555553
27.4 0.05747088051
27.402 0.05782641721
27.404 0.05818216556
27.406 0.05853812564
27.408 0.05889429795
27.41 0.05925068241
27.412 0.05960729567
27.414 0.05996413387
27.416 0.06032118756
27.418 0.06067845203
27.42 0.0610359249
27.422 0.06139360294
27.424 0.06175148265
27.426 0.06210956048
27.428 0.06246783316
27.43 0.06282629684
27.432 0.06318494728
27.434 0.06354378021
27.436 0.06390279331
27.438 0.06426198326
27.44 0.06462134583
27.442 0.06498087743
27.444 0.06534057536
27.446 0.06570043631
27.448 0.06606045632
27.45 0.06642062812
27.452 0.06678094789
27.454 0.06714141323
27.456 0.06750202094
27.458 0.06786276783
27.46 0.06822344798
27.462 0.06858409135
27.464 0.06894493546
27.466 0.06930581741
27.468 0.0696669552
27.47 0.07002809802
27.472 0.07038950587
27.474 0.07075090899
27.476 0.07111257636
27.478 0.07147423394
27.48 0.07183615297
27.482 0.07219805902
27.484 0.07256002122
27.486 0.07292200055
27.488 0.07328427384
27.49 0.07364660491
27.492 0.07400921367
27.494 0.07437182829
27.496 0.07473450293
27.498 0.07509719804
27.5 0.07546018659
27.502 0.07582323195
27.504 0.0761863499
27.506 0.07654950504
27.508 0.07691296004
27.51 0.07727648771
27.512 0.07764010636
27.514 0.07800377723
27.516 0.07836755299
27.518 0.07873143053
27.52 0.07909542852
27.522 0.07945955016
27.524 0.07982400448
27.526 0.08018855868
27.528 0.08055321052
27.53 0.08091792223
27.532 0.08128274535
27.534 0.08164767668
27.536 0.08201273197
27.538 0.08237791251
27.54 0.08274322298
27.542 0.08310866463
27.544 0.08347423915
27.546 0.0838399478
27.548 0.08420579114
27.55 0.08457176972
27.552 0.08493788343
27.554 0.08530413297
27.556 0.08567051863
27.558 0.0860370409
27.56 0.08640369984
27.562 0.08677049552
27.564 0.08713742845
27.566 0.08750449951
27.568 0.08787170911
27.57 0.08823905683
27.572 0.08860654139
27.574 0.08897416214
27.576 0.08934191939
27.578 0.08970981274
27.58 0.09007784191
27.582 0.09044600643
27.584 0.09081430596
27.586 0.09118248578
27.588 0.09155040535
27.59 0.0919181874
27.592 0.09228585995
27.594 0.09265345189
27.596 0.09302092436
27.598 0.09338833247
27.6 0.09375571301
27.602 0.09412308595
27.604 0.09449047373
27.606 0.09485792907
27.608 0.09522547291
27.61 0.09559313123
27.612 0.09596091492
27.614 0.09632884081
27.616 0.09669692779
27.618 0.09706518439
27.62 0.0974336188
27.622 0.0978022374
27.624 0.098171048
27.626 0.098540053
27.628 0.09890925194
27.63 0.09927864763
27.632 0.09964824172
27.634 0.1000180347
27.636 0.1003880271
27.638 0.1007582192
27.64 0.1011286137
27.642 0.1014992097
27.644 0.101870005
27.646 0.1022410015
27.648 0.1026122007
27.65 0.1029836032
27.652 0.1033552136
27.654 0.103727036
27.656 0.1040990705
27.658 0.1044713206
27.66 0.1048437858
27.662 0.1052164642
27.664 0.1055893808
27.666 0.1059625128
27.668 0.1063358598
27.67 0.1067094219
27.672 0.107083199
27.674 0.1074571905
27.676 0.107831474
27.678 0.108206036
27.68 0.1085808672
27.682 0.1089559464
27.684 0.1093312773
27.686 0.1097068562
27.688 0.1100826761
27.69 0.1104587234
27.692 0.1108349915
27.694 0.1112114722
27.696 0.1115881576
27.698 0.1119650399
27.7 0.1123421116
27.702 0.1127193655
27.704 0.1130967943
27.706 0.1134743909
27.708 0.1138521489
27.71 0.114230061
27.712 0.1146081212
27.714 0.1149863231
27.716 0.115364661
27.718 0.1157431294
27.72 0.1161217236
27.722 0.1165004382
27.724 0.1168792687
27.726 0.1172582111
27.728 0.1176372609
27.73 0.1180164143
27.732 0.118395668
27.734 0.1187750188
27.736 0.1191544639
27.738 0.1195340009
27.74 0.1199136286
27.742 0.1202935285
27.744 0.1206737734
27.746 0.1210542555
27.748 0.121434938
27.75 0.1218157886
27.752 0.1221967789
27.754 0.1225778835
27.756 0.1229590803
27.758 0.1233403503
27.76 0.1237216767
27.762 0.1241030459
27.764 0.1244844471
27.766 0.1248658713
27.768 0.1252473117
27.77 0.1256287635
27.772 0.1260102232
27.774 0.1263916903
27.776 0.126773164
27.778 0.1271546435
27.78 0.127536129
27.782 0.127917621
27.784 0.1282991206
27.786 0.1286806292
27.788 0.129062148
27.79 0.1294436781
27.792 0.1298252209
27.794 0.1302067772
27.796 0.1305883478
27.798 0.1309699331
27.8 0.1313515332
27.802 0.1317331481
27.804 0.1321147773
27.806 0.1324964202
27.808 0.1328780762
27.81 0.1332597444
27.812 0.1336414242
27.814 0.134023114
27.816 0.1344048128
27.818 0.1347865185
27.82 0.1351682297
27.822 0.1355499454
27.824 0.1359316631
27.826 0.136313382
27.828 0.1366951017
27.83 0.1370768214
27.832 0.1374585401
27.834 0.1378402576
27.836 0.1382219734
27.838 0.1386036874
27.84 0.1389853999
27.842 0.1393671104
27.844 0.1397488157
27.846 0.1401305314
27.848 0.1405122747
27.85 0.1408940394
27.852 0.1412758297
27.854 0.1416576459
27.856 0.1420394899
27.858 0.1424213634
27.86 0.1428032677
27.862 0.1431852042
27.864 0.1435671745
27.866 0.1439491799
27.868 0.1443312216
27.87 0.144713301
27.872 0.1450954177
27.874 0.1454775737
27.876 0.1458597707
27.878 0.1462420101
27.88 0.1466242926
27.882 0.14700759
27.884 0.1473915851
27.886 0.1477761217
27.888 0.1481609255
27.89 0.1485459995
27.892 0.148931256
27.894 0.1493166791
27.896 0.1497022353
27.898 0.1500879111
27.9 0.1504736571
27.902 0.1508594536
27.904 0.1512453104
27.906 0.1516312259
27.908 0.1520171991
27.91 0.152403228
27.912 0.1527893089
27.914 0.1531754356
27.916 0.1535615967
27.918 0.1539477786
27.92 0.1543339693
27.922 0.1547201648
27.924 0.1551063668
27.926 0.1554925678
27.928 0.155878755
27.93 0.156264927
27.932 0.156651079
27.934 0.1570371899
27.936 0.1574232457
27.938 0.1578092408
27.94 0.1581951679
27.942 0.1585810207
27.944 0.158966794
27.946 0.1593524825
27.948 0.1597380789
27.95 0.1601297974
27.952 0.1605306697
27.954 0.1609383299
27.956 0.1613505385
27.958 0.1617654098
27.96 0.1621812668
27.962 0.1625967498
27.964 0.1630107193
27.966 0.1634222029
27.968 0.163830424
27.97 0.164234787
27.972 0.1646348509
27.974 0.1650303222
27.976 0.1654210493
27.978 0.1658070435
27.98 0.1661884469
27.982 0.1665654867
27.984 0.1669384517
27.986 0.1673076805
27.988 0.1676735678
27.99 0.1680365566
27.992 0.1683971107
27.994 0.1687556732
27.996 0.1691127211
27.998 0.1694687423
28 0.1698241956
28.002 0.1701795128
28.004 0.1705350963
28.006 0.1708913129
28.008 0.1712484905
28.01 0.171606916
28.012 0.1719668348
28.014 0.1723284491
28.016 0.1726919195
28.018 0.1730573658
28.02 0.1734248692
28.022 0.1737944735
28.024 0.1741661892
28.026 0.174539996
28.028 0.174916008
28.03 0.1752942388
28.032 0.1756745502
28.034 0.1760568227
28.036 0.1764409338
28.038 0.1768267511
28.04 0.1772141532
28.042 0.1776029894
28.044 0.1779930787
28.046 0.1783842966
28.048 0.1787765115
28.05 0.1791695804
28.052 0.1795634112
28.054 0.1799578869
28.056 0.1803528911
28.058 0.18074836
28.06 0.1811442068
28.062 0.1815403661
28.064 0.1819367772
28.066 0.1823333773
28.068 0.1827301552
28.07 0.1831270757
28.072 0.183524123
28.074 0.1839212835
28.076 0.18431856
28.078 0.184715955
28.08 0.1851134796
28.082 0.1855111447
28.084 0.185908971
28.086 0.186306977
28.088 0.1867051891
28.09 0.1871036279
28.092 0.1875023215
28.094 0.1879012943
28.096 0.1883005749
28.098 0.1887001859
28.1 0.1891001551
28.102 0.1895005218
28.104 0.1899012848
28.106 0.1903024722
28.108 0.1907041166
28.11 0.1911062107
28.112 0.1915087765
28.114 0.1919118416
28.116 0.1923154102
28.118 0.1927194724
28.12 0.1931240435
28.122 0.1935291425
28.124 0.1939347656
28.126 0.1943409155
28.128 0.1947475761
28.13 0.1951547513
28.132 0.1955624516
28.134 0.1959706664
28.136 0.1963793881
28.138 0.1967886091
28.14 0.1971983219
28.142 0.197608519
28.144 0.1980191916
28.146 0.1984303301
28.148 0.1988419242
28.15 0.1992539634
28.152 0.1996664368
28.154 0.200079332
28.156 0.2004926373
28.158 0.2009063405
28.16 0.2013204279
28.162 0.2017348854
28.164 0.2021496987
28.166 0.2025648535
28.168 0.2029803351
28.17 0.203396128
28.172 0.2038122179
28.174 0.2042285456
28.176 0.2046451186
28.178 0.2050619612
28.18 0.2054790439
28.182 0.2058963496
28.184 0.2063138606
28.186 0.2067315163
28.188 0.2071493206
28.19 0.2075672966
28.192 0.2079854157
28.194 0.2084036516
28.196 0.2088219808
28.198 0.2092403445
28.2 0.209658746
28.202 0.2100772077
28.204 0.2104956998
28.206 0.2109142055
28.208 0.2113326651
28.21 0.2117510828
28.212 0.2121694828
28.214 0.2125878372
28.216 0.2130061313
28.218 0.2134243077
28.22 0.2138423724
28.222 0.2142603517
28.224 0.2146782194
28.226 0.2150959629
28.228 0.2155135259
28.23 0.2159309158
28.232 0.2163481603
28.234 0.2167652351
28.236 0.2171820846
28.238 0.2175986671
28.24 0.2180149451
28.242 0.2184308645
28.244 0.2188463768
28.246 0.2192614922
28.248 0.2196762414
28.25 0.220090601
28.252 0.2205045164
28.254 0.2209179979
28.256 0.2213310756
28.258 0.2217437265
28.26 0.2221558958
28.262 0.2225675947
28.264 0.222978854
28.266 0.2233896069
28.268 0.2237996239
28.27 0.2242087998
28.272 0.2246172244
28.274 0.2250248689
28.276 0.2254317704
28.278 0.2258379846
28.28 0.2262434673
28.282 0.2266482511
28.284 0.2270523881
28.286 0.2274558294
28.288 0.2278586026
28.29 0.2282607545
28.292 0.2286622318
28.294 0.2290630575
28.296 0.2294632745
28.298 0.2298628258
28.3 0.2302617312
28.302 0.2306600308
28.304 0.2310576648
28.306 0.2314546516
28.308 0.2318510822
28.31 0.2322469263
28.312 0.2326421872
28.314 0.2330369027
28.316 0.2334310124
28.318 0.2338245352
28.32 0.2342175106
28.322 0.2346098782
28.324 0.2350016584
28.326 0.2353928472
28.328 0.2357834517
28.33 0.2361735132
28.332 0.236562978
28.334 0.2369518707
28.336 0.2373401898
28.338 0.237727945
28.34 0.2381151803
28.342 0.2385018407
28.344 0.2388879498
28.346 0.2392735074
28.348 0.2396585243
28.35 0.2400430448
28.352 0.2404270142
28.354 0.2408104565
28.356 0.2411933715
28.358 0.2415757738
28.36 0.2419576646
28.362 0.2423390541
28.364 0.2427199865
28.366 0.2431004065
28.368 0.243480338
28.37 0.2438597806
28.372 0.2442387447
28.374 0.2446172284
28.376 0.2449952412
28.378 0.2453727802
28.38 0.2457498552
28.382 0.2461264631
28.384 0.2465026136
28.386 0.2468783528
28.388 0.2472536194
28.39 0.2476284394
28.392 0.2480028129
28.394 0.2483767476
28.396 0.2487502445
28.398 0.249123317
28.4 0.249495962
28.402 0.249868191
28.404 0.2502400018
28.406 0.2506114052
28.408 0.2509823991
28.41 0.2513529944
28.412 0.2517231897
28.414 0.2520929966
28.416 0.2524624138
28.418 0.2528314533
28.42 0.2532001144
28.422 0.2535684065
28.424 0.2539363315
28.426 0.2543039049
28.428 0.2546711259
28.43 0.2550380089
28.432 0.2554045553
28.434 0.2557707762
28.436 0.256136675
28.438 0.2565022699
28.44 0.2568675615
28.442 0.2572325653
28.444 0.2575972834
28.446 0.2579617317
28.448 0.2583259091
28.45 0.2586898334
28.452 0.2590535102
28.454 0.2594169081
28.456 0.2597800983
28.458 0.2601430703
28.46 0.2605058362
28.462 0.2608684019
28.464 0.2612307866
28.466 0.2615929925
28.468 0.2619549906
28.47 0.2623168528
28.472 0.2626785658
28.474 0.2630401479
28.476 0.2634016065
28.478 0.2637629155
28.48 0.2641241492
28.482 0.2644852932
28.484 0.2648463667
28.486 0.2652073782
28.488 0.2655682985
28.49 0.2659292011
28.492 0.2662900738
28.494 0.2666509363
28.496 0.2670117975
28.498 0.2673726286
28.5 0.2677335038
28.502 0.268094411
28.504 0.2684553703
28.506 0.2688163913
28.508 0.2691774456
28.51 0.2695386044
28.512 0.2698998615
28.514 0.2702611908
28.516 0.2706226765
28.518 0.2709843158
28.52 0.2713460748
28.522 0.2717080289
28.524 0.2720701669
28.526 0.2724324541
28.528 0.2727949692
28.53 0.2731577074
28.532 0.2735206352
28.534 0.273883826
28.536 0.2742472734
28.538 0.2746109531
28.54 0.2749749383
28.542 0.2753392166
28.544 0.2757037607
28.546 0.2760686475
28.548 0.2764338621
28.55 0.2767993764
28.552 0.2771652667
28.554 0.2775315209
28.556 0.2778981044
28.558 0.2782650439
28.56 0.2786323994
28.562 0.2790001538
28.564 0.2793682807
28.566 0.2797368553
28.568 0.2801058572
28.57 0.2804752541
28.572 0.2808450713
28.574 0.2812153582
28.576 0.2815861007
28.578 0.2819572666
28.58 0.282328884
28.582 0.2827009994
28.584 0.2830736336
28.586 0.2834467406
28.588 0.2838204001
28.59 0.2841946823
28.592 0.2845694201
28.594 0.2849445278
28.596 0.2853200667
28.598 0.2856961182
28.6 0.2860726903
28.602 0.2864497684
28.604 0.286827379
28.606 0.2872055836
28.608 0.2875843723
28.61 0.2879637063
28.612 0.2883436077
28.614 0.2887240275
28.616 0.2891049743
28.618 0.2894864509
28.62 0.2898684169
28.622 0.2902510134
28.624 0.2906342919
28.626 0.2910182522
28.628 0.2914028333
28.63 0.2917878409
28.632 0.2921732088
28.634 0.2925589551
28.636 0.2929451412
28.638 0.2933317521
28.64 0.2937187491
28.642 0.294106149
28.644 0.2944939529
28.646 0.2948821527
28.648 0.2952707934
28.65 0.2956598452
28.652 0.2960492604
28.654 0.2964390435
28.656 0.2968291861
28.658 0.2972196651
28.66 0.2976105203
28.662 0.2980017139
28.664 0.2983931923
28.666 0.2987849597
28.668 0.2991770048
28.67 0.2995693172
28.672 0.2999618902
28.674 0.3003547549
28.676 0.3007478827
28.678 0.3011412175
28.68 0.3015347623
28.682 0.3019285034
28.684 0.3023224299
28.686 0.302716528
28.688 0.3031107862
28.69 0.3035052392
28.692 0.3038998523
28.694 0.3042945704
28.696 0.3046893968
28.698 0.3050843237
28.7 0.3054793496
28.702 0.3058744793
28.704 0.3062696867
28.706 0.3066649655
28.708 0.3070603019
28.71 0.3074557331
28.712 0.3078512232
28.714 0.3082467196
28.716 0.3086422235
28.718 0.3090377249
28.72 0.3094332104
28.722 0.3098286693
28.724 0.3102240804
28.726 0.3106194285
28.728 0.3110147023
28.73 0.3114098905
28.732 0.3118049815
28.734 0.3121999652
28.736 0.3125948269
28.738 0.3129896026
28.74 0.3133842556
28.742 0.3137786989
28.744 0.3141729183
28.746 0.3145669027
28.748 0.3149606391
28.75 0.3153541151
28.752 0.315747318
28.754 0.3161402371
28.756 0.3165328595
28.758 0.3169251751
28.76 0.3173171714
28.762 0.317708839
28.764 0.3181001659
28.766 0.3184911428
28.768 0.3188817579
28.77 0.3192720017
28.772 0.3196618639
28.774 0.3200513346
28.776 0.3204404032
28.778 0.3208290613
28.78 0.3212173005
28.782 0.3216051122
28.784 0.3219924866
28.786 0.3223794168
28.788 0.3227658935
28.79 0.3231519103
28.792 0.3235374582
28.794 0.323922532
28.796 0.3243071234
28.798 0.3246912252
28.8 0.3250748303
28.802 0.3254579338
28.804 0.3258405276
28.806 0.3262226071
28.808 0.3266041671
28.81 0.3269852035
28.812 0.3273657106
28.814 0.3277456848
28.816 0.3281251221
28.818 0.3285040211
28.82 0.3288823758
28.822 0.3292601797
28.824 0.3296374217
28.826 0.3300140939
28.828 0.3303901848
28.83 0.3307656864
28.832 0.3311405895
28.834 0.3315148861
28.836 0.3318885698
28.838 0.3322616398
28.84 0.3326340934
28.842 0.3330059309
28.844 0.333377152
28.846 0.3337477598
28.848 0.3341177532
28.85 0.3344871354
28.852 0.3348559104
28.854 0.3352240837
28.856 0.3355916601
28.858 0.3359586472
28.86 0.336325052
28.862 0.3366908824
28.864 0.3370561434
28.866 0.3374208415
28.868 0.3377849835
28.87 0.338148578
28.872 0.3385116324
28.874 0.3388741567
28.876 0.3392361593
28.878 0.3395976508
28.88 0.33995864
28.882 0.3403191374
28.884 0.3406791513
28.886 0.3410386927
28.888 0.3413977699
28.89 0.3417563931
28.892 0.3421145693
28.894 0.3424723055
28.896 0.3428296081
28.898 0.3431864865
28.9 0.3435429468
28.902 0.3438989998
28.904 0.3442546555
28.906 0.3446099927
28.908 0.3449650603
28.91 0.3453198273
28.912 0.3456742922
28.914 0.3460284526
28.916 0.3463823052
28.918 0.3467358472
28.92 0.3470890746
28.922 0.3474419866
28.924 0.3477945806
28.926 0.3481468556
28.928 0.34849881
28.93 0.3488504482
28.932 0.3492017709
28.934 0.349552758
28.936 0.3499033999
28.938 0.3502536952
28.94 0.3506036467
28.942 0.3509532541
28.944 0.3513025251
28.946 0.3516514555
28.948 0.3520000474
28.95 0.3523483016
28.952 0.352696221
28.954 0.3530438072
28.956 0.3533910806
28.958 0.353738037
28.96 0.354084669
28.962 0.3544309843
28.964 0.3547769891
28.966 0.3551226878
28.968 0.3554680883
28.97 0.355813196
28.972 0.3561580326
28.974 0.356502596
28.976 0.3568468805
28.978 0.3571908963
28.98 0.3575346519
28.982 0.3578781517
28.984 0.3582214031
28.986 0.358564427
28.988 0.358907221
28.99 0.3592497811
28.992 0.3595921108
28.994 0.3599342219
28.996 0.3602761173
28.998 0.360617687
29 0.360958972
29.002 0.3612999457
29.004 0.3616406367
29.006 0.3619810571
29.008 0.3623212416
29.01 0.3626612003
29.012 0.3630009385
29.014 0.3633404784
29.016 0.3636798358
29.018 0.3640190425
29.02 0.3643581066
29.022 0.3646970306
29.024 0.3650358357
29.026 0.3653745307
29.028 0.3657131451
29.03 0.3660516831
29.032 0.3663901441
29.034 0.3667285415
29.036 0.367066902
29.038 0.367405227
29.04 0.367743513
29.042 0.3680817855
29.044 0.3684200466
29.046 0.3687582897
29.048 0.3690965251
29.05 0.369434777
29.052 0.3697730394
29.054 0.3701113081
29.056 0.370449607
29.058 0.3707879363
29.06 0.371126286
29.062 0.3714646777
29.064 0.3718031054
29.066 0.3721415741
29.068 0.3724800816
29.07 0.3728186195
29.072 0.3731572094
29.074 0.3734958393
29.076 0.3738345136
29.078 0.3741732275
29.08 0.3745119703
29.082 0.374850758
29.084 0.3751895834
29.086 0.375528447
29.088 0.3758673488
29.09 0.3762062901
29.092 0.3765452665
29.094 0.3768842829
29.096 0.37722333
29.098 0.3775624112
29.1 0.3779015223
29.102 0.3782406671
29.104 0.378579841
29.106 0.3789190474
29.108 0.3792582874
29.11 0.3795975568
29.112 0.3799368552
29.114 0.3802761855
29.116 0.3806155454
29.118 0.3809549374
29.12 0.3812943605
29.122 0.3816338165
29.124 0.3819733044
29.126 0.3823128321
29.128 0.3826524042
29.13 0.3829920075
29.132 0.3833316484
29.134 0.3836713398
29.136 0.3840110706
29.138 0.3843508427
29.14 0.3846906705
29.142 0.3850305382
29.144 0.3853704532
29.146 0.385710431
29.148 0.3860504502
29.15 0.3863905203
29.152 0.3867306525
29.154 0.3870708438
29.156 0.3874110862
29.158 0.3877513808
29.16 0.3880917407
29.162 0.3884321668
29.164 0.3887726398
29.166 0.3891131688
29.168 0.3894537639
29.17 0.3897944225
29.172 0.3901351476
29.174 0.3904759196
29.176 0.3908167476
29.178 0.3911576449
29.18 0.3914986002
29.182 0.3918396551
29.184 0.3921808016
29.186 0.3925220095
29.188 0.392863266
29.19 0.3932045661
29.192 0.3935458818
29.194 0.3938872121
29.196 0.3942285629
29.198 0.3945699172
29.2 0.3949112703
29.202 0.3952526207
29.204 0.3955939579
29.206 0.3959352791
29.208 0.3962765833
29.21 0.3966178613
29.212 0.3969591127
29.214 0.3973003389
29.216 0.3976415357
29.218 0.3979826959
29.22 0.3983238198
29.222 0.3986649088
29.224 0.3990059544
29.226 0.3993469568
29.228 0.3996879169
29.23 0.4000288304
29.232 0.4003696898
29.234 0.4007104947
29.236 0.4010512436
29.238 0.4013919306
29.24 0.4017325474
29.242 0.402073092
29.244 0.402413562
29.246 0.4027539504
29.248 0.4030942476
29.25 0.4034344508
29.252 0.4037745476
29.254 0.4041145248
29.256 0.4044543751
29.258 0.4047940952
29.26 0.4051336821
29.262 0.4054731277
29.264 0.4058124208
29.266 0.4061515576
29.268 0.4064905347
29.27 0.4068293433
29.272 0.4071679764
29.274 0.4075064214
29.276 0.4078446729
29.278 0.4081827266
29.28 0.408520573
29.282 0.4088582042
29.284 0.4091956123
29.286 0.4095327844
29.288 0.409869715
29.29 0.4102064008
29.292 0.4105428324
29.294 0.4108790016
29.296 0.4112149006
29.298 0.411550517
29.3 0.4118858458
29.302 0.412220882
29.304 0.4125556166
29.306 0.4128900425
29.308 0.4132241517
29.31 0.4135579374
29.312 0.413891388
29.314 0.4142244967
29.316 0.4145572557
29.318 0.4148896522
29.32 0.4152216753
29.322 0.4155533145
29.324 0.415884563
29.326 0.4162154149
29.328 0.416545859
29.33 0.4168758916
29.332 0.4172055111
29.334 0.4175347108
29.336 0.4178634847
29.338 0.4181918281
29.34 0.418519736
29.342 0.4188472034
29.344 0.4191742259
29.346 0.4195007996
29.348 0.4198269203
29.35 0.4201525842
29.352 0.4204777882
29.354 0.4208025289
29.356 0.4211267984
29.358 0.4214505963
29.36 0.4217739294
29.362 0.4220967883
29.364 0.4224191712
29.366 0.4227410727
29.368 0.4230624905
29.37 0.4233834222
29.372 0.423703866
29.374 0.424023819
29.376 0.4243432799
29.378 0.4246622476
29.38 0.4249807207
29.382 0.4252987
29.384 0.4256161853
29.386 0.4259331756
29.388 0.4262496754
29.39 0.4265656858
29.392 0.4268812049
29.394 0.42719623
29.396 0.427510759
29.398 0.4278247923
29.4 0.4281383287
29.402 0.428451368
29.404 0.4287639103
29.406 0.429075957
29.408 0.4293875099
29.41 0.429698569
29.412 0.4300091348
29.414 0.4303192082
29.416 0.4306287901
29.418 0.4309378817
29.42 0.4312464828
29.422 0.4315545939
29.424 0.4318622145
29.426 0.4321693435
29.428 0.4324759795
29.43 0.4327821213
29.432 0.433087769
29.434 0.4333929223
29.436 0.4336975801
29.438 0.4340017426
29.44 0.4343054105
29.442 0.4346085835
29.444 0.4349112623
29.446 0.4352134467
29.448 0.4355151385
29.45 0.4358163384
29.452 0.4361170472
29.454 0.4364172664
29.456 0.4367170566
29.458 0.4370164449
29.46 0.4373154121
29.462 0.4376139571
29.464 0.4379120818
29.466 0.4382097875
29.468 0.4385074927
29.47 0.4388047923
29.472 0.4391016701
29.474 0.4393981356
29.476 0.4396941873
29.478 0.4399898266
29.48 0.440285056
29.482 0.4405798811
29.484 0.4408743051
29.486 0.4411683293
29.488 0.4414619551
29.49 0.4417551849
29.492 0.4420480213
29.494 0.4423404658
29.496 0.4426325209
29.498 0.4429241893
29.5 0.4432154732
29.502 0.4435063748
29.504 0.443796893
29.506 0.4440870295
29.508 0.4443767875
29.51 0.4446661684
29.512 0.4449551754
29.514 0.4452438111
29.516 0.4455320771
29.518 0.4458199758
29.52 0.4461075091
29.522 0.4463946793
29.524 0.4466814899
29.526 0.4469679435
29.528 0.4472540433
29.53 0.4475397929
29.532 0.4478251959
29.534 0.4481102559
29.536 0.4483947687
29.538 0.4486789424
29.54 0.4489627797
29.542 0.4492462836
29.544 0.4495294563
29.546 0.4498123006
29.548 0.4500948192
29.55 0.4503770158
29.552 0.4506588924
29.554 0.4509404518
29.556 0.4512216959
29.558 0.4515026277
29.56 0.4517832495
29.562 0.4520635639
29.564 0.4523435729
29.566 0.4526232792
29.568 0.4529026843
29.57 0.4531817908
29.572 0.4534606011
29.574 0.4537391178
29.576 0.4540173424
29.578 0.4542952773
29.58 0.4545729244
29.582 0.4548502857
29.584 0.455127363
29.586 0.4554041582
29.588 0.4556806734
29.59 0.4559569103
29.592 0.4562328709
29.594 0.4565085548
29.596 0.4567839641
29.598 0.4570591007
29.6 0.4573339665
29.602 0.4576085893
29.604 0.4578829611
29.606 0.4581570582
29.608 0.4584308871
29.61 0.4587044491
29.612 0.4589777466
29.614 0.4592507811
29.616 0.4595235546
29.618 0.4597960684
29.62 0.4600683242
29.622 0.4603403231
29.624 0.4606120668
29.626 0.4608835559
29.628 0.4611547923
29.63 0.4614257774
29.632 0.4616965125
29.634 0.4619669987
29.636 0.4622372375
29.638 0.4625072302
29.64 0.4627769779
29.642 0.4630464815
29.644 0.4633157422
29.646 0.4635847608
29.648 0.4638535388
29.65 0.4641220774
29.652 0.4643903777
29.654 0.4646584407
29.656 0.4649262672
29.658 0.4651938581
29.66 0.4654612146
29.662 0.4657283375
29.664 0.4659952271
29.666 0.4662618836
29.668 0.4665283074
29.67 0.4667944993
29.672 0.4670604593
29.674 0.467326188
29.676 0.467591686
29.678 0.4678569534
29.68 0.4681219899
29.682 0.4683867966
29.684 0.4686513745
29.686 0.4689157226
29.688 0.4691798406
29.69 0.469443729
29.692 0.4697073739
29.694 0.4699707398
29.696 0.4702338055
29.698 0.4704965617
29.7 0.4707589969
29.702 0.4710211027
29.704 0.4712828725
29.706 0.4715443281
29.708 0.4718054551
29.71 0.4720662268
29.712 0.4723266501
29.714 0.4725867251
29.716 0.4728464519
29.718 0.473105832
29.72 0.4733651569
29.722 0.4736245947
29.724 0.4738839953
29.726 0.4741433217
29.728 0.4744025354
29.73 0.4746616008
29.732 0.4749204838
29.734 0.4751791547
29.736 0.4754375867
29.738 0.4756957537
29.74 0.4759536326
29.742 0.4762112045
29.744 0.4764684545
29.746 0.476725369
29.748 0.4769819312
29.75 0.4772381285
29.752 0.4774939551
29.754 0.4777494063
29.756 0.4780044807
29.758 0.4782591771
29.76 0.4785134949
29.762 0.478767434
29.764 0.4790210078
29.766 0.4792742061
29.768 0.4795270308
29.77 0.4797794781
29.772 0.4800315497
29.774 0.4802832442
29.776 0.4805345685
29.778 0.4807855245
29.78 0.4810361152
29.782 0.4812863694
29.784 0.4815362771
29.786 0.4817858133
29.788 0.4820349852
29.79 0.4822837913
29.792 0.482532231
29.794 0.4827803033
29.796 0.4830280061
29.798 0.4832753361
29.8 0.483522291
29.802 0.4837688696
29.804 0.4840150695
29.806 0.4842608868
29.808 0.4845063189
29.81 0.4847513644
29.812 0.4849960202
29.814 0.4852402834
29.816 0.4854841505
29.818 0.4857276189
29.82 0.4859706871
29.822 0.4862133524
29.824 0.4864556115
29.826 0.4866974624
29.828 0.4869389041
29.83 0.4871799347
29.832 0.4874205513
29.834 0.4876607519
29.836 0.487900536
29.838 0.4881399018
29.84 0.488378847
29.842 0.4886173703
29.844 0.4888554713
29.846 0.4890931484
29.848 0.4893304
29.85 0.4895672239
29.852 0.4898036189
29.854 0.4900395846
29.856 0.4902751196
29.858 0.490510221
29.86 0.4907448875
29.862 0.4909791241
29.864 0.4912129408
29.866 0.4914463335
29.868 0.4916792953
29.87 0.4919118248
29.872 0.4921439217
29.874 0.492375584
29.876 0.4926068081
29.878 0.4928375923
29.88 0.4930679356
29.882 0.4932978533
29.884 0.4935273262
29.886 0.4937563298
29.888 0.4939848707
29.89 0.4942129489
29.892 0.4944405623
29.894 0.4946677091
29.896 0.4948943863
29.898 0.4951205918
29.9 0.4953463247
29.902 0.4955715826
29.904 0.4957963633
29.906 0.4960206636
29.908 0.4962444813
29.91 0.4964678157
29.912 0.4966906644
29.914 0.4969130245
29.916 0.4971348789
29.918 0.4973562179
29.92 0.4975770449
29.922 0.4977973521
29.924 0.498017127
29.926 0.4982363679
29.928 0.4984550722
29.93 0.4986732368
29.932 0.4988908595
29.934 0.4991079396
29.936 0.4993244753
29.938 0.4995404652
29.94 0.4997559087
29.942 0.4999708062
29.944 0.5001851562
29.946 0.5003989389
29.948 0.5006121576
29.95 0.5008248121
29.952 0.5010368911
29.954 0.5012483985
29.956 0.5014593344
29.958 0.5016696985
29.96 0.5018794899
29.962 0.5020887088
29.964 0.5022973564
29.966 0.5025053047
29.968 0.5027125415
29.97 0.5029190913
29.972 0.5031249749
29.974 0.5033301916
29.976 0.5035347479
29.978 0.5037386448
29.98 0.5039418862
29.982 0.5041444765
29.984 0.5043464195
29.986 0.5045477189
29.988 0.5047483788
29.99 0.5049484045
29.992 0.5051478013
29.994 0.505346575
29.996 0.5055447317
29.998 0.5057422776
30 0.505939219
30.002 0.5061355616
30.004 0.5063313118
30.006 0.5065264775
30.008 0.5067210644
30.01 0.5069150788
30.012 0.5071085271
30.014 0.5073014155
30.016 0.5074937509
30.018 0.50768554
30.02 0.5078767888
30.022 0.5080675032
30.024 0.5082576885
30.026 0.5084473511
30.028 0.5086364961
30.03 0.5088251284
30.032 0.5090132529
30.034 0.5092008743
30.036 0.509387997
30.038 0.5095746253
30.04 0.5097606968
30.042 0.5099462006
30.044 0.5101311745
30.046 0.5103156347
30.048 0.5104995918
30.05 0.5106830565
30.052 0.5108660387
30.054 0.511048546
30.056 0.5112305852
30.058 0.5114121619
30.06 0.5115932802
30.062 0.5117739432
30.064 0.5119541532
30.066 0.5121339121
30.068 0.512313221
30.07 0.5124920803
30.072 0.5126704897
30.074 0.5128484482
30.076 0.5130259545
30.078 0.5132030071
30.08 0.5133796044
30.082 0.5135557452
30.084 0.5137314277
30.086 0.5139066503
30.088 0.5140814118
30.09 0.5142557111
30.092 0.5144295475
30.094 0.5146029202
30.096 0.5147758287
30.098 0.5149482724
30.1 0.5151202507
30.102 0.5152917619
30.104 0.5154628053
30.106 0.5156333819
30.108 0.5158034924
30.11 0.5159731376
30.112 0.5161423191
30.114 0.5163110383
30.116 0.5164792968
30.118 0.5166470962
30.12 0.5168144361
30.122 0.5169813166
30.124 0.5171477405
30.126 0.5173137098
30.128 0.5174792242
30.13 0.517644287
30.132 0.5178088989
30.134 0.5179730597
30.136 0.5181367725
30.138 0.51830004
30.14 0.5184628667
30.142 0.518625257
30.144 0.5187872166
30.146 0.5189487415
30.148 0.5191098309
30.15 0.5192704862
30.152 0.5194307079
30.154 0.5195904951
30.156 0.5197498487
30.158 0.5199087699
30.16 0.5200672597
30.162 0.5202253188
30.164 0.5203829476
30.166 0.5205401467
30.168 0.5206969163
30.17 0.5208532573
30.172 0.5210091701
30.174 0.5211646549
30.176 0.5213197122
30.178 0.5214743435
30.18 0.5216285498
30.182 0.5217823298
30.184 0.5219356831
30.186 0.5220886118
30.188 0.5222411173
30.19 0.5223931967
30.192 0.5225448484
30.194 0.5226960738
30.196 0.5228468732
30.198 0.5229972484
30.2 0.5231471988
30.202 0.5232967263
30.204 0.5234458315
30.206 0.5235945137
30.208 0.5237427719
30.21 0.5238906061
30.212 0.5240380168
30.214 0.5241850027
30.216 0.5243315633
30.218 0.5244776977
30.22 0.5246234051
30.222 0.5247686831
30.224 0.5249135234
30.226 0.5250579211
30.228 0.5252018772
30.23 0.5253453913
30.232 0.5254884625
30.234 0.5256310905
30.236 0.5257732748
30.238 0.5259150138
30.24 0.5260563067
30.242 0.5261971524
30.244 0.5263375536
30.246 0.5264775104
30.248 0.5266170199
30.25 0.5267560815
30.252 0.5268946934
30.254 0.527032854
30.256 0.5271705616
30.258 0.5273078143
30.26 0.5274446179
30.262 0.5275809751
30.264 0.527716882
30.266 0.527852337
30.268 0.5279873383
30.27 0.5281218842
30.272 0.5282559741
30.274 0.5283896071
30.276 0.528522781
30.278 0.5286554945
30.28 0.5287877476
30.282 0.5289195415
30.284 0.5290508747
30.286 0.5291817462
30.288 0.5293121546
30.29 0.5294420979
30.292 0.5295715628
30.294 0.529700547
30.296 0.5298290535
30.298 0.5299570806
30.3 0.5300846271
30.302 0.5302116901
30.304 0.5303382681
30.306 0.5304643593
30.308 0.5305899624
30.31 0.530715076
30.312 0.5308396998
30.314 0.530963833
30.316 0.5310874742
30.318 0.5312106221
30.32 0.5313332755
30.322 0.5314554331
30.324 0.5315770933
30.326 0.5316982553
30.328 0.531818918
30.33 0.5319390805
30.332 0.5320587416
30.334 0.5321779001
30.336 0.5322964221
30.338 0.5324142786
30.34 0.5325315369
30.342 0.5326482226
30.344 0.5327643666
30.346 0.5328799726
30.348 0.5329950441
30.35 0.5331096027
30.352 0.5332236624
30.354 0.5333372348
30.356 0.5334503291
30.358 0.5335629371
30.36 0.5336750801
30.362 0.5337867702
30.364 0.5338979988
30.366 0.5340087588
30.368 0.5341190458
30.37 0.5342288554
30.372 0.5343381802
30.374 0.5344470112
30.376 0.53455534
30.378 0.534663159
30.38 0.5347704635
30.382 0.5348772393
30.384 0.5349834777
30.386 0.5350891735
30.388 0.5351943163
30.39 0.5352989005
30.392 0.5354029178
30.394 0.5355063597
30.396 0.5356092179
30.398 0.5357114851
30.4 0.5358131558
30.402 0.5359142235
30.404 0.5360146834
30.406 0.536114531
30.408 0.5362137623
30.41 0.5363123729
30.412 0.5364103606
30.414 0.536507723
30.416 0.5366044571
30.418 0.5367005616
30.42 0.5367960362
30.422 0.5368908785
30.424 0.5369850869
30.426 0.537078659
30.428 0.5371715933
30.43 0.5372638869
30.432 0.5373555375
30.434 0.5374465291
30.436 0.5375368586
30.438 0.5376265214
30.44 0.5377155208
30.442 0.5378038563
30.444 0.5378915247
30.446 0.5379785242
30.448 0.5380648545
30.45 0.5381505151
30.452 0.5382355058
30.454 0.5383198278
30.456 0.5384034817
30.458 0.5384864684
30.46 0.53856879
30.462 0.5386504479
30.464 0.5387314431
30.466 0.5388117783
30.468 0.5388914547
30.47 0.5389704765
30.472 0.5390488461
30.474 0.5391265624
30.476 0.5392036279
30.478 0.5392800603
30.48 0.5393558683
30.482 0.5394310502
30.484 0.5395056081
30.486 0.5395795424
30.488 0.5396528547
30.49 0.5397255474
30.492 0.5397976201
30.494 0.5398690696
30.496 0.5399398967
30.498 0.540010103
30.5 0.5400796921
30.502 0.5401486651
30.504 0.5402170231
30.506 0.5402847664
30.508 0.5403518963
30.51 0.5404184134
30.512 0.5404843185
30.514 0.5405496126
30.516 0.5406142968
30.518 0.5406783704
30.52 0.5407418329
30.522 0.5408046843
30.524 0.5408669242
30.526 0.5409285515
30.528 0.5409895657
30.53 0.5410499724
30.532 0.5411097793
30.534 0.5411689805
30.536 0.5412275733
30.538 0.541285561
30.54 0.5413429384
30.542 0.5413996554
30.544 0.5414556831
30.546 0.5415110446
30.548 0.5415657399
30.55 0.5416197676
30.552 0.5416731346
30.554 0.5417258507
30.556 0.5417779161
30.558 0.5418293305
30.56 0.5418801062
30.562 0.5419302448
30.564 0.5419797447
30.566 0.5420286176
30.568 0.5420768641
30.57 0.5421244822
30.572 0.5421714841
30.574 0.54221787
30.576 0.5422636441
30.578 0.5423088072
30.58 0.5423533559
30.582 0.5423973026
30.584 0.542440648
30.586 0.5424833966
30.588 0.5425255484
30.59 0.542567107
30.592 0.5426080745
30.594 0.5426484552
30.596 0.5426882499
30.598 0.5427274616
30.6 0.5427660903
30.602 0.5428041332
30.604 0.542841603
30.606 0.5428784978
30.608 0.5429148199
30.61 0.5429506434
30.612 0.5429859138
30.614 0.543020563
30.616 0.5430546974
30.618 0.5430882582
30.62 0.5431212555
30.622 0.5431536727
30.624 0.5431855077
30.626 0.543216745
30.628 0.5432473945
30.63 0.5432774399
30.632 0.5433069011
30.634 0.5433357536
30.636 0.5433640182
30.638 0.5433916882
30.64 0.5434187724
30.642 0.543445263
30.644 0.5434711857
30.646 0.5434965923
30.648 0.5435213789
30.65 0.5435456045
30.652 0.5435693265
30.654 0.5435925027
30.656 0.5436150625
30.658 0.5436370642
30.66 0.5436585687
30.662 0.5436795339
30.664 0.5436999629
30.666 0.543719858
30.668 0.5437392117
30.67 0.5437580242
30.672 0.5437762884
30.674 0.543794007
30.676 0.5438111853
30.678 0.5438278228
30.68 0.5438439217
30.682 0.5438594846
30.684 0.5438745059
30.686 0.5438889933
30.688 0.5439029574
30.69 0.5439163972
30.692 0.5439293168
30.694 0.5439417201
30.696 0.5439536107
30.698 0.5439649907
30.7 0.5439758643
30.702 0.5439862344
30.704 0.5439961029
30.706 0.544005472
30.708 0.5440143433
30.71 0.5440227166
30.712 0.5440305901
30.714 0.5440379629
30.716 0.544044835
30.718 0.5440512052
30.72 0.5440570706
30.722 0.5440624283
30.724 0.5440672758
30.726 0.5440716104
30.728 0.5440754284
30.73 0.5440787233
30.732 0.5440814906
30.734 0.5440837285
30.736 0.5440854349
30.738 0.544086606
30.74 0.5440872379
30.742 0.5440873267
30.744 0.544086869
30.746 0.5440858609
30.748 0.5440842991
30.75 0.544082179
30.752 0.5440794967
30.754 0.5440762493
30.756 0.5440724335
30.758 0.5440680462
30.76 0.5440630841
30.762 0.5440575428
30.764 0.5440514184
30.766 0.5440447082
30.768 0.5440374096
30.77 0.5440295179
30.772 0.5440210314
30.774 0.5440119484
30.776 0.5440022662
30.778 0.5439919824
30.78 0.5439810951
30.782 0.5439696061
30.784 0.5439575153
30.786 0.5439448205
30.788 0.5439315195
30.79 0.543917597
30.792 0.5439030461
30.794 0.5438878694
30.796 0.5438720656
30.798 0.543855633
30.8 0.5438385701
30.802 0.5438208751
30.804 0.5438025464
30.806 0.5437835821
30.808 0.5437639804
30.81 0.5437437394
30.812 0.5437228571
30.814 0.5437013318
30.816 0.543679163
30.818 0.5436563495
30.82 0.5436328896
30.822 0.5436087816
30.824 0.5435840241
30.826 0.5435586135
30.828 0.5435325484
30.83 0.5435058285
30.832 0.5434784519
30.834 0.5434504164
30.836 0.5434217227
30.838 0.5433923702
30.84 0.543362357
30.842 0.5433316809
30.844 0.5433003408
30.846 0.5432683343
30.848 0.5432356605
30.85 0.5432023183
30.852 0.5431683085
30.854 0.5431336303
30.856 0.5430982822
30.858 0.5430622629
30.86 0.5430255715
30.862 0.5429882068
30.864 0.5429501682
30.866 0.5429114555
30.868 0.5428720683
30.87 0.5428320049
30.872 0.5427912642
30.874 0.5427498454
30.876 0.5427077474
30.878 0.542664969
30.88 0.5426215091
30.882 0.5425773663
30.884 0.542532539
30.886 0.5424870265
30.888 0.5424408275
30.89 0.5423939396
30.892 0.5423463624
30.894 0.542298095
30.896 0.5422491358
30.898 0.5421994838
30.9 0.5421491379
30.902 0.5420980853
30.904 0.5420463246
30.906 0.5419938593
30.908 0.5419406904
30.91 0.5418868167
30.912 0.5418322375
30.914 0.5417769532
30.916 0.5417209637
30.918 0.5416642692
30.92 0.5416068698
30.922 0.5415487654
30.924 0.5414899571
30.926 0.5414304468
30.928 0.5413702352
30.93 0.5413093222
30.932 0.5412477086
30.934 0.5411853949
30.936 0.5411223817
30.938 0.5410586696
30.94 0.5409942591
30.942 0.5409291509
30.944 0.5408633456
30.946 0.5407968439
30.948 0.5407296465
30.95 0.5406617544
30.952 0.5405931679
30.954 0.5405238877
30.956 0.5404539135
30.958 0.5403832458
30.96 0.5403118856
30.962 0.5402398338
30.964 0.540167091
30.966 0.540093658
30.968 0.5400195361
30.97 0.5399447264
30.972 0.5398692293
30.974 0.5397930452
30.976 0.5397161748
30.978 0.5396386187
30.98 0.5395603775
30.982 0.5394814518
30.984 0.5394018425
30.986 0.5393215504
30.988 0.539240576
30.99 0.53915892
30.992 0.5390765815
30.994 0.5389935601
30.996 0.5389098572
30.998 0.5388254724
31 0.5387404057
31.002 0.5386546581
31.004 0.5385682301
31.006 0.5384811225
31.008 0.5383933361
31.01 0.5383048715
31.012 0.5382157295
31.014 0.5381258871
31.016 0.5380353564
31.018 0.5379441594
31.02 0.5378522893
31.022 0.5377597464
31.024 0.5376665317
31.026 0.5375726459
31.028 0.5374780908
31.03 0.5373828671
31.032 0.5372869759
31.034 0.5371903935
31.036 0.537093133
31.038 0.5369952166
31.04 0.5368966365
31.042 0.536797393
31.044 0.5366974881
31.046 0.5365969228
31.048 0.5364956972
31.05 0.5363937878
31.052 0.5362912068
31.054 0.5361879762
31.056 0.5360840886
31.058 0.5359795443
31.06 0.5358743439
31.062 0.5357684877
31.064 0.5356619524
31.066 0.5355547506
31.068 0.5354469044
31.07 0.5353384067
31.072 0.5352292578
31.074 0.5351194585
31.076 0.5350089854
31.078 0.5348978508
31.08 0.5347860764
31.082 0.5346736544
31.084 0.5345605849
31.086 0.5344468444
31.088 0.5343324446
31.09 0.5342174073
31.092 0.534101725
31.094 0.5339853977
31.096 0.5338684013
31.098 0.5337507478
31.1 0.533632459
31.102 0.5335135273
31.104 0.5333939478
31.106 0.5332736648
31.108 0.5331526892
31.11 0.5330310078
31.112 0.5329086264
31.114 0.5327855725
31.116 0.5326618397
31.118 0.5325374511
31.12 0.5324124396
31.122 0.532286806
31.124 0.5321605332
31.126 0.5320336391
31.128 0.5319061495
31.13 0.5317780595
31.132 0.5316493464
31.134 0.5315200228
31.136 0.5313901108
31.138 0.5312596022
31.14 0.5311284713
31.142 0.5309967171
31.144 0.5308643515
31.146 0.5307313424
31.148 0.5305976999
31.15 0.530463615
31.152 0.5303291576
31.154 0.5301942424
31.156 0.5300588664
31.158 0.5299230458
31.16 0.5297867416
31.162 0.5296499598
31.164 0.5295127169
31.166 0.5293749994
31.168 0.5292367772
31.17 0.5290980575
31.172 0.5289588575
31.174 0.5288191396
31.176 0.5286789117
31.178 0.528538191
31.18 0.5283969392
31.182 0.5282551638
31.184 0.5281128826
31.186 0.5279700587
31.188 0.5278266997
31.19 0.5276828228
31.192 0.5275383872
31.194 0.5273933988
31.196 0.5272478779
31.198 0.5271017879
31.2 0.5269551369
31.202 0.5268079437
31.204 0.5266601713
31.206 0.5265118189
31.208 0.5263629016
31.21 0.5262133864
31.212 0.5260632825
31.214 0.5259126102
31.216 0.5257613335
31.218 0.5256094613
31.22 0.5254570131
31.222 0.5253039528
31.224 0.5251502894
31.226 0.5249960424
31.228 0.524841176
31.23 0.524685697
31.232 0.5245295991
31.234 0.5243728832
31.236 0.5242155688
31.238 0.5240576198
31.24 0.5238990449
31.242 0.5237398637
31.244 0.52358004
31.246 0.5234195811
31.248 0.5232584808
31.25 0.5230967406
31.252 0.5229343794
31.254 0.5227713612
31.256 0.5226076953
31.258 0.5224433762
31.26 0.5222784037
31.262 0.5221127971
31.264 0.521946521
31.266 0.5217795833
31.268 0.5216119782
31.27 0.5214437071
31.272 0.5212747895
31.274 0.5211051894
31.276 0.5209349154
31.278 0.5207639621
31.28 0.5205923305
31.282 0.5204200145
31.284 0.5202470158
31.286 0.5200733535
31.288 0.5198989915
31.29 0.519723939
31.292 0.5195481918
31.294 0.5193717503
31.296 0.5191946083
31.298 0.5190167669
31.3 0.5188382196
31.302 0.5186589705
31.304 0.5184790366
31.306 0.5182983821
31.308 0.5181170168
31.31 0.5179349334
31.312 0.5177521293
31.314 0.5175685993
31.316 0.5173843447
31.318 0.5171993615
31.32 0.5170136484
31.322 0.5168271979
31.324 0.5166400119
31.326 0.516452085
31.328 0.5162634214
31.33 0.516074013
31.332 0.5158838605
31.334 0.5156929584
31.336 0.5155013088
31.338 0.5153089056
31.34 0.5151157498
31.342 0.5149218355
31.344 0.5147271641
31.346 0.5145317303
31.348 0.5143355359
31.35 0.5141385745
31.352 0.5139408474
31.354 0.5137423496
31.356 0.5135430843
31.358 0.5133430463
31.36 0.513142237
31.362 0.5129406517
31.364 0.5127382917
31.366 0.5125346731
31.368 0.5123302642
31.37 0.5121250813
31.372 0.5119191209
31.374 0.5117123824
31.376 0.5115048673
31.378 0.5112965722
31.38 0.5110875002
31.382 0.5108776473
31.384 0.5106670166
31.386 0.5104556039
31.388 0.5102434124
31.39 0.5100304338
31.392 0.5098166773
31.394 0.5096021442
31.396 0.5093868088
31.398 0.5091707049
31.4 0.508953822
31.402 0.5087362747
31.404 0.5085181273
31.406 0.5082993462
31.408 0.508079927
31.41 0.5078598747
31.412 0.5076391864
31.414 0.5074178408
31.416 0.5071958731
31.418 0.5069732731
31.42 0.5067500472
31.422 0.5065261936
31.424 0.5063016882
31.426 0.5060765648
31.428 0.5058508105
31.43 0.505624424
31.432 0.5053973992
31.434 0.5051697393
31.436 0.504941439
31.438 0.5047124737
31.44 0.5044828764
31.442 0.5042526345
31.444 0.5040217491
31.446 0.5037902154
31.448 0.5035580085
31.45 0.5033251613
31.452 0.5030916586
31.454 0.5028575004
31.456 0.5026226821
31.458 0.5023871792
31.46 0.5021510247
31.462 0.5019142055
31.464 0.5016767232
31.466 0.501438573
31.468 0.5011997307
31.47 0.5009602275
31.472 0.5007200523
31.474 0.5004792057
31.476 0.5002376812
31.478 0.4999954558
31.48 0.4997525631
31.482 0.4995089909
31.484 0.4992647172
31.486 0.4990197757
31.488 0.4987741528
31.49 0.4985278518
31.492 0.498280869
31.494 0.4980331801
31.496 0.4977848213
31.498 0.4975357819
31.5 0.4972860657
31.502 0.4970357134
31.504 0.4967846962
31.506 0.4965329906
31.508 0.4962806334
31.51 0.4960276139
31.512 0.4957739091
31.514 0.4955195553
31.516 0.4952645421
31.518 0.4950088729
31.52 0.4947525449
31.522 0.4944955354
31.524 0.4942378803
31.526 0.4939795688
31.528 0.4937206255
31.53 0.4934610854
31.532 0.4932008971
31.534 0.4929400308
31.536 0.4926785252
31.538 0.4924163679
31.54 0.4921535348
31.542 0.4918900625
31.544 0.4916259292
31.546 0.4913611051
31.548 0.4910956283
31.55 0.4908294882
31.552 0.4905626616
31.554 0.4902951576
31.556 0.4900269759
31.558 0.4897581136
31.56 0.4894886071
31.562 0.4892184532
31.564 0.4889476368
31.566 0.4886761473
31.568 0.4884040096
31.57 0.4881311815
31.572 0.487857648
31.574 0.4875834651
31.576 0.4873086251
31.578 0.4870330817
31.58 0.4867568799
31.582 0.4864800308
31.584 0.4862025035
31.586 0.4859242804
31.588 0.4856454024
31.59 0.4853658808
31.592 0.4850856595
31.594 0.484804786
31.596 0.4845232709
31.598 0.484241083
31.6 0.4839582048
31.602 0.4836746774
31.604 0.4833905017
31.606 0.4831056158
31.608 0.4828200745
31.61 0.482533891
31.612 0.4822470069
31.614 0.4819594317
31.616 0.481671212
31.618 0.4813823399
31.62 0.4810927693
31.622 0.480802549
31.624 0.4805116899
31.626 0.4802201586
31.628 0.4799279374
31.63 0.4796350662
31.632 0.4793415575
31.634 0.4790473816
31.636 0.4787525202
31.638 0.4784570122
31.64 0.4781610855
31.642 0.4778644912
31.644 0.4775672118
31.646 0.4772692865
31.648 0.4769707239
31.65 0.4766714666
31.652 0.4763715335
31.654 0.4760709719
31.656 0.475769731
31.658 0.4754677977
31.66 0.4751651995
31.662 0.4748619335
31.664 0.474557994
31.666 0.4742533626
31.668 0.4739480022
31.67 0.4736419406
31.672 0.4733351981
31.674 0.4730277192
31.676 0.4727195266
31.678 0.4724106697
31.68 0.472101105
31.682 0.4717908176
31.684 0.4714798128
31.686 0.4711680949
31.688 0.4708557125
31.69 0.4705426223
31.692 0.4702288129
31.694 0.4699142918
31.696 0.469599091
31.698 0.4692832178
31.7 0.4689666161
31.702 0.4686493043
31.704 0.4683312794
31.706 0.4680125737
31.708 0.4676931699
31.71 0.4673730459
31.712 0.4670522295
31.714 0.4667307186
31.716 0.4664085095
31.718 0.466085573
31.72 0.4657619223
31.722 0.4654375536
31.724 0.4651124981
31.726 0.464786737
31.728 0.4644602476
31.73 0.4641330322
31.732 0.463805094
31.734 0.4634764565
31.736 0.4631471066
31.738 0.462817012
31.74 0.4624861854
31.742 0.4621546214
31.744 0.4618223518
31.746 0.4614893579
31.748 0.461155617
31.75 0.4608211325
31.752 0.4604859074
31.754 0.4601499651
31.756 0.4598132852
31.758 0.459475831
31.76 0.4591376395
31.762 0.4587986925
31.764 0.4584590061
31.766 0.4581185884
31.768 0.4577774066
31.77 0.4574354702
31.772 0.4570927533
31.774 0.4567492916
31.776 0.4564050973
31.778 0.4560601581
31.78 0.4557144343
31.782 0.4553679271
31.784 0.4550206596
31.786 0.4546726287
31.788 0.4543238621
31.79 0.4539743444
31.792 0.4536240236
31.794 0.4532729521
31.796 0.4529211124
31.798 0.4525685139
31.8 0.4522151726
31.802 0.4518610648
31.804 0.4515061676
31.806 0.4511505217
31.808 0.4507941361
31.81 0.4504369981
31.812 0.4500791362
31.814 0.4497205245
31.816 0.4493611337
31.818 0.4490010051
31.82 0.4486401446
31.822 0.4482785091
31.824 0.447916143
31.826 0.4475530649
31.828 0.4471892354
31.83 0.4468246251
31.832 0.4464592553
31.834 0.4460931608
31.836 0.44572636
31.838 0.445358804
31.84 0.4449904863
31.842 0.4446214303
31.844 0.4442516508
31.846 0.4438811463
31.848 0.4435099284
31.85 0.4431379705
31.852 0.4427652615
31.854 0.4423918299
31.856 0.4420176913
31.858 0.4416428322
31.86 0.4412672396
31.862 0.4408909518
31.864 0.4405139542
31.866 0.4401362025
31.868 0.4397577197
31.87 0.4393785259
31.872 0.438998615
31.874 0.4386179846
31.876 0.4382366688
31.878 0.4378546559
31.88 0.4374719206
31.882 0.4370884751
31.884 0.4367043225
31.886 0.4363194644
31.888 0.435933903
31.89 0.4355476709
31.892 0.4351605282
31.894 0.434772315
31.896 0.4343831017
31.898 0.4339929042
31.9 0.4336017291
31.902 0.4332095841
31.904 0.4328165064
31.906 0.4324224844
31.908 0.4320274944
31.91 0.4316315441
31.912 0.4312346258
31.914 0.4308367406
31.916 0.4304378963
31.918 0.430038132
31.92 0.4296374423
31.922 0.4292358076
31.924 0.4288332486
31.926 0.4284297764
31.928 0.4280253984
31.93 0.4276201233
31.932 0.4272139603
31.934 0.4268069486
31.936 0.426399083
31.938 0.4259903444
31.94 0.4255807569
31.942 0.4251703282
31.944 0.424759063
31.946 0.424346972
31.948 0.4239340696
31.95 0.4235203998
31.952 0.4231059625
31.954 0.4226907357
31.956 0.4222747341
31.958 0.421857969
31.96 0.4214404497
31.962 0.4210221226
31.964 0.4206028947
31.966 0.4201827697
31.968 0.4197617415
31.97 0.4193397947
31.972 0.4189169502
31.974 0.418493219
31.976 0.4180686101
31.978 0.4176431442
31.98 0.4172168236
31.982 0.4167897009
31.984 0.4163617685
31.986 0.4159330121
31.988 0.4155034504
31.99 0.4150730938
31.992 0.4146419481
31.994 0.4142100297
31.996 0.4137773415
31.998 0.4133439187
32 0.4129097534
32.002 0.4124748221
32.004 0.41203915
32.006 0.4116027524
32.008 0.4111656334
32.01 0.4107277997
32.012 0.4102892568
32.014 0.4098500366
32.016 0.4094101311
32.018 0.408969522
32.02 0.4085282237
32.022 0.4080862415
32.024 0.4076435792
32.026 0.407200241
32.028 0.4067562322
32.03 0.4063115702
32.032 0.4058662908
32.034 0.4054203791
32.036 0.4049738082
32.038 0.404526591
32.04 0.4040787315
32.042 0.4036302327
32.044 0.4031810985
32.046 0.4027313325
32.048 0.4022809708
32.05 0.4018300022
32.052 0.4013784005
32.054 0.4009261792
32.056 0.4004733427
32.058 0.4000198985
32.06 0.3995658522
32.062 0.3991112058
32.064 0.3986559627
32.066 0.3982001598
32.068 0.3977437863
32.07 0.3972868167
32.072 0.3968292648
32.074 0.3963711344
32.076 0.3959124292
32.078 0.3954531522
32.08 0.3949933073
32.082 0.3945328991
32.084 0.3940719647
32.086 0.3936104921
32.088 0.3931484554
32.09 0.3926858686
32.092 0.3922227354
32.094 0.391759059
32.096 0.391294843
32.098 0.3908300912
32.1 0.3903648415
32.102 0.3898990843
32.104 0.3894327936
32.106 0.3889659819
32.108 0.388498653
32.11 0.388030809
32.112 0.3875624537
32.114 0.3870935893
32.116 0.3866242196
32.118 0.3861543768
32.12 0.3856840474
32.122 0.3852132025
32.124 0.3847418546
32.126 0.3842700067
32.128 0.3837976608
32.13 0.3833248196
32.132 0.3828514856
32.134 0.382377696
32.136 0.3819034381
32.138 0.3814286841
32.14 0.3809534123
32.142 0.3804776307
32.144 0.3800013562
32.146 0.3795245982
32.148 0.3790473628
32.15 0.3785696559
32.152 0.3780915172
32.154 0.3776129362
32.156 0.3771338867
32.158 0.376654386
32.16 0.3761744408
32.162 0.3756940529
32.164 0.3752132257
32.166 0.3747319628
32.168 0.3742503019
32.17 0.3737682314
32.172 0.373285723
32.174 0.3728027894
32.176 0.3723194339
32.178 0.3718356579
32.18 0.3713514639
32.182 0.3708668532
32.184 0.3703818619
32.186 0.3698964757
32.188 0.3694106636
32.19 0.3689244346
32.192 0.3684377897
32.194 0.36795073
32.196 0.3674632548
32.198 0.3669753628
32.2 0.3664870882
32.202 0.365998415
32.204 0.3655093113
32.206 0.3650197866
32.208 0.3645298405
32.21 0.3640394709
32.212 0.3635486763
32.214 0.3630574893
32.216 0.3625658923
32.218 0.3620738519
32.22 0.3615813764
32.222 0.3610884638
32.224 0.3605951118
32.226 0.3601013177
32.228 0.3596070772
32.23 0.3591124224
32.232 0.3586173341
32.234 0.3581217768
32.236 0.3576257587
32.238 0.3571292773
32.24 0.3566323289
32.242 0.3561349102
32.244 0.3556370537
32.246 0.3551387401
32.248 0.3546399342
32.25 0.3541406429
32.252 0.3536408636
32.254 0.3531405919
32.256 0.3526398243
32.258 0.3521385851
32.26 0.3516368505
32.262 0.351134587
32.264 0.3506317824
32.266 0.3501284425
32.268 0.3496246854
32.27 0.3491205153
32.272 0.3486159393
32.274 0.3481109065
32.276 0.3476053361
32.278 0.3470991867
32.28 0.3465924414
32.282 0.3460850921
32.284 0.3455770928
32.286 0.3450684709
32.288 0.3445592107
32.29 0.3440492389
32.292 0.3435385631
32.294 0.3430271703
32.296 0.3425150532
32.298 0.342002203
32.3 0.3414886545
32.302 0.3409742476
32.304 0.340458861
32.306 0.339942561
32.308 0.3394253882
32.31 0.3389075302
32.312 0.3383890703
32.314 0.3378700214
32.316 0.3373503377
32.318 0.3368299711
32.32 0.3363089154
32.322 0.3357871639
32.324 0.3352647046
32.326 0.3347415708
32.328 0.3342177376
32.33 0.3336931704
32.332 0.3331678749
32.334 0.3326418539
32.336 0.3321151025
32.338 0.3315876039
32.34 0.3310594185
32.342 0.33053052
32.344 0.3300008582
32.346 0.3294704668
32.348 0.328939337
32.35 0.3284074521
32.352 0.3278748547
32.354 0.3273415501
32.356 0.3268074937
32.358 0.326272685
32.36 0.3257371345
32.362 0.3252008499
32.364 0.3246638605
32.366 0.3241261367
32.368 0.3235876458
32.37 0.3230483957
32.372 0.3225083849
32.374 0.3219676278
32.376 0.3214252497
32.378 0.3208815561
32.38 0.320336669
32.382 0.3197907942
32.384 0.3192439346
32.386 0.3186961632
32.388 0.318147488
32.39 0.3175979723
32.392 0.3170476062
32.394 0.3164963648
32.396 0.315944265
32.398 0.3153913119
32.4 0.3148375084
32.402 0.3142828971
32.404 0.3137274637
32.406 0.313171171
32.408 0.3126140316
32.41 0.3120560518
32.412 0.3114972251
32.414 0.3109375766
32.416 0.310377072
32.418 0.3098157458
32.42 0.3092535987
32.422 0.3086906515
32.424 0.3081269414
32.426 0.3075624644
32.428 0.3069971965
32.43 0.3064311225
32.432 0.3058642671
32.434 0.3052966858
32.436 0.3047283894
32.438 0.3041593186
32.44 0.3035894579
32.442 0.3030188247
32.444 0.3024474162
32.446 0.3018752663
32.448 0.30130236
32.45 0.3007286568
32.452 0.3001541582
32.454 0.2995788562
32.456 0.2990027802
32.458 0.2984259041
32.46 0.2978481844
32.462 0.2972696177
32.464 0.2966902
32.466 0.2961099233
32.468 0.2955288089
32.47 0.2949468249
32.472 0.2943639219
32.474 0.2937800982
32.476 0.2931953403
32.478 0.2926097402
32.48 0.2920231956
32.482 0.291435605
32.484 0.2908469599
32.486 0.2902572462
32.488 0.2896664876
32.49 0.2890746603
32.492 0.2884817203
32.494 0.2878876763
32.496 0.2872925249
32.498 0.2866963009
32.5 0.2860989819
32.502 0.2855005287
32.504 0.2849009509
32.506 0.2843002884
32.508 0.2836985223
32.51 0.2830956169
32.512 0.282491585
32.514 0.2818864291
32.516 0.2812801916
32.518 0.2806728573
32.52 0.2800644028
32.522 0.279454849
32.524 0.2788441982
32.526 0.278232492
32.528 0.2776197096
32.53 0.2770058181
32.532 0.276390838
32.534 0.275774818
32.536 0.2751577459
32.538 0.2745395913
32.54 0.273920368
32.542 0.2733000817
32.544 0.2726787713
32.546 0.272056437
32.548 0.2714330146
32.55 0.2708084881
32.552 0.2701829144
32.554 0.269556316
32.556 0.2689286476
32.558 0.2682999286
32.56 0.2676702108
32.562 0.2670394851
32.564 0.2664077208
32.566 0.2657749395
32.568 0.2651411158
32.57 0.2645063243
32.572 0.2638705916
32.574 0.2632338812
32.576 0.2625962175
32.578 0.2619576567
32.58 0.2613181951
32.582 0.2606777789
32.584 0.2600364628
32.586 0.2593943352
32.588 0.2587513758
32.59 0.2581075584
32.592 0.2574629081
32.594 0.25681748
32.596 0.256171227
32.598 0.2555241393
32.6 0.2548762694
32.602 0.2542276605
32.604 0.2535783055
32.606 0.2529281399
32.608 0.2522772079
32.61 0.2516255971
32.612 0.2509732858
32.614 0.2503202461
32.616 0.2496664602
32.618 0.249012003
32.62 0.248356899
32.622 0.2477011076
32.624 0.2470446549
32.626 0.2463875458
32.628 0.2457297874
32.63 0.2450713846
32.632 0.2444123889
32.634 0.2437527488
32.636 0.243092458
32.638 0.2424315723
32.64 0.2417701336
32.642 0.2411080896
32.644 0.2404454372
32.646 0.2397822325
32.648 0.2391185137
32.65 0.2384542284
32.652 0.2377893692
32.654 0.2371240343
32.656 0.2364582011
32.658 0.2357918028
32.66 0.2351248855
32.662 0.2344577733
32.664 0.2337905476
32.666 0.2331230966
32.668 0.2324554687
32.67 0.2317876647
32.672 0.2311196928
32.674 0.2304515525
32.676 0.2297832964
32.678 0.2291148709
32.68 0.2284462654
32.682 0.2277775694
32.684 0.2271087146
32.686 0.2264396895
32.688 0.2257705464
32.69 0.2251012814
32.692 0.2244318997
32.694 0.2237623995
32.696 0.2230928183
32.698 0.2224231577
32.7 0.221753403
32.702 0.221083512
32.704 0.2204135501
32.706 0.2197434907
32.708 0.2190733044
32.71 0.2184030821
32.712 0.2177327497
32.714 0.2170622867
32.716 0.2163917855
32.718 0.2157211725
32.72 0.2150504272
32.722 0.2143795996
32.724 0.2137086797
32.726 0.2130376594
32.728 0.2123665409
32.73 0.2116953235
32.732 0.2110239579
32.734 0.2103524639
32.736 0.2096809163
32.738 0.2090092491
32.74 0.2083374422
32.742 0.2076655441
32.744 0.2069935413
32.746 0.2063213792
32.748 0.2056491176
32.75 0.2049767668
32.752 0.2043042281
32.754 0.2036315741
32.756 0.2029587687
32.758 0.2022857766
32.76 0.2016126432
32.762 0.2009393377
32.764 0.2002658073
32.766 0.1995921127
32.768 0.1989182144
32.77 0.1982440749
32.772 0.1975697381
32.774 0.1968951896
32.776 0.1962204084
32.778 0.1955453972
32.78 0.1948701448
32.782 0.1941945856
32.784 0.1935187822
32.786 0.1928426955
32.788 0.1921662863
32.79 0.1914896089
32.792 0.1908126441
32.794 0.1901353267
32.796 0.1894577244
32.798 0.1887797876
32.8 0.1881015188
32.802 0.1874228956
32.804 0.1867438755
32.806 0.1860644896
32.808 0.1853847169
32.81 0.1847045049
32.812 0.1840239113
32.814 0.1833428903
32.816 0.1826613995
32.818 0.1819794747
32.82 0.1812970902
32.822 0.1806142345
32.824 0.1799308976
32.826 0.1792470093
32.828 0.1785626255
32.83 0.1778777057
32.832 0.1771922102
32.834 0.1765061771
32.836 0.1758195831
32.838 0.1751324187
32.84 0.1744446721
32.842 0.1737562767
32.844 0.1730672503
32.846 0.1723776163
32.848 0.1716872993
32.85 0.1709963545
32.852 0.1703047433
32.854 0.1696124625
32.856 0.1689194804
32.858 0.1682257135
32.86 0.1675312638
32.862 0.1668360798
32.864 0.1661401586
32.866 0.1654434719
32.868 0.1647459342
32.87 0.1640476475
32.872 0.163348434
32.874 0.1626481384
32.876 0.1619467307
32.878 0.161244133
32.88 0.1605404538
32.882 0.1598356444
32.884 0.1591296675
32.886 0.1584225608
32.888 0.1577142608
32.89 0.1570048244
32.892 0.1562942095
32.894 0.1555823824
32.896 0.1548693822
32.898 0.1541551412
32.9 0.1534396806
32.902 0.1527230295
32.904 0.1520051761
32.906 0.1512861146
32.908 0.1505657872
32.91 0.1498442233
32.912 0.1491214535
32.914 0.1483974626
32.916 0.1476722099
32.918 0.1469457135
32.92 0.1462180086
32.922 0.1454890414
32.924 0.1447588807
32.926 0.1440274929
32.928 0.1432948529
32.93 0.1425609647
32.932 0.1418258777
32.934 0.1410895616
32.936 0.1403519417
32.938 0.1396131382
32.94 0.1388731206
32.942 0.1381318611
32.944 0.137389406
32.946 0.1366457479
32.948 0.1359008952
32.95 0.1351548293
32.952 0.1344076582
32.954 0.1336593395
32.956 0.1329098538
32.958 0.1321592498
32.96 0.1314075256
32.962 0.1306546365
32.964 0.129900597
32.966 0.129145448
32.968 0.1283891303
32.97 0.1276316807
32.972 0.1268730956
32.974 0.1261134259
32.976 0.1253526477
32.978 0.1245907382
32.98 0.123827707
32.982 0.1230636086
32.984 0.1222984203
32.986 0.1215321203
32.988 0.1207647203
32.99 0.1199962263
32.992 0.1192266868
32.994 0.1184560555
32.996 0.1176843576
32.998 0.1169117573
33 0.1161384109
33.002 0.1153642483
33.004 0.1145892461
33.006 0.1138134105
33.008 0.1130368073
33.01 0.1122594124
33.012 0.1114812057
33.014 0.110702197
33.016 0.109922402
33.018 0.1091418617
33.02 0.1083605709
33.022 0.1075784954
33.024 0.1067956639
33.026 0.1060120799
33.028 0.1052277093
33.03 0.1044426663
33.032 0.1036569179
33.034 0.1028704443
33.036 0.1020832592
33.038 0.1012953786
33.04 0.1005066806
33.042 0.09971713328
33.044 0.09892667302
33.046 0.09813529718
33.048 0.09734302849
33.05 0.0965498981
33.052 0.09575590176
33.054 0.09496110709
33.056 0.09416549774
33.058 0.0933690654
33.06 0.09257182893
33.062 0.09177380951
33.064 0.09097501296
33.066 0.09017546561
33.068 0.08937517538
33.07 0.08857420413
33.072 0.08777254011
33.074 0.08697016807
33.076 0.08616710408
33.078 0.08536337003
33.08 0.08455897173
33.082 0.08375393993
33.084 0.08294828565
33.086 0.08214202523
33.088 0.08133520375
33.09 0.08052782125
33.092 0.07971984897
33.094 0.07891131789
33.096 0.07810223233
33.098 0.07729261335
33.1 0.07648246779
33.102 0.0756718148
33.104 0.07486065823
33.106 0.07404901725
33.108 0.07323691088
33.11 0.07242435593
33.112 0.07161139923
33.114 0.07079803944
33.116 0.06998424612
33.118 0.06917004433
33.12 0.06835543515
33.122 0.0675404398
33.124 0.06672506221
33.126 0.0659093155
33.128 0.06509319914
33.13 0.06427672663
33.132 0.06345989704
33.134 0.06264272507
33.136 0.06182521047
33.138 0.06100736729
33.14 0.06018919436
33.142 0.05937070572
33.144 0.05855190496
33.146 0.05773280847
33.148 0.05691341412
33.15 0.05609366043
33.152 0.05527355613
33.154 0.05445312225
33.156 0.05363242725
33.158 0.05281140627
33.16 0.05199009391
33.162 0.05116849146
33.164 0.05034661522
33.166 0.04952446982
33.168 0.04870206952
33.17 0.04787941305
33.172 0.04705651849
33.174 0.04623338905
33.176 0.04541004323
33.178 0.04458648399
33.18 0.04376272594
33.182 0.0429387674
33.184 0.04211462939
33.186 0.04129036557
33.188 0.04046591673
33.19 0.03964131374
33.192 0.03881655144
33.194 0.03799168153
33.196 0.03716672217
33.198 0.03634167532
33.2 0.03551653617
33.202 0.03469131989
33.204 0.03386602503
33.206 0.03304066808
33.208 0.03221529667
33.21 0.03138984445
33.212 0.03056437272
33.214 0.02973889191
33.216 0.02891340731
33.218 0.0280879102
33.22 0.02726240645
33.222 0.02643687533
33.224 0.02561130697
33.226 0.02478574505
33.228 0.02396012324
33.23 0.02313446271
33.232 0.02230875359
33.234 0.02148299371
33.236 0.02065717297
33.238 0.01983129995
33.24 0.01900536524
33.242 0.01817937195
33.244 0.01735335964
33.246 0.01652725416
33.248 0.01570107572
33.25 0.01487481071
33.252 0.01404849169
33.254 0.0132221189
33.256 0.0123957016
33.258 0.01156927116
33.26 0.010742753
33.262 0.009916166668
33.264 0.009089506087
33.266 0.008262770141
33.268 0.007435940191
33.27 0.006609021544
33.272 0.005781994205
33.274 0.004954860443
33.276 0.004127663092
33.278 0.003300322118
33.28 0.002472863116
33.282 0.001645278244
33.284 0.0008175741886
33.286 -1.027022462e-05
33.288 -0.0008382524837
33.29 -0.001666339613
33.292 -0.00249460947
33.294 -0.00332304004
33.296 -0.004151645949
33.298 -0.004980441466
33.3 -0.005809432093
33.302 -0.006638613771
33.304 -0.007467951889
33.306 -0.008297530678
33.308 -0.009127329364
33.31 -0.009957363235
33.312 -0.0107876307
33.314 -0.0116181519
33.316 -0.01244892483
33.318 -0.01327990946
33.32 -0.01411119528
33.322 -0.01494277766
33.324 -0.01577466791
33.326 -0.01660686092
33.328 -0.01743932333
33.33 -0.01827213216
33.332 -0.01910517543
33.334 -0.01993844821
33.336 -0.02077200892
33.338 -0.021605893
33.34 -0.0224401397
33.342 -0.02327473197
33.344 -0.02410974943
33.346 -0.0249451827
33.348 -0.02578105144
33.35 -0.0266173588
33.352 -0.02745410352
33.354 -0.02829127294
33.356 -0.02912884441
33.358 -0.0299668987
33.36 -0.03080542408
33.362 -0.03164443593
33.364 -0.03248393294
33.366 -0.03332388414
33.368 -0.03416436586
33.37 -0.03500536378
33.372 -0.03584689369
33.374 -0.03668895806
33.376 -0.03753149637
33.378 -0.03837448224
33.38 -0.03921790485
33.382 -0.04006184497
33.384 -0.04090629443
33.386 -0.04175127256
33.388 -0.04259677698
33.39 -0.0434428223
33.392 -0.04428941114
33.394 -0.04513650079
33.396 -0.04598414637
33.398 -0.04683234901
33.4 -0.04768111341
33.402 -0.04853044796
33.404 -0.04938031367
33.406 -0.05023076224
33.408 -0.0510818165
33.41 -0.05193348381
33.412 -0.05278576667
33.414 -0.05363867231
33.416 -0.05449217957
33.418 -0.05534626661
33.42 -0.05620101259
33.422 -0.05705640641
33.424 -0.05791249873
33.426 -0.05876927487
33.428 -0.05962667514
33.43 -0.0604848167
33.432 -0.06134366767
33.434 -0.06220321709
33.436 -0.06306347324
33.438 -0.06392447702
33.44 -0.06478621148
33.442 -0.06564861113
33.444 -0.06651175622
33.446 -0.06737565434
33.448 -0.06824030265
33.45 -0.06910567666
33.452 -0.06997179073
33.454 -0.07083863828
33.456 -0.07170617584
33.458 -0.07257447793
33.46 -0.07344355256
33.462 -0.07431339315
33.464 -0.07518396855
33.466 -0.07605529666
33.468 -0.07692737132
33.47 -0.07780014639
33.472 -0.07867369361
33.474 -0.07954798982
33.476 -0.08042304567
33.478 -0.08129885492
33.48 -0.08217541962
33.482 -0.08305272835
33.484 -0.08393073139
33.486 -0.08480949673
33.488 -0.08568899747
33.49 -0.08656923701
33.492 -0.08745020109
33.494 -0.08833189541
33.496 -0.08921430815
33.498 -0.09009744405
33.5 -0.09098129093
33.502 -0.0918658006
33.504 -0.09275104056
33.506 -0.09363699235
33.508 -0.09452366543
33.51 -0.09541104046
33.512 -0.09629912218
33.514 -0.09718789944
33.516 -0.09807737722
33.518 -0.09896754312
33.52 -0.09985837117
33.522 -0.1007498544
33.524 -0.1016419527
33.526 -0.1025347725
33.528 -0.1034282805
33.53 -0.104322406
33.532 -0.1052170669
33.534 -0.1061122842
33.536 -0.1070080494
33.538 -0.107904314
33.54 -0.1088010903
33.542 -0.1096983847
33.544 -0.110596203
33.546 -0.1114945548
33.548 -0.1123934332
33.55 -0.1132928391
33.552 -0.114192761
33.554 -0.1150932029
33.556 -0.1159941559
33.558 -0.1168955676
33.56 -0.1177975014
33.562 -0.1186999333
33.564 -0.1196028624
33.566 -0.1205062736
33.568 -0.1214101756
33.57 -0.1223145907
33.572 -0.1232194792
33.574 -0.1241248308
33.576 -0.1250306545
33.578 -0.1259369371
33.58 -0.1268436804
33.582 -0.1277508744
33.584 -0.128658525
33.586 -0.1295666272
33.588 -0.1304751859
33.59 -0.1313841899
33.592 -0.1322936499
33.594 -0.1332035594
33.596 -0.1341139271
33.598 -0.1350247462
33.6 -0.1359361042
33.602 -0.1368480535
33.604 -0.1377605736
33.606 -0.138673658
33.608 -0.1395873131
33.61 -0.1405015321
33.612 -0.1414163222
33.614 -0.1423316747
33.616 -0.1432475962
33.618 -0.1441640771
33.62 -0.1450811229
33.622 -0.1459986886
33.624 -0.1469167627
33.626 -0.1478353574
33.628 -0.1487544808
33.63 -0.1496741182
33.632 -0.1505942723
33.634 -0.1515149325
33.636 -0.1524360995
33.638 -0.1533577612
33.64 -0.1542799194
33.642 -0.1552026163
33.644 -0.1561257745
33.646 -0.1570494113
33.648 -0.1579735149
33.65 -0.1588980868
33.652 -0.1598231046
33.654 -0.1607485649
33.656 -0.1616744569
33.658 -0.1626007825
33.66 -0.1635275817
33.662 -0.1644547771
33.664 -0.1653823845
33.666 -0.1663113654
33.668 -0.1672414053
33.67 -0.1681720294
33.672 -0.1691028109
33.674 -0.1700339112
33.676 -0.1709651704
33.678 -0.1718965919
33.68 -0.17282822
33.682 -0.1737599985
33.684 -0.1746919698
33.686 -0.1756241118
33.688 -0.1765564023
33.69 -0.1774888155
33.692 -0.1784213245
33.694 -0.1793537421
33.696 -0.1802860592
33.698 -0.1812180515
33.7 -0.1821497615
33.702 -0.1830812206
33.704 -0.1840125544
33.706 -0.184943711
33.708 -0.1858747408
33.71 -0.186805648
33.712 -0.1877364488
33.714 -0.1886671946
33.716 -0.1895978174
33.718 -0.1905283404
33.72 -0.1914588124
33.722 -0.192389161
33.724 -0.193319406
33.726 -0.194249599
33.728 -0.1951796686
33.73 -0.1961096371
33.732 -0.1970394959
33.734 -0.1979692517
33.736 -0.1988989578
33.738 -0.1998285447
33.74 -0.2007580354
33.742 -0.2016874786
33.744 -0.2026167988
33.746 -0.2035460251
33.748 -0.2044752085
33.75 -0.2054042828
33.752 -0.2063332737
33.754 -0.2072622328
33.756 -0.2081911464
33.758 -0.209120041
33.76 -0.2100489879
33.762 -0.2109779923
33.764 -0.2119069775
33.766 -0.2128359683
33.768 -0.2137650113
33.77 -0.2146940285
33.772 -0.2156230391
33.774 -0.2165520855
33.776 -0.2174811464
33.778 -0.2184101639
33.78 -0.2193391527
33.782 -0.220268282
33.784 -0.2211976567
33.786 -0.2221272854
33.788 -0.2230572417
33.79 -0.2239875656
33.792 -0.2249182185
33.794 -0.2258492422
33.796 -0.2267807409
33.798 -0.2277127242
33.8 -0.2286451315
33.802 -0.229577989
33.804 -0.2305113707
33.806 -0.2314452402
33.808 -0.232379484
33.81 -0.2333141027
33.812 -0.2342491205
33.814 -0.2351845
33.816 -0.2361202212
33.818 -0.2370562144
33.82 -0.2379924902
33.822 -0.2389290865
33.824 -0.2398659798
33.826 -0.2408031626
33.828 -0.2417405758
33.83 -0.2426782369
33.832 -0.2436161895
33.834 -0.2445544159
33.836 -0.2454929124
33.838 -0.2464316235
33.84 -0.2473705734
33.842 -0.2483098093
33.844 -0.249249314
33.846 -0.2501890862
33.848 -0.2511291181
33.85 -0.2520693517
33.852 -0.2530098148
33.854 -0.2539505537
33.856 -0.2548915538
33.858 -0.255832812
33.86 -0.2567743276
33.862 -0.2577161006
33.864 -0.2586580774
33.866 -0.2596002817
33.868 -0.2605427614
33.87 -0.2614854772
33.872 -0.2624284864
33.874 -0.2633718624
33.876 -0.264315575
33.878 -0.2652596003
33.88 -0.2662039384
33.882 -0.2671486026
33.884 -0.2680936102
33.886 -0.2690389903
33.888 -0.2699847281
33.89 -0.2709307975
33.892 -0.2718772554
33.894 -0.2728238745
33.896 -0.2737705241
33.898 -0.2747173409
33.9 -0.2756643136
33.902 -0.2766114144
33.904 -0.2775586509
33.906 -0.2785060353
33.908 -0.2794536996
33.91 -0.2804017571
33.912 -0.2813502002
33.914 -0.2822990741
33.916 -0.2832483567
33.918 -0.2841980526
33.92 -0.2851481362
33.922 -0.2860986064
33.924 -0.2870494544
33.926 -0.2880006488
33.928 -0.2889522337
33.93 -0.2899041884
33.932 -0.2908565159
33.934 -0.2918091926
33.936 -0.2927622173
33.938 -0.2937155807
33.94 -0.2946692928
33.942 -0.2956233421
33.944 -0.2965777337
33.946 -0.2975324541
33.948 -0.298487509
33.95 -0.2994428839
33.952 -0.3003985818
33.954 -0.3013545887
33.956 -0.3023109093
33.958 -0.3032675298
33.96 -0.304224503
33.962 -0.3051818279
33.964 -0.3061394588
33.966 -0.3070974455
33.968 -0.3080557589
33.97 -0.3090143492
33.972 -0.3099732177
33.974 -0.3109323747
33.976 -0.3118918111
33.978 -0.3128515138
33.98 -0.3138114477
33.982 -0.3147716375
33.984 -0.31573209
33.986 -0.3166927537
33.988 -0.3176536357
33.99 -0.3186148119
33.992 -0.3195762378
33.994 -0.320537826
33.996 -0.3214996361
33.998 -0.3224618034
34 -0.3234241024
34.002 -0.3243864856
34.004 -0.3253489729
34.006 -0.3263115773
34.008 -0.3272743514
34.01 -0.3282372379
34.012 -0.3292002174
34.014 -0.3301633411
34.016 -0.331126601
34.018 -0.3320899961
34.02 -0.3330535417
34.022 -0.3340172317
34.024 -0.334981055
34.026 -0.3359450157
34.028 -0.3369091133
34.03 -0.3378733456
34.032 -0.3388377625
34.034 -0.3398023336
34.036 -0.3407669728
34.038 -0.3417317075
34.04 -0.3426965675
34.042 -0.3436615354
34.044 -0.3446266039
34.046 -0.3455917449
34.048 -0.3465569935
34.05 -0.3475223197
34.052 -0.3484876696
34.054 -0.3494530478
34.056 -0.3504184467
34.058 -0.3513838537
34.06 -0.3523492563
34.062 -0.3533146983
34.064 -0.3542801416
34.066 -0.3552455299
34.068 -0.3562108667
34.07 -0.3571760277
34.072 -0.3581410581
34.074 -0.3591059593
34.076 -0.3600707569
34.078 -0.3610354352
34.08 -0.3620000475
34.082 -0.3629645577
34.084 -0.3639289126
34.086 -0.3648931186
34.088 -0.3658571678
34.09 -0.366821053
34.092 -0.3677847639
34.094 -0.3687482859
34.096 -0.3697116077
34.098 -0.3706747171
34.1 -0.3716376584
34.102 -0.3726003901
34.104 -0.3735628532
34.106 -0.3745250521
34.108 -0.3754869691
34.11 -0.37644858
34.112 -0.3774098579
34.114 -0.3783707797
34.116 -0.3793313319
34.118 -0.3802915008
34.12 -0.381251275
34.122 -0.3822106504
34.124 -0.3831696222
34.126 -0.3841281833
34.128 -0.3850863235
34.13 -0.3860440371
34.132 -0.3870013777
34.134 -0.3879583121
34.136 -0.388914787
34.138 -0.3898708166
34.14 -0.3908264009
34.142 -0.3917815371
34.144 -0.3927362242
34.146 -0.3936904602
34.148 -0.3946442449
34.15 -0.3955975779
34.152 -0.3965504616
34.154 -0.3975028992
34.156 -0.3984548902
34.158 -0.3994064307
34.16 -0.4003575225
34.162 -0.4013081453
34.164 -0.4022582912
34.166 -0.4032079734
34.168 -0.4041571978
34.17 -0.405105968
34.172 -0.4060542896
34.174 -0.4070021684
34.176 -0.4079496093
34.178 -0.4088966184
34.18 -0.4098432018
34.182 -0.410789364
34.184 -0.411735105
34.186 -0.4126804256
34.188 -0.413625331
34.19 -0.4145698277
34.192 -0.4155138926
34.194 -0.4164575162
34.196 -0.417400713
34.198 -0.4183434897
34.2 -0.4192861699
34.202 -0.4202284503
34.204 -0.4211703232
34.206 -0.422111798
34.208 -0.4230528803
34.21 -0.4239935775
34.212 -0.4249338958
34.214 -0.4258738426
34.216 -0.4268134255
34.218 -0.4277526534
34.22 -0.4286915318
34.222 -0.4296300661
34.224 -0.4305682657
34.226 -0.4315061403
34.228 -0.4324437053
34.23 -0.4333809741
34.232 -0.4343179566
34.234 -0.4352546666
34.236 -0.4361911156
34.238 -0.4371273136
34.24 -0.4380632718
34.242 -0.4389990032
34.244 -0.4399345186
34.246 -0.4408698332
34.248 -0.4418049579
34.25 -0.4427399017
34.252 -0.4436746759
34.254 -0.4446092923
34.256 -0.4455437627
34.258 -0.4464780984
34.26 -0.4474122945
34.262 -0.4483463588
34.264 -0.449280308
34.266 -0.4502141457
34.268 -0.4511478803
34.27 -0.4520815259
34.272 -0.4530150961
34.274 -0.4539486026
34.276 -0.4548820564
34.278 -0.4558154701
34.28 -0.4567488351
34.282 -0.4576821724
34.284 -0.458615496
34.286 -0.4595488234
34.288 -0.4604821656
34.29 -0.4614155345
34.292 -0.4623489416
34.294 -0.463282398
34.296 -0.4642159149
34.298 -0.4651495021
34.3 -0.4660831672
34.302 -0.4670169189
34.304 -0.467950768
34.306 -0.4688845506
34.308 -0.469818443
34.31 -0.4707524508
34.312 -0.4716865789
34.314 -0.4726208334
34.316 -0.4735552177
34.318 -0.4744897321
34.32 -0.4754243771
34.322 -0.4763591545
34.324 -0.4772940654
34.326 -0.478229105
34.328 -0.4791642703
34.33 -0.4800995644
34.332 -0.4810349923
34.334 -0.481972149
34.336 -0.4829104245
34.338 -0.4838527749
34.34 -0.4848004549
34.342 -0.4857519465
34.344 -0.486705754
34.346 -0.4876607152
34.348 -0.4886158177
34.35 -0.4895702342
34.352 -0.4905232746
34.354 -0.4914744535
34.356 -0.4924233788
34.358 -0.4933696999
34.36 -0.4943131887
34.362 -0.4952537136
34.364 -0.4961912266
34.366 -0.4971257498
34.368 -0.4980573718
34.37 -0.4989862479
34.372 -0.4999125047
34.374 -0.5008363295
34.376 -0.5017580173
34.378 -0.5026778685
34.38 -0.5035961863
34.382 -0.5045132774
34.384 -0.5054294648
34.386 -0.5063450754
34.388 -0.5072603915
34.39 -0.5081756893
34.392 -0.5090912379
34.394 -0.5100072735
34.396 -0.5109240083
34.398 -0.5118416345
34.4 -0.5127603083
34.402 -0.5136801726
34.404 -0.514601362
34.406 -0.5155239534
34.408 -0.516448003
34.41 -0.5173735657
34.412 -0.5183006651
34.414 -0.5192292981
34.416 -0.5201594517
34.418 -0.5210910959
34.42 -0.5220241891
34.422 -0.5229586761
34.424 -0.5238944894
34.426 -0.5248315627
34.428 -0.5257698225
34.43 -0.5267091913
34.432 -0.5276495799
34.434 -0.5285909057
34.436 -0.5295330703
34.438 -0.530475981
34.44 -0.5314195715
34.442 -0.5323637834
34.444 -0.5333085689
34.446 -0.5342539072
34.448 -0.5351997866
34.45 -0.536146188
34.452 -0.5370931034
34.454 -0.5380405241
34.456 -0.5389884394
34.458 -0.539936874
34.46 -0.5408857852
34.462 -0.5418351546
34.464 -0.5427849915
34.466 -0.5437352922
34.468 -0.5446860417
34.47 -0.54563723
34.472 -0.5465888644
34.474 -0.5475409457
34.476 -0.5484934713
34.478 -0.5494463546
34.48 -0.5503996384
34.482 -0.5513532786
34.484 -0.5523072688
34.486 -0.5532615968
34.488 -0.5542162255
34.49 -0.5551711634
34.492 -0.5561264019
34.494 -0.5570819424
34.496 -0.5580377816
34.498 -0.5589939305
34.5 -0.5599503791
34.502 -0.5609070918
34.504 -0.5618641067
34.506 -0.5628214066
34.508 -0.5637789744
34.51 -0.5647368487
34.512 -0.565695002
34.514 -0.5666534146
34.516 -0.5676121188
34.518 -0.5685710795
34.52 -0.5695301955
34.522 -0.5704894197
34.524 -0.5714488155
34.526 -0.5724083628
34.528 -0.5733680237
34.53 -0.5743278178
34.532 -0.575287769
34.534 -0.5762478516
34.536 -0.5772080245
34.538 -0.5781682957
34.54 -0.5791286559
34.542 -0.5800891317
34.544 -0.581049707
34.546 -0.5820103318
34.548 -0.5829710045
34.55 -0.5839317125
34.552 -0.5848924441
34.554 -0.5858531856
34.556 -0.5868139309
34.558 -0.5877746676
34.56 -0.5887353658
34.562 -0.5896960274
34.564 -0.590656653
34.566 -0.5916172314
34.568 -0.5925777584
34.57 -0.5935382269
34.572 -0.5944986275
34.574 -0.5954589493
34.576 -0.5964191828
34.578 -0.597379315
34.58 -0.5983393349
34.582 -0.5992992292
34.584 -0.6002589804
34.586 -0.6012185758
34.588 -0.6021779887
34.59 -0.6031371994
34.592 -0.6040962038
34.594 -0.6050549966
34.596 -0.6060135722
34.598 -0.6069719237
34.6 -0.6079300512
34.602 -0.608887952
34.604 -0.6098456193
34.606 -0.6108030481
34.608 -0.6117602344
34.61 -0.612717173
34.612 -0.6136738604
34.614 -0.6146302888
34.616 -0.6155864854
34.618 -0.6165424593
34.62 -0.6174981858
34.622 -0.6184536535
34.624 -0.6194088489
34.626 -0.6203637611
34.628 -0.6213183798
34.63 -0.6222726919
34.632 -0.6232266858
34.634 -0.6241803489
34.636 -0.6251336707
34.638 -0.6260866386
34.64 -0.6270392408
34.642 -0.6279914644
34.644 -0.6289432793
34.646 -0.6298946605
34.648 -0.6308455987
34.65 -0.6317960818
34.652 -0.6327460938
34.654 -0.6336956213
34.656 -0.6346446493
34.658 -0.6355931631
34.66 -0.6365411505
34.662 -0.6374885986
34.664 -0.6384354941
34.666 -0.6393818246
34.668 -0.6403275765
34.67 -0.6412727363
34.672 -0.6422172912
34.674 -0.6431612148
34.676 -0.6441044815
34.678 -0.6450470809
34.68 -0.6459890049
34.682 -0.6469302418
34.684 -0.6478707804
34.686 -0.6488106092
34.688 -0.6497497167
34.69 -0.6506880937
34.692 -0.6516257289
34.694 -0.6525625636
34.696 -0.65349861
34.698 -0.6544338982
34.7 -0.6553684046
34.702 -0.6563021191
34.704 -0.6572350338
34.706 -0.6581671347
34.708 -0.6590984051
34.71 -0.6600288323
34.712 -0.6609584071
34.714 -0.6618871206
34.716 -0.6628149628
34.718 -0.6637418773
34.72 -0.6646679357
34.722 -0.6655931969
34.724 -0.6665176217
34.726 -0.6674411996
34.728 -0.668363922
34.73 -0.6692857804
34.732 -0.6702067679
34.734 -0.6711268787
34.736 -0.6720461078
34.738 -0.6729644515
34.74 -0.6738818591
34.742 -0.6747983489
34.744 -0.6757139557
34.746 -0.676628662
34.748 -0.6775424349
34.75 -0.6784552571
34.752 -0.6793671356
34.754 -0.6802780759
34.756 -0.6811880803
34.758 -0.6820971054
34.76 -0.6830051676
34.762 -0.6839123061
34.764 -0.684818511
34.766 -0.6857237599
34.768 -0.6866280423
34.77 -0.6875313567
34.772 -0.6884336964
34.774 -0.6893350589
34.776 -0.6902353924
34.778 -0.6911347116
34.78 -0.6920330527
34.782 -0.692930401
34.784 -0.693826787
34.786 -0.6947222006
34.788 -0.6956166479
34.79 -0.6965101234
34.792 -0.6974025507
34.794 -0.698293995
34.796 -0.6991844876
34.798 -0.7000740144
34.8 -0.7009625646
34.802 -0.7018501133
34.804 -0.7027367157
34.806 -0.7036223602
34.808 -0.7045070037
34.81 -0.7053906654
34.812 -0.7062733944
34.814 -0.7071551739
34.816 -0.708036013
34.818 -0.7089159165
34.82 -0.709794899
34.822 -0.7106729257
34.824 -0.7115500291
34.826 -0.7124262503
34.828 -0.7133015939
34.83 -0.7141760975
34.832 -0.7150497566
34.834 -0.7159225753
34.836 -0.7167945755
34.838 -0.7176657523
34.84 -0.7185361546
34.842 -0.7194057331
34.844 -0.7202745128
34.846 -0.7211425241
34.848 -0.7220097662
34.85 -0.7228762068
34.852 -0.7237418786
34.854 -0.7246068294
34.856 -0.7254710573
34.858 -0.7263345738
34.86 -0.7271973921
34.862 -0.7280594775
34.864 -0.7289208633
34.866 -0.7297816072
34.868 -0.7306417098
34.87 -0.7315011775
34.872 -0.7323600258
34.874 -0.733218268
34.876 -0.7340758708
34.878 -0.7349328693
34.88 -0.7357893183
34.882 -0.7366452196
34.884 -0.7375005843
34.886 -0.7383554253
34.888 -0.739209711
34.89 -0.7400634791
34.892 -0.7409167797
34.894 -0.7417696146
34.896 -0.742621996
34.898 -0.7434739363
34.9 -0.7443254015
34.902 -0.7451764283
34.904 -0.74602707
34.906 -0.7468773282
34.908 -0.7477272153
34.91 -0.7485767437
34.912 -0.7494258813
34.914 -0.7502746603
34.916 -0.7511231497
34.918 -0.7519713586
34.92 -0.7528193049
34.922 -0.7536669526
34.924 -0.7545143106
34.926 -0.7553614175
34.928 -0.7562082606
34.93 -0.7570548434
34.932 -0.7579011707
34.934 -0.7587471981
34.936 -0.7595929541
34.938 -0.7604384851
34.94 -0.7612837847
34.942 -0.7621288622
34.944 -0.762973679
34.946 -0.7638182644
34.948 -0.7646626645
34.95 -0.7655068726
34.952 -0.7663508975
34.954 -0.7671947444
34.956 -0.7680383784
34.958 -0.7688818295
34.96 -0.7697251435
34.962 -0.7705683135
34.964 -0.77141135
34.966 -0.7722542117
34.968 -0.7730969335
34.97 -0.7739395604
34.972 -0.7747820877
34.974 -0.7756245234
34.976 -0.7764668285
34.978 -0.7773090349
34.98 -0.7781512077
34.982 -0.7789933356
34.984 -0.7798354163
34.986 -0.7806774063
34.988 -0.7815193303
34.99 -0.7823613603
34.992 -0.7832035641
34.994 -0.7840458758
34.996 -0.7848882393
34.998 -0.7857306652
35 -0.7865731779
35.002 -0.7874157551
35.004 -0.788258387
35.006 -0.7891010241
35.008 -0.7899436861
35.01 -0.7907864063
35.012 -0.7916291662
35.014 -0.7924719191
35.016 -0.7933146874
35.018 -0.7941575053
35.02 -0.7950003615
35.022 -0.795843256
35.024 -0.7966861464
35.026 -0.7975290576
35.028 -0.7983720272
35.03 -0.7992150456
35.032 -0.8000581151
35.034 -0.800901191
35.036 -0.8017442976
35.038 -0.8025874753
35.04 -0.8034307114
35.042 -0.8042739634
35.044 -0.8051172552
35.046 -0.8059606226
35.048 -0.8068040141
35.05 -0.8076474214
35.052 -0.8084908168
35.054 -0.8093342326
35.056 -0.8101777181
35.058 -0.8110212636
35.06 -0.811864827
35.062 -0.8127084292
35.064 -0.8135521087
35.066 -0.8143958538
35.068 -0.8152396156
35.07 -0.8160834139
35.072 -0.8169272818
35.074 -0.8177711991
35.076 -0.8186151135
35.078 -0.8194590391
35.08 -0.8203030034
35.082 -0.8211469869
35.084 -0.8219909388
35.086 -0.8228348725
35.088 -0.823678817
35.09 -0.8245227504
35.092 -0.8253666161
35.094 -0.8262117921
35.096 -0.8270571835
35.098 -0.8279021073
35.1 -0.8287465083
35.102 -0.8295905541
35.104 -0.8304343241
35.106 -0.8312778597
35.108 -0.8321211333
35.11 -0.832965563
35.112 -0.8338100645
35.114 -0.8346539633
35.116 -0.8354972008
35.118 -0.8363399643
35.12 -0.837182338
35.122 -0.8380243162
35.124 -0.8388673346
35.126 -0.8397102936
35.128 -0.8405525139
35.13 -0.8413939341
35.132 -0.8422347342
35.134 -0.8430750187
35.136 -0.8439162424
35.138 -0.8447572281
35.14 -0.8455973392
35.142 -0.8464366308
35.144 -0.8472752274
35.146 -0.8481132121
35.148 -0.8489521036
35.15 -0.8497907489
35.152 -0.8506284425
35.154 -0.8514652241
35.156 -0.8523013099
35.158 -0.8531381464
35.16 -0.8539746412
35.162 -0.8548101709
35.164 -0.8556447476
35.166 -0.8564785164
35.168 -0.8573130052
35.17 -0.8581471245
35.172 -0.8589801579
35.174 -0.8598121615
35.176 -0.860643363
35.178 -0.8614752274
35.18 -0.8623066465
35.182 -0.8631370147
35.184 -0.8639663625
35.186 -0.8647962763
35.188 -0.8656256308
35.19 -0.8664538147
35.192 -0.867280814
35.194 -0.8681068502
35.196 -0.8689334818
35.198 -0.8697595479
35.2 -0.8705843455
35.202 -0.8714079297
35.204 -0.8722319997
35.206 -0.8730553543
35.208 -0.8738773581
35.21 -0.8746980812
35.212 -0.8755191621
35.214 -0.8763394732
35.216 -0.8771584004
35.218 -0.8779774619
35.22 -0.8787955904
35.222 -0.8796121583
35.224 -0.8804272807
35.226 -0.8812426278
35.228 -0.8820570736
35.23 -0.8828699972
35.232 -0.8836813879
35.234 -0.8844929894
35.236 -0.8853036771
35.238 -0.8861127942
35.24 -0.8869218601
35.242 -0.8877298669
35.244 -0.8885362021
35.246 -0.8893408961
35.248 -0.8901457158
35.25 -0.8909495433
35.252 -0.8917516774
35.254 -0.8925537091
35.256 -0.8933546437
35.258 -0.8941538231
35.26 -0.8949528186
35.262 -0.895750623
35.264 -0.8965466303
35.266 -0.8973408881
35.268 -0.8981354016
35.27 -0.8989290921
35.272 -0.8997226417
35.274 -0.9005147577
35.276 -0.901304938
35.278 -0.9020932663
35.28 -0.9028815147
35.282 -0.9036685329
35.284 -0.9044537036
35.286 -0.9052386067
35.288 -0.9060222239
35.29 -0.9068039303
35.292 -0.9075853416
35.294 -0.9083654523
35.296 -0.9091436604
35.298 -0.9099216301
35.3 -0.9106982861
35.302 -0.9114730138
35.304 -0.9122475323
35.306 -0.9130207615
35.308 -0.9137920797
35.31 -0.9145632149
35.312 -0.915333092
35.314 -0.9161026648
35.316 -0.9168707803
35.318 -0.9176369362
35.32 -0.9184012163
35.322 -0.9191655403
35.324 -0.9199287827
35.326 -0.92069184
35.328 -0.9214535014
35.33 -0.9222132845
35.332 -0.9229728448
35.334 -0.9237311591
35.336 -0.9244876327
35.338 -0.9252439303
35.34 -0.9259990288
35.342 -0.9267539109
35.344 -0.9275073302
35.346 -0.9282587678
35.348 -0.9290084581
35.35 -0.9297582788
35.352 -0.9305069541
35.354 -0.9312554834
35.356 -0.9320026142
35.358 -0.9327494122
35.36 -0.9334946625
35.362 -0.9342378893
35.364 -0.9349791829
35.366 -0.9357206043
35.368 -0.9364625864
35.37 -0.9372029815
35.372 -0.9379411095
35.374 -0.9386772759
35.376 -0.9394134024
35.378 -0.9401483208
35.38 -0.9408830254
35.382 -0.9416162165
35.384 -0.9423491207
35.386 -0.9430805127
35.388 -0.9438097696
35.39 -0.9445387024
35.392 -0.9452663242
35.394 -0.9459919358
35.396 -0.9467173429
35.398 -0.9474416038
35.4 -0.9481656334
35.402 -0.9488881023
35.404 -0.9496101832
35.406 -0.9503305932
35.408 -0.9510488687
35.41 -0.95176689
35.412 -0.9524836694
35.414 -0.9531985248
35.416 -0.9539131753
35.418 -0.9546265823
35.42 -0.9553397839
35.422 -0.9560514857
35.424 -0.9567629585
35.426 -0.9574729454
35.428 -0.9581808421
35.43 -0.9588884666
35.432 -0.9595947432
35.434 -0.9603007525
35.436 -0.9610053993
35.438 -0.9617080889
35.44 -0.9624106069
35.442 -0.9631119348
35.444 -0.9638131255
35.446 -0.9645129647
35.448 -0.9652126928
35.45 -0.9659110369
35.452 -0.9666074348
35.454 -0.967303792
35.456 -0.9679990987
35.458 -0.9686944567
35.46 -0.9693885855
35.462 -0.9700825852
35.464 -0.9707752466
35.466 -0.9714661205
35.468 -0.972157134
35.47 -0.9728472037
35.472 -0.9735373051
35.474 -0.9742262157
35.476 -0.9749151658
35.478 -0.9756029552
35.48 -0.9762890641
35.482 -0.9769752946
35.484 -0.9776606236
35.486 -0.9783461571
35.488 -0.979030557
35.49 -0.9797151134
35.492 -0.9803981061
35.494 -0.981081166
35.496 -0.9817626544
35.498 -0.9824425076
35.5 -0.9831221874
35.502 -0.9838007188
35.504 -0.9844791651
35.506 -0.9851562265
35.508 -0.9858330404
35.51 -0.986508326
35.512 -0.9871834625
35.514 -0.9878571413
35.516 -0.9885288187
35.518 -0.9892004104
35.52 -0.9898709953
35.522 -0.9905416083
35.524 -0.9912109135
35.526 -0.9918802095
35.528 -0.9925482944
35.53 -0.9932164074
35.532 -0.9938832117
35.534 -0.9945500281
35.536 -0.9952156967
35.538 -0.9958797039
35.54 -0.9965439229
35.542 -0.9972073188
35.544 -0.9978710958
35.546 -0.9985339288
35.548 -0.9991970114
35.55 -0.9998591384
35.552 -1.000521559
35.554 -1.001182907
35.556 -1.001844512
35.558 -1.002505187
35.56 -1.003166182
35.562 -1.003826142
35.564 -1.004484722
35.566 -1.005143846
35.568 -1.005802355
35.57 -1.006461406
35.572 -1.007116456
35.574 -1.007769894
35.576 -1.008421596
35.578 -1.009073956
35.58 -1.009725821
35.582 -1.01037879
35.584 -1.011031831
35.586 -1.011686363
35.588 -1.012341061
35.59 -1.012997413
35.592 -1.013654078
35.594 -1.014312282
35.596 -1.014970721
35.598 -1.015628967
35.6 -1.016288904
35.602 -1.016951098
35.604 -1.017613417
35.606 -1.018274833
35.608 -1.018937206
35.61 -1.019599553
35.612 -1.020262898
35.614 -1.020925772
35.616 -1.021589497
35.618 -1.022252632
35.62 -1.022916334
35.622 -1.023579339
35.624 -1.02424284
35.626 -1.024905447
35.628 -1.025568256
35.63 -1.026229709
35.632 -1.026891287
35.634 -1.027551577
35.636 -1.028211789
35.638 -1.02887069
35.64 -1.029529519
35.642 -1.030186836
35.644 -1.030844042
35.646 -1.031499748
35.648 -1.032155296
35.65 -1.032809313
35.652 -1.033463042
35.654 -1.034115286
35.656 -1.034767333
35.658 -1.035417771
35.66 -1.036068075
35.662 -1.036716869
35.664 -1.037365518
35.666 -1.038012672
35.668 -1.038659602
35.67 -1.039305107
35.672 -1.039950499
35.674 -1.040594467
35.676 -1.04123843
35.678 -1.041881032
35.68 -1.042523715
35.682 -1.04316509
35.684 -1.043806524
35.686 -1.044446652
35.688 -1.045086748
35.69 -1.045725593
35.692 -1.046364497
35.694 -1.047002127
35.696 -1.047639826
35.698 -1.048276259
35.7 -1.048912749
35.702 -1.049547987
35.704 -1.050183303
35.706 -1.050817254
35.708 -1.051451317
35.71 -1.052084094
35.712 -1.052716951
35.714 -1.053348484
35.716 -1.053980081
35.718 -1.054610347
35.72 -1.055240653
35.722 -1.055869606
35.724 -1.056498509
35.726 -1.057126089
35.728 -1.057753648
35.73 -1.058379828
35.732 -1.059005971
35.734 -1.059630718
35.736 -1.060255404
35.738 -1.06087866
35.74 -1.061501842
35.742 -1.062123586
35.744 -1.062745222
35.746 -1.063367292
35.748 -1.063987674
35.75 -1.064605642
35.752 -1.065223479
35.754 -1.065841964
35.756 -1.066458715
35.758 -1.067072977
35.76 -1.067687025
35.762 -1.068301626
35.764 -1.068914461
35.766 -1.069526732
35.768 -1.070137176
35.77 -1.070747216
35.772 -1.071355489
35.774 -1.07196344
35.776 -1.072569598
35.778 -1.073175417
35.78 -1.073779481
35.782 -1.074383232
35.784 -1.074985244
35.786 -1.075586955
35.788 -1.076186951
35.79 -1.076786671
35.792 -1.077384681
35.794 -1.077982413
35.796 -1.078578419
35.798 -1.079183958
35.8 -1.079788286
35.802 -1.080389627
35.804 -1.080987187
35.806 -1.081583428
35.808 -1.082179302
35.81 -1.082772437
35.812 -1.083364101
35.814 -1.08395317
35.816 -1.084541202
35.818 -1.085126901
35.82 -1.085711831
35.822 -1.086294801
35.824 -1.086877178
35.826 -1.087457689
35.828 -1.088037842
35.83 -1.088616247
35.832 -1.089194392
35.834 -1.08977095
35.836 -1.090347445
35.838 -1.090922367
35.84 -1.091497216
35.842 -1.092072545
35.844 -1.092646233
35.846 -1.09321757
35.848 -1.093788828
35.85 -1.094360848
35.852 -1.094931227
35.854 -1.095501197
35.856 -1.09606956
35.858 -1.096637614
35.86 -1.097204011
35.862 -1.097770138
35.864 -1.0983346
35.866 -1.098898904
35.868 -1.099461466
35.87 -1.100023811
35.872 -1.100584556
35.874 -1.101144987
35.876 -1.101703683
35.878 -1.102262159
35.88 -1.102820845
35.882 -1.103377549
35.884 -1.103931476
35.886 -1.104485058
35.888 -1.105039169
35.89 -1.105591333
35.892 -1.106142797
35.894 -1.106692386
35.896 -1.107241437
35.898 -1.107788589
35.9 -1.108335407
35.902 -1.108880278
35.904 -1.109424715
35.906 -1.109967381
35.908 -1.110509605
35.91 -1.111050202
35.912 -1.111590821
35.914 -1.112131766
35.916 -1.112670844
35.918 -1.113207277
35.92 -1.113743428
35.922 -1.1142801
35.924 -1.114814928
35.926 -1.115348986
35.928 -1.115880991
35.93 -1.116412465
35.932 -1.116941977
35.934 -1.117470929
35.936 -1.117997898
35.938 -1.118524453
35.94 -1.11904897
35.942 -1.119572988
35.944 -1.120095148
35.946 -1.120616778
35.948 -1.121138512
35.95 -1.121658234
35.952 -1.122175116
35.954 -1.122691551
35.956 -1.123208445
35.958 -1.123723459
35.96 -1.124237847
35.962 -1.124750253
35.964 -1.125262205
35.966 -1.125772383
35.968 -1.126282264
35.97 -1.126790305
35.972 -1.127298088
35.974 -1.127804209
35.976 -1.12831015
35.978 -1.128814353
35.98 -1.129318339
35.982 -1.129820728
35.984 -1.130322997
35.986 -1.130825596
35.988 -1.131326325
35.99 -1.131824485
35.992 -1.132322523
35.994 -1.132821178
35.996 -1.133318102
35.998 -1.133814632
36 -1.134309452
36.002 -1.134804078
36.004 -1.135296979
36.006 -1.13578977
36.008 -1.136281064
36.01 -1.136772321
36.012 -1.137262058
36.014 -1.137751698
36.016 -1.13823978
36.018 -1.13872791
36.02 -1.139214584
36.022 -1.139701271
36.024 -1.140188453
36.026 -1.14067392
36.028 -1.141156938
36.03 -1.141639957
36.032 -1.14212385
36.034 -1.142606051
36.036 -1.143087923
36.038 -1.143568258
36.04 -1.144048537
36.042 -1.144527318
36.044 -1.145006153
36.046 -1.14548344
36.048 -1.145960762
36.05 -1.146436724
36.052 -1.1469128
36.054 -1.147387496
36.056 -1.147862366
36.058 -1.148335694
36.06 -1.14880911
36.062 -1.14928131
36.064 -1.149753616
36.066 -1.150224577
36.068 -1.150695827
36.07 -1.151167769
36.072 -1.151637945
36.074 -1.152105746
36.076 -1.152573772
36.078 -1.153042738
36.08 -1.153510235
36.082 -1.153977636
36.084 -1.154443488
36.086 -1.154909364
36.088 -1.155373865
36.09 -1.15583853
36.092 -1.156301839
36.094 -1.156765305
36.096 -1.15722744
36.098 -1.157689872
36.1 -1.158150892
36.102 -1.158611996
36.104 -1.159071793
36.106 -1.159531775
36.108 -1.15999028
36.11 -1.160448986
36.112 -1.160906421
36.114 -1.161363875
36.116 -1.161819966
36.118 -1.162276279
36.12 -1.162731272
36.122 -1.163186323
36.124 -1.163641977
36.126 -1.164096024
36.128 -1.164547624
36.13 -1.164999313
36.132 -1.165451939
36.134 -1.165903014
36.136 -1.166351795
36.138 -1.166800631
36.14 -1.167250431
36.142 -1.167698756
36.144 -1.168146879
36.146 -1.168593312
36.148 -1.16903967
36.15 -1.169484536
36.152 -1.169929342
36.154 -1.170372559
36.156 -1.170815747
36.158 -1.171257377
36.16 -1.171698987
36.162 -1.172139019
36.164 -1.172579017
36.166 -1.173017546
36.168 -1.173456091
36.17 -1.173893002
36.172 -1.174329853
36.174 -1.174765161
36.176 -1.175200403
36.178 -1.175633947
36.18 -1.176067368
36.182 -1.176499224
36.184 -1.176931003
36.186 -1.177361051
36.188 -1.177790943
36.19 -1.178219237
36.192 -1.178647516
36.194 -1.17907399
36.196 -1.179500295
36.198 -1.179925039
36.2 -1.180349613
36.202 -1.180772381
36.204 -1.181194932
36.206 -1.181615818
36.208 -1.182036516
36.21 -1.182457548
36.212 -1.182876674
36.214 -1.183293097
36.216 -1.183709281
36.218 -1.184123872
36.22 -1.184538385
36.222 -1.18495346
36.224 -1.185366445
36.226 -1.185776579
36.228 -1.186186627
36.23 -1.18659522
36.232 -1.187003532
36.234 -1.187412252
36.236 -1.187819122
36.238 -1.188223222
36.24 -1.188627032
36.242 -1.189031368
36.244 -1.189433798
36.246 -1.189833523
36.248 -1.190232984
36.25 -1.190633067
36.252 -1.191031158
36.254 -1.191426413
36.256 -1.191821255
36.258 -1.192216658
36.26 -1.192610208
36.262 -1.193000993
36.264 -1.193391484
36.266 -1.193782581
36.268 -1.194171779
36.27 -1.194560347
36.272 -1.194946794
36.274 -1.195330605
36.276 -1.195714359
36.278 -1.196097618
36.28 -1.196475758
36.282 -1.196852297
36.284 -1.197223374
36.286 -1.197593083
36.288 -1.197957308
36.29 -1.198320191
36.292 -1.198676612
36.294 -1.199030037
36.296 -1.199380559
36.298 -1.199726487
36.3 -1.200067017
36.302 -1.200404553
36.304 -1.200739655
36.306 -1.201070676
36.308 -1.201396815
36.31 -1.201719549
36.312 -1.202038188
36.314 -1.202356629
36.316 -1.202670269
36.318 -1.202981457
36.32 -1.20328855
36.322 -1.203593239
36.324 -1.203894029
36.326 -1.204192551
36.328 -1.204487417
36.33 -1.204780455
36.332 -1.205070206
36.334 -1.205358427
36.336 -1.205643589
36.338 -1.205927499
36.34 -1.206208816
36.342 -1.206489278
36.344 -1.206767489
36.346 -1.207045225
36.348 -1.207320965
36.35 -1.207596509
36.352 -1.207870497
36.354 -1.208144632
36.356 -1.208417442
36.358 -1.20869064
36.36 -1.208962629
36.362 -1.209235133
36.364 -1.209506723
36.366 -1.209779037
36.368 -1.210050533
36.37 -1.210322852
36.372 -1.210594431
36.374 -1.210866906
36.376 -1.211138602
36.378 -1.211408966
36.38 -1.211680532
36.382 -1.211954125
36.384 -1.212227072
36.386 -1.212498488
36.388 -1.212770968
36.39 -1.213045351
36.392 -1.213318964
36.394 -1.213590906
36.396 -1.213863688
36.398 -1.214135974
36.4 -1.214409218
36.402 -1.214681748
36.404 -1.214955083
36.406 -1.215227569
36.408 -1.215500759
36.41 -1.215773007
36.412 -1.216045879
36.414 -1.216317742
36.416 -1.216590174
36.418 -1.216861529
36.42 -1.217133378
36.422 -1.2174041
36.424 -1.21767305
36.426 -1.21794266
36.428 -1.218213766
36.43 -1.218483652
36.432 -1.21875141
36.434 -1.219019656
36.436 -1.219287001
36.438 -1.219554838
36.44 -1.219821529
36.442 -1.220088645
36.444 -1.220354561
36.446 -1.220620842
36.448 -1.220885874
36.45 -1.221151244
36.452 -1.221415328
36.454 -1.221677521
36.456 -1.221940278
36.458 -1.222202217
36.46 -1.222464703
36.462 -1.222726089
36.464 -1.222987921
36.466 -1.223248554
36.468 -1.223509574
36.47 -1.223769353
36.472 -1.224029504
36.474 -1.224288403
36.476 -1.224545421
36.478 -1.224803021
36.48 -1.225059835
36.482 -1.225317232
36.484 -1.225573569
36.486 -1.225830395
36.488 -1.226086068
36.49 -1.226342176
36.492 -1.226597083
36.494 -1.226850169
36.496 -1.227103887
36.498 -1.227356858
36.5 -1.227610452
36.502 -1.227863021
36.504 -1.228116115
36.506 -1.228368088
36.508 -1.228620529
36.51 -1.228871806
36.512 -1.229121288
36.514 -1.22937143
36.516 -1.229620848
36.518 -1.229870906
36.52 -1.230119946
36.522 -1.230369521
36.524 -1.230617978
36.526 -1.230866912
36.528 -1.23111468
36.53 -1.231360644
36.532 -1.231607318
36.534 -1.231853544
36.536 -1.232100578
36.538 -1.232346804
36.54 -1.232593737
36.542 -1.23283972
36.544 -1.23308631
36.546 -1.233331853
36.548 -1.233575691
36.55 -1.233820276
36.552 -1.234064201
36.554 -1.234308821
36.556 -1.234552462
36.558 -1.234796655
36.56 -1.235039732
36.562 -1.235281023
36.564 -1.235522972
36.566 -1.235764168
36.568 -1.236005962
36.57 -1.236246681
36.572 -1.236487857
36.574 -1.236727831
36.576 -1.236968198
36.578 -1.237207309
36.58 -1.237444512
36.582 -1.237682275
36.584 -1.237919195
36.586 -1.238156638
36.588 -1.238392944
36.59 -1.238629652
36.592 -1.238865096
36.594 -1.23909862
36.596 -1.239332689
36.598 -1.2395659
36.6 -1.239799617
36.602 -1.240032176
36.604 -1.240265129
36.606 -1.240496809
36.608 -1.240728825
36.61 -1.24095952
36.612 -1.241188248
36.614 -1.241417474
36.616 -1.241645793
36.618 -1.241874568
36.62 -1.242102127
36.622 -1.242330019
36.624 -1.242556569
36.626 -1.242781109
36.628 -1.243006098
36.63 -1.24323012
36.632 -1.243454524
36.634 -1.243677707
36.636 -1.243901173
36.638 -1.244123226
36.64 -1.244343168
36.642 -1.244563461
36.644 -1.244782666
36.646 -1.24500214
36.648 -1.245220193
36.65 -1.245438366
36.652 -1.24565497
36.654 -1.245871529
36.656 -1.246086344
36.658 -1.246298763
36.66 -1.24651125
36.662 -1.246722384
36.664 -1.246933532
36.666 -1.247142985
36.668 -1.247352285
36.67 -1.247559745
36.672 -1.247764669
36.674 -1.247969517
36.676 -1.248172874
36.678 -1.24837611
36.68 -1.248577501
36.682 -1.248778638
36.684 -1.248977792
36.686 -1.249174262
36.688 -1.249370497
36.69 -1.249565067
36.692 -1.249759319
36.694 -1.24995144
36.696 -1.250142978
36.698 -1.250332373
36.7 -1.250518898
36.702 -1.250705043
36.704 -1.250889383
36.706 -1.251073241
36.708 -1.251254922
36.71 -1.25143373
36.712 -1.251612085
36.714 -1.251788562
36.716 -1.251964535
36.718 -1.252138263
36.72 -1.252311298
36.722 -1.252481938
36.724 -1.252649515
36.726 -1.252816517
36.728 -1.252981475
36.73 -1.253145783
36.732 -1.253307732
36.734 -1.253466599
36.736 -1.253624884
36.738 -1.253781095
36.74 -1.25393661
36.742 -1.254089716
36.744 -1.254241984
36.746 -1.2543917
36.748 -1.254538185
36.75 -1.254683919
36.752 -1.25482747
36.754 -1.254970207
36.756 -1.255110441
36.758 -1.255247425
36.76 -1.255383638
36.762 -1.255517633
36.764 -1.25565077
36.766 -1.255781278
36.768 -1.255908409
36.77 -1.256034631
36.772 -1.25615851
36.774 -1.256281409
36.776 -1.256401629
36.778 -1.256518411
36.78 -1.256634231
36.782 -1.256747644
36.784 -1.256857715
36.786 -1.256966886
36.788 -1.257073645
36.79 -1.257179302
36.792 -1.257282156
36.794 -1.257381487
36.796 -1.257479762
36.798 -1.257575509
36.8 -1.257670146
36.802 -1.257761952
36.804 -1.257850204
36.806 -1.257935484
36.808 -1.258020744
36.81 -1.258106454
36.812 -1.258189747
36.814 -1.258269556
36.816 -1.258346258
36.818 -1.258422525
36.82 -1.258496664
36.822 -1.258570048
36.824 -1.258640877
36.826 -1.25870836
36.828 -1.258775002
36.83 -1.258839337
36.832 -1.258900392
36.834 -1.258960648
36.836 -1.259018587
36.838 -1.259075519
36.84 -1.259129724
36.842 -1.259180496
36.844 -1.259227988
36.846 -1.259274894
36.848 -1.259319574
36.85 -1.259363408
36.852 -1.259404632
36.854 -1.259442476
36.856 -1.259479395
36.858 -1.259513986
36.86 -1.259545312
36.862 -1.259575806
36.864 -1.259603998
36.866 -1.259628993
36.868 -1.259653214
36.87 -1.259675139
36.872 -1.259693847
36.874 -1.259711773
36.876 -1.259727422
36.878 -1.259739897
36.88 -1.259751616
36.882 -1.259761069
36.884 -1.259767335
36.886 -1.259772854
36.888 -1.259776135
36.89 -1.259776246
36.892 -1.259775668
36.894 -1.259772907
36.896 -1.259767013
36.898 -1.25976044
36.9 -1.259751717
36.902 -1.259739928
36.904 -1.259725249
36.906 -1.259710353
36.908 -1.259693569
36.91 -1.259676235
36.912 -1.259656606
36.914 -1.25963395
36.916 -1.259608447
36.918 -1.259582808
36.92 -1.259555383
36.922 -1.259527531
36.924 -1.259497522
36.926 -1.259464639
36.928 -1.259429067
36.93 -1.259393525
36.932 -1.259356367
36.934 -1.259316683
36.936 -1.259276882
36.938 -1.259235489
36.94 -1.259191578
36.942 -1.259145322
36.944 -1.259099362
36.946 -1.259052041
36.948 -1.259004701
36.95 -1.258955605
36.952 -1.258904022
36.954 -1.258850124
36.956 -1.258796615
36.958 -1.258741843
36.96 -1.25868489
36.962 -1.258625886
36.964 -1.258567473
36.966 -1.258507959
36.968 -1.258448665
36.97 -1.258387839
36.972 -1.258324744
36.974 -1.258259548
36.976 -1.258194947
36.978 -1.258129283
36.98 -1.258061636
36.982 -1.25799215
36.984 -1.257923471
36.986 -1.257853901
36.988 -1.257782513
36.99 -1.257711684
36.992 -1.25763993
36.994 -1.257566321
36.996 -1.257491003
36.998 -1.257416611
37 -1.257341464
37.002 -1.257264615
37.004 -1.25718843
37.006 -1.257111404
37.008 -1.257032591
37.01 -1.256952146
37.012 -1.256872705
37.014 -1.256792584
37.016 -1.256710839
37.018 -1.256629832
37.02 -1.256548064
37.022 -1.256464591
37.024 -1.25637956
37.026 -1.256295599
37.028 -1.256211025
37.03 -1.256124902
37.032 -1.256037341
37.034 -1.255950943
37.036 -1.255864002
37.038 -1.255775555
37.04 -1.255687944
37.042 -1.255599646
37.044 -1.255509711
37.046 -1.255418273
37.048 -1.255327951
37.05 -1.255237059
37.052 -1.255144628
37.054 -1.255050753
37.056 -1.254958039
37.058 -1.254864774
37.06 -1.254769978
37.062 -1.254673743
37.064 -1.254578668
37.066 -1.254483036
37.068 -1.254385881
37.07 -1.254287269
37.072 -1.254189794
37.074 -1.254091753
37.076 -1.253992182
37.078 -1.253891159
37.08 -1.253791268
37.082 -1.253690794
37.084 -1.253588769
37.086 -1.253485273
37.088 -1.253382888
37.09 -1.253279874
37.092 -1.253175247
37.094 -1.253069096
37.096 -1.252961756
37.098 -1.252855614
37.1 -1.252748953
37.102 -1.25264076
37.104 -1.252531096
37.106 -1.252422521
37.108 -1.252313318
37.11 -1.252202511
37.112 -1.252090144
37.114 -1.251978775
37.116 -1.251866706
37.118 -1.251752973
37.12 -1.251637653
37.122 -1.251521075
37.124 -1.251405611
37.126 -1.25128954
37.128 -1.251171839
37.13 -1.251052561
37.132 -1.250934248
37.134 -1.250815176
37.136 -1.25069436
37.138 -1.250571866
37.14 -1.250447975
37.142 -1.250325061
37.144 -1.250201431
37.146 -1.250076068
37.148 -1.249948986
37.15 -1.249820496
37.152 -1.249692973
37.154 -1.249564669
37.156 -1.249434514
37.158 -1.249302564
37.16 -1.249169148
37.162 -1.249036553
37.164 -1.248903068
37.166 -1.248767674
37.168 -1.248630394
37.17 -1.248491483
37.172 -1.248353295
37.174 -1.248214133
37.176 -1.24807291
37.178 -1.247929686
37.18 -1.24778475
37.182 -1.247638214
37.184 -1.247492439
37.186 -1.247345595
37.188 -1.24719665
37.19 -1.247045661
37.192 -1.24689286
37.194 -1.246740586
37.196 -1.246587101
37.198 -1.246431377
37.2 -1.246273446
37.202 -1.246113606
37.204 -1.245951998
37.206 -1.245790901
37.208 -1.245628574
37.21 -1.24546396
37.212 -1.24529717
37.214 -1.245128439
37.216 -1.244957849
37.218 -1.24478767
37.22 -1.24461615
37.222 -1.244442243
37.224 -1.244265958
37.226 -1.244087578
37.228 -1.243907222
37.23 -1.243727183
37.232 -1.243545697
37.234 -1.243361728
37.236 -1.243175326
37.238 -1.242986758
37.24 -1.242796135
37.242 -1.242605775
37.244 -1.242413999
37.246 -1.242219739
37.248 -1.242023002
37.25 -1.241824059
37.252 -1.241622968
37.254 -1.241419874
37.256 -1.241217027
37.258 -1.241012662
37.26 -1.240805712
37.262 -1.240596074
37.264 -1.240384123
37.266 -1.240169953
37.268 -1.23995359
37.27 -1.239737468
37.272 -1.239519771
37.274 -1.239299427
37.276 -1.239076484
37.278 -1.238851266
37.28 -1.238623789
37.282 -1.238394176
37.284 -1.23816465
37.286 -1.237933427
37.288 -1.237699482
37.29 -1.237462821
37.292 -1.237223704
37.294 -1.236982223
37.296 -1.236738517
37.298 -1.236492664
37.3 -1.236244659
37.302 -1.235996707
37.304 -1.235747072
37.306 -1.235494697
37.308 -1.235239551
37.31 -1.234981934
37.312 -1.234721943
37.314 -1.234459701
37.316 -1.234195254
37.318 -1.233930796
37.32 -1.233664569
37.322 -1.233395532
37.324 -1.233123702
37.326 -1.232849404
37.328 -1.232572705
37.33 -1.232293658
37.332 -1.232012344
37.334 -1.231728813
37.336 -1.231443099
37.338 -1.23115743
37.34 -1.230870058
37.342 -1.230579896
37.344 -1.230286927
37.346 -1.229991439
37.348 -1.229693535
37.35 -1.22939332
37.352 -1.229090854
37.354 -1.228786181
37.356 -1.228479335
37.358 -1.228170338
37.36 -1.227859203
37.362 -1.227548124
37.364 -1.227235305
37.366 -1.226919721
37.368 -1.226601403
37.37 -1.226280642
37.372 -1.225957548
37.374 -1.225632239
37.376 -1.225304699
37.378 -1.224974961
37.38 -1.224643196
37.382 -1.224309423
37.384 -1.22397367
37.386 -1.223635934
37.388 -1.223296232
37.39 -1.222954566
37.392 -1.222610942
37.394 -1.222267528
37.396 -1.221922544
37.398 -1.221574937
37.4 -1.221224714
37.402 -1.220872149
37.404 -1.220517337
37.406 -1.220160378
37.408 -1.219801349
37.41 -1.219440296
37.412 -1.219077244
37.414 -1.218712213
37.416 -1.21834522
37.418 -1.217976269
37.42 -1.217605367
37.422 -1.217232522
37.424 -1.216857742
37.426 -1.216481035
37.428 -1.216102407
37.43 -1.215721864
37.432 -1.215339415
37.434 -1.21495496
37.436 -1.214568542
37.438 -1.214180187
37.44 -1.213789934
37.442 -1.213397791
37.444 -1.21300379
37.446 -1.212607958
37.448 -1.212210304
37.45 -1.21181083
37.452 -1.211409548
37.454 -1.211006463
37.456 -1.210601583
37.458 -1.210194922
37.46 -1.20978649
37.462 -1.209376299
37.464 -1.208964363
37.466 -1.208550693
37.468 -1.208135323
37.47 -1.207718276
37.472 -1.207299565
37.474 -1.206879204
37.476 -1.206457205
37.478 -1.20603358
37.48 -1.20560834
37.482 -1.205181497
37.484 -1.204753065
37.486 -1.204323029
37.488 -1.20389139
37.49 -1.203458165
37.492 -1.203023369
37.494 -1.202587061
37.496 -1.202149278
37.498 -1.201710001
37.5 -1.201269223
37.502 -1.200826946
37.504 -1.200383173
37.506 -1.199937907
37.508 -1.199491159
37.51 -1.199042937
37.512 -1.198593253
37.514 -1.198142178
37.516 -1.197689692
37.518 -1.197235797
37.52 -1.196780485
37.522 -1.196323767
37.524 -1.195865648
37.526 -1.195406137
37.528 -1.194945241
37.53 -1.194482969
37.532 -1.194019237
37.534 -1.193554098
37.536 -1.193087572
37.538 -1.192619701
37.54 -1.192150581
37.542 -1.19168018
37.544 -1.191208495
37.546 -1.190735505
37.548 -1.190261225
37.55 -1.189785653
37.552 -1.1893088
37.554 -1.188830669
37.556 -1.188351268
37.558 -1.187870603
37.56 -1.187388683
37.562 -1.186905528
37.564 -1.186421145
37.566 -1.185935532
37.568 -1.185448689
37.57 -1.184960625
37.572 -1.184471345
37.574 -1.18398085
37.576 -1.183489146
37.578 -1.182996235
37.58 -1.182502119
37.582 -1.182006801
37.584 -1.181510284
37.586 -1.181012574
37.588 -1.180513671
37.59 -1.180013574
37.592 -1.179512285
37.594 -1.179009806
37.596 -1.178506142
37.598 -1.178001293
37.6 -1.177495262
37.602 -1.176988047
37.604 -1.176479652
37.606 -1.175970075
37.608 -1.175459312
37.61 -1.17494738
37.612 -1.174434305
37.614 -1.173920075
37.616 -1.173404673
37.618 -1.172888098
37.62 -1.17237035
37.622 -1.171851426
37.624 -1.171331324
37.626 -1.170810042
37.628 -1.17028758
37.63 -1.169763934
37.632 -1.169239104
37.634 -1.168713092
37.636 -1.168185899
37.638 -1.167657517
37.64 -1.167127942
37.642 -1.166597168
37.644 -1.166065191
37.646 -1.165532006
37.648 -1.164997607
37.65 -1.16446199
37.652 -1.163925146
37.654 -1.163387068
37.656 -1.162847753
37.658 -1.162307203
37.66 -1.161765417
37.662 -1.161222384
37.664 -1.1606781
37.666 -1.160132554
37.668 -1.159585735
37.67 -1.15903763
37.672 -1.158488221
37.674 -1.157937507
37.676 -1.15738549
37.678 -1.156832146
37.68 -1.156277466
37.682 -1.155721889
37.684 -1.155165667
37.686 -1.154608605
37.688 -1.154050663
37.69 -1.153491776
37.692 -1.152931901
37.694 -1.152370998
37.696 -1.151809005
37.698 -1.151245882
37.7 -1.150681597
37.702 -1.150116095
37.704 -1.149549344
37.706 -1.148981307
37.708 -1.148411949
37.71 -1.147841265
37.712 -1.147269212
37.714 -1.146695749
37.716 -1.146120849
37.718 -1.145544525
37.72 -1.144966719
37.722 -1.144387383
37.724 -1.143806538
37.726 -1.143224149
37.728 -1.142640165
37.73 -1.142054576
37.732 -1.141467398
37.734 -1.140878594
37.736 -1.140288115
37.738 -1.139695988
37.74 -1.139102181
37.742 -1.138506653
37.744 -1.137909393
37.746 -1.137310423
37.748 -1.136709707
37.75 -1.136107203
37.752 -1.135502902
37.754 -1.134896815
37.756 -1.134288969
37.758 -1.133679312
37.76 -1.133067869
37.762 -1.132454608
37.764 -1.131839479
37.766 -1.131222514
37.768 -1.130604024
37.77 -1.129984175
37.772 -1.129362911
37.774 -1.12874021
37.776 -1.128116051
37.778 -1.127490463
37.78 -1.126863473
37.782 -1.126235033
37.784 -1.125605135
37.786 -1.124973823
37.788 -1.124341036
37.79 -1.123706756
37.792 -1.123071016
37.794 -1.122433764
37.796 -1.121794936
37.798 -1.121154571
37.8 -1.120512637
37.802 -1.119869041
37.804 -1.119223818
37.806 -1.118576938
37.808 -1.117928311
37.81 -1.11727796
37.812 -1.116625841
37.814 -1.115971912
37.816 -1.115316196
37.818 -1.114658617
37.82 -1.113999198
37.822 -1.113337884
37.824 -1.112674649
37.826 -1.112009506
37.828 -1.111342402
37.83 -1.110673301
37.832 -1.11000219
37.834 -1.109329069
37.836 -1.108653912
37.838 -1.107976705
37.84 -1.107297405
37.842 -1.10661603
37.844 -1.105932583
37.846 -1.105247039
37.848 -1.10455939
37.85 -1.103869643
37.852 -1.103177781
37.854 -1.102483797
37.856 -1.101787661
37.858 -1.101089389
37.86 -1.100389
37.862 -1.099686487
37.864 -1.098981836
37.866 -1.098275058
37.868 -1.097566149
37.87 -1.096855082
37.872 -1.096141886
37.874 -1.095426531
37.876 -1.094709059
37.878 -1.093989432
37.88 -1.093267693
37.882 -1.092543816
37.884 -1.091817834
37.886 -1.091089682
37.888 -1.090359416
37.89 -1.089627042
37.892 -1.088892535
37.894 -1.088155934
37.896 -1.087417234
37.898 -1.08667642
37.9 -1.085933506
37.902 -1.085188476
37.904 -1.084441329
37.906 -1.083692053
37.908 -1.082940666
37.91 -1.082187177
37.912 -1.081431579
37.914 -1.080673869
37.916 -1.079914048
37.918 -1.079152126
37.92 -1.078388103
37.922 -1.077621969
37.924 -1.076853736
37.926 -1.07608341
37.928 -1.075311026
37.93 -1.074536542
37.932 -1.073759952
37.934 -1.072981268
37.936 -1.072200492
37.938 -1.071417641
37.94 -1.070632702
37.942 -1.069845695
37.944 -1.069056621
37.946 -1.068265459
37.948 -1.067472235
37.95 -1.066676951
37.952 -1.065879627
37.954 -1.065080282
37.956 -1.064279039
37.958 -1.06347585
37.96 -1.062670778
37.962 -1.061863802
37.964 -1.061054943
37.966 -1.06024419
37.968 -1.059431551
37.97 -1.05861703
37.972 -1.057800633
37.974 -1.056982363
37.976 -1.056162245
37.978 -1.055340285
37.98 -1.054516484
37.982 -1.05369085
37.984 -1.052863409
37.986 -1.052034156
37.988 -1.051203079
37.99 -1.050370186
37.992 -1.049535482
37.994 -1.048698974
37.996 -1.047860665
37.998 -1.047020576
38 -1.046178708
38.002 -1.045335041
38.004 -1.044489579
38.006 -1.043642332
38.008 -1.042793308
38.01 -1.041942513
38.012 -1.041089951
38.014 -1.040235649
38.016 -1.039379641
38.018 -1.038521918
38.02 -1.037662473
38.022 -1.036801316
38.024 -1.035938456
38.026 -1.035073897
38.028 -1.034207648
38.03 -1.033339712
38.032 -1.032470094
38.034 -1.03159882
38.036 -1.03072589
38.038 -1.029851296
38.04 -1.028975049
38.042 -1.028097161
38.044 -1.027217641
38.046 -1.0263365
38.048 -1.025453746
38.05 -1.02456941
38.052 -1.023683495
38.054 -1.022795998
38.056 -1.021906933
38.058 -1.021016312
38.06 -1.020124146
38.062 -1.019230443
38.064 -1.018335238
38.066 -1.017438575
38.068 -1.016540455
38.07 -1.015640864
38.072 -1.014739801
38.074 -1.013837268
38.076 -1.012933267
38.078 -1.01202782
38.08 -1.011120935
38.082 -1.010212612
38.084 -1.009302855
38.086 -1.008391673
38.088 -1.007479075
38.09 -1.006565085
38.092 -1.005649702
38.094 -1.004732924
38.096 -1.003814769
38.098 -1.002895243
38.1 -1.001974356
38.102 -1.001052124
38.104 -1.000128544
38.106 -0.9992036168
38.108 -0.9982773582
38.11 -0.9973497824
38.112 -0.9964209135
38.114 -0.9954907517
38.116 -0.9945592965
38.118 -0.9936265636
38.12 -0.9926925641
38.122 -0.9917573253
38.124 -0.9908208501
38.126 -0.9898831257
38.128 -0.9889441618
38.13 -0.9880039744
38.132 -0.9870625958
38.134 -0.9861200277
38.136 -0.985176263
38.138 -0.9842313112
38.14 -0.9832852007
38.142 -0.9823379319
38.144 -0.9813893945
38.146 -0.9804396592
38.148 -0.9794888182
38.15 -0.9785367582
38.152 -0.9775835253
38.154 -0.9766290967
38.156 -0.975673523
38.158 -0.9747168861
38.16 -0.9737590448
38.162 -0.9728000586
38.164 -0.9718399357
38.166 -0.970878694
38.168 -0.9699164063
38.17 -0.9689529446
38.172 -0.9679883811
38.174 -0.9670227019
38.176 -0.966055921
38.178 -0.9650880471
38.18 -0.9641190992
38.182 -0.9631490449
38.184 -0.9621779357
38.186 -0.961205745
38.188 -0.9602324834
38.19 -0.9592581369
38.192 -0.95828275
38.194 -0.9573062935
38.196 -0.9563287756
38.198 -0.9553501983
38.2 -0.9543705765
38.202 -0.9533898723
38.204 -0.9524081331
38.206 -0.9514253264
38.208 -0.9504414764
38.21 -0.9494565543
38.212 -0.9484705672
38.214 -0.9474835173
38.216 -0.9464953137
38.218 -0.9455060679
38.22 -0.9445157527
38.222 -0.9435242695
38.224 -0.9425317541
38.226 -0.941538149
38.228 -0.9405433483
38.23 -0.9395475059
38.232 -0.9385505594
38.234 -0.93755243
38.236 -0.9365532471
38.238 -0.9355529358
38.24 -0.9345514299
38.242 -0.9335487468
38.244 -0.9325449864
38.246 -0.9315400842
38.248 -0.9305339565
38.25 -0.9295266262
38.252 -0.9285181733
38.254 -0.927508563
38.256 -0.926497699
38.258 -0.9254856106
38.26 -0.9244722909
38.262 -0.9234578388
38.264 -0.9224421912
38.266 -0.9214252573
38.268 -0.9204070538
38.27 -0.9193875833
38.272 -0.9183668329
38.274 -0.9173485214
38.276 -0.9163313162
38.278 -0.9153137105
38.28 -0.9142946679
38.282 -0.9132739395
38.284 -0.9122510934
38.286 -0.9112259596
38.288 -0.9101983555
38.29 -0.9091681999
38.292 -0.9081354265
38.294 -0.9071000138
38.296 -0.9060619481
38.298 -0.905021246
38.3 -0.9039779287
38.302 -0.9029320402
38.304 -0.9018836262
38.306 -0.9008327515
38.308 -0.8997794712
38.31 -0.8987238546
38.312 -0.8976660154
38.314 -0.8966059807
38.316 -0.8955438105
38.318 -0.8944795798
38.32 -0.8934133647
38.322 -0.8923452308
38.324 -0.8912752508
38.326 -0.8902035066
38.328 -0.8891300591
38.33 -0.8880549656
38.332 -0.8869782562
38.334 -0.8858999986
38.336 -0.8848202581
38.338 -0.883739048
38.34 -0.8826564186
38.342 -0.881572448
38.344 -0.8804871205
38.346 -0.879400449
38.348 -0.878312459
38.35 -0.8772231728
38.352 -0.8761326235
38.354 -0.8750408137
38.356 -0.8739477486
38.358 -0.872853428
38.36 -0.8717578275
38.362 -0.8706609512
38.364 -0.8695628039
38.366 -0.868463375
38.368 -0.8673626406
38.37 -0.8662605773
38.372 -0.865157152
38.374 -0.8640523713
38.376 -0.8629462786
38.378 -0.8618388084
38.38 -0.8607299278
38.382 -0.8596196497
38.384 -0.8585079765
38.386 -0.8573948539
38.388 -0.8562802493
38.39 -0.8551641685
38.392 -0.8540465826
38.394 -0.8529274747
38.396 -0.8518068273
38.398 -0.850684617
38.4 -0.8495608234
38.402 -0.8484354324
38.404 -0.8473084065
38.406 -0.8461797156
38.408 -0.8450493809
38.41 -0.8439173563
38.412 -0.8427836247
38.414 -0.8416482112
38.416 -0.8405111325
38.418 -0.8393723523
38.42 -0.8382318653
38.422 -0.8370897331
38.424 -0.8359459349
38.426 -0.8348004488
38.428 -0.8336533172
38.43 -0.8325044989
38.432 -0.8313539899
38.434 -0.8302018293
38.436 -0.8290480463
38.438 -0.8278926248
38.44 -0.8267355755
38.442 -0.8255768793
38.444 -0.8244165379
38.446 -0.8232546347
38.448 -0.8220911653
38.45 -0.820926114
38.452 -0.8197595461
38.454 -0.8185914403
38.456 -0.8174217957
38.458 -0.8162506958
38.46 -0.8150781353
38.462 -0.8139041344
38.464 -0.812728704
38.466 -0.8115517985
38.468 -0.8103734509
38.47 -0.8091935589
38.472 -0.8080123215
38.474 -0.8068297655
38.476 -0.8056460108
38.478 -0.8044610891
38.48 -0.8032750817
38.482 -0.8020880168
38.484 -0.8008998438
38.486 -0.7997105974
38.488 -0.7985202798
38.49 -0.7973288955
38.492 -0.7961364669
38.494 -0.7949429866
38.496 -0.7937484526
38.498 -0.7925528224
38.5 -0.7913561063
38.502 -0.79015829
38.504 -0.7889593724
38.506 -0.7877593365
38.508 -0.7865581891
38.51 -0.7853559215
38.512 -0.7841525357
38.514 -0.7829480185
38.516 -0.7817423721
38.518 -0.7805355844
38.52 -0.7793276894
38.522 -0.7781186639
38.524 -0.7769085108
38.526 -0.7756972115
38.528 -0.7744847713
38.53 -0.7732711772
38.532 -0.7720564281
38.534 -0.77084051
38.536 -0.7696234036
38.538 -0.7684051666
38.54 -0.7671856842
38.542 -0.7659647537
38.544 -0.7647425136
38.546 -0.763518936
38.548 -0.7622940268
38.55 -0.7610678173
38.552 -0.7598403187
38.554 -0.75861153
38.556 -0.7573815032
38.558 -0.7561502512
38.56 -0.7549177701
38.562 -0.7536840824
38.564 -0.7524492428
38.566 -0.7512132572
38.568 -0.7499760817
38.57 -0.7487377243
38.572 -0.747498206
38.574 -0.7462575469
38.576 -0.7450157933
38.578 -0.7437729489
38.58 -0.742529007
38.582 -0.7412839609
38.584 -0.7400378451
38.586 -0.7387906731
38.588 -0.7375424596
38.59 -0.7362932213
38.592 -0.7350429747
38.594 -0.7337917292
38.596 -0.7325395027
38.598 -0.7312863355
38.6 -0.7300322245
38.602 -0.7287771623
38.604 -0.7275211747
38.606 -0.7262642688
38.608 -0.7250064509
38.61 -0.7237477352
38.612 -0.7224881439
38.614 -0.7212276739
38.616 -0.7199663076
38.618 -0.7187040821
38.62 -0.717440995
38.622 -0.716177018
38.624 -0.7149121711
38.626 -0.7136464479
38.628 -0.7123798343
38.63 -0.7111123247
38.632 -0.7098439094
38.634 -0.7085745848
38.636 -0.707304316
38.638 -0.706033115
38.64 -0.7047609685
38.642 -0.7034878642
38.644 -0.7022138004
38.646 -0.700938762
38.648 -0.6996627297
38.65 -0.6983856834
38.652 -0.6971076207
38.654 -0.6958285295
38.656 -0.6945469435
38.658 -0.6932634336
38.66 -0.691978574
38.662 -0.690692781
38.664 -0.6894061867
38.666 -0.6881189176
38.668 -0.6868310306
38.67 -0.6855425868
38.672 -0.6842535693
38.674 -0.6829639781
38.676 -0.6816736225
38.678 -0.6803824269
38.68 -0.6790904333
38.682 -0.6777976587
38.684 -0.6765040575
38.686 -0.6752096
38.688 -0.6739142295
38.69 -0.6726179147
38.692 -0.6713206451
38.694 -0.670022381
38.696 -0.668723087
38.698 -0.6674227128
38.7 -0.6661212346
38.702 -0.6648186504
38.704 -0.6635149238
38.706 -0.6622100234
38.708 -0.6609039171
38.71 -0.6595965788
38.712 -0.6582879834
38.714 -0.6569781064
38.716 -0.6556669238
38.718 -0.6543544143
38.72 -0.6530405596
38.722 -0.6517253408
38.724 -0.6504087386
38.726 -0.6490907337
38.728 -0.6477713127
38.73 -0.6464504662
38.732 -0.6451281839
38.734 -0.6438044539
38.736 -0.6424792676
38.738 -0.6411526191
38.74 -0.6398244871
38.742 -0.6384948584
38.744 -0.6371637361
38.746 -0.6358311184
38.748 -0.6344970017
38.75 -0.6331613823
38.752 -0.6318242562
38.754 -0.6304855943
38.756 -0.6291453811
38.758 -0.6278036221
38.76 -0.6264603194
38.762 -0.6251154755
38.764 -0.6237691527
38.766 -0.6224213857
38.768 -0.6210721593
38.77 -0.6197214759
38.772 -0.6183693489
38.774 -0.6170157873
38.776 -0.6156607995
38.778 -0.6143043932
38.78 -0.6129465733
38.782 -0.6115873466
38.784 -0.6102267235
38.786 -0.6088647124
38.788 -0.6075013245
38.79 -0.6061365707
38.792 -0.6047704562
38.794 -0.6034029877
38.796 -0.6020341725
38.798 -0.600663997
38.8 -0.5992924595
38.802 -0.5979195779
38.804 -0.596545356
38.806 -0.5951698
38.808 -0.593792916
38.81 -0.5924147088
38.812 -0.5910351836
38.814 -0.5896543495
38.816 -0.5882722125
38.818 -0.5868887816
38.82 -0.5855040674
38.822 -0.58411808
38.824 -0.5827308249
38.826 -0.5813423107
38.828 -0.5799525423
38.83 -0.578561527
38.832 -0.5771692693
38.834 -0.5757757734
38.836 -0.5743810479
38.838 -0.5729850998
38.84 -0.5715878484
38.842 -0.5701892565
38.844 -0.568789357
38.846 -0.5673881575
38.848 -0.5659856653
38.85 -0.5645818906
38.852 -0.5631768406
38.854 -0.5617705216
38.856 -0.5603629393
38.858 -0.5589540993
38.86 -0.5575440071
38.862 -0.5561326686
38.864 -0.5547200889
38.866 -0.5533062797
38.868 -0.5518912524
38.87 -0.5504750141
38.872 -0.5490575689
38.874 -0.5476389225
38.876 -0.5462190835
38.878 -0.5447980595
38.88 -0.5433758575
38.882 -0.5419524887
38.884 -0.54052796
38.886 -0.5391022765
38.888 -0.5376754458
38.89 -0.5362474752
38.892 -0.5348183755
38.894 -0.5333881653
38.896 -0.5319568531
38.898 -0.5305244402
38.9 -0.5290909333
38.902 -0.527656337
38.904 -0.5262206573
38.906 -0.5247839029
38.908 -0.523346079
38.91 -0.5219071904
38.912 -0.5204672461
38.914 -0.5190262563
38.916 -0.5175842339
38.918 -0.516141195
38.92 -0.5146971678
38.922 -0.5132521465
38.924 -0.5118061418
38.926 -0.5103591624
38.928 -0.5089112173
38.93 -0.5074617395
38.932 -0.5060112841
38.934 -0.5045598922
38.936 -0.5031075676
38.938 -0.5016543235
38.94 -0.5002001656
38.942 -0.4987451055
38.944 -0.4972891511
38.946 -0.4958323108
38.948 -0.4943745917
38.95 -0.4929159999
38.952 -0.4914565431
38.954 -0.4899962272
38.956 -0.4885350579
38.958 -0.4870730386
38.96 -0.4856101739
38.962 -0.4841464686
38.964 -0.4826819287
38.966 -0.4812165587
38.968 -0.4797503583
38.97 -0.4782833296
38.972 -0.4768154782
38.974 -0.4753468109
38.976 -0.4738773253
38.978 -0.4724070201
38.98 -0.4709358954
38.982 -0.4694639566
38.984 -0.4679912042
38.986 -0.4665176428
38.988 -0.4650432664
38.99 -0.4635680711
38.992 -0.4620920606
38.994 -0.4606152376
38.996 -0.4591376088
38.998 -0.457659176
39 -0.4561791305
39.002 -0.4546977459
39.004 -0.4532151575
39.006 -0.4517315992
39.008 -0.4502470726
39.01 -0.4487616664
39.012 -0.447275401
39.014 -0.4457883078
39.016 -0.4443004026
39.018 -0.4428117104
39.02 -0.4413222393
39.022 -0.4398319985
39.024 -0.4383410092
39.026 -0.4368492853
39.028 -0.4353568554
39.03 -0.4338637448
39.032 -0.4323699627
39.034 -0.4308755144
39.036 -0.429380409
39.038 -0.4278846642
39.04 -0.4263883082
39.042 -0.4248913501
39.044 -0.4233937885
39.046 -0.4218956258
39.048 -0.4203968689
39.05 -0.4188975345
39.052 -0.4173976212
39.054 -0.4158971384
39.056 -0.4143960971
39.058 -0.4128945258
39.06 -0.4113924206
39.062 -0.4098897786
39.064 -0.4083865851
39.066 -0.4068828361
39.068 -0.4053786188
39.07 -0.403873906
39.072 -0.4023687009
39.074 -0.4008630032
39.076 -0.3993568207
39.078 -0.3978501958
39.08 -0.3963430634
39.082 -0.3948354476
39.084 -0.3933274391
39.086 -0.3918190923
39.088 -0.3903104581
39.09 -0.3888014511
39.092 -0.387292087
39.094 -0.3857823515
39.096 -0.384272249
39.098 -0.3827617556
39.1 -0.3812508874
39.102 -0.3797396326
39.104 -0.3782280035
39.106 -0.3767159875
39.108 -0.3752035925
39.11 -0.3736907736
39.112 -0.3721775475
39.114 -0.3706638727
39.116 -0.3691497636
39.118 -0.3676352049
39.12 -0.3661201899
39.122 -0.3646047079
39.124 -0.3630887072
39.126 -0.3615724616
39.128 -0.3600557244
39.13 -0.3585385034
39.132 -0.3570207873
39.134 -0.3555025417
39.136 -0.3539837775
39.138 -0.3524645309
39.14 -0.35094478
39.142 -0.3494244921
39.144 -0.3479037848
39.146 -0.3463827358
39.148 -0.344861295
39.15 -0.3433394677
39.152 -0.3418172437
39.154 -0.3402945906
39.156 -0.3387715201
39.158 -0.3372480181
39.16 -0.3357240585
39.162 -0.334199643
39.164 -0.3326747564
39.166 -0.3311493959
39.168 -0.3296235576
39.17 -0.3280972263
39.172 -0.3265703902
39.174 -0.325043051
39.176 -0.3235152056
39.178 -0.3219868423
39.18 -0.3204579519
39.182 -0.3189285233
39.184 -0.3173985305
39.186 -0.315867958
39.188 -0.3143367942
39.19 -0.3128050258
39.192 -0.3112726375
39.194 -0.3097396171
39.196 -0.3082059539
39.198 -0.3066716337
39.2 -0.3051366425
39.202 -0.3036009529
39.204 -0.3020645438
39.206 -0.3005274037
39.208 -0.2989895237
39.21 -0.2974508929
39.212 -0.2959114835
39.214 -0.2943712587
39.216 -0.2928302156
39.218 -0.2912883527
39.22 -0.2897456516
39.222 -0.2882020984
39.224 -0.2866576812
39.226 -0.2851123879
39.228 -0.2835662202
39.23 -0.282019172
39.232 -0.2804712273
39.234 -0.2789223758
39.236 -0.277372607
39.238 -0.2758219122
39.24 -0.2742702799
39.242 -0.2727176974
39.244 -0.2711641527
39.246 -0.2696096371
39.248 -0.2680541321
39.25 -0.2664976246
39.252 -0.2649401097
39.254 -0.2633815805
39.256 -0.2618220367
39.258 -0.260261474
39.26 -0.2586998877
39.262 -0.2571372727
39.264 -0.2555736249
39.266 -0.254008942
39.268 -0.2524432221
39.27 -0.2508764619
39.272 -0.2493086576
39.274 -0.2477398075
39.276 -0.2461699111
39.278 -0.2445989676
39.28 -0.2430270292
39.282 -0.2414541063
39.284 -0.23988019
39.286 -0.2383054335
39.288 -0.2367299048
39.29 -0.2351535485
39.292 -0.2335763131
39.294 -0.2319981614
39.296 -0.230419063
39.298 -0.2288389934
39.3 -0.2272579327
39.302 -0.2256758633
39.304 -0.2240927754
39.306 -0.2225086635
39.308 -0.2209235216
39.31 -0.2193373499
39.312 -0.217750144
39.314 -0.2161619036
39.316 -0.2145726294
39.318 -0.2129823294
39.32 -0.2113909922
39.322 -0.209798612
39.324 -0.2082052022
39.326 -0.206610773
39.328 -0.2050153354
39.33 -0.2034188997
39.332 -0.2018214793
39.334 -0.2002230854
39.336 -0.1986237306
39.338 -0.197023429
39.34 -0.1954221942
39.342 -0.1938200236
39.344 -0.1922169245
39.346 -0.1906129177
39.348 -0.1890077773
39.35 -0.1874014153
39.352 -0.1857939207
39.354 -0.1841852504
39.356 -0.1825754462
39.358 -0.1809645465
39.36 -0.179352597
39.362 -0.177739619
39.364 -0.1761256411
39.366 -0.1745107026
39.368 -0.1728948115
39.37 -0.1712779857
39.372 -0.1696602383
39.374 -0.1680415809
39.376 -0.1664219575
39.378 -0.164801393
39.38 -0.1631799101
39.382 -0.1615575409
39.384 -0.1599342975
39.386 -0.1583102042
39.388 -0.1566852789
39.39 -0.1550595163
39.392 -0.1534329513
39.394 -0.1518056807
39.396 -0.1501777151
39.398 -0.1485490817
39.4 -0.1469198004
39.402 -0.1452898934
39.404 -0.1436593811
39.406 -0.1420282822
39.408 -0.1403966153
39.41 -0.1387643995
39.412 -0.1371316512
39.414 -0.1354983865
39.416 -0.133864546
39.418 -0.1322301684
39.42 -0.1305952645
39.422 -0.1289597904
39.424 -0.1273238552
39.426 -0.1256874365
39.428 -0.1240504813
39.43 -0.1224130957
39.432 -0.1207752546
39.434 -0.1191369167
39.436 -0.1174981171
39.438 -0.1158588629
39.44 -0.1142192339
39.442 -0.1125791987
39.444 -0.1109387009
39.446 -0.1092977692
39.448 -0.1076564138
39.45 -0.1060146383
39.452 -0.1043725252
39.454 -0.1027300456
39.456 -0.1010871445
39.458 -0.09944387094
39.46 -0.09780038378
39.462 -0.09615678591
39.464 -0.09451304288
39.466 -0.09286914311
39.468 -0.0912250874
39.47 -0.08958087331
39.472 -0.08793650538
39.474 -0.08629198579
39.476 -0.08464731608
39.478 -0.08300248818
39.48 -0.0813575024
39.482 -0.0797123583
39.484 -0.07806705717
39.486 -0.0764215984
39.488 -0.0747759802
39.49 -0.07313020143
39.492 -0.07148424719
39.494 -0.06983811274
39.496 -0.06819180553
39.498 -0.0665453243
39.5 -0.06489866477
39.502 -0.06325182472
39.504 -0.06160480852
39.506 -0.05995761834
39.508 -0.05831025161
39.51 -0.05666270425
39.512 -0.05501497423
39.514 -0.05336706017
39.516 -0.05171858694
39.518 -0.05006938987
39.52 -0.04841958794
39.522 -0.0467692941
39.524 -0.04511848021
39.526 -0.04346717784
39.528 -0.04181538137
39.53 -0.04016304655
39.532 -0.03851027924
39.534 -0.0368570546
39.536 -0.03520339503
39.538 -0.03354929297
39.54 -0.03189477578
39.542 -0.03023982343
39.544 -0.02858447205
39.546 -0.0269286776
39.548 -0.02527247122
39.55 -0.02361583564
39.552 -0.02195880433
39.554 -0.02030135993
39.556 -0.01864345451
39.558 -0.01698519949
39.56 -0.01532658156
39.562 -0.01366763293
39.564 -0.01200835805
39.566 -0.01034879521
39.568 -0.008688948097
39.57 -0.007028855095
39.572 -0.00536852057
39.574 -0.003707893695
39.576 -0.002047059946
39.578 -0.0003860589133
39.58 0.001275107768
39.582 0.002936409737
39.584 0.004597851475
39.586 0.00625939821
39.588 0.007921053281
39.59 0.009582783304
39.592 0.01124459217
39.594 0.01290645095
39.596 0.01456830385
39.598 0.01623021648
39.6 0.01789207244
39.602 0.01955390641
39.604 0.02121571221
39.606 0.02287750686
39.608 0.02453926013
39.61 0.02620098222
39.612 0.02786262368
39.614 0.02952418093
39.616 0.03118563192
39.618 0.03284698652
39.62 0.03450821653
39.622 0.03616932994
39.624 0.03783029855
39.626 0.03949113089
39.628 0.04115179858
39.63 0.04281231149
39.632 0.0444726455
39.634 0.04613280602
39.636 0.04779276456
39.638 0.04945253339
39.64 0.05111208656
39.642 0.05277143817
39.644 0.0544305647
39.646 0.05608939943
39.648 0.05774803308
39.65 0.0594064282
39.652 0.06106459278
39.654 0.06272250727
39.656 0.06438011692
39.658 0.06603743894
39.66 0.0676945495
39.662 0.06935140495
39.664 0.07100910533
39.666 0.07266727742
39.668 0.07432568463
39.67 0.07598411513
39.672 0.07764253462
39.674 0.07930078156
39.676 0.08095893389
39.678 0.08261691784
39.68 0.08427465153
39.682 0.08593221316
39.684 0.08758956255
39.686 0.08924662098
39.688 0.0909034719
39.69 0.09256006681
39.692 0.09421633497
39.694 0.09587229151
39.696 0.09752800523
39.698 0.0991834246
39.7 0.1008385532
39.702 0.1024933637
39.704 0.104147789
39.706 0.1058018446
39.708 0.1074556033
39.71 0.1091090183
39.712 0.1107621011
39.714 0.1124148251
39.716 0.1140671349
39.718 0.1157190557
39.72 0.1173706712
39.722 0.1190219459
39.724 0.1206728261
39.726 0.1223234153
39.728 0.1239736789
39.73 0.1256236355
39.732 0.1272732786
39.734 0.1289225608
39.736 0.130571593
39.738 0.1322203565
39.74 0.1338688032
39.742 0.1355170391
39.744 0.137165048
39.746 0.1388128675
39.748 0.1404605051
39.75 0.1421079959
39.752 0.1437553431
39.754 0.1454025884
39.756 0.1470497374
39.758 0.1486968307
39.76 0.1503438729
39.762 0.1519908996
39.764 0.1536379094
39.766 0.155284965
39.768 0.1569320801
39.77 0.1585792858
39.772 0.1602266575
39.774 0.1618741147
39.776 0.1635217055
39.778 0.1651694378
39.78 0.1668173477
39.782 0.1684655091
39.784 0.1701138438
39.786 0.1717624021
39.788 0.1734111883
39.79 0.1750602347
39.792 0.1767127226
39.794 0.1783647889
39.796 0.1800168473
39.798 0.1816690456
39.8 0.1833212035
39.802 0.1849734208
39.804 0.1866257332
39.806 0.1882782089
39.808 0.1899309311
39.81 0.1915838453
39.812 0.1932370402
39.814 0.1948905509
39.816 0.1965444357
39.818 0.1981987904
39.82 0.1998535557
39.822 0.2015087974
39.824 0.2031646046
39.826 0.2048208975
39.828 0.2064777093
39.83 0.2081350504
39.832 0.2097929483
39.834 0.2114514731
39.836 0.2131105317
39.838 0.2147701262
39.84 0.2164303218
39.842 0.2180910282
39.844 0.2197522721
39.846 0.2214140272
39.848 0.2230762942
39.85 0.2247391128
39.852 0.2264023724
39.854 0.2280661098
39.856 0.2297303774
39.858 0.2313950555
39.86 0.2330601593
39.862 0.2347257308
39.864 0.2363916575
39.866 0.2380579583
39.868 0.2397246786
39.87 0.2413917073
39.872 0.2430590597
39.874 0.2447267587
39.876 0.2463946868
39.878 0.2480628726
39.88 0.2497312751
39.882 0.2513997284
39.884 0.253068301
39.886 0.2547370515
39.888 0.2564058809
39.89 0.2580748199
39.892 0.2597439331
39.894 0.261413131
39.896 0.2630824494
39.898 0.2647519515
39.9 0.2664215449
39.902 0.2680912639
39.904 0.2697611642
39.906 0.2714311547
39.908 0.2731012556
39.91 0.2747715298
39.912 0.2764418753
39.914 0.2781123232
39.916 0.2797829311
39.918 0.2814536747
39.92 0.2831244729
39.922 0.284795359
39.924 0.2864663882
39.926 0.2881374634
39.928 0.2898086129
39.93 0.2914798908
39.932 0.2931511973
39.934 0.29482256
39.936 0.2964942149
39.938 0.2981662627
39.94 0.2998385314
39.942 0.3015110631
39.944 0.3031855441
39.946 0.3048613016
39.948 0.3065375863
39.95 0.3082139533
39.952 0.3098903125
39.954 0.3115663689
39.956 0.3132420626
39.958 0.3149173719
39.96 0.31659223
39.962 0.3182665185
39.964 0.3199402419
39.966 0.3216134474
39.968 0.323286119
39.97 0.3249581819
39.972 0.3266296805
39.974 0.3283006872
39.976 0.3299711943
39.978 0.3316411387
39.98 0.3333105704
39.982 0.3349795586
39.984 0.3366480941
39.986 0.3383161844
39.988 0.3399837669
39.99 0.3416508442
39.992 0.3433174665
39.994 0.3449836365
39.996 0.3466493742
39.998 0.348314626
40 0.3499794438
40.002 0.3516439007
40.004 0.3533079901
40.006 0.3549717206
40.008 0.3566352198
40.01 0.3582983395
40.012 0.3599611394
40.014 0.3616236054
40.016 0.3632857376
40.018 0.3649475431
40.02 0.3666090315
40.022 0.3682702099
40.024 0.3699310223
40.026 0.3715915016
40.028 0.3732517033
40.03 0.3749116158
40.032 0.3765712342
40.034 0.3782305571
40.036 0.3798895676
40.038 0.3815482646
40.04 0.3832066418
40.042 0.3848646856
40.044 0.386522395
40.046 0.3881797698
40.048 0.3898368063
40.05 0.3914935007
40.052 0.3931499157
40.054 0.3948060166
40.056 0.3964617976
40.058 0.3981172323
40.06 0.3997723256
40.062 0.40142708
40.064 0.4030814914
40.066 0.4047355508
40.068 0.4063892563
40.07 0.4080426018
40.072 0.4096955844
40.074 0.4113482023
40.076 0.4130004525
40.078 0.4146523418
40.08 0.4163038716
40.082 0.4179550336
40.084 0.419605814
40.086 0.4212562146
40.088 0.422906236
40.09 0.4245558666
40.092 0.4262050976
40.094 0.4278539195
40.096 0.4295023288
40.098 0.4311503241
40.1 0.4327979025
40.102 0.434445071
40.104 0.4360918316
40.106 0.4377381746
40.108 0.4393840952
40.11 0.4410295975
40.112 0.4426746609
40.114 0.4443192763
40.116 0.445963449
40.118 0.4476071782
40.12 0.4492504632
40.122 0.450893304
40.124 0.4525356993
40.126 0.4541776474
40.128 0.4558191472
40.13 0.4574601965
40.132 0.4591005917
40.134 0.4607403643
40.136 0.4623795459
40.138 0.4640182098
40.14 0.465656375
40.142 0.4672940583
40.144 0.4689312645
40.146 0.470567993
40.148 0.4722042421
40.15 0.4738400106
40.152 0.4754752935
40.154 0.4771100888
40.156 0.4787443908
40.158 0.4803781998
40.16 0.4820115186
40.162 0.4836443453
40.164 0.4852766743
40.166 0.4869085057
40.168 0.4885398403
40.17 0.4901706796
40.172 0.4918010234
40.174 0.4934308703
40.176 0.495060224
40.178 0.4966890859
40.18 0.4983174558
40.182 0.4999453383
40.184 0.501572731
40.186 0.5031996274
40.188 0.5048260226
40.19 0.5064519004
40.192 0.5080771971
40.194 0.5097019381
40.196 0.5113261814
40.198 0.5129498456
40.2 0.5145729563
40.202 0.5161955113
40.204 0.5178173846
40.206 0.5194387662
40.208 0.5210595792
40.21 0.5226798381
40.212 0.5242995321
40.214 0.5259186748
40.216 0.5275372615
40.218 0.5291553043
40.22 0.5307727955
40.222 0.5323897428
40.224 0.5340062023
40.226 0.5356220979
40.228 0.5372374565
40.23 0.5388522734
40.232 0.5404671132
40.234 0.5420820669
40.236 0.5436969827
40.238 0.5453116896
40.24 0.5469260972
40.242 0.5485401255
40.244 0.5501531488
40.246 0.5517656008
40.248 0.5533777139
40.25 0.5549885965
40.252 0.5565987655
40.254 0.55820842
40.256 0.5598174892
40.258 0.5614259519
40.26 0.5630331606
40.262 0.564639614
40.264 0.5662455609
40.266 0.567850953
40.268 0.5694557815
40.27 0.5710600043
40.272 0.5726629062
40.274 0.574265092
40.276 0.575866839
40.278 0.5774680936
40.28 0.5790688542
40.282 0.580669064
40.284 0.582268616
40.286 0.5838675646
40.288 0.5854658695
40.29 0.5870634685
40.292 0.5886603629
40.294 0.5902565995
40.296 0.5918521459
40.298 0.5934462518
40.3 0.5950395039
40.302 0.5966322874
40.304 0.5982245633
40.306 0.5998161845
40.308 0.601407144
40.31 0.6029974554
40.312 0.6045870664
40.314 0.6061758915
40.316 0.6077639296
40.318 0.609351218
40.32 0.6109377116
40.322 0.6125233477
40.324 0.6141081464
40.326 0.6156921045
40.328 0.617275273
40.33 0.6188576224
40.332 0.6204390363
40.334 0.6220195602
40.336 0.6235991874
40.338 0.6251779262
40.34 0.6267558707
40.342 0.6283329226
40.344 0.6299089361
40.346 0.6314838667
40.348 0.6330577807
40.35 0.634630717
40.352 0.6362027359
40.354 0.6377738503
40.356 0.6393440422
40.358 0.6409133553
40.36 0.6424819167
40.362 0.6440496895
40.364 0.6456166023
40.366 0.6471827002
40.368 0.648747994
40.37 0.6503124815
40.372 0.6518761622
40.374 0.6534390395
40.376 0.6550011171
40.378 0.6565624041
40.38 0.6581229042
40.382 0.6596826135
40.384 0.6612415314
40.386 0.6627996636
40.388 0.6643570239
40.39 0.6659136194
40.392 0.6674694488
40.394 0.6690245112
40.396 0.6705787984
40.398 0.6721323038
40.4 0.6736850307
40.402 0.675237037
40.404 0.6767883014
40.406 0.6783387815
40.408 0.6798884968
40.41 0.6814374526
40.412 0.6829856561
40.414 0.6845331141
40.416 0.6860798329
40.418 0.6876258168
40.42 0.6891710662
40.422 0.6907155909
40.424 0.6922593947
40.426 0.6938024778
40.428 0.6953448516
40.43 0.6968864991
40.432 0.6984274299
40.434 0.6999676946
40.436 0.7015073012
40.438 0.703046245
40.44 0.7045844968
40.442 0.7061220749
40.444 0.7076590081
40.446 0.7091952889
40.448 0.7107309149
40.45 0.7122658546
40.452 0.7138001237
40.454 0.7153337493
40.456 0.716866721
40.458 0.7183990375
40.46 0.7199306652
40.462 0.7214616182
40.464 0.7229919197
40.466 0.7245215593
40.468 0.7260505333
40.47 0.7275788097
40.472 0.7291064032
40.474 0.7306333431
40.476 0.7321596217
40.478 0.7336852358
40.48 0.7352101522
40.482 0.7367343845
40.484 0.7382579568
40.486 0.739780858
40.488 0.7413030894
40.49 0.7428246181
40.492 0.7443454582
40.494 0.7458656362
40.496 0.7473851427
40.498 0.7489039753
40.5 0.7504221019
40.502 0.7519395231
40.504 0.753456258
40.506 0.754972303
40.508 0.7564876587
40.51 0.758002295
40.512 0.7595162272
40.514 0.7610294761
40.516 0.7625420182
40.518 0.7640538169
40.52 0.7655648955
40.522 0.7670752815
40.524 0.7685850948
40.526 0.7700944007
40.528 0.7716031333
40.53 0.7731113078
40.532 0.7746189511
40.534 0.7761260494
40.536 0.7776325793
40.538 0.7791384909
40.54 0.7806438035
40.542 0.7821485303
40.544 0.7836525779
40.546 0.7851558695
40.548 0.7866584374
40.55 0.7881603176
40.552 0.789661576
40.554 0.7911621585
40.556 0.7926620345
40.558 0.7941612023
40.56 0.7956596933
40.562 0.7971574748
40.564 0.7986545202
40.566 0.8001508018
40.568 0.8016463304
40.57 0.8031411572
40.572 0.804635153
40.574 0.8061283549
40.576 0.8076208408
40.578 0.8091125736
40.58 0.8106035484
40.582 0.8120936873
40.584 0.8135830122
40.586 0.8150715746
40.588 0.8165593444
40.59 0.8180463102
40.592 0.8195324623
40.594 0.8210177959
40.596 0.8225022977
40.598 0.8239859521
40.6 0.8254687426
40.602 0.8269506557
40.604 0.828431687
40.606 0.8299118288
40.608 0.8313910746
40.61 0.8328694185
40.612 0.8343468534
40.614 0.8358233714
40.616 0.8372989619
40.618 0.8387736079
40.62 0.8402472885
40.622 0.8417199979
40.624 0.8431917373
40.626 0.844662514
40.628 0.846132334
40.63 0.8476011952
40.632 0.8490690949
40.634 0.8505360317
40.636 0.852002003
40.638 0.8534670143
40.64 0.8549310821
40.642 0.8563942131
40.644 0.8578564064
40.646 0.8593176628
40.648 0.8607779843
40.65 0.8622373731
40.652 0.8636958305
40.654 0.8651533581
40.656 0.8666099555
40.658 0.8680656297
40.66 0.8695203836
40.662 0.8709742111
40.664 0.8724271056
40.666 0.8738790637
40.668 0.8753300818
40.67 0.876780154
40.672 0.8782292701
40.674 0.8796774188
40.676 0.8811213043
40.678 0.8825621002
40.68 0.884001071
40.682 0.8854391715
40.684 0.8868766113
40.686 0.8883137697
40.688 0.889750786
40.69 0.8911878041
40.692 0.8926248862
40.694 0.8940620694
40.696 0.8954993052
40.698 0.896936608
40.7 0.8983739475
40.702 0.8998113
40.704 0.9012486124
40.706 0.9026858285
40.708 0.9041228795
40.71 0.9055596948
40.712 0.9069961962
40.714 0.9084322994
40.716 0.9098679224
40.718 0.9113029749
40.72 0.9127373518
40.722 0.9141709637
40.724 0.915603737
40.726 0.9170355939
40.728 0.9184664607
40.73 0.9198962671
40.732 0.9213249409
40.734 0.9227524132
40.736 0.9241786273
40.738 0.9256035246
40.74 0.9270270547
40.742 0.92844917
40.744 0.9298698217
40.746 0.9312889696
40.748 0.9327065745
40.75 0.9341226041
40.752 0.9355370323
40.754 0.9369498902
40.756 0.9383611332
40.758 0.9397707372
40.76 0.9411786746
40.762 0.9425849402
40.764 0.9439895239
40.766 0.9453924237
40.768 0.946793641
40.77 0.9481931798
40.772 0.949591048
40.774 0.9509872541
40.776 0.9523818083
40.778 0.953774719
40.78 0.9551659661
40.782 0.956555552
40.784 0.9579434494
40.786 0.959329701
40.788 0.9607143313
40.79 0.9620973785
40.792 0.9634788592
40.794 0.9648587963
40.796 0.9662372103
40.798 0.9676141227
40.8 0.9689895546
40.802 0.9703635237
40.804 0.9717360475
40.806 0.9731071437
40.808 0.9744768283
40.81 0.9758450898
40.812 0.9772119584
40.814 0.9785774485
40.816 0.9799415921
40.818 0.981304384
40.82 0.9826658296
40.822 0.9840259326
40.824 0.9853846987
40.826 0.9867421317
40.828 0.9880982366
40.83 0.9894530152
40.832 0.9908064696
40.834 0.9921586026
40.836 0.9935094183
40.838 0.9948589288
40.84 0.9962071434
40.842 0.9975540614
40.844 0.9988996781
40.846 1.000243988
40.848 1.001586985
40.85 1.002928655
40.852 1.004268988
40.854 1.005607982
40.856 1.006945636
40.858 1.008281936
40.86 1.009616875
40.862 1.010950444
40.864 1.012282632
40.866 1.013613436
40.868 1.014942849
40.87 1.016270867
40.872 1.017597486
40.874 1.018922701
40.876 1.020246509
40.878 1.021568946
40.88 1.022890024
40.882 1.024209723
40.884 1.025528063
40.886 1.026845033
40.888 1.028160629
40.89 1.029474842
40.892 1.030787674
40.894 1.032099125
40.896 1.03340921
40.898 1.034717917
40.9 1.036025237
40.902 1.037331179
40.904 1.038635745
40.906 1.03993893
40.908 1.041240733
40.91 1.042541158
40.912 1.043840205
40.914 1.045137874
40.916 1.046434166
40.918 1.047729082
40.92 1.049022605
40.922 1.050314724
40.924 1.051605447
40.926 1.052894772
40.928 1.054182696
40.93 1.055469173
40.932 1.056754222
40.934 1.058037838
40.936 1.059319986
40.938 1.060600795
40.94 1.061879742
40.942 1.063157322
40.944 1.064433044
40.946 1.065706963
40.948 1.06697895
40.95 1.068249018
40.952 1.069517141
40.954 1.070783339
40.956 1.072047619
40.958 1.073310001
40.96 1.074570506
40.962 1.075829156
40.964 1.077085974
40.966 1.07834099
40.968 1.079594226
40.97 1.080845708
40.972 1.082095459
40.974 1.083343502
40.976 1.08458986
40.978 1.085834532
40.98 1.087077526
40.982 1.088318868
40.984 1.08955862
40.986 1.090796777
40.988 1.092033344
40.99 1.093268323
40.992 1.094501724
40.994 1.095733555
40.996 1.096963826
40.998 1.098192543
41 1.099419712
41.002 1.100645314
41.004 1.101869365
41.006 1.10309187
41.008 1.104312847
41.01 1.105532315
41.012 1.106750289
41.014 1.107966785
41.016 1.109181822
41.018 1.110395414
41.02 1.111607574
41.022 1.112818316
41.024 1.114027657
41.026 1.115235611
41.028 1.11644219
41.03 1.117647405
41.032 1.118851263
41.034 1.120053771
41.036 1.121254947
41.038 1.122454805
41.04 1.123653358
41.042 1.124850618
41.044 1.126046598
41.046 1.127241316
41.048 1.128434786
41.05 1.129627022
41.052 1.130818039
41.054 1.132010659
41.056 1.133199422
41.058 1.134387683
41.06 1.135574074
41.062 1.136759467
41.064 1.137943544
41.066 1.13912655
41.068 1.140308429
41.07 1.141489263
41.072 1.142669061
41.074 1.143847864
41.076 1.145025683
41.078 1.146202494
41.08 1.147378324
41.082 1.148553179
41.084 1.149727077
41.086 1.150900022
41.088 1.152072006
41.09 1.153243018
41.092 1.154413069
41.094 1.15558215
41.096 1.156750266
41.098 1.157917399
41.1 1.1590833
41.102 1.160247772
41.104 1.161410925
41.106 1.162572748
41.108 1.163733253
41.11 1.164892425
41.112 1.166050271
41.114 1.16720678
41.116 1.168361964
41.118 1.169515815
41.12 1.170668306
41.122 1.171819484
41.124 1.172969326
41.126 1.174117863
41.128 1.175265086
41.13 1.176410968
41.132 1.177555555
41.134 1.178698833
41.136 1.179840771
41.138 1.180981424
41.14 1.182120022
41.142 1.183256812
41.144 1.184392327
41.146 1.185526453
41.148 1.186659245
41.15 1.187790728
41.152 1.18892097
41.154 1.190049975
41.156 1.191177736
41.158 1.192304283
41.16 1.193429666
41.162 1.194553881
41.164 1.195676917
41.166 1.1967988
41.168 1.19791954
41.17 1.199039179
41.172 1.200157718
41.174 1.201275138
41.176 1.20239146
41.178 1.203506692
41.18 1.204620847
41.182 1.205736898
41.184 1.206850892
41.186 1.207962707
41.188 1.209072616
41.19 1.21018129
41.192 1.211288593
41.194 1.212397663
41.196 1.2135046
41.198 1.214609361
41.2 1.215712225
41.202 1.21681388
41.204 1.217917131
41.206 1.219018277
41.208 1.22011719
41.21 1.221214175
41.212 1.222312859
41.214 1.223409244
41.216 1.224503445
41.218 1.225598623
41.22 1.226691616
41.222 1.227782233
41.224 1.228873875
41.226 1.229963308
41.228 1.231050379
41.23 1.232138486
41.232 1.233224413
41.234 1.234310923
41.236 1.235394603
41.238 1.236478959
41.24 1.237560291
41.242 1.238642298
41.244 1.239721221
41.246 1.240800822
41.248 1.241877342
41.25 1.242954551
41.252 1.244028726
41.254 1.245103654
41.256 1.246175583
41.258 1.24724829
41.26 1.248318042
41.262 1.249388607
41.264 1.250456249
41.266 1.251524726
41.268 1.252590311
41.27 1.253656759
41.272 1.254720338
41.274 1.255784799
41.276 1.256846427
41.278 1.257908961
41.28 1.258971575
41.282 1.260031235
41.284 1.261090857
41.286 1.26214779
41.288 1.263205327
41.29 1.264262917
41.292 1.265317465
41.294 1.266371944
41.296 1.267426573
41.298 1.268477935
41.3 1.269529222
41.302 1.270580594
41.304 1.27163157
41.306 1.272678587
41.308 1.273725546
41.31 1.274772339
41.312 1.275818691
41.314 1.276860999
41.316 1.277903215
41.318 1.278945227
41.32 1.279986806
41.322 1.281027238
41.324 1.282066632
41.326 1.283101885
41.328 1.284136822
41.33 1.285171479
41.332 1.286205598
41.334 1.287238505
41.336 1.288270333
41.338 1.28930087
41.34 1.290330135
41.342 1.291358078
41.344 1.292384681
41.346 1.293409931
41.348 1.29443381
41.35 1.295456313
41.352 1.296477437
41.354 1.297497164
41.356 1.298515499
41.358 1.299532448
41.36 1.300548002
41.362 1.301562164
41.364 1.302574942
41.366 1.303586334
41.368 1.304596337
41.37 1.305604961
41.372 1.306612216
41.374 1.307618103
41.376 1.308622651
41.378 1.309625876
41.38 1.310627768
41.382 1.311628381
41.384 1.312627818
41.386 1.313626017
41.388 1.314622969
41.39 1.315618646
41.392 1.316613049
41.394 1.317606168
41.396 1.318597998
41.398 1.31958856
41.4 1.320577871
41.402 1.321565918
41.404 1.322552692
41.406 1.323538184
41.408 1.324522387
41.41 1.325505265
41.412 1.326486914
41.414 1.327467446
41.416 1.328446803
41.418 1.329425006
41.42 1.330402025
41.422 1.331377835
41.424 1.332352443
41.426 1.333325818
41.428 1.334297954
41.43 1.335268829
41.432 1.336238406
41.434 1.337206674
41.436 1.338173615
41.438 1.339139208
41.44 1.340103422
41.442 1.341066246
41.444 1.342027655
41.446 1.342987618
41.448 1.343946114
41.45 1.344903121
41.452 1.345858618
41.454 1.346812581
41.456 1.347764989
41.458 1.348715821
41.46 1.349665055
41.462 1.350612668
41.464 1.35155864
41.466 1.352502953
41.468 1.353445587
41.47 1.354386526
41.472 1.355325755
41.474 1.356263256
41.476 1.357199005
41.478 1.358132968
41.48 1.359065109
41.482 1.359995383
41.484 1.360923765
41.486 1.361850207
41.488 1.362774663
41.49 1.363697119
41.492 1.36461754
41.494 1.365535902
41.496 1.366452182
41.498 1.367366354
41.5 1.368278388
41.502 1.369188246
41.504 1.370095891
41.506 1.371001297
41.508 1.371904455
41.51 1.372805327
41.512 1.373703896
41.514 1.374600154
41.516 1.375494084
41.518 1.376385662
41.52 1.377274858
41.522 1.378161623
41.524 1.379045924
41.526 1.379927756
41.528 1.38080711
41.53 1.381683974
41.532 1.382558496
41.534 1.383430741
41.536 1.384300665
41.538 1.385168243
41.54 1.386033482
41.542 1.386896389
41.544 1.387756956
41.546 1.388615169
41.548 1.38947103
41.55 1.390324537
41.552 1.391175685
41.554 1.392024437
41.556 1.392870764
41.558 1.393714685
41.56 1.394556215
41.562 1.395395353
41.564 1.396232029
41.566 1.39706627
41.568 1.397898092
41.57 1.39872749
41.572 1.399554452
41.574 1.40037898
41.576 1.401201084
41.578 1.402020776
41.58 1.402841259
41.582 1.403658026
41.584 1.404471893
41.586 1.405282736
41.588 1.406090707
41.59 1.406895851
41.592 1.407698231
41.594 1.408497927
41.596 1.409295029
41.598 1.410089573
41.6 1.41088162
41.602 1.411671207
41.604 1.412458378
41.606 1.413243184
41.608 1.414025596
41.61 1.414805701
41.612 1.415583541
41.614 1.416359187
41.616 1.417132681
41.618 1.417904059
41.62 1.418673335
41.622 1.419440542
41.624 1.420205704
41.626 1.420968829
41.628 1.421729927
41.63 1.422489019
41.632 1.423246131
41.634 1.42400127
41.636 1.424754457
41.638 1.425505703
41.64 1.426255015
41.642 1.427002412
41.644 1.427747896
41.646 1.42849146
41.648 1.429233105
41.65 1.429972843
41.652 1.430710681
41.654 1.431446616
41.656 1.432180658
41.658 1.432912816
41.66 1.433643077
41.662 1.434371454
41.664 1.435097968
41.666 1.435822632
41.668 1.436545441
41.67 1.43726641
41.672 1.437985552
41.674 1.438702887
41.676 1.439418426
41.678 1.440132187
41.68 1.440854166
41.682 1.441568195
41.684 1.44228892
41.686 1.442998165
41.688 1.44371431
41.69 1.444428166
41.692 1.445142807
41.694 1.44585326
41.696 1.446560982
41.698 1.447264676
41.7 1.447964734
41.702 1.448660917
41.704 1.449353436
41.706 1.45004238
41.708 1.45072795
41.71 1.451410341
41.712 1.452089775
41.714 1.452766486
41.716 1.453440728
41.718 1.454112755
41.72 1.454782817
41.722 1.455451141
41.724 1.456107087
41.726 1.456757455
41.728 1.457404396
41.73 1.458051908
41.732 1.458700085
41.734 1.459350229
41.736 1.46000254
41.738 1.460657417
41.74 1.461314907
41.742 1.461975045
41.744 1.46263773
41.746 1.46330285
41.748 1.463970248
41.75 1.464639726
41.752 1.465311133
41.754 1.465984221
41.756 1.466658727
41.758 1.467334389
41.76 1.468010953
41.762 1.468688175
41.764 1.469365811
41.766 1.470043627
41.768 1.470721403
41.77 1.471398901
41.772 1.472075914
41.774 1.472752227
41.776 1.473427655
41.778 1.474102028
41.78 1.474775173
41.782 1.475446942
41.784 1.476117204
41.786 1.476785803
41.788 1.477452636
41.79 1.478117595
41.792 1.478780608
41.794 1.479451606
41.796 1.480124397
41.798 1.480797395
41.8 1.481466979
41.802 1.482133306
41.804 1.482795544
41.806 1.483453514
41.808 1.484107002
41.81 1.484756014
41.812 1.485400587
41.814 1.486040826
41.816 1.486676897
41.818 1.487309037
41.82 1.487937472
41.822 1.488562462
41.824 1.48918427
41.826 1.489803168
41.828 1.49041943
41.83 1.491033291
41.832 1.491645031
41.834 1.492254886
41.836 1.49286308
41.838 1.493469843
41.84 1.494075413
41.842 1.494679994
41.844 1.495283729
41.846 1.495886801
41.848 1.496489315
41.85 1.497091388
41.852 1.497693231
41.854 1.498294997
41.856 1.498896682
41.858 1.499487419
41.86 1.500073934
41.862 1.50065819
41.864 1.501244116
41.866 1.501831667
41.868 1.502422029
41.87 1.503015195
41.872 1.503611375
41.874 1.504210452
41.876 1.504812322
41.878 1.505416736
41.88 1.506023455
41.882 1.506632168
41.884 1.507242467
41.886 1.507853989
41.888 1.508466405
41.89 1.5090794
41.892 1.509692631
41.894 1.510305754
41.896 1.510918461
41.898 1.51153042
41.9 1.512141333
41.902 1.512750924
41.904 1.513358914
41.906 1.513965017
41.908 1.514568992
41.91 1.515170616
41.912 1.515769656
41.914 1.516365914
41.916 1.516959221
41.918 1.517559455
41.92 1.518160288
41.922 1.518760064
41.924 1.519355112
41.926 1.519945506
41.928 1.520530118
41.93 1.521108858
41.932 1.521681513
41.934 1.522248192
41.936 1.522808881
41.938 1.523363727
41.94 1.523912911
41.942 1.524456624
41.944 1.524995093
41.946 1.525528593
41.948 1.526057395
41.95 1.526581795
41.952 1.52710208
41.954 1.527618543
41.956 1.528131483
41.958 1.528641169
41.96 1.529147872
41.962 1.529651845
41.964 1.53015335
41.966 1.530652627
41.968 1.531149894
41.97 1.531645369
41.972 1.532139255
41.974 1.532631716
41.976 1.53312292
41.978 1.533613018
41.98 1.534102125
41.982 1.534590362
41.984 1.535077907
41.986 1.535564785
41.988 1.536051059
41.99 1.536536724
41.992 1.537021809
41.994 1.537495385
41.996 1.537964147
41.998 1.53843003
42 1.538896868
42.002 1.539364484
42.004 1.539833956
42.006 1.540305218
42.008 1.540778454
42.01 1.541253501
42.012 1.541730183
42.014 1.542208235
42.016 1.542687369
42.018 1.543167265
42.02 1.5436476
42.022 1.54412802
42.024 1.544608185
42.026 1.545087751
42.028 1.545566299
42.03 1.546043559
42.032 1.54651922
42.034 1.546993018
42.036 1.547464676
42.038 1.547933948
42.04 1.5484006
42.042 1.548864398
42.044 1.549335193
42.046 1.549806545
42.048 1.550276779
42.05 1.550742163
42.052 1.551202739
42.054 1.551657372
42.056 1.552105979
42.058 1.552548272
42.06 1.552984281
42.062 1.553414015
42.064 1.553837619
42.066 1.554255279
42.068 1.554667207
42.07 1.55507365
42.072 1.555474873
42.074 1.555871162
42.076 1.556262815
42.078 1.556650133
42.08 1.557033454
42.082 1.557413079
42.084 1.557789311
42.086 1.558162448
42.088 1.558532786
42.09 1.558900605
42.092 1.559266177
42.094 1.559629765
42.096 1.559991575
42.098 1.560351819
42.1 1.560710688
42.102 1.561068352
42.104 1.561424956
42.106 1.561780646
42.108 1.562135546
42.11 1.562489768
42.112 1.562843411
42.114 1.563196535
42.116 1.563549196
42.118 1.563901437
42.12 1.564253387
42.122 1.564605005
42.124 1.564956249
42.126 1.565307064
42.128 1.565657448
42.13 1.566007365
42.132 1.566345852
42.134 1.566679614
42.136 1.567010487
42.138 1.567342234
42.14 1.567674658
42.142 1.568008801
42.144 1.568344582
42.146 1.56868218
42.148 1.569021157
42.15 1.569361466
42.152 1.569702836
42.154 1.570044908
42.156 1.570387417
42.158 1.570730206
42.16 1.571072866
42.162 1.571414953
42.164 1.571756344
42.166 1.57209667
42.168 1.572435508
42.17 1.572772635
42.172 1.573118049
42.174 1.573465115
42.176 1.573812046
42.178 1.5741552
42.18 1.574494504
42.182 1.574828624
42.184 1.575157468
42.186 1.575480844
42.188 1.575798651
42.19 1.576110752
42.192 1.576417505
42.194 1.576719007
42.196 1.577015264
42.198 1.577306509
42.2 1.577593125
42.202 1.577875306
42.204 1.578153211
42.206 1.578427128
42.208 1.578697491
42.21 1.5789645
42.212 1.57922829
42.214 1.579489205
42.216 1.579747515
42.218 1.580003625
42.22 1.580257732
42.222 1.580509956
42.224 1.580760563
42.226 1.581009931
42.228 1.581258202
42.23 1.581505446
42.232 1.581751888
42.234 1.581997692
42.236 1.582243011
42.238 1.582488136
42.24 1.582733109
42.242 1.582977935
42.244 1.583222736
42.246 1.583467581
42.248 1.58371245
42.25 1.583957483
42.252 1.584202669
42.254 1.584447909
42.256 1.584693252
42.258 1.584938692
42.26 1.585184196
42.262 1.585429738
42.264 1.585675281
42.266 1.585920911
42.268 1.5861665
42.27 1.5864009
42.272 1.586641687
42.274 1.586873078
42.276 1.587103828
42.278 1.587331646
42.28 1.587561583
42.282 1.587792273
42.284 1.588024987
42.286 1.588259302
42.288 1.588495384
42.29 1.588732965
42.292 1.588971887
42.294 1.58921183
42.296 1.58945252
42.298 1.589693637
42.3 1.589934857
42.302 1.590175884
42.304 1.590426618
42.306 1.590680367
42.308 1.590935449
42.31 1.591187902
42.312 1.591437656
42.314 1.591683433
42.316 1.591925016
42.318 1.592161973
42.32 1.592394222
42.322 1.59262169
42.324 1.592844396
42.326 1.593062387
42.328 1.593275773
42.33 1.593484683
42.332 1.593689272
42.334 1.593889719
42.336 1.594086209
42.338 1.594278943
42.34 1.59446813
42.342 1.594653993
42.344 1.59483674
42.346 1.595016566
42.348 1.595193699
42.35 1.595368338
42.352 1.595540671
42.354 1.595710893
42.356 1.595879204
42.358 1.59604578
42.36 1.596210782
42.362 1.596374378
42.364 1.59653671
42.366 1.59669789
42.368 1.596858037
42.37 1.597017268
42.372 1.597175657
42.374 1.597333279
42.376 1.597490217
42.378 1.597646543
42.38 1.597802296
42.382 1.5979575
42.384 1.598112311
42.386 1.598266815
42.388 1.598420936
42.39 1.598574621
42.392 1.598727827
42.394 1.59888053
42.396 1.599032678
42.398 1.599184209
42.4 1.599335066
42.402 1.599485185
42.404 1.599634505
42.406 1.599782949
42.408 1.599930429
42.41 1.600076878
42.412 1.600222223
42.414 1.600355366
42.416 1.60049389
42.418 1.600621955
42.42 1.600759157
42.422 1.600885638
42.424 1.601011478
42.426 1.601133198
42.428 1.601256105
42.43 1.601378518
42.432 1.601501754
42.434 1.601625309
42.436 1.601759779
42.438 1.601887794
42.44 1.602024653
42.442 1.602161404
42.444 1.602300121
42.446 1.60243549
42.448 1.602568497
42.45 1.602697554
42.452 1.602822716
42.454 1.602943488
42.456 1.603059813
42.458 1.603171527
42.46 1.603278612
42.462 1.603381056
42.464 1.603478914
42.466 1.603572232
42.468 1.603661089
42.47 1.603745576
42.472 1.603825815
42.474 1.603901934
42.476 1.603974082
42.478 1.604042398
42.48 1.604106782
42.482 1.604167628
42.484 1.604225089
42.486 1.604279312
42.488 1.604330476
42.49 1.604378708
42.492 1.604424143
42.494 1.604466922
42.496 1.604507184
42.498 1.60454506
42.5 1.604580652
42.502 1.604614064
42.504 1.604645412
42.506 1.60467479
42.508 1.604702274
42.51 1.604727938
42.512 1.604751882
42.514 1.604774153
42.516 1.604794776
42.518 1.604813924
42.52 1.604831572
42.522 1.60484773
42.524 1.6048624
42.526 1.604875557
42.528 1.604887214
42.53 1.604897382
42.532 1.604906029
42.534 1.60491313
42.536 1.604918564
42.538 1.60492237
42.54 1.604924499
42.542 1.604924939
42.544 1.604923657
42.546 1.604920617
42.548 1.604915764
42.55 1.604909063
42.552 1.604900467
42.554 1.604889909
42.556 1.60487734
42.558 1.604862715
42.56 1.604845992
42.562 1.604827138
42.564 1.604806115
42.566 1.604782902
42.568 1.604757427
42.57 1.604729681
42.572 1.604699624
42.574 1.604667227
42.576 1.604632497
42.578 1.604595436
42.58 1.604556026
42.582 1.604514253
42.584 1.6044701
42.586 1.604423564
42.588 1.604374577
42.59 1.604323126
42.592 1.604269234
42.594 1.604212906
42.596 1.604154147
42.598 1.604092975
42.6 1.60402941
42.602 1.603963465
42.604 1.603895148
42.606 1.603824479
42.608 1.603751487
42.61 1.603676193
42.612 1.603598613
42.614 1.603518405
42.616 1.603435358
42.618 1.603349711
42.62 1.603261532
42.622 1.603170882
42.624 1.603077816
42.626 1.602982397
42.628 1.602884685
42.63 1.602784737
42.632 1.602682601
42.634 1.6025783
42.636 1.602471873
42.638 1.602363375
42.64 1.602252846
42.642 1.602140318
42.644 1.602025818
42.646 1.601909378
42.648 1.601790988
42.65 1.601670665
42.652 1.601548432
42.654 1.601424307
42.656 1.601298308
42.658 1.60117045
42.66 1.601040758
42.662 1.600909258
42.664 1.600775953
42.666 1.60064085
42.668 1.600504062
42.67 1.600365466
42.672 1.600225083
42.674 1.600082904
42.676 1.599938958
42.678 1.59979324
42.68 1.599645766
42.682 1.599496527
42.684 1.599345553
42.686 1.599192861
42.688 1.599038463
42.69 1.59888236
42.692 1.598724561
42.694 1.598565068
42.696 1.59840391
42.698 1.59823769
42.7 1.5980692
42.702 1.597900124
42.704 1.597730456
42.706 1.597559769
42.708 1.59738792
42.71 1.597214751
42.712 1.597040182
42.714 1.59686415
42.716 1.59668661
42.718 1.596507518
42.72 1.596326858
42.722 1.596144631
42.724 1.595960825
42.726 1.595775425
42.728 1.595588422
42.73 1.595396403
42.732 1.595202145
42.734 1.595007296
42.736 1.594811878
42.738 1.59461546
42.74 1.594417894
42.742 1.594219024
42.744 1.594018748
42.746 1.593817022
42.748 1.593613798
42.75 1.593409069
42.752 1.593202824
42.754 1.592991625
42.756 1.59277829
42.758 1.592564486
42.76 1.592350197
42.762 1.592135027
42.764 1.591918825
42.766 1.59170142
42.768 1.59148275
42.77 1.591262743
42.772 1.591041362
42.774 1.590818573
42.776 1.59059092
42.778 1.590361212
42.78 1.590131119
42.782 1.589900613
42.784 1.5896693
42.786 1.589437026
42.788 1.58919242
42.79 1.588953344
42.792 1.588703814
42.794 1.588460231
42.796 1.588205446
42.798 1.587951321
42.8 1.587694501
42.802 1.587439944
42.804 1.587185905
42.806 1.586933614
42.808 1.586682527
42.81 1.586429422
42.812 1.586176787
42.814 1.585926149
42.816 1.58567724
42.818 1.585429425
42.82 1.58518228
42.822 1.584935374
42.824 1.584688373
42.826 1.584437561
42.828 1.584185428
42.83 1.583943676
42.832 1.583705592
42.834 1.583469008
42.836 1.583229845
42.838 1.582987906
42.84 1.582738437
42.842 1.58248401
42.844 1.58222587
42.846 1.581963911
42.848 1.581697644
42.85 1.581426956
42.852 1.581151785
42.854 1.580868748
42.856 1.580580719
42.858 1.580289523
42.86 1.579995325
42.862 1.579697922
42.864 1.579397369
42.866 1.579090298
42.868 1.578779651
42.87 1.578467272
42.872 1.578153338
42.874 1.577837644
42.876 1.577520231
42.878 1.577197712
42.88 1.576872985
42.882 1.576547848
42.884 1.576222428
42.886 1.575896445
42.888 1.575569894
42.89 1.575239331
42.892 1.574907572
42.894 1.574576353
42.896 1.574245714
42.898 1.573915282
42.9 1.573584965
42.902 1.573251249
42.904 1.57291686
42.906 1.572572256
42.908 1.572224289
42.91 1.571874504
42.912 1.57152327
42.914 1.571173074
42.916 1.570826641
42.918 1.570483884
42.92 1.570144554
42.922 1.569804944
42.924 1.569467546
42.926 1.569133691
42.928 1.56880303
42.93 1.56847479
42.932 1.568145054
42.934 1.567816106
42.936 1.567489177
42.938 1.567163868
42.94 1.566839357
42.942 1.566511702
42.944 1.566183186
42.946 1.565855049
42.948 1.56552689
42.95 1.565197953
42.952 1.564864365
42.954 1.564528475
42.956 1.564191616
42.958 1.563853473
42.96 1.563509947
42.962 1.563173703
42.964 1.562839692
42.966 1.562506109
42.968 1.562168675
42.97 1.561823857
42.972 1.561473109
42.974 1.561117913
42.976 1.560757892
42.978 1.560389198
42.98 1.560014452
42.982 1.559635295
42.984 1.559251779
42.986 1.558860228
42.988 1.558463463
42.99 1.558063225
42.992 1.55765967
42.994 1.557249176
42.996 1.556834612
42.998 1.556417742
43 1.555998828
43.002 1.555574191
43.004 1.555146659
43.006 1.554717934
43.008 1.554288137
43.01 1.553853594
43.012 1.553417125
43.014 1.552980408
43.016 1.552543527
43.018 1.552102764
43.02 1.551660855
43.022 1.551219424
43.024 1.550775083
43.026 1.550330208
43.028 1.549875185
43.03 1.549416736
43.032 1.548953022
43.034 1.548490563
43.036 1.548030712
43.038 1.547574492
43.04 1.547117911
43.042 1.546663802
43.044 1.546210057
43.046 1.545759259
43.048 1.545312313
43.05 1.544868753
43.052 1.544427656
43.054 1.543985053
43.056 1.543543119
43.058 1.543099628
43.06 1.542656866
43.062 1.542215638
43.064 1.541775375
43.066 1.54133175
43.068 1.540886928
43.07 1.540442002
43.072 1.539993152
43.074 1.539542327
43.076 1.539090683
43.078 1.538637759
43.08 1.538179405
43.082 1.537717926
43.084 1.537251195
43.086 1.536781634
43.088 1.536310239
43.09 1.53583665
43.092 1.535356778
43.094 1.534873012
43.096 1.534383314
43.098 1.533900521
43.1 1.533419353
43.102 1.532937974
43.104 1.532448721
43.106 1.531954227
43.108 1.531451484
43.11 1.530943073
43.112 1.530429886
43.114 1.529911803
43.116 1.529384961
43.118 1.52885205
43.12 1.528311354
43.122 1.527765739
43.124 1.527216615
43.126 1.526664069
43.128 1.526104453
43.13 1.525540571
43.132 1.524970819
43.134 1.524398123
43.136 1.523823893
43.138 1.52324485
43.14 1.522663433
43.142 1.522081304
43.144 1.521495151
43.146 1.520907407
43.148 1.52031634
43.15 1.519724672
43.152 1.519122415
43.154 1.518512991
43.156 1.517900739
43.158 1.517291136
43.16 1.516680635
43.162 1.516072664
43.164 1.515465357
43.166 1.514861524
43.168 1.514262201
43.17 1.513663757
43.172 1.513068117
43.174 1.512476435
43.176 1.511884863
43.178 1.511295282
43.18 1.510705426
43.182 1.510117452
43.184 1.509532115
43.186 1.508945497
43.188 1.508359372
43.19 1.50777143
43.192 1.507183822
43.194 1.506597283
43.196 1.506007908
43.198 1.505417548
43.2 1.504823962
43.202 1.50422931
43.204 1.503634385
43.206 1.503035372
43.208 1.502434149
43.21 1.501828535
43.212 1.501220824
43.214 1.500608589
43.216 1.499994152
43.218 1.49937838
43.22 1.498757551
43.222 1.498133661
43.224 1.497504661
43.226 1.49687298
43.228 1.496236352
43.23 1.495597196
43.232 1.494956493
43.234 1.494310651
43.236 1.493661768
43.238 1.493007911
43.24 1.492361952
43.242 1.491715362
43.244 1.491069013
43.246 1.490420293
43.248 1.489765803
43.25 1.489106562
43.252 1.48844063
43.254 1.487770262
43.256 1.487093299
43.258 1.486412307
43.26 1.485725237
43.262 1.485034738
43.264 1.484342016
43.266 1.483643854
43.268 1.482939326
43.27 1.482232749
43.272 1.481525777
43.274 1.480814861
43.276 1.480091069
43.278 1.479359395
43.28 1.478624622
43.282 1.477888705
43.284 1.477154254
43.286 1.476420388
43.288 1.475689769
43.29 1.474960524
43.292 1.474235118
43.294 1.473511302
43.296 1.472791398
43.298 1.472072984
43.3 1.47135828
43.302 1.470644769
43.304 1.469934614
43.306 1.4692285
43.308 1.468522602
43.31 1.46781541
43.312 1.467110626
43.314 1.46640605
43.316 1.465703505
43.318 1.465000387
43.32 1.464298719
43.322 1.463595885
43.324 1.462893955
43.326 1.462190343
43.328 1.461487153
43.33 1.460781826
43.332 1.460076488
43.334 1.459368609
43.336 1.458660345
43.338 1.457949203
43.34 1.457237381
43.342 1.456522345
43.344 1.455806336
43.346 1.455086928
43.348 1.454366387
43.35 1.453642305
43.352 1.452913724
43.354 1.452184158
43.356 1.451451604
43.358 1.450718008
43.36 1.449981001
43.362 1.449242814
43.364 1.448501104
43.366 1.447758181
43.368 1.447011741
43.37 1.44626413
43.372 1.445513076
43.374 1.444757727
43.376 1.444001677
43.378 1.44324302
43.38 1.442483791
43.382 1.441721715
43.384 1.440959078
43.386 1.440193607
43.388 1.439424455
43.39 1.438655214
43.392 1.437883984
43.394 1.437112783
43.396 1.436339333
43.398 1.435565906
43.4 1.434790221
43.402 1.4340114
43.404 1.433232996
43.406 1.432453098
43.408 1.431673692
43.41 1.430892477
43.412 1.430111685
43.414 1.42932899
43.416 1.428543482
43.418 1.427758679
43.42 1.42697264
43.422 1.426184124
43.424 1.425396598
43.426 1.424608023
43.428 1.423820292
43.43 1.423031032
43.432 1.422242395
43.434 1.421452024
43.436 1.420658954
43.438 1.419863445
43.44 1.419069293
43.442 1.418277345
43.444 1.417483688
43.446 1.416686919
43.448 1.415887534
43.45 1.415089285
43.452 1.414289895
43.454 1.413491216
43.456 1.412690814
43.458 1.411887624
43.46 1.411085007
43.462 1.410280944
43.464 1.409477278
43.466 1.40867164
43.468 1.407862989
43.47 1.407051554
43.472 1.406241063
43.474 1.405429186
43.476 1.404617749
43.478 1.403804308
43.48 1.402987723
43.482 1.402171389
43.484 1.401353318
43.486 1.400532118
43.488 1.399711196
43.49 1.398888515
43.492 1.398062789
43.494 1.397237381
43.496 1.396410244
43.498 1.395580086
43.5 1.394750249
43.502 1.393918689
43.504 1.393084114
43.506 1.392249865
43.508 1.391413901
43.51 1.390574943
43.512 1.389732859
43.514 1.388891075
43.516 1.388047355
43.518 1.387203516
43.52 1.386357146
43.522 1.385507202
43.524 1.384653895
43.526 1.383800909
43.528 1.382945961
43.53 1.382087766
43.532 1.381229554
43.534 1.380369247
43.536 1.379505535
43.538 1.378638632
43.54 1.377772135
43.542 1.376903739
43.544 1.376032135
43.546 1.375160545
43.548 1.374286914
43.55 1.37340994
43.552 1.37252982
43.554 1.371650133
43.556 1.370768595
43.558 1.369883911
43.56 1.368996212
43.562 1.368109048
43.564 1.367220104
43.566 1.366328062
43.568 1.365436117
43.57 1.364542185
43.572 1.363644874
43.574 1.362744454
43.576 1.361841559
43.578 1.360939445
43.58 1.360035779
43.582 1.359129147
43.584 1.358219637
43.586 1.357310714
43.588 1.356400055
43.59 1.355486339
43.592 1.35456655
43.594 1.353648336
43.596 1.352729593
43.598 1.35180872
43.6 1.350885165
43.602 1.349959518
43.604 1.349034794
43.606 1.348105441
43.608 1.347174245
43.61 1.346241495
43.612 1.345310323
43.614 1.344377728
43.616 1.343439385
43.618 1.342499358
43.62 1.341558285
43.622 1.340615963
43.624 1.339671731
43.626 1.338727555
43.628 1.337781989
43.63 1.336834739
43.632 1.335882302
43.634 1.334932133
43.636 1.333981865
43.638 1.333026612
43.64 1.33206988
43.642 1.331112394
43.644 1.330150574
43.646 1.329191083
43.648 1.328228662
43.65 1.327265572
43.652 1.326301341
43.654 1.325332855
43.656 1.32436353
43.658 1.323393645
43.66 1.322424471
43.662 1.321450898
43.664 1.320476894
43.666 1.319496227
43.668 1.318518348
43.67 1.317536183
43.672 1.316558061
43.674 1.315576836
43.676 1.314595471
43.678 1.313609741
43.68 1.312624139
43.682 1.311634642
43.684 1.310645498
43.686 1.309655725
43.688 1.308666986
43.69 1.307673779
43.692 1.30668024
43.694 1.305682757
43.696 1.304685422
43.698 1.303684381
43.7 1.302683803
43.702 1.30167962
43.704 1.300675698
43.706 1.299673132
43.708 1.298667169
43.71 1.297660837
43.712 1.296650913
43.714 1.295638
43.716 1.294625823
43.718 1.293611169
43.72 1.292593738
43.722 1.291577507
43.724 1.290558989
43.726 1.289540791
43.728 1.288524443
43.73 1.287505008
43.732 1.286482181
43.734 1.285456972
43.736 1.284433527
43.738 1.283407612
43.74 1.282379279
43.742 1.281349058
43.744 1.280317787
43.746 1.279288608
43.748 1.278257401
43.75 1.277224085
43.752 1.276189123
43.754 1.275153172
43.756 1.274116188
43.758 1.273081695
43.76 1.272048224
43.762 1.271013224
43.764 1.269975627
43.766 1.268936175
43.768 1.267895061
43.77 1.266852717
43.772 1.265809323
43.774 1.264765013
43.776 1.263719878
43.778 1.26267392
43.78 1.26162724
43.782 1.260579908
43.784 1.259531919
43.786 1.258483196
43.788 1.257433808
43.79 1.256383784
43.792 1.2553331
43.794 1.254281666
43.796 1.253229537
43.798 1.25217675
43.8 1.251123102
43.802 1.250068593
43.804 1.249013293
43.806 1.247957099
43.808 1.24690008
43.81 1.245842273
43.812 1.244783546
43.814 1.243723987
43.816 1.242663581
43.818 1.241602276
43.82 1.240540061
43.822 1.239477
43.824 1.238412998
43.826 1.237348081
43.828 1.236282199
43.83 1.235215379
43.832 1.234147655
43.834 1.233078931
43.836 1.232009256
43.838 1.230938595
43.84 1.229866994
43.842 1.228794483
43.844 1.227720968
43.846 1.226646508
43.848 1.225571061
43.85 1.224494675
43.852 1.223417298
43.854 1.222338973
43.856 1.22125965
43.858 1.220179383
43.86 1.219098106
43.862 1.218015838
43.864 1.216932538
43.866 1.215848269
43.868 1.214762979
43.87 1.213676718
43.872 1.212589447
43.874 1.211501217
43.876 1.210411983
43.878 1.2093218
43.88 1.208230636
43.882 1.207138531
43.884 1.206045432
43.886 1.204951384
43.888 1.203856334
43.89 1.202760333
43.892 1.201663328
43.894 1.200565349
43.896 1.199466347
43.898 1.19836637
43.9 1.197265355
43.902 1.196163344
43.904 1.195060285
43.906 1.193956216
43.908 1.192851075
43.91 1.191744909
43.912 1.190637667
43.914 1.189529381
43.916 1.18841999
43.918 1.187309529
43.92 1.186197946
43.922 1.185085275
43.924 1.183971451
43.926 1.182856509
43.928 1.181740385
43.93 1.180623117
43.932 1.179504641
43.934 1.178384996
43.936 1.177264124
43.938 1.176142057
43.94 1.175018734
43.942 1.173894201
43.944 1.172768371
43.946 1.171641267
43.948 1.170512836
43.95 1.169383129
43.952 1.168252031
43.954 1.167119664
43.956 1.165985877
43.958 1.164850704
43.96 1.163714086
43.962 1.16257606
43.964 1.161436638
43.966 1.160295725
43.968 1.159153374
43.97 1.158009539
43.972 1.156864267
43.974 1.155717505
43.976 1.154569307
43.978 1.15341971
43.98 1.152268607
43.982 1.151116055
43.984 1.149962012
43.986 1.148806524
43.988 1.147649624
43.99 1.146491217
43.992 1.145331369
43.994 1.144170056
43.996 1.143007335
43.998 1.141843159
44 1.140677487
44.002 1.13951036
44.004 1.138341684
44.006 1.137171539
44.008 1.13599995
44.01 1.134826799
44.012 1.13365216
44.014 1.13247609
44.016 1.13129847
44.018 1.130119377
44.02 1.128938869
44.022 1.12775684
44.024 1.126573369
44.026 1.125388491
44.028 1.12420208
44.03 1.123014222
44.032 1.121824974
44.034 1.120634213
44.036 1.119442016
44.038 1.118248427
44.04 1.117053353
44.042 1.115856886
44.044 1.114659033
44.046 1.113459788
44.048 1.112259078
44.05 1.111056989
44.052 1.109853566
44.054 1.108648804
44.056 1.107442621
44.058 1.106235106
44.06 1.105026422
44.062 1.103816853
44.064 1.102605917
44.066 1.101393794
44.068 1.10018047
44.07 1.098965943
44.072 1.09775012
44.074 1.09653309
44.076 1.095314959
44.078 1.094095681
44.08 1.092875272
44.082 1.091653726
44.084 1.090431081
44.086 1.089207409
44.088 1.08798269
44.09 1.086756909
44.092 1.085530098
44.094 1.084302176
44.096 1.08307321
44.098 1.081843262
44.1 1.080612339
44.102 1.079380438
44.104 1.078147565
44.106 1.076913739
44.108 1.075678991
44.11 1.074443241
44.112 1.073206446
44.114 1.071968592
44.116 1.070729735
44.118 1.069489907
44.12 1.068249108
44.122 1.067007359
44.124 1.065764653
44.126 1.064520983
44.128 1.063276362
44.13 1.062030794
44.132 1.060784283
44.134 1.059536842
44.136 1.058288488
44.138 1.057039231
44.14 1.055789085
44.142 1.054538065
44.144 1.053286188
44.146 1.052033479
44.148 1.050779973
44.15 1.049525691
44.152 1.048270648
44.154 1.047014865
44.156 1.045758376
44.158 1.044501212
44.16 1.043243385
44.162 1.041984915
44.164 1.040725821
44.166 1.039466126
44.168 1.038205849
44.17 1.036945
44.172 1.035683594
44.174 1.034421648
44.176 1.033159167
44.178 1.031896161
44.18 1.030632642
44.182 1.029368627
44.184 1.028104121
44.186 1.026839134
44.188 1.02557369
44.19 1.024307793
44.192 1.023041451
44.194 1.021774679
44.196 1.020507482
44.198 1.01923986
44.2 1.01797181
44.202 1.016703326
44.204 1.015434429
44.206 1.014165132
44.208 1.012895447
44.21 1.011625396
44.212 1.010354967
44.214 1.009084168
44.216 1.007813016
44.218 1.006541526
44.22 1.005269716
44.222 1.003997602
44.224 1.002725186
44.226 1.00145246
44.228 1.000179442
44.23 0.9989061346
44.232 0.9976325572
44.234 0.9963587241
44.236 0.9950846538
44.238 0.9938103518
44.24 0.9925358357
44.242 0.9912611149
44.244 0.9899862094
44.246 0.9887111285
44.248 0.9874358879
44.25 0.9861604996
44.252 0.9848849706
44.254 0.9836093207
44.256 0.9823335626
44.258 0.9810576992
44.26 0.9797817513
44.262 0.9785057263
44.264 0.9772296386
44.266 0.9759534845
44.268 0.9746772602
44.27 0.9734009866
44.272 0.972124676
44.274 0.9708483428
44.276 0.9695719958
44.278 0.9682956471
44.28 0.9670193039
44.282 0.9657429771
44.284 0.9644666724
44.286 0.963190399
44.288 0.9619141661
44.29 0.9606379915
44.292 0.9593618733
44.294 0.9580858236
44.296 0.9568098455
44.298 0.9555339494
44.3 0.9542581538
44.302 0.9529824727
44.304 0.95170691
44.306 0.9504314653
44.308 0.9491561424
44.31 0.9478809442
44.312 0.9466058795
44.314 0.9453309527
44.316 0.9440561751
44.318 0.9427815438
44.32 0.9415070562
44.322 0.9402327148
44.324 0.9389585187
44.326 0.9376844799
44.328 0.9364105951
44.33 0.9351368551
44.332 0.9338632642
44.334 0.9325898228
44.336 0.9313165302
44.338 0.9300433845
44.34 0.9287703778
44.342 0.9274975204
44.344 0.9262286901
44.346 0.924962541
44.348 0.9236975044
44.35 0.9224324693
44.352 0.9211671567
44.354 0.9199011213
44.356 0.9186341833
44.358 0.9173661383
44.36 0.916096888
44.362 0.9148263594
44.364 0.9135545339
44.366 0.9122814161
44.368 0.9110070236
44.37 0.9097314035
44.372 0.9084546056
44.374 0.9071766899
44.376 0.9058977189
44.378 0.9046177627
44.38 0.9033369107
44.382 0.9020552528
44.384 0.9007728629
44.386 0.8994898236
44.388 0.8982062178
44.39 0.8969221356
44.392 0.8956376663
44.394 0.8943528885
44.396 0.8930678779
44.398 0.8917827078
44.4 0.8904974361
44.402 0.8892121224
44.404 0.8879268276
44.406 0.8866416113
44.408 0.8853565263
44.41 0.8840716192
44.412 0.8827869334
44.414 0.8815025056
44.416 0.8802183681
44.418 0.8789345466
44.42 0.877651065
44.422 0.8763679435
44.424 0.8750851951
44.426 0.873802829
44.428 0.8725208517
44.43 0.8712392772
44.432 0.8699581075
44.434 0.8686773305
44.436 0.8673969249
44.438 0.8661168719
44.44 0.864837158
44.442 0.8635577785
44.444 0.8622787185
44.446 0.8609999492
44.448 0.8597214458
44.45 0.858443176
44.452 0.8571651106
44.454 0.8558872117
44.456 0.8546094497
44.458 0.8533317946
44.46 0.8520542191
44.462 0.8507766963
44.464 0.8494991762
44.466 0.8482201029
44.468 0.8469400488
44.47 0.845659598
44.472 0.8443791519
44.474 0.8430988136
44.476 0.8418187339
44.478 0.8405389626
44.48 0.8392595407
44.482 0.837980479
44.484 0.8367017713
44.486 0.8354233985
44.488 0.8341453356
44.49 0.8328675535
44.492 0.8315900202
44.494 0.8303127034
44.496 0.8290355695
44.498 0.8277585793
44.5 0.8264816968
44.502 0.8252048918
44.504 0.823928135
44.506 0.8226513952
44.508 0.8213746532
44.51 0.820097876
44.512 0.8188210296
44.514 0.8175441049
44.516 0.8162670848
44.518 0.8149899449
44.52 0.8137126665
44.522 0.812435232
44.524 0.8111576229
44.526 0.809879819
44.528 0.8086018042
44.53 0.807323569
44.532 0.8060451047
44.534 0.8047664101
44.536 0.8034874677
44.538 0.8022082471
44.54 0.8009287409
44.542 0.7996489386
44.544 0.7983688401
44.546 0.7970884361
44.548 0.7958077149
44.55 0.7945266677
44.552 0.793245271
44.554 0.7919635054
44.556 0.7906813634
44.558 0.7893988402
44.56 0.7881159324
44.562 0.7868326312
44.564 0.785548928
44.566 0.7842648169
44.568 0.7829802921
44.57 0.7816953488
44.572 0.7804099818
44.574 0.7791241842
44.576 0.7778379463
44.578 0.7765512567
44.58 0.7752641162
44.582 0.7739765228
44.584 0.7726884702
44.586 0.7713999517
44.588 0.7701109605
44.59 0.7688214922
44.592 0.7675315438
44.594 0.7662411159
44.596 0.7649502109
44.598 0.7636588278
44.6 0.762366974
44.602 0.7610746665
44.604 0.7597819063
44.606 0.7584886938
44.608 0.7571950308
44.61 0.7559009186
44.612 0.754606357
44.614 0.7533113481
44.616 0.7520158906
44.618 0.7507199876
44.62 0.7494236372
44.622 0.7481268412
44.624 0.7468296109
44.626 0.7455319531
44.628 0.7442338759
44.63 0.7429353924
44.632 0.7416365126
44.634 0.7403372509
44.636 0.7390376209
44.638 0.7377376317
44.64 0.736437294
44.642 0.7351366177
44.644 0.7338356131
44.646 0.7325342911
44.648 0.7312326716
44.65 0.7299307854
44.652 0.7286286284
44.654 0.7273262049
44.656 0.7260235164
44.658 0.7247205705
44.66 0.7234173742
44.662 0.7221139383
44.664 0.7208102749
44.666 0.7195063866
44.668 0.7182022669
44.67 0.7168979291
44.672 0.7155933858
44.674 0.714288647
44.676 0.7129837188
44.678 0.7116786073
44.68 0.7103733191
44.682 0.7090678594
44.684 0.7077622315
44.686 0.7064564206
44.688 0.7051504363
44.69 0.703844287
44.692 0.7025379791
44.694 0.7012315241
44.696 0.6999249305
44.698 0.6986182067
44.7 0.6973113621
44.702 0.6960044114
44.704 0.694697366
44.706 0.6933902307
44.708 0.6920830125
44.71 0.6907757177
44.712 0.6894683515
44.714 0.6881609209
44.716 0.6868534333
44.718 0.6855458965
44.72 0.6842383209
44.722 0.6829307177
44.724 0.681623095
44.726 0.6803154565
44.728 0.6790078037
44.73 0.6777001429
44.732 0.6763924901
44.734 0.6750848779
44.736 0.6737770989
44.738 0.6724694002
44.74 0.6711618729
44.742 0.6698546219
44.744 0.6685476715
44.746 0.6672410613
44.748 0.6659348033
44.75 0.6646289062
44.752 0.66332337
44.754 0.6620181973
44.756 0.660713386
44.758 0.6594089249
44.76 0.6581048032
44.762 0.6568010117
44.764 0.6554975427
44.766 0.6541943879
44.768 0.6528915381
44.77 0.6515889834
44.772 0.6502867
44.774 0.6489846544
44.776 0.6476828469
44.778 0.6463812661
44.78 0.6450799041
44.782 0.6437787473
44.784 0.6424778051
44.786 0.6411770771
44.788 0.6398765536
44.79 0.6385762225
44.792 0.6372760749
44.794 0.6359761099
44.796 0.634676311
44.798 0.633376674
44.8 0.6320771953
44.802 0.6307778731
44.804 0.6294787134
44.806 0.62817971
44.808 0.6268808558
44.81 0.6255821468
44.812 0.6242835798
44.814 0.6229851494
44.816 0.6216869011
44.818 0.6203888699
44.82 0.6190910338
44.822 0.6177933875
44.824 0.6164959231
44.826 0.6151986366
44.828 0.6139015266
44.83 0.6126045923
44.832 0.6113078331
44.834 0.6100112491
44.836 0.6087148407
44.838 0.6074186126
44.84 0.6061225841
44.842 0.6048267485
44.844 0.6035310934
44.846 0.6022356292
44.848 0.6009403638
44.85 0.5996453067
44.852 0.5983504691
44.854 0.5970558616
44.856 0.5957614915
44.858 0.5944673679
44.86 0.5931735003
44.862 0.5918798983
44.864 0.5905865742
44.866 0.5892935379
44.868 0.5880008
44.87 0.5867083719
44.872 0.5854162636
44.874 0.584124506
44.876 0.5828331224
44.878 0.5815421164
44.88 0.5802514972
44.882 0.5789612849
44.884 0.5776714896
44.886 0.5763821239
44.888 0.5750931931
44.89 0.5738047085
44.892 0.5725166869
44.894 0.5712291181
44.896 0.5699420192
44.898 0.568655416
44.9 0.5673693126
44.902 0.5660837135
44.904 0.5647986138
44.906 0.563513999
44.908 0.562229963
44.91 0.5609464505
44.912 0.5596634628
44.914 0.5583810042
44.916 0.5570990809
44.918 0.5558177044
44.92 0.5545368675
44.922 0.5532565815
44.924 0.5519768645
44.926 0.5506977175
44.928 0.5494191421
44.93 0.5481411093
44.932 0.5468636048
44.934 0.5455866426
44.936 0.5443102291
44.938 0.5430343765
44.94 0.5417591145
44.942 0.5404844833
44.944 0.5392104865
44.946 0.5379371251
44.948 0.5366644075
44.95 0.5353923395
44.952 0.5341209285
44.954 0.532850179
44.956 0.5315800987
44.958 0.5303106934
44.96 0.5290419789
44.962 0.527773972
44.964 0.5265066774
44.966 0.5252400993
44.968 0.5239742463
44.97 0.5227083945
44.972 0.5214432486
44.974 0.5201788456
44.976 0.5189151837
44.978 0.5176523113
44.98 0.5163900572
44.982 0.5151284751
44.984 0.5138673907
44.986 0.5126067908
44.988 0.5113467559
44.99 0.5100872325
44.992 0.5088282631
44.994 0.5075699134
44.996 0.5063121221
44.998 0.5050549356
45 0.503798356
45.002 0.5025424117
45.004 0.5012871727
45.006 0.5000325923
45.008 0.4987787166
45.01 0.4975256062
45.012 0.4962732052
45.014 0.4950215506
45.016 0.4937707337
45.018 0.4925207524
45.02 0.4912715635
45.022 0.4900231926
45.024 0.4887756917
45.026 0.4875290578
45.028 0.4862832399
45.03 0.4850382754
45.032 0.4837942196
45.034 0.4825510614
45.036 0.48130875
45.038 0.4800673106
45.04 0.4788267928
45.042 0.4775871927
45.044 0.4763485101
45.046 0.4751107424
45.048 0.4738738879
45.05 0.4726378915
45.052 0.4714027803
45.054 0.4701685966
45.056 0.4689353191
45.058 0.4677029429
45.06 0.4664716012
45.062 0.4652413317
45.064 0.464012074
45.066 0.4627838169
45.068 0.4615565494
45.07 0.4603302577
45.072 0.4591050097
45.074 0.4578807024
45.076 0.4566572516
45.078 0.4554346434
45.08 0.4542128673
45.082 0.4529919077
45.084 0.4517717545
45.086 0.4505524073
45.088 0.4493338628
45.09 0.4481160993
45.092 0.4468990933
45.094 0.4456828325
45.096 0.4444673066
45.098 0.4432525029
45.1 0.4420384134
45.102 0.4408250298
45.104 0.4396123437
45.106 0.4384003374
45.108 0.4371890054
45.11 0.4359783424
45.112 0.4347683373
45.114 0.4335589852
45.116 0.4323493656
45.118 0.4311397874
45.12 0.4299303976
45.122 0.4287214362
45.124 0.4275128948
45.126 0.4263048581
45.128 0.4250974247
45.13 0.4238905769
45.132 0.4226843122
45.134 0.4214786261
45.136 0.4202735294
45.138 0.4190690206
45.14 0.4178651007
45.142 0.416661776
45.144 0.415459051
45.146 0.4142569299
45.148 0.4130554192
45.15 0.411854525
45.152 0.4106542512
45.154 0.409454602
45.156 0.4082555821
45.158 0.4070571966
45.16 0.4058594473
45.162 0.4046623401
45.164 0.4034658789
45.166 0.4022700567
45.168 0.4010748703
45.17 0.3998803234
45.172 0.398686419
45.174 0.3974931547
45.176 0.3963005244
45.178 0.3951087844
45.18 0.3939176669
45.182 0.3927271738
45.184 0.3915373004
45.186 0.3903480413
45.188 0.3891593745
45.19 0.3879712871
45.192 0.3867837756
45.194 0.3855968119
45.196 0.3844104105
45.198 0.3832245664
45.2 0.3820392717
45.202 0.3808545337
45.204 0.3796703054
45.206 0.378486586
45.208 0.3773033793
45.21 0.3761206822
45.212 0.3749384891
45.214 0.3737568562
45.216 0.3725757541
45.218 0.3713951826
45.22 0.3702150972
45.222 0.3690354832
45.224 0.3678563276
45.226 0.3666776203
45.228 0.3654993577
45.23 0.3643215228
45.232 0.3631441092
45.234 0.3619671008
45.236 0.3607904862
45.238 0.3596142613
45.24 0.3584384393
45.242 0.357262987
45.244 0.3560879042
45.246 0.3549131693
45.248 0.3537387774
45.25 0.3525647204
45.252 0.3513909975
45.254 0.3502176068
45.256 0.349044542
45.258 0.3478717991
45.26 0.3466993744
45.262 0.345527284
45.264 0.3443555255
45.266 0.3431841076
45.268 0.3420130242
45.27 0.340842274
45.272 0.3396718658
45.274 0.3385018076
45.276 0.3373320968
45.278 0.3361627374
45.28 0.3349937377
45.282 0.3338251083
45.284 0.3326568621
45.286 0.3314890088
45.288 0.330321559
45.29 0.329154525
45.292 0.3279879198
45.294 0.3268217674
45.296 0.32565608
45.298 0.3244908629
45.3 0.3233261236
45.302 0.3221618772
45.304 0.3209981357
45.306 0.3198349159
45.308 0.3186722402
45.31 0.3175101285
45.312 0.3163485946
45.314 0.3151876483
45.316 0.3140272976
45.318 0.3128675502
45.32 0.3117084135
45.322 0.3105498833
45.324 0.3093919653
45.326 0.3082346719
45.328 0.3070779116
45.33 0.3059216999
45.332 0.3047660516
45.334 0.3036112006
45.336 0.3024572141
45.338 0.3013040548
45.34 0.3001516829
45.342 0.2990000787
45.344 0.2978492134
45.346 0.2966990767
45.348 0.2955496582
45.35 0.2944009485
45.352 0.2932529472
45.354 0.2921056532
45.356 0.2909590406
45.358 0.2898130931
45.36 0.2886678251
45.362 0.2875232465
45.364 0.2863793683
45.366 0.2852362005
45.368 0.2840937494
45.37 0.2829520448
45.372 0.2818111105
45.374 0.2806709491
45.376 0.2795315481
45.378 0.2783928975
45.38 0.2772550451
45.382 0.2761180814
45.384 0.2749819829
45.386 0.2738466824
45.388 0.2727121934
45.39 0.2715785003
45.392 0.2704456399
45.394 0.2693082828
45.396 0.2681722733
45.398 0.2670376967
45.4 0.2659045318
45.402 0.2647727843
45.404 0.2636424545
45.406 0.262513498
45.408 0.2613859008
45.41 0.2602596293
45.412 0.2591346525
45.414 0.2580109303
45.416 0.2568884314
45.418 0.2557671193
45.42 0.2546469624
45.422 0.2535279254
45.424 0.2524099836
45.426 0.2512931068
45.428 0.2501772569
45.43 0.2490624437
45.432 0.2479486487
45.434 0.2468359049
45.436 0.2457242216
45.438 0.2446135981
45.44 0.2435040191
45.442 0.2423954947
45.444 0.2412880378
45.446 0.2401816231
45.448 0.2390762418
45.45 0.2379719084
45.452 0.2368686346
45.454 0.2357664679
45.456 0.2346653787
45.458 0.2335653602
45.46 0.232466429
45.462 0.231368622
45.464 0.2302719591
45.466 0.229176444
45.468 0.2280820839
45.47 0.2269887978
45.472 0.2258965945
45.474 0.2248054966
45.476 0.2237155285
45.478 0.2226266832
45.48 0.2215389665
45.482 0.2204523803
45.484 0.2193669295
45.486 0.218282611
45.488 0.2171994254
45.49 0.2161173721
45.492 0.2150364411
45.494 0.2139566242
45.496 0.212877912
45.498 0.2118003016
45.5 0.210723762
45.502 0.2096482672
45.504 0.2085737633
45.506 0.207500122
45.508 0.2064273098
45.51 0.205355315
45.512 0.2042841397
45.514 0.2032137762
45.516 0.2021442241
45.518 0.2010754817
45.52 0.2000075547
45.522 0.1989404527
45.524 0.1978741744
45.526 0.196808716
45.528 0.1957440788
45.53 0.1946802589
45.532 0.1936172474
45.534 0.1925550385
45.536 0.1914936272
45.538 0.1904330074
45.54 0.1893731714
45.542 0.188314116
45.544 0.1872558357
45.546 0.1861983205
45.548 0.1851415591
45.55 0.1840855407
45.552 0.1830302586
45.554 0.1819756977
45.556 0.1809218485
45.558 0.1798687033
45.56 0.1788162532
45.562 0.1777644892
45.564 0.1767134037
45.566 0.1756629825
45.568 0.1746132193
45.57 0.1735641116
45.572 0.1725156467
45.574 0.1714678145
45.576 0.1704206042
45.578 0.1693740144
45.58 0.1683280464
45.582 0.1672826975
45.584 0.1662380012
45.586 0.1651939801
45.588 0.1641506237
45.59 0.1631079302
45.592 0.1620658973
45.594 0.1610245209
45.596 0.1599837954
45.598 0.1589437181
45.6 0.157904284
45.602 0.1568654863
45.604 0.155827326
45.606 0.1547898019
45.608 0.1537529074
45.61 0.152716637
45.612 0.1516809835
45.614 0.1506459416
45.616 0.1496115068
45.618 0.148577693
45.62 0.1475445019
45.622 0.1465119187
45.624 0.1454799518
45.626 0.1444486584
45.628 0.1434180201
45.63 0.1423880381
45.632 0.1413587093
45.634 0.1403300398
45.636 0.1393020281
45.638 0.1382746747
45.64 0.1372479731
45.642 0.1362219159
45.644 0.1351965095
45.646 0.1341717602
45.648 0.1331476632
45.65 0.1321242226
45.652 0.1311014467
45.654 0.1300793357
45.656 0.1290578813
45.658 0.1280370805
45.66 0.1270168724
45.662 0.1259971397
45.664 0.1249778741
45.666 0.1239590762
45.668 0.1229407573
45.67 0.1219229226
45.672 0.1209055741
45.674 0.1198887167
45.676 0.1188723581
45.678 0.1178564879
45.68 0.1168411207
45.682 0.1158262196
45.684 0.1148117924
45.686 0.1137978296
45.688 0.1127843337
45.69 0.1117712967
45.692 0.1107587299
45.694 0.1097466375
45.696 0.1087350329
45.698 0.1077239218
45.7 0.1067133129
45.702 0.1057032138
45.704 0.1046936342
45.706 0.1036845829
45.708 0.102676067
45.71 0.1016680941
45.712 0.1006606642
45.714 0.09965377979
45.716 0.09864740755
45.718 0.09764153774
45.72 0.09663619503
45.722 0.09563138697
45.724 0.09462712776
45.726 0.09362343035
45.728 0.09262030889
45.73 0.09161777216
45.732 0.09061582485
45.734 0.08961448018
45.736 0.08861375154
45.738 0.08761364328
45.74 0.08661423726
45.742 0.08561553842
45.744 0.08461763415
45.746 0.08362057061
45.748 0.08262432752
45.75 0.08162890893
45.752 0.08063432668
45.754 0.07964059841
45.756 0.07864773514
45.758 0.07765573933
45.76 0.07666462112
45.762 0.07567439007
45.764 0.07468505594
45.766 0.07369662552
45.768 0.07270910572
45.77 0.07172250257
45.772 0.07073682231
45.774 0.06975207247
45.776 0.06876826251
45.778 0.06778539409
45.78 0.06680347637
45.782 0.06582251985
45.784 0.06484252533
45.786 0.063863493
45.788 0.06288541975
45.79 0.06190830377
45.792 0.06093206949
45.794 0.05995538062
45.796 0.0589786122
45.798 0.05800197796
45.8 0.05702582491
45.802 0.05605016244
45.804 0.0550751074
45.806 0.05410068438
45.808 0.05312693008
45.81 0.05215385565
45.812 0.0511814817
45.814 0.05020982458
45.816 0.04923889824
45.818 0.04826871559
45.82 0.04729928567
45.822 0.04633061486
45.824 0.04536271265
45.826 0.04439558837
45.828 0.04342925945
45.83 0.04246374585
45.832 0.0414990523
45.834 0.04053519258
45.836 0.03957217626
45.838 0.03861000933
45.84 0.03764870689
45.842 0.03668827914
45.844 0.03572873855
45.846 0.03477008586
45.848 0.03381232608
45.85 0.03285546824
45.852 0.03189950496
45.854 0.03094443849
45.856 0.02999027519
45.858 0.02903701622
45.86 0.02808466429
45.862 0.02713322003
45.864 0.02618268354
45.866 0.02523305502
45.868 0.02428432644
45.87 0.02333648497
45.872 0.02238952286
45.874 0.02144343485
45.876 0.02049821599
45.878 0.0195538608
45.88 0.01861035948
45.882 0.0176676979
45.884 0.01672587658
45.886 0.01578487739
45.888 0.01484469057
45.89 0.01390530098
45.892 0.01296670007
45.894 0.01202887852
45.896 0.01109181959
45.898 0.01015550988
45.9 0.009220388089
45.902 0.00828664457
45.904 0.007354108444
45.906 0.006422739766
45.908 0.005492523263
45.91 0.004563433016
45.912 0.003635440561
45.914 0.002708524377
45.916 0.00178265867
45.918 0.0008578234959
45.92 -6.600439124e-05
45.922 -0.0009888438885
45.924 -0.00191071925
45.926 -0.002831647651
45.928 -0.003751657001
45.93 -0.004670770946
45.932 -0.005589012299
45.934 -0.00650638063
45.936 -0.007422921337
45.938 -0.008338726682
45.94 -0.009253819759
45.942 -0.01016827496
45.944 -0.01108211663
45.946 -0.01199527945
45.948 -0.01290737846
45.95 -0.01381843956
45.952 -0.0147285024
45.954 -0.01563761546
45.956 -0.0165458049
45.958 -0.01745311002
45.96 -0.01835956182
45.962 -0.01926518968
45.964 -0.0201700235
45.966 -0.02107409784
45.968 -0.02197743863
45.97 -0.02288006924
45.972 -0.0237820193
45.974 -0.02468329454
45.976 -0.02558402001
45.978 -0.0264841015
45.98 -0.02738355802
45.982 -0.02828240494
45.984 -0.02918065753
45.986 -0.03007831776
45.988 -0.03097538995
45.99 -0.03187188769
45.992 -0.03276782888
45.994 -0.03366322983
45.996 -0.03455810008
45.998 -0.03545244635
46 -0.03634627797
46.002 -0.03723960227
46.004 -0.03813242627
46.006 -0.03902475409
46.008 -0.03991658984
46.01 -0.04080793325
46.012 -0.04169878546
46.014 -0.0425891757
46.016 -0.04347911624
46.018 -0.04436860105
46.02 -0.04525762901
46.022 -0.04614619819
46.024 -0.04703432222
46.026 -0.04792200457
46.028 -0.04880923619
46.03 -0.04969601374
46.032 -0.05058232945
46.034 -0.05146818283
46.036 -0.05235357446
46.038 -0.05323849738
46.04 -0.05412294685
46.042 -0.05500691891
46.044 -0.05589040556
46.046 -0.05677338903
46.048 -0.05765585937
46.05 -0.05853781677
46.052 -0.0594192592
46.054 -0.06030018299
46.056 -0.06118058481
46.058 -0.06206046511
46.06 -0.06293982304
46.062 -0.06381865622
46.064 -0.06469696391
46.066 -0.06557474593
46.068 -0.06645199028
46.07 -0.06732869327
46.072 -0.06820485328
46.074 -0.06908047246
46.076 -0.06995555337
46.078 -0.07083009201
46.08 -0.07170409103
46.082 -0.07257755125
46.084 -0.0734504738
46.086 -0.07432285661
46.088 -0.07519470187
46.09 -0.07606601501
46.092 -0.07693679683
46.094 -0.07780704987
46.096 -0.07867678593
46.098 -0.07954601342
46.1 -0.08041472786
46.102 -0.08128292766
46.104 -0.08215061728
46.106 -0.08301780552
46.108 -0.08388450007
46.11 -0.08475070586
46.112 -0.08561643023
46.114 -0.08648167691
46.116 -0.08734645284
46.118 -0.08821076663
46.12 -0.08907462124
46.122 -0.08993802305
46.124 -0.09080097599
46.126 -0.09166348773
46.128 -0.0925255642
46.13 -0.09338721044
46.132 -0.09424843572
46.134 -0.09510924646
46.136 -0.09596965542
46.138 -0.09682966788
46.14 -0.09768928881
46.142 -0.09854852751
46.144 -0.09940738838
46.146 -0.1002658739
46.148 -0.1011239851
46.15 -0.1019817204
46.152 -0.1028390803
46.154 -0.1036960764
46.156 -0.1045527117
46.158 -0.1054089814
46.16 -0.1062648841
46.162 -0.1071204214
46.164 -0.1079756503
46.166 -0.1088307406
46.168 -0.1096857017
46.17 -0.110540399
46.172 -0.1113949842
46.174 -0.1122491932
46.176 -0.1131031199
46.178 -0.1139568728
46.18 -0.1148102226
46.182 -0.1156632104
46.184 -0.1165158096
46.186 -0.1173680149
46.188 -0.1182198255
46.19 -0.1190712432
46.192 -0.1199222736
46.194 -0.1207729271
46.196 -0.1216232142
46.198 -0.1224731467
46.2 -0.1233227371
46.202 -0.1241720028
46.204 -0.1250209662
46.206 -0.1258696437
46.208 -0.1267180482
46.21 -0.1275661929
46.212 -0.1284140891
46.214 -0.1292617507
46.216 -0.1301091992
46.218 -0.1309564499
46.22 -0.131803512
46.222 -0.1326503968
46.224 -0.1334971162
46.226 -0.1343436777
46.228 -0.1351918705
46.23 -0.1360410387
46.232 -0.1368904758
46.234 -0.1377396717
46.236 -0.1385884761
46.238 -0.1394366987
46.24 -0.140284261
46.242 -0.1411310993
46.244 -0.1419771946
46.246 -0.1428225475
46.248 -0.1436672685
46.25 -0.1445113869
46.252 -0.1453548887
46.254 -0.1461977842
46.256 -0.1470401037
46.258 -0.1478818748
46.26 -0.1487231289
46.262 -0.1495638958
46.264 -0.1504042044
46.266 -0.1512440838
46.268 -0.1520835589
46.27 -0.1529226547
46.272 -0.1537613982
46.274 -0.154599818
46.276 -0.1554379377
46.278 -0.1562757793
46.28 -0.157113367
46.282 -0.1579507222
46.284 -0.1587878625
46.286 -0.1596248178
46.288 -0.160461611
46.29 -0.1612982485
46.292 -0.1621347427
46.294 -0.1629711071
46.296 -0.1638073507
46.298 -0.1646434855
46.3 -0.1654795218
46.302 -0.1663154609
46.304 -0.1671512858
46.306 -0.1679869996
46.308 -0.1688226004
46.31 -0.1696580763
46.312 -0.1704934205
46.314 -0.1713286341
46.316 -0.1721637192
46.318 -0.1729986758
46.32 -0.1738335016
46.322 -0.1746681929
46.324 -0.1755027432
46.326 -0.1763371443
46.328 -0.1771713878
46.33 -0.1780054657
46.332 -0.1788393673
46.334 -0.1796730806
46.336 -0.1805065948
46.338 -0.1813399097
46.34 -0.1821730217
46.342 -0.1830059183
46.344 -0.1838385905
46.346 -0.1846710259
46.348 -0.1855032109
46.35 -0.1863349712
46.352 -0.1871662411
46.354 -0.1879970707
46.356 -0.1888274565
46.358 -0.1896573939
46.36 -0.1904868777
46.362 -0.1913158986
46.364 -0.1921444469
46.366 -0.192972511
46.368 -0.1938000798
46.37 -0.1946271477
46.372 -0.1954537083
46.374 -0.1962795952
46.376 -0.197104684
46.378 -0.1979290396
46.38 -0.1987526372
46.382 -0.1995754712
46.384 -0.2003975271
46.386 -0.2012187907
46.388 -0.2020392467
46.39 -0.2028588705
46.392 -0.2036776464
46.394 -0.2044955672
46.396 -0.2053126261
46.398 -0.2061288191
46.4 -0.2069441425
46.402 -0.2077585866
46.404 -0.2085721426
46.406 -0.2093848127
46.408 -0.2101966163
46.41 -0.2110075579
46.412 -0.2118176289
46.414 -0.2126268255
46.416 -0.213435142
46.418 -0.2142425752
46.42 -0.2150491247
46.422 -0.2158547718
46.424 -0.2166595252
46.426 -0.2174633819
46.428 -0.2182663507
46.43 -0.2190684489
46.432 -0.219869658
46.434 -0.2206699939
46.436 -0.2214694579
46.438 -0.2222680583
46.44 -0.2230657951
46.442 -0.2238626832
46.444 -0.2246587444
46.446 -0.2254537393
46.448 -0.2262477201
46.45 -0.2270407375
46.452 -0.2278328892
46.454 -0.2286242041
46.456 -0.2294147233
46.458 -0.2302044615
46.46 -0.2309934426
46.462 -0.2317816984
46.464 -0.2325692156
46.466 -0.2333560139
46.468 -0.2341421012
46.47 -0.2349274865
46.472 -0.235712176
46.474 -0.2364961886
46.476 -0.2372795263
46.478 -0.2380622064
46.48 -0.2388442274
46.482 -0.2396257629
46.484 -0.2404070034
46.486 -0.2411879149
46.488 -0.2419685106
46.49 -0.2427487982
46.492 -0.2435287811
46.494 -0.2443084671
46.496 -0.245087856
46.498 -0.2458669582
46.5 -0.2466457724
46.502 -0.2474243157
46.504 -0.2482025904
46.506 -0.2489806086
46.508 -0.2497583734
46.51 -0.2505359006
46.512 -0.2513131926
46.514 -0.2520902654
46.516 -0.2528671205
46.518 -0.2536437708
46.52 -0.2544202181
46.522 -0.2551964692
46.524 -0.2559725187
46.526 -0.2567483821
46.528 -0.2575240607
46.53 -0.2582995701
46.532 -0.2590749146
46.534 -0.2598501115
46.536 -0.2606251638
46.538 -0.2614000853
46.54 -0.2621748563
46.542 -0.2629494542
46.544 -0.26372382
46.546 -0.2644979722
46.548 -0.2652719258
46.55 -0.2660456727
46.552 -0.2668192354
46.554 -0.2675926236
46.556 -0.2683658551
46.558 -0.2691389343
46.56 -0.2699118781
46.562 -0.2706846907
46.564 -0.2714573714
46.566 -0.2722299585
46.568 -0.2730024515
46.57 -0.2737748451
46.572 -0.2745471749
46.574 -0.2753194397
46.576 -0.2760916528
46.578 -0.2768638174
46.58 -0.2776359501
46.582 -0.2784080535
46.584 -0.2791801235
46.586 -0.279952198
46.588 -0.2807242778
46.59 -0.281496378
46.592 -0.282268504
46.594 -0.2830406526
46.596 -0.2838128608
46.598 -0.2845851297
46.6 -0.2853574773
46.602 -0.286129908
46.604 -0.2869024136
46.606 -0.2876750268
46.608 -0.2884477448
46.61 -0.2892205791
46.612 -0.2899935262
46.614 -0.2907665774
46.616 -0.2915397677
46.618 -0.2923130939
46.62 -0.2930865444
46.622 -0.2938601517
46.624 -0.2946339121
46.626 -0.2954078172
46.628 -0.2961818976
46.63 -0.2969561443
46.632 -0.2977305518
46.634 -0.298505155
46.636 -0.299279946
46.638 -0.3000549143
46.64 -0.3008300908
46.642 -0.301605467
46.644 -0.3023810293
46.646 -0.3031568039
46.648 -0.3039327828
46.65 -0.3047089349
46.652 -0.3054852823
46.654 -0.3062618176
46.656 -0.3070385254
46.658 -0.30781543
46.66 -0.3085925187
46.662 -0.3093697711
46.664 -0.3101471907
46.666 -0.3109247911
46.668 -0.3117025503
46.67 -0.3124804491
46.672 -0.3132585084
46.674 -0.3140367276
46.676 -0.3148150733
46.678 -0.3155935335
46.68 -0.3163721141
46.682 -0.3171507998
46.684 -0.3179295623
46.686 -0.3187083978
46.688 -0.3194873288
46.69 -0.3202663397
46.692 -0.3210454061
46.694 -0.3218245562
46.696 -0.3226037554
46.698 -0.323382984
46.7 -0.3241622297
46.702 -0.3249414876
46.704 -0.3257207649
46.706 -0.3265000471
46.708 -0.3272793039
46.71 -0.3280585415
46.712 -0.3288377472
46.714 -0.3296168863
46.716 -0.330395963
46.718 -0.3311749802
46.72 -0.3319539226
46.722 -0.3327327507
46.724 -0.3335114655
46.726 -0.3342900568
46.728 -0.3350685515
46.73 -0.3358469244
46.732 -0.3366251603
46.734 -0.3374028763
46.736 -0.3381798919
46.738 -0.3389563353
46.74 -0.3397322129
46.742 -0.340507507
46.744 -0.3412822205
46.746 -0.3420563563
46.748 -0.3428299371
46.75 -0.3436029435
46.752 -0.344375364
46.754 -0.3451472108
46.756 -0.3459184785
46.758 -0.3466891458
46.76 -0.3474592279
46.762 -0.3482287573
46.764 -0.3489977422
46.766 -0.3497661717
46.768 -0.3505340813
46.77 -0.3513014443
46.772 -0.3520682838
46.774 -0.3528346062
46.776 -0.3536003835
46.778 -0.3543656432
46.78 -0.3551303946
46.782 -0.3558946415
46.784 -0.3566583841
46.786 -0.3574216039
46.788 -0.3581843164
46.79 -0.3589465509
46.792 -0.3597083059
46.794 -0.3604695646
46.796 -0.3612303644
46.798 -0.3619906989
46.8 -0.3627505492
46.802 -0.3635099508
46.804 -0.3642689036
46.806 -0.3650273882
46.808 -0.3657854199
46.81 -0.366543034
46.812 -0.3673002171
46.814 -0.3680569676
46.816 -0.3688133066
46.818 -0.3695692406
46.82 -0.3703248156
46.822 -0.3710800382
46.824 -0.3718349081
46.826 -0.3725894471
46.828 -0.3733436598
46.83 -0.3740975939
46.832 -0.3748512574
46.834 -0.3756046336
46.836 -0.3763577383
46.838 -0.3771105963
46.84 -0.3778632181
46.842 -0.3786154746
46.844 -0.3793672974
46.846 -0.3801187412
46.848 -0.3808697752
46.85 -0.3816204202
46.852 -0.3823706819
46.854 -0.3831205594
46.856 -0.3838700559
46.858 -0.3846191897
46.86 -0.3853679517
46.862 -0.3861163637
46.864 -0.386864427
46.866 -0.387612136
46.868 -0.3883594901
46.87 -0.3891065073
46.872 -0.3898532119
46.874 -0.390599608
46.876 -0.3913456933
46.878 -0.3920914843
46.88 -0.3928370002
46.882 -0.393582248
46.884 -0.3943272273
46.886 -0.3950719514
46.888 -0.3958164371
46.89 -0.3965606832
46.892 -0.3973047025
46.894 -0.3980485129
46.896 -0.3987921221
46.898 -0.3995355273
46.9 -0.4002787394
46.902 -0.4010217745
46.904 -0.4017646387
46.906 -0.4025073324
46.908 -0.403249863
46.91 -0.4039922491
46.912 -0.4047345013
46.914 -0.4054766285
46.916 -0.4062186342
46.918 -0.4069605344
46.92 -0.4077023401
46.922 -0.4084440587
46.924 -0.409185688
46.926 -0.4099272385
46.928 -0.4106687296
46.93 -0.411410171
46.932 -0.4121515726
46.934 -0.4128929364
46.936 -0.4136342734
46.938 -0.4143756013
46.94 -0.4151169301
46.942 -0.4158582493
46.944 -0.4165995678
46.946 -0.4173408963
46.948 -0.4180822322
46.95 -0.4188235824
46.952 -0.4195649467
46.954 -0.4203063299
46.956 -0.4210477435
46.958 -0.4217891909
46.96 -0.4225306772
46.962 -0.4232721943
46.964 -0.4240137161
46.966 -0.4247551761
46.968 -0.4254965392
46.97 -0.426237841
46.972 -0.4269791076
46.974 -0.4277203608
46.976 -0.4284616249
46.978 -0.429202923
46.98 -0.4299442667
46.982 -0.4306856714
46.984 -0.4314271469
46.986 -0.4321686935
46.988 -0.4329103258
46.99 -0.4336520541
46.992 -0.4343938776
46.994 -0.4351357979
46.996 -0.4358778259
46.998 -0.4366199601
47 -0.4373622037
47.002 -0.4381045664
47.004 -0.4388470423
47.006 -0.4395896277
47.008 -0.4403323222
47.01 -0.4410751233
47.012 -0.4418180249
47.014 -0.4425610273
47.016 -0.4433041277
47.018 -0.4440473213
47.02 -0.4447906028
47.022 -0.445533966
47.024 -0.4462773992
47.026 -0.4470208864
47.028 -0.4477644099
47.03 -0.4485079649
47.032 -0.4492515516
47.034 -0.449995158
47.036 -0.4507387738
47.038 -0.451482391
47.04 -0.4522259979
47.042 -0.4529695867
47.044 -0.4537131469
47.046 -0.4544566669
47.048 -0.4552001296
47.05 -0.4559435277
47.052 -0.4566868567
47.054 -0.4574301078
47.056 -0.4581732892
47.058 -0.4589164019
47.06 -0.4596594308
47.062 -0.4604023661
47.064 -0.4611452
47.066 -0.4618879247
47.068 -0.4626305212
47.07 -0.4633729749
47.072 -0.4641152854
47.074 -0.4648574502
47.076 -0.4655994562
47.078 -0.4663412996
47.08 -0.4670829813
47.082 -0.4678245011
47.084 -0.4685658557
47.086 -0.469307036
47.088 -0.4700480358
47.09 -0.470788848
47.092 -0.4715294635
47.094 -0.4722698805
47.096 -0.4730100984
47.098 -0.4737501107
47.1 -0.4744899135
47.102 -0.4752295027
47.104 -0.4759688792
47.106 -0.4767080418
47.108 -0.4774469814
47.11 -0.4781856989
47.112 -0.4789241797
47.114 -0.4796628493
47.116 -0.4804012775
47.118 -0.4811394501
47.12 -0.4818773697
47.122 -0.482615034
47.124 -0.4833524279
47.126 -0.4840895539
47.128 -0.4848264222
47.13 -0.4855630209
47.132 -0.4862993465
47.134 -0.4870354019
47.136 -0.4877711844
47.138 -0.4885067022
47.14 -0.4892419621
47.142 -0.4899769632
47.144 -0.4907117038
47.146 -0.491446187
47.148 -0.4921804114
47.15 -0.4929143762
47.152 -0.4936480793
47.154 -0.4943815178
47.156 -0.4951146895
47.158 -0.495847591
47.16 -0.4965802201
47.162 -0.497312576
47.164 -0.4980446504
47.166 -0.4987764393
47.168 -0.4995079387
47.17 -0.5002391376
47.172 -0.5009700255
47.174 -0.5017005934
47.176 -0.5024308364
47.178 -0.5031607528
47.18 -0.5038903368
47.182 -0.5046195822
47.184 -0.5053484878
47.186 -0.5060770523
47.188 -0.5068052676
47.19 -0.5075331243
47.192 -0.50826062
47.194 -0.5089877508
47.196 -0.5097145151
47.198 -0.5104409042
47.2 -0.5111669167
47.202 -0.5118925553
47.204 -0.5126178233
47.206 -0.5133427269
47.208 -0.5140672656
47.21 -0.514791435
47.212 -0.515515228
47.214 -0.5162386429
47.216 -0.516961682
47.218 -0.5176843434
47.22 -0.5184066206
47.222 -0.5191285119
47.224 -0.5198500157
47.226 -0.5205711227
47.228 -0.521291827
47.23 -0.5220121222
47.232 -0.5227319989
47.234 -0.5234514597
47.236 -0.5241705079
47.238 -0.5248891384
47.24 -0.5256073439
47.242 -0.5263251192
47.244 -0.5270424626
47.246 -0.5277593461
47.248 -0.5284757734
47.25 -0.5291917556
47.252 -0.5299072874
47.254 -0.5306223654
47.256 -0.53133699
47.258 -0.5320511578
47.26 -0.5327648654
47.262 -0.5334781074
47.264 -0.5341908847
47.266 -0.5349031977
47.268 -0.5356150468
47.27 -0.5363264293
47.272 -0.5370373445
47.274 -0.537747792
47.276 -0.5384577725
47.278 -0.5391672847
47.28 -0.539876331
47.282 -0.5405849135
47.284 -0.5412930314
47.286 -0.5420006828
47.288 -0.5427078708
47.29 -0.5434145952
47.292 -0.5441208624
47.294 -0.5448266758
47.296 -0.5455320333
47.298 -0.5462369408
47.3 -0.5469413915
47.302 -0.5476453848
47.304 -0.5483489343
47.306 -0.5490520405
47.308 -0.5497547079
47.31 -0.5504569417
47.312 -0.5511587454
47.314 -0.5518601245
47.316 -0.5525610836
47.318 -0.5532616231
47.32 -0.5539617539
47.322 -0.5546614833
47.324 -0.5553608147
47.326 -0.556059753
47.328 -0.5567583019
47.33 -0.5574564764
47.332 -0.5581542887
47.334 -0.5588517495
47.336 -0.5595488699
47.338 -0.5602456576
47.34 -0.5609421178
47.342 -0.5616382572
47.344 -0.5623340998
47.346 -0.5630296574
47.348 -0.5637249289
47.35 -0.5644199184
47.352 -0.5651146325
47.354 -0.5658090819
47.356 -0.5665032674
47.358 -0.567197191
47.36 -0.5678908536
47.362 -0.5685842515
47.364 -0.569277387
47.366 -0.5699702646
47.368 -0.5706628805
47.37 -0.5713552269
47.372 -0.5720472973
47.374 -0.572739095
47.376 -0.5734306225
47.378 -0.5741218861
47.38 -0.5748128958
47.382 -0.575503657
47.384 -0.5761941751
47.386 -0.5768844577
47.388 -0.5775745104
47.39 -0.5782643356
47.392 -0.5789539355
47.394 -0.5796433127
47.396 -0.5803324685
47.398 -0.5810214068
47.4 -0.5817101242
47.402 -0.5823986216
47.404 -0.5830869061
47.406 -0.583774954
47.408 -0.584462756
47.41 -0.5851503217
47.412 -0.5858376592
47.414 -0.5865247767
47.416 -0.5872116728
47.418 -0.5878983459
47.42 -0.5885847916
47.422 -0.5892710124
47.424 -0.5899570037
47.426 -0.590642771
47.428 -0.5913283148
47.43 -0.592013632
47.432 -0.5926987197
47.434 -0.5933835772
47.436 -0.5940681928
47.438 -0.5947525631
47.44 -0.5954366963
47.442 -0.5961205956
47.444 -0.5968042494
47.446 -0.5974876416
47.448 -0.5981707688
47.45 -0.5988536401
47.452 -0.599536253
47.454 -0.6002186045
47.456 -0.6009006882
47.458 -0.6015825068
47.46 -0.6022640631
47.462 -0.6029453541
47.464 -0.6036263669
47.466 -0.6043070319
47.468 -0.6049873089
47.47 -0.6056672136
47.472 -0.6063467496
47.474 -0.6070259271
47.476 -0.6077047489
47.478 -0.608383216
47.48 -0.6090613359
47.482 -0.60973911
47.484 -0.6104165511
47.486 -0.6110936624
47.488 -0.6117704378
47.49 -0.6124468831
47.492 -0.6131230016
47.494 -0.6137987937
47.496 -0.6144742665
47.498 -0.6151494285
47.5 -0.6158242781
47.502 -0.6164988096
47.504 -0.6171730273
47.506 -0.6178467139
47.508 -0.6185200836
47.51 -0.6191931378
47.512 -0.6198658762
47.514 -0.6205382932
47.516 -0.6212103853
47.518 -0.621882152
47.52 -0.6225535943
47.522 -0.6232247076
47.524 -0.6238954899
47.526 -0.624565946
47.528 -0.6252360801
47.53 -0.6259058849
47.532 -0.626571791
47.534 -0.6272350366
47.536 -0.6278970329
47.538 -0.6285588395
47.54 -0.6292207119
47.542 -0.6298830665
47.544 -0.6305460754
47.546 -0.6312099051
47.548 -0.6318746432
47.55 -0.6325403408
47.552 -0.6332070079
47.554 -0.6338746416
47.556 -0.6345432179
47.558 -0.6352126925
47.56 -0.6358830113
47.562 -0.6365541141
47.564 -0.6372259359
47.566 -0.6378984015
47.568 -0.6385714299
47.57 -0.6392449456
47.572 -0.6399188621
47.574 -0.6405930888
47.576 -0.6412675383
47.578 -0.6419421254
47.58 -0.6426167704
47.582 -0.6432913962
47.584 -0.6439659248
47.586 -0.6446402757
47.588 -0.6453143819
47.59 -0.6459881599
47.592 -0.6466615459
47.594 -0.6473344763
47.596 -0.648006894
47.598 -0.6486787576
47.6 -0.6493500046
47.602 -0.6500205776
47.604 -0.6506904413
47.606 -0.6513595652
47.608 -0.6520279253
47.61 -0.6526954989
47.612 -0.6533622687
47.614 -0.6540282177
47.616 -0.654693332
47.618 -0.6553576062
47.62 -0.6560210357
47.622 -0.6566836092
47.624 -0.6573453172
47.626 -0.6580061589
47.628 -0.6586661572
47.63 -0.6593253317
47.632 -0.6599836976
47.634 -0.6606412747
47.636 -0.6612980759
47.638 -0.6619541294
47.64 -0.662609458
47.642 -0.6632640778
47.644 -0.6639180148
47.646 -0.6645712847
47.648 -0.6652239111
47.65 -0.6658759113
47.652 -0.6665273027
47.654 -0.6671781076
47.656 -0.6678283426
47.658 -0.6684780266
47.66 -0.6691271818
47.662 -0.6697758261
47.664 -0.6704239716
47.666 -0.6710716365
47.668 -0.6717188369
47.67 -0.6723655813
47.672 -0.6730118864
47.674 -0.6736577579
47.676 -0.6743031977
47.678 -0.674948224
47.68 -0.6755928397
47.682 -0.6762370399
47.684 -0.6768808282
47.686 -0.6775242086
47.688 -0.6781671757
47.69 -0.6788097174
47.692 -0.6794518324
47.694 -0.6800935193
47.696 -0.6807347716
47.698 -0.6813755853
47.7 -0.6820159569
47.702 -0.6826558752
47.704 -0.6832953343
47.706 -0.6839343231
47.708 -0.6845728406
47.71 -0.6852108821
47.712 -0.6858484364
47.714 -0.6864854988
47.716 -0.6871220605
47.718 -0.6877581075
47.72 -0.6883936243
47.722 -0.689028606
47.724 -0.6896630483
47.726 -0.6902969354
47.728 -0.690930271
47.73 -0.6915630533
47.732 -0.6921952704
47.734 -0.6928268998
47.736 -0.6934579461
47.738 -0.6940884094
47.74 -0.694718283
47.742 -0.695347563
47.744 -0.6959762285
47.746 -0.6966042762
47.748 -0.697231716
47.75 -0.6978585219
47.752 -0.6984846878
47.754 -0.699110228
47.756 -0.699735146
47.758 -0.7003594377
47.76 -0.7009831305
47.762 -0.7016062489
47.764 -0.7022287829
47.766 -0.7028507381
47.768 -0.7034721067
47.77 -0.7040928853
47.772 -0.7047130913
47.774 -0.7053327342
47.776 -0.7059518191
47.778 -0.7065703471
47.78 -0.707188319
47.782 -0.7078057469
47.784 -0.7084226434
47.786 -0.7090390091
47.788 -0.7096548446
47.79 -0.7102701565
47.792 -0.7108849554
47.794 -0.7114992513
47.796 -0.7121130497
47.798 -0.7127263514
47.8 -0.7133391579
47.802 -0.7139514639
47.804 -0.7145632707
47.806 -0.7151745897
47.808 -0.7157854181
47.81 -0.7163957439
47.812 -0.7170055724
47.814 -0.7176149024
47.816 -0.7182236742
47.818 -0.71883189
47.82 -0.7194395217
47.822 -0.7200465987
47.824 -0.7206531127
47.826 -0.7212590589
47.828 -0.7218644499
47.83 -0.7224692475
47.832 -0.72307346
47.834 -0.7236771011
47.836 -0.7242801082
47.838 -0.7248824378
47.84 -0.7254840729
47.842 -0.7260850405
47.844 -0.7266853567
47.846 -0.7272849956
47.848 -0.7278839467
47.85 -0.728482207
47.852 -0.7290797606
47.854 -0.729676613
47.856 -0.7302727503
47.858 -0.7308681816
47.86 -0.7314629031
47.862 -0.7320569237
47.864 -0.7326502392
47.866 -0.7332428401
47.868 -0.7338347242
47.87 -0.7344259032
47.872 -0.7350163841
47.874 -0.7356061684
47.876 -0.7361952603
47.878 -0.7367836685
47.88 -0.7373713873
47.882 -0.7379584003
47.884 -0.7385447143
47.886 -0.7391303716
47.888 -0.7397153714
47.89 -0.7402997352
47.892 -0.7408834719
47.894 -0.7414665822
47.896 -0.7420490614
47.898 -0.7426309602
47.9 -0.7432123094
47.902 -0.7437931192
47.904 -0.744373405
47.906 -0.7449531946
47.908 -0.7455325084
47.91 -0.7461113634
47.912 -0.7466897753
47.914 -0.7472677733
47.916 -0.747845375
47.918 -0.7484226066
47.92 -0.7489994801
47.922 -0.7495760534
47.924 -0.7501523387
47.926 -0.7507283266
47.928 -0.7513040276
47.93 -0.7518794694
47.932 -0.7524546621
47.934 -0.7530296128
47.936 -0.753604336
47.938 -0.7541788522
47.94 -0.7547531662
47.942 -0.755327295
47.944 -0.7559012696
47.946 -0.756475074
47.948 -0.7570487251
47.95 -0.7576222365
47.952 -0.7581956225
47.954 -0.7587688773
47.956 -0.7593420179
47.958 -0.7599150571
47.96 -0.7604879993
47.962 -0.7610608452
47.964 -0.7616336056
47.966 -0.7622063081
47.968 -0.7627789313
47.97 -0.7633514882
47.972 -0.7639239849
47.974 -0.7644964273
47.976 -0.7650688205
47.978 -0.765641155
47.98 -0.766213448
47.982 -0.7667857018
47.984 -0.7673579345
47.986 -0.7679301466
47.988 -0.7685023248
47.99 -0.7690744693
47.992 -0.7696465946
47.994 -0.770218704
47.996 -0.770790806
47.998 -0.7713629079
48 -0.7719349969
48.002 -0.7725070776
48.004 -0.7730791605
48.006 -0.7736512695
48.008 -0.774223529
48.01 -0.7747959463
48.012 -0.7753685244
48.014 -0.7759412532
48.016 -0.7765141341
48.018 -0.7770871717
48.02 -0.7776603653
48.022 -0.7782337192
48.024 -0.7788072646
48.026 -0.7793809969
48.028 -0.7799549112
48.03 -0.7805290214
48.032 -0.7811033235
48.034 -0.7816778089
48.036 -0.7822524683
48.038 -0.7828273196
48.04 -0.7834023629
48.042 -0.7839775536
48.044 -0.7845528847
48.046 -0.785128359
48.048 -0.785703954
48.05 -0.7862796493
48.052 -0.7868554431
48.054 -0.7874313328
48.056 -0.7880073122
48.058 -0.7885833918
48.06 -0.7891595322
48.062 -0.7897357059
48.064 -0.7903119216
48.066 -0.7908881689
48.068 -0.7914644501
48.07 -0.792040755
48.072 -0.7926170666
48.074 -0.7931933895
48.076 -0.7937697104
48.078 -0.7943459991
48.08 -0.794922246
48.082 -0.7954984475
48.084 -0.7960745821
48.086 -0.7966506213
48.088 -0.7972265427
48.09 -0.7978023327
48.092 -0.7983779803
48.094 -0.7989534706
48.096 -0.7995287861
48.098 -0.8001039123
48.1 -0.8006788355
48.102 -0.8012535357
48.104 -0.8018280019
48.106 -0.8024022398
48.108 -0.8029762187
48.11 -0.8035499319
48.112 -0.8041233677
48.114 -0.8046965068
48.116 -0.8052693485
48.118 -0.8058418773
48.12 -0.806414041
48.122 -0.80698582
48.124 -0.8075572463
48.126 -0.8081283205
48.128 -0.8086990189
48.13 -0.8092693316
48.132 -0.8098392354
48.134 -0.8104087166
48.136 -0.8109777718
48.138 -0.8115463729
48.14 -0.8121145463
48.142 -0.8126822736
48.144 -0.8132495504
48.146 -0.8138164003
48.148 -0.8143827661
48.15 -0.81494864
48.152 -0.8155140378
48.154 -0.8160789106
48.156 -0.8166432535
48.158 -0.8172070764
48.16 -0.8177703431
48.162 -0.8183330035
48.164 -0.818895059
48.166 -0.8194565211
48.168 -0.8200173697
48.17 -0.8205775941
48.172 -0.8211371518
48.174 -0.8216960452
48.176 -0.8222542902
48.178 -0.82281186
48.18 -0.8233687434
48.182 -0.8239249412
48.184 -0.8244804309
48.186 -0.8250352005
48.188 -0.8255892514
48.19 -0.8261425713
48.192 -0.8266951418
48.194 -0.8272469545
48.196 -0.8277980082
48.198 -0.828348289
48.2 -0.8288977892
48.202 -0.8294465131
48.204 -0.8299944309
48.206 -0.8305415341
48.208 -0.8310878041
48.21 -0.831633245
48.212 -0.8321778389
48.214 -0.832721582
48.216 -0.8332644763
48.218 -0.833806517
48.22 -0.8343476937
48.222 -0.8348880019
48.224 -0.8354274367
48.226 -0.8359659928
48.228 -0.8365036601
48.23 -0.8370404312
48.232 -0.8375762931
48.234 -0.838111233
48.236 -0.8386452412
48.238 -0.839178322
48.24 -0.8397104752
48.242 -0.8402416853
48.244 -0.8407719456
48.246 -0.841301254
48.248 -0.8418296022
48.25 -0.8423569771
48.252 -0.8428833765
48.254 -0.843408753
48.256 -0.8439330727
48.258 -0.8444563652
48.26 -0.8449786264
48.262 -0.8454998597
48.264 -0.8460200719
48.266 -0.846539275
48.268 -0.8470574742
48.27 -0.8475746738
48.272 -0.8480908825
48.274 -0.8486061132
48.276 -0.8491203798
48.278 -0.8496336867
48.28 -0.850146045
48.282 -0.8506574721
48.284 -0.8511679746
48.286 -0.8516775716
48.288 -0.8521862802
48.29 -0.8526941172
48.292 -0.8532010954
48.294 -0.8537072289
48.296 -0.8542125321
48.298 -0.8547170221
48.3 -0.8552207093
48.302 -0.8557236143
48.304 -0.8562257562
48.306 -0.8567271478
48.308 -0.8572278032
48.31 -0.8577277409
48.312 -0.8582269738
48.314 -0.8587255201
48.316 -0.8592233985
48.318 -0.8597206189
48.32 -0.8602171992
48.322 -0.8607131449
48.324 -0.8612084756
48.326 -0.8617032099
48.328 -0.8621973647
48.33 -0.8626909561
48.332 -0.8631840083
48.334 -0.8636764566
48.336 -0.8641683354
48.338 -0.864659649
48.34 -0.8651504254
48.342 -0.8656406796
48.344 -0.866130431
48.346 -0.8666197078
48.348 -0.8671085326
48.35 -0.8675969169
48.352 -0.8680848857
48.354 -0.8685724516
48.356 -0.8690596301
48.358 -0.8695464059
48.36 -0.8700327761
48.362 -0.8705187604
48.364 -0.8710043669
48.366 -0.871489606
48.368 -0.8719744887
48.37 -0.8724590296
48.372 -0.8729432315
48.374 -0.8734271047
48.376 -0.873910647
48.378 -0.8743938614
48.38 -0.8748767605
48.382 -0.8753593485
48.384 -0.8758416368
48.386 -0.8763236231
48.388 -0.8768053234
48.39 -0.8772867439
48.392 -0.8777678862
48.394 -0.8782487753
48.396 -0.8787294037
48.398 -0.8792097748
48.4 -0.8796898979
48.402 -0.8801699618
48.404 -0.8806494051
48.406 -0.881128535
48.408 -0.8816074835
48.41 -0.8820857949
48.412 -0.8825639564
48.414 -0.8830413769
48.416 -0.8835186571
48.418 -0.883995179
48.42 -0.8844715735
48.422 -0.8849472207
48.424 -0.8854227836
48.426 -0.8858975359
48.428 -0.8863720674
48.43 -0.8868459566
48.432 -0.8873191276
48.434 -0.8877920354
48.436 -0.888264396
48.438 -0.8887362549
48.44 -0.8892075309
48.442 -0.8896780604
48.444 -0.8901484128
48.446 -0.8906182999
48.448 -0.891087804
48.45 -0.8915568395
48.452 -0.8920254404
48.454 -0.892493621
48.456 -0.8929614039
48.458 -0.8934288077
48.46 -0.8938958623
48.462 -0.8943625969
48.464 -0.8948290463
48.466 -0.8952952435
48.468 -0.8957612229
48.47 -0.8962270069
48.472 -0.896692612
48.474 -0.8971580759
48.476 -0.8976234249
48.478 -0.8980886755
48.48 -0.8985538621
48.482 -0.8990190038
48.484 -0.8994841127
48.486 -0.8999492069
48.488 -0.9004143079
48.49 -0.900879436
48.492 -0.9013445953
48.494 -0.9018098044
48.496 -0.902275087
48.498 -0.9027404454
48.5 -0.9032058929
48.502 -0.9036714494
48.504 -0.9041371118
48.506 -0.9046028898
48.508 -0.9050688007
48.51 -0.9055348487
48.512 -0.9060010361
48.514 -0.9064673678
48.516 -0.9069338395
48.518 -0.9074004635
48.52 -0.9078672418
48.522 -0.908334168
48.524 -0.9088012335
48.526 -0.9092684378
48.528 -0.9097357835
48.53 -0.9102032677
48.532 -0.9106709008
48.534 -0.9111386816
48.536 -0.9116066118
48.538 -0.9120746981
48.54 -0.9125429454
48.542 -0.9130113557
48.544 -0.9134799299
48.546 -0.9139486711
48.548 -0.9144175844
48.55 -0.9148866684
48.552 -0.9153559226
48.554 -0.9158253432
48.556 -0.9162949256
48.558 -0.9167646695
48.56 -0.9172345762
48.562 -0.9177046479
48.564 -0.9181748866
48.566 -0.9186452906
48.568 -0.9191158578
48.57 -0.9195865857
48.572 -0.9200574736
48.574 -0.9205285218
48.576 -0.9209997283
48.578 -0.921471092
48.58 -0.9219426132
48.582 -0.92241429
48.584 -0.9228861223
48.586 -0.9233581006
48.588 -0.9238302217
48.59 -0.9243024796
48.592 -0.9247748741
48.594 -0.9252474028
48.596 -0.9257200651
48.598 -0.926192861
48.6 -0.9266657623
48.602 -0.927138751
48.604 -0.927611829
48.606 -0.9280850035
48.608 -0.9285582661
48.61 -0.9290316148
48.612 -0.9295050475
48.614 -0.9299785601
48.616 -0.9304521425
48.618 -0.9309257864
48.62 -0.9313994843
48.622 -0.9318732297
48.624 -0.9323470123
48.626 -0.9328208062
48.628 -0.9332946029
48.63 -0.9337684
48.632 -0.9342421849
48.634 -0.9347159508
48.636 -0.9351896926
48.638 -0.9356634011
48.64 -0.9361370632
48.642 -0.93661067
48.644 -0.9370842137
48.646 -0.937557694
48.648 -0.9380311031
48.65 -0.9385044332
48.652 -0.9389776772
48.654 -0.9394508197
48.656 -0.9399238474
48.658 -0.940396755
48.66 -0.9408695503
48.662 -0.9413422185
48.664 -0.9418147515
48.666 -0.9422871571
48.668 -0.9427594251
48.67 -0.9432315524
48.672 -0.9437035294
48.674 -0.9441753466
48.676 -0.9446469956
48.678 -0.9451184696
48.68 -0.9455897197
48.682 -0.9460607191
48.684 -0.9465314713
48.686 -0.9470019716
48.688 -0.9474721996
48.69 -0.9479421412
48.692 -0.9484117937
48.694 -0.9488811553
48.696 -0.9493502239
48.698 -0.9498189943
48.7 -0.9502874559
48.702 -0.9507555997
48.704 -0.9512234186
48.706 -0.9516909101
48.708 -0.9521580672
48.71 -0.952624881
48.712 -0.9530913409
48.714 -0.9535574378
48.716 -0.9540231642
48.718 -0.9544885123
48.72 -0.954953473
48.722 -0.9554180387
48.724 -0.9558821986
48.726 -0.956345947
48.728 -0.9568092721
48.73 -0.9572721643
48.732 -0.9577346238
48.734 -0.9581966413
48.736 -0.9586582032
48.738 -0.9591193034
48.74 -0.959579932
48.742 -0.9600400697
48.744 -0.9604997105
48.746 -0.9609588518
48.748 -0.9614174818
48.75 -0.9618755926
48.752 -0.9623331765
48.754 -0.9627902292
48.756 -0.9632467392
48.758 -0.9637026959
48.76 -0.9641580919
48.762 -0.9646129216
48.764 -0.9650671775
48.766 -0.9655208524
48.768 -0.9659739405
48.77 -0.9664264324
48.772 -0.9668783178
48.774 -0.9673295947
48.776 -0.9677802548
48.778 -0.9682302833
48.78 -0.9686796771
48.782 -0.9691284363
48.784 -0.9695765514
48.786 -0.9700240142
48.788 -0.9704708223
48.79 -0.9709169737
48.792 -0.9713624654
48.794 -0.9718072896
48.796 -0.9722514395
48.798 -0.9726949089
48.8 -0.9731376871
48.802 -0.9735797576
48.804 -0.9740211084
48.806 -0.9744617608
48.808 -0.9749016965
48.81 -0.9753409158
48.812 -0.9757794095
48.814 -0.976217178
48.816 -0.9766542195
48.818 -0.9770905287
48.82 -0.9775261048
48.822 -0.9779609446
48.824 -0.9783950281
48.826 -0.978828353
48.828 -0.9792609502
48.83 -0.9796928055
48.832 -0.9801239231
48.834 -0.9805543018
48.836 -0.9809839464
48.838 -0.981412855
48.84 -0.9818410163
48.842 -0.9822684273
48.844 -0.9826950945
48.846 -0.9831209969
48.848 -0.9835461471
48.85 -0.9839705462
48.852 -0.9843942008
48.854 -0.9848171078
48.856 -0.9852392578
48.858 -0.9856606594
48.86 -0.9860813483
48.862 -0.9865013124
48.864 -0.9869205634
48.866 -0.9873390988
48.868 -0.9877569232
48.87 -0.9881740341
48.872 -0.9885904306
48.874 -0.98900614
48.876 -0.9894211403
48.878 -0.9898354303
48.88 -0.9902490093
48.882 -0.9906618711
48.884 -0.9910740137
48.886 -0.9914854691
48.888 -0.9918962303
48.89 -0.9923063093
48.892 -0.9927157107
48.894 -0.9931244244
48.896 -0.9935324571
48.898 -0.9939398529
48.9 -0.9943466655
48.902 -0.9947528725
48.904 -0.9951584686
48.906 -0.9955634482
48.908 -0.9959678531
48.91 -0.9963716652
48.912 -0.9967749122
48.914 -0.9971775658
48.916 -0.9975796404
48.918 -0.9979811627
48.92 -0.9983821334
48.922 -0.9987826168
48.924 -0.999182526
48.926 -0.9995818946
48.928 -0.9999807465
48.93 -1.000379093
48.932 -1.000777
48.934 -1.001174371
48.936 -1.001571243
48.938 -1.001967645
48.94 -1.002363575
48.942 -1.002759087
48.944 -1.003154102
48.946 -1.003548686
48.948 -1.003942827
48.95 -1.00433655
48.952 -1.004729892
48.954 -1.005122777
48.956 -1.005515275
48.958 -1.005907435
48.96 -1.006299174
48.962 -1.006690527
48.964 -1.007081583
48.966 -1.007472317
48.968 -1.007862664
48.97 -1.008252653
48.972 -1.008642374
48.974 -1.009031808
48.976 -1.009420887
48.978 -1.009809649
48.98 -1.01019819
48.982 -1.010586483
48.984 -1.010974462
48.986 -1.011362161
48.988 -1.011749672
48.99 -1.012136971
48.992 -1.012524056
48.994 -1.012910862
48.996 -1.013297459
48.998 -1.013683892
49 -1.01407014
49.002 -1.014456209
49.004 -1.014842074
49.006 -1.015227757
49.008 -1.015614236
49.01 -1.016001928
49.012 -1.016390502
49.014 -1.016779581
49.016 -1.017168872
49.018 -1.017558154
49.02 -1.017947139
49.022 -1.018335676
49.024 -1.018723674
49.026 -1.019111033
49.028 -1.019497635
49.03 -1.019883421
49.032 -1.020268386
49.034 -1.020652502
49.036 -1.021035796
49.038 -1.021418171
49.04 -1.021799741
49.042 -1.022180569
49.044 -1.022560711
49.046 -1.022940266
49.048 -1.02331932
49.05 -1.023697891
49.052 -1.02407611
49.054 -1.024454017
49.056 -1.024831747
49.058 -1.025209348
49.06 -1.025586897
49.062 -1.025964443
49.064 -1.026342088
49.066 -1.026719855
49.068 -1.027097783
49.07 -1.02747594
49.072 -1.027854344
49.074 -1.028232995
49.076 -1.028611948
49.078 -1.028991208
49.08 -1.029370802
49.082 -1.029750674
49.084 -1.03013091
49.086 -1.030511397
49.088 -1.030892172
49.09 -1.031273171
49.092 -1.031654425
49.094 -1.032035847
49.096 -1.032417515
49.098 -1.032799307
49.1 -1.033181276
49.102 -1.033563362
49.104 -1.033945591
49.106 -1.034327879
49.108 -1.034710307
49.11 -1.035092779
49.112 -1.035475321
49.114 -1.035857869
49.116 -1.036240455
49.118 -1.036623078
49.12 -1.037005665
49.122 -1.037388247
49.124 -1.037770836
49.126 -1.038153401
49.128 -1.03853589
49.13 -1.038918367
49.132 -1.039300786
49.134 -1.039683193
49.136 -1.040065544
49.138 -1.040447812
49.14 -1.040830082
49.142 -1.041212303
49.144 -1.041594481
49.146 -1.041976616
49.148 -1.042358689
49.15 -1.042740692
49.152 -1.043122656
49.154 -1.043504572
49.156 -1.043886464
49.158 -1.044268278
49.16 -1.044650044
49.162 -1.045031739
49.164 -1.045413378
49.166 -1.045794976
49.168 -1.046176523
49.17 -1.046558051
49.172 -1.046939522
49.174 -1.047320902
49.176 -1.047702266
49.178 -1.048083584
49.18 -1.048464887
49.182 -1.048846154
49.184 -1.049227441
49.186 -1.049608715
49.188 -1.049989988
49.19 -1.050371279
49.192 -1.050752572
49.194 -1.051133885
49.196 -1.051515198
49.198 -1.051896549
49.2 -1.0522779
49.202 -1.052659248
49.204 -1.053040599
49.206 -1.05342193
49.208 -1.053803256
49.21 -1.054184548
49.212 -1.054565804
49.214 -1.054946983
49.216 -1.055328107
49.218 -1.055709151
49.22 -1.056090149
49.222 -1.056471055
49.224 -1.056851865
49.226 -1.057232587
49.228 -1.057613192
49.23 -1.05799371
49.232 -1.058374112
49.234 -1.058754403
49.236 -1.059134528
49.238 -1.059514511
49.24 -1.059894326
49.242 -1.060273988
49.244 -1.060653466
49.246 -1.061032764
49.248 -1.061411844
49.25 -1.061790721
49.252 -1.062169363
49.254 -1.062547785
49.256 -1.062925971
49.258 -1.06330393
49.26 -1.063681627
49.262 -1.064059076
49.264 -1.06443624
49.266 -1.064812812
49.268 -1.065188612
49.27 -1.065563763
49.272 -1.065938256
49.274 -1.066312147
49.276 -1.066685422
49.278 -1.06705807
49.28 -1.067430056
49.282 -1.06780139
49.284 -1.068172039
49.286 -1.068542005
49.288 -1.068911259
49.29 -1.069279817
49.292 -1.069647646
49.294 -1.070014753
49.296 -1.070381112
49.298 -1.070746735
49.3 -1.071111588
49.302 -1.071475689
49.304 -1.071839016
49.306 -1.072201586
49.308 -1.072563375
49.31 -1.072924397
49.312 -1.073284628
49.314 -1.073644096
49.316 -1.074002775
49.318 -1.074360685
49.32 -1.074717795
49.322 -1.075074123
49.324 -1.075429664
49.326 -1.07578444
49.328 -1.076138424
49.33 -1.076491617
49.332 -1.076843963
49.334 -1.077195482
49.336 -1.077546166
49.338 -1.077896028
49.34 -1.078245048
49.342 -1.078593242
49.344 -1.078940569
49.346 -1.079287067
49.348 -1.079632746
49.35 -1.079977598
49.352 -1.080321639
49.354 -1.08066485
49.356 -1.08100725
49.358 -1.081348822
49.36 -1.081689587
49.362 -1.082029499
49.364 -1.082368598
49.366 -1.082706887
49.368 -1.083044367
49.37 -1.083381069
49.372 -1.083716976
49.374 -1.08405212
49.376 -1.084386474
49.378 -1.084720072
49.38 -1.085052922
49.382 -1.08538502
49.384 -1.085716395
49.386 -1.08604704
49.388 -1.086376978
49.39 -1.086706179
49.392 -1.087034678
49.394 -1.087362476
49.396 -1.087689563
49.398 -1.088015964
49.4 -1.088341648
49.402 -1.08866665
49.404 -1.088990975
49.406 -1.089314613
49.408 -1.089637576
49.41 -1.089959847
49.412 -1.090281468
49.414 -1.090602441
49.416 -1.090922743
49.418 -1.09124241
49.42 -1.091561452
49.422 -1.091879861
49.424 -1.092197664
49.426 -1.092514831
49.428 -1.092831395
49.43 -1.093147355
49.432 -1.093462692
49.434 -1.093777449
49.436 -1.09409162
49.438 -1.09440518
49.44 -1.094718171
49.442 -1.095030605
49.444 -1.095342469
49.446 -1.095653803
49.448 -1.095964614
49.45 -1.096274882
49.452 -1.096584662
49.454 -1.096893962
49.456 -1.097202757
49.458 -1.097511089
49.46 -1.097818967
49.462 -1.098126373
49.464 -1.098433353
49.466 -1.098739914
49.468 -1.099046032
49.47 -1.099351743
49.472 -1.099657053
49.474 -1.099961941
49.476 -1.10026643
49.478 -1.100570545
49.48 -1.100874323
49.482 -1.10117775
49.484 -1.101480866
49.486 -1.101783685
49.488 -1.102086191
49.49 -1.102388405
49.492 -1.102690353
49.494 -1.102992054
49.496 -1.103293489
49.498 -1.103594701
49.5 -1.103895704
49.502 -1.104196419
49.504 -1.104496842
49.506 -1.104797025
49.508 -1.105096986
49.51 -1.105396712
49.512 -1.105696234
49.514 -1.105995582
49.516 -1.106294771
49.518 -1.106593775
49.52 -1.106892624
49.522 -1.107191344
49.524 -1.10748995
49.526 -1.10778842
49.528 -1.108086777
49.53 -1.108385037
49.532 -1.108683216
49.534 -1.108981285
49.536 -1.109279264
49.538 -1.109577151
49.54 -1.109874975
49.542 -1.110172753
49.544 -1.11047046
49.546 -1.110768105
49.548 -1.111065686
49.55 -1.111363226
49.552 -1.1116607
49.554 -1.111958124
49.556 -1.112255493
49.558 -1.112552831
49.56 -1.11285015
49.562 -1.11314742
49.564 -1.113444665
49.566 -1.11374187
49.568 -1.114039032
49.57 -1.114336177
49.572 -1.114633311
49.574 -1.114930396
49.576 -1.115227451
49.578 -1.115524475
49.58 -1.115821495
49.582 -1.116118519
49.584 -1.116415518
49.586 -1.116712512
49.588 -1.117009493
49.59 -1.117306468
49.592 -1.117603436
49.594 -1.117900424
49.596 -1.118197439
49.598 -1.118494453
49.6 -1.118791478
49.602 -1.119088597
49.604 -1.119385867
49.606 -1.119683268
49.608 -1.119980824
49.61 -1.120278527
49.612 -1.120576337
49.614 -1.120874256
49.616 -1.121172278
49.618 -1.12147042
49.62 -1.121768684
49.622 -1.122067079
49.624 -1.122365644
49.626 -1.122664399
49.628 -1.122963312
49.63 -1.123262398
49.632 -1.123561655
49.634 -1.123861091
49.636 -1.124160707
49.638 -1.12446051
49.64 -1.124760495
49.642 -1.125060666
49.644 -1.12536104
49.646 -1.125661616
49.648 -1.12596236
49.65 -1.12626328
49.652 -1.12656436
49.654 -1.126865591
49.656 -1.127166959
49.658 -1.127468454
49.66 -1.127770057
49.662 -1.128071754
49.664 -1.128373535
49.666 -1.12867538
49.668 -1.128977268
49.67 -1.129279175
49.672 -1.129581083
49.674 -1.129882979
49.676 -1.130184849
49.678 -1.130486682
49.68 -1.130788425
49.682 -1.131090068
49.684 -1.131391594
49.686 -1.131692993
49.688 -1.131994244
49.69 -1.132295336
49.692 -1.132596257
49.694 -1.132896987
49.696 -1.133197509
49.698 -1.133497812
49.7 -1.133797864
49.702 -1.134097666
49.704 -1.134397211
49.706 -1.134696463
49.708 -1.134995427
49.71 -1.135294099
49.712 -1.13559245
49.714 -1.135890488
49.716 -1.136188108
49.718 -1.136485271
49.72 -1.136782
49.722 -1.137078304
49.724 -1.137374155
49.726 -1.13766954
49.728 -1.137964446
49.73 -1.138258861
49.732 -1.138552765
49.734 -1.138846143
49.736 -1.139139045
49.738 -1.139431699
49.74 -1.139723979
49.742 -1.140015917
49.744 -1.140307463
49.746 -1.140598593
49.748 -1.14088927
49.75 -1.141179468
49.752 -1.141469149
49.754 -1.141758287
49.756 -1.142046855
49.758 -1.142334825
49.76 -1.142622164
49.762 -1.142908849
49.764 -1.143194858
49.766 -1.143480167
49.768 -1.14376474
49.77 -1.144048555
49.772 -1.144331595
49.774 -1.144613837
49.776 -1.144895265
49.778 -1.145175865
49.78 -1.145455613
49.782 -1.145734485
49.784 -1.146012451
49.786 -1.146289492
49.788 -1.14656559
49.79 -1.146840725
49.792 -1.147114884
49.794 -1.147388055
49.796 -1.147660236
49.798 -1.147931417
49.8 -1.14820159
49.802 -1.148470745
49.804 -1.148738875
49.806 -1.149005974
49.808 -1.149272033
49.81 -1.149537045
49.812 -1.149800988
49.814 -1.150063851
49.816 -1.150325633
49.818 -1.150586331
49.82 -1.150845942
49.822 -1.151104452
49.824 -1.151361881
49.826 -1.151618217
49.828 -1.151873434
49.83 -1.152127561
49.832 -1.152380585
49.834 -1.152632478
49.836 -1.152883259
49.838 -1.153132915
49.84 -1.153381424
49.842 -1.153628813
49.844 -1.153875067
49.846 -1.15412016
49.848 -1.154364098
49.85 -1.154606908
49.852 -1.15484858
49.854 -1.155089099
49.856 -1.15532849
49.858 -1.15556674
49.86 -1.155803823
49.862 -1.156039767
49.864 -1.156274563
49.866 -1.156508191
49.868 -1.156740681
49.87 -1.156972019
49.872 -1.157202186
49.874 -1.157431181
49.876 -1.157659021
49.878 -1.157885696
49.88 -1.158111193
49.882 -1.158335544
49.884 -1.15855874
49.886 -1.158780762
49.888 -1.159001635
49.89 -1.159221347
49.892 -1.159439879
49.894 -1.159657249
49.896 -1.159873481
49.898 -1.160088559
49.9 -1.160302479
49.902 -1.160515275
49.904 -1.16072693
49.906 -1.160937434
49.908 -1.161146819
49.91 -1.161355078
49.912 -1.161562199
49.914 -1.161768191
49.916 -1.161973086
49.918 -1.16217688
49.92 -1.162379565
49.922 -1.162581179
49.924 -1.162781715
49.926 -1.162981166
49.928 -1.16317958
49.93 -1.163376958
49.932 -1.16357329
49.934 -1.163768593
49.936 -1.163962901
49.938 -1.164156209
49.94 -1.16434851
49.942 -1.164539843
49.944 -1.164730212
49.946 -1.164919611
49.948 -1.165108058
49.95 -1.165295587
49.952 -1.165482197
49.954 -1.165667886
49.956 -1.165852696
49.958 -1.166036632
49.96 -1.166219689
49.962 -1.166402006
49.964 -1.1665837
49.966 -1.166764751
49.968 -1.166945154
49.97 -1.167124955
49.972 -1.167304157
49.974 -1.16748276
49.976 -1.167660792
49.978 -1.167838298
49.98 -1.168015269
49.982 -1.168191702
49.984 -1.168367642
49.986 -1.168543089
49.988 -1.168718041
49.99 -1.168892515
49.992 -1.169066553
49.994 -1.169240157
49.996 -1.169413324
49.998 -1.169586072
50 -1.169758437
