0.002 1.922218177e-06
0.004 3.678937467e-06
0.006 5.529530237e-06
0.008 7.375813785e-06
0.01 9.235777399e-06
0.012 1.108202349e-05
0.014 1.290800765e-05
0.016 1.470108078e-05
0.018 1.645446062e-05
0.02 1.816149652e-05
0.022 1.981779255e-05
0.024 2.1419799e-05
0.026 2.296511021e-05
0.028 2.44520434e-05
0.03 2.587961809e-05
0.032 2.724739314e-05
0.034 2.855540869e-05
0.036 2.98041047e-05
0.038 3.099427035e-05
0.04 3.212698842e-05
0.042 3.320361285e-05
0.044 3.422570771e-05
0.046 3.519503189e-05
0.048 3.611350143e-05
0.05 3.698316667e-05
0.052 3.784053218e-05
0.054 3.895153092e-05
0.056 4.002970262e-05
0.058 4.107445647e-05
0.06 4.208517504e-05
0.062 4.306135225e-05
0.064 4.402696445e-05
0.066 4.503676264e-05
0.068 4.601779358e-05
0.07 4.696955629e-05
0.072 4.789156704e-05
0.074 4.878336119e-05
0.076 4.964449423e-05
0.078 5.04745436e-05
0.08 5.127311055e-05
0.082 5.203981672e-05
0.084 5.277430994e-05
0.086 5.347992522e-05
0.088 5.418379748e-05
0.09 5.485657622e-05
0.092 5.550257492e-05
0.094 5.611686966e-05
0.096 5.672343904e-05
0.098 5.730399152e-05
0.1 5.785340783e-05
0.102 5.837144778e-05
0.104 5.88579006e-05
0.106 5.931525885e-05
0.108 5.974272807e-05
0.11 6.01382513e-05
0.112 6.050168808e-05
0.114 6.08329195e-05
0.116 6.113184761e-05
0.118 6.139839751e-05
0.12 6.165573543e-05
0.122 6.188656235e-05
0.124 6.208570763e-05
0.126 6.225314009e-05
0.128 6.239028732e-05
0.13 6.249875506e-05
0.132 6.257565464e-05
0.134 6.262103049e-05
0.136 6.263495229e-05
0.138 6.27932641e-05
0.14 6.295621791e-05
0.142 6.309139229e-05
0.144 6.319866654e-05
0.146 6.32907985e-05
0.148 6.340537105e-05
0.15 6.349282335e-05
0.152 6.35531112e-05
0.154 6.358621106e-05
0.156 6.359211887e-05
0.158 6.357084884e-05
0.16 6.352516742e-05
0.162 6.345280723e-05
0.164 6.33534589e-05
0.166 6.322719978e-05
0.168 6.307411932e-05
0.17 6.289431789e-05
0.172 6.26879056e-05
0.174 6.250151294e-05
0.176 6.230430444e-05
0.178 6.208252661e-05
0.18 6.183629019e-05
0.182 6.156570394e-05
0.184 6.127093187e-05
0.186 6.096441091e-05
0.188 6.065675557e-05
0.19 6.032747629e-05
0.192 5.997426554e-05
0.194 5.95964946e-05
0.196 5.919825674e-05
0.198 5.878562744e-05
0.2 5.834887657e-05
0.202 5.788807923e-05
0.204 5.740332306e-05
0.206 5.689470798e-05
0.208 5.636234596e-05
0.21 5.582022831e-05
0.212 5.528281397e-05
0.214 5.472465897e-05
0.216 5.414411018e-05
0.218 5.354108471e-05
0.22 5.291575543e-05
0.222 5.226830608e-05
0.224 5.159892793e-05
0.226 5.091435103e-05
0.228 5.021785987e-05
0.23 4.950017088e-05
0.232 4.87614864e-05
0.234 4.800201757e-05
0.236 4.722474453e-05
0.238 4.642776342e-05
0.24 4.56106983e-05
0.242 4.479717109e-05
0.244 4.396935531e-05
0.246 4.312226948e-05
0.248 4.226314572e-05
0.25 4.138962077e-05
0.252 4.049845519e-05
0.254 3.959204597e-05
0.256 3.866855881e-05
0.258 3.774197262e-05
0.26 3.679971399e-05
0.262 3.584127819e-05
0.264 3.486699928e-05
0.266 3.387940679e-05
0.268 3.287778492e-05
0.27 3.186954895e-05
0.272 3.086521732e-05
0.274 2.984692326e-05
0.276 2.881636415e-05
0.278 2.777502134e-05
0.28 2.6720951e-05
0.282 2.565455487e-05
0.284 2.458884638e-05
0.286 2.352472295e-05
0.288 2.246577511e-05
0.29 2.301121833e-05
0.292 2.386274383e-05
0.294 2.46943335e-05
0.296 2.55234224e-05
0.298 2.633591612e-05
0.3 2.712815107e-05
0.302 2.797796536e-05
0.304 2.885836329e-05
0.306 2.97172179e-05
0.308 3.056438395e-05
0.31 3.139966833e-05
0.312 3.221307033e-05
0.314 3.303374411e-05
0.316 3.392359696e-05
0.318 3.479069588e-05
0.32 3.563829722e-05
0.322 3.647820937e-05
0.324 3.729501089e-05
0.326 3.808865698e-05
0.328 3.897101186e-05
0.33 3.983196099e-05
0.332 4.067353105e-05
0.334 4.15049995e-05
0.336 4.23125015e-05
0.338 4.314783735e-05
0.34 4.401940292e-05
0.342 4.486657303e-05
0.344 4.569730455e-05
0.346 4.65123882e-05
0.348 4.730258998e-05
0.35 4.808980059e-05
0.352 4.894779576e-05
0.354 4.988456014e-05
0.356 5.079597304e-05
0.358 5.168172259e-05
0.36 5.254152168e-05
0.362 5.337510856e-05
0.364 5.418224689e-05
0.366 5.496272564e-05
0.368 5.571635933e-05
0.37 5.660071003e-05
0.372 5.750164676e-05
0.374 5.838700591e-05
0.376 5.9245106e-05
0.378 6.007561333e-05
0.38 6.087821001e-05
0.382 6.165260219e-05
0.384 6.239851499e-05
0.386 6.31156969e-05
0.388 6.380392629e-05
0.39 6.446299963e-05
0.392 6.509273803e-05
0.394 6.569298627e-05
0.396 6.626361304e-05
0.398 6.680452093e-05
0.4 6.749344253e-05
0.402 6.816272313e-05
0.404 6.880939899e-05
0.406 6.942870382e-05
0.408 7.005307669e-05
0.41 7.067789514e-05
0.412 7.127181129e-05
0.414 7.183457857e-05
0.416 7.237630687e-05
0.418 7.288804826e-05
0.42 7.336803019e-05
0.422 7.388424363e-05
0.424 7.438154461e-05
0.426 7.484723445e-05
0.428 7.52901484e-05
0.43 7.570038589e-05
0.432 7.607776553e-05
0.434 7.642212676e-05
0.436 7.674871037e-05
0.438 7.707435871e-05
0.44 7.737461467e-05
0.442 7.768602604e-05
0.444 7.797449468e-05
0.446 7.822912112e-05
0.448 7.844976039e-05
0.45 7.863668132e-05
0.452 7.879791252e-05
0.454 7.892483842e-05
0.456 7.901738937e-05
0.458 7.907551723e-05
0.46 7.911939474e-05
0.462 7.916467588e-05
0.464 7.917538078e-05
0.466 7.915442416e-05
0.468 7.910319473e-05
0.47 7.901734395e-05
0.472 7.889690061e-05
0.474 7.874191318e-05
0.476 7.857446585e-05
0.478 7.838489908e-05
0.48 7.816084528e-05
0.482 7.790277811e-05
0.484 7.761598515e-05
0.486 7.729502349e-05
0.488 7.694029096e-05
0.49 7.659112008e-05
0.492 7.620809458e-05
0.494 7.579138931e-05
0.496 7.53411997e-05
0.498 7.485773904e-05
0.5 7.434173636e-05
0.502 7.379863364e-05
0.504 7.3222965e-05
0.506 7.2615042e-05
0.508 7.197517657e-05
0.51 7.130370081e-05
0.512 7.060396407e-05
0.514 6.990804804e-05
0.516 6.918131409e-05
0.518 6.842413327e-05
0.52 6.763751837e-05
0.522 6.682573642e-05
0.524 6.598468673e-05
0.526 6.511481069e-05
0.528 6.421656746e-05
0.53 6.329043525e-05
0.532 6.235381562e-05
0.534 6.139927974e-05
0.536 6.041815414e-05
0.538 5.94373467e-05
0.54 5.86638477e-05
0.542 5.787068732e-05
0.544 5.70582561e-05
0.546 5.622695556e-05
0.548 5.537666434e-05
0.55 5.450835949e-05
0.552 5.362244734e-05
0.554 5.271938957e-05
0.556 5.179963629e-05
0.558 5.08636477e-05
0.56 4.991404533e-05
0.562 4.895307714e-05
0.564 4.797726263e-05
0.566 4.698708092e-05
0.568 4.598301864e-05
0.57 4.496556839e-05
0.572 4.393522897e-05
0.574 4.289252599e-05
0.576 4.183873102e-05
0.578 4.077357183e-05
0.58 3.969756569e-05
0.582 3.861123671e-05
0.584 3.810271227e-05
0.586 3.7674805e-05
0.588 3.731288381e-05
0.59 3.695749478e-05
0.592 3.660350256e-05
0.594 3.624225773e-05
0.596 3.592115407e-05
0.598 3.559801363e-05
0.6 3.527541474e-05
0.602 3.494824145e-05
0.604 3.465887443e-05
0.606 3.437520232e-05
0.608 3.408588388e-05
0.61 3.379097448e-05
0.612 3.349053147e-05
0.614 3.318461397e-05
0.616 3.287328413e-05
0.618 3.255660577e-05
0.62 3.224933972e-05
0.622 3.193788979e-05
0.624 3.162139014e-05
0.626 3.139817241e-05
0.628 3.12113906e-05
0.63 3.102068902e-05
0.632 3.082610567e-05
0.634 3.062767582e-05
0.636 3.04254435e-05
0.638 3.021945862e-05
0.64 3.000976294e-05
0.642 2.979640477e-05
0.644 2.95794328e-05
0.646 2.935889846e-05
0.648 2.913485503e-05
0.65 2.890735781e-05
0.652 2.867646419e-05
0.654 2.84422333e-05
0.656 2.820472637e-05
0.658 2.796400659e-05
0.66 2.772013876e-05
0.662 2.747319004e-05
0.664 2.722323803e-05
0.666 2.82370828e-05
0.668 2.93702386e-05
0.67 3.048353408e-05
0.672 3.157663244e-05
0.674 3.264921519e-05
0.676 3.370098325e-05
0.678 3.474416187e-05
0.68 3.578565025e-05
0.682 3.680531062e-05
0.684 3.780287016e-05
0.686 3.877915208e-05
0.688 3.97360207e-05
0.69 4.067005667e-05
0.692 4.158105713e-05
0.694 4.246883882e-05
0.696 4.333323761e-05
0.698 4.417853825e-05
0.7 4.501733338e-05
0.702 4.583223022e-05
0.704 4.662310835e-05
0.706 4.738986591e-05
0.708 4.813241088e-05
0.71 4.885069427e-05
0.712 4.954466155e-05
0.714 5.021773952e-05
0.716 5.08671689e-05
0.718 5.149220635e-05
0.72 5.209287514e-05
0.722 5.26692081e-05
0.724 5.32515909e-05
0.726 5.381088397e-05
0.728 5.434581566e-05
0.73 5.485643841e-05
0.732 5.534264609e-05
0.734 5.580479748e-05
0.736 5.624293573e-05
0.738 5.666207671e-05
0.74 5.70575942e-05
0.742 5.742938742e-05
0.744 5.777759014e-05
0.746 5.810235223e-05
0.748 5.840383757e-05
0.75 5.870162492e-05
0.752 5.899065348e-05
0.754 5.926078558e-05
0.756 5.950929134e-05
0.758 5.976106487e-05
0.76 5.999515149e-05
0.762 6.020671509e-05
0.764 6.040052179e-05
0.766 6.057397093e-05
0.768 6.076565324e-05
0.77 6.094465483e-05
0.772 6.110200533e-05
0.774 6.124440326e-05
0.776 6.136478031e-05
0.778 6.146894121e-05
0.78 6.159414589e-05
0.782 6.172866627e-05
0.784 6.185040386e-05
0.786 6.195628758e-05
0.788 6.207483113e-05
0.79 6.218862742e-05
0.792 6.227891941e-05
0.794 6.23513635e-05
0.796 6.240142114e-05
0.798 6.242781678e-05
0.8 6.243056019e-05
0.802 6.242524172e-05
0.804 6.241260225e-05
0.806 6.237848534e-05
0.808 6.232144361e-05
0.81 6.224563021e-05
0.812 6.21624146e-05
0.814 6.205408655e-05
0.816 6.192070091e-05
0.818 6.176232817e-05
0.82 6.157905438e-05
0.822 6.13709819e-05
0.824 6.114113734e-05
0.826 6.088697752e-05
0.828 6.060828867e-05
0.83 6.030523505e-05
0.832 5.997799681e-05
0.834 5.962676982e-05
0.836 5.925856764e-05
0.838 5.887713723e-05
0.84 5.847163312e-05
0.842 5.804231886e-05
0.844 5.758947403e-05
0.846 5.711339402e-05
0.848 5.661438948e-05
0.85 5.609278635e-05
0.852 5.554892538e-05
0.854 5.498316183e-05
0.856 5.439586348e-05
0.858 5.378741572e-05
0.86 5.31582146e-05
0.862 5.250866973e-05
0.864 5.183920326e-05
0.866 5.115024965e-05
0.868 5.044225497e-05
0.87 4.971719673e-05
0.872 4.897400999e-05
0.874 4.821313636e-05
0.876 4.743506447e-05
0.878 4.664029238e-05
0.88 4.582931758e-05
0.882 4.500267723e-05
0.884 4.41608846e-05
0.886 4.330447021e-05
0.888 4.243397152e-05
0.89 4.154993225e-05
0.892 4.065290069e-05
0.894 3.97434328e-05
0.896 3.88220875e-05
0.898 3.788942806e-05
0.9 3.695385115e-05
0.902 3.601124438e-05
0.904 3.506028172e-05
0.906 3.410376423e-05
0.908 3.315127674e-05
0.91 3.219838614e-05
0.912 3.126787836e-05
0.914 3.032965882e-05
0.916 2.938871686e-05
0.918 2.84408143e-05
0.92 2.749378086e-05
0.922 2.656094647e-05
0.924 2.565069891e-05
0.926 2.473842063e-05
0.928 2.383084492e-05
0.93 2.294843628e-05
0.932 2.206033086e-05
0.934 2.11669862e-05
0.936 2.02703855e-05
0.938 1.937286614e-05
0.94 1.84714143e-05
0.942 1.758617654e-05
0.944 1.678226661e-05
0.946 1.597398993e-05
0.948 1.516149624e-05
0.95 1.434496239e-05
0.952 1.368356944e-05
0.954 1.330453922e-05
0.956 1.291857181e-05
0.958 1.366962949e-05
0.96 1.446611001e-05
0.962 1.525824822e-05
0.964 1.60456463e-05
0.966 1.682796031e-05
0.968 1.760834389e-05
0.97 1.838511249e-05
0.972 1.915597457e-05
0.974 1.992077686e-05
0.976 2.06799583e-05
0.978 2.143232251e-05
0.98 2.218886485e-05
0.982 2.294500641e-05
0.984 2.369401018e-05
0.986 2.443562275e-05
0.988 2.516959494e-05
0.99 2.589568209e-05
0.992 2.661494253e-05
0.994 2.732615921e-05
0.996 2.802882104e-05
0.998 2.872643892e-05
1 2.944384068e-05
1.002 3.015370447e-05
1.004 3.08707125e-05
1.006 3.158567886e-05
1.008 3.230681296e-05
1.01 3.303547626e-05
1.012 3.377133203e-05
1.014 3.450101096e-05
1.016 3.522477703e-05
1.018 3.595737007e-05
1.02 3.669997301e-05
1.022 3.743650899e-05
1.024 3.816496523e-05
1.026 3.888496419e-05
1.028 3.962277377e-05
1.03 4.035262615e-05
1.032 4.108036349e-05
1.034 4.180606513e-05
1.036 4.252415824e-05
1.038 4.324604617e-05
1.04 4.395497266e-05
1.042 4.465185655e-05
1.044 4.533698876e-05
1.046 4.600825248e-05
1.048 4.667366295e-05
1.05 4.733443056e-05
1.052 4.798088882e-05
1.054 4.861401724e-05
1.056 4.923181752e-05
1.058 4.983398986e-05
1.06 5.04202428e-05
1.062 5.099090827e-05
1.064 5.15526966e-05
1.066 5.20977621e-05
1.068 5.262583682e-05
1.07 5.313666197e-05
1.072 5.362998869e-05
1.074 5.410557804e-05
1.076 5.456320154e-05
1.078 5.500264102e-05
1.08 5.54241249e-05
1.082 5.582764006e-05
1.084 5.621239002e-05
1.086 5.657819324e-05
1.088 5.692491821e-05
1.09 5.725237291e-05
1.092 5.756043871e-05
1.094 5.784897808e-05
1.096 5.811787349e-05
1.098 5.836701821e-05
1.1 5.859631753e-05
1.102 5.880568818e-05
1.104 5.899868743e-05
1.106 5.917506458e-05
1.108 5.933145978e-05
1.11 5.946782754e-05
1.112 5.958413379e-05
1.114 5.968035624e-05
1.116 5.975648245e-05
1.118 5.981247362e-05
1.12 5.984837826e-05
1.122 5.986421808e-05
1.124 5.986002542e-05
1.126 5.98358437e-05
1.128 5.979172688e-05
1.13 5.972909859e-05
1.132 5.964695554e-05
1.134 5.954512545e-05
1.136 5.94237027e-05
1.138 5.928279065e-05
1.14 5.912250301e-05
1.142 5.894296327e-05
1.144 5.875052173e-05
1.146 5.85468886e-05
1.148 5.832459054e-05
1.15 5.808376784e-05
1.152 5.782529192e-05
1.154 5.755012351e-05
1.156 5.725691298e-05
1.158 5.694582821e-05
1.16 5.661704461e-05
1.162 5.628434005e-05
1.164 5.593436417e-05
1.166 5.556723501e-05
1.168 5.518422361e-05
1.17 5.478614563e-05
1.172 5.437320646e-05
1.174 5.396327762e-05
1.176 5.353923148e-05
1.178 5.310797687e-05
1.18 5.267630555e-05
1.182 5.223041794e-05
1.184 5.176970369e-05
1.186 5.129366384e-05
1.188 5.081629136e-05
1.19 5.032302998e-05
1.192 4.981580874e-05
1.194 4.929386089e-05
1.196 4.877123251e-05
1.198 4.823634496e-05
1.2 4.768575548e-05
1.202 4.711963955e-05
1.204 4.654046616e-05
1.206 4.594599055e-05
1.208 4.533638603e-05
1.21 4.471183461e-05
1.212 4.407252736e-05
1.214 4.3423751e-05
1.216 4.276608349e-05
1.218 4.209385572e-05
1.22 4.140729665e-05
1.222 4.070663804e-05
1.224 3.999212973e-05
1.226 3.926403729e-05
1.228 3.852259992e-05
1.23 3.776808751e-05
1.232 3.700075739e-05
1.234 3.622114762e-05
1.236 3.543001971e-05
1.238 3.462695741e-05
1.24 3.38122794e-05
1.242 3.29863122e-05
1.244 3.214939056e-05
1.246 3.130185923e-05
1.248 3.04440692e-05
1.25 2.957638014e-05
1.252 2.869915861e-05
1.254 2.781277979e-05
1.256 2.691762532e-05
1.258 2.601408388e-05
1.26 2.5102551e-05
1.262 2.471727449e-05
1.264 2.460917554e-05
1.266 2.449925346e-05
1.268 2.438761637e-05
1.27 2.427437375e-05
1.272 2.41596332e-05
1.274 2.404350365e-05
1.276 2.392609417e-05
1.278 2.380751244e-05
1.28 2.368786718e-05
1.282 2.356726653e-05
1.284 2.344581838e-05
1.286 2.33236306e-05
1.288 2.320081005e-05
1.29 2.336140875e-05
1.292 2.354728878e-05
1.294 2.373033833e-05
1.296 2.391059419e-05
1.298 2.408808733e-05
1.3 2.426285708e-05
1.302 2.443494342e-05
1.304 2.460438816e-05
1.306 2.47712352e-05
1.308 2.493553068e-05
1.31 2.509731961e-05
1.312 2.530824551e-05
1.314 2.578925007e-05
1.316 2.626489806e-05
1.318 2.673509367e-05
1.32 2.722428492e-05
1.322 2.770897702e-05
1.324 2.818743529e-05
1.326 2.866003232e-05
1.328 2.912734042e-05
1.33 2.958819336e-05
1.332 3.004252926e-05
1.334 3.049029281e-05
1.336 3.093142975e-05
1.338 3.136589002e-05
1.34 3.179362631e-05
1.342 3.221459464e-05
1.344 3.262875398e-05
1.346 3.303606671e-05
1.348 3.343649779e-05
1.35 3.383001514e-05
1.352 3.421658915e-05
1.354 3.459619287e-05
1.356 3.512787942e-05
1.358 3.571438679e-05
1.36 3.629072202e-05
1.362 3.685852523e-05
1.364 3.741607888e-05
1.366 3.797009176e-05
1.368 3.853953584e-05
1.37 3.909751317e-05
1.372 3.965459067e-05
1.374 4.019992424e-05
1.376 4.073309018e-05
1.378 4.125392758e-05
1.38 4.176227585e-05
1.382 4.225961822e-05
1.384 4.274433268e-05
1.386 4.324120519e-05
1.388 4.372755412e-05
1.39 4.420017369e-05
1.392 4.465940166e-05
1.394 4.51114344e-05
1.396 4.554907588e-05
1.398 4.597219381e-05
1.4 4.638065502e-05
1.402 4.677432729e-05
1.404 4.715309053e-05
1.406 4.751765531e-05
1.408 4.786716532e-05
1.41 4.820139639e-05
1.412 4.852025236e-05
1.414 4.882364403e-05
1.416 4.91114891e-05
1.418 4.938371229e-05
1.42 4.964024537e-05
1.422 4.988353071e-05
1.424 5.011507475e-05
1.426 5.0330186e-05
1.428 5.052882626e-05
1.43 5.071096476e-05
1.432 5.087657808e-05
1.434 5.102565059e-05
1.436 5.115817417e-05
1.438 5.127414828e-05
1.44 5.13735797e-05
1.442 5.145648243e-05
1.444 5.152287797e-05
1.446 5.157279501e-05
1.448 5.160626959e-05
1.45 5.162334466e-05
1.452 5.162407031e-05
1.454 5.160850358e-05
1.456 5.157670845e-05
1.458 5.15287557e-05
1.46 5.146472301e-05
1.462 5.138469461e-05
1.464 5.128876148e-05
1.466 5.117702108e-05
1.468 5.104957739e-05
1.47 5.090654076e-05
1.472 5.075105047e-05
1.474 5.058450703e-05
1.476 5.040326578e-05
1.478 5.020745831e-05
1.48 4.999722361e-05
1.482 4.977270643e-05
1.484 4.953405826e-05
1.486 4.928143414e-05
1.488 4.901499592e-05
1.49 4.873545734e-05
1.492 4.844287756e-05
1.494 4.813705321e-05
1.496 4.781816142e-05
1.498 4.748638256e-05
1.5 4.714190835e-05
1.502 4.67896573e-05
1.504 4.642814719e-05
1.506 4.605475118e-05
1.508 4.566967231e-05
1.51 4.527410126e-05
1.512 4.488142951e-05
1.514 4.44941481e-05
1.516 4.409821411e-05
1.518 4.369229552e-05
1.52 4.328429862e-05
1.522 4.290402979e-05
1.524 4.252233013e-05
1.526 4.216212834e-05
1.528 4.181705453e-05
1.53 4.150873001e-05
1.532 4.120153397e-05
1.534 4.088914933e-05
1.536 4.058815025e-05
1.538 4.03015886e-05
1.54 4.001829295e-05
1.542 3.97333531e-05
1.544 3.94565111e-05
1.546 3.917820167e-05
1.548 3.889653046e-05
1.55 3.861786318e-05
1.552 3.836725337e-05
1.554 3.811588276e-05
1.556 3.794014416e-05
1.558 3.777683965e-05
1.56 3.762713395e-05
1.562 3.747562873e-05
1.564 3.73227739e-05
1.566 3.718685842e-05
1.568 3.704767129e-05
1.57 3.690814738e-05
1.572 3.677859155e-05
1.574 3.66721594e-05
1.576 3.656258702e-05
1.578 3.644992896e-05
1.58 3.633424087e-05
1.582 3.621558326e-05
1.584 3.609578408e-05
1.586 3.597853321e-05
1.588 3.593059482e-05
1.59 3.587974557e-05
1.592 3.582601343e-05
1.594 3.576942903e-05
1.596 3.571002584e-05
1.598 3.564783875e-05
1.6 3.558290739e-05
1.602 3.551527297e-05
1.604 3.544497962e-05
1.606 3.537207449e-05
1.608 3.529660648e-05
1.61 3.521862722e-05
1.612 3.513819081e-05
1.614 3.50553538e-05
1.616 3.497017514e-05
1.618 3.488271605e-05
1.62 3.47930401e-05
1.622 3.470121297e-05
1.624 3.460730299e-05
1.626 3.451137981e-05
1.628 3.441351639e-05
1.63 3.431378644e-05
1.632 3.421226517e-05
1.634 3.410902921e-05
1.636 3.429511306e-05
1.638 3.448291652e-05
1.64 3.466967174e-05
1.642 3.485534139e-05
1.644 3.503988888e-05
1.646 3.52232781e-05
1.648 3.540547436e-05
1.65 3.558644137e-05
1.652 3.576614433e-05
1.654 3.594455037e-05
1.656 3.61216282e-05
1.658 3.62973409e-05
1.66 3.647165746e-05
1.662 3.66445474e-05
1.664 3.681597916e-05
1.666 3.698592186e-05
1.668 3.715434564e-05
1.67 3.73212211e-05
1.672 3.748651992e-05
1.674 3.76598703e-05
1.676 3.7846431e-05
1.678 3.803134066e-05
1.68 3.822544747e-05
1.682 3.859078111e-05
1.684 3.895265393e-05
1.686 3.931092155e-05
1.688 3.966544202e-05
1.69 4.00160749e-05
1.692 4.036423203e-05
1.694 4.077657922e-05
1.696 4.125562967e-05
1.698 4.172572092e-05
1.7 4.218673098e-05
1.702 4.263854143e-05
1.704 4.308103705e-05
1.706 4.351410559e-05
1.708 4.393763992e-05
1.71 4.435153398e-05
1.712 4.475568613e-05
1.714 4.514999803e-05
1.716 4.553437446e-05
1.718 4.590872362e-05
1.72 4.627295749e-05
1.722 4.662699059e-05
1.724 4.697074105e-05
1.726 4.730413068e-05
1.728 4.762708379e-05
1.73 4.793952843e-05
1.732 4.824139582e-05
1.734 4.85326205e-05
1.736 4.881314039e-05
1.738 4.908289634e-05
1.74 4.934183467e-05
1.742 4.958989541e-05
1.744 4.982703733e-05
1.746 5.005440581e-05
1.748 5.027286274e-05
1.75 5.048044124e-05
1.752 5.067710194e-05
1.754 5.086280719e-05
1.756 5.103752087e-05
1.758 5.120193595e-05
1.76 5.136348129e-05
1.762 5.151872049e-05
1.764 5.166324689e-05
1.766 5.179702276e-05
1.768 5.192059469e-05
1.77 5.203361977e-05
1.772 5.213582214e-05
1.774 5.222717687e-05
1.776 5.230766254e-05
1.778 5.237906534e-05
1.78 5.24437233e-05
1.782 5.249755966e-05
1.784 5.254093809e-05
1.786 5.257430583e-05
1.788 5.261068701e-05
1.79 5.263734655e-05
1.792 5.265339702e-05
1.794 5.265882744e-05
1.796 5.26536302e-05
1.798 5.26378022e-05
1.8 5.261208282e-05
1.802 5.257595861e-05
1.804 5.252923531e-05
1.806 5.247190434e-05
1.808 5.24040433e-05
1.81 5.232694782e-05
1.812 5.224487976e-05
1.814 5.215239731e-05
1.816 5.20496546e-05
1.818 5.193770825e-05
1.82 5.181546816e-05
1.822 5.168884575e-05
1.824 5.155734156e-05
1.826 5.141989597e-05
1.828 5.127263574e-05
1.83 5.111561346e-05
1.832 5.094888639e-05
1.834 5.077251645e-05
1.836 5.058657033e-05
1.838 5.039149416e-05
1.84 5.018775191e-05
1.842 4.997468414e-05
1.844 4.97523754e-05
1.846 4.952091503e-05
1.848 4.928736658e-05
1.85 4.904671886e-05
1.852 4.879768414e-05
1.854 4.854127549e-05
1.856 4.827655845e-05
1.858 4.801442569e-05
1.86 4.774544259e-05
1.862 4.747589425e-05
1.864 4.719884359e-05
1.866 4.691438351e-05
1.868 4.66232259e-05
1.87 4.632592173e-05
1.872 4.602222006e-05
1.874 4.572331077e-05
1.876 4.541838338e-05
1.878 4.510870666e-05
1.88 4.480431148e-05
1.882 4.450714147e-05
1.884 4.420641396e-05
1.886 4.391336756e-05
1.888 4.361910073e-05
1.89 4.334542508e-05
1.892 4.310634958e-05
1.894 4.290317096e-05
1.896 4.270748869e-05
1.898 4.254091505e-05
1.9 4.238085708e-05
1.902 4.22424182e-05
1.904 4.210226751e-05
1.906 4.201370748e-05
1.908 4.192843967e-05
1.91 4.18418494e-05
1.912 4.175397548e-05
1.914 4.166486538e-05
1.916 4.157456083e-05
1.918 4.148310613e-05
1.92 4.139054624e-05
1.922 4.129692685e-05
1.924 4.120229444e-05
1.926 4.110669616e-05
1.928 4.10101815e-05
1.93 4.091281197e-05
1.932 4.081461639e-05
1.934 4.071564912e-05
1.936 4.061596095e-05
1.938 4.051560278e-05
1.94 4.041462683e-05
1.942 4.031308523e-05
1.944 4.021103122e-05
1.946 4.010851858e-05
1.948 4.00092173e-05
1.95 3.991089708e-05
1.952 3.981228533e-05
1.954 3.97134355e-05
1.956 3.961440158e-05
1.958 3.951523804e-05
1.96 3.941599985e-05
1.962 3.931674299e-05
1.964 3.924813908e-05
1.966 3.942777343e-05
1.968 3.960709693e-05
1.97 3.978606804e-05
1.972 3.996464412e-05
1.974 4.014278391e-05
1.976 4.032044565e-05
1.978 4.049758964e-05
1.98 4.067417618e-05
1.982 4.085016542e-05
1.984 4.102551759e-05
1.986 4.12001943e-05
1.988 4.137415652e-05
1.99 4.154736665e-05
1.992 4.171978795e-05
1.994 4.189138183e-05
1.996 4.207825027e-05
1.998 4.22685249e-05
2 4.245770011e-05
2.002 4.268884179e-05
2.004 4.294831103e-05
2.006 4.320597541e-05
2.008 4.350904807e-05
2.01 4.383204396e-05
2.012 4.417807579e-05
2.014 4.452028993e-05
2.016 4.485857859e-05
2.018 4.521059258e-05
2.02 4.558164794e-05
2.022 4.594753304e-05
2.024 4.630814255e-05
2.026 4.666337102e-05
2.028 4.701311768e-05
2.03 4.735728396e-05
2.032 4.771926318e-05
2.034 4.808633517e-05
2.036 4.844769185e-05
2.038 4.88028876e-05
2.04 4.915120289e-05
2.042 4.949254362e-05
2.044 4.982681787e-05
2.046 5.01745448e-05
2.048 5.052594057e-05
2.05 5.086915939e-05
2.052 5.120410319e-05
2.054 5.153078214e-05
2.056 5.185013781e-05
2.058 5.216090346e-05
2.06 5.246299225e-05
2.062 5.275632466e-05
2.064 5.304082262e-05
2.066 5.332613384e-05
2.068 5.361179923e-05
2.07 5.388963196e-05
2.072 5.415736074e-05
2.074 5.44149134e-05
2.076 5.466222242e-05
2.078 5.489922472e-05
2.08 5.512586189e-05
2.082 5.534208e-05
2.084 5.554782978e-05
2.086 5.574306654e-05
2.088 5.592775017e-05
2.09 5.61018452e-05
2.092 5.626532073e-05
2.094 5.641815044e-05
2.096 5.656031259e-05
2.098 5.669179019e-05
2.1 5.681257073e-05
2.102 5.692264637e-05
2.104 5.702201365e-05
2.106 5.711067373e-05
2.108 5.718863212e-05
2.11 5.725589885e-05
2.112 5.731248847e-05
2.114 5.735841978e-05
2.116 5.739371638e-05
2.118 5.741840608e-05
2.12 5.743252119e-05
2.122 5.743609838e-05
2.124 5.742917876e-05
2.126 5.741180773e-05
2.128 5.738403491e-05
2.13 5.73459146e-05
2.132 5.729750499e-05
2.134 5.723886891e-05
2.136 5.717007299e-05
2.138 5.709118882e-05
2.14 5.700229166e-05
2.142 5.690346085e-05
2.144 5.679477999e-05
2.146 5.668019698e-05
2.148 5.655761732e-05
2.15 5.642767183e-05
2.152 5.630360278e-05
2.154 5.617107758e-05
2.156 5.603018838e-05
2.158 5.588102857e-05
2.16 5.572369563e-05
2.162 5.555939622e-05
2.164 5.538733306e-05
2.166 5.520744241e-05
2.168 5.501982595e-05
2.17 5.484027709e-05
2.172 5.467088804e-05
2.174 5.449493154e-05
2.176 5.431250759e-05
2.178 5.41250455e-05
2.18 5.393162271e-05
2.182 5.37399859e-05
2.184 5.357045425e-05
2.186 5.339578497e-05
2.188 5.321635461e-05
2.19 5.303347885e-05
2.192 5.284580488e-05
2.194 5.267778856e-05
2.196 5.251923983e-05
2.198 5.235715649e-05
2.2 5.219331771e-05
2.202 5.20363885e-05
2.204 5.188321374e-05
2.206 5.174249675e-05
2.208 5.160978308e-05
2.21 5.147679048e-05
2.212 5.136011864e-05
2.214 5.124194387e-05
2.216 5.112448138e-05
2.218 5.100923591e-05
2.22 5.092033065e-05
2.222 5.083010352e-05
2.224 5.074020315e-05
2.226 5.065075275e-05
2.228 5.056821108e-05
2.23 5.050081896e-05
2.232 5.043261707e-05
2.234 5.039653734e-05
2.236 5.037200906e-05
2.238 5.03470437e-05
2.24 5.032169173e-05
2.242 5.029600426e-05
2.244 5.027002911e-05
2.246 5.024381776e-05
2.248 5.021742148e-05
2.25 5.019089151e-05
2.252 5.016427936e-05
2.254 5.01376367e-05
2.256 5.011101537e-05
2.258 5.008446812e-05
2.26 5.005804611e-05
2.262 5.003180188e-05
2.264 5.000578754e-05
2.266 4.998005544e-05
2.268 4.995465778e-05
2.27 4.992964706e-05
2.272 4.990507556e-05
2.274 4.988099558e-05
2.276 4.985746092e-05
2.278 4.983452141e-05
2.28 4.981222963e-05
2.282 4.97906375e-05
2.284 4.999772976e-05
2.286 5.023372512e-05
2.288 5.046994362e-05
2.29 5.070634081e-05
2.292 5.094287265e-05
2.294 5.117949538e-05
2.296 5.141616585e-05
2.298 5.165284116e-05
2.3 5.188947895e-05
2.302 5.212603929e-05
2.304 5.236247773e-05
2.306 5.261005808e-05
2.308 5.291560652e-05
2.31 5.322318317e-05
2.312 5.353005849e-05
2.314 5.383594447e-05
2.316 5.414077307e-05
2.318 5.445064945e-05
2.32 5.47670192e-05
2.322 5.508192636e-05
2.324 5.539529989e-05
2.326 5.57070695e-05
2.328 5.601716605e-05
2.33 5.632552095e-05
2.332 5.663206646e-05
2.334 5.693673623e-05
2.336 5.724063401e-05
2.338 5.756221327e-05
2.34 5.789330063e-05
2.342 5.822150986e-05
2.344 5.854676605e-05
2.346 5.886899572e-05
2.348 5.918895235e-05
2.35 5.951261305e-05
2.352 5.983279839e-05
2.354 6.014943785e-05
2.356 6.04624619e-05
2.358 6.077180585e-05
2.36 6.107740091e-05
2.362 6.137918404e-05
2.364 6.167709347e-05
2.366 6.197106893e-05
2.368 6.226457286e-05
2.37 6.256619709e-05
2.372 6.286290535e-05
2.374 6.315463846e-05
2.376 6.344133893e-05
2.378 6.372295204e-05
2.38 6.399942504e-05
2.382 6.427070757e-05
2.384 6.453675134e-05
2.386 6.479751044e-05
2.388 6.505294126e-05
2.39 6.530300238e-05
2.392 6.554765475e-05
2.394 6.578686152e-05
2.396 6.602058823e-05
2.398 6.624880232e-05
2.4 6.647147431e-05
2.402 6.668857654e-05
2.404 6.690008377e-05
2.406 6.710597296e-05
2.408 6.73062237e-05
2.41 6.750081732e-05
2.412 6.768973781e-05
2.414 6.787297126e-05
2.416 6.805050628e-05
2.418 6.822233394e-05
2.42 6.838844738e-05
2.422 6.854884192e-05
2.424 6.870351536e-05
2.426 6.885246758e-05
2.428 6.899570085e-05
2.43 6.913321966e-05
2.432 6.92650307e-05
2.434 6.939114294e-05
2.436 6.951156753e-05
2.438 6.962631831e-05
2.44 6.973541019e-05
2.442 6.983904786e-05
2.444 6.993787566e-05
2.446 7.004036498e-05
2.448 7.014420633e-05
2.45 7.024328922e-05
2.452 7.033763535e-05
2.454 7.042726838e-05
2.456 7.051221361e-05
2.458 7.059249828e-05
2.46 7.06681513e-05
2.462 7.073920468e-05
2.464 7.080568932e-05
2.466 7.087000686e-05
2.468 7.093549226e-05
2.47 7.099675009e-05
2.472 7.105381668e-05
2.474 7.110673e-05
2.476 7.115552941e-05
2.478 7.120025645e-05
2.48 7.124149482e-05
2.482 7.128018302e-05
2.484 7.131497376e-05
2.486 7.134591331e-05
2.488 7.139225667e-05
2.49 7.144517672e-05
2.492 7.149500143e-05
2.494 7.154177105e-05
2.496 7.15855292e-05
2.498 7.162669906e-05
2.5 7.166661778e-05
2.502 7.170369846e-05
2.504 7.173798739e-05
2.506 7.176953337e-05
2.508 7.179838509e-05
2.51 7.18382488e-05
2.512 7.187597292e-05
2.514 7.191134332e-05
2.516 7.194440812e-05
2.518 7.197521656e-05
2.52 7.200381826e-05
2.522 7.2030264e-05
2.524 7.205763321e-05
2.526 7.208301295e-05
2.528 7.210642452e-05
2.53 7.212792083e-05
2.532 7.216243589e-05
2.534 7.22041539e-05
2.536 7.224431503e-05
2.538 7.228296617e-05
2.54 7.232015464e-05
2.542 7.235592857e-05
2.544 7.239033667e-05
2.546 7.242342784e-05
2.548 7.247484513e-05
2.55 7.25517682e-05
2.552 7.262784234e-05
2.554 7.270310068e-05
2.556 7.27775773e-05
2.558 7.28513041e-05
2.56 7.292431714e-05
2.562 7.299665058e-05
2.564 7.306833936e-05
2.566 7.313941862e-05
2.568 7.320992384e-05
2.57 7.327989091e-05
2.572 7.334935544e-05
2.574 7.341835414e-05
2.576 7.348692347e-05
2.578 7.355510007e-05
2.58 7.362292082e-05
2.582 7.369042307e-05
2.584 7.375764404e-05
2.586 7.382462115e-05
2.588 7.389139202e-05
2.59 7.395799427e-05
2.592 7.402446572e-05
2.594 7.409084414e-05
2.596 7.415716741e-05
2.598 7.422347321e-05
2.6 7.428979983e-05
2.602 7.435618513e-05
2.604 7.442266701e-05
2.606 7.448928338e-05
2.608 7.455607116e-05
2.61 7.462611375e-05
2.612 7.491253388e-05
2.614 7.519864716e-05
2.616 7.548440984e-05
2.618 7.576977673e-05
2.62 7.605470469e-05
2.622 7.633915062e-05
2.624 7.662307177e-05
2.626 7.690642618e-05
2.628 7.718917149e-05
2.63 7.747126601e-05
2.632 7.775266903e-05
2.634 7.803333968e-05
2.636 7.831323777e-05
2.638 7.859232361e-05
2.64 7.887055774e-05
2.642 7.914789522e-05
2.644 7.942430606e-05
2.646 7.969975059e-05
2.648 7.997419179e-05
2.65 8.024759324e-05
2.652 8.051991886e-05
2.654 8.079113323e-05
2.656 8.106120152e-05
2.658 8.133009528e-05
2.66 8.159777249e-05
2.662 8.186420217e-05
2.664 8.212935181e-05
2.666 8.239318939e-05
2.668 8.265568369e-05
2.67 8.291680409e-05
2.672 8.317652063e-05
2.674 8.343480402e-05
2.676 8.369162074e-05
2.678 8.394695044e-05
2.68 8.420076358e-05
2.682 8.445303354e-05
2.684 8.470373437e-05
2.686 8.495284079e-05
2.688 8.520032823e-05
2.69 8.544617281e-05
2.692 8.569035159e-05
2.694 8.593284209e-05
2.696 8.61736226e-05
2.698 8.641788295e-05
2.7 8.666529357e-05
2.702 8.691029801e-05
2.704 8.715287283e-05
2.706 8.739299542e-05
2.708 8.763064431e-05
2.71 8.786579881e-05
2.712 8.809842589e-05
2.714 8.832852813e-05
2.716 8.855608122e-05
2.718 8.878106903e-05
2.72 8.900347597e-05
2.722 8.922328763e-05
2.724 8.944049039e-05
2.726 8.965507219e-05
2.728 8.986702148e-05
2.73 9.007632808e-05
2.732 9.028298278e-05
2.734 9.048697745e-05
2.736 9.068830496e-05
2.738 9.08869593e-05
2.74 9.108293549e-05
2.742 9.12762296e-05
2.744 9.146683873e-05
2.746 9.165476113e-05
2.748 9.183999555e-05
2.75 9.2022543e-05
2.752 9.22024046e-05
2.754 9.23795827e-05
2.756 9.255408072e-05
2.758 9.272590306e-05
2.76 9.28950553e-05
2.762 9.306154387e-05
2.764 9.323620145e-05
2.766 9.340916255e-05
2.768 9.358012368e-05
2.77 9.374909067e-05
2.772 9.391607008e-05
2.774 9.40810693e-05
2.776 9.424409638e-05
2.778 9.440516359e-05
2.78 9.456427601e-05
2.782 9.472144497e-05
2.784 9.487668152e-05
2.786 9.502999751e-05
2.788 9.518140661e-05
2.79 9.533092996e-05
2.792 9.547856907e-05
2.794 9.562434197e-05
2.796 9.576826397e-05
2.798 9.59103511e-05
2.8 9.605062036e-05
2.802 9.618908915e-05
2.804 9.632577578e-05
2.806 9.646069923e-05
2.808 9.659387918e-05
2.81 9.672533624e-05
2.812 9.685509097e-05
2.814 9.698316539e-05
2.816 9.710958188e-05
2.818 9.723436347e-05
2.82 9.735753393e-05
2.822 9.747911649e-05
2.824 9.759913757e-05
2.826 9.771762241e-05
2.828 9.783459721e-05
2.83 9.795008877e-05
2.832 9.806412441e-05
2.834 9.817673204e-05
2.836 9.828794023e-05
2.838 9.839777808e-05
2.84 9.850627685e-05
2.842 9.861346597e-05
2.844 9.871937447e-05
2.846 9.882403409e-05
2.848 9.892747669e-05
2.85 9.902973427e-05
2.852 9.913084702e-05
2.854 9.923083652e-05
2.856 9.932973972e-05
2.858 9.942759058e-05
2.86 9.952442356e-05
2.862 9.962027363e-05
2.864 9.971517596e-05
2.866 9.980916632e-05
2.868 9.990228052e-05
2.87 9.99945552e-05
2.872 0.0001000860267
2.874 0.0001001767319
2.876 0.0001002667083
2.878 0.0001003559937
2.88 0.0001004446254
2.882 0.0001005326417
2.884 0.0001006200811
2.886 0.0001007069818
2.888 0.0001007933826
2.89 0.0001008793228
2.892 0.0001009648415
2.894 0.0001010499778
2.896 0.0001011347709
2.898 0.000101219261
2.9 0.0001013034878
2.902 0.0001013874911
2.904 0.000101471311
2.906 0.0001015549875
2.908 0.0001016385608
2.91 0.000101722071
2.912 0.0001018055585
2.914 0.0001018890636
2.916 0.0001019726266
2.918 0.0001020562876
2.92 0.0001021400871
2.922 0.0001022240652
2.924 0.0001023082622
2.926 0.0001023927183
2.928 0.0001024774734
2.93 0.0001025625693
2.932 0.0001026480434
2.934 0.0001027339361
2.936 0.0001028845626
2.938 0.00010315567
2.94 0.0001034269011
2.942 0.0001036982284
2.944 0.0001039696246
2.946 0.0001042410626
2.948 0.0001045125151
2.95 0.0001047839552
2.952 0.0001050553561
2.954 0.0001053266911
2.956 0.0001055979366
2.958 0.0001058690625
2.96 0.0001061400436
2.962 0.000106410854
2.964 0.000106681468
2.966 0.0001069518558
2.968 0.0001072219981
2.97 0.0001074918686
2.972 0.0001077614422
2.974 0.0001080306949
2.976 0.0001082996024
2.978 0.0001085681407
2.98 0.0001088362865
2.982 0.0001091040162
2.984 0.0001093713071
2.986 0.0001096381365
2.988 0.0001099044821
2.99 0.0001101703217
2.992 0.0001104356339
2.994 0.0001107003976
2.996 0.0001109645918
2.998 0.0001112281964
3 0.0001114911915
3.002 0.0001117535566
3.004 0.0001120152725
3.006 0.0001122763203
3.008 0.0001125366815
3.01 0.0001127963377
3.012 0.0001130552714
3.014 0.0001133134648
3.016 0.0001135709014
3.018 0.0001138275644
3.02 0.000114083438
3.022 0.0001143385066
3.024 0.000114592755
3.026 0.0001148461686
3.028 0.0001150987331
3.03 0.0001153504348
3.032 0.0001156012603
3.034 0.0001158511967
3.036 0.0001161002318
3.038 0.0001163483536
3.04 0.0001165955508
3.042 0.0001168418123
3.044 0.0001170871279
3.046 0.0001173314876
3.048 0.000117574882
3.05 0.0001178173021
3.052 0.0001180587397
3.054 0.0001182991867
3.056 0.0001185386358
3.058 0.0001187770801
3.06 0.0001190145132
3.062 0.0001192509296
3.064 0.0001194863239
3.066 0.0001197206917
3.068 0.0001199540288
3.07 0.0001201863314
3.072 0.0001204175961
3.074 0.0001206478202
3.076 0.0001208770012
3.078 0.0001211051375
3.08 0.0001213322373
3.082 0.0001215582869
3.084 0.0001217832892
3.086 0.0001220072446
3.088 0.0001222301526
3.09 0.0001224520069
3.092 0.0001226728221
3.094 0.0001228925978
3.096 0.000123111337
3.098 0.0001233290434
3.1 0.0001235457209
3.102 0.0001237613742
3.104 0.0001239760083
3.106 0.0001241896286
3.108 0.0001244022414
3.11 0.0001246138529
3.112 0.0001248244704
3.114 0.0001250341013
3.116 0.0001252427537
3.118 0.000125450436
3.12 0.0001256571571
3.122 0.0001258629266
3.124 0.0001260677542
3.126 0.0001262716504
3.128 0.0001264746261
3.13 0.0001266766924
3.132 0.0001268778612
3.134 0.0001270781447
3.136 0.0001272775555
3.138 0.0001274761067
3.14 0.0001276738118
3.142 0.0001278706851
3.144 0.0001280667407
3.146 0.0001282619935
3.148 0.0001284564586
3.15 0.000128650152
3.152 0.0001288430904
3.154 0.0001290352898
3.156 0.0001292267668
3.158 0.0001294175384
3.16 0.000129607623
3.162 0.0001297970383
3.164 0.000129985802
3.166 0.0001301739343
3.168 0.0001303614512
3.17 0.000130548376
3.172 0.0001307347277
3.174 0.0001309205267
3.176 0.0001311057937
3.178 0.0001312905494
3.18 0.0001314748153
3.182 0.000131658613
3.184 0.0001318419643
3.186 0.0001320248915
3.188 0.0001322074171
3.19 0.000132389563
3.192 0.0001325713556
3.194 0.0001327528152
3.196 0.0001329339661
3.198 0.0001331148289
3.2 0.0001332954319
3.202 0.0001334757984
3.204 0.0001336559526
3.206 0.0001338359196
3.208 0.0001340157239
3.21 0.0001341953907
3.212 0.0001343749453
3.214 0.0001345544119
3.216 0.000134733818
3.218 0.0001349131888
3.22 0.0001350925503
3.222 0.0001352719286
3.224 0.0001354513502
3.226 0.0001356308411
3.228 0.0001358104282
3.23 0.000135990138
3.232 0.0001361699975
3.234 0.0001363500334
3.236 0.0001365302728
3.238 0.0001367107428
3.24 0.0001368914706
3.242 0.0001370724837
3.244 0.0001372538091
3.246 0.0001374354742
3.248 0.0001376175064
3.25 0.0001377999333
3.252 0.0001379827821
3.254 0.0001381660806
3.256 0.0001383498801
3.258 0.0001385341758
3.26 0.0001387190031
3.262 0.0001389043897
3.264 0.0001390903622
3.266 0.0001392769489
3.268 0.0001394641768
3.27 0.0001397189529
3.272 0.0001400642934
3.274 0.0001404100184
3.276 0.0001407561024
3.278 0.0001411025184
3.28 0.0001414492405
3.282 0.000141796243
3.284 0.0001421435001
3.286 0.0001424909863
3.288 0.000142838676
3.29 0.0001431865437
3.292 0.000143534565
3.294 0.000143882715
3.296 0.0001442309688
3.298 0.000144579302
3.3 0.0001449276903
3.302 0.0001452761097
3.304 0.0001456245362
3.306 0.0001459729465
3.308 0.0001463213169
3.31 0.0001466696243
3.312 0.0001470178459
3.314 0.000147365959
3.316 0.0001477139414
3.318 0.000148061771
3.32 0.0001484094256
3.322 0.0001487568844
3.324 0.0001491041309
3.326 0.0001494511371
3.328 0.0001497978822
3.33 0.0001501443472
3.332 0.0001504905109
3.334 0.0001508363551
3.336 0.0001511818607
3.338 0.0001515270094
3.34 0.0001518717829
3.342 0.0001522161636
3.344 0.0001525601343
3.346 0.000152903678
3.348 0.0001532467784
3.35 0.0001535894192
3.352 0.0001539315848
3.354 0.0001542732597
3.356 0.000154614429
3.358 0.000154955069
3.36 0.0001552951787
3.362 0.0001556347407
3.364 0.0001559737418
3.366 0.0001563121685
3.368 0.0001566500082
3.37 0.0001569872486
3.372 0.0001573238776
3.374 0.0001576598838
3.376 0.000157995256
3.378 0.0001583299834
3.38 0.0001586640591
3.382 0.0001589974689
3.384 0.0001593302045
3.386 0.000159662257
3.388 0.0001599936178
3.39 0.0001603242791
3.392 0.0001606542334
3.394 0.0001609834735
3.396 0.0001613119919
3.398 0.0001616397831
3.4 0.0001619668419
3.402 0.0001622931634
3.404 0.0001626187432
3.406 0.0001629435775
3.408 0.000163267663
3.41 0.0001635909969
3.412 0.0001639135766
3.414 0.0001642354011
3.416 0.0001645564694
3.418 0.0001648767804
3.42 0.0001651963399
3.422 0.0001655151393
3.424 0.0001658331812
3.426 0.0001661504673
3.428 0.0001664669982
3.43 0.0001667827765
3.432 0.0001670978046
3.434 0.0001674120848
3.436 0.000167725621
3.438 0.0001680384186
3.44 0.0001683504822
3.442 0.000168661817
3.444 0.0001689724288
3.446 0.0001692823238
3.448 0.0001695915089
3.45 0.0001698999913
3.452 0.0001702077789
3.454 0.0001705148794
3.456 0.0001708213016
3.458 0.0001711270545
3.46 0.0001714321477
3.462 0.0001717365909
3.464 0.0001720403945
3.466 0.0001723435697
3.468 0.0001726461277
3.47 0.0001729480805
3.472 0.0001732494401
3.474 0.0001735502193
3.476 0.0001738504311
3.478 0.0001741500888
3.48 0.0001744492066
3.482 0.0001747477991
3.484 0.000175045881
3.486 0.0001753434668
3.488 0.0001756405718
3.49 0.0001759372122
3.492 0.0001762334003
3.494 0.0001765291579
3.496 0.0001768245008
3.498 0.0001771194465
3.5 0.0001774140129
3.502 0.0001777082193
3.504 0.0001780020828
3.506 0.0001782956227
3.508 0.0001785888586
3.51 0.0001788818101
3.512 0.0001791744978
3.514 0.0001794669414
3.516 0.0001797591619
3.518 0.0001800511804
3.52 0.0001803430184
3.522 0.0001806346976
3.524 0.0001809262399
3.526 0.0001812176673
3.528 0.0001815090035
3.53 0.0001818002713
3.532 0.0001820914942
3.534 0.0001823826957
3.536 0.0001826738997
3.538 0.0001829651325
3.54 0.0001832564157
3.542 0.0001835477747
3.544 0.0001838392345
3.546 0.0001841308186
3.548 0.0001844225546
3.55 0.0001847144677
3.552 0.0001850071284
3.554 0.0001852989445
3.556 0.0001855915196
3.558 0.0001858843797
3.56 0.0001861775499
3.562 0.0001864710529
3.564 0.0001867649184
3.566 0.0001870591718
3.568 0.0001873538433
3.57 0.0001876489586
3.572 0.0001879445425
3.574 0.0001882406234
3.576 0.0001885372285
3.578 0.0001888343853
3.58 0.0001891321214
3.582 0.0001894304643
3.584 0.0001897294418
3.586 0.0001900290815
3.588 0.0001903294112
3.59 0.0001906304585
3.592 0.0001909322512
3.594 0.0001912348197
3.596 0.0001915381877
3.598 0.0001919328725
3.6 0.0001923847539
3.602 0.0001928373504
3.604 0.0001932906347
3.606 0.0001937445791
3.608 0.0001941991562
3.61 0.0001946543385
3.612 0.0001951100985
3.614 0.000195566409
3.616 0.0001960234126
3.618 0.0001964805865
3.62 0.0001969383879
3.622 0.0001973966244
3.624 0.0001978552793
3.626 0.0001983143197
3.628 0.0001987737221
3.63 0.0001992334572
3.632 0.0001996935008
3.634 0.0002001538256
3.636 0.0002006144059
3.638 0.0002010752157
3.64 0.0002015362291
3.642 0.0002019974207
3.644 0.000202458765
3.646 0.0002029202308
3.648 0.0002033818017
3.65 0.0002038434508
3.652 0.0002043051538
3.654 0.0002047668867
3.656 0.0002052286258
3.658 0.0002056903475
3.66 0.0002061520286
3.662 0.0002066136462
3.664 0.0002070751778
3.666 0.0002075366011
3.668 0.0002079978944
3.67 0.000208459036
3.672 0.0002089200036
3.674 0.0002093807782
3.676 0.0002098413388
3.678 0.0002103016656
3.68 0.0002107617388
3.682 0.0002112215394
3.684 0.0002116810485
3.686 0.0002121402477
3.688 0.0002125991193
3.69 0.0002130576459
3.692 0.0002135158105
3.694 0.0002139735964
3.696 0.0002144309877
3.698 0.0002148879688
3.7 0.0002153445249
3.702 0.0002158006409
3.704 0.0002162563039
3.706 0.000216711498
3.708 0.0002171662115
3.71 0.0002176204318
3.712 0.0002180741467
3.714 0.0002185273447
3.716 0.0002189800148
3.718 0.0002194321464
3.72 0.0002198837298
3.722 0.0002203347553
3.724 0.0002207852141
3.726 0.000221235098
3.728 0.0002216843993
3.73 0.0002221331108
3.732 0.0002225812259
3.734 0.0002230287385
3.736 0.0002234756475
3.738 0.0002239219385
3.74 0.0002243676152
3.742 0.0002248126701
3.744 0.0002252571008
3.746 0.0002257009046
3.748 0.0002261440798
3.75 0.0002265866248
3.752 0.0002270285388
3.754 0.0002274698216
3.756 0.0002279104734
3.758 0.0002283504953
3.76 0.0002287898886
3.762 0.0002292286557
3.764 0.000229666799
3.766 0.0002301043219
3.768 0.0002305412281
3.77 0.0002309775222
3.772 0.000231413209
3.774 0.0002318482953
3.776 0.0002322827857
3.778 0.0002327166873
3.78 0.0002331500073
3.782 0.0002335827535
3.784 0.0002340149343
3.786 0.0002344465585
3.788 0.0002348776357
3.79 0.0002353081757
3.792 0.0002357381888
3.794 0.0002361676865
3.796 0.0002365966802
3.798 0.0002370251821
3.8 0.0002374532049
3.802 0.0002378807615
3.804 0.0002383078657
3.806 0.0002387345378
3.808 0.0002391607841
3.81 0.0002395866214
3.812 0.0002400120654
3.814 0.0002404371319
3.816 0.0002408618373
3.818 0.0002412861992
3.82 0.0002417102353
3.822 0.000242133963
3.824 0.0002425574006
3.826 0.0002429805666
3.828 0.0002434034803
3.83 0.000243826161
3.832 0.0002442486287
3.834 0.0002446709036
3.836 0.0002450930062
3.838 0.0002455149576
3.84 0.0002459367793
3.842 0.0002463584929
3.844 0.0002467801205
3.846 0.0002472016846
3.848 0.0002476232079
3.85 0.0002480447135
3.852 0.0002484662249
3.854 0.0002488877657
3.856 0.0002493093599
3.858 0.0002497310315
3.86 0.0002501528055
3.862 0.0002505747063
3.864 0.0002508902595
3.866 0.0002513355768
3.868 0.0002517794774
3.87 0.0002522227522
3.872 0.0002526648643
3.874 0.000253105566
3.876 0.0002535446145
3.878 0.0002539818186
3.88 0.0002544170438
3.882 0.0002547417268
3.884 0.0002551963503
3.886 0.0002556473021
3.888 0.0002560954787
3.89 0.0002565404647
3.892 0.0002568725833
3.894 0.0002573348052
3.896 0.0002577921127
3.898 0.0002582454533
3.9 0.000258694471
3.902 0.0002591391797
3.904 0.0002594686826
3.906 0.0002599291714
3.908 0.0002603841871
3.91 0.0002607232517
3.912 0.0002611938143
3.914 0.0002616584429
3.916 0.0002621182782
3.918 0.0002625731067
3.92 0.0002629103013
3.922 0.0002633802376
3.924 0.0002639210774
3.926 0.0002645877012
3.928 0.000265122621
3.93 0.0002656653031
3.932 0.0002662145895
3.934 0.0002668849694
3.936 0.0002674225505
3.938 0.0002679679238
3.94 0.0002686349863
3.942 0.0002691685609
3.944 0.0002697101654
3.946 0.0002702586259
3.948 0.0002709300668
3.95 0.0002715832143
3.952 0.000272102732
3.954 0.0002726308655
3.956 0.0002731667952
3.958 0.0002737107319
3.96 0.0002742625273
3.962 0.0002748219502
3.964 0.0002755066248
3.966 0.0002761727734
3.968 0.0002768213183
3.97 0.0002773337683
3.972 0.0002778552801
3.974 0.0002783850642
3.976 0.0002789234013
3.978 0.000279470219
3.98 0.0002800253046
3.982 0.0002805883693
3.984 0.0002812794013
3.986 0.0002819515805
3.988 0.0002826057351
3.99 0.0002831208324
3.992 0.0002836449866
3.994 0.000284177346
3.996 0.0002847181549
3.998 0.000285267294
4 0.0002858245642
4.002 0.0002863896446
4.004 0.0002870850322
4.006 0.0002877608577
4.008 0.0002882945435
4.01 0.0002888363669
4.012 0.0002893852658
4.014 0.0002899412154
4.016 0.000290503938
4.018 0.0002911978137
4.02 0.0002917459024
4.022 0.0002923011582
4.024 0.0002928622081
4.026 0.0002935547425
4.028 0.0002940995819
4.03 0.0002946510535
4.032 0.000295207874
4.034 0.0002957700688
4.036 0.0002963373402
4.038 0.000297036717
4.04 0.0002975856429
4.042 0.0002981402162
4.044 0.0002986991814
4.046 0.0002992626013
4.048 0.0002998302085
4.05 0.0003004017188
4.052 0.000301106
4.054 0.0003016564155
4.056 0.0003022113362
4.058 0.0003027695643
4.06 0.0003033312414
4.062 0.0003038961975
4.064 0.0003044642577
4.066 0.000305035198
4.068 0.0003056087508
4.07 0.0003061846119
4.072 0.0003067624446
4.074 0.0003073418896
4.076 0.0003080550296
4.078 0.000308608058
4.08 0.0003091634054
4.082 0.0003097199714
4.084 0.0003102780673
4.086 0.0003108377234
4.088 0.0003113989976
4.09 0.000311961923
4.092 0.0003125265038
4.094 0.000313092716
4.096 0.000313660502
4.098 0.0003142297781
4.1 0.0003148004328
4.102 0.0003153723351
4.104 0.0003159453322
4.106 0.0003165192572
4.108 0.0003170939354
4.11 0.0003176691881
4.112 0.0003182448372
4.114 0.00031882071
4.116 0.000319396643
4.118 0.0003199724827
4.12 0.0003205480979
4.122 0.0003211233734
4.124 0.0003216982119
4.126 0.0003222725396
4.128 0.000322846303
4.13 0.0003234194712
4.132 0.000323992031
4.134 0.0003245639966
4.136 0.0003251353959
4.138 0.0003257062748
4.14 0.0003262766936
4.142 0.0003268462007
4.144 0.0003274139324
4.146 0.000327981139
4.148 0.0003285480654
4.15 0.0003291148286
4.152 0.0003296815347
4.154 0.0003302483
4.156 0.0003308152374
4.158 0.0003313824537
4.16 0.0003319500465
4.162 0.0003325181052
4.164 0.0003330867085
4.166 0.0003336559247
4.168 0.0003342258104
4.17 0.0003347964109
4.172 0.0003353677604
4.174 0.0003359398822
4.176 0.0003365127896
4.178 0.0003370864862
4.18 0.0003376609674
4.182 0.0003382362211
4.184 0.0003388133449
4.186 0.0003393890068
4.188 0.0003399664387
4.19 0.0003405445583
4.192 0.0003411233249
4.194 0.0003417027015
4.196 0.0003422826678
4.198 0.0003428631912
4.2 0.0003434452136
4.202 0.0003440258326
4.204 0.0003446079018
4.206 0.0003451904728
4.208 0.000345773537
4.21 0.000346357089
4.212 0.0003469411445
4.214 0.0003475257159
4.216 0.0003481108262
4.218 0.000348696502
4.22 0.0003492827768
4.222 0.0003498696888
4.224 0.0003504572816
4.226 0.0003510456027
4.228 0.0003516347033
4.23 0.000352224638
4.232 0.0003528154638
4.234 0.0003534072397
4.236 0.0003540000249
4.238 0.0003545938799
4.24 0.0003551888653
4.242 0.0003557850403
4.244 0.0003563824634
4.246 0.0003570503814
4.248 0.0003577685733
4.25 0.0003584876353
4.252 0.0003592075211
4.254 0.0003599281875
4.256 0.000360649595
4.258 0.0003613717079
4.26 0.0003620944943
4.262 0.000362817926
4.264 0.0003635419787
4.266 0.000364266632
4.268 0.0003649918969
4.27 0.0003657177278
4.272 0.0003664441162
4.274 0.0003671710565
4.276 0.0003678985442
4.278 0.0003686265772
4.28 0.0003693551558
4.282 0.0003700842813
4.284 0.0003708139584
4.286 0.0003715441918
4.288 0.0003722749877
4.29 0.0003730063526
4.292 0.0003737382937
4.294 0.0003744708184
4.296 0.0003752039341
4.298 0.0003759376478
4.3 0.000376671966
4.302 0.0003774068944
4.304 0.000378142438
4.306 0.0003788786008
4.308 0.0003796153856
4.31 0.0003803527943
4.312 0.000381090827
4.314 0.0003818294827
4.316 0.0003825687592
4.318 0.0003833086529
4.32 0.0003840491587
4.322 0.0003847902703
4.324 0.0003855319802
4.326 0.0003862742796
4.328 0.0003870171585
4.33 0.0003877606059
4.332 0.0003885046103
4.334 0.0003892491586
4.336 0.0003899942369
4.338 0.0003907398311
4.34 0.0003914859264
4.342 0.0003922325075
4.344 0.0003929795589
4.346 0.000393727065
4.348 0.0003944750098
4.35 0.0003952233777
4.352 0.0003959721531
4.354 0.0003967213205
4.356 0.0003974708651
4.358 0.0003982207718
4.36 0.0003989710268
4.362 0.000399721617
4.364 0.0004004725297
4.366 0.0004012237529
4.368 0.0004019752755
4.37 0.0004027270873
4.372 0.000403479179
4.374 0.000404231538
4.376 0.0004049841629
4.378 0.0004057370412
4.38 0.0004064901741
4.382 0.0004072435557
4.384 0.0004079971829
4.386 0.0004087510537
4.388 0.0004095051668
4.39 0.0004102595224
4.392 0.0004110141212
4.394 0.0004117689651
4.396 0.0004125240624
4.398 0.0004132794089
4.4 0.0004140350123
4.402 0.0004147912443
4.404 0.0004155470418
4.406 0.0004163034592
4.408 0.000417060141
4.41 0.0004178171233
4.412 0.000418386752
4.414 0.0004191845402
4.416 0.0004199799623
4.418 0.000420774244
4.42 0.000421566428
4.422 0.0004223560427
4.424 0.0004231426265
4.426 0.000423925812
4.428 0.0004247053299
4.43 0.000425481015
4.432 0.0004262528103
4.434 0.000427020764
4.436 0.0004275926367
4.438 0.0004282018311
4.44 0.0004290391995
4.442 0.0004298696112
4.444 0.0004306937365
4.446 0.0004315105573
4.448 0.000432319638
4.45 0.0004331206335
4.452 0.000433913401
4.454 0.0004346979942
4.456 0.0004354746613
4.458 0.0004362438367
4.46 0.0004368088748
4.462 0.0004374095448
4.464 0.0004382420779
4.466 0.0004390659728
4.468 0.0004398825315
4.47 0.0004406912767
4.472 0.0004414923236
4.474 0.000442085709
4.476 0.000442914811
4.478 0.0004437344308
4.48 0.0004443450154
4.482 0.0004451921099
4.484 0.0004460288678
4.486 0.000446856956
4.488 0.0004474728316
4.49 0.0004483262224
4.492 0.0004491682371
4.494 0.0004500005998
4.496 0.0004506181992
4.498 0.000451269403
4.5 0.0004521574656
4.502 0.0004530326175
4.504 0.0004538958305
4.506 0.0004547464988
4.508 0.0004555846518
4.51 0.0004562028043
4.512 0.0004568531409
4.514 0.000457533564
4.516 0.0004584526668
4.518 0.0004593558551
4.52 0.0004602445036
4.522 0.0004611168659
4.524 0.0004619743321
4.526 0.0004628157949
4.528 0.0004634313036
4.53 0.0004640777537
4.532 0.0004647534587
4.534 0.0004654583623
4.536 0.0004664052434
4.538 0.0004673334158
4.54 0.0004682442667
4.542 0.0004691372059
4.544 0.0004700122444
4.546 0.0004708697023
4.548 0.000471494191
4.55 0.0004721485238
4.552 0.0004728311352
4.554 0.0004735423954
4.556 0.0004744995984
4.558 0.0004754366431
4.56 0.0004763552507
4.562 0.0004772551801
4.564 0.0004781366954
4.566 0.0004787801854
4.568 0.000479453267
4.57 0.0004801590456
4.572 0.0004811056793
4.574 0.0004820367578
4.576 0.0004829499133
4.578 0.0004836841749
4.58 0.0004847377436
4.582 0.0004855421534
4.584 0.0004863697155
4.586 0.0004874430861
4.588 0.000488489822
4.59 0.0004892860355
4.592 0.0004901065081
4.594 0.000490949358
4.596 0.0004920414393
4.598 0.0004931072125
4.6 0.0004939199279
4.602 0.0004947570188
4.604 0.0004958452795
4.606 0.0004969068741
4.608 0.0004977136906
4.61 0.0004985467096
4.612 0.0004994015531
4.614 0.000500508685
4.616 0.00050159043
4.618 0.0005026465746
4.62 0.0005034448174
4.622 0.0005042685345
4.624 0.0005051162027
4.626 0.0005059875947
4.628 0.0005071166406
4.63 0.0005082183755
4.632 0.0005092937098
4.634 0.0005101067344
4.636 0.0005109448801
4.638 0.0005118064081
4.64 0.0005129286942
4.642 0.0005140228923
4.644 0.0005148519638
4.646 0.0005157060726
4.648 0.0005168229426
4.65 0.0005176711042
4.652 0.0005187850948
4.654 0.0005196287714
4.656 0.0005204976658
4.658 0.0005216312009
4.66 0.0005227355217
4.662 0.0005235690823
4.664 0.0005244275355
4.666 0.0005253088582
4.668 0.0005264573222
4.67 0.0005275759476
4.672 0.000528666069
4.674 0.0005294819989
4.676 0.0005303234504
4.678 0.000531188977
4.68 0.0005320784781
4.682 0.0005329910888
4.684 0.0005341750754
4.686 0.0005353279584
4.688 0.0005364508271
4.69 0.0005375434282
4.692 0.0005383559371
4.694 0.0005391936384
4.696 0.0005400553982
4.698 0.0005409413902
4.7 0.0005418508812
4.702 0.0005427833232
4.704 0.0005439917991
4.706 0.0005451673176
4.708 0.0005463110502
4.71 0.0005474223124
4.712 0.0005482459242
4.714 0.0005490938137
4.716 0.0005499646887
4.718 0.0005508585445
4.72 0.0005517749619
4.722 0.0005527133499
4.724 0.0005539322985
4.726 0.0005551164689
4.728 0.0005562673337
4.73 0.0005571230012
4.732 0.0005580014734
4.734 0.0005589003715
4.736 0.0005598198859
4.738 0.0005607594801
4.74 0.0005619822893
4.742 0.0005631679434
4.744 0.0005643182449
4.746 0.0005651672136
4.748 0.0005660383934
4.75 0.0005669297565
4.752 0.0005678418915
4.754 0.0005687745718
4.756 0.0005697272267
4.758 0.0005709679446
4.76 0.000572170208
4.762 0.0005730656822
4.764 0.0005739809467
4.766 0.0005749143086
4.768 0.0005761374778
4.77 0.0005773210672
4.772 0.000578194374
4.774 0.0005790879577
4.776 0.0005800006243
4.778 0.0005809328022
4.78 0.0005818841463
4.782 0.0005828540696
4.784 0.0005841180904
4.786 0.0005853408091
4.788 0.0005862465407
4.79 0.0005871711115
4.792 0.0005881129046
4.794 0.0005890719782
4.796 0.0005903276578
4.798 0.00059126027
4.8 0.000592211138
4.802 0.0005934595711
4.804 0.0005943826868
4.806 0.0005953240986
4.808 0.0005962817036
4.81 0.0005972556252
4.812 0.0005985299105
4.814 0.0005997597136
4.816 0.0006006615892
4.818 0.000601581852
4.82 0.0006025193343
4.822 0.000603474602
4.824 0.0006044475132
4.826 0.0006054376928
4.828 0.0006064444714
4.83 0.0006077569701
4.832 0.0006090233941
4.834 0.0006099544841
4.836 0.0006109028379
4.838 0.0006118669239
4.84 0.0006128470545
4.842 0.0006138428806
4.844 0.0006148538905
4.846 0.0006161742958
4.848 0.0006174466419
4.85 0.000618377045
4.852 0.0006193243008
4.854 0.0006202871505
4.856 0.0006212661899
4.858 0.0006222613464
4.86 0.0006232723424
4.862 0.0006242986387
4.864 0.0006256400339
4.866 0.0006269322794
4.868 0.0006278758325
4.87 0.0006288362632
4.872 0.0006298122625
4.874 0.0006308044175
4.876 0.0006318126404
4.878 0.0006328366476
4.88 0.0006338758986
4.882 0.0006352359223
4.884 0.0006365456087
4.886 0.0006374997229
4.888 0.0006384707999
4.89 0.0006394575667
4.892 0.0006404606757
4.894 0.0006414800907
4.896 0.0006426257933
4.898 0.0006438281947
4.9 0.0006449447318
4.902 0.0006459589087
4.904 0.0006473029547
4.906 0.0006482815289
4.908 0.0006494348077
4.91 0.0006506967657
4.912 0.0006519459514
4.914 0.0006531825262
4.916 0.0006544068497
4.918 0.0006553012983
4.92 0.0006562701075
4.922 0.000657573261
4.924 0.0006588802213
4.926 0.0006601735229
4.928 0.0006614522562
4.93 0.0006627163134
4.932 0.0006639658401
4.934 0.0006652012606
4.936 0.0006664233242
4.938 0.0006673080632
4.94 0.0006682493773
4.942 0.0006693812609
4.944 0.0006706758687
4.946 0.0006719787059
4.948 0.0006733211858
4.95 0.0006746461658
4.952 0.0006759530939
4.954 0.0006772417168
4.956 0.0006785121989
4.958 0.0006797650791
4.96 0.0006810012735
4.962 0.0006818888071
4.964 0.0006828318285
4.966 0.0006841626984
4.968 0.0006854768461
4.97 0.0006867764267
4.972 0.0006880611499
4.974 0.0006889940605
4.976 0.000690321681
4.978 0.0006916324129
4.98 0.0006925894575
4.982 0.0006939430154
4.984 0.0006952786204
4.986 0.000696598738
4.988 0.0006979027368
4.99 0.0006988477716
4.992 0.0007001928326
4.994 0.0007015193656
4.996 0.000702484793
4.998 0.0007038520311
5 0.0007051997089
5.002 0.000706530383
5.004 0.0007074952365
5.006 0.0007088643717
5.008 0.0007102129202
5.01 0.0007115435941
5.012 0.0007125047795
5.014 0.0007136250651
5.016 0.0007149578285
5.018 0.000716341098
5.02 0.0007177188415
5.022 0.0007190746829
5.024 0.0007204087198
5.026 0.0007217214088
5.028 0.000722656386
5.03 0.0007236737573
5.032 0.0007248655182
5.034 0.0007262182257
5.036 0.000727568937
5.038 0.0007289734198
5.04 0.0007303533679
5.042 0.0007317087742
5.044 0.0007330400425
5.046 0.0007339840141
5.048 0.0007350091975
5.05 0.000736205046
5.052 0.0007375646449
5.054 0.0007389330585
5.056 0.0007403454052
5.058 0.0007417312584
5.06 0.0007430908637
5.062 0.0007444249243
5.064 0.0007453636197
5.066 0.0007463820413
5.068 0.000747581417
5.07 0.0007488108097
5.072 0.0007502045647
5.074 0.0007515726927
5.076 0.000752969182
5.078 0.0007544005393
5.08 0.0007558015444
5.082 0.0007571725754
5.084 0.0007585146246
5.086 0.0007594495677
5.088 0.0007604377899
5.09 0.000761638783
5.092 0.0007628729298
5.094 0.000764275805
5.096 0.0007656532254
5.098 0.0007670516473
5.1 0.0007684862768
5.102 0.0007698909401
5.104 0.0007708793404
5.106 0.0007720378147
5.108 0.0007732707418
5.11 0.0007746754171
5.112 0.0007760543044
5.114 0.0007774943721
5.116 0.0007789254258
5.118 0.0007799323244
5.12 0.0007811460964
5.122 0.0007823906649
5.124 0.0007838083074
5.126 0.0007851981963
5.128 0.0007866354382
5.13 0.0007880798616
5.132 0.000789097459
5.134 0.0007903167448
5.136 0.0007915652535
5.138 0.0007929886237
5.14 0.0007943822564
5.142 0.0007958203344
5.144 0.000796954827
5.146 0.0007981903356
5.148 0.0007996025683
5.15 0.0008009999671
5.152 0.0008022001843
5.154 0.0008035965599
5.156 0.0008048157359
5.158 0.0008060684212
5.16 0.0008074990868
5.162 0.0008088992544
5.164 0.0008103520884
5.166 0.0008114798981
5.168 0.0008127182133
5.17 0.0008139848822
5.172 0.0008154315171
5.174 0.0008168460112
5.176 0.0008182736335
5.178 0.0008197457109
5.18 0.0008207961301
5.182 0.0008220265338
5.184 0.0008232875839
5.186 0.0008245781205
5.188 0.0008260499951
5.19 0.0008274891249
5.192 0.0008289018403
5.194 0.0008303525075
5.196 0.0008315019947
5.198 0.0008327502211
5.2 0.0008340292113
5.202 0.0008353367199
5.204 0.0008368277131
5.206 0.0008382847313
5.208 0.0008397140655
5.21 0.0008411540172
5.212 0.0008423406598
5.214 0.000843600035
5.216 0.0008448900959
5.218 0.0008462083991
5.22 0.0008477129175
5.222 0.0008491826024
5.224 0.0008506240504
5.226 0.0008520599709
5.228 0.0008532703108
5.23 0.000854538555
5.232 0.0008559886036
5.234 0.000857484814
5.236 0.0008587949391
5.238 0.0008601692986
5.24 0.0008616248612
5.242 0.0008630984056
5.244 0.0008646409244
5.246 0.0008659926043
5.248 0.0008675459878
5.25 0.0008689030608
5.252 0.0008704635056
5.254 0.0008718264318
5.256 0.0008733934883
5.258 0.000874761961
5.26 0.0008763352534
5.262 0.0008777088835
5.264 0.0008792879618
5.266 0.0008808355435
5.268 0.0008821903745
5.27 0.0008835832566
5.272 0.0008850078995
5.274 0.0008866317862
5.276 0.0008882211506
5.278 0.0008897824589
5.28 0.0008913184552
5.282 0.0008926598726
5.284 0.0008940422434
5.286 0.0008954586725
5.288 0.0008969071501
5.29 0.0008985566433
5.292 0.0009001704456
5.294 0.0009017543792
5.296 0.0009033114629
5.298 0.0009046696542
5.3 0.0009060682612
5.302 0.0009075004131
5.304 0.000909140135
5.306 0.000910744838
5.308 0.0009121453746
5.31 0.0009137602825
5.312 0.0009151651966
5.314 0.0009166079509
5.316 0.0009182591332
5.318 0.0009198744178
5.32 0.000921461381
5.322 0.0009228425169
5.324 0.0009242637134
5.326 0.0009257178881
5.328 0.0009273833732
5.33 0.0009290120191
5.332 0.0009306114433
5.334 0.0009320021338
5.336 0.0009334328424
5.338 0.0009348965814
5.34 0.0009365736723
5.342 0.00093821322
5.344 0.0009398226497
5.346 0.0009412202376
5.348 0.0009426578832
5.35 0.000944128614
5.352 0.0009458148709
5.354 0.0009474629056
5.356 0.0009490800129
5.358 0.0009504822461
5.36 0.0009519247228
5.362 0.0009534004899
5.364 0.0009550942138
5.366 0.0009567492041
5.368 0.0009581839248
5.37 0.0009598449932
5.372 0.0009612800894
5.374 0.0009627535447
5.376 0.0009644468757
5.378 0.0009661010675
5.38 0.0009677235551
5.382 0.0009691256209
5.384 0.0009705691825
5.386 0.0009720471761
5.388 0.000973556509
5.39 0.0009752870447
5.392 0.0009769748458
5.394 0.0009786272885
5.396 0.0009802475183
5.398 0.0009816443709
5.4 0.0009830841554
5.402 0.0009845595791
5.404 0.0009860679519
5.406 0.0009876056137
5.408 0.0009893661201
5.41 0.0009910802217
5.412 0.0009927561159
5.414 0.0009943957848
5.416 0.0009958052945
5.418 0.0009972559615
5.42 0.0009987408334
5.422 0.001000256456
5.424 0.001002000181
5.426 0.001003698715
5.428 0.00100536004
5.43 0.001006785789
5.432 0.001008252111
5.434 0.00100975145
5.436 0.001011484056
5.438 0.001013173438
5.44 0.001014623492
5.442 0.001016112911
5.444 0.001017633434
5.446 0.001019388157
5.448 0.001021097132
5.45 0.001022768844
5.452 0.001024199782
5.454 0.001025672896
5.456 0.001027180101
5.458 0.001028719085
5.46 0.001030494568
5.462 0.00103222269
5.464 0.001033912323
5.466 0.001035356318
5.468 0.001036846802
5.47 0.001038370947
5.472 0.001039924287
5.474 0.001041715002
5.476 0.001043454999
5.478 0.001045153301
5.48 0.00104660003
5.482 0.00104808701
5.484 0.001049605862
5.486 0.001051368816
5.488 0.001052869627
5.49 0.00105462088
5.492 0.001056109383
5.494 0.001057850776
5.496 0.001059329711
5.498 0.001060846953
5.5 0.001062611433
5.502 0.00106432856
5.504 0.001065788848
5.506 0.001067289516
5.508 0.001068823205
5.51 0.00107038758
5.512 0.0010721992
5.514 0.001073958416
5.516 0.001075674415
5.518 0.001077350679
5.52 0.001078770541
5.522 0.001080237245
5.524 0.001081743217
5.526 0.001083286026
5.528 0.001084862296
5.53 0.001088273095
5.532 0.0010883262
5.534 0.001090129261
5.536 0.00109188634
5.538 0.001093601399
5.54 0.00109505193
5.542 0.001096548393
5.544 0.001098082293
5.546 0.001099746584
5.548 0.001101527797
5.55 0.001103110835
5.552 0.001104914656
5.554 0.001106673609
5.556 0.001110308442
5.558 0.001109841985
5.56 0.001111614339
5.562 0.001113456682
5.564 0.001115264883
5.566 0.001117042522
5.568 0.001120633901
5.57 0.00112028497
5.572 0.001121838833
5.574 0.001123444194
5.576 0.001126963972
5.578 0.001127030008
5.58 0.001128918533
5.582 0.00113077229
5.584 0.001132593133
5.586 0.001134146203
5.588 0.00113575601
5.59 0.001137651515
5.592 0.001139507151
5.594 0.001141331347
5.596 0.001144413927
5.598 0.001151285698
5.6 0.001156498108
5.602 0.001155112859
5.604 0.001153721104
5.606 0.001156775468
5.608 0.001160571741
5.61 0.001157799565
5.612 0.001161663025
5.614 0.001166122481
5.616 0.001163944406
5.618 0.001163414919
5.62 0.00116565623
5.622 0.001169199338
5.624 0.001169460627
5.626 0.001171287358
5.628 0.001173840424
5.63 0.00117525816
5.632 0.001177308509
5.634 0.00117929906
5.636 0.001181233203
5.638 0.001182864372
5.64 0.001184536024
5.642 0.00118623838
5.644 0.001188221913
5.646 0.001190141901
5.648 0.00119200901
5.65 0.00119357193
5.652 0.001195178499
5.654 0.001197074709
5.656 0.001198914266
5.658 0.001200450093
5.66 0.001202288913
5.662 0.00120381711
5.664 0.00120565174
5.666 0.001207434267
5.668 0.001208916831
5.67 0.00121045195
5.672 0.001212290567
5.674 0.001214079667
5.676 0.001215567111
5.678 0.001217108419
5.68 0.001218956915
5.682 0.00122075562
5.684 0.001222515012
5.686 0.001223973642
5.688 0.001225492353
5.69 0.001227060352
5.692 0.001228941484
5.694 0.001230771672
5.696 0.001232562425
5.698 0.001234317428
5.7 0.001235771822
5.702 0.001237291925
5.704 0.001238866826
5.706 0.001243522301
5.708 0.001242437401
5.71 0.001244329292
5.712 0.001246179014
5.714 0.001247990516
5.716 0.00125147093
5.718 0.001251243388
5.72 0.001252788369
5.722 0.001254738944
5.724 0.001260160144
5.726 0.001265049176
5.728 0.001262444516
5.73 0.001261763541
5.732 0.001263690495
5.734 0.001265575038
5.736 0.001270329038
5.738 0.001268953946
5.74 0.001270553807
5.742 0.001273535736
5.744 0.001278780769
5.746 0.001276454169
5.748 0.001277936303
5.75 0.001279872711
5.752 0.001284387003
5.754 0.001283341401
5.756 0.00128492903
5.758 0.001288924743
5.76 0.001293369732
5.762 0.001290089519
5.764 0.00129153518
5.766 0.001293189157
5.768 0.001294771033
5.77 0.001295997571
5.772 0.001297265342
5.774 0.001298565378
5.776 0.001302912618
5.778 0.001301548502
5.78 0.001303125828
5.782 0.001304641954
5.784 0.001306104084
5.786 0.001307221839
5.788 0.001308401195
5.79 0.00130963233
5.792 0.001314441608
5.794 0.001312537259
5.796 0.001314102731
5.798 0.00131562188
5.8 0.001319688017
5.802 0.001318245947
5.804 0.001319465858
5.806 0.001323134071
5.808 0.001328379342
5.81 0.001325525741
5.812 0.001325456322
5.814 0.001329305817
5.816 0.001328348737
5.818 0.001332735194
5.82 0.001338030046
5.822 0.00133515777
5.824 0.001336579811
5.826 0.001342420567
5.828 0.001339993451
5.83 0.001342835336
5.832 0.001348343532
5.834 0.001345585555
5.836 0.001348997656
5.838 0.001349134928
5.84 0.001354697021
5.842 0.001351945094
5.844 0.00135785993
5.846 0.001355659873
5.848 0.001361367102
5.85 0.001360139397
5.852 0.001366166795
5.854 0.001363705444
5.856 0.001368557983
5.858 0.001373972146
5.86 0.001370862746
5.862 0.001373267565
5.864 0.001379230605
5.866 0.001376561684
5.868 0.001378383602
5.87 0.001384015291
5.872 0.001389141506
5.874 0.001385583478
5.876 0.00138506297
5.878 0.001391448844
5.88 0.001397252839
5.882 0.001394211091
5.884 0.001391456596
5.886 0.001396860115
5.888 0.001402407766
5.89 0.001407406481
5.892 0.001403522363
5.894 0.001400772688
5.896 0.001407484827
5.898 0.001413607883
5.9 0.001410709116
5.902 0.001408091597
5.904 0.00141340707
5.906 0.001418838812
5.908 0.001415287266
5.91 0.00141828523
5.912 0.001424600806
5.914 0.001421804998
5.916 0.001422262202
5.918 0.001428007422
5.92 0.001424682643
5.922 0.001431001863
5.924 0.001428467938
5.926 0.001433968069
5.928 0.001433288151
5.93 0.001439797708
5.932 0.001437050659
5.934 0.001440620931
5.936 0.001446269984
5.938 0.001442645606
5.94 0.001447137283
5.942 0.001453533895
5.944 0.001450509315
5.946 0.00145009198
5.948 0.001456088186
5.95 0.00145277519
5.952 0.001459502253
5.954 0.001456772093
5.956 0.001462391264
5.958 0.001461560058
5.96 0.001465155686
5.962 0.001466373261
5.964 0.001472998331
5.966 0.001470000011
5.968 0.001472210167
5.97 0.001478123561
5.972 0.001474405281
5.974 0.001479842343
5.976 0.001486331728
5.978 0.001483044889
5.98 0.001482242373
5.982 0.001488468044
5.984 0.001494129938
5.986 0.00148996152
5.988 0.001491324931
5.99 0.001498297367
5.992 0.001504618224
5.994 0.00150093125
5.996 0.001497569555
5.998 0.001501811439
6 0.001507924664
6.002 0.001504035383
6.004 0.00150727705
6.006 0.001513961776
6.008 0.001510569428
6.01 0.00151160611
6.012 0.001517848101
6.014 0.001513989701
6.016 0.001519903844
6.018 0.001517311419
6.02 0.00152398335
6.022 0.001520893149
6.024 0.001527299013
6.026 0.001525790071
6.028 0.001532844458
6.03 0.001529602266
6.032 0.001533777976
6.034 0.001534242728
6.036 0.001541189009
6.038 0.0015377403
6.04 0.001540846546
6.042 0.001542062136
6.044 0.001543983207
6.046 0.001546432097
6.048 0.001553269221
6.05 0.001549566015
6.052 0.001551745608
6.054 0.001558184297
6.056 0.001554025528
6.058 0.00155894768
6.06 0.001565783517
6.062 0.001561915427
6.064 0.00155880303
6.066 0.00156513216
6.068 0.001560992082
6.07 0.001567013123
6.072 0.001573652767
6.074 0.001569565457
6.076 0.001569684066
6.078 0.001576612376
6.08 0.001572719565
6.082 0.001578283955
6.084 0.001576738992
6.086 0.001582305892
6.088 0.00158095498
6.09 0.001587980438
6.092 0.001584040805
6.094 0.001591580258
6.096 0.001598499315
6.098 0.00159431004
6.1 0.001593930033
6.102 0.001601174278
6.104 0.001607728491
6.106 0.001603050469
6.108 0.00160198061
6.11 0.001609675646
6.112 0.001616666223
6.114 0.001612298407
6.116 0.001608538336
6.118 0.001615928755
6.12 0.001622648105
6.122 0.001617959987
6.124 0.001619053066
6.126 0.001626616739
6.128 0.001633457255
6.13 0.001628738096
6.132 0.001624439261
6.134 0.001631707683
6.136 0.001638645316
6.138 0.001633960925
6.14 0.001634401644
6.142 0.001641910224
6.144 0.001648703295
6.146 0.001643755029
6.148 0.001640387497
6.15 0.001648138114
6.152 0.00165516774
6.154 0.001650353667
6.156 0.001649113606
6.158 0.001656729246
6.16 0.001663629877
6.162 0.001658595953
6.164 0.00165648271
6.166 0.001664263235
6.168 0.001671306548
6.17 0.001666294624
6.172 0.00166416356
6.174 0.001671943894
6.176 0.001678995115
6.178 0.001673897739
6.18 0.001671996662
6.182 0.001679822353
6.184 0.001686904529
6.186 0.001681724822
6.188 0.001679605789
6.19 0.001687512294
6.192 0.001694669054
6.194 0.001689454464
6.196 0.001687236557
6.198 0.001695162839
6.2 0.001702337895
6.202 0.00169703815
6.204 0.001695028527
6.206 0.001703013674
6.208 0.00171023186
6.21 0.001704856648
6.212 0.001702544334
6.214 0.001710594094
6.216 0.001717878863
6.218 0.001712466475
6.22 0.001710163932
6.222 0.001718218135
6.224 0.001725492827
6.226 0.00171995263
6.228 0.001717937244
6.23 0.001726094225
6.232 0.001733469318
6.234 0.001727918956
6.236 0.001725028634
6.238 0.001733166896
6.24 0.001740513965
6.242 0.00173482126
6.244 0.001733222533
6.246 0.001741465373
6.248 0.001748909418
6.25 0.001743197209
6.252 0.001739723124
6.254 0.00174794938
6.256 0.001755369448
6.258 0.00174951909
6.26 0.001748202936
6.262 0.001756507524
6.264 0.001764000826
6.266 0.001758106435
6.268 0.001754227066
6.27 0.001762550486
6.272 0.001770055437
6.274 0.001764055961
6.276 0.001762859723
6.278 0.001771250407
6.28 0.00177881666
6.282 0.001772759406
6.284 0.001768608245
6.286 0.001777028545
6.288 0.001784614577
6.29 0.001778456272
6.292 0.001777302214
6.294 0.001785782697
6.296 0.001793424139
6.298 0.001787201346
6.3 0.00178280356
6.302 0.001791313853
6.304 0.001798974532
6.306 0.001792648055
6.308 0.001791523374
6.31 0.001800093512
6.312 0.001807809892
6.314 0.001801417495
6.316 0.001796769601
6.318 0.001805371059
6.32 0.001813108351
6.322 0.001806612557
6.324 0.001805512106
6.326 0.001814173732
6.328 0.001821967029
6.33 0.001815403313
6.332 0.001810522783
6.334 0.001819221886
6.336 0.001827042239
6.338 0.001820379647
6.34 0.001819277254
6.342 0.001828034727
6.344 0.001835909212
6.346 0.001829174491
6.348 0.001824101866
6.35 0.001832905201
6.352 0.001827094341
6.354 0.001835315732
6.356 0.001831244249
6.358 0.001839907459
6.36 0.001833829589
6.362 0.001842230513
6.364 0.00185020364
6.366 0.00184332401
6.368 0.001843561982
6.37 0.001852317165
6.372 0.001846080031
6.374 0.001850168417
6.376 0.001858359815
6.378 0.001851541543
6.38 0.00185514024
6.382 0.001863734305
6.384 0.001857125108
6.386 0.001859295476
6.388 0.001867817505
6.39 0.001861125202
6.392 0.001865137092
6.394 0.001864270236
6.396 0.001872780456
6.398 0.001865989991
6.4 0.001873339307
6.402 0.001869278619
6.404 0.001877979867
6.406 0.00187170712
6.408 0.001880914393
6.41 0.001874862276
6.412 0.00188378464
6.414 0.001878678518
6.416 0.001885998616
6.418 0.001882907806
6.42 0.001892008
6.422 0.001885324858
6.424 0.001892474561
6.426 0.001900812494
6.428 0.001893284974
6.43 0.001894898276
6.432 0.001904005917
6.434 0.001897074458
6.436 0.001900038282
6.438 0.001908684306
6.44 0.001901282739
6.442 0.00190560221
6.444 0.00190395956
6.446 0.001912650846
6.448 0.001905212497
6.45 0.001914100154
6.452 0.001908126857
6.454 0.001917066064
6.456 0.001912146708
6.458 0.001921743379
6.46 0.001914905135
6.462 0.001922426702
6.464 0.001930799224
6.466 0.001922655908
6.468 0.001925102485
6.47 0.001934621606
6.472 0.001927416589
6.474 0.00192865621
6.476 0.001937461827
6.478 0.00192957426
6.48 0.001936119665
6.482 0.001932068059
6.484 0.001941007387
6.486 0.001934424642
6.488 0.001944464642
6.49 0.001937531292
6.492 0.001945311272
6.494 0.001941898224
6.496 0.001946879014
6.498 0.001946261704
6.5 0.001948560427
6.502 0.001950440601
6.504 0.001950461349
6.506 0.001954335669
6.508 0.001952649549
6.51 0.00196157742
6.512 0.001953227764
6.514 0.001963348254
6.516 0.001956351413
6.518 0.001964820158
6.52 0.00196108192
6.522 0.001971264521
6.524 0.00196382392
6.526 0.001969331908
6.528 0.001977797345
6.53 0.001968333862
6.532 0.00197275202
6.534 0.001982121932
6.536 0.001973561827
6.538 0.001971630741
6.54 0.001980313447
6.542 0.001971150984
6.544 0.001979357687
6.546 0.001972442748
6.548 0.001981369567
6.55 0.001975027292
6.552 0.001984994475
6.554 0.001976818575
6.556 0.001983629774
6.558 0.001992045922
6.56 0.001982231157
6.562 0.001985823985
6.564 0.001995823244
6.566 0.001987332249
6.568 0.001985949169
6.57 0.001995058438
6.572 0.001985738149
6.574 0.001994861509
6.576 0.001987384554
6.578 0.001996764211
6.58 0.00199142521
6.582 0.002002013452
6.584 0.001993826809
6.586 0.00199969215
6.588 0.001997603686
6.59 0.002000592104
6.592 0.002001403045
6.594 0.002001640752
6.596 0.002005001251
6.598 0.002002933805
6.6 0.002008297484
6.602 0.002004529835
6.604 0.002013985459
6.606 0.002005213577
6.608 0.002016289168
6.61 0.002026188541
6.612 0.002016616122
6.614 0.002010931327
6.616 0.002021106618
6.618 0.002030136632
6.62 0.002019586892
6.622 0.002017689025
6.624 0.002028575213
6.626 0.002019776875
6.628 0.002022248299
6.63 0.002023107955
6.632 0.002023155435
6.634 0.002026334189
6.636 0.002024241425
6.638 0.002029288375
6.64 0.002025564621
6.642 0.002035216055
6.644 0.002025449293
6.646 0.002036795514
6.648 0.002046927643
6.65 0.002036794066
6.652 0.002030894125
6.654 0.002041243498
6.656 0.002050398526
6.658 0.002039169984
6.66 0.002037183638
6.662 0.002048384356
6.664 0.002058283719
6.666 0.002047498141
6.668 0.002037400523
6.67 0.002046962783
6.672 0.002056713067
6.674 0.002045730341
6.676 0.002045212927
6.678 0.002056099544
6.68 0.002046179693
6.682 0.002049125976
6.684 0.002058936327
6.686 0.002047853232
6.688 0.002053890581
6.69 0.002064656629
6.692 0.002054286387
6.694 0.002052163376
6.696 0.002062431948
6.698 0.00205156068
6.7 0.00206049127
6.702 0.002070973385
6.704 0.002060057429
6.706 0.00205731199
6.708 0.002068005755
6.71 0.002077394635
6.712 0.002065178503
6.714 0.002060268573
6.716 0.002072169171
6.718 0.002082701114
6.72 0.002071342826
6.722 0.002060719855
6.724 0.002071193575
6.726 0.002081145582
6.728 0.002069173776
6.73 0.002069134016
6.732 0.002080641824
6.734 0.002090754364
6.736 0.002078621432
6.738 0.002067266767
6.74 0.002078067918
6.742 0.00208854298
6.744 0.002076672655
6.746 0.002074042752
6.748 0.002085429647
6.75 0.002074453854
6.752 0.002079755098
6.754 0.002076608622
6.756 0.002080381052
6.758 0.002078962894
6.76 0.002090200436
6.762 0.002078791207
6.764 0.002084376672
6.766 0.002094960368
6.768 0.002082849724
6.77 0.002085581243
6.772 0.002097049804
6.774 0.002085526089
6.776 0.002086685789
6.778 0.002097524366
6.78 0.002085306615
6.782 0.002091714338
6.784 0.00210301923
6.786 0.002091023813
6.788 0.002089789482
6.79 0.002100940428
6.792 0.002088745301
6.794 0.002095910043
6.796 0.002107025857
6.798 0.002094573965
6.8 0.002093846195
6.802 0.002105218601
6.804 0.002092930575
6.806 0.002098529764
6.808 0.002109599567
6.81 0.002096836105
6.812 0.002097996334
6.814 0.002109372589
6.816 0.002096784562
6.818 0.002100294155
6.82 0.00211143574
6.822 0.002098497654
6.824 0.002101322326
6.826 0.00211273082
6.828 0.002099883037
6.83 0.002102335957
6.832 0.002113726689
6.834 0.002100749264
6.836 0.002104109592
6.838 0.002115587623
6.84 0.002102523266
6.842 0.002105105932
6.844 0.002116739273
6.846 0.002103697543
6.848 0.002106677146
6.85 0.002118292059
6.852 0.002105075648
6.854 0.00210837923
6.856 0.002120193289
6.858 0.002107019803
6.86 0.002109396069
6.862 0.002121195399
6.864 0.002107865273
6.866 0.002111759855
6.868 0.00212369239
6.87 0.002110330349
6.872 0.002112423147
6.874 0.002124404701
6.876 0.002110967699
6.878 0.002114966452
6.88 0.002126984293
6.882 0.002113395082
6.884 0.002115655552
6.886 0.002127781989
6.888 0.00211415518
6.89 0.002117761129
6.892 0.002129842928
6.894 0.00211601211
6.896 0.00211878134
6.898 0.002131001362
6.9 0.002117153441
6.902 0.002120131491
6.904 0.002132283998
6.906 0.002118212347
6.908 0.002121527305
6.91 0.002133800738
6.912 0.002119689776
6.914 0.002122075486
6.916 0.002134292291
6.918 0.00211997286
6.92 0.002123672369
6.922 0.002135968837
6.924 0.002121564473
6.926 0.002123518312
6.928 0.002135781093
6.93 0.002121190168
6.932 0.002125063334
6.934 0.002137369469
6.936 0.002122659566
6.938 0.002124347459
6.94 0.002136577947
6.942 0.002121623811
6.944 0.0021254368
6.946 0.002137675671
6.948 0.002122588161
6.95 0.002124044475
6.952 0.002136304764
6.954 0.00212108515
6.956 0.002124889608
6.958 0.002137197417
6.96 0.002121861538
6.962 0.002123264472
6.964 0.002135611937
6.966 0.00212015776
6.968 0.002123948338
6.97 0.002136342664
6.972 0.0021207724
6.974 0.002122112195
6.976 0.002134536335
6.978 0.002118828839
6.98 0.002122637716
6.982 0.002135107311
6.984 0.002119280974
6.986 0.00212051572
6.988 0.002133007055
6.99 0.002117041308
6.992 0.002120846399
6.994 0.002133376552
6.996 0.00211728552
6.998 0.002118427446
7 0.002130981237
7.002 0.002114748672
7.004 0.00211853862
7.006 0.002131130361
7.008 0.002114770984
7.01 0.002115822578
7.012 0.002128439655
7.014 0.002111939306
7.016 0.002115710855
7.018 0.002128366167
7.02 0.002111739816
7.022 0.002112707339
7.024 0.00212539089
7.026 0.002108625019
7.028 0.002112379616
7.03 0.002125104994
7.032 0.002108212394
7.034 0.002109105674
7.036 0.002121862855
7.038 0.002104836515
7.04 0.00210857057
7.042 0.002121371412
7.044 0.002104222182
7.046 0.002105064612
7.048 0.002117907705
7.05 0.002100632713
7.052 0.002104348542
7.054 0.002117242903
7.056 0.00209985193
7.058 0.00210068244
7.06 0.002113636565
7.062 0.002096141718
7.064 0.002099828325
7.066 0.002112841225
7.068 0.002095231432
7.07 0.002096102045
7.072 0.002109184998
7.074 0.002091477672
7.076 0.002095159661
7.078 0.002108309726
7.08 0.00209049724
7.082 0.002091419048
7.084 0.002104652282
7.086 0.002086754331
7.088 0.002090419086
7.09 0.002103720672
7.092 0.002085718332
7.094 0.00208675799
7.096 0.002100160128
7.098 0.002082087871
7.1 0.002085703451
7.102 0.002099174104
7.104 0.00208099661
7.106 0.002082210061
7.108 0.002095792932
7.11 0.002077554904
7.112 0.00208109971
7.114 0.002094750497
7.116 0.002076405711
7.118 0.002077820298
7.12 0.002091586353
7.122 0.002073181948
7.124 0.002076644364
7.126 0.002090475903
7.128 0.00207196129
7.13 0.002073577371
7.132 0.002069792842
7.134 0.002071995876
7.136 0.002066547366
7.138 0.002068763342
7.14 0.002063102474
7.142 0.002075990401
7.144 0.00205618518
7.146 0.002065583174
7.148 0.002078535707
7.15 0.002058441624
7.152 0.002053652748
7.154 0.002067418751
7.156 0.002079191287
7.158 0.00205764004
7.16 0.002043741293
7.162 0.002059343964
7.164 0.002072858061
7.166 0.002052680123
7.168 0.002036930964
7.17 0.002051793914
7.172 0.002064715968
7.174 0.002043871436
7.176 0.002037167416
7.178 0.002052665532
7.18 0.002066002534
7.182 0.002045143681
7.184 0.00202796738
7.186 0.002043909619
7.188 0.002057793434
7.19 0.002037322377
7.192 0.002027750944
7.194 0.002043247674
7.196 0.002024370461
7.198 0.002033377137
7.2 0.00202365574
7.202 0.002030073099
7.204 0.002023257684
7.206 0.002038471899
7.208 0.002018929728
7.21 0.002027806018
7.212 0.00204191507
7.214 0.002021062395
7.216 0.002020790217
7.218 0.002036139557
7.22 0.002016277917
7.222 0.002018037819
7.224 0.002032384591
7.226 0.002011471333
7.228 0.002016822657
7.23 0.002031866214
7.232 0.002011307664
7.234 0.002009366638
7.236 0.002024148997
7.238 0.002003295208
7.24 0.0020097868
7.242 0.002024551085
7.244 0.002003350756
7.246 0.002002023076
7.248 0.002017129238
7.25 0.001996146749
7.252 0.002000545252
7.254 0.001992906323
7.256 0.001997695006
7.258 0.00199016041
7.26 0.002005009046
7.262 0.001983586749
7.264 0.001995707227
7.266 0.002010388441
7.268 0.00198838849
7.27 0.001982405401
7.272 0.001997912759
7.274 0.00201115084
7.276 0.001987316038
7.278 0.001972589466
7.28 0.001989799912
7.282 0.002004618673
7.284 0.001982073181
7.286 0.001963512628
7.288 0.001979592194
7.29 0.001993433838
7.292 0.001969857888
7.294 0.001963021026
7.296 0.001979659882
7.298 0.00199384503
7.3 0.001970129402
7.302 0.001948947875
7.304 0.001965819823
7.306 0.001980370603
7.308 0.001956884743
7.31 0.001947410719
7.312 0.001963770041
7.314 0.001977714532
7.316 0.001953344822
7.318 0.001936924066
7.32 0.001954014587
7.322 0.001968672264
7.324 0.00194472049
7.326 0.001929722011
7.328 0.001946347601
7.33 0.001924474495
7.332 0.001935722337
7.334 0.001922298761
7.336 0.001938576046
7.338 0.001916130644
7.34 0.00192814819
7.342 0.001913232589
7.344 0.00192221393
7.346 0.001910916129
7.348 0.001927175278
7.35 0.001904309441
7.352 0.001914589018
7.354 0.001929113047
7.356 0.001904242819
7.358 0.001903306867
7.36 0.00191979237
7.362 0.001933648665
7.364 0.001907596216
7.366 0.001882950801
7.368 0.001900668671
7.37 0.001915978337
7.372 0.00189116608
7.374 0.001878843215
7.376 0.001895247422
7.378 0.001871686312
7.38 0.001882065143
7.382 0.001867857811
7.384 0.001875498057
7.386 0.001864597688
7.388 0.001880931682
7.39 0.001856905611
7.392 0.001866830853
7.394 0.001852611478
7.396 0.001860302658
7.398 0.001848963823
7.4 0.001865298671
7.402 0.001840918463
7.404 0.001851594257
7.406 0.001866483876
7.408 0.001840328666
7.41 0.00183793633
7.412 0.001854680658
7.414 0.00186872748
7.416 0.00184124531
7.418 0.001816699534
7.42 0.001834960265
7.422 0.001850584911
7.424 0.001824434927
7.426 0.00181001309
7.428 0.00182689012
7.43 0.001802183126
7.432 0.001813758915
7.434 0.001797878559
7.436 0.00181456949
7.438 0.00178947458
7.44 0.001804182941
7.442 0.001784863563
7.444 0.00179685662
7.446 0.001781127645
7.448 0.001798139606
7.45 0.001772949837
7.452 0.001786508482
7.454 0.001768483365
7.456 0.001785424252
7.458 0.00175998093
7.46 0.001776588317
7.462 0.001755420049
7.464 0.001772493241
7.466 0.001748633292
7.468 0.00176639127
7.47 0.001742612399
7.472 0.001759930082
7.474 0.001737832752
7.476 0.001755526874
7.478 0.001730370055
7.48 0.001747955479
7.482 0.001726304319
7.484 0.001743950166
7.486 0.001718683315
7.488 0.001736496718
7.49 0.00171419303
7.492 0.001731850533
7.494 0.001707328578
7.496 0.001725300706
7.498 0.001701772566
7.5 0.001719515613
7.502 0.001696025009
7.504 0.00171408872
7.506 0.001689320063
7.508 0.001707204927
7.51 0.001684534766
7.512 0.001702644083
7.514 0.001677019313
7.516 0.001695071983
7.518 0.001672720211
7.52 0.001690856136
7.522 0.001664934101
7.524 0.001683159562
7.526 0.001660241724
7.528 0.001677893907
7.53 0.001651663911
7.532 0.001669453195
7.534 0.001645553674
7.536 0.001663213985
7.538 0.001637526593
7.54 0.001655461616
7.542 0.001630741941
7.544 0.001648584254
7.546 0.001623612913
7.548 0.001641751888
7.55 0.001616287302
7.552 0.001634371827
7.554 0.001623670924
7.556 0.001629067782
7.558 0.001634331468
7.56 0.001639444338
7.562 0.001644427403
7.564 0.001649269136
7.566 0.001653971445
7.568 0.00165856402
7.57 0.001662969627
7.572 0.00166730763
7.574 0.001670958392
7.576 0.001674839423
7.578 0.001678692231
7.58 0.001682524708
7.582 0.001686358772
7.584 0.001690178782
7.586 0.001694008816
7.588 0.001697837273
7.59 0.001701700429
7.592 0.001705574984
7.594 0.001709492962
7.596 0.001713435439
7.598 0.001717437257
7.6 0.001721475025
7.602 0.001725573914
7.604 0.001729716707
7.606 0.001733937006
7.608 0.001738207613
7.61 0.001742551129
7.612 0.001746945634
7.614 0.001751279624
7.616 0.001755717918
7.618 0.001760235439
7.62 0.001764808077
7.622 0.001769462667
7.624 0.001774167118
7.626 0.001778939613
7.628 0.00178375693
7.63 0.001788645751
7.632 0.001793572892
7.634 0.00179855433
7.636 0.001803563989
7.638 0.00180862861
7.64 0.001813707791
7.642 0.001818822731
7.644 0.001823946912
7.646 0.001829106656
7.648 0.001834266057
7.65 0.00183939976
7.652 0.001856965828
7.654 0.001871627549
7.656 0.001927962891
7.658 0.001933680508
7.66 0.001980535277
7.662 0.00197571157
7.664 0.002013977874
7.666 0.002002363783
7.668 0.00203309738
7.67 0.002012527418
7.672 0.002036499633
7.674 0.002011337632
7.676 0.002029545277
7.678 0.00199685019
7.68 0.002010104228
7.682 0.001975065749
7.684 0.001984405794
7.686 0.001943280317
7.688 0.001949464324
7.69 0.001949997483
7.692 0.001955390707
7.694 0.001960753797
7.696 0.001966028569
7.698 0.001971226215
7.7 0.001976350012
7.702 0.001981412718
7.704 0.002007002556
7.706 0.002019271501
7.708 0.002029916455
7.71 0.002038581144
7.712 0.002045953936
7.714 0.002052199654
7.716 0.002057630181
7.718 0.0020624311
7.72 0.002066961376
7.722 0.002071305908
7.724 0.002075333078
7.726 0.002079067715
7.728 0.002082587524
7.73 0.002085975681
7.732 0.002089244984
7.734 0.002092442546
7.736 0.002095584983
7.738 0.002098716035
7.74 0.002102842783
7.742 0.002106576284
7.744 0.002110337417
7.746 0.002114131823
7.748 0.002117932561
7.75 0.002121751847
7.752 0.00212557742
7.754 0.002129406621
7.756 0.002133255139
7.758 0.002137348868
7.76 0.002141325056
7.762 0.002145455927
7.764 0.002149682127
7.766 0.002153969961
7.768 0.002158290199
7.77 0.002162651559
7.772 0.002167010088
7.774 0.002171377631
7.776 0.002175737017
7.778 0.002180105377
7.78 0.002184456811
7.782 0.00218880063
7.784 0.002193124278
7.786 0.002197448329
7.788 0.002201750818
7.79 0.002206056415
7.792 0.00221035043
7.794 0.002214588958
7.796 0.002217700276
7.798 0.002221800158
7.8 0.002225738378
7.802 0.002229719965
7.804 0.002233818389
7.806 0.00223810949
7.808 0.002242468001
7.81 0.002246917222
7.812 0.002251420585
7.814 0.002256011749
7.816 0.002260650028
7.818 0.002265344623
7.82 0.002270082329
7.822 0.002274666985
7.824 0.002279338351
7.826 0.00228397164
7.828 0.002288560843
7.83 0.002292534114
7.832 0.002297243064
7.834 0.002302478679
7.836 0.002308174291
7.838 0.002314059988
7.84 0.002320266932
7.842 0.002326464349
7.844 0.002332657637
7.846 0.002338838036
7.848 0.002344939611
7.85 0.002350959887
7.852 0.002356547126
7.854 0.002362168784
7.856 0.002367657704
7.858 0.00237293819
7.86 0.002378090082
7.862 0.002383158814
7.864 0.002388070022
7.866 0.002392858754
7.868 0.002397506362
7.87 0.002402033143
7.872 0.002406439236
7.874 0.002413337627
7.876 0.002418938643
7.878 0.00242432057
7.88 0.002429382167
7.882 0.002434237419
7.884 0.002438851183
7.886 0.002443317808
7.888 0.002453273079
7.89 0.002460140394
7.892 0.002466508667
7.894 0.002472345923
7.896 0.002477704756
7.898 0.00248261892
7.9 0.00248716204
7.902 0.002491388581
7.904 0.002495333422
7.906 0.002499026402
7.908 0.002502507616
7.91 0.002505878109
7.912 0.002509080967
7.914 0.002512168758
7.916 0.002515158798
7.918 0.002518676405
7.92 0.002522630203
7.922 0.002526401771
7.924 0.002530006504
7.926 0.002533466252
7.928 0.002536813835
7.93 0.002540063105
7.932 0.002543253863
7.934 0.002546294979
7.936 0.002549138172
7.938 0.002551887939
7.94 0.002554564982
7.942 0.002557182786
7.944 0.002559692545
7.946 0.002562219684
7.948 0.002554694635
7.95 0.00255237285
7.952 0.002550152144
7.954 0.002548595775
7.956 0.002547006891
7.958 0.002545659322
7.96 0.002544465424
7.962 0.002543564679
7.964 0.002543002074
7.966 0.002542874936
7.968 0.002543275884
7.97 0.002546101333
7.972 0.002550215988
7.974 0.002555116497
7.976 0.002560812954
7.978 0.002567257201
7.98 0.002574436772
7.982 0.002582309098
7.984 0.002590838746
7.986 0.002599929069
7.988 0.002609539788
7.99 0.002619599539
7.992 0.002630050417
7.994 0.00264079621
7.996 0.002651749221
7.998 0.002662806194
8 0.002673926917
8.002 0.002685010264
8.004 0.002696001664
8.006 0.002706832907
8.008 0.002717458781
8.01 0.002727781519
8.012 0.002737780823
8.014 0.00274739255
8.016 0.00275656825
8.018 0.00276525639
8.02 0.002773448667
8.022 0.002781089732
8.024 0.002788529229
8.026 0.002795212322
8.028 0.002801304313
8.03 0.002806765863
8.032 0.002811618721
8.034 0.00281585048
8.036 0.00281947882
8.038 0.002822522674
8.04 0.002820349932
8.042 0.00281959027
8.044 0.002818601027
8.046 0.002817373501
8.048 0.00281576076
8.05 0.002814909292
8.052 0.002811463478
8.054 0.00280910426
8.056 0.002806592328
8.058 0.002804219685
8.06 0.002801694039
8.062 0.002799112308
8.064 0.002796427633
8.066 0.002793706674
8.068 0.002790961746
8.07 0.002788235371
8.072 0.002785565227
8.074 0.002783039068
8.076 0.002780665731
8.078 0.00277847282
8.08 0.002776494123
8.082 0.002774768491
8.084 0.002773316814
8.086 0.00277215507
8.088 0.00277132091
8.09 0.002770824579
8.092 0.002770664773
8.094 0.002771165775
8.096 0.00277249548
8.098 0.002774268214
8.1 0.002776424649
8.102 0.002778980874
8.104 0.00278192172
8.106 0.002785228093
8.108 0.002788891503
8.11 0.00279209713
8.112 0.002795820287
8.114 0.002800000038
8.116 0.002804489108
8.118 0.002809354166
8.12 0.00281452534
8.122 0.002820133285
8.124 0.002826041788
8.126 0.002832233585
8.128 0.002838657324
8.13 0.00284522404
8.132 0.002851983897
8.134 0.002858902247
8.136 0.002866194746
8.138 0.00287356216
8.14 0.002880954813
8.142 0.002888481055
8.144 0.002895924205
8.146 0.002903305622
8.148 0.002910533142
8.15 0.002917605062
8.152 0.002924447371
8.154 0.002931045713
8.156 0.002937369556
8.158 0.00294341038
8.16 0.002949116309
8.162 0.002954395514
8.164 0.002959346374
8.166 0.002963951712
8.168 0.002968172332
8.17 0.002972016871
8.172 0.00297540905
8.174 0.002978461874
8.176 0.002981137672
8.178 0.002983463662
8.18 0.002985454257
8.182 0.002987139709
8.184 0.002988505001
8.186 0.002989584411
8.188 0.002990394032
8.19 0.002990976963
8.192 0.002991322808
8.194 0.002991475567
8.196 0.002991459011
8.198 0.002991352619
8.2 0.002991103389
8.202 0.002990760676
8.204 0.002990343566
8.206 0.002989897311
8.208 0.002989413062
8.21 0.002988931044
8.212 0.002988472036
8.214 0.002988094466
8.216 0.002987758637
8.218 0.002987503988
8.22 0.00298702716
8.222 0.002988821398
8.224 0.003003130294
8.226 0.003012222748
8.228 0.003020720504
8.23 0.003028780851
8.232 0.003036293852
8.234 0.003043263479
8.236 0.003049671935
8.238 0.003055525202
8.24 0.003060790742
8.242 0.003065474884
8.244 0.003069578641
8.246 0.003073130063
8.248 0.003076111799
8.25 0.003078558245
8.252 0.003080488508
8.254 0.003081939403
8.256 0.003082909768
8.258 0.00308344634
8.26 0.003083510831
8.262 0.003083220727
8.264 0.00308256629
8.266 0.003081591589
8.268 0.003080308671
8.27 0.003078801965
8.272 0.003077062594
8.274 0.003075141276
8.276 0.003073070382
8.278 0.003070897185
8.28 0.003068622738
8.282 0.003066291567
8.284 0.003063930353
8.286 0.003061582809
8.288 0.003059238088
8.29 0.003056948095
8.292 0.003054733996
8.294 0.003052632921
8.296 0.003050634165
8.298 0.003048775066
8.3 0.003047071659
8.302 0.00304555494
8.304 0.003044208724
8.306 0.003043060346
8.308 0.00304212147
8.31 0.003041412671
8.312 0.003040907009
8.314 0.003040644368
8.316 0.003040619353
8.318 0.003040832634
8.32 0.003041268823
8.322 0.00304193762
8.324 0.003042843493
8.326 0.003043961912
8.328 0.003045317365
8.33 0.003046861992
8.332 0.003048626716
8.334 0.003050574661
8.336 0.003052727303
8.338 0.003055030868
8.34 0.003057516388
8.342 0.003060143893
8.344 0.003062932619
8.346 0.003065827198
8.348 0.003068856924
8.35 0.003071976632
8.352 0.003075228172
8.354 0.003082378995
8.356 0.00308763254
8.358 0.00309270366
8.36 0.003097702798
8.362 0.003102837975
8.364 0.003107514418
8.366 0.00311179561
8.368 0.003115598812
8.37 0.003118905792
8.372 0.003121733774
8.374 0.003124420435
8.376 0.003127295467
8.378 0.003129654699
8.38 0.003131515514
8.382 0.00313285122
8.384 0.003133697616
8.386 0.003134055255
8.388 0.00313390869
8.39 0.003133372085
8.392 0.003132374557
8.394 0.003130964761
8.396 0.003129184484
8.398 0.003127047566
8.4 0.003124602381
8.402 0.003121868185
8.404 0.003118894428
8.406 0.003115701473
8.408 0.003112343237
8.41 0.003108845049
8.412 0.003105253821
8.414 0.003101589882
8.416 0.003098019845
8.418 0.003094333537
8.42 0.003090662754
8.422 0.003087023635
8.424 0.003083455759
8.426 0.003079993227
8.428 0.003070703411
8.43 0.003065101096
8.432 0.003059693027
8.434 0.00305492646
8.436 0.003050507542
8.438 0.003046754975
8.44 0.003043108648
8.442 0.003039811403
8.444 0.003036851108
8.446 0.003034212084
8.448 0.003031798924
8.45 0.003029756531
8.452 0.003028050067
8.454 0.003026645888
8.456 0.003025577076
8.458 0.003024927435
8.46 0.00302566799
8.462 0.003027164414
8.464 0.003029138968
8.466 0.003031542061
8.468 0.00303368953
8.47 0.003036326017
8.472 0.003039434261
8.474 0.003042879539
8.476 0.003046696115
8.478 0.003050835446
8.48 0.003055272219
8.482 0.00305995637
8.484 0.0030643353
8.486 0.003069110882
8.488 0.003074039133
8.49 0.003079080394
8.492 0.003084551106
8.494 0.003089856619
8.496 0.003095156084
8.498 0.003100373496
8.5 0.003105493852
8.502 0.003110421159
8.504 0.003115230373
8.506 0.003119864861
8.508 0.003124307587
8.51 0.003128548072
8.512 0.003132555554
8.514 0.003136306146
8.516 0.003139791272
8.518 0.00314303217
8.52 0.003146041104
8.522 0.00314873824
8.524 0.003151178985
8.526 0.003153367547
8.528 0.003148664657
8.53 0.003147483603
8.532 0.00314819119
8.534 0.003144883028
8.536 0.003143580282
8.538 0.003142239459
8.54 0.003140785665
8.542 0.003139244907
8.544 0.003137593633
8.546 0.003135836282
8.548 0.00313398213
8.55 0.003132053096
8.552 0.003130056362
8.554 0.003128001268
8.556 0.003125908393
8.558 0.003123805691
8.56 0.003121773815
8.562 0.003119720797
8.564 0.003117695629
8.566 0.003115723246
8.568 0.003113815034
8.57 0.00311203701
8.572 0.003110343427
8.574 0.003108764452
8.576 0.003107307088
8.578 0.003105972818
8.58 0.003104774957
8.582 0.00310372791
8.584 0.003102831232
8.586 0.003102084558
8.588 0.003101496428
8.59 0.003101086759
8.592 0.003100854841
8.594 0.003100787763
8.596 0.003100886905
8.598 0.003101152831
8.6 0.003101580936
8.602 0.003102154285
8.604 0.003102872285
8.606 0.003103735303
8.608 0.00310472904
8.61 0.003105837803
8.612 0.003107056823
8.614 0.003108359877
8.616 0.003109790294
8.618 0.003111326548
8.62 0.003112984984
8.622 0.003114764366
8.624 0.003116651658
8.626 0.003118630508
8.628 0.0031206947
8.63 0.003122840706
8.632 0.003125050233
8.634 0.003127303503
8.636 0.003129595846
8.638 0.003131921955
8.64 0.003134263342
8.642 0.003136391043
8.644 0.003138594782
8.646 0.00314080003
8.648 0.003143007876
8.65 0.003145187809
8.652 0.003147317288
8.654 0.003149416651
8.656 0.003151464833
8.658 0.003153446136
8.66 0.003155356595
8.662 0.003157196593
8.664 0.003158953227
8.666 0.003160613391
8.668 0.003162176183
8.67 0.003163644855
8.672 0.003165008598
8.674 0.003166265
8.676 0.003167386044
8.678 0.003168405441
8.68 0.003169306376
8.682 0.003170089934
8.684 0.003170734432
8.686 0.003167203009
8.688 0.003166313514
8.69 0.00316568267
8.692 0.003165281142
8.694 0.003165061902
8.696 0.003164932374
8.698 0.003164853008
8.7 0.003164762243
8.702 0.003164674532
8.704 0.003164548016
8.706 0.003164398956
8.708 0.003164163141
8.71 0.003163876108
8.712 0.003163519927
8.714 0.003163069985
8.716 0.00316253894
8.718 0.003161670167
8.72 0.003161606421
8.722 0.00316157309
8.724 0.003161603275
8.726 0.003161675034
8.728 0.003161727074
8.73 0.00316173818
8.732 0.003161662221
8.734 0.003161516244
8.736 0.003161272882
8.738 0.003160925139
8.74 0.003160445196
8.742 0.003159861303
8.744 0.003159156433
8.746 0.003158331332
8.748 0.003157364792
8.75 0.003156290398
8.752 0.003155099264
8.754 0.003153791385
8.756 0.003152349582
8.758 0.003150810772
8.76 0.003149164492
8.762 0.003147417502
8.764 0.003145553194
8.766 0.003143609773
8.768 0.003141579394
8.77 0.003139469234
8.772 0.00313726451
8.774 0.003135003985
8.776 0.003132679802
8.778 0.003130300445
8.78 0.003127847182
8.782 0.003125362847
8.784 0.003122839852
8.786 0.003120285875
8.788 0.003117686294
8.79 0.003115079301
8.792 0.003112459281
8.794 0.003109846809
8.796 0.003107218758
8.798 0.003104612227
8.8 0.003102017187
8.802 0.003099439377
8.804 0.003096861369
8.806 0.003094318787
8.808 0.003091800669
8.81 0.00308931133
8.812 0.003086832271
8.814 0.003084407821
8.816 0.003082894676
8.818 0.003081025045
8.82 0.003079148618
8.822 0.003077570307
8.824 0.003075136025
8.826 0.003072599546
8.828 0.003069894535
8.83 0.003067109798
8.832 0.00306427512
8.834 0.003061422099
8.836 0.003058556806
8.838 0.003055730954
8.84 0.003052946933
8.842 0.003050219637
8.844 0.00304753853
8.846 0.003044943347
8.848 0.003042426113
8.85 0.003039993603
8.852 0.00303762834
8.854 0.003035364106
8.856 0.003033187807
8.858 0.003031101746
8.86 0.003029083461
8.862 0.003027163041
8.864 0.003025324447
8.866 0.003023567255
8.868 0.00302186784
8.87 0.003020254333
8.872 0.003014497526
8.874 0.003012216243
8.876 0.00301071961
8.878 0.003005067758
8.88 0.003001153341
8.882 0.002997454557
8.884 0.002993955608
8.886 0.002990635009
8.888 0.002987489198
8.89 0.002983375102
8.892 0.002980112682
8.894 0.002977048249
8.896 0.002974236746
8.898 0.002971622326
8.9 0.002969178637
8.902 0.002965080659
8.904 0.00296031391
8.906 0.002955797716
8.908 0.002951231593
8.91 0.002946918637
8.912 0.002942801071
8.914 0.002938895128
8.916 0.002935299518
8.918 0.002932012907
8.92 0.002929034732
8.922 0.002926384389
8.924 0.002924502206
8.926 0.002923486354
8.928 0.002922733218
8.93 0.00292224006
8.932 0.002921961779
8.934 0.002921914402
8.936 0.002922065512
8.938 0.002922398543
8.94 0.002922872353
8.942 0.002923496762
8.944 0.002924235876
8.946 0.002924974991
8.948 0.002925804917
8.95 0.002926698443
8.952 0.002927619719
8.954 0.002928548416
8.956 0.002929441943
8.958 0.002930309586
8.96 0.002931116467
8.962 0.002934628267
8.964 0.002936633022
8.966 0.002938433379
8.968 0.002939918832
8.97 0.002941118502
8.972 0.002941988451
8.974 0.002942556961
8.976 0.002942798101
8.978 0.002942708132
8.98 0.002942259871
8.982 0.002941480369
8.984 0.002940353895
8.986 0.002938883524
8.988 0.002937057557
8.99 0.002934904296
8.992 0.002932720296
8.994 0.002931104303
8.996 0.002929135699
8.998 0.002926824273
9 0.00292417783
9.002 0.002921219144
9.004 0.002917936131
9.006 0.002914353951
9.008 0.002910486
9.01 0.002906361552
9.012 0.002901974605
9.014 0.002897355378
9.016 0.002892528325
9.018 0.002887521319
9.02 0.002882329861
9.022 0.00287698369
9.024 0.002871518485
9.026 0.002865925204
9.028 0.002860225865
9.03 0.002854447966
9.032 0.002848629719
9.034 0.002842776597
9.036 0.002836904905
9.038 0.002831038761
9.04 0.002825193564
9.042 0.002819399646
9.044 0.00281364922
9.046 0.002807968762
9.048 0.002802369507
9.05 0.002796884417
9.052 0.002791492125
9.054 0.002786215805
9.056 0.00278106225
9.058 0.002776051486
9.06 0.002771166197
9.062 0.002766423599
9.064 0.002761824257
9.066 0.002757383651
9.068 0.002753080014
9.07 0.002748924931
9.072 0.002744916817
9.074 0.002741066693
9.076 0.002737347853
9.078 0.002733769619
9.08 0.002730325665
9.082 0.002727023606
9.084 0.002724285464
9.086 0.00272167768
9.088 0.002719149236
9.09 0.002716693327
9.092 0.002714281723
9.094 0.002711935501
9.096 0.002709634137
9.098 0.002707370978
9.1 0.002705119447
9.102 0.00270289063
9.104 0.00270067761
9.106 0.002698471539
9.108 0.002695667763
9.11 0.002693093268
9.112 0.002690518528
9.114 0.002687947647
9.116 0.002685355637
9.118 0.002682767713
9.12 0.002680166671
9.122 0.002677551502
9.124 0.002674899746
9.126 0.002672400148
9.128 0.002669977165
9.13 0.002667518393
9.132 0.002664997421
9.134 0.002662421999
9.136 0.002659787454
9.138 0.002656526807
9.14 0.002653419093
9.142 0.002650268528
9.144 0.00264707508
9.146 0.002643850924
9.148 0.00264067442
9.15 0.002637557082
9.152 0.002634391512
9.154 0.002631181879
9.156 0.002627877983
9.158 0.002624557027
9.16 0.002621175343
9.162 0.002617767282
9.164 0.002614298924
9.166 0.002610801952
9.168 0.002607264933
9.17 0.002603690904
9.172 0.002600065185
9.174 0.002596416413
9.176 0.002592734345
9.178 0.002589023044
9.18 0.002585266519
9.182 0.002581494029
9.184 0.002577695128
9.186 0.00257387405
9.188 0.002570014866
9.19 0.002566146617
9.192 0.002562258946
9.194 0.002558355916
9.196 0.002554421632
9.198 0.00255048978
9.2 0.002546544426
9.202 0.002542590419
9.204 0.002538611608
9.206 0.002534635952
9.208 0.002530655556
9.21 0.002526670155
9.212 0.002522664299
9.214 0.002518665202
9.216 0.002518351327
9.218 0.002516133295
9.22 0.002508457144
9.222 0.002507227845
9.224 0.002504932798
9.226 0.002499962315
9.228 0.002497489538
9.23 0.00249210546
9.232 0.002483920708
9.234 0.002484441858
9.236 0.002475954728
9.238 0.002476333191
9.24 0.002467635945
9.242 0.002467837101
9.244 0.00245899171
9.246 0.002459077241
9.248 0.00245015675
9.25 0.002450175251
9.252 0.002446707221
9.254 0.00244100205
9.256 0.002437159982
9.258 0.00243343324
9.26 0.002429524142
9.262 0.00242250744
9.264 0.002419191987
9.266 0.002415221653
9.268 0.002411115716
9.27 0.002406830919
9.272 0.002402387515
9.274 0.002397845079
9.276 0.0023932035
9.278 0.002388515462
9.28 0.002383781489
9.282 0.002379016746
9.284 0.002374212621
9.286 0.00236940104
9.288 0.002364572213
9.29 0.002359735443
9.292 0.002354875563
9.294 0.002350021034
9.296 0.002345161922
9.298 0.002340349931
9.3 0.002335580351
9.302 0.002330866118
9.304 0.002326194856
9.306 0.002321566929
9.308 0.002316965036
9.31 0.002312412313
9.312 0.002307895777
9.314 0.002303415712
9.316 0.002298953986
9.318 0.002294533143
9.32 0.002290139283
9.322 0.00228577261
9.324 0.002281414923
9.326 0.002277193872
9.328 0.002272982103
9.33 0.00226879084
9.332 0.002264609017
9.334 0.002260448512
9.336 0.002256295414
9.338 0.002252147359
9.34 0.002247985242
9.342 0.002243829507
9.344 0.002239669776
9.346 0.002235497874
9.348 0.002231298157
9.35 0.002227091459
9.352 0.002222868382
9.354 0.002218625917
9.356 0.002214347102
9.358 0.002210054258
9.36 0.002205735006
9.362 0.002201390044
9.364 0.002197003567
9.366 0.002192609715
9.368 0.002188182438
9.37 0.002183726379
9.372 0.002179227237
9.374 0.002174708428
9.376 0.002170159104
9.378 0.00216558041
9.38 0.002160958412
9.382 0.002156316926
9.384 0.00215164624
9.386 0.002146948651
9.388 0.002142211001
9.39 0.002136065017
9.392 0.00213034428
9.394 0.002124617009
9.396 0.00211887365
9.398 0.002113145127
9.4 0.002107427494
9.402 0.002101729217
9.404 0.00209604235
9.406 0.002090403078
9.408 0.002084783387
9.41 0.00207921214
9.412 0.002073672858
9.414 0.002068190108
9.416 0.002062760099
9.418 0.002057388183
9.42 0.002052064019
9.422 0.002046811952
9.424 0.002041623784
9.426 0.002036502047
9.428 0.002031411451
9.43 0.002026400152
9.432 0.002021453613
9.434 0.002016571225
9.436 0.002011739299
9.438 0.002006977371
9.44 0.002002273616
9.442 0.00199762694
9.444 0.001993021679
9.446 0.00198846767
9.448 0.001985146053
9.45 0.001979502744
9.452 0.001985019216
9.454 0.001970692216
9.456 0.001986104628
9.458 0.001966495813
9.46 0.00198603932
9.462 0.001966706568
9.464 0.001986917657
9.466 0.001967197255
9.468 0.001986971626
9.47 0.001967400759
9.472 0.001987645805
9.474 0.001967783668
9.476 0.001987841512
9.478 0.00196799525
9.48 0.001988314
9.482 0.001968303837
9.484 0.001988647502
9.486 0.001968547945
9.488 0.001988931392
9.49 0.001968800534
9.492 0.0019893924
9.494 0.001969102874
9.496 0.001989506531
9.498 0.001969304268
9.5 0.001990072818
9.502 0.001969694034
9.504 0.001990049185
9.506 0.0019698389
9.508 0.001990688114
9.51 0.001970333394
9.512 0.001990568458
9.514 0.001970440676
9.516 0.001991259415
9.518 0.001971008197
9.52 0.001992006882
9.522 0.001972352101
9.524 0.001994045358
9.526 0.001973546141
9.528 0.00199520047
9.53 0.001975655956
9.532 0.00199722416
9.534 0.001976713687
9.536 0.001998182819
9.538 0.001978621474
9.54 0.001999966385
9.542 0.00197938233
9.544 0.002000612376
9.546 0.001980993121
9.548 0.002002093903
9.55 0.001981433593
9.552 0.002002426308
9.554 0.001982759987
9.556 0.002003637048
9.558 0.001982919051
9.56 0.00200370215
9.562 0.001984027515
9.564 0.002004718302
9.566 0.001983966262
9.568 0.002004553287
9.57 0.001984947782
9.572 0.002005492703
9.574 0.001984672669
9.576 0.002005131249
9.578 0.0019856276
9.58 0.002006039723
9.582 0.001985219739
9.584 0.002005568869
9.586 0.001986184916
9.588 0.002006502604
9.59 0.001986747749
9.592 0.002005986022
9.594 0.001987355346
9.596 0.002006963134
9.598 0.001988366747
9.6 0.002006463237
9.602 0.00198885534
9.604 0.002007506229
9.606 0.001989770144
9.608 0.002007050843
9.61 0.001990162732
9.612 0.002008150261
9.614 0.001990980543
9.616 0.002007747449
9.618 0.001991293789
9.62 0.002008891717
9.622 0.00199204292
9.624 0.002008565583
9.626 0.001992286404
9.628 0.002009749693
9.63 0.001992977831
9.632 0.002009466954
9.634 0.001993197203
9.636 0.002010657093
9.638 0.001993848361
9.64 0.00201044793
9.642 0.00199403168
9.644 0.002011623327
9.646 0.001994659443
9.648 0.002011444397
9.65 0.00199482347
9.652 0.002012594663
9.654 0.001995449739
9.656 0.002012501679
9.658 0.001995307921
9.66 0.00201336718
9.662 0.001995624173
9.664 0.002013237632
9.666 0.001995508991
9.668 0.002014063911
9.67 0.001995894401
9.672 0.002013957011
9.674 0.001995838692
9.676 0.002014800644
9.678 0.001996288676
9.68 0.002014692383
9.682 0.001996301853
9.684 0.002015531643
9.686 0.001996799642
9.688 0.00201543531
9.69 0.001996962406
9.692 0.002016247699
9.694 0.001997307461
9.696 0.00201612675
9.698 0.001997697022
9.7 0.002016887905
9.702 0.001997732761
9.704 0.002016724232
9.706 0.001998326313
9.708 0.002017391084
9.71 0.001998200447
9.712 0.002017217751
9.714 0.001998815789
9.716 0.002017757081
9.718 0.001998647304
9.72 0.002017544782
9.722 0.001999139442
9.724 0.002017949991
9.726 0.001998942233
9.728 0.002017713231
9.73 0.001999280827
9.732 0.002017967044
9.734 0.001999054812
9.736 0.00201770001
9.738 0.001999938974
9.74 0.002018252482
9.742 0.002000127144
9.744 0.002019293234
9.746 0.002000417993
9.748 0.002019481381
9.75 0.002000946802
9.752 0.002019671135
9.754 0.002001583429
9.756 0.002020169196
9.758 0.002001650719
9.76 0.00202012799
9.762 0.002001895069
9.764 0.002020200131
9.766 0.002001620864
9.768 0.002019840885
9.77 0.002001447045
9.772 0.002019512504
9.774 0.002000931497
9.776 0.002018903905
9.778 0.002000380584
9.78 0.002018230626
9.782 0.001999690037
9.784 0.002017484146
9.786 0.001998856225
9.788 0.002016541819
9.79 0.001998101784
9.792 0.00201573811
9.794 0.00199709672
9.796 0.002014696162
9.798 0.00199634862
9.8 0.002013899829
9.802 0.001995321629
9.804 0.002012827175
9.806 0.001994589113
9.808 0.00201210737
9.81 0.001993712708
9.812 0.002011270972
9.814 0.001993182278
9.816 0.002010689186
9.818 0.001992432657
9.82 0.002009901176
9.822 0.001991863293
9.824 0.002009295925
9.826 0.001991163687
9.828 0.002008565502
9.83 0.001990543957
9.832 0.002007885543
9.834 0.001989885969
9.836 0.00200720556
9.838 0.00198918129
9.84 0.002006439191
9.842 0.001988560388
9.844 0.00200578405
9.846 0.001987784418
9.848 0.002004953904
9.85 0.001987162541
9.852 0.002004294331
9.854 0.001986356917
9.856 0.002003428344
9.858 0.001985719226
9.86 0.002002752127
9.862 0.001984875135
9.864 0.002001879566
9.866 0.001984232079
9.868 0.002001203168
9.87 0.001983418748
9.872 0.002000355008
9.874 0.001982723315
9.876 0.00199960739
9.878 0.001981987937
9.88 0.00199886958
9.882 0.001981242795
9.884 0.001998075417
9.886 0.001980655385
9.888 0.001997475353
9.89 0.001979877025
9.892 0.00199666696
9.894 0.001979453998
9.896 0.001996239583
9.898 0.001979444561
9.9 0.001995421798
9.902 0.001979285696
9.904 0.001995189784
9.906 0.001979604291
9.908 0.001994372867
9.91 0.001979515236
9.912 0.001994344959
9.914 0.001979884371
9.916 0.001993536855
9.918 0.001979829108
9.92 0.001993708902
9.922 0.00198021409
9.924 0.001992906977
9.926 0.001980155796
9.928 0.0019932749
9.93 0.001980503834
9.932 0.001992499064
9.934 0.001980412774
9.936 0.001992996225
9.938 0.001980745723
9.94 0.001992259082
9.942 0.001980590549
9.944 0.001992861102
9.946 0.001980850074
9.948 0.001992159494
9.95 0.001980626766
9.952 0.001992831467
9.954 0.001980770235
9.956 0.001992162974
9.958 0.001980479764
9.96 0.001992892586
9.962 0.001980556817
9.964 0.001992173511
9.966 0.001980151081
9.968 0.001992950814
9.97 0.001980292714
9.972 0.001992486147
9.974 0.001979695429
9.976 0.001992120424
9.978 0.001979826921
9.98 0.001991712365
9.982 0.001979157244
9.984 0.001991995447
9.986 0.001979197794
9.988 0.001991143384
9.99 0.001978407044
9.992 0.001991789252
9.994 0.001978341104
9.996 0.001990622721
9.998 0.001977489954
10 0.001991512847
10.002 0.001977411001
10.004 0.001990620819
10.006 0.001976580516
10.008 0.001991197509
10.01 0.001976448854
10.012 0.001989820096
10.014 0.001975561046
10.016 0.001990625433
10.018 0.001975387531
10.02 0.001988986734
10.022 0.001974658115
10.024 0.001989964495
10.026 0.001974278981
10.028 0.001988173422
10.03 0.001973973242
10.032 0.001989189353
10.034 0.001973154238
10.036 0.001986377639
10.038 0.00197337023
10.04 0.001988983258
10.042 0.001971987994
10.044 0.001984937875
10.046 0.001973472096
10.048 0.001988330104
10.05 0.001970802383
10.052 0.001984058594
10.054 0.001997809255
10.056 0.00197811976
10.058 0.001976649613
10.06 0.001991999063
10.062 0.002005262455
10.064 0.001984955556
10.066 0.001968524836
10.068 0.001984712495
10.07 0.001998930827
10.072 0.002010950612
10.074 0.00198952364
10.076 0.001970138859
10.078 0.001979680822
10.08 0.00199503675
10.082 0.002008098168
10.084 0.001988509609
10.086 0.001969888606
10.088 0.001975954607
10.09 0.001990577172
10.092 0.002003067597
10.094 0.001983286388
10.096 0.001964594157
10.098 0.001977937508
10.1 0.001992404608
10.102 0.002004634179
10.104 0.001984639165
10.106 0.001965673613
10.108 0.00197388558
10.11 0.001988730922
10.112 0.002001426794
10.114 0.001982099209
10.116 0.00196378057
10.118 0.001971627454
10.12 0.001985877323
10.122 0.001968387021
10.124 0.001964494553
10.126 0.001978520294
10.128 0.001961198688
10.13 0.001969240539
10.132 0.001960347803
10.134 0.001974144079
10.136 0.00195686299
10.138 0.001970621054
10.14 0.00198399404
10.142 0.001966070675
10.144 0.001960236959
10.146 0.00197481887
10.148 0.001987484589
10.15 0.001969483944
10.152 0.001956485483
10.154 0.001971914424
10.156 0.001985382642
10.158 0.001967742449
10.16 0.001955531874
10.162 0.001970070689
10.164 0.001982750644
10.166 0.001964542107
10.168 0.0019568073
10.17 0.001971579891
10.172 0.001984407824
10.174 0.001966366461
10.176 0.001951837194
10.178 0.001966437569
10.18 0.001979204589
10.182 0.001961324209
10.184 0.001953154927
10.186 0.001967412721
10.188 0.001951320886
10.19 0.001958386879
10.192 0.001951489064
10.194 0.001965237853
10.196 0.001948775299
10.198 0.001957118911
10.2 0.001969614799
10.202 0.001951924054
10.204 0.001952010357
10.206 0.001965757393
10.208 0.001949400065
10.21 0.001950071291
10.212 0.001962637941
10.214 0.001945315165
10.216 0.001951704744
10.218 0.001964983728
10.22 0.001948325081
10.222 0.001944976261
10.224 0.001957917636
10.226 0.001941196677
10.228 0.001948916819
10.23 0.001961662868
10.232 0.001944773252
10.234 0.001942454158
10.236 0.001955608854
10.238 0.001966966903
10.24 0.001948671052
10.242 0.001935968237
10.244 0.001950605666
10.246 0.001963410033
10.248 0.001946613355
10.25 0.001932680396
10.252 0.001946101668
10.254 0.001931113309
10.256 0.001944639195
10.258 0.001930487508
10.26 0.001943837111
10.262 0.001929500136
10.264 0.001942862717
10.266 0.001928127567
10.268 0.001941412057
10.27 0.001927636969
10.272 0.001941002931
10.274 0.001925958203
10.276 0.001939233168
10.278 0.001925733096
10.28 0.001936501639
10.282 0.001926496337
10.284 0.00193982256
10.286 0.001924482991
10.288 0.001934231772
10.29 0.00192454501
10.292 0.001931758669
10.294 0.001925034015
10.296 0.001938093503
10.298 0.001922556679
10.3 0.001930159463
10.302 0.001941830311
10.304 0.001925128787
10.306 0.001925797821
10.308 0.001938787848
10.31 0.001923311656
10.312 0.001923152517
10.314 0.001922531012
10.316 0.001921661007
10.318 0.001921944242
10.32 0.001920099351
10.322 0.001921192086
10.324 0.001918633424
10.326 0.001920316376
10.328 0.001917228352
10.33 0.001919326405
10.332 0.001915980475
10.334 0.001918236831
10.336 0.001914792732
10.338 0.001926635791
10.34 0.001910768714
10.342 0.001919018078
10.344 0.001930965524
10.346 0.001914957557
10.348 0.001911195713
10.35 0.001923032543
10.352 0.001907645893
10.354 0.001913970881
10.356 0.001906268451
10.358 0.001912235441
10.36 0.001905348655
10.362 0.001917304136
10.364 0.001901835872
10.366 0.001911569963
10.368 0.00192292649
10.37 0.001906851861
10.372 0.001903084536
10.374 0.001915282554
10.376 0.00192572909
10.378 0.001908815306
10.38 0.001896383294
10.382 0.001909378683
10.384 0.001920843985
10.386 0.001904912216
10.388 0.001893472641
10.39 0.001905597467
10.392 0.001916185553
10.394 0.001899612683
10.396 0.001893100558
10.398 0.001905678068
10.4 0.00191650561
10.402 0.00190016936
10.404 0.001886233185
10.406 0.001898678517
10.408 0.001909474047
10.41 0.001893457854
10.412 0.001886335628
10.414 0.001898347725
10.416 0.001908770397
10.418 0.001892343807
10.42 0.001881146697
10.422 0.001893573088
10.424 0.001904365756
10.426 0.001888396799
10.428 0.001878023052
10.43 0.001890049437
10.432 0.001875520739
10.434 0.001884145758
10.436 0.001874921893
10.438 0.001886594843
10.44 0.001871879752
10.442 0.001880991452
10.444 0.001870897112
10.446 0.001878092709
10.448 0.001870296744
10.45 0.001881790809
10.452 0.001867069608
10.454 0.001875131409
10.456 0.001885481673
10.458 0.001869630537
10.46 0.001868259288
10.462 0.001879785289
10.464 0.001889542036
10.466 0.001873259089
10.468 0.001858090412
10.47 0.001870276515
10.472 0.001880959431
10.474 0.001889871647
10.476 0.001872780716
10.478 0.001856464007
10.48 0.001863109039
10.482 0.001874681045
10.484 0.001884347988
10.486 0.00186816602
10.488 0.001852637406
10.49 0.001856709693
10.492 0.001867536553
10.494 0.001876794039
10.496 0.001860260012
10.498 0.001844679854
10.5 0.00185516299
10.502 0.001865946098
10.504 0.001874986068
10.506 0.001858418585
10.508 0.001842600061
10.51 0.001847554271
10.512 0.001858695587
10.514 0.001867994426
10.516 0.001851883518
10.518 0.00183666758
10.52 0.00184319624
10.522 0.001853745343
10.524 0.001839054256
10.526 0.001834520168
10.528 0.001845076786
10.53 0.001830547385
10.532 0.001836779184
10.534 0.001846764482
10.536 0.001831822611
10.538 0.001830249195
10.54 0.001840882039
10.542 0.001849989025
10.544 0.001834190022
10.546 0.001820883983
10.548 0.001832448178
10.55 0.001842547898
10.552 0.001827801229
10.554 0.00181825769
10.556 0.001828904646
10.558 0.001815032316
10.56 0.001823818736
10.562 0.001813884501
10.564 0.00182438763
10.566 0.001810490156
10.568 0.001820301767
10.57 0.001809237442
10.572 0.001819785793
10.574 0.001806180575
10.576 0.001816877157
10.578 0.00180469066
10.58 0.00181521928
10.582 0.001802566123
10.584 0.001813154959
10.586 0.00180042831
10.588 0.001810908283
10.59 0.001798673855
10.592 0.001809153272
10.594 0.001796354966
10.596 0.001806834962
10.598 0.001794541909
10.6 0.001803529734
10.602 0.001793947354
10.604 0.001804405464
10.606 0.001790888064
10.608 0.001799319055
10.61 0.001789733672
10.612 0.001796181343
10.614 0.001788922979
10.616 0.001799125959
10.618 0.001785535383
10.62 0.001792499301
10.622 0.001801651614
10.624 0.001787077453
10.626 0.001785757139
10.628 0.001796026416
10.63 0.001782540507
10.632 0.001783204231
10.634 0.001780715195
10.636 0.001780771878
10.638 0.001779020396
10.64 0.001778283606
10.642 0.001777162673
10.644 0.001775894839
10.646 0.001775268799
10.648 0.001773496322
10.65 0.001773171413
10.652 0.00177123067
10.654 0.001780484848
10.656 0.001766499547
10.658 0.001771571321
10.66 0.001781026532
10.662 0.001767040639
10.664 0.001764330437
10.666 0.001773850338
10.668 0.001760313724
10.67 0.001763763906
10.672 0.00175794337
10.674 0.001767199067
10.676 0.001753569638
10.678 0.001761168001
10.68 0.001770104215
10.682 0.001755973353
10.684 0.001752039662
10.686 0.001761703768
10.688 0.001769882371
10.69 0.001755078799
10.692 0.001744043281
10.694 0.001754354354
10.696 0.001763212216
10.698 0.001749220931
10.7 0.001739481112
10.702 0.001749122696
10.704 0.001757422052
10.706 0.001743048738
10.708 0.001736116664
10.71 0.001745948416
10.712 0.001754369492
10.714 0.001740041754
10.716 0.001729033379
10.718 0.001738854264
10.72 0.001747339094
10.722 0.001733231603
10.724 0.001725504489
10.726 0.001735029042
10.728 0.001722171276
10.73 0.001727613835
10.732 0.001720527006
10.734 0.001724000406
10.736 0.001718979549
10.738 0.001728138466
10.74 0.001715053023
10.742 0.001719574915
10.744 0.00172792572
10.746 0.001714083618
10.748 0.001713573551
10.75 0.00172264307
10.752 0.001709553603
10.754 0.001709514449
10.756 0.001717917207
10.758 0.001704345291
10.76 0.001707288701
10.762 0.001716034862
10.764 0.001702751377
10.766 0.001700630935
10.768 0.001709221002
10.77 0.001696039234
10.772 0.001699406829
10.774 0.001693058067
10.776 0.001701458585
10.778 0.001688174429
10.78 0.001696502242
10.782 0.001704831835
10.784 0.001691336051
10.786 0.00168569458
10.788 0.00169453605
10.79 0.001702080659
10.792 0.001687899179
10.794 0.001679163706
10.796 0.001688656208
10.798 0.001696797126
10.8 0.001683231268
10.802 0.001672450824
10.804 0.001681462692
10.806 0.001689292089
10.808 0.001675540357
10.81 0.001669606617
10.812 0.001678661713
10.814 0.0016663454
10.816 0.001669254907
10.818 0.001664487583
10.82 0.001673090907
10.822 0.001661489041
10.824 0.001667019476
10.826 0.001676335665
10.828 0.001664451575
10.83 0.001665294893
10.832 0.001675377719
10.834 0.001664086553
10.836 0.001665260629
10.838 0.001674404015
10.84 0.001662392287
10.842 0.001666036733
10.844 0.001675213015
10.846 0.001663206661
10.848 0.001661944278
10.85 0.001670705441
10.852 0.001658445639
10.854 0.00166191362
10.856 0.001656250466
10.858 0.001664508947
10.86 0.001651931401
10.862 0.001659916956
10.864 0.001667952163
10.866 0.001655128751
10.868 0.001649657525
10.87 0.001658017897
10.872 0.001665091168
10.874 0.00165133851
10.876 0.001642859015
10.878 0.001651758299
10.88 0.001659349642
10.882 0.001646134394
10.884 0.001635404603
10.886 0.001643766458
10.888 0.001650918594
10.89 0.001637461685
10.892 0.001631833518
10.894 0.001640265502
10.896 0.001628220909
10.898 0.001630379387
10.9 0.001626007777
10.902 0.001626338249
10.904 0.001623889471
10.906 0.001631898943
10.908 0.001619561545
10.91 0.001621193959
10.912 0.001628624598
10.914 0.001615790984
10.916 0.001616615681
10.918 0.001624547882
10.92 0.001612225549
10.922 0.00161107254
10.924 0.00161865872
10.926 0.001606129671
10.928 0.001608879724
10.93 0.001616635132
10.932 0.001604257982
10.934 0.001602481656
10.936 0.001610282161
10.938 0.001616868629
10.94 0.001603367666
10.942 0.001594041326
10.944 0.001603097359
10.946 0.001610895803
10.948 0.001598591899
10.95 0.001587677227
10.952 0.001595844193
10.954 0.001602882555
10.956 0.001590023647
10.958 0.001587009739
10.96 0.001595555776
10.962 0.001602839145
10.964 0.001590183199
10.966 0.001578256471
10.968 0.001586044314
10.97 0.001593523218
10.972 0.001581242187
10.974 0.00157686642
10.976 0.001585096674
10.978 0.001573716209
10.98 0.001576830506
10.982 0.001584134405
10.984 0.001571888803
10.986 0.001573009509
10.988 0.001581158536
10.99 0.001569713552
10.992 0.001568050779
10.994 0.001575581187
10.996 0.001563711938
10.998 0.001568090727
11 0.001575897084
11.002 0.001564246732
11.004 0.001561224185
11.006 0.001569030368
11.008 0.00155753552
11.01 0.001561598524
11.012 0.00155540412
11.014 0.001559442484
11.016 0.001553629153
11.018 0.001561401346
11.02 0.001550021584
11.022 0.001556968919
11.024 0.001548109085
11.026 0.001554628915
11.028 0.001546657268
11.03 0.001554561158
11.032 0.001543436851
11.034 0.001551563017
11.036 0.001541914389
11.038 0.001549817848
11.04 0.001540151473
11.042 0.001548332012
11.044 0.001537676791
11.046 0.001545486458
11.048 0.00153695558
11.05 0.001545155648
11.052 0.001534500147
11.054 0.001541864882
11.056 0.001548911469
11.058 0.00153708911
11.06 0.001535360786
11.062 0.00154361387
11.064 0.001550647364
11.066 0.001538733075
11.068 0.001527512235
11.07 0.001535504373
11.072 0.001542885804
11.074 0.001549012328
11.076 0.001536292012
11.078 0.00152425831
11.08 0.001530618817
11.082 0.001538701638
11.084 0.001545461741
11.086 0.001533377334
11.088 0.001521909122
11.09 0.001523314892
11.092 0.001530965534
11.094 0.00153740363
11.096 0.001525199003
11.098 0.001513680171
11.1 0.001522093987
11.102 0.001529606027
11.104 0.001535830233
11.106 0.0015234398
11.108 0.001511692471
11.11 0.001514722818
11.112 0.001522486099
11.114 0.001529000843
11.116 0.001517012267
11.118 0.001505661689
11.12 0.001510564964
11.122 0.001517936436
11.124 0.001506967258
11.126 0.001503130232
11.128 0.001510439908
11.13 0.001499602557
11.132 0.001504288983
11.134 0.001497590681
11.136 0.001502046424
11.138 0.00149590467
11.14 0.001503190701
11.142 0.001492453001
11.144 0.001499212529
11.146 0.001490597234
11.148 0.001497852493
11.15 0.001488452828
11.152 0.001496230554
11.154 0.001486076455
11.156 0.001492822613
11.158 0.00148515897
11.16 0.001492765092
11.162 0.001482502324
11.164 0.001488322337
11.166 0.001481296985
11.168 0.0014887332
11.17 0.00147837801
11.172 0.001484325217
11.174 0.001476950956
11.176 0.001481439827
11.178 0.001475779679
11.18 0.001483125176
11.182 0.001472762833
11.184 0.001477650372
11.186 0.00148418206
11.188 0.001473037663
11.19 0.001472040854
11.192 0.001479382797
11.194 0.001485578535
11.196 0.001474040487
11.198 0.001463370057
11.2 0.001471270983
11.202 0.001478102278
11.204 0.001483744805
11.206 0.00147171418
11.208 0.001460330314
11.21 0.001464521288
11.212 0.001471892494
11.214 0.001478039032
11.216 0.001466550584
11.218 0.001455663689
11.22 0.001458722929
11.222 0.00146592474
11.224 0.001472878417
11.226 0.001461763497
11.228 0.001450897912
11.23 0.001457406065
11.232 0.001464393102
11.234 0.001470142842
11.236 0.00145842302
11.238 0.001447304096
11.24 0.001451074942
11.242 0.001458141356
11.244 0.001464034704
11.246 0.001452579448
11.248 0.001441741399
11.25 0.001445588926
11.252 0.001452370013
11.254 0.00144195379
11.256 0.00143874833
11.258 0.001445463996
11.26 0.001435170703
11.262 0.001439015341
11.264 0.001433092567
11.266 0.001436726708
11.268 0.001431368718
11.27 0.001438144848
11.272 0.001428021803
11.274 0.00143380084
11.276 0.001426237524
11.278 0.001433029522
11.28 0.001423587926
11.282 0.001430858892
11.284 0.001421450252
11.286 0.001428342888
11.288 0.001420445026
11.29 0.001427585925
11.292 0.001417963684
11.294 0.001424246418
11.296 0.001416892773
11.298 0.001423903392
11.3 0.00141422002
11.302 0.001420678741
11.304 0.001426817117
11.306 0.001416262234
11.308 0.001414089952
11.31 0.00142116273
11.312 0.001427153047
11.314 0.001416393906
11.316 0.001407042632
11.318 0.001414487309
11.32 0.001420923882
11.322 0.001426243546
11.324 0.001414883917
11.326 0.001404153027
11.328 0.001408249014
11.33 0.001415272499
11.332 0.001421127639
11.334 0.001410316061
11.336 0.001400074967
11.338 0.001402926821
11.34 0.001409593478
11.342 0.001415179491
11.344 0.0014042584
11.346 0.001393967791
11.348 0.001399984423
11.35 0.001406573419
11.352 0.001396718455
11.354 0.001391575388
11.356 0.001398147775
11.358 0.001388507023
11.36 0.001393953201
11.362 0.00138689555
11.364 0.001393444793
11.366 0.001384160825
11.368 0.001391141223
11.37 0.001382359965
11.372 0.001388963377
11.374 0.001381064165
11.376 0.001387871404
11.378 0.001378595341
11.38 0.001384907697
11.382 0.001390665867
11.384 0.001380353452
11.386 0.001378516422
11.388 0.001385295914
11.39 0.001391021659
11.392 0.001380595931
11.394 0.001370863223
11.396 0.001377930832
11.398 0.001384031369
11.4 0.001389059528
11.402 0.001378028392
11.404 0.001367612268
11.406 0.001372047985
11.408 0.001378698911
11.41 0.001384190291
11.412 0.001373632385
11.414 0.001363631711
11.416 0.001365992462
11.418 0.001372333597
11.42 0.001377630452
11.422 0.001367051827
11.424 0.001357032411
11.426 0.001362765809
11.428 0.001368989054
11.43 0.001359380602
11.432 0.001354385834
11.434 0.001360615528
11.436 0.001365918542
11.438 0.001355531601
11.44 0.001351109748
11.442 0.001357957329
11.444 0.001363785839
11.446 0.001353868229
11.448 0.001344555144
11.45 0.001351139688
11.452 0.001356805656
11.454 0.001346894176
11.456 0.001343612506
11.458 0.001350063181
11.46 0.001340976458
11.462 0.001342847032
11.464 0.001348478313
11.466 0.001338687592
11.468 0.001339938653
11.47 0.001346165809
11.472 0.001336913934
11.474 0.0013354012
11.476 0.001341250019
11.478 0.001331756275
11.48 0.001334902517
11.482 0.001329503766
11.484 0.001335324126
11.486 0.001326176986
11.488 0.001332895793
11.49 0.001338675529
11.492 0.001329110536
11.494 0.00132425757
11.496 0.00133046184
11.498 0.001335788706
11.5 0.001325819745
11.502 0.00132028392
11.504 0.001326851725
11.506 0.001332455225
11.508 0.001322794685
11.51 0.00131544328
11.512 0.001321834956
11.514 0.00132730532
11.516 0.00133177534
11.518 0.001321093316
11.52 0.001310991922
11.522 0.00131617717
11.524 0.001322606464
11.526 0.001327916295
11.528 0.001318010871
11.53 0.001308615829
11.532 0.001308682138
11.534 0.001314653548
11.536 0.001319684208
11.538 0.001309640764
11.54 0.001301003905
11.542 0.001307755447
11.544 0.001313570878
11.546 0.001304397118
11.548 0.001298119186
11.55 0.001304110233
11.552 0.001309275999
11.554 0.0012995539
11.556 0.001296147126
11.558 0.001302544696
11.56 0.001307982654
11.562 0.00129854851
11.564 0.001289751499
11.566 0.001296098951
11.568 0.001301530599
11.57 0.001305997295
11.572 0.001295650318
11.574 0.001285931898
11.576 0.001291601674
11.578 0.001297768367
11.58 0.001302858713
11.582 0.00129314247
11.584 0.001283951112
11.586 0.001284284982
11.588 0.001290166258
11.59 0.001295095583
11.592 0.001285391128
11.594 0.001276409519
11.596 0.001282938086
11.598 0.001288543591
11.6 0.001279536271
11.602 0.001273915015
11.604 0.001279721852
11.606 0.001284624606
11.608 0.001275056206
11.61 0.001271291867
11.612 0.001277525067
11.614 0.001282771669
11.616 0.001273534597
11.618 0.001265059356
11.62 0.001271109717
11.622 0.001276343723
11.624 0.001280643232
11.626 0.001270485686
11.628 0.001260939623
11.63 0.001266705446
11.632 0.001272686578
11.634 0.001277644542
11.636 0.001268114559
11.638 0.001259134486
11.64 0.001259053384
11.642 0.001264756449
11.644 0.001269529895
11.646 0.001260028116
11.648 0.001251633684
11.65 0.001258010446
11.652 0.001263525572
11.654 0.001254761154
11.656 0.001249090266
11.658 0.001254771395
11.66 0.001259600996
11.662 0.001250335813
11.664 0.001246862083
11.666 0.001252947305
11.668 0.001258132945
11.67 0.00124912215
11.672 0.001240879208
11.674 0.001246809335
11.676 0.001251938018
11.678 0.00125612945
11.68 0.001246280275
11.682 0.001236955373
11.684 0.001242516195
11.686 0.001248354906
11.688 0.001253187217
11.69 0.001243905638
11.692 0.001235111468
11.694 0.001235170722
11.696 0.001240755529
11.698 0.001245391902
11.7 0.001236078278
11.702 0.001227777888
11.704 0.001233996131
11.706 0.001239361558
11.708 0.001230798198
11.71 0.001225364441
11.712 0.001230865142
11.714 0.001235578589
11.716 0.001226533578
11.718 0.001223065965
11.72 0.00122896679
11.722 0.001233960154
11.724 0.001225192231
11.726 0.00121716404
11.728 0.001222982007
11.73 0.001227919874
11.732 0.001231990539
11.734 0.001222357876
11.736 0.00121323935
11.738 0.001218630557
11.74 0.001224308177
11.742 0.001228996153
11.744 0.001219920362
11.746 0.001211326734
11.748 0.001211417964
11.75 0.001216790071
11.752 0.001221332041
11.754 0.001212235499
11.756 0.001204133561
11.758 0.001210143005
11.76 0.001215366893
11.762 0.001206971467
11.764 0.001201677328
11.766 0.001207032675
11.768 0.00121163685
11.77 0.001202738785
11.772 0.001199352049
11.774 0.0012051089
11.776 0.001210007763
11.778 0.001201373202
11.78 0.001193554363
11.782 0.001199222305
11.784 0.001204019704
11.786 0.001207972091
11.788 0.001198556199
11.79 0.00118964305
11.792 0.001194888336
11.794 0.001200438872
11.796 0.001205004644
11.798 0.001196125234
11.8 0.001187718814
11.802 0.001187789057
11.804 0.001193021255
11.806 0.001197409077
11.808 0.001188521215
11.81 0.001180640208
11.812 0.001186502071
11.814 0.001191544568
11.816 0.001183358799
11.818 0.001178134595
11.82 0.001183353929
11.822 0.001187796025
11.824 0.001179123783
11.826 0.001175823291
11.828 0.001181427148
11.83 0.001186145474
11.832 0.001177717791
11.834 0.001170058007
11.836 0.001175523484
11.838 0.001180211472
11.84 0.001184008572
11.842 0.00117479905
11.844 0.001166061344
11.846 0.001171191707
11.848 0.001176567517
11.85 0.001180936585
11.852 0.00117228605
11.854 0.001164005154
11.856 0.001164083101
11.858 0.00116918672
11.86 0.001173395302
11.862 0.001164716258
11.864 0.001156910069
11.866 0.001162585352
11.868 0.00116748452
11.87 0.001159413665
11.872 0.001154361453
11.874 0.001159441436
11.876 0.001163700789
11.878 0.00115519866
11.88 0.001151881551
11.882 0.001157273888
11.884 0.001161831647
11.886 0.001153554045
11.888 0.001146119113
11.89 0.001151420226
11.892 0.001155917557
11.894 0.001159626591
11.896 0.001150536144
11.898 0.00114200251
11.9 0.00114684388
11.902 0.001152023551
11.904 0.001156256023
11.906 0.001147723729
11.908 0.001139610272
11.91 0.001139749234
11.912 0.001144689557
11.914 0.001148763845
11.916 0.001140170165
11.918 0.001132375282
11.92 0.001137898172
11.922 0.001142582648
11.924 0.001134702228
11.926 0.001129865906
11.928 0.001134777101
11.93 0.001138864702
11.932 0.00113051613
11.934 0.00112701589
11.936 0.001132250134
11.938 0.001136612102
11.94 0.001128503569
11.942 0.001121420307
11.944 0.001126540724
11.946 0.001130906028
11.948 0.001134434376
11.95 0.001125527551
11.952 0.001117148455
11.954 0.001121614316
11.956 0.001126591516
11.958 0.001130677191
11.96 0.001122320471
11.962 0.00111432335
11.964 0.001114710919
11.966 0.001119430786
11.968 0.001123389463
11.97 0.001114987557
11.972 0.001107101989
11.974 0.001112412793
11.976 0.001116983922
11.978 0.00110921621
11.98 0.001104722707
11.982 0.001109430005
11.984 0.001113439023
11.986 0.001105251908
11.988 0.001101588922
11.99 0.001106658492
11.992 0.001110886434
11.994 0.001102939727
11.996 0.001096224275
11.998 0.00110120566
12 0.001105440183
12.002 0.001108863411
12.004 0.001100150559
12.006 0.001091947656
12.008 0.001096073616
12.01 0.001100917429
12.012 0.001104885547
12.014 0.001096686075
12.016 0.001088897645
12.018 0.001089506799
12.02 0.001094157578
12.022 0.00109799746
12.024 0.001089782447
12.026 0.001082060257
12.028 0.001086998177
12.03 0.001091466968
12.032 0.001083906208
12.034 0.001079809059
12.036 0.001084424976
12.038 0.001088318923
12.04 0.001080320866
12.042 0.001076467747
12.044 0.001081427977
12.046 0.001074541459
12.048 0.001075887466
12.05 0.00107336451
12.052 0.001073408408
12.054 0.001072223085
12.056 0.001071091805
12.058 0.001070901698
12.06 0.001068928235
12.062 0.001073132731
12.064 0.001065634896
12.066 0.00106936795
12.068 0.00107377829
12.07 0.001066393374
12.072 0.001063374114
12.074 0.001067888026
12.076 0.001071732514
12.078 0.001063832482
12.08 0.001059549834
12.082 0.001064561424
12.084 0.00105779009
12.086 0.001059359958
12.088 0.00105687157
12.09 0.001056902024
12.092 0.001055869338
12.094 0.001054645926
12.096 0.001054728222
12.098 0.001052527437
12.1 0.001056702626
12.102 0.001049366198
12.104 0.001053352026
12.106 0.001047387112
12.108 0.001051704108
12.11 0.001046534872
12.112 0.001051403048
12.114 0.001044803946
12.116 0.001047552793
12.118 0.001051442074
12.12 0.001043865938
12.122 0.001044544741
12.124 0.001049277721
12.126 0.001042426573
12.128 0.001040648729
12.13 0.001044831953
12.132 0.0010376296
12.134 0.001040945939
12.136 0.001035845591
12.138 0.001040116401
12.14 0.001034262028
12.142 0.001039125144
12.144 0.001032618265
12.146 0.0010360796
12.148 0.001039892633
12.15 0.00103238308
12.152 0.001032657826
12.154 0.001037310276
12.156 0.00103065573
12.158 0.001029110386
12.16 0.001033224591
12.162 0.001026116533
12.164 0.001029443368
12.166 0.001024306958
12.168 0.001028484991
12.17 0.001022984166
12.172 0.001027818303
12.174 0.001021460495
12.176 0.001024470523
12.178 0.00102823241
12.18 0.001020845132
12.182 0.001021567502
12.184 0.001026209823
12.186 0.00101958454
12.188 0.001017655849
12.19 0.001021735718
12.192 0.001025144397
12.194 0.001017409378
12.196 0.001014944443
12.198 0.001019899764
12.2 0.001024137639
12.202 0.001017141531
12.204 0.001010538472
12.206 0.001013289244
12.208 0.001017254351
12.21 0.001020441043
12.212 0.001012578122
12.214 0.001006565235
12.216 0.001011769033
12.218 0.001016170227
12.22 0.001009512467
12.222 0.001003196606
12.224 0.001006884439
12.226 0.001010512566
12.228 0.00100319629
12.23 0.001003409347
12.232 0.001007976542
12.234 0.001001583729
12.236 0.0009997112512
12.238 0.001003613645
12.24 0.0009988936328
12.242 0.001000588381
12.244 0.000998205115
12.246 0.0009987649565
12.248 0.0009975333042
12.25 0.0009990681866
12.252 0.0009968824195
12.254 0.0009965650696
12.256 0.0009983569165
12.258 0.0009959504684
12.26 0.0009956553197
12.262 0.0009973852805
12.264 0.0009950796429
12.266 0.000994801274
12.268 0.0009945315469
12.27 0.0009953309851
12.272 0.0009942962587
12.274 0.0009942947411
12.276 0.0009943912553
12.278 0.0009950118005
12.28 0.000994802047
12.282 0.0009951013688
12.284 0.0009954659401
12.286 0.0009958704671
12.288 0.0009963274513
12.29 0.000996810336
12.292 0.0009972745914
12.294 0.0009976641438
12.296 0.0009980092084
12.298 0.0009982936314
12.3 0.000998520244
12.302 0.0009986798929
12.304 0.0009987869258
12.306 0.00100066887
12.308 0.001002411692
12.31 0.001003959342
12.312 0.001005334154
12.314 0.001006534267
12.316 0.001007576167
12.318 0.001008450747
12.32 0.001009168826
12.322 0.001009709813
12.324 0.001010101795
12.326 0.001010339926
12.328 0.001010439117
12.33 0.001010389758
12.332 0.001010207263
12.334 0.001009891068
12.336 0.001009460405
12.338 0.001008894001
12.34 0.001008229973
12.342 0.001007465253
12.344 0.001006608628
12.346 0.001005667231
12.348 0.0010046605
12.35 0.001003583202
12.352 0.001002455092
12.354 0.001001280957
12.356 0.00100006662
12.358 0.000998832706
12.36 0.0009975782958
12.362 0.0009963173589
12.364 0.000995050773
12.366 0.000993799333
12.368 0.0009925564327
12.37 0.0009913398373
12.372 0.0009901516311
12.374 0.0009889977291
12.376 0.0009878777205
12.378 0.0009868100485
12.38 0.0009857836471
12.382 0.0009848157846
12.384 0.0009839020195
12.386 0.0009830431686
12.388 0.0009822499611
12.39 0.0009815182395
12.392 0.0009808472883
12.394 0.000980236368
12.396 0.0009796954373
12.398 0.0009792113963
12.4 0.0009787928382
12.402 0.0009784336898
12.404 0.0009781291018
12.406 0.0009778882324
12.408 0.0009776956691
12.41 0.0009775562346
12.412 0.0009774593348
12.414 0.0009774149294
12.416 0.0009774050191
12.418 0.000977434824
12.42 0.0009774992755
12.422 0.000977591822
12.424 0.0009777096878
12.426 0.0009778543133
12.428 0.0009780138546
12.43 0.0009781842632
12.432 0.0009783737433
12.434 0.0009785513364
12.436 0.0009787377021
12.438 0.000978920777
12.44 0.0009791065744
12.442 0.0009792806004
12.444 0.0009794491623
12.446 0.0009768516135
12.448 0.0009747596804
12.45 0.0009732791059
12.452 0.0009713992317
12.454 0.0009696249935
12.456 0.0009677086882
12.458 0.0009657671055
12.46 0.0009637489356
12.462 0.0009616871534
12.464 0.0009595713164
12.466 0.0009574256866
12.468 0.0009552468937
12.47 0.0009530592807
12.472 0.0009508302004
12.474 0.0009486318647
12.476 0.0009464693452
12.478 0.0009443498525
12.48 0.0009422880654
12.482 0.000940294113
12.484 0.00093839318
12.486 0.0009365872696
12.488 0.0009348843597
12.49 0.0009333043515
12.492 0.0009318422917
12.494 0.0009305118181
12.496 0.0009293196863
12.498 0.0009282674859
12.5 0.00092736252
12.502 0.000926603737
12.504 0.0009265380022
12.506 0.0009270215376
12.508 0.0009276315436
12.51 0.0009283557987
12.512 0.0009291874206
12.514 0.0009301266285
12.516 0.0009311595005
12.518 0.0009322811792
12.52 0.0009334802629
12.522 0.000934750642
12.524 0.0009360880108
12.526 0.0009374771851
12.528 0.0009389127899
12.53 0.0009403826329
12.532 0.0009418866265
12.534 0.000943404078
12.536 0.0009449354005
12.538 0.0009464734059
12.54 0.0009480029927
12.542 0.0009495213061
12.544 0.0009510167832
12.546 0.0009524860447
12.548 0.0009539242451
12.55 0.0009553155668
12.552 0.0009566640935
12.554 0.0009579544903
12.556 0.0009591933896
12.558 0.0009603691238
12.56 0.0009614758035
12.562 0.0009625148973
12.564 0.0009634779261
12.566 0.0009643655118
12.568 0.0009651778195
12.57 0.0009659096457
12.572 0.0009665617209
12.574 0.0009671276932
12.576 0.0009676144672
12.578 0.0009680232096
12.58 0.0009683467175
12.582 0.0009685945398
12.584 0.0009687558943
12.586 0.0009688498016
12.588 0.0009688674606
12.59 0.0009688086088
12.592 0.0009686861497
12.594 0.0009684921814
12.596 0.0009702459147
12.598 0.0009715924111
12.6 0.0009729353879
12.602 0.0009742614581
12.604 0.0009755185788
12.606 0.0009766758525
12.608 0.0009783231777
12.61 0.0009777993219
12.612 0.0009774508879
12.614 0.000976842253
12.616 0.0009759488128
12.618 0.0009741866983
12.62 0.0009721409485
12.622 0.0009698217603
12.624 0.0009692666675
12.626 0.0009688440044
12.628 0.0009697269417
12.63 0.0009706383207
12.632 0.0009720619685
12.634 0.0009713990885
12.636 0.0009707963778
12.638 0.0009699425434
12.64 0.0009688346961
12.642 0.0009668622583
12.644 0.0009647971173
12.646 0.0009623822524
12.648 0.0009618672189
12.65 0.0009613806406
12.652 0.0009588878677
12.654 0.0009567440111
12.656 0.00095452121
12.658 0.0009515967285
12.66 0.0009505999515
12.662 0.0009498260829
12.664 0.0009490626369
12.666 0.0009483651626
12.668 0.0009457886921
12.67 0.0009455093023
12.672 0.0009429171653
12.674 0.0009425819506
12.676 0.000941899322
12.678 0.0009412047879
12.68 0.0009405557475
12.682 0.0009398998947
12.684 0.0009392568614
12.686 0.0009385831532
12.688 0.0009379081422
12.69 0.0009372624492
12.692 0.0009364994354
12.694 0.0009357442839
12.696 0.0009349491062
12.698 0.000934141584
12.7 0.0009333696828
12.702 0.000932498639
12.704 0.000931642866
12.706 0.0009307860552
12.708 0.00093001239
12.71 0.0009293588875
12.712 0.0009295369039
12.714 0.0009298984795
12.716 0.0009303629081
12.718 0.0009308784695
12.72 0.0009315712592
12.722 0.0009322925942
12.724 0.0009331921052
12.726 0.0009340861522
12.728 0.0009351518655
12.73 0.000936202536
12.732 0.000937381638
12.734 0.0009385475147
12.736 0.0009398154008
12.738 0.0009410391015
12.74 0.0009423595123
12.742 0.0009435858576
12.744 0.0009449820428
12.746 0.0009462423992
12.748 0.0009475491303
12.75 0.000948712871
12.752 0.0009499120238
12.754 0.0009509471592
12.756 0.0009520036309
12.758 0.0009528765978
12.76 0.0009537531435
12.762 0.0009544319854
12.764 0.0009550899164
12.766 0.0009555370667
12.768 0.0009559582666
12.77 0.0009561500351
12.772 0.000956310983
12.774 0.0009562959394
12.776 0.0009560950293
12.778 0.0009558316508
12.78 0.0009553565093
12.782 0.00095481865
12.784 0.0009541309155
12.786 0.0009532600803
12.788 0.0009538505289
12.79 0.0009543998308
12.792 0.0009549137706
12.794 0.0009552603675
12.796 0.0009553992773
12.798 0.0009554954414
12.8 0.0009554057316
12.802 0.0009551102013
12.804 0.0009547666048
12.806 0.0009542398024
12.808 0.0009535772001
12.81 0.0009527102308
12.812 0.000951811111
12.814 0.0009507461046
12.816 0.0009495656947
12.818 0.0009482094666
12.82 0.0009468292489
12.822 0.0009453408575
12.824 0.0009437519057
12.826 0.000942086831
12.828 0.0009402902296
12.83 0.0009385379515
12.832 0.0009367104685
12.834 0.0009348521792
12.836 0.0009329680176
12.838 0.0009310689083
12.84 0.0009291622715
12.842 0.0009272672123
12.844 0.0009253847315
12.846 0.0009235272917
12.848 0.0009217081082
12.85 0.0009199305561
12.852 0.0009182010547
12.854 0.0009165331607
12.856 0.0009149311445
12.858 0.000913401426
12.86 0.000911945683
12.862 0.0009105762891
12.864 0.0009092908842
12.866 0.0009080901718
12.868 0.0009069870105
12.87 0.0009059751659
12.872 0.000906001238
12.874 0.0009062774073
12.876 0.000906606342
12.878 0.0009069726543
12.88 0.0009073702234
12.882 0.0009077966831
12.884 0.000908238659
12.886 0.00090869466
12.888 0.000909158443
12.89 0.0009096193043
12.892 0.0009100793308
12.894 0.0009105200939
12.896 0.0009160208118
12.898 0.0009176647544
12.9 0.0009188121448
12.902 0.0009193871831
12.904 0.0009195548956
12.906 0.0009194052048
12.908 0.0009190190522
12.91 0.0009184579644
12.912 0.0009177625932
12.914 0.0009169711193
12.916 0.0009161045877
12.918 0.0009151881129
12.92 0.0009142365486
12.922 0.0009132553903
12.924 0.0009122586995
12.926 0.0009112540995
12.928 0.000910499965
12.93 0.0009100012538
12.932 0.0009093352211
12.934 0.0009085528869
12.936 0.0009076819861
12.938 0.0009067511891
12.94 0.0009057860565
12.942 0.0009047946621
12.944 0.0009037901018
12.946 0.0009027816596
12.948 0.0009017779081
12.95 0.0009007836785
12.952 0.0008998050852
12.954 0.0008988521239
12.956 0.0008979222872
12.958 0.0008970155195
12.96 0.000896183881
12.962 0.0008955246697
12.964 0.0008948946822
12.966 0.0008942963441
12.968 0.0008937361023
12.97 0.000893206366
12.972 0.0008927146133
12.974 0.0008922604484
12.976 0.0008918390326
12.978 0.0008914605743
12.98 0.0008911116996
12.982 0.0008907993446
12.984 0.0008905281621
12.986 0.0008902891062
12.988 0.0008900890636
12.99 0.0008899310299
12.992 0.0008898082155
12.994 0.0008897245463
12.996 0.0008896754101
12.998 0.0008896649578
13 0.0008896934724
13.002 0.0008897540939
13.004 0.0008898545023
13.006 0.0008899850683
13.008 0.0008902624411
13.01 0.0008904622754
13.012 0.0008906943919
13.014 0.0008909578133
13.016 0.0008913608198
13.018 0.0008916726939
13.02 0.000892130275
13.022 0.0008925008435
13.024 0.0008929029153
13.026 0.0008934492764
13.028 0.0008938978814
13.03 0.000894488103
13.032 0.0008949923413
13.034 0.0008956261375
13.036 0.0008961630902
13.038 0.0008968323895
13.04 0.0008975199365
13.042 0.0008981088502
13.044 0.0008988244934
13.046 0.0008995507131
13.048 0.0009002785375
13.05 0.0009009036434
13.052 0.0009016531467
13.054 0.0009023925576
13.056 0.0009031284929
13.058 0.000903867685
13.06 0.0009046009178
13.062 0.0009053301639
13.064 0.0009060486407
13.066 0.0009067612348
13.068 0.0009074619618
13.07 0.000908156231
13.072 0.0009088379954
13.074 0.0009095103144
13.076 0.0009101698561
13.078 0.0009145166663
13.08 0.0009202525468
13.082 0.000926822567
13.084 0.0009338951476
13.086 0.0009416570435
13.088 0.0009486489858
13.09 0.0009561733169
13.092 0.0009636313963
13.094 0.0009709245395
13.096 0.0009779223763
13.098 0.0009845110075
13.1 0.0009905581172
13.102 0.0009959385845
13.104 0.001000812992
13.106 0.001004790962
13.108 0.001007482575
13.11 0.001009296003
13.112 0.001010092469
13.114 0.001009807521
13.116 0.00100453347
13.118 0.0009989514417
13.12 0.0009926603672
13.122 0.0009868109855
13.124 0.0009934837333
13.126 0.0009996023916
13.128 0.001004693399
13.13 0.001009114304
13.132 0.001012687237
13.134 0.00101529263
13.136 0.001016866607
13.138 0.001017389099
13.14 0.001012842874
13.142 0.001007986311
13.144 0.001002344215
13.146 0.0009956775996
13.148 0.0009967487767
13.15 0.0009983505458
13.152 0.0009983523023
13.154 0.0009968707529
13.156 0.0009936745894
13.158 0.0009893573941
13.16 0.0009840187389
13.162 0.0009777329645
13.164 0.0009705960895
13.166 0.0009729917046
13.168 0.0009773349242
13.17 0.0009796735514
13.172 0.0009805357563
13.174 0.0009820948998
13.176 0.0009821624469
13.178 0.0009804599441
13.18 0.0009776870294
13.182 0.0009738120532
13.184 0.0009688175764
13.186 0.0009629642565
13.188 0.0009562988924
13.19 0.0009489162971
13.192 0.0009408993262
13.194 0.0009323262076
13.196 0.0009232744229
13.198 0.0009138142635
13.2 0.0009043300672
13.202 0.0008942927766
13.204 0.0008840248523
13.206 0.0008760028652
13.208 0.0008678497071
13.21 0.0008524045226
13.212 0.0008595030851
13.214 0.0008689158849
13.216 0.0008761886874
13.218 0.000881378135
13.22 0.0008848405993
13.222 0.0008860501362
13.224 0.0008854099805
13.226 0.0008829876127
13.228 0.0008789131413
13.23 0.0008732799803
13.232 0.0008662112334
13.234 0.0008578236177
13.236 0.0008454659456
13.238 0.000847875008
13.24 0.000850070779
13.242 0.0008520586168
13.244 0.0008541696682
13.246 0.0008559712859
13.248 0.0008575475261
13.25 0.0008590678555
13.252 0.0008602123614
13.254 0.0008611384324
13.256 0.0008618448269
13.258 0.00086234504
13.26 0.0008626391009
13.262 0.0008627482402
13.264 0.0008625062945
13.266 0.0008620415365
13.268 0.0008614227806
13.27 0.0008600804617
13.272 0.0008587372208
13.274 0.0008572977186
13.276 0.0008559543268
13.278 0.0008544036791
13.28 0.000852828512
13.282 0.0008518283624
13.284 0.0008531277407
13.286 0.0008542492993
13.288 0.0008553272188
13.29 0.0008557469916
13.292 0.0008560795286
13.294 0.0008562759869
13.296 0.0008557618226
13.298 0.0008553939548
13.3 0.0008547844724
13.302 0.0008540864367
13.304 0.000853309282
13.306 0.0008525242696
13.308 0.0008517108996
13.31 0.0008510874111
13.312 0.0008503366107
13.314 0.0008496543399
13.316 0.0008490325293
13.318 0.000848515566
13.32 0.0008482675523
13.322 0.0008479812141
13.324 0.000848711669
13.326 0.0008504512448
13.328 0.0008523336681
13.33 0.0008543388277
13.332 0.000856625924
13.334 0.0008588645489
13.336 0.0008613167877
13.338 0.0008640832816
13.34 0.0008672416191
13.342 0.0008704223674
13.344 0.0008737592258
13.346 0.0008771965108
13.348 0.0008808883368
13.35 0.0008844532915
13.352 0.0008880476519
13.354 0.0008916025945
13.356 0.0008952812599
13.358 0.0008987361196
13.36 0.0009022117219
13.362 0.0009054392796
13.364 0.0009087691231
13.366 0.0009119865116
13.368 0.0009149677078
13.37 0.0009188371087
13.372 0.0009220370228
13.374 0.0009249282946
13.376 0.0009276651337
13.378 0.0009299168575
13.38 0.0009318303168
13.382 0.0009333827972
13.384 0.0009347224231
13.386 0.0009355652261
13.388 0.0009361907171
13.39 0.0009363145087
13.392 0.0009375578393
13.394 0.000942367816
13.396 0.0009465033175
13.398 0.0009504806961
13.4 0.0009539863779
13.402 0.0009571349634
13.404 0.0009598987507
13.406 0.0009624283676
13.408 0.0009644145733
13.41 0.0009659756356
13.412 0.0009687201674
13.414 0.0009859253881
13.416 0.0009947024884
13.418 0.001003227131
13.42 0.001009668509
13.422 0.001015251077
13.424 0.001019739688
13.426 0.001023529237
13.428 0.001026361037
13.43 0.00102859581
13.432 0.001029994321
13.434 0.001030669161
13.436 0.001030730902
13.438 0.001030272302
13.44 0.001029114304
13.442 0.001027553178
13.444 0.001025300421
13.446 0.001022583274
13.448 0.001019383366
13.45 0.001015918095
13.452 0.001011951496
13.454 0.001007804125
13.456 0.001003189803
13.458 0.0009984838937
13.46 0.0009933844224
13.462 0.0009881287208
13.464 0.0009826948978
13.466 0.0009773049941
13.468 0.0009717174689
13.47 0.0009662028105
13.472 0.0009605605108
13.474 0.0009550330402
13.476 0.0009494562399
13.478 0.0009439050481
13.48 0.0009385833616
13.482 0.0009332678527
13.484 0.0009281938045
13.486 0.0009230909498
13.488 0.0009181474757
13.49 0.0009147220886
13.492 0.0009128869169
13.494 0.0009110904365
13.496 0.0009094566701
13.498 0.0009077087419
13.5 0.0009061020099
13.502 0.0009043638502
13.504 0.0009027575968
13.506 0.0009009918243
13.508 0.0008993431827
13.51 0.0008975122468
13.512 0.0008957870499
13.514 0.0008938644468
13.516 0.000892029678
13.518 0.0008899831838
13.52 0.0008878605172
13.522 0.0008858094875
13.524 0.0008836748777
13.526 0.0008813172589
13.528 0.0008788631492
13.53 0.0008764563872
13.532 0.0008739627872
13.534 0.0008712350816
13.536 0.0008685416272
13.538 0.0008656255649
13.54 0.0008627427934
13.542 0.0008596389681
13.544 0.0008565858377
13.546 0.0008533125619
13.548 0.0008500959483
13.55 0.0008466706967
13.552 0.0008433115769
13.554 0.0008397670395
13.556 0.0008362974326
13.558 0.0008326487015
13.56 0.0008291044436
13.562 0.0008255349283
13.564 0.0008218138168
13.566 0.000818208539
13.568 0.0008144739395
13.57 0.0008108848283
13.572 0.0008078473846
13.574 0.0008053983605
13.576 0.0008030878574
13.578 0.0008007953979
13.58 0.0007983987936
13.582 0.0007961550202
13.584 0.0007938329489
13.586 0.000791680626
13.588 0.0007894633253
13.59 0.0007874421318
13.592 0.0007855026586
13.594 0.0007835060516
13.596 0.0007817405459
13.598 0.000779939433
13.6 0.0007783807899
13.602 0.0007769294359
13.604 0.0007754801012
13.606 0.0007749842511
13.608 0.000774847008
13.61 0.0007746812367
13.612 0.0007747382702
13.614 0.0007747520717
13.616 0.0007749708584
13.618 0.0007757164611
13.62 0.0007768562205
13.622 0.000778340555
13.624 0.0007799116989
13.626 0.0007817888936
13.628 0.0007838431389
13.63 0.0007860409361
13.632 0.0007882465949
13.634 0.0007906689721
13.636 0.0007930785543
13.638 0.0007956705805
13.64 0.0007983309454
13.642 0.0008010405318
13.644 0.0008036738299
13.646 0.0008064206571
13.648 0.0008090344366
13.65 0.0008117564186
13.652 0.0008144497544
13.654 0.0008171115683
13.656 0.000819591182
13.658 0.0008221456729
13.66 0.0008245042538
13.662 0.0008269175518
13.664 0.000829259638
13.666 0.0008315098246
13.668 0.0008335568132
13.67 0.0008356235621
13.672 0.0008376028305
13.674 0.0008394828421
13.676 0.0008411343997
13.678 0.0008427935795
13.68 0.0008443565625
13.682 0.0008456937365
13.684 0.0008471532343
13.686 0.0008486188913
13.688 0.0008500549262
13.69 0.0008513337721
13.692 0.0008526821016
13.694 0.0008539861232
13.696 0.0008552226815
13.698 0.0008562723937
13.7 0.0008573668634
13.702 0.0008583870697
13.704 0.0008593216464
13.706 0.0008600438134
13.708 0.0008607957557
13.71 0.0008614551789
13.712 0.0008620209615
13.714 0.000862483886
13.716 0.0008627253458
13.718 0.0008629814299
13.72 0.0008631406819
13.722 0.0008631971723
13.724 0.0008631484667
13.726 0.0008628759188
13.728 0.0008626235972
13.73 0.0008622692566
13.732 0.0008618231175
13.734 0.0008612807188
13.736 0.0008600651431
13.738 0.0009281898113
13.74 0.001038225236
13.742 0.001122364466
13.744 0.001196319635
13.746 0.001256303155
13.748 0.001305947561
13.75 0.001345383437
13.752 0.001375538068
13.754 0.001396675004
13.756 0.001409413661
13.758 0.001414014392
13.76 0.001410811318
13.762 0.001400564184
13.764 0.00138359351
13.766 0.001360301169
13.768 0.001331205162
13.77 0.001331302111
13.772 0.001362286713
13.774 0.001384586364
13.776 0.001398257583
13.778 0.001403959406
13.78 0.001401796493
13.782 0.00139267894
13.784 0.001376825389
13.786 0.001354720337
13.788 0.001326838389
13.79 0.001293668731
13.792 0.001255740168
13.794 0.00121355739
13.796 0.001167630622
13.798 0.001198320642
13.8 0.001251628686
13.802 0.001300392719
13.804 0.001343512018
13.806 0.00138079932
13.808 0.001412120621
13.81 0.001437180696
13.812 0.001455761876
13.814 0.00146773836
13.816 0.001473473566
13.818 0.001472445588
13.82 0.00146484707
13.822 0.001450837653
13.824 0.001432054757
13.826 0.001406965509
13.828 0.001398704346
13.83 0.001428612864
13.832 0.001452203195
13.834 0.00146928543
13.836 0.001479749705
13.838 0.001483560436
13.84 0.001480308086
13.842 0.001470657706
13.844 0.001454676631
13.846 0.001432616043
13.848 0.001404788445
13.85 0.001371564657
13.852 0.001333371719
13.854 0.001291931793
13.856 0.001246107569
13.858 0.001196798318
13.86 0.001176782115
13.862 0.001249774213
13.864 0.00131266972
13.866 0.001365480929
13.868 0.00140826171
13.87 0.001441170231
13.872 0.001464411254
13.874 0.001478282528
13.876 0.001483122047
13.878 0.001479346438
13.88 0.001467406703
13.882 0.001447814756
13.884 0.001421114226
13.886 0.001387915629
13.888 0.001401212572
13.89 0.001437229624
13.892 0.001463682429
13.894 0.001480813007
13.896 0.001488979383
13.898 0.001488507832
13.9 0.001479852117
13.902 0.001463488915
13.904 0.001439938697
13.906 0.001409756076
13.908 0.001373532102
13.91 0.001331881199
13.912 0.001285406648
13.914 0.00123475514
13.916 0.001180569347
13.918 0.001123464462
13.92 0.001064080239
13.922 0.001037505921
13.924 0.001070804325
13.926 0.001100424462
13.928 0.00112773304
13.93 0.001151873351
13.932 0.001172141982
13.934 0.001188511917
13.936 0.001200982092
13.938 0.001209598621
13.94 0.001214430321
13.942 0.001215525711
13.944 0.001213096146
13.946 0.001207277431
13.948 0.001198241454
13.95 0.001186188522
13.952 0.001190589254
13.954 0.001208012511
13.956 0.001221570164
13.958 0.001231282028
13.96 0.001237227203
13.962 0.00123949101
13.964 0.001238179326
13.966 0.001233435035
13.968 0.001225453349
13.97 0.001214399763
13.972 0.001200500321
13.974 0.00118396325
13.976 0.001165018874
13.978 0.001143932886
13.98 0.001120942291
13.982 0.001096315961
13.984 0.00107031024
13.986 0.001043185115
13.988 0.001015209497
13.99 0.0009866128698
13.992 0.0009576840712
13.994 0.0009286543465
13.996 0.0008997498712
13.998 0.000871239219
14 0.0008710342938
14.002 0.0008688895331
14.004 0.0008648646522
14.006 0.0008593040932
14.008 0.0008543112465
14.01 0.0008475286482
14.012 0.0008390222716
14.014 0.0008289356762
14.016 0.0008173694855
14.018 0.000814059865
14.02 0.0008178997608
14.022 0.0008205910772
14.024 0.0008221247382
14.026 0.0008225054568
14.028 0.0008217506327
14.03 0.0008211627975
14.032 0.000820134468
14.034 0.0008180078706
14.036 0.0008147957407
14.038 0.0008105624381
14.04 0.0008053280655
14.042 0.0007991169073
14.044 0.0007920305485
14.046 0.0007840955102
14.048 0.0007753685699
14.05 0.0007659359507
14.052 0.0007592892333
14.054 0.0007574511762
14.056 0.000754782605
14.058 0.0007513036707
14.06 0.0007512668485
14.062 0.0007590567356
14.064 0.0007661611261
14.066 0.0007725387736
14.068 0.0007781957363
14.07 0.000783076648
14.072 0.0007872126482
14.074 0.0007905587669
14.076 0.0007931412765
14.078 0.0007949767473
14.08 0.0007961001265
14.082 0.0007965028537
14.084 0.0007962547767
14.086 0.0007953417581
14.088 0.000793821313
14.09 0.0007925529078
14.092 0.0007971700296
14.094 0.0008010667229
14.096 0.0008042195143
14.098 0.0008066881755
14.1 0.0008084440882
14.102 0.0008095403817
14.104 0.0008099815159
14.106 0.0008098194576
14.108 0.000809071647
14.11 0.0008077572739
14.112 0.0008059508283
14.114 0.0008036529868
14.116 0.0008009537115
14.118 0.0007978491869
14.12 0.0007944331826
14.122 0.0007907311365
14.124 0.0007867618867
14.126 0.0007826218722
14.128 0.000778311572
14.13 0.000773908696
14.132 0.0007694609657
14.134 0.0007649986511
14.136 0.0007605614604
14.138 0.0007561584867
14.14 0.0007518828977
14.142 0.0007477451585
14.144 0.0007437942074
14.146 0.0007400304667
14.148 0.0007364608133
14.15 0.0007331371297
14.152 0.0007300613422
14.154 0.0007272550439
14.156 0.0007246947474
14.158 0.0007224357082
14.16 0.0007204586936
14.162 0.0007187649327
14.164 0.0007173389906
14.166 0.0007161931081
14.168 0.0007153341489
14.17 0.0007147549464
14.172 0.0007144127698
14.174 0.0007143454853
14.176 0.000714519076
14.178 0.0007148927961
14.18 0.0007155024659
14.182 0.0007162824375
14.184 0.0007172569136
14.186 0.0007183944414
14.188 0.0007196457963
14.19 0.0007210417516
14.192 0.0007225191011
14.194 0.0007240912783
14.196 0.0007257169614
14.198 0.0007274037491
14.2 0.0007291232845
14.202 0.0007308414281
14.204 0.0007325624844
14.206 0.000734243701
14.208 0.0007359055822
14.21 0.0007374899449
14.212 0.0007390330764
14.214 0.0007404760912
14.216 0.0007418472231
14.218 0.0007431020012
14.22 0.0007442674594
14.222 0.0007453025941
14.224 0.0007462172501
14.226 0.0007469657323
14.228 0.0007475936254
14.23 0.0007480520547
14.232 0.0007483884713
14.234 0.0007485628766
14.236 0.0007485918898
14.238 0.0007485093126
14.24 0.0007482725683
14.242 0.0007479275918
14.244 0.0007474465954
14.246 0.0007468502679
14.248 0.0007461685021
14.25 0.000745373929
14.252 0.000744506607
14.254 0.000743543352
14.256 0.0007425100328
14.258 0.0007414125827
14.26 0.0007402894502
14.262 0.0007391020316
14.264 0.0007378858113
14.266 0.0007366660382
14.268 0.0007354089571
14.27 0.000734150805
14.272 0.0007328962187
14.274 0.0007316705975
14.276 0.0007304467703
14.278 0.0007292665874
14.28 0.0007281027456
14.282 0.0007269744987
14.284 0.0007258897443
14.286 0.0007248581978
14.288 0.0007239010444
14.29 0.0007229780824
14.292 0.0007221200402
14.294 0.0007213226357
14.296 0.000720617672
14.298 0.000719957485
14.3 0.0007193649673
14.302 0.0007188468553
14.304 0.0007184143667
14.306 0.0007180379704
14.308 0.0007177297229
14.31 0.0007174873746
14.312 0.0007173368531
14.314 0.0007172316185
14.316 0.0007171816083
14.318 0.0007172055434
14.32 0.0007172789296
14.322 0.0007174365286
14.324 0.0007176264776
14.326 0.0007178618213
14.328 0.0007181501291
14.33 0.0007185013416
14.332 0.0007188764379
14.334 0.0007192859455
14.336 0.0007197334171
14.338 0.0007202397806
14.34 0.0007207542399
14.342 0.0007212905942
14.344 0.0007218551324
14.346 0.0007224362232
14.348 0.0007230612374
14.35 0.0007236769429
14.352 0.0007243007459
14.354 0.000724936437
14.356 0.0007255935602
14.358 0.0007262398707
14.36 0.000726884733
14.362 0.0007275251569
14.364 0.0007281643012
14.366 0.0007288171027
14.368 0.0007294451296
14.37 0.0007300618154
14.372 0.0007306643324
14.374 0.0007312600254
14.376 0.0007318416074
14.378 0.0007324277305
14.38 0.0007329793494
14.382 0.0007335109733
14.384 0.0007340277563
14.386 0.0007345234668
14.388 0.0007349978178
14.39 0.0007354765554
14.392 0.0007359088364
14.394 0.0007363220057
14.396 0.0007367130392
14.398 0.0007370744721
14.4 0.0007374231058
14.402 0.0007377368358
14.404 0.0007380313613
14.406 0.0007382987823
14.408 0.0007385590205
14.41 0.0007387743195
14.412 0.0007389582366
14.414 0.0007391173438
14.416 0.0007392457188
14.418 0.0007393406317
14.42 0.0007394103026
14.422 0.0007394488759
14.424 0.0007394532156
14.426 0.0007368961267
14.428 0.0007354754185
14.43 0.0007341158657
14.432 0.0007328570729
14.434 0.0007316886022
14.436 0.000730621349
14.438 0.0007296462145
14.44 0.0007287718576
14.442 0.0007279967067
14.444 0.000727311123
14.446 0.0007267323949
14.448 0.0007262365116
14.45 0.0007258341679
14.452 0.000725513566
14.454 0.000725266595
14.456 0.0007069065954
14.458 0.0007154133675
14.46 0.000700651343
14.462 0.0007106006637
14.464 0.0006946806647
14.466 0.0006881458258
14.468 0.0006987401099
14.47 0.0006848405307
14.472 0.0006788449026
14.474 0.0006742138747
14.476 0.0006700193604
14.478 0.0006667024369
14.48 0.0006638755385
14.482 0.0006616557535
14.484 0.0006598762303
14.486 0.0006585535093
14.488 0.0006576167243
14.49 0.0006570538513
14.492 0.0006567975461
14.494 0.0006568358416
14.496 0.0006571435587
14.498 0.0006576882379
14.5 0.0006584445661
14.502 0.0006593941205
14.504 0.0006605096204
14.506 0.0006617751256
14.508 0.0006631662295
14.51 0.0006646611695
14.512 0.0006662506896
14.514 0.0006679097029
14.516 0.0006696302346
14.518 0.0006713912101
14.52 0.0006731803566
14.522 0.0006749902465
14.524 0.000676802133
14.526 0.0006786131043
14.528 0.0006804123275
14.53 0.0006821870959
14.532 0.000683940718
14.534 0.0006856559145
14.536 0.0006873414275
14.538 0.0006889859446
14.54 0.0006905852776
14.542 0.0006921429938
14.544 0.0006936530028
14.546 0.0006951210972
14.548 0.0006965421347
14.55 0.0006979152294
14.552 0.0006992494712
14.554 0.0007005062931
14.556 0.0007017536114
14.558 0.0007029825764
14.56 0.0007042026007
14.562 0.0007054237333
14.564 0.0007066421138
14.566 0.0007078682419
14.568 0.0007090979913
14.57 0.0007103381635
14.572 0.0007115835983
14.574 0.0007128329102
14.576 0.0007140927735
14.578 0.0007153543833
14.58 0.0007166230539
14.582 0.0007178906946
14.584 0.0007191571409
14.586 0.0007204246563
14.588 0.0007216826571
14.59 0.0007229367041
14.592 0.000724180829
14.594 0.0007254083142
14.596 0.0007266252414
14.598 0.0007278167428
14.6 0.0007289770211
14.602 0.0007300920221
14.604 0.0007311611693
14.606 0.000732187162
14.608 0.0007331625953
14.61 0.0007340922463
14.612 0.0007349687108
14.614 0.0007357867607
14.616 0.0007365573955
14.618 0.0007372699272
14.62 0.0007379306938
14.622 0.0007385304105
14.624 0.0007390798288
14.626 0.000739572105
14.628 0.0007400058846
14.63 0.0007403876387
14.632 0.0007407119968
14.634 0.0007409865044
14.636 0.0007412068585
14.638 0.0007413724923
14.64 0.000741492916
14.642 0.000741561549
14.644 0.0007415869368
14.646 0.0007415654368
14.648 0.0007414999305
14.65 0.0007413978539
14.652 0.0007412539789
14.654 0.0007410777929
14.656 0.0007408657653
14.658 0.0007406271045
14.66 0.0007403589586
14.662 0.0007400620694
14.664 0.0007397471259
14.666 0.0007394084523
14.668 0.0007390554514
14.67 0.0007386850789
14.672 0.0007383003487
14.674 0.0007379093023
14.676 0.0007375064293
14.678 0.0007371010707
14.68 0.000736692537
14.682 0.000736278175
14.684 0.0007356852353
14.686 0.0007356032876
14.688 0.000735679676
14.69 0.0007358949143
14.692 0.0007362045163
14.694 0.0007365759018
14.696 0.0007369651583
14.698 0.000737344966
14.7 0.000737674533
14.702 0.0007379333136
14.704 0.0007380939121
14.706 0.0007381309365
14.708 0.0007380371662
14.71 0.0007377889824
14.712 0.0007373858833
14.714 0.0007368199276
14.716 0.000736085855
14.718 0.0007351939821
14.72 0.0007341378031
14.722 0.000732938055
14.724 0.000731598206
14.726 0.0007301298691
14.728 0.0007285537175
14.73 0.0007268813749
14.732 0.0007251374933
14.734 0.0007233337345
14.736 0.0007214978473
14.738 0.0007196481316
14.74 0.0007178000917
14.742 0.0007159836054
14.744 0.0007142066336
14.746 0.0007125010893
14.748 0.000710877402
14.75 0.0007093502949
14.752 0.0007079388489
14.754 0.0007066509632
14.756 0.0007055068297
14.758 0.000704509379
14.76 0.0007036753056
14.762 0.000703004644
14.764 0.0007025018799
14.766 0.0007021756133
14.768 0.0007020186458
14.77 0.0007020367065
14.772 0.0007022241196
14.774 0.0007025736122
14.776 0.0007030818947
14.778 0.0007037352573
14.78 0.0007045350812
14.782 0.0007054637331
14.784 0.0007065088099
14.786 0.0007076640803
14.788 0.0007089065344
14.79 0.0007102347519
14.792 0.0007116243873
14.794 0.0007130682977
14.796 0.0007145469177
14.798 0.0007160458867
14.8 0.0007175559789
14.802 0.0007190557874
14.804 0.0007205389581
14.806 0.0007219896929
14.808 0.0007233870038
14.81 0.0007247278787
14.812 0.0007259946826
14.814 0.0007271863047
14.816 0.0007282876897
14.818 0.000729297595
14.82 0.0007302042709
14.822 0.0007310007205
14.824 0.0007316899012
14.826 0.0007322599538
14.828 0.000732715619
14.83 0.0007330495423
14.832 0.0007332615796
14.834 0.000733360053
14.836 0.0007333336361
14.838 0.0007331952475
14.84 0.0007329394327
14.842 0.0007325817198
14.844 0.0007321194659
14.846 0.0007315566044
14.848 0.00073090665
14.85 0.0007301667769
14.852 0.0007293517511
14.854 0.0007284650662
14.856 0.0007275139182
14.858 0.0007265107061
14.86 0.0007254600207
14.862 0.000724373029
14.864 0.0007232534962
14.866 0.000722114639
14.868 0.0007209644204
14.87 0.0007197981125
14.872 0.0007186445789
14.874 0.0007174910718
14.876 0.0007163616014
14.878 0.0007152482206
14.88 0.000714166476
14.882 0.0007131188337
14.884 0.000712107613
14.886 0.0007111434257
14.888 0.0007102254164
14.89 0.0007093618131
14.892 0.0007085490425
14.894 0.0007077936183
14.896 0.0007071029871
14.898 0.0007064503141
14.9 0.000705889952
14.902 0.0007053804606
14.904 0.0007049376664
14.906 0.0007045586136
14.908 0.0007042341356
14.91 0.0007039738041
14.912 0.000703766558
14.914 0.0007036198119
14.916 0.0007035052818
14.918 0.0007034659135
14.92 0.0007034675044
14.922 0.0007035078123
14.924 0.0007035936397
14.926 0.0007037071532
14.928 0.0007038579995
14.93 0.000704017206
14.932 0.000704225898
14.934 0.0007044470352
14.936 0.0007046816913
14.938 0.0007049278063
14.94 0.0007051638036
14.942 0.0007054316313
14.944 0.000705687269
14.946 0.0007059389223
14.948 0.0007061879597
14.95 0.0007064027202
14.952 0.0007066374759
14.954 0.000706839202
14.956 0.0007070282837
14.958 0.0007071763578
14.96 0.0007073264829
14.962 0.0007074434708
14.964 0.0007075296636
14.966 0.0007075729707
14.968 0.0007076110752
14.97 0.0007076093395
14.972 0.0007075739669
14.974 0.0007074896894
14.976 0.0007074035927
14.978 0.0007072690859
14.98 0.000707108669
14.982 0.0007068901011
14.984 0.0007066752489
14.986 0.0007064134727
14.988 0.0007061111499
14.99 0.0007057978013
14.992 0.0007054529199
14.994 0.000705063156
14.996 0.0007046730399
14.998 0.0007042498113
15 0.000703779695
15.002 0.0007033251079
15.004 0.0007028389652
15.006 0.0007023127649
15.008 0.0007017982274
15.01 0.000701255202
15.012 0.0007006848595
15.014 0.0007001263973
15.016 0.0006995505575
15.018 0.0006989412154
15.02 0.0006983549308
15.022 0.0006977342963
15.024 0.0006971334296
15.026 0.0006965207462
15.028 0.0006958794358
15.03 0.0006952702299
15.032 0.0006946308889
15.034 0.0006940113725
15.036 0.0006933884629
15.038 0.0006927455093
15.04 0.0006921406306
15.042 0.0006915141038
15.044 0.0006909233076
15.046 0.0006903056803
15.048 0.0006897242561
15.05 0.0006891405014
15.052 0.000688540449
15.054 0.0006879749046
15.056 0.0006873766277
15.058 0.0006868237983
15.06 0.0006862404749
15.062 0.0006856909775
15.064 0.0006851076615
15.066 0.0006845550359
15.068 0.0006839835959
15.07 0.0006834389826
15.072 0.0006828730688
15.074 0.0006823238419
15.076 0.0006817425796
15.078 0.0006811740224
15.08 0.0006805734173
15.082 0.0006799850795
15.084 0.0006793524853
15.086 0.0006787373326
15.088 0.0006780791784
15.09 0.0006774385531
15.092 0.0006767555596
15.094 0.0006760921434
15.096 0.0006753940561
15.098 0.0006747067615
15.1 0.0006739996324
15.102 0.0006733062714
15.104 0.0006725867556
15.106 0.0006718863268
15.108 0.0006711686566
15.11 0.0006704734629
15.112 0.0006697597986
15.114 0.0006690747495
15.116 0.0006683684554
15.118 0.0006677000289
15.12 0.0006670104015
15.122 0.0006663578165
15.124 0.0006656928163
15.126 0.0006650687888
15.128 0.0006644279508
15.13 0.0006638318897
15.132 0.0006632226163
15.134 0.0006626502008
15.136 0.0006620766298
15.138 0.0006615395613
15.14 0.000661014687
15.142 0.0006606205149
15.144 0.0006602788414
15.146 0.0006600218524
15.148 0.000659790185
15.15 0.0006596328247
15.152 0.0006594887189
15.154 0.000659409987
15.156 0.0006593298219
15.158 0.0006592997617
15.16 0.000659259025
15.162 0.0006592579476
15.164 0.0006592424052
15.166 0.0006592604204
15.168 0.000659248873
15.17 0.0006592626316
15.172 0.0006592499127
15.174 0.000659248202
15.176 0.0006592188031
15.178 0.0006591943502
15.18 0.0006591384655
15.182 0.0006590858763
15.184 0.0006589928916
15.186 0.0006589069058
15.188 0.0006587758353
15.19 0.0006586338658
15.192 0.0006584873888
15.194 0.0006582991549
15.196 0.0006581091677
15.198 0.0006578808393
15.2 0.000657652125
15.202 0.0006573787709
15.204 0.000657095299
15.206 0.0006568116378
15.208 0.0006564867155
15.21 0.0006561638564
15.212 0.0006558067222
15.214 0.0006554366549
15.216 0.0006550783065
15.218 0.0006546760988
15.22 0.0006542726859
15.222 0.0006538754455
15.224 0.000653444855
15.226 0.0006530145204
15.228 0.0006525946105
15.23 0.0006521459843
15.232 0.0006516927385
15.234 0.0006512601046
15.236 0.0006507983506
15.238 0.0006503427976
15.24 0.0006498862843
15.242 0.0006494449499
15.244 0.0006489846725
15.246 0.0006485261795
15.248 0.0006480746369
15.25 0.0006476379774
15.252 0.0006471841493
15.254 0.0006467347969
15.256 0.000646296677
15.258 0.0006458693558
15.26 0.0006454286939
15.262 0.0006449935241
15.264 0.0006445612304
15.266 0.0006441363949
15.268 0.000643727071
15.27 0.000643302469
15.272 0.0006428803078
15.274 0.0006424648712
15.276 0.0006420493408
15.278 0.0006416395772
15.28 0.0006412436019
15.282 0.0006408304284
15.284 0.0006404197661
15.286 0.0006400088443
15.288 0.000639602037
15.29 0.0006391906573
15.292 0.0006387827392
15.294 0.000638368146
15.296 0.0006379581628
15.298 0.0006375592154
15.3 0.0006371392663
15.302 0.0006367167852
15.304 0.0006362958273
15.306 0.0006358727189
15.308 0.0006354426147
15.31 0.0006350144985
15.312 0.0006345785202
15.314 0.0006341433947
15.316 0.0006336986031
15.318 0.0006332610772
15.32 0.0006328162323
15.322 0.0006323713706
15.324 0.0006319099806
15.326 0.0006314582624
15.328 0.000631001585
15.33 0.0006305473204
15.332 0.0006300863151
15.334 0.0006296268253
15.336 0.0006291645875
15.338 0.0006286971928
15.34 0.0006282314274
15.342 0.0006277590881
15.344 0.0006272886252
15.346 0.0006268120651
15.348 0.000626336625
15.35 0.0006258570473
15.352 0.0006253799435
15.354 0.0006248974308
15.356 0.0006244178752
15.358 0.0006239405192
15.36 0.0006234567743
15.362 0.0006229780958
15.364 0.0006224960828
15.366 0.0006220218531
15.368 0.0006215412938
15.37 0.0006210660905
15.372 0.0006205905377
15.374 0.0006201238116
15.376 0.0006196514147
15.378 0.0006191871977
15.38 0.0006187265042
15.382 0.0006182636952
15.384 0.0006178119583
15.386 0.0006173553983
15.388 0.0006169109737
15.39 0.0006164620297
15.392 0.0006160239143
15.394 0.0006155832926
15.396 0.0006151544177
15.398 0.0006147215484
15.4 0.0006143007289
15.402 0.0006138741989
15.404 0.0006134618105
15.406 0.0006130450958
15.408 0.000612640079
15.41 0.0006122307954
15.412 0.0006118320892
15.414 0.0006114333166
15.416 0.0006110386654
15.418 0.0006106507555
15.42 0.0006102581884
15.422 0.0006098769499
15.424 0.0006094918727
15.426 0.0006091121873
15.428 0.0006087350906
15.43 0.000608362739
15.432 0.0006079885008
15.434 0.0006076170923
15.436 0.0006072455566
15.438 0.0006068808228
15.44 0.0006065132416
15.442 0.0006061473853
15.444 0.0006057819456
15.446 0.0006054201777
15.448 0.0006050589305
15.45 0.0006046954113
15.452 0.0006043360589
15.454 0.0006039725783
15.456 0.0006036132876
15.458 0.0006032448996
15.46 0.0006028865109
15.462 0.0006025226653
15.464 0.0006021625504
15.466 0.0006017973966
15.468 0.0006014359959
15.47 0.0006010680654
15.472 0.0006007056403
15.474 0.0006003383221
15.476 0.0005999738593
15.478 0.0005996043597
15.48 0.0005992379739
15.482 0.000598868609
15.484 0.0005984963168
15.486 0.0005981268799
15.488 0.0005977842834
15.49 0.0005975385216
15.492 0.0005972506614
15.494 0.0005969605749
15.496 0.0005966634198
15.498 0.0005963649903
15.5 0.0005960566329
15.502 0.000595746799
15.504 0.000595426083
15.506 0.0005950860236
15.508 0.0005947424838
15.51 0.0005943954051
15.512 0.0005940371462
15.514 0.0005936756984
15.516 0.000593302787
15.518 0.0005929253575
15.52 0.0005925382373
15.522 0.0005921475215
15.524 0.0005917457192
15.526 0.0005913413319
15.528 0.0005909261286
15.53 0.0005905067823
15.532 0.0005900838166
15.534 0.0005896516563
15.536 0.0005892179182
15.538 0.0005887753037
15.54 0.0005883323838
15.542 0.0005878767991
15.544 0.0005874295575
15.546 0.0005869725986
15.548 0.0005865166102
15.55 0.0005860542079
15.552 0.0005855943637
15.554 0.000585127154
15.556 0.000584665236
15.558 0.0005841986772
15.56 0.0005837358985
15.562 0.0005832689354
15.564 0.0005828067738
15.566 0.0005823394292
15.568 0.0005818794812
15.57 0.0005814169457
15.572 0.0005809597176
15.574 0.0005805000968
15.576 0.000580044731
15.578 0.0005795857588
15.58 0.0005791350583
15.582 0.0005786829425
15.584 0.0005780352201
15.586 0.0005774776686
15.588 0.0005769381571
15.59 0.0005764091023
15.592 0.0005758968139
15.594 0.0005753955805
15.596 0.0005749105708
15.598 0.0005744338876
15.6 0.0005739736837
15.602 0.0005735211654
15.604 0.0005730828114
15.606 0.0005726527445
15.608 0.000572236924
15.61 0.0005718270427
15.612 0.0005714299509
15.614 0.0005710432524
15.616 0.0005706565739
15.618 0.0005704285446
15.62 0.0005703240298
15.622 0.0005702162436
15.624 0.0005701088624
15.626 0.000569999936
15.628 0.0005698916542
15.63 0.0005697854931
15.632 0.0005696770848
15.634 0.0005695690717
15.636 0.0005694641018
15.638 0.0005693591284
15.64 0.0005692580263
15.642 0.0005691613476
15.644 0.0005690646649
15.646 0.0005689710352
15.648 0.0005688825622
15.65 0.0005687963691
15.652 0.0005687158967
15.654 0.0005686387787
15.656 0.000568570885
15.658 0.0005685032731
15.66 0.0005684440942
15.662 0.0005683889248
15.664 0.0005683413035
15.666 0.0005682989676
15.668 0.0005682645948
15.67 0.0005682386081
15.672 0.0005682170922
15.674 0.0005682023472
15.676 0.0005681958409
15.678 0.0005681952094
15.68 0.0005682032694
15.682 0.000568219931
15.684 0.0005682412384
15.686 0.0005682690681
15.688 0.0005683052676
15.69 0.0005683469226
15.692 0.0005683967796
15.694 0.0005684516784
15.696 0.0005683144633
15.698 0.0005682731515
15.7 0.0005682501137
15.702 0.0005682432366
15.704 0.0005682541162
15.706 0.0005682792509
15.708 0.0005683209728
15.71 0.0005683790589
15.712 0.0005684478788
15.714 0.000568529238
15.716 0.0005686242319
15.718 0.0005687295598
15.72 0.0005688472296
15.722 0.00056897388
15.724 0.0005691144885
15.726 0.0005692589554
15.728 0.0005694144418
15.73 0.000569575979
15.732 0.0005697458408
15.734 0.0005699209252
15.736 0.0005701028949
15.738 0.0005702916804
15.74 0.0005704821283
15.742 0.000570676073
15.744 0.0005708742808
15.746 0.0005710735509
15.748 0.0005712762408
15.75 0.0005714788429
15.752 0.0005716836783
15.754 0.0005718902344
15.756 0.0005720940462
15.758 0.0005722965684
15.76 0.0005724992743
15.762 0.0005726990044
15.764 0.0005728978609
15.766 0.0005730930639
15.768 0.0005732898223
15.77 0.0005734783642
15.772 0.0005736669219
15.774 0.0005738501712
15.776 0.0005740326246
15.778 0.0005742095126
15.78 0.0005743837819
15.782 0.000574555954
15.784 0.0005747213278
15.786 0.0005748822723
15.788 0.0005750401635
15.79 0.0005751925923
15.792 0.0005753422174
15.794 0.0005754863226
15.796 0.0005756277254
15.798 0.0005757668708
15.8 0.0005758994508
15.802 0.0005760276445
15.804 0.0005761535789
15.806 0.0005762744985
15.808 0.0005758401338
15.81 0.0005756362544
15.812 0.0005754712767
15.814 0.0005753297594
15.816 0.0005752038977
15.818 0.0005750936125
15.82 0.0005749967938
15.822 0.0005749155063
15.824 0.0005748476749
15.826 0.0005747966291
15.828 0.0005747630844
15.83 0.0005747510545
15.832 0.0005745823625
15.834 0.0005744882683
15.836 0.0005744087539
15.838 0.0005743516349
15.84 0.0005743156987
15.842 0.0005743037504
15.844 0.0005743133841
15.846 0.0005743497617
15.848 0.0005744028984
15.85 0.0005744796853
15.852 0.0005745740542
15.854 0.0005746881914
15.856 0.0005748187466
15.858 0.0005749666079
15.86 0.0005751270929
15.862 0.0005753045465
15.864 0.0005754889598
15.866 0.0005756822993
15.868 0.0005758837495
15.87 0.0005760887155
15.872 0.0005762981567
15.874 0.0005765073182
15.876 0.0005767169911
15.878 0.0005769256527
15.88 0.0005771272192
15.882 0.000577322009
15.884 0.0005775103761
15.886 0.0005776878331
15.888 0.0005778557558
15.89 0.0005780100082
15.892 0.0005781097187
15.894 0.0005782025411
15.896 0.000578283566
15.898 0.0005783437644
15.9 0.0005783862686
15.902 0.0005784076057
15.904 0.0005784153362
15.906 0.0005784071544
15.908 0.0005783805884
15.91 0.0005783382301
15.912 0.0005782803685
15.914 0.0005782026997
15.916 0.0005781074826
15.918 0.0005779970773
15.92 0.0005778691365
15.922 0.0005777268726
15.924 0.0005775684429
15.926 0.0005773969808
15.928 0.0005772108361
15.93 0.0005770162201
15.932 0.0005768057115
15.934 0.000576583818
15.936 0.0005763533885
15.938 0.0005761127135
15.94 0.0005758656543
15.942 0.0005756105322
15.944 0.0005753511817
15.946 0.0005750860959
15.948 0.0005748201417
15.95 0.0005745499353
15.952 0.0005742797197
15.954 0.0005740075299
15.956 0.0005737373735
15.958 0.0005734686935
15.96 0.0005732012992
15.962 0.0005729386444
15.964 0.000572722413
15.966 0.0005725010349
15.968 0.0005722854925
15.97 0.0005720735305
15.972 0.0005718670619
15.974 0.0005716684735
15.976 0.0005714754097
15.978 0.0005712907869
15.98 0.0005711122754
15.982 0.0005709427491
15.984 0.0005707807765
15.986 0.0005706285842
15.988 0.0005705221843
15.99 0.0005704055618
15.992 0.0005702964568
15.994 0.0005701916289
15.996 0.0005700937715
15.998 0.0005700000281
16 0.0005699127528
16.002 0.000569828678
16.004 0.0005697506645
16.006 0.0005696798737
16.008 0.0005696058061
16.01 0.0005695415501
16.012 0.0005720757138
16.014 0.0005736307754
16.016 0.0005751009675
16.018 0.0005764786191
16.02 0.0005777525634
16.022 0.0005789204303
16.024 0.0005799748177
16.026 0.0005809147089
16.028 0.0005817306935
16.03 0.0005823884397
16.032 0.0005828453629
16.034 0.0005831593391
16.036 0.0005833602255
16.038 0.0005834183225
16.04 0.0005833545984
16.042 0.0005831749643
16.044 0.0005828896463
16.046 0.0005825057351
16.048 0.0005820335175
16.05 0.0005814767036
16.052 0.0005808455957
16.054 0.0005801505213
16.056 0.0005793968413
16.058 0.0005785960421
16.06 0.0005777660489
16.062 0.0005768988537
16.064 0.0005760057143
16.066 0.0005750934815
16.068 0.0005741724194
16.07 0.0005732501199
16.072 0.0005723287641
16.074 0.00057141822
16.076 0.0005705259063
16.078 0.0005696552056
16.08 0.0005688148234
16.082 0.0005680073995
16.084 0.0005672372049
16.086 0.0005665099345
16.088 0.0005658269969
16.09 0.0005651933759
16.092 0.0005646136618
16.094 0.0005640841246
16.096 0.0005636102758
16.098 0.0005631902846
16.1 0.0005628279088
16.102 0.000562520135
16.104 0.0005622693198
16.106 0.0005620711353
16.108 0.0005619290323
16.11 0.0005618366875
16.112 0.00056179564
16.114 0.0005618017863
16.116 0.0005618548162
16.118 0.0005619466304
16.12 0.0005620776477
16.122 0.000562245558
16.124 0.0005624450225
16.126 0.0005626753432
16.128 0.0005629332326
16.13 0.0005632120904
16.132 0.000563511126
16.134 0.000563823221
16.136 0.0005641478006
16.138 0.0005644778419
16.14 0.0005648159152
16.142 0.0005651498136
16.144 0.0005654813822
16.146 0.0005658083899
16.148 0.000566124684
16.15 0.0005664310361
16.152 0.0005667211413
16.154 0.000566997355
16.156 0.0005672541546
16.158 0.0005674893971
16.16 0.0005677041007
16.162 0.0005678583149
16.164 0.0005680010114
16.166 0.0005681203676
16.168 0.0005682116763
16.17 0.0005682784433
16.172 0.0005683171589
16.174 0.0005683327259
16.176 0.0005683214182
16.178 0.0005682868355
16.18 0.0005682253637
16.182 0.0005681425458
16.184 0.0005680363883
16.186 0.0005679073783
16.188 0.0005677577699
16.19 0.0005692365836
16.192 0.0005711297827
16.194 0.0005723713979
16.196 0.0005729556958
16.198 0.0005728930791
16.2 0.0005722067889
16.202 0.0005709107417
16.204 0.0005690431244
16.206 0.0005666309666
16.208 0.0005637186224
16.21 0.0005623025184
16.212 0.0005616742074
16.214 0.0005610675306
16.216 0.0005604853841
16.218 0.0005599276563
16.22 0.0005593981754
16.222 0.0005589023114
16.224 0.0005584299585
16.226 0.0005579957553
16.228 0.0005575937793
16.23 0.0005572275527
16.232 0.000556897084
16.234 0.0005552585595
16.236 0.0005581858932
16.238 0.0005617410807
16.24 0.0005662469534
16.242 0.0005713505419
16.244 0.0005768297552
16.246 0.0005824771457
16.248 0.0005881208229
16.25 0.0005936138503
16.252 0.0005988497356
16.254 0.0006037222991
16.256 0.0006081070561
16.258 0.0006119706022
16.26 0.0006152596913
16.262 0.0006179362846
16.264 0.0006199806995
16.266 0.0006213779797
16.268 0.0006221314669
16.27 0.0006222464815
16.272 0.0006217381751
16.274 0.0006206333746
16.276 0.0006189578259
16.278 0.000616748906
16.28 0.0006140447451
16.282 0.0006108866202
16.284 0.0006073225864
16.286 0.0006034014817
16.288 0.0005991682141
16.29 0.0005946757411
16.292 0.0005899739969
16.294 0.0005851156256
16.296 0.0005801472387
16.298 0.000575121426
16.3 0.0005700829644
16.302 0.0005650759491
16.304 0.000560146899
16.306 0.0005552486487
16.308 0.0005505254593
16.31 0.000545941027
16.312 0.0005417140242
16.314 0.000537710185
16.316 0.0005339792497
16.318 0.000530544123
16.32 0.0005274181971
16.322 0.0005246699813
16.324 0.0005222834518
16.326 0.0005202457134
16.328 0.000518569039
16.33 0.0005172460373
16.332 0.0005162766404
16.334 0.0005156465692
16.336 0.0005153504657
16.338 0.0005153783303
16.34 0.0005157107478
16.342 0.0005163343358
16.344 0.0005172280418
16.346 0.0005183746235
16.348 0.0005197545663
16.35 0.0005213374715
16.352 0.0005231129097
16.354 0.0005250463447
16.356 0.0005271239075
16.358 0.0005293120405
16.36 0.0005315981327
16.362 0.0005339488372
16.364 0.0005363512293
16.366 0.000538687408
16.368 0.0005410532178
16.37 0.0005433978284
16.372 0.0005456896135
16.374 0.0005479348574
16.376 0.0005501058686
16.378 0.0005522000052
16.38 0.0005541943388
16.382 0.0005560772138
16.384 0.0005578484529
16.386 0.000559488704
16.388 0.0005609936952
16.39 0.0005623551717
16.392 0.0005635737342
16.394 0.0005646439298
16.396 0.0005655537045
16.398 0.0005663088701
16.4 0.0005669183696
16.402 0.000567376699
16.404 0.000567692951
16.406 0.0005678706755
16.408 0.0005679121869
16.41 0.0005678207618
16.412 0.0005676158001
16.414 0.0005672969031
16.416 0.0005668721853
16.418 0.0005663517298
16.42 0.0005657641951
16.422 0.0005650937045
16.424 0.0005643536088
16.426 0.0005636441601
16.428 0.0005628619536
16.43 0.0005620431976
16.432 0.0005611919259
16.434 0.0005603207648
16.436 0.0005594314523
16.438 0.0005585381174
16.44 0.0005576459823
16.442 0.0005567599551
16.444 0.000555890636
16.446 0.0005550411795
16.448 0.00055421568
16.45 0.0005534763378
16.452 0.0005527579114
16.454 0.0005520765422
16.456 0.0005514417901
16.458 0.0005508449291
16.46 0.0005502951328
16.462 0.0005497073645
16.464 0.0005491863744
16.466 0.0005487122579
16.468 0.0005482840896
16.47 0.0005478494431
16.472 0.0005475629443
16.474 0.0005473495097
16.476 0.0005471664724
16.478 0.0005469389264
16.48 0.0005467158039
16.482 0.000546628475
16.484 0.0005465494681
16.486 0.0005464985391
16.488 0.0005464729688
16.49 0.0005464637135
16.492 0.0005464758416
16.494 0.0005464981462
16.496 0.0005465293744
16.498 0.0005465655269
16.5 0.000546600592
16.502 0.0005466359417
16.504 0.0005466648196
16.506 0.0005466852977
16.508 0.0005466943246
16.51 0.0005466664293
16.512 0.000546631603
16.514 0.0005465808906
16.516 0.0005465110904
16.518 0.0005464177422
16.52 0.0005463038592
16.522 0.0005461660586
16.524 0.0005460069746
16.526 0.0005458028368
16.528 0.0005455791113
16.53 0.0005453345946
16.532 0.0005450658796
16.534 0.0005447762425
16.536 0.0005444639607
16.538 0.0005441346181
16.54 0.0005437863065
16.542 0.0005434208102
16.544 0.0005430362926
16.546 0.0005426418507
16.548 0.000542150042
16.55 0.000541669722
16.552 0.0005411815734
16.554 0.0005406880057
16.556 0.0005401945251
16.558 0.0005397026416
16.56 0.0005392110721
16.562 0.0005387302933
16.564 0.0005382575185
16.566 0.000537795774
16.568 0.0005373468528
16.57 0.0005369127174
16.572 0.000536495949
16.574 0.0005360976421
16.576 0.0005357147051
16.578 0.0005353546803
16.58 0.0005350142485
16.582 0.0005347141172
16.584 0.0005344306383
16.586 0.000534168048
16.588 0.0005339264946
16.59 0.000533704212
16.592 0.0005335012552
16.594 0.0005333163994
16.596 0.0005331547323
16.598 0.0005330019031
16.6 0.0005328670927
16.602 0.0005327459624
16.604 0.0005326318643
16.606 0.0005325315337
16.608 0.0005324365698
16.61 0.0005323494338
16.612 0.0005322654995
16.614 0.000532183329
16.616 0.0005320993773
16.618 0.0005320148678
16.62 0.000531925259
16.622 0.0005318276198
16.624 0.0005317495883
16.626 0.0005316452439
16.628 0.000531528516
16.63 0.0005313907144
16.632 0.0005312380478
16.634 0.0005310632097
16.636 0.0005308672481
16.638 0.0005306495081
16.64 0.0005304078605
16.642 0.000530137558
16.644 0.0005298447969
16.646 0.0005295231196
16.648 0.0005291756565
16.65 0.0005288011385
16.652 0.0005283977681
16.654 0.0005279672337
16.656 0.0005275099082
16.658 0.0005270228324
16.66 0.0005265127437
16.662 0.0005259768723
16.664 0.0005254135615
16.666 0.0005248266631
16.668 0.0005242189133
16.67 0.000523587363
16.672 0.0005229382292
16.674 0.0005222684254
16.676 0.0005215873136
16.678 0.0005208904145
16.68 0.000520179703
16.682 0.00051945723
16.684 0.0005187044681
16.686 0.0005179639923
16.688 0.000517223851
16.69 0.0005164805339
16.692 0.0005157359184
16.694 0.000514996076
16.696 0.0005142587188
16.698 0.000513529228
16.7 0.0005127841412
16.702 0.0005120728923
16.704 0.0005113758109
16.706 0.00051069357
16.708 0.0005085476928
16.71 0.0005071254875
16.712 0.0005058357201
16.714 0.0005046296022
16.716 0.000503533244
16.718 0.0005025107845
16.72 0.0005015693423
16.722 0.0005006690122
16.724 0.0004998595385
16.726 0.0004991101664
16.728 0.0004984103215
16.73 0.0004977716399
16.732 0.0004971864014
16.734 0.0004966591771
16.736 0.0004961836214
16.738 0.000495763392
16.74 0.0004953952906
16.742 0.0004950781728
16.744 0.0004948196477
16.746 0.000494613252
16.748 0.0004944540836
16.75 0.0004943474342
16.752 0.0004942904144
16.754 0.0004942540925
16.756 0.0004942867875
16.758 0.0004943663235
16.76 0.0004944856895
16.762 0.0004946475325
16.764 0.0004948448651
16.766 0.0004950779259
16.768 0.0004953444505
16.77 0.0004956381124
16.772 0.0004959600303
16.774 0.0004963030818
16.776 0.0004966432649
16.778 0.000497004433
16.78 0.0004974034446
16.782 0.0004977903649
16.784 0.0004982058766
16.786 0.0004986038567
16.788 0.0004990227104
16.79 0.0004994335701
16.792 0.0004997988394
16.794 0.0005001978833
16.796 0.0005005817961
16.798 0.0005009359657
16.8 0.0005012906626
16.802 0.000501624504
16.804 0.0005018929576
16.806 0.0005021822977
16.808 0.0005024410517
16.81 0.0005026595235
16.812 0.0005028653715
16.814 0.0005030150229
16.816 0.0005031543663
16.818 0.0005032478762
16.82 0.000503328506
16.822 0.0005033735916
16.824 0.0005033569567
16.826 0.0005033192031
16.828 0.0005032337722
16.83 0.0005031978056
16.832 0.0005031489922
16.834 0.0005030951653
16.836 0.0005030287687
16.838 0.0005029526116
16.84 0.0005028293879
16.842 0.0005026887246
16.844 0.0005025542492
16.846 0.0005024009072
16.848 0.0005022310617
16.85 0.0005020500302
16.852 0.0005038043451
16.854 0.0005047108108
16.856 0.0005055187287
16.858 0.0005062257013
16.86 0.0005068240531
16.862 0.0005072948971
16.864 0.0005076824505
16.866 0.0005079733631
16.868 0.0005081622911
16.87 0.0005082310396
16.872 0.0005082286895
16.874 0.0005081392753
16.876 0.0005079609046
16.878 0.0005077049852
16.88 0.0005073463351
16.882 0.0005069406995
16.884 0.0005064706192
16.886 0.0005059446791
16.888 0.0005053391248
16.89 0.0005047155672
16.892 0.0005040528675
16.894 0.0005033605577
16.896 0.0005026438154
16.898 0.0005018856378
16.9 0.0005011414594
16.902 0.0005003941629
16.904 0.0004996525026
16.906 0.0004989161711
16.908 0.0004981735067
16.91 0.0004978484515
16.912 0.0004974228611
16.914 0.0004970266505
16.916 0.0004966310914
16.918 0.0004962898868
16.92 0.0004959803935
16.922 0.0004957036038
16.924 0.0004954364826
16.926 0.0004952261114
16.928 0.000495052936
16.93 0.0004949109558
16.932 0.0004948052585
16.934 0.0004947080482
16.936 0.0004946629913
16.938 0.0004946526165
16.94 0.0004946680916
16.942 0.0004946847274
16.944 0.0004947514292
16.946 0.0004948389122
16.948 0.000494946266
16.95 0.0004950437473
16.952 0.0004951781239
16.954 0.0004953236922
16.956 0.0004954751345
16.958 0.0004956042381
16.96 0.000495820205
16.962 0.0004960056372
16.964 0.0004961576457
16.966 0.0004963220231
16.968 0.0004964732056
16.97 0.0004966066705
16.972 0.0004966992003
16.974 0.000496789888
16.976 0.0004968582737
16.978 0.0004968991282
16.98 0.0004968867122
16.982 0.0004968675703
16.984 0.0004968162736
16.986 0.000496706632
16.988 0.0004965855834
16.99 0.0004964286875
16.992 0.0004962350432
16.994 0.0004959798972
16.996 0.0004957097698
16.998 0.0004954033345
17 0.0004950333034
17.002 0.0004946528627
17.004 0.0004942346833
17.006 0.0004937820724
17.008 0.0004932689907
17.01 0.0004927464039
17.012 0.0004921915054
17.014 0.000491583998
17.016 0.0004909690486
17.018 0.0004903276443
17.02 0.0004896642126
17.022 0.0004889503885
17.024 0.0004882387202
17.026 0.0004874855781
17.028 0.0004867410803
17.03 0.0004859805106
17.032 0.0004852099493
17.034 0.0004844063738
17.036 0.0004836157444
17.038 0.0004828228821
17.04 0.0004820268717
17.042 0.00048103919
17.044 0.000480149508
17.046 0.0004792469887
17.048 0.0004783827587
17.05 0.0004775335773
17.052 0.0004767011071
17.054 0.0004758600491
17.056 0.0004750641361
17.058 0.0004742866342
17.06 0.0004735040583
17.062 0.0004727683765
17.064 0.0004720574749
17.066 0.0004713420331
17.068 0.0004706756289
17.07 0.0004700339965
17.072 0.0004694171034
17.074 0.0004687984213
17.076 0.0004682278545
17.078 0.0004676558908
17.08 0.0004671326073
17.082 0.0004666350068
17.084 0.0004661570212
17.086 0.0004656778678
17.088 0.0004652433935
17.09 0.0004648056419
17.092 0.0004644104876
17.094 0.00046403561
17.096 0.0004636774643
17.098 0.0004633123871
17.1 0.0004629879398
17.102 0.0004626507434
17.104 0.0004623526523
17.106 0.00046206798
17.108 0.0004617939163
17.11 0.0004615080694
17.112 0.0004612528431
17.114 0.0004609812344
17.116 0.0004607420687
17.118 0.0004605105344
17.12 0.0004602851996
17.122 0.0004600388043
17.124 0.0004598203941
17.126 0.0004595799493
17.128 0.0004593672219
17.13 0.000459157504
17.132 0.0004589497796
17.134 0.0004587172069
17.136 0.0004585080174
17.138 0.0004582759226
17.14 0.0004580671941
17.142 0.0004578582982
17.144 0.0004576263695
17.146 0.0004574154305
17.148 0.000457204239
17.15 0.0004569684562
17.152 0.0004567554998
17.154 0.0004565418291
17.156 0.0004563037647
17.158 0.0004560903735
17.16 0.0004558492685
17.162 0.0004556337176
17.164 0.0004554191587
17.166 0.0004552039037
17.168 0.0004549652845
17.17 0.0004547507552
17.172 0.0004545118494
17.174 0.000454300809
17.176 0.0004540899329
17.178 0.0004538550161
17.18 0.0004536471006
17.182 0.0004534419735
17.184 0.0004532127628
17.186 0.0004530111506
17.188 0.0004527874591
17.19 0.0004525894336
17.192 0.0004523951771
17.194 0.0004521776358
17.196 0.0004519868435
17.198 0.0004518016182
17.2 0.000451594235
17.202 0.0004514131404
17.204 0.0004512123459
17.206 0.000451038458
17.208 0.0004508679838
17.21 0.0004506767999
17.212 0.0004505123708
17.214 0.0004503508175
17.216 0.0004501681807
17.218 0.0004500133521
17.22 0.0004498334844
17.222 0.0004496816181
17.224 0.0004495319122
17.226 0.0004493504389
17.228 0.0004491993359
17.23 0.0004490255258
17.232 0.0004488794222
17.234 0.0004487364661
17.236 0.0004485692646
17.238 0.0004484290425
17.24 0.0004482910455
17.242 0.0004481279098
17.244 0.0004479909218
17.246 0.0004478299305
17.248 0.0004476920989
17.25 0.0004475567971
17.252 0.0004473958618
17.254 0.000447257212
17.256 0.0004470948303
17.258 0.0004469551359
17.26 0.0004468143355
17.262 0.0004466481909
17.264 0.0004465042143
17.266 0.0004463328596
17.268 0.0004461847831
17.27 0.000446035442
17.272 0.0004458574475
17.274 0.0004457024572
17.276 0.0004455191249
17.278 0.0004453584088
17.28 0.0004451960097
17.282 0.0004450046912
17.284 0.000444835876
17.286 0.0004446397523
17.288 0.0004444638768
17.29 0.0004442880439
17.292 0.0004440840061
17.294 0.000443900581
17.296 0.0004436917837
17.298 0.0004435045349
17.3 0.000443289955
17.302 0.0004430989064
17.304 0.0004429075359
17.306 0.0004426908682
17.308 0.0004424999031
17.31 0.0004422876848
17.312 0.0004420937197
17.314 0.0004419066463
17.316 0.0004416934409
17.318 0.0004415041101
17.32 0.000441292558
17.322 0.0004408519076
17.324 0.0004405315827
17.326 0.0004402016717
17.328 0.0004399117217
17.33 0.0004396149716
17.332 0.000439357067
17.334 0.000439088865
17.336 0.0004388600463
17.338 0.0004386458351
17.34 0.0004384186411
17.342 0.0004382292715
17.344 0.0004380273095
17.346 0.0004378600747
17.348 0.0004376809701
17.35 0.0004375363551
17.352 0.0004373816653
17.354 0.0004372195921
17.356 0.000437090582
17.358 0.0004369443671
17.36 0.0004368316715
17.362 0.0004367015414
17.364 0.0004366011505
17.366 0.0004365092057
17.368 0.0004363961365
17.37 0.0004363129884
17.372 0.000436209521
17.374 0.0004361323809
17.376 0.0004360355261
17.378 0.0004359695433
17.38 0.0004359014974
17.382 0.0004358119907
17.384 0.000435747377
17.386 0.0004356578875
17.388 0.0004355942023
17.39 0.0004355057862
17.392 0.0004354401945
17.394 0.0004353763039
17.396 0.0004352860369
17.398 0.0004352174592
17.4 0.0004351244117
17.402 0.0004350523184
17.404 0.0004349555919
17.406 0.0004348806684
17.408 0.0004347785774
17.41 0.0004371618753
17.412 0.000438557505
17.414 0.000439742965
17.416 0.0004408449152
17.418 0.0004418250237
17.42 0.0004427435867
17.422 0.0004435583874
17.424 0.000444311253
17.426 0.0004449583394
17.428 0.0004455423865
17.43 0.0004460372622
17.432 0.0004464149347
17.434 0.0004467207276
17.436 0.0004469025989
17.438 0.0004470102577
17.44 0.0004469918056
17.442 0.0004468990605
17.444 0.0004466831051
17.446 0.0004463937889
17.448 0.0004460140718
17.45 0.0004455193189
17.452 0.0004449631761
17.454 0.0004443047447
17.456 0.0004435958485
17.458 0.0004427997388
17.46 0.000441964177
17.462 0.0004410512547
17.464 0.0004401184267
17.466 0.0004391231191
17.468 0.0004381213978
17.47 0.0004371000845
17.472 0.0004360369293
17.474 0.0004349915248
17.476 0.0004339204615
17.478 0.0004328782802
17.48 0.0004318255158
17.482 0.0004308111188
17.484 0.000429797358
17.486 0.0004288386786
17.488 0.0004278241605
17.49 0.0004268833341
17.492 0.0004260080405
17.494 0.0004251852762
17.496 0.0004244145332
17.498 0.000423669034
17.5 0.0004230022041
17.502 0.0004223651606
17.504 0.0004218065484
17.506 0.0004212804298
17.508 0.0004208323647
17.51 0.0004204157683
17.512 0.0004200764347
17.514 0.0004197664857
17.516 0.0004195282192
17.518 0.0004193129742
17.52 0.0004190652352
17.522 0.0004189140541
17.524 0.0004187852249
17.526 0.0004187015553
17.528 0.0004186828737
17.53 0.0004187035784
17.532 0.0004187321528
17.534 0.0004188132395
17.536 0.0004188966179
17.538 0.0004190269649
17.54 0.0004191481807
17.542 0.0004193080248
17.544 0.0004194525154
17.546 0.0004196289661
17.548 0.0004197827922
17.55 0.0004199617529
17.552 0.0004201126427
17.554 0.0004202802204
17.556 0.0004204153837
17.558 0.0004205616771
17.56 0.0004206976832
17.562 0.0004207909808
17.564 0.0004208632427
17.566 0.0004209420981
17.568 0.0004209996359
17.57 0.0004210108479
17.572 0.0004210220472
17.574 0.0004209861188
17.576 0.0004209500979
17.578 0.0004208642022
17.58 0.0004207809831
17.582 0.0004206470497
17.584 0.0004205151442
17.586 0.000420334398
17.588 0.0004201571444
17.59 0.0004199341321
17.592 0.0004197144267
17.594 0.000419452855
17.596 0.0004191969293
17.598 0.0004189045518
17.6 0.0004186172916
17.602 0.0004182947169
17.604 0.0004179764499
17.606 0.0004176382404
17.608 0.0004173104432
17.61 0.0004169504745
17.612 0.00041661138
17.614 0.0004162435529
17.616 0.0004159012935
17.618 0.0004155338234
17.62 0.0004151909337
17.622 0.0004148280264
17.624 0.0004144925799
17.626 0.0004141808583
17.628 0.0004139397134
17.63 0.0004137068159
17.632 0.000413526769
17.634 0.0004133429766
17.636 0.0004132046822
17.638 0.0004130590852
17.64 0.0004129558414
17.642 0.0004128422908
17.644 0.0004127685639
17.646 0.000412682647
17.648 0.000412636242
17.65 0.000412574835
17.652 0.000412550066
17.654 0.0004125025027
17.656 0.0004125039003
17.658 0.0004124838394
17.66 0.0004124948037
17.662 0.0004124899321
17.664 0.000412517657
17.666 0.0004125240979
17.668 0.0004125592061
17.67 0.0004125750198
17.672 0.0004126167682
17.674 0.0004126372008
17.676 0.0004126817064
17.678 0.0004127056041
17.68 0.0004127492265
17.682 0.00041276615
17.684 0.0004128057444
17.686 0.000412815708
17.688 0.0004128463839
17.69 0.0004128457754
17.692 0.0004128657146
17.694 0.0004128515231
17.696 0.0004128819525
17.698 0.000412862587
17.7 0.0004128583867
17.702 0.0004128165118
17.704 0.0004127885542
17.706 0.000412725628
17.708 0.0004126720687
17.71 0.0004125823433
17.712 0.0004125030526
17.714 0.0004123878024
17.716 0.0004122826072
17.718 0.0004121441321
17.72 0.0004119866017
17.722 0.0004118443094
17.724 0.0004116892773
17.726 0.0004114979181
17.728 0.0004112920144
17.73 0.0004111011108
17.732 0.0004109020059
17.734 0.0004106642102
17.736 0.0004104145507
17.738 0.0004101814322
17.74 0.0004099142437
17.742 0.0004096642284
17.744 0.0004093838177
17.746 0.0004091180937
17.748 0.0004088209817
17.75 0.0004085435955
17.752 0.0004082351982
17.754 0.0004079491613
17.756 0.0004076323703
17.758 0.0004073378684
17.76 0.000407014683
17.762 0.0004067150833
17.764 0.0004063882066
17.766 0.000406061838
17.768 0.0004057584054
17.77 0.0004054577076
17.772 0.0004051310981
17.774 0.0004048056153
17.776 0.0004045090924
17.778 0.0004041877087
17.78 0.0004038929611
17.782 0.000403578201
17.784 0.0004032899014
17.786 0.0004029820263
17.788 0.0004027039796
17.79 0.0004024009521
17.792 0.0004021277476
17.794 0.0004018342807
17.796 0.0004015695422
17.798 0.0004012850805
17.8 0.000401006652
17.802 0.0004015561961
17.804 0.0004017247283
17.806 0.000401884398
17.808 0.0004019786539
17.81 0.000402065755
17.812 0.0004020907814
17.814 0.0004021092843
17.816 0.0004020725052
17.818 0.0004020306381
17.82 0.0004019390363
17.822 0.0004018387952
17.824 0.0004016902763
17.826 0.0004015141019
17.828 0.0004013390005
17.83 0.0004011190187
17.832 0.0004008977618
17.834 0.0004006318905
17.836 0.0004003710457
17.838 0.0004000678583
17.84 0.0003997745466
17.842 0.0003994391247
17.844 0.0003991156805
17.846 0.0003987557815
17.848 0.0003983845938
17.85 0.00039803389
17.852 0.0003976741126
17.854 0.0003972838049
17.856 0.0003968902566
17.858 0.0003965204694
17.86 0.0003961288673
17.862 0.0003957598506
17.864 0.0003953700284
17.866 0.0003950088917
17.868 0.000394631242
17.87 0.000394232846
17.872 0.0003938789351
17.874 0.0003935355548
17.876 0.0003931810652
17.878 0.0003928328776
17.88 0.0003925231061
17.882 0.0003922005236
17.884 0.0003919168746
17.886 0.0003916249605
17.888 0.0003913676518
17.89 0.0003911006029
17.892 0.0003908458779
17.894 0.0003906330557
17.896 0.0003904066035
17.898 0.000390218949
17.9 0.0003900197811
17.902 0.0003898607642
17.904 0.0003896853472
17.906 0.0003895458253
17.908 0.0003893938853
17.91 0.0003892532389
17.912 0.0003891445961
17.914 0.0003890204659
17.916 0.0003889318368
17.918 0.0003888202967
17.92 0.0003887419925
17.922 0.0003886438871
17.924 0.000388577344
17.926 0.0003884858366
17.928 0.0003883962671
17.93 0.0003883360773
17.932 0.0003882495656
17.934 0.000388188663
17.936 0.0003881024186
17.938 0.0003880425277
17.94 0.0003879507604
17.942 0.0003878835525
17.944 0.0003877800118
17.946 0.0003876895492
17.948 0.0003876118359
17.95 0.0003875050869
17.952 0.0003874199921
17.954 0.0003873024826
17.956 0.0003872046014
17.958 0.000387079118
17.96 0.0003869425002
17.962 0.0003868251982
17.964 0.0003866782748
17.966 0.000386550364
17.968 0.0003863845352
17.97 0.000386230504
17.972 0.0003860613667
17.974 0.0003859011408
17.976 0.0003857109034
17.978 0.0003855164812
17.98 0.0003853386316
17.982 0.0003851307753
17.984 0.0003849459996
17.986 0.0003847309789
17.988 0.0003845288681
17.99 0.0003843154328
17.992 0.0003840858308
17.994 0.0003838807902
17.996 0.000383651089
17.998 0.0003834398269
18 0.0003831946503
18.002 0.0003829895026
18.004 0.0003827484992
18.006 0.0003825053555
18.008 0.0003822897903
18.01 0.0003820449777
18.012 0.0003818243396
18.014 0.000381582746
18.016 0.0003813621958
18.018 0.0003811098868
18.02 0.0003808747794
18.022 0.0003806538245
18.024 0.0003804113911
18.026 0.0003801971946
18.028 0.0003799555909
18.03 0.0003797435836
18.032 0.0003795029706
18.034 0.0003792649883
18.036 0.0003790566442
18.038 0.0003788210945
18.04 0.0003786056026
18.042 0.0003783827671
18.044 0.0003781511509
18.046 0.0003779474557
18.048 0.0003777234524
18.05 0.0003775209665
18.052 0.0003773005401
18.054 0.0003771021711
18.056 0.00037687351
18.058 0.0003766628333
18.06 0.0003764671442
18.062 0.0003762504515
18.064 0.0003760623957
18.066 0.0003758469156
18.068 0.0003756350248
18.07 0.0003754450483
18.072 0.0003752335812
18.074 0.0003750505639
18.076 0.0003748398644
18.078 0.000374657607
18.08 0.0003744488194
18.082 0.0003742400021
18.084 0.0003740605153
18.086 0.0003738531608
18.088 0.0003736740985
18.09 0.0003734684742
18.092 0.0003732628125
18.094 0.0003730865248
18.096 0.0003728810162
18.098 0.0003727060296
18.1 0.0003678533522
18.102 0.0003700154828
18.104 0.0004094931354
18.106 0.0004243002429
18.108 0.0004246433467
18.11 0.0004161880161
18.112 0.0004222832632
18.114 0.0004402089493
18.116 0.0004590807067
18.118 0.0004782393481
18.12 0.0004972388719
18.122 0.000515570885
18.124 0.0005329635588
18.126 0.0005490033884
18.128 0.0005633720263
18.13 0.0005925115721
18.132 0.0006129207812
18.134 0.0006304309449
18.136 0.0006446130549
18.138 0.000655640989
18.14 0.0006633865778
18.142 0.000667893816
18.144 0.0006692575928
18.146 0.0006675583482
18.148 0.0006629725439
18.15 0.000655715044
18.152 0.0006459457999
18.154 0.0006339490752
18.156 0.000622521921
18.158 0.0006377856546
18.16 0.0006497816709
18.162 0.0006585170723
18.164 0.0006639439054
18.166 0.0006661865114
18.168 0.0006653009327
18.17 0.0006614842698
18.172 0.0006548945881
18.174 0.0006457030416
18.176 0.0006341912749
18.178 0.0006205502947
18.18 0.0006050858096
18.182 0.000588028481
18.184 0.0005696130915
18.186 0.0005501659496
18.188 0.0005298859648
18.19 0.0005090727892
18.192 0.0004879511866
18.194 0.0004949821815
18.196 0.0005039713811
18.198 0.0005107720146
18.2 0.000515440342
18.202 0.000518024747
18.204 0.0005186095756
18.206 0.0005172596062
18.208 0.0005147714771
18.21 0.0005108574592
18.212 0.0005053837355
18.214 0.0004984464832
18.216 0.0004901777347
18.218 0.0004912009338
18.22 0.0004995285957
18.222 0.0005056684809
18.224 0.0005096837552
18.226 0.0005116257216
18.228 0.0005115853269
18.23 0.0005096318453
18.232 0.0005065298764
18.234 0.0005020867154
18.236 0.000496115142
18.238 0.0004887141498
18.24 0.0004800193837
18.242 0.0004701448554
18.244 0.0004593050139
18.246 0.0004475087064
18.248 0.0004349302468
18.25 0.0004216911063
18.252 0.0004079241067
18.254 0.0004011335426
18.256 0.0004054456287
18.258 0.0004091260163
18.26 0.0004121183707
18.262 0.000414457346
18.264 0.0004160894556
18.266 0.0004172142037
18.268 0.0004175930161
18.27 0.0004173447923
18.272 0.0004164303478
18.274 0.000414938265
18.276 0.0004128399218
18.278 0.0004102286504
18.28 0.0004070874479
18.282 0.000403482054
18.284 0.0004012983132
18.286 0.0004034564914
18.288 0.0004049657096
18.29 0.000405779403
18.292 0.0004059624628
18.294 0.0004055147727
18.296 0.0004044241842
18.298 0.0004027758667
18.3 0.0004005792833
18.302 0.0003978510354
18.304 0.0003948252232
18.306 0.0003913002076
18.308 0.0003873562751
18.31 0.0003830826079
18.312 0.0003784834856
18.314 0.0003736598131
18.316 0.000368637553
18.318 0.0003634611378
18.32 0.0003581548385
18.322 0.0003528206867
18.324 0.0003474492444
18.326 0.0003421366888
18.328 0.0003369069907
18.33 0.0003366737435
18.332 0.0003374959118
18.334 0.0003380524905
18.336 0.0003383674388
18.338 0.0003384395757
18.34 0.0003386993447
18.342 0.0003387249666
18.344 0.0003384843943
18.346 0.0003380290935
18.348 0.0003373246953
18.35 0.0003364017837
18.352 0.0003352788637
18.354 0.0003357181606
18.356 0.0003368090929
18.358 0.0003376476262
18.36 0.0003382252932
18.362 0.0003387100473
18.364 0.0003392290568
18.366 0.0003395110228
18.368 0.0003395318545
18.37 0.000339328201
18.372 0.0003388939239
18.374 0.0003382276282
18.376 0.000337369891
18.378 0.0003363016036
18.38 0.0003350761375
18.382 0.0003336844553
18.384 0.0003321269562
18.386 0.0003304601048
18.388 0.0003286737423
18.39 0.0003284443102
18.392 0.0003300521361
18.394 0.0003315751446
18.396 0.0003329577409
18.398 0.0003342175827
18.4 0.0003353871638
18.402 0.000336413578
18.404 0.0003373445603
18.406 0.0003381387375
18.408 0.0003388209492
18.41 0.0003394194342
18.412 0.0003398942883
18.414 0.0003402997249
18.416 0.0003405881149
18.418 0.0003417159437
18.42 0.0003433036495
18.422 0.0003447822856
18.424 0.0003461259448
18.426 0.00034730213
18.428 0.000348371917
18.43 0.0003492776492
18.432 0.0003500787379
18.434 0.000350758518
18.436 0.0003512854918
18.438 0.0003517231003
18.44 0.0003520294928
18.442 0.0003522542288
18.444 0.0003523857287
18.446 0.0003524340547
18.448 0.0003523708757
18.45 0.0003522616234
18.452 0.000352066692
18.454 0.0003518360941
18.456 0.000351559459
18.458 0.000351219282
18.46 0.0003508685575
18.462 0.0003504952118
18.464 0.0003500727374
18.466 0.0003496645327
18.468 0.0003492253802
18.47 0.0003488062598
18.472 0.0003483935192
18.474 0.0003479897729
18.476 0.0003475670417
18.478 0.000347173888
18.48 0.0003467952494
18.482 0.000346446393
18.484 0.0003461222874
18.486 0.0003458163045
18.488 0.0003460899147
18.49 0.0003466631749
18.492 0.0003472336259
18.494 0.0003478182457
18.496 0.0003483701361
18.498 0.0003489025043
18.5 0.0003494378459
18.502 0.0003499198004
18.504 0.000350373299
18.506 0.0003507894764
18.508 0.0003511890281
18.51 0.0003515211755
18.512 0.0003518313534
18.514 0.0003520582289
18.516 0.0003522399106
18.518 0.0003523648573
18.52 0.0003524556482
18.522 0.0003524635943
18.524 0.0003524064828
18.526 0.0003522903673
18.528 0.0003521386905
18.53 0.0003518983165
18.532 0.0003516189645
18.534 0.0003512560115
18.536 0.0003508279437
18.538 0.0003503400822
18.54 0.0003498140989
18.542 0.0003492109819
18.544 0.0003485489099
18.546 0.00034785753
18.548 0.0003470871628
18.55 0.0003462679496
18.552 0.0003454275607
18.554 0.000344515971
18.556 0.0003435590768
18.558 0.0003425663361
18.56 0.0003415608363
18.562 0.000340498522
18.564 0.0003394292796
18.566 0.0003383060845
18.568 0.0003371606757
18.57 0.0003359917104
18.572 0.0003348316555
18.574 0.0003214860138
18.576 0.0003201938375
18.578 0.0003189198836
18.58 0.0003176379652
18.582 0.0003163457327
18.584 0.0003150524364
18.586 0.0003137801001
18.588 0.0003124959162
18.59 0.0003112471809
18.592 0.0003100219385
18.594 0.0003088159269
18.596 0.0003076117671
18.598 0.0003064567315
18.6 0.0003053089754
18.602 0.0003042232819
18.604 0.0003031731325
18.606 0.0003021649837
18.608 0.0003011689859
18.61 0.0003002453486
18.612 0.0002993384115
18.614 0.000298507519
18.616 0.0002977240929
18.618 0.0002969641104
18.62 0.0002962839583
18.622 0.000265268025
18.624 0.0002642312541
18.626 0.000263188096
18.628 0.0002635706347
18.63 0.0002648006489
18.632 0.0002660435632
18.634 0.0002673214933
18.636 0.0002686650228
18.638 0.000270024816
18.64 0.0002714577963
18.642 0.0002729128363
18.644 0.0002744130568
18.646 0.0002759620344
18.648 0.0002775836508
18.65 0.0002792250045
18.652 0.0002807829285
18.654 0.0002823933261
18.656 0.00028404278
18.658 0.0002857261534
18.66 0.0002874675129
18.662 0.0002892113098
18.664 0.0002910033725
18.666 0.0002927924217
18.668 0.0002945950704
18.67 0.0002964039859
18.672 0.0002982431504
18.674 0.0003000526875
18.676 0.000301879281
18.678 0.0003036604068
18.68 0.0003054235871
18.682 0.0003071561438
18.684 0.0003088823128
18.686 0.0003105423057
18.688 0.0003121835004
18.69 0.0003137476815
18.692 0.0003152527661
18.694 0.0003167000671
18.696 0.000318109388
18.698 0.0003194241887
18.7 0.0003206672107
18.702 0.0003218607096
18.704 0.0003229530097
18.706 0.0003239637738
18.708 0.0003249214187
18.71 0.0003257713435
18.712 0.0003265424211
18.714 0.000327228699
18.716 0.0003278606635
18.718 0.0003283852925
18.72 0.0003288568533
18.722 0.0003292239104
18.724 0.0003295148529
18.726 0.0003297303208
18.728 0.0003299020325
18.73 0.0003299761534
18.732 0.0003299893276
18.734 0.0003299649403
18.736 0.000329858589
18.738 0.0003296953716
18.74 0.0003295089301
18.742 0.0003292492551
18.744 0.0003292485076
18.746 0.0003300408626
18.748 0.0003307171573
18.75 0.0003312602897
18.752 0.0003316647942
18.754 0.0003318996722
18.756 0.000332025665
18.758 0.0003319855919
18.76 0.0003318400397
18.762 0.0003315600532
18.764 0.0003311556423
18.766 0.0003305963724
18.768 0.0003299457313
18.77 0.0003291770927
18.772 0.0003282759701
18.774 0.0003272935331
18.776 0.0003262143194
18.778 0.0003250201601
18.78 0.0003237637697
18.782 0.0003224339367
18.784 0.0003210041176
18.786 0.000319541101
18.788 0.0003180233343
18.79 0.0003173402296
18.792 0.0003168186094
18.794 0.0003162734565
18.796 0.0003157518308
18.798 0.000315204737
18.8 0.0003146525041
18.802 0.0003140977636
18.804 0.0003135635295
18.806 0.0003129986118
18.808 0.0003124276389
18.81 0.0003118738283
18.812 0.0003112876686
18.814 0.0003106896412
18.816 0.0003101067414
18.818 0.0003094916787
18.82 0.0003088605103
18.822 0.000308245026
18.824 0.0003075913097
18.826 0.0003069225395
18.828 0.0003062431873
18.83 0.0003055747468
18.832 0.000304870976
18.834 0.0003041780796
18.836 0.0003034461183
18.838 0.000302705839
18.84 0.0003019533419
18.842 0.0003012180203
18.844 0.0003005484743
18.846 0.0002998500521
18.848 0.0002991859457
18.85 0.0002985073649
18.852 0.0002978378851
18.854 0.0002972071315
18.856 0.0002965611695
18.858 0.0002959261846
18.86 0.0002953289415
18.862 0.000294718478
18.864 0.000294122767
18.866 0.0002935496289
18.868 0.0002953223986
18.87 0.0002969304721
18.872 0.0002983814935
18.874 0.0002996657598
18.876 0.0003007937403
18.878 0.0003018072119
18.88 0.0003026773804
18.882 0.0003033931134
18.884 0.0003039507645
18.886 0.0003043502328
18.888 0.0003046021623
18.89 0.0003047037701
18.892 0.0003046559084
18.894 0.0003044699034
18.896 0.0003041405257
18.898 0.0003036808417
18.9 0.0003030884178
18.902 0.0003025110477
18.904 0.0003020547567
18.906 0.000301470712
18.908 0.0003007677131
18.91 0.0002999516606
18.912 0.0002990237538
18.914 0.0002979855227
18.916 0.0002968520851
18.918 0.0002956173022
18.92 0.0002942905235
18.922 0.0002928787383
18.924 0.0002922943843
18.926 0.0002932863724
18.928 0.0002942736786
18.93 0.0002953047298
18.932 0.0002963262782
18.934 0.0002973913717
18.936 0.0002984694354
18.938 0.0002995610804
18.94 0.0003002300305
18.942 0.0003011169916
18.944 0.0003020092361
18.946 0.0003029595815
18.948 0.0003039371986
18.95 0.0003049391583
18.952 0.0003059330574
18.954 0.0003069744233
18.956 0.0003080044553
18.958 0.0003090699758
18.96 0.0003101506413
18.962 0.0003112376135
18.964 0.0003122993836
18.966 0.000313391407
18.968 0.0003144800938
18.97 0.0003155406601
18.972 0.000316614051
18.974 0.0003176813459
18.976 0.0003187067603
18.978 0.0003197371366
18.98 0.0003207523084
18.982 0.0003217161304
18.984 0.0003226761429
18.986 0.0003236114744
18.988 0.0003245123449
18.99 0.0003253543612
18.992 0.0003261796026
18.994 0.0003269425815
18.996 0.0003276856572
18.998 0.0003283878268
19 0.0003290391751
19.002 0.0003296187767
19.004 0.0003301703964
19.006 0.0003306705356
19.008 0.0003310929436
19.01 0.0003314833013
19.012 0.00033182156
19.014 0.0003320986337
19.016 0.0003322962971
19.018 0.0003324580659
19.02 0.0003325062054
19.022 0.0003325815331
19.024 0.0003325738834
19.026 0.0003325053013
19.028 0.0003323236504
19.03 0.0003321699596
19.032 0.0003319352587
19.034 0.0003316179873
19.036 0.000331272983
19.038 0.0003308737364
19.04 0.0003304275124
19.042 0.0003299046028
19.044 0.0003293360989
19.046 0.0003287653135
19.048 0.0003281060046
19.05 0.0003274273018
19.052 0.0003266844087
19.054 0.0003259272878
19.056 0.0003251374924
19.058 0.0003243050689
19.06 0.0003234298208
19.062 0.0003225454644
19.064 0.0003216300648
19.066 0.000320667855
19.068 0.0003196989874
19.07 0.0003186986933
19.072 0.0003177243506
19.074 0.0003166857457
19.076 0.000315650304
19.078 0.0003145925566
19.08 0.000313513584
19.082 0.0003124878677
19.084 0.0003114313744
19.086 0.0003103614812
19.088 0.0003092473601
19.09 0.0003082115464
19.092 0.0003071259699
19.094 0.000306059298
19.096 0.0003049912872
19.098 0.0003039478066
19.1 0.0003029111166
19.102 0.0003018857857
19.104 0.0003008618471
19.106 0.0002998066584
19.108 0.0002988220029
19.11 0.0002978655241
19.112 0.0002968786622
19.114 0.000295923795
19.116 0.0002949738706
19.118 0.0002940296797
19.12 0.0002931437644
19.122 0.0002922902495
19.124 0.0002914375587
19.126 0.0002905770651
19.128 0.0002897383156
19.13 0.0002889415418
19.132 0.0002881657176
19.134 0.0002874164936
19.136 0.0002866794794
19.138 0.0002859209628
19.14 0.000285242855
19.142 0.0002845447203
19.144 0.0002839328941
19.146 0.0002833176998
19.148 0.0002827146561
19.15 0.0002820902786
19.152 0.0002815462534
19.154 0.0002810131262
19.156 0.0002804744939
19.158 0.0002800186488
19.16 0.0002795577288
19.162 0.0002790559769
19.164 0.0002786414673
19.166 0.0002782364503
19.168 0.0002778244994
19.17 0.0002774936893
19.172 0.0002771558506
19.174 0.0002768270037
19.176 0.0002764728601
19.178 0.0002761953479
19.18 0.0002758930179
19.182 0.000275654778
19.184 0.0002754205972
19.186 0.0002752328106
19.188 0.0002750106643
19.19 0.0002748187628
19.192 0.0002745969262
19.194 0.0002744478734
19.196 0.0002743009965
19.198 0.0002741705658
19.2 0.0002740521927
19.202 0.0002739461797
19.204 0.0002738415486
19.206 0.0002737004324
19.208 0.0002736265872
19.21 0.0002735507373
19.212 0.0002734546878
19.214 0.0002734052642
19.216 0.0002733499384
19.218 0.0002733037491
19.22 0.0002732639514
19.222 0.0002732188844
19.224 0.0002731639829
19.226 0.0002730992683
19.228 0.0002730761346
19.23 0.0002730098424
19.232 0.0002729870359
19.234 0.0002729518089
19.236 0.0002729197002
19.238 0.0002728854599
19.24 0.0002728502024
19.242 0.0002728028745
19.244 0.0002727073772
19.246 0.0002726662332
19.248 0.0002726090592
19.25 0.0002725191857
19.252 0.0002724636327
19.254 0.0002723900096
19.256 0.0002722831431
19.258 0.000272209162
19.26 0.0002721161573
19.262 0.0002720190315
19.264 0.0002719168454
19.266 0.0002717950773
19.268 0.0002716540586
19.27 0.0002714936624
19.272 0.0002713662858
19.274 0.0002711878976
19.276 0.0002710729233
19.278 0.0002709271511
19.28 0.0002707770748
19.282 0.0002705871944
19.284 0.0002704279189
19.286 0.0002702164458
19.288 0.0002700402736
19.29 0.0002698444985
19.292 0.0002696453585
19.294 0.000269437738
19.296 0.0002692257961
19.298 0.0002689714365
19.3 0.0002687296669
19.302 0.0002684922139
19.304 0.0002682547998
19.306 0.0002679813527
19.308 0.0002677425311
19.31 0.000267456072
19.312 0.0002672095612
19.314 0.0002669480115
19.316 0.0002666881084
19.318 0.0002663951032
19.32 0.0002661391996
19.322 0.0002658698666
19.324 0.0002655720448
19.326 0.0002653132694
19.328 0.0002650104378
19.33 0.0002647513507
19.332 0.0002644810022
19.334 0.0002642158789
19.336 0.0002639209114
19.338 0.0002636665763
19.34 0.000263401902
19.342 0.0002631117979
19.344 0.0002628636401
19.346 0.0002625742043
19.348 0.0002623309979
19.35 0.0002620789931
19.352 0.0002618343068
19.354 0.0002615618935
19.356 0.0002613320256
19.358 0.0002610616754
19.36 0.0002608384067
19.362 0.00026060743
19.364 0.0002603842689
19.366 0.0002601339956
19.368 0.0002599266236
19.37 0.0002596811957
19.372 0.0002594830234
19.374 0.0002592768213
19.376 0.0002590787515
19.378 0.0002588538547
19.38 0.000258671916
19.382 0.0002584504569
19.384 0.0002582760985
19.386 0.0002580940122
19.388 0.0002579200563
19.39 0.0002577189142
19.392 0.0002575606328
19.394 0.0002571677259
19.396 0.0002569045236
19.398 0.0002566427111
19.4 0.0002563995908
19.402 0.0002561400115
19.404 0.0002559338546
19.406 0.0002556982478
19.408 0.0002555199888
19.41 0.000255343831
19.412 0.0002551853189
19.414 0.0002550089
19.416 0.0002548841005
19.418 0.0002547278963
19.42 0.0002546296593
19.422 0.0002545294824
19.424 0.000254443583
19.426 0.0002543360493
19.428 0.0002542763323
19.43 0.0002541806831
19.432 0.0002541354284
19.434 0.000254084613
19.436 0.0002540436315
19.438 0.0002539759037
19.44 0.0002539511509
19.442 0.0002538855178
19.444 0.0002538654511
19.446 0.0002538349534
19.448 0.0002538091834
19.45 0.0002537522195
19.452 0.0002537333464
19.454 0.0002536693535
19.456 0.0002536465021
19.458 0.0002536090632
19.46 0.0002535726932
19.462 0.0002535014239
19.464 0.0002534649825
19.466 0.0002533801777
19.468 0.0002533339186
19.47 0.0002532705151
19.472 0.0002532058076
19.474 0.000253104258
19.476 0.0002530360185
19.478 0.0002529178943
19.48 0.0002528369792
19.482 0.0002527382665
19.484 0.0002526375053
19.486 0.000252499456
19.488 0.0002523946189
19.49 0.0002522398876
19.492 0.0002521226063
19.494 0.0002519879434
19.496 0.0002518524137
19.498 0.0002516790775
19.5 0.0002515413246
19.502 0.0002513535806
19.504 0.0002512047297
19.506 0.0002510403454
19.508 0.0002508746813
19.51 0.0002506741443
19.512 0.0002505097218
19.514 0.0002502965703
19.516 0.0002501246016
19.518 0.0002499365111
19.52 0.0002497499482
19.522 0.0002495301476
19.524 0.0002493459062
19.526 0.0002491156299
19.528 0.0002489274271
19.53 0.0002487240112
19.532 0.0002485240052
19.534 0.0002482899456
19.536 0.0002480943968
19.538 0.0002478522506
19.54 0.0002476523281
19.542 0.0002477895884
19.544 0.0002477649805
19.546 0.0002476908805
19.548 0.0002476321952
19.55 0.0002480058508
19.552 0.0002484225442
19.554 0.0002488427254
19.556 0.0002492585568
19.558 0.0002496715122
19.56 0.0002500841927
19.562 0.0002504927134
19.564 0.0002509027088
19.566 0.0002513082643
19.568 0.0002517135876
19.57 0.0002521136792
19.572 0.0002525146316
19.574 0.0002529096919
19.576 0.0002533049593
19.578 0.0002536953326
19.58 0.0002540832359
19.582 0.0002544650068
19.584 0.0002548455476
19.586 0.0002552186693
19.588 0.000255589232
19.59 0.0002559550763
19.592 0.0002563082786
19.594 0.0002566594414
19.596 0.0002570075153
19.598 0.0002573475502
19.6 0.0002576846578
19.602 0.0002580162635
19.604 0.0002583403097
19.606 0.0002586599398
19.608 0.0002589750616
19.61 0.0002592834297
19.612 0.0002595892387
19.614 0.0002598887666
19.616 0.0002601835375
19.618 0.0002604828033
19.62 0.0002607711834
19.622 0.0002610554192
19.624 0.0002613318575
19.626 0.0002616050332
19.628 0.000261875658
19.63 0.0002621400022
19.632 0.000262401419
19.634 0.0002626556213
19.636 0.0002629035658
19.638 0.0002631487852
19.64 0.0002633498914
19.642 0.0002635650026
19.644 0.00026377767
19.646 0.0002639874812
19.648 0.0002641950351
19.65 0.0002642796912
19.652 0.00026434881
19.654 0.0002644127057
19.656 0.0002644576753
19.658 0.0002644990991
19.66 0.0002645408515
19.662 0.0002645839774
19.664 0.0002646344466
19.666 0.0002647208347
19.668 0.0002650992639
19.67 0.0002654626296
19.672 0.0002658200426
19.674 0.0002661573474
19.676 0.0002664771231
19.678 0.0002667801246
19.68 0.0002670645077
19.682 0.0002673330356
19.684 0.0002675836709
19.686 0.0002678173677
19.688 0.0002680342788
19.69 0.0002682370798
19.692 0.0002684242364
19.694 0.0002685992925
19.696 0.0002686036651
19.698 0.000268665574
19.7 0.0002687305948
19.702 0.0002688012776
19.704 0.0002688768611
19.706 0.0002691607033
19.708 0.0002695181247
19.71 0.0002698566991
19.712 0.0002701769142
19.714 0.0002704802565
19.716 0.0002707628146
19.718 0.0002710281491
19.72 0.0002712752629
19.722 0.0002712077719
19.724 0.0002712458824
19.726 0.000271283913
19.728 0.0002713243785
19.73 0.0002713687463
19.732 0.0002714690055
19.734 0.000271715272
19.736 0.0002719551946
19.738 0.0002721864986
19.74 0.000272409346
19.742 0.0002726264705
19.744 0.0002728441599
19.746 0.0002730423649
19.748 0.0002732335968
19.75 0.00027341787
19.752 0.000273594794
19.754 0.0002737659604
19.756 0.0002739310379
19.758 0.0002740902665
19.76 0.0002742464334
19.762 0.0002744008351
19.764 0.0002745623088
19.766 0.0002747110256
19.768 0.0002748606253
19.77 0.0002750116863
19.772 0.0002751620072
19.774 0.0002753153259
19.776 0.0002754734683
19.778 0.0002759135658
19.78 0.0002759598988
19.782 0.0002761134525
19.784 0.0002762749341
19.786 0.0002764300494
19.788 0.0002765912076
19.79 0.0002767646077
19.792 0.000276932675
19.794 0.0002771048932
19.796 0.0002772836558
19.798 0.0002774609357
19.8 0.000277643132
19.802 0.0002778292913
19.804 0.0002780361311
19.806 0.0002782339362
19.808 0.0002784406929
19.81 0.0002786629528
19.812 0.0002788690106
19.814 0.0002790929759
19.816 0.0002793240497
19.818 0.000279570365
19.82 0.00027981237
19.822 0.0002800684281
19.824 0.0002803322243
19.826 0.0002805863398
19.828 0.0002808377576
19.83 0.0002811010218
19.832 0.0002813686923
19.834 0.0002816391933
19.836 0.0002819301483
19.838 0.0002822157161
19.84 0.0002825089241
19.842 0.0002828144892
19.844 0.0002831062062
19.846 0.000283414484
19.848 0.0002837254346
19.85 0.0002840481568
19.852 0.0002843563672
19.854 0.0002846817077
19.856 0.0002849028219
19.858 0.0002853329079
19.86 0.0002857627163
19.862 0.0002861686308
19.864 0.0002865780829
19.866 0.0002869769929
19.868 0.0002873660877
19.87 0.0002877440623
19.872 0.0002881129467
19.874 0.0002884721773
19.876 0.0002888215417
19.878 0.0002891626094
19.88 0.0002894865937
19.882 0.0002898216909
19.884 0.0002901371242
19.886 0.0002904415137
19.888 0.0002908514626
19.89 0.0002913214092
19.892 0.0002917837639
19.894 0.0002922452255
19.896 0.0002927279902
19.898 0.0002931992813
19.9 0.000293675937
19.902 0.0002941533218
19.904 0.0002946319697
19.906 0.0002951102219
19.908 0.0002955876944
19.91 0.0002960727943
19.912 0.0002965377899
19.914 0.0002970141471
19.916 0.0002974862663
19.918 0.0002979540614
19.92 0.0002984278279
19.922 0.000298881123
19.924 0.0002993525535
19.926 0.0002998007282
19.928 0.0003002671361
19.93 0.0003007196346
19.932 0.000301164137
19.934 0.000301626114
19.936 0.0003020658156
19.938 0.0003025256282
19.94 0.0003029732578
19.942 0.0003035704372
19.944 0.0003041248043
19.946 0.0003046713391
19.948 0.0003052129797
19.95 0.0003057489356
19.952 0.0003062770746
19.954 0.0003067980591
19.956 0.0003073108103
19.958 0.0003078160386
19.96 0.000308314599
19.962 0.0003088059805
19.964 0.000309291844
19.966 0.0003097604829
19.968 0.0003102294997
19.97 0.0003106946863
19.972 0.0003111574979
19.974 0.000311619073
19.976 0.0003120789912
19.978 0.0003125282958
19.98 0.0003129813859
19.982 0.0003134359977
19.984 0.000313893581
19.986 0.0003143534669
19.988 0.0003148171276
19.99 0.0003152834358
19.992 0.0003157545177
19.994 0.0003162292216
19.996 0.0003167079899
19.998 0.0003171915545
20 0.000317678328
20.002 0.0003181693055
20.004 0.000318663059
20.006 0.0003191596146
20.008 0.0003196590909
20.01 0.0003201616765
20.012 0.0003206663116
20.014 0.00032117179
20.016 0.0003216782191
20.018 0.0003221856367
20.02 0.0003226925788
20.022 0.000323199655
20.024 0.0003237055863
20.026 0.00032421128
20.028 0.0003247174877
20.03 0.0003252212572
20.032 0.0003257225884
20.034 0.0003262218749
20.036 0.0003267174506
20.038 0.0003272108062
20.04 0.0003277017501
20.042 0.0003281906393
20.044 0.0003286764833
20.046 0.0003291678429
20.048 0.0003296513871
20.05 0.000330132256
20.052 0.0003306092631
20.054 0.0003310836939
20.056 0.0003315544667
20.058 0.0003320223381
20.06 0.0003324879733
20.062 0.0003329505949
20.064 0.0003334115552
20.066 0.0003338705941
20.068 0.000334328209
20.07 0.0003347837793
20.072 0.0003352459579
20.074 0.0003356895453
20.076 0.0003361513739
20.078 0.0003365912981
20.08 0.000337050029
20.082 0.0003374914376
20.084 0.0003379538701
20.086 0.0003383969865
20.088 0.0003388506104
20.09 0.0003393090939
20.092 0.0003397496089
20.094 0.0003402100876
20.096 0.0003406512041
20.098 0.000341112648
20.1 0.0003415627845
20.102 0.0003420086706
20.104 0.0003424744347
20.106 0.0003429237412
20.108 0.0003433967842
20.11 0.0003438610541
20.112 0.0003443301847
20.114 0.0003448028958
20.116 0.0003452723795
20.118 0.0003457654541
20.12 0.0003462515149
20.122 0.0003467437714
20.124 0.000347241066
20.126 0.0003477436009
20.128 0.0003482446471
20.13 0.0003487527768
20.132 0.0003492650693
20.134 0.0003497748926
20.136 0.0003502895942
20.138 0.0003508146279
20.14 0.0003513217807
20.142 0.0003518425013
20.144 0.0003523694299
20.146 0.0003528785094
20.148 0.0003534037053
20.15 0.000353929852
20.152 0.0003544404346
20.154 0.0003549653536
20.156 0.000355491928
20.158 0.0003560004371
20.16 0.0003565241598
20.162 0.0003570482484
20.164 0.0003575622171
20.166 0.0003580726867
20.168 0.000358595828
20.17 0.0003591074449
20.172 0.0003596153541
20.174 0.0003601288913
20.176 0.0003606482402
20.178 0.0003611607122
20.18 0.0003616609864
20.182 0.0003621843893
20.184 0.0003626905465
20.186 0.0003631995134
20.188 0.0003637045889
20.19 0.0003642228816
20.192 0.0003647323072
20.194 0.0003652356091
20.196 0.0003657339626
20.198 0.0003662430072
20.2 0.0003667429788
20.202 0.0003672386269
20.204 0.0003677352333
20.206 0.0003682473684
20.208 0.0003687547552
20.21 0.0003692608244
20.212 0.0003697752976
20.214 0.0003702857589
20.216 0.0003708052342
20.218 0.0003713256622
20.22 0.0003718578074
20.222 0.0003723822709
20.224 0.0003728902308
20.226 0.0003734150207
20.228 0.0003739464792
20.23 0.0003744885887
20.232 0.0003750141863
20.234 0.0003755298939
20.236 0.0003760645349
20.238 0.0003765983694
20.24 0.0003771448992
20.242 0.0003776596369
20.244 0.0003782035718
20.246 0.0003787161448
20.248 0.0003792455296
20.25 0.0003797711938
20.252 0.0003802929753
20.254 0.0003808295203
20.256 0.00038134111
20.258 0.0003818498353
20.26 0.0003823463761
20.262 0.0003828547334
20.264 0.000383358917
20.266 0.0003838696321
20.268 0.0003843691023
20.27 0.0003848581424
20.272 0.0003853433739
20.274 0.0003858244073
20.276 0.0003862934512
20.278 0.000386774081
20.28 0.0003872504753
20.282 0.0003877332851
20.284 0.0003882036476
20.286 0.0003886670814
20.288 0.0003891278265
20.29 0.0003895833098
20.292 0.0003900206873
20.294 0.000390483431
20.296 0.0003909223694
20.298 0.0003913589288
20.3 0.0003917914828
20.302 0.0003922196172
20.304 0.0003926419755
20.306 0.0003930677016
20.308 0.0003934864584
20.31 0.0003939021761
20.312 0.0003943149953
20.314 0.0003947242482
20.316 0.0003951308135
20.318 0.0003955337052
20.32 0.0003959343279
20.322 0.0003963283646
20.324 0.0003967269468
20.326 0.0003971180294
20.328 0.0003975075974
20.33 0.0003978944206
20.332 0.0003982791094
20.334 0.0003986616291
20.336 0.0003990422104
20.338 0.0003994206153
20.34 0.000399797634
20.342 0.0004001727346
20.344 0.0004005470365
20.346 0.0004009194838
20.348 0.0004012908877
20.35 0.0004016601202
20.352 0.0004020284631
20.354 0.0004023950474
20.356 0.0004027616996
20.358 0.0004031273013
20.36 0.0004034927377
20.362 0.0004038577572
20.364 0.0004042227895
20.366 0.0004045873199
20.368 0.0004049519534
20.37 0.0004053160818
20.372 0.0004056803853
20.374 0.000406044283
20.376 0.0004064086383
20.378 0.0004067723991
20.38 0.0004071283863
20.382 0.0004074718533
20.384 0.000407851114
20.386 0.0004082105987
20.388 0.0004085714664
20.39 0.0004089312569
20.392 0.00040929059
20.394 0.0004096504815
20.396 0.0004100105252
20.398 0.0004103697194
20.4 0.0004107294276
20.402 0.0004110887296
20.404 0.0004114478883
20.406 0.0004118036955
20.408 0.000412159033
20.41 0.0004125114385
20.412 0.0004128591335
20.414 0.0004132037817
20.416 0.0004135447087
20.418 0.0004138827655
20.42 0.0004142175808
20.422 0.0004145511281
20.424 0.000414881611
20.426 0.0004152104262
20.428 0.0004155368661
20.43 0.0004158599799
20.432 0.0004161821063
20.434 0.0004165036375
20.436 0.0004168241707
20.438 0.0004171429779
20.44 0.000417460675
20.442 0.0004177790713
20.444 0.0004180965
20.446 0.0004184136535
20.448 0.0004187312814
20.45 0.0004190485559
20.452 0.0004193664911
20.454 0.0004196844598
20.456 0.000419998559
20.458 0.000420315499
20.46 0.0004206323454
20.462 0.0004209499738
20.464 0.0004212689642
20.466 0.0004215883481
20.468 0.000421908662
20.47 0.0004222301763
20.472 0.0004225524961
20.474 0.0004228752919
20.476 0.0004232029271
20.478 0.0004235299832
20.48 0.0004238585359
20.482 0.0004241865589
20.484 0.0004245163796
20.486 0.0004248476203
20.488 0.0004251796085
20.49 0.0004255139202
20.492 0.000425851192
20.494 0.0004261941903
20.496 0.0004265318755
20.498 0.0004268732875
20.5 0.0004272163061
20.502 0.0004275603226
20.504 0.0004279058923
20.506 0.0004282516231
20.508 0.0004285974836
20.51 0.000428943936
20.512 0.0004292902499
20.514 0.0004296369707
20.516 0.0004299833722
20.518 0.0004303292971
20.52 0.0004306745891
20.522 0.0004310199522
20.524 0.0004313620075
20.526 0.0004317060826
20.528 0.0004320487396
20.53 0.0004323918349
20.532 0.0004327347328
20.534 0.0004330779676
20.536 0.000433422687
20.538 0.0004337647375
20.54 0.0004341074437
20.542 0.0004344525734
20.544 0.0004347962556
20.546 0.0004351402289
20.548 0.0004354842117
20.55 0.0004358302311
20.552 0.0004361755637
20.554 0.0004365218713
20.556 0.0004368691928
20.558 0.000437216622
20.56 0.0004375652313
20.562 0.0004378971281
20.564 0.0004382478974
20.566 0.0004385346652
20.568 0.0004388727092
20.57 0.0004391967187
20.572 0.0004395124706
20.574 0.0004398728366
20.576 0.0004402192311
20.578 0.0004405735622
20.58 0.0004409330634
20.582 0.0004412985722
20.584 0.0004416690036
20.586 0.0004420433808
20.588 0.0004424218501
20.59 0.0004428021869
20.592 0.000443184742
20.594 0.0004435684452
20.596 0.0004439533275
20.598 0.0004443376976
20.6 0.0004447210513
20.602 0.0004451037748
20.604 0.0004454843981
20.606 0.0004458626415
20.608 0.0004462385815
20.61 0.0004466110008
20.612 0.0004469809213
20.614 0.0004473471766
20.616 0.0004477091643
20.618 0.0004480676294
20.62 0.0004484218148
20.622 0.0004487721921
20.624 0.0004491174911
20.626 0.0004494596511
20.628 0.0004497976106
20.63 0.0004501317716
20.632 0.0004504630764
20.634 0.0004507903989
20.636 0.0004511141649
20.638 0.0004514351011
20.64 0.0004517285432
20.642 0.0004520448822
20.644 0.0004523960974
20.646 0.0004527153134
20.648 0.0004530288868
20.65 0.0004533370589
20.652 0.0004536406133
20.654 0.0004539397121
20.656 0.0004542347605
20.658 0.0004545257692
20.66 0.0004548137057
20.662 0.000455099841
20.664 0.0004553845095
20.666 0.0004556666983
20.668 0.0004559486844
20.67 0.0004562292068
20.672 0.0004565106171
20.674 0.0004567919086
20.676 0.0004570747802
20.678 0.0004573576974
20.68 0.0004576407433
20.682 0.0004579243335
20.684 0.0004582084436
20.686 0.0004584931591
20.688 0.000458781356
20.69 0.000459068011
20.692 0.0004593545502
20.694 0.0004596414379
20.696 0.0004599277071
20.698 0.0004602141357
20.7 0.000460500044
20.702 0.0004607855997
20.704 0.0004610701147
20.706 0.0004613490026
20.708 0.0004616265008
20.71 0.0004619037189
20.712 0.0004621790228
20.714 0.0004624534085
20.716 0.0004627258475
20.718 0.000462996923
20.72 0.000463275651
20.722 0.0004635420583
20.724 0.0004638105765
20.726 0.0004640751715
20.728 0.0004643383287
20.73 0.0004645986704
20.732 0.0004648536716
20.734 0.0004651047535
20.736 0.0004653536258
20.738 0.0004655996167
20.74 0.0004658445656
20.742 0.0004660876512
20.744 0.0004663261691
20.746 0.0004665681692
20.748 0.0004668100097
20.75 0.0004670511557
20.752 0.000467292981
20.754 0.0004675341764
20.756 0.0004677792217
20.758 0.0004680224013
20.76 0.0004682646409
20.762 0.0004685063084
20.764 0.00046874744
20.766 0.0004689883907
20.768 0.0004692305031
20.77 0.0004694717471
20.772 0.0004697102124
20.774 0.0004699455371
20.776 0.0004701773535
20.778 0.0004704044082
20.78 0.0004706275956
20.782 0.0004708443839
20.784 0.0004710530969
20.786 0.0004712557367
20.788 0.0004714520193
20.79 0.0004716424452
20.792 0.0004718307445
20.794 0.0004720130461
20.796 0.0004721871936
20.798 0.0004723617932
20.8 0.0004725336892
20.802 0.0004727042297
20.804 0.0004728746026
20.806 0.000473044938
20.808 0.0004732158742
20.81 0.0004733893534
20.812 0.0004735626723
20.814 0.0004737395538
20.816 0.0004739191923
20.818 0.0004741011325
20.82 0.0004742861324
20.822 0.0004744710739
20.824 0.0004746317823
20.826 0.0004747928066
20.828 0.0004749783481
20.83 0.0004751694729
20.832 0.0004753679172
20.834 0.0004755746214
20.836 0.0004757875484
20.838 0.0004760038139
20.84 0.0004762325067
20.842 0.0004764705293
20.844 0.0004767139163
20.846 0.0004769613323
20.848 0.0004772115574
20.85 0.0004774621425
20.852 0.0004777123657
20.854 0.000477960093
20.856 0.0004782058269
20.858 0.0004784467649
20.86 0.0004786827095
20.862 0.0004789117417
20.864 0.0004791345872
20.866 0.0004793507694
20.868 0.0004795602052
20.87 0.0004797609899
20.872 0.0004799547507
20.874 0.0004801400214
20.876 0.0004803174166
20.878 0.0004804870056
20.88 0.0004806500725
20.882 0.0004808059874
20.884 0.0004809566887
20.886 0.0004811016892
20.888 0.0004812413269
20.89 0.0004813769543
20.892 0.0004815093288
20.894 0.0004816386535
20.896 0.0004817656169
20.898 0.0004818965584
20.9 0.0004820261072
20.902 0.0004821524604
20.904 0.0004822787397
20.906 0.0004824043679
20.908 0.0004825293815
20.91 0.0004826542098
20.912 0.0004827783642
20.914 0.0004829030583
20.916 0.0004830240499
20.918 0.0004831472763
20.92 0.000483269429
20.922 0.0004833904666
20.924 0.0004835111827
20.926 0.000483632583
20.928 0.0004837537945
20.93 0.0004838742054
20.932 0.0004839948987
20.934 0.0004841152203
20.936 0.0004842348026
20.938 0.0004843516357
20.94 0.0004844692756
20.942 0.0004845854341
20.944 0.0004847006404
20.946 0.0004848142674
20.948 0.0004849276074
20.95 0.000485038735
20.952 0.0004851485073
20.954 0.0004852500278
20.956 0.0004853537083
20.958 0.0004854545141
20.96 0.0004855543055
20.962 0.0004856526733
20.964 0.0004857500246
20.966 0.0004858455302
20.968 0.000485940125
20.97 0.0004860390348
20.972 0.0004861224395
20.974 0.0004862352529
20.976 0.0004863433256
20.978 0.0004864578641
20.98 0.0004865702671
20.982 0.000486683305
20.984 0.0004867849702
20.986 0.0004868867794
20.988 0.0004869748061
20.99 0.000487063054
20.992 0.0004871367878
20.994 0.0004872096955
20.996 0.0004872906796
20.998 0.0004873388158
21 0.0004873710631
21.002 0.000487432157
21.004 0.0004874671038
21.006 0.0004874921503
21.008 0.0004875029048
21.01 0.000487545392
21.012 0.0004875655485
21.014 0.0004875842449
21.016 0.0004876027193
21.018 0.0004876214965
21.02 0.0004876409507
21.022 0.0004876618467
21.024 0.0004876859501
21.026 0.0004877125853
21.028 0.000487875742
21.03 0.000487982486
21.032 0.0004880814843
21.034 0.0004881730355
21.036 0.000488256983
21.038 0.0004883315964
21.04 0.0004883987906
21.042 0.0004884584407
21.044 0.0004885106256
21.046 0.0004885563592
21.048 0.0004885959806
21.05 0.0004886309528
21.052 0.0004886611653
21.054 0.000488686861
21.056 0.0004887017629
21.058 0.0004887178726
21.06 0.000488731477
21.062 0.0004887431912
21.064 0.000488753728
21.066 0.0004887634282
21.068 0.0004887726656
21.07 0.0004887804215
21.072 0.0004887874128
21.074 0.0004887927363
21.076 0.0004887982683
21.078 0.0004888024399
21.08 0.0004888065211
21.082 0.0004888088409
21.084 0.0004888101106
21.086 0.0004888101161
21.088 0.000488807961
21.09 0.0004888036492
21.092 0.0004887970613
21.094 0.0004887891317
21.096 0.0004887789571
21.098 0.0004887662568
21.1 0.000488751429
21.102 0.0004887369612
21.104 0.0004887225777
21.106 0.0004887068486
21.108 0.000488689042
21.11 0.0004886662758
21.112 0.0004886411185
21.114 0.0004886132477
21.116 0.0004885822442
21.118 0.0004885486384
21.12 0.0004885122854
21.122 0.0004884735572
21.124 0.0004884334841
21.126 0.0004883916889
21.128 0.0004883483302
21.13 0.0004883019008
21.132 0.0004882557351
21.134 0.000488208225
21.136 0.0004881593898
21.138 0.0004881099473
21.14 0.0004880594208
21.142 0.0004880079495
21.144 0.0004879567487
21.146 0.0004879046767
21.148 0.0004878521045
21.15 0.0004877990626
21.152 0.0004877423575
21.154 0.0004876885073
21.156 0.0004876324424
21.158 0.0004875761444
21.16 0.0004875189072
21.162 0.0004874605463
21.164 0.00048740103
21.166 0.0004873410035
21.168 0.0004872796153
21.17 0.0004872167366
21.172 0.0004871524921
21.174 0.0004870865096
21.176 0.0004870188321
21.178 0.0004869499811
21.18 0.0004868775134
21.182 0.0004679125822
21.184 0.0004553055818
21.186 0.0004688090104
21.188 0.000479421021
21.19 0.0004871176056
21.192 0.0004920096495
21.194 0.0004941959718
21.196 0.0004938554268
21.198 0.0004912198792
21.2 0.0004865666914
21.202 0.0004801995294
21.204 0.0004724415392
21.206 0.0004636263342
21.208 0.000454087989
21.21 0.000460755548
21.212 0.0004706698294
21.214 0.0004804169191
21.216 0.0004897304091
21.218 0.0004984283196
21.22 0.000506277664
21.222 0.0005131420142
21.224 0.0005189419161
21.226 0.0005235538004
21.228 0.0005269869626
21.23 0.0005291749887
21.232 0.0005301710041
21.234 0.000530008487
21.236 0.0005287615538
21.238 0.0005265515444
21.24 0.0005234493644
21.242 0.0005195861209
21.244 0.0005151340829
21.246 0.0005102198899
21.248 0.000504983949
21.25 0.0004995569124
21.252 0.0004940847577
21.254 0.0004886924227
21.256 0.0004834714009
21.258 0.0004785296325
21.26 0.0004739555011
21.262 0.0004698095821
21.264 0.0004661333707
21.266 0.0004629715119
21.268 0.0004603803053
21.27 0.0004583594668
21.272 0.000456916082
21.274 0.0004560356669
21.276 0.0004556946731
21.278 0.0004558661435
21.28 0.0004565072586
21.282 0.0004575936909
21.284 0.0004590384039
21.286 0.0004607963594
21.288 0.0004628085593
21.29 0.0004650221401
21.292 0.000467374753
21.294 0.0004698001129
21.296 0.0004722644715
21.298 0.0004747163919
21.3 0.0004771067407
21.302 0.0004793962851
21.304 0.0004815463004
21.306 0.000483531719
21.308 0.0004853239692
21.31 0.0004869061091
21.312 0.0004882602083
21.314 0.0004893828923
21.316 0.0004902668553
21.318 0.0004909145742
21.32 0.000491326774
21.322 0.0004915162795
21.324 0.0004914902377
21.326 0.0004911654009
21.328 0.0004906989718
21.33 0.0004900552901
21.332 0.0004892621331
21.334 0.000488353297
21.336 0.0004873567767
21.338 0.0004863043765
21.34 0.0004852202541
21.342 0.0004841360983
21.344 0.0004830712255
21.346 0.0004820476389
21.348 0.0004810839979
21.35 0.0004799399746
21.352 0.0004789899827
21.354 0.0004781397543
21.356 0.0004774435
21.358 0.0004768579312
21.36 0.0004763999823
21.362 0.0004760680568
21.364 0.0004758531184
21.366 0.0004757535073
21.368 0.0004757553592
21.37 0.0004758494551
21.372 0.0004760243286
21.374 0.0004762648178
21.376 0.000476560507
21.378 0.000476897748
21.38 0.0004767744924
21.382 0.0004774112721
21.384 0.0004776857978
21.386 0.0004785480615
21.388 0.0004786745512
21.39 0.0004794758881
21.392 0.0004795184138
21.394 0.0004802171017
21.396 0.0004801386685
21.398 0.0004807055062
21.4 0.0004804896007
21.402 0.0004804306567
21.404 0.0004807965519
21.406 0.0004803918356
21.408 0.0004801453538
21.41 0.0004798548714
21.412 0.0004800106456
21.414 0.000479413557
21.416 0.0004789957164
21.418 0.0004785605869
21.42 0.0004781188484
21.422 0.0004776747654
21.424 0.0004777110213
21.426 0.0004770385759
21.428 0.0004765855592
21.43 0.0004761512093
21.432 0.0004757452081
21.434 0.0004753686728
21.436 0.0004750291272
21.438 0.0004747244914
21.44 0.0004744749095
21.442 0.000474260047
21.444 0.0004740802053
21.446 0.0004739458114
21.448 0.000473851777
21.45 0.0004737969591
21.452 0.0004737790408
21.454 0.0004737953757
21.456 0.0004738414452
21.458 0.0004739173376
21.46 0.000474013454
21.462 0.0004741325015
21.464 0.0004742659175
21.466 0.000474411262
21.468 0.0004745646497
21.47 0.0004747220483
21.472 0.0004748800445
21.474 0.0004750352585
21.476 0.0004751819355
21.478 0.0004753244545
21.48 0.0004754508989
21.482 0.000475608807
21.484 0.000475716034
21.486 0.0004758092662
21.488 0.0004758807772
21.49 0.0004759337757
21.492 0.0004759681642
21.494 0.0004759853656
21.496 0.000475982196
21.498 0.0004759649856
21.5 0.0004759298418
21.502 0.000475879528
21.504 0.0004758146221
21.506 0.0004757361691
21.508 0.0004756452595
21.51 0.0004755440465
21.512 0.0004754298368
21.514 0.0004753092158
21.516 0.0004751785484
21.518 0.0004750415308
21.52 0.0004748983946
21.522 0.0004747515478
21.524 0.0004745980362
21.526 0.0004744445715
21.528 0.0004742879361
21.53 0.0004741303475
21.532 0.0004739724725
21.534 0.0004738164879
21.536 0.0004736582135
21.538 0.000473504259
21.54 0.0004733510992
21.542 0.0004732004957
21.544 0.0004730534303
21.546 0.00047290625
21.548 0.0004727661651
21.55 0.0004726277212
21.552 0.0004724939432
21.554 0.0004720723177
21.556 0.0004717762802
21.558 0.0004715090071
21.56 0.0004712724453
21.562 0.0004710654373
21.564 0.0004708938988
21.566 0.0004707518044
21.568 0.000470640061
21.57 0.0004705523843
21.572 0.0004704917071
21.574 0.0004704514958
21.576 0.0004704258805
21.578 0.0004704170118
21.58 0.0004704180349
21.582 0.0004704231013
21.584 0.0004704345635
21.586 0.0004704460829
21.588 0.0004704524647
21.59 0.0004704569335
21.592 0.0004704539851
21.594 0.0004704395899
21.596 0.000470417394
21.598 0.0004703843575
21.6 0.0004703363767
21.602 0.0004702788503
21.604 0.0004702087026
21.606 0.0004701245589
21.608 0.0004700321385
21.61 0.0004699246731
21.612 0.0004698111352
21.614 0.0004696839749
21.616 0.000469551786
21.618 0.0004694132595
21.62 0.0004692659379
21.622 0.0004691184696
21.624 0.0004689640842
21.626 0.0004688108193
21.628 0.000468652121
21.63 0.0004684979248
21.632 0.0004683395527
21.634 0.0004681849395
21.636 0.0004680315559
21.638 0.0004678781969
21.64 0.0004677307297
21.642 0.0004675811464
21.644 0.0004674381057
21.646 0.0004672939312
21.648 0.0004671546314
21.65 0.0004670164666
21.652 0.0004668765552
21.654 0.000466742423
21.656 0.000466604126
21.658 0.0004664677405
21.66 0.0004663318109
21.662 0.0004661914045
21.664 0.0004660520658
21.666 0.0004659103399
21.668 0.0004657643838
21.67 0.00046561756
21.672 0.0004654676538
21.674 0.0004653125177
21.676 0.0004651572346
21.678 0.0004649942147
21.68 0.0004648342022
21.682 0.0004646520997
21.684 0.000464494975
21.686 0.0004643070666
21.688 0.0004641454287
21.69 0.0004639647909
21.692 0.0004637829928
21.694 0.0004635970636
21.696 0.0004633954869
21.698 0.0004632190731
21.7 0.0004630285779
21.702 0.0004628146383
21.704 0.0004626303109
21.706 0.0004624179105
21.708 0.0004622346423
21.71 0.0004620199385
21.712 0.0004618367653
21.714 0.0004616387185
21.716 0.0004614277264
21.718 0.0004612453153
21.72 0.0004610375579
21.722 0.0004608604902
21.724 0.0004606537115
21.726 0.0004604797305
21.728 0.0004602749065
21.73 0.0004601029539
21.732 0.000459899571
21.734 0.0004597290296
21.736 0.0004595261257
21.738 0.0004592856053
21.74 0.0004590418084
21.742 0.0004588391771
21.744 0.0004586137761
21.746 0.0004584237558
21.748 0.0004582130951
21.75 0.0004580350549
21.752 0.0004578359439
21.754 0.0004576696417
21.756 0.0004574791923
21.758 0.000457321971
21.76 0.0004571363845
21.762 0.0004569824901
21.764 0.0004567999965
21.766 0.0004566465168
21.768 0.0004564638738
21.77 0.0004563097156
21.772 0.0004561225402
21.774 0.0004559629267
21.776 0.0004557718225
21.778 0.0004556076335
21.78 0.0004554096722
21.782 0.0004552382706
21.784 0.0004550483965
21.786 0.0004548637368
21.788 0.0004546973343
21.79 0.000454494377
21.792 0.0004542986947
21.794 0.000454073179
21.796 0.0004538724019
21.798 0.000453654487
21.8 0.0004534173757
21.802 0.0004532064483
21.804 0.00045296396
21.806 0.0004527468471
21.808 0.000452514441
21.81 0.0004522627415
21.812 0.0004520397056
21.814 0.0004518006651
21.816 0.0004515471863
21.818 0.0004513209217
21.82 0.0004510669196
21.822 0.0004508380859
21.824 0.0004505975201
21.826 0.0004503420488
21.828 0.0004501136318
21.83 0.0004498707948
21.832 0.0004496126055
21.834 0.0004493792829
21.836 0.0004491337003
21.838 0.0004488738217
21.84 0.0004486403318
21.842 0.0004483719387
21.844 0.0004481542387
21.846 0.0004479343345
21.848 0.0004476966473
21.85 0.000447455186
21.852 0.0004472169851
21.854 0.0004469951941
21.856 0.0004467584231
21.858 0.0004465045988
21.86 0.0004462743437
21.862 0.0004460266422
21.864 0.0004457759843
21.866 0.0004455077359
21.868 0.0004452627267
21.87 0.0004450006386
21.872 0.0004447357511
21.874 0.0004444548729
21.876 0.0004441979946
21.878 0.0004439247048
21.88 0.0004436495109
21.882 0.0004433590706
21.884 0.0004430931491
21.886 0.0004428089885
21.888 0.0004425220135
21.89 0.0004422207841
21.892 0.0004419448183
21.894 0.0004416541827
21.896 0.0004413631034
21.898 0.0004410700378
21.9 0.0004407625157
21.902 0.0004404796642
21.904 0.0004401818992
21.906 0.0004398831393
21.908 0.0004395836426
21.91 0.000439273026
21.912 0.0004389893843
21.914 0.0004386902144
21.916 0.0004383913597
21.918 0.0004380923711
21.92 0.0004377802585
21.922 0.0004374938419
21.924 0.000437193625
21.926 0.0004368933505
21.928 0.0004365928548
21.93 0.0004362925873
21.932 0.0004359800187
21.934 0.0004356928127
21.936 0.0004353919667
21.938 0.0004350910916
21.94 0.0004347899151
21.942 0.0004344888222
21.944 0.0004341879092
21.946 0.0004338740375
21.948 0.0004335853334
21.95 0.0004332828994
21.952 0.000432982433
21.954 0.0004326844024
21.956 0.0004323876441
21.958 0.0004320940652
21.96 0.0004318021132
21.962 0.0004314991933
21.964 0.0004312229142
21.966 0.0004309345095
21.968 0.0004306471889
21.97 0.0004303606334
21.972 0.0004300754835
21.974 0.0004297847194
21.976 0.0004294991837
21.978 0.0004292133678
21.98 0.0004289281697
21.982 0.0004286306616
21.984 0.0004283581106
21.986 0.0004280721924
21.988 0.0004277862213
21.99 0.0004275000107
21.992 0.00042721365
21.994 0.0004269268576
21.996 0.0004266405277
21.998 0.0004263508936
22 0.0004260634205
22.002 0.0004257735417
22.004 0.0004254809961
22.006 0.0004251905399
22.008 0.0004248953171
22.01 0.0004246020114
22.012 0.0004243077506
22.014 0.0004240022338
22.016 0.0004237191292
22.018 0.0004234183073
22.02 0.0004231210575
22.022 0.0004228182352
22.024 0.0004225185084
22.026 0.0004222136432
22.028 0.0004219113586
22.03 0.0004216040445
22.032 0.0004213000334
22.034 0.0004203105034
22.036 0.0004199666202
22.038 0.0004194549451
22.04 0.0004189518133
22.042 0.0004184078227
22.044 0.0004178779083
22.046 0.0004173568447
22.048 0.0004168609489
22.05 0.000416397287
22.052 0.0004159653829
22.054 0.0004155681687
22.056 0.0004152100297
22.058 0.0004148827239
22.06 0.0004145892939
22.062 0.0004143281701
22.064 0.0004140930446
22.066 0.0004138850027
22.068 0.0004136934651
22.07 0.0004135277471
22.072 0.0004133742113
22.074 0.0004132358935
22.076 0.0004131052799
22.078 0.0004129895094
22.08 0.0004128766404
22.082 0.0004127639015
22.084 0.0004126517197
22.086 0.0004125331531
22.088 0.0004124138515
22.09 0.0004122857047
22.092 0.0004121503109
22.094 0.0004120068033
22.096 0.0004118520108
22.098 0.0004116913925
22.1 0.0004115286556
22.102 0.0004113550237
22.104 0.0004111755804
22.106 0.0004109803743
22.108 0.000410774431
22.11 0.0004105541551
22.112 0.0004103198217
22.114 0.0004100719358
22.116 0.0004098082553
22.118 0.0004095303053
22.12 0.0004092363905
22.122 0.0004089275147
22.124 0.0004086064328
22.126 0.0004082688415
22.128 0.0004079189645
22.13 0.0004075550355
22.132 0.0004071788581
22.134 0.0004067907261
22.136 0.000406392241
22.138 0.0004059851414
22.14 0.0004055690385
22.142 0.0004051468507
22.144 0.0004047182874
22.146 0.0004042862855
22.148 0.0004038524183
22.15 0.000403416448
22.152 0.0004029823941
22.154 0.0004025493339
22.156 0.0004021191063
22.158 0.0004016933432
22.16 0.0004012231805
22.162 0.000400777236
22.164 0.0004003377276
22.166 0.0003999071267
22.168 0.0003994867098
22.17 0.0003990752977
22.172 0.0003986754251
22.174 0.0003982862498
22.176 0.0003979093734
22.178 0.0003975449454
22.18 0.0003971917344
22.182 0.0003968510318
22.184 0.0003965216838
22.186 0.0003962050278
22.188 0.0003958993068
22.19 0.0003956048169
22.192 0.0003953221425
22.194 0.0003950489501
22.196 0.0003947863749
22.198 0.0003945321012
22.2 0.0003942862789
22.202 0.0003940485213
22.204 0.0003938165241
22.206 0.000393590929
22.208 0.0003933690771
22.21 0.0003931516703
22.212 0.0003929361192
22.214 0.0003927224011
22.216 0.0003925130186
22.218 0.0003923119408
22.22 0.0003921004732
22.222 0.0003918785849
22.224 0.0003916726093
22.226 0.0003914531398
22.228 0.0003912305559
22.23 0.0003910042169
22.232 0.0003907716647
22.234 0.0003905339759
22.236 0.0003902890112
22.238 0.0003900361769
22.24 0.000389777662
22.242 0.0003895115136
22.244 0.0003892384154
22.246 0.0003894997191
22.248 0.0003895262316
22.25 0.0003895017125
22.252 0.0003894307885
22.254 0.0003893089556
22.256 0.0003891373898
22.258 0.0003889137429
22.26 0.0003886419433
22.262 0.0003883211015
22.264 0.0003879547647
22.266 0.0003875399237
22.268 0.0003870894667
22.27 0.0003866025251
22.272 0.0003860830785
22.274 0.0003855361655
22.276 0.0003849645157
22.278 0.0003843741193
22.28 0.0003877228292
22.282 0.000384286849
22.284 0.0003836507788
22.286 0.0003826177553
22.288 0.0003818572772
22.29 0.000381113429
22.292 0.0003804131751
22.294 0.0003797313374
22.296 0.000379067084
22.298 0.0003784147998
22.3 0.0003777783637
22.302 0.0003771513002
22.304 0.0003765376336
22.306 0.0003759380735
22.308 0.0003753119901
22.31 0.0003747619603
22.312 0.0003742284821
22.314 0.0003737179254
22.316 0.0003732305121
22.318 0.0003727641409
22.32 0.0003723168305
22.322 0.000371893556
22.324 0.0003714899962
22.326 0.000371103744
22.328 0.0003707343318
22.33 0.0003703786452
22.332 0.0003700365024
22.334 0.0003697046781
22.336 0.0003693816427
22.338 0.0003690662432
22.34 0.0003687582918
22.342 0.0003684546644
22.344 0.0003681564576
22.346 0.0003678607705
22.348 0.0003674070715
22.35 0.0003670339462
22.352 0.0003666692325
22.354 0.0003663170624
22.356 0.0003659751888
22.358 0.0003656416022
22.36 0.0003653162948
22.362 0.0003649966773
22.364 0.0003646827377
22.366 0.0003643725454
22.368 0.0003640641869
22.37 0.0003637579834
22.372 0.0003634517402
22.374 0.0003631457103
22.376 0.000362837558
22.378 0.0003625282213
22.38 0.0003622161495
22.382 0.0003619002241
22.384 0.0003615817038
22.386 0.0003612585952
22.388 0.0003609324153
22.39 0.0003606013319
22.392 0.0003602668578
22.394 0.0003599282508
22.396 0.0003595850008
22.398 0.0003592389187
22.4 0.000358888647
22.402 0.0003585358501
22.404 0.0003581802208
22.406 0.0003578214325
22.408 0.0003574612745
22.41 0.0003570985261
22.412 0.0003567346671
22.414 0.0003563695101
22.416 0.000356002266
22.418 0.0003556353451
22.42 0.0003552667291
22.422 0.0003548983226
22.424 0.0003545290538
22.426 0.0003541595423
22.428 0.0003537907575
22.43 0.0003534220545
22.432 0.0003530529361
22.434 0.000352685235
22.436 0.000352317856
22.438 0.0003519501837
22.44 0.000351585153
22.442 0.000351219305
22.444 0.0003508533613
22.446 0.0003504886896
22.448 0.0003501244104
22.45 0.0003497597278
22.452 0.0003493963521
22.454 0.0003490333417
22.456 0.0003486700463
22.458 0.0003483081275
22.46 0.0003482122286
22.462 0.0003478847992
22.464 0.0003475037792
22.466 0.0003471343591
22.468 0.0003467522497
22.47 0.0003463721823
22.472 0.0003459887525
22.474 0.0003456050687
22.476 0.0003452222299
22.478 0.0003448457048
22.48 0.0003444681605
22.482 0.0003440915616
22.484 0.0003437177214
22.486 0.0003433460678
22.488 0.0003429759687
22.49 0.0003426094409
22.492 0.0003422455995
22.494 0.0003418844748
22.496 0.0003415253838
22.498 0.0003411697857
22.5 0.0003408166719
22.502 0.0003404660785
22.504 0.0003401167962
22.506 0.000339770421
22.508 0.0003394256946
22.51 0.0003390822299
22.512 0.0003387393999
22.514 0.0003383982343
22.516 0.00033805755
22.518 0.0003377164251
22.52 0.0003373766545
22.522 0.0003370341186
22.524 0.0003366971414
22.526 0.0003363557444
22.528 0.0003360149057
22.53 0.0003356757296
22.532 0.0003353332839
22.534 0.0003349923325
22.536 0.0003346506718
22.538 0.0003343083517
22.54 0.0003339633533
22.542 0.0003336222358
22.544 0.0003332769774
22.546 0.0003329332109
22.548 0.0003325893677
22.55 0.0003322442861
22.552 0.000331900471
22.554 0.0003315557276
22.556 0.0003312123786
22.558 0.0003308701126
22.56 0.0003305290302
22.562 0.0003301884019
22.564 0.0003298498932
22.566 0.0003295129166
22.568 0.0003291773638
22.57 0.0003288432737
22.572 0.000328510681
22.574 0.0003281803568
22.576 0.0003278505252
22.578 0.000327517776
22.58 0.000327189076
22.582 0.000326860344
22.584 0.0003265329029
22.586 0.0003262063603
22.588 0.0003258806017
22.59 0.0003255553179
22.592 0.0003252306127
22.594 0.0003249057731
22.596 0.0003245824568
22.598 0.0003242616817
22.6 0.0003239409842
22.602 0.0003236212593
22.604 0.0003233012088
22.606 0.0003229814178
22.608 0.0003226617589
22.61 0.0003223421014
22.612 0.0003220221349
22.614 0.000321701704
22.616 0.0003213797622
22.618 0.0003210582594
22.62 0.0003207359363
22.622 0.0003204126441
22.624 0.0003200884757
22.626 0.0003197633379
22.628 0.0003194369425
22.63 0.0003191098018
22.632 0.0003187817223
22.634 0.0003184526506
22.636 0.0003181219831
22.638 0.0003177903901
22.64 0.0003174698984
22.642 0.0003171402913
22.644 0.0003167871942
22.646 0.0003164413267
22.648 0.0003160932441
22.65 0.000315744207
22.652 0.0003153939376
22.654 0.0003150428128
22.656 0.0003146911312
22.658 0.0003143392526
22.66 0.0003139292416
22.662 0.0003135453194
22.664 0.0003131685624
22.666 0.0003127988654
22.668 0.0003125394698
22.67 0.0003124226391
22.672 0.0003122987871
22.674 0.00031216383
22.676 0.0003120219178
22.678 0.0003118736511
22.68 0.0003117187545
22.682 0.0003115582798
22.684 0.0003113928973
22.686 0.0003112233381
22.688 0.0003110504077
22.69 0.0003108747546
22.692 0.0003106963994
22.694 0.0003105164895
22.696 0.0003103366724
22.698 0.0003101568358
22.7 0.0003099764148
22.702 0.0003097967198
22.704 0.0003096176945
22.706 0.0003094402934
22.708 0.0003092646706
22.71 0.0003090911388
22.712 0.0003089196721
22.714 0.0003087497445
22.716 0.0003085821336
22.718 0.0003084162313
22.72 0.0003082524418
22.722 0.0003080904571
22.724 0.0003079303254
22.726 0.0003077724318
22.728 0.0003075681809
22.73 0.0003073883161
22.732 0.0003072159877
22.734 0.0003070510712
22.736 0.0003068944428
22.738 0.0003067452951
22.74 0.0003066036063
22.742 0.0003064687026
22.744 0.0003063399692
22.746 0.0003062165679
22.748 0.0003060978147
22.75 0.0003059827719
22.752 0.0003058703915
22.754 0.0003057597302
22.756 0.0003056503609
22.758 0.0003055412216
22.76 0.0003054316982
22.762 0.0003053213939
22.764 0.0003052092007
22.766 0.0003050950538
22.768 0.000304983115
22.77 0.0003048667834
22.772 0.0003047493983
22.774 0.0003046392353
22.776 0.0003045116333
22.778 0.000304389045
22.78 0.0003042637352
22.782 0.0003041368076
22.784 0.0003040053154
22.786 0.0003038851792
22.788 0.0003037374817
22.79 0.0003035990265
22.792 0.0003034596466
22.794 0.0003033188165
22.796 0.0003031766683
22.798 0.0003030457232
22.8 0.0003028911418
22.802 0.0003027470561
22.804 0.0003026028831
22.806 0.0003024586039
22.808 0.0003023143969
22.81 0.000302170403
22.812 0.0003020272016
22.814 0.0003018758493
22.816 0.0003017447464
22.818 0.0003015903268
22.82 0.0003014484301
22.822 0.0003013086642
22.824 0.000301170651
22.826 0.00030103455
22.828 0.0003009000273
22.83 0.0003007792573
22.832 0.0003006374329
22.834 0.0003005081148
22.836 0.0003003807992
22.838 0.0003002549049
22.84 0.0003001305126
22.842 0.0003000070781
22.844 0.0002998972044
22.846 0.0002997653759
22.848 0.0002996443321
22.85 0.0002995255175
22.852 0.000299406419
22.854 0.000299299654
22.856 0.0002991709034
22.858 0.0002990527713
22.86 0.0002989370827
22.862 0.0002988195795
22.864 0.0002987023365
22.866 0.000298596222
22.868 0.0002984676835
22.87 0.0002983495609
22.872 0.0002982316123
22.874 0.000298112728
22.876 0.0002980052428
22.878 0.0002978749868
22.88 0.0002977549587
22.882 0.0002976344894
22.884 0.0002975252073
22.886 0.0002973932184
22.888 0.0002972713748
22.89 0.0002971490959
22.892 0.0002970254954
22.894 0.0002969128537
22.896 0.0002967772262
22.898 0.0002966506799
22.9 0.0002965249724
22.902 0.0002964097321
22.904 0.0002962716998
22.906 0.0002961438137
22.908 0.0002960156285
22.91 0.000295898316
22.912 0.0002957582804
22.914 0.000295628508
22.916 0.0002954989832
22.918 0.0002953808059
22.92 0.0002952408133
22.922 0.0002950798227
22.924 0.0002949437158
22.926 0.0002947897365
22.928 0.0002946479735
22.93 0.0002945067707
22.932 0.0002943788407
22.934 0.0002942308619
22.936 0.0002940946929
22.938 0.0002939720081
22.94 0.0002938295363
22.942 0.0002936995298
22.944 0.0002935715443
22.946 0.0002934562282
22.948 0.0002933206836
22.95 0.0002931960193
22.952 0.0002930951396
22.954 0.0002929646285
22.956 0.0002928474091
22.958 0.0002927410477
22.96 0.0002926132148
22.962 0.0002924952042
22.964 0.0002923886439
22.966 0.0002922598659
22.968 0.0002921404878
22.97 0.0002920321189
22.972 0.0002919009713
22.974 0.000291778315
22.976 0.000291666502
22.978 0.0002914913987
22.98 0.0002913214719
22.982 0.0002911029642
22.984 0.0002908241327
22.986 0.0002905292837
22.988 0.0002901794435
22.99 0.0002898109613
22.992 0.0002894318789
22.994 0.0002890163427
22.996 0.0002886029907
22.998 0.0002882017796
23 0.0002877866961
23.002 0.0002874127669
23.004 0.0002870446809
23.006 0.0002867098719
23.008 0.0002864024488
23.01 0.0002861444697
23.012 0.000285919875
23.014 0.0002857519759
23.016 0.0002855834336
23.018 0.0002855016005
23.02 0.0002854608947
23.022 0.0002854500802
23.024 0.0002854984358
23.026 0.0002855967168
23.028 0.000285728452
23.03 0.0002858524189
23.032 0.0002860512973
23.034 0.0002862703765
23.036 0.0002864697964
23.038 0.0002867138866
23.04 0.0002869607559
23.042 0.0002871723434
23.044 0.0002874291526
23.046 0.0002876521824
23.048 0.0002878445195
23.05 0.0002880567142
23.052 0.0002882172249
23.054 0.0002883480495
23.056 0.0002884729856
23.058 0.0002885307447
23.06 0.0002885911481
23.062 0.0002886069942
23.064 0.0002885563529
23.066 0.0002885194968
23.068 0.0002884112683
23.07 0.0002882972931
23.072 0.0002877117492
23.074 0.0002872970515
23.076 0.000286869485
23.078 0.0002864839228
23.08 0.0002860926529
23.082 0.0002857518788
23.084 0.0002854099972
23.086 0.0002851217449
23.088 0.0002848324307
23.09 0.0002845953845
23.092 0.0002843545081
23.094 0.0002841616232
23.096 0.0002839603101
23.098 0.0002838001463
23.1 0.0002836261602
23.102 0.0002834661369
23.104 0.0002833237409
23.106 0.0002831808854
23.108 0.0002830219018
23.11 0.0002829055936
23.112 0.0002827475399
23.114 0.0002825919341
23.116 0.0002824200999
23.118 0.0002822814944
23.12 0.0002820969007
23.122 0.0002818949351
23.124 0.0002817084065
23.126 0.0002814919085
23.128 0.0002812842345
23.13 0.0002810507302
23.132 0.0002808528382
23.134 0.0002806088201
23.136 0.0002803662119
23.138 0.0002801234953
23.14 0.000279868579
23.142 0.0002796337208
23.144 0.0002793801415
23.146 0.0002791380782
23.148 0.0002789110275
23.15 0.0002786756661
23.152 0.0002784613981
23.154 0.0002782337484
23.156 0.0002780219487
23.158 0.0002778284091
23.16 0.0002776215869
23.162 0.0002774311969
23.164 0.0002772540677
23.166 0.0002770651597
23.168 0.0002768927967
23.17 0.0002767395182
23.172 0.0002765706116
23.174 0.0002764198192
23.176 0.0002762827686
23.178 0.0002761301582
23.18 0.0002759898438
23.182 0.0002758635592
23.184 0.0002757185621
23.186 0.0002755836754
23.188 0.0002754601381
23.19 0.0002753171109
23.192 0.0002751787367
23.194 0.0002750525501
23.196 0.0002749033976
23.198 0.0002747608195
23.2 0.0002746161148
23.202 0.0002744784905
23.204 0.0002743187264
23.206 0.0002741637522
23.208 0.0002740160188
23.21 0.0002738445317
23.212 0.0002736779975
23.214 0.0002735083207
23.216 0.0002733451284
23.218 0.0002731319931
23.22 0.0002729702707
23.222 0.0002728016439
23.224 0.0002726015021
23.226 0.0002724033371
23.228 0.0002721979973
23.23 0.000271986302
23.232 0.0002717682497
23.234 0.0002715549763
23.236 0.000271317264
23.238 0.0002710848649
23.24 0.0002708505236
23.242 0.0002706173038
23.244 0.0002703929068
23.246 0.000270149283
23.248 0.0002699151537
23.25 0.0002696832331
23.252 0.0002694504408
23.254 0.0002692187951
23.256 0.0002689984762
23.258 0.0002687596518
23.26 0.0002685301588
23.262 0.0002683029878
23.264 0.0002680773314
23.266 0.0002678532758
23.268 0.0002676315326
23.27 0.0002674237658
23.272 0.0002672084882
23.274 0.0002669806367
23.276 0.0002667644873
23.278 0.0002667439855
23.28 0.0002664776994
23.282 0.0002664607456
23.284 0.0002663757044
23.286 0.000266293567
23.288 0.0002662072471
23.29 0.0002661155297
23.292 0.0002660268909
23.294 0.0002659061838
23.296 0.0002657813726
23.298 0.0002656416
23.3 0.0002654819325
23.302 0.0002653035276
23.304 0.000265102605
23.306 0.0002648789865
23.308 0.0002646318774
23.31 0.0002643606206
23.312 0.0002640653026
23.314 0.00026374696
23.316 0.0002634049483
23.318 0.0002630297875
23.32 0.0002626487448
23.322 0.0002622379274
23.324 0.0002618109872
23.326 0.0002613737751
23.328 0.0002609246513
23.33 0.0002604672078
23.332 0.0002600053609
23.334 0.0002595403884
23.336 0.0002590772857
23.338 0.0002586163321
23.34 0.0002581612203
23.342 0.0002577142876
23.344 0.0002572775847
23.346 0.0002568533756
23.348 0.0002564441013
23.35 0.0002560492461
23.352 0.0002556712822
23.354 0.000255335026
23.356 0.0002550200692
23.358 0.0002547048782
23.36 0.0002544183981
23.362 0.0002541499319
23.364 0.0002538998431
23.366 0.0002536673877
23.368 0.0002534514047
23.37 0.0002532519431
23.372 0.0002530639671
23.374 0.0002528902402
23.376 0.0002527286926
23.378 0.0002525784778
23.38 0.0002524373941
23.382 0.0002523036586
23.384 0.0002521788924
23.386 0.0002520558115
23.388 0.0002519362169
23.39 0.0002518186233
23.392 0.0002517002681
23.394 0.0002515812449
23.396 0.0002514602053
23.398 0.0002513378479
23.4 0.0002512087686
23.402 0.0002510768986
23.404 0.0002509400161
23.406 0.0002507982694
23.408 0.0002506513801
23.41 0.0002504998318
23.412 0.0002503416651
23.414 0.0002501781389
23.416 0.0002500095296
23.418 0.0002498393626
23.42 0.0002496603847
23.422 0.0002494785912
23.424 0.0002492920742
23.426 0.0002491017903
23.428 0.0002489084426
23.43 0.0002487105693
23.432 0.0002485099805
23.434 0.0002483067472
23.436 0.0002481007147
23.438 0.0002478942887
23.44 0.000247685572
23.442 0.0002474750206
23.444 0.000247263472
23.446 0.0002470518044
23.448 0.0002468390549
23.45 0.0002466232739
23.452 0.0002464112486
23.454 0.0002462005206
23.456 0.0002459918555
23.458 0.0002457836481
23.46 0.0002455767145
23.462 0.0002453739231
23.464 0.0002451701893
23.466 0.0002449683707
23.468 0.0002447679546
23.47 0.0002445695538
23.472 0.0002443749689
23.474 0.000244174088
23.476 0.0002439841814
23.478 0.000243784676
23.48 0.0002435916218
23.482 0.0002434058969
23.484 0.0002432005686
23.486 0.0002430041612
23.488 0.000242806821
23.49 0.0002426092315
23.492 0.0002424099609
23.494 0.000242209723
23.496 0.0002419157614
23.498 0.0002416654417
23.5 0.0002414297645
23.502 0.0002412047367
23.504 0.0002409918208
23.506 0.0002407875649
23.508 0.0002405908773
23.51 0.000240403377
23.512 0.0002402206372
23.514 0.0002400429368
23.516 0.0002398696629
23.518 0.0002396964939
23.52 0.0002395241182
23.522 0.0002393521326
23.524 0.0002391793004
23.526 0.0002390040039
23.528 0.0002388275884
23.53 0.0002386470928
23.532 0.0002384623907
23.534 0.0002382753389
23.536 0.0002380834476
23.538 0.0002378876482
23.54 0.0002376902224
23.542 0.0002374882503
23.544 0.0002372843588
23.546 0.0002370794464
23.548 0.0002368723998
23.55 0.0002366639368
23.552 0.0002364541934
23.554 0.0002362425188
23.556 0.0002360311622
23.558 0.0002358196219
23.56 0.0002356088118
23.562 0.0002354001206
23.564 0.0002351924367
23.566 0.0002349860887
23.568 0.000234782223
23.57 0.0002345812773
23.572 0.0002343841522
23.574 0.0002341890962
23.576 0.0002339991501
23.578 0.0002338102531
23.58 0.0002336254448
23.582 0.0002334442119
23.584 0.0002332641291
23.586 0.0002330865276
23.588 0.0002329095301
23.59 0.0002327340644
23.592 0.0002325582842
23.594 0.0002323834534
23.596 0.0002322071077
23.598 0.000232030101
23.6 0.0002318526325
23.602 0.0002316727386
23.604 0.0002314920289
23.606 0.0002312204842
23.608 0.0002309828806
23.61 0.0002307391407
23.612 0.0002304973567
23.614 0.0002302609887
23.616 0.0002300041294
23.618 0.0002297516767
23.62 0.0002294999056
23.622 0.0002292461743
23.624 0.0002289925459
23.626 0.0002288684567
23.628 0.0002285379786
23.63 0.0002284158418
23.632 0.0002282006923
23.634 0.0002279895831
23.636 0.000227765944
23.638 0.0002275287446
23.64 0.0002272827324
23.642 0.0002270265878
23.644 0.0002267638733
23.646 0.0002264937233
23.648 0.0002262223834
23.65 0.0002259482615
23.652 0.0002256758505
23.654 0.0002254056815
23.656 0.0002251441028
23.658 0.0002248845765
23.66 0.0002246354432
23.662 0.0002243938303
23.664 0.0002241626033
23.666 0.0002239436127
23.668 0.0002237354014
23.67 0.0002235378289
23.672 0.0002233486531
23.674 0.0002231718244
23.676 0.0002230051043
23.678 0.0002228469986
23.68 0.0002227026444
23.682 0.0002225798622
23.684 0.0002224698818
23.686 0.0002223666515
23.688 0.0002222669492
23.69 0.0002221723833
23.692 0.0002220780918
23.694 0.0002219841373
23.696 0.0002218825364
23.698 0.0002217983432
23.7 0.0002216930865
23.702 0.0002215737418
23.704 0.0002214556423
23.706 0.0002213324321
23.708 0.0002212011708
23.71 0.0002210614207
23.712 0.0002209137714
23.714 0.0002207573505
23.716 0.0002205914515
23.718 0.0002204175388
23.72 0.000220234862
23.722 0.0002200447446
23.724 0.0002198461266
23.726 0.0002196412278
23.728 0.0002194297613
23.73 0.0002192122077
23.732 0.0002189894685
23.734 0.0002187625741
23.736 0.0002185294425
23.738 0.0002182941317
23.74 0.0002180579879
23.742 0.0002178209751
23.744 0.0002175839464
23.746 0.0002173490669
23.748 0.000217112793
23.75 0.0002168776106
23.752 0.0002166435892
23.754 0.0002164107878
23.756 0.0002161817213
23.758 0.0002159555554
23.76 0.0002157327032
23.762 0.0002155136621
23.764 0.0002153001341
23.766 0.00021509131
23.768 0.0002148997689
23.77 0.0002146951568
23.772 0.0002145092958
23.774 0.0002143169548
23.776 0.0002141348251
23.778 0.0002139588963
23.78 0.0002137874259
23.782 0.0002136201157
23.784 0.0002134561086
23.786 0.0002132975386
23.788 0.0002131432552
23.79 0.0002129923237
23.792 0.0002128442188
23.794 0.0002127016721
23.796 0.0002125623133
23.798 0.000212424807
23.8 0.0002122996139
23.802 0.0002121578477
23.804 0.0002120312698
23.806 0.0002119053008
23.808 0.0002117796466
23.81 0.0002116548154
23.812 0.0002115305248
23.814 0.0002114064646
23.816 0.000211281643
23.818 0.0002111576761
23.82 0.0002110331572
23.822 0.0002109079708
23.824 0.0002107821316
23.826 0.0002106553927
23.828 0.0002105376368
23.83 0.0002103992306
23.832 0.0002102701438
23.834 0.0002101398339
23.836 0.0002100086238
23.838 0.0002110144175
23.84 0.0002115156557
23.842 0.0002119492972
23.844 0.0002122946283
23.846 0.0002125499182
23.848 0.0002127136966
23.85 0.0002127854985
23.852 0.0002127669949
23.854 0.0002126700507
23.856 0.0002124701949
23.858 0.0002122000092
23.86 0.0002118568234
23.862 0.0002114647002
23.864 0.0002110067617
23.866 0.0002104962253
23.868 0.0002099401182
23.87 0.0002093474201
23.872 0.0002087243493
23.874 0.0002080791274
23.876 0.0002074192843
23.878 0.0002067496826
23.88 0.0002060517408
23.882 0.0002059805604
23.884 0.0002055908711
23.886 0.0002052174685
23.888 0.0002048043085
23.89 0.0002043304295
23.892 0.0002038800867
23.894 0.0002033713975
23.896 0.0002028956919
23.898 0.0002023734157
23.9 0.000201894697
23.902 0.0002014165689
23.904 0.0002009135704
23.906 0.0002004717095
23.908 0.0002000074702
23.91 0.0001996113113
23.912 0.0001992014342
23.914 0.0001988451558
23.916 0.0001984887665
23.918 0.00019821139
23.92 0.0001979659894
23.922 0.0001977226341
23.924 0.0001975614757
23.926 0.000197395623
23.928 0.0001973106869
23.93 0.0001972198
23.932 0.000197206611
23.934 0.0001971842667
23.936 0.0001972351549
23.938 0.0001972706987
23.94 0.0001973706704
23.942 0.0001974513694
23.944 0.0001975945286
23.946 0.0001977114914
23.948 0.0001978840438
23.95 0.0001980235652
23.952 0.0001982121171
23.954 0.0001983613851
23.956 0.0001985539179
23.958 0.00019870171
23.96 0.0001988876263
23.962 0.0001990236575
23.964 0.0001991933322
23.966 0.0001993090383
23.968 0.0001994554821
23.97 0.0001995452664
23.972 0.0001996632105
23.974 0.0001997228357
23.976 0.0001998095345
23.978 0.0001998384149
23.98 0.0001998940289
23.982 0.0001998910631
23.984 0.0001999157337
23.986 0.0001998827219
23.988 0.0001998409289
23.99 0.0001998266936
23.992 0.0001997530275
23.994 0.0001997136702
23.996 0.0001995772483
23.998 0.0001995350345
24 0.0001994287843
24.002 0.0001993217799
24.004 0.0001992502081
24.006 0.000199127104
24.008 0.0001990445578
24.01 0.0001989150279
24.012 0.000198788096
24.014 0.0001986977594
24.016 0.0001985601335
24.018 0.000198463549
24.02 0.0001983244358
24.022 0.000198187957
24.024 0.0001980937371
24.026 0.0001979517095
24.028 0.0001978145799
24.03 0.000197720229
24.032 0.0001975775579
24.034 0.0001974820941
24.036 0.0001973414963
24.038 0.0001972093492
24.04 0.0001971154057
24.042 0.000196977831
24.044 0.0001968456993
24.046 0.0001967567386
24.048 0.0001966198576
24.05 0.0001964927232
24.052 0.0001964045676
24.054 0.0001962775828
24.056 0.0001961547811
24.058 0.0001960738744
24.06 0.0001959489154
24.062 0.0001958299649
24.064 0.0001957524457
24.066 0.0001956307045
24.068 0.0001955148058
24.07 0.0001954410848
24.072 0.0001953232789
24.074 0.0001952149614
24.076 0.0001951020528
24.078 0.0001950459509
24.08 0.0001949360694
24.082 0.0001948353134
24.084 0.0001947775763
24.086 0.0001945416012
24.088 0.0001945195956
24.09 0.0001942998165
24.092 0.0001943433972
24.094 0.0001941403714
24.096 0.0001941477431
24.098 0.0001940052404
24.1 0.0001940240354
24.102 0.0001938541735
24.104 0.0001938836154
24.106 0.0001937697359
24.108 0.0001938045177
24.11 0.00019364852
24.112 0.0001935568388
24.114 0.0001936048325
24.116 0.0001935060094
24.118 0.0001934182087
24.12 0.0001933400036
24.122 0.0001932614101
24.124 0.0001933661256
24.126 0.0001932179436
24.128 0.0001931363681
24.13 0.0001930148198
24.132 0.0001929163652
24.134 0.0001928612823
24.136 0.0001927518177
24.138 0.0001926489555
24.14 0.0001925402759
24.142 0.0001924384308
24.144 0.0001923831136
24.146 0.0001922712044
24.148 0.0001921649448
24.15 0.0001920523655
24.152 0.0001919446463
24.154 0.000191881544
24.156 0.0001917611341
24.158 0.0001916452866
24.16 0.0001915214533
24.162 0.000191402135
24.164 0.0001912903419
24.166 0.0001912047307
24.168 0.000191071169
24.17 0.0001909422844
24.172 0.0001908061882
24.174 0.0001906750828
24.176 0.0001905441959
24.178 0.0001904128542
24.18 0.0001903274309
24.182 0.0001901879864
24.184 0.0001900568016
24.186 0.0001899199558
24.188 0.0001897907865
24.19 0.0001896630428
24.192 0.0001895243431
24.194 0.000189394968
24.196 0.0001893143464
24.198 0.0001891811177
24.2 0.0001890579169
24.202 0.0001889325349
24.204 0.0001888171799
24.206 0.0001887061566
24.208 0.0001885988404
24.21 0.0001884959812
24.212 0.0001883980432
24.214 0.0001883031527
24.216 0.0001882110712
24.218 0.0001881687922
24.22 0.0001880732837
24.222 0.0001879873826
24.224 0.0001879059086
24.226 0.0001878197718
24.228 0.0001877355297
24.23 0.0001876542567
24.232 0.0001875722246
24.234 0.000187491717
24.236 0.0001874141623
24.238 0.0001873363251
24.24 0.0001872598068
24.242 0.0001871858817
24.244 0.0001871110139
24.246 0.0001870367884
24.248 0.0001869639225
24.25 0.0001868892905
24.252 0.0001868135885
24.254 0.0001867375179
24.256 0.0001866822115
24.258 0.000186615138
24.26 0.0001865303677
24.262 0.0001864319217
24.264 0.0001863232906
24.266 0.0001862039342
24.268 0.0001860762155
24.27 0.0001859429563
24.272 0.0001858007629
24.274 0.0001856540029
24.276 0.0001855033031
24.278 0.0001853458683
24.28 0.0001851855219
24.282 0.0001850246377
24.284 0.0001848591314
24.286 0.0001846933402
24.288 0.0001845261536
24.29 0.0001843543907
24.292 0.0001841825463
24.294 0.0001840081297
24.296 0.0001838354195
24.298 0.0001836647155
24.3 0.0001834878887
24.302 0.0001833262816
24.304 0.0001831649384
24.306 0.0001830021192
24.308 0.0001828405085
24.31 0.0001826779878
24.312 0.0001825116817
24.314 0.0001823558754
24.316 0.0001821920534
24.318 0.0001820269588
24.32 0.0001818620775
24.322 0.0001816932884
24.324 0.000181525156
24.326 0.0001813573662
24.328 0.0001811875978
24.33 0.0001810207822
24.332 0.0001808533226
24.334 0.0001806910216
24.336 0.0001805336588
24.338 0.0001803777407
24.34 0.0001802291659
24.342 0.000180083495
24.344 0.0001855485965
24.346 0.0001798248445
24.348 0.0001796972862
24.35 0.0001795806217
24.352 0.0001794675078
24.354 0.0001793632012
24.356 0.0001792668661
24.358 0.0001791724262
24.36 0.0001790858389
24.362 0.0001790003411
24.364 0.0001789217569
24.366 0.0001788483347
24.368 0.000178773116
24.37 0.000186001405
24.372 0.0001786365364
24.374 0.0001785658715
24.376 0.0001784969848
24.378 0.0001784164713
24.38 0.0001783355222
24.382 0.0001782436553
24.384 0.0001781513027
24.386 0.0001780533715
24.388 0.0001779471318
24.39 0.0001778461923
24.392 0.0001777250603
24.394 0.0001776057205
24.396 0.0001774774296
24.398 0.0001773490011
24.4 0.0001772163683
24.402 0.0001770775762
24.404 0.000176939272
24.406 0.0001767993146
24.408 0.0001766526087
24.41 0.0001765001221
24.412 0.0001763513687
24.414 0.0001762020246
24.416 0.0001760485792
24.418 0.0001758967682
24.42 0.0001757412549
24.422 0.0001755976235
24.424 0.0001754388055
24.426 0.0001752875781
24.428 0.0001751318891
24.43 0.00017498233
24.432 0.0001748337285
24.434 0.0001746829132
24.436 0.0001745454681
24.438 0.0001743934368
24.44 0.0001742515613
24.442 0.0001741113367
24.444 0.0001739778849
24.446 0.0001738403862
24.448 0.0001737109023
24.45 0.0001735855303
24.452 0.000173454786
24.454 0.000173324796
24.456 0.0001731991115
24.458 0.0001730713625
24.46 0.0001729469297
24.462 0.0001728349086
24.464 0.0001727040656
24.466 0.000199643281
24.468 0.0001724513805
24.47 0.0001723281338
24.472 0.0001722018953
24.474 0.000172085485
24.476 0.0001719462051
24.478 0.0001718147716
24.48 0.0001716794871
24.482 0.0001715477139
24.484 0.0001714089981
24.486 0.000171284182
24.488 0.0002077735478
24.49 0.0001710017072
24.492 0.0001708588372
24.494 0.0001707215014
24.496 0.0001705842641
24.498 0.0001704430003
24.5 0.0001702976265
24.502 0.0001701547039
24.504 0.0001700058911
24.506 0.0001995491083
24.508 0.0001695481142
24.51 0.0001692410426
24.512 0.0001689139714
24.514 0.0001685893058
24.516 0.0001682754105
24.518 0.0001679793005
24.52 0.0001930055126
24.522 0.0001674776677
24.524 0.0001672832068
24.526 0.0001671507972
24.528 0.0001670493205
24.53 0.0001670013442
24.532 0.0001866835718
24.534 0.0001670253502
24.536 0.0001671153193
24.538 0.0001673331841
24.54 0.000167580992
24.542 0.0001678645656
24.544 0.0001763543431
24.546 0.0001684308928
24.548 0.0001686968322
24.55 0.0001689199317
24.552 0.0001691013225
24.554 0.000172696303
24.556 0.0001692826791
24.558 0.0001692674243
24.56 0.0001691886375
24.562 0.0001690382283
24.564 0.0001688006843
24.566 0.0001685110934
24.568 0.0001681509077
24.57 0.0001677479686
24.572 0.0001672770227
24.574 0.0001667674845
24.576 0.0001662245962
24.578 0.000165662794
24.58 0.0001650962431
24.582 0.0001657055503
24.584 0.000163929331
24.586 0.0001633625137
24.588 0.000162802827
24.59 0.0001669306886
24.592 0.0001617673702
24.594 0.0001613135785
24.596 0.0001608792079
24.598 0.0001667814335
24.6 0.0001601466185
24.602 0.0001598499563
24.604 0.0001595984317
24.606 0.0001654624919
24.608 0.0001591583024
24.61 0.0001590258851
24.612 0.0001589123639
24.614 0.0001631900849
24.616 0.0001587767755
24.618 0.0001587595816
24.62 0.0001587997503
24.622 0.0001603109294
24.624 0.000159412888
24.626 0.0001597767369
24.628 0.0001675612144
24.63 0.0001603426089
24.632 0.0001605599899
24.634 0.0001607169301
24.636 0.0001609306187
24.638 0.0001608823786
24.64 0.0001608952379
24.642 0.0001662955289
24.644 0.0001603750735
24.646 0.0001602426873
24.648 0.000169423744
24.65 0.0001600231554
24.652 0.0001599380171
24.654 0.0001706751809
24.656 0.0001597421616
24.658 0.0001596385057
24.66 0.000170441777
24.662 0.0001593462294
24.664 0.0001593121627
24.666 0.0001687786104
24.668 0.0001590496352
24.67 0.0001588520622
24.672 0.0001660560698
24.674 0.0001583275946
24.676 0.0001579970768
24.678 0.0001625425807
24.68 0.0001572235829
24.682 0.0001567827822
24.684 0.0001582764907
24.686 0.000155826103
24.688 0.0001553153992
24.69 0.000154837411
24.692 0.0001546747547
24.694 0.0001661357092
24.696 0.0001542428514
24.698 0.0001540049888
24.7 0.0001554130801
24.702 0.0001534445334
24.704 0.0001531538149
24.706 0.0001528320516
24.708 0.0001525128468
24.71 0.0001608310274
24.712 0.0001518553686
24.714 0.0001515221349
24.716 0.0001511934186
24.718 0.000150870044
24.72 0.0001605492541
24.722 0.0001502526654
24.724 0.000149957426
24.726 0.0001496751617
24.728 0.0001494276249
24.73 0.0001587318505
24.732 0.0001489616442
24.734 0.0001487737878
24.736 0.0001485912302
24.738 0.0001484409423
24.74 0.0001559421469
24.742 0.0001483219009
24.744 0.000162429487
24.746 0.00014837128
24.748 0.0001483890452
24.75 0.0001483960859
24.752 0.0001484116133
24.754 0.000155282868
24.756 0.0001483827659
24.758 0.0001607452215
24.76 0.0001483201883
24.762 0.000164380668
24.764 0.0001483747671
24.766 0.0001484649044
24.768 0.0001485637621
24.77 0.0001486613964
24.772 0.0001523882431
24.774 0.0001488527774
24.776 0.0001564023536
24.778 0.0001490159315
24.78 0.0001588111075
24.782 0.0001491519681
24.784 0.0001602360401
24.786 0.0001492460136
24.788 0.000160840936
24.79 0.0001492923801
24.792 0.0001608703282
24.794 0.0001492728221
24.796 0.0001603218059
24.798 0.0001492063646
24.8 0.00015924624
24.802 0.0001490840508
24.804 0.0001576546078
24.806 0.0001765029517
24.808 0.0002521731517
24.81 0.0003184891702
24.812 0.0003746663322
24.814 0.0004203374039
24.816 0.0004556301286
24.818 0.0004803913518
24.82 0.0004950913017
24.822 0.0005003066999
24.824 0.000496767783
24.826 0.0004853554966
24.828 0.0004669893829
24.83 0.0004427291146
24.832 0.0004135953411
24.834 0.0003806856457
24.836 0.0003450470706
24.838 0.0003076836448
24.84 0.0002695735781
24.842 0.0002316137844
24.844 0.0001952845886
24.846 0.0002045045857
24.848 0.0002134334729
24.85 0.0002212219834
24.852 0.0002267915121
24.854 0.0002301400374
24.856 0.0002312742032
24.858 0.0002302997132
24.86 0.0002273313252
24.862 0.0002225068389
24.864 0.0002160661226
24.866 0.0002082223135
24.868 0.0001992186773
24.87 0.0001893119022
24.872 0.0001787629344
24.874 0.0001792222842
24.876 0.0001794946725
24.878 0.0001792908505
24.88 0.0001793074398
24.882 0.000178911788
24.884 0.0001779694132
24.886 0.0001765200228
24.888 0.0001745885187
24.89 0.0001722368104
24.892 0.0001694824167
24.894 0.000166376579
24.896 0.0001629666002
24.898 0.0001593106634
24.9 0.0001554738349
24.902 0.000151517085
24.904 0.0001475090176
24.906 0.0001457860219
24.908 0.0001448139629
24.91 0.0001438040523
24.912 0.0001428357455
24.914 0.0001417563058
24.916 0.0001433454946
24.918 0.0001392215146
24.92 0.000144316859
24.922 0.0001363009702
24.924 0.0001451432119
24.926 0.0001331225649
24.928 0.0001458293969
24.93 0.0001370790299
24.932 0.0001463703994
24.934 0.000144165703
24.936 0.0001470648309
24.938 0.0001495264542
24.94 0.0001514999323
24.942 0.0001530171311
24.944 0.0001540435701
24.946 0.0001545386181
24.948 0.0001544850414
24.95 0.0001540754623
24.952 0.0001532137733
24.954 0.0001520100458
24.956 0.0001504915297
24.958 0.0001487561096
24.96 0.0001468265181
24.962 0.0001447986217
24.964 0.000146566683
24.966 0.0001677163184
24.968 0.0001501846781
24.97 0.0001631703601
24.972 0.0001531505141
24.974 0.0001591113707
24.976 0.0001552225404
24.978 0.0001559262958
24.98 0.0001564100178
24.982 0.0001566814244
24.984 0.000172231526
24.986 0.0001567016431
24.988 0.0001648592612
24.99 0.0001561120054
24.992 0.0001581294411
24.994 0.0001548591152
24.996 0.0001540193252
24.998 0.0001709654495
25 0.0001518074225
25.002 0.0001613085778
25.004 0.0001492061929
25.006 0.0001526291057
25.008 0.0001704334491
25.01 0.0001450717372
25.012 0.000158777967
25.014 0.0001423718989
25.016 0.0001484811809
25.018 0.0001656845345
25.02 0.0001387041261
25.022 0.0001527981827
25.024 0.000141371343
25.026 0.000141527443
25.028 0.000158280186
25.03 0.0001352229254
25.032 0.0001447820208
25.034 0.0001609711856
25.036 0.0001334009889
25.038 0.0001455943963
25.04 0.0001460704541
25.042 0.0001326536716
25.044 0.0001488015791
25.046 0.0001317604864
25.048 0.0001343582215
25.05 0.0001502461873
25.052 0.0001321187947
25.054 0.0001344429884
25.056 0.0001497677568
25.058 0.000132772203
25.06 0.000133290394
25.062 0.0001484388244
25.064 0.0001343822608
25.066 0.0001337569227
25.068 0.0001463822197
25.07 0.0001374923851
25.072 0.0001343872571
25.074 0.0001439362474
25.076 0.0001398514406
25.078 0.0001348194989
25.08 0.0001410807466
25.082 0.0001417517204
25.084 0.0001350162276
25.086 0.0001381446416
25.088 0.0001430200638
25.09 0.0001350163346
25.092 0.0001351272827
25.094 0.0001499813631
25.096 0.0001349499469
25.098 0.0001347920111
25.1 0.0001412953992
25.102 0.0001480498107
25.104 0.0001345422574
25.106 0.0001356808099
25.108 0.0001497222898
25.11 0.0001429186337
25.112 0.0001340991904
25.114 0.000139252904
25.116 0.0001549642832
25.118 0.0001337270957
25.12 0.0001335900225
25.122 0.0001456210651
25.124 0.0001478404076
25.126 0.0001331900398
25.128 0.0001339538478
25.13 0.0001469116748
25.132 0.0001503778975
25.134 0.0001326301469
25.136 0.0001335535521
25.138 0.0001460598445
25.14 0.0001543246717
25.142 0.0001320305749
25.144 0.000131866621
25.146 0.0001437826707
25.148 0.0001575165594
25.15 0.0001314470615
25.152 0.0001312950825
25.154 0.0001405189972
25.156 0.0001597062829
25.158 0.0001308456483
25.16 0.0001306838936
25.162 0.0001367356547
25.164 0.0001456972327
25.166 0.000156875382
25.168 0.0001300449447
25.17 0.0001298856428
25.172 0.0001380359656
25.174 0.0001464143264
25.176 0.0001624961374
25.178 0.0001292567071
25.18 0.0001291033053
25.182 0.0001364930327
25.184 0.0001443370983
25.186 0.0001674791931
25.188 0.0001285463381
25.19 0.0001284213344
25.192 0.0001328277705
25.194 0.0001404551751
25.196 0.0001705178502
25.198 0.0001279462588
25.2 0.0001278338741
25.202 0.0001280629867
25.204 0.0001355011632
25.206 0.0001422635254
25.208 0.000170983459
25.21 0.000127377139
25.212 0.0001272906219
25.214 0.0001272189945
25.216 0.0001336082163
25.218 0.0001399315382
25.22 0.0001761277216
25.222 0.0001269456182
25.224 0.0001268769941
25.226 0.0001268216831
25.228 0.0001297133582
25.23 0.0001358309194
25.232 0.0001408629513
25.234 0.0001801252827
25.236 0.0001265163746
25.238 0.0001264585316
25.24 0.0001263901361
25.242 0.0001274221571
25.244 0.000132986185
25.246 0.0001376913689
25.248 0.0001417056811
25.25 0.0001869307496
25.252 0.0001259561242
25.254 0.0001258796172
25.256 0.0001257862413
25.258 0.0001257015769
25.26 0.0001293031876
25.262 0.0001334718252
25.264 0.0001369907784
25.266 0.0001400525747
25.268 0.0001425817578
25.27 0.0001447795781
25.272 0.0001995791252
25.274 0.000124993756
25.276 0.0001248814296
25.278 0.0001247766336
25.28 0.0001246632539
25.282 0.000124553408
25.284 0.0001267529796
25.286 0.000129322529
25.288 0.0001313499484
25.29 0.0001331083928
25.292 0.0001344539254
25.294 0.0001356007273
25.296 0.0001363895898
25.298 0.0001370121402
25.3 0.0001372991288
25.302 0.0001374404048
25.304 0.0001372614352
25.306 0.0001369509279
25.308 0.0001418993576
25.31 0.0001355918125
25.312 0.0001374580472
25.314 0.0001334750943
25.316 0.0001335980361
25.318 0.0001306801222
25.32 0.0001302374975
25.322 0.0001290850291
25.324 0.0001271376978
25.326 0.0001296653856
25.328 0.0001241509447
25.33 0.0001442070092
25.332 0.000121650911
25.334 0.0001370741378
25.336 0.0001237937493
25.338 0.0001306803286
25.34 0.0001311112565
25.342 0.0001249927163
25.344 0.0001331773388
25.346 0.0001209855156
25.348 0.0001389598576
25.35 0.0001207050672
25.352 0.0001301370019
25.354 0.0001269188769
25.356 0.0001223992662
25.358 0.0001336397198
25.36 0.0001200345463
25.362 0.0001342270326
25.364 0.0001197739464
25.366 0.0001244131452
25.368 0.0001299192759
25.37 0.0001194600982
25.372 0.0001364136736
25.374 0.0001192847082
25.376 0.0001272179092
25.378 0.0001191427265
25.38 0.0001190888594
25.382 0.0001317027574
25.384 0.0001189948513
25.386 0.00012691485
25.388 0.000118917426
25.39 0.0001188949406
25.392 0.0001347588448
25.394 0.0001188418126
25.396 0.0001252304937
25.398 0.0001187995861
25.4 0.0001187837838
25.402 0.0001378597121
25.404 0.0001187391407
25.406 0.0001229215749
25.408 0.0001207767941
25.41 0.0001186492262
25.412 0.0001400012869
25.414 0.0001185613395
25.416 0.0001203638319
25.418 0.0001224239998
25.42 0.0001183820347
25.422 0.000141394676
25.424 0.0001182219354
25.426 0.0001181416124
25.428 0.0001235121766
25.43 0.0001179322278
25.432 0.0001423425936
25.434 0.0001176974707
25.436 0.000117571996
25.438 0.0001242931872
25.44 0.0001173054843
25.442 0.0001227730684
25.444 0.0001230229943
25.446 0.00011688289
25.448 0.0001454527007
25.45 0.0001165969188
25.452 0.0001183762446
25.454 0.0001290140731
25.456 0.000116182755
25.458 0.0001242269826
25.46 0.000127494276
25.462 0.0001157966847
25.464 0.0001494262437
25.466 0.0001155639259
25.468 0.0001183979859
25.47 0.0001321447194
25.472 0.0001152547689
25.474 0.000123466323
25.476 0.0001298704739
25.478 0.0001149892474
25.48 0.0001265331858
25.482 0.0001318053359
25.484 0.0001147643231
25.486 0.0001283099286
25.488 0.0001346715714
25.49 0.0001145736888
25.492 0.0001289809325
25.494 0.0001373027059
25.496 0.0001144006708
25.498 0.0001286451858
25.5 0.0001393971888
25.502 0.0001142210115
25.504 0.000127411411
25.506 0.0001409164875
25.508 0.0001140384867
25.51 0.0001254399291
25.512 0.0001419661497
25.514 0.0001138411666
25.516 0.0001229257222
25.518 0.0001426598159
25.52 0.0001136319521
25.522 0.0001200878172
25.524 0.0001431056119
25.526 0.0001133774039
25.528 0.000117150623
25.53 0.0001433828016
25.532 0.0001130853821
25.534 0.0001143136566
25.536 0.0001435656257
25.538 0.0001127643817
25.54 0.0001126581346
25.542 0.0001437050357
25.544 0.0001124271951
25.546 0.0001123111096
25.548 0.0001438385243
25.55 0.0001120801402
25.552 0.0001119743724
25.554 0.0001439934205
25.556 0.0001117468852
25.558 0.0001116422975
25.56 0.0001221037762
25.562 0.0001348207325
25.564 0.0001113304857
25.566 0.0001160836517
25.568 0.0001472810771
25.57 0.0001110279424
25.572 0.000112985279
25.574 0.0001508492364
25.576 0.0001107769687
25.578 0.0001107028503
25.58 0.0001254906202
25.582 0.00014133772
25.584 0.0001104696042
25.586 0.0001181575554
25.588 0.0001526227129
25.59 0.0001102583979
25.592 0.0001136439924
25.594 0.0001277782918
25.596 0.0001454514003
25.598 0.0001100004613
25.6 0.000118705787
25.602 0.0001563855437
25.604 0.0001098248654
25.606 0.0001126462263
25.608 0.000126285185
25.61 0.0001481692171
25.612 0.0001096202503
25.614 0.0001159654525
25.616 0.000128848547
25.618 0.0001498698979
25.62 0.0001094385182
25.622 0.0001166827238
25.624 0.0001290501257
25.626 0.0001531596162
25.628 0.0001092867167
25.63 0.0001155629117
25.632 0.0001275385074
25.634 0.0001558309675
25.636 0.0001091557644
25.638 0.0001130098368
25.64 0.0001246613445
25.642 0.0001576327711
25.644 0.0001090358851
25.646 0.0001094657845
25.648 0.0001209240231
25.65 0.0001587415902
25.652 0.0001089275407
25.654 0.000109141239
25.656 0.0001168233957
25.658 0.0001593966912
25.66 0.0001090634173
25.662 0.0001089539697
25.664 0.0001128510823
25.666 0.0001597993498
25.668 0.0001087058846
25.67 0.0001086723088
25.672 0.0001094213144
25.674 0.0001600974582
25.676 0.0001085780889
25.678 0.0001085415802
25.68 0.0001085057247
25.682 0.0001603866845
25.684 0.000108443159
25.686 0.0001084091725
25.688 0.0001083619687
25.69 0.0001149509842
25.692 0.0001560848814
25.694 0.0001082333502
25.696 0.0001081867466
25.698 0.0001106628633
25.7 0.0001651750493
25.702 0.0001080333953
25.704 0.000107980304
25.706 0.0001082766765
25.708 0.0001177727866
25.71 0.0001614133369
25.712 0.0001077534336
25.714 0.0001076986728
25.716 0.00011248202
25.718 0.00012145577
25.72 0.0001649382162
25.722 0.0001074556865
25.724 0.0001073947515
25.726 0.0001141753462
25.728 0.0001226969701
25.73 0.0001682422433
25.732 0.0001071420773
25.734 0.000107082391
25.736 0.0001136293814
25.738 0.0001217443455
25.74 0.0001703572914
25.742 0.0001068256843
25.744 0.0001067551909
25.746 0.0001112814958
25.748 0.0001191368566
25.75 0.0001715332152
25.752 0.0001064766129
25.754 0.0001064097518
25.756 0.0001078516354
25.758 0.0001155840458
25.76 0.0001224462739
25.762 0.0001705174201
25.764 0.0001060510934
25.766 0.0001059901425
25.768 0.0001079200449
25.77 0.0001151115858
25.772 0.0001761830187
25.774 0.0001057225334
25.776 0.0001056546882
25.778 0.0001055794025
25.78 0.0001093439464
25.782 0.0001159130171
25.784 0.0001737836198
25.786 0.0001053245045
25.788 0.0001052555797
25.79 0.0001051889058
25.792 0.0001080427922
25.794 0.0001144290093
25.796 0.0001764000631
25.798 0.0001049208288
25.8 0.0001048572581
25.802 0.0001047963519
25.804 0.0001059818848
25.806 0.0001122945493
25.808 0.00011770754
25.81 0.0001786329436
25.812 0.000104510364
25.814 0.000104477248
25.816 0.0001045378184
25.818 0.0001062734791
25.82 0.0001121154921
25.822 0.0001170659904
25.824 0.0001830292853
25.826 0.0001048376227
25.828 0.0001048950232
25.83 0.0001049492294
25.832 0.0001050053175
25.834 0.0001091212656
25.836 0.0001137640865
25.838 0.0001853618764
25.84 0.0001052301691
25.842 0.0001052848544
25.844 0.0001053388502
25.846 0.0001053910158
25.848 0.000105444301
25.85 0.0001089646357
25.852 0.0001128807761
25.854 0.00018733207
25.856 0.0001056616096
25.858 0.0001057150089
25.86 0.0001057649267
25.862 0.0001058169769
25.864 0.0001058707439
25.866 0.0001059210262
25.868 0.0001089198445
25.87 0.0001121050303
25.872 0.0001917863027
25.874 0.0001061327904
25.876 0.000106180059
25.878 0.0001062315372
25.88 0.0001062807848
25.882 0.0001063310939
25.884 0.0001063830327
25.886 0.0001064315298
25.888 0.0001071974719
25.89 0.0001096957499
25.892 0.0001967824373
25.894 0.0001066373678
25.896 0.0001066876376
25.898 0.0001067372738
25.9 0.0001067851906
25.902 0.0001068341962
25.904 0.0001068819677
25.906 0.0001081055222
25.908 0.0001094496158
25.91 0.0001105175059
25.912 0.0001115520925
25.914 0.0001123794336
25.916 0.0001111735865
25.918 0.0002057410287
25.92 0.000107317694
25.922 0.0001073693584
25.924 0.000107425098
25.926 0.0001074775385
25.928 0.0001075314728
25.93 0.0001075837363
25.932 0.0001076369096
25.934 0.0001076906039
25.936 0.0001077401679
25.938 0.0001077916036
25.94 0.0001078404876
25.942 0.0001078904238
25.944 0.0001079380486
25.946 0.0001079866404
25.948 0.0001080320755
25.95 0.0001080788462
25.952 0.0001081239143
25.954 0.0001081752559
25.956 0.0001082190775
25.958 0.0001082683824
25.96 0.0001083102818
25.962 0.0001083581619
25.964 0.0001083994219
25.966 0.0001084468351
25.968 0.000108488073
25.97 0.000108534196
25.972 0.0001085725815
25.974 0.0001086167157
25.976 0.0001086533489
25.978 0.0001086945371
25.98 0.0001087305158
25.982 0.0001087699323
25.984 0.0001088041503
25.986 0.0001088418891
25.988 0.000108874356
25.99 0.0001089006513
25.992 0.000108935746
25.994 0.0001089610758
25.996 0.000108994932
25.998 0.0001090186025
26 0.0001090508792
26.002 0.0001090729469
26.004 0.0001091026503
26.006 0.0001091221904
26.008 0.0001091515009
26.01 0.0001091704599
26.012 0.0001091980777
26.014 0.0001092157479
26.016 0.0001092421689
26.018 0.0001092539685
26.02 0.0001092843664
26.022 0.0001093006473
26.024 0.0001093251259
26.026 0.0001093405076
26.028 0.0001093642955
26.03 0.0001093790195
26.032 0.0001094022917
26.034 0.0001094170242
26.036 0.0001094436474
26.038 0.0001094617454
26.04 0.0001094941889
26.042 0.0001095115492
26.044 0.0001095336534
26.046 0.0001095647959
26.048 0.0001095886674
26.05 0.0001096169325
26.052 0.0001096362126
26.054 0.0001096699917
26.056 0.0001096886221
26.058 0.0001097122809
26.06 0.0001097409375
26.062 0.0001097603196
26.064 0.0001097949519
26.066 0.0001098150268
26.068 0.0001098506985
26.07 0.0001098712209
26.072 0.0001098918333
26.074 0.0001099283646
26.076 0.0001099492233
26.078 0.0001099863333
26.08 0.0001100088628
26.082 0.00011003268
26.084 0.0001100723414
26.086 0.0001100960761
26.088 0.0001101363763
26.09 0.0001101615051
26.092 0.0001101874229
26.094 0.0001102291159
26.096 0.000110254796
26.098 0.0001102816744
26.1 0.0001103242369
26.102 0.0001103508592
26.104 0.0001103890991
26.106 0.0001104229484
26.108 0.0001104506562
26.11 0.00011049506
26.112 0.0001105234198
26.114 0.0001105527834
26.116 0.0001105983981
26.118 0.0001106276531
26.12 0.0001106683466
26.122 0.0001107046789
26.124 0.0001107346063
26.126 0.0001107759837
26.128 0.0001108122547
26.13 0.0001108424054
26.132 0.000110883915
26.134 0.0001109157204
26.136 0.0001109536919
26.138 0.0001109992799
26.14 0.0001110304664
26.142 0.0001110725606
26.144 0.000111116975
26.146 0.0001111469922
26.148 0.000111189631
26.15 0.0001112340296
26.152 0.0001112640357
26.154 0.0001113010997
26.156 0.000111353672
26.158 0.0001113808742
26.16 0.0001114185308
26.162 0.0001114710888
26.164 0.0001114978725
26.166 0.0001115345162
26.168 0.0001115807732
26.17 0.0001116157664
26.172 0.0001116496144
26.174 0.0001116963743
26.176 0.000111725794
26.178 0.000111768184
26.18 0.0001118121626
26.182 0.0001118416905
26.184 0.0001118786002
26.186 0.0001119258411
26.188 0.000111961659
26.19 0.0001119967999
26.192 0.0001120337963
26.194 0.0001120843962
26.196 0.0001121193316
26.198 0.00011215456
26.2 0.0001122025142
26.202 0.0001122328922
26.204 0.0001122720138
26.206 0.0001123305015
26.208 0.00011236432
26.21 0.0001124058102
26.212 0.0001132354462
26.214 0.0001124957684
26.216 0.0001125380493
26.218 0.0001125866027
26.22 0.0001126385357
26.222 0.000112678353
26.224 0.0001127197817
26.226 0.0001127736347
26.228 0.0001128110171
26.23 0.0001128598029
26.232 0.000112899553
26.234 0.0001129538736
26.236 0.0001130128542
26.238 0.0001130558379
26.24 0.0001131017154
26.242 0.0001131573921
26.244 0.0001132143388
26.246 0.0001132804786
26.248 0.000113370897
26.25 0.0001134584505
26.252 0.000113545589
26.254 0.0001136277859
26.256 0.000113705656
26.258 0.0001137791139
26.26 0.0001138398267
26.262 0.0001138984033
26.264 0.0001139552901
26.266 0.0001140038544
26.268 0.0001140507152
26.27 0.0001140946926
26.272 0.0001141359469
26.274 0.0001141757312
26.276 0.000114214303
26.278 0.0001142521503
26.28 0.0001142896512
26.282 0.0001143366146
26.284 0.0001143981375
26.286 0.0001144607788
26.288 0.0001145236118
26.29 0.0001145867457
26.292 0.0001146521752
26.294 0.0001147170715
26.296 0.0001147818363
26.298 0.0001148494404
26.3 0.0001149128889
26.302 0.0001149768322
26.304 0.0001150411956
26.306 0.0001151050669
26.308 0.0001151686724
26.31 0.0001152319784
26.312 0.0001152962739
26.314 0.0001153569374
26.316 0.0001154183917
26.318 0.0001154803045
26.32 0.0001155418192
26.322 0.0001156031286
26.324 0.0001156642721
26.326 0.0001157282105
26.328 0.0001157876161
26.33 0.0001158487349
26.332 0.0001159099047
26.334 0.0001159722911
26.336 0.0001160364512
26.338 0.0001161014248
26.34 0.0001161700333
26.342 0.0001162347989
26.344 0.0001163014288
26.346 0.0001163686561
26.348 0.0001164364774
26.35 0.0001165049177
26.352 0.0001165738544
26.354 0.0001166479566
26.356 0.0001167347604
26.358 0.0001168213904
26.36 0.000116907614
26.362 0.0001169934436
26.364 0.0001170793884
26.366 0.0001171641641
26.368 0.0001172483918
26.37 0.000117331311
26.372 0.0001174143523
26.374 0.0001174961315
26.376 0.0001175766709
26.378 0.0001176565564
26.38 0.0001177351944
26.382 0.0001178127087
26.384 0.0001178918664
26.386 0.0001179687563
26.388 0.0001180443782
26.39 0.0001181186885
26.392 0.0001181915905
26.394 0.000118262896
26.396 0.0001183331201
26.398 0.0001184020606
26.4 0.0001184697513
26.402 0.0001185360091
26.404 0.0001186012614
26.406 0.000118665505
26.408 0.0001187281369
26.41 0.0001187891747
26.412 0.0001188497284
26.414 0.0001189093801
26.416 0.0001189678736
26.418 0.0001190262945
26.42 0.0001190833602
26.422 0.0001191391965
26.424 0.0001191951777
26.426 0.0001192503359
26.428 0.000119302116
26.43 0.0001193553313
26.432 0.0001194056972
26.434 0.0001194564951
26.436 0.0001195083347
26.438 0.0001195599586
26.44 0.0001196115192
26.442 0.0001196644874
26.444 0.0001197168418
26.446 0.0001197708604
26.448 0.0001198249492
26.45 0.0001198792936
26.452 0.0001199352406
26.454 0.0001199913124
26.456 0.000120044992
26.458 0.0001201012147
26.46 0.0001201570148
26.462 0.0001202146658
26.464 0.0001202724879
26.466 0.0001203311061
26.468 0.000120392538
26.47 0.0001204532049
26.472 0.0001205143952
26.474 0.0001205763445
26.476 0.0001206379132
26.478 0.0001207011553
26.48 0.0001207638063
26.482 0.0001208281433
26.484 0.0001208925158
26.486 0.000120955126
26.488 0.0001210207522
26.49 0.0001210862743
26.492 0.0001211534393
26.494 0.0001212202665
26.496 0.0001212904641
26.498 0.0001213606038
26.5 0.0001214310751
26.502 0.000121500444
26.504 0.0001215694608
26.506 0.0001216396911
26.508 0.000121708615
26.51 0.0001217769696
26.512 0.0001218452966
26.514 0.0001219145206
26.516 0.0001219823718
26.518 0.0001220508832
26.52 0.0001221180781
26.522 0.000122185068
26.524 0.0001222506907
26.526 0.0001223164496
26.528 0.0001223801101
26.53 0.0001224439123
26.532 0.0001225051183
26.534 0.0001225658137
26.536 0.0001226243825
26.538 0.0001226823281
26.54 0.000122737189
26.542 0.0001227979121
26.544 0.0001228547245
26.546 0.0001229089014
26.548 0.000122958418
26.55 0.0001230047973
26.552 0.0001230461468
26.554 0.0001230839884
26.556 0.0001231164707
26.558 0.0001231451118
26.56 0.0001231677788
26.562 0.0001231865874
26.564 0.0001232039626
26.566 0.0001232226953
26.568 0.0001232381795
26.57 0.0001232491813
26.572 0.000123257117
26.574 0.0001232604232
26.576 0.0001232600106
26.578 0.0001232562622
26.58 0.0001232473371
26.582 0.0001232354429
26.584 0.0001232185761
26.586 0.0001231981072
26.588 0.0001231743677
26.59 0.0001231461214
26.592 0.0001231143472
26.594 0.0001230795342
26.596 0.0001230405653
26.598 0.0001230025389
26.6 0.0001229619011
26.602 0.0001229178252
26.604 0.0001228707906
26.606 0.0001228215135
26.608 0.0001227688521
26.61 0.0001227141897
26.612 0.0001226573409
26.614 0.0001225974689
26.616 0.0001225357177
26.618 0.0001224727354
26.62 0.0001224074758
26.622 0.000122350458
26.624 0.0001223081891
26.626 0.0001222651399
26.628 0.0001222200171
26.63 0.0001221738788
26.632 0.0001221270762
26.634 0.0001220802596
26.636 0.0001220317806
26.638 0.0001219826937
26.64 0.0001219351076
26.642 0.0001218878584
26.644 0.0001218398554
26.646 0.0001217921412
26.648 0.0001217448644
26.65 0.0001216991375
26.652 0.0001216533466
26.654 0.0001216083393
26.656 0.0001215652086
26.658 0.0001215234063
26.66 0.0001214828771
26.662 0.0001214449149
26.664 0.0001214095335
26.666 0.0001213757698
26.668 0.0001213445194
26.67 0.0001213168012
26.672 0.0001212920825
26.674 0.0001212702907
26.676 0.000121252652
26.678 0.000121239498
26.68 0.0001212315868
26.682 0.0001212262785
26.684 0.0001212263362
26.686 0.0001212370692
26.688 0.0001212597292
26.69 0.0001213172216
26.692 0.0001213820732
26.694 0.000121453733
26.696 0.0001215373824
26.698 0.0001216387533
26.7 0.0001218845006
26.702 0.0001221272265
26.704 0.0001223652438
26.706 0.0001225973615
26.708 0.0001228240151
26.71 0.0001230423492
26.712 0.0001232528301
26.714 0.0001234556972
26.716 0.0001236496051
26.718 0.0001238336723
26.72 0.000124008631
26.722 0.0001241732928
26.724 0.000124327362
26.726 0.000124471222
26.728 0.0001246040046
26.73 0.0001247784963
26.732 0.0001249613378
26.734 0.0001251386806
26.736 0.0001253172622
26.738 0.0001254914525
26.74 0.0001256600177
26.742 0.0001258221363
26.744 0.0001259781439
26.746 0.0001261270656
26.748 0.0001262682805
26.75 0.0001264026912
26.752 0.0001265488965
26.754 0.0001267024465
26.756 0.000126850039
26.758 0.0001269899512
26.76 0.0001271233636
26.762 0.0001272490463
26.764 0.0001273670798
26.766 0.0001274776627
26.768 0.0001275800571
26.77 0.0001276738838
26.772 0.0001277627622
26.774 0.0001278472531
26.776 0.0001279231755
26.778 0.000127991703
26.78 0.0001280524387
26.782 0.0001281077064
26.784 0.0001281542538
26.786 0.0001281925971
26.788 0.0001282240492
26.79 0.0001282601588
26.792 0.0001283222717
26.794 0.0001283775774
26.796 0.000128425393
26.798 0.0001284654882
26.8 0.000128498943
26.802 0.0001285246765
26.804 0.0001285443574
26.806 0.0001285569855
26.808 0.000128562041
26.81 0.0001285611334
26.812 0.0001285540453
26.814 0.0001285405733
26.816 0.0001285220948
26.818 0.0001284977001
26.82 0.0001284688944
26.822 0.0001284393279
26.824 0.0001284059295
26.826 0.000128368839
26.828 0.0001283276837
26.83 0.0001282824663
26.832 0.0001282345799
26.834 0.0001281832198
26.836 0.0001281299924
26.838 0.000128074512
26.84 0.0001280168485
26.842 0.000127958459
26.844 0.0001278989961
26.846 0.0001278382932
26.848 0.0001277775374
26.85 0.0001277164866
26.852 0.0001276565714
26.854 0.0001275974244
26.856 0.0001275390243
26.858 0.0001274840691
26.86 0.0001274300399
26.862 0.0001273759164
26.864 0.000127325874
26.866 0.0001272781904
26.868 0.0001272341016
26.87 0.0001271931395
26.872 0.0001271551762
26.874 0.000127123775
26.876 0.000127099981
26.878 0.0001270851455
26.88 0.0001271118844
26.882 0.0001271462851
26.884 0.0001272089592
26.886 0.0001272739715
26.888 0.0001273400247
26.89 0.0001274081053
26.892 0.0001274765343
26.894 0.0001275464689
26.896 0.0001276168582
26.898 0.0001276870958
26.9 0.0001277582006
26.902 0.000127829153
26.904 0.0001278993391
26.906 0.0001279698504
26.908 0.0001280399002
26.91 0.000128108449
26.912 0.0001281765894
26.914 0.0001282432758
26.916 0.0001283080383
26.918 0.0001283719163
26.92 0.0001284333879
26.922 0.000128494405
26.924 0.0001285530886
26.926 0.0001286092508
26.928 0.0001286640472
26.93 0.0001287165523
26.932 0.0001287662556
26.934 0.0001288148831
26.936 0.000128861222
26.938 0.0001289051473
26.94 0.0001289622799
26.942 0.0001290189951
26.944 0.0001290761149
26.946 0.0001291288393
26.948 0.0001291798901
26.95 0.000129230412
26.952 0.0001292760757
26.954 0.0001293203177
26.956 0.0001293622778
26.958 0.0001294017865
26.96 0.0001294397491
26.962 0.0001294756063
26.964 0.0001295090277
26.966 0.0001295404291
26.968 0.000129570296
26.97 0.000129598252
26.972 0.0001296278845
26.974 0.0001296555888
26.976 0.0001296819653
26.978 0.0001297063331
26.98 0.0001297301847
26.982 0.0001297523901
26.984 0.0001297735332
26.986 0.0001297938787
26.988 0.0001298135175
26.99 0.0001298329528
26.992 0.0001298510865
26.994 0.0001298695176
26.996 0.0001298876368
26.998 0.0001299050161
27 0.0001299234253
27.002 0.000129941135
27.004 0.000129966377
27.006 0.000129990293
27.008 0.0001300130926
27.01 0.000130034847
27.012 0.0001300570872
27.014 0.0001300787883
27.016 0.0001301002486
27.018 0.0001301220954
27.02 0.0001301432297
27.022 0.0001301679388
27.024 0.0001301961156
27.026 0.0001302272388
27.028 0.0001302607519
27.03 0.0001302954864
27.032 0.0001303325196
27.034 0.0001303710156
27.036 0.0001304108132
27.038 0.0001304532401
27.04 0.0001304969266
27.042 0.0001305440695
27.044 0.0001305933649
27.046 0.0001306437542
27.048 0.0001306967831
27.05 0.0001307509613
27.052 0.0001308066684
27.054 0.0001308640693
27.056 0.0001309221893
27.058 0.0001309825558
27.06 0.0001310439962
27.062 0.0001311075243
27.064 0.0001311782759
27.066 0.000131249172
27.068 0.000131320579
27.07 0.0001313921668
27.072 0.0001314638489
27.074 0.0001315363824
27.076 0.000131608595
27.078 0.0001316806319
27.08 0.0001317550653
27.082 0.0001318281717
27.084 0.0001319013809
27.086 0.0001319747732
27.088 0.0001320474655
27.09 0.0001321195106
27.092 0.0001321920125
27.094 0.0001322634504
27.096 0.0001323340862
27.098 0.000132405019
27.1 0.0001324750449
27.102 0.000132544046
27.104 0.0001326131857
27.106 0.000132681018
27.108 0.0001327478179
27.11 0.0001328144875
27.112 0.0001328800382
27.114 0.0001329420744
27.116 0.0001330043403
27.118 0.0001330663192
27.12 0.0001331268576
27.122 0.000133186233
27.124 0.0001332455881
27.126 0.0001333037274
27.128 0.0001333605249
27.13 0.0001334167197
27.132 0.0001334725363
27.134 0.0001335390039
27.136 0.0001336008283
27.138 0.0001336626661
27.14 0.0001337233428
27.142 0.0001337830935
27.144 0.0001338421742
27.146 0.000133901032
27.148 0.0001339586395
27.15 0.0001340131208
27.152 0.0001340681933
27.154 0.0001341232528
27.156 0.0001341771716
27.158 0.0001342301591
27.16 0.0001342828461
27.162 0.0001343301572
27.164 0.000134383057
27.166 0.0001344283321
27.168 0.0001344746617
27.17 0.0001345209565
27.172 0.000134565747
27.174 0.0001346100387
27.176 0.0001346536928
27.178 0.0001346967019
27.18 0.0001347392498
27.182 0.0001347805398
27.184 0.0001348214283
27.186 0.0001348617057
27.188 0.0001349019677
27.19 0.0001349412609
27.192 0.0001349798278
27.194 0.0001350180339
27.196 0.000135056322
27.198 0.0001350937047
27.2 0.0001351314953
27.202 0.0001351687777
27.204 0.0001352056042
27.206 0.0001352427381
27.208 0.000135278727
27.21 0.0001353146001
27.212 0.0001353502003
27.214 0.0001353860986
27.216 0.0001354210853
27.218 0.0001354555775
27.22 0.0001354900945
27.222 0.0001355244636
27.224 0.0001355590365
27.226 0.0001355929635
27.228 0.0001356264689
27.23 0.0001356600218
27.232 0.0001356934714
27.234 0.0001357268211
27.236 0.0001357606
27.238 0.0001357938445
27.24 0.0001358267377
27.242 0.0001358598548
27.244 0.0001358929617
27.246 0.0001359261417
27.248 0.0001359597533
27.25 0.0001359930005
27.252 0.0001360259297
27.254 0.0001360592073
27.256 0.0001360925593
27.258 0.0001361260221
27.26 0.0001361600746
27.262 0.0001361938374
27.264 0.0001362274413
27.266 0.0001362614435
27.268 0.0001362956318
27.27 0.0001363300098
27.272 0.0001363646095
27.274 0.0001364053136
27.276 0.0001364447428
27.278 0.000136483728
27.28 0.0001365227857
27.282 0.0001365623888
27.284 0.0001366022905
27.286 0.0001366424989
27.288 0.0001366830212
27.29 0.0001367238548
27.292 0.0001367655048
27.294 0.0001368070243
27.296 0.0001368485236
27.298 0.0001368905715
27.3 0.0001369329159
27.302 0.000136975315
27.304 0.0001370178522
27.306 0.00013706063
27.308 0.0001371037828
27.31 0.0001371470078
27.312 0.000137190809
27.314 0.0001372365031
27.316 0.0001372813365
27.318 0.0001373254064
27.32 0.0001373695902
27.322 0.0001374136549
27.324 0.000137457586
27.326 0.0001375013704
27.328 0.0001375454984
27.33 0.0001375889919
27.332 0.0001376323357
27.334 0.0001376756507
27.336 0.0001377186739
27.338 0.0001377614108
27.34 0.000137803831
27.342 0.0001378458946
27.344 0.0001378880699
27.346 0.0001379325066
27.348 0.0001379756368
27.35 0.0001380184233
27.352 0.0001380609572
27.354 0.0001381031658
27.356 0.0001381450044
27.358 0.000138186378
27.36 0.0001382278402
27.362 0.0001382683505
27.364 0.0001383080737
27.366 0.0001383475185
27.368 0.000138386397
27.37 0.000138424686
27.372 0.0001384623685
27.374 0.0001384994198
27.376 0.0001385357853
27.378 0.0001385719509
27.38 0.0001386069803
27.382 0.0001386409819
27.384 0.0001386744573
27.386 0.0001387071593
27.388 0.0001387395909
27.39 0.0001387715401
27.392 0.0001388029999
27.394 0.0001388338972
27.396 0.0001388647392
27.398 0.0001388945577
27.4 0.0001389234961
27.402 0.0001389520581
27.404 0.0001389800047
27.406 0.0001390071066
27.408 0.0001390336816
27.41 0.0001390591268
27.412 0.0001390838098
27.414 0.0001391081592
27.416 0.0001391312237
27.418 0.0001391531474
27.42 0.0001391744457
27.422 0.0001391949299
27.424 0.0001392145335
27.426 0.0001392333299
27.428 0.0001392512883
27.43 0.0001392684284
27.432 0.0001392868172
27.434 0.0001393035273
27.436 0.0001393191507
27.438 0.0001393342439
27.44 0.0001393485648
27.442 0.0001393620471
27.444 0.0001393747629
27.446 0.0001393867333
27.448 0.0001393984442
27.45 0.0001394089725
27.452 0.0001394184768
27.454 0.0001394275093
27.456 0.0001394357942
27.458 0.0001394426397
27.46 0.0001394490705
27.462 0.0001394560117
27.464 0.0001394698366
27.466 0.0001394825607
27.468 0.0001394946933
27.47 0.0001395065158
27.472 0.0001395179251
27.474 0.0001395288953
27.476 0.0001395393959
27.478 0.0001395499808
27.48 0.0001395595196
27.482 0.0001395685602
27.484 0.0001395773529
27.486 0.0001395857767
27.488 0.000139595687
27.49 0.0001396047594
27.492 0.0001396126877
27.494 0.0001396199888
27.496 0.0001396269229
27.498 0.0001396333591
27.5 0.0001396392884
27.502 0.0001396463394
27.504 0.0001396524763
27.506 0.0001396581914
27.508 0.0001396636146
27.51 0.0001396683277
27.512 0.0001396724625
27.514 0.0001396760318
27.516 0.0001396791342
27.518 0.000139681765
27.52 0.0001396844808
27.522 0.0001396859869
27.524 0.0001396873805
27.526 0.0001396883653
27.528 0.0001396890404
27.53 0.0001396893561
27.532 0.0001396893557
27.534 0.0001396890697
27.536 0.0001396943671
27.538 0.0001396968952
27.54 0.0001396990031
27.542 0.0001397009375
27.544 0.0001397035638
27.546 0.000139706038
27.548 0.0001397081785
27.55 0.0001397099923
27.552 0.0001397119942
27.554 0.0001397128943
27.556 0.0001397117403
27.558 0.0001397115421
27.56 0.0001397111806
27.562 0.0001397107062
27.564 0.000139710624
27.566 0.000139709574
27.568 0.0001397085456
27.57 0.0001397073444
27.572 0.0001397059533
27.574 0.0001397043795
27.576 0.0001397031405
27.578 0.0001397009421
27.58 0.000139698767
27.582 0.0001396964811
27.584 0.0001396939783
27.586 0.0001396912912
27.588 0.0001396875268
27.59 0.0001396846789
27.592 0.0001396800384
27.594 0.0001396756772
27.596 0.0001396701379
27.598 0.000139665775
27.6 0.0001396605283
27.602 0.0001396554798
27.604 0.0001396504007
27.606 0.000139645277
27.608 0.0001396406348
27.61 0.000139635166
27.612 0.000139629862
27.614 0.0001396422305
27.616 0.0001396817457
27.618 0.0001397198312
27.62 0.0001397577273
27.622 0.0001397780346
27.624 0.0001398012905
27.626 0.0001398226785
27.628 0.0001398435939
27.63 0.0001398641438
27.632 0.0001398852392
27.634 0.0001399056207
27.636 0.0001399266508
27.638 0.0001399482037
27.64 0.000139971139
27.642 0.0001399940274
27.644 0.0001400181077
27.646 0.0001400431995
27.648 0.0001400716549
27.65 0.0001401000748
27.652 0.0001401294957
27.654 0.0001401595777
27.656 0.0001401901618
27.658 0.0001402217162
27.66 0.0001402547906
27.662 0.0001402875747
27.664 0.0001403212433
27.666 0.0001403554077
27.668 0.0001403905359
27.67 0.0001404249611
27.672 0.0001404597113
27.674 0.000140495097
27.676 0.0001405293386
27.678 0.0001405636275
27.68 0.0001405979801
27.682 0.0001406307874
27.684 0.0001406637392
27.686 0.0001406949287
27.688 0.0001407254508
27.69 0.0001407555879
27.692 0.0001407837302
27.694 0.0001408109797
27.696 0.0001408376766
27.698 0.0001408622341
27.7 0.0001408864473
27.702 0.0001409085012
27.704 0.0001409295762
27.706 0.0001409501025
27.708 0.000140968501
27.71 0.0001409866536
27.712 0.0001410028984
27.714 0.0001410186453
27.716 0.000141034282
27.718 0.0001410483129
27.72 0.0001410626598
27.722 0.0001410755658
27.724 0.0001410883659
27.726 0.0001411015109
27.728 0.0001411135393
27.73 0.0001411263759
27.732 0.0001411382931
27.734 0.0001411512113
27.736 0.0001411634057
27.738 0.0001411768013
27.74 0.0001411896476
27.742 0.0001412038676
27.744 0.000141217698
27.746 0.0001412327339
27.748 0.0001412476424
27.75 0.0001412651679
27.752 0.000141280711
27.754 0.0001412986562
27.756 0.0001413148884
27.758 0.0001413333279
27.76 0.0001413516939
27.762 0.0001413718247
27.764 0.0001413918671
27.766 0.0001414142815
27.768 0.0001414363569
27.77 0.000141460174
27.772 0.0001414838567
27.774 0.0001415092571
27.776 0.0001415344751
27.778 0.0001415613261
27.78 0.000141587925
27.782 0.0001416160737
27.784 0.0001416439157
27.786 0.0001416732282
27.788 0.0001417020943
27.79 0.0001417340869
27.792 0.0001417653548
27.794 0.0001417975712
27.796 0.0001418302482
27.798 0.0001418622417
27.8 0.0001418947087
27.802 0.0001419262153
27.804 0.0001419584471
27.806 0.000141989829
27.808 0.0001420200538
27.81 0.0001420502127
27.812 0.0001420793696
27.814 0.0001421070352
27.816 0.0001421344037
27.818 0.0001421606498
27.82 0.0001421734127
27.822 0.0001421897281
27.824 0.0001422045302
27.826 0.0001422152301
27.828 0.0001422278819
27.83 0.0001422348385
27.832 0.0001422457113
27.834 0.000142252111
27.836 0.0001422566759
27.838 0.0001422653519
27.84 0.0001422704074
27.842 0.0001422754646
27.844 0.0001422791474
27.846 0.0001422878621
27.848 0.0001422944797
27.85 0.0001423004614
27.852 0.0001423120907
27.854 0.0001423194963
27.856 0.0001423327108
27.858 0.0001423434166
27.86 0.0001423610676
27.862 0.0001423779205
27.864 0.0001423959999
27.866 0.0001424160047
27.868 0.0001424441106
27.87 0.0001424679683
27.872 0.000142494072
27.874 0.0001425166761
27.876 0.000142546865
27.878 0.0001425560758
27.88 0.0001425733853
27.882 0.0001425882328
27.884 0.0001426031905
27.886 0.0001426205598
27.888 0.0001426348215
27.89 0.0001426479468
27.892 0.0001426613722
27.894 0.0001426735249
27.896 0.0001426889623
27.898 0.0001427016374
27.9 0.0001427133824
27.902 0.0001427276623
27.904 0.0001427371476
27.906 0.0001427510869
27.908 0.0001427619576
27.91 0.000142772226
27.912 0.0001427820972
27.914 0.0001427911275
27.916 0.0001428003495
27.918 0.0001428088361
27.92 0.0001428205773
27.922 0.0001428291228
27.924 0.000142837055
27.926 0.0001428439781
27.928 0.0001428499704
27.93 0.0001428550194
27.932 0.0001428589969
27.934 0.0001428660716
27.936 0.0001428700365
27.938 0.0001428731555
27.94 0.0001428762244
27.942 0.0001428792833
27.944 0.0001428832052
27.946 0.0001428878347
27.948 0.0001428942119
27.95 0.0001429018442
27.952 0.0001429125053
27.954 0.0001429277852
27.956 0.0001429439606
27.958 0.0001429629558
27.96 0.0001429842216
27.962 0.0001430090281
27.964 0.0001430363603
27.966 0.0001430672326
27.968 0.000143100977
27.97 0.0001431382254
27.972 0.0001431780458
27.974 0.0001432216521
27.976 0.0001432680364
27.978 0.0001433175378
27.98 0.0001433728347
27.982 0.0001434281413
27.984 0.0001434864888
27.986 0.0001435463811
27.988 0.0001436077703
27.99 0.000143675342
27.992 0.0001437421544
27.994 0.0001438095878
27.996 0.0001438766695
27.998 0.0001439443567
28 0.0001440110976
28.002 0.0001440769242
28.004 0.0001441421727
28.006 0.0001442062033
28.008 0.000144247634
28.01 0.0001443150084
28.012 0.0001443774208
28.014 0.0001444154631
28.016 0.0001444782396
28.018 0.0001445100074
28.02 0.0001445656858
28.022 0.0001445897166
28.024 0.0001446373648
28.026 0.0001444247072
28.028 0.0001443251151
28.03 0.0001442676479
28.032 0.0001441931465
28.034 0.0001441521659
28.036 0.000144082504
28.038 0.0001440322604
28.04 0.0001439441581
28.042 0.0001438683739
28.044 0.0001437459816
28.046 0.0001436299097
28.048 0.0001434627714
28.05 0.0001433002306
28.052 0.0001431080597
28.054 0.0001428728299
28.056 0.0001426464967
28.058 0.0001423764941
28.06 0.0001421224958
28.062 0.0001418328815
28.064 0.0001415693683
28.066 0.0001412812326
28.068 0.0001410308861
28.07 0.0001407684165
28.072 0.0001405540266
28.074 0.0001403350464
28.076 0.0001401710111
28.078 0.0001400160639
28.08 0.0001399295924
28.082 0.0001398612754
28.084 0.0001398686828
28.086 0.0001398998324
28.088 0.0001400107741
28.09 0.0001401473592
28.092 0.0001403643993
28.094 0.0001406047724
28.096 0.00014092214
28.098 0.000141258595
28.1 0.0001416661037
28.102 0.0001420850001
28.104 0.0001425450895
28.106 0.0001430561744
28.108 0.0001435635298
28.11 0.0001441172614
28.112 0.0001446556906
28.114 0.0001452071318
28.116 0.0001457804301
28.118 0.0001463202924
28.12 0.0001468768264
28.122 0.000147388708
28.124 0.000147885109
28.126 0.0001483760239
28.128 0.0001488079622
28.13 0.0001492111576
28.132 0.0001495986342
28.134 0.0001499165015
28.136 0.0001501974519
28.138 0.0001504547208
28.14 0.0001506375474
28.142 0.0001507805867
28.144 0.0001508985663
28.146 0.0001509427897
28.148 0.0001509489521
28.15 0.0001509335631
28.152 0.0001508483548
28.154 0.0001507322
28.156 0.0001505808263
28.158 0.0001504186606
28.16 0.000150199908
28.162 0.0001499458873
28.164 0.0001496989855
28.166 0.0001494074801
28.168 0.0001491099433
28.17 0.0001488035651
28.172 0.0001485132841
28.174 0.000148193955
28.176 0.0001478834351
28.178 0.0001475785628
28.18 0.0001472822511
28.182 0.0001470187082
28.184 0.0001467416071
28.186 0.0001464874483
28.188 0.0001462515896
28.19 0.0001460344032
28.192 0.0001458386568
28.194 0.0001456857803
28.196 0.0001455283598
28.198 0.0001454007156
28.2 0.0001452968034
28.202 0.0001452163076
28.204 0.0001451589038
28.206 0.0001451452079
28.208 0.0001451255051
28.21 0.0001451330154
28.212 0.0001451599358
28.214 0.0001452047783
28.216 0.0001452660429
28.218 0.0001453422753
28.22 0.0001454318552
28.222 0.0001455331587
28.224 0.0001456444173
28.226 0.0001457607278
28.228 0.0001459059612
28.23 0.0001460285288
28.232 0.0001461609965
28.234 0.0001462953006
28.236 0.0001464298738
28.238 0.000146563388
28.24 0.000146694586
28.242 0.0001468223266
28.244 0.0001469455872
28.246 0.0001470633964
28.248 0.0001471706193
28.25 0.0001472727216
28.252 0.0001473674741
28.254 0.000147454423
28.256 0.0001475332426
28.258 0.0001476036673
28.26 0.0001476655871
28.262 0.0001477190303
28.264 0.000147764134
28.266 0.0001478010868
28.268 0.0001478302098
28.27 0.0001478522235
28.272 0.0001478669708
28.274 0.0001478746895
28.276 0.000147876123
28.278 0.0001478721452
28.28 0.0001478631953
28.282 0.0001478498531
28.284 0.0001478327311
28.286 0.0001478124747
28.288 0.0001477896577
28.29 0.0001477648829
28.292 0.0001477387436
28.294 0.0001477118202
28.296 0.0001476846225
28.298 0.0001476577611
28.3 0.0001476318932
28.302 0.0001476071848
28.304 0.0001475840716
28.306 0.0001475629832
28.308 0.0001475441564
28.31 0.0001475279163
28.312 0.0001475144366
28.314 0.0001475039586
28.316 0.0001474965935
28.318 0.0001474921819
28.32 0.0001474911595
28.322 0.0001474933359
28.324 0.0001474988012
28.326 0.0001475075105
28.328 0.0001475194778
28.33 0.0001475036469
28.332 0.0001475501333
28.334 0.0001476083459
28.336 0.0001476821415
28.338 0.0001477659555
28.34 0.0001478563858
28.342 0.0001479505717
28.344 0.0001480463134
28.346 0.0001481420155
28.348 0.0001482365651
28.35 0.0001483296112
28.352 0.0001484209258
28.354 0.0001485108176
28.356 0.0001485999546
28.358 0.0001486891287
28.36 0.0001487792902
28.362 0.0001488715999
28.364 0.0001489841384
28.366 0.0001490555772
28.368 0.0001492092961
28.37 0.0001492047259
28.372 0.0001492814244
28.374 0.0001493666156
28.376 0.0001494615394
28.378 0.0001495670536
28.38 0.0001496832989
28.382 0.0001498094272
28.384 0.0001499439547
28.386 0.0001500847492
28.388 0.0001502293893
28.39 0.0001503738344
28.392 0.0001505158595
28.394 0.0001506517509
28.396 0.0001507779987
28.398 0.000150891137
28.4 0.0001509878778
28.402 0.0001510652033
28.404 0.0001511205344
28.406 0.0001511518441
28.408 0.0001511562695
28.41 0.0001511336851
28.412 0.0001510832911
28.414 0.0001510049135
28.416 0.0001508991011
28.418 0.000150766784
28.42 0.0001506096022
28.422 0.000150429612
28.424 0.0001502290855
28.426 0.0001500094292
28.428 0.0001497767141
28.43 0.0001495338213
28.432 0.0001492845908
28.434 0.0001490330249
28.436 0.0001487825997
28.438 0.0001485373852
28.44 0.0001483019062
28.442 0.0001480794874
28.444 0.0001478739765
28.446 0.000147688526
28.448 0.0001475260543
28.45 0.0001473887596
28.452 0.0001472793398
28.454 0.0001471987793
28.456 0.0001471484961
28.458 0.0001471293005
28.46 0.0001471423985
28.462 0.0001471862799
28.464 0.000147261922
28.466 0.0001473669655
28.468 0.000147500061
28.47 0.0001476595888
28.472 0.0001478433412
28.474 0.0001480489282
28.476 0.0001482737298
28.478 0.0001485148625
28.48 0.0001487693377
28.482 0.0001490340763
28.484 0.0001493058692
28.486 0.0001495814971
28.488 0.0001498577512
28.49 0.0001501299848
28.492 0.0001503976006
28.494 0.0001506572793
28.496 0.000150906179
28.498 0.0001511417238
28.5 0.0001513618138
28.502 0.0001515652807
28.504 0.0001517510751
28.506 0.0001519178214
28.508 0.0001520643816
28.51 0.0001521910216
28.512 0.0001523935374
28.514 0.0001525096025
28.516 0.0001525885321
28.518 0.0001526323656
28.52 0.0001526440182
28.522 0.0001526264621
28.524 0.0001525055415
28.526 0.0001523652929
28.528 0.0001522094995
28.53 0.0001520412068
28.532 0.0001518632182
28.534 0.0001516781057
28.536 0.0001514879874
28.538 0.0001513016492
28.54 0.0001511113397
28.542 0.0001509204698
28.544 0.0001507298233
28.546 0.0001505365136
28.548 0.0001503439785
28.55 0.0001501514522
28.552 0.0001499589542
28.554 0.0001497664767
28.556 0.0001495737805
28.558 0.0001493810468
28.56 0.0001491880915
28.562 0.0001489949785
28.564 0.000148801814
28.566 0.0001486089553
28.568 0.0001484166828
28.57 0.0001482254782
28.572 0.0001480359316
28.574 0.0001478487956
28.576 0.0001476701578
28.578 0.0001474943579
28.58 0.0001473234264
28.582 0.0001471579726
28.584 0.0001469993206
28.586 0.0001468487725
28.588 0.0001467076513
28.59 0.0001465771681
28.592 0.0001464585954
28.594 0.0001463531448
28.596 0.0001462619258
28.598 0.0001461859249
28.6 0.0001461260077
28.602 0.0001460828099
28.604 0.0001460569929
28.606 0.0001460489051
28.608 0.000146058709
28.61 0.000146086322
28.612 0.0001461314432
28.614 0.0001461936639
28.616 0.0001462723574
28.618 0.0001463666734
28.62 0.0001464754318
28.622 0.0001465976519
28.624 0.0001468268831
28.626 0.0001470460543
28.628 0.0001472758063
28.63 0.0001475150084
28.632 0.0001477631399
28.634 0.000148014521
28.636 0.0001482689607
28.638 0.0001485215618
28.64 0.000148687129
28.642 0.0001488885469
28.644 0.0001490924676
28.646 0.0001492965497
28.648 0.0001494985926
28.65 0.0001496806111
28.652 0.0001498618328
28.654 0.0001500355958
28.656 0.0001502040699
28.658 0.0001503613373
28.66 0.000150506823
28.662 0.000150637728
28.664 0.0001507545503
28.666 0.0001508575505
28.668 0.0001509418074
28.67 0.0001510090505
28.672 0.000151057387
28.674 0.0001510839718
28.676 0.000151093836
28.678 0.0002098001894
28.68 0.0002799602506
28.682 0.0003416233317
28.684 0.0003936943351
28.686 0.0004359907805
28.688 0.00046845486
28.69 0.0004912492728
28.692 0.000504742061
28.694 0.0005094727249
28.696 0.0005061186429
28.698 0.00049548676
28.7 0.0004784597447
28.702 0.0004559802446
28.704 0.0004290257376
28.706 0.0003985817031
28.708 0.0003656199485
28.71 0.0003310757796
28.712 0.0002958362229
28.714 0.0002607168835
28.716 0.0002264619552
28.718 0.0001937255726
28.72 0.0001985780796
28.722 0.0002056890588
28.724 0.0002115489638
28.726 0.0002153366831
28.728 0.0002170728338
28.73 0.0002168282706
28.732 0.0002147161137
28.734 0.0002108862626
28.736 0.0002055192772
28.738 0.0001984856417
28.74 0.0001905062944
28.742 0.0001816725232
28.744 0.0001766302279
28.746 0.0001773292603
28.748 0.0001776366883
28.75 0.0001779260339
28.752 0.0001781970318
28.754 0.0001780259884
28.756 0.0001774137762
28.758 0.0001763697247
28.76 0.0001749116945
28.762 0.0001730657774
28.764 0.0001708635128
28.766 0.0001683429369
28.768 0.0001655495191
28.77 0.0001625307503
28.772 0.0001593768414
28.774 0.0001636117402
28.776 0.000166762451
28.778 0.0001688632756
28.78 0.0001699706158
28.782 0.000170157965
28.784 0.000169513406
28.786 0.0001681343604
28.788 0.0001661274681
28.79 0.0001636022385
28.792 0.0001604214509
28.794 0.0001570770674
28.796 0.0001535737243
28.798 0.0001500353563
28.8 0.0001464980912
28.802 0.0001430345583
28.804 0.0001443619207
28.806 0.0001481561137
28.808 0.0001514586551
28.81 0.0001542851823
28.812 0.0001565307922
28.814 0.0001583589515
28.816 0.000159864801
28.818 0.0001608985072
28.82 0.0001614831438
28.822 0.0001616470008
28.824 0.0001614257823
28.826 0.0001608496543
28.828 0.0001599530114
28.83 0.0001587729692
28.832 0.000157345395
28.834 0.0001556608474
28.836 0.0001538436879
28.838 0.0001526124312
28.84 0.0001542760944
28.842 0.0001557591701
28.844 0.0001566391579
28.846 0.0001574704089
28.848 0.0001581084191
28.85 0.0001585809841
28.852 0.0001588694633
28.854 0.0001589763713
28.856 0.0001589061015
28.858 0.0001587947684
28.86 0.0001586116435
28.862 0.0001582591656
28.864 0.0001577408544
28.866 0.0001570796002
28.868 0.0001562873873
28.87 0.0001553825773
28.872 0.0001543820455
28.874 0.000153305328
28.876 0.0001521749304
28.878 0.0001522060685
28.88 0.000153025698
28.882 0.0001536298904
28.884 0.0001540497002
28.886 0.0001542620293
28.888 0.000154291863
28.89 0.0001541555021
28.892 0.000153873074
28.894 0.0001534640982
28.896 0.0001529511693
28.898 0.0001523571332
28.9 0.0001516996142
28.902 0.0001510014326
28.904 0.0001502822482
28.906 0.000149568384
28.908 0.000148707585
28.91 0.0001476861583
28.912 0.0001465659737
28.914 0.0001453918228
28.916 0.0001441973716
28.918 0.0001430076514
28.92 0.0001419209125
28.922 0.0001424782182
28.924 0.0001430703869
28.926 0.0001436867511
28.928 0.0001443158882
28.93 0.000144945689
28.932 0.0001455672853
28.934 0.0001461697952
28.936 0.0001467444072
28.938 0.0001472830707
28.94 0.0001477772186
28.942 0.0001482208592
28.944 0.0001515658277
28.946 0.0001560458258
28.948 0.000159416878
28.95 0.0001617264665
28.952 0.0001630375184
28.954 0.0001495483003
28.956 0.0001495327108
28.958 0.0001495159345
28.96 0.0001494019592
28.962 0.0001492505534
28.964 0.0001490103849
28.966 0.0001487389247
28.968 0.0001483861437
28.97 0.0001480150989
28.972 0.0001475730408
28.974 0.0001471007068
28.976 0.0001466196312
28.978 0.0001460880765
28.98 0.0001455458384
28.982 0.000145015007
28.984 0.0001444527176
28.986 0.0001438979204
28.988 0.000143351976
28.99 0.0001428508696
28.992 0.0001423760576
28.994 0.0001418899906
28.996 0.0001414343907
28.998 0.0001410047589
29 0.0001406060748
29.002 0.000140267037
29.004 0.0001399712813
29.006 0.0001397113378
29.008 0.0001394884826
29.01 0.0001393016122
29.012 0.0001391519868
29.014 0.000139036986
29.016 0.0001389555523
29.018 0.0001389053955
29.02 0.0001388847702
29.022 0.000138890182
29.024 0.0001389088415
29.026 0.0001389471223
29.028 0.0001390026294
29.03 0.0001390706744
29.032 0.000139149536
29.034 0.0001392356306
29.036 0.0001393273442
29.038 0.0001394210007
29.04 0.0001395148889
29.042 0.0001396059676
29.044 0.0001396926917
29.046 0.0001397723549
29.048 0.0001398439687
29.05 0.0001399056762
29.052 0.0001399558161
29.054 0.0001399979893
29.056 0.0001400191065
29.058 0.00014003118
29.06 0.0001400290585
29.062 0.0001400109995
29.064 0.0001399760448
29.066 0.0001399237206
29.068 0.0001398599004
29.07 0.0001398014729
29.072 0.000139702512
29.074 0.0001395983346
29.076 0.0001394842884
29.078 0.0001393615165
29.08 0.0001392323778
29.082 0.0001391089264
29.084 0.0001391053001
29.086 0.0001391193474
29.088 0.0001391379404
29.09 0.0001391827221
29.092 0.0001392043945
29.094 0.0001392395659
29.096 0.0001392802502
29.098 0.0001393261884
29.1 0.0001393778991
29.102 0.0001394347533
29.104 0.0001394964829
29.106 0.0001395613513
29.108 0.0001396295531
29.11 0.0001397193002
29.112 0.0001397822981
29.114 0.0001398534974
29.116 0.0001399232347
29.118 0.0001399927708
29.12 0.000140078036
29.122 0.00014018072
29.124 0.0001402945799
29.126 0.0001404143171
29.128 0.000140560216
29.13 0.0001406806265
29.132 0.0001408073903
29.134 0.0001409308907
29.136 0.0001410471703
29.138 0.0001411576031
29.14 0.0001412578704
29.142 0.0001413630812
29.144 0.0001414252317
29.146 0.0001414819351
29.148 0.000141521358
29.15 0.0001415478137
29.152 0.0001415604893
29.154 0.0001415576457
29.156 0.0001415630725
29.158 0.0001415285874
29.16 0.0001414896222
29.162 0.0001414401766
29.164 0.0001413817088
29.166 0.0001413164824
29.168 0.0001412637971
29.17 0.0001411769127
29.172 0.0001410939667
29.174 0.0001410047956
29.176 0.0001409131972
29.178 0.000140840147
29.18 0.0001407441781
29.182 0.0001406541592
29.184 0.0001405649202
29.186 0.0001404781881
29.188 0.0001404114894
29.19 0.0001403214601
29.192 0.0001402429089
29.194 0.0001401721241
29.196 0.0001401029012
29.198 0.0001400580846
29.2 0.0001399922125
29.202 0.0001399390532
29.204 0.0001398871026
29.206 0.0001398371372
29.208 0.0001398081321
29.21 0.0001397551575
29.212 0.00013971069
29.214 0.0001396668492
29.216 0.0001396438835
29.218 0.0001395967541
29.22 0.0001395583175
29.222 0.0001395212599
29.224 0.0001394849643
29.226 0.0001394707122
29.228 0.0001394311025
29.23 0.0001394011511
29.232 0.0001393725802
29.234 0.0001393630891
29.236 0.0001393281003
29.238 0.0001393053834
29.24 0.0001392806727
29.242 0.0001392751059
29.244 0.0001392438951
29.246 0.0001392197041
29.248 0.0001391946681
29.25 0.0001391701149
29.252 0.0001391626932
29.254 0.0001391299335
29.256 0.000139103541
29.258 0.0001390749092
29.26 0.000139064847
29.262 0.000139027252
29.264 0.0001389962624
29.266 0.0001389629953
29.268 0.0001389468203
29.27 0.0001388995805
29.272 0.0001388589846
29.274 0.0001388171979
29.276 0.0001387733458
29.278 0.000138727862
29.28 0.0001386811058
29.282 0.0001386321587
29.284 0.0001386005771
29.286 0.0001385407274
29.288 0.0001384809401
29.29 0.0001384211075
29.292 0.0001383610965
29.294 0.0001382989833
29.296 0.0001382356347
29.298 0.0001381716143
29.3 0.0001381080981
29.302 0.0001380451296
29.304 0.0001379843569
29.306 0.0001379254889
29.308 0.0001378671597
29.31 0.0001378106754
29.312 0.0001377714338
29.314 0.0001377082394
29.316 0.0001376532001
29.318 0.0001375974318
29.32 0.0001375410255
29.322 0.0001374854547
29.324 0.0001374290415
29.326 0.0001373723246
29.328 0.0001373159735
29.33 0.0001372583861
29.332 0.0001372010036
29.334 0.0001371427569
29.336 0.0001370839269
29.338 0.0001370263689
29.34 0.000136966149
29.342 0.0001369064909
29.344 0.0001368472194
29.346 0.000136787291
29.348 0.0001367281803
29.35 0.0001366687283
29.352 0.0001366097153
29.354 0.0001365521553
29.356 0.0001364955974
29.358 0.0001364390177
29.36 0.0001363838247
29.362 0.0001363293643
29.364 0.0001362768198
29.366 0.0001362258113
29.368 0.0001361759041
29.37 0.0001361277155
29.372 0.0001360802347
29.374 0.0001360404187
29.376 0.0001359996129
29.378 0.0001359612467
29.38 0.0001359234507
29.382 0.0001358891931
29.384 0.0001358531253
29.386 0.0001358196824
29.388 0.0001357866441
29.39 0.0001357540561
29.392 0.0001357238799
29.394 0.0001356921337
29.396 0.0001356623175
29.398 0.000135632969
29.4 0.0001356036196
29.402 0.0001355749614
29.404 0.0001355454404
29.406 0.0001355163845
29.408 0.0001354877293
29.41 0.0001354600496
29.412 0.0001354303641
29.414 0.0001353985314
29.416 0.0001353678093
29.418 0.0001353374986
29.42 0.000135305916
29.422 0.0001352751896
29.424 0.000135245041
29.426 0.0001352143119
29.428 0.0001351823644
29.43 0.0001351507964
29.432 0.0001351197918
29.434 0.0001350863215
29.436 0.0001350543874
29.438 0.0001350205547
29.44 0.0001349877285
29.442 0.0001349544391
29.444 0.0001349212441
29.446 0.0001348884551
29.448 0.0001348531904
29.45 0.0001348181014
29.452 0.0001347838247
29.454 0.0001347474263
29.456 0.00013471205
29.458 0.0001346775184
29.46 0.0001346414044
29.462 0.0001346065127
29.464 0.0001345729739
29.466 0.0001345413356
29.468 0.0001345088037
29.47 0.0001344770591
29.472 0.0001344427582
29.474 0.0001344105452
29.476 0.0001343787539
29.478 0.0001343453127
29.48 0.0001349007407
29.482 0.0001352019529
29.484 0.0001354599777
29.486 0.0001356749816
29.488 0.0001358349521
29.49 0.000135940248
29.492 0.0001359613892
29.494 0.0001359454732
29.496 0.0001358846199
29.498 0.0001357825461
29.5 0.000135644908
29.502 0.0001354755996
29.504 0.000135283236
29.506 0.0001350666886
29.508 0.0001348363026
29.51 0.0001345982182
29.512 0.0001343540071
29.514 0.0001341118381
29.516 0.0001338743338
29.518 0.0001336465603
29.52 0.0001334297747
29.522 0.0001332308973
29.524 0.0001330458504
29.526 0.0001328821148
29.528 0.0001327377761
29.53 0.000132613797
29.532 0.0001325093897
29.534 0.0001324250342
29.536 0.0001323581645
29.538 0.0001323110915
29.54 0.0001322775053
29.542 0.0001322598559
29.544 0.0001322530353
29.546 0.0001322578802
29.548 0.0001322778249
29.55 0.0001323007346
29.552 0.0001323261117
29.554 0.0001323557967
29.556 0.0001323825082
29.558 0.0001324099049
29.56 0.0001324327095
29.562 0.0001324344854
29.564 0.0001324369347
29.566 0.0001324342416
29.568 0.000132423878
29.57 0.0001324067766
29.572 0.0001323807631
29.574 0.0001323486119
29.576 0.0001323055077
29.578 0.0001322581215
29.58 0.0001322016172
29.582 0.0001321395026
29.584 0.0001261793547
29.586 0.0001230622984
29.588 0.0001203317589
29.59 0.0001181184564
29.592 0.0001163702394
29.594 0.0001151002299
29.596 0.0001147880588
29.598 0.0001145785469
29.6 0.0001143836179
29.602 0.0001142116816
29.604 0.0001148271601
29.606 0.0001157364185
29.608 0.0001168635598
29.61 0.0001181734986
29.612 0.0001196170317
29.614 0.0001211551738
29.616 0.0001227420486
29.618 0.0001243450532
29.62 0.000125923834
29.622 0.0001274531054
29.624 0.0001289010318
29.626 0.0001302505883
29.628 0.0001314787859
29.63 0.0001325772662
29.632 0.0001335317097
29.634 0.0001343418218
29.636 0.0001350010177
29.638 0.0001355169609
29.64 0.0001358894228
29.642 0.0001361286051
29.644 0.0001362422293
29.646 0.000136245201
29.648 0.000136146395
29.65 0.0001359627817
29.652 0.0001357042989
29.654 0.000135388357
29.656 0.000135024923
29.658 0.0001346307666
29.66 0.0001342157345
29.662 0.0001337944052
29.664 0.0001333728646
29.666 0.0001329635399
29.668 0.0001325699374
29.67 0.0001322016943
29.672 0.0001318595617
29.674 0.0001315504638
29.676 0.0001312737012
29.678 0.0001310303801
29.68 0.0001308159819
29.682 0.0001306307022
29.684 0.0001304694081
29.686 0.0001303543771
29.688 0.0001302305626
29.69 0.0001301360748
29.692 0.0001300733516
29.694 0.0001299954796
29.696 0.0001299331005
29.698 0.0001298931467
29.7 0.0001298269121
29.702 0.0001297653708
29.704 0.0001297190342
29.706 0.0001296344328
29.708 0.0001295522426
29.71 0.000129474959
29.712 0.0001293590336
29.714 0.0001292593011
29.716 0.0001291137797
29.718 0.0001289659528
29.72 0.0001288208031
29.722 0.0001286650812
29.724 0.0001284898691
29.726 0.0001283196776
29.728 0.0001281095521
29.73 0.0001279174353
29.732 0.0001276872274
29.734 0.0001274790646
29.736 0.0001272341664
29.738 0.0001269975063
29.74 0.0001267771376
29.742 0.0001265279413
29.744 0.0001263119668
29.746 0.0001260683428
29.748 0.0001258616711
29.75 0.0001256298255
29.752 0.0001254359482
29.754 0.0001252214897
29.756 0.0001250456394
29.758 0.0001248484556
29.76 0.0001246930406
29.762 0.0001245160355
29.764 0.0001243787876
29.766 0.0001242217028
29.768 0.000124102589
29.77 0.0001239603571
29.772 0.0001238553585
29.774 0.000123723313
29.776 0.0001236270442
29.778 0.0001235067042
29.78 0.000123421021
29.782 0.0001233468569
29.784 0.0001232476151
29.786 0.0001231796437
29.788 0.0001231010613
29.79 0.0001230020096
29.792 0.0001229310793
29.794 0.0001228276472
29.796 0.0001227517315
29.798 0.0001226612715
29.8 0.0001225499075
29.802 0.0001224611669
29.804 0.0001223578886
29.806 0.00012223056
29.808 0.0001221291273
29.81 0.0001220135804
29.812 0.0001218958287
29.814 0.0001217526007
29.816 0.0001216367486
29.818 0.0001215076574
29.82 0.0001213766641
29.822 0.0001212218106
29.824 0.0001210929561
29.826 0.0001209542476
29.828 0.0001208135435
29.83 0.0001206509632
29.832 0.0001205151748
29.834 0.0001203678034
29.836 0.0001202227986
29.838 0.0001200755442
29.84 0.0001199277911
29.842 0.00011975929
29.844 0.0001196194376
29.846 0.0001194690786
29.848 0.0001193211612
29.85 0.0001191688174
29.852 0.0001190190514
29.854 0.0001188686924
29.856 0.0001187187466
29.858 0.0001185687686
29.86 0.0001184180447
29.862 0.0001182492708
29.864 0.0001181144794
29.866 0.0001179711477
29.868 0.0001178276259
29.87 0.0001176839934
29.872 0.0001175400563
29.874 0.0001173958889
29.876 0.0001172514513
29.878 0.0001171067647
29.88 0.0001169607401
29.882 0.0001168178611
29.884 0.0001166715698
29.886 0.0001165245088
29.888 0.0001163771097
29.89 0.0001162299939
29.892 0.0001160829512
29.894 0.0001159361949
29.896 0.0001157897533
29.898 0.000115641979
29.9 0.0001154926116
29.902 0.0001153417242
29.904 0.0001151901629
29.906 0.0001150383369
29.908 0.0001148861847
29.91 0.0001147340426
29.912 0.0001145821116
29.914 0.0001144304873
29.916 0.0001142795148
29.918 0.0001141310169
29.92 0.0001139825039
29.922 0.0001138348681
29.924 0.0001136881076
29.926 0.0001135423438
29.928 0.0001134003693
29.93 0.0001132577056
29.932 0.0001131168157
29.934 0.0001129764006
29.936 0.000112837292
29.938 0.0001126988746
29.94 0.0001125608393
29.942 0.0001124258544
29.944 0.0001122867113
29.946 0.0001121503393
29.948 0.0001120127836
29.95 0.0001118757907
29.952 0.000111741502
29.954 0.0001116025278
29.956 0.0001114663258
29.958 0.0001113313592
29.96 0.0001111919295
29.962 0.0001110540761
29.964 0.0001109175971
29.966 0.0001107769304
29.968 0.0001106372458
29.97 0.0001104987449
29.972 0.0001103604166
29.974 0.00011022966
29.976 0.000110102315
29.978 0.0001099688112
29.98 0.0001098370599
29.982 0.0001097057594
29.984 0.000109569305
29.986 0.0001094329912
29.988 0.0001092974083
29.99 0.0001091561166
29.992 0.000109015084
29.994 0.0001088745755
29.996 0.0001087313986
29.998 0.0001085851712
30 0.000108438596
30.002 0.0001082926771
30.004 0.0001081449873
30.006 0.0001080014014
30.008 0.0001078594846
30.01 0.0001077167302
30.012 0.0001075724778
30.014 0.0001074287917
30.016 0.0001072878861
30.018 0.000107145834
30.02 0.0001070059562
30.022 0.0001068622855
30.024 0.000106719647
30.026 0.0001065797137
30.028 0.0001064385225
30.03 0.0001062952546
30.032 0.0001061525069
30.034 0.0001060130067
30.036 0.0001058721198
30.038 0.0001057315692
30.04 0.0001055910799
30.042 0.0001054488134
30.044 0.0001053070124
30.046 0.0001051685473
30.048 0.0001050287819
30.05 0.0001048901395
30.052 0.0001047510903
30.054 0.0001046123577
30.056 0.0001044713433
30.058 0.0001043305985
30.06 0.00010419306
30.062 0.0001040539666
30.064 0.0001039160823
30.066 0.0001037776602
30.068 0.000103639226
30.07 0.0001034998372
30.072 0.0001033606887
30.074 0.0001032212582
30.076 0.0001030817717
30.078 0.0001029459541
30.08 0.0001028085809
30.082 0.000102669639
30.084 0.0001025339953
30.086 0.0001023959494
30.088 0.0001063715941
30.09 0.00010832315
30.092 0.0001100312341
30.094 0.0001113731823
30.096 0.0001124104074
30.098 0.0001131231557
30.1 0.0001135370401
30.102 0.0001136621979
30.104 0.0001135216606
30.106 0.0001131380011
30.108 0.0001125395941
30.11 0.000111754964
30.112 0.0001108146918
30.114 0.0001097486964
30.116 0.0001085883158
30.118 0.0001073634663
30.12 0.000106102739
30.122 0.0001048327374
30.124 0.0001035777431
30.126 0.0001023593363
30.128 0.0001011947065
30.13 0.0001001011143
30.132 9.909122731e-05
30.134 9.81741104e-05
30.136 9.735764445e-05
30.138 9.700393543e-05
30.14 9.709119757e-05
30.142 9.717772868e-05
30.144 9.726326584e-05
30.146 9.734797712e-05
30.148 9.74319614e-05
30.15 9.751517115e-05
30.152 9.759770328e-05
30.154 9.767958124e-05
30.156 9.776086373e-05
30.158 9.784157853e-05
30.16 9.792166226e-05
30.162 9.800142414e-05
30.164 9.808091243e-05
30.166 9.816018823e-05
30.168 9.823933593e-05
30.17 9.831845551e-05
30.172 9.839761375e-05
30.174 9.847688317e-05
30.176 9.855635368e-05
30.178 9.863590881e-05
30.18 9.871541203e-05
30.182 9.879494256e-05
30.184 9.887996253e-05
30.186 9.896487417e-05
30.188 9.904882733e-05
30.19 9.913185667e-05
30.192 9.921404109e-05
30.194 9.929535875e-05
30.196 9.937586169e-05
30.198 9.945736121e-05
30.2 9.953758597e-05
30.202 9.961707528e-05
30.204 9.96959037e-05
30.206 9.977407619e-05
30.208 9.985490742e-05
30.21 9.993895598e-05
30.212 0.0001000232671
30.214 0.0001001140784
30.216 0.0001020147505
30.218 0.0001038305883
30.22 0.0001052259728
30.222 0.0001061868043
30.224 0.0001067343569
30.226 0.0001068856481
30.228 0.0001066705164
30.23 0.0001061218866
30.232 0.0001052771789
30.234 0.0001041770134
30.236 0.0001028635628
30.238 0.0001013794255
30.24 0.0001012184735
30.242 0.0001012985114
30.244 0.0001013776936
30.246 0.0001014559781
30.248 0.0001015333448
30.25 0.0001016098001
30.252 0.0001016853115
30.254 0.0001017598898
30.256 0.0001018335408
30.258 0.0001019063123
30.26 0.0001019781745
30.262 0.0001020491693
30.264 0.0001021193243
30.266 0.0001021870539
30.268 0.0001022550979
30.27 0.0001023224486
30.272 0.0001023909226
30.274 0.0001024562957
30.276 0.0001025236823
30.278 0.0001025880116
30.28 0.0001026544355
30.282 0.0001027178914
30.284 0.0001027835665
30.286 0.0001028471148
30.288 0.0001029129702
30.29 0.0001029761511
30.292 0.0001030419128
30.294 0.0001031050963
30.296 0.0001031712838
30.298 0.0001032348794
30.3 0.0001032997325
30.302 0.0001033664633
30.304 0.0001034310775
30.306 0.0001035028952
30.308 0.0001035720732
30.31 0.0001036430437
30.312 0.0001037165949
30.314 0.0001037885018
30.316 0.0001038633554
30.318 0.0001039406902
30.32 0.0001040167721
30.322 0.0001040950583
30.324 0.0001041762222
30.326 0.0001042560864
30.328 0.0001043384237
30.33 0.0001044237035
30.332 0.0001045094625
30.334 0.0001045970761
30.336 0.0001046860129
30.338 0.0001047764836
30.34 0.0001048685507
30.342 0.0001049622067
30.344 0.0001050576065
30.346 0.0001051140298
30.348 0.0001051788314
30.35 0.000105244053
30.352 0.0001053088382
30.354 0.0001053745152
30.356 0.0001054418128
30.358 0.0001055111056
30.36 0.0001055826324
30.362 0.0001056571559
30.364 0.000105734759
30.366 0.000105815597
30.368 0.0001058997914
30.37 0.0001059885983
30.372 0.0001060817952
30.374 0.0001061780464
30.376 0.0001062771351
30.378 0.0001063789601
30.38 0.0001064834063
30.382 0.0001065902618
30.384 0.0001066976638
30.386 0.0001068070863
30.388 0.0001069185426
30.39 0.0001070329614
30.392 0.000107146259
30.394 0.0001072634692
30.396 0.0001073786803
30.398 0.0001074977399
30.4 0.0001076142342
30.402 0.0001077333118
30.404 0.0001078496409
30.406 0.0001079717779
30.408 0.0001080894463
30.41 0.0001082087521
30.412 0.0001083242235
30.414 0.0001084407906
30.416 0.000108553034
30.418 0.0001086684702
30.42 0.0001087784404
30.422 0.0001088886588
30.424 0.0001089938834
30.426 0.0001090973895
30.428 0.0001091996626
30.43 0.0001092968388
30.432 0.0001093936223
30.434 0.0001094868497
30.436 0.0001095767271
30.438 0.0001096646779
30.44 0.0001097465436
30.442 0.0001098273843
30.444 0.0001099037398
30.446 0.0001099765859
30.448 0.0001100472485
30.45 0.0001101116558
30.452 0.0001101733092
30.454 0.0001102328077
30.456 0.0001102858849
30.458 0.0001103388159
30.46 0.0001103879906
30.462 0.0001104347727
30.464 0.0001104797128
30.466 0.0001105188348
30.468 0.0001105557447
30.47 0.0001105911512
30.472 0.0001106208949
30.474 0.0001106486836
30.476 0.0001106752491
30.478 0.0001106964937
30.48 0.0001107162003
30.482 0.0001107350137
30.484 0.0001107488689
30.486 0.0001107616226
30.488 0.000110773902
30.49 0.0001107798244
30.492 0.0001107857196
30.494 0.0001107923768
30.496 0.0001107949778
30.498 0.0001107981887
30.5 0.0001108021949
30.502 0.0001108029389
30.504 0.0001108146689
30.506 0.0001108362024
30.508 0.0001108531849
30.51 0.0001108757351
30.512 0.0001108868436
30.514 0.0001108998928
30.516 0.0001109129876
30.518 0.0001109268881
30.52 0.0001109370859
30.522 0.0001109479672
30.524 0.0001109599865
30.526 0.0001109689322
30.528 0.0001109790252
30.53 0.0001109908598
30.532 0.0001110001208
30.534 0.000111010976
30.536 0.00011102413
30.538 0.0001110352064
30.54 0.0001110483302
30.542 0.0001110643481
30.544 0.0001110784473
30.546 0.0001110971497
30.548 0.0001111143843
30.55 0.0001111348672
30.552 0.0001111598593
30.554 0.0001112059635
30.556 0.0001112568881
30.558 0.0001113133999
30.56 0.0001113713424
30.562 0.0001114360304
30.564 0.0001115021565
30.566 0.000111573419
30.568 0.0001116504803
30.57 0.0001117291055
30.572 0.0001118129487
30.574 0.0001119023701
30.576 0.0001119932923
30.578 0.0001120907757
30.58 0.0001121922309
30.582 0.0001123008598
30.584 0.0001124147374
30.586 0.0001125292389
30.588 0.0001126498761
30.59 0.0001127713837
30.592 0.0001128968421
30.594 0.0001130268441
30.596 0.0001131567665
30.598 0.0001132918408
30.6 0.000113426583
30.602 0.0001135644102
30.604 0.0001137058713
30.606 0.0001138462798
30.608 0.0001139907781
30.61 0.0001141338268
30.612 0.0001142804099
30.614 0.000114424961
30.616 0.0001145710894
30.618 0.000114719034
30.62 0.000114864657
30.622 0.0001150127205
30.624 0.0001151579413
30.626 0.0001153053778
30.628 0.0001154493634
30.63 0.0001155932555
30.632 0.0001157379208
30.634 0.0001158789838
30.636 0.0001160212891
30.638 0.0001161595737
30.64 0.0001162989772
30.642 0.000116433996
30.644 0.0001165699116
30.646 0.0001167013782
30.648 0.0001168334021
30.65 0.0002539787088
30.652 0.0003118832838
30.654 0.0003524568751
30.656 0.0003695196748
30.658 0.0003730034842
30.66 0.0003664982827
30.662 0.0003538625622
30.664 0.0003373099681
30.666 0.0003187628685
30.668 0.0003235076154
30.67 0.0003363250682
30.672 0.0003460319078
30.674 0.0003527861184
30.676 0.0003565419757
30.678 0.0003573679737
30.68 0.0003553026347
30.682 0.000350453206
30.684 0.0003428968042
30.686 0.000332778371
30.688 0.0003202154267
30.69 0.0003053870527
30.692 0.0002884434312
30.694 0.000269592828
30.696 0.0002535544585
30.698 0.0002478274719
30.7 0.0002406774958
30.702 0.0002321025029
30.704 0.0002223756242
30.706 0.0002115132896
30.708 0.0001998020203
30.71 0.0001872679249
30.712 0.0001742022472
30.714 0.0001606334889
30.716 0.0001468505605
30.718 0.0001328789795
30.72 0.0001198946821
30.722 0.0001199615316
30.724 0.0001200313074
30.726 0.0001391305415
30.728 0.000160227803
30.73 0.0001800134525
30.732 0.0001983529912
30.734 0.0002151758355
30.736 0.0002303973998
30.738 0.0002439814199
30.74 0.000255880571
30.742 0.0002660881163
30.744 0.0002745886409
30.746 0.0002814022339
30.748 0.0002865413727
30.75 0.0002900495263
30.752 0.0002919641416
30.754 0.0002923501012
30.756 0.000291264113
30.758 0.0002887888196
30.76 0.0002849969251
30.762 0.0002799842086
30.764 0.0002738360763
30.766 0.0002666584197
30.768 0.0002589129497
30.77 0.0002508714175
30.772 0.0002421008047
30.774 0.0002327059538
30.776 0.0002227806962
30.778 0.0002124301996
30.78 0.0002017448851
30.782 0.0001908269947
30.784 0.0001797603507
30.786 0.0001686424882
30.788 0.0001575441269
30.79 0.0001589813187
30.792 0.0001646552102
30.794 0.0001696843418
30.796 0.0001740501856
30.798 0.0001777419217
30.8 0.0001816366326
30.802 0.0001847907864
30.804 0.0001872036946
30.806 0.0001888736862
30.808 0.0001898102272
30.81 0.0001900216813
30.812 0.0001895280727
30.814 0.0001883474281
30.816 0.0001865074006
30.818 0.0001840353804
30.82 0.000180966267
30.822 0.0001773342605
30.824 0.0001731801211
30.826 0.0001685441106
30.828 0.0001634704711
30.83 0.0001580041086
30.832 0.0001521928745
30.834 0.0001460820681
30.836 0.0001397232286
30.838 0.0001331607588
30.84 0.0001288412248
30.842 0.0001284250401
30.844 0.0001279024674
30.846 0.0001271668034
30.848 0.0001275603548
30.85 0.0001277285571
30.852 0.0001276916102
30.854 0.0001274291384
30.856 0.0001269657007
30.858 0.0001262833623
30.86 0.0001263444781
30.862 0.0001264280581
30.864 0.0001265260669
30.866 0.0001266110149
30.868 0.0001267103873
30.87 0.0001267965178
30.872 0.0001268985715
30.874 0.0001269871119
30.876 0.0001270909667
30.878 0.0001271814051
30.88 0.0001272788727
30.882 0.0001273834986
30.884 0.0001274803525
30.886 0.0001275872043
30.888 0.0001276863004
30.89 0.0001277872594
30.892 0.0001279001482
30.894 0.0001280002903
30.896 0.0001281068596
30.898 0.0001282205263
30.9 0.0001283264904
30.902 0.0001284343263
30.904 0.0001285543441
30.906 0.0001286615146
30.908 0.0001287751605
30.91 0.0001288876689
30.912 0.0001290125234
30.914 0.0001291244289
30.916 0.0001292435063
30.918 0.0001293613067
30.92 0.0001294913595
30.922 0.0001296085181
30.924 0.0001297327417
30.926 0.0001298555162
30.928 0.0001299822232
30.93 0.000130106955
30.932 0.0001302437897
30.934 0.0001303675777
30.936 0.0001304979348
30.938 0.0001306269165
30.94 0.0001307596223
30.942 0.0001308907558
30.944 0.0001310254447
30.946 0.0001311583932
30.948 0.0001312948886
30.95 0.0001314378692
30.952 0.0001315757403
30.954 0.0001317151576
30.956 0.0001318574587
30.958 0.0001319977921
30.96 0.0001321407311
30.962 0.0001322811555
30.964 0.0001324244394
30.966 0.0001325649604
30.968 0.0001327090855
30.97 0.0001328499863
30.972 0.0001329941935
30.974 0.0001331354057
30.976 0.0001332792838
30.978 0.0001334201747
30.98 0.00013356376
30.982 0.0001337042422
30.984 0.0001338475847
30.986 0.0001339880123
30.988 0.0001341308854
30.99 0.0001342708411
30.992 0.0001344133583
30.994 0.0001345546269
30.996 0.0001346986972
30.998 0.0001348398377
31 0.0001349834393
31.002 0.0001351244435
31.004 0.0001352638024
31.006 0.0001353995284
31.008 0.0001355379797
31.01 0.0001356734771
31.012 0.000135811479
31.014 0.0001359471914
31.016 0.0001360873642
31.018 0.0001362244991
31.02 0.0001363642123
31.022 0.000136502542
31.024 0.0001366394416
31.026 0.0001367787248
31.028 0.0001369152752
31.03 0.0001370545452
31.032 0.0001371907692
31.034 0.0001373299253
31.036 0.0001374662744
31.038 0.0001376053321
31.04 0.0001377414728
31.042 0.0001378805093
31.044 0.0001380181338
31.046 0.0001381545873
31.048 0.0001382939866
31.05 0.0001384303089
31.052 0.0001385694452
31.054 0.0001387087589
31.056 0.0001388496468
31.058 0.0001389894297
31.06 0.0001391280547
31.062 0.0001392692358
31.064 0.0001394077203
31.066 0.0001395490461
31.068 0.0001396875811
31.07 0.0001398287714
31.072 0.0001399683168
31.074 0.0001401065835
31.076 0.0001402474419
31.078 0.0001403921417
31.08 0.0001405266323
31.082 0.0001406655276
31.084 0.0001408031578
31.086 0.0001409427405
31.088 0.0001410793816
31.09 0.0001412182741
31.092 0.0001413553185
31.094 0.0001414807606
31.096 0.0001416202213
31.098 0.0001417536384
31.1 0.0001418795805
31.102 0.0001420170744
31.104 0.0001421493844
31.106 0.0001422835648
31.108 0.0001424057878
31.11 0.0001425383239
31.112 0.0001426692677
31.114 0.0001427872353
31.116 0.0001429215792
31.118 0.0001430421613
31.12 0.0001431723215
31.122 0.0001432949915
31.124 0.0001434309297
31.126 0.0001435615808
31.128 0.0001436842293
31.13 0.0001438186751
31.132 0.0001439479407
31.134 0.0001440689928
31.136 0.000144201719
31.138 0.0001443295952
31.14 0.0001444487375
31.142 0.0001445795872
31.144 0.0001447043531
31.146 0.0001448211389
31.148 0.0001449492898
31.15 0.0001450618849
31.152 0.000145188966
31.154 0.0001453104368
31.156 0.0001454195884
31.158 0.0001455432964
31.16 0.0001456614923
31.162 0.000145776156
31.164 0.0001458941178
31.166 0.0001460073599
31.168 0.0001461297636
31.17 0.000146246282
31.172 0.0001463519282
31.174 0.0001464699197
31.176 0.000146573743
31.178 0.0001466954865
31.18 0.0001468019743
31.182 0.0001469192528
31.184 0.0001470206529
31.186 0.000147132086
31.188 0.0001472407512
31.19 0.0001473364046
31.192 0.0001474439039
31.194 0.0001475343596
31.196 0.000147638755
31.198 0.000147723692
31.2 0.0001478215921
31.202 0.0001479038976
31.204 0.0001479967229
31.206 0.0001480762017
31.208 0.0001481663371
31.21 0.0001482407807
31.212 0.0001483267192
31.214 0.0001483952171
31.216 0.0001484775674
31.218 0.0001485451638
31.22 0.0001486234374
31.222 0.00014868574
31.224 0.0001487604209
31.226 0.0001488194112
31.228 0.0001488907354
31.23 0.0001489457763
31.232 0.000149011983
31.234 0.0001490615346
31.236 0.0001491226635
31.238 0.0001491668613
31.24 0.0001492122943
31.242 0.0001492666772
31.244 0.0001493040841
31.246 0.000149353005
31.248 0.0001493848707
31.25 0.0001494282016
31.252 0.0001494544957
31.254 0.0001494820608
31.256 0.0001495170376
31.258 0.0001495417519
31.26 0.0001495752146
31.262 0.000149617669
31.264 0.0001496424174
31.266 0.0001496795268
31.268 0.0001496987054
31.27 0.0001497197869
31.272 0.0001497489004
31.274 0.0001497607607
31.276 0.0001497744337
31.278 0.0001497957835
31.28 0.0001498003405
31.282 0.0001498006051
31.284 0.0001498123214
31.286 0.0001498064482
31.288 0.0001498034933
31.29 0.0001498093009
31.292 0.0001497983396
31.294 0.0001497900074
31.296 0.0001497906483
31.298 0.000149774459
31.3 0.0001497622373
31.302 0.0001497587082
31.304 0.0001497388825
31.306 0.0001497217893
31.308 0.0001497032242
31.31 0.0001496942887
31.312 0.0001496683033
31.314 0.0001496459538
31.316 0.0001496329902
31.318 0.0001496054242
31.32 0.0001495810789
31.322 0.0001495550783
31.324 0.0001495394696
31.326 0.0001495080364
31.328 0.0001494805651
31.33 0.0001494505825
31.332 0.0001494319086
31.334 0.0001493975076
31.336 0.0001493672923
31.338 0.0001493361663
31.34 0.0001493161582
31.342 0.0001492809922
31.344 0.0001492504004
31.346 0.0001492306216
31.348 0.000149195993
31.35 0.0001491769211
31.352 0.000149142865
31.354 0.0001491137228
31.356 0.0001490959034
31.358 0.0001490636492
31.36 0.0001490469092
31.362 0.0001490159887
31.364 0.0001490032995
31.366 0.0001489761769
31.368 0.0001489648551
31.37 0.0001489387213
31.372 0.0001489287694
31.374 0.0001489041638
31.376 0.0001488957157
31.378 0.0001488724248
31.38 0.0001488655431
31.382 0.0001488438492
31.384 0.0001488385549
31.386 0.0001488166601
31.388 0.0001488120196
31.39 0.000148791152
31.392 0.0001487875177
31.394 0.0001487692639
31.396 0.0001487675959
31.398 0.0001487515951
31.4 0.0001487519723
31.402 0.0001487379907
31.404 0.0001487404211
31.406 0.0001487285877
31.408 0.000148732836
31.41 0.0001487340808
31.412 0.0001487240794
31.414 0.0001487304777
31.416 0.0001487224976
31.418 0.000148731009
31.42 0.0001487356313
31.422 0.0001487302481
31.424 0.0001487408464
31.426 0.0001487486912
31.428 0.000148747562
31.43 0.0001487607585
31.432 0.0001487717436
31.434 0.000148772205
31.436 0.0001487892135
31.438 0.0001488039948
31.44 0.0001488071651
31.442 0.0001488271899
31.444 0.0001488453742
31.446 0.0001488637493
31.448 0.0001488720009
31.45 0.0001488984706
31.452 0.0001489208097
31.454 0.0001489463568
31.456 0.0001489594669
31.458 0.0001489912555
31.46 0.0001490174903
31.462 0.0001490478115
31.464 0.0001490783846
31.466 0.0001491004413
31.468 0.0001491385491
31.47 0.0001491775846
31.472 0.0001492236752
31.474 0.0001492712621
31.476 0.0001493081038
31.478 0.0001493640214
31.48 0.0001494169706
31.482 0.0001494734078
31.484 0.0001495316335
31.486 0.0001495928397
31.488 0.000149655332
31.49 0.0001497193617
31.492 0.0001497753507
31.494 0.0001498483313
31.496 0.0001499190579
31.498 0.0001499929331
31.5 0.0001500680321
31.502 0.0001501484439
31.504 0.0001502304005
31.506 0.0001503144748
31.508 0.0001503998736
31.51 0.0001504886966
31.512 0.0001505753306
31.514 0.0001506643749
31.516 0.000150756502
31.518 0.000150850644
31.52 0.0001509468386
31.522 0.0001510447593
31.524 0.0001511461142
31.526 0.0001512493371
31.528 0.0001513532835
31.53 0.0001514610035
31.532 0.0001515697078
31.534 0.0001516795967
31.536 0.0001517920996
31.538 0.0001519061607
31.54 0.0001520204422
31.542 0.0001521379029
31.544 0.0001522549692
31.546 0.0001523752106
31.548 0.000152494988
31.55 0.0001526168879
31.552 0.0001527414506
31.554 0.0001528691619
31.556 0.0001529963289
31.558 0.0001531229518
31.56 0.0001532567435
31.562 0.0001533876029
31.564 0.000153521554
31.566 0.0001536533705
31.568 0.0001537859091
31.57 0.0001539204802
31.572 0.00015405444
31.574 0.0001541860596
31.576 0.0001543175005
31.578 0.0001544486456
31.58 0.0001545773955
31.582 0.0001547059451
31.584 0.0001548359226
31.586 0.0001549628143
31.588 0.0001550884127
31.59 0.0001552121771
31.592 0.000155334764
31.594 0.0001554529524
31.596 0.000155569898
31.598 0.0001556836443
31.6 0.0001557954473
31.602 0.000155905725
31.604 0.0001560121314
31.606 0.0001561160128
31.608 0.0001562174117
31.61 0.0001563161239
31.612 0.000156411963
31.614 0.0001565049781
31.616 0.0001565949067
31.618 0.0001566819712
31.62 0.0001567660423
31.622 0.0001568471179
31.624 0.0001569250275
31.626 0.0001569998582
31.628 0.0001570713666
31.63 0.0001571396128
31.632 0.000157204512
31.634 0.0001572659069
31.636 0.000157324049
31.638 0.000157378889
31.64 0.0001574303648
31.642 0.0001574782512
31.644 0.0001575226981
31.646 0.0001575609512
31.648 0.0001575989536
31.65 0.0001576327612
31.652 0.0001576604394
31.654 0.0001576879372
31.656 0.00015770838
31.658 0.0001577287364
31.66 0.0001577420038
31.662 0.0001577552292
31.664 0.0001577641176
31.666 0.0001577670602
31.668 0.0001577698618
31.67 0.0001577658507
31.672 0.0001577617495
31.674 0.0001577507264
31.676 0.0001577397791
31.678 0.000157722069
31.68 0.0001577057241
31.682 0.0001576861029
31.684 0.000157666636
31.686 0.0001576404813
31.688 0.0001576117598
31.69 0.0001575826768
31.692 0.0001575466816
31.694 0.0001575082461
31.696 0.0001574693482
31.698 0.0001574348018
31.7 0.0001573844458
31.702 0.0001573321466
31.704 0.0001572770296
31.706 0.0001572556308
31.708 0.0001572587417
31.71 0.0001572617659
31.712 0.0001572572156
31.714 0.0001572501056
31.716 0.0001572394987
31.718 0.000157225245
31.72 0.0001572188906
31.722 0.0001571968609
31.724 0.0001571760499
31.726 0.0001571527151
31.728 0.0001571254247
31.73 0.0001570942993
31.732 0.0001570593598
31.734 0.0001570320534
31.736 0.0001569888515
31.738 0.0001569446562
31.74 0.0001568962942
31.742 0.0001568458188
31.744 0.0001568334218
31.746 0.0001568174551
31.748 0.0001568753268
31.75 0.0001569475229
31.752 0.0001570221729
31.754 0.0001570943483
31.756 0.0001571641399
31.758 0.0001572425935
31.76 0.0001573022988
31.762 0.0001573641797
31.764 0.0001574232578
31.766 0.0001574796918
31.768 0.0001575447459
31.77 0.0001575907101
31.772 0.000157637625
31.774 0.0001576819286
31.776 0.0001577337804
31.778 0.000157766859
31.78 0.0001578017652
31.782 0.0001578332159
31.784 0.0001578729251
31.786 0.0001578935767
31.788 0.0001579146927
31.79 0.000157944286
31.792 0.0001579544714
31.794 0.0001579662486
31.796 0.0001579748586
31.798 0.0001579917998
31.8 0.0001579894992
31.802 0.0001579888688
31.804 0.0001579963761
31.806 0.0001579862941
31.808 0.0001579795169
31.81 0.0001579820864
31.812 0.0001579667523
31.814 0.0001579543064
31.816 0.0001579510003
31.818 0.0001579295551
31.82 0.0001579109591
31.822 0.000157901509
31.824 0.0001578736826
31.826 0.0001578595757
31.828 0.0001578268292
31.83 0.0001577951985
31.832 0.0001577728651
31.834 0.0001577316179
31.836 0.0001576916917
31.838 0.000157659527
31.84 0.0001576077471
31.842 0.0001575691651
31.844 0.0001575105335
31.846 0.0001574535475
31.848 0.0001574045382
31.85 0.0001573360392
31.852 0.0001572772763
31.854 0.0001572033932
31.856 0.0001571400625
31.858 0.0001570579097
31.86 0.0001569810626
31.862 0.0001569084643
31.864 0.0001568182158
31.866 0.0001567510913
31.868 0.0001566578508
31.87 0.0001565800537
31.872 0.0001564830321
31.874 0.0001564003572
31.876 0.0001562990691
31.878 0.0001562045758
31.88 0.000156115491
31.882 0.0001560098968
31.884 0.0001559193974
31.886 0.000155814272
31.888 0.0001557192362
31.89 0.0001556081507
31.892 0.0001555153739
31.894 0.0001554012337
31.896 0.0001553069432
31.898 0.0001551913868
31.9 0.0001550928591
31.902 0.000154977594
31.904 0.0001548814411
31.906 0.0001547645528
31.908 0.0001546646395
31.91 0.0001545483596
31.912 0.0001544481921
31.914 0.0001543319178
31.916 0.0001542317315
31.918 0.0001541180535
31.92 0.0001540206556
31.922 0.0001539064633
31.924 0.0001538095495
31.926 0.0001536970425
31.928 0.0001536012573
31.93 0.0001534902943
31.932 0.0001534371563
31.934 0.0001535944324
31.936 0.0001537638169
31.938 0.0001539268437
31.94 0.0001540765628
31.942 0.0001542356768
31.944 0.00015439148
31.946 0.0001545576009
31.948 0.0001547223224
31.95 0.0001548985217
31.952 0.0001550861926
31.954 0.0001552576495
31.956 0.0001554537599
31.958 0.000155647842
31.96 0.0001558539767
31.962 0.000156064591
31.964 0.0001562762153
31.966 0.0001564991386
31.968 0.0001567137982
31.97 0.0001569564291
31.972 0.0001571885724
31.974 0.0001574220289
31.976 0.0001576784609
31.978 0.0001579218415
31.98 0.0001581537948
31.982 0.0001583999838
31.984 0.0001586471187
31.986 0.000158869204
31.988 0.0001591085798
31.99 0.0001593547466
31.992 0.0001595726395
31.994 0.0001598040855
31.996 0.0001600239305
31.998 0.0001602321329
32 0.000160420468
32.002 0.0001606520675
32.004 0.000160892016
32.006 0.0001611720476
32.008 0.0001614480388
32.01 0.0001617241755
32.012 0.000162022128
32.014 0.000162328219
32.016 0.0001626129715
32.018 0.0001629157078
32.02 0.0001632116569
32.022 0.0001635111289
32.024 0.0001637816488
32.026 0.0001640644862
32.028 0.0001643363404
32.03 0.0001646009101
32.032 0.0001648457397
32.034 0.0001651077326
32.036 0.000165346945
32.038 0.000165570064
32.04 0.0001658027144
32.042 0.0001660255275
32.044 0.0001662433007
32.046 0.0001664524919
32.048 0.0001666633068
32.05 0.0001668923491
32.052 0.0001671973228
32.054 0.0001675502767
32.056 0.0001679327519
32.058 0.0001683668893
32.06 0.0001688073402
32.062 0.0001692347237
32.064 0.0001696585449
32.066 0.0001700939801
32.068 0.000170517969
32.07 0.0001709309117
32.072 0.0001713291925
32.074 0.0001716977377
32.076 0.0001720604241
32.078 0.0001723941086
32.08 0.0001726556746
32.082 0.0001728272782
32.084 0.0001729321248
32.086 0.0001729827847
32.088 0.0001729821198
32.09 0.0001729424253
32.092 0.0001728713531
32.094 0.0001727786546
32.096 0.0001726620715
32.098 0.0001725559324
32.1 0.0001724477663
32.102 0.0001723495717
32.104 0.000172270432
32.106 0.0001722115323
32.108 0.0001721786903
32.11 0.0001721653119
32.112 0.0001722007145
32.114 0.0001722666634
32.116 0.0001723708754
32.118 0.0001725148111
32.12 0.0001726936943
32.122 0.0001729070446
32.124 0.0001731529645
32.126 0.0001734170496
32.128 0.0001737256247
32.13 0.00017405427
32.132 0.0001744067348
32.134 0.000174775612
32.136 0.0001751469443
32.138 0.0001755401272
32.14 0.0001759385271
32.142 0.0001763369289
32.144 0.0001767296329
32.146 0.0001771112073
32.148 0.0001774677139
32.15 0.000177701683
32.152 0.000177974722
32.154 0.0001782446785
32.156 0.0001785123549
32.158 0.0001787781027
32.16 0.0001790429036
32.162 0.0001793874865
32.164 0.0001797934315
32.166 0.00018012215
32.168 0.0001804055795
32.17 0.0001807021749
32.172 0.0001809986017
32.174 0.0001812990279
32.176 0.0001816072969
32.178 0.0001819235045
32.18 0.0001822493784
32.182 0.0001825979679
32.184 0.0001829596084
32.186 0.0001833279451
32.188 0.0001836987481
32.19 0.0001840675417
32.192 0.0001844307024
32.194 0.0001847819983
32.196 0.0001851151803
32.198 0.0001854373783
32.2 0.0001857221047
32.202 0.0001859959564
32.204 0.0001862407981
32.206 0.0001864521161
32.208 0.0001866519407
32.21 0.00018682012
32.212 0.0001869445767
32.214 0.0001870557337
32.216 0.0001871510962
32.218 0.000187240407
32.22 0.0001873163318
32.222 0.0001875792048
32.224 0.0001878107581
32.226 0.0001880482711
32.228 0.00018828402
32.23 0.0001885174531
32.232 0.0001887457741
32.234 0.0001888683488
32.236 0.0001889326024
32.238 0.0001889831906
32.24 0.0001890158915
32.242 0.0001890397398
32.244 0.0001890818901
32.246 0.0001891615542
32.248 0.0001892727936
32.25 0.0001894155199
32.252 0.000193470275
32.254 0.0001958592423
32.256 0.0001979775314
32.258 0.0001997997903
32.26 0.0002013188826
32.262 0.0002025296906
32.264 0.0002034430521
32.266 0.0002040695559
32.268 0.0002044267407
32.27 0.0002045358398
32.272 0.0002044218566
32.274 0.0002041132881
32.276 0.0002036374026
32.278 0.0002030244379
32.28 0.0002442954546
32.282 0.0003008242101
32.284 0.0003405465673
32.286 0.0003573124323
32.288 0.0003607305882
32.29 0.0003543828482
32.292 0.000341951596
32.294 0.0003256862081
32.296 0.0003073690728
32.298 0.0003085470031
32.3 0.000320939204
32.302 0.0003303282319
32.304 0.0003368259233
32.306 0.0003404149264
32.308 0.0003411355539
32.31 0.0003390479745
32.312 0.0003342312319
32.314 0.0003267848916
32.316 0.0003168270565
32.318 0.0003044942409
32.32 0.0003049154725
32.322 0.0003047141033
32.324 0.0003027695128
32.326 0.0002991610637
32.328 0.000293986164
32.33 0.0002873585765
32.332 0.0002793998679
32.334 0.0002702463693
32.336 0.000260041093
32.338 0.0002489319837
32.34 0.0002370708431
32.342 0.000224610308
32.344 0.000211703251
32.346 0.000202120301
32.348 0.0002024106621
32.35 0.0002026646211
32.352 0.0002028804908
32.354 0.0002030642468
32.356 0.0002032188152
32.358 0.0002033517076
32.36 0.0002034669261
32.362 0.0002040348025
32.364 0.0002206390715
32.366 0.0002356830721
32.368 0.0002491181255
32.37 0.0002609114582
32.372 0.0002710447157
32.374 0.000279513732
32.376 0.0002863276536
32.378 0.0002915081981
32.38 0.0002950886797
32.382 0.0002971134658
32.384 0.000297637047
32.386 0.0002967228816
32.388 0.0002944429147
32.39 0.0002908761425
32.392 0.0002861085028
32.394 0.0002802276317
32.396 0.0002733322138
32.398 0.0002660615176
32.4 0.0002583086303
32.402 0.0002498398857
32.404 0.0002407525736
32.406 0.0002311436687
32.408 0.0002211093752
32.41 0.0002107448719
32.412 0.0002090577463
32.414 0.0002093480582
32.416 0.000209629766
32.418 0.0002098966407
32.42 0.00021016076
32.422 0.0002104132155
32.424 0.0002106568235
32.426 0.0002108912624
32.428 0.0002111034208
32.43 0.0002113191249
32.432 0.000209695054
32.434 0.0002101266706
32.436 0.000210893463
32.438 0.0002120576393
32.44 0.0002135272516
32.442 0.0002152152911
32.444 0.0002170411037
32.446 0.000218932872
32.448 0.0002208181302
32.45 0.000222653595
32.452 0.0002243820408
32.454 0.0002259640092
32.456 0.0002289693186
32.458 0.0002299785912
32.46 0.0002304727837
32.462 0.0002303906062
32.464 0.0002298175286
32.466 0.0002288377066
32.468 0.0002275327643
32.47 0.0002259816137
32.472 0.0002242597635
32.474 0.0002224392444
32.476 0.0002205844096
32.478 0.0002187528968
32.48 0.0002169944556
32.482 0.000215352963
32.484 0.0002138634043
32.486 0.0002125518004
32.488 0.0002114411354
32.49 0.0002105421326
32.492 0.0002098635575
32.494 0.0002094066997
32.496 0.0002091643841
32.498 0.0002091277292
32.5 0.0002092831866
32.502 0.0002096138875
32.504 0.0002101000153
32.506 0.0002107213446
32.508 0.0002114553732
32.51 0.0002121786864
32.512 0.0002130181414
32.514 0.0002139103218
32.516 0.0002148350801
32.518 0.0002157726479
32.52 0.0002167068908
32.522 0.000217616788
32.524 0.0002184933208
32.526 0.000219318672
32.528 0.0002200869416
32.53 0.0002207870095
32.532 0.0002214183005
32.534 0.0002219713792
32.536 0.0002224505328
32.538 0.000222850067
32.54 0.0002231777048
32.542 0.0002234304367
32.544 0.000223618886
32.546 0.0002237445157
32.548 0.0002238138893
32.55 0.0002238345208
32.552 0.0002238120197
32.554 0.0002237536601
32.556 0.0002236666801
32.558 0.0002235324515
32.56 0.0002233952292
32.562 0.0002232495233
32.564 0.0002219079805
32.566 0.0002211251816
32.568 0.000220430791
32.57 0.0002198385949
32.572 0.0002193201769
32.574 0.000218864646
32.576 0.0002184863606
32.578 0.0002181777845
32.58 0.0002179437076
32.582 0.0002177717884
32.584 0.0002176622647
32.586 0.0002176111882
32.588 0.0002176058126
32.59 0.0002176432005
32.592 0.0002177186543
32.594 0.0002178188819
32.596 0.0002179400173
32.598 0.0002180750604
32.6 0.0002182201785
32.602 0.00021836378
32.604 0.0002186357222
32.606 0.0002184167475
32.608 0.0002179499067
32.61 0.0002172690354
32.612 0.0002164139757
32.614 0.0002154136162
32.616 0.000209291256
32.618 0.0002052842892
32.62 0.0002016072797
32.622 0.000198316083
32.624 0.0001954505071
32.626 0.0001930356231
32.628 0.0001910977123
32.63 0.0001896350353
32.632 0.0001886227368
32.634 0.000188061553
32.636 0.0001879195288
32.638 0.0001881734175
32.64 0.0001888096696
32.642 0.0001897880563
32.644 0.000191051216
32.646 0.0001925559764
32.648 0.0001942554685
32.65 0.0001961028938
32.652 0.0001980522319
32.654 0.0002000605936
32.656 0.0002020881256
32.658 0.0002040982367
32.66 0.0002060587081
32.662 0.0002079389761
32.664 0.0002097148984
32.666 0.0002113676154
32.668 0.0002128810347
32.67 0.0002142418417
32.672 0.0002154446626
32.674 0.0002164861267
32.676 0.0002173705237
32.678 0.0002181005838
32.68 0.0002186832625
32.682 0.000219127459
32.684 0.0002194452858
32.686 0.0002196484701
32.688 0.0002197514901
32.69 0.0002197686145
32.692 0.0002197187866
32.694 0.0002196211551
32.696 0.0002194758142
32.698 0.0002193016099
32.7 0.0002191107298
32.702 0.0002189143957
32.704 0.0002187225471
32.706 0.0002185459155
32.708 0.0002183923416
32.71 0.0002182674183
32.712 0.0002181761887
32.714 0.000218120481
32.716 0.000218101704
32.718 0.0002181204721
32.72 0.0002883908099
32.722 0.0003516202422
32.724 0.000406875616
32.726 0.0004536496289
32.728 0.0004916625317
32.73 0.0005208604493
32.732 0.0005413886132
32.734 0.0005535822028
32.736 0.0005579223827
32.738 0.0005550206745
32.74 0.0005455907819
32.742 0.0005304254606
32.744 0.0005103704733
32.746 0.0004863020024
32.748 0.0004590956468
32.75 0.0004296280186
32.752 0.0003987358696
32.754 0.0003672198844
32.756 0.0003358130136
32.758 0.0003051776678
32.76 0.0002758958675
32.762 0.000248465953
32.764 0.0002254286456
32.766 0.0002289356307
32.768 0.0002307942514
32.77 0.0002317864651
32.772 0.0002316272831
32.774 0.0002298078157
32.776 0.000226452386
32.778 0.0002217139027
32.78 0.0002157716962
32.782 0.0002088192484
32.784 0.0002010573557
32.786 0.0001925867916
32.788 0.0001857499697
32.79 0.0001859688677
32.792 0.0001858609413
32.794 0.0001854244394
32.796 0.0001851915057
32.798 0.000185261516
32.8 0.0001950034765
32.802 0.0002044039147
32.804 0.0002132821967
32.806 0.0002214869535
32.808 0.0002288992537
32.81 0.000235426486
32.812 0.0002410052618
32.814 0.000245602599
32.816 0.0002492097574
32.818 0.0002518497218
32.82 0.0002535576749
32.822 0.0002543894768
32.824 0.0002544161029
32.826 0.0002537250801
32.828 0.0002524088273
32.83 0.0002505695249
32.832 0.0002483057446
32.834 0.0002457173547
32.836 0.0002428991658
32.838 0.0002406107192
32.84 0.0002379944526
32.842 0.0002353711922
32.844 0.0002328059832
32.846 0.0002301939281
32.848 0.000227831829
32.85 0.0002257065727
32.852 0.0002238496367
32.854 0.0002223135633
32.856 0.0002211030941
32.858 0.0002191220696
32.86 0.0002173446987
32.862 0.0002158630104
32.864 0.0002145860244
32.866 0.0002134728814
32.868 0.0002124934295
32.87 0.0002122252495
32.872 0.0002117051343
32.874 0.000211147417
32.876 0.0002105277452
32.878 0.0002098453699
32.88 0.0002091259264
32.882 0.000208424425
32.884 0.0002078334444
32.886 0.0002074724578
32.888 0.0002078266016
32.89 0.0002091361261
32.892 0.0002111646075
32.894 0.0002136976151
32.896 0.0002166668879
32.898 0.000220023417
32.9 0.0002236355778
32.902 0.0002273978313
32.904 0.0002312128278
32.906 0.0002350041278
32.908 0.0002387048369
32.91 0.0002422382029
32.912 0.0002455439035
32.914 0.0002485741788
32.916 0.0002512862508
32.918 0.0002536545717
32.92 0.0002556613903
32.922 0.0002572991235
32.924 0.0002585701477
32.926 0.0002594836524
32.928 0.0002600470888
32.93 0.0002602781971
32.932 0.0002602003104
32.934 0.0002598494298
32.936 0.000259245598
32.938 0.0002580288874
32.94 0.0002564213958
32.942 0.0002545019308
32.944 0.0002523420399
32.946 0.0002499878916
32.948 0.0002475410789
32.95 0.0002450702968
32.952 0.0002426176916
32.954 0.0002402402658
32.956 0.0002379832561
32.958 0.0002358847714
32.96 0.0002339748901
32.962 0.0002323976634
32.964 0.0002311074429
32.966 0.0002300990787
32.968 0.0002293621231
32.97 0.0002288815773
32.972 0.0002286384181
32.974 0.0002286108511
32.976 0.0002287803518
32.978 0.0002291214733
32.98 0.0002296049446
32.982 0.000230202696
32.984 0.0002308847879
32.986 0.0002316278061
32.988 0.0002324082525
32.99 0.0002332021499
32.992 0.0002339622434
32.994 0.0002346827898
32.996 0.0002353488852
32.998 0.0002359497413
33 0.0002364763854
33.002 0.0002369233394
33.004 0.0002372873501
33.006 0.0002375680933
33.008 0.0002377671456
33.01 0.0002378927307
33.012 0.000237942712
33.014 0.0002379225252
33.016 0.0002378428436
33.018 0.0002377175634
33.02 0.0002375516458
33.022 0.0002373551434
33.024 0.0002371376473
33.026 0.000236908003
33.028 0.0002366750195
33.03 0.000236446371
33.032 0.0002362578765
33.034 0.0002360777991
33.036 0.0002359174155
33.038 0.0002357609175
33.04 0.0002356389823
33.042 0.000235548023
33.044 0.0002355075675
33.046 0.0002356361335
33.048 0.0002358858718
33.05 0.000236096626
33.052 0.0002363456823
33.054 0.0002365749994
33.056 0.0002368254842
33.058 0.000237034531
33.06 0.0002372397047
33.062 0.0002374271668
33.064 0.0002376157527
33.066 0.0002377534221
33.068 0.0002378829034
33.07 0.000237991046
33.072 0.000238062424
33.074 0.0002381370788
33.076 0.0002381684717
33.078 0.0002381922101
33.08 0.0002382005497
33.082 0.0002381961247
33.084 0.0002380088934
33.086 0.0002377005311
33.088 0.0002373943132
33.09 0.0002370571075
33.092 0.0002367317291
33.094 0.0002363792158
33.096 0.00023604784
33.098 0.0002357369673
33.1 0.0002354714365
33.102 0.0002352275386
33.104 0.0002350368019
33.106 0.0002349203075
33.108 0.0002348212475
33.11 0.0002347848953
33.112 0.0002348246168
33.114 0.0002348818351
33.116 0.0002349922186
33.118 0.0002351608201
33.12 0.0002353383339
33.122 0.0002355560242
33.124 0.0002358323647
33.126 0.0002360975425
33.128 0.0002364044248
33.13 0.0002366948656
33.132 0.0002370191564
33.134 0.0002373183609
33.136 0.0002376225814
33.138 0.0002379368362
33.14 0.0002382147822
33.142 0.0002385120765
33.144 0.0002387497836
33.146 0.0002389860111
33.148 0.0002391689078
33.15 0.0002393548565
33.152 0.0002394898467
33.154 0.0002396304939
33.156 0.0002397220941
33.158 0.0002398220978
33.16 0.0002398768115
33.162 0.0002399437587
33.164 0.0002399696856
33.166 0.0002400077108
33.168 0.000240011217
33.17 0.0002400390531
33.172 0.0002400390497
33.174 0.0002400691123
33.176 0.0002400945001
33.178 0.0002401084874
33.18 0.0002401557013
33.182 0.0002402028016
33.184 0.0002402409676
33.186 0.0002403138394
33.188 0.0002403854345
33.19 0.000240448044
33.192 0.0002405457123
33.194 0.0002406430473
33.196 0.0002407285158
33.198 0.0002409904514
33.2 0.0002413072219
33.202 0.0002416289685
33.204 0.0002419538541
33.206 0.000242307217
33.208 0.0002426541706
33.21 0.0002430034898
33.212 0.0002433519411
33.214 0.0002436610589
33.216 0.0002439741426
33.218 0.0002442514573
33.22 0.0002444991958
33.222 0.0002447131782
33.224 0.0002448744442
33.226 0.0002450229435
33.228 0.00024512848
33.23 0.0002451998204
33.232 0.0002452364097
33.234 0.0002452413654
33.236 0.000245216497
33.238 0.000245164678
33.24 0.0002450806591
33.242 0.0002449668955
33.244 0.0002448609566
33.246 0.0002447321313
33.248 0.0002445968065
33.25 0.0002444520294
33.252 0.0002443062675
33.254 0.0002441579852
33.256 0.0002440102807
33.258 0.0002394727599
33.26 0.0002370237501
33.262 0.0002348767902
33.264 0.0002331151811
33.266 0.0002317116904
33.268 0.000230672195
33.27 0.0002299722653
33.272 0.0002296021121
33.274 0.0002295286885
33.276 0.0002297272316
33.278 0.0002301662861
33.28 0.0002308135035
33.282 0.0002316344045
33.284 0.0002325944982
33.286 0.0002336599657
33.288 0.0002347984303
33.29 0.0002359773139
33.292 0.0002371682395
33.294 0.0002383446554
33.296 0.0002394834
33.298 0.0002405645471
33.3 0.0002415705425
33.302 0.0002424884323
33.304 0.0002433078778
33.306 0.0002440216268
33.308 0.000244628767
33.31 0.0002451298355
33.312 0.0002455232378
33.314 0.0002458002084
33.316 0.0002459754146
33.318 0.000246041446
33.32 0.0002460096525
33.322 0.000245892454
33.324 0.000245701991
33.326 0.0002454523458
33.328 0.0002451548364
33.33 0.00024482166
33.332 0.0002444639132
33.334 0.0002440924755
33.336 0.0002437176998
33.338 0.0002433453773
33.34 0.0002429840488
33.342 0.0002426415769
33.344 0.0002423228574
33.346 0.0002420311682
33.348 0.0002417686669
33.35 0.0002415367193
33.352 0.0002413353484
33.354 0.0002411639893
33.356 0.0002410208265
33.358 0.0002409035012
33.36 0.0002408093097
33.362 0.0002407348756
33.364 0.0002406762871
33.366 0.0002406303056
33.368 0.0002405930434
33.37 0.0002405609312
33.372 0.0002405302625
33.374 0.0002405236368
33.376 0.0002404978509
33.378 0.0002404617059
33.38 0.0002404125474
33.382 0.0002403469351
33.384 0.0002402680626
33.386 0.0002401745463
33.388 0.0002400655022
33.39 0.0002399406633
33.392 0.0002398006008
33.394 0.0002396626488
33.396 0.0002394880623
33.398 0.0002393085798
33.4 0.0002391320143
33.402 0.0002389243354
33.404 0.000238718601
33.406 0.0002385249193
33.408 0.0002383067188
33.41 0.0002380949563
33.412 0.0002379003419
33.414 0.0002382125504
33.416 0.0002383086471
33.418 0.0002383873796
33.42 0.0002384136316
33.422 0.0002384273558
33.424 0.0002383868415
33.426 0.000238337948
33.428 0.0002382375943
33.43 0.0002381331904
33.432 0.0002379826971
33.434 0.0002378185297
33.436 0.000237652445
33.438 0.0002374510826
33.44 0.000237267535
33.442 0.0002370481417
33.444 0.0002368479975
33.446 0.0002366244778
33.448 0.0002364261611
33.45 0.0002362070694
33.452 0.0002360170458
33.454 0.0002358282025
33.456 0.0002356354129
33.458 0.0002354747594
33.46 0.0002353054812
33.462 0.0002351698978
33.464 0.0002350406556
33.466 0.0002349098898
33.468 0.0002348119011
33.47 0.0002347188211
33.472 0.0002346227177
33.474 0.0002345561919
33.476 0.0002344795585
33.478 0.000234416425
33.48 0.0002343593981
33.482 0.0002342935703
33.484 0.0002342525755
33.486 0.0002342079009
33.488 0.0002341653763
33.49 0.0002341315278
33.492 0.0002340799906
33.494 0.0002340460911
33.496 0.0002340023071
33.498 0.0002339639138
33.5 0.0002339390965
33.502 0.0002339070823
33.504 0.0002338721183
33.506 0.000233833851
33.508 0.0002337906181
33.51 0.0002337419668
33.512 0.000233686837
33.514 0.0002336248538
33.516 0.0002335555584
33.518 0.0002334790404
33.52 0.0002333957415
33.522 0.0002333062033
33.524 0.0002332104238
33.526 0.000233109368
33.528 0.0002330033398
33.53 0.0002329050231
33.532 0.0002329009315
33.534 0.000232878012
33.536 0.0002328478085
33.538 0.0002327958803
33.54 0.0002327274929
33.542 0.0002326427148
33.544 0.0002325416396
33.546 0.0002324259925
33.548 0.0002322967655
33.55 0.0002314495399
33.552 0.000230894732
33.554 0.0002303828933
33.556 0.0002299154372
33.558 0.0002295003875
33.56 0.0002291580013
33.562 0.0002288691284
33.564 0.0002286550237
33.566 0.000228476994
33.568 0.0002283459913
33.57 0.0002282558705
33.572 0.0002282042604
33.574 0.0002281856954
33.576 0.0002281892809
33.578 0.0002282241181
33.58 0.0002282776354
33.582 0.0002283455205
33.584 0.0002284222552
33.586 0.0002285024338
33.588 0.0002285831131
33.59 0.000228661868
33.592 0.0002287357713
33.594 0.0002288005633
33.596 0.0002288539508
33.598 0.0002288949658
33.6 0.0002289215962
33.602 0.0002289331647
33.604 0.0002289294752
33.606 0.0002288872401
33.608 0.00022884217
33.61 0.0002287821811
33.612 0.0002289241639
33.614 0.0002292623434
33.616 0.0002296260984
33.618 0.0002331385829
33.62 0.0002351463808
33.622 0.0002368993147
33.624 0.0002382942003
33.626 0.0002394137144
33.628 0.0002402012334
33.63 0.000240688687
33.632 0.000240882406
33.634 0.0002408051807
33.636 0.0002404784974
33.638 0.0002399282446
33.64 0.0002391830064
33.642 0.0002382729612
33.644 0.0002372292096
33.646 0.0002360831184
33.648 0.0002348645945
33.65 0.00023361511
33.652 0.0002323466321
33.654 0.000231087448
33.656 0.0002298590959
33.658 0.0002286622322
33.66 0.0002275424482
33.662 0.0002265065394
33.664 0.0002255654171
33.666 0.0002247241491
33.668 0.0002239910688
33.67 0.0002233669753
33.672 0.0002228250697
33.674 0.0002223739828
33.676 0.000222003269
33.678 0.0002217046584
33.68 0.0002214775524
33.682 0.0002213257434
33.684 0.000221233866
33.686 0.0002211981642
33.688 0.0002212072898
33.69 0.0002212583805
33.692 0.0002213457544
33.694 0.0002214601558
33.696 0.0002215932859
33.698 0.0002217373087
33.7 0.0002218869092
33.702 0.0002220314143
33.704 0.0002222286797
33.706 0.0002225088848
33.708 0.0002228334134
33.71 0.0002231877918
33.712 0.0002235588063
33.714 0.0002239343991
33.716 0.0002243031125
33.718 0.0002246553031
33.72 0.0002249841985
33.722 0.0002252779764
33.724 0.000225527538
33.726 0.0002258603605
33.728 0.0002260434498
33.73 0.0002260805327
33.732 0.0002259834378
33.734 0.0002257630261
33.736 0.0002254316181
33.738 0.0002250013571
33.74 0.0002244883331
33.742 0.0002239061444
33.744 0.0002232697034
33.746 0.0002225927304
33.748 0.000221889057
33.75 0.0002211743213
33.752 0.0002204730098
33.754 0.0002197733638
33.756 0.0002190930883
33.758 0.0002184397705
33.76 0.0002178202081
33.762 0.0002172396395
33.764 0.0002167028492
33.766 0.0002162113502
33.768 0.0002157784648
33.77 0.0002154290829
33.772 0.0002151056251
33.774 0.0002148272659
33.776 0.0002145875108
33.778 0.000214382574
33.78 0.0002142120213
33.782 0.0002140673265
33.784 0.0002139496137
33.786 0.0002138494885
33.788 0.000213766974
33.79 0.0002136972875
33.792 0.0002136367403
33.794 0.0002135833321
33.796 0.0002135282966
33.798 0.0002134184827
33.8 0.0002133215319
33.802 0.0002132243387
33.804 0.0002131211139
33.806 0.0002130137463
33.808 0.0002129014761
33.81 0.0002127840579
33.812 0.0002126596135
33.814 0.0002125278383
33.816 0.0002123890802
33.818 0.0002122436931
33.82 0.000212092474
33.822 0.0002119351073
33.824 0.0002117732391
33.826 0.0002116062759
33.828 0.0002114376509
33.83 0.0002112664372
33.832 0.000211090717
33.834 0.0002109169214
33.836 0.0002107430773
33.838 0.0002105702941
33.84 0.0002103976656
33.842 0.0002102302619
33.844 0.0002100638171
33.846 0.0002098985754
33.848 0.0002097378068
33.85 0.0002095793028
33.852 0.0002094227024
33.854 0.0002092695283
33.856 0.0002091188237
33.858 0.0002089688056
33.86 0.0002088219446
33.862 0.000208676554
33.864 0.0002085302568
33.866 0.0002083858812
33.868 0.000208241372
33.87 0.0002080910849
33.872 0.0002079457402
33.874 0.0002077945621
33.876 0.0002076423506
33.878 0.0002074884815
33.88 0.0002073317508
33.882 0.0002071719889
33.884 0.0002070111248
33.886 0.0002068451056
33.888 0.0002111557472
33.89 0.0002134468219
33.892 0.0002151649363
33.894 0.0002164330276
33.896 0.0002172209009
33.898 0.000217564947
33.9 0.0002174837879
33.902 0.0002170196744
33.904 0.0002162101304
33.906 0.0002150987332
33.908 0.0002137350847
33.91 0.000212166408
33.912 0.0002104378363
33.914 0.0002085982322
33.916 0.0002066910434
33.918 0.0002047573999
33.92 0.0002028345086
33.922 0.0002009580317
33.924 0.0001991553439
33.926 0.0001974541388
33.928 0.0001958753246
33.93 0.0001944318512
33.932 0.0001931356971
33.934 0.0001919958599
33.936 0.000191014545
33.938 0.0001901924488
33.94 0.0001895270929
33.942 0.0001890099366
33.944 0.000188633123
33.946 0.0001883869632
33.948 0.0001882599289
33.95 0.0001882389519
33.952 0.0001883098607
33.954 0.0001884590944
33.956 0.0001886728081
33.958 0.0001889371319
33.96 0.0001892378056
33.962 0.0001895634374
33.964 0.0001899025505
33.966 0.0001902448509
33.968 0.0001905797694
33.97 0.0001909007677
33.972 0.0001911998532
33.974 0.0001914731801
33.976 0.0001917175432
33.978 0.0001919290965
33.98 0.0001921052693
33.982 0.0001922483596
33.984 0.0001923569816
33.986 0.0001924337851
33.988 0.0001924791265
33.99 0.0001924972501
33.992 0.0001924902319
33.994 0.0001924615921
33.996 0.0001924151088
33.998 0.0001923541657
34 0.0001922807924
34.002 0.0001922001628
34.004 0.0001921142983
34.006 0.0001920261309
34.008 0.0001919385368
34.01 0.000191852096
34.012 0.0001917705473
34.014 0.000191693391
34.016 0.0001916222429
34.018 0.0001915563445
34.02 0.0001914969305
34.022 0.0001914434563
34.024 0.0001913942378
34.026 0.0001913507939
34.028 0.0001913087557
34.03 0.0001913206678
34.032 0.00019129416
34.034 0.0001912697484
34.036 0.0001912350174
34.038 0.0001911923628
34.04 0.0001911396666
34.042 0.0001910778929
34.044 0.0001910047548
34.046 0.0001909227354
34.048 0.0001908264182
34.05 0.0001907185134
34.052 0.0001906082186
34.054 0.0001904795269
34.056 0.0001903474359
34.058 0.00019019445
34.06 0.0001900330748
34.062 0.0001898598957
34.064 0.0001896556952
34.066 0.0001894704296
34.068 0.0001892735187
34.07 0.0001890765603
34.072 0.0001888725171
34.074 0.0001886947162
34.076 0.0001884854934
34.078 0.0001882756414
34.08 0.0001880537023
34.082 0.000187827316
34.084 0.0001875934685
34.086 0.0001873553428
34.088 0.0001871138465
34.09 0.0001868671059
34.092 0.0001866168321
34.094 0.0001863576254
34.096 0.0001861071061
34.098 0.0001858638337
34.1 0.0001856140617
34.102 0.0001853605528
34.104 0.000185109821
34.106 0.0001848626555
34.108 0.0001846175653
34.11 0.0001843733385
34.112 0.0001841330054
34.114 0.000183894169
34.116 0.0001836574262
34.118 0.0001834232847
34.12 0.0001831926437
34.122 0.0001829623634
34.124 0.0001827348495
34.126 0.0001825102867
34.128 0.0001822859379
34.13 0.0001820624524
34.132 0.0001818414399
34.134 0.0001816192427
34.136 0.00018139594
34.138 0.0001811567612
34.14 0.0001809232913
34.142 0.0001806850544
34.144 0.000180448212
34.146 0.000180211414
34.148 0.0001799700502
34.15 0.0001797211805
34.152 0.0001794693857
34.154 0.0001792157183
34.156 0.0001789591774
34.158 0.0001786968551
34.16 0.0001784362452
34.162 0.0001781746475
34.164 0.000177911201
34.166 0.0001776467235
34.168 0.0001773826426
34.17 0.0001771168352
34.172 0.0001768502099
34.174 0.0001765892395
34.176 0.0001763409828
34.178 0.0001761018654
34.18 0.0001758709162
34.182 0.0001756470917
34.184 0.0001754283132
34.186 0.0001752023903
34.188 0.000174966688
34.19 0.0001747218495
34.192 0.0001744689701
34.194 0.0001742015561
34.196 0.0001739308394
34.198 0.0001736528766
34.2 0.000173368558
34.202 0.0001730790814
34.204 0.0001727862431
34.206 0.000172488471
34.208 0.0001721871422
34.21 0.0001718836143
34.212 0.0001715778197
34.214 0.0001712698194
34.216 0.000170958064
34.218 0.00017064616
34.22 0.0001703344944
34.222 0.0001700236006
34.224 0.0001697147001
34.226 0.0001694075309
34.228 0.0001691010495
34.23 0.000168797668
34.232 0.0001684964218
34.234 0.0001681973476
34.236 0.0001679009158
34.238 0.0001676075237
34.24 0.0001673179683
34.242 0.0001670339711
34.244 0.0001667544588
34.246 0.0001664830964
34.248 0.0001662175028
34.25 0.0001659564846
34.252 0.0001656997757
34.254 0.0001654492931
34.256 0.0001652046571
34.258 0.0001649929219
34.26 0.0001647845727
34.262 0.0001645754642
34.264 0.0001643677046
34.266 0.0001641600203
34.268 0.0001639492922
34.27 0.000170356457
34.272 0.0001764289417
34.274 0.0001811644933
34.276 0.0001856673617
34.278 0.000189159122
34.28 0.0001918703512
34.282 0.0001936643782
34.284 0.0001946300034
34.286 0.0001947875234
34.288 0.0001942394894
34.29 0.0001930637283
34.292 0.0001913265746
34.294 0.0001891171482
34.296 0.0001865249736
34.298 0.0001836373115
34.3 0.0001805440086
34.302 0.0001773279191
34.304 0.0001740646326
34.306 0.0001708243585
34.308 0.0001676638659
34.31 0.0001646358483
34.312 0.0001617845275
34.314 0.0001591462205
34.316 0.0001567388293
34.318 0.0001545816486
34.32 0.0001526838015
34.322 0.0001510477237
34.324 0.0001496685881
34.326 0.0001485385809
34.328 0.00014764302
34.33 0.0001469671586
34.332 0.0001464922648
34.334 0.000146196849
34.336 0.0001460663675
34.338 0.0001460665001
34.34 0.0001461791629
34.342 0.000146373719
34.344 0.0001466338803
34.346 0.0001469382118
34.348 0.0001472670661
34.35 0.0001476030399
34.352 0.0001479295478
34.354 0.0001482325503
34.356 0.0001485022221
34.358 0.0001487271747
34.36 0.0001489002355
34.362 0.0001490275952
34.364 0.0001490890029
34.366 0.0001490910797
34.368 0.0001490333371
34.37 0.000148913908
34.372 0.0001487452289
34.374 0.0001485282879
34.376 0.0001482698435
34.378 0.0001479760951
34.38 0.0001476472725
34.382 0.0001473013555
34.384 0.0001469405993
34.386 0.000146575123
34.388 0.0001462080167
34.39 0.0001458471843
34.392 0.0001454988052
34.394 0.0001451642759
34.396 0.0001448498546
34.398 0.0001445557283
34.4 0.0001442844649
34.402 0.0001440366072
34.404 0.0001438155754
34.406 0.0001436160695
34.408 0.0001434400637
34.41 0.000143283777
34.412 0.0001431459507
34.414 0.0001430268706
34.416 0.0001429184363
34.418 0.0001428200803
34.42 0.0001427273374
34.422 0.0001426400957
34.424 0.0001425529654
34.426 0.0001424731089
34.428 0.0001423834125
34.43 0.0001422855011
34.432 0.0001421778583
34.434 0.0001420566446
34.436 0.0001419218876
34.438 0.0001417698818
34.44 0.0001416009929
34.442 0.0001414156065
34.444 0.0001412111304
34.446 0.0001409902578
34.448 0.0001407505344
34.45 0.0001404944913
34.452 0.0001402244069
34.454 0.0001399384251
34.456 0.0001396482005
34.458 0.0001393397997
34.46 0.0001390230199
34.462 0.000138695419
34.464 0.0001383598567
34.466 0.0001380199204
34.468 0.0001376739331
34.47 0.0001373297191
34.472 0.0001369826245
34.474 0.0001366356334
34.476 0.0001362862181
34.478 0.0001359445798
34.48 0.0001356027292
34.482 0.0001352634967
34.484 0.0001349277684
34.486 0.0001345929297
34.488 0.0001343117002
34.49 0.0001340034405
34.492 0.0001337015368
34.494 0.0001334007356
34.496 0.0001331002135
34.498 0.0001328031851
34.5 0.0001325074309
34.502 0.0001289939426
34.504 0.000127332857
34.506 0.0001253905983
34.508 0.0001237381074
34.51 0.0001220355302
34.512 0.0001204560529
34.514 0.0001189363659
34.516 0.0001175392432
34.518 0.0001162572404
34.52 0.0001151185403
34.522 0.0001141215863
34.524 0.0001132817133
34.526 0.000112592576
34.528 0.000112057674
34.53 0.0001116840821
34.532 0.0001102876187
34.534 0.0001094655626
34.536 0.0001085343072
34.538 0.0001079119479
34.54 0.0001080313855
34.542 0.0001082966696
34.544 0.0001085590015
34.546 0.0001088275675
34.548 0.0001090938478
34.55 0.0001093567777
34.552 0.0001096189357
34.554 0.0001098756149
34.556 0.0001101333854
34.558 0.0001109849822
34.56 0.000111913825
34.562 0.0001128679464
34.564 0.0001138214116
34.566 0.0001147678718
34.568 0.0001156805018
34.57 0.0001165694183
34.572 0.0001173585087
34.574 0.0001180758145
34.576 0.0001187045292
34.578 0.0001192312053
34.58 0.0001196649274
34.582 0.0001199860146
34.584 0.0001202180929
34.586 0.0001203531901
34.588 0.0001204010628
34.59 0.0001203639754
34.592 0.0001202550219
34.594 0.0001200764548
34.596 0.0001198359213
34.598 0.0001195463828
34.6 0.0001192134151
34.602 0.0001188489192
34.604 0.0001184590158
34.606 0.0001180490315
34.608 0.000117633188
34.61 0.0001177490263
34.612 0.0001180198104
34.614 0.0001182914964
34.616 0.000118559287
34.618 0.0001188239515
34.62 0.0001190898961
34.622 0.0001193521723
34.624 0.0001196120792
34.626 0.0001198735303
34.628 0.0001201313474
34.63 0.0001203872607
34.632 0.0001206566902
34.634 0.0001209094843
34.636 0.0001211628243
34.638 0.0001214147697
34.64 0.0001216672753
34.642 0.0001219218559
34.644 0.0001221739725
34.646 0.0001224248608
34.648 0.0001226763325
34.65 0.0001229297689
34.652 0.0001231811164
34.654 0.0001234310029
34.656 0.0001237087759
34.658 0.0001240191216
34.66 0.0001243268189
34.662 0.0001246331894
34.664 0.0001249593627
34.666 0.0001252901628
34.668 0.0001256206268
34.67 0.0001259430805
34.672 0.0001262606477
34.674 0.0001265737449
34.676 0.0001268814112
34.678 0.0001271868116
34.68 0.0001274823324
34.682 0.0001277683655
34.684 0.0001280462228
34.686 0.0001283325777
34.688 0.0001285906779
34.69 0.0001288460582
34.692 0.0001290933655
34.694 0.0001293326008
34.696 0.0001295634288
34.698 0.000129785712
34.7 0.0001299992382
34.702 0.0001302173072
34.704 0.0001304455883
34.706 0.0001306825156
34.708 0.0001308927239
34.71 0.000131101328
34.712 0.0001313039536
34.714 0.0001314987079
34.716 0.0001316863875
34.718 0.0001318838909
34.72 0.0001320849733
34.722 0.000132259086
34.724 0.0001324311672
34.726 0.0001325958028
34.728 0.0001327522978
34.73 0.0001329022808
34.732 0.0001330592018
34.734 0.0001331889913
34.736 0.0001333163486
34.738 0.0001334363352
34.74 0.0001335492428
34.742 0.0001336697572
34.744 0.000133763138
34.746 0.00013385476
34.748 0.0001339590215
34.75 0.0001340756732
34.752 0.0001341666241
34.754 0.000134255709
34.756 0.0001343374972
34.758 0.0001344271846
34.76 0.0001344918819
34.762 0.0001345553047
34.764 0.0001346166854
34.766 0.0001346847155
34.768 0.0001347291032
34.77 0.0001347725158
34.772 0.0001348107718
34.774 0.0001348582306
34.776 0.000134881875
34.778 0.000134905981
34.78 0.0001349393175
34.782 0.0001349631237
34.784 0.0001349896907
34.786 0.0001350250535
34.788 0.000135037992
34.79 0.0001350513135
34.792 0.0001350606344
34.794 0.0001350798823
34.796 0.0001350772844
34.798 0.0001350767233
34.8 0.0001350861763
34.802 0.0001350750434
34.804 0.0001350659664
34.806 0.0001350681485
34.808 0.0001350501136
34.81 0.0001350486487
34.812 0.0001350273344
34.814 0.0001350095103
34.816 0.0001350039887
34.818 0.0001349796711
34.82 0.0001349595857
34.822 0.0001349583095
34.824 0.0001349896603
34.826 0.0001350308575
34.828 0.0001350912541
34.83 0.0001351362955
34.832 0.0001352139582
34.834 0.000135275787
34.836 0.0001354204248
34.838 0.0001355831337
34.84 0.0001357278307
34.842 0.0001358950699
34.844 0.0001360436831
34.846 0.0001362140176
34.848 0.0001363659854
34.85 0.0001365230569
34.852 0.0001366957819
34.854 0.0001368479825
34.856 0.0001370229718
34.858 0.0001371765488
34.86 0.0001373489812
34.862 0.0001374997081
34.864 0.0001376691737
34.866 0.0001378163005
34.868 0.0001379810402
34.87 0.0001381227389
34.872 0.0001382816691
34.874 0.0001384168466
34.876 0.0001385685786
34.878 0.0001386961669
34.88 0.0001388398979
34.882 0.0001389590601
34.884 0.0001390939166
34.886 0.0001392032162
34.888 0.0001393280876
34.89 0.00013942776
34.892 0.0001395426791
34.894 0.0001396324788
34.896 0.0001397375283
34.898 0.0001398172242
34.9 0.0001399122194
34.902 0.0001399849734
34.904 0.0001400726468
34.906 0.0001401337975
34.908 0.0001402112862
34.91 0.0001402786262
34.912 0.0001403257166
34.914 0.0001403890264
34.916 0.0001404278503
34.918 0.0001404831956
34.92 0.0001405292438
34.922 0.000140556936
34.924 0.0001406014972
34.926 0.0001406378379
34.928 0.0001406569527
34.93 0.0001406933678
34.932 0.0001407220681
34.934 0.0001407344069
34.936 0.0001407653959
34.938 0.0001407902449
34.94 0.0001407991893
34.942 0.0001408276381
34.944 0.0001408498456
34.946 0.0001408583505
34.948 0.0001408867719
34.95 0.0001409104091
34.952 0.0001409361784
34.954 0.0001409470151
34.956 0.0001409806293
34.958 0.0001410107119
34.96 0.0001410433469
34.962 0.0001410634985
34.964 0.0001411058422
34.966 0.0001411466866
34.968 0.0001411897829
34.97 0.0001412372111
34.972 0.0001412739461
34.974 0.0001413334238
34.976 0.0001413912449
34.978 0.0001414691174
34.98 0.0001415485908
34.982 0.0001416186786
34.984 0.0001417135862
34.986 0.0001418083926
34.988 0.0001419095306
34.99 0.000142013945
34.992 0.0001421245461
34.994 0.0001422396603
34.996 0.0001423454521
34.998 0.0001424752398
35 0.0001426044817
35.002 0.0001427380932
35.004 0.0001428760888
35.006 0.000143024017
35.008 0.0001431790281
35.01 0.0001433401205
35.012 0.000143504717
35.014 0.0001436737365
35.016 0.0001438477294
35.018 0.0001440237026
35.02 0.0001442026295
35.022 0.0001443846911
35.024 0.0001445706848
35.026 0.0001447593926
35.028 0.0001449511022
35.03 0.0001451452673
35.032 0.0001453429872
35.034 0.0001455436869
35.036 0.0001457482845
35.038 0.0001459554635
35.04 0.0001461629365
35.042 0.000146373572
35.044 0.0001465856005
35.046 0.0001467996447
35.048 0.0001470149623
35.05 0.0001472313129
35.052 0.0001474498842
35.054 0.0001476681081
35.056 0.0001478863028
35.058 0.0001481051842
35.06 0.0001483243844
35.062 0.0001485448198
35.064 0.0001487633115
35.066 0.0001489827167
35.068 0.0001492025912
35.07 0.0001494210104
35.072 0.0001496391015
35.074 0.0001498567146
35.076 0.000150072927
35.078 0.0001502878708
35.08 0.0001504996908
35.082 0.0001507111828
35.084 0.0001509216605
35.086 0.0001511352788
35.088 0.0001513464324
35.09 0.0001515560684
35.092 0.0001517641122
35.094 0.0001519693985
35.096 0.0001521745013
35.098 0.000152377078
35.1 0.0001525775448
35.102 0.0001527762296
35.104 0.0001529738966
35.106 0.0001531688043
35.108 0.0001533611853
35.11 0.00015355135
35.112 0.000153738447
35.114 0.0001539098604
35.116 0.0001540810722
35.118 0.0001542491223
35.12 0.0001544147296
35.122 0.0001545762179
35.124 0.0001547363923
35.126 0.0001548933285
35.128 0.0001550492355
35.13 0.0001551920984
35.132 0.0001553379502
35.134 0.0001554805426
35.136 0.0001556223312
35.138 0.0001557627216
35.14 0.0001559017898
35.142 0.0001560384424
35.144 0.0001561743342
35.146 0.0001563086313
35.148 0.0001564461959
35.15 0.0001565764789
35.152 0.0001567118059
35.154 0.0001568437041
35.156 0.0001569692356
35.158 0.0001571079426
35.16 0.0001572431998
35.162 0.0001573772266
35.164 0.0001575104722
35.166 0.0001576559318
35.168 0.0001577780627
35.17 0.0001579111777
35.172 0.0001580384194
35.174 0.0001581782746
35.176 0.0001582981919
35.178 0.000158421233
35.18 0.0001585444207
35.182 0.0001586769353
35.184 0.0001587922101
35.186 0.0001589107563
35.188 0.0001590410189
35.19 0.0001591528657
35.192 0.0001592689781
35.194 0.000159395498
35.196 0.0001595049322
35.198 0.0001596180896
35.2 0.0001597432354
35.202 0.0001598502241
35.204 0.0001599617758
35.206 0.0001600840806
35.208 0.0001601896846
35.21 0.0001602990628
35.212 0.0001604202555
35.214 0.0001605243638
35.216 0.0001606323565
35.218 0.0001607518952
35.22 0.0001608547966
35.222 0.0001609740564
35.224 0.000161076504
35.226 0.00016118281
35.228 0.0001613016275
35.23 0.0001614029644
35.232 0.0001615209854
35.234 0.0001616223048
35.236 0.0001617398891
35.238 0.0001618416386
35.24 0.0001619592125
35.242 0.0001620606692
35.244 0.0001621664003
35.246 0.0001622825731
35.248 0.0001623829656
35.25 0.0001624994976
35.252 0.0001626020544
35.254 0.0001627207038
35.256 0.0001628227694
35.258 0.0001629433919
35.26 0.0001630465035
35.262 0.0001631663548
35.264 0.0001632706461
35.266 0.0001633926145
35.268 0.0001634986569
35.27 0.0001636250789
35.272 0.0001637367239
35.274 0.0001638636491
35.276 0.00016398863
35.278 0.0001640992331
35.28 0.0001642275817
35.282 0.0001643419634
35.284 0.0001644717951
35.286 0.0001645989504
35.288 0.0001647135246
35.29 0.0001648426586
35.292 0.0001649694257
35.294 0.0001650843535
35.296 0.0001652151771
35.298 0.0001653417449
35.3 0.0001654567623
35.302 0.0001655878234
35.304 0.000165715037
35.306 0.0001658408259
35.308 0.0001659554495
35.31 0.0001660868053
35.312 0.0001662134542
35.314 0.0001663402169
35.316 0.0001664560688
35.318 0.0001665866595
35.32 0.0001667183071
35.322 0.0001668491193
35.324 0.000166980101
35.326 0.0001671017506
35.328 0.0001672386807
35.33 0.0001673716492
35.332 0.0001675044883
35.334 0.0001676373821
35.336 0.0001677574808
35.338 0.000167893483
35.34 0.0001680250954
35.342 0.0001681562764
35.344 0.0001682869067
35.346 0.000168417527
35.348 0.0001685463561
35.35 0.0001686758597
35.352 0.0001687944946
35.354 0.0001689279532
35.356 0.0001690576832
35.358 0.0001691876245
35.36 0.0001693176329
35.362 0.0001694485607
35.364 0.0001695797479
35.366 0.0001697069031
35.368 0.0001698359039
35.37 0.000169965036
35.372 0.0001700941654
35.374 0.0001702233666
35.376 0.0001703650019
35.378 0.000170504612
35.38 0.0001706444987
35.382 0.0001707843346
35.384 0.0001709247129
35.386 0.000171057362
35.388 0.0001711919226
35.39 0.0001713262558
35.392 0.0001714603296
35.394 0.0001715937616
35.396 0.0001717260226
35.398 0.0001718575658
35.4 0.000171988834
35.402 0.0001721186531
35.404 0.0001722534966
35.406 0.0001723852241
35.408 0.0001725176349
35.41 0.0001726487573
35.412 0.0001727796992
35.414 0.0001729090939
35.416 0.0001730382646
35.418 0.0001731670855
35.42 0.0001732936531
35.422 0.0001734201174
35.424 0.0001735453198
35.426 0.0001736696342
35.428 0.0001737919697
35.43 0.0001739136051
35.432 0.0001740343154
35.434 0.0001741530343
35.436 0.0001742709642
35.438 0.0001743875373
35.44 0.0001745037692
35.442 0.0001746190929
35.444 0.000174733053
35.446 0.0001748434735
35.448 0.0001749536598
35.45 0.0001750629366
35.452 0.0001751706818
35.454 0.0001752774027
35.456 0.0001753842074
35.458 0.0001754890646
35.46 0.0001755929068
35.462 0.0001756960756
35.464 0.0001758024024
35.466 0.0001759058457
35.468 0.0001760075794
35.47 0.0001761080835
35.472 0.0001762075347
35.474 0.0001763038528
35.476 0.000176399181
35.478 0.0001764892557
35.48 0.0001765840994
35.482 0.0001766762266
35.484 0.0001767670858
35.486 0.0001768567079
35.488 0.0001769455036
35.49 0.0001770336468
35.492 0.0001771204237
35.494 0.0001772062872
35.496 0.0001772916639
35.498 0.0001773758121
35.5 0.0001774593358
35.502 0.0001775420995
35.504 0.0001776243936
35.506 0.0001777057601
35.508 0.0001777865007
35.51 0.0001778669479
35.512 0.0001779473537
35.514 0.0001780269237
35.516 0.0001781065431
35.518 0.0001781860923
35.52 0.0001782656252
35.522 0.0001783452967
35.524 0.0001784246368
35.526 0.0001785042899
35.528 0.0001785841611
35.53 0.0001786642574
35.532 0.0001787444622
35.534 0.0001788246275
35.536 0.0001789047565
35.538 0.0001789862871
35.54 0.0001790678915
35.542 0.000179150057
35.544 0.0001792331332
35.546 0.0001793160852
35.548 0.0001794207579
35.55 0.0001795389018
35.552 0.000179657803
35.554 0.0001797775354
35.556 0.0001798970182
35.558 0.0001800183438
35.56 0.0001801393879
35.562 0.0001802606714
35.564 0.0001803824333
35.566 0.0001805037134
35.568 0.0001806253445
35.57 0.0001807464956
35.572 0.0001808680137
35.574 0.0001809886988
35.576 0.0001811096672
35.578 0.0001812309348
35.58 0.0001813516825
35.582 0.0001814720791
35.584 0.0001815912236
35.586 0.0001817098398
35.588 0.0001818282544
35.59 0.0001819453819
35.592 0.00018206181
35.594 0.0001821778475
35.596 0.000182292417
35.598 0.0001824062899
35.6 0.0001825192529
35.602 0.000182630516
35.604 0.0001827332186
35.606 0.0001828353024
35.608 0.0001829362595
35.61 0.0001830344114
35.612 0.0001831324262
35.614 0.0001832278509
35.616 0.0001833208173
35.618 0.0001834128558
35.62 0.0001835038821
35.622 0.0001835931053
35.624 0.0001836803191
35.626 0.0001837666298
35.628 0.0001838512839
35.63 0.0001839326892
35.632 0.0001840134451
35.634 0.0001840929725
35.636 0.0001841836276
35.638 0.0001842605681
35.64 0.0001843468367
35.642 0.0001844216121
35.644 0.0001845058091
35.646 0.0001845799216
35.648 0.0001846616319
35.65 0.0001847405842
35.652 0.0001848210596
35.654 0.0001848970073
35.656 0.0001849839195
35.658 0.0001850469816
35.66 0.0001851334935
35.662 0.0001852028663
35.664 0.0001852810303
35.666 0.0001853519591
35.668 0.0001854362718
35.67 0.0001855032782
35.672 0.0001855793844
35.674 0.0001856489521
35.676 0.0001857314897
35.678 0.0001857978872
35.68 0.0001858794165
35.682 0.0001859378276
35.684 0.0001860234982
35.686 0.0001861017511
35.688 0.0001861684402
35.69 0.0001862507518
35.692 0.0001863290364
35.694 0.0001864076383
35.696 0.0001864673304
35.698 0.0001865532843
35.7 0.0001866329809
35.702 0.0001867132738
35.704 0.0001867822373
35.706 0.0001868675304
35.708 0.0001869493985
35.71 0.0001870323474
35.712 0.0001871155311
35.714 0.0001871996534
35.716 0.0001872727159
35.718 0.0001873629451
35.72 0.0001874515737
35.722 0.0001875408297
35.724 0.000187631269
35.726 0.0001877226455
35.728 0.0001878145787
35.73 0.000187907604
35.732 0.0001880016227
35.734 0.0001880964366
35.736 0.0001881802241
35.738 0.0001882796043
35.74 0.0001883761735
35.742 0.0001884735835
35.744 0.0001885687774
35.746 0.0001886654479
35.748 0.000188762803
35.75 0.0001888607779
35.752 0.0001889593183
35.754 0.0001890579044
35.756 0.0001891571472
35.758 0.0001892750012
35.76 0.0001893915489
35.762 0.0001895206963
35.764 0.0001896473885
35.766 0.0001897748257
35.768 0.0001899028003
35.77 0.000190030934
35.772 0.0001901628056
35.774 0.0001902948119
35.776 0.0001904263309
35.778 0.0001905567921
35.78 0.0001906871422
35.782 0.0001908170341
35.784 0.0001909465904
35.786 0.0001910749828
35.788 0.0001912021479
35.79 0.0001913281205
35.792 0.0001914528179
35.794 0.0001915761377
35.796 0.0001916989073
35.798 0.0001918201295
35.8 0.0001919401384
35.802 0.0001920588493
35.804 0.000192176186
35.806 0.0001922921789
35.808 0.000192406875
35.81 0.0001925201251
35.812 0.0001926320853
35.814 0.0001927428482
35.816 0.0001928521454
35.818 0.0001929615152
35.82 0.0001930711072
35.822 0.0001931660319
35.824 0.0001932657737
35.826 0.0001933847863
35.828 0.0001934956894
35.83 0.0001935961247
35.832 0.0001937004968
35.834 0.0001938045432
35.836 0.0001939087984
35.838 0.0001940130565
35.84 0.0001941153616
35.842 0.0001942180904
35.844 0.0001943266245
35.846 0.0001944277758
35.848 0.0001945359945
35.85 0.0001946418396
35.852 0.000194747119
35.854 0.0001948520328
35.856 0.0001949564703
35.858 0.0001950598845
35.86 0.0001951630665
35.862 0.0001953014269
35.864 0.0001956876118
35.866 0.0001960513973
35.868 0.0001963999803
35.87 0.0001967356154
35.872 0.0001970635231
35.874 0.0001973852114
35.876 0.0001977046323
35.878 0.0001980234451
35.88 0.0001983463439
35.882 0.0001986759046
35.884 0.000199012481
35.886 0.0001993625004
35.888 0.000199723391
35.89 0.00020009782
35.892 0.0002004865766
35.894 0.0002008893818
35.896 0.0002013067994
35.898 0.0002017392467
35.9 0.0002021857274
35.902 0.0002026455111
35.904 0.0002030989788
35.906 0.0002035701873
35.908 0.0002040522525
35.91 0.0002045434185
35.912 0.0002050419792
35.914 0.0002055437703
35.916 0.0002060539542
35.918 0.0002065649866
35.92 0.0002070788748
35.922 0.0002075956186
35.924 0.0002081103172
35.926 0.0002086241307
35.928 0.0002091359573
35.93 0.0002096447504
35.932 0.0002101511395
35.934 0.0002106510062
35.936 0.0002111475275
35.938 0.0002116363287
35.94 0.0002121145404
35.942 0.0002125851939
35.944 0.0002130481124
35.946 0.0002135052895
35.948 0.0002139524056
35.95 0.0002143966034
35.952 0.0002148371388
35.954 0.0002152686487
35.956 0.0002156971439
35.958 0.0002161235093
35.96 0.0002165447712
35.962 0.0002169649383
35.964 0.0002173854697
35.966 0.0002178031229
35.968 0.0002182212686
35.97 0.0002186397061
35.972 0.0002190587744
35.974 0.000219471532
35.976 0.0002198873779
35.978 0.0002203050084
35.98 0.0002207238111
35.982 0.0002211400958
35.984 0.0002215601791
35.986 0.0002219831392
35.988 0.0002224053827
35.99 0.0002228287892
35.992 0.0002232531986
35.994 0.0002236788177
35.996 0.0002241097723
35.998 0.0002235306898
36 0.0002234434024
36.002 0.0002234052819
36.004 0.0002234446447
36.006 0.0002235489484
36.008 0.0002237188827
36.01 0.0002239504924
36.012 0.0002242256114
36.014 0.0002245607281
36.016 0.0002249473571
36.018 0.0002253798673
36.02 0.000225853694
36.022 0.0002263630143
36.024 0.0002269031919
36.026 0.000227467853
36.028 0.0002280519149
36.03 0.0002286506889
36.032 0.0002292588967
36.034 0.0002298736226
36.036 0.0002304866228
36.038 0.0002310992455
36.04 0.0002317052789
36.042 0.0002323028632
36.044 0.0002328898935
36.046 0.0002334638143
36.048 0.0002340241055
36.05 0.0002345698449
36.052 0.0002351003442
36.054 0.0002356177083
36.056 0.0002361192351
36.058 0.000236606132
36.06 0.0002370791897
36.062 0.0002375394551
36.064 0.000237988191
36.066 0.0002384260905
36.068 0.0002388544242
36.07 0.0002392742013
36.072 0.000239686426
36.074 0.0002400924517
36.076 0.0002404932136
36.078 0.000240889656
36.08 0.0002412828956
36.082 0.0002416687879
36.084 0.0002420546019
36.086 0.000242428479
36.088 0.0002428174218
36.09 0.0002432028771
36.092 0.0002435775584
36.094 0.0002439679716
36.096 0.0002443427612
36.098 0.0002447243724
36.1 0.0002450958071
36.102 0.0002454837271
36.104 0.0002458699531
36.106 0.0002462569485
36.108 0.0002466329165
36.11 0.0002470257027
36.112 0.0002474157696
36.114 0.0002478039151
36.116 0.0002481838251
36.118 0.0002485767087
36.12 0.0002489679571
36.122 0.0002493563776
36.124 0.000249744688
36.126 0.0002501195878
36.128 0.0002505096417
36.13 0.0002508937065
36.132 0.0002512772201
36.134 0.0002516574729
36.136 0.0002520377971
36.138 0.0002524052739
36.14 0.0002527863639
36.142 0.000253164563
36.144 0.0002534466883
36.146 0.000253591245
36.148 0.0002537606839
36.15 0.0002539643217
36.152 0.0002541928504
36.154 0.0002544585271
36.156 0.0002547439265
36.158 0.0002550524329
36.16 0.0002553958221
36.162 0.0002558270821
36.164 0.0002562514593
36.166 0.0002566979168
36.168 0.0002571497549
36.17 0.0002576183155
36.172 0.0002580851611
36.174 0.000258563583
36.176 0.0002590351078
36.178 0.0002595133482
36.18 0.0002599802406
36.182 0.000260451304
36.184 0.0002609126104
36.186 0.0002613606896
36.188 0.0002618076665
36.19 0.0002622424112
36.192 0.0002623953477
36.194 0.0002631078477
36.196 0.0002635367351
36.198 0.0002640056535
36.2 0.0002643846879
36.202 0.0002647772951
36.204 0.0002651022311
36.206 0.0002654461784
36.208 0.000265729639
36.21 0.0002660387573
36.212 0.0002662974456
36.214 0.0002665912129
36.216 0.000266871003
36.218 0.0002671139071
36.22 0.0002674089251
36.222 0.0002676944299
36.224 0.0002679868232
36.226 0.0002682536068
36.228 0.0002685703213
36.23 0.0002688850113
36.232 0.0002691825368
36.234 0.0002695295197
36.236 0.000269873482
36.238 0.0002701912981
36.24 0.0002705558453
36.242 0.0002709101439
36.244 0.0002712629793
36.246 0.000271584352
36.248 0.0002719438091
36.25 0.0002722893205
36.252 0.0002726311669
36.254 0.000272942974
36.256 0.0002733005929
36.258 0.0002736505299
36.26 0.000274001996
36.262 0.0002743241286
36.264 0.0002746693916
36.266 0.000275011764
36.268 0.0002753555038
36.27 0.0002756701861
36.272 0.0002760281124
36.274 0.0002763772372
36.276 0.0002767266695
36.278 0.0002770777932
36.28 0.0002774010713
36.282 0.0002777690818
36.284 0.0002781310595
36.286 0.0002785084962
36.288 0.0002788713492
36.29 0.0002792462533
36.292 0.0002795997451
36.294 0.000279993821
36.296 0.0002803808732
36.298 0.000280767802
36.3 0.0002811443822
36.302 0.0002815212907
36.304 0.0002818924392
36.306 0.0002822581676
36.308 0.0002826171289
36.31 0.0002829384916
36.312 0.0002832955411
36.314 0.0002836354735
36.316 0.0002839673274
36.318 0.0002842921232
36.32 0.0002846097577
36.322 0.0002849312266
36.324 0.0002852487642
36.326 0.0002855529885
36.328 0.0002858512734
36.33 0.0002861433065
36.332 0.000286432978
36.334 0.0002867204532
36.336 0.0002870085544
36.338 0.0002873034924
36.34 0.0002876056409
36.342 0.0002879185144
36.344 0.0002882432288
36.346 0.0002885798996
36.348 0.0002889279321
36.35 0.0002892873784
36.352 0.000289656664
36.354 0.0002900397749
36.356 0.0002904679161
36.358 0.0002908572258
36.36 0.0002912034314
36.362 0.0002914321458
36.364 0.0002916468389
36.366 0.0002918710905
36.368 0.0002920800714
36.37 0.0002923033589
36.372 0.0002925122997
36.374 0.0002927358664
36.376 0.0002929473037
36.378 0.0002931746673
36.38 0.0002933861229
36.382 0.0002936162847
36.384 0.0002938333316
36.386 0.0002940701628
36.388 0.0002942922688
36.39 0.0002945390374
36.392 0.0002948074462
36.394 0.0002950836251
36.396 0.0002953530294
36.398 0.0002956456603
36.4 0.0002959300118
36.402 0.000296224544
36.404 0.0002965209095
36.406 0.0002968378507
36.408 0.0002971567617
36.41 0.0002974698687
36.412 0.000297802806
36.414 0.0002982708226
36.416 0.0002988332819
36.418 0.0003045005786
36.42 0.0003083271413
36.422 0.0003116748773
36.424 0.0003145903518
36.426 0.0003170455486
36.428 0.0003190704788
36.43 0.0003206697014
36.432 0.0003218495977
36.434 0.000322632058
36.436 0.000323036648
36.438 0.0003231225703
36.44 0.0003229097525
36.442 0.0003224421301
36.444 0.0003202204543
36.446 0.0003183411838
36.448 0.0003164246235
36.45 0.0003144154178
36.452 0.0003124339183
36.454 0.0003105088494
36.456 0.0003082926113
36.458 0.0003063682676
36.46 0.0003046392201
36.462 0.0003031325819
36.464 0.0003018869752
36.466 0.0003008746189
36.468 0.0003001392942
36.47 0.0003001520988
36.472 0.0003001699971
36.474 0.0003003606557
36.476 0.0003007471251
36.478 0.0003012764266
36.48 0.0003019573817
36.482 0.000302735394
36.484 0.0003036193405
36.486 0.0003045532187
36.488 0.0003055479386
36.49 0.0003065460599
36.492 0.0003075651095
36.494 0.0003085528942
36.496 0.0003095271316
36.498 0.0003104484262
36.5 0.0003113035638
36.502 0.000312110773
36.504 0.0003128294614
36.506 0.0003134901583
36.508 0.0003140712627
36.51 0.0003145693158
36.512 0.0003150089999
36.514 0.0003153748043
36.516 0.0003156531881
36.518 0.0003158830285
36.52 0.0003160459548
36.522 0.0003161623559
36.524 0.0003162260737
36.526 0.0003162745608
36.528 0.0003162923943
36.53 0.0003162915655
36.532 0.0003162805628
36.534 0.000316254072
36.536 0.0003162475684
36.538 0.0003162468159
36.54 0.0003162569668
36.542 0.0003162926604
36.544 0.0003163586878
36.546 0.0003164442011
36.548 0.0003165793709
36.55 0.0003167453546
36.552 0.0003169439143
36.554 0.0003171740418
36.556 0.0003174338278
36.558 0.0003177225292
36.56 0.0003180359804
36.562 0.0003183712203
36.564 0.0003187250066
36.566 0.0003190940261
36.568 0.0003194744179
36.57 0.0003198687633
36.572 0.0003202645232
36.574 0.0003206601183
36.576 0.0003210557053
36.578 0.0003214465109
36.58 0.00031899193
36.582 0.0003194855853
36.584 0.0003204963129
36.586 0.0003221055176
36.588 0.0003241816073
36.59 0.0003293208315
36.592 0.0003318560059
36.594 0.0003340024662
36.596 0.0003355942165
36.598 0.0003366760144
36.6 0.000337294859
36.602 0.000337502042
36.604 0.0003373513103
36.606 0.0003369049572
36.608 0.0003362081015
36.61 0.0003353174002
36.612 0.0003342848698
36.614 0.0003331594532
36.616 0.0003319883205
36.618 0.0003308135006
36.62 0.0003296703984
36.622 0.0003285918681
36.624 0.0003276038129
36.626 0.0003267297755
36.628 0.0003259847597
36.63 0.0003253806724
36.632 0.0003249247032
36.634 0.0003246166765
36.636 0.0003244554416
36.638 0.0003244376293
36.64 0.0003245554774
36.642 0.0003247969318
36.644 0.0003251567308
36.646 0.0003255765798
36.648 0.0003260966476
36.65 0.0003266929934
36.652 0.0003273484648
36.654 0.0003280495526
36.656 0.0003287816561
36.658 0.0003295311128
36.66 0.0003303393117
36.662 0.0003311840215
36.664 0.0003320261947
36.666 0.000332857716
36.668 0.0003336652793
36.67 0.0003344341199
36.672 0.000335160035
36.674 0.0003358376906
36.676 0.0003364612889
36.678 0.0003370285547
36.68 0.0003375374651
36.682 0.0003379883523
36.684 0.0003383825044
36.686 0.000338722349
36.688 0.0003390115309
36.69 0.0003392538711
36.692 0.0003394518214
36.694 0.0003396136304
36.696 0.000339743134
36.698 0.0003398472734
36.7 0.0003399255561
36.702 0.0003400169545
36.704 0.0003401183649
36.706 0.0003402373606
36.708 0.0003403055387
36.71 0.0003403519484
36.712 0.0003403888495
36.714 0.0003404110971
36.716 0.0003404069369
36.718 0.000340390399
36.72 0.0003403677002
36.722 0.000340342758
36.724 0.0003412692847
36.726 0.0003416655402
36.728 0.0003420062749
36.73 0.0003422492764
36.732 0.0003424317
36.734 0.0003425472455
36.736 0.0003426131319
36.738 0.0003426308138
36.74 0.0003426086862
36.742 0.0003425512617
36.744 0.0003424617186
36.746 0.0003423495979
36.748 0.0003422217325
36.75 0.00034208781
36.752 0.0003419546156
36.754 0.0003418588333
36.756 0.0003417624598
36.758 0.0003416832681
36.76 0.0003416324995
36.762 0.0003416296502
36.764 0.0003416630457
36.766 0.0003417381411
36.768 0.0003418505625
36.77 0.0003419990529
36.772 0.0003421771545
36.774 0.0003423651482
36.776 0.0003426489987
36.778 0.0003429491932
36.78 0.0003432704488
36.782 0.0003436242158
36.784 0.000344000775
36.786 0.0003443929454
36.788 0.0003447963969
36.79 0.0003452049301
36.792 0.0003456138874
36.794 0.0003456308778
36.796 0.0003453144131
36.798 0.000344756841
36.8 0.0003439986539
36.802 0.0003430803585
36.804 0.000342047286
36.806 0.0003409367539
36.808 0.000339799443
36.81 0.0003391715574
36.812 0.0003383956972
36.814 0.0003376333845
36.816 0.0003369212753
36.818 0.0003362456069
36.82 0.0003356304335
36.822 0.0003351026366
36.824 0.0003346840058
36.826 0.0003343741562
36.828 0.0003341345234
36.83 0.0003339512057
36.832 0.0003338416008
36.834 0.0003338215809
36.836 0.0003338734778
36.838 0.0003340021757
36.84 0.0003341938613
36.842 0.0003344447719
36.844 0.0003347997246
36.846 0.0003352345094
36.848 0.0003357425846
36.85 0.0003362563505
36.852 0.0003367763136
36.854 0.0003373573288
36.856 0.0003379651475
36.858 0.0003385990437
36.86 0.0003392391645
36.862 0.0003398887364
36.864 0.0003405290623
36.866 0.0003411584268
36.868 0.0003417752909
36.87 0.0003423653732
36.872 0.0003429211759
36.874 0.0003434501669
36.876 0.0003439490096
36.878 0.0003444145555
36.88 0.0003448426631
36.882 0.0003452451881
36.884 0.0003456086938
36.886 0.0003459447822
36.888 0.0003462615323
36.89 0.0003465579111
36.892 0.0003468304001
36.894 0.0003470846456
36.896 0.0003472979983
36.898 0.0003474881571
36.9 0.0003476469403
36.902 0.0003477813256
36.904 0.0003478994052
36.906 0.0003480068837
36.908 0.0003481047898
36.91 0.0003481469209
36.912 0.0003482308161
36.914 0.0003483518046
36.916 0.0003516463786
36.918 0.0003537434956
36.92 0.0003557265678
36.922 0.0003575545782
36.924 0.0003592142581
36.926 0.0003606862939
36.928 0.0003619596955
36.93 0.0003630270725
36.932 0.0003638790269
36.934 0.0003645104139
36.936 0.0003649121813
36.938 0.0003651377459
36.94 0.000365241491
36.942 0.000365187215
36.944 0.0003649943225
36.946 0.0003646884096
36.948 0.000364283579
36.95 0.0003638065723
36.952 0.0003632718618
36.954 0.0003599968701
36.956 0.0003580155967
36.958 0.0003562539881
36.96 0.0003547552569
36.962 0.0003529829379
36.964 0.0003516793226
36.966 0.0003506980858
36.968 0.0003500090205
36.97 0.0004043988155
36.972 0.0004533774632
36.974 0.0004963186566
36.976 0.0005328208247
36.978 0.0005626550429
36.98 0.0005857751483
36.982 0.0006022817017
36.984 0.0006124227941
36.986 0.0006165425279
36.988 0.0006151208895
36.99 0.0006086950546
36.992 0.0005978601812
36.994 0.0005832630346
36.996 0.0005655614307
36.998 0.0005454288794
37 0.0005235270267
37.002 0.0005004950064
37.004 0.0004769372643
37.006 0.0004534052174
37.008 0.000430280783
37.01 0.000408185318
37.012 0.0003874221469
37.014 0.0003679164947
37.016 0.0003504896469
37.018 0.0003351732231
37.02 0.0003221061312
37.022 0.0003139389772
37.024 0.0003132479085
37.026 0.0003114797708
37.028 0.0003087431649
37.03 0.0003051584303
37.032 0.0003008505156
37.034 0.0002959639223
37.036 0.0002955764496
37.038 0.0002999779008
37.04 0.000305402338
37.042 0.0003115707042
37.044 0.0003181912666
37.046 0.0003250862263
37.048 0.0003320547047
37.05 0.0003389262384
37.052 0.000345543547
37.054 0.0003518074237
37.056 0.0003575897747
37.058 0.0003627280229
37.06 0.000367185262
37.062 0.0003709228005
37.064 0.0003738329979
37.066 0.0003759592142
37.068 0.0003774078507
37.07 0.0003781807668
37.072 0.0003783304256
37.074 0.0003779155229
37.076 0.0003770014281
37.078 0.0003756653858
37.08 0.0003739850222
37.082 0.0003720448522
37.084 0.0003699305468
37.086 0.0003677073356
37.088 0.000365434864
37.09 0.0003631893722
37.092 0.000361027867
37.094 0.0003589928786
37.096 0.0003571090846
37.098 0.0003554060523
37.1 0.0003539440045
37.102 0.0003527236678
37.104 0.0003517617274
37.106 0.0003510626989
37.108 0.0003506175253
37.11 0.0003504182214
37.112 0.0003504496838
37.114 0.0003506671664
37.116 0.000351077559
37.118 0.0003516542301
37.12 0.0003523723913
37.122 0.0003531972468
37.124 0.0003541308252
37.126 0.0003551004976
37.128 0.0003560964494
37.13 0.0003548995475
37.132 0.0003541877255
37.134 0.0003532724821
37.136 0.0003521360623
37.138 0.000350764701
37.14 0.0003491507876
37.142 0.0003460665295
37.144 0.0003444896594
37.146 0.0003422896142
37.148 0.0003398638125
37.15 0.0003372118655
37.152 0.0003344950838
37.154 0.0003321818631
37.156 0.0003302965588
37.158 0.000328785302
37.16 0.0003279837026
37.162 0.000328503826
37.164 0.000329959057
37.166 0.0003322062689
37.168 0.00033512737
37.17 0.0003385890311
37.172 0.0003425223364
37.174 0.0003468047385
37.176 0.0003512646741
37.178 0.0003557416785
37.18 0.0003601588314
37.182 0.0003644187901
37.184 0.0003684625919
37.186 0.000372215461
37.188 0.0003756357917
37.19 0.0003786936689
37.192 0.0003813700519
37.194 0.0003836688941
37.196 0.0003861438278
37.198 0.0003880210746
37.2 0.000389497387
37.202 0.0003905814855
37.204 0.0003913087716
37.206 0.0003917071039
37.208 0.0003914277404
37.21 0.0003904717248
37.212 0.0003889849924
37.214 0.0003870516773
37.216 0.0003847401619
37.218 0.0003821302943
37.22 0.0003793131569
37.222 0.0003755460822
37.224 0.0003719357575
37.226 0.0003686736597
37.228 0.0003656936018
37.23 0.0003630132493
37.232 0.0003606534722
37.234 0.0003586232545
37.236 0.0003569319896
37.238 0.0003555758347
37.24 0.0003545461228
37.242 0.0003538245086
37.244 0.000353387132
37.246 0.0003532157463
37.248 0.0003532822069
37.25 0.0003535576833
37.252 0.000354012194
37.254 0.000354634481
37.256 0.0003553809083
37.258 0.0003562193791
37.26 0.0003571195061
37.262 0.0003580550988
37.264 0.0003590011952
37.266 0.0003599325577
37.268 0.0003608390857
37.27 0.0003616942135
37.272 0.0003624863113
37.274 0.000363274731
37.276 0.0003639417369
37.278 0.0003645255508
37.28 0.0003650159895
37.282 0.0003654169439
37.284 0.0003657300008
37.286 0.0003659606454
37.288 0.0003661142471
37.29 0.0003661981176
37.292 0.0003662195093
37.294 0.0003661863258
37.296 0.0003661080524
37.298 0.0003659889332
37.3 0.0003658406224
37.302 0.0003656739405
37.304 0.0003655012233
37.306 0.0003653332512
37.308 0.0003651734432
37.31 0.0003651780278
37.312 0.0003651811154
37.314 0.0003651917454
37.316 0.0003652321101
37.318 0.0003652903449
37.32 0.000365372555
37.322 0.0003654757407
37.324 0.0003656039473
37.326 0.0003657500095
37.328 0.0003659151736
37.33 0.0003660978905
37.332 0.0003662952937
37.334 0.0003665048542
37.336 0.0003667265371
37.338 0.0003669544373
37.34 0.0003671867769
37.342 0.0003674232274
37.344 0.0003675423693
37.346 0.0003676740842
37.348 0.0003653668666
37.35 0.0003641953186
37.352 0.0003632035411
37.354 0.0003624190712
37.356 0.0003618354239
37.358 0.0003614540024
37.36 0.0003612794413
37.362 0.0003612854907
37.364 0.0003614607996
37.366 0.0003617876152
37.368 0.0003622480016
37.37 0.0003628230219
37.372 0.0003634905032
37.374 0.0003642302927
37.376 0.0003650262832
37.378 0.000365858271
37.38 0.0003667111418
37.382 0.00036756435
37.384 0.0003683922307
37.386 0.000369197037
37.388 0.0003699663867
37.39 0.000370687976
37.392 0.0003713544104
37.394 0.0003719604749
37.396 0.000372503392
37.398 0.0003729823632
37.4 0.0003734971176
37.402 0.0003739097588
37.404 0.000374247875
37.406 0.0003745163798
37.408 0.0003747181206
37.41 0.000374857387
37.412 0.0003749393121
37.414 0.0003749670436
37.416 0.0003749483317
37.418 0.0003748909074
37.42 0.0003748010593
37.422 0.0003746861316
37.424 0.0003745512456
37.426 0.0003744042084
37.428 0.0003742486327
37.43 0.0003740924998
37.432 0.0003739379951
37.434 0.0003737759051
37.436 0.0003736266176
37.438 0.0003734910656
37.44 0.0003733704853
37.442 0.0003732664725
37.444 0.0003731776186
37.446 0.000373104235
37.448 0.0003730461379
37.45 0.0003730040783
37.452 0.0003729756908
37.454 0.0003729611151
37.456 0.0003729571729
37.458 0.0003729633653
37.46 0.0003729740611
37.462 0.0003729915707
37.464 0.000373012911
37.466 0.0003730397695
37.468 0.000373081534
37.47 0.0003731331036
37.472 0.0003731961722
37.474 0.0003732649094
37.476 0.0003733375962
37.478 0.0003733947582
37.48 0.0003734334587
37.482 0.0003734820655
37.484 0.0003734976171
37.486 0.0003734933077
37.488 0.0003734699173
37.49 0.0003734346166
37.492 0.0003733817443
37.494 0.0003733185667
37.496 0.0003733141643
37.498 0.0003733706294
37.5 0.0003734102715
37.502 0.0003734323237
37.504 0.0003734377563
37.506 0.0003734284595
37.508 0.0003734066079
37.51 0.000373372802
37.512 0.0003733291779
37.514 0.0003732773367
37.516 0.0003732197126
37.518 0.0003731561819
37.52 0.0003730885988
37.522 0.0003726305964
37.524 0.0003723327079
37.526 0.0003720665951
37.528 0.000371823307
37.53 0.0003716128791
37.532 0.000371430315
37.534 0.0003714210882
37.536 0.0003714079915
37.538 0.0003714396297
37.54 0.0003715011045
37.542 0.0003715923517
37.544 0.0003717046157
37.546 0.0003718347775
37.548 0.0003719735492
37.55 0.0003721165847
37.552 0.0003722578852
37.554 0.0003723929159
37.556 0.0003725173458
37.558 0.0003726241955
37.56 0.0003727095462
37.562 0.0003727693509
37.564 0.00037280906
37.566 0.0003728230943
37.568 0.0003728119802
37.57 0.0003727825594
37.572 0.0003727310577
37.574 0.0003726632039
37.576 0.0003725774315
37.578 0.0003724724603
37.58 0.0003723586003
37.582 0.0003722005913
37.584 0.0003720085702
37.586 0.0003717883055
37.588 0.0003715526002
37.59 0.0003713007845
37.592 0.0003712477977
37.594 0.0003711705006
37.596 0.0003710628326
37.598 0.0003709896033
37.6 0.0003711214874
37.602 0.0003713874103
37.604 0.0003717612992
37.606 0.0003722109638
37.608 0.0003725561634
37.61 0.0003728039171
37.612 0.0003729789075
37.614 0.0003730743351
37.616 0.0003731046926
37.618 0.0003730669468
37.62 0.0003729659619
37.622 0.0003728083937
37.624 0.0003726046719
37.626 0.0003723546005
37.628 0.000372065396
37.63 0.0003717528545
37.632 0.0003714111696
37.634 0.0003710457556
37.636 0.0003706678016
37.638 0.0003706783651
37.64 0.0003705150613
37.642 0.0003703215664
37.644 0.0003701047333
37.646 0.0003719120934
37.648 0.0003727453546
37.65 0.0003737038504
37.652 0.0003744399293
37.654 0.0003749699293
37.656 0.0003752931087
37.658 0.0003754002316
37.66 0.0003753293941
37.662 0.0003750873586
37.664 0.0003746943231
37.666 0.0003741624831
37.668 0.0003735348256
37.67 0.0003728003415
37.672 0.0003719988299
37.674 0.000371088088
37.676 0.0003701656131
37.678 0.0003692298647
37.68 0.0003683167963
37.682 0.000367423935
37.684 0.000366548264
37.686 0.0003656764505
37.688 0.0003648669759
37.69 0.0003641154149
37.692 0.0003634285559
37.694 0.0003628172055
37.696 0.0003622860959
37.698 0.0003618314949
37.7 0.0003614537774
37.702 0.0003611519057
37.704 0.0003609181629
37.706 0.0003607438594
37.708 0.0003606244896
37.71 0.0003605557087
37.712 0.0003605318973
37.714 0.0003605407621
37.716 0.0003605879879
37.718 0.000360654027
37.72 0.0003607391137
37.722 0.0003608427038
37.724 0.0003609264058
37.726 0.000361034027
37.728 0.0003611462286
37.73 0.0003612608871
37.732 0.0003613721241
37.734 0.0003614756786
37.736 0.0003615671949
37.738 0.0003616435278
37.74 0.0003617017364
37.742 0.0003617400139
37.744 0.0003617569942
37.746 0.0003617518932
37.748 0.0003617843776
37.75 0.0003618283283
37.752 0.0003618766468
37.754 0.0003619368973
37.756 0.0003620007283
37.758 0.0003620671113
37.76 0.0003621265179
37.762 0.0003621881044
37.764 0.000362247369
37.766 0.0003623006533
37.768 0.0003624995565
37.77 0.0003626904735
37.772 0.0003703123164
37.774 0.0003737772027
37.776 0.0003770745136
37.778 0.0003796367393
37.78 0.0003818002213
37.782 0.0003833991869
37.784 0.0003845281348
37.786 0.0003851810859
37.788 0.0003853999021
37.79 0.0003852248559
37.792 0.0003846663967
37.794 0.0003838384974
37.796 0.0003826995013
37.798 0.0003813307126
37.8 0.000379771358
37.802 0.0003780725092
37.804 0.0003762786208
37.806 0.0003744341767
37.808 0.0003725717389
37.81 0.0003707318249
37.812 0.0003689478514
37.814 0.0003672473068
37.816 0.0003656568382
37.818 0.0003641947239
37.82 0.0003628755941
37.822 0.0003617105171
37.824 0.0003607051617
37.826 0.0003598615843
37.828 0.0003591790344
37.83 0.0003586516094
37.832 0.0003582630908
37.834 0.0003580023116
37.836 0.00035786154
37.838 0.0003578274294
37.84 0.0003578866233
37.842 0.0003580240653
37.844 0.0003615695347
37.846 0.0003635089021
37.848 0.0003649553475
37.85 0.0003659878209
37.852 0.000366575323
37.854 0.0003667652803
37.856 0.0003665759657
37.858 0.0003660469624
37.86 0.0003652108841
37.862 0.0003641174049
37.864 0.0003628835058
37.866 0.0003649564817
37.868 0.0003659226586
37.87 0.0003662925245
37.872 0.0003664145751
37.874 0.0003661010903
37.876 0.0003654724097
37.878 0.0003645247634
37.88 0.0003633212441
37.882 0.0003618911195
37.884 0.0003603019752
37.886 0.0003585864652
37.888 0.0003567914499
37.89 0.0003549602415
37.892 0.000353133548
37.894 0.0003513483396
37.896 0.0003496352168
37.898 0.0003480204806
37.9 0.0003465249072
37.902 0.0003451661759
37.904 0.0003439459125
37.906 0.0003428838107
37.908 0.0003419768072
37.91 0.0003412264142
37.912 0.0003406287571
37.914 0.0003401766497
37.916 0.0003398627964
37.918 0.0003397025933
37.92 0.0003396410327
37.922 0.0003396787818
37.924 0.0003397985884
37.926 0.0003399887597
37.928 0.0003402344948
37.93 0.0003405216632
37.932 0.0003408373981
37.934 0.0003411686045
37.936 0.0003415048006
37.938 0.0003416034369
37.94 0.000341757802
37.942 0.0003419811973
37.944 0.0003421935837
37.946 0.0003424366784
37.948 0.0003426841895
37.95 0.0003429465779
37.952 0.0003432103741
37.954 0.0003434680886
37.956 0.0003437134946
37.958 0.0003439400582
37.96 0.0003441460932
37.962 0.0003443191336
37.964 0.000344461404
37.966 0.0003445674074
37.968 0.0003446380571
37.97 0.0003446764468
37.972 0.0003446752843
37.974 0.0003446421201
37.976 0.0003445785182
37.978 0.0003444853935
37.98 0.0003443659035
37.982 0.0003442231913
37.984 0.0003440594864
37.986 0.0003438797535
37.988 0.0003436838377
37.99 0.0003434756359
37.992 0.000343256919
37.994 0.0003430299554
37.996 0.0003427996312
37.998 0.0003425673911
38 0.0003423313804
38.002 0.0003421236022
38.004 0.0003418814379
38.006 0.0003416428081
38.008 0.000341397564
38.01 0.0003411515409
38.012 0.0003409036171
38.014 0.0003406509072
38.016 0.000340391057
38.018 0.0003401254363
38.02 0.0003398536222
38.022 0.0003395757085
38.024 0.0003392877485
38.026 0.0003389934372
38.028 0.0003386906088
38.03 0.0003383799654
38.032 0.0003380614677
38.034 0.0003377344412
38.036 0.0003373997335
38.038 0.0003370480973
38.04 0.0003366899841
38.042 0.0003363246494
38.044 0.0003359527476
38.046 0.0003355765934
38.048 0.0003352089047
38.05 0.000334832528
38.052 0.000334453201
38.054 0.0003340697702
38.056 0.0003412896995
38.058 0.0003459053864
38.06 0.0003494771396
38.062 0.0003524776519
38.064 0.0003546147302
38.066 0.0003560227731
38.068 0.0003566680222
38.07 0.0003566284933
38.072 0.0003559510959
38.074 0.0003547115413
38.076 0.0003529908596
38.078 0.0003482582121
38.08 0.0003445384913
38.082 0.000340356764
38.084 0.0003361818894
38.086 0.00033187916
38.088 0.0003276451176
38.09 0.0003235032388
38.092 0.0003195544709
38.094 0.000315849764
38.096 0.0003124297498
38.098 0.0003093434641
38.1 0.0003066320276
38.102 0.0003043086862
38.104 0.0003023848114
38.106 0.0003008598845
38.108 0.000299759422
38.11 0.0002989834272
38.112 0.0002986126563
38.114 0.0002957134744
38.116 0.0002948610233
38.118 0.0002943939107
38.12 0.0002944767175
38.122 0.0002939413608
38.124 0.0002943368383
38.126 0.0002950552727
38.128 0.0002961165264
38.13 0.0002974181902
38.132 0.0002989244098
38.134 0.0003005621654
38.136 0.0003022980977
38.138 0.0003040773598
38.14 0.0003058595805
38.142 0.0003076039127
38.144 0.000309277977
38.146 0.0003108594686
38.148 0.0003123188634
38.15 0.0003144938784
38.152 0.0003159549501
38.154 0.0003172800502
38.156 0.0003183235316
38.158 0.0003191539297
38.16 0.0003197596027
38.162 0.000320170857
38.164 0.0003205260119
38.166 0.0003205747329
38.168 0.0003204666899
38.17 0.0003201982048
38.172 0.0003198084154
38.174 0.0003193080791
38.176 0.0003187228421
38.178 0.0003181681302
38.18 0.0003173139941
38.182 0.0003164914766
38.184 0.000315616195
38.186 0.000314768722
38.188 0.0003139437567
38.19 0.0003137996442
38.192 0.0003126685267
38.194 0.0003115398232
38.196 0.0003105953567
38.198 0.00030968414
38.2 0.0003088798538
38.202 0.0003081540628
38.204 0.0003075195551
38.206 0.0003069669109
38.208 0.0003064960887
38.21 0.000305130842
38.212 0.0003042888336
38.214 0.0003036278831
38.216 0.0003031102489
38.218 0.0003027330431
38.22 0.0003010593126
38.222 0.0003003152859
38.224 0.0002997146033
38.226 0.0002993449084
38.228 0.0002991236596
38.23 0.0002990605238
38.232 0.0002991380075
38.234 0.0002993053419
38.236 0.0002995486504
38.238 0.0002997285453
38.24 0.0002999317187
38.242 0.0003001703781
38.244 0.0003004063299
38.246 0.0003006400681
38.248 0.0003008553405
38.25 0.0003010434919
38.252 0.0003011966257
38.254 0.0003013099162
38.256 0.0003013812883
38.258 0.0003014033658
38.26 0.0003013775775
38.262 0.0003013009142
38.264 0.000301174498
38.266 0.0003009987298
38.268 0.0003007769127
38.27 0.0003005077022
38.272 0.000300201178
38.274 0.0002998490858
38.276 0.0002984001837
38.278 0.0002976182431
38.28 0.0002968154133
38.282 0.0002961055599
38.284 0.000295424369
38.286 0.0002947940244
38.288 0.0002942026365
38.29 0.0002937141677
38.292 0.0002936284846
38.294 0.0002933333341
38.296 0.0002930634331
38.298 0.0002926069657
38.3 0.0002923440624
38.302 0.0002920403587
38.304 0.0002917673221
38.306 0.0002914793117
38.308 0.000291192908
38.31 0.0002908886363
38.312 0.0002905782555
38.314 0.0002902551464
38.316 0.0002893640056
38.318 0.0002887764575
38.32 0.0002882037341
38.322 0.000287678223
38.324 0.0002871791596
38.326 0.0002867115884
38.328 0.0002866976045
38.33 0.0002863947501
38.332 0.0002861157723
38.334 0.000285799316
38.336 0.0002854803462
38.338 0.0002851468901
38.34 0.0002848043076
38.342 0.0002844473538
38.344 0.0002840617734
38.346 0.0002836731786
38.348 0.0002832779779
38.35 0.0002829025477
38.352 0.000282508622
38.354 0.000282108017
38.356 0.0002817032432
38.358 0.0002812922445
38.36 0.0002808773278
38.362 0.0002804602304
38.364 0.0002800417967
38.366 0.0002796218606
38.368 0.0002791998283
38.37 0.0002787767366
38.372 0.0002783543578
38.374 0.0002779326594
38.376 0.0002775097274
38.378 0.0002767344032
38.38 0.0002762065178
38.382 0.0002756476334
38.384 0.0002751487816
38.386 0.0002747069183
38.388 0.0002744311223
38.39 0.0002741129449
38.392 0.0002737846706
38.394 0.0002732875642
38.396 0.0002728408034
38.398 0.0002723592515
38.4 0.0002719013115
38.402 0.0002714413935
38.404 0.0002709957765
38.406 0.0002705582255
38.408 0.000270135363
38.41 0.0002697204838
38.412 0.0002693184913
38.414 0.000268919126
38.416 0.000268530853
38.418 0.000268148788
38.42 0.0002677701474
38.422 0.0002673980011
38.424 0.0002670229455
38.426 0.0002666453758
38.428 0.000266267643
38.43 0.0002658796017
38.432 0.0002654920358
38.434 0.0002650927568
38.436 0.0002646915957
38.438 0.0002642880045
38.44 0.0002638773038
38.442 0.0002634620994
38.444 0.0002630393368
38.446 0.0002626164342
38.448 0.0002621835922
38.45 0.000261748897
38.452 0.0002613038928
38.454 0.0002608464645
38.456 0.0002603859184
38.458 0.0002599245814
38.46 0.0002594716024
38.462 0.0002590074909
38.464 0.0002585307107
38.466 0.0002580518427
38.468 0.0002575691683
38.47 0.0002570833661
38.472 0.0002565936844
38.474 0.0002561047906
38.476 0.0002555998567
38.478 0.0002551174115
38.48 0.0002546842294
38.482 0.000253709315
38.484 0.0002530879213
38.486 0.000252463244
38.488 0.0002519025024
38.49 0.0002514417466
38.492 0.000250962692
38.494 0.0002505044544
38.496 0.0002500612856
38.498 0.0002496329647
38.5 0.00024922401
38.502 0.000248827564
38.504 0.0002484461
38.506 0.0002480710511
38.508 0.0002477063423
38.51 0.0002473412945
38.512 0.0002469828243
38.514 0.0002466227773
38.516 0.000246265279
38.518 0.0002458903637
38.52 0.0002455129402
38.522 0.0002451225737
38.524 0.0002447272155
38.526 0.0002443224157
38.528 0.0002439107461
38.53 0.0002434917743
38.532 0.0002430639307
38.534 0.0002426279525
38.536 0.0002421809673
38.538 0.0002417336028
38.54 0.0002412717741
38.542 0.0002408019829
38.544 0.0002403299456
38.546 0.0002398493893
38.548 0.0002393652345
38.55 0.0002388777988
38.552 0.0002383862843
38.554 0.0002378806908
38.556 0.0002373773377
38.558 0.0002368803657
38.56 0.0002363818591
38.562 0.0002358802121
38.564 0.0002353779056
38.566 0.0002348838446
38.568 0.0002343880993
38.57 0.0002339019439
38.572 0.0002334174738
38.574 0.0002329434148
38.576 0.0002324725084
38.578 0.0002320122917
38.58 0.000231553551
38.582 0.0002311067766
38.584 0.0002306582146
38.586 0.0002302186067
38.588 0.0002297787092
38.59 0.0002293469803
38.592 0.0002289090584
38.594 0.0002284899451
38.596 0.0002280678822
38.598 0.0002276528433
38.6 0.0002272220904
38.602 0.0002267870697
38.604 0.000226359944
38.606 0.0002258792235
38.608 0.0002254528543
38.61 0.000225022793
38.612 0.0002246025135
38.614 0.0002241854118
38.616 0.0002237953926
38.618 0.000223403601
38.62 0.0002230146995
38.622 0.0002226280479
38.624 0.0002222204958
38.626 0.0002218098499
38.628 0.0002213932425
38.63 0.0002209801279
38.632 0.000220571604
38.634 0.0002201680033
38.636 0.0002197567978
38.638 0.0002193474131
38.64 0.0002189319484
38.642 0.0002185186024
38.644 0.0002181020193
38.646 0.0002176846987
38.648 0.0002172680916
38.65 0.0002168468907
38.652 0.0002164285729
38.654 0.0002160045649
38.656 0.0002155786811
38.658 0.0002151517197
38.66 0.0002147209521
38.662 0.0002143036887
38.664 0.000213880829
38.666 0.00021346313
38.668 0.000213050594
38.67 0.0002126397572
38.672 0.0002122348859
38.674 0.0002118388267
38.676 0.0002114449454
38.678 0.0002110530702
38.68 0.0002108803053
38.682 0.0002105170567
38.684 0.0002101845921
38.686 0.0002098182741
38.688 0.0002094486039
38.69 0.0002090634267
38.692 0.0002086557109
38.694 0.0002082550166
38.696 0.0002078471025
38.698 0.0002074355968
38.7 0.0002070098757
38.702 0.0002065796531
38.704 0.0002061358638
38.706 0.0002056754542
38.708 0.0002052032658
38.71 0.0002047187211
38.712 0.0002042238046
38.714 0.0002037116232
38.716 0.0002031976809
38.718 0.0002026730777
38.72 0.000202141658
38.722 0.0002016164539
38.724 0.0002010785638
38.726 0.0002005345375
38.728 0.0001999877124
38.73 0.0001994372985
38.732 0.0001988924111
38.734 0.0001983485227
38.736 0.0001978110862
38.738 0.0001972761851
38.74 0.0001967500249
38.742 0.0001962283718
38.744 0.0001957141743
38.746 0.0001952037418
38.748 0.0001947007334
38.75 0.0001936966254
38.752 0.0001931634944
38.754 0.0001925785675
38.756 0.0001920823926
38.758 0.00019158646
38.76 0.0001911196983
38.762 0.0001906601184
38.764 0.000190212512
38.766 0.0001897692936
38.768 0.0001893347415
38.77 0.0001889019997
38.772 0.0001884755939
38.774 0.0001881299754
38.776 0.0001875709576
38.778 0.0001870721167
38.78 0.0001865333181
38.782 0.0001860177079
38.784 0.0001855026835
38.786 0.0001850028481
38.788 0.0001845126191
38.79 0.0001840351223
38.792 0.0001835678587
38.794 0.0001831104967
38.796 0.0001826614829
38.798 0.0001822198628
38.8 0.0001817842862
38.802 0.0001813532106
38.804 0.0001809250418
38.806 0.000180499233
38.808 0.0001800740976
38.81 0.0001796484775
38.812 0.0001792225563
38.814 0.0001787944744
38.816 0.0001783624953
38.818 0.0001792136198
38.82 0.0001793668341
38.822 0.0001794863045
38.824 0.000179481746
38.826 0.0001794028467
38.828 0.0001792254784
38.83 0.0001789684316
38.832 0.0001787638574
38.834 0.0001783893064
38.836 0.0001779462306
38.838 0.0001774275076
38.84 0.0001768508189
38.842 0.0001762199977
38.844 0.0001755574531
38.846 0.0001748637766
38.848 0.0001741621605
38.85 0.0001734399373
38.852 0.000172740081
38.854 0.0001719999236
38.856 0.0001712841484
38.858 0.0001705780616
38.86 0.0001698967052
38.862 0.0001692385037
38.864 0.0001686093492
38.866 0.00016801087
38.868 0.0001674352035
38.87 0.0001668956238
38.872 0.000166375046
38.874 0.0001660283757
38.876 0.0001663916057
38.878 0.0001667518555
38.88 0.0001671101678
38.882 0.0001674671099
38.884 0.0001678194249
38.886 0.0001681705605
38.888 0.0001685179475
38.89 0.0001688642682
38.892 0.000169207283
38.894 0.0001695479764
38.896 0.0001698861255
38.898 0.0001702234638
38.9 0.0001705557169
38.902 0.000170886283
38.904 0.0001712167607
38.906 0.0001715461715
38.908 0.0001718704711
38.91 0.0001721926771
38.912 0.0001725116089
38.914 0.0001728272929
38.916 0.0001731400532
38.918 0.0001734534888
38.92 0.0001737622169
38.922 0.0001740685863
38.924 0.0001743719265
38.926 0.0001746854839
38.928 0.0001749925904
38.93 0.0001752956514
38.932 0.0001755961352
38.934 0.0001759076729
38.936 0.0001762154508
38.938 0.0001765197657
38.94 0.000176825776
38.942 0.0001771270334
38.944 0.0001774272814
38.946 0.0001777225985
38.948 0.0001780183654
38.95 0.000178312003
38.952 0.0001786007573
38.954 0.0001788874526
38.956 0.0001791822701
38.958 0.0001794865484
38.96 0.0001797875051
38.962 0.0001800843571
38.964 0.0001803766122
38.966 0.0001806641755
38.968 0.0001809489345
38.97 0.0001812291228
38.972 0.0001815060635
38.974 0.0001817783285
38.976 0.0001820432377
38.978 0.0001823061395
38.98 0.0001825667214
38.982 0.0001828332776
38.984 0.0001830933489
38.986 0.00018335111
38.988 0.0001836055826
38.99 0.0001838648924
38.992 0.0001841159679
38.994 0.0001843650281
38.996 0.0001846112253
38.998 0.0001848541416
39 0.0001850947184
39.002 0.0001853349009
39.004 0.0001855705753
39.006 0.0001858050994
39.008 0.0001860309426
39.01 0.0001862586698
39.012 0.0001864825529
39.014 0.0001867050091
39.016 0.0001869261007
39.018 0.0001871457816
39.02 0.0001873653492
39.022 0.0001875815864
39.024 0.0001877972247
39.026 0.0001880115008
39.028 0.0001882247297
39.03 0.0001884304235
39.032 0.00018863766
39.034 0.0001888423266
39.036 0.0001890463307
39.038 0.0001892491764
39.04 0.0001894506707
39.042 0.000189652067
39.044 0.0001898458512
39.046 0.0001900403457
39.048 0.0001902356278
39.05 0.0001904291574
39.052 0.0001906237587
39.054 0.000190835513
39.056 0.0001910240749
39.058 0.0001912376096
39.06 0.0001914280172
39.062 0.000191643398
39.064 0.0001918368515
39.066 0.0001920568318
39.068 0.0001922716875
39.07 0.0001924755959
39.072 0.0001927028227
39.074 0.0001929249983
39.076 0.0001931316142
39.078 0.0001933625715
39.08 0.0001935723302
39.082 0.0001938052058
39.084 0.0001940328422
39.086 0.0001942448251
39.088 0.0001944784297
39.09 0.0001947076838
39.092 0.0001949377643
39.094 0.0001951510597
39.096 0.0001953877338
39.098 0.0001956193674
39.1 0.0001958305226
39.102 0.0001960645067
39.104 0.0001962781783
39.106 0.0001965137044
39.108 0.0001967286686
39.11 0.0001969654991
39.112 0.0001971809222
39.114 0.0001974182572
39.116 0.0001976350321
39.118 0.0001978748945
39.12 0.0001981159479
39.122 0.0001983389852
39.124 0.0001985792209
39.126 0.0001987994262
39.128 0.0001990423505
39.13 0.0001992810113
39.132 0.0001995049198
39.134 0.0001997556999
39.136 0.000199999514
39.138 0.0002002443448
39.14 0.0002004747717
39.142 0.0002007346001
39.144 0.000200992709
39.146 0.0002012550558
39.148 0.0002015051055
39.15 0.0002017789352
39.152 0.0002020508833
39.154 0.000202326013
39.156 0.0002026097375
39.158 0.0002028949165
39.16 0.0002031826055
39.162 0.0002034566074
39.164 0.0002037514009
39.166 0.0002040416118
39.168 0.0002043333929
39.17 0.0002046226655
39.172 0.0002049132612
39.174 0.0002052029691
39.176 0.0002054932764
39.178 0.0002057841893
39.18 0.00020607928
39.182 0.0002063753551
39.184 0.0002066714805
39.186 0.0002069679664
39.188 0.0002072649481
39.19 0.0002075621696
39.192 0.0002078639023
39.194 0.0002081496735
39.196 0.0002084348798
39.198 0.0002087204517
39.2 0.00020902738
39.202 0.0002093285214
39.204 0.0002096298269
39.206 0.0002099314478
39.208 0.0002102326611
39.21 0.0002105287768
39.212 0.0002108283713
39.214 0.0002111275073
39.216 0.0002114231164
39.218 0.0002117203933
39.22 0.0002120168482
39.222 0.0002123130868
39.224 0.0002126081891
39.226 0.0002129031143
39.228 0.000213197479
39.23 0.00021349157
39.232 0.000213784901
39.234 0.0002140774078
39.236 0.0002143687575
39.238 0.0002146582709
39.24 0.0002149501954
39.242 0.000215239263
39.244 0.0002155264636
39.246 0.000215811577
39.248 0.0002160951064
39.25 0.0002163769449
39.252 0.0002166570129
39.254 0.0002169355184
39.256 0.0002172127866
39.258 0.000217488518
39.26 0.0002177626593
39.262 0.0002180351312
39.264 0.0002183044026
39.266 0.0002185700154
39.268 0.0002188350497
39.27 0.0002190946176
39.272 0.0002193551426
39.274 0.0002196166825
39.276 0.0002198764728
39.278 0.0002201331302
39.28 0.0002203896293
39.282 0.0002206510792
39.284 0.0002209105971
39.286 0.0002211696003
39.288 0.000221428778
39.29 0.0002216873323
39.292 0.0002219450059
39.294 0.0002222015761
39.296 0.0002224566735
39.298 0.0002227105277
39.3 0.0002229630742
39.302 0.0002232142747
39.304 0.0002234646135
39.306 0.0002237154816
39.308 0.0002239753763
39.31 0.0002242346348
39.312 0.000224494929
39.314 0.0002247563157
39.316 0.0002250169268
39.318 0.0002252713595
39.32 0.0002255384741
39.322 0.0002258032144
39.324 0.0002260597682
39.326 0.0002263199448
39.328 0.000226581258
39.33 0.0002268438847
39.332 0.000227107633
39.334 0.0002273659886
39.336 0.0002276352042
39.338 0.0002279033539
39.34 0.0002281716499
39.342 0.0002284401115
39.344 0.0002287121278
39.346 0.0002289843707
39.348 0.0002292638133
39.35 0.0002295374654
39.352 0.0002298189727
39.354 0.0002301049451
39.356 0.0002303938673
39.358 0.0002306814194
39.36 0.0002309704892
39.362 0.0002312605065
39.364 0.0002315490389
39.366 0.0002318496289
39.368 0.0002321512854
39.37 0.0002324552531
39.372 0.0002327562795
39.374 0.0002330603622
39.376 0.0002333616278
39.378 0.0002336611447
39.38 0.0002339631625
39.382 0.0002342610412
39.384 0.0002345618297
39.386 0.0002348559922
39.388 0.0002351522736
39.39 0.0002354462675
39.392 0.0002357357174
39.394 0.0002360314086
39.396 0.0002363142011
39.398 0.0002365974609
39.4 0.0002368550289
39.402 0.0002371356491
39.404 0.0002373863391
39.406 0.0002376590062
39.408 0.0002379024901
39.41 0.0002381423723
39.412 0.0002384034157
39.414 0.0002386298239
39.416 0.0002388559098
39.418 0.000239103307
39.42 0.0002393117627
39.422 0.0002395232217
39.424 0.0002397491641
39.426 0.0002399421741
39.428 0.0002401342679
39.43 0.0002403169341
39.432 0.0002405173624
39.434 0.000240680218
39.436 0.0002408437954
39.438 0.0002410110759
39.44 0.0002411470386
39.442 0.0002412789144
39.444 0.0002414124847
39.446 0.0002415484559
39.448 0.0002416574941
39.45 0.000241753761
39.452 0.0002418469867
39.454 0.0002419279037
39.456 0.0002420276861
39.458 0.0002420904837
39.46 0.0002421449347
39.462 0.0002421995637
39.464 0.0002422469607
39.466 0.0002422982471
39.468 0.0002423286627
39.47 0.0002423518606
39.472 0.0002423721664
39.474 0.0002423848073
39.476 0.0002423842267
39.478 0.0002423888405
39.48 0.0002423825486
39.482 0.0002423699002
39.484 0.0002423515923
39.486 0.0002423321789
39.488 0.0002423082834
39.49 0.0002422794298
39.492 0.0002422505429
39.494 0.0002422161154
39.496 0.0002421843376
39.498 0.0002421466092
39.5 0.0002421106734
39.502 0.0002420724872
39.504 0.0002420313094
39.506 0.0002419925591
39.508 0.0002419515663
39.51 0.0002419143763
39.512 0.0002418751197
39.514 0.0002418425018
39.516 0.0002418180511
39.518 0.0002417864162
39.52 0.0002417665128
39.522 0.0002417362056
39.524 0.0002417255458
39.526 0.0002417011854
39.528 0.0002416985775
39.53 0.0002416842137
39.532 0.0002416931603
39.534 0.0002416933133
39.536 0.0002417085541
39.538 0.0002417209408
39.54 0.0002417495545
39.542 0.0002417837504
39.544 0.0002418108756
39.546 0.0002418612673
39.548 0.0002419022916
39.55 0.0002419668713
39.552 0.0002420330825
39.554 0.0002420959137
39.556 0.0002421813165
39.558 0.0002422580766
39.56 0.0002423587172
39.562 0.0002424595795
39.564 0.0002425621468
39.566 0.0002426808523
39.568 0.0002427967145
39.57 0.0002429290742
39.572 0.0002430587514
39.574 0.000243203291
39.576 0.0002433546722
39.578 0.0002435021224
39.58 0.0002436655248
39.582 0.0002438257911
39.584 0.0002440061792
39.586 0.0002441820825
39.588 0.0002443723744
39.59 0.0002445688048
39.592 0.0002447567604
39.594 0.0002449641062
39.596 0.0002451683261
39.598 0.0002453702542
39.6 0.0002455837366
39.602 0.0002457991152
39.604 0.000246004739
39.606 0.0002462269871
39.608 0.0002464438465
39.61 0.000246664122
39.612 0.0002468708639
39.614 0.0002470934332
39.616 0.0002473100059
39.618 0.0002475281984
39.62 0.0002477435909
39.622 0.0002479518073
39.624 0.0002481671205
39.626 0.0002483800197
39.628 0.0002485878751
39.63 0.0002487968657
39.632 0.0002489996492
39.634 0.000249203264
39.636 0.0002493980951
39.638 0.0002495941325
39.64 0.0002497823349
39.642 0.0002499707795
39.644 0.0002501517816
39.646 0.0002503321423
39.648 0.0002505046
39.65 0.0002506760229
39.652 0.000250838621
39.654 0.0002509968806
39.656 0.0002511514783
39.658 0.0002512992819
39.66 0.000251433072
39.662 0.0002515670943
39.664 0.0002516923599
39.666 0.0002518189008
39.668 0.0002519428982
39.67 0.0002520620971
39.672 0.0002521727084
39.674 0.0002522832105
39.676 0.0002523928204
39.678 0.0002524920249
39.68 0.0002525924965
39.682 0.0002526877515
39.684 0.0002527793604
39.686 0.00025286785
39.688 0.0002529590895
39.69 0.0002530407658
39.692 0.0002531244136
39.694 0.0002532040417
39.696 0.0002532873846
39.698 0.0002535105011
39.7 0.0002541337002
39.702 0.000254747324
39.704 0.0002553641778
39.706 0.0002559657843
39.708 0.0002565632521
39.71 0.0002571620065
39.712 0.0002577942827
39.714 0.0002584403668
39.716 0.0002590931204
39.718 0.0002597563595
39.72 0.0002604084401
39.722 0.000261055657
39.724 0.0002616963206
39.726 0.000262322364
39.728 0.0002629399173
39.73 0.0002635432935
39.732 0.0002641253888
39.734 0.000264695163
39.736 0.0002652471766
39.738 0.0002657770089
39.74 0.0002662842884
39.742 0.0002667776491
39.744 0.0002672563
39.746 0.0002677216011
39.748 0.0002681757417
39.75 0.0002686219425
39.752 0.0002690558217
39.754 0.0002694888914
39.756 0.0002699326962
39.758 0.0002703764663
39.76 0.0002708182547
39.762 0.0002712625705
39.764 0.0002717092023
39.766 0.0002721595442
39.768 0.0002726583381
39.77 0.000273143427
39.772 0.0002736310733
39.774 0.0002741219248
39.776 0.0002746167387
39.778 0.0002751146038
39.78 0.0002756212997
39.782 0.0002761339179
39.784 0.0002766387051
39.786 0.0002771464875
39.788 0.00027765518
39.79 0.0002781651272
39.792 0.0002786737875
39.794 0.0002791820304
39.796 0.0002796883952
39.798 0.0002801922887
39.8 0.0002806916957
39.802 0.0002811886246
39.804 0.0002816812844
39.806 0.0002821616372
39.808 0.0002826386009
39.81 0.0002831084648
39.812 0.0002835726524
39.814 0.0002840106145
39.816 0.000284451144
39.818 0.0002848821776
39.82 0.0002853116453
39.822 0.0002857296401
39.824 0.0002861441919
39.826 0.0002865475054
39.828 0.0002869393255
39.83 0.0002872675991
39.832 0.0002876510261
39.834 0.0002880339782
39.836 0.0002884222528
39.838 0.0002888184602
39.84 0.0002851729429
39.842 0.0002833114017
39.844 0.0002811303033
39.846 0.0002799481954
39.848 0.0002806542802
39.85 0.000281034857
39.852 0.0002810921008
39.854 0.0002808923603
39.856 0.0002804207168
39.858 0.0002797362
39.86 0.000278876856
39.862 0.0002778791668
39.864 0.0002767833773
39.866 0.0002775196201
39.868 0.0002786527395
39.87 0.0002799278437
39.872 0.0002813155288
39.874 0.0002827913819
39.876 0.0002843246986
39.878 0.000285893946
39.88 0.0002874780791
39.882 0.0002890529855
39.884 0.0002906061305
39.886 0.0002921244262
39.888 0.0002935913439
39.89 0.0002950004066
39.892 0.0002963407635
39.894 0.0002976064991
39.896 0.0002987942139
39.898 0.0002999000238
39.9 0.000300923147
39.902 0.0003020194886
39.904 0.0003029688648
39.906 0.0003038341067
39.908 0.0003046205868
39.91 0.0003053224101
39.912 0.0003059541818
39.914 0.0003065203954
39.916 0.0003070208518
39.918 0.0003074623296
39.92 0.0003078507391
39.922 0.0003081887727
39.924 0.0003084855186
39.926 0.0003087412534
39.928 0.000308964321
39.93 0.0003091701664
39.932 0.0003093527721
39.934 0.0003095262232
39.936 0.0003096902099
39.938 0.0003098509999
39.94 0.0003100037522
39.942 0.000310158824
39.944 0.0003103199241
39.946 0.0003104855909
39.948 0.0003106575514
39.95 0.000310834699
39.952 0.0003110133559
39.954 0.0003117311635
39.956 0.0003122956829
39.958 0.000312854905
39.96 0.0003133908095
39.962 0.0003139119588
39.964 0.0003144108358
39.966 0.0003148764314
39.968 0.0003153074831
39.97 0.0003156936909
39.972 0.0003160354384
39.974 0.0003163242764
39.976 0.0003165630852
39.978 0.0003167663908
39.98 0.0003168908691
39.982 0.0003169922172
39.984 0.0003170158246
39.986 0.0003170202744
39.988 0.0003169544214
39.99 0.0003168794642
39.992 0.0003167401442
39.994 0.0003165999164
39.996 0.0003164068686
39.998 0.0003162235115
40 0.0003160086089
40.002 0.0003158065143
40.004 0.0003155905137
40.006 0.0003153561923
40.008 0.0003151477919
40.01 0.0003149447249
40.012 0.0003147583205
40.014 0.0003145690179
40.016 0.0003144350426
40.018 0.0003149039038
40.02 0.0003155930763
40.022 0.0003162068345
40.024 0.0003168068373
40.026 0.0003173502775
40.028 0.0003178541447
40.03 0.0003183131316
40.032 0.0003187431611
40.034 0.0003191412465
40.036 0.0003194997822
40.038 0.0003198629811
40.04 0.000320206101
40.042 0.0003205353925
40.044 0.0003208606978
40.046 0.0003211768109
40.048 0.000321503933
40.05 0.0003218315843
40.052 0.0003221683072
40.054 0.0003225030658
40.056 0.0003228557149
40.058 0.000323221713
40.06 0.0003236243646
40.062 0.0003239839447
40.064 0.0003243664691
40.066 0.0003247549247
40.068 0.0003251613891
40.07 0.0003255811326
40.072 0.0003260256159
40.074 0.0003264746636
40.076 0.0003269492439
40.078 0.0003274392173
40.08 0.0003279501628
40.082 0.0003284745212
40.084 0.0003290021117
40.086 0.0003295459498
40.088 0.0003301048279
40.09 0.000330672653
40.092 0.0003312493641
40.094 0.0003318283365
40.096 0.0003324148857
40.098 0.0003329987872
40.1 0.0003335845393
40.102 0.0003341668099
40.104 0.0003347422712
40.106 0.0003353176947
40.108 0.000335891007
40.11 0.0003364565318
40.112 0.0003370109408
40.114 0.000337559233
40.116 0.0003380903289
40.118 0.0003386161361
40.12 0.0003391324035
40.122 0.0003396375146
40.124 0.0003401372553
40.126 0.0003406251029
40.128 0.0003411076785
40.13 0.0003416335109
40.132 0.0003421003725
40.134 0.0003425818357
40.136 0.0003430464416
40.138 0.0003433711239
40.14 0.000343617251
40.142 0.0003438049434
40.144 0.0003439490568
40.146 0.0003440543017
40.148 0.0003441299198
40.15 0.0003441861614
40.152 0.0003442357112
40.154 0.0003442809376
40.156 0.0003443490705
40.158 0.0003444202435
40.16 0.0003445129906
40.162 0.0003446199372
40.164 0.0003447528992
40.166 0.0003449213649
40.168 0.0003451239783
40.17 0.0003453554914
40.172 0.000345622352
40.174 0.0003459211022
40.176 0.0003462623606
40.178 0.0003466312981
40.18 0.0003470276244
40.182 0.0003507133778
40.184 0.0003524277328
40.186 0.0003542441744
40.188 0.0003557174883
40.19 0.0003570250484
40.192 0.0003580803176
40.194 0.0003589061225
40.196 0.0003595200507
40.198 0.0003599335859
40.2 0.0003601526253
40.202 0.0003602136126
40.204 0.0003601307893
40.206 0.0003599321186
40.208 0.0003596398745
40.21 0.0003592781931
40.212 0.0003588780102
40.214 0.0003574645472
40.216 0.0003565945259
40.218 0.0003557826553
40.22 0.0003550979359
40.222 0.0003545290309
40.224 0.0003540947209
40.226 0.0003537961779
40.228 0.0003536460177
40.23 0.0003536395391
40.232 0.0003537779651
40.234 0.0003540619637
40.236 0.0003544782024
40.238 0.0003550169098
40.24 0.0003556717831
40.242 0.0003564185319
40.244 0.0003572524925
40.246 0.000358160476
40.248 0.0003591273885
40.25 0.0003602114168
40.252 0.0003614335416
40.254 0.0003627392353
40.256 0.0003641115161
40.258 0.0003669637769
40.26 0.0003692262394
40.262 0.0003713968597
40.264 0.0003734371288
40.266 0.0003753293309
40.268 0.0003770563884
40.27 0.0003786055134
40.272 0.0003799690089
40.274 0.0003811499252
40.276 0.0003821429413
40.278 0.0003829595782
40.28 0.0003836071382
40.282 0.0003840952147
40.284 0.0003844438403
40.286 0.0003846639312
40.288 0.0003847729286
40.29 0.0003601689826
40.292 0.0003645070732
40.294 0.0003656298169
40.296 0.0003685056384
40.298 0.0003705132248
40.3 0.0003729067057
40.302 0.0003750479998
40.304 0.000377218349
40.306 0.0003792517518
40.308 0.0003812018716
40.31 0.000383016316
40.312 0.0003846857662
40.314 0.0003862190508
40.316 0.0003876006224
40.318 0.0003888285428
40.32 0.0003899091226
40.322 0.0003908433355
40.324 0.0003916341034
40.326 0.0003922955352
40.328 0.0003928345691
40.33 0.000393263289
40.332 0.0003935913468
40.334 0.0003938406482
40.336 0.0003940179775
40.338 0.0003941316704
40.34 0.0003942108504
40.342 0.0003942481658
40.344 0.0003942613971
40.346 0.000394279959
40.348 0.0003943106329
40.35 0.000394342432
40.352 0.0003943872515
40.354 0.0003944521436
40.356 0.0003945272721
40.358 0.0003946079511
40.36 0.0003947134115
40.362 0.0003948480008
40.364 0.0003950179458
40.366 0.0003952134264
40.368 0.0003954399151
40.37 0.0003956893311
40.372 0.0003959717085
40.374 0.0003962991493
40.376 0.0003966170328
40.378 0.0003969675132
40.38 0.0003973367977
40.382 0.0003977671859
40.384 0.0003982063118
40.386 0.0003986544681
40.388 0.0003991158654
40.39 0.000399585803
40.392 0.0004000697955
40.394 0.0004005567398
40.396 0.0004010443223
40.398 0.000401429158
40.4 0.0004018332026
40.402 0.0004022436317
40.404 0.0004026690502
40.406 0.0004030907401
40.408 0.0004033688912
40.41 0.0004036703813
40.412 0.0004039265446
40.414 0.0004041420414
40.416 0.0004043376697
40.418 0.0004045257396
40.42 0.0004044971736
40.422 0.0004045216822
40.424 0.0004045943396
40.426 0.000404688512
40.428 0.0004048217329
40.43 0.0004049947293
40.432 0.0004052099593
40.434 0.0004054670696
40.436 0.0004044963892
40.438 0.0004049422006
40.44 0.0004057263131
40.442 0.0004068708644
40.444 0.00040832319
40.446 0.0004099968894
40.448 0.0004118348853
40.45 0.0004137808859
40.452 0.0004157783603
40.454 0.0004177989295
40.456 0.0004197615125
40.458 0.0004216296142
40.46 0.0004233701059
40.462 0.0004249604726
40.464 0.0004265187977
40.466 0.0004278207088
40.468 0.0004289213707
40.47 0.0004298189969
40.472 0.0004305064965
40.474 0.0004309896643
40.476 0.0004312868968
40.478 0.0004314119468
40.48 0.0004313700397
40.482 0.0004311878653
40.484 0.0004308795134
40.486 0.0004304647255
40.488 0.0004299676704
40.49 0.0004294056544
40.492 0.000428798564
40.494 0.0004281499018
40.496 0.0004274881204
40.498 0.0004281252104
40.5 0.0004274953178
40.502 0.0004265961321
40.504 0.0004254462805
40.506 0.0004240951213
40.508 0.0004223880263
40.51 0.0004207222824
40.512 0.0004190281101
40.514 0.0004173788444
40.516 0.0004158025375
40.518 0.0004143453153
40.52 0.0004130288075
40.522 0.0004118892702
40.524 0.0004109366741
40.526 0.000410186114
40.528 0.0004096502052
40.53 0.0004093243539
40.532 0.0004092040432
40.534 0.0004092782325
40.536 0.0004095257123
40.538 0.0004099520177
40.54 0.0004105072953
40.542 0.0004112048667
40.544 0.0004120180102
40.546 0.0004129318253
40.548 0.0004139396917
40.55 0.0004150101082
40.552 0.0004161235258
40.554 0.0004172709341
40.556 0.0004184321013
40.558 0.0004195901208
40.56 0.0004207379136
40.562 0.0004218558663
40.564 0.0004229388765
40.566 0.0004239753878
40.568 0.0004249246344
40.57 0.0004258455448
40.572 0.0004267079589
40.574 0.0004275210656
40.576 0.000428287829
40.578 0.0004289928728
40.58 0.0004296489192
40.582 0.0004302547147
40.584 0.0004303850166
40.586 0.0004305640028
40.588 0.0004307825635
40.59 0.0004309976446
40.592 0.0004312401837
40.594 0.0004315397992
40.596 0.0004318854926
40.598 0.0004322671227
40.6 0.0004326799261
40.602 0.0004331195272
40.604 0.0004335849251
40.606 0.0004340839812
40.608 0.0004346057826
40.61 0.0004351494583
40.612 0.0004356962605
40.614 0.0004361746459
40.616 0.0004365814703
40.618 0.0004370088776
40.62 0.00043746016
40.622 0.0004379257352
40.624 0.0004384035132
40.626 0.0004388949716
40.628 0.0004393959348
40.63 0.0004402887314
40.632 0.0004410760352
40.634 0.00044180247
40.636 0.0004424942308
40.638 0.000443124435
40.64 0.0004437042952
40.642 0.0004442217527
40.644 0.0004446798263
40.646 0.000445085702
40.648 0.0004454378138
40.65 0.0004457434824
40.652 0.0004460109866
40.654 0.0004462371442
40.656 0.000446433828
40.658 0.0004465992687
40.66 0.0004467443072
40.662 0.0004468693836
40.664 0.0004469784679
40.666 0.0004470829397
40.668 0.0004471823119
40.67 0.0004472864476
40.672 0.0004473952848
40.674 0.0004475068918
40.676 0.0004446403673
40.678 0.0004433707282
40.68 0.0004423129676
40.682 0.0004415749999
40.684 0.0004410911595
40.686 0.000440627219
40.688 0.000440535092
40.69 0.0004406854909
40.692 0.0004411031309
40.694 0.0004416202021
40.696 0.0004421573715
40.698 0.0004427522545
40.7 0.0004433896433
40.702 0.0004440593457
40.704 0.0004447166467
40.706 0.0004453511474
40.708 0.000445988066
40.71 0.0004466016146
40.712 0.0004471990121
40.714 0.0004477678147
40.716 0.0004483050549
40.718 0.000448701542
40.72 0.0004489823048
40.722 0.0004491609169
40.724 0.0004492540611
40.726 0.0004492694282
40.728 0.0004492208078
40.73 0.0004491154692
40.732 0.0004489826121
40.734 0.0004488280874
40.736 0.0004486693711
40.738 0.0004485149339
40.74 0.0004483715889
40.742 0.0004482470581
40.744 0.0004481569455
40.746 0.0004477681004
40.748 0.0004476020506
40.75 0.0004475109702
40.752 0.00044750963
40.754 0.0004475849228
40.756 0.0004477362391
40.758 0.0004479647045
40.76 0.0004482679361
40.762 0.0004486323964
40.764 0.0004490538397
40.766 0.0004495318683
40.768 0.0004500593685
40.77 0.0004506069277
40.772 0.0004511972428
40.774 0.0004518313159
40.776 0.0004524816096
40.778 0.0004531391767
40.78 0.0004538181817
40.782 0.0004545241998
40.784 0.0004552478493
40.786 0.0004559743996
40.788 0.0004565089056
40.79 0.0004571381862
40.792 0.000457764295
40.794 0.0004583827111
40.796 0.0004589917514
40.798 0.0004595862002
40.8 0.0004601561168
40.802 0.0004607083412
40.804 0.0004612413164
40.806 0.0004617425892
40.808 0.0004622034028
40.81 0.0004626414086
40.812 0.0004630509079
40.814 0.0004634319145
40.816 0.0004637901857
40.818 0.0004641232582
40.82 0.0004644422013
40.822 0.0004648609523
40.824 0.0004653342147
40.826 0.0004658394418
40.828 0.0004663729717
40.83 0.0004658668956
40.832 0.0004670330405
40.834 0.0004677328115
40.836 0.0004685740029
40.838 0.0004693091307
40.84 0.0004700397566
40.842 0.0004707336356
40.844 0.0004713896679
40.846 0.0004720013609
40.848 0.0004725765293
40.85 0.0004730590946
40.852 0.0004734288126
40.854 0.0004737162027
40.856 0.0004739362346
40.858 0.0004740835084
40.86 0.000474214312
40.862 0.000474234805
40.864 0.0004742109114
40.866 0.0004741347604
40.868 0.0004752569399
40.87 0.0004754116563
40.872 0.0004754182574
40.874 0.0004751956055
40.876 0.0004748340782
40.878 0.0004743281957
40.88 0.0004737258357
40.882 0.0004730438278
40.884 0.0004723062277
40.886 0.0004715411148
40.888 0.0004707659239
40.89 0.0004699817997
40.892 0.0004692149946
40.894 0.0004684741262
40.896 0.0004677714283
40.898 0.0004671388416
40.9 0.0004665681656
40.902 0.0004660708189
40.904 0.00046563738
40.906 0.0004652839222
40.908 0.0004650231406
40.91 0.000464687323
40.912 0.0004644928483
40.914 0.0004644036431
40.916 0.0004643982613
40.918 0.0004644915145
40.92 0.0004646703128
40.922 0.0004649290942
40.924 0.0004652653055
40.926 0.000465673024
40.928 0.00046613741
40.93 0.0004666559986
40.932 0.0004672214652
40.934 0.0004678203042
40.936 0.0004684538295
40.938 0.0004691071691
40.94 0.0004697705666
40.942 0.0004704448446
40.944 0.0004711198091
40.946 0.0004718033798
40.948 0.000472477039
40.95 0.0004731575955
40.952 0.0004739169041
40.954 0.0004746154133
40.956 0.0004753095248
40.958 0.0004759757993
40.96 0.0004766156806
40.962 0.0004772333825
40.964 0.0004778235631
40.966 0.0004783788424
40.968 0.0004789065984
40.97 0.0004794001783
40.972 0.0004798582691
40.974 0.0004802855785
40.976 0.0004806789351
40.978 0.0004810313317
40.98 0.0004813589379
40.982 0.0004816483749
40.984 0.0004819095289
40.986 0.0004821455135
40.988 0.0004823552557
40.99 0.0004825419418
40.992 0.0004827113397
40.994 0.0004834150697
40.996 0.0004839119048
40.998 0.0004843090187
41 0.000484657525
41.002 0.0004849384525
41.004 0.0004851581951
41.006 0.000485322626
41.008 0.000485296103
41.01 0.0004852761767
41.012 0.0004852230211
41.014 0.0004851423311
41.016 0.0004846542426
41.018 0.0004843656489
41.02 0.0004840870649
41.022 0.0004838172943
41.024 0.0004835916574
41.026 0.0004833976953
41.028 0.0004832387405
41.03 0.0004831252011
41.032 0.0004830497203
41.034 0.000483005761
41.036 0.0004829985214
41.038 0.0004830218565
41.04 0.0004830728148
41.042 0.0004831958246
41.044 0.00048336945
41.046 0.0004835404111
41.048 0.0004837443545
41.05 0.0004839682304
41.052 0.000484204407
41.054 0.0004844564118
41.056 0.0005167830063
41.058 0.0005457954493
41.06 0.0005711543394
41.062 0.0005926091612
41.064 0.0006100341612
41.066 0.000623420182
41.068 0.0006328360815
41.07 0.000638416967
41.072 0.0006404222429
41.074 0.0006391236671
41.076 0.0006348510148
41.078 0.0006279791459
41.08 0.0006189018589
41.082 0.0006080036758
41.084 0.0005957019672
41.086 0.0005823942723
41.088 0.0005684495552
41.09 0.0005542360778
41.092 0.0005400824101
41.094 0.0005262831182
41.096 0.0005131091248
41.098 0.0005007803687
41.1 0.0004894754226
41.102 0.0004793352364
41.104 0.0004705169618
41.106 0.0004630199507
41.108 0.0004569047657
41.11 0.0004521520936
41.112 0.0004487297944
41.114 0.0004465912009
41.116 0.000445647883
41.118 0.0004458026885
41.12 0.0004469707568
41.122 0.0004489970921
41.124 0.0004517509128
41.126 0.0004551121975
41.128 0.0004589398855
41.13 0.0004630979636
41.132 0.0004674712095
41.134 0.0004719312408
41.136 0.0004763721068
41.138 0.0004807036278
41.14 0.0004848348071
41.142 0.0004886919655
41.144 0.0004922248334
41.146 0.0004953785214
41.148 0.0004980979758
41.15 0.0005003806743
41.152 0.0005022141152
41.154 0.0005036133139
41.156 0.0005045862021
41.158 0.0005051566343
41.16 0.0005053579417
41.162 0.0005052027776
41.164 0.0005047669997
41.166 0.0005040846605
41.168 0.0005032133026
41.17 0.0005021853694
41.172 0.0005010513534
41.174 0.0004998475929
41.176 0.0004986116079
41.178 0.0004973861116
41.18 0.0004961985717
41.182 0.0004950738788
41.184 0.0004940454603
41.186 0.0004931250742
41.188 0.0004923250171
41.19 0.0004916668472
41.192 0.0004911239303
41.194 0.0004906931476
41.196 0.0004903904103
41.198 0.000490199049
41.2 0.0004901092896
41.202 0.0004919018048
41.204 0.0004929734653
41.206 0.0004940119547
41.208 0.0004949714312
41.21 0.0004958567052
41.212 0.0004966524519
41.214 0.000497349374
41.216 0.0004979859224
41.218 0.0004985045349
41.22 0.0004989139149
41.222 0.000499211217
41.224 0.0004994071703
41.226 0.0004994907176
41.228 0.0004994767539
41.23 0.0004993638396
41.232 0.0004962644644
41.234 0.0004938536554
41.236 0.0004912765147
41.238 0.0004885439392
41.24 0.0004857038679
41.242 0.0004827713263
41.244 0.0004797724273
41.246 0.0004753489472
41.248 0.0004715030075
41.25 0.0004700733003
41.252 0.0004678661276
41.254 0.0004658959339
41.256 0.0004644776442
41.258 0.000463632083
41.26 0.0004632631891
41.262 0.0004631789406
41.264 0.0004636196765
41.266 0.0004652542445
41.268 0.0004675098433
41.27 0.0004705287957
41.272 0.0004705772658
41.274 0.0004731040407
41.276 0.000476144121
41.278 0.0004797754433
41.28 0.0004837684599
41.282 0.0004879923187
41.284 0.0004923469776
41.286 0.0004967110643
41.288 0.0005009982047
41.29 0.0005051708532
41.292 0.0005091077943
41.294 0.00051264681
41.296 0.0005159085695
41.298 0.0005188129626
41.3 0.0005213300096
41.302 0.0005234785722
41.304 0.0005252855959
41.306 0.0005267455964
41.308 0.0005278573736
41.31 0.0005286482871
41.312 0.0005291325257
41.314 0.0005293381075
41.316 0.0005293210924
41.318 0.000528583751
41.32 0.0005273569332
41.322 0.0005257436435
41.324 0.0005237980214
41.326 0.0005215827205
41.328 0.0005191725646
41.33 0.0005166403743
41.332 0.0005142550175
41.334 0.0005119786229
41.336 0.0005098583433
41.338 0.0005079021629
41.34 0.0005056720605
41.342 0.000503827442
41.344 0.0005022084069
41.346 0.0005008165489
41.348 0.0004996757665
41.35 0.0004987778591
41.352 0.0004981129317
41.354 0.0004976398098
41.356 0.0004973402874
41.358 0.0004972103342
41.36 0.0004972380398
41.362 0.0004973231342
41.364 0.0004975486859
41.366 0.0004969119309
41.368 0.0004967638173
41.37 0.0004967348088
41.372 0.0004968017139
41.374 0.0004969644271
41.376 0.000497195109
41.378 0.0004977482259
41.38 0.0004982326184
41.382 0.0004987323243
41.384 0.0004992488108
41.386 0.0004997392552
41.388 0.0005002626104
41.39 0.0005007192203
41.392 0.0005011243046
41.394 0.00050187229
41.396 0.0005025330087
41.398 0.0005030844061
41.4 0.0005035778168
41.402 0.0005039810866
41.404 0.000505937939
41.406 0.0005071485062
41.408 0.0005081524145
41.41 0.0005089738267
41.412 0.0005096009113
41.414 0.0005100563116
41.416 0.0005103467463
41.418 0.0005104773512
41.42 0.0005104773374
41.422 0.0005104042419
41.424 0.000510213434
41.426 0.000509934221
41.428 0.0005098740045
41.43 0.0005096718223
41.432 0.000509445208
41.434 0.0005092025199
41.436 0.0005089495294
41.438 0.0005087109139
41.44 0.0005084902866
41.442 0.0005082914585
41.444 0.0005081035815
41.446 0.0005080691734
41.448 0.000508092286
41.45 0.0005081577045
41.452 0.0005082608914
41.454 0.000508408334
41.456 0.0005085846419
41.458 0.0005087968176
41.46 0.0005090364598
41.462 0.0005092894495
41.464 0.0005095616962
41.466 0.0005098461175
41.468 0.0005100565553
41.47 0.0005102850521
41.472 0.0005105080218
41.474 0.0005107192531
41.476 0.0005109029391
41.478 0.0005110646363
41.48 0.000511192063
41.482 0.000511294174
41.484 0.0005113644545
41.486 0.0005114028184
41.488 0.0005107947047
41.49 0.0005105031042
41.492 0.000510207747
41.494 0.0005099209308
41.496 0.0005094180941
41.498 0.000509034893
41.5 0.0005087019891
41.502 0.0005084122346
41.504 0.0005081635898
41.506 0.0005073942918
41.508 0.0005077468056
41.51 0.0005078099911
41.512 0.0005079110184
41.514 0.0005080544581
41.516 0.0005086525688
41.518 0.0005094751315
41.52 0.0005105040943
41.522 0.0005116924261
41.524 0.000513014738
41.526 0.0005144232368
41.528 0.0005158963745
41.53 0.0005173972442
41.532 0.0005186162423
41.534 0.0005195924968
41.536 0.0005203401991
41.538 0.000520878331
41.54 0.0005210840266
41.542 0.0005211252217
41.544 0.0005309182536
41.546 0.0005364524225
41.548 0.0005409633203
41.55 0.0005445994165
41.552 0.0005472525166
41.554 0.0005489854707
41.556 0.0005500946651
41.558 0.000550299965
41.56 0.0005497494487
41.562 0.0005485276764
41.564 0.0005467269015
41.566 0.0005444379895
41.568 0.0005417114674
41.57 0.000538710948
41.572 0.0005355050014
41.574 0.0005321919404
41.576 0.0005288420157
41.578 0.0005255418295
41.58 0.0005223612591
41.582 0.0005193439576
41.584 0.0005167618026
41.586 0.0005144871804
41.588 0.0005124654332
41.59 0.0005106944111
41.592 0.0005092126714
41.594 0.0005080145333
41.596 0.0005071064271
41.598 0.0005064640539
41.6 0.0005060897472
41.602 0.0005059544525
41.604 0.0005060454864
41.606 0.0005064187615
41.608 0.0005069428559
41.61 0.0005075934375
41.612 0.0005083627603
41.614 0.0005094102238
41.616 0.0005103597912
41.618 0.0005113073099
41.62 0.0005122561372
41.622 0.0005133947749
41.624 0.0005144676381
41.626 0.0005154776678
41.628 0.0005165273262
41.63 0.0005177021345
41.632 0.000518758975
41.634 0.0005197343101
41.636 0.0005206530561
41.638 0.0005214952817
41.64 0.0005222450399
41.642 0.0005229080084
41.644 0.0005234702293
41.646 0.0005256067753
41.648 0.00052714175
41.65 0.0005283839991
41.652 0.0005294028596
41.654 0.0005301787012
41.656 0.0005307440246
41.658 0.0005311038719
41.66 0.0005312683114
41.662 0.0005312637707
41.664 0.0005310965297
41.666 0.00053078614
41.668 0.0005303568966
41.67 0.0005298427618
41.672 0.0005294087271
41.674 0.0005288330267
41.676 0.0005282316712
41.678 0.0005276107239
41.68 0.000526990466
41.682 0.0005263891107
41.684 0.0005258130406
41.686 0.0005253337612
41.688 0.0005249316367
41.69 0.000524606619
41.692 0.0005243039386
41.694 0.00052403755
41.696 0.0005275685235
41.698 0.0005290834818
41.7 0.0005303951478
41.702 0.0005313702186
41.704 0.000532096413
41.706 0.0005325757936
41.708 0.0005329384337
41.71 0.0005330539386
41.712 0.0005329778522
41.714 0.0005327423094
41.716 0.0005323619274
41.718 0.0005318673776
41.72 0.0005312723683
41.722 0.0005306150083
41.724 0.0005298974723
41.726 0.0005291503366
41.728 0.0005283856586
41.73 0.0005276284606
41.732 0.000526884888
41.734 0.0005261415473
41.736 0.0005254409807
41.738 0.0005247969594
41.74 0.0005241987162
41.742 0.0005236699663
41.744 0.0005231985632
41.746 0.0005227808511
41.748 0.0005224048452
41.75 0.0005212998833
41.752 0.000520633093
41.754 0.0005199167652
41.756 0.0005193966414
41.758 0.0005189875936
41.76 0.0005186432113
41.762 0.0005184282844
41.764 0.0005183185321
41.766 0.0005182889158
41.768 0.000518482781
41.77 0.0005185937302
41.772 0.0005188558227
41.774 0.0005192033466
41.776 0.0005196461034
41.778 0.0005201643255
41.78 0.0005213849608
41.782 0.0005219493279
41.784 0.0005221456053
41.786 0.0005221263127
41.788 0.0005218274154
41.79 0.0005212979558
41.792 0.0005205734351
41.794 0.0005197112347
41.796 0.0005187245286
41.798 0.0005176650831
41.8 0.0005165531415
41.802 0.0005154444622
41.804 0.0005143454893
41.806 0.0005132897431
41.808 0.0005122820987
41.81 0.0005113403254
41.812 0.000510486251
41.814 0.0005097190302
41.816 0.0005090587769
41.818 0.0005084900671
41.82 0.0005080324067
41.822 0.0005077056099
41.824 0.0005074536545
41.826 0.0005072948763
41.828 0.0005072101591
41.83 0.0005072062115
41.832 0.0005072613593
41.834 0.0005073776589
41.836 0.0005075425418
41.838 0.0005077304954
41.84 0.0005079471486
41.842 0.0005081782854
41.844 0.0005084206455
41.846 0.0005086575381
41.848 0.0005088857669
41.85 0.0005090880215
41.852 0.0005092598583
41.854 0.0005094957588
41.856 0.0005096833718
41.858 0.000509824425
41.86 0.0005099223105
41.862 0.0005100780526
41.864 0.0005103698114
41.866 0.0005104088069
41.868 0.0005079792223
41.87 0.0005069286206
41.872 0.0005057451125
41.874 0.000504610998
41.876 0.0005033622913
41.878 0.0005021321032
41.88 0.0005008697172
41.882 0.0004996354014
41.884 0.0004984389926
41.886 0.0004972950707
41.888 0.0004962282612
41.89 0.0004952453533
41.892 0.0004943720982
41.894 0.0004936135117
41.896 0.000492875301
41.898 0.00049231306
41.9 0.0004916745282
41.902 0.0004911022956
41.904 0.0004908712557
41.906 0.0004905611278
41.908 0.0004904473294
41.91 0.0004903727033
41.912 0.0004904618045
41.914 0.0004904314121
41.916 0.0004905664808
41.918 0.0004908491432
41.92 0.0004912075207
41.922 0.0004916525292
41.924 0.0004921563654
41.926 0.0004927116617
41.928 0.0004936977155
41.93 0.0004943378321
41.932 0.0004950268102
41.934 0.0004951933788
41.936 0.000495524747
41.938 0.0004958108733
41.94 0.0004960954399
41.942 0.0004963400975
41.944 0.0004965621166
41.946 0.0004967790172
41.948 0.0004969451171
41.95 0.000497085303
41.952 0.0004971958021
41.954 0.0004972888198
41.956 0.0004973483131
41.958 0.0004973986931
41.96 0.0004974259584
41.962 0.0004974445688
41.964 0.0004974540361
41.966 0.0004974551026
41.968 0.000497467341
41.97 0.0004974746006
41.972 0.0004975034057
41.974 0.0004910257185
41.976 0.0004884771978
41.978 0.0004862303421
41.98 0.0004847116786
41.982 0.0004836310742
41.984 0.0004830503106
41.986 0.0004828550448
41.988 0.0004808632646
41.99 0.0004814832598
41.992 0.0004820140189
41.994 0.0004831556615
41.996 0.0004843931992
41.998 0.0004867253751
42 0.0004879589763
42.002 0.0004894451953
42.004 0.0004909109591
42.006 0.0004923547075
42.008 0.0004937446381
42.01 0.0004950529674
42.012 0.0004962622976
42.014 0.000497355108
42.016 0.0004983222503
42.018 0.0004991592642
42.02 0.0005004030998
42.022 0.0005012476289
42.024 0.0005019410556
42.026 0.0005024702807
42.028 0.0005028556231
42.03 0.0005030946889
42.032 0.0005032021064
42.034 0.0005031551989
42.036 0.0005029932189
42.038 0.000502770129
42.04 0.0005024409818
42.042 0.0005020382442
42.044 0.0005016002237
42.046 0.0005011171654
42.048 0.000500608489
42.05 0.0005000972977
42.052 0.0004995882709
42.054 0.0004990898094
42.056 0.0004986159127
42.058 0.000498149038
42.06 0.0004977286521
42.062 0.0004973469203
42.064 0.000497008822
42.066 0.0004967061677
42.068 0.0004964430258
42.07 0.0004962211423
42.072 0.0004960245628
42.074 0.0004958747232
42.076 0.0004957312844
42.078 0.0004956088268
42.08 0.0004954964103
42.082 0.0004953940734
42.084 0.0004952965353
42.086 0.0004951913834
42.088 0.0004950835663
42.09 0.0004949682741
42.092 0.0004948342656
42.094 0.0004946669379
42.096 0.0004944815593
42.098 0.0004942703862
42.1 0.0004940312196
42.102 0.0004937658465
42.104 0.0004934772937
42.106 0.0004931582152
42.108 0.0004928233089
42.11 0.0004924582482
42.112 0.0004920788032
42.114 0.0004916759834
42.116 0.0004912638218
42.118 0.000490844599
42.12 0.0004904108139
42.122 0.0004899737208
42.124 0.0004895327706
42.126 0.0004890840749
42.128 0.0004886403174
42.13 0.0004882049746
42.132 0.0004877785744
42.134 0.0004873622056
42.136 0.0004869542636
42.138 0.0004865564881
42.14 0.0004861724094
42.142 0.0004858021915
42.144 0.0004854438496
42.146 0.0004848222063
42.148 0.000484443289
42.15 0.0004840502976
42.152 0.0004836978266
42.154 0.0004833389606
42.156 0.0004830072165
42.158 0.0004826787774
42.16 0.0004823632619
42.162 0.0004820528679
42.164 0.0004817556252
42.166 0.0004814721873
42.168 0.0004811829972
42.17 0.0004809039449
42.172 0.0004806270236
42.174 0.0004803695505
42.176 0.0004800959899
42.178 0.0004798400256
42.18 0.0004795784272
42.182 0.0004793215088
42.184 0.0004790597228
42.186 0.0004788163439
42.188 0.0004785608406
42.19 0.0004783076126
42.192 0.000478048351
42.194 0.0004777884993
42.196 0.0004775315842
42.198 0.0004772710268
42.2 0.0004770057526
42.202 0.0004769366541
42.204 0.0004767867352
42.206 0.0004766191579
42.208 0.0004764301061
42.21 0.0004762138945
42.212 0.0004759710495
42.214 0.0004757036421
42.216 0.0004754140061
42.218 0.0004750989297
42.22 0.0004747599833
42.222 0.0004744113013
42.224 0.0004740495892
42.226 0.0004736688885
42.228 0.0004701665125
42.23 0.0004685465943
42.232 0.0004670274191
42.234 0.0004658491936
42.236 0.0004648493206
42.238 0.0004640766595
42.24 0.0004634777857
42.242 0.0004630535386
42.244 0.0004627872785
42.246 0.0004626462927
42.248 0.000462625223
42.25 0.0004626937997
42.252 0.0004628448322
42.254 0.0004630655545
42.256 0.0004633398127
42.258 0.0004636506838
42.26 0.000463905078
42.262 0.0004642205902
42.264 0.000464514105
42.266 0.0004647897316
42.268 0.0004650271625
42.27 0.0004652226295
42.272 0.0004653669269
42.274 0.0004654489622
42.276 0.0004654649128
42.278 0.0004654269296
42.28 0.000465313334
42.282 0.0004651323243
42.284 0.0004648798084
42.286 0.000465658983
42.288 0.0004656152271
42.29 0.000465560982
42.292 0.0004653216107
42.294 0.0004650096395
42.296 0.0004646007079
42.298 0.0004641214613
42.3 0.0004652501398
42.302 0.0004659893959
42.304 0.0004662085325
42.306 0.0004663182184
42.308 0.0004660800454
42.31 0.0004656190179
42.312 0.0004649694985
42.314 0.0004640769877
42.316 0.000462941145
42.318 0.0004616852104
42.32 0.0004603201541
42.322 0.0004588771409
42.324 0.0004573897438
42.326 0.0004558836707
42.328 0.0004543863594
42.33 0.0004529125354
42.332 0.0004505403088
42.334 0.0004483018273
42.336 0.0004463492564
42.338 0.000444513281
42.34 0.0004429017706
42.342 0.0004414859603
42.344 0.0004402871748
42.346 0.0004392955831
42.348 0.0004385075328
42.35 0.000437903403
42.352 0.0004374755748
42.354 0.0004372053027
42.356 0.0004370719569
42.358 0.0004370540379
42.36 0.0004371408259
42.362 0.0004373004386
42.364 0.0004375195974
42.366 0.000410296946
42.368 0.000420379491
42.37 0.0004204298507
42.372 0.000424597479
42.374 0.0004263723732
42.376 0.0004290138919
42.378 0.0004310256856
42.38 0.0004331500167
42.382 0.0004350171374
42.384 0.0004367787363
42.386 0.0004383336823
42.388 0.0004397136455
42.39 0.0004408771854
42.392 0.0004418382844
42.394 0.0004425834162
42.396 0.0004431234434
42.398 0.000443451219
42.4 0.0004435786515
42.402 0.0004435287784
42.404 0.000443310809
42.406 0.0004429073642
42.408 0.0004423800944
42.41 0.0004417534154
42.412 0.0004410353367
42.414 0.0004402313539
42.416 0.0004393737934
42.418 0.0004384771415
42.42 0.000437550461
42.422 0.0004366105219
42.424 0.0004356701305
42.426 0.0004347322285
42.428 0.0004338153844
42.43 0.0004329430224
42.432 0.0004320949074
42.434 0.0004312868679
42.436 0.0004305295935
42.438 0.0004298027707
42.44 0.0004291115184
42.442 0.0004284578395
42.444 0.0004278551843
42.446 0.0004272648295
42.448 0.0004267011468
42.45 0.0004261565901
42.452 0.0004256337915
42.454 0.0004251254395
42.456 0.0004260334454
42.458 0.000425464319
42.46 0.0004252310874
42.462 0.0004247333712
42.464 0.0004243329042
42.466 0.0004238723826
42.468 0.0004234489992
42.47 0.0004230132992
42.472 0.0004225904553
42.474 0.000422163107
42.476 0.0004217339166
42.478 0.0004212946074
42.48 0.0004208434881
42.482 0.0004203807745
42.484 0.0004199032863
42.486 0.0004194211385
42.488 0.0004188970214
42.49 0.0004183724938
42.492 0.0004178231445
42.494 0.0004172588937
42.496 0.0004166811015
42.498 0.0004160854517
42.5 0.0004154753036
42.502 0.0004148597177
42.504 0.0004142296764
42.506 0.0004135990996
42.508 0.0004129664519
42.51 0.0004123264085
42.512 0.0004116869369
42.514 0.0004110477932
42.516 0.0004100790668
42.518 0.0004095081545
42.52 0.0004091237179
42.522 0.0004086302535
42.524 0.0004081465787
42.526 0.0004076505505
42.528 0.0004071477825
42.53 0.0004066251329
42.532 0.0004060918992
42.534 0.0004055522201
42.536 0.0004049873722
42.538 0.000404418537
42.54 0.0004038263473
42.542 0.0004032177362
42.544 0.0004025906733
42.546 0.0004019506601
42.548 0.0004013032125
42.55 0.0004006463957
42.552 0.0004148821159
42.554 0.0004169301926
42.556 0.0004200062852
42.558 0.0004210296263
42.56 0.0004218729851
42.562 0.0004219440026
42.564 0.0004216673507
42.566 0.0004209929739
42.568 0.0004199901079
42.57 0.0004190392726
42.572 0.0004175017837
42.574 0.0004158379817
42.576 0.0004139349666
42.578 0.000411958691
42.58 0.0004098607221
42.582 0.0004077207617
42.584 0.0004056046231
42.586 0.0004034645697
42.588 0.0004013886865
42.59 0.000399385591
42.592 0.0003974474592
42.594 0.0003956019349
42.596 0.0003938610528
42.598 0.0003922749094
42.6 0.0003907443391
42.602 0.0003893590559
42.604 0.0003880971578
42.606 0.0003870219737
42.608 0.0003859886274
42.61 0.0003850699828
42.612 0.0003842916318
42.614 0.0003835121973
42.616 0.0003828279186
42.618 0.0003821721938
42.62 0.0003815715434
42.622 0.0003810172171
42.624 0.0003804898
42.626 0.0003800154979
42.628 0.0003795436602
42.63 0.0003791723516
42.632 0.0003787395617
42.634 0.0003783129264
42.636 0.0003798049738
42.638 0.0003794399441
42.64 0.0003793178599
42.642 0.0003788459168
42.644 0.0003788008635
42.646 0.0003777834711
42.648 0.0003769107476
42.65 0.0003758513302
42.652 0.0003748213758
42.654 0.0003737699575
42.656 0.0003727478859
42.658 0.0003717457138
42.66 0.0003707794534
42.662 0.0003698711278
42.664 0.0003689720194
42.666 0.0003681236077
42.668 0.0003672969641
42.67 0.000366524591
42.672 0.0003638158494
42.674 0.0003631405473
42.676 0.0003621790057
42.678 0.0003615789903
42.68 0.0003609025497
42.682 0.0003603034953
42.684 0.0003596650003
42.686 0.0003590277601
42.688 0.000358352895
42.69 0.0003576704893
42.692 0.0003569982782
42.694 0.0003565736186
42.696 0.0003558904162
42.698 0.0003552121132
42.7 0.0003544753138
42.702 0.000353734976
42.704 0.0003529821186
42.706 0.0003522347809
42.708 0.0003514881138
42.71 0.000350745277
42.712 0.0003500005447
42.714 0.000349270869
42.716 0.0003485387446
42.718 0.0003478070231
42.72 0.0003470579478
42.722 0.0003462530301
42.724 0.0003455213769
42.726 0.0003448041857
42.728 0.0003440925098
42.73 0.0003433990631
42.732 0.0003427024344
42.734 0.0003420081143
42.736 0.0003413225164
42.738 0.0003406332683
42.74 0.0003399458169
42.742 0.0003392546198
42.744 0.000338556641
42.746 0.000337863633
42.748 0.000337157087
42.75 0.0003364628979
42.752 0.0003357567367
42.754 0.0003350523579
42.756 0.0003343477984
42.758 0.0003336448502
42.76 0.0003329413984
42.762 0.0003322289958
42.764 0.0003315203386
42.766 0.000330803938
42.768 0.0003300279803
42.77 0.0003293019735
42.772 0.0003285689224
42.774 0.0002128691447
42.776 0.000316993283
42.778 0.0002143272695
42.78 0.0002150921603
42.782 0.0002742954564
42.784 0.0002165550978
42.786 0.0002271323111
42.788 0.0002577409191
42.79 0.0002859030386
42.792 0.0003090615235
42.794 0.0003267319779
42.796 0.0003394244248
42.798 0.0003472646774
42.8 0.0003506068784
42.802 0.0003497526281
42.804 0.000345081424
42.806 0.0003369672209
42.808 0.0003258120876
42.81 0.0003120167437
42.812 0.0002959893998
42.814 0.0002781314651
42.816 0.0002588368472
42.818 0.0002384863517
42.82 0.0002320073393
42.822 0.0002329616253
42.824 0.0002339226571
42.826 0.0002348897628
42.828 0.0002358628347
42.83 0.0002368391005
42.832 0.0002378171421
42.834 0.0002387971501
42.836 0.0002397743837
42.838 0.0002407498142
42.84 0.0002417250615
42.842 0.0002426987774
42.844 0.0002436706993
42.846 0.0002446380561
42.848 0.0002456074503
42.85 0.0002465705334
42.852 0.0002475277338
42.854 0.0002484812146
42.856 0.0002494282814
42.858 0.0002503695967
42.86 0.000251357183
42.862 0.000252513637
42.864 0.0002536618925
42.866 0.00025479807
42.868 0.0002559210681
42.87 0.0002570290409
42.872 0.0002581184493
42.874 0.0002591925999
42.876 0.0002602472798
42.878 0.0002612803365
42.88 0.0002622930754
42.882 0.0002632823458
42.884 0.0002642481172
42.886 0.0002651857511
42.888 0.0002660973424
42.89 0.0002669804535
42.892 0.0002678319184
42.894 0.0002686511505
42.896 0.0002694400616
42.898 0.0002701935257
42.9 0.0002709138914
42.902 0.0002715988106
42.904 0.0002722414892
42.906 0.000272848217
42.908 0.0002734184628
42.91 0.0002739454386
42.912 0.0002744352912
42.914 0.0002748830723
42.916 0.0002752982252
42.918 0.0002756669086
42.92 0.0002759929164
42.922 0.0002762732276
42.924 0.0002765053177
42.926 0.0002766917774
42.928 0.0002768307239
42.93 0.0002769187587
42.932 0.0002769577332
42.934 0.0002769487022
42.936 0.0002768906585
42.938 0.0002767842087
42.94 0.0002766257122
42.942 0.0002765309938
42.944 0.0002763945252
42.946 0.0002762134229
42.948 0.0002759906506
42.95 0.0002757380775
42.952 0.0002754418251
42.954 0.0002751044814
42.956 0.0002747248794
42.958 0.0002743015721
42.96 0.0002738376074
42.962 0.0002734164508
42.964 0.0002729612273
42.966 0.0002724693434
42.968 0.000271939357
42.97 0.0002713739971
42.972 0.000270771571
42.974 0.000270138468
42.976 0.0002694839254
42.978 0.0002687960042
42.98 0.0002680732853
42.982 0.0002673183003
42.984 0.0002665323075
42.986 0.0002657382523
42.988 0.0002650066794
42.99 0.0002642477483
42.992 0.000263462137
42.994 0.000262651573
42.996 0.000261817234
42.998 0.0002609621663
43 0.0002600863285
43.002 0.0002591905294
43.004 0.000258276742
43.006 0.0002573464752
43.008 0.0002564013453
43.01 0.0002554429818
43.012 0.0002544731443
43.014 0.0002534925392
43.016 0.0002525162076
43.018 0.0002515298693
43.02 0.0002505394619
43.022 0.0002495481897
43.024 0.0002485567833
43.026 0.0002475662069
43.028 0.0002465788381
43.03 0.0002455972494
43.032 0.000244622774
43.034 0.0002436581859
43.036 0.0002427036618
43.038 0.0002417646392
43.04 0.0002408417475
43.042 0.0002399370014
43.044 0.0002390523198
43.046 0.0002381901002
43.048 0.0002373518728
43.05 0.0002369536703
43.052 0.0002367548895
43.054 0.0002365491469
43.056 0.000239109193
43.058 0.0002418666771
43.06 0.0002444695332
43.062 0.000246906667
43.064 0.0002491733969
43.066 0.0002512600807
43.068 0.0002531692536
43.07 0.0002548904956
43.072 0.0002565999635
43.074 0.0002581294987
43.076 0.0002594735497
43.078 0.000260627326
43.08 0.0002615991577
43.082 0.0002623795238
43.084 0.0002629741093
43.086 0.0002633828425
43.088 0.000263923951
43.09 0.0002655968347
43.092 0.0002672419175
43.094 0.0002688380851
43.096 0.0002703079044
43.098 0.0002716453453
43.1 0.0002728512201
43.102 0.0002745540009
43.104 0.0002761711775
43.106 0.0002776786586
43.108 0.000279140836
43.11 0.0002804921358
43.112 0.0002817220097
43.114 0.0002832631875
43.116 0.000284916368
43.118 0.0002864811746
43.12 0.0002879493685
43.122 0.0002893158701
43.124 0.0002905813295
43.126 0.0002917459527
43.128 0.0002928046447
43.13 0.0002937776807
43.132 0.0002947482964
43.134 0.0002956154886
43.136 0.0002963757244
43.138 0.0002970335964
43.14 0.0002975873603
43.142 0.000298039627
43.144 0.000298397481
43.146 0.0002986574204
43.148 0.0002996420022
43.15 0.0003005855286
43.152 0.000301454423
43.154 0.0003023333455
43.156 0.0003031277571
43.158 0.0003038370993
43.16 0.0003044621079
43.162 0.0003050039057
43.164 0.0003056176581
43.166 0.0003064438894
43.168 0.0003071914866
43.17 0.0003078586182
43.172 0.0003084885774
43.174 0.0003090729522
43.176 0.0003095813112
43.178 0.0003101948129
43.18 0.0003111052292
43.182 0.0003119523733
43.184 0.0003127269827
43.186 0.0003134324991
43.188 0.0003140703245
43.19 0.0003146371957
43.192 0.000315138624
43.194 0.0003155690987
43.196 0.0003159868481
43.198 0.0003163753326
43.2 0.0003166972292
43.202 0.0003169594308
43.204 0.0003171642217
43.206 0.0003173084837
43.208 0.0003173940958
43.21 0.0003174232102
43.212 0.0003174007176
43.214 0.0003173251822
43.216 0.0003172432324
43.218 0.0003174893376
43.22 0.0003176779065
43.222 0.0003178058527
43.224 0.0003179128532
43.226 0.0003179958238
43.228 0.000318021606
43.23 0.0003179980167
43.232 0.0003179280061
43.234 0.0003178077488
43.236 0.0003178428773
43.238 0.0003178514822
43.24 0.0003178064883
43.242 0.0003177123319
43.244 0.0003175694151
43.246 0.0003173854545
43.248 0.000317155124
43.25 0.0003168914765
43.252 0.0003165970015
43.254 0.0003162794068
43.256 0.0003159264342
43.258 0.0003155423832
43.26 0.0003151294396
43.262 0.000314688139
43.264 0.000314362785
43.266 0.000314072478
43.268 0.0003137551121
43.27 0.000313400084
43.272 0.0003130189365
43.274 0.0003126070629
43.276 0.000312175525
43.278 0.0003117197764
43.28 0.0003112474657
43.282 0.0003107547709
43.284 0.0003102550948
43.286 0.0003097375219
43.288 0.0003092155456
43.29 0.0003098245219
43.292 0.0003112379133
43.294 0.0003126208154
43.296 0.000313980048
43.298 0.0003153017802
43.3 0.0003165932188
43.302 0.000317866744
43.304 0.0003191187551
43.306 0.0003203246546
43.308 0.0003214930712
43.31 0.0003226093414
43.312 0.0003236877883
43.314 0.0003247155184
43.316 0.000325699875
43.318 0.0003265963262
43.32 0.0003274606362
43.322 0.0003282645108
43.324 0.0003290149157
43.326 0.0003297166129
43.328 0.0003303601816
43.33 0.0003309556916
43.332 0.0003314907008
43.334 0.0003319821095
43.336 0.0003324174628
43.338 0.0003330254497
43.34 0.0003338559478
43.342 0.0003346496718
43.344 0.0003353941811
43.346 0.0003360984974
43.348 0.0003367871772
43.35 0.0003374509566
43.352 0.0003380736162
43.354 0.0003386437282
43.356 0.0003391715635
43.358 0.0003396485914
43.36 0.0003400865551
43.362 0.0003404735296
43.364 0.0003408189317
43.366 0.0003411187187
43.368 0.0003416072388
43.37 0.0003420762434
43.372 0.0003424935887
43.374 0.0003428672055
43.376 0.0003431901851
43.378 0.0003434715526
43.38 0.0003437036847
43.382 0.000343912259
43.384 0.0003441021807
43.386 0.0003442480746
43.388 0.000344357871
43.39 0.0003444260557
43.392 0.0003446303498
43.394 0.0003449718352
43.396 0.0003452816362
43.398 0.0003455659825
43.4 0.0003458108669
43.402 0.0003460284862
43.404 0.000346206752
43.406 0.0003463579253
43.408 0.0003464746392
43.41 0.0003465675734
43.412 0.0003466277847
43.414 0.0003466671833
43.416 0.0003466809857
43.418 0.0003466688428
43.42 0.0003466422544
43.422 0.0003465913294
43.424 0.0003465553535
43.426 0.0003465054768
43.428 0.0003464456621
43.43 0.0003463672886
43.432 0.000346281765
43.434 0.0003461806221
43.436 0.0003460763838
43.438 0.0003459618699
43.44 0.0003458447686
43.442 0.0003457231088
43.444 0.0003456001523
43.446 0.0003454916836
43.448 0.0003453817996
43.45 0.0003452795786
43.452 0.0003451805836
43.454 0.0003450977226
43.456 0.0003450199282
43.458 0.0003449569419
43.46 0.0003449053226
43.462 0.0003448712322
43.464 0.0003448515882
43.466 0.0003448521333
43.468 0.0003448695334
43.47 0.0003449099105
43.472 0.0003449675811
43.474 0.0003453351324
43.476 0.0003460002738
43.478 0.0003466722214
43.48 0.0003473431539
43.482 0.0003480198797
43.484 0.0003486915135
43.486 0.0003493687378
43.488 0.0003500406871
43.49 0.0003507147181
43.492 0.0003513995547
43.494 0.0003520632558
43.496 0.0003527402658
43.498 0.0003533960007
43.5 0.0003540499303
43.502 0.0003547132087
43.504 0.0003553572583
43.506 0.000356010862
43.508 0.0003566397075
43.51 0.0003572835861
43.512 0.0003578975002
43.514 0.0003584853234
43.516 0.0003591321875
43.518 0.0003597315042
43.52 0.0003603358564
43.522 0.000361006347
43.524 0.0003617207229
43.526 0.0003624135975
43.528 0.0003635860737
43.53 0.0003647848747
43.532 0.0003659949003
43.534 0.0003671964785
43.536 0.0003683870203
43.538 0.0003695451982
43.54 0.0003707090462
43.542 0.0003718613322
43.544 0.0003730502974
43.546 0.0003742054005
43.548 0.0003753551996
43.55 0.0003764649827
43.552 0.0003776009009
43.554 0.0003787103767
43.556 0.0003797801425
43.558 0.0003808827825
43.56 0.0003819673897
43.562 0.0003830391509
43.564 0.0003841080291
43.566 0.0003851485459
43.568 0.0003862155604
43.57 0.0003872262805
43.572 0.0003882441705
43.574 0.000387102908
43.576 0.0003869406028
43.578 0.0003869360695
43.58 0.0003871158881
43.582 0.000387452709
43.584 0.0003880025564
43.586 0.0003887114971
43.588 0.0003895774604
43.59 0.0003905923116
43.592 0.0003917476709
43.594 0.0003930260378
43.596 0.0003944083244
43.598 0.0003958827531
43.6 0.0003974316891
43.602 0.0003990390478
43.604 0.0004006884693
43.606 0.0004023540684
43.608 0.0004040382256
43.61 0.0004057112533
43.612 0.0004073823767
43.614 0.000409017486
43.616 0.0004106199855
43.618 0.0004121831866
43.62 0.00041369897
43.622 0.0004151636842
43.624 0.0004165732703
43.626 0.000417920749
43.628 0.000419214096
43.63 0.0004204544429
43.632 0.0004216510183
43.634 0.0004228018144
43.636 0.0004239137454
43.638 0.0004249924831
43.64 0.0004260387652
43.642 0.0004270549015
43.644 0.0004280473549
43.646 0.0004290193916
43.648 0.0004299772858
43.65 0.0004309281985
43.652 0.0004318718225
43.654 0.0004328085353
43.656 0.0004337437343
43.658 0.0004346790927
43.66 0.0004356152581
43.662 0.0004365572515
43.664 0.0004375052544
43.666 0.0004384630474
43.668 0.0004394273603
43.67 0.0004404060438
43.672 0.0004413895505
43.674 0.0004423853868
43.676 0.000443390215
43.678 0.0004444005328
43.68 0.0004454165457
43.682 0.0004464287076
43.684 0.0004474473859
43.686 0.0004484667093
43.688 0.0004494830537
43.69 0.0004504979672
43.692 0.0004515108787
43.694 0.0004525199013
43.696 0.000453522526
43.698 0.0004545195609
43.7 0.0004552347512
43.702 0.0004560411243
43.704 0.0004568507105
43.706 0.0004576621828
43.708 0.0004584806464
43.71 0.0004593225655
43.712 0.0004601745256
43.714 0.0004609977952
43.716 0.0004618372509
43.718 0.0004626772719
43.72 0.0004635262917
43.722 0.0004643834783
43.724 0.0004652493853
43.726 0.0004661195359
43.728 0.0004670009737
43.73 0.0004678971681
43.732 0.0004687989307
43.734 0.0004697148127
43.736 0.0004706325867
43.738 0.0004715630006
43.74 0.0004724906251
43.742 0.0004734303761
43.744 0.0004744041404
43.746 0.0004753722523
43.748 0.0004763457077
43.75 0.0004773213114
43.752 0.0004783036575
43.754 0.0004792846768
43.756 0.0004802709707
43.758 0.000481238703
43.76 0.0004822133205
43.762 0.0004832309977
43.764 0.0004842281302
43.766 0.0004852209849
43.768 0.0004862082845
43.77 0.0004871961254
43.772 0.0004881805246
43.774 0.0004891590435
43.776 0.0004901306677
43.778 0.0004910942734
43.78 0.000492046166
43.782 0.0004929881095
43.784 0.0004938997337
43.786 0.0004948067251
43.788 0.0004957016647
43.79 0.000496584907
43.792 0.0004974575856
43.794 0.0004983206923
43.796 0.0004991691581
43.798 0.0005000036053
43.8 0.0005008229899
43.802 0.0005016319276
43.804 0.0005024466624
43.806 0.0005032432913
43.808 0.0005040337815
43.81 0.0005048182835
43.812 0.0005055963801
43.814 0.0005063696723
43.816 0.0005071388194
43.818 0.0005079049184
43.82 0.0005086643494
43.822 0.0005093916331
43.824 0.0005101249777
43.826 0.0005108555587
43.828 0.0005115830525
43.83 0.0005123083669
43.832 0.0005130331361
43.834 0.0005137362929
43.836 0.0005144438573
43.838 0.0005151519656
43.84 0.0005158613069
43.842 0.0005165708576
43.844 0.0005172860292
43.846 0.0005180021495
43.848 0.0005187214395
43.85 0.0005194429386
43.852 0.0005201654092
43.854 0.0005208898132
43.856 0.0005216155075
43.858 0.0005223432428
43.86 0.0005230715015
43.862 0.0005238014398
43.864 0.0005245316897
43.866 0.000525258888
43.868 0.0005259884833
43.87 0.0005267182619
43.872 0.0005274488646
43.874 0.0005281764981
43.876 0.0005289013975
43.878 0.0005296248949
43.88 0.000530413804
43.882 0.0005311709482
43.884 0.0005317454626
43.886 0.0005323510759
43.888 0.0005329689262
43.89 0.0005335830966
43.892 0.0005341953377
43.894 0.0005348058609
43.896 0.0005354148617
43.898 0.0005360208261
43.9 0.0005366261433
43.902 0.0005372364489
43.904 0.0005378504906
43.906 0.0005384646552
43.908 0.0005390867697
43.91 0.0005397157359
43.912 0.0005403501432
43.914 0.0005409957254
43.916 0.000541653057
43.918 0.0005423081908
43.92 0.0005429730997
43.922 0.0005436425882
43.924 0.000544341686
43.926 0.0005450397742
43.928 0.0005457376268
43.93 0.0005464358441
43.932 0.0005471225431
43.934 0.0005478029387
43.936 0.0005484816034
43.938 0.0005491565211
43.94 0.0005498099427
43.942 0.0005504638433
43.944 0.0005511141977
43.946 0.0005517622779
43.948 0.0005524086739
43.95 0.0005530532897
43.952 0.0005536948096
43.954 0.0005543281169
43.956 0.0005549614598
43.958 0.0005555877085
43.96 0.0005562140981
43.962 0.0005567213558
43.964 0.0005572856679
43.966 0.0005578646589
43.968 0.0005585301127
43.97 0.0005591717318
43.972 0.0005598263118
43.974 0.000560489385
43.976 0.0005611591086
43.978 0.000561829779
43.98 0.0005624490704
43.982 0.0005630834838
43.984 0.0005637205137
43.986 0.0005644030604
43.988 0.0005650853354
43.99 0.0005657626653
43.992 0.0005664349286
43.994 0.0005670957426
43.996 0.00056778866
43.998 0.000568451842
44 0.0005690779156
44.002 0.0005696991461
44.004 0.0005703075352
44.006 0.0005709006248
44.008 0.0005714724477
44.01 0.0005720348158
44.012 0.0005725835889
44.014 0.0005731219196
44.016 0.0005736720723
44.018 0.0005742090543
44.02 0.0005747421627
44.022 0.0005752687121
44.024 0.0005757921876
44.026 0.0005763122155
44.028 0.0005763001135
44.03 0.0005762486797
44.032 0.0005761112549
44.034 0.0005758489589
44.036 0.0005755273201
44.038 0.0005751515555
44.04 0.0005747360378
44.042 0.0005743096372
44.044 0.0005738907617
44.046 0.0005735003096
44.048 0.0005731626153
44.05 0.0005728898586
44.052 0.0005727066757
44.054 0.0005726211432
44.056 0.0005726612395
44.058 0.0005728016252
44.06 0.0005730722396
44.062 0.0005734772463
44.064 0.0005740154293
44.066 0.0005746890019
44.068 0.0005754955351
44.07 0.0005764348865
44.072 0.0005774928503
44.074 0.0005786600489
44.076 0.0005799493004
44.078 0.000581316627
44.08 0.0005827534588
44.082 0.0005842488109
44.084 0.0005857864962
44.086 0.0005873553616
44.088 0.000588940887
44.09 0.0005905258902
44.092 0.0005920936624
44.094 0.0005936262894
44.096 0.0005951152197
44.098 0.000596549035
44.1 0.0005979173803
44.102 0.0005992180525
44.104 0.0006004356685
44.106 0.0006015543454
44.108 0.0006025864848
44.11 0.0006035237465
44.112 0.0006043657837
44.114 0.0006051101998
44.116 0.0006057606222
44.118 0.000606317962
44.12 0.0006067787676
44.122 0.0006071502529
44.124 0.0006074336751
44.126 0.0006076392128
44.128 0.0006077654749
44.13 0.0006078286093
44.132 0.0006078343484
44.134 0.0006077946242
44.136 0.0006035948794
44.138 0.0006013477476
44.14 0.0005993041225
44.142 0.0005975915994
44.144 0.0005962474356
44.146 0.0005952389964
44.148 0.0005944502839
44.15 0.0005938486107
44.152 0.0005934534873
44.154 0.0005932394159
44.156 0.0005931863418
44.158 0.0005932708437
44.16 0.0005934672876
44.162 0.000593759337
44.164 0.0005941992688
44.166 0.0005947558588
44.168 0.0005953513888
44.17 0.0005959575871
44.172 0.0005965572751
44.174 0.0005971323643
44.176 0.0005976666843
44.178 0.0005981489127
44.18 0.000598569958
44.182 0.0005989230015
44.184 0.0005992145376
44.186 0.0005994305397
44.188 0.0005995760126
44.19 0.0005994813351
44.192 0.0005993983255
44.194 0.0005992779309
44.196 0.0005991186231
44.198 0.0005989365888
44.2 0.0005987413526
44.202 0.0005985403828
44.204 0.0005983424158
44.206 0.000598153737
44.208 0.0005979729348
44.21 0.0005978295217
44.212 0.0005977230972
44.214 0.0005976607445
44.216 0.0005974963094
44.218 0.0005974352943
44.22 0.0005974262466
44.222 0.0005974995539
44.224 0.0005976355292
44.226 0.0005978249246
44.228 0.0005980847941
44.23 0.0005984065252
44.232 0.0005987832665
44.234 0.0005992118374
44.236 0.000599688285
44.238 0.0006001999492
44.24 0.0006007452771
44.242 0.0006013164585
44.244 0.0006019076327
44.246 0.0006025045832
44.248 0.0006031118334
44.25 0.0006037075263
44.252 0.0006042848934
44.254 0.0006048365312
44.256 0.0006053586131
44.258 0.000605849148
44.26 0.0006064289633
44.262 0.0006069228519
44.264 0.0006073743283
44.266 0.000607778202
44.268 0.0006081447158
44.27 0.0006084637174
44.272 0.0006087308576
44.274 0.0006089484828
44.276 0.0006091151717
44.278 0.000609239883
44.28 0.0006093082289
44.282 0.0006093360958
44.284 0.0006093217073
44.286 0.0006092663454
44.288 0.0006091740273
44.29 0.0006090514328
44.292 0.00060889917
44.294 0.0006085746214
44.296 0.0006083013239
44.298 0.0006080256325
44.3 0.0006077368504
44.302 0.0006074563332
44.304 0.0006071915006
44.306 0.0006070846844
44.308 0.0006068854911
44.31 0.0006066641895
44.312 0.0006064439377
44.314 0.0006062050972
44.316 0.0006059582
44.318 0.00060570477
44.32 0.0006054491808
44.322 0.0006052270274
44.324 0.0006049979202
44.326 0.0006047830954
44.328 0.0006045874137
44.33 0.0006044203479
44.332 0.0006042661453
44.334 0.0006041279508
44.336 0.0006040035692
44.338 0.0006038923244
44.34 0.0006037932253
44.342 0.0006037042655
44.344 0.0006036240742
44.346 0.000603549877
44.348 0.0006034803278
44.35 0.0006034138488
44.352 0.000603363542
44.354 0.0006033324795
44.356 0.0006033137951
44.358 0.0006033037841
44.36 0.0006032807226
44.362 0.0006032334541
44.364 0.0006016028975
44.366 0.0006006547959
44.368 0.0006000180352
44.37 0.0005994859959
44.372 0.0005991046467
44.374 0.0005988298084
44.376 0.0005986553814
44.378 0.0005985711662
44.38 0.000598561411
44.382 0.0005986089647
44.384 0.0005986985192
44.386 0.0005988120254
44.388 0.0005989383463
44.39 0.00059904645
44.392 0.0005991422217
44.394 0.0005992119813
44.396 0.0005993251202
44.398 0.0005994124111
44.4 0.000599446557
44.402 0.0005994207998
44.404 0.0005993321226
44.406 0.0005991804881
44.408 0.0005989664356
44.41 0.00059869312
44.412 0.0005983631831
44.414 0.0005979887615
44.416 0.0005975762746
44.418 0.0005971233206
44.42 0.000596609714
44.422 0.0005960980585
44.424 0.0005955825353
44.426 0.0005950536943
44.428 0.0005945429495
44.43 0.0005940492899
44.432 0.0005935810202
44.434 0.0005931364007
44.436 0.0005927858906
44.438 0.0005925171237
44.44 0.000592270075
44.442 0.0005920528487
44.444 0.0005918711801
44.446 0.0005917213187
44.448 0.000591602225
44.45 0.0005915100717
44.452 0.0005911889469
44.454 0.0005909665939
44.456 0.0005907754308
44.458 0.0005906032228
44.46 0.0005903883969
44.462 0.0005902223336
44.464 0.0005900557201
44.466 0.000589895152
44.468 0.0005897337548
44.47 0.0005895681195
44.472 0.0005894142657
44.474 0.0005892574676
44.476 0.0005890875938
44.478 0.000588902459
44.48 0.0005886967758
44.482 0.0005884657329
44.484 0.0005882052213
44.486 0.0005878251597
44.488 0.0005874488386
44.49 0.0005870476483
44.492 0.0005866157743
44.494 0.0005861342219
44.496 0.0005856138758
44.498 0.0005850584937
44.5 0.0005843463916
44.502 0.0005837516079
44.504 0.0005827268217
44.506 0.0005835639502
44.508 0.0005845618299
44.51 0.0005856805667
44.512 0.000586703537
44.514 0.0005877235408
44.516 0.0005889169693
44.518 0.0005899848847
44.52 0.0005908805206
44.522 0.0005917195368
44.524 0.0005924628971
44.526 0.0005931239806
44.528 0.0005937077094
44.53 0.0005942143185
44.532 0.0005946518084
44.534 0.0005950213472
44.536 0.000595328925
44.538 0.0005955805884
44.54 0.0005957807599
44.542 0.000595803461
44.544 0.0005958654853
44.546 0.0005959052048
44.548 0.0005959346832
44.55 0.0005959548833
44.552 0.0005959737798
44.554 0.0005959946864
44.556 0.0005960204094
44.558 0.000596054135
44.56 0.0005960993019
44.562 0.0005961583223
44.564 0.0005962325853
44.566 0.0005963237937
44.568 0.0005964306613
44.57 0.0005965474818
44.572 0.0005966792406
44.574 0.0005968202473
44.576 0.000596970636
44.578 0.0005971086345
44.58 0.0005970596227
44.582 0.0005971310975
44.584 0.0005972150086
44.586 0.0005973439056
44.588 0.0005974831344
44.59 0.0005978767488
44.592 0.0005981384086
44.594 0.0005983715608
44.596 0.0005985993445
44.598 0.000598815758
44.6 0.0005990154937
44.602 0.0005991792597
44.604 0.0005993404632
44.606 0.0005994833042
44.608 0.0005994633363
44.61 0.0005994969396
44.612 0.0005995307109
44.614 0.0005995602645
44.616 0.0006014683582
44.618 0.0006023990203
44.62 0.0006032951505
44.622 0.0006039744866
44.624 0.0006045149409
44.626 0.0006049014069
44.628 0.0006051693828
44.63 0.0006053073791
44.632 0.0006053265314
44.634 0.0006052548632
44.636 0.0006050709605
44.638 0.0006048137969
44.64 0.000604499229
44.642 0.0006041368979
44.644 0.0006037526572
44.646 0.0006033636577
44.648 0.0006029595594
44.65 0.0006027519089
44.652 0.0006024346399
44.654 0.0006021430275
44.656 0.0006018416283
44.658 0.0006014949746
44.66 0.0006011830741
44.662 0.0006009127241
44.664 0.0006006801712
44.666 0.0006004861636
44.668 0.0006003302477
44.67 0.0006002169086
44.672 0.0006001417818
44.674 0.0006001024765
44.676 0.0006000866572
44.678 0.0006001182197
44.68 0.0006001791301
44.682 0.0006002593105
44.684 0.0006003658523
44.686 0.000600492762
44.688 0.0006006285464
44.69 0.0006006795375
44.692 0.0006006568455
44.694 0.0006006531748
44.696 0.0006006273847
44.698 0.0006006091464
44.7 0.000600585682
44.702 0.0006005773614
44.704 0.0006005677663
44.706 0.0006005596445
44.708 0.0006005597108
44.71 0.000600567581
44.712 0.0006005845793
44.714 0.0006006118132
44.716 0.0006006439007
44.718 0.0006006685296
44.72 0.0006006843283
44.722 0.0006007108603
44.724 0.0006007634684
44.726 0.0006008136168
44.728 0.0006012109956
44.73 0.0006013469862
44.732 0.0006014869425
44.734 0.0006015167454
44.736 0.0006015133323
44.738 0.0006009937644
44.74 0.0006006042521
44.742 0.0005999715797
44.744 0.0005996904727
44.746 0.0005993310722
44.748 0.0005990714172
44.75 0.0005988088112
44.752 0.000598593538
44.754 0.0005959878873
44.756 0.000596038959
44.758 0.0005956802802
44.76 0.0005955451578
44.762 0.0005953663474
44.764 0.0005946048946
44.766 0.0005946544872
44.768 0.0005946016127
44.77 0.0005947174526
44.772 0.0005948338097
44.774 0.0005950076697
44.776 0.0005951961541
44.778 0.0005954567841
44.78 0.0005958524187
44.782 0.0005963570224
44.784 0.0005969314483
44.786 0.0005975743416
44.788 0.0005982732836
44.79 0.0005990174001
44.792 0.0005997952392
44.794 0.0006005978402
44.796 0.0006014120108
44.798 0.0006022472626
44.8 0.0006032081961
44.802 0.0006040540766
44.804 0.00060531284
44.806 0.0006061966711
44.808 0.0006070556574
44.81 0.0006079484381
44.812 0.0006088486949
44.814 0.0006097322503
44.816 0.0006106003149
44.818 0.0006114452079
44.82 0.0006122432119
44.822 0.0006130179725
44.824 0.0006137601425
44.826 0.0006143812443
44.828 0.0006147830334
44.83 0.0006149717938
44.832 0.0006149849894
44.834 0.0006148175188
44.836 0.0006144652183
44.838 0.0006139526895
44.84 0.0006132960833
44.842 0.0006126107783
44.844 0.0006119801601
44.846 0.00061117208
44.848 0.0006102368613
44.85 0.0006091514437
44.852 0.0006075597053
44.854 0.0006061891866
44.856 0.000603225264
44.858 0.0006012032379
44.86 0.0005995128669
44.862 0.0005975522839
44.864 0.0005962050351
44.866 0.0005952100636
44.868 0.0005945393598
44.87 0.0005941926828
44.872 0.0005941439256
44.874 0.0005943659572
44.876 0.0005948297603
44.878 0.0005955047782
44.88 0.0005963685975
44.882 0.0005973815024
44.884 0.000598512952
44.886 0.0005997469209
44.888 0.0006010327858
44.89 0.0006023537418
44.892 0.0006036821356
44.894 0.0006044126572
44.896 0.0006054416482
44.898 0.0006064288429
44.9 0.0006074118481
44.902 0.0006083502026
44.904 0.0006092511978
44.906 0.0006101012322
44.908 0.0006109006951
44.91 0.0006116519646
44.912 0.0006123330761
44.914 0.0006129531167
44.916 0.0006135117407
44.918 0.0006140103267
44.92 0.0006140528342
44.922 0.0006142116278
44.924 0.0006143501861
44.926 0.0006144701948
44.928 0.000614583101
44.93 0.0006147017437
44.932 0.0006148214304
44.934 0.0006149461045
44.936 0.0006150884404
44.938 0.0006151891914
44.94 0.000619484236
44.942 0.0006234112429
44.944 0.0006269178857
44.946 0.0006299602637
44.948 0.0006325268974
44.95 0.0006346002038
44.952 0.0006361901222
44.954 0.0006373060714
44.956 0.0006379694361
44.958 0.0006382025313
44.96 0.0006380277283
44.962 0.0006374917648
44.964 0.0006366406368
44.966 0.0006354709432
44.968 0.0006341077982
44.97 0.0006325617527
44.972 0.000630876667
44.974 0.000629135947
44.976 0.0006273248126
44.978 0.0006255362417
44.98 0.0006237848738
44.982 0.0006221083346
44.984 0.0006205338746
44.986 0.000619089923
44.988 0.0006178065174
44.99 0.0006167292148
44.992 0.0006158449935
44.994 0.0006151565339
44.996 0.0006144799339
44.998 0.0006140327017
45 0.0006137661606
45.002 0.0006136864894
45.004 0.0006137729164
45.006 0.0006139867508
45.008 0.0006142432335
45.01 0.0006148383766
45.012 0.0006155187539
45.014 0.000616301661
45.016 0.0006171516443
45.018 0.0006179753691
45.02 0.0006186664393
45.022 0.0006193662274
45.024 0.0006200200105
45.026 0.0006206183014
45.028 0.0006211557104
45.03 0.0006216535838
45.032 0.0006220584611
45.034 0.0006223999363
45.036 0.0006226717109
45.038 0.0006228809441
45.04 0.0006230663461
45.042 0.0006232195596
45.044 0.0006233064441
45.046 0.000623336982
45.048 0.0006233210988
45.05 0.0006233050326
45.052 0.0006232367765
45.054 0.0006230336927
45.056 0.0006228709136
45.058 0.0006226711492
45.06 0.000622543395
45.062 0.0006224194356
45.064 0.0006222924474
45.066 0.0006221441047
45.068 0.0006219966809
45.07 0.0006218497608
45.072 0.0006217025266
45.074 0.000621553362
45.076 0.0006214251246
45.078 0.0006213074223
45.08 0.0006211920038
45.082 0.00062108138
45.084 0.0006209635047
45.086 0.0006208579935
45.088 0.0006207587237
45.09 0.0006206674888
45.092 0.0006205773593
45.094 0.0006204953839
45.096 0.0006204151228
45.098 0.0006203281769
45.1 0.0006197640051
45.102 0.0006206875594
45.104 0.0006210350886
45.106 0.0006214583326
45.108 0.0006218446551
45.11 0.0006222391745
45.112 0.0006226152436
45.114 0.0006229785379
45.116 0.0006233356889
45.118 0.0006236938747
45.12 0.0006240489188
45.122 0.0006243934816
45.124 0.0006236547298
45.126 0.0006231279526
45.128 0.0006225842731
45.13 0.000621981091
45.132 0.000621328464
45.134 0.0006205933391
45.136 0.0006198605202
45.138 0.0006182255963
45.14 0.0006170884893
45.142 0.0006159360093
45.144 0.0006158810823
45.146 0.0006026802837
45.148 0.0006041206968
45.15 0.0006046333244
45.152 0.0006058678819
45.154 0.0006070358903
45.156 0.0006084696027
45.158 0.0006099187326
45.16 0.000611496322
45.162 0.0006132565583
45.164 0.0006152064062
45.166 0.0006172830471
45.168 0.0006193697512
45.17 0.0006201287463
45.172 0.0006216851324
45.174 0.000623280659
45.176 0.0006249489209
45.178 0.0006266104573
45.18 0.0006282394126
45.182 0.0006297812734
45.184 0.0006312084932
45.186 0.000632506033
45.188 0.0006337179804
45.19 0.00063478695
45.192 0.0006356964526
45.194 0.0006364259969
45.196 0.000637036264
45.198 0.0006375051754
45.2 0.0006365722754
45.202 0.0006359978019
45.204 0.000635338703
45.206 0.0006346388087
45.208 0.0006337019707
45.21 0.0006328347253
45.212 0.0006318922583
45.214 0.0006307685992
45.216 0.0006295328056
45.218 0.0006281127163
45.22 0.0006267458685
45.222 0.0006258860529
45.224 0.000624966701
45.226 0.0006240461181
45.228 0.0006231307968
45.23 0.0006222574367
45.232 0.0006214040965
45.234 0.0006205712335
45.236 0.0006197046094
45.238 0.0006182910182
45.24 0.0006172767107
45.242 0.0006162725279
45.244 0.0006153352536
45.246 0.0006144610591
45.248 0.0006136448092
45.25 0.000612873898
45.252 0.0006121516023
45.254 0.0006114666324
45.256 0.000610678805
45.258 0.0006101524038
45.26 0.0006096659445
45.262 0.0006093137083
45.264 0.0006091085383
45.266 0.0006090121216
45.268 0.0006092626537
45.27 0.0006094956129
45.272 0.0006098117628
45.274 0.0006102034253
45.276 0.0006106169622
45.278 0.0006110069274
45.28 0.0006114403977
45.282 0.0006123987776
45.284 0.000615229356
45.286 0.0006195669688
45.288 0.0006231915828
45.29 0.0006267970433
45.292 0.0006304941626
45.294 0.0006340005426
45.296 0.0006373089906
45.298 0.0006403933168
45.3 0.0006440597315
45.302 0.0006471964057
45.304 0.0006497581376
45.306 0.0006520811229
45.308 0.0006553605616
45.31 0.0006577017264
45.312 0.0006596299639
45.314 0.0006611457525
45.316 0.0006622760942
45.318 0.0006628387286
45.32 0.0006631815584
45.322 0.0006632669094
45.324 0.0006631291011
45.326 0.0006628046942
45.328 0.0006623031886
45.33 0.0006613738357
45.332 0.0006601501592
45.334 0.0006587321484
45.336 0.0006571709701
45.338 0.0006555547583
45.34 0.0006538231346
45.342 0.0006508465533
45.344 0.0006485237689
45.346 0.0006463834302
45.348 0.0006445049571
45.35 0.0006428543733
45.352 0.0006414755605
45.354 0.000640366583
45.356 0.0006395545142
45.358 0.0006390237684
45.36 0.0006386178262
45.362 0.0006385370528
45.364 0.0006387045737
45.366 0.0006391010644
45.368 0.0006396954478
45.37 0.000640456141
45.372 0.0006413661874
45.374 0.0006424016385
45.376 0.0006440581292
45.378 0.0006459223711
45.38 0.0006477307839
45.382 0.0006495394234
45.384 0.0006512949665
45.386 0.0006529479217
45.388 0.0006544528157
45.39 0.0006558553692
45.392 0.0006570421498
45.394 0.0006576364456
45.396 0.0006581890146
45.398 0.0006585573082
45.4 0.0006587518411
45.402 0.0006587717958
45.404 0.0006586175046
45.406 0.0006580009351
45.408 0.0006573732266
45.41 0.0006566344
45.412 0.0006558039312
45.414 0.0006548859041
45.416 0.0006539037981
45.418 0.0006528871386
45.42 0.0006518571247
45.422 0.0006508654009
45.424 0.0006499366287
45.426 0.0006490362212
45.428 0.0006482652245
45.43 0.0006476065273
45.432 0.0006471339288
45.434 0.0006467339439
45.436 0.0006465086144
45.438 0.0006463554369
45.44 0.0006462957202
45.442 0.0006463158055
45.444 0.0006464230856
45.446 0.0006465998333
45.448 0.0006468187273
45.45 0.0006470783514
45.452 0.0006473566869
45.454 0.0006476147933
45.456 0.0006478576966
45.458 0.00064807356
45.46 0.0006482742858
45.462 0.0006484515175
45.464 0.0006486069878
45.466 0.0006487057493
45.468 0.0006487056257
45.47 0.0006487259348
45.472 0.0006487237239
45.474 0.0006487019073
45.476 0.000648672608
45.478 0.0006486094872
45.48 0.0006485446426
45.482 0.0006484651034
45.484 0.0006483859278
45.486 0.0006482995545
45.488 0.0006482033312
45.49 0.000648085359
45.492 0.0006479663313
45.494 0.0006478425266
45.496 0.0006477073365
45.498 0.0006475284146
45.5 0.0006473670028
45.502 0.0006471919099
45.504 0.0006470149989
45.506 0.0006468269361
45.508 0.000646649541
45.51 0.000645802541
45.512 0.000645283254
45.514 0.0006448000551
45.516 0.0006443828928
45.518 0.0006440192697
45.52 0.0006437037754
45.522 0.000643447504
45.524 0.000643248931
45.526 0.0006430650655
45.528 0.0006429158923
45.53 0.0006428087825
45.532 0.0006427421145
45.534 0.0006427107801
45.536 0.0006427264991
45.538 0.0006418928802
45.54 0.000641489638
45.542 0.0006409891253
45.544 0.0006376156517
45.546 0.000635698423
45.548 0.0006340188926
45.55 0.0006326687154
45.552 0.0006315913074
45.554 0.000630799918
45.556 0.0006302778898
45.558 0.0006287221981
45.56 0.0006280110788
45.562 0.0006274649533
45.564 0.0006272493876
45.566 0.0006272198747
45.568 0.0006273873873
45.57 0.0006277205756
45.572 0.0006282139305
45.574 0.0006288336945
45.576 0.0006295661582
45.578 0.0006303796289
45.58 0.0006312604325
45.582 0.0006321723062
45.584 0.0006331293785
45.586 0.0006340836515
45.588 0.0006350281917
45.59 0.0006359589475
45.592 0.000636829961
45.594 0.000637650259
45.596 0.0006383983066
45.598 0.0006391144963
45.6 0.0006397568376
45.602 0.0006399520811
45.604 0.0006402244814
45.606 0.0006404610997
45.608 0.0006406085359
45.61 0.0006405104442
45.612 0.0006405064861
45.614 0.0006405348855
45.616 0.0006405991425
45.618 0.0006406981053
45.62 0.0006408462618
45.622 0.0006410135511
45.624 0.0006411878967
45.626 0.0006414298574
45.628 0.0006416321281
45.63 0.0006418324466
45.632 0.0006420190011
45.634 0.000642190795
45.636 0.0006423791975
45.638 0.0006425717886
45.64 0.0006427636585
45.642 0.0006429815313
45.644 0.0006437221234
45.646 0.0006442701558
45.648 0.0006448059392
45.65 0.0006452793972
45.652 0.0006457221126
45.654 0.0006460968064
45.656 0.0006464324626
45.658 0.0006467204592
45.66 0.0006469779783
45.662 0.000647198032
45.664 0.0006474795348
45.666 0.0006477149243
45.668 0.0006479315744
45.67 0.0006481217052
45.672 0.0006483190721
45.674 0.0006485077108
45.676 0.0006486883558
45.678 0.0006488800779
45.68 0.0006490734752
45.682 0.0006492699311
45.684 0.0006494944998
45.686 0.0006497023767
45.688 0.000649919099
45.69 0.0006501421569
45.692 0.0006503183984
45.694 0.0006505403245
45.696 0.000650768932
45.698 0.0006510297216
45.7 0.0006513131688
45.702 0.0006515270599
45.704 0.0006518017267
45.706 0.000652102689
45.708 0.0006524222931
45.71 0.0006527674857
45.712 0.0006528894171
45.714 0.0006533752237
45.716 0.0006537893342
45.718 0.0006542586168
45.72 0.0006547203033
45.722 0.0006551877342
45.724 0.0006556659479
45.726 0.0006562631266
45.728 0.0006569643459
45.73 0.0006577445549
45.732 0.0006585758085
45.734 0.0006594514763
45.736 0.0006603954294
45.738 0.0006613485498
45.74 0.0006623071015
45.742 0.0006632597707
45.744 0.0006642231146
45.746 0.0006651388242
45.748 0.0006660267625
45.75 0.0006668766847
45.752 0.0006676515677
45.754 0.0006683966916
45.756 0.0006691056647
45.758 0.0006697728749
45.76 0.0006703876583
45.762 0.0006709797364
45.764 0.0006715095843
45.766 0.0006719945973
45.768 0.0006724675714
45.77 0.0006728410643
45.772 0.0006731464081
45.774 0.0006734715864
45.776 0.000673874381
45.778 0.0006760284378
45.78 0.0006756145622
45.782 0.0006760644013
45.784 0.0006761834622
45.786 0.0006764911346
45.788 0.0006767554721
45.79 0.0006770706864
45.792 0.0006774193615
45.794 0.0006777893311
45.796 0.0006781663003
45.798 0.000678606438
45.8 0.0006790584602
45.802 0.0006795291457
45.804 0.0006800194101
45.806 0.0006805061342
45.808 0.0006809840005
45.81 0.0006814624955
45.812 0.0006823184508
45.814 0.0006828284256
45.816 0.0006833258221
45.818 0.0006924964824
45.82 0.0006947886679
45.822 0.0006976239338
45.824 0.000699217127
45.826 0.0007006646793
45.828 0.00070159806
45.83 0.0007022788636
45.832 0.0007026523605
45.834 0.0007028315105
45.836 0.0007027846944
45.838 0.0007025990131
45.84 0.0007022768347
45.842 0.0007018118557
45.844 0.0007012502869
45.846 0.0007006275009
45.848 0.0006999807969
45.85 0.0006993090497
45.852 0.0006994311146
45.854 0.0006991667816
45.856 0.0006988911069
45.858 0.0006986224068
45.86 0.0006983453938
45.862 0.000698072256
45.864 0.0006978378198
45.866 0.0006976152387
45.868 0.0006974184672
45.87 0.0006972831766
45.872 0.0006971705965
45.874 0.0006971117248
45.876 0.0006971022641
45.878 0.0006971232956
45.88 0.0006971782417
45.882 0.0006972694407
45.884 0.0006819725085
45.886 0.0006855051973
45.888 0.0006855917652
45.89 0.0006865640943
45.892 0.0006870517686
45.894 0.0006873155195
45.896 0.0006882793967
45.898 0.0006891275925
45.9 0.0006900948774
45.902 0.0006910609804
45.904 0.000692079793
45.906 0.0006931016474
45.908 0.000694126101
45.91 0.0006951568172
45.912 0.0006961568373
45.914 0.0006971198141
45.916 0.0006980488982
45.918 0.0006989128545
45.92 0.0006997101376
45.922 0.0007004558708
45.924 0.0007011208437
45.926 0.0006104080675
45.928 0.0006085074214
45.93 0.0005977726538
45.932 0.0005956143717
45.934 0.0005910897659
45.936 0.0005877598206
45.938 0.0005832799711
45.94 0.0005785198022
45.942 0.0005730454346
45.944 0.0005672518321
45.946 0.0005611718838
45.948 0.0005550809532
45.95 0.0005491237782
45.952 0.0005434969511
45.954 0.0005383847705
45.956 0.0005339318505
45.958 0.0005302984936
45.96 0.0005275419602
45.962 0.0005257581302
45.964 0.0005250243304
45.966 0.0005253379297
45.968 0.0005266723659
45.97 0.0005289308666
45.972 0.0005321384547
45.974 0.0005362659851
45.976 0.0005412123858
45.978 0.0005470888187
45.98 0.0005558311254
45.982 0.0005716117984
45.984 0.0005868627551
45.986 0.000601406124
45.988 0.0006152951617
45.99 0.0006284172662
45.992 0.0006407602399
45.994 0.0006522622519
45.996 0.0006629029669
45.998 0.0006726740212
46 0.0006815553676
46.002 0.0006895617689
46.004 0.0006966929375
46.006 0.0007029806222
46.008 0.0007084312093
46.01 0.0007130686444
46.012 0.0007169211211
46.014 0.0007192048245
46.016 0.0007218484364
46.018 0.0007227228221
46.02 0.0007232251369
46.022 0.0007231249813
46.024 0.0007224717702
46.026 0.0007213170548
46.028 0.0007194864598
46.03 0.0007173940236
46.032 0.0007149318093
46.034 0.0007121785712
46.036 0.0007092305816
46.038 0.0007085638416
46.04 0.0007076523749
46.042 0.0007065822504
46.044 0.000705332371
46.046 0.0007040063201
46.048 0.0007025897358
46.05 0.0007011643273
46.052 0.0006997137767
46.054 0.000698311212
46.056 0.0006969397959
46.058 0.0006956594859
46.06 0.0006944371524
46.062 0.0006933289805
46.064 0.0006923120896
46.066 0.0006902403526
46.068 0.000688944269
46.07 0.0006878256621
46.072 0.0006869474529
46.074 0.0006862707189
46.076 0.0006857776696
46.078 0.0006854553724
46.08 0.0006853219534
46.082 0.0006853226647
46.084 0.0006854962778
46.086 0.0006857763088
46.088 0.0006861974901
46.09 0.0006866949097
46.092 0.0006872994724
46.094 0.000687961822
46.096 0.0006887058297
46.098 0.0006894451784
46.1 0.0006902515994
46.102 0.000691057383
46.104 0.0006918771533
46.106 0.0006927067998
46.108 0.000693596182
46.11 0.0006944723756
46.112 0.0006953431698
46.114 0.0006962257547
46.116 0.0006970669911
46.118 0.0006978500882
46.12 0.0006986055249
46.122 0.0006993169545
46.124 0.0006999772884
46.126 0.0007006083311
46.128 0.0007011721657
46.13 0.0007017040694
46.132 0.0007021827472
46.134 0.0007026526413
46.136 0.000703051246
46.138 0.0007034251476
46.14 0.0007037568542
46.142 0.0007040642847
46.144 0.0007043398603
46.146 0.0007045934886
46.148 0.0007043629126
46.15 0.0007037399308
46.152 0.0007024433043
46.154 0.0007008164658
46.156 0.0006988986105
46.158 0.000696803343
46.16 0.0006945509384
46.162 0.0006922309056
46.164 0.0006898878534
46.166 0.000687562139
46.168 0.0006852950577
46.17 0.0006831226584
46.172 0.0006810499448
46.174 0.0006791259218
46.176 0.0006922439842
46.178 0.0006948637402
46.18 0.0006978870687
46.182 0.0006992357217
46.184 0.0007001798655
46.186 0.0007003498662
46.188 0.0007000433362
46.19 0.0006991986038
46.192 0.000697985
46.194 0.0006963772177
46.196 0.0006945545983
46.198 0.0006931433867
46.2 0.0006922808054
46.202 0.0006916902481
46.204 0.0006913642174
46.206 0.0006912337323
46.208 0.0006912835625
46.21 0.0006914665889
46.212 0.0006917760728
46.214 0.000692176316
46.216 0.0006926422534
46.218 0.0006931607767
46.22 0.0006937106213
46.222 0.0006945487916
46.224 0.0006952250922
46.226 0.0006958736805
46.228 0.0006964678597
46.23 0.0006974337168
46.232 0.0006986201405
46.234 0.0006999329552
46.236 0.0007013190832
46.238 0.0007027121923
46.24 0.0007040952173
46.242 0.0007053388414
46.244 0.0007065552002
46.246 0.000707636777
46.248 0.0007085879667
46.25 0.0007093804292
46.252 0.0007099999613
46.254 0.0007104445412
46.256 0.0007107201754
46.258 0.0007106384881
46.26 0.0007105314214
46.262 0.0007102485947
46.264 0.0007098380651
46.266 0.0007092838361
46.268 0.0007086214037
46.27 0.0007078242259
46.272 0.0007069417866
46.274 0.0007059745018
46.276 0.000704932774
46.278 0.000703833761
46.28 0.0007026752577
46.282 0.0007014935997
46.284 0.0007002958063
46.286 0.0006990667373
46.288 0.0006978435091
46.29 0.0006966163151
46.292 0.0006954087796
46.294 0.0006942198065
46.296 0.0006930410339
46.298 0.0006930175165
46.3 0.0006918000671
46.302 0.0006908107843
46.304 0.0006896133574
46.306 0.0006884874517
46.308 0.0006873352579
46.31 0.000686219128
46.312 0.0006851621205
46.314 0.000684154586
46.316 0.0006831760268
46.318 0.0006825609815
46.32 0.0006817590231
46.322 0.0006809831528
46.324 0.0006801577496
46.326 0.0006793312395
46.328 0.0006784776385
46.33 0.0006776112522
46.332 0.000676713849
46.334 0.0006757931393
46.336 0.0006748430113
46.338 0.0006738768546
46.34 0.0006728764658
46.342 0.0006718687119
46.344 0.0006708160906
46.346 0.0006697614011
46.348 0.0006686905786
46.35 0.0006673579131
46.352 0.0006659139224
46.354 0.0006643554863
46.356 0.0006627138558
46.358 0.0006610342346
46.36 0.0006538016456
46.362 0.0006505837215
46.364 0.0006473921239
46.366 0.000644930703
46.368 0.000642722987
46.37 0.0006408694088
46.372 0.0006392902153
46.374 0.0006379696295
46.376 0.0006368687391
46.378 0.0006360355535
46.38 0.000635332903
46.382 0.00063480987
46.384 0.0006343405746
46.386 0.0006339095012
46.388 0.0006335690833
46.39 0.0006330265788
46.392 0.0006326608414
46.394 0.0006322773595
46.396 0.0006318912837
46.398 0.0006314729272
46.4 0.0006310130641
46.402 0.000630475576
46.404 0.0006298822217
46.406 0.0006292051609
46.408 0.0006284612405
46.41 0.0006276232397
46.412 0.0006267068547
46.414 0.000625704233
46.416 0.0006246353356
46.418 0.0006235002838
46.42 0.0006223017776
46.422 0.0006205441962
46.424 0.0006192115687
46.426 0.0006177804713
46.428 0.00061640407
46.43 0.0006156092652
46.432 0.0006139165598
46.434 0.0006124848765
46.436 0.0006110693617
46.438 0.0006096979553
46.44 0.0006083645501
46.442 0.0006070652332
46.444 0.0006051457172
46.446 0.0006037937704
46.448 0.0006024056775
46.45 0.000601137178
46.452 0.0005998760268
46.454 0.0005986718649
46.456 0.0005974788311
46.458 0.0005963120246
46.46 0.0005951460773
46.462 0.0005940135628
46.464 0.000590862038
46.466 0.0005898753195
46.468 0.0005885784699
46.47 0.0005876497237
46.472 0.0005866412605
46.474 0.0005857056138
46.476 0.0005847130497
46.478 0.0005837251246
46.48 0.000582677587
46.482 0.0005816140661
46.484 0.000580495449
46.486 0.0005794214173
46.488 0.0005783018441
46.49 0.0005771550769
46.492 0.0005759564163
46.494 0.0005747421335
46.496 0.0005734823805
46.498 0.0005722354767
46.5 0.0005709421331
46.502 0.0005696688841
46.504 0.000568379793
46.506 0.000567096294
46.508 0.000565811926
46.51 0.0005645282948
46.512 0.0005632648373
46.514 0.0005619769618
46.516 0.0005607174071
46.518 0.0005594579865
46.52 0.0005581923743
46.522 0.0005569601093
46.524 0.0005557196452
46.526 0.0005544846934
46.528 0.0005532685242
46.53 0.0005520360236
46.532 0.0005508207864
46.534 0.0005495994484
46.536 0.0005483852703
46.538 0.0005471716559
46.54 0.0005459666486
46.542 0.0005447596973
46.544 0.0005435539965
46.546 0.0005423381132
46.548 0.0005411387192
46.55 0.0005399179368
46.552 0.0005387163814
46.554 0.0005374908705
46.556 0.0005362840414
46.558 0.0005350576929
46.56 0.0005338347041
46.562 0.0005325988228
46.564 0.0005313784626
46.566 0.0005301285122
46.568 0.0005288863833
46.57 0.000527628428
46.572 0.0005263784256
46.574 0.0005251064434
46.576 0.000523724039
46.578 0.0005224343764
46.58 0.0005211275728
46.582 0.0005198313242
46.584 0.0005185320064
46.586 0.0005172218096
46.588 0.0005159340971
46.59 0.0005149326185
46.592 0.0005136621442
46.594 0.0005124264683
46.596 0.0005111174489
46.598 0.0005097675721
46.6 0.0005084179371
46.602 0.0005070742729
46.604 0.0005057229947
46.606 0.000504358861
46.608 0.0005030129319
46.61 0.0005016490824
46.612 0.0005001615787
46.614 0.0004986149307
46.616 0.0004970565709
46.618 0.0004954615297
46.62 0.0004938695181
46.622 0.0004890844241
46.624 0.0004873071256
46.626 0.0004848792932
46.628 0.0004832234783
46.63 0.0004815417825
46.632 0.0004800552844
46.634 0.0004785410606
46.636 0.0004771277262
46.638 0.0004756381012
46.64 0.0004742725838
46.642 0.0004728929281
46.644 0.0004715419958
46.646 0.0004701946305
46.648 0.00046888386
46.65 0.000467550596
46.652 0.0004662366286
46.654 0.0004652179394
46.656 0.0004639727205
46.658 0.000462879862
46.66 0.000461686522
46.662 0.0004605045181
46.664 0.0004593273129
46.666 0.0004603705896
46.668 0.0004592734977
46.67 0.0004580976138
46.672 0.0004568462257
46.674 0.0004553296255
46.676 0.00045404749
46.678 0.0004527372185
46.68 0.0004514720702
46.682 0.0004501942762
46.684 0.0004489298608
46.686 0.0004476791181
46.688 0.0004464356893
46.69 0.000445211503
46.692 0.0004439728842
46.694 0.0004427491179
46.696 0.0004413043936
46.698 0.000440110528
46.7 0.0004389311585
46.702 0.000437750212
46.704 0.0004365956839
46.706 0.0004354144143
46.708 0.0004342665309
46.71 0.0004330966953
46.712 0.0004320258329
46.714 0.0004308582752
46.716 0.0004297202365
46.718 0.0004285500169
46.72 0.0004273931132
46.722 0.0004262086299
46.724 0.0004250256372
46.726 0.0004238455899
46.728 0.0004226465614
46.73 0.0004214392199
46.732 0.0004202245703
46.734 0.0004189928353
46.736 0.0004177626849
46.738 0.0004165214099
46.74 0.0004141881048
46.742 0.0004130360092
46.744 0.000411638988
46.746 0.0004108965894
46.748 0.0004100082732
46.75 0.000409015124
46.752 0.0004080471306
46.754 0.0004070455743
46.756 0.0004060411367
46.758 0.0004049855054
46.76 0.000403933764
46.762 0.000404011534
46.764 0.0004027781621
46.766 0.0004018115118
46.768 0.0004005278696
46.77 0.0004008888176
46.772 0.0004001367938
46.774 0.0003994998543
46.776 0.0003986603459
46.778 0.0003977914682
46.78 0.0003968291732
46.782 0.0003957863856
46.784 0.0003946791619
46.786 0.0003935076843
46.788 0.0003922656389
46.79 0.0003909770663
46.792 0.0003896385344
46.794 0.0003882639737
46.796 0.0003868451301
46.798 0.0003854312495
46.8 0.0003839909888
46.802 0.0003825507279
46.804 0.0003811134933
46.806 0.0003796357461
46.808 0.000378198324
46.81 0.0003770530306
46.812 0.0003756862603
46.814 0.0003743520204
46.816 0.0003730234488
46.818 0.0003717315208
46.82 0.0003704825677
46.822 0.0003692680428
46.824 0.000368087181
46.826 0.0003669500132
46.828 0.0003658409587
46.83 0.0003647764284
46.832 0.0003643078297
46.834 0.0003657675565
46.836 0.0003645384525
46.838 0.0003652775246
46.84 0.0003660073263
46.842 0.0003667258262
46.844 0.000367433645
46.846 0.0003681299529
46.848 0.0003688133649
46.85 0.0003694871902
46.852 0.0003701504181
46.854 0.0003707926906
46.856 0.0003714354877
46.858 0.0003720609971
46.86 0.0003726753783
46.862 0.0003732969905
46.864 0.0003738889571
46.866 0.0003744776699
46.868 0.0003750542178
46.87 0.0003756252278
46.872 0.000376187413
46.874 0.0003767428297
46.876 0.0003772831111
46.878 0.0003778289478
46.88 0.0003783508657
46.882 0.000378886766
46.884 0.0003793928153
46.886 0.0003799085424
46.888 0.0003804073475
46.89 0.0003808986778
46.892 0.000381379146
46.894 0.0003818702426
46.896 0.0003823502748
46.898 0.0003828193896
46.9 0.0003832913036
46.902 0.0003837583669
46.904 0.0003842149556
46.906 0.0003846796505
46.908 0.0003851368242
46.91 0.0003856015018
46.912 0.0003860563423
46.914 0.0003865140705
46.916 0.0003869697557
46.918 0.0003874250123
46.92 0.0003878769919
46.922 0.0003883324814
46.924 0.0003887754805
46.926 0.0003892324693
46.928 0.0003896845995
46.93 0.0003901406151
46.932 0.0003905958485
46.934 0.0003911485675
46.936 0.0003918096755
46.938 0.0003924791282
46.94 0.0003931524204
46.942 0.0003938329625
46.944 0.0003945165075
46.946 0.0003952056145
46.948 0.000395897708
46.95 0.0003966091781
46.952 0.0003973179116
46.954 0.0003980340273
46.956 0.0003987487724
46.958 0.0003994722699
46.96 0.0004001967607
46.962 0.0004009263937
46.964 0.0004016566125
46.966 0.0004023940627
46.968 0.0004031436941
46.97 0.0004038974733
46.972 0.0004046463124
46.974 0.0004054023229
46.976 0.0004061566194
46.978 0.0004069181994
46.98 0.0004076787151
46.982 0.0004084419444
46.984 0.0004092040636
46.986 0.0004099744435
46.988 0.0004107436387
46.99 0.0004115093217
46.992 0.0004121391467
46.994 0.0004128024081
46.996 0.0004134672089
46.998 0.000414136443
47 0.0004148062622
47.002 0.0004154744443
47.004 0.0004161477321
47.006 0.0004168174716
47.008 0.0004174907651
47.01 0.0004181658881
47.012 0.0004188436434
47.014 0.0004195184815
47.016 0.0004202000589
47.018 0.0004208757537
47.02 0.0004215752991
47.022 0.0004222700584
47.024 0.0004229647589
47.026 0.0004236621529
47.028 0.0004243607546
47.03 0.0004250546848
47.032 0.0004258010314
47.034 0.0004265150637
47.036 0.0004272222408
47.038 0.0004539431772
47.04 0.000476394267
47.042 0.0004932131098
47.044 0.0005043262781
47.046 0.0005104083171
47.048 0.0005117456402
47.05 0.0005089339319
47.052 0.0005024854978
47.054 0.0004929901294
47.056 0.0004809927435
47.058 0.0004682223331
47.06 0.0004536676766
47.062 0.0004379713581
47.064 0.0004370823214
47.066 0.0004378039573
47.068 0.0004385306726
47.07 0.0004392520865
47.072 0.0004399743379
47.074 0.0004406944247
47.076 0.0004414089613
47.078 0.0004421169293
47.08 0.0004428181343
47.082 0.0004435169487
47.084 0.0004442095721
47.086 0.0004449009533
47.088 0.0004455859028
47.09 0.0004462662914
47.092 0.0004469490928
47.094 0.000447621323
47.096 0.0004482886853
47.098 0.0004489479633
47.1 0.0004496088527
47.102 0.0004502557087
47.104 0.0004509154635
47.106 0.0004515630352
47.108 0.0004522067442
47.11 0.0004528392301
47.112 0.00045346769
47.114 0.0004540990286
47.116 0.0004547217975
47.118 0.0004553379398
47.12 0.0004559442885
47.122 0.0004565441067
47.124 0.0004571310377
47.126 0.0004577118607
47.128 0.0004582781084
47.13 0.0004588364249
47.132 0.0004593795237
47.134 0.000459913872
47.136 0.0004604328522
47.138 0.0004609422422
47.14 0.0004614353711
47.142 0.0004619193208
47.144 0.0004623860833
47.146 0.0004628434257
47.148 0.0004632829099
47.15 0.0004637096673
47.152 0.0004641242943
47.154 0.000464452294
47.156 0.0004647906099
47.158 0.0004651090612
47.16 0.0004654151992
47.162 0.0004657079287
47.164 0.0004659804901
47.166 0.0004662668619
47.168 0.0004665360618
47.17 0.0004667900114
47.172 0.0004670327498
47.174 0.000467263358
47.176 0.000467483696
47.178 0.0004676884585
47.18 0.0004678809764
47.182 0.0004680546312
47.184 0.0004682140538
47.186 0.000468360038
47.188 0.0004684861474
47.19 0.0004685957099
47.192 0.0004686869316
47.194 0.000468763239
47.196 0.0004688147409
47.198 0.000468850268
47.2 0.0004688688683
47.202 0.0004688731439
47.204 0.0004688554891
47.206 0.0004688274156
47.208 0.0004687853416
47.21 0.0004687256299
47.212 0.000468653922
47.214 0.0004685687475
47.216 0.0004684706503
47.218 0.0004695091157
47.22 0.000471601173
47.222 0.0004736831675
47.224 0.000475764236
47.226 0.0004778825574
47.228 0.0004800419649
47.23 0.0004822773709
47.232 0.0004845976309
47.234 0.0004869288198
47.236 0.0004891373286
47.238 0.0004911852056
47.24 0.0004931613053
47.242 0.0004950690351
47.244 0.0004969508693
47.246 0.0004988305353
47.248 0.0005007510287
47.25 0.0005027266597
47.252 0.0005047997831
47.254 0.0005070156301
47.256 0.0005094740321
47.258 0.0005121001668
47.26 0.0005149292393
47.262 0.0005179866
47.264 0.0005212607762
47.266 0.000524761529
47.268 0.0005284813469
47.27 0.0005324172476
47.272 0.0005364688
47.274 0.0005407375852
47.276 0.0005451733383
47.278 0.000549760117
47.28 0.0005544752475
47.282 0.0005592917937
47.284 0.0005641980027
47.286 0.0005691576498
47.288 0.000574144247
47.29 0.0005791288363
47.292 0.000584117286
47.294 0.0005890406342
47.296 0.0005938962948
47.298 0.0006000303897
47.3 0.0006054172295
47.302 0.0006105317679
47.304 0.0006156053096
47.306 0.0006202761791
47.308 0.0006246673927
47.31 0.0006287441255
47.312 0.0006325222311
47.314 0.0006359926733
47.316 0.0006392376262
47.318 0.0006422510074
47.32 0.0006450358639
47.322 0.0006476337688
47.324 0.0006500517603
47.326 0.0006523150223
47.328 0.0006544356134
47.33 0.0006564507084
47.332 0.0006583671301
47.334 0.0006601872526
47.336 0.0006619431639
47.338 0.0006628518332
47.34 0.0006641111642
47.342 0.0006654328053
47.344 0.0006668437642
47.346 0.0006683416467
47.348 0.0006699303546
47.35 0.0006716313361
47.352 0.0006734253945
47.354 0.0006753124215
47.356 0.0006773005342
47.358 0.0006793729152
47.36 0.0006822588195
47.362 0.0006846808402
47.364 0.0006870735358
47.366 0.0006890831116
47.368 0.0006911609004
47.37 0.0006932033516
47.372 0.0006951962461
47.374 0.0006961864295
47.376 0.0006983084419
47.378 0.0007003129975
47.38 0.0007023418856
47.382 0.0007043645357
47.384 0.0007064029293
47.386 0.0007084850327
47.388 0.0007105862672
47.39 0.000712742374
47.392 0.0007149693645
47.394 0.0007172608943
47.396 0.0007188548447
47.398 0.0007211142909
47.4 0.0007235548908
47.402 0.0007262398386
47.404 0.0007291299256
47.406 0.0007321895401
47.408 0.0007354286688
47.41 0.0007388382994
47.412 0.0007424046146
47.414 0.0007460876149
47.416 0.0007498873027
47.418 0.0007537478602
47.42 0.0007576653842
47.422 0.0007616156195
47.424 0.0007655792017
47.426 0.0007695341045
47.428 0.0007734716875
47.43 0.0007773704407
47.432 0.0007812132035
47.434 0.0007849909815
47.436 0.000788686797
47.438 0.000792342578
47.44 0.000795888789
47.442 0.0007993155885
47.444 0.0008027486755
47.446 0.0008060506266
47.448 0.0008092391938
47.45 0.0008123103494
47.452 0.0008152829371
47.454 0.0008181462848
47.456 0.0008208945116
47.458 0.0008235771939
47.46 0.0008261600751
47.462 0.0008286556273
47.464 0.0008310848694
47.466 0.0008334493969
47.468 0.0008357242596
47.47 0.0008379586083
47.472 0.0008401451805
47.474 0.0008426848357
47.476 0.0008450898623
47.478 0.0008474809558
47.48 0.0008498718807
47.482 0.0008522578522
47.484 0.000854642535
47.486 0.0008570410173
47.488 0.0008594480888
47.49 0.0008618615342
47.492 0.0008642944527
47.494 0.0008667326155
47.496 0.000869176809
47.498 0.0008716525309
47.5 0.000874189552
47.502 0.0008767649225
47.504 0.0008793850317
47.506 0.0008820504542
47.508 0.0008847308663
47.51 0.0008874429969
47.512 0.0008901650405
47.514 0.0008928903662
47.516 0.0008956243933
47.518 0.0008983295688
47.52 0.0009010294747
47.522 0.0009037225819
47.524 0.0009064043962
47.526 0.0009090634626
47.528 0.0009116526243
47.53 0.0009142148125
47.532 0.000916718758
47.534 0.0009191682645
47.536 0.0009215585304
47.538 0.0009239116684
47.54 0.0009262195789
47.542 0.0009284892601
47.544 0.0009306912985
47.546 0.0009328727078
47.548 0.0009350199673
47.55 0.0009371484058
47.552 0.0009392489222
47.554 0.0009413397806
47.556 0.0009435159268
47.558 0.0009456334681
47.56 0.0009477482239
47.562 0.0009498121904
47.564 0.0009518869112
47.566 0.0009539552899
47.568 0.000956011182
47.57 0.000958073336
47.572 0.000960280501
47.574 0.00096245237
47.576 0.0009646208346
47.578 0.0009667946343
47.58 0.0009689792306
47.582 0.0009711577609
47.584 0.000973346828
47.586 0.0009755293839
47.588 0.0009777173872
47.59 0.0009799021645
47.592 0.0009820830662
47.594 0.0009842639017
47.596 0.0009864234181
47.598 0.0009885748652
47.6 0.0009908534816
47.602 0.0009930098876
47.604 0.0009951308356
47.606 0.0009972377826
47.608 0.0009993107677
47.61 0.001001361226
47.612 0.001003380757
47.614 0.001005380015
47.616 0.001007339461
47.618 0.001009279207
47.62 0.001011176324
47.622 0.001013053289
47.624 0.001014890554
47.626 0.001016707938
47.628 0.00101848775
47.63 0.001020248087
47.632 0.001021971496
47.634 0.001023657119
47.636 0.001025309156
47.638 0.001026965112
47.64 0.001028583978
47.642 0.001030175959
47.644 0.001031743172
47.646 0.001033302364
47.648 0.001034833114
47.65 0.001036357081
47.652 0.001037857923
47.654 0.001039365362
47.656 0.001040862911
47.658 0.001042351909
47.66 0.001043814331
47.662 0.001045253645
47.664 0.001046686428
47.666 0.001048112003
47.668 0.001049528917
47.67 0.001050983258
47.672 0.001052471766
47.674 0.001053975662
47.676 0.001055505805
47.678 0.001057084351
47.68 0.001058660599
47.682 0.001060260094
47.684 0.001061889401
47.686 0.001063515936
47.688 0.001065156701
47.69 0.00106681211
47.692 0.00106846635
47.694 0.001070130909
47.696 0.00107178807
47.698 0.001073448701
47.7 0.001075104717
47.702 0.001076740592
47.704 0.001078316815
47.706 0.001079867354
47.708 0.001081384316
47.71 0.001082868742
47.712 0.001084312715
47.714 0.001085724987
47.716 0.001087103269
47.718 0.001088435016
47.72 0.001089732109
47.722 0.001090947773
47.724 0.001092194784
47.726 0.001093445084
47.728 0.001094696675
47.73 0.001095949099
47.732 0.001097199196
47.734 0.001098446533
47.736 0.001099690923
47.738 0.001100927913
47.74 0.001102154084
47.742 0.00110338076
47.744 0.001104590971
47.746 0.001105786004
47.748 0.001106964392
47.75 0.001108126985
47.752 0.001109271565
47.754 0.001110396517
47.756 0.001111503675
47.758 0.001112591713
47.76 0.001113660285
47.762 0.001114709767
47.764 0.001115736195
47.766 0.001116739092
47.768 0.0011176056
47.77 0.001118484635
47.772 0.001119376109
47.774 0.001120262332
47.776 0.001121140842
47.778 0.00112200955
47.78 0.001122873249
47.782 0.001123713322
47.784 0.001124506699
47.786 0.001125285083
47.788 0.001126042384
47.79 0.001126777219
47.792 0.001127495442
47.794 0.001128192033
47.796 0.001128880799
47.798 0.001129565146
47.8 0.001130250678
47.802 0.001130939933
47.804 0.001131639956
47.806 0.001132351665
47.808 0.001133081259
47.81 0.001133831616
47.812 0.001134600919
47.814 0.001135389608
47.816 0.001136196948
47.818 0.001137020585
47.82 0.001137856043
47.822 0.00113868134
47.824 0.001139478974
47.826 0.001140255992
47.828 0.001141014154
47.83 0.001141752217
47.832 0.001142473982
47.834 0.001143180964
47.836 0.001143865076
47.838 0.001145257853
47.84 0.001146354258
47.842 0.001147386459
47.844 0.001148361956
47.846 0.00114926527
47.848 0.00115009382
47.85 0.001150845384
47.852 0.001151541142
47.854 0.001152248491
47.856 0.0011528858
47.858 0.001153457591
47.86 0.001153960794
47.862 0.001154397276
47.864 0.001154833002
47.866 0.001155198844
47.868 0.001155508352
47.87 0.001155762123
47.872 0.001155952803
47.874 0.001156082008
47.876 0.001156148683
47.878 0.001156158204
47.88 0.001156108779
47.882 0.001156008768
47.884 0.001155859466
47.886 0.001155666274
47.888 0.001155641439
47.89 0.001155484532
47.892 0.001155284126
47.894 0.00115503927
47.896 0.001154774203
47.898 0.001154353385
47.9 0.001153925481
47.902 0.00115346486
47.904 0.001152953234
47.906 0.001152482154
47.908 0.001152007389
47.91 0.001151566705
47.912 0.001151153608
47.914 0.001150772812
47.916 0.001150432284
47.918 0.001150134219
47.92 0.001149872911
47.922 0.001149660438
47.924 0.001149493901
47.926 0.001149331959
47.928 0.001149234705
47.93 0.001149168563
47.932 0.001149138432
47.934 0.001149139467
47.936 0.001149162615
47.938 0.001149213216
47.94 0.001149285446
47.942 0.001149306906
47.944 0.001149374861
47.946 0.001149459841
47.948 0.001149525866
47.95 0.001149582262
47.952 0.001149627857
47.954 0.001149660992
47.956 0.001149676323
47.958 0.001149676509
47.96 0.001149658485
47.962 0.001149727529
47.964 0.001149675299
47.966 0.001149628955
47.968 0.001149553325
47.97 0.00114948587
47.972 0.00114942643
47.974 0.001149366776
47.976 0.001149302936
47.978 0.001149234308
47.98 0.001149116791
47.982 0.001149017319
47.984 0.001148895318
47.986 0.001148762233
47.988 0.001148612763
47.99 0.001148440164
47.992 0.001148245245
47.994 0.001148025682
47.996 0.001147779981
47.998 0.001147572205
48 0.001147323036
48.002 0.001147063789
48.004 0.00114677456
48.006 0.001146459165
48.008 0.001146119848
48.01 0.001145754199
48.012 0.001145364869
48.014 0.001144953244
48.016 0.001144520573
48.018 0.0011440678
48.02 0.001143594702
48.022 0.001143106382
48.024 0.001142599857
48.026 0.001142077679
48.028 0.001141556747
48.03 0.001141017694
48.032 0.001140465432
48.034 0.001139891134
48.036 0.001139171436
48.038 0.001138446902
48.04 0.001137736516
48.042 0.001137048401
48.044 0.001136378623
48.046 0.001135723523
48.048 0.001135078749
48.05 0.001134448836
48.052 0.001133821697
48.054 0.001133188617
48.056 0.001132557368
48.058 0.001131921846
48.06 0.001131279014
48.062 0.001130623921
48.064 0.001129953752
48.066 0.00112926578
48.068 0.001128555786
48.07 0.001127831758
48.072 0.001127084896
48.074 0.001126309844
48.076 0.001125509393
48.078 0.001124675122
48.08 0.001123815637
48.082 0.001122931498
48.084 0.001122047053
48.086 0.00112087101
48.088 0.001119818993
48.09 0.001118764161
48.092 0.001117726357
48.094 0.001116697738
48.096 0.001115683608
48.098 0.001114654539
48.1 0.001113663016
48.102 0.001112671773
48.104 0.001111693256
48.106 0.001110721447
48.108 0.001109757483
48.11 0.001108791219
48.112 0.001107821698
48.114 0.001116249384
48.116 0.001115311206
48.118 0.001113940913
48.12 0.001112561474
48.122 0.001111060178
48.124 0.001109482135
48.126 0.001107830826
48.128 0.001106124165
48.13 0.001103833763
48.132 0.001101761651
48.134 0.001099673358
48.136 0.001097599703
48.138 0.001095550199
48.14 0.001093518844
48.142 0.001091533134
48.144 0.001089568561
48.146 0.001087629457
48.148 0.001085725375
48.15 0.001083851276
48.152 0.00108201281
48.154 0.001080215964
48.156 0.001078458413
48.158 0.001076743381
48.16 0.001075066775
48.162 0.001073429591
48.164 0.001071836759
48.166 0.001070276436
48.168 0.001068750215
48.17 0.001067258597
48.172 0.001065819318
48.174 0.001064393233
48.176 0.001062993775
48.178 0.001061610087
48.18 0.00106025052
48.182 0.001058911155
48.184 0.001057630065
48.186 0.001056343771
48.188 0.001054993607
48.19 0.001053373865
48.192 0.001051697942
48.194 0.001050092542
48.196 0.001048507737
48.198 0.001046931588
48.2 0.001045362173
48.202 0.001043802551
48.204 0.001042247196
48.206 0.001040692788
48.208 0.001039146088
48.21 0.001037623338
48.212 0.001036066792
48.214 0.001034506787
48.216 0.001032936832
48.218 0.001031359292
48.22 0.001029778663
48.222 0.001028189653
48.224 0.001026598438
48.226 0.001025004797
48.228 0.001023412721
48.23 0.001021821889
48.232 0.001020231781
48.234 0.001018656963
48.236 0.001017083115
48.238 0.00101551377
48.24 0.001013926429
48.242 0.001012349374
48.244 0.001010757264
48.246 0.001009176584
48.248 0.001007387186
48.25 0.001005826485
48.252 0.001004130615
48.254 0.00100244365
48.256 0.001000731762
48.258 0.0009989180232
48.26 0.0009971302705
48.262 0.0009953353818
48.264 0.0009935421665
48.266 0.0009917473129
48.268 0.0009897582997
48.27 0.0009878431619
48.272 0.0009858348187
48.274 0.000983860115
48.276 0.0009818916519
48.278 0.0009799248624
48.28 0.0009780619854
48.282 0.0009761727238
48.284 0.0009742816525
48.286 0.0009723490487
48.288 0.0009704401545
48.29 0.0009685304586
48.292 0.0009666008258
48.294 0.0009646782414
48.296 0.0009627439541
48.298 0.0009607761919
48.3 0.0009587900741
48.302 0.0009567700738
48.304 0.0009547269621
48.306 0.0009526613638
48.308 0.0009505714174
48.31 0.0009488485239
48.312 0.0009476109623
48.314 0.0009463615401
48.316 0.0009450985493
48.318 0.0009438273596
48.32 0.0009425548751
48.322 0.0009412106861
48.324 0.0009398517939
48.326 0.000938485808
48.328 0.0009371021552
48.33 0.0009356996268
48.332 0.0009342641581
48.334 0.0009328293896
48.336 0.0009313837416
48.338 0.0009299193936
48.34 0.0009284405097
48.342 0.0009269478946
48.344 0.0009253495045
48.346 0.0009237517971
48.348 0.0009221624182
48.35 0.0009205640742
48.352 0.00091896139
48.354 0.0009173440933
48.356 0.0009157319995
48.358 0.0009141245084
48.36 0.0009125120532
48.362 0.000910891048
48.364 0.0009092543728
48.366 0.0009075685266
48.368 0.0009058617572
48.37 0.0009041820144
48.372 0.0009025535174
48.374 0.0009009246536
48.376 0.0008992903124
48.378 0.0008976759261
48.38 0.0008960772229
48.382 0.000894494028
48.384 0.0008928479768
48.386 0.0008912478785
48.388 0.0008896662026
48.39 0.0008881015971
48.392 0.0008879333048
48.394 0.0008862101
48.396 0.0008845694585
48.398 0.0008829055425
48.4 0.0008812421217
48.402 0.0008795679735
48.404 0.0008778899293
48.406 0.0008762045086
48.408 0.0008745151235
48.41 0.0008727827533
48.412 0.0008710651716
48.414 0.0008693344271
48.416 0.0008676115282
48.418 0.0008658998757
48.42 0.0008641896689
48.422 0.0008624903669
48.424 0.0008608883404
48.426 0.0008591481231
48.428 0.0008575172019
48.43 0.0008559176976
48.432 0.0008543125497
48.434 0.0008527403863
48.436 0.000851192166
48.438 0.0008496702103
48.44 0.0008481719727
48.442 0.0008466976378
48.444 0.0008452464987
48.446 0.000843824024
48.448 0.0008424343508
48.45 0.0008410681362
48.452 0.0008397243775
48.454 0.0008383979839
48.456 0.0008370863575
48.458 0.0008357833844
48.46 0.0008344934556
48.462 0.000833218668
48.464 0.0008319567946
48.466 0.0008306024585
48.468 0.0008293345602
48.47 0.0008280556918
48.472 0.0008267917381
48.474 0.000825532999
48.476 0.0008242744743
48.478 0.0008230121873
48.48 0.000821589681
48.482 0.0008201894731
48.484 0.0008187547543
48.486 0.0008172735787
48.488 0.0008157524716
48.49 0.0008142364842
48.492 0.0008147269513
48.494 0.0008183320371
48.496 0.00081956998
48.498 0.0008208447134
48.5 0.0008216030014
48.502 0.0008221330527
48.504 0.0008223371852
48.506 0.0008222893736
48.508 0.0008219915484
48.51 0.0008214835447
48.512 0.0008207572327
48.514 0.0008198583758
48.516 0.0008185689869
48.518 0.0008173012144
48.52 0.0008159463813
48.522 0.0008145677323
48.524 0.0008131301676
48.526 0.0008116919405
48.528 0.0008102600842
48.53 0.0008088706721
48.532 0.0008075414035
48.534 0.0008062801488
48.536 0.0008051029784
48.538 0.0008040284615
48.54 0.0008030538766
48.542 0.0008021788605
48.544 0.0008013391801
48.546 0.0008006285788
48.548 0.0007901244758
48.55 0.0007809786856
48.552 0.0007732396126
48.554 0.0007670574783
48.556 0.0007622669727
48.558 0.0007589911406
48.56 0.0007571988479
48.562 0.0007565618591
48.564 0.0007570929441
48.566 0.000758587223
48.568 0.0007609635257
48.57 0.0007640628887
48.572 0.0007677466162
48.574 0.0007718800237
48.576 0.0007763076723
48.578 0.00078094316
48.58 0.0007856552167
48.582 0.0007903342504
48.584 0.0007948801912
48.586 0.0007992042588
48.588 0.000803228262
48.59 0.000806897407
48.592 0.0008101691655
48.594 0.0008130079817
48.596 0.0008152105086
48.598 0.0008168861929
48.6 0.0008181739166
48.602 0.0008190058508
48.604 0.0008194348065
48.606 0.000819488553
48.608 0.0008191596825
48.61 0.0008185350627
48.612 0.0008176404146
48.614 0.0008164319436
48.616 0.0008151405268
48.618 0.000813757187
48.62 0.0008123177615
48.622 0.0008108852356
48.624 0.0008094480946
48.626 0.0008080483099
48.628 0.0008066613423
48.63 0.0008052719692
48.632 0.0008038802239
48.634 0.0008025843597
48.636 0.0008013668929
48.638 0.0008002301179
48.64 0.0007991902819
48.642 0.0007982586775
48.644 0.000797430589
48.646 0.0007967143864
48.648 0.0007961040531
48.65 0.0007955951174
48.652 0.000795190671
48.654 0.0007948659721
48.656 0.0007946212771
48.658 0.0007944264503
48.66 0.0007942935611
48.662 0.0007942073507
48.664 0.00079415427
48.666 0.0007941044504
48.668 0.0007940861355
48.67 0.000794056735
48.672 0.0007936832162
48.674 0.0007936349439
48.676 0.0007935543713
48.678 0.0007933842833
48.68 0.0007931952374
48.682 0.0007929198279
48.684 0.0007926315146
48.686 0.0007923743099
48.688 0.0007920347035
48.69 0.0007916871289
48.692 0.0007913583237
48.694 0.0007910431362
48.696 0.0007907707126
48.698 0.0007905255567
48.7 0.0007902908503
48.702 0.0007900920686
48.704 0.0007898716849
48.706 0.0007896566067
48.708 0.0007894328407
48.71 0.000789233358
48.712 0.0007890339653
48.714 0.0007888096173
48.716 0.0007885809066
48.718 0.0007883461069
48.72 0.0007880962551
48.722 0.0007878135749
48.724 0.0007886341211
48.726 0.0007886970755
48.728 0.0007887058732
48.73 0.0007873588327
48.732 0.000786307292
48.734 0.000785363948
48.736 0.0007845314816
48.738 0.0007837259547
48.74 0.0007826088129
48.742 0.0007818336178
48.744 0.0007810823521
48.746 0.0007804580109
48.748 0.0007799180731
48.75 0.0007794669408
48.752 0.0007790911208
48.754 0.0007787763819
48.756 0.0007785767258
48.758 0.0007782506076
48.76 0.0007779034372
48.762 0.0007775775328
48.764 0.000777338178
48.766 0.0007778844678
48.768 0.0007775457159
48.77 0.0007774330109
48.772 0.0007772192115
48.774 0.0007770979607
48.776 0.0007770272278
48.778 0.0007770188085
48.78 0.0007770599097
48.782 0.0007771439388
48.784 0.0007772640235
48.786 0.0007774182717
48.788 0.0007777037749
48.79 0.0007778136043
48.792 0.0007778402764
48.794 0.0007777409261
48.796 0.0007775736381
48.798 0.0007773775504
48.8 0.0007770577105
48.802 0.00077913187
48.804 0.0007800517034
48.806 0.0007784187673
48.808 0.0007778553649
48.81 0.0007773210999
48.812 0.0007739001182
48.814 0.0007715179706
48.816 0.0007691044637
48.818 0.0007675404587
48.82 0.000768805997
48.822 0.0007698269035
48.824 0.0007707247726
48.826 0.0007715478576
48.828 0.0007721567162
48.83 0.0007727020232
48.832 0.0007728220168
48.834 0.0007722180232
48.836 0.0007716717997
48.838 0.0007710671767
48.84 0.0007688479905
48.842 0.0007677083611
48.844 0.0007665992199
48.846 0.0007656563787
48.848 0.0007651376276
48.85 0.0007655167403
48.852 0.0007687624766
48.854 0.0007724883839
48.856 0.0007761876219
48.858 0.000779916535
48.86 0.000783440755
48.862 0.0007867839126
48.864 0.0007898119809
48.866 0.0007923313423
48.868 0.0007942525985
48.87 0.0007961255157
48.872 0.0007974269485
48.874 0.0007982253969
48.876 0.0007988842642
48.878 0.0007987861894
48.88 0.0007983633073
48.882 0.0007975851764
48.884 0.0007965810984
48.886 0.0007978423491
48.888 0.0007978378553
48.89 0.000797226877
48.892 0.0007960539507
48.894 0.0007945042037
48.896 0.0007925729035
48.898 0.0007926949058
48.9 0.0007936995125
48.902 0.0007943152274
48.904 0.0007948757241
48.906 0.0007952924449
48.908 0.0007955566144
48.91 0.0007954212994
48.912 0.0007950705565
48.914 0.0007944155099
48.916 0.0007935292284
48.918 0.0007924429439
48.92 0.0007911639161
48.922 0.000789711777
48.924 0.0007880838301
48.926 0.000786354099
48.928 0.0007845414283
48.93 0.0007827359627
48.932 0.0007807468332
48.934 0.0007786055516
48.936 0.0007765078711
48.938 0.0007744288716
48.94 0.0007727488691
48.942 0.0007710185144
48.944 0.0007693620915
48.946 0.0007678020939
48.948 0.0007659150463
48.95 0.0007642897626
48.952 0.0007628113214
48.954 0.0007614868822
48.956 0.000760313222
48.958 0.0007593712293
48.96 0.000758642523
48.962 0.0007581297143
48.964 0.0007578415003
48.966 0.000757745682
48.968 0.0007577910898
48.97 0.0007580275424
48.972 0.0007584093571
48.974 0.0007589284971
48.976 0.0007593962725
48.978 0.0007600017728
48.98 0.0007606852095
48.982 0.0007614362895
48.984 0.0007622415541
48.986 0.0007630864865
48.988 0.0007639629888
48.99 0.0007648611668
48.992 0.0007660375684
48.994 0.0007670904621
48.996 0.0007681010281
48.998 0.0007690678482
49 0.0007699740058
49.002 0.0007707982617
49.004 0.0007714418862
49.006 0.0007720416655
49.008 0.0007725405712
49.01 0.0007731198983
49.012 0.0007737410471
49.014 0.0007743793679
49.016 0.0007749978788
49.018 0.0007750424907
49.02 0.000775244861
49.022 0.0007754333498
49.024 0.0007755929461
49.026 0.0007757200212
49.028 0.0007755772542
49.03 0.0007755077518
49.032 0.0007754121667
49.034 0.0007754122703
49.036 0.0007753538843
49.038 0.0007752839729
49.04 0.0007752002897
49.042 0.0007754385887
49.044 0.0007755414327
49.046 0.0007756142071
49.048 0.0007756594412
49.05 0.0007756843414
49.052 0.0007755797601
49.054 0.0007753401794
49.056 0.0007747441269
49.058 0.0007742358967
49.06 0.0007737781964
49.062 0.0007733494207
49.064 0.0007729565043
49.066 0.0007725825515
49.068 0.0007722320721
49.07 0.0007720964974
49.072 0.0007718844155
49.074 0.0007716786498
49.076 0.0007714443235
49.078 0.0007711861123
49.08 0.0007709340399
49.082 0.0007706860307
49.084 0.0007704211144
49.086 0.0007701526416
49.088 0.0007695336295
49.09 0.0007690911768
49.092 0.0007686516786
49.094 0.000768267365
49.096 0.0007679414786
49.098 0.0007676657035
49.1 0.0007676892862
49.102 0.0007681842989
49.104 0.0007686967309
49.106 0.0007692730057
49.108 0.0007696600284
49.11 0.0007700725577
49.112 0.0007704718622
49.114 0.0007709142932
49.116 0.0007713031489
49.118 0.0007716921979
49.12 0.0007720581513
49.122 0.0007724140318
49.124 0.0007727660368
49.126 0.0007731093175
49.128 0.0007734256595
49.13 0.0007735274128
49.132 0.0007736927672
49.134 0.0007738461574
49.136 0.0007740047743
49.138 0.0007731857418
49.14 0.0007732900629
49.142 0.000773673685
49.144 0.0007739789588
49.146 0.0007742104542
49.148 0.0007743673903
49.15 0.0007744509118
49.152 0.0007744634092
49.154 0.0007744148707
49.156 0.0007743095284
49.158 0.0007741589043
49.16 0.0007844812119
49.162 0.0007844438279
49.164 0.0007839414344
49.166 0.000783442174
49.168 0.0007828350515
49.17 0.0007821671898
49.172 0.000781415221
49.174 0.000784201827
49.176 0.0007853638631
49.178 0.0007867638473
49.18 0.0007878505023
49.182 0.0007888814768
49.184 0.0007896743782
49.186 0.0007903799754
49.188 0.0007916644698
49.19 0.0007922102615
49.192 0.0007927674408
49.194 0.0007931221193
49.196 0.0007934196677
49.198 0.0007936148211
49.2 0.0007937536898
49.202 0.0007938227845
49.204 0.0007937924661
49.206 0.0007937056261
49.208 0.0007935813911
49.21 0.0007934362638
49.212 0.0007932864948
49.214 0.0007931476237
49.216 0.0007929916594
49.218 0.0007928875286
49.22 0.0007928285677
49.222 0.0007928362817
49.224 0.0007928976034
49.226 0.0007930213655
49.228 0.0007493436088
49.23 0.0007934816487
49.232 0.000744788952
49.234 0.0007491614367
49.236 0.0007431991061
49.238 0.0007417444089
49.24 0.0007378290604
49.242 0.0007343387459
49.244 0.0007298925996
49.246 0.0007252880735
49.248 0.0007202841988
49.25 0.0007151926581
49.252 0.0007100748132
49.254 0.0007051105164
49.256 0.0007004018294
49.258 0.0006960887395
49.26 0.0006922705258
49.262 0.0006888917394
49.264 0.0006862590892
49.266 0.0006843432747
49.268 0.0006832017804
49.27 0.0006828549304
49.272 0.0006833064735
49.274 0.0006909566861
49.276 0.0007002083899
49.278 0.000709623187
49.28 0.0007191198248
49.282 0.0007286228681
49.284 0.000738065035
49.286 0.0007473835116
49.288 0.0007565215127
49.29 0.0007654329022
49.292 0.0007740742878
49.294 0.0007824125656
49.296 0.0007904072604
49.298 0.0007980395027
49.3 0.0008052848698
49.302 0.0008121263276
49.304 0.0008185519168
49.306 0.0008245484518
49.308 0.0008301108049
49.31 0.0008352323932
49.312 0.000837762508
49.314 0.0008428704786
49.316 0.0008446895564
49.318 0.0008469611288
49.32 0.0008487108328
49.322 0.0008504842245
49.324 0.0008520457576
49.326 0.0008533923488
49.328 0.0008545078487
49.33 0.0008491475047
49.332 0.0008521418839
49.334 0.0008528439741
49.336 0.0008536890652
49.338 0.0008539824703
49.34 0.0008563889083
49.342 0.0008574083968
49.344 0.0008578829136
49.346 0.0008578875141
49.348 0.0008574572257
49.35 0.0008566400668
49.352 0.0008554819445
49.354 0.0008540367086
49.356 0.0008523575191
49.358 0.0008504992878
49.36 0.0008485156086
49.362 0.0008464668571
49.364 0.0008444105933
49.366 0.0008423139697
49.368 0.0008402725274
49.37 0.0008383089976
49.372 0.0008364629691
49.374 0.0008384006992
49.376 0.000836382669
49.378 0.0008347554676
49.38 0.0008333052454
49.382 0.0008320950931
49.384 0.0008310467348
49.386 0.0008300803832
49.388 0.0008293752856
49.39 0.0008315589822
49.392 0.0008354232884
49.394 0.0008388968064
49.396 0.0008420218323
49.398 0.0008447430187
49.4 0.0008470849166
49.402 0.0008490968516
49.404 0.0008507692209
49.406 0.0008521193652
49.408 0.000853171081
49.41 0.000853972665
49.412 0.0008545616615
49.414 0.0008549198495
49.416 0.0008551104074
49.418 0.0008551850404
49.42 0.0008551566457
49.422 0.0008550714397
49.424 0.0008549508298
49.426 0.0008548229236
49.428 0.0008547096104
49.43 0.0008546339092
49.432 0.0008546280345
49.434 0.0008547309258
49.436 0.0008550720912
49.438 0.0008555732417
49.44 0.0008562199123
49.442 0.0008569970291
49.444 0.0008578857952
49.446 0.0008689852111
49.448 0.0008733689741
49.45 0.0008779586858
49.452 0.0008814057902
49.454 0.0008844957024
49.456 0.0008869711169
49.458 0.0008890286687
49.46 0.0008906406389
49.462 0.0008918724019
49.464 0.0008927339348
49.466 0.0008933015587
49.468 0.0008935881591
49.47 0.00089363276
49.472 0.0008934652205
49.474 0.0008931258666
49.476 0.0008930674338
49.478 0.0008923019284
49.48 0.0008913273814
49.482 0.0008901480465
49.484 0.0008888426697
49.486 0.0008874464683
49.488 0.0008860251599
49.49 0.0008846079164
49.492 0.0008854040329
49.494 0.0008849172389
49.496 0.0008845427482
49.498 0.000884048948
49.5 0.0008835952212
49.502 0.0008831387923
49.504 0.0008827351987
49.506 0.0008823497188
49.508 0.0008820681225
49.51 0.0008818495317
49.512 0.0008817142539
49.514 0.0008816536924
49.516 0.0008816707493
49.518 0.0008808997624
49.52 0.0008793137639
49.522 0.0008773129517
49.524 0.0008750371292
49.526 0.0008725512618
49.528 0.0008699591696
49.53 0.00086733183
49.532 0.0008647391634
49.534 0.0008621665037
49.536 0.0008597922673
49.538 0.000857567651
49.54 0.0008555514732
49.542 0.0008537609653
49.544 0.0008522122975
49.546 0.000850916244
49.548 0.000849873621
49.55 0.0008490834922
49.552 0.0008485509582
49.554 0.0008482530591
49.556 0.0008481111542
49.558 0.0008486882017
49.56 0.0008501527275
49.562 0.0008521612298
49.564 0.0008546354731
49.566 0.0008574576068
49.568 0.0008605515461
49.57 0.0008638363657
49.572 0.000867238464
49.574 0.0008707105557
49.576 0.0008741752071
49.578 0.0008775688588
49.58 0.0008808563905
49.582 0.000884002045
49.584 0.0008869576293
49.586 0.0008897026076
49.588 0.0008922217872
49.59 0.0008944964857
49.592 0.0008965174893
49.594 0.0008985270259
49.596 0.000900080945
49.598 0.0009021115432
49.6 0.0009033977512
49.602 0.0009044819083
49.604 0.0009052853168
49.606 0.0009058788798
49.608 0.0009062859511
49.61 0.0009065286315
49.612 0.0009066084813
49.614 0.0009065630044
49.616 0.000906407898
49.618 0.0009065021737
49.62 0.0009063751604
49.622 0.0009061706402
49.624 0.0009058958868
49.626 0.0008989602642
49.628 0.0008964734338
49.63 0.0008941092108
49.632 0.0008925228549
49.634 0.0008912432974
49.636 0.0008903969199
49.638 0.0008898494686
49.64 0.0008940485571
49.642 0.0008915643161
49.644 0.0008916134187
49.646 0.0008915365745
49.648 0.0008919179089
49.65 0.0008924945022
49.652 0.0008943102449
49.654 0.0008950702186
49.656 0.0008961009778
49.658 0.0008969454932
49.66 0.0008978147249
49.662 0.0008985789141
49.664 0.0008992863395
49.666 0.0008998788685
49.668 0.0009003625645
49.67 0.0009007018191
49.672 0.0009009003135
49.674 0.000900952126
49.676 0.0009008479617
49.678 0.0009005920708
49.68 0.0009001927443
49.682 0.0008996681858
49.684 0.000899014247
49.686 0.0008982397821
49.688 0.0008973637492
49.69 0.0008964133022
49.692 0.0008954029909
49.694 0.0008944173303
49.696 0.0008934447927
49.698 0.0008924393688
49.7 0.000891411293
49.702 0.0008903658335
49.704 0.0008891972686
49.706 0.0008881113512
49.708 0.0008870644019
49.71 0.0008861484409
49.712 0.0008853241448
49.714 0.0008846015083
49.716 0.0008839719965
49.718 0.0008795842121
49.72 0.0008789923427
49.722 0.0008777264439
49.724 0.0008771332477
49.726 0.0008763910653
49.728 0.0008757981948
49.73 0.0008751782102
49.732 0.0008745661098
49.734 0.0008739053676
49.736 0.0008733014663
49.738 0.0008731254775
49.74 0.0008728811432
49.742 0.0008726828708
49.744 0.0008724807709
49.746 0.0008722406133
49.748 0.0008719854705
49.75 0.0008717098524
49.752 0.0008714088308
49.754 0.0008710915971
49.756 0.0008707376073
49.758 0.000870368177
49.76 0.0008699532419
49.762 0.0008695059176
49.764 0.0008691721221
49.766 0.0008689705851
49.768 0.0008686469089
49.77 0.0008682130164
49.772 0.0008677090251
49.774 0.0008671828974
49.776 0.0008666391544
49.778 0.0008660852339
49.78 0.0008655169461
49.782 0.0008649562599
49.784 0.0008643738292
49.786 0.0008637976053
49.788 0.000862602078
49.79 0.0008619219999
49.792 0.00086120637
49.794 0.0008605699535
49.796 0.00085993439
49.798 0.0008599748139
49.8 0.0008606716284
49.802 0.0008617781079
49.804 0.0008631771074
49.806 0.00086479594
49.808 0.0008665497171
49.81 0.0008683911566
49.812 0.0008715102263
49.814 0.0008734676294
49.816 0.0008755283869
49.818 0.0008772459547
49.82 0.0008788198834
49.822 0.0008799550933
49.824 0.0008809301606
49.826 0.0008815594814
49.828 0.0008818470167
49.83 0.0008818283291
49.832 0.0008814558603
49.834 0.0008807663398
49.836 0.0008797529475
49.838 0.0008784320896
49.84 0.0008768346213
49.842 0.0008749669573
49.844 0.0008728678885
49.846 0.0008705680589
49.848 0.0008680479363
49.85 0.0008653581174
49.852 0.0008625504681
49.854 0.0008596367298
49.856 0.0008566795148
49.858 0.0008536693869
49.86 0.0008506457149
49.862 0.0008477388516
49.864 0.0008447160495
49.866 0.0008418145252
49.868 0.0008389039272
49.87 0.0008360707798
49.872 0.0008332895745
49.874 0.0008305967026
49.876 0.0008279579893
49.878 0.0008257337048
49.88 0.0008231749855
49.882 0.0008207149677
49.884 0.0008182484688
49.886 0.0008158749034
49.888 0.0008135655514
49.89 0.000811311993
49.892 0.0008091288278
49.894 0.0008069123108
49.896 0.0008039147669
49.898 0.0008012657622
49.9 0.0007984453415
49.902 0.0007956828343
49.904 0.0007929046609
49.906 0.0007901791136
49.908 0.0007874958652
49.91 0.0007848727098
49.912 0.0007823109107
49.914 0.0007797424323
49.916 0.0007772633612
49.918 0.0007748385414
49.92 0.0007725143521
49.922 0.000770244349
49.924 0.0007680624183
49.926 0.0007659174889
49.928 0.0007638823181
49.93 0.0007618932626
49.932 0.0007599584713
49.934 0.0007580821359
49.936 0.0007562345437
49.938 0.0007544411835
49.94 0.0007526724324
49.942 0.0007509300145
49.944 0.0007523477967
49.946 0.0007511740131
49.948 0.0007501892183
49.95 0.0007487815812
49.952 0.0007473182008
49.954 0.000745685777
49.956 0.0007439559718
49.958 0.0007405018847
49.96 0.0007386835707
49.962 0.0007365624351
49.964 0.0007346391804
49.966 0.000732625494
49.968 0.0007306224276
49.97 0.0007285494268
49.972 0.0007259399555
49.974 0.00072379708
49.976 0.0007216217837
49.978 0.000719537568
49.98 0.0007174538965
49.982 0.0007154225117
49.984 0.0007133878942
49.986 0.0007113785838
49.988 0.0007093762699
49.99 0.000707395334
49.992 0.0007054134958
49.994 0.0007034491249
49.996 0.0007014798004
49.998 0.0006995404603
50 0.0006975713649
